date,equity,buy_hold
2026-05-16 13:00:00,100000.0,100000.0
2026-05-16 14:00:00,100000.0,100151.96960607877
2026-05-16 15:00:00,100000.0,100191.96160767847
2026-05-16 16:00:00,100000.0,100755.84883023394
2026-05-16 17:00:00,100000.0,102135.5728854229
2026-05-16 18:00:00,100000.0,101733.65326934612
2026-05-16 19:00:00,100000.0,102705.45890821837
2026-05-16 20:00:00,99804.39121756487,102573.48530293941
2026-05-16 21:00:00,99522.2100003358,102277.54449110178
2026-05-16 22:00:00,99465.01110495153,102217.55648870225
2026-05-16 23:00:00,99493.61055264366,102247.55048990202
2026-05-17 00:00:00,99194.26966679932,101933.61327734451
2026-05-17 01:00:00,97104.60335542729,99742.05158968206
2026-05-17 02:00:00,96876.33781698742,99702.05958808238
2026-05-17 03:00:00,96876.33781698742,100861.82763447311
2026-05-17 04:00:00,96686.83919211588,102899.42011597681
2026-05-17 05:00:00,96526.65283024427,102725.45490901818
2026-05-17 06:00:00,96751.28198137457,102969.40611877626
2026-05-17 07:00:00,97922.29952333246,104241.15176964605
2026-05-17 08:00:00,97010.89436095957,103251.34973005399
2026-05-17 09:00:00,97607.45046724002,103899.2201559688
2026-05-17 10:00:00,98130.35767151053,104467.10657868428
2026-05-17 11:00:00,96384.87869387517,102571.48570285943
2026-05-17 12:00:00,96539.54138809601,102739.45210957807
2026-05-17 13:00:00,96738.39342352282,102955.40891821634
2026-05-17 14:00:00,96821.248438284,103045.39092181563
2026-05-17 15:00:00,96834.13699613574,103059.38812237552
2026-05-17 16:00:00,96563.47728124923,102765.44691061786
2026-05-17 17:00:00,97209.7463963864,103467.30653869227
2026-05-17 18:00:00,98209.5302411712,104553.08938212358
2026-05-17 19:00:00,99054.65139173517,105470.90581883623
2026-05-17 20:00:00,100816.70137232274,107384.52309538091
2026-05-17 21:00:00,103521.45729863747,110321.93561287742
2026-05-17 22:00:00,101711.53553174342,108356.32873425314
2026-05-17 23:00:00,100617.84933689595,107168.56628674264
2026-05-18 00:00:00,99848.21831089216,106332.73345330934
2026-05-18 01:00:00,99192.74308300378,105620.87582483504
2026-05-18 02:00:00,99023.35060838093,105436.9126174765
2026-05-18 03:00:00,99568.35248325442,106028.79424115177
2026-05-18 04:00:00,102367.01075963181,109068.18636272746
2026-05-18 05:00:00,99966.05655410804,106460.7078584283
2026-05-18 06:00:00,99507.59213909622,105962.80743851227
2026-05-18 07:00:00,100117.03680322842,106624.67506498701
2026-05-18 08:00:00,100315.88883865521,106840.63187362527
2026-05-18 09:00:00,98686.40688168551,105070.98580283945
2026-05-18 10:00:00,97655.32225354647,103951.2097580484
2026-05-18 11:00:00,98610.91675712532,104989.00219956007
2026-05-18 12:00:00,98526.22051981391,104897.02059588082
2026-05-18 13:00:00,98081.30013788171,104623.07538492301
2026-05-18 14:00:00,98081.30013788171,104867.02659468108
2026-05-18 15:00:00,97889.44450088545,106704.65906818636
2026-05-18 16:00:00,96958.2635331357,105668.86622675465
2026-05-18 17:00:00,97254.87523135715,105998.800239952
2026-05-18 18:00:00,98419.7502643723,107294.54109178165
2026-05-18 19:00:00,101894.60125020293,111159.76804639072
2026-05-18 20:00:00,101067.68378849464,110239.95200959807
2026-05-18 21:00:00,102534.56345969891,111871.62567486503
2026-05-18 22:00:00,102642.42225905217,111991.60167966406
2026-05-18 23:00:00,103255.41976870982,112673.4653069386
2026-05-19 00:00:00,103303.95622841879,112727.45450909818
2026-05-19 01:00:00,103978.07372437662,113477.30453909218
2026-05-19 02:00:00,103345.3021015042,112773.44531093781
2026-05-19 03:00:00,104727.69237988173,114311.13777244551
2026-05-19 04:00:00,104341.1983488659,113881.22375524894
2026-05-19 05:00:00,103931.33491132355,113425.3149370126
2026-05-19 06:00:00,103927.73961801176,113421.31573685263
2026-05-19 07:00:00,104139.8619234065,113657.26854629072
2026-05-19 08:00:00,103066.66686984162,112463.50729854027
2026-05-19 09:00:00,103201.49036903318,112613.47730453908
2026-05-19 10:00:00,102322.44115430416,111635.67286542691
2026-05-19 11:00:00,101626.75189847569,110861.8276344731
2026-05-19 12:00:00,102090.54473569468,111377.72445510898
2026-05-19 13:00:00,103525.06676709295,112973.4053189362
2026-05-19 14:00:00,101655.5142449699,110893.82123575284
2026-05-19 15:00:00,103593.37734001668,113049.39012197561
2026-05-19 16:00:00,104535.34418770176,114097.18056388722
2026-05-19 17:00:00,106000.42621225012,115726.85462907417
2026-05-19 18:00:00,104824.76529929966,114419.11617676466
2026-05-19 19:00:00,104724.09708656995,114307.13857228553
2026-05-19 20:00:00,105099.80523765046,114725.05498900221
2026-05-19 21:00:00,104840.94411920264,114437.11257748448
2026-05-19 22:00:00,104438.27126828382,113989.20215956807
2026-05-19 23:00:00,105142.94875739176,114773.04539092182
2026-05-20 00:00:00,105480.90632869862,115148.9702059588
2026-05-20 01:00:00,106442.64728959846,116218.75624875024
2026-05-20 02:00:00,106253.89439073026,116008.79824035191
2026-05-20 03:00:00,107688.41642212853,117604.47910417915
2026-05-20 04:00:00,106284.45438388037,116042.79144171166
2026-05-20 05:00:00,107226.42123156544,117090.5818836233
2026-05-20 06:00:00,107228.21887822133,117092.58148370327
2026-05-20 07:00:00,107345.06591085403,117222.55548890222
2026-05-20 08:00:00,106153.22617800056,115896.82063587283
2026-05-20 09:00:00,107585.95056274296,117490.50189962007
2026-05-20 10:00:00,106944.1907065911,116776.64467106579
2026-05-20 11:00:00,106883.07072029091,116708.6582683463
2026-05-20 12:00:00,107627.29643582835,117536.49270145969
2026-05-20 13:00:00,108470.39271743964,118474.3051389722
2026-05-20 14:00:00,112860.24585111704,123357.32853429313
2026-05-20 15:00:00,115858.72047313751,126692.66146770646
2026-05-20 16:00:00,115635.81228780745,126444.71105778845
2026-05-20 17:00:00,119585.24199079242,130837.83243351331
2026-05-20 18:00:00,118966.85154116708,130149.9700059988
2026-05-20 19:00:00,123838.47397862238,135568.88622275545
2026-05-20 20:00:00,124374.17268207687,136164.76704659068
2026-05-20 21:00:00,122801.23185817526,134415.11697660468
2026-05-20 22:00:00,122359.01078082691,133923.21535692862
2026-05-20 23:00:00,123040.31886340829,134681.06378724254
2026-05-21 00:00:00,123317.15644841499,134989.00219956008
2026-05-21 01:00:00,123638.93519981885,135346.93061387722
2026-05-21 02:00:00,122878.53066437841,134501.099780044
2026-05-21 03:00:00,123031.33063012885,134671.06578684264
2026-05-21 04:00:00,122896.50713093729,134521.09578084384
2026-05-21 05:00:00,122475.8578134596,134053.18936212757
2026-05-21 06:00:00,122074.98260919667,133607.27854429113
2026-05-21 07:00:00,121445.80627963602,132907.41851629672
2026-05-21 08:00:00,121857.4673638343,133365.32693461308
2026-05-21 09:00:00,121429.62745973305,132889.4221155769
2026-05-21 10:00:00,120532.60177844515,131891.62167566485
2026-05-21 11:00:00,119630.1831571896,130887.82243551289
2026-05-21 12:00:00,120822.02289004305,132213.5572885423
2026-05-21 13:00:00,122024.64850283183,133551.28974205157
2026-05-21 14:00:00,119213.12913302369,130423.9152169566
2026-05-21 15:00:00,119872.86545573441,131157.76844631074
2026-05-21 16:00:00,120415.75474581248,131761.64767046593
2026-05-21 17:00:00,124442.4832550006,136240.75184963006
2026-05-21 18:00:00,122659.21777236012,134257.14857028594
2026-05-21 19:00:00,121902.40853023148,133415.31693661268
2026-05-21 20:00:00,122621.4671925865,134215.1569686063
2026-05-21 21:00:00,123054.7000366554,134697.0605878824
2026-05-21 22:00:00,122154.07906205574,133695.26094781043
2026-05-21 23:00:00,121406.25805320652,132863.42731453708
2026-05-22 00:00:00,120570.35235821878,131933.61327734453
2026-05-22 01:00:00,119991.510135023,131289.74205158968
2026-05-22 02:00:00,121008.97814225535,132421.51569686062
2026-05-22 03:00:00,119980.72425508767,131277.7444511098
2026-05-22 04:00:00,119595.77979548923,131111.77764447112
2026-05-22 05:00:00,119595.77979548923,131005.79884023193
2026-05-22 06:00:00,119595.77979548923,130395.92081583681
2026-05-22 07:00:00,119595.77979548923,131109.7780443911
2026-05-22 08:00:00,119595.77979548923,130229.95400919815
2026-05-22 09:00:00,119595.77979548923,127810.4379124175
2026-05-22 10:00:00,119595.77979548923,127860.4279144171
2026-05-22 11:00:00,119595.77979548923,128976.20475904818
2026-05-22 12:00:00,119595.77979548923,128162.36752649471
2026-05-22 13:00:00,119595.77979548923,127674.46510697859
2026-05-22 14:00:00,119595.77979548923,126472.70545890821
2026-05-22 15:00:00,119595.77979548923,125858.82823435313
2026-05-22 16:00:00,119595.77979548923,125542.89142171566
2026-05-22 17:00:00,119595.77979548923,124613.0773845231
2026-05-22 18:00:00,119595.77979548923,122319.53609278143
2026-05-22 19:00:00,119595.77979548923,121419.71605678865
2026-05-22 20:00:00,119595.77979548923,119424.11517696461
2026-05-22 21:00:00,119595.77979548923,120055.98880223953
2026-05-22 22:00:00,119595.77979548923,118432.31353729253
2026-05-22 23:00:00,119595.77979548923,116550.68986202759
2026-05-23 00:00:00,119595.77979548923,117352.52949410118
2026-05-23 01:00:00,119595.77979548923,118822.23555288943
2026-05-23 02:00:00,119595.77979548923,120751.84963007396
2026-05-23 03:00:00,119595.77979548923,120557.88842231552
2026-05-23 04:00:00,119595.77979548923,119378.12437512496
2026-05-23 05:00:00,119595.77979548923,119264.14717056588
2026-05-23 06:00:00,119595.77979548923,118182.36352729452
2026-05-23 07:00:00,119595.77979548923,114933.01339732052
2026-05-23 08:00:00,119595.77979548923,119080.18396320734
2026-05-23 09:00:00,119595.77979548923,118550.2899420116
2026-05-23 10:00:00,119595.77979548923,118040.39192161568
2026-05-23 11:00:00,119595.77979548923,117108.57828434311
2026-05-23 12:00:00,119595.77979548923,116964.60707858429
2026-05-23 13:00:00,119595.77979548923,116568.68626274746
2026-05-23 14:00:00,119595.77979548923,119696.06078784243
2026-05-23 15:00:00,119595.77979548923,121609.67806438712
2026-05-23 16:00:00,119595.77979548923,120431.91361727654
2026-05-23 17:00:00,119595.77979548923,120655.86882623474
2026-05-23 18:00:00,119595.77979548923,122307.53849230154
2026-05-23 19:00:00,119361.83994678747,123019.39612077584
2026-05-23 20:00:00,128541.17083274756,132673.4653069386
2026-05-23 21:00:00,124175.85523329346,128082.38352329533
2026-05-23 22:00:00,123354.50665360525,127218.55628874226
2026-05-23 23:00:00,122320.2158495534,126130.77384523094
2026-05-24 00:00:00,123630.1907833617,127508.49830033992
2026-05-24 01:00:00,123516.11459173835,127388.5222955409
2026-05-24 02:00:00,123786.09491191363,127672.46550689862
2026-05-24 03:00:00,123293.66601807278,127154.56908618275
2026-05-24 04:00:00,123727.15554624156,127610.47790441911
2026-05-24 05:00:00,123843.13300772532,127732.45350929814
2026-05-24 06:00:00,122936.22728431957,126778.64427114576
2026-05-24 07:00:00,121938.06060761513,125728.85422915417
2026-05-24 08:00:00,123692.93268875456,127574.4851029794
2026-05-24 09:00:00,125643.6355655141,129626.07478504298
2026-05-24 10:00:00,124021.85237460193,127920.41591681664
2026-05-24 11:00:00,125592.3012792836,129572.08558288342
2026-05-24 12:00:00,126561.9489080822,130591.88162367526
2026-05-24 13:00:00,126850.94192686139,130895.82083583283
2026-05-24 14:00:00,125027.62413074792,128978.20435912817
2026-05-24 15:00:00,127995.5063828158,132099.5800839832
2026-05-24 16:00:00,130807.48450633175,135056.98860227954
2026-05-24 17:00:00,129607.78322442604,133795.24095180962
2026-05-24 18:00:00,130438.6381534162,134669.06618676265
2026-05-24 19:00:00,129788.40386116302,133985.2029594081
2026-05-24 20:00:00,130807.48450633175,135056.98860227954
2026-05-24 21:00:00,126902.27621309189,130949.8100379924
2026-05-24 22:00:00,128024.02543072164,132129.57408518295
2026-05-24 23:00:00,128421.39083154305,132547.49050189962
2026-05-25 00:00:00,127544.90542590352,131625.674865027
2026-05-25 01:00:00,126381.32827134519,130401.91961607676
2026-05-25 02:00:00,125890.80064736471,129886.0227954409
2026-05-25 03:00:00,125810.94731322836,129802.03959208158
2026-05-25 04:00:00,128605.81400800082,132741.45170965808
2026-05-25 05:00:00,128027.82797044242,132133.57328534292
2026-05-25 06:00:00,127485.96606023145,131563.6872625475
2026-05-25 07:00:00,128375.76035489369,132499.50009997998
2026-05-25 08:00:00,128746.50797766964,132889.4221155769
2026-05-25 09:00:00,127662.78415724766,131749.650069986
2026-05-25 10:00:00,128651.44448465016,132789.4421115777
2026-05-25 11:00:00,129297.87623718256,133469.30613877223
2026-05-25 12:00:00,129651.512431215,133841.23175364928
2026-05-25 13:00:00,130558.41815462074,134795.04099180165
2026-05-25 14:00:00,130807.48450633175,135056.98860227954
2026-05-25 15:00:00,129946.20925957535,134151.16976604678
2026-05-25 16:00:00,129372.02576173775,133547.29054189162
2026-05-25 17:00:00,128537.3682930268,132669.46610677862
2026-05-25 18:00:00,128035.433049884,132141.57168566287
2026-05-25 19:00:00,127584.8320929717,131667.66646670667
2026-05-25 20:00:00,125507.18523017368,129742.05158968206
2026-05-25 21:00:00,125507.18523017368,130091.98160367928
2026-05-25 22:00:00,125507.18523017368,129374.12517496501
2026-05-25 23:00:00,125507.18523017368,130487.9024195161
2026-05-26 00:00:00,125507.18523017368,127236.5526894621
2026-05-26 01:00:00,125507.18523017368,126304.73905218956
2026-05-26 02:00:00,125507.18523017368,125742.85142971406
2026-05-26 03:00:00,125507.18523017368,123737.25254949009
2026-05-26 04:00:00,125507.18523017368,124473.10537892421
2026-05-26 05:00:00,125507.18523017368,124495.10097980403
2026-05-26 06:00:00,125507.18523017368,124067.18656268746
2026-05-26 07:00:00,125507.18523017368,123029.39412117575
2026-05-26 08:00:00,125507.18523017368,122371.52569486103
2026-05-26 09:00:00,125507.18523017368,121007.79844031193
2026-05-26 10:00:00,125507.18523017368,124269.14617076586
2026-05-26 11:00:00,125507.18523017368,123797.24055188961
2026-05-26 12:00:00,125507.18523017368,123193.36132773447
2026-05-26 13:00:00,125507.18523017368,124775.0449910018
2026-05-26 14:00:00,125507.18523017368,122061.58768246349
2026-05-26 15:00:00,125507.18523017368,121827.63447310537
2026-05-26 16:00:00,125507.18523017368,122123.575284943
2026-05-26 17:00:00,125507.18523017368,119294.14117176564
2026-05-26 18:00:00,125507.18523017368,117414.51709658069
2026-05-26 19:00:00,125507.18523017368,116790.64187162569
2026-05-26 20:00:00,125507.18523017368,117948.41031793642
2026-05-26 21:00:00,125507.18523017368,115226.95460907817
2026-05-26 22:00:00,125507.18523017368,114283.14337132573
2026-05-26 23:00:00,125507.18523017368,113731.25374925014
2026-05-27 00:00:00,125507.18523017368,116200.7598480304
2026-05-27 01:00:00,125507.18523017368,114367.12657468507
2026-05-27 02:00:00,125507.18523017368,112979.40411917615
2026-05-27 03:00:00,125507.18523017368,113415.31693661268
2026-05-27 04:00:00,125507.18523017368,114337.13257348527
2026-05-27 05:00:00,125507.18523017368,114655.06898620275
2026-05-27 06:00:00,125507.18523017368,115200.95980803839
2026-05-27 07:00:00,125507.18523017368,114995.00099980005
2026-05-27 08:00:00,125507.18523017368,114625.07498500301
2026-05-27 09:00:00,125507.18523017368,113107.37852429513
2026-05-27 10:00:00,125507.18523017368,114205.15896820635
2026-05-27 11:00:00,125507.18523017368,114629.07418516297
2026-05-27 12:00:00,125507.18523017368,114259.14817036591
2026-05-27 13:00:00,125507.18523017368,115298.94021195761
2026-05-27 14:00:00,125507.18523017368,113817.23655268947
2026-05-27 15:00:00,125507.18523017368,113979.20415916816
2026-05-27 16:00:00,125507.18523017368,111497.70045990801
2026-05-27 17:00:00,125507.18523017368,110241.95160967807
2026-05-27 18:00:00,125507.18523017368,110705.85882823434
2026-05-27 19:00:00,125507.18523017368,110923.8152369526
2026-05-27 20:00:00,125507.18523017368,110863.82723455309
2026-05-27 21:00:00,125507.18523017368,109422.11557688462
2026-05-27 22:00:00,125507.18523017368,108942.21155768847
2026-05-27 23:00:00,125507.18523017368,108434.3131373725
2026-05-28 00:00:00,125507.18523017368,107184.56308738251
2026-05-28 01:00:00,125507.18523017368,106876.62467506497
2026-05-28 02:00:00,125507.18523017368,109020.19596080783
2026-05-28 03:00:00,125507.18523017368,107396.52069586083
2026-05-28 04:00:00,125507.18523017368,107594.48110377925
2026-05-28 05:00:00,125507.18523017368,105566.88662267548
2026-05-28 06:00:00,125507.18523017368,105042.99140171967
2026-05-28 07:00:00,125507.18523017368,105076.98460307937
2026-05-28 08:00:00,125507.18523017368,104879.02419516095
2026-05-28 09:00:00,125507.18523017368,106592.68146370727
2026-05-28 10:00:00,125507.18523017368,105378.92421515695
2026-05-28 11:00:00,125507.18523017368,105250.949810038
2026-05-28 12:00:00,125507.18523017368,105612.87742451509
2026-05-28 13:00:00,125507.18523017368,106472.70545890821
2026-05-28 14:00:00,125507.18523017368,105596.88062387521
2026-05-28 15:00:00,125507.18523017368,107446.51069786042
2026-05-28 16:00:00,125507.18523017368,108998.20035992801
2026-05-28 17:00:00,125507.18523017368,109066.18676264747
2026-05-28 18:00:00,125507.18523017368,111443.71125774845
2026-05-28 19:00:00,125261.68215327634,110753.84923015397
2026-05-28 20:00:00,125175.24989359015,110675.8648270346
2026-05-28 21:00:00,125470.00606123792,110941.81163767246
2026-05-28 22:00:00,123889.84705723157,109516.09678064387
2026-05-28 23:00:00,123854.38766864235,109484.10317936412
2026-05-29 00:00:00,126137.08580907229,111543.69126174766
2026-05-29 01:00:00,124887.14236130289,110415.91681663667
2026-05-29 02:00:00,122322.98532394615,108102.37952409519
2026-05-29 03:00:00,120390.4486458346,106358.72825434912
2026-05-29 04:00:00,120995.16419398772,107118.57628474306
2026-05-29 05:00:00,120995.16419398772,107294.54109178165
2026-05-29 06:00:00,120995.16419398772,108532.29354129173
2026-05-29 07:00:00,120995.16419398772,108220.35592881424
2026-05-29 08:00:00,120995.16419398772,107186.5626874625
2026-05-29 09:00:00,120995.16419398772,108486.3027394521
2026-05-29 10:00:00,120995.16419398772,107790.44191161766
2026-05-29 11:00:00,120995.16419398772,107622.47550489903
2026-05-29 12:00:00,120995.16419398772,106292.74145170966
2026-05-29 13:00:00,120995.16419398772,107656.46870625873
2026-05-29 14:00:00,120995.16419398772,105952.80943811238
2026-05-29 15:00:00,120995.16419398772,107332.53349330134
2026-05-29 16:00:00,120995.16419398772,111077.78444311138
2026-05-29 17:00:00,120758.48702650247,109416.11677664467
2026-05-29 18:00:00,116679.97441422209,105856.82863427314
2026-05-29 19:00:00,116679.97441422209,106578.68426314736
2026-05-29 20:00:00,116679.97441422209,107234.55308938213
2026-05-29 21:00:00,116679.97441422209,105712.85742851428
2026-05-29 22:00:00,116679.97441422209,106696.66066786642
2026-05-29 23:00:00,116679.97441422209,105956.80863827234
2026-05-30 00:00:00,116679.97441422209,106302.73945210957
2026-05-30 01:00:00,116679.97441422209,107546.49070185963
2026-05-30 02:00:00,116679.97441422209,107728.45430913818
2026-05-30 03:00:00,116679.97441422209,104855.02899420116
2026-05-30 04:00:00,116679.97441422209,101681.66366726655
2026-05-30 05:00:00,116679.97441422209,102813.43731253747
2026-05-30 06:00:00,116679.97441422209,104285.1429714057
2026-05-30 07:00:00,116679.97441422209,103697.26054789042
2026-05-30 08:00:00,116679.97441422209,103613.27734453107
2026-05-30 09:00:00,116679.97441422209,103713.25734853027
2026-05-30 10:00:00,116679.97441422209,103793.24135172967
2026-05-30 11:00:00,116679.97441422209,104741.05178964206
2026-05-30 12:00:00,116679.97441422209,104709.05818836231
2026-05-30 13:00:00,116679.97441422209,104369.12617476506
2026-05-30 14:00:00,116679.97441422209,105808.83823235352
2026-05-30 15:00:00,116679.97441422209,106838.63227354528
2026-05-30 16:00:00,116679.97441422209,106552.68946210756
2026-05-30 17:00:00,116451.7381369248,108240.35192961406
2026-05-30 18:00:00,115918.36744216384,107734.4531093781
2026-05-30 19:00:00,114668.21399555019,106548.69026194762
2026-05-30 20:00:00,115077.20180101907,106936.61267746451
2026-05-30 21:00:00,114512.20833779401,106400.7198560288
2026-05-30 22:00:00,113314.75950528716,105264.94701059787
2026-05-30 23:00:00,113749.04552552734,105676.86462707457
2026-05-31 00:00:00,115117.25730774026,106974.6050789842
2026-05-31 01:00:00,115893.06922739257,107710.4579084183
2026-05-31 02:00:00,115515.70419038778,107352.52949410117
2026-05-31 03:00:00,116886.02415716497,108652.26954609077
2026-05-31 04:00:00,117550.10229491083,109282.14357128573
2026-05-31 05:00:00,117950.65736212263,109662.06758648269
2026-05-31 06:00:00,119000.5332751304,110657.86842631473
2026-05-31 07:00:00,117771.46167415948,109492.10157968408
2026-05-31 08:00:00,118749.65931198196,110419.91601679663
2026-05-31 09:00:00,118654.79100658969,110329.93401319734
2026-05-31 10:00:00,118680.08922136095,110353.92921415716
2026-05-31 11:00:00,117737.7307211311,109460.10797840431
2026-05-31 12:00:00,118001.25379166516,109710.0579884023
2026-05-31 13:00:00,118119.31212726445,109822.03559288142
2026-05-31 14:00:00,117366.69023781912,109108.17836432713
2026-05-31 15:00:00,118852.96035563132,110517.89642071586
2026-05-31 16:00:00,116995.64975450715,108756.24875024994
2026-05-31 17:00:00,118384.94338236279,110073.98520295942
2026-05-31 18:00:00,117098.9507981565,108854.22915416915
2026-05-31 19:00:00,117269.7137478626,109016.19676064787
2026-05-31 20:00:00,118279.53415414917,109974.0051989602
2026-05-31 21:00:00,119917.59356058897,111527.69446110778
2026-05-31 22:00:00,122753.10179953564,114217.15656868627
2026-05-31 23:00:00,122291.40937995992,113779.24415116975
2026-06-01 00:00:00,126935.73997505246,118184.3631273745
2026-06-01 01:00:00,121317.42811126598,112855.42891421716
2026-06-01 02:00:00,124342.67296099718,115724.85502899419
2026-06-01 03:00:00,123509.94005810948,114935.0129974005
2026-06-01 04:00:00,121673.71130262806,113193.36132773446
2026-06-01 05:00:00,120851.51932256173,112413.51729654068
2026-06-01 06:00:00,119643.52956723355,111267.74645070986
2026-06-01 07:00:00,118515.6508253477,110197.9604079184
2026-06-01 08:00:00,117855.78905673037,109572.08558288343
2026-06-01 09:00:00,118199.4231407068,109898.02039592083
2026-06-01 10:00:00,117031.42564656286,109008.19836032794
2026-06-01 11:00:00,117031.42564656286,108662.2675464907
2026-06-01 12:00:00,117031.42564656286,109360.12797440511
2026-06-01 13:00:00,117031.42564656286,108318.33633273347
2026-06-01 14:00:00,117031.42564656286,107064.58708258346
2026-06-01 15:00:00,117031.42564656286,105846.83063387324
2026-06-01 16:00:00,117031.42564656286,108282.34353129374
2026-06-01 17:00:00,117031.42564656286,110065.98680263948
2026-06-01 18:00:00,117031.42564656286,111029.79404119175
2026-06-01 19:00:00,117031.42564656286,112389.52209558086
2026-06-01 20:00:00,117031.42564656286,111163.76724655068
2026-06-01 21:00:00,117031.42564656286,109392.12157568487
2026-06-01 22:00:00,117031.42564656286,109586.0827834433
2026-06-01 23:00:00,117031.42564656286,108896.22075584884
2026-06-02 00:00:00,117031.42564656286,109332.13357328533
2026-06-02 01:00:00,117031.42564656286,107456.50869826034
2026-06-02 02:00:00,117031.42564656286,111015.79684063187
2026-06-02 03:00:00,116802.50189978915,114513.09738052389
2026-06-02 04:00:00,115191.54517090379,112901.41971605679
2026-06-02 05:00:00,112831.07383490673,110539.89202159566
2026-06-02 06:00:00,111977.62653560888,109686.06278744251
2026-06-02 07:00:00,113964.3399208596,111673.66526694661
2026-06-02 08:00:00,114314.11340417838,112023.59528094382
2026-06-02 09:00:00,113524.6246846874,111233.75324935012
2026-06-02 10:00:00,117270.19901462684,114981.00379924015
2026-06-02 11:00:00,115547.31477107946,113257.34853029392
2026-06-02 12:00:00,117520.0372169974,115230.95380923814
2026-06-02 13:00:00,116946.40870435459,114657.06858628272
2026-06-02 14:00:00,116212.88374219464,113923.21535692862
2026-06-02 15:00:00,117879.80422841103,115590.88182363528
2026-06-02 16:00:00,122738.65758811367,120451.90961807637
2026-06-02 17:00:00,125412.92570628814,123127.37452509497
2026-06-02 18:00:00,121529.44068864016,119242.15156968607
2026-06-02 19:00:00,122031.11579900024,119744.05118976206
2026-06-02 20:00:00,123961.86542691993,121675.66486702659
2026-06-02 21:00:00,124909.2518903091,122623.475304939
2026-06-02 22:00:00,120620.02963201131,118332.33353329333
2026-06-02 23:00:00,124199.71139557671,121913.61727654471
2026-06-03 00:00:00,128496.92847635034,126212.75744851031
2026-06-03 01:00:00,128305.05273692975,126020.79584083184
2026-06-03 02:00:00,127659.47082200421,125374.92501499699
2026-06-03 03:00:00,123098.42459952726,120811.8376324735
2026-06-03 04:00:00,125241.03702305719,122955.40891821634
2026-06-03 05:00:00,125622.7897962794,123337.33253349329
2026-06-03 06:00:00,124549.4848788955,122263.5472905419
2026-06-03 07:00:00,125856.63835369826,123571.28574285144
2026-06-03 08:00:00,126088.48820549813,123803.23935212956
2026-06-03 09:00:00,124285.65573719217,121999.60007998401
2026-06-03 10:00:00,122444.84786212588,120157.96840631872
2026-06-03 11:00:00,121825.24912024688,119538.09238152369
2026-06-03 12:00:00,125764.69789522588,123479.30413917216
2026-06-03 13:00:00,126414.27722138933,124129.17416516696
2026-06-03 14:00:00,128195.12392788669,125910.8178364327
2026-06-03 15:00:00,123963.86413253889,121677.66446710657
2026-06-03 16:00:00,122828.59934096708,120541.89162167568
2026-06-03 17:00:00,123280.30681085304,120993.80123975205
2026-06-03 18:00:00,125291.0046635313,123005.39892021594
2026-06-03 19:00:00,122203.00448223119,119916.01679664067
2026-06-03 20:00:00,124655.4162767006,122369.52609478105
2026-06-03 21:00:00,127795.3828040938,125510.8978204359
2026-06-03 22:00:00,126945.93291603388,124661.0677864427
2026-06-03 23:00:00,126368.30699215316,124083.18336332733
2026-06-04 00:00:00,127593.51353657838,125308.93821235752
2026-06-04 01:00:00,121993.1403922399,119706.05878824234
2026-06-04 02:00:00,119669.36529140704,117616.47670465907
2026-06-04 03:00:00,119669.36529140704,118250.349930014
2026-06-04 04:00:00,119669.36529140704,118850.2299540092
2026-06-04 05:00:00,119669.36529140704,120147.97040591881
2026-06-04 06:00:00,119669.36529140704,116840.63187362527
2026-06-04 07:00:00,119669.36529140704,113549.29014197159
2026-06-04 08:00:00,119669.36529140704,112433.51329734053
2026-06-04 09:00:00,119669.36529140704,108134.3731253749
2026-06-04 10:00:00,119669.36529140704,107060.5878824235
2026-06-04 11:00:00,119669.36529140704,107742.45150969806
2026-06-04 12:00:00,119669.36529140704,106728.65426914617
2026-06-04 13:00:00,119669.36529140704,104713.05738852228
2026-06-04 14:00:00,119669.36529140704,105758.84823035393
2026-06-04 15:00:00,119669.36529140704,109790.04199160167
2026-06-04 16:00:00,119669.36529140704,107032.59348130375
2026-06-04 17:00:00,119669.36529140704,104901.01979604078
2026-06-04 18:00:00,119669.36529140704,105552.88942211558
2026-06-04 19:00:00,119669.36529140704,104763.0473905219
2026-06-04 20:00:00,119669.36529140704,103953.20935812837
2026-06-04 21:00:00,119669.36529140704,96804.63907218556
2026-06-04 22:00:00,119669.36529140704,93195.36092781443
2026-06-04 23:00:00,119669.36529140704,91869.62607478503
2026-06-05 00:00:00,119669.36529140704,86352.72945410918
2026-06-05 01:00:00,119669.36529140704,84735.05298940212
2026-06-05 02:00:00,119669.36529140704,82473.5052989402
2026-06-05 03:00:00,119669.36529140704,80621.87562487501
2026-06-05 04:00:00,119669.36529140704,79684.06318736252
2026-06-05 05:00:00,119669.36529140704,75034.99300139972
2026-06-05 06:00:00,119669.36529140704,63933.21335732853
2026-06-05 07:00:00,119669.36529140704,61751.64967006598
2026-06-05 08:00:00,119669.36529140704,62977.404519096184
2026-06-05 09:00:00,119669.36529140704,70201.95960807838
2026-06-05 10:00:00,119669.36529140704,65304.93901219755
2026-06-05 11:00:00,119669.36529140704,59922.01559688063
2026-06-05 12:00:00,119669.36529140704,63789.242151569684
2026-06-05 13:00:00,119669.36529140704,61125.77484503099
2026-06-05 14:00:00,119669.36529140704,68074.38512297541
2026-06-05 15:00:00,119669.36529140704,65516.896620675856
2026-06-05 16:00:00,119669.36529140704,72059.58808238352
2026-06-05 17:00:00,119669.36529140704,67864.42711457708
2026-06-05 18:00:00,119669.36529140704,63441.31173765246
2026-06-05 19:00:00,119669.36529140704,67594.48110377925
2026-06-05 20:00:00,119669.36529140704,73805.23895220956
2026-06-05 21:00:00,119669.36529140704,75472.90541891621
2026-06-05 22:00:00,119669.36529140704,74875.02499500099
2026-06-05 23:00:00,119669.36529140704,77870.42591481704
2026-06-06 00:00:00,119669.36529140704,76956.60867826435
2026-06-06 01:00:00,119669.36529140704,77108.57828434314
2026-06-06 02:00:00,119669.36529140704,75504.89902019595
2026-06-06 03:00:00,119669.36529140704,72741.45170965805
2026-06-06 04:00:00,119669.36529140704,71703.65926814635
2026-06-06 05:00:00,119669.36529140704,74129.17416516697
2026-06-06 06:00:00,119669.36529140704,75650.86982603479
2026-06-06 07:00:00,119669.36529140704,75776.84463107378
2026-06-06 08:00:00,119669.36529140704,73877.22455508898
2026-06-06 09:00:00,119669.36529140704,73513.29734053189
2026-06-06 10:00:00,119669.36529140704,74013.19736052789
2026-06-06 11:00:00,119669.36529140704,73207.35852829434
2026-06-06 12:00:00,119669.36529140704,74575.0849830034
2026-06-06 13:00:00,119669.36529140704,71333.73325334933
2026-06-06 14:00:00,119669.36529140704,68130.37392521495
2026-06-06 15:00:00,119669.36529140704,71785.64287142572
2026-06-06 16:00:00,119669.36529140704,71783.64327134573
2026-06-06 17:00:00,119669.36529140704,72225.5548890222
2026-06-06 18:00:00,119669.36529140704,71657.66846630673
2026-06-06 19:00:00,119669.36529140704,70619.87602479504
2026-06-06 20:00:00,119669.36529140704,70275.94481103779
2026-06-06 21:00:00,119669.36529140704,70797.84043191362
2026-06-06 22:00:00,119669.36529140704,70673.8652269546
2026-06-06 23:00:00,119669.36529140704,72457.50849830033
2026-06-07 00:00:00,119669.36529140704,74597.08058388323
2026-06-07 01:00:00,119435.28150301268,76774.64507098579
2026-06-07 02:00:00,117944.6320366128,75796.84063187362
2026-06-07 03:00:00,117581.876849493,75558.88822235553
2026-06-07 04:00:00,117097.18714569426,75240.95180963806
2026-06-07 05:00:00,126248.3726224477,81243.75124975006
2026-06-07 06:00:00,127842.66642802465,82289.54209158168
2026-06-07 07:00:00,123108.55881796534,79184.16316736653
2026-06-07 08:00:00,123937.71353138205,79728.05438912219
2026-06-07 09:00:00,122636.0625658345,78874.225154969
2026-06-07 10:00:00,124468.12867893536,80075.98480303938
2026-06-07 11:00:00,127614.03920925166,82139.57208558288
2026-06-07 12:00:00,127022.65680335887,81751.64967006598
2026-06-07 13:00:00,128717.54658519595,82863.42731453708
2026-06-07 14:00:00,134561.2582970335,86696.66066786642
2026-06-07 15:00:00,131759.81277633517,84859.02819436112
2026-06-07 16:00:00,129973.47210698889,83687.26254749049
2026-06-07 17:00:00,130854.44898999415,84265.14697060587
2026-06-07 18:00:00,127486.0079667388,82055.58888222356
2026-06-07 19:00:00,126995.22153710612,81733.65326934613
2026-06-07 20:00:00,130951.99660333729,84329.13417316537
2026-06-07 21:00:00,131116.6082008538,84437.1125774845
2026-06-07 22:00:00,135302.01048585796,87182.56348730253
2026-06-07 23:00:00,136704.25742766564,88102.37952409519
2026-06-08 00:00:00,134457.61395785643,86628.67426514697
2026-06-08 01:00:00,133561.39526026632,86040.79184163167
2026-06-08 02:00:00,134305.19581200776,86528.69426114777
2026-06-08 03:00:00,134829.51423372712,86872.62547490501
2026-06-08 04:00:00,132857.2234264455,85578.88422315537
2026-06-08 05:00:00,132031.11707594577,85036.9926014797
2026-06-08 06:00:00,135399.55809920112,87246.55068986202
2026-06-08 07:00:00,135375.17119586532,87230.55388922215
2026-06-08 08:00:00,132890.7554185322,85600.87982403518
2026-06-08 09:00:00,132646.88638517435,85440.91181763647
2026-06-08 10:00:00,132695.66019184593,85472.90541891621
2026-06-08 11:00:00,134088.76204490266,86386.7226554689
2026-06-08 12:00:00,133341.91313024424,85896.82063587282
2026-06-08 13:00:00,134692.33790246333,86782.64347130574
2026-06-08 14:00:00,136179.93900594627,87758.44831033792
2026-06-08 15:00:00,138213.19707156735,89092.18156368725
2026-06-08 16:00:00,138892.98200205236,89538.09238152367
2026-06-08 17:00:00,139417.30042377173,89882.02359528093
2026-06-08 18:00:00,139972.10247466085,90245.95080983803
2026-06-08 19:00:00,141423.12322314008,91197.76044791042
2026-06-08 20:00:00,145413.43028145796,93815.23695260948
2026-06-08 21:00:00,145538.41316105385,93897.22055588881
2026-06-08 22:00:00,142380.30917906965,91825.6348730254
2026-06-08 23:00:00,142325.43864656414,91789.64207158568
2026-06-09 00:00:00,139399.01024626993,89870.02599480104
2026-06-09 01:00:00,138899.0787278863,89542.09158168366
2026-06-09 02:00:00,139444.7356900245,89900.01999600079
2026-06-09 03:00:00,138713.12858995097,89420.11597680463
2026-06-09 04:00:00,139600.20219879015,90001.99960007999
2026-06-09 05:00:00,140490.32417054632,90585.8828234353
2026-06-09 06:00:00,144672.6780926335,93329.33413317335
2026-06-09 07:00:00,145821.91091233236,94083.18336332733
2026-06-09 08:00:00,147583.86467834288,95238.95220955809
2026-06-09 09:00:00,146315.74570488202,94407.11857628475
2026-06-09 10:00:00,148092.94128547737,95572.88542291541
2026-06-09 11:00:00,144943.9823922441,93507.29854029194
2026-06-09 12:00:00,146065.77994569024,94243.15136972605
2026-06-09 13:00:00,144858.62823056884,93451.3097380524
2026-06-09 14:00:00,143709.39541086997,92697.46050789842
2026-06-09 15:00:00,134847.80441122898,86884.62307538491
2026-06-09 16:00:00,136445.14657972293,87932.41351729653
2026-06-09 17:00:00,141114.64108939405,91177.76444711057
2026-06-09 18:00:00,141114.64108939405,90131.97360527894
2026-06-09 19:00:00,141114.64108939405,89040.19196160768
2026-06-09 20:00:00,141114.64108939405,89764.04719056189
2026-06-09 21:00:00,141114.64108939405,88130.37392521495
2026-06-09 22:00:00,141114.64108939405,85190.96180763848
2026-06-09 23:00:00,141114.64108939405,85986.8026394721
2026-06-10 00:00:00,141114.64108939405,87878.42431513697
2026-06-10 01:00:00,141114.64108939405,87586.4827034593
2026-06-10 02:00:00,141114.64108939405,86164.76704659068
2026-06-10 03:00:00,141114.64108939405,86916.61667666466
2026-06-10 04:00:00,141114.64108939405,86036.7926414717
2026-06-10 05:00:00,141114.64108939405,85950.80983803238
2026-06-10 06:00:00,141114.64108939405,85648.8702259548
2026-06-10 07:00:00,141114.64108939405,86626.67466506698
2026-06-10 08:00:00,141114.64108939405,85160.9678064387
2026-06-10 09:00:00,141114.64108939405,84641.07178564287
2026-06-10 10:00:00,141114.64108939405,84545.09098180365
2026-06-10 11:00:00,141114.64108939405,82931.41371725654
2026-06-10 12:00:00,141114.64108939405,84905.01899620076
2026-06-10 13:00:00,141114.64108939405,88112.3775244951
2026-06-10 14:00:00,141114.64108939405,87438.51229754048
2026-06-10 15:00:00,141114.64108939405,87586.4827034593
2026-06-10 16:00:00,141114.64108939405,84957.00859828034
2026-06-10 17:00:00,141114.64108939405,84613.07738452309
2026-06-10 18:00:00,141114.64108939405,85508.89822035593
2026-06-10 19:00:00,141114.64108939405,84085.18296340731
2026-06-10 20:00:00,141114.64108939405,82633.47330533894
2026-06-10 21:00:00,141114.64108939405,81273.7452509498
2026-06-10 22:00:00,141114.64108939405,81085.78284343131
2026-06-10 23:00:00,141114.64108939405,81705.65886822635
2026-06-11 00:00:00,141114.64108939405,82235.55288942212
2026-06-11 01:00:00,141114.64108939405,83691.26174765047
2026-06-11 02:00:00,141114.64108939405,83079.38412317536
2026-06-11 03:00:00,141114.64108939405,85098.98020395919
2026-06-11 04:00:00,141114.64108939405,84901.01979604078
2026-06-11 05:00:00,141114.64108939405,84277.14457108578
2026-06-11 06:00:00,141114.64108939405,84493.10137972406
2026-06-11 07:00:00,141114.64108939405,84511.0977804439
2026-06-11 08:00:00,140838.6084581214,87008.59828034393
2026-06-11 09:00:00,138669.069242364,85640.87182563487
2026-06-11 10:00:00,139125.81434041818,85928.81423715258
2026-06-11 11:00:00,139154.36090904658,85946.81063787242
2026-06-11 12:00:00,137799.98481967754,85092.98140371926
2026-06-11 13:00:00,137831.70322926462,85112.97740451909
2026-06-11 14:00:00,136712.04337084014,84407.11857628475
2026-06-11 15:00:00,135396.48427112377,83745.25094981004
2026-06-11 16:00:00,135396.48427112377,83389.32213557287
2026-06-11 17:00:00,135131.63685678106,87766.44671065787
2026-06-11 18:00:00,134262.73073116931,87190.56188762248
2026-06-11 19:00:00,134057.57234039984,87054.58908218356
2026-06-11 20:00:00,133457.18234388338,86656.66866626675
2026-06-11 21:00:00,134516.16168447273,87358.52829434113
2026-06-11 22:00:00,133460.19937904176,86658.66826634672
2026-06-11 23:00:00,131915.4773779542,85634.87302539492
2026-06-12 00:00:00,132772.31536293245,86202.75944811037
2026-06-12 01:00:00,131366.3769791301,85270.94581083783
2026-06-12 02:00:00,133523.55711736763,86700.65986802639
2026-06-12 03:00:00,134437.718770355,87306.53869226154
2026-06-12 04:00:00,133472.26751967525,86666.66666666667
2026-06-12 05:00:00,131064.67346329268,85070.98580283942
2026-06-12 06:00:00,129124.81036751287,83953.20935812838
2026-06-12 07:00:00,129124.81036751287,84713.05738852228
2026-06-12 08:00:00,128872.2308981313,86682.66346730653
2026-06-12 09:00:00,130628.92547756707,87888.42231553688
2026-06-12 10:00:00,129609.28517441197,87188.56228754247
2026-06-12 11:00:00,129760.77459088074,87292.54149170166
2026-06-12 12:00:00,129250.9544393032,86942.61147770446
2026-06-12 13:00:00,126774.68513164081,85242.95140971807
2026-06-12 14:00:00,128362.41074655375,86332.73345330932
2026-06-12 15:00:00,123956.1313139833,83475.30493901219
2026-06-12 16:00:00,123956.1313139833,83693.26134773045
2026-06-12 17:00:00,123956.1313139833,83269.34613077385
2026-06-12 18:00:00,123956.1313139833,82709.45810837833
2026-06-12 19:00:00,123956.1313139833,82913.41731653668
2026-06-12 20:00:00,123956.1313139833,82979.40411917616
2026-06-12 21:00:00,123956.1313139833,81371.72565486902
2026-06-12 22:00:00,123956.1313139833,81929.61407718457
2026-06-12 23:00:00,123956.1313139833,82375.524895021
2026-06-13 00:00:00,123956.1313139833,83201.35972805438
2026-06-13 01:00:00,123956.1313139833,83563.28734253149
2026-06-13 02:00:00,123956.1313139833,83019.39612077584
2026-06-13 03:00:00,123956.1313139833,82967.40651869627
2026-06-13 04:00:00,123956.1313139833,82667.46650669866
2026-06-13 05:00:00,123956.1313139833,82533.49330133974
2026-06-13 06:00:00,123956.1313139833,82771.44571085782
2026-06-13 07:00:00,123956.1313139833,82965.40691861628
2026-06-13 08:00:00,123956.1313139833,83195.36092781443
2026-06-13 09:00:00,123956.1313139833,82661.4677064587
2026-06-13 10:00:00,123956.1313139833,81933.61327734453
2026-06-13 11:00:00,123956.1313139833,82783.44331133772
2026-06-13 12:00:00,123956.1313139833,83357.32853429313
2026-06-13 13:00:00,123956.1313139833,82495.50089982004
2026-06-13 14:00:00,123956.1313139833,82693.46130773844
2026-06-13 15:00:00,123956.1313139833,83345.33093381324
2026-06-13 16:00:00,123956.1313139833,81767.64647070586
2026-06-13 17:00:00,123956.1313139833,81985.60287942411
2026-06-13 18:00:00,123956.1313139833,82891.42171565686
2026-06-13 19:00:00,123956.1313139833,82575.48490301939
2026-06-13 20:00:00,123956.1313139833,82789.44211157766
2026-06-13 21:00:00,123713.6622347663,85296.94061187761
2026-06-13 22:00:00,122153.36117643921,84199.1601679664
2026-06-13 23:00:00,122130.62454899547,84183.16336732653
2026-06-14 00:00:00,123088.4049800633,84857.02859428113
2026-06-14 01:00:00,122269.88639208842,84281.14377124574
2026-06-14 02:00:00,122687.67192136725,84575.08498300338
2026-06-14 03:00:00,122991.77431342736,84789.04219156168
2026-06-14 04:00:00,123065.66835261954,84841.03179364128
2026-06-14 05:00:00,123059.9841957586,84837.0325934813
2026-06-14 06:00:00,122943.45898010941,84755.04899020195
2026-06-14 07:00:00,123980.81760723033,85484.90301939612
2026-06-14 08:00:00,123557.34792109055,85186.9626074785
2026-06-14 09:00:00,123915.44980332955,85438.91221755648
2026-06-14 10:00:00,122784.30258800318,84643.07138572285
2026-06-14 11:00:00,122298.3071763931,84301.13977204559
2026-06-14 12:00:00,120945.47784349018,83349.3301339732
2026-06-14 13:00:00,123761.97756808429,85330.93381323735
2026-06-14 14:00:00,123270.29799961326,84985.00299940012
2026-06-14 15:00:00,122608.09372531415,84519.09618076384
2026-06-14 16:00:00,121908.94243141895,84027.19456108779
2026-06-14 17:00:00,122684.82984293679,84573.08538292341
2026-06-14 18:00:00,122863.88078405628,84699.0601879624
2026-06-14 19:00:00,123554.50584266009,85184.96300739852
2026-06-14 20:00:00,123719.34639162724,85300.93981203758
2026-06-14 21:00:00,132958.94336907973,91801.63967206558
2026-06-14 22:00:00,135243.97442717623,93409.31813637272
2026-06-14 23:00:00,136807.11756393383,94509.09818036392
2026-06-15 00:00:00,136943.53732859629,94605.07898420317
2026-06-15 01:00:00,135837.96881914412,93827.23455308938
2026-06-15 02:00:00,140757.6065822848,97288.54229154169
2026-06-15 03:00:00,140771.8169744371,97298.54029194161
2026-06-15 04:00:00,140444.97795493325,97068.58628274345
2026-06-15 05:00:00,141817.70183684945,98034.39312137572
2026-06-15 06:00:00,143562.737993157,99262.1475704859
2026-06-15 07:00:00,142482.74818957906,98502.29954009198
2026-06-15 08:00:00,142442.95909155248,98474.30513897221
2026-06-15 09:00:00,143017.05893450708,98878.22435512897
2026-06-15 10:00:00,146882.28559994395,101597.6804639072
2026-06-15 11:00:00,154717.89583274507,107110.57788442311
2026-06-15 12:00:00,154132.42767606862,106698.66026794641
2026-06-15 13:00:00,153268.43583320623,106090.78184363125
2026-06-15 14:00:00,153848.2198330218,106498.700259948
2026-06-15 15:00:00,154337.05732306238,106842.63147370527
2026-06-15 16:00:00,153146.22646069614,106004.79904019195
2026-06-15 17:00:00,152410.1281472048,105486.90261947608
2026-06-15 18:00:00,152506.75881384074,105554.88902219557
2026-06-15 19:00:00,151213.6131279777,104645.07098580284
2026-06-15 20:00:00,149542.47101086233,103469.30613877226
2026-06-15 21:00:00,150156.35995184345,103901.21975604878
2026-06-15 22:00:00,149113.31716786162,103167.36652669468
2026-06-15 23:00:00,149892.04665780987,103715.25694861026
2026-06-16 00:00:00,148203.85207011172,102527.49450109978
2026-06-16 01:00:00,148064.5902270188,102429.51409718055
2026-06-16 02:00:00,150267.20101063175,103979.20415916818
2026-06-16 03:00:00,152682.96767652978,105678.86422715455
2026-06-16 04:00:00,151131.19285349408,104587.08258348328
2026-06-16 05:00:00,150957.8260692355,104465.10697860428
2026-06-16 06:00:00,151139.71908878552,104593.08138372326
2026-06-16 07:00:00,151648.45112783933,104951.0097980404
2026-06-16 08:00:00,153646.43226445856,106356.72865426913
2026-06-16 09:00:00,150832.7746182949,104377.12457508499
2026-06-16 10:00:00,149431.62995207403,103391.32173565286
2026-06-16 11:00:00,148735.32073660928,102901.4197160568
2026-06-16 12:00:00,148078.80061917112,102439.51209758046
2026-06-16 13:00:00,145896.08438457147,100903.81923615278
2026-06-16 14:00:00,142440.99805743544,98670.26594681063
2026-06-16 15:00:00,142440.99805743544,99416.11677664467
2026-06-16 16:00:00,142440.99805743544,101019.79604079183
2026-06-16 17:00:00,142440.99805743544,101187.76244751048
2026-06-16 18:00:00,142440.99805743544,100373.92521495701
2026-06-16 19:00:00,142440.99805743544,99394.12117576484
2026-06-16 20:00:00,142440.99805743544,100501.89962007599
2026-06-16 21:00:00,142440.99805743544,101225.7548490302
2026-06-16 22:00:00,142440.99805743544,101647.67046590682
2026-06-16 23:00:00,142440.99805743544,100997.800439912
2026-06-17 00:00:00,142440.99805743544,100957.80843831232
2026-06-17 01:00:00,142440.99805743544,101689.66206758647
2026-06-17 02:00:00,142440.99805743544,101001.79964007199
2026-06-17 03:00:00,142440.99805743544,102209.55808838233
2026-06-17 04:00:00,142440.99805743544,102559.48810237952
2026-06-17 05:00:00,142162.37095544685,102729.45410917816
2026-06-17 06:00:00,141535.96841958928,102267.54649070185
2026-06-17 07:00:00,141050.57424678188,101909.61807638472
2026-06-17 08:00:00,139930.64244024866,101083.78324335132
2026-06-17 09:00:00,141647.14809045577,102349.5300939812
2026-06-17 10:00:00,140242.48785853272,101313.73725254949
2026-06-17 11:00:00,135126.1729540111,97736.4527094581
2026-06-17 12:00:00,135126.1729540111,96960.60787842431
2026-06-17 13:00:00,135126.1729540111,96292.74145170965
2026-06-17 14:00:00,135126.1729540111,96522.69546090781
2026-06-17 15:00:00,135126.1729540111,98430.31393721256
2026-06-17 16:00:00,135126.1729540111,98600.2799440112
2026-06-17 17:00:00,135126.1729540111,99734.05318936211
2026-06-17 18:00:00,135126.1729540111,99512.09758048391
2026-06-17 19:00:00,135126.1729540111,96084.7830433913
2026-06-17 20:00:00,135126.1729540111,97010.59788042391
2026-06-17 21:00:00,135126.1729540111,95136.97260547889
2026-06-17 22:00:00,135126.1729540111,96136.77264547089
2026-06-17 23:00:00,135126.1729540111,95426.91461707659
2026-06-18 00:00:00,135126.1729540111,95950.8098380324
2026-06-18 01:00:00,135126.1729540111,96914.61707658469
2026-06-18 02:00:00,135126.1729540111,96762.64747050591
2026-06-18 03:00:00,135126.1729540111,95220.95580883823
2026-06-18 04:00:00,135126.1729540111,93433.31333733253
2026-06-18 05:00:00,135126.1729540111,92769.44611077785
2026-06-18 06:00:00,135126.1729540111,92763.4473105379
2026-06-18 07:00:00,135126.1729540111,93903.21935612877
2026-06-18 08:00:00,135126.1729540111,94115.17696460708
2026-06-18 09:00:00,135126.1729540111,94117.17656468705
2026-06-18 10:00:00,135126.1729540111,94087.1825634873
2026-06-18 11:00:00,135126.1729540111,94027.19456108777
2026-06-18 12:00:00,135126.1729540111,95038.9922015597
2026-06-18 13:00:00,135126.1729540111,94097.18056388722
2026-06-18 14:00:00,135126.1729540111,94351.1297740452
2026-06-18 15:00:00,135126.1729540111,89446.11077784443
2026-06-18 16:00:00,135126.1729540111,89722.05558888223
2026-06-18 17:00:00,135126.1729540111,88964.20715856829
2026-06-18 18:00:00,135126.1729540111,88988.20235952809
2026-06-18 19:00:00,135126.1729540111,90133.97320535893
2026-06-18 20:00:00,135126.1729540111,91171.76564687061
2026-06-18 21:00:00,135126.1729540111,90847.83043391322
2026-06-18 22:00:00,135126.1729540111,91535.69286142771
2026-06-18 23:00:00,135126.1729540111,91149.7700459908
2026-06-19 00:00:00,135126.1729540111,90531.89362127574
2026-06-19 01:00:00,135126.1729540111,90369.92601479703
2026-06-19 02:00:00,135126.1729540111,90391.92161567687
2026-06-19 03:00:00,135126.1729540111,89580.08398320337
2026-06-19 04:00:00,135126.1729540111,88458.30833833232
2026-06-19 05:00:00,135126.1729540111,90181.96360727854
2026-06-19 06:00:00,135126.1729540111,90183.96320735852
2026-06-19 07:00:00,135126.1729540111,89152.16956608678
2026-06-19 08:00:00,135126.1729540111,90491.90161967606
2026-06-19 09:00:00,135126.1729540111,89960.00799840031
2026-06-19 10:00:00,135126.1729540111,89892.02159568085
2026-06-19 11:00:00,135126.1729540111,89224.1551689662
2026-06-19 12:00:00,135126.1729540111,91405.71885622875
2026-06-19 13:00:00,135126.1729540111,90719.85602879424
2026-06-19 14:00:00,135126.1729540111,90797.84043191362
2026-06-19 15:00:00,135126.1729540111,90805.83883223355
2026-06-19 16:00:00,135126.1729540111,89320.13597280544
2026-06-19 17:00:00,135126.1729540111,91361.7276544691
2026-06-19 18:00:00,135126.1729540111,90771.84563087381
2026-06-19 19:00:00,135126.1729540111,90303.93921215757
2026-06-19 20:00:00,135126.1729540111,90621.87562487501
2026-06-19 21:00:00,135126.1729540111,90321.93561287741
2026-06-19 22:00:00,134861.85429234456,93239.35212957408
2026-06-19 23:00:00,137840.67555605943,95340.93181363727
2026-06-20 00:00:00,136604.93238671625,94469.10617876424
2026-06-20 01:00:00,136202.46557468246,94185.1629674065
2026-06-20 02:00:00,135482.56015034034,93677.26454709058
2026-06-20 03:00:00,134980.8937719602,93323.3353329334
2026-06-20 04:00:00,136196.7970280341,94181.16376724654
2026-06-20 05:00:00,135938.87815553357,93999.200159968
2026-06-20 06:00:00,136103.2660083361,94115.17696460708
2026-06-20 07:00:00,135559.08553009323,93731.25374925014
2026-06-20 08:00:00,135635.61090984615,93785.2429514097
2026-06-20 09:00:00,136525.5727336392,94413.1173765247
2026-06-20 10:00:00,136247.81394786938,94217.15656868626
2026-06-20 11:00:00,135822.67294924214,93917.21655668865
2026-06-20 12:00:00,136797.6629727606,94605.07898420317
2026-06-20 13:00:00,135193.4642712738,93473.3053389322
2026-06-20 14:00:00,136922.3709990246,94693.06138772245
2026-06-20 15:00:00,137514.73412377853,95110.9778044391
2026-06-20 16:00:00,136990.39355880496,94741.05178964208
2026-06-20 17:00:00,135641.27945649452,93789.24215156969
2026-06-20 18:00:00,135411.7033172358,93627.27454509097
2026-06-20 19:00:00,134839.1801057511,93223.35532893421
2026-06-20 20:00:00,136276.15668111117,94237.15256948609
2026-06-20 21:00:00,136281.82522775955,94241.15176964607
2026-06-20 22:00:00,137432.5401973773,95052.98940211957
2026-06-20 23:00:00,136179.791388089,94169.16616676663
2026-06-21 00:00:00,135995.56362201722,94039.19216156768
2026-06-21 01:00:00,135703.6334696265,93833.23335332933
2026-06-21 02:00:00,135051.75060506474,93373.325334933
2026-06-21 03:00:00,136264.81958781445,94229.15416916617
2026-06-21 04:00:00,135077.25906498235,93391.32173565286
2026-06-21 05:00:00,134772.9091268851,93363.3273345331
2026-06-21 06:00:00,134772.9091268851,93633.27334533092
2026-06-21 07:00:00,134772.9091268851,93241.35172965407
2026-06-21 08:00:00,134772.9091268851,91023.7952409518
2026-06-21 09:00:00,134772.9091268851,91427.71445710858
2026-06-21 10:00:00,134772.9091268851,91651.66966606678
2026-06-21 11:00:00,134772.9091268851,90721.85562887421
2026-06-21 12:00:00,134772.9091268851,90333.93321335732
2026-06-21 13:00:00,134772.9091268851,90585.8828234353
2026-06-21 14:00:00,134772.9091268851,90735.85282943411
2026-06-21 15:00:00,134772.9091268851,90721.85562887421
2026-06-21 16:00:00,134772.9091268851,90061.9876024795
2026-06-21 17:00:00,134772.9091268851,89884.02319536092
2026-06-21 18:00:00,134772.9091268851,90525.89482103579
2026-06-21 19:00:00,134772.9091268851,90349.93001399719
2026-06-21 20:00:00,134772.9091268851,89338.13237352528
2026-06-21 21:00:00,134772.9091268851,89114.17716456708
2026-06-21 22:00:00,134772.9091268851,89216.15676864627
2026-06-21 23:00:00,134772.9091268851,86860.62787442512
2026-06-22 00:00:00,134772.9091268851,88386.32273545291
2026-06-22 01:00:00,134772.9091268851,89602.07958408319
2026-06-22 02:00:00,134772.9091268851,88994.20115976804
2026-06-22 03:00:00,134772.9091268851,88140.37192561488
2026-06-22 04:00:00,134772.9091268851,88820.23595280944
2026-06-22 05:00:00,134772.9091268851,88892.22155568886
2026-06-22 06:00:00,134772.9091268851,89550.08998200358
2026-06-22 07:00:00,134772.9091268851,90317.93641271746
2026-06-22 08:00:00,134772.9091268851,90567.88642271546
2026-06-22 09:00:00,134772.9091268851,90517.89642071584
2026-06-22 10:00:00,134772.9091268851,90769.84603079384
2026-06-22 11:00:00,134509.2814802896,91209.75804839031
2026-06-22 12:00:00,135694.08587262698,92029.59408118376
2026-06-22 13:00:00,136263.36993431105,92423.5152969406
2026-06-22 14:00:00,133610.5640021995,90587.88242351529
2026-06-22 15:00:00,132697.39769005653,89956.00879824035
2026-06-22 16:00:00,133755.05234272845,90687.86242751448
2026-06-22 17:00:00,133373.60312373203,90423.9152169566
2026-06-22 18:00:00,132798.5395284268,90025.9948010398
2026-06-22 19:00:00,132174.9509688383,89774.0451909618
2026-06-22 20:00:00,131916.4051565639,90545.89082183562
2026-06-22 21:00:00,129589.39007182175,89094.18116376724
2026-06-22 22:00:00,129589.39007182175,88640.27194561088
2026-06-22 23:00:00,129589.39007182175,88436.3127374525
2026-06-23 00:00:00,129589.39007182175,88786.24275144971
2026-06-23 01:00:00,129589.39007182175,88320.33593281342
2026-06-23 02:00:00,129589.39007182175,89110.1779644071
2026-06-23 03:00:00,129589.39007182175,89472.10557888422
2026-06-23 04:00:00,129589.39007182175,88662.2675464907
2026-06-23 05:00:00,129589.39007182175,87780.44391121775
2026-06-23 06:00:00,129589.39007182175,85088.98220355928
2026-06-23 07:00:00,129589.39007182175,85012.99740051989
2026-06-23 08:00:00,129589.39007182175,84441.11177764447
2026-06-23 09:00:00,129589.39007182175,84793.04139172166
2026-06-23 10:00:00,129589.39007182175,84409.11817636472
2026-06-23 11:00:00,129589.39007182175,84959.00819836032
2026-06-23 12:00:00,129589.39007182175,84279.14417116577
2026-06-23 13:00:00,129589.39007182175,84469.10617876424
2026-06-23 14:00:00,129589.39007182175,84409.11817636472
2026-06-23 15:00:00,129589.39007182175,83511.2977404519
2026-06-23 16:00:00,129589.39007182175,83251.34973005397
2026-06-23 17:00:00,129589.39007182175,82597.4805038992
2026-06-23 18:00:00,129589.39007182175,82637.47250549888
2026-06-23 19:00:00,129589.39007182175,83397.32053589281
2026-06-23 20:00:00,129589.39007182175,83345.33093381324
2026-06-23 21:00:00,129589.39007182175,83549.29014197159
2026-06-23 22:00:00,129589.39007182175,83551.28974205158
2026-06-23 23:00:00,129589.39007182175,83199.3601279744
2026-06-24 00:00:00,129589.39007182175,83897.22055588882
2026-06-24 01:00:00,129589.39007182175,83811.23775244951
2026-06-24 02:00:00,129589.39007182175,82593.48130373925
2026-06-24 03:00:00,129589.39007182175,82357.52849430114
2026-06-24 04:00:00,129589.39007182175,82807.43851229754
2026-06-24 05:00:00,129589.39007182175,83707.25854829034
2026-06-24 06:00:00,129589.39007182175,83363.32733453308
2026-06-24 07:00:00,129589.39007182175,82731.45370925814
2026-06-24 08:00:00,129589.39007182175,83155.36892621475
2026-06-24 09:00:00,129589.39007182175,82833.43331333733
2026-06-24 10:00:00,129589.39007182175,82417.51649670066
2026-06-24 11:00:00,129589.39007182175,84327.13457308538
2026-06-24 12:00:00,129589.39007182175,83407.31853629275
2026-06-24 13:00:00,129589.39007182175,82005.59888022394
2026-06-24 14:00:00,129589.39007182175,83585.28294341131
2026-06-24 15:00:00,129589.39007182175,81287.7424515097
2026-06-24 16:00:00,129589.39007182175,79764.04719056188
2026-06-24 17:00:00,129589.39007182175,78358.32833433313
2026-06-24 18:00:00,129589.39007182175,80935.8128374325
2026-06-24 19:00:00,129589.39007182175,80905.81883623276
2026-06-24 20:00:00,129589.39007182175,82213.55728854229
2026-06-24 21:00:00,129589.39007182175,83225.3549290142
2026-06-24 22:00:00,129589.39007182175,82515.49690061988
2026-06-24 23:00:00,129589.39007182175,83353.32933413317
2026-06-25 00:00:00,129589.39007182175,82609.47810437912
2026-06-25 01:00:00,129589.39007182175,83031.39372125574
2026-06-25 02:00:00,129589.39007182175,82541.49170165966
2026-06-25 03:00:00,129589.39007182175,82277.54449110178
2026-06-25 04:00:00,129589.39007182175,82699.46010797839
2026-06-25 05:00:00,129335.90184373714,83171.36572685462
2026-06-25 06:00:00,129293.2414216428,83143.37132573484
2026-06-25 07:00:00,130134.26117150276,83695.26094781043
2026-06-25 08:00:00,129338.94901674388,83173.36532693461
2026-06-25 09:00:00,129479.11897505389,83265.34693061389
2026-06-25 10:00:00,128296.81584843915,82489.50209958007
2026-06-25 11:00:00,128632.00487918044,82709.45810837833
2026-06-25 12:00:00,128391.27821164807,82551.48970205958
2026-06-25 13:00:00,120616.05062419278,77604.47910417918
2026-06-25 14:00:00,120616.05062419278,79532.09358128374
2026-06-25 15:00:00,120616.05062419278,80237.95240951808
2026-06-25 16:00:00,120616.05062419278,79672.06558688263
2026-06-25 17:00:00,120616.05062419278,80003.99920015997
2026-06-25 18:00:00,120616.05062419278,79508.09838032394
2026-06-25 19:00:00,120616.05062419278,79404.11917616476
2026-06-25 20:00:00,120616.05062419278,79994.00119976005
2026-06-25 21:00:00,120616.05062419278,82927.4145170966
2026-06-25 22:00:00,120616.05062419278,83307.33853229354
2026-06-25 23:00:00,120380.11503614545,83333.33333333333
2026-06-26 00:00:00,119658.29650042778,82823.4353129374
2026-06-26 01:00:00,118987.42986134901,82349.5300939812
2026-06-26 02:00:00,116445.4963512531,80553.88922215557
2026-06-26 03:00:00,121087.7802672412,83833.23335332933
2026-06-26 04:00:00,118642.0892285743,82105.57888422316
2026-06-26 05:00:00,118560.00006176718,82047.59048190361
2026-06-26 06:00:00,119564.88468992316,82757.44851029794
2026-06-26 07:00:00,119499.77948866233,82711.4577084583
2026-06-26 08:00:00,117439.05833571152,81255.74885022995
2026-06-26 09:00:00,115773.90506297765,80239.95200959807
2026-06-26 10:00:00,115773.90506297765,79456.10877824435
2026-06-26 11:00:00,115773.90506297765,79272.14557088583
2026-06-26 12:00:00,115773.90506297765,79340.13197360527
2026-06-26 13:00:00,115773.90506297765,81699.66006798639
2026-06-26 14:00:00,115773.90506297765,80899.8200359928
2026-06-26 15:00:00,115773.90506297765,81999.600079984
2026-06-26 16:00:00,115547.44113690635,83391.32173565286
2026-06-26 17:00:00,115539.2957338489,83385.32293541291
2026-06-26 18:00:00,114312.05500652989,82481.50369926015
2026-06-26 19:00:00,115183.61313367459,83123.37532493501
2026-06-26 20:00:00,116755.67592375803,84281.14377124574
2026-06-26 21:00:00,116793.68780469269,84309.13817236552
2026-06-26 22:00:00,116522.17436944511,84109.17816436713
2026-06-26 23:00:00,116152.91609750841,83837.23255348929
2026-06-27 00:00:00,116543.89544426491,84125.17496500698
2026-06-27 01:00:00,115620.74976442318,83445.31093781244
2026-06-27 02:00:00,115552.87140561128,83395.32093581284
2026-06-27 03:00:00,114667.7376067042,82743.45130973804
2026-06-27 04:00:00,114779.0581151557,82825.4349130174
2026-06-27 05:00:00,114694.88895022895,82763.44731053789
2026-06-27 06:00:00,113565.39305959907,81931.61367726454
2026-06-27 07:00:00,113999.81455599518,82251.54969006198
2026-06-27 08:00:00,113047.53548455138,81713.65726854627
2026-06-27 09:00:00,113047.53548455138,81515.69686062787
2026-06-27 10:00:00,113047.53548455138,81695.66086782643
2026-06-27 11:00:00,113047.53548455138,81683.66326734654
2026-06-27 12:00:00,113047.53548455138,81653.66926614677
2026-06-27 13:00:00,113047.53548455138,82015.59688062388
2026-06-27 14:00:00,113047.53548455138,81803.63927214556
2026-06-27 15:00:00,113047.53548455138,82299.54009198159
2026-06-27 16:00:00,113047.53548455138,82219.55608878224
2026-06-27 17:00:00,113047.53548455138,81035.79284143171
2026-06-27 18:00:00,113047.53548455138,80881.82363527294
2026-06-27 19:00:00,113047.53548455138,80219.95600879824
2026-06-27 20:00:00,113047.53548455138,80161.9676064787
2026-06-27 21:00:00,113047.53548455138,79664.06718656268
2026-06-27 22:00:00,113047.53548455138,79866.02679464107
2026-06-27 23:00:00,113047.53548455138,79156.16876624674
2026-06-28 00:00:00,113047.53548455138,79850.02999400119
2026-06-28 01:00:00,113047.53548455138,79924.01519696061
2026-06-28 02:00:00,113047.53548455138,79694.06118776245
2026-06-28 03:00:00,113047.53548455138,79622.07558488302
2026-06-28 04:00:00,113047.53548455138,79268.14637072585
2026-06-28 05:00:00,113047.53548455138,79138.17236552689
2026-06-28 06:00:00,113047.53548455138,77374.525094981
2026-06-28 07:00:00,113047.53548455138,77116.57668466307
2026-06-28 08:00:00,113047.53548455138,77774.4451109778
2026-06-28 09:00:00,113047.53548455138,77304.53909218157
2026-06-28 10:00:00,113047.53548455138,76956.60867826435
2026-06-28 11:00:00,113047.53548455138,77410.51789642072
2026-06-28 12:00:00,113047.53548455138,77360.52789442112
2026-06-28 13:00:00,113047.53548455138,76924.6150769846
2026-06-28 14:00:00,113047.53548455138,77564.48710257947
2026-06-28 15:00:00,113047.53548455138,77892.42151569686
2026-06-28 16:00:00,113047.53548455138,77806.43871225756
2026-06-28 17:00:00,113047.53548455138,77868.42631473705
2026-06-28 18:00:00,113047.53548455138,77196.56068786242
2026-06-28 19:00:00,113047.53548455138,75954.80903819237
2026-06-28 20:00:00,113047.53548455138,76326.73465306939
2026-06-28 21:00:00,113047.53548455138,74797.04059188163
2026-06-28 22:00:00,113047.53548455138,74275.1449710058
2026-06-28 23:00:00,113047.53548455138,75266.94661067787
2026-06-29 00:00:00,113047.53548455138,75344.93101379724
2026-06-29 01:00:00,113047.53548455138,75116.97660467906
2026-06-29 02:00:00,113047.53548455138,76674.66506698659
2026-06-29 03:00:00,113047.53548455138,76636.6726654669
2026-06-29 04:00:00,113047.53548455138,75518.89622075585
2026-06-29 05:00:00,113047.53548455138,76486.7026594681
2026-06-29 06:00:00,113047.53548455138,76644.67106578684
2026-06-29 07:00:00,113047.53548455138,76454.70905818837
2026-06-29 08:00:00,113047.53548455138,76242.75144971005
2026-06-29 09:00:00,113047.53548455138,76946.61067786442
2026-06-29 10:00:00,113047.53548455138,76896.62067586482
2026-06-29 11:00:00,113047.53548455138,76658.66826634674
2026-06-29 12:00:00,113047.53548455138,76748.65026994601
2026-06-29 13:00:00,113047.53548455138,76792.64147170566
2026-06-29 14:00:00,112826.40457681713,77594.48110377924
2026-06-29 15:00:00,113242.39623419635,77886.42271545691
2026-06-29 16:00:00,113136.97369088791,77812.43751249749
2026-06-29 17:00:00,117197.16623722613,80661.8676264747
2026-06-29 18:00:00,117097.44220977223,80591.88162367526
2026-06-29 19:00:00,118513.52339961789,81585.68286342731
2026-06-29 20:00:00,118043.39584162085,81255.74885022995
2026-06-29 21:00:00,119527.85922172063,82297.54049190161
2026-06-29 22:00:00,118382.45753496418,81493.70125974805
2026-06-29 23:00:00,118368.2112453279,81483.70325934813
2026-06-30 00:00:00,116624.4653938479,80259.94801039791
2026-06-30 01:00:00,115960.58829679752,79794.04119176164
2026-06-30 02:00:00,116607.36984628437,80247.950409918
2026-06-30 03:00:00,115946.34200716123,79784.04319136172
2026-06-30 04:00:00,116285.40370050457,80021.99560087982
2026-06-30 05:00:00,116641.56094141143,80271.94561087781
2026-06-30 06:00:00,116054.61380839693,79860.02799440111
2026-06-30 07:00:00,116185.67967305065,79952.00959808037
2026-06-30 08:00:00,115347.9978424377,79364.12717456507
2026-06-30 09:00:00,114578.69820207889,78824.2351529694
2026-06-30 10:00:00,114077.22880688203,78472.30553889222
2026-06-30 11:00:00,113697.20048306063,78362.32753449309
2026-06-30 12:00:00,113697.20048306063,77800.4399120176
2026-06-30 13:00:00,113697.20048306063,79314.13717256548
2026-06-30 14:00:00,113697.20048306063,79670.06598680264
2026-06-30 15:00:00,113474.79877353288,80255.94881023795
2026-06-30 16:00:00,112848.64287417482,79804.03919216157
2026-06-30 17:00:00,112435.82327681044,79506.09878024395
2026-06-30 18:00:00,113255.92126889002,80097.98040391921
2026-06-30 19:00:00,112995.48474437825,79910.01799640071
2026-06-30 20:00:00,112516.17071522363,79564.08718256348
2026-06-30 21:00:00,111751.48474963591,79012.1975604879
2026-06-30 22:00:00,110769.37307449942,78460.30793841231
2026-06-30 23:00:00,110552.69845251738,79884.02319536092
2026-07-01 00:00:00,109091.08033291927,78964.20715856827
2026-07-01 01:00:00,109091.08033291927,79246.15076984602
2026-07-01 02:00:00,108877.68859893472,80117.97640471905
2026-07-01 03:00:00,109194.5780134674,80355.92881423715
2026-07-01 04:00:00,111218.40956846601,81875.624875025
2026-07-01 05:00:00,110163.88681086147,81083.78324335132
2026-07-01 06:00:00,108478.24816044814,79818.03639272146
2026-07-01 07:00:00,108350.42722013243,79722.05558888223
2026-07-01 08:00:00,109333.0506988094,80459.90801839632
2026-07-01 09:00:00,109143.98222459243,80317.93641271746
2026-07-01 10:00:00,107482.31000048829,79070.18596280743
2026-07-01 11:00:00,106947.48055684482,78826.23475304939
2026-07-01 12:00:00,106947.48055684482,79388.12237552488
2026-07-01 13:00:00,106738.28189228252,81885.62287542492
2026-07-01 14:00:00,107788.08105634569,82707.45850829834
2026-07-01 15:00:00,108166.11092564338,83003.39932013597
2026-07-01 16:00:00,107588.84909820232,82551.48970205958
2026-07-01 17:00:00,107675.69379790584,82619.47610477904
2026-07-01 18:00:00,107187.83092604193,82237.5524895021
2026-07-01 19:00:00,107126.52878507474,82189.56208758248
2026-07-01 20:00:00,107205.71071715736,82251.54969006198
2026-07-01 21:00:00,108791.90361468347,83493.30133973205
2026-07-01 22:00:00,109831.48575525211,84307.13857228555
2026-07-01 23:00:00,108705.05891497995,83425.31493701259
2026-07-02 00:00:00,107356.41181370172,82369.52609478105
2026-07-02 01:00:00,108081.82048181348,82937.41251749649
2026-07-02 02:00:00,109821.26873175758,84299.1401719656
2026-07-02 03:00:00,110975.7923866397,85202.95940811837
2026-07-02 04:00:00,109729.3155203068,84227.15456908618
2026-07-02 05:00:00,109560.73463264701,84095.18096380723
2026-07-02 06:00:00,109647.57933235052,84163.16736652669
2026-07-02 07:00:00,110278.48053313789,84657.06858628274
2026-07-02 08:00:00,110283.58904488514,84661.0677864427
2026-07-02 09:00:00,110562.00293511116,84879.02419516096
2026-07-02 10:00:00,111936.19259512571,85954.80903819235
2026-07-02 11:00:00,117029.37880714994,89942.01159768047
2026-07-02 12:00:00,116735.63938168215,89712.05758848229
2026-07-02 13:00:00,116332.06695364813,89396.12077584483
2026-07-02 14:00:00,114002.58559689482,87572.4855028994
2026-07-02 15:00:00,113989.81431752666,87562.48750249948
2026-07-02 16:00:00,114209.4803226591,87734.45310937811
2026-07-02 17:00:00,114705.0059621439,88122.37552489502
2026-07-02 18:00:00,114955.32303775994,88318.33633273345
2026-07-02 19:00:00,112756.10873056191,86596.68066386721
2026-07-02 20:00:00,112794.42256866641,86626.67466506698
2026-07-02 21:00:00,112794.42256866641,86626.67466506698
2026-07-02 22:00:00,112521.11719018767,86412.71745650869
2026-07-02 23:00:00,113123.92157636506,86884.62307538491
2026-07-03 00:00:00,112725.45766007832,86572.68546290742
2026-07-03 01:00:00,113512.16846915727,87188.56228754247
2026-07-03 02:00:00,112342.31927903336,86272.74545090982
2026-07-03 03:00:00,111297.62862671746,85454.90901819635
2026-07-03 04:00:00,111330.83395307469,85480.90381923615
2026-07-03 05:00:00,113236.30883480492,86972.60547890421
2026-07-03 06:00:00,113445.75781644283,87136.5726854629
2026-07-03 07:00:00,114413.82079254974,87894.42111577684
2026-07-03 08:00:00,116227.34246282918,89314.13717256549
2026-07-03 09:00:00,116436.79144446709,89478.10437912418
2026-07-03 10:00:00,119782.86663892634,92097.5804839032
2026-07-03 11:00:00,120671.74768295063,92793.44131173764
2026-07-03 12:00:00,118853.11750092392,91369.72605478903
2026-07-03 13:00:00,120564.46893625804,92709.45810837831
2026-07-03 14:00:00,120209.42736982305,92431.51369726055
2026-07-03 15:00:00,119650.04533349743,91993.60127974405
2026-07-03 16:00:00,118893.98559490206,91401.71965606879
2026-07-03 17:00:00,118411.2312347854,91023.7952409518
2026-07-03 18:00:00,120005.08689993242,92271.54569086182
2026-07-03 19:00:00,119711.34747446462,92041.59168166367
2026-07-03 20:00:00,120911.84773507214,92981.40371925614
2026-07-03 21:00:00,120863.3168734731,92943.41131773645
2026-07-03 22:00:00,120740.71259153872,92847.43051389721
2026-07-03 23:00:00,119864.60282688259,92161.5676864627
2026-07-04 00:00:00,120579.79447149983,92721.45570885822
2026-07-04 01:00:00,119999.97838818515,92267.54649070186
2026-07-04 02:00:00,119415.05379312318,91809.63807238551
2026-07-04 03:00:00,119948.89327071249,92227.55448910219
2026-07-04 04:00:00,120199.21034632852,92423.5152969406
2026-07-04 05:00:00,120107.25713487774,92351.52969406119
2026-07-04 06:00:00,119782.86663892634,92097.5804839032
2026-07-04 07:00:00,120204.31885807579,92427.51449710058
2026-07-04 08:00:00,119959.11029420701,92235.5528894221
2026-07-04 09:00:00,119162.1824616335,91611.67766446709
2026-07-04 10:00:00,120132.79969361406,92371.52569486102
2026-07-04 11:00:00,120074.05180852051,92325.5348930214
2026-07-04 12:00:00,120306.48909302111,92507.49850029993
2026-07-04 13:00:00,120314.15186064201,92513.4973005399
2026-07-04 14:00:00,121187.70736942449,93197.36052789442
2026-07-04 15:00:00,121011.46371414381,93059.38812237552
2026-07-04 16:00:00,120733.04982391783,92841.43171365726
2026-07-04 17:00:00,121974.41817850347,93813.2373525295
2026-07-04 18:00:00,122217.07248649861,94003.19936012798
2026-07-04 19:00:00,121701.11280002473,93599.28014397119
2026-07-04 20:00:00,121491.66381838682,93435.31293741251
2026-07-04 21:00:00,122114.90225155327,93923.2153569286
2026-07-04 22:00:00,121340.96272184249,93317.33653269346
2026-07-04 23:00:00,120510.82956291175,92667.46650669866
2026-07-05 00:00:00,119481.46444583764,91861.6276744651
2026-07-05 01:00:00,119210.71332323254,91649.6700659868
2026-07-05 02:00:00,117979.85317731103,90867.82643471305
2026-07-05 03:00:00,117979.85317731103,90651.86962607478
2026-07-05 04:00:00,117979.85317731103,91241.75164967007
2026-07-05 05:00:00,117979.85317731103,91181.76364727055
2026-07-05 06:00:00,117979.85317731103,91411.7176564687
2026-07-05 07:00:00,117979.85317731103,91805.63887222555
2026-07-05 08:00:00,117979.85317731103,91635.67286542691
2026-07-05 09:00:00,117979.85317731103,90617.87642471505
2026-07-05 10:00:00,117979.85317731103,91177.76444711057
2026-07-05 11:00:00,117979.85317731103,91371.72565486902
2026-07-05 12:00:00,117979.85317731103,92439.51209758047
2026-07-05 13:00:00,117979.85317731103,92797.44051189761
2026-07-05 14:00:00,117749.07422299213,92933.41331733653
2026-07-05 15:00:00,117307.1401724202,92577.48450309939
2026-07-05 16:00:00,117289.76074346513,92563.48730253949
2026-07-05 17:00:00,117001.75877792385,92331.53369326134
2026-07-05 18:00:00,116281.7538640707,91751.64967006598
2026-07-05 19:00:00,117076.24204487419,92391.52169566086
2026-07-05 20:00:00,117416.38229728068,92665.46690661868
2026-07-05 21:00:00,117247.55355885993,92529.49410117976
2026-07-05 22:00:00,117436.24450180076,92681.46370725855
2026-07-05 23:00:00,117120.93200504438,92427.51449710058
2026-07-06 00:00:00,117865.76467454765,93027.39452109579
2026-07-06 01:00:00,116400.92709119122,91847.6304739052
2026-07-06 02:00:00,116006.1657763545,91529.69406118777
2026-07-06 03:00:00,115496.40229734646,91301.73965206959
2026-07-06 04:00:00,115496.40229734646,91017.79644071186
2026-07-06 05:00:00,115496.40229734646,91059.7880423915
2026-07-06 06:00:00,115496.40229734646,91313.73725254949
2026-07-06 07:00:00,115496.40229734646,91213.75724855029
2026-07-06 08:00:00,115496.40229734646,89538.09238152367
2026-07-06 09:00:00,115496.40229734646,88970.20595880823
2026-07-06 10:00:00,115496.40229734646,89212.15756848629
2026-07-06 11:00:00,115496.40229734646,88564.28714257148
2026-07-06 12:00:00,115496.40229734646,88922.21555688862
2026-07-06 13:00:00,115496.40229734646,88918.21635672865
2026-07-06 14:00:00,115496.40229734646,89280.14397120576
2026-07-06 15:00:00,115496.40229734646,90473.90521895619
2026-07-06 16:00:00,115496.40229734646,90069.98600279944
2026-07-06 17:00:00,115496.40229734646,89388.12237552488
2026-07-06 18:00:00,115496.40229734646,89846.03079384123
2026-07-06 19:00:00,115496.40229734646,90057.98840231953
2026-07-06 20:00:00,115496.40229734646,90469.90601879623
2026-07-06 21:00:00,115496.40229734646,91277.74445110977
2026-07-06 22:00:00,115496.40229734646,90853.82923415318
2026-07-06 23:00:00,115496.40229734646,90521.89562087582
2026-07-07 00:00:00,115270.48119105624,91123.775244951
2026-07-07 01:00:00,114831.73686008513,90769.84603079384
2026-07-07 02:00:00,112996.23383938755,89468.10637872426
2026-07-07 03:00:00,112996.23383938755,89762.0475904819
2026-07-07 04:00:00,112996.23383938755,89420.11597680463
2026-07-07 05:00:00,112996.23383938755,89488.10237952408
2026-07-07 06:00:00,112996.23383938755,90295.94081183763
2026-07-07 07:00:00,112996.23383938755,90967.80643871226
2026-07-07 08:00:00,112996.23383938755,90281.94361127773
2026-07-07 09:00:00,112775.20328217678,91417.71645670866
2026-07-07 10:00:00,112108.02149611687,90865.82683463307
2026-07-07 11:00:00,113190.98323580832,91761.6476704659
2026-07-07 12:00:00,113447.21971886032,91973.6052789442
2026-07-07 13:00:00,113036.2744158524,91633.67326534692
2026-07-07 14:00:00,115912.89153690786,94013.1973605279
2026-07-07 15:00:00,121811.16529772742,98892.22155568886
2026-07-07 16:00:00,124525.82162289151,101137.7724455109
2026-07-07 17:00:00,124301.01036889307,100951.80963807237
2026-07-07 18:00:00,122050.48050359674,99090.18196360728
2026-07-07 19:00:00,122154.42549200464,99176.16476704659
2026-07-07 20:00:00,120556.57346089736,97854.42911417717
2026-07-07 21:00:00,119512.28892619487,96990.60187962407
2026-07-07 22:00:00,119577.55670961378,97044.59108178364
2026-07-07 23:00:00,119161.77675598224,96700.6598680264
2026-07-08 00:00:00,120087.61235040597,97466.50669866026
2026-07-08 01:00:00,117841.91713573327,95608.87822435512
2026-07-08 02:00:00,118828.18586295229,96424.71505698861
2026-07-08 03:00:00,118231.10651093489,95930.81383723255
2026-07-08 04:00:00,118965.97340572553,96538.6922615477
2026-07-08 05:00:00,118818.51656170504,96416.71665666866
2026-07-08 06:00:00,117498.65694145607,95324.9350129974
2026-07-08 07:00:00,117401.9639289836,95244.95100979804
2026-07-08 08:00:00,116195.71859838977,94247.15056988601
2026-07-08 09:00:00,114206.72882787955,92787.44251149769
2026-07-08 10:00:00,114206.72882787955,93405.31893621276
2026-07-08 11:00:00,114206.72882787955,93259.34813037392
2026-07-08 12:00:00,114206.72882787955,92395.52089582082
2026-07-08 13:00:00,114206.72882787955,92801.43971205759
2026-07-08 14:00:00,114206.72882787955,91961.6076784643
2026-07-08 15:00:00,114206.72882787955,90839.83203359328
2026-07-08 16:00:00,114206.72882787955,92173.5652869426
2026-07-08 17:00:00,114206.72882787955,92861.4277144571
2026-07-08 18:00:00,114206.72882787955,93559.28814237152
2026-07-08 19:00:00,114206.72882787955,93313.3373325335
2026-07-08 20:00:00,114206.72882787955,92771.44571085782
2026-07-08 21:00:00,114206.72882787955,92909.41811637672
2026-07-08 22:00:00,114206.72882787955,92849.4301139772
2026-07-08 23:00:00,114206.72882787955,93179.36412717456
2026-07-09 00:00:00,114206.72882787955,92795.44091181763
2026-07-09 01:00:00,114206.72882787955,91823.63527294541
2026-07-09 02:00:00,114206.72882787955,91441.71165766846
2026-07-09 03:00:00,114206.72882787955,91539.69206158769
2026-07-09 04:00:00,114206.72882787955,92371.52569486102
2026-07-09 05:00:00,114206.72882787955,92957.40851829633
2026-07-09 06:00:00,114206.72882787955,93301.33973205359
2026-07-09 07:00:00,114206.72882787955,93569.28614277145
2026-07-09 08:00:00,114206.72882787955,93397.32053589281
2026-07-09 09:00:00,114206.72882787955,93311.33773245351
2026-07-09 10:00:00,114206.72882787955,93387.32253549289
2026-07-09 11:00:00,113983.33043616034,93557.28854229154
2026-07-09 12:00:00,113100.01201117843,92817.43651269746
2026-07-09 13:00:00,114100.31044379307,93655.26894621075
2026-07-09 14:00:00,113649.10184292395,93277.34453109378
2026-07-09 15:00:00,113589.4181655603,93227.35452909417
2026-07-09 16:00:00,114035.85207224035,93601.2797440512
2026-07-09 17:00:00,115680.7342203823,94979.00419916016
2026-07-09 18:00:00,120663.12760669913,99152.16956608678
2026-07-09 19:00:00,118168.3498928989,97062.5874825035
2026-07-09 20:00:00,118583.74828734984,97410.51789642072
2026-07-09 21:00:00,119020.63280565171,97776.44471105779
2026-07-09 22:00:00,117251.60860859335,96294.74105178964
2026-07-09 23:00:00,117244.44656730973,96288.74225154969
2026-07-10 00:00:00,117048.68410555698,96124.77504499101
2026-07-10 01:00:00,118010.78498465888,96930.61387722455
2026-07-10 02:00:00,119779.80918171722,98412.3175364927
2026-07-10 03:00:00,119607.92019090994,98268.34633073385
2026-07-10 04:00:00,119746.38632239358,98384.32313537292
2026-07-10 05:00:00,121100.01212500097,99518.09638072386
2026-07-10 06:00:00,121672.97542769193,99998.00039992001
2026-07-10 07:00:00,121770.8566585683,100079.98400319935
2026-07-10 08:00:00,121902.16074876832,100189.96200759849
2026-07-10 09:00:00,122222.06525943744,100457.90841831632
2026-07-10 10:00:00,121840.08972431014,100137.9724055189
2026-07-10 11:00:00,121766.08196437922,100075.98480303939
2026-07-10 12:00:00,122011.97871511742,100281.94361127773
2026-07-10 13:00:00,123348.89308806299,101401.71965606879
2026-07-10 14:00:00,122673.27386030657,100835.83283343332
2026-07-10 15:00:00,121883.06197201196,100173.9652069586
2026-07-10 16:00:00,122923.94530523386,101045.79084183162
2026-07-10 17:00:00,121794.73012951377,100099.9800039992
2026-07-10 18:00:00,121816.21625336468,100117.97640471904
2026-07-10 19:00:00,122933.49469361205,101053.78924215156
2026-07-10 20:00:00,122644.62569517203,100811.8376324735
2026-07-10 21:00:00,121386.49377634645,99758.04839032193
2026-07-10 22:00:00,121773.24400566285,100081.98360327934
2026-07-10 23:00:00,121443.79010661555,99806.03879224155
2026-07-11 00:00:00,121431.85337114282,99796.04079184162
2026-07-11 01:00:00,122327.10853159745,100545.89082183562
2026-07-11 02:00:00,123406.1894183321,101449.7100579884
2026-07-11 03:00:00,122245.9387303829,100477.90441911617
2026-07-11 04:00:00,121861.57584816104,100155.96880623874
2026-07-11 05:00:00,122069.27504538652,100329.93401319736
2026-07-11 06:00:00,121489.14970141192,99844.03119376124
2026-07-11 07:00:00,121431.85337114282,99796.04079184162
2026-07-11 08:00:00,121947.52034356468,100227.95440911817
2026-07-11 09:00:00,121443.79010661555,99806.03879224155
2026-07-11 10:00:00,122644.62569517203,100811.8376324735
2026-07-11 11:00:00,123076.73551928479,101173.76524695061
2026-07-11 12:00:00,122661.33712483385,100825.8348330334
2026-07-11 13:00:00,122176.70566464106,100419.91601679663
2026-07-11 14:00:00,122909.62122266658,101033.79324135171
2026-07-11 15:00:00,122728.18284348112,100881.82363527294
2026-07-11 16:00:00,122880.97305753204,101009.79804039192
2026-07-11 17:00:00,123272.49798103754,101337.73245350929
2026-07-11 18:00:00,125815.02263672868,103467.30653869227
2026-07-11 19:00:00,125325.6164823468,103057.38852229553
2026-07-11 20:00:00,126736.53861522328,104239.15216956608
2026-07-11 21:00:00,127753.54847749975,105090.98180363925
2026-07-11 22:00:00,126440.50757549962,103991.20175964804
2026-07-11 23:00:00,123726.0939290012,101717.65646870625
2026-07-12 00:00:00,123181.7787914448,101261.74765046992
2026-07-12 01:00:00,124578.37684175401,102431.51369726054
2026-07-12 02:00:00,124986.61319492133,102773.44531093782
2026-07-12 03:00:00,125232.50994565952,102979.40411917616
2026-07-12 04:00:00,125373.36342423773,103097.38052389523
2026-07-12 05:00:00,125413.948324845,103131.37372525493
2026-07-12 06:00:00,124774.13930350677,102595.48090381925
2026-07-12 07:00:00,125886.64304956504,103527.29454109177
2026-07-12 08:00:00,127689.090105947,105036.9926014797
2026-07-12 09:00:00,127538.68723899063,104911.0177964407
2026-07-12 10:00:00,126610.00921921237,104133.17336532692
2026-07-12 11:00:00,126970.49863048877,104435.11297740451
2026-07-12 12:00:00,127304.72722372516,104715.05698860226
2026-07-12 13:00:00,127889.62726188886,105204.95900819835
2026-07-12 14:00:00,129744.59595435084,106758.64827034592
2026-07-12 15:00:00,129157.30856909262,106266.74665066987
2026-07-12 16:00:00,131821.58792660557,108498.30033993202
2026-07-12 17:00:00,132427.97408862016,109006.19876024795
2026-07-12 18:00:00,132065.09733024923,108702.25954809038
2026-07-12 19:00:00,130964.53031966368,107780.44391121775
2026-07-12 20:00:00,131372.766672831,108122.37552489503
2026-07-12 21:00:00,130943.04419581276,107762.44751049788
2026-07-12 22:00:00,130224.45272035451,107160.5678864227
2026-07-12 23:00:00,129656.26411185264,106684.66306738651
2026-07-13 00:00:00,129909.3229038745,106896.62067586483
2026-07-13 01:00:00,128166.55952485614,105436.9126174765
2026-07-13 02:00:00,127529.13785061246,104903.01939612077
2026-07-13 03:00:00,126567.03697151056,104097.18056388722
2026-07-13 04:00:00,125670.41147382365,103553.28934213157
2026-07-13 05:00:00,125670.41147382365,102805.43891221756
2026-07-13 06:00:00,125670.41147382365,103611.27774445109
2026-07-13 07:00:00,125670.41147382365,104407.11857628473
2026-07-13 08:00:00,125670.41147382365,104487.10257948408
2026-07-13 09:00:00,125670.41147382365,103061.3877224555
2026-07-13 10:00:00,125670.41147382365,102779.44411117777
2026-07-13 11:00:00,125670.41147382365,102337.5324935013
2026-07-13 12:00:00,125670.41147382365,102521.49570085983
2026-07-13 13:00:00,125670.41147382365,101061.7876424715
2026-07-13 14:00:00,125670.41147382365,103133.37332533492
2026-07-13 15:00:00,125670.41147382365,101791.64167166565
2026-07-13 16:00:00,125670.41147382365,101899.62007598481
2026-07-13 17:00:00,125670.41147382365,101927.61447710457
2026-07-13 18:00:00,125670.41147382365,102185.56288742251
2026-07-13 19:00:00,125670.41147382365,100751.84963007398
2026-07-13 20:00:00,125670.41147382365,99028.19436112778
2026-07-13 21:00:00,125670.41147382365,98420.31593681264
2026-07-13 22:00:00,125670.41147382365,98590.28194361128
2026-07-13 23:00:00,125670.41147382365,99094.18116376724
2026-07-14 00:00:00,125670.41147382365,100179.96400719855
2026-07-14 01:00:00,125670.41147382365,100219.95600879822
2026-07-14 02:00:00,125670.41147382365,99690.06198760247
2026-07-14 03:00:00,125670.41147382365,100551.88962207557
2026-07-14 04:00:00,125670.41147382365,101027.79444111178
2026-07-14 05:00:00,125670.41147382365,101703.65926814638
2026-07-14 06:00:00,125670.41147382365,101251.74965006998
2026-07-14 07:00:00,125670.41147382365,101097.7804439112
2026-07-14 08:00:00,125670.41147382365,101171.76564687063
2026-07-14 09:00:00,125670.41147382365,100919.81603679263
2026-07-14 10:00:00,125670.41147382365,101873.625274945
2026-07-14 11:00:00,125670.41147382365,101805.63887222555
2026-07-14 12:00:00,125424.58911205849,104509.09818036392
2026-07-14 13:00:00,125967.82995744025,104971.00579884024
2026-07-14 14:00:00,127616.36602935624,106372.72545490901
2026-07-14 15:00:00,129441.27899912346,107924.41511697661
2026-07-14 16:00:00,131818.83958215782,109946.01079784043
2026-07-14 17:00:00,131033.37446372707,109278.14437112577
2026-07-14 18:00:00,130137.37982264292,108516.29674065189
2026-07-14 19:00:00,129314.2876326706,107816.43671265748
2026-07-14 20:00:00,129006.21598442379,107554.48910217955
2026-07-14 21:00:00,130436.04470300431,108770.24595080984
2026-07-14 22:00:00,133394.47320296196,111285.74285142969
2026-07-14 23:00:00,135221.73786470052,112839.43211357728
2026-07-15 00:00:00,133055.82955908764,110997.80043991201
2026-07-15 01:00:00,133208.68953722535,111127.77444511098
2026-07-15 02:00:00,133171.0624656838,111095.78084383122
2026-07-15 03:00:00,133582.60856066993,111445.71085782844
2026-07-15 04:00:00,132616.0631604453,110623.875224955
2026-07-15 05:00:00,133312.16398396477,111215.75684863028
2026-07-15 06:00:00,133088.75324668654,111025.79484103179
2026-07-15 07:00:00,132411.4659589379,110449.9100179964
2026-07-15 08:00:00,133298.05383213665,111203.75924815035
2026-07-15 09:00:00,133810.72268189082,111639.67206558687
2026-07-15 10:00:00,136296.46109560726,113753.24935012996
2026-07-15 11:00:00,137947.3488594946,115156.96860627874
2026-07-15 12:00:00,140221.4349957896,117090.5818836233
2026-07-15 13:00:00,138923.30102760467,115986.8026394721
2026-07-15 14:00:00,138570.54723190222,115686.86262747449
2026-07-15 15:00:00,137952.05224343733,115160.9678064387
2026-07-15 16:00:00,137067.8160622099,114409.11817636472
2026-07-15 17:00:00,137639.27721124786,114895.02099580085
2026-07-15 18:00:00,136856.16378478846,114229.15416916617
2026-07-15 19:00:00,135964.872527647,113471.30573885223
2026-07-15 20:00:00,138086.09868580426,115274.94501099779
2026-07-15 21:00:00,138427.09402164994,115564.88702259549
2026-07-15 22:00:00,138024.95469454917,115222.9554089182
2026-07-15 23:00:00,136686.8419628513,114085.18296340731
2026-07-16 00:00:00,136004.85129115992,113505.29894021196
2026-07-16 01:00:00,136120.08419775605,113603.27934413117
2026-07-16 02:00:00,137053.70591038183,114397.12057588482
2026-07-16 03:00:00,136148.30450141226,113627.27454509099
2026-07-16 04:00:00,135847.28792907952,113371.32573485302
2026-07-16 05:00:00,136665.67673510915,114067.18656268746
2026-07-16 06:00:00,135877.85992470707,113397.32053589282
2026-07-16 07:00:00,136289.40601969324,113747.25054989001
2026-07-16 08:00:00,131564.92269662727,109950.0099980004
2026-07-16 09:00:00,131564.92269662727,109494.10117976405
2026-07-16 10:00:00,131564.92269662727,109644.07118576285
2026-07-16 11:00:00,131564.92269662727,109506.09878024395
2026-07-16 12:00:00,131564.92269662727,110279.94401119776
2026-07-16 13:00:00,131564.92269662727,110987.80243951207
2026-07-16 14:00:00,131564.92269662727,110949.8100379924
2026-07-16 15:00:00,131564.92269662727,111143.77124575086
2026-07-16 16:00:00,131564.92269662727,111161.7676464707
2026-07-16 17:00:00,131564.92269662727,108828.23435312936
2026-07-16 18:00:00,131564.92269662727,108638.27234553087
2026-07-16 19:00:00,131564.92269662727,109392.12157568487
2026-07-16 20:00:00,131564.92269662727,108030.39392121574
2026-07-16 21:00:00,131564.92269662727,108152.36952609477
2026-07-16 22:00:00,131564.92269662727,107498.50029994002
2026-07-16 23:00:00,131564.92269662727,104723.05538892222
2026-07-17 00:00:00,131564.92269662727,106708.65826834632
2026-07-17 01:00:00,131564.92269662727,105858.82823435313
2026-07-17 02:00:00,131564.92269662727,105990.80183963205
2026-07-17 03:00:00,131564.92269662727,107568.48630273945
2026-07-17 04:00:00,131564.92269662727,107992.40151969607
2026-07-17 05:00:00,131564.92269662727,106450.70985802841
2026-07-17 06:00:00,131564.92269662727,106514.69706058787
2026-07-17 07:00:00,131564.92269662727,106456.70865826833
2026-07-17 08:00:00,131564.92269662727,105840.83183363326
2026-07-17 09:00:00,131564.92269662727,106446.71065786843
2026-07-17 10:00:00,131564.92269662727,106960.6078784243
2026-07-17 11:00:00,131564.92269662727,107234.55308938213
2026-07-17 12:00:00,131564.92269662727,106184.7630473905
2026-07-17 13:00:00,131564.92269662727,108000.399920016
2026-07-17 14:00:00,131564.92269662727,107746.45070985802
2026-07-17 15:00:00,131564.92269662727,108734.25314937011
2026-07-17 16:00:00,131307.57015322865,109716.05678864227
2026-07-17 17:00:00,131279.42830153843,109692.06158768247
2026-07-17 18:00:00,131342.74746784146,109746.05078984203
2026-07-17 19:00:00,130718.93642204121,109214.15716856626
2026-07-17 20:00:00,129902.8227230244,108518.29634073187
2026-07-17 21:00:00,130069.32867885826,108660.2679464107
2026-07-17 22:00:00,129940.3451919447,108550.28994201159
2026-07-17 23:00:00,131021.46132771127,109472.10557888422
2026-07-18 00:00:00,130876.06176064504,109348.13037392522
2026-07-18 01:00:00,131119.95780862708,109556.08878224355
2026-07-18 02:00:00,130679.06879881339,109180.16396720655
2026-07-18 03:00:00,130887.78753218263,109358.12837432513
2026-07-18 04:00:00,130247.56040622976,108812.2375524895
2026-07-18 05:00:00,129438.4821701355,108122.37552489503
2026-07-18 06:00:00,128988.2125430917,107738.45230953807
2026-07-18 07:00:00,129325.29564263737,108242.35152969406
2026-07-18 08:00:00,129325.29564263737,107792.44151169767
2026-07-18 09:00:00,129325.29564263737,107694.46110777845
2026-07-18 10:00:00,129325.29564263737,107964.40711857627
2026-07-18 11:00:00,129325.29564263737,108516.29674065189
2026-07-18 12:00:00,129325.29564263737,109320.13597280544
2026-07-18 13:00:00,129072.32400645017,108848.2303539292
2026-07-18 14:00:00,132281.23214987366,111609.6780643871
2026-07-18 15:00:00,132065.13623579807,111423.7152569486
2026-07-18 16:00:00,131948.95563683272,111323.73525294941
2026-07-18 17:00:00,132594.91976708017,111879.62407518494
2026-07-18 18:00:00,132309.11549362534,111633.67326534692
2026-07-18 19:00:00,132030.28205610847,111393.72125574884
2026-07-18 20:00:00,132429.94331654932,111737.6524695061
2026-07-18 21:00:00,132434.59054050798,111741.65166966607
2026-07-18 22:00:00,132978.31574366585,112209.55808838231
2026-07-18 23:00:00,132406.70719675627,111717.65646870626
2026-07-19 00:00:00,131735.18333473642,111139.77204559087
2026-07-19 01:00:00,131663.1513633779,111077.78444311138
2026-07-19 02:00:00,132550.77113947333,111841.63167366528
2026-07-19 03:00:00,131704.9763790054,111113.77724455106
2026-07-19 04:00:00,132418.32525665278,111727.65446910617
2026-07-19 05:00:00,132771.51427750752,112031.59368126374
2026-07-19 06:00:00,132504.2988998872,111801.63967206558
2026-07-19 07:00:00,132643.71561864563,111921.61567686463
2026-07-19 08:00:00,133649.8396056857,112787.44251149768
2026-07-19 09:00:00,132720.39481396275,111987.60247950407
2026-07-19 10:00:00,132485.7100040527,111785.64287142569
2026-07-19 11:00:00,131711.94721494336,111119.77604479104
2026-07-19 12:00:00,131807.21530609496,111201.75964807038
2026-07-19 13:00:00,132130.1973712187,111479.70405918814
2026-07-19 14:00:00,131779.33196234325,111177.76444711059
2026-07-19 15:00:00,131114.77893626137,110605.87882423514
2026-07-19 16:00:00,130461.17941704989,110263.94721055788
2026-07-19 17:00:00,130461.17941704989,110261.94761047789
2026-07-19 18:00:00,130461.17941704989,109912.01759648068
2026-07-19 19:00:00,130461.17941704989,109986.0027994401
2026-07-19 20:00:00,130461.17941704989,110349.9300139972
2026-07-19 21:00:00,130461.17941704989,109576.08478304339
2026-07-19 22:00:00,130461.17941704989,109070.18596280745
2026-07-19 23:00:00,130461.17941704989,109620.07598480303
2026-07-20 00:00:00,130461.17941704989,109210.15796840632
2026-07-20 01:00:00,130461.17941704989,107822.43551289743
2026-07-20 02:00:00,130461.17941704989,107572.48550289942
2026-07-20 03:00:00,130461.17941704989,107402.51949610078
2026-07-20 04:00:00,130461.17941704989,106386.7226554689
2026-07-20 05:00:00,130461.17941704989,106448.71025794842
2026-07-20 06:00:00,130461.17941704989,105974.8050389922
2026-07-20 07:00:00,130461.17941704989,106392.72145570886
2026-07-20 08:00:00,130461.17941704989,105676.86462707457
2026-07-20 09:00:00,130461.17941704989,106092.78144371125
2026-07-20 10:00:00,130461.17941704989,106330.73385322935
2026-07-20 11:00:00,130461.17941704989,107736.45270945808
2026-07-20 12:00:00,130461.17941704989,107498.50029994002
2026-07-20 13:00:00,130461.17941704989,105864.82703459305
2026-07-20 14:00:00,130461.17941704989,105880.82383523294
2026-07-20 15:00:00,130461.17941704989,109406.11877624475
2026-07-20 16:00:00,130461.17941704989,111237.75244951008
2026-07-20 17:00:00,130205.98589244168,110147.97040591882
2026-07-20 18:00:00,129490.23025021661,109530.09398120374
2026-07-20 19:00:00,129423.05577246734,109472.10557888422
2026-07-20 20:00:00,129721.86638038653,109730.05398920215
2026-07-20 21:00:00,129374.41218513164,109430.11397720454
2026-07-20 22:00:00,129193.73600359912,109274.14517096581
2026-07-20 23:00:00,128584.53298125222,108748.25034993001
2026-07-21 00:00:00,129726.49910298992,109734.05318936211
2026-07-21 01:00:00,127894.25731334586,108152.36952609477
2026-07-21 02:00:00,128614.64567817432,108774.2451509698
2026-07-21 03:00:00,130148.07685989919,110097.98040391922
2026-07-21 04:00:00,129457.80119199282,109502.09958008399
2026-07-21 05:00:00,130053.10604652953,110015.99680063987
2026-07-21 06:00:00,129925.70617493606,109906.01879624074
2026-07-21 07:00:00,130166.60775031277,110113.97720455907
2026-07-21 08:00:00,128107.36255310218,108336.3327334533
2026-07-21 09:00:00,127289.68701360236,107630.47390521895
2026-07-21 10:00:00,126688.94334272928,107326.53469306139
2026-07-21 11:00:00,126688.94334272928,109002.19956008799
2026-07-21 12:00:00,126688.94334272928,108666.26674665067
2026-07-21 13:00:00,126441.12864317663,109872.02559488102
2026-07-21 14:00:00,124613.44618698776,108468.30633873226
2026-07-21 15:00:00,124613.44618698776,108346.33073385322
2026-07-21 16:00:00,124613.44618698776,107898.42031593682
2026-07-21 17:00:00,124613.44618698776,107358.52829434111
2026-07-21 18:00:00,124613.44618698776,106772.64547090582
2026-07-21 19:00:00,124613.44618698776,106478.70425914816
2026-07-21 20:00:00,124613.44618698776,105978.80423915216
2026-07-21 21:00:00,124613.44618698776,106760.64787042589
2026-07-21 22:00:00,124613.44618698776,106816.63667266548
2026-07-21 23:00:00,124613.44618698776,106542.69146170767
2026-07-22 00:00:00,124613.44618698776,106834.63307338532
2026-07-22 01:00:00,124613.44618698776,106210.75784843031
2026-07-22 02:00:00,124613.44618698776,106108.77824435112
2026-07-22 03:00:00,124613.44618698776,104151.16976604679
2026-07-22 04:00:00,124613.44618698776,104687.06258748248
2026-07-22 05:00:00,124613.44618698776,103623.27534493101
2026-07-22 06:00:00,124613.44618698776,102767.44651069788
2026-07-22 07:00:00,124613.44618698776,102849.4301139772
2026-07-22 08:00:00,124613.44618698776,103311.3377324535
2026-07-22 09:00:00,124613.44618698776,103171.36572685464
2026-07-22 10:00:00,124613.44618698776,103259.34813037392
2026-07-22 11:00:00,124613.44618698776,102687.4625074985
2026-07-22 12:00:00,124613.44618698776,102651.46970605878
2026-07-22 13:00:00,124613.44618698776,103343.33133373325
2026-07-22 14:00:00,124613.44618698776,102275.5448910218
2026-07-22 15:00:00,124613.44618698776,101593.68126374723
2026-07-22 16:00:00,124613.44618698776,102609.47810437913
2026-07-22 17:00:00,124613.44618698776,103177.36452709459
2026-07-22 18:00:00,124613.44618698776,102499.50009998001
2026-07-22 19:00:00,124613.44618698776,101909.61807638472
2026-07-22 20:00:00,124613.44618698776,102661.4677064587
2026-07-22 21:00:00,124613.44618698776,102757.44851029794
2026-07-22 22:00:00,124613.44618698776,102791.44171165767
2026-07-22 23:00:00,124613.44618698776,103075.3849230154
2026-07-23 00:00:00,124613.44618698776,103125.37492501498
2026-07-23 01:00:00,124613.44618698776,103291.34173165367
2026-07-23 02:00:00,124613.44618698776,103313.33733253347
2026-07-23 03:00:00,124613.44618698776,102781.44371125774
2026-07-23 04:00:00,124613.44618698776,102407.51849630075
2026-07-23 05:00:00,124613.44618698776,102883.42331533693
2026-07-23 06:00:00,124613.44618698776,103353.32933413317
2026-07-23 07:00:00,124613.44618698776,102883.42331533693
2026-07-23 08:00:00,124613.44618698776,103089.38212357528
2026-07-23 09:00:00,124613.44618698776,103151.36972605479
2026-07-23 10:00:00,124613.44618698776,102949.4101179764
2026-07-23 11:00:00,124613.44618698776,103493.30133973208
2026-07-23 12:00:00,124613.44618698776,102697.46050789843
2026-07-23 13:00:00,124613.44618698776,103009.3981203759
2026-07-23 14:00:00,124613.44618698776,102861.4277144571
2026-07-23 15:00:00,124613.44618698776,102983.40331933612
2026-07-23 16:00:00,124613.44618698776,102831.43371325734
2026-07-23 17:00:00,124613.44618698776,101015.79684063187
2026-07-23 18:00:00,124613.44618698776,101931.61367726453
2026-07-23 19:00:00,124613.44618698776,100023.99520095982
2026-07-23 20:00:00,124613.44618698776,100809.83803239351
2026-07-23 21:00:00,124613.44618698776,100573.8852229554
2026-07-23 22:00:00,124613.44618698776,100523.89522095582
2026-07-23 23:00:00,124613.44618698776,100953.80923815236
2026-07-24 00:00:00,124613.44618698776,101485.7028594281
2026-07-24 01:00:00,124613.44618698776,101473.7052589482
2026-07-24 02:00:00,124613.44618698776,101157.76844631073
2026-07-24 03:00:00,124613.44618698776,101951.60967806439
2026-07-24 04:00:00,124613.44618698776,101891.62167566485
2026-07-24 05:00:00,124613.44618698776,101691.66166766646
2026-07-24 06:00:00,124613.44618698776,101295.74085182961
2026-07-24 07:00:00,124613.44618698776,102179.56408718256
2026-07-24 08:00:00,124613.44618698776,101777.64447110577
2026-07-24 09:00:00,124613.44618698776,101251.74965006998
2026-07-24 10:00:00,124613.44618698776,100041.99160167966
2026-07-24 11:00:00,124613.44618698776,100467.90641871626
2026-07-24 12:00:00,124613.44618698776,99724.05518896221
2026-07-24 13:00:00,124613.44618698776,99980.00399920015
2026-07-24 14:00:00,124613.44618698776,99816.03679264148
2026-07-24 15:00:00,124613.44618698776,99030.19396120775
2026-07-24 16:00:00,124613.44618698776,98382.32353529293
2026-07-24 17:00:00,124613.44618698776,98834.23315336932
2026-07-24 18:00:00,124613.44618698776,99118.17636472706
2026-07-24 19:00:00,124613.44618698776,99122.17556488702
2026-07-24 20:00:00,124613.44618698776,99152.16956608678
2026-07-24 21:00:00,124613.44618698776,97594.48110377924
2026-07-24 22:00:00,124613.44618698776,97322.53549290141
2026-07-24 23:00:00,124613.44618698776,97708.45830833833
2026-07-25 00:00:00,124613.44618698776,97624.475104979
2026-07-25 01:00:00,124613.44618698776,97348.5302939412
2026-07-25 02:00:00,124613.44618698776,97658.46830633873
2026-07-25 03:00:00,124613.44618698776,97580.48390321936
2026-07-25 04:00:00,124613.44618698776,97480.50389922014
2026-07-25 05:00:00,124613.44618698776,95362.9274145171
2026-07-25 06:00:00,124613.44618698776,95522.89542091581
2026-07-25 07:00:00,124613.44618698776,95058.98820235951
2026-07-25 08:00:00,124613.44618698776,94841.03179364128
2026-07-25 09:00:00,124613.44618698776,95510.8978204359
2026-07-25 10:00:00,124613.44618698776,95530.89382123575
2026-07-25 11:00:00,124613.44618698776,95660.8678264347
2026-07-25 12:00:00,124613.44618698776,95640.87182563487
2026-07-25 13:00:00,124613.44618698776,95352.92941411717
2026-07-25 14:00:00,124613.44618698776,95272.9454109178
2026-07-25 15:00:00,124613.44618698776,96014.79704059187
2026-07-25 16:00:00,124613.44618698776,95964.80703859228
2026-07-25 17:00:00,124613.44618698776,96904.61907618477
2026-07-25 18:00:00,124613.44618698776,97292.54149170166
2026-07-25 19:00:00,124613.44618698776,96580.68386322734
2026-07-25 20:00:00,124613.44618698776,96824.6350729854
2026-07-25 21:00:00,124613.44618698776,97044.59108178364
2026-07-25 22:00:00,124613.44618698776,96802.63947210558
2026-07-25 23:00:00,124613.44618698776,97062.5874825035
2026-07-26 00:00:00,124369.69134215094,97468.50629874025
2026-07-26 01:00:00,124237.1723985235,97362.5274945011
2026-07-26 02:00:00,124394.69491642027,97488.5022995401
2026-07-26 03:00:00,124519.71278776691,97588.48230353929
2026-07-26 04:00:00,124712.24030964072,97742.45150969806
2026-07-26 05:00:00,124652.23173139433,97694.46110777844
2026-07-26 06:00:00,125579.86433678638,98436.3127374525
2026-07-26 07:00:00,125402.33895947417,98294.34113177365
2026-07-26 08:00:00,125532.35754567466,98398.3203359328
2026-07-26 09:00:00,125544.85933280934,98408.31833633273
2026-07-26 10:00:00,125714.88363784077,98544.29114177164
2026-07-26 11:00:00,125832.40043690661,98638.2723455309
2026-07-26 12:00:00,125704.88220813303,98536.2927414517
2026-07-26 13:00:00,124639.72994425967,97684.46310737851
2026-07-26 14:00:00,124682.23602051754,97718.45630873824
2026-07-26 15:00:00,126212.45476580039,98942.21155768845
2026-07-26 16:00:00,126272.46334404677,98990.20195960806
2026-07-26 17:00:00,125694.8807784253,98528.29434113177
2026-07-26 18:00:00,125539.85861795547,98404.31913617275
2026-07-26 19:00:00,125499.85289912454,98372.32553489301
2026-07-26 20:00:00,125702.3818507061,98534.29314137172
2026-07-26 21:00:00,126299.96727574304,99012.1975604879
2026-07-26 22:00:00,129432.9151316898,101517.69646070786
2026-07-26 23:00:00,129587.93729215964,101641.67166566687
2026-07-27 00:00:00,129127.87152560402,101273.74525094981
2026-07-27 01:00:00,128235.243924189,100559.8880223955
2026-07-27 02:00:00,129332.90083461249,101437.7124575085
2026-07-27 03:00:00,128497.78145401695,100769.84603079384
2026-07-27 04:00:00,128375.26394009724,100671.86562687463
2026-07-27 05:00:00,128437.77287577055,100721.85562887421
2026-07-27 06:00:00,128582.79360653266,100837.8324335133
2026-07-27 07:00:00,127135.08665633858,99680.06398720255
2026-07-27 08:00:00,126992.56628300341,99566.08678264347
2026-07-27 09:00:00,127862.69066757603,100261.9476104779
2026-07-27 10:00:00,128260.24749845834,100579.88402319535
2026-07-27 11:00:00,128250.2460687506,100571.88562287543
2026-07-27 12:00:00,128100.22462313464,100451.90961807637
2026-07-27 13:00:00,127935.20103295706,100319.93601279742
2026-07-27 14:00:00,125292.32323268913,98206.35872825434
2026-07-27 15:00:00,123177.70094672412,96708.65826834632
2026-07-27 16:00:00,123177.70094672412,97566.48670265946
2026-07-27 17:00:00,123177.70094672412,98166.36672665467
2026-07-27 18:00:00,123177.70094672412,97004.59908018397
2026-07-27 19:00:00,123177.70094672412,97818.43631273744
2026-07-27 20:00:00,123177.70094672412,97962.4075184963
2026-07-27 21:00:00,123177.70094672412,97200.5598880224
2026-07-27 22:00:00,123177.70094672412,95618.87622475505
2026-07-27 23:00:00,123177.70094672412,95332.93341331734
2026-07-28 00:00:00,123177.70094672412,95444.91101779643
2026-07-28 01:00:00,123177.70094672412,94773.0453909218
2026-07-28 02:00:00,123177.70094672412,94805.03899220155
2026-07-28 03:00:00,123177.70094672412,95062.98740251949
2026-07-28 04:00:00,123177.70094672412,95396.9206158768
2026-07-28 05:00:00,123177.70094672412,93661.2677464507
2026-07-28 06:00:00,123177.70094672412,94717.05658868226
2026-07-28 07:00:00,123177.70094672412,93833.23335332933
2026-07-28 08:00:00,123177.70094672412,93759.24815036992
2026-07-28 09:00:00,123177.70094672412,93783.24335132973
2026-07-28 10:00:00,123177.70094672412,93617.27654469106
2026-07-28 11:00:00,123177.70094672412,93007.39852029593
2026-07-28 12:00:00,123177.70094672412,92837.43251349729
2026-07-28 13:00:00,123177.70094672412,91957.60847830433
2026-07-28 14:00:00,123177.70094672412,93763.2473505299
2026-07-28 15:00:00,123177.70094672412,95736.8526294741
2026-07-28 16:00:00,123177.70094672412,94829.03419316137
2026-07-28 17:00:00,123177.70094672412,93181.36372725455
2026-07-28 18:00:00,123177.70094672412,93213.3573285343
2026-07-28 19:00:00,123177.70094672412,94073.1853629274
2026-07-28 20:00:00,123177.70094672412,93965.20695860828
2026-07-28 21:00:00,123177.70094672412,93913.2173565287
2026-07-28 22:00:00,123177.70094672412,92571.48570285943
2026-07-28 23:00:00,123177.70094672412,93131.37372525495
2026-07-29 00:00:00,123177.70094672412,93213.3573285343
2026-07-29 01:00:00,123177.70094672412,91659.66806638672
2026-07-29 02:00:00,123177.70094672412,92385.52289542092
2026-07-29 03:00:00,123177.70094672412,90837.8324335133
2026-07-29 04:00:00,123177.70094672412,92187.5624875025
2026-07-29 05:00:00,123177.70094672412,93027.39452109579
2026-07-29 06:00:00,123177.70094672412,93471.30573885223
2026-07-29 07:00:00,123177.70094672412,93389.32213557289
2026-07-29 08:00:00,123177.70094672412,92219.55608878224
2026-07-29 09:00:00,123177.70094672412,92355.52889422115
2026-07-29 10:00:00,123177.70094672412,91665.66686662668
2026-07-29 11:00:00,123177.70094672412,91987.60247950409
2026-07-29 12:00:00,123177.70094672412,91951.60967806439
2026-07-29 13:00:00,123177.70094672412,93231.35372925414
2026-07-29 14:00:00,123177.70094672412,92159.56808638271
2026-07-29 15:00:00,123177.70094672412,92763.4473105379
2026-07-29 16:00:00,123177.70094672412,92683.46330733853
2026-07-29 17:00:00,123177.70094672412,93547.29054189162
2026-07-29 18:00:00,123177.70094672412,93623.275344931
2026-07-29 19:00:00,123177.70094672412,91847.6304739052
2026-07-29 20:00:00,123177.70094672412,91693.66126774646
2026-07-29 21:00:00,123177.70094672412,92405.51889622075
2026-07-29 22:00:00,123177.70094672412,93485.30293941211
2026-07-29 23:00:00,122936.75454567064,93481.30373925214
2026-07-30 00:00:00,122478.05444526939,93125.374925015
2026-07-30 01:00:00,123312.99170667391,93773.2453509298
2026-07-30 02:00:00,123748.4991053695,94111.1777644471
2026-07-30 03:00:00,124209.77617262695,94469.10617876424
2026-07-30 04:00:00,123877.34744817884,94211.1577684463
2026-07-30 05:00:00,125390.02699276054,95384.92301539691
2026-07-30 06:00:00,124369.54811771054,94593.08138372326
2026-07-30 07:00:00,124470.04982510183,94671.06578684262
2026-07-30 08:00:00,125137.48424085423,95188.96220755849
2026-07-30 09:00:00,125225.10111396459,95256.94861027793
2026-07-30 10:00:00,124457.1649908209,94661.0677864427
2026-07-30 11:00:00,125304.98708650637,95318.93621275744
2026-07-30 12:00:00,124910.7111575098,95012.99740051989
2026-07-30 13:00:00,124923.59599179072,95022.99540091981
2026-07-30 14:00:00,124683.93807416533,94837.0325934813
2026-07-30 15:00:00,125261.1786499512,95284.94301139771
2026-07-30 16:00:00,124673.63020674059,94829.03419316137
2026-07-30 17:00:00,124882.36452209174,94991.00179964007
2026-07-30 18:00:00,124256.16157603831,94505.09898020395
2026-07-30 19:00:00,124696.82290844627,94847.03059388122
2026-07-30 20:00:00,124240.6997749012,94493.10137972406
2026-07-30 21:00:00,124132.46716694135,94409.11817636472
2026-07-30 22:00:00,124467.47285824564,94669.06618676263
2026-07-30 23:00:00,123619.65076256015,94011.1977604479
2026-07-31 00:00:00,124065.46602868049,94357.12857428515
2026-07-31 01:00:00,122474.63223328436,93309.33813237352
2026-07-31 02:00:00,122474.63223328436,92477.50449910018
2026-07-31 03:00:00,122474.63223328436,92073.5852829434
2026-07-31 04:00:00,122474.63223328436,91757.64847030593
2026-07-31 05:00:00,122474.63223328436,92395.52089582082
2026-07-31 06:00:00,122474.63223328436,92169.56608678264
2026-07-31 07:00:00,122474.63223328436,91775.6448710258
2026-07-31 08:00:00,122474.63223328436,91943.61127774445
2026-07-31 09:00:00,122474.63223328436,91319.73605278943
2026-07-31 10:00:00,122474.63223328436,91905.61887622475
2026-07-31 11:00:00,122474.63223328436,92075.5848830234
2026-07-31 12:00:00,122474.63223328436,91677.66446710657
2026-07-31 13:00:00,122474.63223328436,91549.6900619876
2026-07-31 14:00:00,122474.63223328436,90823.8352329534
2026-07-31 15:00:00,122474.63223328436,90891.82163567287
2026-07-31 16:00:00,122474.63223328436,91791.64167166567
2026-07-31 17:00:00,122474.63223328436,92389.52209558088
2026-07-31 18:00:00,122474.63223328436,91739.65206958608
2026-07-31 19:00:00,122474.63223328436,91409.71805638871
2026-07-31 20:00:00,122474.63223328436,91323.7352529494
2026-07-31 21:00:00,122474.63223328436,90961.8076384723
2026-07-31 22:00:00,122474.63223328436,91141.77164567087
2026-07-31 23:00:00,122474.63223328436,91521.69566086782
2026-08-01 00:00:00,122474.63223328436,91887.62247550489
2026-08-01 01:00:00,122474.63223328436,92205.55888822235
2026-08-01 02:00:00,122474.63223328436,92163.56728654269
2026-08-01 03:00:00,122474.63223328436,92813.4373125375
2026-08-01 04:00:00,122235.06109638092,92931.41371725654
2026-08-01 05:00:00,121915.46108588038,92683.46330733853
2026-08-01 06:00:00,122075.26109113064,92807.43851229754
2026-08-01 07:00:00,122387.12884331262,93049.3901219756
2026-08-01 08:00:00,122559.81594576049,93183.36332733452
2026-08-01 09:00:00,122041.75463841688,92781.44371125774
2026-08-01 10:00:00,122028.86754121927,92771.44571085782
2026-08-01 11:00:00,122325.27077676414,93001.39972005598
2026-08-01 12:00:00,122284.03206573181,92969.40611877624
2026-08-01 13:00:00,122876.83853682152,93429.31413717257
2026-08-01 14:00:00,123748.00630737944,94105.17896420715
2026-08-01 15:00:00,123647.48694923815,94027.19456108777
2026-08-01 16:00:00,124111.42244835183,94387.1225754849
2026-08-01 17:00:00,122686.10949829701,93281.34373125374
2026-08-01 18:00:00,121941.23528027558,92703.45930813836
2026-08-01 19:00:00,121876.79979428757,92653.46930613877
2026-08-01 20:00:00,121601.01591425888,92439.51209758047
2026-08-01 21:00:00,121923.19334419894,92689.46210757848
2026-08-01 22:00:00,121195.515668678,92309.53809238151
2026-08-01 23:00:00,121195.515668678,92323.53529294141
2026-08-02 00:00:00,121195.515668678,92745.45090981803
2026-08-02 01:00:00,120958.44659611252,93523.2953409318
2026-08-02 02:00:00,122420.77212764147,94677.06458708258
2026-08-02 03:00:00,122400.49725025459,94661.0677864427
2026-08-02 04:00:00,122889.62866721314,95046.99060187962
2026-08-02 05:00:00,122580.43678706318,94803.03939212157
2026-08-02 06:00:00,122334.60389874721,94609.07818436311
2026-08-02 07:00:00,122017.80893957717,94359.12817436512
2026-08-02 08:00:00,122486.66547914884,94729.05418916217
2026-08-02 09:00:00,122732.4983674648,94923.0153969206
2026-08-02 10:00:00,122588.03986608326,94809.03819236152
2026-08-02 11:00:00,121695.94526106039,94105.17896420715
2026-08-02 12:00:00,122666.60501595742,94871.02579484103
2026-08-02 13:00:00,122139.45820389847,94455.10897820436
2026-08-02 14:00:00,121949.38122839644,94305.13897220556
2026-08-02 15:00:00,122000.06842186365,94345.13097380524
2026-08-02 16:00:00,121827.73196407514,94209.15816836632
2026-08-02 17:00:00,121827.73196407514,94209.15816836632
2026-08-02 18:00:00,122767.97940289185,94951.00979804038
2026-08-02 19:00:00,125418.91962122681,97042.59148170365
2026-08-02 20:00:00,126822.95488026847,98150.3699260148
2026-08-02 21:00:00,127099.20008466476,98368.32633473305
2026-08-02 22:00:00,126278.06755049598,97720.45590881823
2026-08-02 23:00:00,126561.91583391235,97944.41111777644
2026-08-03 00:00:00,125467.07245502067,97080.58388322334
2026-08-03 01:00:00,123984.47204610483,95910.8178364327
2026-08-03 02:00:00,123404.1036809053,95452.90941811637
2026-08-03 03:00:00,123001.14049284099,95134.97300539892
2026-08-03 04:00:00,123112.65231846886,95222.9554089182
2026-08-03 05:00:00,123295.12621495081,95366.92661467707
2026-08-03 06:00:00,122278.84798593329,94565.08698260348
2026-08-03 07:00:00,121720.44745038245,94313.1373725255
2026-08-03 08:00:00,121720.44745038245,94769.04619076184
2026-08-03 09:00:00,121720.44745038245,95332.93341331734
2026-08-03 10:00:00,121482.35156515015,96262.7474505099
2026-08-03 11:00:00,121660.40046044443,96406.71865626874
2026-08-03 12:00:00,122130.25171191547,96786.6426714657
2026-08-03 13:00:00,124400.37512691761,98622.27554489102
2026-08-03 14:00:00,124034.38573103493,98326.33473305339
2026-08-03 15:00:00,123319.71724853425,97748.45030993801
2026-08-03 16:00:00,123947.8341847113,98256.34873025394
2026-08-03 17:00:00,123883.53875029949,98204.35912817436
2026-08-03 18:00:00,123032.86069500457,97516.49670065986
2026-08-03 19:00:00,122622.35907529829,97184.56308738251
2026-08-03 20:00:00,122429.47277206281,97028.59428114377
2026-08-03 21:00:00,122115.41430397428,96774.6450709858
2026-08-03 22:00:00,121526.86378897371,96298.7402519496
2026-08-03 23:00:00,121959.62152059177,96648.6702659468
2026-08-04 00:00:00,121044.64803088502,95908.81823635272
2026-08-04 01:00:00,122043.70016559186,96716.65666866627
2026-08-04 02:00:00,122394.85215353337,97000.59988002399
2026-08-04 03:00:00,122372.59604162158,96982.60347930413
2026-08-04 04:00:00,122830.08278647496,97352.52949410118
2026-08-04 05:00:00,123403.79589353432,97816.43671265747
2026-08-04 06:00:00,122558.06364088647,97132.57348530293
2026-08-04 07:00:00,123025.44199103396,97510.49790041991
2026-08-04 08:00:00,122864.7034050044,97380.52389522095
2026-08-04 09:00:00,122629.77777926889,97190.56188762248
2026-08-04 10:00:00,123374.12107765194,97792.44151169766
2026-08-04 11:00:00,123341.97336044603,97766.44671065787
2026-08-04 12:00:00,122882.01371426912,97394.52109578084
2026-08-04 13:00:00,122795.46216794552,97324.5350929814
2026-08-04 14:00:00,124212.43462632921,98470.30593881223
2026-08-04 15:00:00,125730.7960389777,99698.0603879224
2026-08-04 16:00:00,124687.23168044731,98854.22915416917
2026-08-04 17:00:00,126121.51444809574,100013.99720055988
2026-08-04 18:00:00,127528.5953011853,101151.76964607078
2026-08-04 19:00:00,127944.04272353865,101487.70245950809
2026-08-04 20:00:00,127573.10752500888,101187.76244751048
2026-08-04 21:00:00,126848.54743721407,100601.87962407518
2026-08-04 22:00:00,128436.15008692145,101885.6228754249
2026-08-04 23:00:00,127704.17129515605,101293.74125174964
2026-08-05 00:00:00,127118.09368147903,100819.83603279344
2026-08-05 01:00:00,129024.70060192203,102361.52769446113
2026-08-05 02:00:00,129751.73359104036,102949.4101179764
2026-08-05 03:00:00,129289.30104353992,102575.4849030194
2026-08-05 04:00:00,129331.34036603995,102609.47810437913
2026-08-05 05:00:00,130750.78572574718,103757.24855028994
2026-08-05 06:00:00,131003.02166074741,103961.2077584483
2026-08-05 07:00:00,130446.61886295278,103511.29774045189
2026-08-05 08:00:00,130471.3478761881,103531.29374125173
2026-08-05 09:00:00,130135.03329618777,103259.34813037392
2026-08-05 10:00:00,129994.07792074648,103145.37092581484
2026-08-05 11:00:00,130429.30855368807,103497.30053989204
2026-08-05 12:00:00,131653.39470883628,104487.10257948408
2026-08-05 13:00:00,130918.94301574735,103893.22135572885
2026-08-05 14:00:00,130612.30325162942,103645.27094581084
2026-08-05 15:00:00,130063.31915780537,103201.3597280544
2026-08-05 16:00:00,131386.32136589487,104271.14577084585
2026-08-05 17:00:00,130656.81547545298,103681.26374725054
2026-08-05 18:00:00,131116.77512162988,104053.18936212757
2026-08-05 19:00:00,130424.362751041,103493.30133973208
2026-08-05 20:00:00,130632.08646221766,103661.2677464507
2026-08-05 21:00:00,130580.15553442351,103619.27614477105
2026-08-05 22:00:00,129905.05347309932,103073.38532293541
2026-08-05 23:00:00,129108.7792469221,102429.51409718055
2026-08-06 00:00:00,128698.27762721582,102097.5804839032
2026-08-06 01:00:00,127774.46598817877,101553.68926214756
2026-08-06 02:00:00,127774.46598817877,101627.67446510696
2026-08-06 03:00:00,127774.46598817877,101855.62887422515
2026-08-06 04:00:00,127774.46598817877,102439.51209758046
2026-08-06 05:00:00,127774.46598817877,101895.62087582482
2026-08-06 06:00:00,127774.46598817877,101667.66646670667
2026-08-06 07:00:00,127774.46598817877,101583.68326334732
2026-08-06 08:00:00,127774.46598817877,101323.73525294942
2026-08-06 09:00:00,127774.46598817877,100719.85602879422
2026-08-06 10:00:00,127774.46598817877,99048.1903619276
2026-08-06 11:00:00,127774.46598817877,98934.21315736852
2026-08-06 12:00:00,127774.46598817877,98442.31153769247
2026-08-06 13:00:00,127774.46598817877,98606.27874425115
2026-08-06 14:00:00,127774.46598817877,98980.20395920816
2026-08-06 15:00:00,127774.46598817877,98490.30193961208
2026-08-06 16:00:00,127774.46598817877,99134.17316536693
2026-08-06 17:00:00,127774.46598817877,99420.11597680463
2026-08-06 18:00:00,127774.46598817877,99058.18836232752
2026-08-06 19:00:00,127774.46598817877,98588.2823435313
2026-08-06 20:00:00,127774.46598817877,98646.27074585082
2026-08-06 21:00:00,127774.46598817877,99052.18956208757
2026-08-06 22:00:00,127774.46598817877,99086.1827634473
2026-08-06 23:00:00,127774.46598817877,100479.90401919615
2026-08-07 00:00:00,127774.46598817877,101163.76724655069
2026-08-07 01:00:00,127774.46598817877,101217.75644871025
2026-08-07 02:00:00,127524.5279109963,101015.79684063187
2026-08-07 03:00:00,127329.10144817697,100857.82843431312
2026-08-07 04:00:00,127200.46630809335,100753.84923015395
2026-08-07 05:00:00,127247.46760927775,100791.84163167365
2026-08-07 06:00:00,126653.766962738,100311.9376124775
2026-08-07 07:00:00,126844.24592016949,100465.90681863627
2026-08-07 08:00:00,127596.26673911986,101073.7852429514
2026-08-07 09:00:00,129100.3083770206,102289.54209158168
2026-08-07 10:00:00,128412.60512811203,101733.65326934612
2026-08-07 11:00:00,129214.10100094072,102381.52369526094
2026-08-07 12:00:00,129127.51965665368,102311.53769246151
2026-08-07 13:00:00,128875.19688187426,102107.57848430314
2026-08-07 14:00:00,128580.8203112983,101869.62607478505
2026-08-07 15:00:00,129293.26108714603,102445.51089782044
2026-08-07 16:00:00,129797.90663670482,102853.42931413717
2026-08-07 17:00:00,129221.52225902246,102387.52249550089
2026-08-07 18:00:00,128711.92920407584,101975.60487902419
2026-08-07 19:00:00,129713.79904511168,102785.44291141772
2026-08-07 20:00:00,129120.09839857192,102305.53889222156
2026-08-07 21:00:00,128865.3018710986,102099.58008398321
2026-08-07 22:00:00,128610.5053436253,101893.62127574484
2026-08-07 23:00:00,129095.36087163276,102285.5428914217
2026-08-08 00:00:00,128024.22595516728,101419.71605678863
2026-08-08 01:00:00,128019.27844977945,101415.71685662867
2026-08-08 02:00:00,127957.43463243156,101365.72685462907
2026-08-08 03:00:00,128650.08538672795,101925.61487702458
2026-08-08 04:00:00,128254.28495570143,101605.67886422716
2026-08-08 05:00:00,128048.96348210644,101439.71205758848
2026-08-08 06:00:00,127380.74845692054,101101.77964407118
2026-08-08 07:00:00,127380.74845692054,100893.82123575284
2026-08-08 08:00:00,127380.74845692054,101317.73645270945
2026-08-08 09:00:00,127380.74845692054,101171.76564687063
2026-08-08 10:00:00,127380.74845692054,101069.78604279144
2026-08-08 11:00:00,127380.74845692054,99640.07198560287
2026-08-08 12:00:00,127380.74845692054,100055.98880223953
2026-08-08 13:00:00,127380.74845692054,100483.90321935611
2026-08-08 14:00:00,127380.74845692054,101011.7976404719
2026-08-08 15:00:00,127380.74845692054,101023.79524095182
2026-08-08 16:00:00,127380.74845692054,101531.69366126772
2026-08-08 17:00:00,127380.74845692054,101381.72365526894
2026-08-08 18:00:00,127380.74845692054,101071.78564287143
2026-08-08 19:00:00,127131.5805258072,102019.59608078384
2026-08-08 20:00:00,127151.11544788587,102035.5928814237
2026-08-08 21:00:00,127217.04580990136,102089.58208358327
2026-08-08 22:00:00,126372.1604299992,101397.7204559088
2026-08-08 23:00:00,126650.53306962016,101625.67486502699
2026-08-09 00:00:00,126743.3239494938,101701.6596680664
2026-08-09 01:00:00,127837.2795858989,102597.48050389923
2026-08-09 02:00:00,127610.18611673443,102411.51769646071
2026-08-09 03:00:00,127314.72042029467,102169.56608678262
2026-08-09 04:00:00,127695.65140082859,102481.50369926015
2026-08-09 05:00:00,127141.34798684655,102027.59448110376
2026-08-09 06:00:00,127055.8827027524,101957.60847830433
2026-08-09 07:00:00,127702.97699660808,102487.5024995001
2026-08-09 08:00:00,127724.95378394658,102505.49890021996
2026-08-09 09:00:00,129795.65552428478,104201.15976804637
2026-08-09 10:00:00,130726.00618828107,104963.00739852029
2026-08-09 11:00:00,130550.19188957312,104819.03619276144
2026-08-09 12:00:00,130047.16764604756,104407.11857628473
2026-08-09 13:00:00,130286.47044151118,104603.07938412316
2026-08-09 14:00:00,130415.8893002823,104709.05818836231
2026-08-09 15:00:00,130274.26111521202,104593.08138372326
2026-08-09 16:00:00,129107.04952101193,103637.2725454909
2026-08-09 17:00:00,128259.72227584997,102943.41131773645
2026-08-09 18:00:00,128291.4665242278,102969.40611877626
2026-08-09 19:00:00,128359.8387515031,103025.39492101579
2026-08-09 20:00:00,128608.90900800604,103229.35412917416
2026-08-09 21:00:00,129268.21262816091,103769.24615076986
2026-08-09 22:00:00,127939.83792681186,102681.46370725855
2026-08-09 23:00:00,126806.86616728516,101957.60847830433
2026-08-10 00:00:00,126806.86616728516,101633.67326534691
2026-08-10 01:00:00,126806.86616728516,102395.52089582085
2026-08-10 02:00:00,126806.86616728516,102201.55968806239
2026-08-10 03:00:00,126806.86616728516,101629.67406518695
2026-08-10 04:00:00,126806.86616728516,101267.74645070986
2026-08-10 05:00:00,126806.86616728516,101961.60767846432
2026-08-10 06:00:00,126806.86616728516,102205.55888822235
2026-08-10 07:00:00,126806.86616728516,101779.64407118576
2026-08-10 08:00:00,126806.86616728516,102221.55568886222
2026-08-10 09:00:00,126806.86616728516,100881.82363527294
2026-08-10 10:00:00,126806.86616728516,101445.71085782842
2026-08-10 11:00:00,126806.86616728516,101679.66406718656
2026-08-10 12:00:00,126806.86616728516,100589.88202359529
2026-08-10 13:00:00,126806.86616728516,101299.7400519896
2026-08-10 14:00:00,126806.86616728516,100587.8824235153
2026-08-10 15:00:00,126806.86616728516,100305.93881223755
2026-08-10 16:00:00,126806.86616728516,99454.10917816436
2026-08-10 17:00:00,126806.86616728516,99430.11397720456
2026-08-10 18:00:00,126806.86616728516,99300.13997200559
2026-08-10 19:00:00,126806.86616728516,99660.06798640272
2026-08-10 20:00:00,126806.86616728516,99684.06318736251
2026-08-10 21:00:00,126806.86616728516,99704.05918816237
2026-08-10 22:00:00,126806.86616728516,99200.1599680064
2026-08-10 23:00:00,126806.86616728516,99250.149970006
2026-08-11 00:00:00,126806.86616728516,99106.17876424715
2026-08-11 01:00:00,126806.86616728516,98508.29834033192
2026-08-11 02:00:00,126806.86616728516,98768.24635072985
2026-08-11 03:00:00,126806.86616728516,98782.24355128974
2026-08-11 04:00:00,126806.86616728516,98744.25114977003
2026-08-11 05:00:00,126806.86616728516,98388.3223355329
2026-08-11 06:00:00,126806.86616728516,98174.3651269746
2026-08-11 07:00:00,126806.86616728516,97536.4927014597
2026-08-11 08:00:00,126806.86616728516,97352.52949410118
2026-08-11 09:00:00,126806.86616728516,97398.5202959408
2026-08-11 10:00:00,126806.86616728516,96776.64467106578
2026-08-11 11:00:00,126806.86616728516,97894.42111577684
2026-08-11 12:00:00,126806.86616728516,97126.57468506298
2026-08-11 13:00:00,126806.86616728516,97130.57388522296
2026-08-11 14:00:00,126806.86616728516,95460.9078184363
2026-08-11 15:00:00,126806.86616728516,94203.15936812638
2026-08-11 16:00:00,126806.86616728516,93541.29174165167
2026-08-11 17:00:00,126806.86616728516,94095.18096380723
2026-08-11 18:00:00,126806.86616728516,94471.10577884423
2026-08-11 19:00:00,126806.86616728516,95310.9378124375
2026-08-11 20:00:00,126806.86616728516,95696.86062787441
2026-08-11 21:00:00,126806.86616728516,96232.75344931013
2026-08-11 22:00:00,126806.86616728516,96046.79064187162
2026-08-11 23:00:00,126806.86616728516,96278.74425114978
2026-08-12 00:00:00,126806.86616728516,96502.69946010798
2026-08-12 01:00:00,126806.86616728516,95992.80143971206
2026-08-12 02:00:00,126806.86616728516,96318.73625274946
2026-08-12 03:00:00,126806.86616728516,96488.70225954808
2026-08-12 04:00:00,126806.86616728516,96510.69786042791
2026-08-12 05:00:00,126806.86616728516,96696.66066786642
2026-08-12 06:00:00,126806.86616728516,95538.8922215557
2026-08-12 07:00:00,126806.86616728516,95866.82663467307
2026-08-12 08:00:00,126806.86616728516,94965.00699860028
2026-08-12 09:00:00,126806.86616728516,95938.81223755248
2026-08-12 10:00:00,126806.86616728516,97110.57788442311
2026-08-12 11:00:00,126558.82080033119,98168.36632673464
2026-08-12 12:00:00,127195.43049268056,98672.26554689062
2026-08-12 13:00:00,126109.152049386,97812.43751249749
2026-08-12 14:00:00,125480.1210438503,97314.5370925815
2026-08-12 15:00:00,125308.33747607349,97178.56428714257
2026-08-12 16:00:00,125313.38993394926,97182.56348730253
2026-08-12 17:00:00,128049.29587368885,99348.1303739252
2026-08-12 18:00:00,128079.61062094358,99372.12557488502
2026-08-12 19:00:00,126669.97487359853,98256.34873025394
2026-08-12 20:00:00,127197.95672161847,98674.2651469706
2026-08-12 21:00:00,126243.0421830944,97918.41631673665
2026-08-12 22:00:00,126437.56181131225,98072.3855228954
2026-08-12 23:00:00,126371.879858927,98020.39592081583
2026-08-13 00:00:00,127311.63702382371,98764.24715056988
2026-08-13 01:00:00,125843.89801090708,97602.47950409919
2026-08-13 02:00:00,126227.88480946702,97906.41871625674
2026-08-13 03:00:00,127311.63702382371,98764.24715056988
2026-08-13 04:00:00,127549.10254398578,98952.20955808838
2026-08-13 05:00:00,127965.93031873835,99282.14357128573
2026-08-13 06:00:00,128125.08274182568,99408.11837632472
2026-08-13 07:00:00,127741.09594326575,99104.17916416716
2026-08-13 08:00:00,128074.5581630678,99368.12637472505
2026-08-13 09:00:00,127970.98277661412,99286.1427714457
2026-08-13 10:00:00,127395.00257877422,98830.23395320936
2026-08-13 11:00:00,126227.88480946702,97906.41871625674
2026-08-13 12:00:00,126432.50935343647,98068.38632273544
2026-08-13 13:00:00,126422.40443768489,98060.38792241551
2026-08-13 14:00:00,127407.63372346369,98840.23195360928
2026-08-13 15:00:00,125823.68817940392,97586.4827034593
2026-08-13 16:00:00,125135.90719368856,97236.5526894621
2026-08-13 17:00:00,125135.90719368856,97104.57908418316
2026-08-13 18:00:00,125135.90719368856,96884.62307538491
2026-08-13 19:00:00,125135.90719368856,97024.5950809838
2026-08-13 20:00:00,125135.90719368856,97044.59108178364
2026-08-13 21:00:00,125135.90719368856,97148.5702859428
2026-08-13 22:00:00,125135.90719368856,97842.43151369726
2026-08-13 23:00:00,125135.90719368856,98166.36672665467
2026-08-14 00:00:00,125135.90719368856,98358.32833433313
2026-08-14 01:00:00,125135.90719368856,98442.31153769247
2026-08-14 02:00:00,124891.13036923781,98484.30313937212
2026-08-14 03:00:00,124838.94656641291,98442.31153769247
2026-08-14 04:00:00,124597.90709622164,98248.35032993401
2026-08-14 05:00:00,124704.75964486312,98334.33313337332
2026-08-14 06:00:00,123653.62875938987,97488.5022995401
2026-08-14 07:00:00,123044.29091851831,97192.56148770245
2026-08-14 08:00:00,123044.29091851831,97730.45390921815
2026-08-14 09:00:00,123044.29091851831,97528.49430113977
2026-08-14 10:00:00,123044.29091851831,97370.52589482102
2026-08-14 11:00:00,123044.29091851831,97086.58268346329
2026-08-14 12:00:00,123044.29091851831,96772.6454709058
2026-08-14 13:00:00,123044.29091851831,96764.64707058588
2026-08-14 14:00:00,123044.29091851831,96664.66706658668
2026-08-14 15:00:00,123044.29091851831,97554.48910217956
2026-08-14 16:00:00,123044.29091851831,97870.42591481702
2026-08-14 17:00:00,123044.29091851831,98068.38632273544
2026-08-14 18:00:00,123044.29091851831,97582.48350329933
2026-08-14 19:00:00,122803.60547919666,98370.32593481302
2026-08-14 20:00:00,123067.79927375645,98586.2827434513
2026-08-14 21:00:00,122529.6267292828,98146.37072585482
2026-08-14 22:00:00,122622.58380514642,98222.35552889422
2026-08-14 23:00:00,123126.50900588086,98634.27314537093
2026-08-15 00:00:00,122908.79374925287,98456.30873825234
2026-08-15 01:00:00,124019.38618193944,99364.12717456509
2026-08-15 02:00:00,123390.70280044066,98850.22995400919
2026-08-15 03:00:00,123177.8800214897,98676.26474705059
2026-08-15 04:00:00,123207.23488755191,98700.2599480104
2026-08-15 05:00:00,122693.5247314634,98280.34393121375
2026-08-15 06:00:00,122825.62162874332,98388.3223355329
2026-08-15 07:00:00,122321.69642800889,97976.40471905618
2026-08-15 08:00:00,121974.33051293952,97692.46150769846
2026-08-15 09:00:00,122270.32541240002,97934.41311737652
2026-08-15 10:00:00,121903.75652244831,97830.43391321735
2026-08-15 11:00:00,121903.75652244831,98250.349930014
2026-08-15 12:00:00,121903.75652244831,98020.39592081583
2026-08-15 13:00:00,121903.75652244831,97888.4223155369
2026-08-15 14:00:00,121903.75652244831,97898.4203159368
2026-08-15 15:00:00,121903.75652244831,97928.41431713657
2026-08-15 16:00:00,121903.75652244831,98280.34393121375
2026-08-15 17:00:00,121903.75652244831,97720.45590881823
2026-08-15 18:00:00,121903.75652244831,97766.44671065787
2026-08-15 19:00:00,121903.75652244831,98018.39632073585
2026-08-15 20:00:00,121903.75652244831,97838.4323135373
2026-08-15 21:00:00,121903.75652244831,97950.4099180164
2026-08-15 22:00:00,121903.75652244831,97704.45910817836
2026-08-15 23:00:00,121903.75652244831,97572.4855028994
2026-08-16 00:00:00,121903.75652244831,97564.48710257947
2026-08-16 01:00:00,121903.75652244831,97188.56228754249
2026-08-16 02:00:00,121903.75652244831,97244.55108978203
2026-08-16 03:00:00,121903.75652244831,97372.52549490101
2026-08-16 04:00:00,121903.75652244831,97458.50829834033
2026-08-16 05:00:00,121903.75652244831,97314.5370925815
2026-08-16 06:00:00,121903.75652244831,97434.51309738052
2026-08-16 07:00:00,121903.75652244831,97596.48070385923
2026-08-16 08:00:00,121903.75652244831,97520.49590081982
2026-08-16 09:00:00,121903.75652244831,97510.49790041991
2026-08-16 10:00:00,121903.75652244831,97232.55348930212
2026-08-16 11:00:00,121903.75652244831,97208.55828834233
2026-08-16 12:00:00,121903.75652244831,97008.59828034393
2026-08-16 13:00:00,121903.75652244831,98022.3955208958
2026-08-16 14:00:00,121665.30206857207,98740.25194961009
2026-08-16 15:00:00,121735.32210869368,98798.2403519296
2026-08-16 16:00:00,121501.11714690758,98604.27914417116
2026-08-16 17:00:00,120994.07547706137,98184.36312737451
2026-08-16 18:00:00,120911.98301622913,98116.37672465507
2026-08-16 19:00:00,121020.63480262474,98206.35872825434
2026-08-16 20:00:00,120395.28340981442,97688.46230753849
2026-08-16 21:00:00,119943.77487523708,97314.5370925815
2026-08-16 22:00:00,119838.8848551349,97422.51549690061
2026-08-16 23:00:00,119838.8848551349,97260.5478904219
2026-08-17 00:00:00,119838.8848551349,97174.5650869826
2026-08-17 01:00:00,119838.8848551349,98090.38192361528
2026-08-17 02:00:00,119604.46947158594,98686.2627474505
2026-08-17 03:00:00,119473.85080508955,98576.2847430514
2026-08-17 04:00:00,119241.11209024143,98380.32393521296
2026-08-17 05:00:00,119780.21095014471,98834.23315336932
2026-08-17 06:00:00,124817.34170721479,103075.3849230154
2026-08-17 07:00:00,124518.10621669579,102823.4353129374
2026-08-17 08:00:00,123278.41632740272,101779.64407118576
2026-08-17 09:00:00,123290.29075162967,101789.64207158568
2026-08-17 10:00:00,124325.74054421925,102661.4677064587
2026-08-17 11:00:00,124126.2502172066,102493.50129974006
2026-08-17 12:00:00,123696.39606019118,102131.57368526293
2026-08-17 13:00:00,124287.74238669305,102629.47410517895
2026-08-17 14:00:00,124608.35184082056,102899.42011597681
2026-08-17 15:00:00,124446.8596713341,102763.44731053789
2026-08-17 16:00:00,123762.89283586208,102187.5624875025
2026-08-17 17:00:00,123701.14582988195,102135.5728854229
2026-08-17 18:00:00,125031.0813432998,103255.34893021395
2026-08-17 19:00:00,124743.72027700771,103013.39732053588
2026-08-17 20:00:00,125453.81084577904,103611.27774445109
2026-08-17 21:00:00,124926.5864101027,103167.36652669468
2026-08-17 22:00:00,123986.13201132865,102375.524895021
2026-08-17 23:00:00,124484.85782886033,102795.44091181766
2026-08-18 00:00:00,125508.43319722298,103657.26854629074
2026-08-18 01:00:00,124199.87164741365,102555.48890221954
2026-08-18 02:00:00,123672.64721173729,102111.5776844631
2026-08-18 03:00:00,123656.02301781956,102097.5804839032
2026-08-18 04:00:00,123534.90389070472,101995.60087982402
2026-08-18 05:00:00,123219.044206268,101729.65406918614
2026-08-18 06:00:00,123577.65181792172,102031.59368126374
2026-08-18 07:00:00,122684.69511605546,101279.74405118976
2026-08-18 08:00:00,122370.64509387092,101217.75644871025
2026-08-18 09:00:00,122370.64509387092,101293.74125174964
2026-08-18 10:00:00,122370.64509387092,101079.78404319135
2026-08-18 11:00:00,122370.64509387092,101129.77404519096
2026-08-18 12:00:00,122370.64509387092,100941.81163767246
2026-08-18 13:00:00,122370.64509387092,100215.95680863826
2026-08-18 14:00:00,122370.64509387092,101299.7400519896
2026-08-18 15:00:00,122370.64509387092,101993.60127974403
2026-08-18 16:00:00,122370.64509387092,101901.61967606479
2026-08-18 17:00:00,122370.64509387092,100957.80843831232
2026-08-18 18:00:00,122370.64509387092,101469.70605878824
2026-08-18 19:00:00,122370.64509387092,101897.6204759048
2026-08-18 20:00:00,122370.64509387092,101521.69566086782
2026-08-18 21:00:00,122370.64509387092,101687.6624675065
2026-08-18 22:00:00,122370.64509387092,101563.6872625475
2026-08-18 23:00:00,122131.27736494478,101759.64807038591
2026-08-19 00:00:00,120828.66819328793,100853.82923415316
2026-08-19 01:00:00,120828.66819328793,101297.7404519096
2026-08-19 02:00:00,120828.66819328793,101175.76484703059
2026-08-19 03:00:00,120828.66819328793,100965.80683863227
2026-08-19 04:00:00,120828.66819328793,100895.82083583281
2026-08-19 05:00:00,120828.66819328793,100587.8824235153
2026-08-19 06:00:00,120828.66819328793,100891.82163567285
2026-08-19 07:00:00,120828.66819328793,100503.89922015597
2026-08-19 08:00:00,120828.66819328793,101559.6880623875
2026-08-19 09:00:00,120828.66819328793,101459.7080583883
2026-08-19 10:00:00,120828.66819328793,101281.74365126975
2026-08-19 11:00:00,120828.66819328793,101339.73205358928
2026-08-19 12:00:00,120592.31670660245,102735.4529094181
2026-08-19 13:00:00,120534.8136199979,102685.4629074185
2026-08-19 14:00:00,126752.04734368152,108090.38192361526
2026-08-19 15:00:00,129065.97154864851,110101.97960407917
2026-08-19 16:00:00,130190.73192263345,111079.78404319136
2026-08-19 17:00:00,129670.90401972835,110627.87442511498
2026-08-19 18:00:00,129187.87809225015,110207.95840831831
2026-08-19 19:00:00,129360.38735206379,110357.92841431712
2026-08-19 20:00:00,131142.98303680474,111907.61847630472
2026-08-19 21:00:00,134655.27156661046,114961.00779844029
2026-08-19 22:00:00,131573.10612460674,112281.54369126173
2026-08-19 23:00:00,132412.65118903315,113011.39772045589
2026-08-20 00:00:00,131865.22180455783,112535.49290141971
2026-08-20 01:00:00,132088.33378058352,112729.45410917816
2026-08-20 02:00:00,130540.35068918909,111383.72325534892
2026-08-20 03:00:00,129836.51290914945,110771.84563087384
2026-08-20 04:00:00,129567.39846384015,110537.89242151569
2026-08-20 05:00:00,129399.48945095489,110391.92161567688
2026-08-20 06:00:00,130388.5425405531,111251.74965006999
2026-08-20 07:00:00,130938.27204849257,111729.65406918616
2026-08-20 08:00:00,131823.8195822026,112499.50009998
2026-08-20 09:00:00,130745.06167750127,111561.6876624675
2026-08-20 10:00:00,132079.13328672678,112721.45570885824
2026-08-20 11:00:00,132580.56020191842,113157.36852629473
2026-08-20 12:00:00,133912.33168767975,114315.1369726055
2026-08-20 13:00:00,133346.50131549098,113823.23535292942
2026-08-20 14:00:00,131395.99661786476,112127.57448510297
2026-08-20 15:00:00,133726.021687081,114153.16936612676
2026-08-20 16:00:00,137673.0335516171,117584.48310337932
2026-08-20 17:00:00,134749.57662864195,115042.99140171966
2026-08-20 18:00:00,131699.6129151368,112391.52169566086
2026-08-20 19:00:00,133611.0155138719,114053.18936212757
2026-08-20 20:00:00,135269.40453154704,115494.90101979605
2026-08-20 21:00:00,133813.42637871992,114229.15416916617
2026-08-20 22:00:00,133795.02539100643,114213.15736852628
2026-08-20 23:00:00,133272.89736463717,113759.24815036991
2026-08-21 00:00:00,133799.62563793483,114217.15656868627
2026-08-21 01:00:00,134002.03650278284,114393.12137572486
2026-08-21 02:00:00,133431.60588366573,113897.22055588882
2026-08-21 03:00:00,133640.91711890628,114079.18416316736
2026-08-21 04:00:00,137778.8392309695,117676.46470705859
2026-08-21 05:00:00,139678.7412123837,119328.13437312537
2026-08-21 06:00:00,140591.8902276639,120121.97560487903
2026-08-21 07:00:00,149164.4503786698,127574.4851029794
2026-08-21 08:00:00,149688.87852850326,128030.39392121574
2026-08-21 09:00:00,151068.95260701238,129230.15396920613
2026-08-21 10:00:00,153573.78705950646,131407.7184563087
2026-08-21 11:00:00,149378.3618608387,127760.44791041789
2026-08-21 12:00:00,150914.8443349122,129096.18076384724
2026-08-21 13:00:00,151949.89989379406,129996.00079984004
2026-08-21 14:00:00,153398.97767622862,131255.74885022995
2026-08-21 15:00:00,152874.54952639516,130799.84003199359
2026-08-21 16:00:00,157474.79645475894,134799.0401919616
2026-08-21 17:00:00,156322.4345992038,133797.2405518896
2026-08-21 18:00:00,157474.79645475894,134799.0401919616
2026-08-21 19:00:00,158942.27522490697,136074.7850429914
2026-08-21 20:00:00,165481.52623357606,141759.6480703859
2026-08-21 21:00:00,169152.52328241034,144951.00979804038
2026-08-21 22:00:00,171360.64180802496,146870.62587482503
2026-08-21 23:00:00,171307.73896834877,146824.6350729854
2026-08-22 00:00:00,171284.73773370695,146804.63907218556
2026-08-22 01:00:00,187344.19976062485,160765.84683063388
2026-08-22 02:00:00,190299.85841209858,163335.3329334133
2026-08-22 03:00:00,194578.08805547687,167054.58908218355
2026-08-22 04:00:00,191390.11693412077,164283.14337132574
2026-08-22 05:00:00,184726.65925838586,158490.30193961208
2026-08-22 06:00:00,185655.90913791533,159298.1403719256
2026-08-22 07:00:00,188813.97865423706,162043.59128174363
2026-08-22 08:00:00,184653.05530753202,158426.31473705257
2026-08-22 09:00:00,185609.9066686317,159258.14837032594
2026-08-22 10:00:00,184151.62839234038,157990.40191961607
2026-08-22 11:00:00,185257.98777861186,158952.20955808836
2026-08-22 12:00:00,185918.12321283206,159526.0947810438
2026-08-22 13:00:00,185418.99642110462,159092.18156368725
2026-08-22 14:00:00,184190.7304912315,158024.3951209758
2026-08-22 15:00:00,183986.01950291928,157846.43071385723
2026-08-22 16:00:00,189839.83371926218,162935.4129174165
2026-08-22 17:00:00,191900.74434316915,164727.05458908217
2026-08-22 18:00:00,194842.6022538578,167284.54309138173
2026-08-22 19:00:00,197427.94102759822,169532.09358128373
2026-08-22 20:00:00,194228.46928892122,166750.64987002595
2026-08-22 21:00:00,186145.83543578608,159724.0551889622
2026-08-22 22:00:00,185655.90913791533,159298.1403719256
2026-08-22 23:00:00,186911.77654935865,160389.92201559688
2026-08-23 00:00:00,187236.09395780828,160671.8656268746
2026-08-23 01:00:00,185087.7786422624,158804.23915216955
2026-08-23 02:00:00,185232.68642050587,158930.21395720856
2026-08-23 03:00:00,182286.22826288888,156368.72625474905
2026-08-23 04:00:00,181023.460481053,155270.94581083782
2026-08-23 05:00:00,181846.90468123014,155986.80263947212
2026-08-23 06:00:00,183185.57653738398,157150.56988602277
2026-08-23 07:00:00,186953.17877171392,160425.9148170366
2026-08-23 08:00:00,188512.66248042925,161781.64367126575
2026-08-23 09:00:00,187045.1837102812,160505.89882023595
2026-08-23 10:00:00,188981.88766712236,162189.56208758248
2026-08-23 11:00:00,191974.34829402296,164791.04179164165
2026-08-23 12:00:00,189609.821372844,162735.45290941812
2026-08-23 13:00:00,197950.0690539675,169986.00279944012
2026-08-23 14:00:00,198814.91547649988,170737.85242951408
2026-08-23 15:00:00,194743.69694489794,167198.5602879424
2026-08-23 16:00:00,200096.08424604917,171851.6296740652
2026-08-23 17:00:00,199173.73473691224,171049.7900419916
2026-08-23 18:00:00,202798.72931646288,174201.15976804637
2026-08-23 19:00:00,199387.6462190812,171235.7528494301
2026-08-23 20:00:00,198088.07646181842,170105.97880423913
2026-08-23 21:00:00,200388.1999260003,172105.57888422316
2026-08-23 22:00:00,199090.9302922017,170977.80443911217
2026-08-23 23:00:00,198842.51695807007,170761.8476304739
2026-08-24 00:00:00,195330.22842826435,167708.45830833833
2026-08-24 01:00:00,192862.19595119718,165562.88742251552
2026-08-24 02:00:00,195923.66028202325,168224.3551289742
2026-08-24 03:00:00,193221.01521160954,165874.82503499297
2026-08-24 04:00:00,194382.5775610214,166884.6230753849
2026-08-24 05:00:00,196241.07732008034,168500.299940012
2026-08-24 06:00:00,196475.68991342693,168704.2591481704
2026-08-24 07:00:00,194771.29842646813,167222.5554889022
2026-08-24 08:00:00,192995.60311211972,165678.86422715455
2026-08-24 09:00:00,193816.74718883264,166392.72145570884
2026-08-24 10:00:00,195429.13373722415,167794.44111177765
2026-08-24 11:00:00,196795.4070749482,168982.20355928814
2026-08-24 12:00:00,199201.33621848244,171073.78524295142
2026-08-24 13:00:00,195912.15966470234,168214.35712857428
2026-08-24 14:00:00,200305.39548128974,172033.59328134372
2026-08-24 15:00:00,194338.87521520193,166846.6306738652
2026-08-24 16:00:00,192903.59817355245,165598.8802239552
2026-08-24 17:00:00,189070.1572051838,162591.48170365926
2026-08-24 18:00:00,189070.1572051838,161367.72645470905
2026-08-24 19:00:00,189070.1572051838,161955.60887822436
2026-08-24 20:00:00,189070.1572051838,163997.200559888
2026-08-24 21:00:00,189070.1572051838,165436.9126174765
2026-08-24 22:00:00,189070.1572051838,164843.03139372126
2026-08-24 23:00:00,189070.1572051838,166140.77184563086
2026-08-25 00:00:00,189070.1572051838,167266.54669066187
2026-08-25 01:00:00,189070.1572051838,166922.6154769046
2026-08-25 02:00:00,188700.31937272655,170749.85002999398
2026-08-25 03:00:00,187766.9760514021,169888.0223955209
2026-08-25 04:00:00,187420.4912917457,169568.08638272344
2026-08-25 05:00:00,188334.34484533948,170411.91761647668
2026-08-25 06:00:00,188187.08882248547,170275.94481103777
2026-08-25 07:00:00,188392.8141485315,170465.90681863626
2026-08-25 08:00:00,186168.81509748695,168412.31753649272
2026-08-25 09:00:00,185601.44630354957,167888.42231553688
2026-08-25 10:00:00,186203.46357345258,168444.31113777243
2026-08-25 11:00:00,184992.932444403,167326.53469306137
2026-08-25 12:00:00,186285.75370387099,168520.29594081183
2026-08-25 13:00:00,180623.64701758887,163619.27614477102
2026-08-25 14:00:00,180623.64701758887,163709.2581483703
2026-08-25 15:00:00,180623.64701758887,163347.3305338932
2026-08-25 16:00:00,180623.64701758887,159948.0103979204
2026-08-25 17:00:00,180623.64701758887,159852.02959408116
2026-08-25 18:00:00,180623.64701758887,159328.13437312536
2026-08-25 19:00:00,180623.64701758887,157312.5374925015
2026-08-25 20:00:00,180623.64701758887,154481.10377924412
2026-08-25 21:00:00,180623.64701758887,155382.92341531694
2026-08-25 22:00:00,180623.64701758887,156608.6782643471
2026-08-25 23:00:00,180623.64701758887,153529.29414117176
2026-08-26 00:00:00,180623.64701758887,155436.9126174765
2026-08-26 01:00:00,180623.64701758887,156040.79184163167
2026-08-26 02:00:00,180623.64701758887,156746.650669866
2026-08-26 03:00:00,180623.64701758887,156630.67386522694
2026-08-26 04:00:00,180623.64701758887,156668.66626674664
2026-08-26 05:00:00,180623.64701758887,157876.424715057
2026-08-26 06:00:00,180623.64701758887,157346.53069386122
2026-08-26 07:00:00,180623.64701758887,157374.52509498099
2026-08-26 08:00:00,180623.64701758887,156442.71145770844
2026-08-26 09:00:00,180623.64701758887,156996.600679864
2026-08-26 10:00:00,180623.64701758887,158428.31433713256
2026-08-26 11:00:00,180623.64701758887,156670.66586682663
2026-08-26 12:00:00,180623.64701758887,156184.76304739053
2026-08-26 13:00:00,180623.64701758887,154675.06498700258
2026-08-26 14:00:00,180623.64701758887,153197.3605278944
2026-08-26 15:00:00,180623.64701758887,154077.18456308736
2026-08-26 16:00:00,180623.64701758887,153919.21615676864
2026-08-26 17:00:00,180623.64701758887,155466.90661867626
2026-08-26 18:00:00,180623.64701758887,157030.59388122373
2026-08-26 19:00:00,180623.64701758887,156498.700259948
2026-08-26 20:00:00,180623.64701758887,156672.66546690662
2026-08-26 21:00:00,180623.64701758887,157906.41871625674
2026-08-26 22:00:00,180270.33130086784,162137.5724855029
2026-08-26 23:00:00,181414.1356498753,163187.3625274945
2026-08-27 00:00:00,178516.497965723,160527.89442111578
2026-08-27 01:00:00,177034.99899938956,159168.16636672663
2026-08-27 02:00:00,173958.70996929708,156344.73105378923
2026-08-27 03:00:00,173677.6609006838,156086.78264347132
2026-08-27 04:00:00,172776.55658381106,155570.88582283544
2026-08-27 05:00:00,172776.55658381106,156518.69626074785
2026-08-27 06:00:00,172776.55658381106,157292.54149170165
2026-08-27 07:00:00,172776.55658381106,157160.5678864227
2026-08-27 08:00:00,172776.55658381106,158602.27954409117
2026-08-27 09:00:00,172438.59046514414,158890.22195560887
2026-08-27 10:00:00,169167.5185609616,156126.77464507095
2026-08-27 11:00:00,169167.5185609616,156720.65586882623
2026-08-27 12:00:00,169167.5185609616,156084.78304339133
2026-08-27 13:00:00,169167.5185609616,158604.27914417116
2026-08-27 14:00:00,168836.61203762877,159018.19636072786
2026-08-27 15:00:00,170598.81150485858,160711.8576284743
2026-08-27 16:00:00,172344.36682127626,162389.52209558088
2026-08-27 17:00:00,174618.37392597774,164575.08498300338
2026-08-27 18:00:00,173168.2522864746,163181.36372725456
2026-08-27 19:00:00,173153.68865451403,163167.36652669465
2026-08-27 20:00:00,173378.38469047722,163383.32333533294
2026-08-27 21:00:00,171757.66050515015,161825.63487302538
2026-08-27 22:00:00,172546.17714987282,162583.48330333934
2026-08-27 23:00:00,171905.37734360746,161967.60647870426
2026-08-28 00:00:00,171965.71239030125,162025.59488102378
2026-08-28 01:00:00,170369.95443119237,160491.90161967606
2026-08-28 02:00:00,166901.72950572358,157158.56828634275
2026-08-28 03:00:00,167463.46959563153,157698.4603079384
2026-08-28 04:00:00,166699.27421628305,157278.54429114176
2026-08-28 05:00:00,166699.27421628305,157686.4627074585
2026-08-28 06:00:00,166699.27421628305,158690.26194761047
2026-08-28 07:00:00,166699.27421628305,157948.41031793642
2026-08-28 08:00:00,166699.27421628305,157262.5474905019
2026-08-28 09:00:00,166699.27421628305,157942.41151769646
2026-08-28 10:00:00,166699.27421628305,159442.11157768447
2026-08-28 11:00:00,166699.27421628305,159946.01079784043
2026-08-28 12:00:00,166699.27421628305,159420.11597680463
2026-08-28 13:00:00,166699.27421628305,159158.16836632675
2026-08-28 14:00:00,166373.1957956604,162257.54849030194
2026-08-28 15:00:00,165362.5516057953,161251.74965006998
2026-08-28 16:00:00,163767.22061821507,159664.06718656266
2026-08-28 17:00:00,162690.2717399493,158592.28154369124
2026-08-28 18:00:00,161727.88530784202,157950.40991801638
2026-08-28 19:00:00,161727.88530784202,159374.12517496498
2026-08-28 20:00:00,161727.88530784202,159322.13557288543
2026-08-28 21:00:00,161727.88530784202,158844.23115376924
2026-08-28 22:00:00,161411.5313605333,160293.94121175763
2026-08-28 23:00:00,161178.69472902978,160057.98840231952
2026-08-29 00:00:00,160961.64363186547,159838.0323935213
2026-08-29 01:00:00,162033.0867751401,160923.8152369526
2026-08-29 02:00:00,162648.72261436976,161547.6904619076
2026-08-29 03:00:00,160837.3325489441,159712.0575884823
2026-08-29 04:00:00,161214.212181293,160093.98120375923
2026-08-29 05:00:00,161194.48026336898,160073.9852029594
2026-08-29 06:00:00,159955.3158177401,158818.23635272944
2026-08-29 07:00:00,159387.84164377942,158560.28794241152
2026-08-29 08:00:00,159387.84164377942,158570.28594281143
2026-08-29 09:00:00,159387.84164377942,159520.09598080383
2026-08-29 10:00:00,159076.0650273904,160919.81603679265
2026-08-29 11:00:00,159093.4987315227,160937.81243751248
2026-08-29 12:00:00,159444.1098924055,161299.7400519896
2026-08-29 13:00:00,160211.19287422654,162091.58168366327
2026-08-29 14:00:00,165888.76918664417,167952.40951809636
2026-08-29 15:00:00,164898.92220757718,166930.61387722456
2026-08-29 16:00:00,164957.03455468483,166990.60187962407
2026-08-29 17:00:00,165239.8479772754,167282.54349130174
2026-08-29 18:00:00,164786.5716698357,166814.6370725855
2026-08-29 19:00:00,164621.92001969737,166644.67106578685
2026-08-29 20:00:00,165532.3467910506,167584.48310337932
2026-08-29 21:00:00,165536.22094752445,167588.4823035393
2026-08-29 22:00:00,165939.1332208042,168004.39912017598
2026-08-29 23:00:00,166212.26125221013,168286.3427314537
2026-08-30 00:00:00,165284.4007767246,167328.53429314136
2026-08-30 01:00:00,164333.29536239602,166346.73065386922
2026-08-30 02:00:00,164255.81223291915,166266.74665066984
2026-08-30 03:00:00,164215.13358994378,166224.7550489902
2026-08-30 04:00:00,164052.4190180424,166056.78864227157
2026-08-30 05:00:00,164329.42120592218,166342.73145370925
2026-08-30 06:00:00,165474.23444394293,167524.4951009798
2026-08-30 07:00:00,165098.44126598013,167136.57268546292
2026-08-30 08:00:00,165141.05698719242,167180.56388722255
2026-08-30 09:00:00,165020.95813650326,167056.58868226354
2026-08-30 10:00:00,166121.2185750748,168192.36152769445
2026-08-30 11:00:00,166003.05680262257,168070.38592281542
2026-08-30 12:00:00,167601.146348083,169720.05598880223
2026-08-30 13:00:00,167998.247386652,170129.97400519895
2026-08-30 14:00:00,167872.33730125206,169999.99999999997
2026-08-30 15:00:00,171066.57931393603,173297.3405318936
2026-08-30 16:00:00,175107.3245161548,177468.50629874025
2026-08-30 17:00:00,172414.78576683358,174689.0621875625
2026-08-30 18:00:00,171661.262332671,173911.21775644872
2026-08-30 19:00:00,170692.72321421013,172911.4177164567
2026-08-30 20:00:00,168515.4472759101,170663.8672265547
2026-08-30 21:00:00,172422.53407978127,174697.0605878824
2026-08-30 22:00:00,170140.65591668745,172341.53169366127
2026-08-30 23:00:00,164989.9648847125,167024.5950809838
2026-08-31 00:00:00,164958.97163292175,166992.60147970406
2026-08-31 01:00:00,162251.7885721294,164527.09458108377
2026-08-31 02:00:00,162251.7885721294,161935.61287742452
2026-08-31 03:00:00,162251.7885721294,164007.19856028794
2026-08-31 04:00:00,162251.7885721294,163891.22175564885
2026-08-31 05:00:00,162251.7885721294,165828.83423315335
2026-08-31 06:00:00,162251.7885721294,164855.02899420116
2026-08-31 07:00:00,162251.7885721294,165112.9774045191
2026-08-31 08:00:00,162251.7885721294,166412.7174565087
2026-08-31 09:00:00,162251.7885721294,165378.92421515693
2026-08-31 10:00:00,162251.7885721294,166974.6050789842
2026-08-31 11:00:00,162251.7885721294,167572.4855028994
2026-08-31 12:00:00,162251.7885721294,164359.12817436512
2026-08-31 13:00:00,162251.7885721294,163775.24495100978
2026-08-31 14:00:00,162251.7885721294,166718.65626874624
2026-08-31 15:00:00,162251.7885721294,168476.30473905217
2026-08-31 16:00:00,162251.7885721294,167748.450309938
2026-08-31 17:00:00,161934.40982402422,169962.0075984803
2026-08-31 18:00:00,164495.9032850485,172705.45890821837
2026-08-31 19:00:00,163304.7714861174,171429.71405718857
2026-08-31 20:00:00,163052.72949104576,171159.76804639073
2026-08-31 21:00:00,162834.293095317,170925.81483703258
2026-08-31 22:00:00,161734.64320570818,169748.050389922
2026-08-31 23:00:00,161583.4180086652,169586.08278344333
2026-09-01 00:00:00,163218.8905100189,171337.7324535093
2026-09-01 01:00:00,162658.79718763748,170737.85242951408
2026-09-01 02:00:00,162154.71319749422,170197.96040791838
2026-09-01 03:00:00,163235.69330969034,171355.72885422915
2026-09-01 04:00:00,162444.0947473913,170507.89842031593
2026-09-01 05:00:00,164705.0047920709,172929.41411717658
2026-09-01 06:00:00,163650.16236825255,171799.64007198557
2026-09-01 07:00:00,162382.48448192934,170441.91161767647
2026-09-01 08:00:00,160959.84744308057,168918.21635672863
2026-09-01 09:00:00,160261.5977678451,168170.36592681461
2026-09-01 10:00:00,160907.57206632497,168862.2275544891
2026-09-01 11:00:00,163437.32690574764,171571.6856628674
2026-09-01 12:00:00,161379.91743486663,169368.12637472505
2026-09-01 13:00:00,162529.97572348977,170599.88002399518
2026-09-01 14:00:00,162696.1367424629,170777.84443111377
2026-09-01 15:00:00,162669.9990540851,170749.85002999398
2026-09-01 16:00:00,159451.94179683246,167638.4723055389
2026-09-01 17:00:00,159451.94179683246,165772.8454309138
2026-09-01 18:00:00,159451.94179683246,165806.83863227355
2026-09-01 19:00:00,159451.94179683246,166228.75424915017
2026-09-01 20:00:00,159451.94179683246,165378.92421515693
2026-09-01 21:00:00,159451.94179683246,164565.08698260348
2026-09-01 22:00:00,159451.94179683246,165484.90301939612
2026-09-01 23:00:00,159451.94179683246,165930.81383723256
2026-09-02 00:00:00,159451.94179683246,166022.7954409118
2026-09-02 01:00:00,159451.94179683246,164291.14177164566
2026-09-02 02:00:00,159451.94179683246,166484.70305938812
2026-09-02 03:00:00,159451.94179683246,167920.41591681662
2026-09-02 04:00:00,159451.94179683246,167548.4903019396
2026-09-02 05:00:00,159451.94179683246,167112.5774845031
2026-09-02 06:00:00,159451.94179683246,167140.5718856229
2026-09-02 07:00:00,159451.94179683246,166796.6406718656
2026-09-02 08:00:00,159451.94179683246,164207.15856828634
2026-09-02 09:00:00,159451.94179683246,162005.59888022396
2026-09-02 10:00:00,159451.94179683246,160247.950409918
2026-09-02 11:00:00,159451.94179683246,159706.05878824234
2026-09-02 12:00:00,159451.94179683246,158982.20355928814
2026-09-02 13:00:00,159451.94179683246,161959.6080783843
2026-09-02 14:00:00,159451.94179683246,162417.51649670064
2026-09-02 15:00:00,159451.94179683246,162989.4021195761
2026-09-02 16:00:00,159451.94179683246,162567.48650269947
2026-09-02 17:00:00,159451.94179683246,162617.47650469904
2026-09-02 18:00:00,159451.94179683246,162513.49730053986
2026-09-02 19:00:00,159451.94179683246,162493.50129974005
2026-09-02 20:00:00,159451.94179683246,162743.45130973804
2026-09-02 21:00:00,159451.94179683246,162743.45130973804
2026-09-02 22:00:00,159451.94179683246,161861.6276744651
2026-09-02 23:00:00,159451.94179683246,163073.3853229354
2026-09-03 00:00:00,159451.94179683246,161707.65846830636
2026-09-03 01:00:00,159451.94179683246,162841.43171365725
2026-09-03 02:00:00,159451.94179683246,164857.02859428115
2026-09-03 03:00:00,159451.94179683246,163819.23615276944
2026-09-03 04:00:00,159451.94179683246,164725.05498900218
2026-09-03 05:00:00,159140.03979491448,165328.93421315736
2026-09-03 06:00:00,160000.13650924177,166240.75184963006
2026-09-03 07:00:00,159292.8201323279,165490.90181963606
2026-09-03 08:00:00,159534.25078898115,165746.850629874
2026-09-03 09:00:00,159598.3808071547,165814.83703259347
2026-09-03 10:00:00,160332.10366214003,166592.68146370724
2026-09-03 11:00:00,162682.28021049922,169084.18316336733
2026-09-03 12:00:00,162940.68646019843,169358.12837432514
2026-09-03 13:00:00,164717.46519900608,171241.75164967007
2026-09-03 14:00:00,167761.75488524343,174469.10617876422
2026-09-03 15:00:00,183375.52813349175,191021.7956408718
2026-09-03 16:00:00,180815.98593756606,188308.33833233354
2026-09-03 17:00:00,182083.49688499572,189652.06958608277
2026-09-03 18:00:00,185161.73775732494,192915.41691661667
2026-09-03 19:00:00,185552.1763973814,193329.33413317337
2026-09-03 20:00:00,183560.37347999192,191217.75644871025
2026-09-03 21:00:00,182419.23639190418,190007.99840031992
2026-09-03 22:00:00,182834.195333027,190447.9104179164
2026-09-03 23:00:00,182883.2359351597,190499.90001999598
2026-09-04 00:00:00,180323.69373923398,187786.4427114577
2026-09-04 01:00:00,180582.0999889332,188060.3879224155
2026-09-04 02:00:00,180431.20582852492,187900.4199160168
2026-09-04 03:00:00,181517.64378346462,189052.1895620876
2026-09-04 04:00:00,181883.56212245472,189440.11197760445
2026-09-04 05:00:00,183696.17822435938,191361.7276544691
2026-09-04 06:00:00,184009.2836072066,191693.66126774644
2026-09-04 07:00:00,185784.17616900918,193575.2849430114
2026-09-04 08:00:00,196165.69440509984,204581.08378324335
2026-09-04 09:00:00,192534.80367027526,200731.85362927415
2026-09-04 10:00:00,192423.51922697414,200613.87722455506
2026-09-04 11:00:00,193755.16019257734,202025.5948810238
2026-09-04 12:00:00,189349.05070865512,197354.52909418117
2026-09-04 13:00:00,189435.81485088987,197446.51069786042
2026-09-04 14:00:00,186996.98798329083,194861.0277944411
2026-09-04 15:00:00,189356.59541667553,197362.5274945011
2026-09-04 16:00:00,198070.73318025458,206600.6798640272
2026-09-04 17:00:00,193247.77857820445,201487.7024595081
2026-09-04 18:00:00,196507.09244302363,204943.01139772046
2026-09-04 19:00:00,199159.0573121994,207754.449110178
2026-09-04 20:00:00,196192.10088317128,204609.0781843631
2026-09-04 21:00:00,195043.41908706314,203391.32173565283
2026-09-04 22:00:00,196043.09289976812,204451.10977804437
2026-09-04 23:00:00,196133.6293960131,204547.09058188362
2026-09-05 00:00:00,195292.39445173685,203655.26894621074
2026-09-05 01:00:00,194143.71265562868,202437.51249750052
2026-09-05 02:00:00,197491.67683968775,205986.80263947212
2026-09-05 03:00:00,196482.57214195727,204917.01659668068
2026-09-05 04:00:00,194801.98843040987,203135.37292541494
2026-09-05 05:00:00,194792.55754538436,203125.374925015
2026-09-05 06:00:00,194801.98843040987,203135.37292541494
2026-09-05 07:00:00,191999.1294008258,200163.96720655868
2026-09-05 08:00:00,192778.12050393363,200989.80203959206
2026-09-05 09:00:00,193643.87574927622,201907.61847630472
2026-09-05 10:00:00,193764.59107760285,202035.5928814237
2026-09-05 11:00:00,194519.06187964432,202835.4329134173
2026-09-05 12:00:00,194445.5009764453,202757.44851029795
2026-09-05 13:00:00,194377.59860426156,202685.4629074185
2026-09-05 14:00:00,194356.85065720542,202663.46730653866
2026-09-05 15:00:00,194741.63076624656,203071.3857228554
2026-09-05 16:00:00,198383.83856310174,206932.6134773045
2026-09-05 17:00:00,197295.51443115695,205778.84423115375
2026-09-05 18:00:00,196442.96242485006,204875.02499500097
2026-09-05 19:00:00,194662.4113320322,202987.40251949607
2026-09-05 20:00:00,193462.80275678626,201715.65686862625
2026-09-05 21:00:00,194749.175474267,203079.38412317538
2026-09-05 22:00:00,195430.0853731094,203801.2397520496
2026-09-05 23:00:00,196701.3686745493,205148.9702059588
2026-09-06 00:00:00,197410.5712284683,205900.8198360328
2026-09-06 01:00:00,203589.68709718797,212451.50969806037
2026-09-06 02:00:00,204112.15812760167,213005.39892021596
2026-09-06 03:00:00,205689.00210386835,214677.06458708254
2026-09-06 04:00:00,218181.15240867005,227920.41591681662
2026-09-06 05:00:00,223547.32598819004,233609.27814437108
2026-09-06 06:00:00,225550.44596761017,235732.85342931416
2026-09-06 07:00:00,222555.1968835055,232557.48850229953
2026-09-06 08:00:00,224299.9106132264,234407.11857628473
2026-09-06 09:00:00,226361.50207980475,236592.68146370724
2026-09-06 10:00:00,227000.9160845349,237270.54589082178
2026-09-06 11:00:00,226612.36362148353,236858.6282743451
2026-09-06 12:00:00,224201.82940896103,234303.13937212556
2026-09-06 13:00:00,226340.75413274858,236570.6858628274
2026-09-06 14:00:00,222513.70098939323,232513.49730053986
2026-09-06 15:00:00,223500.17156306244,233559.28814237152
2026-09-06 16:00:00,226227.5835124424,236450.7098580284
2026-09-06 17:00:00,230843.05864393112,241343.73125374923
2026-09-06 18:00:00,234426.79495362812,245142.97140571885
2026-09-06 19:00:00,232301.07346887628,242889.4221155769
2026-09-06 20:00:00,233970.340118393,244659.06818636268
2026-09-06 21:00:00,238229.3277959171,249174.16516696656
2026-09-06 22:00:00,235252.9404818635,246018.7962407518
2026-09-06 23:00:00,234736.12798246508,245470.90581883618
2026-09-07 00:00:00,228877.66220461307,239260.1479704059
2026-09-07 01:00:00,226482.21740813137,236720.65586882623
2026-09-07 02:00:00,227823.2892587601,238142.37152569485
2026-09-07 03:00:00,227974.1834191684,238302.33953209355
2026-09-07 04:00:00,228402.34559932695,238756.2487502499
2026-09-07 05:00:00,229302.05203076138,239710.05798840232
2026-09-07 06:00:00,231305.17201018153,241833.63327334533
2026-09-07 07:00:00,227051.84286367267,237324.5350929814
2026-09-07 08:00:00,226255.87616751896,236480.70385922818
2026-09-07 09:00:00,227170.67201499423,237450.50989802036
2026-09-07 10:00:00,230529.9532610839,241011.7976404719
2026-09-07 11:00:00,228223.15878384208,238566.28674265146
2026-09-07 12:00:00,229062.50755111323,239456.10877824435
2026-09-07 13:00:00,226633.1115685397,236880.62387522496
2026-09-07 14:00:00,224650.73953617574,234779.04419116178
2026-09-07 15:00:00,219025.55613031486,229274.14517096576
2026-09-07 16:00:00,219025.55613031486,231867.62647470506
2026-09-07 17:00:00,219025.55613031486,233623.275344931
2026-09-07 18:00:00,219025.55613031486,231391.72165566887
2026-09-07 19:00:00,219025.55613031486,232869.42611477702
2026-09-07 20:00:00,219025.55613031486,230947.81043791238
2026-09-07 21:00:00,219025.55613031486,230399.9200159968
2026-09-07 22:00:00,219025.55613031486,225940.81183763247
2026-09-07 23:00:00,219025.55613031486,227986.40271945612
2026-09-08 00:00:00,219025.55613031486,227638.47230553892
2026-09-08 01:00:00,219025.55613031486,230905.81883623273
2026-09-08 02:00:00,219025.55613031486,226074.7850429914
2026-09-08 03:00:00,219025.55613031486,226844.63107378522
2026-09-08 04:00:00,219025.55613031486,224683.06338732256
2026-09-08 05:00:00,219025.55613031486,225556.88862227555
2026-09-08 06:00:00,219025.55613031486,225868.826234753
2026-09-08 07:00:00,219025.55613031486,224837.0325934813
2026-09-08 08:00:00,219025.55613031486,226204.75904819038
2026-09-08 09:00:00,219025.55613031486,230133.97320535893
2026-09-08 10:00:00,219025.55613031486,229504.09918016396
2026-09-08 11:00:00,219025.55613031486,231623.67526494697
2026-09-08 12:00:00,219025.55613031486,232057.58848230352
2026-09-08 13:00:00,219025.55613031486,230697.8604279144
2026-09-08 14:00:00,218597.1229067466,234809.0381923615
2026-09-08 15:00:00,220175.08871722862,236538.6922615477
2026-09-08 16:00:00,222092.36278291253,238640.27194561088
2026-09-08 17:00:00,218845.21926538888,235080.98380323936
2026-09-08 18:00:00,216128.9289858424,232103.57928414317
2026-09-08 19:00:00,213793.90443391525,229544.09118176365
2026-09-08 20:00:00,215320.79158232384,231217.75644871025
2026-09-08 21:00:00,216705.3881720994,232735.45290941812
2026-09-08 22:00:00,219447.2177826826,235740.85182963408
2026-09-08 23:00:00,219242.90313438894,235516.89662067586
2026-09-09 00:00:00,221101.8015862747,237554.48910217956
2026-09-09 01:00:00,220538.11206553606,236936.61267746452
2026-09-09 02:00:00,219797.47146547164,236124.775044991
2026-09-09 03:00:00,220877.42032073793,237308.53829234155
2026-09-09 04:00:00,231177.06768025405,248598.2803439312
2026-09-09 05:00:00,225729.89321771153,242627.474505099
2026-09-09 06:00:00,227917.154497212,245024.99500099977
2026-09-09 07:00:00,230409.06351122176,247756.44871025792
2026-09-09 08:00:00,231689.67853891928,249160.1679664067
2026-09-09 09:00:00,230005.90692842807,247314.53709258148
2026-09-09 10:00:00,231191.66158370356,248614.27714457104
2026-09-09 11:00:00,235622.73551857154,253471.30573885218
2026-09-09 12:00:00,235122.89432542466,252923.4153169366
2026-09-09 13:00:00,236122.57671171846,254019.1961607678
2026-09-09 14:00:00,238780.4913774668,256932.61347730455
2026-09-09 15:00:00,236047.78295653957,253937.2125574885
2026-09-09 16:00:00,236668.0238531452,254617.07658468303
2026-09-09 17:00:00,235487.74191166327,253323.33533293338
2026-09-09 18:00:00,236449.11530140205,254377.12457508498
2026-09-09 19:00:00,232682.06397348834,250247.95040991798
2026-09-09 20:00:00,232351.87690794238,249886.02279544092
2026-09-09 21:00:00,229834.42856289595,247126.574685063
2026-09-09 22:00:00,228480.84401795067,245642.87142571484
2026-09-09 23:00:00,231366.78842509812,248806.2387522495
2026-09-10 00:00:00,228951.49740419848,246158.76824635072
2026-09-10 01:00:00,225742.66288322987,242641.47170565886
2026-09-10 02:00:00,231888.52047341937,249378.12437512496
2026-09-10 03:00:00,231076.73459403843,248488.30233953206
2026-09-10 04:00:00,231385.03080441008,248826.2347530494
2026-09-10 05:00:00,229912.87079393724,247212.5574885023
2026-09-10 06:00:00,228845.6916041893,246042.79144171163
2026-09-10 07:00:00,225716.85356497936,243099.3801239752
2026-09-10 08:00:00,225716.85356497936,244877.024595081
2026-09-10 09:00:00,225716.85356497936,244529.0941811638
2026-09-10 10:00:00,225716.85356497936,244027.19456108782
2026-09-10 11:00:00,225716.85356497936,244275.14497100576
2026-09-10 12:00:00,225716.85356497936,237828.43431313738
2026-09-10 13:00:00,225716.85356497936,234005.19896020793
2026-09-10 14:00:00,225716.85356497936,235884.82303539294
2026-09-10 15:00:00,225716.85356497936,233683.26334733056
2026-09-10 16:00:00,225716.85356497936,226340.7318536293
2026-09-10 17:00:00,225716.85356497936,228604.27914417113
2026-09-10 18:00:00,225716.85356497936,227976.40471905618
2026-09-10 19:00:00,225716.85356497936,224951.00979804038
2026-09-10 20:00:00,225716.85356497936,226254.74905018997
2026-09-10 21:00:00,225716.85356497936,226716.65666866626
2026-09-10 22:00:00,225716.85356497936,218688.2623475305
2026-09-10 23:00:00,225716.85356497936,215948.8102379524
2026-09-11 00:00:00,225716.85356497936,216908.6182763447
2026-09-11 01:00:00,225716.85356497936,216264.74705058985
2026-09-11 02:00:00,225716.85356497936,214035.1929614077
2026-09-11 03:00:00,225716.85356497936,213399.32013597278
2026-09-11 04:00:00,225716.85356497936,217388.5222955409
2026-09-11 05:00:00,225716.85356497936,219524.09518096378
2026-09-11 06:00:00,225716.85356497936,220589.88202359527
2026-09-11 07:00:00,225716.85356497936,222329.5340931813
2026-09-11 08:00:00,225716.85356497936,223017.39652069585
2026-09-11 09:00:00,225716.85356497936,220761.84763047387
2026-09-11 10:00:00,225716.85356497936,219770.04599080182
2026-09-11 11:00:00,225716.85356497936,220245.95080983805
2026-09-11 12:00:00,225716.85356497936,230389.92201559688
2026-09-11 13:00:00,225275.33157597002,241725.65486902618
2026-09-11 14:00:00,221537.14834906344,237632.47350529896
2026-09-11 15:00:00,217167.108064751,232847.4305138972
2026-09-11 16:00:00,221277.83129082172,237348.53029394118
2026-09-11 17:00:00,219544.78982412198,235450.9098180364
2026-09-11 18:00:00,217430.07747592567,233135.3729254149
2026-09-11 19:00:00,219121.11688389615,234987.0025994801
2026-09-11 20:00:00,220534.57746896,236534.69306138772
2026-09-11 21:00:00,216064.09747899056,231639.6720655869
2026-09-11 22:00:00,216222.97483157524,231813.6372725455
2026-09-11 23:00:00,217240.1551234106,232927.41451709653
2026-09-12 00:00:00,215644.0768916977,231179.76404719055
2026-09-12 01:00:00,212771.5013099077,228034.39312137573
2026-09-12 02:00:00,212835.41748623486,228104.37912417518
2026-09-12 03:00:00,211730.58072400794,226894.62107578487
2026-09-12 04:00:00,211436.43482819732,227026.59468106375
2026-09-12 05:00:00,211436.43482819732,225288.94221155767
2026-09-12 06:00:00,211436.43482819732,226204.75904819038
2026-09-12 07:00:00,211436.43482819732,229886.0227954409
2026-09-12 08:00:00,211436.43482819732,230295.94081183765
2026-09-12 09:00:00,211436.43482819732,230385.92281543693
2026-09-12 10:00:00,211436.43482819732,230533.89322135574
2026-09-12 11:00:00,211022.84659240564,230287.9424115177
2026-09-12 12:00:00,212527.5612311191,231963.60727854425
2026-09-12 13:00:00,211035.4158077648,230301.93961207758
2026-09-12 14:00:00,209566.6132129347,228666.26674665068
2026-09-12 15:00:00,208340.57244355185,227756.44871025794
2026-09-12 16:00:00,208340.57244355185,228234.35312937415
2026-09-12 17:00:00,208340.57244355185,227584.48310337935
2026-09-12 18:00:00,208340.57244355185,225018.99620075984
2026-09-12 19:00:00,208340.57244355185,223891.22175564888
2026-09-12 20:00:00,208340.57244355185,224553.08938212358
2026-09-12 21:00:00,208340.57244355185,224429.11417716456
2026-09-12 22:00:00,208340.57244355185,224713.05738852228
2026-09-12 23:00:00,208340.57244355185,224573.0853829234
2026-09-13 00:00:00,208340.57244355185,225290.9418116377
2026-09-13 01:00:00,208340.57244355185,225456.90861827633
2026-09-13 02:00:00,208340.57244355185,225170.9658068386
2026-09-13 03:00:00,208340.57244355185,226644.67106578682
2026-09-13 04:00:00,208340.57244355185,228484.30313937215
2026-09-13 05:00:00,208340.57244355185,229632.07358528295
2026-09-13 06:00:00,208340.57244355185,227090.5818836233
2026-09-13 07:00:00,208340.57244355185,226074.7850429914
2026-09-13 08:00:00,208340.57244355185,221877.62447510494
2026-09-13 09:00:00,208340.57244355185,217224.5550889822
2026-09-13 10:00:00,208340.57244355185,218456.30873825232
2026-09-13 11:00:00,208340.57244355185,218780.24395120973
2026-09-13 12:00:00,208340.57244355185,218732.25354929015
2026-09-13 13:00:00,208340.57244355185,219400.11997600482
2026-09-13 14:00:00,208340.57244355185,219182.16356728654
2026-09-13 15:00:00,208340.57244355185,217454.50909818037
2026-09-13 16:00:00,208340.57244355185,220579.88402319534
2026-09-13 17:00:00,208340.57244355185,221449.7100579884
2026-09-13 18:00:00,208340.57244355185,221537.6924615077
2026-09-13 19:00:00,208340.57244355185,217226.55468906215
2026-09-13 20:00:00,208340.57244355185,221065.78684263147
2026-09-13 21:00:00,208340.57244355185,219166.16676664664
2026-09-13 22:00:00,208340.57244355185,214259.14817036592
2026-09-13 23:00:00,208340.57244355185,212457.50849830033
2026-09-14 00:00:00,208340.57244355185,212289.5420915817
2026-09-14 01:00:00,208340.57244355185,215002.99940011997
2026-09-14 02:00:00,208340.57244355185,221523.6952609478
2026-09-14 03:00:00,208340.57244355185,222845.43091381725
2026-09-14 04:00:00,208340.57244355185,223205.35892821435
2026-09-14 05:00:00,207933.03998647665,226444.71105778843
2026-09-14 06:00:00,208607.79238792133,227194.56108778244
2026-09-14 07:00:00,209503.86357703985,228190.3619276145
2026-09-14 08:00:00,209257.35403304538,227916.41671665665
2026-09-14 09:00:00,210041.8661584584,228788.24235152968
2026-09-14 10:00:00,208649.17720187662,227240.55188962206
2026-09-14 11:00:00,208008.61225543843,226528.69426114776
2026-09-14 12:00:00,205577.70427050043,223827.23455308934
2026-09-14 13:00:00,209620.82065995692,228320.3359328134
2026-09-14 14:00:00,209631.61669838006,228332.33353329336
2026-09-14 15:00:00,208967.6603353585,227594.48110377925
2026-09-14 16:00:00,209106.2094951218,227748.45030993802
2026-09-14 17:00:00,211227.63104526384,230105.97880423913
2026-09-14 18:00:00,220433.05314070638,240335.9328134373
2026-09-14 19:00:00,218876.62426804067,238606.27874425115
2026-09-14 20:00:00,220089.3792509039,239954.00919816038
2026-09-14 21:00:00,215779.9605803439,235164.9670065987
2026-09-14 22:00:00,214748.93891093644,234019.19616076784
2026-09-14 23:00:00,213537.9832678104,232673.46530693857
2026-09-15 00:00:00,213667.53572888777,232817.43651269743
2026-09-15 01:00:00,213577.5687420285,232717.45650869823
2026-09-15 02:00:00,212433.18866917834,231445.7108578284
2026-09-15 03:00:00,209431.88998755242,228110.37792441508
2026-09-15 04:00:00,210142.62918374082,228900.2199560088
2026-09-15 05:00:00,210601.46081672318,229410.11797640473
2026-09-15 06:00:00,210225.39881165136,228992.20155968805
2026-09-15 07:00:00,209063.02534142934,227700.45990801838
2026-09-15 08:00:00,209949.75795731187,229144.17116576686
2026-09-15 09:00:00,209949.75795731187,227988.40231953608
2026-09-15 10:00:00,209949.75795731187,228612.27754449108
2026-09-15 11:00:00,209949.75795731187,226698.66026794643
2026-09-15 12:00:00,209949.75795731187,226118.776244751
2026-09-15 13:00:00,209949.75795731187,227202.5594881024
2026-09-15 14:00:00,209949.75795731187,222871.425714857
2026-09-15 15:00:00,209949.75795731187,224671.0657868426
2026-09-15 16:00:00,209949.75795731187,223343.33133373328
2026-09-15 17:00:00,209949.75795731187,227062.5874825035
2026-09-15 18:00:00,209949.75795731187,227438.5122975405
2026-09-15 19:00:00,209949.75795731187,226356.72865426916
2026-09-15 20:00:00,209949.75795731187,224633.07338532293
2026-09-15 21:00:00,209949.75795731187,221561.68766246748
2026-09-15 22:00:00,209949.75795731187,224041.19176164764
2026-09-15 23:00:00,209949.75795731187,222041.59168166367
2026-09-16 00:00:00,209949.75795731187,223559.2881423715
2026-09-16 01:00:00,209949.75795731187,220657.86842631473
2026-09-16 02:00:00,209949.75795731187,224043.19136172766
2026-09-16 03:00:00,209949.75795731187,226282.74345130977
2026-09-16 04:00:00,209949.75795731187,229964.00719856026
2026-09-16 05:00:00,209539.07779204607,231267.74645070985
2026-09-16 06:00:00,215218.65554646341,237664.46710657867
2026-09-16 07:00:00,213620.77496535194,235864.82703459307
2026-09-16 08:00:00,215277.2445011042,237730.45390921817
2026-09-16 09:00:00,218393.11163427157,241239.75204959008
2026-09-16 10:00:00,220255.53022270038,243337.33253349332
2026-09-16 11:00:00,222615.06721414166,245994.80103979204
2026-09-16 12:00:00,221775.2921976242,245048.9902019596
2026-09-16 13:00:00,226331.02727665982,250179.96400719858
2026-09-16 14:00:00,225358.0955450497,249084.1831633673
2026-09-16 15:00:00,225743.36230738435,249518.09638072384
2026-09-16 16:00:00,229544.54266756176,253799.24015196957
2026-09-16 17:00:00,226126.85364685112,249950.00999800037
2026-09-16 18:00:00,241436.32503676694,267192.5614877024
2026-09-16 19:00:00,233358.15098781447,258094.38112377524
2026-09-16 20:00:00,238682.6441686515,264091.1817636473
2026-09-16 21:00:00,239051.93212517502,264507.0985802839
2026-09-16 22:00:00,232852.15547046255,257524.4951009798
2026-09-16 23:00:00,241731.04523283863,267524.4951009798
2026-09-17 00:00:00,243664.4807359835,269702.05958808237
2026-09-17 01:00:00,246778.57244628295,273209.35812837427
2026-09-17 02:00:00,248864.69431606738,275558.8882223555
2026-09-17 03:00:00,249351.16018187243,276106.77864427114
2026-09-17 04:00:00,246332.94130643964,272707.45850829827
2026-09-17 05:00:00,245415.04768373453,271673.6652669466
2026-09-17 06:00:00,244740.38699393187,270913.81723655266
2026-09-17 07:00:00,247820.74566974124,274383.12337532494
2026-09-17 08:00:00,250320.54106774673,277198.5602879424
2026-09-17 09:00:00,244651.6158505368,270813.83723255346
2026-09-17 10:00:00,243309.39616240317,269302.1395720856
2026-09-17 11:00:00,246904.627469904,273351.3297340532
2026-09-17 12:00:00,245072.3910702295,271287.7424515097
2026-09-17 13:00:00,248275.25392392406,274895.0209958008
2026-09-17 14:00:00,257013.88527973593,284737.0525894821
2026-09-17 15:00:00,267116.04139809625,296114.7770445911
2026-09-17 16:00:00,265801.7242557546,295224.9550089982
