ts,equity
2023-09-24 00:00:00+00:00,10000.0
2023-09-24 04:00:00+00:00,10000.0
2023-09-24 08:00:00+00:00,10000.0
2023-09-24 12:00:00+00:00,10000.0
2023-09-24 16:00:00+00:00,10000.0
2023-09-24 20:00:00+00:00,10000.0
2023-09-25 00:00:00+00:00,10000.0
2023-09-25 04:00:00+00:00,10000.0
2023-09-25 08:00:00+00:00,10000.0
2023-09-25 12:00:00+00:00,10000.0
2023-09-25 16:00:00+00:00,10000.0
2023-09-25 20:00:00+00:00,10000.0
2023-09-26 00:00:00+00:00,10000.0
2023-09-26 04:00:00+00:00,10000.0
2023-09-26 08:00:00+00:00,10000.0
2023-09-26 12:00:00+00:00,10000.0
2023-09-26 16:00:00+00:00,10000.0
2023-09-26 20:00:00+00:00,10000.0
2023-09-27 00:00:00+00:00,10000.0
2023-09-27 04:00:00+00:00,10000.0
2023-09-27 08:00:00+00:00,10000.0
2023-09-27 12:00:00+00:00,10000.0
2023-09-27 16:00:00+00:00,10000.0
2023-09-27 20:00:00+00:00,10000.0
2023-09-28 00:00:00+00:00,10000.0
2023-09-28 04:00:00+00:00,10000.0
2023-09-28 08:00:00+00:00,10000.0
2023-09-28 12:00:00+00:00,10000.0
2023-09-28 16:00:00+00:00,10000.0
2023-09-28 20:00:00+00:00,10000.0
2023-09-29 00:00:00+00:00,10000.0
2023-09-29 04:00:00+00:00,10000.0
2023-09-29 08:00:00+00:00,10000.0
2023-09-29 12:00:00+00:00,10000.0
2023-09-29 16:00:00+00:00,10000.0
2023-09-29 20:00:00+00:00,10000.0
2023-09-30 00:00:00+00:00,10000.0
2023-09-30 04:00:00+00:00,10000.0
2023-09-30 08:00:00+00:00,10000.0
2023-09-30 12:00:00+00:00,10000.0
2023-09-30 16:00:00+00:00,10000.0
2023-09-30 20:00:00+00:00,10000.0
2023-10-01 00:00:00+00:00,10000.0
2023-10-01 04:00:00+00:00,10000.0
2023-10-01 08:00:00+00:00,10000.0
2023-10-01 12:00:00+00:00,10000.0
2023-10-01 16:00:00+00:00,10000.0
2023-10-01 20:00:00+00:00,10000.0
2023-10-02 00:00:00+00:00,10000.0
2023-10-02 04:00:00+00:00,10000.0
2023-10-02 08:00:00+00:00,10000.0
2023-10-02 12:00:00+00:00,10000.0
2023-10-02 16:00:00+00:00,10000.0
2023-10-02 20:00:00+00:00,10000.0
2023-10-03 00:00:00+00:00,10000.0
2023-10-03 04:00:00+00:00,10000.0
2023-10-03 08:00:00+00:00,10000.0
2023-10-03 12:00:00+00:00,10000.0
2023-10-03 16:00:00+00:00,10000.0
2023-10-03 20:00:00+00:00,10000.0
2023-10-04 00:00:00+00:00,10000.0
2023-10-04 04:00:00+00:00,10000.0
2023-10-04 08:00:00+00:00,10000.0
2023-10-04 12:00:00+00:00,10000.0
2023-10-04 16:00:00+00:00,10000.0
2023-10-04 20:00:00+00:00,10000.0
2023-10-05 00:00:00+00:00,10000.0
2023-10-05 04:00:00+00:00,10000.0
2023-10-05 08:00:00+00:00,10000.0
2023-10-05 12:00:00+00:00,10000.0
2023-10-05 16:00:00+00:00,10000.0
2023-10-05 20:00:00+00:00,10000.0
2023-10-06 00:00:00+00:00,10000.0
2023-10-06 04:00:00+00:00,10000.0
2023-10-06 08:00:00+00:00,10000.0
2023-10-06 12:00:00+00:00,10000.0
2023-10-06 16:00:00+00:00,10000.0
2023-10-06 20:00:00+00:00,10000.0
2023-10-07 00:00:00+00:00,10000.0
2023-10-07 04:00:00+00:00,10000.0
2023-10-07 08:00:00+00:00,10000.0
2023-10-07 12:00:00+00:00,10000.0
2023-10-07 16:00:00+00:00,10000.0
2023-10-07 20:00:00+00:00,10000.0
2023-10-08 00:00:00+00:00,10000.0
2023-10-08 04:00:00+00:00,10000.0
2023-10-08 08:00:00+00:00,10000.0
2023-10-08 12:00:00+00:00,10000.0
2023-10-08 16:00:00+00:00,10000.0
2023-10-08 20:00:00+00:00,10000.0
2023-10-09 00:00:00+00:00,10000.0
2023-10-09 04:00:00+00:00,10000.0
2023-10-09 08:00:00+00:00,10000.0
2023-10-09 12:00:00+00:00,10000.0
2023-10-09 16:00:00+00:00,10000.0
2023-10-09 20:00:00+00:00,10000.0
2023-10-10 00:00:00+00:00,10000.0
2023-10-10 04:00:00+00:00,10000.0
2023-10-10 08:00:00+00:00,10000.0
2023-10-10 12:00:00+00:00,10000.0
2023-10-10 16:00:00+00:00,10000.0
2023-10-10 20:00:00+00:00,10000.0
2023-10-11 00:00:00+00:00,10000.0
2023-10-11 04:00:00+00:00,10000.0
2023-10-11 08:00:00+00:00,10000.0
2023-10-11 12:00:00+00:00,10000.0
2023-10-11 16:00:00+00:00,10000.0
2023-10-11 20:00:00+00:00,10000.0
2023-10-12 00:00:00+00:00,10000.0
2023-10-12 04:00:00+00:00,10000.0
2023-10-12 08:00:00+00:00,10000.0
2023-10-12 12:00:00+00:00,10000.0
2023-10-12 16:00:00+00:00,10000.0
2023-10-12 20:00:00+00:00,10000.0
2023-10-13 00:00:00+00:00,10000.0
2023-10-13 04:00:00+00:00,10000.0
2023-10-13 08:00:00+00:00,10000.0
2023-10-13 12:00:00+00:00,10000.0
2023-10-13 16:00:00+00:00,10000.0
2023-10-13 20:00:00+00:00,10000.0
2023-10-14 00:00:00+00:00,10000.0
2023-10-14 04:00:00+00:00,10000.0
2023-10-14 08:00:00+00:00,10000.0
2023-10-14 12:00:00+00:00,10000.0
2023-10-14 16:00:00+00:00,10000.0
2023-10-14 20:00:00+00:00,10000.0
2023-10-15 00:00:00+00:00,10000.0
2023-10-15 04:00:00+00:00,10000.0
2023-10-15 08:00:00+00:00,10000.0
2023-10-15 12:00:00+00:00,10000.0
2023-10-15 16:00:00+00:00,10000.0
2023-10-15 20:00:00+00:00,10000.0
2023-10-16 00:00:00+00:00,10000.0
2023-10-16 04:00:00+00:00,10000.0
2023-10-16 08:00:00+00:00,10000.0
2023-10-16 12:00:00+00:00,10000.0
2023-10-16 16:00:00+00:00,10000.0
2023-10-16 20:00:00+00:00,10000.0
2023-10-17 00:00:00+00:00,10000.0
2023-10-17 04:00:00+00:00,10000.0
2023-10-17 08:00:00+00:00,10000.0
2023-10-17 12:00:00+00:00,10000.0
2023-10-17 16:00:00+00:00,10000.0
2023-10-17 20:00:00+00:00,10000.0
2023-10-18 00:00:00+00:00,10000.0
2023-10-18 04:00:00+00:00,10000.0
2023-10-18 08:00:00+00:00,10000.0
2023-10-18 12:00:00+00:00,10000.0
2023-10-18 16:00:00+00:00,10000.0
2023-10-18 20:00:00+00:00,10000.0
2023-10-19 00:00:00+00:00,10000.0
2023-10-19 04:00:00+00:00,10000.0
2023-10-19 08:00:00+00:00,10000.0
2023-10-19 12:00:00+00:00,10000.0
2023-10-19 16:00:00+00:00,10000.0
2023-10-19 20:00:00+00:00,10000.0
2023-10-20 00:00:00+00:00,10000.0
2023-10-20 04:00:00+00:00,10000.0
2023-10-20 08:00:00+00:00,10000.0
2023-10-20 12:00:00+00:00,10000.0
2023-10-20 16:00:00+00:00,10000.0
2023-10-20 20:00:00+00:00,10000.0
2023-10-21 00:00:00+00:00,10000.0
2023-10-21 04:00:00+00:00,10000.0
2023-10-21 08:00:00+00:00,10000.0
2023-10-21 12:00:00+00:00,10000.0
2023-10-21 16:00:00+00:00,10000.0
2023-10-21 20:00:00+00:00,10000.0
2023-10-22 00:00:00+00:00,10000.0
2023-10-22 04:00:00+00:00,10000.0
2023-10-22 08:00:00+00:00,10000.0
2023-10-22 12:00:00+00:00,10000.0
2023-10-22 16:00:00+00:00,10000.0
2023-10-22 20:00:00+00:00,10000.0
2023-10-23 00:00:00+00:00,10000.0
2023-10-23 04:00:00+00:00,10000.0
2023-10-23 08:00:00+00:00,10000.0
2023-10-23 12:00:00+00:00,10000.0
2023-10-23 16:00:00+00:00,10000.0
2023-10-23 20:00:00+00:00,10000.0
2023-10-24 00:00:00+00:00,10000.0
2023-10-24 04:00:00+00:00,10000.0
2023-10-24 08:00:00+00:00,10000.0
2023-10-24 12:00:00+00:00,10000.0
2023-10-24 16:00:00+00:00,10000.0
2023-10-24 20:00:00+00:00,10000.0
2023-10-25 00:00:00+00:00,10000.0
2023-10-25 04:00:00+00:00,10000.0
2023-10-25 08:00:00+00:00,10000.0
2023-10-25 12:00:00+00:00,10000.0
2023-10-25 16:00:00+00:00,10000.0
2023-10-25 20:00:00+00:00,10000.0
2023-10-26 00:00:00+00:00,10000.0
2023-10-26 04:00:00+00:00,10000.0
2023-10-26 08:00:00+00:00,10000.0
2023-10-26 12:00:00+00:00,10000.0
2023-10-26 16:00:00+00:00,10000.0
2023-10-26 20:00:00+00:00,9980.03992015968
2023-10-27 00:00:00+00:00,9630.146395450736
2023-10-27 04:00:00+00:00,9457.891121747873
2023-10-27 08:00:00+00:00,9694.74212308931
2023-10-27 12:00:00+00:00,10109.231375436826
2023-10-27 16:00:00+00:00,10286.869626442905
2023-10-27 20:00:00+00:00,10093.082443527184
2023-10-28 00:00:00+00:00,10184.59305768183
2023-10-28 04:00:00+00:00,10394.529172507197
2023-10-28 08:00:00+00:00,10254.571762623618
2023-10-28 12:00:00+00:00,10071.550534314327
2023-10-28 16:00:00+00:00,9910.061215217891
2023-10-28 20:00:00+00:00,9888.529306005032
2023-10-29 00:00:00+00:00,9786.252737243958
2023-10-29 04:00:00+00:00,9953.125033643606
2023-10-29 08:00:00+00:00,9910.061215217891
2023-10-29 12:00:00+00:00,9899.295260611463
2023-10-29 16:00:00+00:00,9700.125100392524
2023-10-29 20:00:00+00:00,9689.359145786097
2023-10-30 00:00:00+00:00,9775.486782637528
2023-10-30 04:00:00+00:00,9926.210147127535
2023-10-30 08:00:00+00:00,10173.8271030754
2023-10-30 12:00:00+00:00,10109.231375436826
2023-10-30 16:00:00+00:00,10410.67810441684
2023-10-30 20:00:00+00:00,10157.678171165759
2023-10-31 00:00:00+00:00,10163.061148468973
2023-10-31 04:00:00+00:00,10362.231308687908
2023-10-31 08:00:00+00:00,10814.401402157924
2023-10-31 12:00:00+00:00,10539.869559693987
2023-10-31 16:00:00+00:00,10900.529039009356
2023-10-31 20:00:00+00:00,10938.209880131859
2023-11-01 00:00:00+00:00,10722.890788003278
2023-11-01 04:00:00+00:00,10346.082376778266
2023-11-01 08:00:00+00:00,10319.167490262193
2023-11-01 12:00:00+00:00,10023.103738585394
2023-11-01 16:00:00+00:00,10163.061148468973
2023-11-01 20:00:00+00:00,10131.990603474816
2023-11-02 00:00:00+00:00,10131.990603474816
2023-11-02 04:00:00+00:00,10131.990603474816
2023-11-02 08:00:00+00:00,10131.990603474816
2023-11-02 12:00:00+00:00,10131.990603474816
2023-11-02 16:00:00+00:00,10131.990603474816
2023-11-02 20:00:00+00:00,10131.990603474816
2023-11-03 00:00:00+00:00,10131.990603474816
2023-11-03 04:00:00+00:00,10131.990603474816
2023-11-03 08:00:00+00:00,10131.990603474816
2023-11-03 12:00:00+00:00,10131.990603474816
2023-11-03 16:00:00+00:00,10131.990603474816
2023-11-03 20:00:00+00:00,10131.990603474816
2023-11-04 00:00:00+00:00,10131.990603474816
2023-11-04 04:00:00+00:00,10131.990603474816
2023-11-04 08:00:00+00:00,10131.990603474816
2023-11-04 12:00:00+00:00,10131.990603474816
2023-11-04 16:00:00+00:00,10131.990603474816
2023-11-04 20:00:00+00:00,10131.990603474816
2023-11-05 00:00:00+00:00,10131.990603474816
2023-11-05 04:00:00+00:00,10131.990603474816
2023-11-05 08:00:00+00:00,10131.990603474816
2023-11-05 12:00:00+00:00,10131.990603474816
2023-11-05 16:00:00+00:00,10131.990603474816
2023-11-05 20:00:00+00:00,10131.990603474816
2023-11-06 00:00:00+00:00,10131.990603474816
2023-11-06 04:00:00+00:00,10131.990603474816
2023-11-06 08:00:00+00:00,10131.990603474816
2023-11-06 12:00:00+00:00,10131.990603474816
2023-11-06 16:00:00+00:00,10131.990603474816
2023-11-06 20:00:00+00:00,10131.990603474816
2023-11-07 00:00:00+00:00,10131.990603474816
2023-11-07 04:00:00+00:00,10131.990603474816
2023-11-07 08:00:00+00:00,10131.990603474816
2023-11-07 12:00:00+00:00,10131.990603474816
2023-11-07 16:00:00+00:00,10131.990603474816
2023-11-07 20:00:00+00:00,10131.990603474816
2023-11-08 00:00:00+00:00,10131.990603474816
2023-11-08 04:00:00+00:00,10131.990603474816
2023-11-08 08:00:00+00:00,10131.990603474816
2023-11-08 12:00:00+00:00,10131.990603474816
2023-11-08 16:00:00+00:00,10131.990603474816
2023-11-08 20:00:00+00:00,10131.990603474816
2023-11-09 00:00:00+00:00,10131.990603474816
2023-11-09 04:00:00+00:00,10131.990603474816
2023-11-09 08:00:00+00:00,10131.990603474816
2023-11-09 12:00:00+00:00,10131.990603474816
2023-11-09 16:00:00+00:00,10131.990603474816
2023-11-09 20:00:00+00:00,10131.990603474816
2023-11-10 00:00:00+00:00,10131.990603474816
2023-11-10 04:00:00+00:00,10131.990603474816
2023-11-10 08:00:00+00:00,10131.990603474816
2023-11-10 12:00:00+00:00,10131.990603474816
2023-11-10 16:00:00+00:00,10131.990603474816
2023-11-10 20:00:00+00:00,10131.990603474816
2023-11-11 00:00:00+00:00,10131.990603474816
2023-11-11 04:00:00+00:00,10131.990603474816
2023-11-11 08:00:00+00:00,10131.990603474816
2023-11-11 12:00:00+00:00,10131.990603474816
2023-11-11 16:00:00+00:00,10131.990603474816
2023-11-11 20:00:00+00:00,10131.990603474816
2023-11-12 00:00:00+00:00,10131.990603474816
2023-11-12 04:00:00+00:00,10131.990603474816
2023-11-12 08:00:00+00:00,10131.990603474816
2023-11-12 12:00:00+00:00,10131.990603474816
2023-11-12 16:00:00+00:00,10131.990603474816
2023-11-12 20:00:00+00:00,10131.990603474816
2023-11-13 00:00:00+00:00,10131.990603474816
2023-11-13 04:00:00+00:00,10131.990603474816
2023-11-13 08:00:00+00:00,10131.990603474816
2023-11-13 12:00:00+00:00,10131.990603474816
2023-11-13 16:00:00+00:00,10131.990603474816
2023-11-13 20:00:00+00:00,10131.990603474816
2023-11-14 00:00:00+00:00,10131.990603474816
2023-11-14 04:00:00+00:00,10131.990603474816
2023-11-14 08:00:00+00:00,10131.990603474816
2023-11-14 12:00:00+00:00,10131.990603474816
2023-11-14 16:00:00+00:00,10131.990603474816
2023-11-14 20:00:00+00:00,10131.990603474816
2023-11-15 00:00:00+00:00,10131.990603474816
2023-11-15 04:00:00+00:00,10131.990603474816
2023-11-15 08:00:00+00:00,10131.990603474816
2023-11-15 12:00:00+00:00,10131.990603474816
2023-11-15 16:00:00+00:00,10131.990603474816
2023-11-15 20:00:00+00:00,10131.990603474816
2023-11-16 00:00:00+00:00,10131.990603474816
2023-11-16 04:00:00+00:00,10131.990603474816
2023-11-16 08:00:00+00:00,10131.990603474816
2023-11-16 12:00:00+00:00,10131.990603474816
2023-11-16 16:00:00+00:00,10131.990603474816
2023-11-16 20:00:00+00:00,10131.990603474816
2023-11-17 00:00:00+00:00,10131.990603474816
2023-11-17 04:00:00+00:00,10131.990603474816
2023-11-17 08:00:00+00:00,10131.990603474816
2023-11-17 12:00:00+00:00,10131.990603474816
2023-11-17 16:00:00+00:00,10131.990603474816
2023-11-17 20:00:00+00:00,10131.990603474816
2023-11-18 00:00:00+00:00,10131.990603474816
2023-11-18 04:00:00+00:00,10131.990603474816
2023-11-18 08:00:00+00:00,10131.990603474816
2023-11-18 12:00:00+00:00,10131.990603474816
2023-11-18 16:00:00+00:00,10131.990603474816
2023-11-18 20:00:00+00:00,10131.990603474816
2023-11-19 00:00:00+00:00,10131.990603474816
2023-11-19 04:00:00+00:00,10131.990603474816
2023-11-19 08:00:00+00:00,10131.990603474816
2023-11-19 12:00:00+00:00,10131.990603474816
2023-11-19 16:00:00+00:00,10131.990603474816
2023-11-19 20:00:00+00:00,10131.990603474816
2023-11-20 00:00:00+00:00,10131.990603474816
2023-11-20 04:00:00+00:00,10131.990603474816
2023-11-20 08:00:00+00:00,10131.990603474816
2023-11-20 12:00:00+00:00,10131.990603474816
2023-11-20 16:00:00+00:00,10131.990603474816
2023-11-20 20:00:00+00:00,10131.990603474816
2023-11-21 00:00:00+00:00,10131.990603474816
2023-11-21 04:00:00+00:00,10131.990603474816
2023-11-21 08:00:00+00:00,10131.990603474816
2023-11-21 12:00:00+00:00,10131.990603474816
2023-11-21 16:00:00+00:00,10131.990603474816
2023-11-21 20:00:00+00:00,10131.990603474816
2023-11-22 00:00:00+00:00,10131.990603474816
2023-11-22 04:00:00+00:00,10131.990603474816
2023-11-22 08:00:00+00:00,10131.990603474816
2023-11-22 12:00:00+00:00,10131.990603474816
2023-11-22 16:00:00+00:00,10131.990603474816
2023-11-22 20:00:00+00:00,10131.990603474816
2023-11-23 00:00:00+00:00,10131.990603474816
2023-11-23 04:00:00+00:00,10131.990603474816
2023-11-23 08:00:00+00:00,10131.990603474816
2023-11-23 12:00:00+00:00,10131.990603474816
2023-11-23 16:00:00+00:00,10131.990603474816
2023-11-23 20:00:00+00:00,10131.990603474816
2023-11-24 00:00:00+00:00,10131.990603474816
2023-11-24 04:00:00+00:00,10131.990603474816
2023-11-24 08:00:00+00:00,10131.990603474816
2023-11-24 12:00:00+00:00,10131.990603474816
2023-11-24 16:00:00+00:00,10131.990603474816
2023-11-24 20:00:00+00:00,10131.990603474816
2023-11-25 00:00:00+00:00,10131.990603474816
2023-11-25 04:00:00+00:00,10131.990603474816
2023-11-25 08:00:00+00:00,10131.990603474816
2023-11-25 12:00:00+00:00,10131.990603474816
2023-11-25 16:00:00+00:00,10131.990603474816
2023-11-25 20:00:00+00:00,10131.990603474816
2023-11-26 00:00:00+00:00,10131.990603474816
2023-11-26 04:00:00+00:00,10131.990603474816
2023-11-26 08:00:00+00:00,10131.990603474816
2023-11-26 12:00:00+00:00,10131.990603474816
2023-11-26 16:00:00+00:00,10131.990603474816
2023-11-26 20:00:00+00:00,10131.990603474816
2023-11-27 00:00:00+00:00,10131.990603474816
2023-11-27 04:00:00+00:00,10131.990603474816
2023-11-27 08:00:00+00:00,10131.990603474816
2023-11-27 12:00:00+00:00,10131.990603474816
2023-11-27 16:00:00+00:00,10131.990603474816
2023-11-27 20:00:00+00:00,10131.990603474816
2023-11-28 00:00:00+00:00,10131.990603474816
2023-11-28 04:00:00+00:00,10131.990603474816
2023-11-28 08:00:00+00:00,10131.990603474816
2023-11-28 12:00:00+00:00,10131.990603474816
2023-11-28 16:00:00+00:00,10131.990603474816
2023-11-28 20:00:00+00:00,10131.990603474816
2023-11-29 00:00:00+00:00,10131.990603474816
2023-11-29 04:00:00+00:00,10131.990603474816
2023-11-29 08:00:00+00:00,10131.990603474816
2023-11-29 12:00:00+00:00,10131.990603474816
2023-11-29 16:00:00+00:00,10131.990603474816
2023-11-29 20:00:00+00:00,10131.990603474816
2023-11-30 00:00:00+00:00,10131.990603474816
2023-11-30 04:00:00+00:00,10131.990603474816
2023-11-30 08:00:00+00:00,10131.990603474816
2023-11-30 12:00:00+00:00,10131.990603474816
2023-11-30 16:00:00+00:00,10131.990603474816
2023-11-30 20:00:00+00:00,10131.990603474816
2023-12-01 00:00:00+00:00,10131.990603474816
2023-12-01 04:00:00+00:00,10131.990603474816
2023-12-01 08:00:00+00:00,10131.990603474816
2023-12-01 12:00:00+00:00,10131.990603474816
2023-12-01 16:00:00+00:00,10131.990603474816
2023-12-01 20:00:00+00:00,10131.990603474816
2023-12-02 00:00:00+00:00,10131.990603474816
2023-12-02 04:00:00+00:00,10131.990603474816
2023-12-02 08:00:00+00:00,10131.990603474816
2023-12-02 12:00:00+00:00,10131.990603474816
2023-12-02 16:00:00+00:00,10131.990603474816
2023-12-02 20:00:00+00:00,10131.990603474816
2023-12-03 00:00:00+00:00,10131.990603474816
2023-12-03 04:00:00+00:00,10131.990603474816
2023-12-03 08:00:00+00:00,10131.990603474816
2023-12-03 12:00:00+00:00,10131.990603474816
2023-12-03 16:00:00+00:00,10131.990603474816
2023-12-03 20:00:00+00:00,10131.990603474816
2023-12-04 00:00:00+00:00,10131.990603474816
2023-12-04 04:00:00+00:00,10131.990603474816
2023-12-04 08:00:00+00:00,10131.990603474816
2023-12-04 12:00:00+00:00,10131.990603474816
2023-12-04 16:00:00+00:00,10131.990603474816
2023-12-04 20:00:00+00:00,10131.990603474816
2023-12-05 00:00:00+00:00,10131.990603474816
2023-12-05 04:00:00+00:00,10131.990603474816
2023-12-05 08:00:00+00:00,10131.990603474816
2023-12-05 12:00:00+00:00,10131.990603474816
2023-12-05 16:00:00+00:00,10131.990603474816
2023-12-05 20:00:00+00:00,10131.990603474816
2023-12-06 00:00:00+00:00,10131.990603474816
2023-12-06 04:00:00+00:00,10131.990603474816
2023-12-06 08:00:00+00:00,10131.990603474816
2023-12-06 12:00:00+00:00,10131.990603474816
2023-12-06 16:00:00+00:00,10131.990603474816
2023-12-06 20:00:00+00:00,10131.990603474816
2023-12-07 00:00:00+00:00,10131.990603474816
2023-12-07 04:00:00+00:00,10131.990603474816
2023-12-07 08:00:00+00:00,10131.990603474816
2023-12-07 12:00:00+00:00,10131.990603474816
2023-12-07 16:00:00+00:00,10131.990603474816
2023-12-07 20:00:00+00:00,10131.990603474816
2023-12-08 00:00:00+00:00,10131.990603474816
2023-12-08 04:00:00+00:00,10131.990603474816
2023-12-08 08:00:00+00:00,10131.990603474816
2023-12-08 12:00:00+00:00,10131.990603474816
2023-12-08 16:00:00+00:00,10131.990603474816
2023-12-08 20:00:00+00:00,10131.990603474816
2023-12-09 00:00:00+00:00,10131.990603474816
2023-12-09 04:00:00+00:00,10131.990603474816
2023-12-09 08:00:00+00:00,10131.990603474816
2023-12-09 12:00:00+00:00,10131.990603474816
2023-12-09 16:00:00+00:00,10131.990603474816
2023-12-09 20:00:00+00:00,10131.990603474816
2023-12-10 00:00:00+00:00,10131.990603474816
2023-12-10 04:00:00+00:00,10131.990603474816
2023-12-10 08:00:00+00:00,10131.990603474816
2023-12-10 12:00:00+00:00,10131.990603474816
2023-12-10 16:00:00+00:00,10131.990603474816
2023-12-10 20:00:00+00:00,10131.990603474816
2023-12-11 00:00:00+00:00,10131.990603474816
2023-12-11 04:00:00+00:00,10131.990603474816
2023-12-11 08:00:00+00:00,10131.990603474816
2023-12-11 12:00:00+00:00,10131.990603474816
2023-12-11 16:00:00+00:00,10131.990603474816
2023-12-11 20:00:00+00:00,10131.990603474816
2023-12-12 00:00:00+00:00,10131.990603474816
2023-12-12 04:00:00+00:00,10131.990603474816
2023-12-12 08:00:00+00:00,10131.990603474816
2023-12-12 12:00:00+00:00,10131.990603474816
2023-12-12 16:00:00+00:00,10131.990603474816
2023-12-12 20:00:00+00:00,10131.990603474816
2023-12-13 00:00:00+00:00,10131.990603474816
2023-12-13 04:00:00+00:00,10131.990603474816
2023-12-13 08:00:00+00:00,10131.990603474816
2023-12-13 12:00:00+00:00,10131.990603474816
2023-12-13 16:00:00+00:00,10131.990603474816
2023-12-13 20:00:00+00:00,10131.990603474816
2023-12-14 00:00:00+00:00,10131.990603474816
2023-12-14 04:00:00+00:00,10131.990603474816
2023-12-14 08:00:00+00:00,10131.990603474816
2023-12-14 12:00:00+00:00,10131.990603474816
2023-12-14 16:00:00+00:00,10131.990603474816
2023-12-14 20:00:00+00:00,10131.990603474816
2023-12-15 00:00:00+00:00,10131.990603474816
2023-12-15 04:00:00+00:00,10131.990603474816
2023-12-15 08:00:00+00:00,10131.990603474816
2023-12-15 12:00:00+00:00,10131.990603474816
2023-12-15 16:00:00+00:00,10131.990603474816
2023-12-15 20:00:00+00:00,10131.990603474816
2023-12-16 00:00:00+00:00,10131.990603474816
2023-12-16 04:00:00+00:00,10131.990603474816
2023-12-16 08:00:00+00:00,10131.990603474816
2023-12-16 12:00:00+00:00,10131.990603474816
2023-12-16 16:00:00+00:00,10131.990603474816
2023-12-16 20:00:00+00:00,10131.990603474816
2023-12-17 00:00:00+00:00,10131.990603474816
2023-12-17 04:00:00+00:00,10131.990603474816
2023-12-17 08:00:00+00:00,10131.990603474816
2023-12-17 12:00:00+00:00,10131.990603474816
2023-12-17 16:00:00+00:00,10131.990603474816
2023-12-17 20:00:00+00:00,10131.990603474816
2023-12-18 00:00:00+00:00,10131.990603474816
2023-12-18 04:00:00+00:00,10131.990603474816
2023-12-18 08:00:00+00:00,10131.990603474816
2023-12-18 12:00:00+00:00,10131.990603474816
2023-12-18 16:00:00+00:00,10131.990603474816
2023-12-18 20:00:00+00:00,10131.990603474816
2023-12-19 00:00:00+00:00,10131.990603474816
2023-12-19 04:00:00+00:00,10131.990603474816
2023-12-19 08:00:00+00:00,10131.990603474816
2023-12-19 12:00:00+00:00,10131.990603474816
2023-12-19 16:00:00+00:00,10131.990603474816
2023-12-19 20:00:00+00:00,10131.990603474816
2023-12-20 00:00:00+00:00,10131.990603474816
2023-12-20 04:00:00+00:00,10131.990603474816
2023-12-20 08:00:00+00:00,10131.990603474816
2023-12-20 12:00:00+00:00,10131.990603474816
2023-12-20 16:00:00+00:00,10131.990603474816
2023-12-20 20:00:00+00:00,10131.990603474816
2023-12-21 00:00:00+00:00,10131.990603474816
2023-12-21 04:00:00+00:00,10131.990603474816
2023-12-21 08:00:00+00:00,10131.990603474816
2023-12-21 12:00:00+00:00,10131.990603474816
2023-12-21 16:00:00+00:00,10131.990603474816
2023-12-21 20:00:00+00:00,10131.990603474816
2023-12-22 00:00:00+00:00,10131.990603474816
2023-12-22 04:00:00+00:00,10131.990603474816
2023-12-22 08:00:00+00:00,10131.990603474816
2023-12-22 12:00:00+00:00,10131.990603474816
2023-12-22 16:00:00+00:00,10131.990603474816
2023-12-22 20:00:00+00:00,10131.990603474816
2023-12-23 00:00:00+00:00,10131.990603474816
2023-12-23 04:00:00+00:00,10131.990603474816
2023-12-23 08:00:00+00:00,10131.990603474816
2023-12-23 12:00:00+00:00,10131.990603474816
2023-12-23 16:00:00+00:00,10131.990603474816
2023-12-23 20:00:00+00:00,10131.990603474816
2023-12-24 00:00:00+00:00,10131.990603474816
2023-12-24 04:00:00+00:00,10131.990603474816
2023-12-24 08:00:00+00:00,10131.990603474816
2023-12-24 12:00:00+00:00,10131.990603474816
2023-12-24 16:00:00+00:00,10131.990603474816
2023-12-24 20:00:00+00:00,10131.990603474816
2023-12-25 00:00:00+00:00,10131.990603474816
2023-12-25 04:00:00+00:00,10131.990603474816
2023-12-25 08:00:00+00:00,10131.990603474816
2023-12-25 12:00:00+00:00,10131.990603474816
2023-12-25 16:00:00+00:00,10131.990603474816
2023-12-25 20:00:00+00:00,10131.990603474816
2023-12-26 00:00:00+00:00,10131.990603474816
2023-12-26 04:00:00+00:00,10131.990603474816
2023-12-26 08:00:00+00:00,10131.990603474816
2023-12-26 12:00:00+00:00,10131.990603474816
2023-12-26 16:00:00+00:00,10131.990603474816
2023-12-26 20:00:00+00:00,10131.990603474816
2023-12-27 00:00:00+00:00,10131.990603474816
2023-12-27 04:00:00+00:00,10131.990603474816
2023-12-27 08:00:00+00:00,10131.990603474816
2023-12-27 12:00:00+00:00,10131.990603474816
2023-12-27 16:00:00+00:00,10131.990603474816
2023-12-27 20:00:00+00:00,10131.990603474816
2023-12-28 00:00:00+00:00,10131.990603474816
2023-12-28 04:00:00+00:00,10131.990603474816
2023-12-28 08:00:00+00:00,10131.990603474816
2023-12-28 12:00:00+00:00,10131.990603474816
2023-12-28 16:00:00+00:00,10131.990603474816
2023-12-28 20:00:00+00:00,10131.990603474816
2023-12-29 00:00:00+00:00,10131.990603474816
2023-12-29 04:00:00+00:00,10131.990603474816
2023-12-29 08:00:00+00:00,10131.990603474816
2023-12-29 12:00:00+00:00,10131.990603474816
2023-12-29 16:00:00+00:00,10131.990603474816
2023-12-29 20:00:00+00:00,10131.990603474816
2023-12-30 00:00:00+00:00,10131.990603474816
2023-12-30 04:00:00+00:00,10131.990603474816
2023-12-30 08:00:00+00:00,10131.990603474816
2023-12-30 12:00:00+00:00,10131.990603474816
2023-12-30 16:00:00+00:00,10131.990603474816
2023-12-30 20:00:00+00:00,10131.990603474816
2023-12-31 00:00:00+00:00,10131.990603474816
2023-12-31 04:00:00+00:00,10131.990603474816
2023-12-31 08:00:00+00:00,10131.990603474816
2023-12-31 12:00:00+00:00,10131.990603474816
2023-12-31 16:00:00+00:00,10131.990603474816
2023-12-31 20:00:00+00:00,10131.990603474816
2024-01-01 00:00:00+00:00,10131.990603474816
2024-01-01 04:00:00+00:00,10131.990603474816
2024-01-01 08:00:00+00:00,10131.990603474816
2024-01-01 12:00:00+00:00,10131.990603474816
2024-01-01 16:00:00+00:00,10131.990603474816
2024-01-01 20:00:00+00:00,10131.990603474816
2024-01-02 00:00:00+00:00,10131.990603474816
2024-01-02 04:00:00+00:00,10131.990603474816
2024-01-02 08:00:00+00:00,10131.990603474816
2024-01-02 12:00:00+00:00,10131.990603474816
2024-01-02 16:00:00+00:00,10131.990603474816
2024-01-02 20:00:00+00:00,10131.990603474816
2024-01-03 00:00:00+00:00,10131.990603474816
2024-01-03 04:00:00+00:00,10131.990603474816
2024-01-03 08:00:00+00:00,10131.990603474816
2024-01-03 12:00:00+00:00,10131.990603474816
2024-01-03 16:00:00+00:00,10131.990603474816
2024-01-03 20:00:00+00:00,10131.990603474816
2024-01-04 00:00:00+00:00,10131.990603474816
2024-01-04 04:00:00+00:00,10131.990603474816
2024-01-04 08:00:00+00:00,10131.990603474816
2024-01-04 12:00:00+00:00,10131.990603474816
2024-01-04 16:00:00+00:00,10131.990603474816
2024-01-04 20:00:00+00:00,10131.990603474816
2024-01-05 00:00:00+00:00,10131.990603474816
2024-01-05 04:00:00+00:00,10131.990603474816
2024-01-05 08:00:00+00:00,10131.990603474816
2024-01-05 12:00:00+00:00,10131.990603474816
2024-01-05 16:00:00+00:00,10131.990603474816
2024-01-05 20:00:00+00:00,10131.990603474816
2024-01-06 00:00:00+00:00,10131.990603474816
2024-01-06 04:00:00+00:00,10131.990603474816
2024-01-06 08:00:00+00:00,10131.990603474816
2024-01-06 12:00:00+00:00,10131.990603474816
2024-01-06 16:00:00+00:00,10131.990603474816
2024-01-06 20:00:00+00:00,10131.990603474816
2024-01-07 00:00:00+00:00,10131.990603474816
2024-01-07 04:00:00+00:00,10131.990603474816
2024-01-07 08:00:00+00:00,10131.990603474816
2024-01-07 12:00:00+00:00,10131.990603474816
2024-01-07 16:00:00+00:00,10131.990603474816
2024-01-07 20:00:00+00:00,10131.990603474816
2024-01-08 00:00:00+00:00,10131.990603474816
2024-01-08 04:00:00+00:00,10131.990603474816
2024-01-08 08:00:00+00:00,10131.990603474816
2024-01-08 12:00:00+00:00,10131.990603474816
2024-01-08 16:00:00+00:00,10131.990603474816
2024-01-08 20:00:00+00:00,10131.990603474816
2024-01-09 00:00:00+00:00,10131.990603474816
2024-01-09 04:00:00+00:00,10131.990603474816
2024-01-09 08:00:00+00:00,10131.990603474816
2024-01-09 12:00:00+00:00,10131.990603474816
2024-01-09 16:00:00+00:00,10131.990603474816
2024-01-09 20:00:00+00:00,10131.990603474816
2024-01-10 00:00:00+00:00,10131.990603474816
2024-01-10 04:00:00+00:00,10131.990603474816
2024-01-10 08:00:00+00:00,10131.990603474816
2024-01-10 12:00:00+00:00,10131.990603474816
2024-01-10 16:00:00+00:00,10131.990603474816
2024-01-10 20:00:00+00:00,10131.990603474816
2024-01-11 00:00:00+00:00,10131.990603474816
2024-01-11 04:00:00+00:00,10131.990603474816
2024-01-11 08:00:00+00:00,10131.990603474816
2024-01-11 12:00:00+00:00,10131.990603474816
2024-01-11 16:00:00+00:00,10131.990603474816
2024-01-11 20:00:00+00:00,10131.990603474816
2024-01-12 00:00:00+00:00,10131.990603474816
2024-01-12 04:00:00+00:00,10131.990603474816
2024-01-12 08:00:00+00:00,10131.990603474816
2024-01-12 12:00:00+00:00,10131.990603474816
2024-01-12 16:00:00+00:00,10131.990603474816
2024-01-12 20:00:00+00:00,10131.990603474816
2024-01-13 00:00:00+00:00,10131.990603474816
2024-01-13 04:00:00+00:00,10131.990603474816
2024-01-13 08:00:00+00:00,10131.990603474816
2024-01-13 12:00:00+00:00,10131.990603474816
2024-01-13 16:00:00+00:00,10131.990603474816
2024-01-13 20:00:00+00:00,10131.990603474816
2024-01-14 00:00:00+00:00,10131.990603474816
2024-01-14 04:00:00+00:00,10131.990603474816
2024-01-14 08:00:00+00:00,10131.990603474816
2024-01-14 12:00:00+00:00,10131.990603474816
2024-01-14 16:00:00+00:00,10131.990603474816
2024-01-14 20:00:00+00:00,10131.990603474816
2024-01-15 00:00:00+00:00,10131.990603474816
2024-01-15 04:00:00+00:00,10131.990603474816
2024-01-15 08:00:00+00:00,10131.990603474816
2024-01-15 12:00:00+00:00,10131.990603474816
2024-01-15 16:00:00+00:00,10131.990603474816
2024-01-15 20:00:00+00:00,10131.990603474816
2024-01-16 00:00:00+00:00,10131.990603474816
2024-01-16 04:00:00+00:00,10131.990603474816
2024-01-16 08:00:00+00:00,10131.990603474816
2024-01-16 12:00:00+00:00,10131.990603474816
2024-01-16 16:00:00+00:00,10131.990603474816
2024-01-16 20:00:00+00:00,10131.990603474816
2024-01-17 00:00:00+00:00,10131.990603474816
2024-01-17 04:00:00+00:00,10131.990603474816
2024-01-17 08:00:00+00:00,10131.990603474816
2024-01-17 12:00:00+00:00,10131.990603474816
2024-01-17 16:00:00+00:00,10131.990603474816
2024-01-17 20:00:00+00:00,10131.990603474816
2024-01-18 00:00:00+00:00,10131.990603474816
2024-01-18 04:00:00+00:00,10131.990603474816
2024-01-18 08:00:00+00:00,10131.990603474816
2024-01-18 12:00:00+00:00,10131.990603474816
2024-01-18 16:00:00+00:00,10131.990603474816
2024-01-18 20:00:00+00:00,10131.990603474816
2024-01-19 00:00:00+00:00,10131.990603474816
2024-01-19 04:00:00+00:00,10131.990603474816
2024-01-19 08:00:00+00:00,10131.990603474816
2024-01-19 12:00:00+00:00,10131.990603474816
2024-01-19 16:00:00+00:00,10131.990603474816
2024-01-19 20:00:00+00:00,10131.990603474816
2024-01-20 00:00:00+00:00,10131.990603474816
2024-01-20 04:00:00+00:00,10131.990603474816
2024-01-20 08:00:00+00:00,10131.990603474816
2024-01-20 12:00:00+00:00,10131.990603474816
2024-01-20 16:00:00+00:00,10131.990603474816
2024-01-20 20:00:00+00:00,10131.990603474816
2024-01-21 00:00:00+00:00,10131.990603474816
2024-01-21 04:00:00+00:00,10131.990603474816
2024-01-21 08:00:00+00:00,10131.990603474816
2024-01-21 12:00:00+00:00,10131.990603474816
2024-01-21 16:00:00+00:00,10131.990603474816
2024-01-21 20:00:00+00:00,10131.990603474816
2024-01-22 00:00:00+00:00,10131.990603474816
2024-01-22 04:00:00+00:00,10131.990603474816
2024-01-22 08:00:00+00:00,10131.990603474816
2024-01-22 12:00:00+00:00,10131.990603474816
2024-01-22 16:00:00+00:00,10131.990603474816
2024-01-22 20:00:00+00:00,10131.990603474816
2024-01-23 00:00:00+00:00,10131.990603474816
2024-01-23 04:00:00+00:00,10131.990603474816
2024-01-23 08:00:00+00:00,10131.990603474816
2024-01-23 12:00:00+00:00,10131.990603474816
2024-01-23 16:00:00+00:00,10131.990603474816
2024-01-23 20:00:00+00:00,10131.990603474816
2024-01-24 00:00:00+00:00,10131.990603474816
2024-01-24 04:00:00+00:00,10131.990603474816
2024-01-24 08:00:00+00:00,10131.990603474816
2024-01-24 12:00:00+00:00,10131.990603474816
2024-01-24 16:00:00+00:00,10131.990603474816
2024-01-24 20:00:00+00:00,10131.990603474816
2024-01-25 00:00:00+00:00,10131.990603474816
2024-01-25 04:00:00+00:00,10131.990603474816
2024-01-25 08:00:00+00:00,10131.990603474816
2024-01-25 12:00:00+00:00,10131.990603474816
2024-01-25 16:00:00+00:00,10131.990603474816
2024-01-25 20:00:00+00:00,10131.990603474816
2024-01-26 00:00:00+00:00,10131.990603474816
2024-01-26 04:00:00+00:00,10131.990603474816
2024-01-26 08:00:00+00:00,10131.990603474816
2024-01-26 12:00:00+00:00,10131.990603474816
2024-01-26 16:00:00+00:00,10131.990603474816
2024-01-26 20:00:00+00:00,10131.990603474816
2024-01-27 00:00:00+00:00,10131.990603474816
2024-01-27 04:00:00+00:00,10131.990603474816
2024-01-27 08:00:00+00:00,10131.990603474816
2024-01-27 12:00:00+00:00,10131.990603474816
2024-01-27 16:00:00+00:00,10131.990603474816
2024-01-27 20:00:00+00:00,10131.990603474816
2024-01-28 00:00:00+00:00,10131.990603474816
2024-01-28 04:00:00+00:00,10131.990603474816
2024-01-28 08:00:00+00:00,10131.990603474816
2024-01-28 12:00:00+00:00,10131.990603474816
2024-01-28 16:00:00+00:00,10131.990603474816
2024-01-28 20:00:00+00:00,10131.990603474816
2024-01-29 00:00:00+00:00,10131.990603474816
2024-01-29 04:00:00+00:00,10131.990603474816
2024-01-29 08:00:00+00:00,10131.990603474816
2024-01-29 12:00:00+00:00,10131.990603474816
2024-01-29 16:00:00+00:00,10131.990603474816
2024-01-29 20:00:00+00:00,10131.990603474816
2024-01-30 00:00:00+00:00,10131.990603474816
2024-01-30 04:00:00+00:00,10131.990603474816
2024-01-30 08:00:00+00:00,10111.767069336143
2024-01-30 12:00:00+00:00,9579.171194559754
2024-01-30 16:00:00+00:00,9654.716708712434
2024-01-30 20:00:00+00:00,9477.87493642938
2024-01-31 00:00:00+00:00,9477.87493642938
2024-01-31 04:00:00+00:00,9477.87493642938
2024-01-31 08:00:00+00:00,9477.87493642938
2024-01-31 12:00:00+00:00,9477.87493642938
2024-01-31 16:00:00+00:00,9477.87493642938
2024-01-31 20:00:00+00:00,9477.87493642938
2024-02-01 00:00:00+00:00,9477.87493642938
2024-02-01 04:00:00+00:00,9477.87493642938
2024-02-01 08:00:00+00:00,9477.87493642938
2024-02-01 12:00:00+00:00,9477.87493642938
2024-02-01 16:00:00+00:00,9477.87493642938
2024-02-01 20:00:00+00:00,9477.87493642938
2024-02-02 00:00:00+00:00,9477.87493642938
2024-02-02 04:00:00+00:00,9477.87493642938
2024-02-02 08:00:00+00:00,9477.87493642938
2024-02-02 12:00:00+00:00,9477.87493642938
2024-02-02 16:00:00+00:00,9477.87493642938
2024-02-02 20:00:00+00:00,9477.87493642938
2024-02-03 00:00:00+00:00,9477.87493642938
2024-02-03 04:00:00+00:00,9477.87493642938
2024-02-03 08:00:00+00:00,9477.87493642938
2024-02-03 12:00:00+00:00,9477.87493642938
2024-02-03 16:00:00+00:00,9477.87493642938
2024-02-03 20:00:00+00:00,9477.87493642938
2024-02-04 00:00:00+00:00,9477.87493642938
2024-02-04 04:00:00+00:00,9477.87493642938
2024-02-04 08:00:00+00:00,9477.87493642938
2024-02-04 12:00:00+00:00,9477.87493642938
2024-02-04 16:00:00+00:00,9477.87493642938
2024-02-04 20:00:00+00:00,9477.87493642938
2024-02-05 00:00:00+00:00,9477.87493642938
2024-02-05 04:00:00+00:00,9477.87493642938
2024-02-05 08:00:00+00:00,9477.87493642938
2024-02-05 12:00:00+00:00,9477.87493642938
2024-02-05 16:00:00+00:00,9477.87493642938
2024-02-05 20:00:00+00:00,9477.87493642938
2024-02-06 00:00:00+00:00,9477.87493642938
2024-02-06 04:00:00+00:00,9477.87493642938
2024-02-06 08:00:00+00:00,9477.87493642938
2024-02-06 12:00:00+00:00,9477.87493642938
2024-02-06 16:00:00+00:00,9477.87493642938
2024-02-06 20:00:00+00:00,9477.87493642938
2024-02-07 00:00:00+00:00,9477.87493642938
2024-02-07 04:00:00+00:00,9477.87493642938
2024-02-07 08:00:00+00:00,9477.87493642938
2024-02-07 12:00:00+00:00,9477.87493642938
2024-02-07 16:00:00+00:00,9477.87493642938
2024-02-07 20:00:00+00:00,9477.87493642938
2024-02-08 00:00:00+00:00,9477.87493642938
2024-02-08 04:00:00+00:00,9477.87493642938
2024-02-08 08:00:00+00:00,9477.87493642938
2024-02-08 12:00:00+00:00,9477.87493642938
2024-02-08 16:00:00+00:00,9477.87493642938
2024-02-08 20:00:00+00:00,9477.87493642938
2024-02-09 00:00:00+00:00,9477.87493642938
2024-02-09 04:00:00+00:00,9477.87493642938
2024-02-09 08:00:00+00:00,9477.87493642938
2024-02-09 12:00:00+00:00,9477.87493642938
2024-02-09 16:00:00+00:00,9477.87493642938
2024-02-09 20:00:00+00:00,9477.87493642938
2024-02-10 00:00:00+00:00,9458.957022384611
2024-02-10 04:00:00+00:00,9314.006403966927
2024-02-10 08:00:00+00:00,9064.678990283446
2024-02-10 12:00:00+00:00,9064.678990283446
2024-02-10 16:00:00+00:00,9064.678990283446
2024-02-10 20:00:00+00:00,9064.678990283446
2024-02-11 00:00:00+00:00,9064.678990283446
2024-02-11 04:00:00+00:00,9064.678990283446
2024-02-11 08:00:00+00:00,9064.678990283446
2024-02-11 12:00:00+00:00,9064.678990283446
2024-02-11 16:00:00+00:00,9064.678990283446
2024-02-11 20:00:00+00:00,9064.678990283446
2024-02-12 00:00:00+00:00,9064.678990283446
2024-02-12 04:00:00+00:00,9064.678990283446
2024-02-12 08:00:00+00:00,9064.678990283446
2024-02-12 12:00:00+00:00,9064.678990283446
2024-02-12 16:00:00+00:00,9064.678990283446
2024-02-12 20:00:00+00:00,9064.678990283446
2024-02-13 00:00:00+00:00,9064.678990283446
2024-02-13 04:00:00+00:00,9064.678990283446
2024-02-13 08:00:00+00:00,9064.678990283446
2024-02-13 12:00:00+00:00,9064.678990283446
2024-02-13 16:00:00+00:00,9064.678990283446
2024-02-13 20:00:00+00:00,9064.678990283446
2024-02-14 00:00:00+00:00,9064.678990283446
2024-02-14 04:00:00+00:00,9064.678990283446
2024-02-14 08:00:00+00:00,9064.678990283446
2024-02-14 12:00:00+00:00,9064.678990283446
2024-02-14 16:00:00+00:00,9064.678990283446
2024-02-14 20:00:00+00:00,9064.678990283446
2024-02-15 00:00:00+00:00,9064.678990283446
2024-02-15 04:00:00+00:00,9064.678990283446
2024-02-15 08:00:00+00:00,9064.678990283446
2024-02-15 12:00:00+00:00,9064.678990283446
2024-02-15 16:00:00+00:00,9064.678990283446
2024-02-15 20:00:00+00:00,9064.678990283446
2024-02-16 00:00:00+00:00,9064.678990283446
2024-02-16 04:00:00+00:00,9064.678990283446
2024-02-16 08:00:00+00:00,9064.678990283446
2024-02-16 12:00:00+00:00,9064.678990283446
2024-02-16 16:00:00+00:00,9064.678990283446
2024-02-16 20:00:00+00:00,9064.678990283446
2024-02-17 00:00:00+00:00,9064.678990283446
2024-02-17 04:00:00+00:00,9064.678990283446
2024-02-17 08:00:00+00:00,9064.678990283446
2024-02-17 12:00:00+00:00,9064.678990283446
2024-02-17 16:00:00+00:00,9064.678990283446
2024-02-17 20:00:00+00:00,9064.678990283446
2024-02-18 00:00:00+00:00,9064.678990283446
2024-02-18 04:00:00+00:00,9064.678990283446
2024-02-18 08:00:00+00:00,9064.678990283446
2024-02-18 12:00:00+00:00,9064.678990283446
2024-02-18 16:00:00+00:00,9064.678990283446
2024-02-18 20:00:00+00:00,9064.678990283446
2024-02-19 00:00:00+00:00,9064.678990283446
2024-02-19 04:00:00+00:00,9064.678990283446
2024-02-19 08:00:00+00:00,9064.678990283446
2024-02-19 12:00:00+00:00,9064.678990283446
2024-02-19 16:00:00+00:00,9064.678990283446
2024-02-19 20:00:00+00:00,9064.678990283446
2024-02-20 00:00:00+00:00,9064.678990283446
2024-02-20 04:00:00+00:00,9064.678990283446
2024-02-20 08:00:00+00:00,9064.678990283446
2024-02-20 12:00:00+00:00,9064.678990283446
2024-02-20 16:00:00+00:00,9064.678990283446
2024-02-20 20:00:00+00:00,9064.678990283446
2024-02-21 00:00:00+00:00,9064.678990283446
2024-02-21 04:00:00+00:00,9064.678990283446
2024-02-21 08:00:00+00:00,9064.678990283446
2024-02-21 12:00:00+00:00,9064.678990283446
2024-02-21 16:00:00+00:00,9064.678990283446
2024-02-21 20:00:00+00:00,9064.678990283446
2024-02-22 00:00:00+00:00,9064.678990283446
2024-02-22 04:00:00+00:00,9064.678990283446
2024-02-22 08:00:00+00:00,9064.678990283446
2024-02-22 12:00:00+00:00,9064.678990283446
2024-02-22 16:00:00+00:00,9064.678990283446
2024-02-22 20:00:00+00:00,9064.678990283446
2024-02-23 00:00:00+00:00,9064.678990283446
2024-02-23 04:00:00+00:00,9064.678990283446
2024-02-23 08:00:00+00:00,9064.678990283446
2024-02-23 12:00:00+00:00,9064.678990283446
2024-02-23 16:00:00+00:00,9064.678990283446
2024-02-23 20:00:00+00:00,9064.678990283446
2024-02-24 00:00:00+00:00,9064.678990283446
2024-02-24 04:00:00+00:00,9064.678990283446
2024-02-24 08:00:00+00:00,9064.678990283446
2024-02-24 12:00:00+00:00,9064.678990283446
2024-02-24 16:00:00+00:00,9064.678990283446
2024-02-24 20:00:00+00:00,9064.678990283446
2024-02-25 00:00:00+00:00,9064.678990283446
2024-02-25 04:00:00+00:00,9064.678990283446
2024-02-25 08:00:00+00:00,9064.678990283446
2024-02-25 12:00:00+00:00,9064.678990283446
2024-02-25 16:00:00+00:00,9064.678990283446
2024-02-25 20:00:00+00:00,9064.678990283446
2024-02-26 00:00:00+00:00,9064.678990283446
2024-02-26 04:00:00+00:00,9064.678990283446
2024-02-26 08:00:00+00:00,9064.678990283446
2024-02-26 12:00:00+00:00,9064.678990283446
2024-02-26 16:00:00+00:00,9064.678990283446
2024-02-26 20:00:00+00:00,9064.678990283446
2024-02-27 00:00:00+00:00,9064.678990283446
2024-02-27 04:00:00+00:00,9064.678990283446
2024-02-27 08:00:00+00:00,9064.678990283446
2024-02-27 12:00:00+00:00,9064.678990283446
2024-02-27 16:00:00+00:00,9064.678990283446
2024-02-27 20:00:00+00:00,9064.678990283446
2024-02-28 00:00:00+00:00,9064.678990283446
2024-02-28 04:00:00+00:00,9064.678990283446
2024-02-28 08:00:00+00:00,9064.678990283446
2024-02-28 12:00:00+00:00,9064.678990283446
2024-02-28 16:00:00+00:00,9064.678990283446
2024-02-28 20:00:00+00:00,9064.678990283446
2024-02-29 00:00:00+00:00,9064.678990283446
2024-02-29 04:00:00+00:00,9064.678990283446
2024-02-29 08:00:00+00:00,9064.678990283446
2024-02-29 12:00:00+00:00,9064.678990283446
2024-02-29 16:00:00+00:00,9064.678990283446
2024-02-29 20:00:00+00:00,9064.678990283446
2024-03-01 00:00:00+00:00,9064.678990283446
2024-03-01 04:00:00+00:00,9064.678990283446
2024-03-01 08:00:00+00:00,9064.678990283446
2024-03-01 12:00:00+00:00,9064.678990283446
2024-03-01 16:00:00+00:00,9064.678990283446
2024-03-01 20:00:00+00:00,9064.678990283446
2024-03-02 00:00:00+00:00,9064.678990283446
2024-03-02 04:00:00+00:00,9064.678990283446
2024-03-02 08:00:00+00:00,9064.678990283446
2024-03-02 12:00:00+00:00,9064.678990283446
2024-03-02 16:00:00+00:00,9064.678990283446
2024-03-02 20:00:00+00:00,9064.678990283446
2024-03-03 00:00:00+00:00,9064.678990283446
2024-03-03 04:00:00+00:00,9064.678990283446
2024-03-03 08:00:00+00:00,9064.678990283446
2024-03-03 12:00:00+00:00,9064.678990283446
2024-03-03 16:00:00+00:00,9064.678990283446
2024-03-03 20:00:00+00:00,9064.678990283446
2024-03-04 00:00:00+00:00,9064.678990283446
2024-03-04 04:00:00+00:00,9064.678990283446
2024-03-04 08:00:00+00:00,9064.678990283446
2024-03-04 12:00:00+00:00,9064.678990283446
2024-03-04 16:00:00+00:00,9064.678990283446
2024-03-04 20:00:00+00:00,9064.678990283446
2024-03-05 00:00:00+00:00,9064.678990283446
2024-03-05 04:00:00+00:00,9064.678990283446
2024-03-05 08:00:00+00:00,9064.678990283446
2024-03-05 12:00:00+00:00,9064.678990283446
2024-03-05 16:00:00+00:00,9064.678990283446
2024-03-05 20:00:00+00:00,9064.678990283446
2024-03-06 00:00:00+00:00,9064.678990283446
2024-03-06 04:00:00+00:00,9064.678990283446
2024-03-06 08:00:00+00:00,9064.678990283446
2024-03-06 12:00:00+00:00,9064.678990283446
2024-03-06 16:00:00+00:00,9064.678990283446
2024-03-06 20:00:00+00:00,9064.678990283446
2024-03-07 00:00:00+00:00,9064.678990283446
2024-03-07 04:00:00+00:00,9064.678990283446
2024-03-07 08:00:00+00:00,9064.678990283446
2024-03-07 12:00:00+00:00,9064.678990283446
2024-03-07 16:00:00+00:00,9064.678990283446
2024-03-07 20:00:00+00:00,9064.678990283446
2024-03-08 00:00:00+00:00,9064.678990283446
2024-03-08 04:00:00+00:00,9064.678990283446
2024-03-08 08:00:00+00:00,9064.678990283446
2024-03-08 12:00:00+00:00,9064.678990283446
2024-03-08 16:00:00+00:00,9064.678990283446
2024-03-08 20:00:00+00:00,9064.678990283446
2024-03-09 00:00:00+00:00,9046.585818646154
2024-03-09 04:00:00+00:00,10520.32301324813
2024-03-09 08:00:00+00:00,10682.86026941136
2024-03-09 12:00:00+00:00,10535.189225702085
2024-03-09 16:00:00+00:00,10666.011895296879
2024-03-09 20:00:00+00:00,11587.717067442029
2024-03-10 00:00:00+00:00,10585.734348045526
2024-03-10 04:00:00+00:00,10309.22279640198
2024-03-10 08:00:00+00:00,9728.449429867513
2024-03-10 12:00:00+00:00,9335.042584370913
2024-03-10 16:00:00+00:00,9335.042584370913
2024-03-10 20:00:00+00:00,9335.042584370913
2024-03-11 00:00:00+00:00,9335.042584370913
2024-03-11 04:00:00+00:00,9335.042584370913
2024-03-11 08:00:00+00:00,9335.042584370913
2024-03-11 12:00:00+00:00,9335.042584370913
2024-03-11 16:00:00+00:00,9335.042584370913
2024-03-11 20:00:00+00:00,9335.042584370913
2024-03-12 00:00:00+00:00,9335.042584370913
2024-03-12 04:00:00+00:00,9335.042584370913
2024-03-12 08:00:00+00:00,9335.042584370913
2024-03-12 12:00:00+00:00,9335.042584370913
2024-03-12 16:00:00+00:00,9335.042584370913
2024-03-12 20:00:00+00:00,9335.042584370913
2024-03-13 00:00:00+00:00,9335.042584370913
2024-03-13 04:00:00+00:00,9335.042584370913
2024-03-13 08:00:00+00:00,9335.042584370913
2024-03-13 12:00:00+00:00,9335.042584370913
2024-03-13 16:00:00+00:00,9335.042584370913
2024-03-13 20:00:00+00:00,9335.042584370913
2024-03-14 00:00:00+00:00,9335.042584370913
2024-03-14 04:00:00+00:00,9335.042584370913
2024-03-14 08:00:00+00:00,9335.042584370913
2024-03-14 12:00:00+00:00,9335.042584370913
2024-03-14 16:00:00+00:00,9335.042584370913
2024-03-14 20:00:00+00:00,9335.042584370913
2024-03-15 00:00:00+00:00,9335.042584370913
2024-03-15 04:00:00+00:00,9335.042584370913
2024-03-15 08:00:00+00:00,9335.042584370913
2024-03-15 12:00:00+00:00,9335.042584370913
2024-03-15 16:00:00+00:00,9335.042584370913
2024-03-15 20:00:00+00:00,9335.042584370913
2024-03-16 00:00:00+00:00,9335.042584370913
2024-03-16 04:00:00+00:00,9335.042584370913
2024-03-16 08:00:00+00:00,9335.042584370913
2024-03-16 12:00:00+00:00,9335.042584370913
2024-03-16 16:00:00+00:00,9335.042584370913
2024-03-16 20:00:00+00:00,9335.042584370913
2024-03-17 00:00:00+00:00,9335.042584370913
2024-03-17 04:00:00+00:00,9335.042584370913
2024-03-17 08:00:00+00:00,9335.042584370913
2024-03-17 12:00:00+00:00,9335.042584370913
2024-03-17 16:00:00+00:00,9335.042584370913
2024-03-17 20:00:00+00:00,9335.042584370913
2024-03-18 00:00:00+00:00,9335.042584370913
2024-03-18 04:00:00+00:00,9335.042584370913
2024-03-18 08:00:00+00:00,9335.042584370913
2024-03-18 12:00:00+00:00,9335.042584370913
2024-03-18 16:00:00+00:00,9335.042584370913
2024-03-18 20:00:00+00:00,9335.042584370913
2024-03-19 00:00:00+00:00,9335.042584370913
2024-03-19 04:00:00+00:00,9335.042584370913
2024-03-19 08:00:00+00:00,9335.042584370913
2024-03-19 12:00:00+00:00,9335.042584370913
2024-03-19 16:00:00+00:00,9335.042584370913
2024-03-19 20:00:00+00:00,9335.042584370913
2024-03-20 00:00:00+00:00,9335.042584370913
2024-03-20 04:00:00+00:00,9335.042584370913
2024-03-20 08:00:00+00:00,9335.042584370913
2024-03-20 12:00:00+00:00,9335.042584370913
2024-03-20 16:00:00+00:00,9335.042584370913
2024-03-20 20:00:00+00:00,9335.042584370913
2024-03-21 00:00:00+00:00,9335.042584370913
2024-03-21 04:00:00+00:00,9335.042584370913
2024-03-21 08:00:00+00:00,9335.042584370913
2024-03-21 12:00:00+00:00,9335.042584370913
2024-03-21 16:00:00+00:00,9335.042584370913
2024-03-21 20:00:00+00:00,9335.042584370913
2024-03-22 00:00:00+00:00,9335.042584370913
2024-03-22 04:00:00+00:00,9335.042584370913
2024-03-22 08:00:00+00:00,9335.042584370913
2024-03-22 12:00:00+00:00,9335.042584370913
2024-03-22 16:00:00+00:00,9335.042584370913
2024-03-22 20:00:00+00:00,9335.042584370913
2024-03-23 00:00:00+00:00,9335.042584370913
2024-03-23 04:00:00+00:00,9335.042584370913
2024-03-23 08:00:00+00:00,9335.042584370913
2024-03-23 12:00:00+00:00,9335.042584370913
2024-03-23 16:00:00+00:00,9335.042584370913
2024-03-23 20:00:00+00:00,9335.042584370913
2024-03-24 00:00:00+00:00,9335.042584370913
2024-03-24 04:00:00+00:00,9335.042584370913
2024-03-24 08:00:00+00:00,9335.042584370913
2024-03-24 12:00:00+00:00,9335.042584370913
2024-03-24 16:00:00+00:00,9335.042584370913
2024-03-24 20:00:00+00:00,9335.042584370913
2024-03-25 00:00:00+00:00,9335.042584370913
2024-03-25 04:00:00+00:00,9335.042584370913
2024-03-25 08:00:00+00:00,9335.042584370913
2024-03-25 12:00:00+00:00,9335.042584370913
2024-03-25 16:00:00+00:00,9335.042584370913
2024-03-25 20:00:00+00:00,9335.042584370913
2024-03-26 00:00:00+00:00,9335.042584370913
2024-03-26 04:00:00+00:00,9335.042584370913
2024-03-26 08:00:00+00:00,9335.042584370913
2024-03-26 12:00:00+00:00,9335.042584370913
2024-03-26 16:00:00+00:00,9335.042584370913
2024-03-26 20:00:00+00:00,9335.042584370913
2024-03-27 00:00:00+00:00,9335.042584370913
2024-03-27 04:00:00+00:00,9335.042584370913
2024-03-27 08:00:00+00:00,9335.042584370913
2024-03-27 12:00:00+00:00,9335.042584370913
2024-03-27 16:00:00+00:00,9335.042584370913
2024-03-27 20:00:00+00:00,9335.042584370913
2024-03-28 00:00:00+00:00,9335.042584370913
2024-03-28 04:00:00+00:00,9335.042584370913
2024-03-28 08:00:00+00:00,9335.042584370913
2024-03-28 12:00:00+00:00,9335.042584370913
2024-03-28 16:00:00+00:00,9335.042584370913
2024-03-28 20:00:00+00:00,9335.042584370913
2024-03-29 00:00:00+00:00,9335.042584370913
2024-03-29 04:00:00+00:00,9335.042584370913
2024-03-29 08:00:00+00:00,9335.042584370913
2024-03-29 12:00:00+00:00,9335.042584370913
2024-03-29 16:00:00+00:00,9335.042584370913
2024-03-29 20:00:00+00:00,9335.042584370913
2024-03-30 00:00:00+00:00,9335.042584370913
2024-03-30 04:00:00+00:00,9335.042584370913
2024-03-30 08:00:00+00:00,9335.042584370913
2024-03-30 12:00:00+00:00,9335.042584370913
2024-03-30 16:00:00+00:00,9335.042584370913
2024-03-30 20:00:00+00:00,9335.042584370913
2024-03-31 00:00:00+00:00,9335.042584370913
2024-03-31 04:00:00+00:00,9335.042584370913
2024-03-31 08:00:00+00:00,9335.042584370913
2024-03-31 12:00:00+00:00,9335.042584370913
2024-03-31 16:00:00+00:00,9335.042584370913
2024-03-31 20:00:00+00:00,9335.042584370913
2024-04-01 00:00:00+00:00,9335.042584370913
2024-04-01 04:00:00+00:00,9335.042584370913
2024-04-01 08:00:00+00:00,9335.042584370913
2024-04-01 12:00:00+00:00,9335.042584370913
2024-04-01 16:00:00+00:00,9335.042584370913
2024-04-01 20:00:00+00:00,9335.042584370913
2024-04-02 00:00:00+00:00,9335.042584370913
2024-04-02 04:00:00+00:00,9335.042584370913
2024-04-02 08:00:00+00:00,9335.042584370913
2024-04-02 12:00:00+00:00,9335.042584370913
2024-04-02 16:00:00+00:00,9335.042584370913
2024-04-02 20:00:00+00:00,9335.042584370913
2024-04-03 00:00:00+00:00,9335.042584370913
2024-04-03 04:00:00+00:00,9335.042584370913
2024-04-03 08:00:00+00:00,9335.042584370913
2024-04-03 12:00:00+00:00,9335.042584370913
2024-04-03 16:00:00+00:00,9335.042584370913
2024-04-03 20:00:00+00:00,9335.042584370913
2024-04-04 00:00:00+00:00,9335.042584370913
2024-04-04 04:00:00+00:00,9335.042584370913
2024-04-04 08:00:00+00:00,9335.042584370913
2024-04-04 12:00:00+00:00,9335.042584370913
2024-04-04 16:00:00+00:00,9335.042584370913
2024-04-04 20:00:00+00:00,9335.042584370913
2024-04-05 00:00:00+00:00,9335.042584370913
2024-04-05 04:00:00+00:00,9335.042584370913
2024-04-05 08:00:00+00:00,9335.042584370913
2024-04-05 12:00:00+00:00,9335.042584370913
2024-04-05 16:00:00+00:00,9335.042584370913
2024-04-05 20:00:00+00:00,9335.042584370913
2024-04-06 00:00:00+00:00,9335.042584370913
2024-04-06 04:00:00+00:00,9335.042584370913
2024-04-06 08:00:00+00:00,9335.042584370913
2024-04-06 12:00:00+00:00,9335.042584370913
2024-04-06 16:00:00+00:00,9335.042584370913
2024-04-06 20:00:00+00:00,9335.042584370913
2024-04-07 00:00:00+00:00,9335.042584370913
2024-04-07 04:00:00+00:00,9335.042584370913
2024-04-07 08:00:00+00:00,9335.042584370913
2024-04-07 12:00:00+00:00,9335.042584370913
2024-04-07 16:00:00+00:00,9335.042584370913
2024-04-07 20:00:00+00:00,9335.042584370913
2024-04-08 00:00:00+00:00,9335.042584370913
2024-04-08 04:00:00+00:00,9335.042584370913
2024-04-08 08:00:00+00:00,9335.042584370913
2024-04-08 12:00:00+00:00,9335.042584370913
2024-04-08 16:00:00+00:00,9335.042584370913
2024-04-08 20:00:00+00:00,9335.042584370913
2024-04-09 00:00:00+00:00,9335.042584370913
2024-04-09 04:00:00+00:00,9335.042584370913
2024-04-09 08:00:00+00:00,9335.042584370913
2024-04-09 12:00:00+00:00,9335.042584370913
2024-04-09 16:00:00+00:00,9335.042584370913
2024-04-09 20:00:00+00:00,9335.042584370913
2024-04-10 00:00:00+00:00,9335.042584370913
2024-04-10 04:00:00+00:00,9335.042584370913
2024-04-10 08:00:00+00:00,9335.042584370913
2024-04-10 12:00:00+00:00,9335.042584370913
2024-04-10 16:00:00+00:00,9335.042584370913
2024-04-10 20:00:00+00:00,9335.042584370913
2024-04-11 00:00:00+00:00,9335.042584370913
2024-04-11 04:00:00+00:00,9335.042584370913
2024-04-11 08:00:00+00:00,9335.042584370913
2024-04-11 12:00:00+00:00,9335.042584370913
2024-04-11 16:00:00+00:00,9335.042584370913
2024-04-11 20:00:00+00:00,9335.042584370913
2024-04-12 00:00:00+00:00,9335.042584370913
2024-04-12 04:00:00+00:00,9335.042584370913
2024-04-12 08:00:00+00:00,9335.042584370913
2024-04-12 12:00:00+00:00,9335.042584370913
2024-04-12 16:00:00+00:00,9335.042584370913
2024-04-12 20:00:00+00:00,9335.042584370913
2024-04-13 00:00:00+00:00,9335.042584370913
2024-04-13 04:00:00+00:00,9335.042584370913
2024-04-13 08:00:00+00:00,9335.042584370913
2024-04-13 12:00:00+00:00,9335.042584370913
2024-04-13 16:00:00+00:00,9335.042584370913
2024-04-13 20:00:00+00:00,9335.042584370913
2024-04-14 00:00:00+00:00,9335.042584370913
2024-04-14 04:00:00+00:00,9335.042584370913
2024-04-14 08:00:00+00:00,9335.042584370913
2024-04-14 12:00:00+00:00,9335.042584370913
2024-04-14 16:00:00+00:00,9335.042584370913
2024-04-14 20:00:00+00:00,9335.042584370913
2024-04-15 00:00:00+00:00,9335.042584370913
2024-04-15 04:00:00+00:00,9335.042584370913
2024-04-15 08:00:00+00:00,9335.042584370913
2024-04-15 12:00:00+00:00,9335.042584370913
2024-04-15 16:00:00+00:00,9335.042584370913
2024-04-15 20:00:00+00:00,9335.042584370913
2024-04-16 00:00:00+00:00,9335.042584370913
2024-04-16 04:00:00+00:00,9335.042584370913
2024-04-16 08:00:00+00:00,9335.042584370913
2024-04-16 12:00:00+00:00,9335.042584370913
2024-04-16 16:00:00+00:00,9335.042584370913
2024-04-16 20:00:00+00:00,9335.042584370913
2024-04-17 00:00:00+00:00,9335.042584370913
2024-04-17 04:00:00+00:00,9335.042584370913
2024-04-17 08:00:00+00:00,9335.042584370913
2024-04-17 12:00:00+00:00,9335.042584370913
2024-04-17 16:00:00+00:00,9335.042584370913
2024-04-17 20:00:00+00:00,9335.042584370913
2024-04-18 00:00:00+00:00,9335.042584370913
2024-04-18 04:00:00+00:00,9335.042584370913
2024-04-18 08:00:00+00:00,9335.042584370913
2024-04-18 12:00:00+00:00,9335.042584370913
2024-04-18 16:00:00+00:00,9335.042584370913
2024-04-18 20:00:00+00:00,9335.042584370913
2024-04-19 00:00:00+00:00,9335.042584370913
2024-04-19 04:00:00+00:00,9335.042584370913
2024-04-19 08:00:00+00:00,9335.042584370913
2024-04-19 12:00:00+00:00,9335.042584370913
2024-04-19 16:00:00+00:00,9335.042584370913
2024-04-19 20:00:00+00:00,9335.042584370913
2024-04-20 00:00:00+00:00,9335.042584370913
2024-04-20 04:00:00+00:00,9335.042584370913
2024-04-20 08:00:00+00:00,9335.042584370913
2024-04-20 12:00:00+00:00,9335.042584370913
2024-04-20 16:00:00+00:00,9335.042584370913
2024-04-20 20:00:00+00:00,9335.042584370913
2024-04-21 00:00:00+00:00,9335.042584370913
2024-04-21 04:00:00+00:00,9335.042584370913
2024-04-21 08:00:00+00:00,9335.042584370913
2024-04-21 12:00:00+00:00,9335.042584370913
2024-04-21 16:00:00+00:00,9335.042584370913
2024-04-21 20:00:00+00:00,9335.042584370913
2024-04-22 00:00:00+00:00,9335.042584370913
2024-04-22 04:00:00+00:00,9335.042584370913
2024-04-22 08:00:00+00:00,9335.042584370913
2024-04-22 12:00:00+00:00,9335.042584370913
2024-04-22 16:00:00+00:00,9335.042584370913
2024-04-22 20:00:00+00:00,9335.042584370913
2024-04-23 00:00:00+00:00,9335.042584370913
2024-04-23 04:00:00+00:00,9335.042584370913
2024-04-23 08:00:00+00:00,9335.042584370913
2024-04-23 12:00:00+00:00,9335.042584370913
2024-04-23 16:00:00+00:00,9335.042584370913
2024-04-23 20:00:00+00:00,9335.042584370913
2024-04-24 00:00:00+00:00,9335.042584370913
2024-04-24 04:00:00+00:00,9335.042584370913
2024-04-24 08:00:00+00:00,9335.042584370913
2024-04-24 12:00:00+00:00,9335.042584370913
2024-04-24 16:00:00+00:00,9335.042584370913
2024-04-24 20:00:00+00:00,9335.042584370913
2024-04-25 00:00:00+00:00,9335.042584370913
2024-04-25 04:00:00+00:00,9335.042584370913
2024-04-25 08:00:00+00:00,9335.042584370913
2024-04-25 12:00:00+00:00,9335.042584370913
2024-04-25 16:00:00+00:00,9335.042584370913
2024-04-25 20:00:00+00:00,9335.042584370913
2024-04-26 00:00:00+00:00,9335.042584370913
2024-04-26 04:00:00+00:00,9335.042584370913
2024-04-26 08:00:00+00:00,9335.042584370913
2024-04-26 12:00:00+00:00,9335.042584370913
2024-04-26 16:00:00+00:00,9335.042584370913
2024-04-26 20:00:00+00:00,9335.042584370913
2024-04-27 00:00:00+00:00,9335.042584370913
2024-04-27 04:00:00+00:00,9335.042584370913
2024-04-27 08:00:00+00:00,9335.042584370913
2024-04-27 12:00:00+00:00,9335.042584370913
2024-04-27 16:00:00+00:00,9335.042584370913
2024-04-27 20:00:00+00:00,9335.042584370913
2024-04-28 00:00:00+00:00,9335.042584370913
2024-04-28 04:00:00+00:00,9335.042584370913
2024-04-28 08:00:00+00:00,9335.042584370913
2024-04-28 12:00:00+00:00,9335.042584370913
2024-04-28 16:00:00+00:00,9335.042584370913
2024-04-28 20:00:00+00:00,9335.042584370913
2024-04-29 00:00:00+00:00,9335.042584370913
2024-04-29 04:00:00+00:00,9335.042584370913
2024-04-29 08:00:00+00:00,9335.042584370913
2024-04-29 12:00:00+00:00,9335.042584370913
2024-04-29 16:00:00+00:00,9335.042584370913
2024-04-29 20:00:00+00:00,9335.042584370913
2024-04-30 00:00:00+00:00,9335.042584370913
2024-04-30 04:00:00+00:00,9335.042584370913
2024-04-30 08:00:00+00:00,9335.042584370913
2024-04-30 12:00:00+00:00,9335.042584370913
2024-04-30 16:00:00+00:00,9335.042584370913
2024-04-30 20:00:00+00:00,9335.042584370913
2024-05-01 00:00:00+00:00,9335.042584370913
2024-05-01 04:00:00+00:00,9335.042584370913
2024-05-01 08:00:00+00:00,9335.042584370913
2024-05-01 12:00:00+00:00,9335.042584370913
2024-05-01 16:00:00+00:00,9335.042584370913
2024-05-01 20:00:00+00:00,9335.042584370913
2024-05-02 00:00:00+00:00,9335.042584370913
2024-05-02 04:00:00+00:00,9335.042584370913
2024-05-02 08:00:00+00:00,9335.042584370913
2024-05-02 12:00:00+00:00,9335.042584370913
2024-05-02 16:00:00+00:00,9335.042584370913
2024-05-02 20:00:00+00:00,9335.042584370913
2024-05-03 00:00:00+00:00,9335.042584370913
2024-05-03 04:00:00+00:00,9335.042584370913
2024-05-03 08:00:00+00:00,9335.042584370913
2024-05-03 12:00:00+00:00,9335.042584370913
2024-05-03 16:00:00+00:00,9335.042584370913
2024-05-03 20:00:00+00:00,9335.042584370913
2024-05-04 00:00:00+00:00,9335.042584370913
2024-05-04 04:00:00+00:00,9335.042584370913
2024-05-04 08:00:00+00:00,9335.042584370913
2024-05-04 12:00:00+00:00,9335.042584370913
2024-05-04 16:00:00+00:00,9335.042584370913
2024-05-04 20:00:00+00:00,9335.042584370913
2024-05-05 00:00:00+00:00,9335.042584370913
2024-05-05 04:00:00+00:00,9335.042584370913
2024-05-05 08:00:00+00:00,9316.40976484123
2024-05-05 12:00:00+00:00,9858.726345907866
2024-05-05 16:00:00+00:00,9865.656909244182
2024-05-05 20:00:00+00:00,9959.219514284432
2024-05-06 00:00:00+00:00,10148.077365199011
2024-05-06 04:00:00+00:00,10972.814402220476
2024-05-06 08:00:00+00:00,10976.279683888635
2024-05-06 12:00:00+00:00,10579.50493288461
2024-05-06 16:00:00+00:00,10607.227186229871
2024-05-06 20:00:00+00:00,10395.845004472267
2024-05-07 00:00:00+00:00,10503.268736185148
2024-05-07 04:00:00+00:00,10530.990989530406
2024-05-07 08:00:00+00:00,10605.49454539579
2024-05-07 12:00:00+00:00,10773.560706301427
2024-05-07 16:00:00+00:00,10496.338172848831
2024-05-07 20:00:00+00:00,10226.046202732552
2024-05-08 00:00:00+00:00,10115.157189351516
2024-05-08 04:00:00+00:00,10025.059865979421
2024-05-08 08:00:00+00:00,10120.35511185375
2024-05-08 12:00:00+00:00,9850.063141737472
2024-05-08 16:00:00+00:00,9718.460654705144
2024-05-08 20:00:00+00:00,9718.460654705144
2024-05-09 00:00:00+00:00,9718.460654705144
2024-05-09 04:00:00+00:00,9718.460654705144
2024-05-09 08:00:00+00:00,9718.460654705144
2024-05-09 12:00:00+00:00,9718.460654705144
2024-05-09 16:00:00+00:00,9718.460654705144
2024-05-09 20:00:00+00:00,9718.460654705144
2024-05-10 00:00:00+00:00,9718.460654705144
2024-05-10 04:00:00+00:00,9718.460654705144
2024-05-10 08:00:00+00:00,9718.460654705144
2024-05-10 12:00:00+00:00,9718.460654705144
2024-05-10 16:00:00+00:00,9718.460654705144
2024-05-10 20:00:00+00:00,9718.460654705144
2024-05-11 00:00:00+00:00,9718.460654705144
2024-05-11 04:00:00+00:00,9718.460654705144
2024-05-11 08:00:00+00:00,9718.460654705144
2024-05-11 12:00:00+00:00,9718.460654705144
2024-05-11 16:00:00+00:00,9718.460654705144
2024-05-11 20:00:00+00:00,9718.460654705144
2024-05-12 00:00:00+00:00,9718.460654705144
2024-05-12 04:00:00+00:00,9718.460654705144
2024-05-12 08:00:00+00:00,9718.460654705144
2024-05-12 12:00:00+00:00,9718.460654705144
2024-05-12 16:00:00+00:00,9718.460654705144
2024-05-12 20:00:00+00:00,9718.460654705144
2024-05-13 00:00:00+00:00,9718.460654705144
2024-05-13 04:00:00+00:00,9718.460654705144
2024-05-13 08:00:00+00:00,9718.460654705144
2024-05-13 12:00:00+00:00,9718.460654705144
2024-05-13 16:00:00+00:00,9718.460654705144
2024-05-13 20:00:00+00:00,9718.460654705144
2024-05-14 00:00:00+00:00,9718.460654705144
2024-05-14 04:00:00+00:00,9718.460654705144
2024-05-14 08:00:00+00:00,9718.460654705144
2024-05-14 12:00:00+00:00,9718.460654705144
2024-05-14 16:00:00+00:00,9718.460654705144
2024-05-14 20:00:00+00:00,9718.460654705144
2024-05-15 00:00:00+00:00,9718.460654705144
2024-05-15 04:00:00+00:00,9718.460654705144
2024-05-15 08:00:00+00:00,9718.460654705144
2024-05-15 12:00:00+00:00,9718.460654705144
2024-05-15 16:00:00+00:00,9718.460654705144
2024-05-15 20:00:00+00:00,9718.460654705144
2024-05-16 00:00:00+00:00,9718.460654705144
2024-05-16 04:00:00+00:00,9718.460654705144
2024-05-16 08:00:00+00:00,9718.460654705144
2024-05-16 12:00:00+00:00,9718.460654705144
2024-05-16 16:00:00+00:00,9718.460654705144
2024-05-16 20:00:00+00:00,9718.460654705144
2024-05-17 00:00:00+00:00,9718.460654705144
2024-05-17 04:00:00+00:00,9718.460654705144
2024-05-17 08:00:00+00:00,9718.460654705144
2024-05-17 12:00:00+00:00,9718.460654705144
2024-05-17 16:00:00+00:00,9718.460654705144
2024-05-17 20:00:00+00:00,9718.460654705144
2024-05-18 00:00:00+00:00,9718.460654705144
2024-05-18 04:00:00+00:00,9718.460654705144
2024-05-18 08:00:00+00:00,9718.460654705144
2024-05-18 12:00:00+00:00,9718.460654705144
2024-05-18 16:00:00+00:00,9718.460654705144
2024-05-18 20:00:00+00:00,9718.460654705144
2024-05-19 00:00:00+00:00,9718.460654705144
2024-05-19 04:00:00+00:00,9718.460654705144
2024-05-19 08:00:00+00:00,9718.460654705144
2024-05-19 12:00:00+00:00,9718.460654705144
2024-05-19 16:00:00+00:00,9718.460654705144
2024-05-19 20:00:00+00:00,9718.460654705144
2024-05-20 00:00:00+00:00,9718.460654705144
2024-05-20 04:00:00+00:00,9718.460654705144
2024-05-20 08:00:00+00:00,9718.460654705144
2024-05-20 12:00:00+00:00,9718.460654705144
2024-05-20 16:00:00+00:00,9718.460654705144
2024-05-20 20:00:00+00:00,9718.460654705144
2024-05-21 00:00:00+00:00,9718.460654705144
2024-05-21 04:00:00+00:00,9718.460654705144
2024-05-21 08:00:00+00:00,9718.460654705144
2024-05-21 12:00:00+00:00,9718.460654705144
2024-05-21 16:00:00+00:00,9718.460654705144
2024-05-21 20:00:00+00:00,9718.460654705144
2024-05-22 00:00:00+00:00,9718.460654705144
2024-05-22 04:00:00+00:00,9718.460654705144
2024-05-22 08:00:00+00:00,9718.460654705144
2024-05-22 12:00:00+00:00,9718.460654705144
2024-05-22 16:00:00+00:00,9718.460654705144
2024-05-22 20:00:00+00:00,9718.460654705144
2024-05-23 00:00:00+00:00,9718.460654705144
2024-05-23 04:00:00+00:00,9718.460654705144
2024-05-23 08:00:00+00:00,9718.460654705144
2024-05-23 12:00:00+00:00,9718.460654705144
2024-05-23 16:00:00+00:00,9718.460654705144
2024-05-23 20:00:00+00:00,9718.460654705144
2024-05-24 00:00:00+00:00,9718.460654705144
2024-05-24 04:00:00+00:00,9718.460654705144
2024-05-24 08:00:00+00:00,9718.460654705144
2024-05-24 12:00:00+00:00,9718.460654705144
2024-05-24 16:00:00+00:00,9718.460654705144
2024-05-24 20:00:00+00:00,9718.460654705144
2024-05-25 00:00:00+00:00,9718.460654705144
2024-05-25 04:00:00+00:00,9718.460654705144
2024-05-25 08:00:00+00:00,9718.460654705144
2024-05-25 12:00:00+00:00,9718.460654705144
2024-05-25 16:00:00+00:00,9718.460654705144
2024-05-25 20:00:00+00:00,9718.460654705144
2024-05-26 00:00:00+00:00,9718.460654705144
2024-05-26 04:00:00+00:00,9718.460654705144
2024-05-26 08:00:00+00:00,9718.460654705144
2024-05-26 12:00:00+00:00,9718.460654705144
2024-05-26 16:00:00+00:00,9718.460654705144
2024-05-26 20:00:00+00:00,9718.460654705144
2024-05-27 00:00:00+00:00,9718.460654705144
2024-05-27 04:00:00+00:00,9718.460654705144
2024-05-27 08:00:00+00:00,9718.460654705144
2024-05-27 12:00:00+00:00,9718.460654705144
2024-05-27 16:00:00+00:00,9718.460654705144
2024-05-27 20:00:00+00:00,9718.460654705144
2024-05-28 00:00:00+00:00,9718.460654705144
2024-05-28 04:00:00+00:00,9718.460654705144
2024-05-28 08:00:00+00:00,9718.460654705144
2024-05-28 12:00:00+00:00,9718.460654705144
2024-05-28 16:00:00+00:00,9718.460654705144
2024-05-28 20:00:00+00:00,9718.460654705144
2024-05-29 00:00:00+00:00,9718.460654705144
2024-05-29 04:00:00+00:00,9718.460654705144
2024-05-29 08:00:00+00:00,9718.460654705144
2024-05-29 12:00:00+00:00,9718.460654705144
2024-05-29 16:00:00+00:00,9718.460654705144
2024-05-29 20:00:00+00:00,9718.460654705144
2024-05-30 00:00:00+00:00,9718.460654705144
2024-05-30 04:00:00+00:00,9718.460654705144
2024-05-30 08:00:00+00:00,9718.460654705144
2024-05-30 12:00:00+00:00,9718.460654705144
2024-05-30 16:00:00+00:00,9718.460654705144
2024-05-30 20:00:00+00:00,9718.460654705144
2024-05-31 00:00:00+00:00,9718.460654705144
2024-05-31 04:00:00+00:00,9718.460654705144
2024-05-31 08:00:00+00:00,9718.460654705144
2024-05-31 12:00:00+00:00,9718.460654705144
2024-05-31 16:00:00+00:00,9718.460654705144
2024-05-31 20:00:00+00:00,9718.460654705144
2024-06-01 00:00:00+00:00,9718.460654705144
2024-06-01 04:00:00+00:00,9718.460654705144
2024-06-01 08:00:00+00:00,9718.460654705144
2024-06-01 12:00:00+00:00,9718.460654705144
2024-06-01 16:00:00+00:00,9718.460654705144
2024-06-01 20:00:00+00:00,9718.460654705144
2024-06-02 00:00:00+00:00,9718.460654705144
2024-06-02 04:00:00+00:00,9718.460654705144
2024-06-02 08:00:00+00:00,9718.460654705144
2024-06-02 12:00:00+00:00,9718.460654705144
2024-06-02 16:00:00+00:00,9718.460654705144
2024-06-02 20:00:00+00:00,9718.460654705144
2024-06-03 00:00:00+00:00,9718.460654705144
2024-06-03 04:00:00+00:00,9718.460654705144
2024-06-03 08:00:00+00:00,9718.460654705144
2024-06-03 12:00:00+00:00,9718.460654705144
2024-06-03 16:00:00+00:00,9718.460654705144
2024-06-03 20:00:00+00:00,9718.460654705144
2024-06-04 00:00:00+00:00,9718.460654705144
2024-06-04 04:00:00+00:00,9718.460654705144
2024-06-04 08:00:00+00:00,9718.460654705144
2024-06-04 12:00:00+00:00,9718.460654705144
2024-06-04 16:00:00+00:00,9718.460654705144
2024-06-04 20:00:00+00:00,9718.460654705144
2024-06-05 00:00:00+00:00,9718.460654705144
2024-06-05 04:00:00+00:00,9718.460654705144
2024-06-05 08:00:00+00:00,9718.460654705144
2024-06-05 12:00:00+00:00,9718.460654705144
2024-06-05 16:00:00+00:00,9718.460654705144
2024-06-05 20:00:00+00:00,9718.460654705144
2024-06-06 00:00:00+00:00,9718.460654705144
2024-06-06 04:00:00+00:00,9718.460654705144
2024-06-06 08:00:00+00:00,9718.460654705144
2024-06-06 12:00:00+00:00,9718.460654705144
2024-06-06 16:00:00+00:00,9718.460654705144
2024-06-06 20:00:00+00:00,9718.460654705144
2024-06-07 00:00:00+00:00,9718.460654705144
2024-06-07 04:00:00+00:00,9718.460654705144
2024-06-07 08:00:00+00:00,9718.460654705144
2024-06-07 12:00:00+00:00,9718.460654705144
2024-06-07 16:00:00+00:00,9718.460654705144
2024-06-07 20:00:00+00:00,9718.460654705144
2024-06-08 00:00:00+00:00,9718.460654705144
2024-06-08 04:00:00+00:00,9718.460654705144
2024-06-08 08:00:00+00:00,9718.460654705144
2024-06-08 12:00:00+00:00,9718.460654705144
2024-06-08 16:00:00+00:00,9718.460654705144
2024-06-08 20:00:00+00:00,9718.460654705144
2024-06-09 00:00:00+00:00,9718.460654705144
2024-06-09 04:00:00+00:00,9718.460654705144
2024-06-09 08:00:00+00:00,9718.460654705144
2024-06-09 12:00:00+00:00,9718.460654705144
2024-06-09 16:00:00+00:00,9718.460654705144
2024-06-09 20:00:00+00:00,9718.460654705144
2024-06-10 00:00:00+00:00,9718.460654705144
2024-06-10 04:00:00+00:00,9718.460654705144
2024-06-10 08:00:00+00:00,9718.460654705144
2024-06-10 12:00:00+00:00,9718.460654705144
2024-06-10 16:00:00+00:00,9718.460654705144
2024-06-10 20:00:00+00:00,9718.460654705144
2024-06-11 00:00:00+00:00,9718.460654705144
2024-06-11 04:00:00+00:00,9718.460654705144
2024-06-11 08:00:00+00:00,9718.460654705144
2024-06-11 12:00:00+00:00,9718.460654705144
2024-06-11 16:00:00+00:00,9718.460654705144
2024-06-11 20:00:00+00:00,9718.460654705144
2024-06-12 00:00:00+00:00,9718.460654705144
2024-06-12 04:00:00+00:00,9718.460654705144
2024-06-12 08:00:00+00:00,9718.460654705144
2024-06-12 12:00:00+00:00,9718.460654705144
2024-06-12 16:00:00+00:00,9718.460654705144
2024-06-12 20:00:00+00:00,9718.460654705144
2024-06-13 00:00:00+00:00,9718.460654705144
2024-06-13 04:00:00+00:00,9718.460654705144
2024-06-13 08:00:00+00:00,9718.460654705144
2024-06-13 12:00:00+00:00,9718.460654705144
2024-06-13 16:00:00+00:00,9718.460654705144
2024-06-13 20:00:00+00:00,9718.460654705144
2024-06-14 00:00:00+00:00,9718.460654705144
2024-06-14 04:00:00+00:00,9718.460654705144
2024-06-14 08:00:00+00:00,9718.460654705144
2024-06-14 12:00:00+00:00,9718.460654705144
2024-06-14 16:00:00+00:00,9718.460654705144
2024-06-14 20:00:00+00:00,9718.460654705144
2024-06-15 00:00:00+00:00,9718.460654705144
2024-06-15 04:00:00+00:00,9718.460654705144
2024-06-15 08:00:00+00:00,9718.460654705144
2024-06-15 12:00:00+00:00,9718.460654705144
2024-06-15 16:00:00+00:00,9718.460654705144
2024-06-15 20:00:00+00:00,9718.460654705144
2024-06-16 00:00:00+00:00,9718.460654705144
2024-06-16 04:00:00+00:00,9718.460654705144
2024-06-16 08:00:00+00:00,9718.460654705144
2024-06-16 12:00:00+00:00,9718.460654705144
2024-06-16 16:00:00+00:00,9718.460654705144
2024-06-16 20:00:00+00:00,9718.460654705144
2024-06-17 00:00:00+00:00,9718.460654705144
2024-06-17 04:00:00+00:00,9718.460654705144
2024-06-17 08:00:00+00:00,9718.460654705144
2024-06-17 12:00:00+00:00,9718.460654705144
2024-06-17 16:00:00+00:00,9718.460654705144
2024-06-17 20:00:00+00:00,9718.460654705144
2024-06-18 00:00:00+00:00,9718.460654705144
2024-06-18 04:00:00+00:00,9718.460654705144
2024-06-18 08:00:00+00:00,9718.460654705144
2024-06-18 12:00:00+00:00,9718.460654705144
2024-06-18 16:00:00+00:00,9718.460654705144
2024-06-18 20:00:00+00:00,9718.460654705144
2024-06-19 00:00:00+00:00,9718.460654705144
2024-06-19 04:00:00+00:00,9718.460654705144
2024-06-19 08:00:00+00:00,9718.460654705144
2024-06-19 12:00:00+00:00,9718.460654705144
2024-06-19 16:00:00+00:00,9718.460654705144
2024-06-19 20:00:00+00:00,9718.460654705144
2024-06-20 00:00:00+00:00,9718.460654705144
2024-06-20 04:00:00+00:00,9718.460654705144
2024-06-20 08:00:00+00:00,9718.460654705144
2024-06-20 12:00:00+00:00,9718.460654705144
2024-06-20 16:00:00+00:00,9718.460654705144
2024-06-20 20:00:00+00:00,9718.460654705144
2024-06-21 00:00:00+00:00,9718.460654705144
2024-06-21 04:00:00+00:00,9718.460654705144
2024-06-21 08:00:00+00:00,9718.460654705144
2024-06-21 12:00:00+00:00,9718.460654705144
2024-06-21 16:00:00+00:00,9718.460654705144
2024-06-21 20:00:00+00:00,9718.460654705144
2024-06-22 00:00:00+00:00,9718.460654705144
2024-06-22 04:00:00+00:00,9718.460654705144
2024-06-22 08:00:00+00:00,9718.460654705144
2024-06-22 12:00:00+00:00,9718.460654705144
2024-06-22 16:00:00+00:00,9718.460654705144
2024-06-22 20:00:00+00:00,9718.460654705144
2024-06-23 00:00:00+00:00,9718.460654705144
2024-06-23 04:00:00+00:00,9718.460654705144
2024-06-23 08:00:00+00:00,9718.460654705144
2024-06-23 12:00:00+00:00,9718.460654705144
2024-06-23 16:00:00+00:00,9718.460654705144
2024-06-23 20:00:00+00:00,9718.460654705144
2024-06-24 00:00:00+00:00,9718.460654705144
2024-06-24 04:00:00+00:00,9718.460654705144
2024-06-24 08:00:00+00:00,9718.460654705144
2024-06-24 12:00:00+00:00,9718.460654705144
2024-06-24 16:00:00+00:00,9718.460654705144
2024-06-24 20:00:00+00:00,9718.460654705144
2024-06-25 00:00:00+00:00,9718.460654705144
2024-06-25 04:00:00+00:00,9718.460654705144
2024-06-25 08:00:00+00:00,9718.460654705144
2024-06-25 12:00:00+00:00,9718.460654705144
2024-06-25 16:00:00+00:00,9718.460654705144
2024-06-25 20:00:00+00:00,9718.460654705144
2024-06-26 00:00:00+00:00,9718.460654705144
2024-06-26 04:00:00+00:00,9718.460654705144
2024-06-26 08:00:00+00:00,9718.460654705144
2024-06-26 12:00:00+00:00,9718.460654705144
2024-06-26 16:00:00+00:00,9718.460654705144
2024-06-26 20:00:00+00:00,9718.460654705144
2024-06-27 00:00:00+00:00,9718.460654705144
2024-06-27 04:00:00+00:00,9718.460654705144
2024-06-27 08:00:00+00:00,9718.460654705144
2024-06-27 12:00:00+00:00,9718.460654705144
2024-06-27 16:00:00+00:00,9718.460654705144
2024-06-27 20:00:00+00:00,9718.460654705144
2024-06-28 00:00:00+00:00,9718.460654705144
2024-06-28 04:00:00+00:00,9718.460654705144
2024-06-28 08:00:00+00:00,9718.460654705144
2024-06-28 12:00:00+00:00,9718.460654705144
2024-06-28 16:00:00+00:00,9718.460654705144
2024-06-28 20:00:00+00:00,9718.460654705144
2024-06-29 00:00:00+00:00,9718.460654705144
2024-06-29 04:00:00+00:00,9718.460654705144
2024-06-29 08:00:00+00:00,9718.460654705144
2024-06-29 12:00:00+00:00,9718.460654705144
2024-06-29 16:00:00+00:00,9718.460654705144
2024-06-29 20:00:00+00:00,9718.460654705144
2024-06-30 00:00:00+00:00,9718.460654705144
2024-06-30 04:00:00+00:00,9718.460654705144
2024-06-30 08:00:00+00:00,9718.460654705144
2024-06-30 12:00:00+00:00,9718.460654705144
2024-06-30 16:00:00+00:00,9718.460654705144
2024-06-30 20:00:00+00:00,9718.460654705144
2024-07-01 00:00:00+00:00,9718.460654705144
2024-07-01 04:00:00+00:00,9718.460654705144
2024-07-01 08:00:00+00:00,9718.460654705144
2024-07-01 12:00:00+00:00,9718.460654705144
2024-07-01 16:00:00+00:00,9718.460654705144
2024-07-01 20:00:00+00:00,9718.460654705144
2024-07-02 00:00:00+00:00,9718.460654705144
2024-07-02 04:00:00+00:00,9718.460654705144
2024-07-02 08:00:00+00:00,9718.460654705144
2024-07-02 12:00:00+00:00,9718.460654705144
2024-07-02 16:00:00+00:00,9718.460654705144
2024-07-02 20:00:00+00:00,9718.460654705144
2024-07-03 00:00:00+00:00,9718.460654705144
2024-07-03 04:00:00+00:00,9718.460654705144
2024-07-03 08:00:00+00:00,9718.460654705144
2024-07-03 12:00:00+00:00,9718.460654705144
2024-07-03 16:00:00+00:00,9718.460654705144
2024-07-03 20:00:00+00:00,9718.460654705144
2024-07-04 00:00:00+00:00,9718.460654705144
2024-07-04 04:00:00+00:00,9718.460654705144
2024-07-04 08:00:00+00:00,9718.460654705144
2024-07-04 12:00:00+00:00,9718.460654705144
2024-07-04 16:00:00+00:00,9718.460654705144
2024-07-04 20:00:00+00:00,9718.460654705144
2024-07-05 00:00:00+00:00,9718.460654705144
2024-07-05 04:00:00+00:00,9718.460654705144
2024-07-05 08:00:00+00:00,9718.460654705144
2024-07-05 12:00:00+00:00,9718.460654705144
2024-07-05 16:00:00+00:00,9718.460654705144
2024-07-05 20:00:00+00:00,9718.460654705144
2024-07-06 00:00:00+00:00,9718.460654705144
2024-07-06 04:00:00+00:00,9718.460654705144
2024-07-06 08:00:00+00:00,9718.460654705144
2024-07-06 12:00:00+00:00,9718.460654705144
2024-07-06 16:00:00+00:00,9718.460654705144
2024-07-06 20:00:00+00:00,9718.460654705144
2024-07-07 00:00:00+00:00,9718.460654705144
2024-07-07 04:00:00+00:00,9718.460654705144
2024-07-07 08:00:00+00:00,9718.460654705144
2024-07-07 12:00:00+00:00,9718.460654705144
2024-07-07 16:00:00+00:00,9718.460654705144
2024-07-07 20:00:00+00:00,9718.460654705144
2024-07-08 00:00:00+00:00,9718.460654705144
2024-07-08 04:00:00+00:00,9718.460654705144
2024-07-08 08:00:00+00:00,9718.460654705144
2024-07-08 12:00:00+00:00,9718.460654705144
2024-07-08 16:00:00+00:00,9718.460654705144
2024-07-08 20:00:00+00:00,9718.460654705144
2024-07-09 00:00:00+00:00,9718.460654705144
2024-07-09 04:00:00+00:00,9718.460654705144
2024-07-09 08:00:00+00:00,9718.460654705144
2024-07-09 12:00:00+00:00,9718.460654705144
2024-07-09 16:00:00+00:00,9718.460654705144
2024-07-09 20:00:00+00:00,9718.460654705144
2024-07-10 00:00:00+00:00,9718.460654705144
2024-07-10 04:00:00+00:00,9718.460654705144
2024-07-10 08:00:00+00:00,9718.460654705144
2024-07-10 12:00:00+00:00,9718.460654705144
2024-07-10 16:00:00+00:00,9718.460654705144
2024-07-10 20:00:00+00:00,9718.460654705144
2024-07-11 00:00:00+00:00,9718.460654705144
2024-07-11 04:00:00+00:00,9718.460654705144
2024-07-11 08:00:00+00:00,9718.460654705144
2024-07-11 12:00:00+00:00,9718.460654705144
2024-07-11 16:00:00+00:00,9718.460654705144
2024-07-11 20:00:00+00:00,9718.460654705144
2024-07-12 00:00:00+00:00,9718.460654705144
2024-07-12 04:00:00+00:00,9718.460654705144
2024-07-12 08:00:00+00:00,9718.460654705144
2024-07-12 12:00:00+00:00,9718.460654705144
2024-07-12 16:00:00+00:00,9718.460654705144
2024-07-12 20:00:00+00:00,9718.460654705144
2024-07-13 00:00:00+00:00,9718.460654705144
2024-07-13 04:00:00+00:00,9718.460654705144
2024-07-13 08:00:00+00:00,9718.460654705144
2024-07-13 12:00:00+00:00,9718.460654705144
2024-07-13 16:00:00+00:00,9718.460654705144
2024-07-13 20:00:00+00:00,9718.460654705144
2024-07-14 00:00:00+00:00,9718.460654705144
2024-07-14 04:00:00+00:00,9718.460654705144
2024-07-14 08:00:00+00:00,9718.460654705144
2024-07-14 12:00:00+00:00,9718.460654705144
2024-07-14 16:00:00+00:00,9718.460654705144
2024-07-14 20:00:00+00:00,9718.460654705144
2024-07-15 00:00:00+00:00,9718.460654705144
2024-07-15 04:00:00+00:00,9718.460654705144
2024-07-15 08:00:00+00:00,9718.460654705144
2024-07-15 12:00:00+00:00,9718.460654705144
2024-07-15 16:00:00+00:00,9699.062529645853
2024-07-15 20:00:00+00:00,10150.787788527701
2024-07-16 00:00:00+00:00,10007.451889074806
2024-07-16 04:00:00+00:00,9321.176976542767
2024-07-16 08:00:00+00:00,9668.65794491342
2024-07-16 12:00:00+00:00,11384.34522624352
2024-07-16 16:00:00+00:00,12135.772820345057
2024-07-16 20:00:00+00:00,12240.017110856252
2024-07-17 00:00:00+00:00,12296.482768216483
2024-07-17 04:00:00+00:00,12713.459930261268
2024-07-17 08:00:00+00:00,13239.02489492188
2024-07-17 12:00:00+00:00,13030.536313899487
2024-07-17 16:00:00+00:00,13252.05543123578
2024-07-17 20:00:00+00:00,12800.330172353932
2024-07-18 00:00:00+00:00,12431.131643460114
2024-07-18 04:00:00+00:00,12253.047647170151
2024-07-18 08:00:00+00:00,12561.437006599106
2024-07-18 12:00:00+00:00,12179.207941391387
2024-07-18 16:00:00+00:00,11514.650589382514
2024-07-18 20:00:00+00:00,11514.650589382514
2024-07-19 00:00:00+00:00,11475.558980440817
2024-07-19 04:00:00+00:00,11206.26122995356
2024-07-19 08:00:00+00:00,11327.87956888329
2024-07-19 12:00:00+00:00,11992.436920892162
2024-07-19 16:00:00+00:00,12066.276626670926
2024-07-19 20:00:00+00:00,12022.841505624592
2024-07-20 00:00:00+00:00,12074.96365088019
2024-07-20 04:00:00+00:00,11883.849118276336
2024-07-20 08:00:00+00:00,11297.474984150856
2024-07-20 12:00:00+00:00,11540.711662010312
2024-07-20 16:00:00+00:00,11449.497907813018
2024-07-20 20:00:00+00:00,11479.902492545449
2024-07-21 00:00:00+00:00,11466.871956231551
2024-07-21 04:00:00+00:00,10880.497822106072
2024-07-21 08:00:00+00:00,11010.803185245068
2024-07-21 12:00:00+00:00,10910.902406838506
2024-07-21 16:00:00+00:00,10574.496153331207
2024-07-21 20:00:00+00:00,10574.496153331207
2024-07-22 00:00:00+00:00,10574.496153331207
2024-07-22 04:00:00+00:00,10574.496153331207
2024-07-22 08:00:00+00:00,10574.496153331207
2024-07-22 12:00:00+00:00,10574.496153331207
2024-07-22 16:00:00+00:00,10574.496153331207
2024-07-22 20:00:00+00:00,10574.496153331207
2024-07-23 00:00:00+00:00,10574.496153331207
2024-07-23 04:00:00+00:00,10574.496153331207
2024-07-23 08:00:00+00:00,10574.496153331207
2024-07-23 12:00:00+00:00,10574.496153331207
2024-07-23 16:00:00+00:00,10574.496153331207
2024-07-23 20:00:00+00:00,10574.496153331207
2024-07-24 00:00:00+00:00,10574.496153331207
2024-07-24 04:00:00+00:00,10574.496153331207
2024-07-24 08:00:00+00:00,10574.496153331207
2024-07-24 12:00:00+00:00,10574.496153331207
2024-07-24 16:00:00+00:00,10574.496153331207
2024-07-24 20:00:00+00:00,10574.496153331207
2024-07-25 00:00:00+00:00,10574.496153331207
2024-07-25 04:00:00+00:00,10574.496153331207
2024-07-25 08:00:00+00:00,10574.496153331207
2024-07-25 12:00:00+00:00,10574.496153331207
2024-07-25 16:00:00+00:00,10574.496153331207
2024-07-25 20:00:00+00:00,10574.496153331207
2024-07-26 00:00:00+00:00,10574.496153331207
2024-07-26 04:00:00+00:00,10574.496153331207
2024-07-26 08:00:00+00:00,10574.496153331207
2024-07-26 12:00:00+00:00,10574.496153331207
2024-07-26 16:00:00+00:00,10574.496153331207
2024-07-26 20:00:00+00:00,10574.496153331207
2024-07-27 00:00:00+00:00,10574.496153331207
2024-07-27 04:00:00+00:00,10574.496153331207
2024-07-27 08:00:00+00:00,10574.496153331207
2024-07-27 12:00:00+00:00,10574.496153331207
2024-07-27 16:00:00+00:00,10574.496153331207
2024-07-27 20:00:00+00:00,10574.496153331207
2024-07-28 00:00:00+00:00,10574.496153331207
2024-07-28 04:00:00+00:00,10574.496153331207
2024-07-28 08:00:00+00:00,10574.496153331207
2024-07-28 12:00:00+00:00,10574.496153331207
2024-07-28 16:00:00+00:00,10574.496153331207
2024-07-28 20:00:00+00:00,10574.496153331207
2024-07-29 00:00:00+00:00,10574.496153331207
2024-07-29 04:00:00+00:00,10574.496153331207
2024-07-29 08:00:00+00:00,10574.496153331207
2024-07-29 12:00:00+00:00,10574.496153331207
2024-07-29 16:00:00+00:00,10574.496153331207
2024-07-29 20:00:00+00:00,10574.496153331207
2024-07-30 00:00:00+00:00,10574.496153331207
2024-07-30 04:00:00+00:00,10574.496153331207
2024-07-30 08:00:00+00:00,10574.496153331207
2024-07-30 12:00:00+00:00,10574.496153331207
2024-07-30 16:00:00+00:00,10574.496153331207
2024-07-30 20:00:00+00:00,10574.496153331207
2024-07-31 00:00:00+00:00,10574.496153331207
2024-07-31 04:00:00+00:00,10574.496153331207
2024-07-31 08:00:00+00:00,10574.496153331207
2024-07-31 12:00:00+00:00,10574.496153331207
2024-07-31 16:00:00+00:00,10574.496153331207
2024-07-31 20:00:00+00:00,10574.496153331207
2024-08-01 00:00:00+00:00,10574.496153331207
2024-08-01 04:00:00+00:00,10574.496153331207
2024-08-01 08:00:00+00:00,10574.496153331207
2024-08-01 12:00:00+00:00,10574.496153331207
2024-08-01 16:00:00+00:00,10574.496153331207
2024-08-01 20:00:00+00:00,10574.496153331207
2024-08-02 00:00:00+00:00,10574.496153331207
2024-08-02 04:00:00+00:00,10574.496153331207
2024-08-02 08:00:00+00:00,10574.496153331207
2024-08-02 12:00:00+00:00,10574.496153331207
2024-08-02 16:00:00+00:00,10574.496153331207
2024-08-02 20:00:00+00:00,10574.496153331207
2024-08-03 00:00:00+00:00,10574.496153331207
2024-08-03 04:00:00+00:00,10574.496153331207
2024-08-03 08:00:00+00:00,10574.496153331207
2024-08-03 12:00:00+00:00,10574.496153331207
2024-08-03 16:00:00+00:00,10574.496153331207
2024-08-03 20:00:00+00:00,10574.496153331207
2024-08-04 00:00:00+00:00,10574.496153331207
2024-08-04 04:00:00+00:00,10574.496153331207
2024-08-04 08:00:00+00:00,10574.496153331207
2024-08-04 12:00:00+00:00,10574.496153331207
2024-08-04 16:00:00+00:00,10574.496153331207
2024-08-04 20:00:00+00:00,10574.496153331207
2024-08-05 00:00:00+00:00,10574.496153331207
2024-08-05 04:00:00+00:00,10574.496153331207
2024-08-05 08:00:00+00:00,10574.496153331207
2024-08-05 12:00:00+00:00,10574.496153331207
2024-08-05 16:00:00+00:00,10574.496153331207
2024-08-05 20:00:00+00:00,10574.496153331207
2024-08-06 00:00:00+00:00,10574.496153331207
2024-08-06 04:00:00+00:00,10574.496153331207
2024-08-06 08:00:00+00:00,10574.496153331207
2024-08-06 12:00:00+00:00,10574.496153331207
2024-08-06 16:00:00+00:00,10574.496153331207
2024-08-06 20:00:00+00:00,10574.496153331207
2024-08-07 00:00:00+00:00,10574.496153331207
2024-08-07 04:00:00+00:00,10574.496153331207
2024-08-07 08:00:00+00:00,10574.496153331207
2024-08-07 12:00:00+00:00,10574.496153331207
2024-08-07 16:00:00+00:00,10574.496153331207
2024-08-07 20:00:00+00:00,10574.496153331207
2024-08-08 00:00:00+00:00,10574.496153331207
2024-08-08 04:00:00+00:00,10574.496153331207
2024-08-08 08:00:00+00:00,10574.496153331207
2024-08-08 12:00:00+00:00,10574.496153331207
2024-08-08 16:00:00+00:00,10574.496153331207
2024-08-08 20:00:00+00:00,10574.496153331207
2024-08-09 00:00:00+00:00,10574.496153331207
2024-08-09 04:00:00+00:00,10574.496153331207
2024-08-09 08:00:00+00:00,10574.496153331207
2024-08-09 12:00:00+00:00,10574.496153331207
2024-08-09 16:00:00+00:00,10574.496153331207
2024-08-09 20:00:00+00:00,10574.496153331207
2024-08-10 00:00:00+00:00,10574.496153331207
2024-08-10 04:00:00+00:00,10574.496153331207
2024-08-10 08:00:00+00:00,10574.496153331207
2024-08-10 12:00:00+00:00,10574.496153331207
2024-08-10 16:00:00+00:00,10574.496153331207
2024-08-10 20:00:00+00:00,10574.496153331207
2024-08-11 00:00:00+00:00,10574.496153331207
2024-08-11 04:00:00+00:00,10574.496153331207
2024-08-11 08:00:00+00:00,10574.496153331207
2024-08-11 12:00:00+00:00,10574.496153331207
2024-08-11 16:00:00+00:00,10574.496153331207
2024-08-11 20:00:00+00:00,10574.496153331207
2024-08-12 00:00:00+00:00,10574.496153331207
2024-08-12 04:00:00+00:00,10574.496153331207
2024-08-12 08:00:00+00:00,10574.496153331207
2024-08-12 12:00:00+00:00,10574.496153331207
2024-08-12 16:00:00+00:00,10574.496153331207
2024-08-12 20:00:00+00:00,10574.496153331207
2024-08-13 00:00:00+00:00,10574.496153331207
2024-08-13 04:00:00+00:00,10574.496153331207
2024-08-13 08:00:00+00:00,10574.496153331207
2024-08-13 12:00:00+00:00,10574.496153331207
2024-08-13 16:00:00+00:00,10574.496153331207
2024-08-13 20:00:00+00:00,10574.496153331207
2024-08-14 00:00:00+00:00,10574.496153331207
2024-08-14 04:00:00+00:00,10574.496153331207
2024-08-14 08:00:00+00:00,10574.496153331207
2024-08-14 12:00:00+00:00,10574.496153331207
2024-08-14 16:00:00+00:00,10574.496153331207
2024-08-14 20:00:00+00:00,10574.496153331207
2024-08-15 00:00:00+00:00,10574.496153331207
2024-08-15 04:00:00+00:00,10574.496153331207
2024-08-15 08:00:00+00:00,10574.496153331207
2024-08-15 12:00:00+00:00,10574.496153331207
2024-08-15 16:00:00+00:00,10574.496153331207
2024-08-15 20:00:00+00:00,10574.496153331207
2024-08-16 00:00:00+00:00,10574.496153331207
2024-08-16 04:00:00+00:00,10574.496153331207
2024-08-16 08:00:00+00:00,10574.496153331207
2024-08-16 12:00:00+00:00,10574.496153331207
2024-08-16 16:00:00+00:00,10574.496153331207
2024-08-16 20:00:00+00:00,10574.496153331207
2024-08-17 00:00:00+00:00,10574.496153331207
2024-08-17 04:00:00+00:00,10574.496153331207
2024-08-17 08:00:00+00:00,10574.496153331207
2024-08-17 12:00:00+00:00,10574.496153331207
2024-08-17 16:00:00+00:00,10574.496153331207
2024-08-17 20:00:00+00:00,10574.496153331207
2024-08-18 00:00:00+00:00,10574.496153331207
2024-08-18 04:00:00+00:00,10574.496153331207
2024-08-18 08:00:00+00:00,10574.496153331207
2024-08-18 12:00:00+00:00,10574.496153331207
2024-08-18 16:00:00+00:00,10574.496153331207
2024-08-18 20:00:00+00:00,10574.496153331207
2024-08-19 00:00:00+00:00,10574.496153331207
2024-08-19 04:00:00+00:00,10574.496153331207
2024-08-19 08:00:00+00:00,10574.496153331207
2024-08-19 12:00:00+00:00,10574.496153331207
2024-08-19 16:00:00+00:00,10574.496153331207
2024-08-19 20:00:00+00:00,10574.496153331207
2024-08-20 00:00:00+00:00,10574.496153331207
2024-08-20 04:00:00+00:00,10574.496153331207
2024-08-20 08:00:00+00:00,10574.496153331207
2024-08-20 12:00:00+00:00,10574.496153331207
2024-08-20 16:00:00+00:00,10574.496153331207
2024-08-20 20:00:00+00:00,10574.496153331207
2024-08-21 00:00:00+00:00,10574.496153331207
2024-08-21 04:00:00+00:00,10574.496153331207
2024-08-21 08:00:00+00:00,10574.496153331207
2024-08-21 12:00:00+00:00,10574.496153331207
2024-08-21 16:00:00+00:00,10574.496153331207
2024-08-21 20:00:00+00:00,10574.496153331207
2024-08-22 00:00:00+00:00,10574.496153331207
2024-08-22 04:00:00+00:00,10574.496153331207
2024-08-22 08:00:00+00:00,10574.496153331207
2024-08-22 12:00:00+00:00,10574.496153331207
2024-08-22 16:00:00+00:00,10574.496153331207
2024-08-22 20:00:00+00:00,10574.496153331207
2024-08-23 00:00:00+00:00,10574.496153331207
2024-08-23 04:00:00+00:00,10553.389374582042
2024-08-23 08:00:00+00:00,10315.06732153705
2024-08-23 12:00:00+00:00,10938.371152577796
2024-08-23 16:00:00+00:00,11121.695808766252
2024-08-23 20:00:00+00:00,11268.355533717016
2024-08-24 00:00:00+00:00,11237.801424352272
2024-08-24 04:00:00+00:00,11476.123477397263
2024-08-24 08:00:00+00:00,11806.107858536481
2024-08-24 12:00:00+00:00,11641.115667966873
2024-08-24 16:00:00+00:00,11854.994433520069
2024-08-24 20:00:00+00:00,11683.891421077513
2024-08-25 00:00:00+00:00,11329.4637524465
2024-08-25 04:00:00+00:00,10975.036083815488
2024-08-25 08:00:00+00:00,11207.24731498753
2024-08-25 12:00:00+00:00,11347.796218065347
2024-08-25 16:00:00+00:00,11225.579780606377
2024-08-25 20:00:00+00:00,11280.577177462912
2024-08-26 00:00:00+00:00,11195.025671241634
2024-08-26 04:00:00+00:00,11097.252521274457
2024-08-26 08:00:00+00:00,10968.925261942539
2024-08-26 12:00:00+00:00,10669.501100989935
2024-08-26 16:00:00+00:00,10669.501100989935
2024-08-26 20:00:00+00:00,10669.501100989935
2024-08-27 00:00:00+00:00,10669.501100989935
2024-08-27 04:00:00+00:00,10669.501100989935
2024-08-27 08:00:00+00:00,10669.501100989935
2024-08-27 12:00:00+00:00,10669.501100989935
2024-08-27 16:00:00+00:00,10669.501100989935
2024-08-27 20:00:00+00:00,10669.501100989935
2024-08-28 00:00:00+00:00,10669.501100989935
2024-08-28 04:00:00+00:00,10669.501100989935
2024-08-28 08:00:00+00:00,10669.501100989935
2024-08-28 12:00:00+00:00,10669.501100989935
2024-08-28 16:00:00+00:00,10669.501100989935
2024-08-28 20:00:00+00:00,10669.501100989935
2024-08-29 00:00:00+00:00,10669.501100989935
2024-08-29 04:00:00+00:00,10669.501100989935
2024-08-29 08:00:00+00:00,10669.501100989935
2024-08-29 12:00:00+00:00,10669.501100989935
2024-08-29 16:00:00+00:00,10669.501100989935
2024-08-29 20:00:00+00:00,10669.501100989935
2024-08-30 00:00:00+00:00,10669.501100989935
2024-08-30 04:00:00+00:00,10669.501100989935
2024-08-30 08:00:00+00:00,10669.501100989935
2024-08-30 12:00:00+00:00,10669.501100989935
2024-08-30 16:00:00+00:00,10669.501100989935
2024-08-30 20:00:00+00:00,10669.501100989935
2024-08-31 00:00:00+00:00,10669.501100989935
2024-08-31 04:00:00+00:00,10669.501100989935
2024-08-31 08:00:00+00:00,10669.501100989935
2024-08-31 12:00:00+00:00,10669.501100989935
2024-08-31 16:00:00+00:00,10669.501100989935
2024-08-31 20:00:00+00:00,10669.501100989935
2024-09-01 00:00:00+00:00,10669.501100989935
2024-09-01 04:00:00+00:00,10669.501100989935
2024-09-01 08:00:00+00:00,10669.501100989935
2024-09-01 12:00:00+00:00,10669.501100989935
2024-09-01 16:00:00+00:00,10669.501100989935
2024-09-01 20:00:00+00:00,10669.501100989935
2024-09-02 00:00:00+00:00,10669.501100989935
2024-09-02 04:00:00+00:00,10669.501100989935
2024-09-02 08:00:00+00:00,10669.501100989935
2024-09-02 12:00:00+00:00,10669.501100989935
2024-09-02 16:00:00+00:00,10669.501100989935
2024-09-02 20:00:00+00:00,10669.501100989935
2024-09-03 00:00:00+00:00,10669.501100989935
2024-09-03 04:00:00+00:00,10669.501100989935
2024-09-03 08:00:00+00:00,10669.501100989935
2024-09-03 12:00:00+00:00,10669.501100989935
2024-09-03 16:00:00+00:00,10669.501100989935
2024-09-03 20:00:00+00:00,10669.501100989935
2024-09-04 00:00:00+00:00,10669.501100989935
2024-09-04 04:00:00+00:00,10669.501100989935
2024-09-04 08:00:00+00:00,10669.501100989935
2024-09-04 12:00:00+00:00,10669.501100989935
2024-09-04 16:00:00+00:00,10669.501100989935
2024-09-04 20:00:00+00:00,10669.501100989935
2024-09-05 00:00:00+00:00,10669.501100989935
2024-09-05 04:00:00+00:00,10669.501100989935
2024-09-05 08:00:00+00:00,10669.501100989935
2024-09-05 12:00:00+00:00,10669.501100989935
2024-09-05 16:00:00+00:00,10669.501100989935
2024-09-05 20:00:00+00:00,10669.501100989935
2024-09-06 00:00:00+00:00,10669.501100989935
2024-09-06 04:00:00+00:00,10669.501100989935
2024-09-06 08:00:00+00:00,10669.501100989935
2024-09-06 12:00:00+00:00,10669.501100989935
2024-09-06 16:00:00+00:00,10669.501100989935
2024-09-06 20:00:00+00:00,10669.501100989935
2024-09-07 00:00:00+00:00,10669.501100989935
2024-09-07 04:00:00+00:00,10669.501100989935
2024-09-07 08:00:00+00:00,10669.501100989935
2024-09-07 12:00:00+00:00,10669.501100989935
2024-09-07 16:00:00+00:00,10669.501100989935
2024-09-07 20:00:00+00:00,10669.501100989935
2024-09-08 00:00:00+00:00,10669.501100989935
2024-09-08 04:00:00+00:00,10669.501100989935
2024-09-08 08:00:00+00:00,10669.501100989935
2024-09-08 12:00:00+00:00,10669.501100989935
2024-09-08 16:00:00+00:00,10669.501100989935
2024-09-08 20:00:00+00:00,10669.501100989935
2024-09-09 00:00:00+00:00,10669.501100989935
2024-09-09 04:00:00+00:00,10669.501100989935
2024-09-09 08:00:00+00:00,10669.501100989935
2024-09-09 12:00:00+00:00,10669.501100989935
2024-09-09 16:00:00+00:00,10669.501100989935
2024-09-09 20:00:00+00:00,10669.501100989935
2024-09-10 00:00:00+00:00,10669.501100989935
2024-09-10 04:00:00+00:00,10669.501100989935
2024-09-10 08:00:00+00:00,10669.501100989935
2024-09-10 12:00:00+00:00,10669.501100989935
2024-09-10 16:00:00+00:00,10669.501100989935
2024-09-10 20:00:00+00:00,10669.501100989935
2024-09-11 00:00:00+00:00,10669.501100989935
2024-09-11 04:00:00+00:00,10669.501100989935
2024-09-11 08:00:00+00:00,10669.501100989935
2024-09-11 12:00:00+00:00,10669.501100989935
2024-09-11 16:00:00+00:00,10669.501100989935
2024-09-11 20:00:00+00:00,10669.501100989935
2024-09-12 00:00:00+00:00,10669.501100989935
2024-09-12 04:00:00+00:00,10669.501100989935
2024-09-12 08:00:00+00:00,10669.501100989935
2024-09-12 12:00:00+00:00,10669.501100989935
2024-09-12 16:00:00+00:00,10648.20469160672
2024-09-12 20:00:00+00:00,10274.583474357361
2024-09-13 00:00:00+00:00,10161.162747692379
2024-09-13 04:00:00+00:00,9980.413296951141
2024-09-13 08:00:00+00:00,9980.413296951141
2024-09-13 12:00:00+00:00,9980.413296951141
2024-09-13 16:00:00+00:00,9980.413296951141
2024-09-13 20:00:00+00:00,9980.413296951141
2024-09-14 00:00:00+00:00,9980.413296951141
2024-09-14 04:00:00+00:00,9980.413296951141
2024-09-14 08:00:00+00:00,9980.413296951141
2024-09-14 12:00:00+00:00,9980.413296951141
2024-09-14 16:00:00+00:00,9980.413296951141
2024-09-14 20:00:00+00:00,9980.413296951141
2024-09-15 00:00:00+00:00,9980.413296951141
2024-09-15 04:00:00+00:00,9980.413296951141
2024-09-15 08:00:00+00:00,9980.413296951141
2024-09-15 12:00:00+00:00,9980.413296951141
2024-09-15 16:00:00+00:00,9980.413296951141
2024-09-15 20:00:00+00:00,9980.413296951141
2024-09-16 00:00:00+00:00,9980.413296951141
2024-09-16 04:00:00+00:00,9980.413296951141
2024-09-16 08:00:00+00:00,9980.413296951141
2024-09-16 12:00:00+00:00,9980.413296951141
2024-09-16 16:00:00+00:00,9980.413296951141
2024-09-16 20:00:00+00:00,9980.413296951141
2024-09-17 00:00:00+00:00,9980.413296951141
2024-09-17 04:00:00+00:00,9980.413296951141
2024-09-17 08:00:00+00:00,9980.413296951141
2024-09-17 12:00:00+00:00,9980.413296951141
2024-09-17 16:00:00+00:00,9980.413296951141
2024-09-17 20:00:00+00:00,9980.413296951141
2024-09-18 00:00:00+00:00,9980.413296951141
2024-09-18 04:00:00+00:00,9980.413296951141
2024-09-18 08:00:00+00:00,9980.413296951141
2024-09-18 12:00:00+00:00,9980.413296951141
2024-09-18 16:00:00+00:00,9980.413296951141
2024-09-18 20:00:00+00:00,9980.413296951141
2024-09-19 00:00:00+00:00,9980.413296951141
2024-09-19 04:00:00+00:00,9980.413296951141
2024-09-19 08:00:00+00:00,9980.413296951141
2024-09-19 12:00:00+00:00,9980.413296951141
2024-09-19 16:00:00+00:00,9980.413296951141
2024-09-19 20:00:00+00:00,9980.413296951141
2024-09-20 00:00:00+00:00,9980.413296951141
2024-09-20 04:00:00+00:00,9980.413296951141
2024-09-20 08:00:00+00:00,9980.413296951141
2024-09-20 12:00:00+00:00,9980.413296951141
2024-09-20 16:00:00+00:00,9980.413296951141
2024-09-20 20:00:00+00:00,9980.413296951141
2024-09-21 00:00:00+00:00,9980.413296951141
2024-09-21 04:00:00+00:00,9980.413296951141
2024-09-21 08:00:00+00:00,9980.413296951141
2024-09-21 12:00:00+00:00,9980.413296951141
2024-09-21 16:00:00+00:00,9980.413296951141
2024-09-21 20:00:00+00:00,9980.413296951141
2024-09-22 00:00:00+00:00,9980.413296951141
2024-09-22 04:00:00+00:00,9980.413296951141
2024-09-22 08:00:00+00:00,9980.413296951141
2024-09-22 12:00:00+00:00,9980.413296951141
2024-09-22 16:00:00+00:00,9980.413296951141
2024-09-22 20:00:00+00:00,9980.413296951141
2024-09-23 00:00:00+00:00,9980.413296951141
2024-09-23 04:00:00+00:00,9980.413296951141
2024-09-23 08:00:00+00:00,9980.413296951141
2024-09-23 12:00:00+00:00,9980.413296951141
2024-09-23 16:00:00+00:00,9980.413296951141
2024-09-23 20:00:00+00:00,9980.413296951141
2024-09-24 00:00:00+00:00,9980.413296951141
2024-09-24 04:00:00+00:00,9980.413296951141
2024-09-24 08:00:00+00:00,9980.413296951141
2024-09-24 12:00:00+00:00,9980.413296951141
2024-09-24 16:00:00+00:00,9980.413296951141
2024-09-24 20:00:00+00:00,9980.413296951141
2024-09-25 00:00:00+00:00,9980.413296951141
2024-09-25 04:00:00+00:00,9980.413296951141
2024-09-25 08:00:00+00:00,9980.413296951141
2024-09-25 12:00:00+00:00,9980.413296951141
2024-09-25 16:00:00+00:00,9980.413296951141
2024-09-25 20:00:00+00:00,9980.413296951141
2024-09-26 00:00:00+00:00,9980.413296951141
2024-09-26 04:00:00+00:00,9980.413296951141
2024-09-26 08:00:00+00:00,9980.413296951141
2024-09-26 12:00:00+00:00,9980.413296951141
2024-09-26 16:00:00+00:00,9980.413296951141
2024-09-26 20:00:00+00:00,9980.413296951141
2024-09-27 00:00:00+00:00,9980.413296951141
2024-09-27 04:00:00+00:00,9980.413296951141
2024-09-27 08:00:00+00:00,9980.413296951141
2024-09-27 12:00:00+00:00,9980.413296951141
2024-09-27 16:00:00+00:00,9980.413296951141
2024-09-27 20:00:00+00:00,9980.413296951141
2024-09-28 00:00:00+00:00,9980.413296951141
2024-09-28 04:00:00+00:00,9980.413296951141
2024-09-28 08:00:00+00:00,9980.413296951141
2024-09-28 12:00:00+00:00,9980.413296951141
2024-09-28 16:00:00+00:00,9980.413296951141
2024-09-28 20:00:00+00:00,9980.413296951141
2024-09-29 00:00:00+00:00,9980.413296951141
2024-09-29 04:00:00+00:00,9980.413296951141
2024-09-29 08:00:00+00:00,9980.413296951141
2024-09-29 12:00:00+00:00,9980.413296951141
2024-09-29 16:00:00+00:00,9980.413296951141
2024-09-29 20:00:00+00:00,9980.413296951141
2024-09-30 00:00:00+00:00,9980.413296951141
2024-09-30 04:00:00+00:00,9980.413296951141
2024-09-30 08:00:00+00:00,9980.413296951141
2024-09-30 12:00:00+00:00,9980.413296951141
2024-09-30 16:00:00+00:00,9980.413296951141
2024-09-30 20:00:00+00:00,9980.413296951141
2024-10-01 00:00:00+00:00,9980.413296951141
2024-10-01 04:00:00+00:00,9980.413296951141
2024-10-01 08:00:00+00:00,9980.413296951141
2024-10-01 12:00:00+00:00,9980.413296951141
2024-10-01 16:00:00+00:00,9980.413296951141
2024-10-01 20:00:00+00:00,9980.413296951141
2024-10-02 00:00:00+00:00,9980.413296951141
2024-10-02 04:00:00+00:00,9980.413296951141
2024-10-02 08:00:00+00:00,9980.413296951141
2024-10-02 12:00:00+00:00,9980.413296951141
2024-10-02 16:00:00+00:00,9980.413296951141
2024-10-02 20:00:00+00:00,9980.413296951141
2024-10-03 00:00:00+00:00,9980.413296951141
2024-10-03 04:00:00+00:00,9980.413296951141
2024-10-03 08:00:00+00:00,9980.413296951141
2024-10-03 12:00:00+00:00,9980.413296951141
2024-10-03 16:00:00+00:00,9980.413296951141
2024-10-03 20:00:00+00:00,9980.413296951141
2024-10-04 00:00:00+00:00,9980.413296951141
2024-10-04 04:00:00+00:00,9980.413296951141
2024-10-04 08:00:00+00:00,9980.413296951141
2024-10-04 12:00:00+00:00,9980.413296951141
2024-10-04 16:00:00+00:00,9980.413296951141
2024-10-04 20:00:00+00:00,9980.413296951141
2024-10-05 00:00:00+00:00,9980.413296951141
2024-10-05 04:00:00+00:00,9980.413296951141
2024-10-05 08:00:00+00:00,9980.413296951141
2024-10-05 12:00:00+00:00,9980.413296951141
2024-10-05 16:00:00+00:00,9980.413296951141
2024-10-05 20:00:00+00:00,9980.413296951141
2024-10-06 00:00:00+00:00,9980.413296951141
2024-10-06 04:00:00+00:00,9980.413296951141
2024-10-06 08:00:00+00:00,9980.413296951141
2024-10-06 12:00:00+00:00,9980.413296951141
2024-10-06 16:00:00+00:00,9980.413296951141
2024-10-06 20:00:00+00:00,9980.413296951141
2024-10-07 00:00:00+00:00,9980.413296951141
2024-10-07 04:00:00+00:00,9980.413296951141
2024-10-07 08:00:00+00:00,9980.413296951141
2024-10-07 12:00:00+00:00,9980.413296951141
2024-10-07 16:00:00+00:00,9980.413296951141
2024-10-07 20:00:00+00:00,9980.413296951141
2024-10-08 00:00:00+00:00,9980.413296951141
2024-10-08 04:00:00+00:00,9980.413296951141
2024-10-08 08:00:00+00:00,9980.413296951141
2024-10-08 12:00:00+00:00,9980.413296951141
2024-10-08 16:00:00+00:00,9980.413296951141
2024-10-08 20:00:00+00:00,9980.413296951141
2024-10-09 00:00:00+00:00,9980.413296951141
2024-10-09 04:00:00+00:00,9980.413296951141
2024-10-09 08:00:00+00:00,9980.413296951141
2024-10-09 12:00:00+00:00,9980.413296951141
2024-10-09 16:00:00+00:00,9980.413296951141
2024-10-09 20:00:00+00:00,9980.413296951141
2024-10-10 00:00:00+00:00,9980.413296951141
2024-10-10 04:00:00+00:00,9980.413296951141
2024-10-10 08:00:00+00:00,9980.413296951141
2024-10-10 12:00:00+00:00,9980.413296951141
2024-10-10 16:00:00+00:00,9980.413296951141
2024-10-10 20:00:00+00:00,9980.413296951141
2024-10-11 00:00:00+00:00,9980.413296951141
2024-10-11 04:00:00+00:00,9980.413296951141
2024-10-11 08:00:00+00:00,9980.413296951141
2024-10-11 12:00:00+00:00,9980.413296951141
2024-10-11 16:00:00+00:00,9980.413296951141
2024-10-11 20:00:00+00:00,9980.413296951141
2024-10-12 00:00:00+00:00,9980.413296951141
2024-10-12 04:00:00+00:00,9980.413296951141
2024-10-12 08:00:00+00:00,9980.413296951141
2024-10-12 12:00:00+00:00,9980.413296951141
2024-10-12 16:00:00+00:00,9980.413296951141
2024-10-12 20:00:00+00:00,9980.413296951141
2024-10-13 00:00:00+00:00,9980.413296951141
2024-10-13 04:00:00+00:00,9980.413296951141
2024-10-13 08:00:00+00:00,9980.413296951141
2024-10-13 12:00:00+00:00,9980.413296951141
2024-10-13 16:00:00+00:00,9980.413296951141
2024-10-13 20:00:00+00:00,9980.413296951141
2024-10-14 00:00:00+00:00,9980.413296951141
2024-10-14 04:00:00+00:00,9980.413296951141
2024-10-14 08:00:00+00:00,9980.413296951141
2024-10-14 12:00:00+00:00,9980.413296951141
2024-10-14 16:00:00+00:00,9980.413296951141
2024-10-14 20:00:00+00:00,9980.413296951141
2024-10-15 00:00:00+00:00,9980.413296951141
2024-10-15 04:00:00+00:00,9980.413296951141
2024-10-15 08:00:00+00:00,9980.413296951141
2024-10-15 12:00:00+00:00,9980.413296951141
2024-10-15 16:00:00+00:00,9980.413296951141
2024-10-15 20:00:00+00:00,9980.413296951141
2024-10-16 00:00:00+00:00,9980.413296951141
2024-10-16 04:00:00+00:00,9980.413296951141
2024-10-16 08:00:00+00:00,9980.413296951141
2024-10-16 12:00:00+00:00,9980.413296951141
2024-10-16 16:00:00+00:00,9980.413296951141
2024-10-16 20:00:00+00:00,9980.413296951141
2024-10-17 00:00:00+00:00,9980.413296951141
2024-10-17 04:00:00+00:00,9980.413296951141
2024-10-17 08:00:00+00:00,9980.413296951141
2024-10-17 12:00:00+00:00,9980.413296951141
2024-10-17 16:00:00+00:00,9980.413296951141
2024-10-17 20:00:00+00:00,9980.413296951141
2024-10-18 00:00:00+00:00,9980.413296951141
2024-10-18 04:00:00+00:00,9980.413296951141
2024-10-18 08:00:00+00:00,9980.413296951141
2024-10-18 12:00:00+00:00,9980.413296951141
2024-10-18 16:00:00+00:00,9980.413296951141
2024-10-18 20:00:00+00:00,9980.413296951141
2024-10-19 00:00:00+00:00,9980.413296951141
2024-10-19 04:00:00+00:00,9980.413296951141
2024-10-19 08:00:00+00:00,9980.413296951141
2024-10-19 12:00:00+00:00,9980.413296951141
2024-10-19 16:00:00+00:00,9980.413296951141
2024-10-19 20:00:00+00:00,9980.413296951141
2024-10-20 00:00:00+00:00,9980.413296951141
2024-10-20 04:00:00+00:00,9980.413296951141
2024-10-20 08:00:00+00:00,9980.413296951141
2024-10-20 12:00:00+00:00,9980.413296951141
2024-10-20 16:00:00+00:00,9980.413296951141
2024-10-20 20:00:00+00:00,9980.413296951141
2024-10-21 00:00:00+00:00,9980.413296951141
2024-10-21 04:00:00+00:00,9980.413296951141
2024-10-21 08:00:00+00:00,9980.413296951141
2024-10-21 12:00:00+00:00,9980.413296951141
2024-10-21 16:00:00+00:00,9980.413296951141
2024-10-21 20:00:00+00:00,9980.413296951141
2024-10-22 00:00:00+00:00,9980.413296951141
2024-10-22 04:00:00+00:00,9980.413296951141
2024-10-22 08:00:00+00:00,9980.413296951141
2024-10-22 12:00:00+00:00,9980.413296951141
2024-10-22 16:00:00+00:00,9980.413296951141
2024-10-22 20:00:00+00:00,9980.413296951141
2024-10-23 00:00:00+00:00,9980.413296951141
2024-10-23 04:00:00+00:00,9980.413296951141
2024-10-23 08:00:00+00:00,9980.413296951141
2024-10-23 12:00:00+00:00,9980.413296951141
2024-10-23 16:00:00+00:00,9980.413296951141
2024-10-23 20:00:00+00:00,9980.413296951141
2024-10-24 00:00:00+00:00,9980.413296951141
2024-10-24 04:00:00+00:00,9980.413296951141
2024-10-24 08:00:00+00:00,9980.413296951141
2024-10-24 12:00:00+00:00,9980.413296951141
2024-10-24 16:00:00+00:00,9980.413296951141
2024-10-24 20:00:00+00:00,9980.413296951141
2024-10-25 00:00:00+00:00,9980.413296951141
2024-10-25 04:00:00+00:00,9980.413296951141
2024-10-25 08:00:00+00:00,9980.413296951141
2024-10-25 12:00:00+00:00,9980.413296951141
2024-10-25 16:00:00+00:00,9980.413296951141
2024-10-25 20:00:00+00:00,9980.413296951141
2024-10-26 00:00:00+00:00,9980.413296951141
2024-10-26 04:00:00+00:00,9980.413296951141
2024-10-26 08:00:00+00:00,9980.413296951141
2024-10-26 12:00:00+00:00,9980.413296951141
2024-10-26 16:00:00+00:00,9980.413296951141
2024-10-26 20:00:00+00:00,9980.413296951141
2024-10-27 00:00:00+00:00,9980.413296951141
2024-10-27 04:00:00+00:00,9980.413296951141
2024-10-27 08:00:00+00:00,9980.413296951141
2024-10-27 12:00:00+00:00,9980.413296951141
2024-10-27 16:00:00+00:00,9980.413296951141
2024-10-27 20:00:00+00:00,9980.413296951141
2024-10-28 00:00:00+00:00,9980.413296951141
2024-10-28 04:00:00+00:00,9980.413296951141
2024-10-28 08:00:00+00:00,9980.413296951141
2024-10-28 12:00:00+00:00,9980.413296951141
2024-10-28 16:00:00+00:00,9980.413296951141
2024-10-28 20:00:00+00:00,9980.413296951141
2024-10-29 00:00:00+00:00,9980.413296951141
2024-10-29 04:00:00+00:00,9980.413296951141
2024-10-29 08:00:00+00:00,9980.413296951141
2024-10-29 12:00:00+00:00,9980.413296951141
2024-10-29 16:00:00+00:00,9980.413296951141
2024-10-29 20:00:00+00:00,9980.413296951141
2024-10-30 00:00:00+00:00,9980.413296951141
2024-10-30 04:00:00+00:00,9980.413296951141
2024-10-30 08:00:00+00:00,9980.413296951141
2024-10-30 12:00:00+00:00,9980.413296951141
2024-10-30 16:00:00+00:00,9980.413296951141
2024-10-30 20:00:00+00:00,9980.413296951141
2024-10-31 00:00:00+00:00,9980.413296951141
2024-10-31 04:00:00+00:00,9980.413296951141
2024-10-31 08:00:00+00:00,9980.413296951141
2024-10-31 12:00:00+00:00,9980.413296951141
2024-10-31 16:00:00+00:00,9980.413296951141
2024-10-31 20:00:00+00:00,9980.413296951141
2024-11-01 00:00:00+00:00,9980.413296951141
2024-11-01 04:00:00+00:00,9980.413296951141
2024-11-01 08:00:00+00:00,9980.413296951141
2024-11-01 12:00:00+00:00,9980.413296951141
2024-11-01 16:00:00+00:00,9980.413296951141
2024-11-01 20:00:00+00:00,9980.413296951141
2024-11-02 00:00:00+00:00,9980.413296951141
2024-11-02 04:00:00+00:00,9980.413296951141
2024-11-02 08:00:00+00:00,9980.413296951141
2024-11-02 12:00:00+00:00,9980.413296951141
2024-11-02 16:00:00+00:00,9980.413296951141
2024-11-02 20:00:00+00:00,9980.413296951141
2024-11-03 00:00:00+00:00,9980.413296951141
2024-11-03 04:00:00+00:00,9980.413296951141
2024-11-03 08:00:00+00:00,9980.413296951141
2024-11-03 12:00:00+00:00,9980.413296951141
2024-11-03 16:00:00+00:00,9980.413296951141
2024-11-03 20:00:00+00:00,9980.413296951141
2024-11-04 00:00:00+00:00,9980.413296951141
2024-11-04 04:00:00+00:00,9980.413296951141
2024-11-04 08:00:00+00:00,9980.413296951141
2024-11-04 12:00:00+00:00,9980.413296951141
2024-11-04 16:00:00+00:00,9980.413296951141
2024-11-04 20:00:00+00:00,9980.413296951141
2024-11-05 00:00:00+00:00,9980.413296951141
2024-11-05 04:00:00+00:00,9980.413296951141
2024-11-05 08:00:00+00:00,9980.413296951141
2024-11-05 12:00:00+00:00,9980.413296951141
2024-11-05 16:00:00+00:00,9980.413296951141
2024-11-05 20:00:00+00:00,9980.413296951141
2024-11-06 00:00:00+00:00,9980.413296951141
2024-11-06 04:00:00+00:00,9980.413296951141
2024-11-06 08:00:00+00:00,9980.413296951141
2024-11-06 12:00:00+00:00,9980.413296951141
2024-11-06 16:00:00+00:00,9980.413296951141
2024-11-06 20:00:00+00:00,9980.413296951141
2024-11-07 00:00:00+00:00,9980.413296951141
2024-11-07 04:00:00+00:00,9980.413296951141
2024-11-07 08:00:00+00:00,9980.413296951141
2024-11-07 12:00:00+00:00,9980.413296951141
2024-11-07 16:00:00+00:00,9980.413296951141
2024-11-07 20:00:00+00:00,9980.413296951141
2024-11-08 00:00:00+00:00,9980.413296951141
2024-11-08 04:00:00+00:00,9980.413296951141
2024-11-08 08:00:00+00:00,9980.413296951141
2024-11-08 12:00:00+00:00,9980.413296951141
2024-11-08 16:00:00+00:00,9980.413296951141
2024-11-08 20:00:00+00:00,9980.413296951141
2024-11-09 00:00:00+00:00,9980.413296951141
2024-11-09 04:00:00+00:00,9980.413296951141
2024-11-09 08:00:00+00:00,9960.492312326489
2024-11-09 12:00:00+00:00,9698.624684612358
2024-11-09 16:00:00+00:00,9617.68378150072
2024-11-09 20:00:00+00:00,9893.835097999256
2024-11-10 00:00:00+00:00,10031.910756248522
2024-11-10 04:00:00+00:00,10127.135348144568
2024-11-10 08:00:00+00:00,10427.092812617117
2024-11-10 12:00:00+00:00,10474.705108565142
2024-11-10 16:00:00+00:00,10155.702725713383
2024-11-10 20:00:00+00:00,10070.000593006942
2024-11-11 00:00:00+00:00,10807.991180201305
2024-11-11 04:00:00+00:00,10284.255924773048
2024-11-11 08:00:00+00:00,10631.825685193618
2024-11-11 12:00:00+00:00,10269.972235988638
2024-11-11 16:00:00+00:00,10907.977001692152
2024-11-11 20:00:00+00:00,11864.984150247421
2024-11-12 00:00:00+00:00,12998.156793810378
2024-11-12 04:00:00+00:00,13083.858926516821
2024-11-12 08:00:00+00:00,11674.53496645533
2024-11-12 12:00:00+00:00,11279.352910086734
2024-11-12 16:00:00+00:00,11660.25127767092
2024-11-12 20:00:00+00:00,11693.579884834537
2024-11-13 00:00:00+00:00,10669.915521952036
2024-11-13 04:00:00+00:00,10614.9743333063
2024-11-13 08:00:00+00:00,10614.9743333063
2024-11-13 12:00:00+00:00,10614.9743333063
2024-11-13 16:00:00+00:00,10614.9743333063
2024-11-13 20:00:00+00:00,10614.9743333063
2024-11-14 00:00:00+00:00,10614.9743333063
2024-11-14 04:00:00+00:00,10614.9743333063
2024-11-14 08:00:00+00:00,10614.9743333063
2024-11-14 12:00:00+00:00,10614.9743333063
2024-11-14 16:00:00+00:00,10614.9743333063
2024-11-14 20:00:00+00:00,10614.9743333063
2024-11-15 00:00:00+00:00,10614.9743333063
2024-11-15 04:00:00+00:00,10614.9743333063
2024-11-15 08:00:00+00:00,10614.9743333063
2024-11-15 12:00:00+00:00,10614.9743333063
2024-11-15 16:00:00+00:00,10614.9743333063
2024-11-15 20:00:00+00:00,10614.9743333063
2024-11-16 00:00:00+00:00,10614.9743333063
2024-11-16 04:00:00+00:00,10614.9743333063
2024-11-16 08:00:00+00:00,10614.9743333063
2024-11-16 12:00:00+00:00,10614.9743333063
2024-11-16 16:00:00+00:00,10614.9743333063
2024-11-16 20:00:00+00:00,10614.9743333063
2024-11-17 00:00:00+00:00,10614.9743333063
2024-11-17 04:00:00+00:00,10614.9743333063
2024-11-17 08:00:00+00:00,10614.9743333063
2024-11-17 12:00:00+00:00,10614.9743333063
2024-11-17 16:00:00+00:00,10614.9743333063
2024-11-17 20:00:00+00:00,10614.9743333063
2024-11-18 00:00:00+00:00,10614.9743333063
2024-11-18 04:00:00+00:00,10614.9743333063
2024-11-18 08:00:00+00:00,10614.9743333063
2024-11-18 12:00:00+00:00,10614.9743333063
2024-11-18 16:00:00+00:00,10614.9743333063
2024-11-18 20:00:00+00:00,10614.9743333063
2024-11-19 00:00:00+00:00,10614.9743333063
2024-11-19 04:00:00+00:00,10614.9743333063
2024-11-19 08:00:00+00:00,10614.9743333063
2024-11-19 12:00:00+00:00,10614.9743333063
2024-11-19 16:00:00+00:00,10614.9743333063
2024-11-19 20:00:00+00:00,10614.9743333063
2024-11-20 00:00:00+00:00,10614.9743333063
2024-11-20 04:00:00+00:00,10614.9743333063
2024-11-20 08:00:00+00:00,10614.9743333063
2024-11-20 12:00:00+00:00,10614.9743333063
2024-11-20 16:00:00+00:00,10614.9743333063
2024-11-20 20:00:00+00:00,10614.9743333063
2024-11-21 00:00:00+00:00,10614.9743333063
2024-11-21 04:00:00+00:00,10614.9743333063
2024-11-21 08:00:00+00:00,10614.9743333063
2024-11-21 12:00:00+00:00,10614.9743333063
2024-11-21 16:00:00+00:00,10614.9743333063
2024-11-21 20:00:00+00:00,10614.9743333063
2024-11-22 00:00:00+00:00,10614.9743333063
2024-11-22 04:00:00+00:00,10614.9743333063
2024-11-22 08:00:00+00:00,10614.9743333063
2024-11-22 12:00:00+00:00,10614.9743333063
2024-11-22 16:00:00+00:00,10614.9743333063
2024-11-22 20:00:00+00:00,10614.9743333063
2024-11-23 00:00:00+00:00,10614.9743333063
2024-11-23 04:00:00+00:00,10614.9743333063
2024-11-23 08:00:00+00:00,10614.9743333063
2024-11-23 12:00:00+00:00,10614.9743333063
2024-11-23 16:00:00+00:00,10614.9743333063
2024-11-23 20:00:00+00:00,10614.9743333063
2024-11-24 00:00:00+00:00,10593.786759786728
2024-11-24 04:00:00+00:00,11001.240096701606
2024-11-24 08:00:00+00:00,10161.130123681243
2024-11-24 12:00:00+00:00,9799.88283528249
2024-11-24 16:00:00+00:00,10135.926824490632
2024-11-24 20:00:00+00:00,10707.201606144476
2024-11-25 00:00:00+00:00,10707.201606144476
2024-11-25 04:00:00+00:00,10749.207104795498
2024-11-25 08:00:00+00:00,10795.413153311614
2024-11-25 12:00:00+00:00,10555.981811000813
2024-11-25 16:00:00+00:00,10362.756517206131
2024-11-25 20:00:00+00:00,10253.542220713483
2024-11-26 00:00:00+00:00,10656.795007763258
2024-11-26 04:00:00+00:00,10261.943320443686
2024-11-26 08:00:00+00:00,9581.041018604923
2024-11-26 12:00:00+00:00,9581.041018604923
2024-11-26 16:00:00+00:00,9581.041018604923
2024-11-26 20:00:00+00:00,9581.041018604923
2024-11-27 00:00:00+00:00,9581.041018604923
2024-11-27 04:00:00+00:00,9581.041018604923
2024-11-27 08:00:00+00:00,9581.041018604923
2024-11-27 12:00:00+00:00,9581.041018604923
2024-11-27 16:00:00+00:00,9581.041018604923
2024-11-27 20:00:00+00:00,9581.041018604923
2024-11-28 00:00:00+00:00,9581.041018604923
2024-11-28 04:00:00+00:00,9581.041018604923
2024-11-28 08:00:00+00:00,9581.041018604923
2024-11-28 12:00:00+00:00,9581.041018604923
2024-11-28 16:00:00+00:00,9581.041018604923
2024-11-28 20:00:00+00:00,9581.041018604923
2024-11-29 00:00:00+00:00,9581.041018604923
2024-11-29 04:00:00+00:00,9581.041018604923
2024-11-29 08:00:00+00:00,9581.041018604923
2024-11-29 12:00:00+00:00,9581.041018604923
2024-11-29 16:00:00+00:00,9581.041018604923
2024-11-29 20:00:00+00:00,9581.041018604923
2024-11-30 00:00:00+00:00,9581.041018604923
2024-11-30 04:00:00+00:00,9581.041018604923
2024-11-30 08:00:00+00:00,9581.041018604923
2024-11-30 12:00:00+00:00,9581.041018604923
2024-11-30 16:00:00+00:00,9581.041018604923
2024-11-30 20:00:00+00:00,9581.041018604923
2024-12-01 00:00:00+00:00,9581.041018604923
2024-12-01 04:00:00+00:00,9581.041018604923
2024-12-01 08:00:00+00:00,9581.041018604923
2024-12-01 12:00:00+00:00,9581.041018604923
2024-12-01 16:00:00+00:00,9581.041018604923
2024-12-01 20:00:00+00:00,9581.041018604923
2024-12-02 00:00:00+00:00,9581.041018604923
2024-12-02 04:00:00+00:00,9581.041018604923
2024-12-02 08:00:00+00:00,9581.041018604923
2024-12-02 12:00:00+00:00,9581.041018604923
2024-12-02 16:00:00+00:00,9581.041018604923
2024-12-02 20:00:00+00:00,9581.041018604923
2024-12-03 00:00:00+00:00,9581.041018604923
2024-12-03 04:00:00+00:00,9581.041018604923
2024-12-03 08:00:00+00:00,9581.041018604923
2024-12-03 12:00:00+00:00,9581.041018604923
2024-12-03 16:00:00+00:00,9581.041018604923
2024-12-03 20:00:00+00:00,9581.041018604923
2024-12-04 00:00:00+00:00,9581.041018604923
2024-12-04 04:00:00+00:00,9581.041018604923
2024-12-04 08:00:00+00:00,9581.041018604923
2024-12-04 12:00:00+00:00,9581.041018604923
2024-12-04 16:00:00+00:00,9581.041018604923
2024-12-04 20:00:00+00:00,9581.041018604923
2024-12-05 00:00:00+00:00,9581.041018604923
2024-12-05 04:00:00+00:00,9581.041018604923
2024-12-05 08:00:00+00:00,9581.041018604923
2024-12-05 12:00:00+00:00,9581.041018604923
2024-12-05 16:00:00+00:00,9581.041018604923
2024-12-05 20:00:00+00:00,9581.041018604923
2024-12-06 00:00:00+00:00,9581.041018604923
2024-12-06 04:00:00+00:00,9581.041018604923
2024-12-06 08:00:00+00:00,9581.041018604923
2024-12-06 12:00:00+00:00,9581.041018604923
2024-12-06 16:00:00+00:00,9581.041018604923
2024-12-06 20:00:00+00:00,9581.041018604923
2024-12-07 00:00:00+00:00,9581.041018604923
2024-12-07 04:00:00+00:00,9581.041018604923
2024-12-07 08:00:00+00:00,9581.041018604923
2024-12-07 12:00:00+00:00,9581.041018604923
2024-12-07 16:00:00+00:00,9581.041018604923
2024-12-07 20:00:00+00:00,9581.041018604923
2024-12-08 00:00:00+00:00,9581.041018604923
2024-12-08 04:00:00+00:00,9581.041018604923
2024-12-08 08:00:00+00:00,9581.041018604923
2024-12-08 12:00:00+00:00,9581.041018604923
2024-12-08 16:00:00+00:00,9581.041018604923
2024-12-08 20:00:00+00:00,9581.041018604923
2024-12-09 00:00:00+00:00,9581.041018604923
2024-12-09 04:00:00+00:00,9581.041018604923
2024-12-09 08:00:00+00:00,9581.041018604923
2024-12-09 12:00:00+00:00,9581.041018604923
2024-12-09 16:00:00+00:00,9581.041018604923
2024-12-09 20:00:00+00:00,9581.041018604923
2024-12-10 00:00:00+00:00,9581.041018604923
2024-12-10 04:00:00+00:00,9581.041018604923
2024-12-10 08:00:00+00:00,9581.041018604923
2024-12-10 12:00:00+00:00,9581.041018604923
2024-12-10 16:00:00+00:00,9581.041018604923
2024-12-10 20:00:00+00:00,9581.041018604923
2024-12-11 00:00:00+00:00,9581.041018604923
2024-12-11 04:00:00+00:00,9581.041018604923
2024-12-11 08:00:00+00:00,9581.041018604923
2024-12-11 12:00:00+00:00,9581.041018604923
2024-12-11 16:00:00+00:00,9581.041018604923
2024-12-11 20:00:00+00:00,9581.041018604923
2024-12-12 00:00:00+00:00,9581.041018604923
2024-12-12 04:00:00+00:00,9581.041018604923
2024-12-12 08:00:00+00:00,9581.041018604923
2024-12-12 12:00:00+00:00,9581.041018604923
2024-12-12 16:00:00+00:00,9581.041018604923
2024-12-12 20:00:00+00:00,9581.041018604923
2024-12-13 00:00:00+00:00,9581.041018604923
2024-12-13 04:00:00+00:00,9581.041018604923
2024-12-13 08:00:00+00:00,9581.041018604923
2024-12-13 12:00:00+00:00,9581.041018604923
2024-12-13 16:00:00+00:00,9581.041018604923
2024-12-13 20:00:00+00:00,9581.041018604923
2024-12-14 00:00:00+00:00,9581.041018604923
2024-12-14 04:00:00+00:00,9581.041018604923
2024-12-14 08:00:00+00:00,9581.041018604923
2024-12-14 12:00:00+00:00,9581.041018604923
2024-12-14 16:00:00+00:00,9581.041018604923
2024-12-14 20:00:00+00:00,9581.041018604923
2024-12-15 00:00:00+00:00,9581.041018604923
2024-12-15 04:00:00+00:00,9581.041018604923
2024-12-15 08:00:00+00:00,9581.041018604923
2024-12-15 12:00:00+00:00,9581.041018604923
2024-12-15 16:00:00+00:00,9581.041018604923
2024-12-15 20:00:00+00:00,9581.041018604923
2024-12-16 00:00:00+00:00,9581.041018604923
2024-12-16 04:00:00+00:00,9581.041018604923
2024-12-16 08:00:00+00:00,9581.041018604923
2024-12-16 12:00:00+00:00,9581.041018604923
2024-12-16 16:00:00+00:00,9581.041018604923
2024-12-16 20:00:00+00:00,9581.041018604923
2024-12-17 00:00:00+00:00,9581.041018604923
2024-12-17 04:00:00+00:00,9581.041018604923
2024-12-17 08:00:00+00:00,9581.041018604923
2024-12-17 12:00:00+00:00,9581.041018604923
2024-12-17 16:00:00+00:00,9581.041018604923
2024-12-17 20:00:00+00:00,9581.041018604923
2024-12-18 00:00:00+00:00,9581.041018604923
2024-12-18 04:00:00+00:00,9581.041018604923
2024-12-18 08:00:00+00:00,9581.041018604923
2024-12-18 12:00:00+00:00,9581.041018604923
2024-12-18 16:00:00+00:00,9581.041018604923
2024-12-18 20:00:00+00:00,9581.041018604923
2024-12-19 00:00:00+00:00,9581.041018604923
2024-12-19 04:00:00+00:00,9581.041018604923
2024-12-19 08:00:00+00:00,9581.041018604923
2024-12-19 12:00:00+00:00,9581.041018604923
2024-12-19 16:00:00+00:00,9581.041018604923
2024-12-19 20:00:00+00:00,9581.041018604923
2024-12-20 00:00:00+00:00,9581.041018604923
2024-12-20 04:00:00+00:00,9581.041018604923
2024-12-20 08:00:00+00:00,9581.041018604923
2024-12-20 12:00:00+00:00,9581.041018604923
2024-12-20 16:00:00+00:00,9581.041018604923
2024-12-20 20:00:00+00:00,9581.041018604923
2024-12-21 00:00:00+00:00,9581.041018604923
2024-12-21 04:00:00+00:00,9581.041018604923
2024-12-21 08:00:00+00:00,9581.041018604923
2024-12-21 12:00:00+00:00,9581.041018604923
2024-12-21 16:00:00+00:00,9581.041018604923
2024-12-21 20:00:00+00:00,9581.041018604923
2024-12-22 00:00:00+00:00,9581.041018604923
2024-12-22 04:00:00+00:00,9581.041018604923
2024-12-22 08:00:00+00:00,9581.041018604923
2024-12-22 12:00:00+00:00,9581.041018604923
2024-12-22 16:00:00+00:00,9581.041018604923
2024-12-22 20:00:00+00:00,9581.041018604923
2024-12-23 00:00:00+00:00,9581.041018604923
2024-12-23 04:00:00+00:00,9581.041018604923
2024-12-23 08:00:00+00:00,9581.041018604923
2024-12-23 12:00:00+00:00,9581.041018604923
2024-12-23 16:00:00+00:00,9581.041018604923
2024-12-23 20:00:00+00:00,9581.041018604923
2024-12-24 00:00:00+00:00,9581.041018604923
2024-12-24 04:00:00+00:00,9581.041018604923
2024-12-24 08:00:00+00:00,9581.041018604923
2024-12-24 12:00:00+00:00,9581.041018604923
2024-12-24 16:00:00+00:00,9581.041018604923
2024-12-24 20:00:00+00:00,9581.041018604923
2024-12-25 00:00:00+00:00,9581.041018604923
2024-12-25 04:00:00+00:00,9581.041018604923
2024-12-25 08:00:00+00:00,9581.041018604923
2024-12-25 12:00:00+00:00,9581.041018604923
2024-12-25 16:00:00+00:00,9581.041018604923
2024-12-25 20:00:00+00:00,9581.041018604923
2024-12-26 00:00:00+00:00,9581.041018604923
2024-12-26 04:00:00+00:00,9581.041018604923
2024-12-26 08:00:00+00:00,9581.041018604923
2024-12-26 12:00:00+00:00,9581.041018604923
2024-12-26 16:00:00+00:00,9581.041018604923
2024-12-26 20:00:00+00:00,9581.041018604923
2024-12-27 00:00:00+00:00,9581.041018604923
2024-12-27 04:00:00+00:00,9581.041018604923
2024-12-27 08:00:00+00:00,9581.041018604923
2024-12-27 12:00:00+00:00,9581.041018604923
2024-12-27 16:00:00+00:00,9581.041018604923
2024-12-27 20:00:00+00:00,9581.041018604923
2024-12-28 00:00:00+00:00,9581.041018604923
2024-12-28 04:00:00+00:00,9581.041018604923
2024-12-28 08:00:00+00:00,9581.041018604923
2024-12-28 12:00:00+00:00,9581.041018604923
2024-12-28 16:00:00+00:00,9581.041018604923
2024-12-28 20:00:00+00:00,9581.041018604923
2024-12-29 00:00:00+00:00,9581.041018604923
2024-12-29 04:00:00+00:00,9581.041018604923
2024-12-29 08:00:00+00:00,9581.041018604923
2024-12-29 12:00:00+00:00,9581.041018604923
2024-12-29 16:00:00+00:00,9581.041018604923
2024-12-29 20:00:00+00:00,9581.041018604923
2024-12-30 00:00:00+00:00,9581.041018604923
2024-12-30 04:00:00+00:00,9581.041018604923
2024-12-30 08:00:00+00:00,9581.041018604923
2024-12-30 12:00:00+00:00,9581.041018604923
2024-12-30 16:00:00+00:00,9581.041018604923
2024-12-30 20:00:00+00:00,9581.041018604923
2024-12-31 00:00:00+00:00,9581.041018604923
2024-12-31 04:00:00+00:00,9581.041018604923
2024-12-31 08:00:00+00:00,9581.041018604923
2024-12-31 12:00:00+00:00,9581.041018604923
2024-12-31 16:00:00+00:00,9581.041018604923
2024-12-31 20:00:00+00:00,9581.041018604923
2025-01-01 00:00:00+00:00,9581.041018604923
2025-01-01 04:00:00+00:00,9581.041018604923
2025-01-01 08:00:00+00:00,9581.041018604923
2025-01-01 12:00:00+00:00,9581.041018604923
2025-01-01 16:00:00+00:00,9581.041018604923
2025-01-01 20:00:00+00:00,9581.041018604923
2025-01-02 00:00:00+00:00,9581.041018604923
2025-01-02 04:00:00+00:00,9581.041018604923
2025-01-02 08:00:00+00:00,9581.041018604923
2025-01-02 12:00:00+00:00,9581.041018604923
2025-01-02 16:00:00+00:00,9581.041018604923
2025-01-02 20:00:00+00:00,9581.041018604923
2025-01-03 00:00:00+00:00,9581.041018604923
2025-01-03 04:00:00+00:00,9581.041018604923
2025-01-03 08:00:00+00:00,9581.041018604923
2025-01-03 12:00:00+00:00,9561.91718423645
2025-01-03 16:00:00+00:00,9538.022347457852
2025-01-03 20:00:00+00:00,9605.724384997218
2025-01-04 00:00:00+00:00,9561.91718423645
2025-01-04 04:00:00+00:00,9565.899657032885
2025-01-04 08:00:00+00:00,9494.215146697084
2025-01-04 12:00:00+00:00,9346.863653229051
2025-01-04 16:00:00+00:00,9438.460527547019
2025-01-04 20:00:00+00:00,9478.28525551135
2025-01-05 00:00:00+00:00,9390.670853989819
2025-01-05 04:00:00+00:00,9454.390418732752
2025-01-05 08:00:00+00:00,9378.723435600517
2025-01-05 12:00:00+00:00,9354.828598821918
2025-01-05 16:00:00+00:00,9478.28525551135
2025-01-05 20:00:00+00:00,9593.776966607917
2025-01-06 00:00:00+00:00,9713.251150500917
2025-01-06 04:00:00+00:00,9772.988242447418
2025-01-06 08:00:00+00:00,9860.60264396895
2025-01-06 12:00:00+00:00,10784.536332741487
2025-01-06 16:00:00+00:00,10609.307529698419
2025-01-06 20:00:00+00:00,10426.113781062488
2025-01-07 00:00:00+00:00,10258.849923612286
2025-01-07 04:00:00+00:00,10262.83239640872
2025-01-07 08:00:00+00:00,10266.814869205153
2025-01-07 12:00:00+00:00,10230.972614037253
2025-01-07 16:00:00+00:00,9780.979927500492
2025-01-07 20:00:00+00:00,9780.979927500492
2025-01-08 00:00:00+00:00,9780.979927500492
2025-01-08 04:00:00+00:00,9780.979927500492
2025-01-08 08:00:00+00:00,9780.979927500492
2025-01-08 12:00:00+00:00,9780.979927500492
2025-01-08 16:00:00+00:00,9780.979927500492
2025-01-08 20:00:00+00:00,9780.979927500492
2025-01-09 00:00:00+00:00,9780.979927500492
2025-01-09 04:00:00+00:00,9780.979927500492
2025-01-09 08:00:00+00:00,9780.979927500492
2025-01-09 12:00:00+00:00,9780.979927500492
2025-01-09 16:00:00+00:00,9780.979927500492
2025-01-09 20:00:00+00:00,9780.979927500492
2025-01-10 00:00:00+00:00,9780.979927500492
2025-01-10 04:00:00+00:00,9780.979927500492
2025-01-10 08:00:00+00:00,9780.979927500492
2025-01-10 12:00:00+00:00,9780.979927500492
2025-01-10 16:00:00+00:00,9780.979927500492
2025-01-10 20:00:00+00:00,9780.979927500492
2025-01-11 00:00:00+00:00,9780.979927500492
2025-01-11 04:00:00+00:00,9780.979927500492
2025-01-11 08:00:00+00:00,9780.979927500492
2025-01-11 12:00:00+00:00,9780.979927500492
2025-01-11 16:00:00+00:00,9780.979927500492
2025-01-11 20:00:00+00:00,9780.979927500492
2025-01-12 00:00:00+00:00,9780.979927500492
2025-01-12 04:00:00+00:00,9780.979927500492
2025-01-12 08:00:00+00:00,9780.979927500492
2025-01-12 12:00:00+00:00,9780.979927500492
2025-01-12 16:00:00+00:00,9780.979927500492
2025-01-12 20:00:00+00:00,9780.979927500492
2025-01-13 00:00:00+00:00,9780.979927500492
2025-01-13 04:00:00+00:00,9780.979927500492
2025-01-13 08:00:00+00:00,9780.979927500492
2025-01-13 12:00:00+00:00,9780.979927500492
2025-01-13 16:00:00+00:00,9780.979927500492
2025-01-13 20:00:00+00:00,9780.979927500492
2025-01-14 00:00:00+00:00,9780.979927500492
2025-01-14 04:00:00+00:00,9780.979927500492
2025-01-14 08:00:00+00:00,9780.979927500492
2025-01-14 12:00:00+00:00,9780.979927500492
2025-01-14 16:00:00+00:00,9780.979927500492
2025-01-14 20:00:00+00:00,9780.979927500492
2025-01-15 00:00:00+00:00,9780.979927500492
2025-01-15 04:00:00+00:00,9780.979927500492
2025-01-15 08:00:00+00:00,9780.979927500492
2025-01-15 12:00:00+00:00,9780.979927500492
2025-01-15 16:00:00+00:00,9780.979927500492
2025-01-15 20:00:00+00:00,9780.979927500492
2025-01-16 00:00:00+00:00,9780.979927500492
2025-01-16 04:00:00+00:00,9780.979927500492
2025-01-16 08:00:00+00:00,9780.979927500492
2025-01-16 12:00:00+00:00,9780.979927500492
2025-01-16 16:00:00+00:00,9780.979927500492
2025-01-16 20:00:00+00:00,9780.979927500492
2025-01-17 00:00:00+00:00,9780.979927500492
2025-01-17 04:00:00+00:00,9780.979927500492
2025-01-17 08:00:00+00:00,9780.979927500492
2025-01-17 12:00:00+00:00,9780.979927500492
2025-01-17 16:00:00+00:00,9780.979927500492
2025-01-17 20:00:00+00:00,9780.979927500492
2025-01-18 00:00:00+00:00,9780.979927500492
2025-01-18 04:00:00+00:00,9780.979927500492
2025-01-18 08:00:00+00:00,9780.979927500492
2025-01-18 12:00:00+00:00,9780.979927500492
2025-01-18 16:00:00+00:00,9780.979927500492
2025-01-18 20:00:00+00:00,9780.979927500492
2025-01-19 00:00:00+00:00,9780.979927500492
2025-01-19 04:00:00+00:00,9780.979927500492
2025-01-19 08:00:00+00:00,9780.979927500492
2025-01-19 12:00:00+00:00,9780.979927500492
2025-01-19 16:00:00+00:00,9780.979927500492
2025-01-19 20:00:00+00:00,9780.979927500492
2025-01-20 00:00:00+00:00,9780.979927500492
2025-01-20 04:00:00+00:00,9780.979927500492
2025-01-20 08:00:00+00:00,9780.979927500492
2025-01-20 12:00:00+00:00,9780.979927500492
2025-01-20 16:00:00+00:00,9780.979927500492
2025-01-20 20:00:00+00:00,9780.979927500492
2025-01-21 00:00:00+00:00,9780.979927500492
2025-01-21 04:00:00+00:00,9780.979927500492
2025-01-21 08:00:00+00:00,9780.979927500492
2025-01-21 12:00:00+00:00,9780.979927500492
2025-01-21 16:00:00+00:00,9780.979927500492
2025-01-21 20:00:00+00:00,9780.979927500492
2025-01-22 00:00:00+00:00,9780.979927500492
2025-01-22 04:00:00+00:00,9780.979927500492
2025-01-22 08:00:00+00:00,9780.979927500492
2025-01-22 12:00:00+00:00,9761.457013473544
2025-01-22 16:00:00+00:00,9421.96280473981
2025-01-22 20:00:00+00:00,9242.230576586655
2025-01-23 00:00:00+00:00,8858.801823193258
2025-01-23 04:00:00+00:00,8630.515400337743
2025-01-23 08:00:00+00:00,8630.515400337743
2025-01-23 12:00:00+00:00,8630.515400337743
2025-01-23 16:00:00+00:00,8630.515400337743
2025-01-23 20:00:00+00:00,8630.515400337743
2025-01-24 00:00:00+00:00,8630.515400337743
2025-01-24 04:00:00+00:00,8630.515400337743
2025-01-24 08:00:00+00:00,8630.515400337743
2025-01-24 12:00:00+00:00,8630.515400337743
2025-01-24 16:00:00+00:00,8630.515400337743
2025-01-24 20:00:00+00:00,8630.515400337743
2025-01-25 00:00:00+00:00,8630.515400337743
2025-01-25 04:00:00+00:00,8630.515400337743
2025-01-25 08:00:00+00:00,8630.515400337743
2025-01-25 12:00:00+00:00,8630.515400337743
2025-01-25 16:00:00+00:00,8630.515400337743
2025-01-25 20:00:00+00:00,8630.515400337743
2025-01-26 00:00:00+00:00,8630.515400337743
2025-01-26 04:00:00+00:00,8630.515400337743
2025-01-26 08:00:00+00:00,8630.515400337743
2025-01-26 12:00:00+00:00,8630.515400337743
2025-01-26 16:00:00+00:00,8630.515400337743
2025-01-26 20:00:00+00:00,8630.515400337743
2025-01-27 00:00:00+00:00,8630.515400337743
2025-01-27 04:00:00+00:00,8630.515400337743
2025-01-27 08:00:00+00:00,8630.515400337743
2025-01-27 12:00:00+00:00,8630.515400337743
2025-01-27 16:00:00+00:00,8630.515400337743
2025-01-27 20:00:00+00:00,8630.515400337743
2025-01-28 00:00:00+00:00,8630.515400337743
2025-01-28 04:00:00+00:00,8630.515400337743
2025-01-28 08:00:00+00:00,8630.515400337743
2025-01-28 12:00:00+00:00,8630.515400337743
2025-01-28 16:00:00+00:00,8630.515400337743
2025-01-28 20:00:00+00:00,8630.515400337743
2025-01-29 00:00:00+00:00,8630.515400337743
2025-01-29 04:00:00+00:00,8630.515400337743
2025-01-29 08:00:00+00:00,8630.515400337743
2025-01-29 12:00:00+00:00,8630.515400337743
2025-01-29 16:00:00+00:00,8630.515400337743
2025-01-29 20:00:00+00:00,8630.515400337743
2025-01-30 00:00:00+00:00,8630.515400337743
2025-01-30 04:00:00+00:00,8630.515400337743
2025-01-30 08:00:00+00:00,8630.515400337743
2025-01-30 12:00:00+00:00,8630.515400337743
2025-01-30 16:00:00+00:00,8630.515400337743
2025-01-30 20:00:00+00:00,8630.515400337743
2025-01-31 00:00:00+00:00,8630.515400337743
2025-01-31 04:00:00+00:00,8630.515400337743
2025-01-31 08:00:00+00:00,8630.515400337743
2025-01-31 12:00:00+00:00,8630.515400337743
2025-01-31 16:00:00+00:00,8630.515400337743
2025-01-31 20:00:00+00:00,8630.515400337743
2025-02-01 00:00:00+00:00,8630.515400337743
2025-02-01 04:00:00+00:00,8630.515400337743
2025-02-01 08:00:00+00:00,8630.515400337743
2025-02-01 12:00:00+00:00,8630.515400337743
2025-02-01 16:00:00+00:00,8630.515400337743
2025-02-01 20:00:00+00:00,8630.515400337743
2025-02-02 00:00:00+00:00,8630.515400337743
2025-02-02 04:00:00+00:00,8630.515400337743
2025-02-02 08:00:00+00:00,8630.515400337743
2025-02-02 12:00:00+00:00,8630.515400337743
2025-02-02 16:00:00+00:00,8630.515400337743
2025-02-02 20:00:00+00:00,8630.515400337743
2025-02-03 00:00:00+00:00,8630.515400337743
2025-02-03 04:00:00+00:00,8630.515400337743
2025-02-03 08:00:00+00:00,8630.515400337743
2025-02-03 12:00:00+00:00,8630.515400337743
2025-02-03 16:00:00+00:00,8630.515400337743
2025-02-03 20:00:00+00:00,8630.515400337743
2025-02-04 00:00:00+00:00,8630.515400337743
2025-02-04 04:00:00+00:00,8630.515400337743
2025-02-04 08:00:00+00:00,8630.515400337743
2025-02-04 12:00:00+00:00,8630.515400337743
2025-02-04 16:00:00+00:00,8630.515400337743
2025-02-04 20:00:00+00:00,8630.515400337743
2025-02-05 00:00:00+00:00,8630.515400337743
2025-02-05 04:00:00+00:00,8630.515400337743
2025-02-05 08:00:00+00:00,8630.515400337743
2025-02-05 12:00:00+00:00,8630.515400337743
2025-02-05 16:00:00+00:00,8630.515400337743
2025-02-05 20:00:00+00:00,8630.515400337743
2025-02-06 00:00:00+00:00,8630.515400337743
2025-02-06 04:00:00+00:00,8630.515400337743
2025-02-06 08:00:00+00:00,8630.515400337743
2025-02-06 12:00:00+00:00,8630.515400337743
2025-02-06 16:00:00+00:00,8630.515400337743
2025-02-06 20:00:00+00:00,8630.515400337743
2025-02-07 00:00:00+00:00,8630.515400337743
2025-02-07 04:00:00+00:00,8630.515400337743
2025-02-07 08:00:00+00:00,8630.515400337743
2025-02-07 12:00:00+00:00,8630.515400337743
2025-02-07 16:00:00+00:00,8630.515400337743
2025-02-07 20:00:00+00:00,8630.515400337743
2025-02-08 00:00:00+00:00,8630.515400337743
2025-02-08 04:00:00+00:00,8630.515400337743
2025-02-08 08:00:00+00:00,8630.515400337743
2025-02-08 12:00:00+00:00,8630.515400337743
2025-02-08 16:00:00+00:00,8630.515400337743
2025-02-08 20:00:00+00:00,8630.515400337743
2025-02-09 00:00:00+00:00,8630.515400337743
2025-02-09 04:00:00+00:00,8630.515400337743
2025-02-09 08:00:00+00:00,8630.515400337743
2025-02-09 12:00:00+00:00,8630.515400337743
2025-02-09 16:00:00+00:00,8630.515400337743
2025-02-09 20:00:00+00:00,8630.515400337743
2025-02-10 00:00:00+00:00,8630.515400337743
2025-02-10 04:00:00+00:00,8630.515400337743
2025-02-10 08:00:00+00:00,8630.515400337743
2025-02-10 12:00:00+00:00,8630.515400337743
2025-02-10 16:00:00+00:00,8630.515400337743
2025-02-10 20:00:00+00:00,8630.515400337743
2025-02-11 00:00:00+00:00,8630.515400337743
2025-02-11 04:00:00+00:00,8630.515400337743
2025-02-11 08:00:00+00:00,8630.515400337743
2025-02-11 12:00:00+00:00,8630.515400337743
2025-02-11 16:00:00+00:00,8630.515400337743
2025-02-11 20:00:00+00:00,8630.515400337743
2025-02-12 00:00:00+00:00,8630.515400337743
2025-02-12 04:00:00+00:00,8630.515400337743
2025-02-12 08:00:00+00:00,8630.515400337743
2025-02-12 12:00:00+00:00,8630.515400337743
2025-02-12 16:00:00+00:00,8630.515400337743
2025-02-12 20:00:00+00:00,8630.515400337743
2025-02-13 00:00:00+00:00,8630.515400337743
2025-02-13 04:00:00+00:00,8630.515400337743
2025-02-13 08:00:00+00:00,8630.515400337743
2025-02-13 12:00:00+00:00,8630.515400337743
2025-02-13 16:00:00+00:00,8630.515400337743
2025-02-13 20:00:00+00:00,8630.515400337743
2025-02-14 00:00:00+00:00,8630.515400337743
2025-02-14 04:00:00+00:00,8630.515400337743
2025-02-14 08:00:00+00:00,8630.515400337743
2025-02-14 12:00:00+00:00,8630.515400337743
2025-02-14 16:00:00+00:00,8630.515400337743
2025-02-14 20:00:00+00:00,8630.515400337743
2025-02-15 00:00:00+00:00,8630.515400337743
2025-02-15 04:00:00+00:00,8630.515400337743
2025-02-15 08:00:00+00:00,8630.515400337743
2025-02-15 12:00:00+00:00,8630.515400337743
2025-02-15 16:00:00+00:00,8630.515400337743
2025-02-15 20:00:00+00:00,8630.515400337743
2025-02-16 00:00:00+00:00,8630.515400337743
2025-02-16 04:00:00+00:00,8630.515400337743
2025-02-16 08:00:00+00:00,8630.515400337743
2025-02-16 12:00:00+00:00,8630.515400337743
2025-02-16 16:00:00+00:00,8630.515400337743
2025-02-16 20:00:00+00:00,8630.515400337743
2025-02-17 00:00:00+00:00,8630.515400337743
2025-02-17 04:00:00+00:00,8630.515400337743
2025-02-17 08:00:00+00:00,8630.515400337743
2025-02-17 12:00:00+00:00,8630.515400337743
2025-02-17 16:00:00+00:00,8630.515400337743
2025-02-17 20:00:00+00:00,8630.515400337743
2025-02-18 00:00:00+00:00,8630.515400337743
2025-02-18 04:00:00+00:00,8630.515400337743
2025-02-18 08:00:00+00:00,8630.515400337743
2025-02-18 12:00:00+00:00,8630.515400337743
2025-02-18 16:00:00+00:00,8630.515400337743
2025-02-18 20:00:00+00:00,8630.515400337743
2025-02-19 00:00:00+00:00,8630.515400337743
2025-02-19 04:00:00+00:00,8630.515400337743
2025-02-19 08:00:00+00:00,8630.515400337743
2025-02-19 12:00:00+00:00,8630.515400337743
2025-02-19 16:00:00+00:00,8630.515400337743
2025-02-19 20:00:00+00:00,8630.515400337743
2025-02-20 00:00:00+00:00,8630.515400337743
2025-02-20 04:00:00+00:00,8630.515400337743
2025-02-20 08:00:00+00:00,8630.515400337743
2025-02-20 12:00:00+00:00,8630.515400337743
2025-02-20 16:00:00+00:00,8630.515400337743
2025-02-20 20:00:00+00:00,8630.515400337743
2025-02-21 00:00:00+00:00,8630.515400337743
2025-02-21 04:00:00+00:00,8630.515400337743
2025-02-21 08:00:00+00:00,8630.515400337743
2025-02-21 12:00:00+00:00,8630.515400337743
2025-02-21 16:00:00+00:00,8630.515400337743
2025-02-21 20:00:00+00:00,8630.515400337743
2025-02-22 00:00:00+00:00,8630.515400337743
2025-02-22 04:00:00+00:00,8630.515400337743
2025-02-22 08:00:00+00:00,8630.515400337743
2025-02-22 12:00:00+00:00,8630.515400337743
2025-02-22 16:00:00+00:00,8630.515400337743
2025-02-22 20:00:00+00:00,8630.515400337743
2025-02-23 00:00:00+00:00,8630.515400337743
2025-02-23 04:00:00+00:00,8630.515400337743
2025-02-23 08:00:00+00:00,8630.515400337743
2025-02-23 12:00:00+00:00,8630.515400337743
2025-02-23 16:00:00+00:00,8630.515400337743
2025-02-23 20:00:00+00:00,8630.515400337743
2025-02-24 00:00:00+00:00,8630.515400337743
2025-02-24 04:00:00+00:00,8630.515400337743
2025-02-24 08:00:00+00:00,8630.515400337743
2025-02-24 12:00:00+00:00,8630.515400337743
2025-02-24 16:00:00+00:00,8630.515400337743
2025-02-24 20:00:00+00:00,8630.515400337743
2025-02-25 00:00:00+00:00,8630.515400337743
2025-02-25 04:00:00+00:00,8630.515400337743
2025-02-25 08:00:00+00:00,8630.515400337743
2025-02-25 12:00:00+00:00,8630.515400337743
2025-02-25 16:00:00+00:00,8630.515400337743
2025-02-25 20:00:00+00:00,8630.515400337743
2025-02-26 00:00:00+00:00,8630.515400337743
2025-02-26 04:00:00+00:00,8630.515400337743
2025-02-26 08:00:00+00:00,8630.515400337743
2025-02-26 12:00:00+00:00,8630.515400337743
2025-02-26 16:00:00+00:00,8630.515400337743
2025-02-26 20:00:00+00:00,8630.515400337743
2025-02-27 00:00:00+00:00,8630.515400337743
2025-02-27 04:00:00+00:00,8630.515400337743
2025-02-27 08:00:00+00:00,8630.515400337743
2025-02-27 12:00:00+00:00,8630.515400337743
2025-02-27 16:00:00+00:00,8630.515400337743
2025-02-27 20:00:00+00:00,8630.515400337743
2025-02-28 00:00:00+00:00,8630.515400337743
2025-02-28 04:00:00+00:00,8630.515400337743
2025-02-28 08:00:00+00:00,8630.515400337743
2025-02-28 12:00:00+00:00,8630.515400337743
2025-02-28 16:00:00+00:00,8630.515400337743
2025-02-28 20:00:00+00:00,8630.515400337743
2025-03-01 00:00:00+00:00,8630.515400337743
2025-03-01 04:00:00+00:00,8630.515400337743
2025-03-01 08:00:00+00:00,8630.515400337743
2025-03-01 12:00:00+00:00,8630.515400337743
2025-03-01 16:00:00+00:00,8630.515400337743
2025-03-01 20:00:00+00:00,8630.515400337743
2025-03-02 00:00:00+00:00,8630.515400337743
2025-03-02 04:00:00+00:00,8630.515400337743
2025-03-02 08:00:00+00:00,8630.515400337743
2025-03-02 12:00:00+00:00,8630.515400337743
2025-03-02 16:00:00+00:00,8630.515400337743
2025-03-02 20:00:00+00:00,8630.515400337743
2025-03-03 00:00:00+00:00,8630.515400337743
2025-03-03 04:00:00+00:00,8630.515400337743
2025-03-03 08:00:00+00:00,8630.515400337743
2025-03-03 12:00:00+00:00,8630.515400337743
2025-03-03 16:00:00+00:00,8630.515400337743
2025-03-03 20:00:00+00:00,8630.515400337743
2025-03-04 00:00:00+00:00,8630.515400337743
2025-03-04 04:00:00+00:00,8630.515400337743
2025-03-04 08:00:00+00:00,8630.515400337743
2025-03-04 12:00:00+00:00,8630.515400337743
2025-03-04 16:00:00+00:00,8630.515400337743
2025-03-04 20:00:00+00:00,8630.515400337743
2025-03-05 00:00:00+00:00,8630.515400337743
2025-03-05 04:00:00+00:00,8630.515400337743
2025-03-05 08:00:00+00:00,8630.515400337743
2025-03-05 12:00:00+00:00,8630.515400337743
2025-03-05 16:00:00+00:00,8630.515400337743
2025-03-05 20:00:00+00:00,8630.515400337743
2025-03-06 00:00:00+00:00,8630.515400337743
2025-03-06 04:00:00+00:00,8630.515400337743
2025-03-06 08:00:00+00:00,8630.515400337743
2025-03-06 12:00:00+00:00,8630.515400337743
2025-03-06 16:00:00+00:00,8630.515400337743
2025-03-06 20:00:00+00:00,8630.515400337743
2025-03-07 00:00:00+00:00,8630.515400337743
2025-03-07 04:00:00+00:00,8630.515400337743
2025-03-07 08:00:00+00:00,8630.515400337743
2025-03-07 12:00:00+00:00,8630.515400337743
2025-03-07 16:00:00+00:00,8630.515400337743
2025-03-07 20:00:00+00:00,8630.515400337743
2025-03-08 00:00:00+00:00,8630.515400337743
2025-03-08 04:00:00+00:00,8630.515400337743
2025-03-08 08:00:00+00:00,8630.515400337743
2025-03-08 12:00:00+00:00,8630.515400337743
2025-03-08 16:00:00+00:00,8630.515400337743
2025-03-08 20:00:00+00:00,8630.515400337743
2025-03-09 00:00:00+00:00,8630.515400337743
2025-03-09 04:00:00+00:00,8630.515400337743
2025-03-09 08:00:00+00:00,8630.515400337743
2025-03-09 12:00:00+00:00,8630.515400337743
2025-03-09 16:00:00+00:00,8630.515400337743
2025-03-09 20:00:00+00:00,8630.515400337743
2025-03-10 00:00:00+00:00,8630.515400337743
2025-03-10 04:00:00+00:00,8630.515400337743
2025-03-10 08:00:00+00:00,8630.515400337743
2025-03-10 12:00:00+00:00,8630.515400337743
2025-03-10 16:00:00+00:00,8630.515400337743
2025-03-10 20:00:00+00:00,8630.515400337743
2025-03-11 00:00:00+00:00,8630.515400337743
2025-03-11 04:00:00+00:00,8630.515400337743
2025-03-11 08:00:00+00:00,8630.515400337743
2025-03-11 12:00:00+00:00,8630.515400337743
2025-03-11 16:00:00+00:00,8630.515400337743
2025-03-11 20:00:00+00:00,8630.515400337743
2025-03-12 00:00:00+00:00,8630.515400337743
2025-03-12 04:00:00+00:00,8630.515400337743
2025-03-12 08:00:00+00:00,8630.515400337743
2025-03-12 12:00:00+00:00,8630.515400337743
2025-03-12 16:00:00+00:00,8630.515400337743
2025-03-12 20:00:00+00:00,8630.515400337743
2025-03-13 00:00:00+00:00,8630.515400337743
2025-03-13 04:00:00+00:00,8630.515400337743
2025-03-13 08:00:00+00:00,8630.515400337743
2025-03-13 12:00:00+00:00,8630.515400337743
2025-03-13 16:00:00+00:00,8630.515400337743
2025-03-13 20:00:00+00:00,8630.515400337743
2025-03-14 00:00:00+00:00,8630.515400337743
2025-03-14 04:00:00+00:00,8630.515400337743
2025-03-14 08:00:00+00:00,8630.515400337743
2025-03-14 12:00:00+00:00,8630.515400337743
2025-03-14 16:00:00+00:00,8630.515400337743
2025-03-14 20:00:00+00:00,8630.515400337743
2025-03-15 00:00:00+00:00,8630.515400337743
2025-03-15 04:00:00+00:00,8630.515400337743
2025-03-15 08:00:00+00:00,8630.515400337743
2025-03-15 12:00:00+00:00,8630.515400337743
2025-03-15 16:00:00+00:00,8630.515400337743
2025-03-15 20:00:00+00:00,8630.515400337743
2025-03-16 00:00:00+00:00,8630.515400337743
2025-03-16 04:00:00+00:00,8630.515400337743
2025-03-16 08:00:00+00:00,8630.515400337743
2025-03-16 12:00:00+00:00,8630.515400337743
2025-03-16 16:00:00+00:00,8630.515400337743
2025-03-16 20:00:00+00:00,8630.515400337743
2025-03-17 00:00:00+00:00,8630.515400337743
2025-03-17 04:00:00+00:00,8630.515400337743
2025-03-17 08:00:00+00:00,8630.515400337743
2025-03-17 12:00:00+00:00,8630.515400337743
2025-03-17 16:00:00+00:00,8630.515400337743
2025-03-17 20:00:00+00:00,8630.515400337743
2025-03-18 00:00:00+00:00,8630.515400337743
2025-03-18 04:00:00+00:00,8630.515400337743
2025-03-18 08:00:00+00:00,8630.515400337743
2025-03-18 12:00:00+00:00,8630.515400337743
2025-03-18 16:00:00+00:00,8630.515400337743
2025-03-18 20:00:00+00:00,8630.515400337743
2025-03-19 00:00:00+00:00,8630.515400337743
2025-03-19 04:00:00+00:00,8630.515400337743
2025-03-19 08:00:00+00:00,8630.515400337743
2025-03-19 12:00:00+00:00,8630.515400337743
2025-03-19 16:00:00+00:00,8630.515400337743
2025-03-19 20:00:00+00:00,8630.515400337743
2025-03-20 00:00:00+00:00,8630.515400337743
2025-03-20 04:00:00+00:00,8630.515400337743
2025-03-20 08:00:00+00:00,8630.515400337743
2025-03-20 12:00:00+00:00,8630.515400337743
2025-03-20 16:00:00+00:00,8630.515400337743
2025-03-20 20:00:00+00:00,8630.515400337743
2025-03-21 00:00:00+00:00,8630.515400337743
2025-03-21 04:00:00+00:00,8630.515400337743
2025-03-21 08:00:00+00:00,8630.515400337743
2025-03-21 12:00:00+00:00,8630.515400337743
2025-03-21 16:00:00+00:00,8630.515400337743
2025-03-21 20:00:00+00:00,8630.515400337743
2025-03-22 00:00:00+00:00,8630.515400337743
2025-03-22 04:00:00+00:00,8630.515400337743
2025-03-22 08:00:00+00:00,8630.515400337743
2025-03-22 12:00:00+00:00,8630.515400337743
2025-03-22 16:00:00+00:00,8630.515400337743
2025-03-22 20:00:00+00:00,8630.515400337743
2025-03-23 00:00:00+00:00,8630.515400337743
2025-03-23 04:00:00+00:00,8630.515400337743
2025-03-23 08:00:00+00:00,8630.515400337743
2025-03-23 12:00:00+00:00,8630.515400337743
2025-03-23 16:00:00+00:00,8630.515400337743
2025-03-23 20:00:00+00:00,8630.515400337743
2025-03-24 00:00:00+00:00,8630.515400337743
2025-03-24 04:00:00+00:00,8630.515400337743
2025-03-24 08:00:00+00:00,8630.515400337743
2025-03-24 12:00:00+00:00,8613.288822692357
2025-03-24 16:00:00+00:00,8566.477470395117
2025-03-24 20:00:00+00:00,8472.854765800636
2025-03-25 00:00:00+00:00,8594.56428177346
2025-03-25 04:00:00+00:00,8566.477470395117
2025-03-25 08:00:00+00:00,8791.171961421873
2025-03-25 12:00:00+00:00,8594.56428177346
2025-03-25 16:00:00+00:00,8697.549256827393
2025-03-25 20:00:00+00:00,8734.998338665184
2025-03-26 00:00:00+00:00,8660.100174989599
2025-03-26 04:00:00+00:00,9081.402345664768
2025-03-26 08:00:00+00:00,9081.402345664768
2025-03-26 12:00:00+00:00,8828.621043259667
2025-03-26 16:00:00+00:00,8791.171961421873
2025-03-26 20:00:00+00:00,8697.549256827393
2025-03-27 00:00:00+00:00,9072.040075205321
2025-03-27 04:00:00+00:00,9053.315534286423
2025-03-27 08:00:00+00:00,8809.896502340769
2025-03-27 12:00:00+00:00,8847.345584178564
2025-03-27 16:00:00+00:00,8809.896502340769
2025-03-27 20:00:00+00:00,8875.432395556909
2025-03-28 00:00:00+00:00,8716.273797746288
2025-03-28 04:00:00+00:00,8186.948413042797
2025-03-28 08:00:00+00:00,8186.948413042797
2025-03-28 12:00:00+00:00,8186.948413042797
2025-03-28 16:00:00+00:00,8186.948413042797
2025-03-28 20:00:00+00:00,8186.948413042797
2025-03-29 00:00:00+00:00,8186.948413042797
2025-03-29 04:00:00+00:00,8186.948413042797
2025-03-29 08:00:00+00:00,8186.948413042797
2025-03-29 12:00:00+00:00,8186.948413042797
2025-03-29 16:00:00+00:00,8186.948413042797
2025-03-29 20:00:00+00:00,8186.948413042797
2025-03-30 00:00:00+00:00,8186.948413042797
2025-03-30 04:00:00+00:00,8186.948413042797
2025-03-30 08:00:00+00:00,8186.948413042797
2025-03-30 12:00:00+00:00,8186.948413042797
2025-03-30 16:00:00+00:00,8186.948413042797
2025-03-30 20:00:00+00:00,8186.948413042797
2025-03-31 00:00:00+00:00,8186.948413042797
2025-03-31 04:00:00+00:00,8186.948413042797
2025-03-31 08:00:00+00:00,8186.948413042797
2025-03-31 12:00:00+00:00,8186.948413042797
2025-03-31 16:00:00+00:00,8186.948413042797
2025-03-31 20:00:00+00:00,8186.948413042797
2025-04-01 00:00:00+00:00,8186.948413042797
2025-04-01 04:00:00+00:00,8186.948413042797
2025-04-01 08:00:00+00:00,8186.948413042797
2025-04-01 12:00:00+00:00,8186.948413042797
2025-04-01 16:00:00+00:00,8186.948413042797
2025-04-01 20:00:00+00:00,8186.948413042797
2025-04-02 00:00:00+00:00,8186.948413042797
2025-04-02 04:00:00+00:00,8186.948413042797
2025-04-02 08:00:00+00:00,8186.948413042797
2025-04-02 12:00:00+00:00,8186.948413042797
2025-04-02 16:00:00+00:00,8186.948413042797
2025-04-02 20:00:00+00:00,8186.948413042797
2025-04-03 00:00:00+00:00,8186.948413042797
2025-04-03 04:00:00+00:00,8186.948413042797
2025-04-03 08:00:00+00:00,8186.948413042797
2025-04-03 12:00:00+00:00,8186.948413042797
2025-04-03 16:00:00+00:00,8186.948413042797
2025-04-03 20:00:00+00:00,8186.948413042797
2025-04-04 00:00:00+00:00,8186.948413042797
2025-04-04 04:00:00+00:00,8186.948413042797
2025-04-04 08:00:00+00:00,8186.948413042797
2025-04-04 12:00:00+00:00,8186.948413042797
2025-04-04 16:00:00+00:00,8186.948413042797
2025-04-04 20:00:00+00:00,8186.948413042797
2025-04-05 00:00:00+00:00,8186.948413042797
2025-04-05 04:00:00+00:00,8186.948413042797
2025-04-05 08:00:00+00:00,8186.948413042797
2025-04-05 12:00:00+00:00,8186.948413042797
2025-04-05 16:00:00+00:00,8186.948413042797
2025-04-05 20:00:00+00:00,8186.948413042797
2025-04-06 00:00:00+00:00,8186.948413042797
2025-04-06 04:00:00+00:00,8186.948413042797
2025-04-06 08:00:00+00:00,8186.948413042797
2025-04-06 12:00:00+00:00,8186.948413042797
2025-04-06 16:00:00+00:00,8186.948413042797
2025-04-06 20:00:00+00:00,8186.948413042797
2025-04-07 00:00:00+00:00,8186.948413042797
2025-04-07 04:00:00+00:00,8186.948413042797
2025-04-07 08:00:00+00:00,8186.948413042797
2025-04-07 12:00:00+00:00,8186.948413042797
2025-04-07 16:00:00+00:00,8186.948413042797
2025-04-07 20:00:00+00:00,8186.948413042797
2025-04-08 00:00:00+00:00,8186.948413042797
2025-04-08 04:00:00+00:00,8186.948413042797
2025-04-08 08:00:00+00:00,8186.948413042797
2025-04-08 12:00:00+00:00,8186.948413042797
2025-04-08 16:00:00+00:00,8186.948413042797
2025-04-08 20:00:00+00:00,8186.948413042797
2025-04-09 00:00:00+00:00,8186.948413042797
2025-04-09 04:00:00+00:00,8186.948413042797
2025-04-09 08:00:00+00:00,8186.948413042797
2025-04-09 12:00:00+00:00,8186.948413042797
2025-04-09 16:00:00+00:00,8186.948413042797
2025-04-09 20:00:00+00:00,8186.948413042797
2025-04-10 00:00:00+00:00,8186.948413042797
2025-04-10 04:00:00+00:00,8186.948413042797
2025-04-10 08:00:00+00:00,8186.948413042797
2025-04-10 12:00:00+00:00,8186.948413042797
2025-04-10 16:00:00+00:00,8186.948413042797
2025-04-10 20:00:00+00:00,8186.948413042797
2025-04-11 00:00:00+00:00,8186.948413042797
2025-04-11 04:00:00+00:00,8186.948413042797
2025-04-11 08:00:00+00:00,8186.948413042797
2025-04-11 12:00:00+00:00,8186.948413042797
2025-04-11 16:00:00+00:00,8186.948413042797
2025-04-11 20:00:00+00:00,8186.948413042797
2025-04-12 00:00:00+00:00,8186.948413042797
2025-04-12 04:00:00+00:00,8186.948413042797
2025-04-12 08:00:00+00:00,8186.948413042797
2025-04-12 12:00:00+00:00,8170.607198645506
2025-04-12 16:00:00+00:00,8087.233655802186
2025-04-12 20:00:00+00:00,8139.34212007926
2025-04-13 00:00:00+00:00,8055.968577235939
2025-04-13 04:00:00+00:00,8055.968577235939
2025-04-13 08:00:00+00:00,8139.34212007926
2025-04-13 12:00:00+00:00,7962.173341537203
2025-04-13 16:00:00+00:00,7857.9564129830505
2025-04-13 20:00:00+00:00,7705.507961357075
2025-04-14 00:00:00+00:00,7705.507961357075
2025-04-14 04:00:00+00:00,7705.507961357075
2025-04-14 08:00:00+00:00,7705.507961357075
2025-04-14 12:00:00+00:00,7705.507961357075
2025-04-14 16:00:00+00:00,7705.507961357075
2025-04-14 20:00:00+00:00,7705.507961357075
2025-04-15 00:00:00+00:00,7705.507961357075
2025-04-15 04:00:00+00:00,7705.507961357075
2025-04-15 08:00:00+00:00,7705.507961357075
2025-04-15 12:00:00+00:00,7705.507961357075
2025-04-15 16:00:00+00:00,7705.507961357075
2025-04-15 20:00:00+00:00,7705.507961357075
2025-04-16 00:00:00+00:00,7705.507961357075
2025-04-16 04:00:00+00:00,7705.507961357075
2025-04-16 08:00:00+00:00,7705.507961357075
2025-04-16 12:00:00+00:00,7705.507961357075
2025-04-16 16:00:00+00:00,7705.507961357075
2025-04-16 20:00:00+00:00,7705.507961357075
2025-04-17 00:00:00+00:00,7705.507961357075
2025-04-17 04:00:00+00:00,7705.507961357075
2025-04-17 08:00:00+00:00,7705.507961357075
2025-04-17 12:00:00+00:00,7705.507961357075
2025-04-17 16:00:00+00:00,7705.507961357075
2025-04-17 20:00:00+00:00,7705.507961357075
2025-04-18 00:00:00+00:00,7705.507961357075
2025-04-18 04:00:00+00:00,7705.507961357075
2025-04-18 08:00:00+00:00,7705.507961357075
2025-04-18 12:00:00+00:00,7705.507961357075
2025-04-18 16:00:00+00:00,7705.507961357075
2025-04-18 20:00:00+00:00,7705.507961357075
2025-04-19 00:00:00+00:00,7705.507961357075
2025-04-19 04:00:00+00:00,7705.507961357075
2025-04-19 08:00:00+00:00,7705.507961357075
2025-04-19 12:00:00+00:00,7705.507961357075
2025-04-19 16:00:00+00:00,7705.507961357075
2025-04-19 20:00:00+00:00,7705.507961357075
2025-04-20 00:00:00+00:00,7705.507961357075
2025-04-20 04:00:00+00:00,7705.507961357075
2025-04-20 08:00:00+00:00,7705.507961357075
2025-04-20 12:00:00+00:00,7705.507961357075
2025-04-20 16:00:00+00:00,7705.507961357075
2025-04-20 20:00:00+00:00,7705.507961357075
2025-04-21 00:00:00+00:00,7705.507961357075
2025-04-21 04:00:00+00:00,7705.507961357075
2025-04-21 08:00:00+00:00,7705.507961357075
2025-04-21 12:00:00+00:00,7705.507961357075
2025-04-21 16:00:00+00:00,7705.507961357075
2025-04-21 20:00:00+00:00,7705.507961357075
2025-04-22 00:00:00+00:00,7705.507961357075
2025-04-22 04:00:00+00:00,7705.507961357075
2025-04-22 08:00:00+00:00,7705.507961357075
2025-04-22 12:00:00+00:00,7705.507961357075
2025-04-22 16:00:00+00:00,7705.507961357075
2025-04-22 20:00:00+00:00,7705.507961357075
2025-04-23 00:00:00+00:00,7705.507961357075
2025-04-23 04:00:00+00:00,7705.507961357075
2025-04-23 08:00:00+00:00,7705.507961357075
2025-04-23 12:00:00+00:00,7705.507961357075
2025-04-23 16:00:00+00:00,7705.507961357075
2025-04-23 20:00:00+00:00,7705.507961357075
2025-04-24 00:00:00+00:00,7705.507961357075
2025-04-24 04:00:00+00:00,7705.507961357075
2025-04-24 08:00:00+00:00,7705.507961357075
2025-04-24 12:00:00+00:00,7705.507961357075
2025-04-24 16:00:00+00:00,7705.507961357075
2025-04-24 20:00:00+00:00,7705.507961357075
2025-04-25 00:00:00+00:00,7705.507961357075
2025-04-25 04:00:00+00:00,7705.507961357075
2025-04-25 08:00:00+00:00,7705.507961357075
2025-04-25 12:00:00+00:00,7705.507961357075
2025-04-25 16:00:00+00:00,7705.507961357075
2025-04-25 20:00:00+00:00,7705.507961357075
2025-04-26 00:00:00+00:00,7705.507961357075
2025-04-26 04:00:00+00:00,7705.507961357075
2025-04-26 08:00:00+00:00,7705.507961357075
2025-04-26 12:00:00+00:00,7705.507961357075
2025-04-26 16:00:00+00:00,7705.507961357075
2025-04-26 20:00:00+00:00,7705.507961357075
2025-04-27 00:00:00+00:00,7705.507961357075
2025-04-27 04:00:00+00:00,7705.507961357075
2025-04-27 08:00:00+00:00,7705.507961357075
2025-04-27 12:00:00+00:00,7705.507961357075
2025-04-27 16:00:00+00:00,7705.507961357075
2025-04-27 20:00:00+00:00,7705.507961357075
2025-04-28 00:00:00+00:00,7705.507961357075
2025-04-28 04:00:00+00:00,7705.507961357075
2025-04-28 08:00:00+00:00,7705.507961357075
2025-04-28 12:00:00+00:00,7705.507961357075
2025-04-28 16:00:00+00:00,7705.507961357075
2025-04-28 20:00:00+00:00,7705.507961357075
2025-04-29 00:00:00+00:00,7705.507961357075
2025-04-29 04:00:00+00:00,7705.507961357075
2025-04-29 08:00:00+00:00,7705.507961357075
2025-04-29 12:00:00+00:00,7705.507961357075
2025-04-29 16:00:00+00:00,7705.507961357075
2025-04-29 20:00:00+00:00,7705.507961357075
2025-04-30 00:00:00+00:00,7705.507961357075
2025-04-30 04:00:00+00:00,7705.507961357075
2025-04-30 08:00:00+00:00,7705.507961357075
2025-04-30 12:00:00+00:00,7705.507961357075
2025-04-30 16:00:00+00:00,7705.507961357075
2025-04-30 20:00:00+00:00,7705.507961357075
2025-05-01 00:00:00+00:00,7705.507961357075
2025-05-01 04:00:00+00:00,7705.507961357075
2025-05-01 08:00:00+00:00,7705.507961357075
2025-05-01 12:00:00+00:00,7705.507961357075
2025-05-01 16:00:00+00:00,7705.507961357075
2025-05-01 20:00:00+00:00,7705.507961357075
2025-05-02 00:00:00+00:00,7705.507961357075
2025-05-02 04:00:00+00:00,7705.507961357075
2025-05-02 08:00:00+00:00,7705.507961357075
2025-05-02 12:00:00+00:00,7705.507961357075
2025-05-02 16:00:00+00:00,7705.507961357075
2025-05-02 20:00:00+00:00,7705.507961357075
2025-05-03 00:00:00+00:00,7705.507961357075
2025-05-03 04:00:00+00:00,7705.507961357075
2025-05-03 08:00:00+00:00,7705.507961357075
2025-05-03 12:00:00+00:00,7705.507961357075
2025-05-03 16:00:00+00:00,7705.507961357075
2025-05-03 20:00:00+00:00,7705.507961357075
2025-05-04 00:00:00+00:00,7705.507961357075
2025-05-04 04:00:00+00:00,7705.507961357075
2025-05-04 08:00:00+00:00,7705.507961357075
2025-05-04 12:00:00+00:00,7705.507961357075
2025-05-04 16:00:00+00:00,7705.507961357075
2025-05-04 20:00:00+00:00,7705.507961357075
2025-05-05 00:00:00+00:00,7705.507961357075
2025-05-05 04:00:00+00:00,7705.507961357075
2025-05-05 08:00:00+00:00,7705.507961357075
2025-05-05 12:00:00+00:00,7705.507961357075
2025-05-05 16:00:00+00:00,7705.507961357075
2025-05-05 20:00:00+00:00,7705.507961357075
2025-05-06 00:00:00+00:00,7705.507961357075
2025-05-06 04:00:00+00:00,7705.507961357075
2025-05-06 08:00:00+00:00,7705.507961357075
2025-05-06 12:00:00+00:00,7705.507961357075
2025-05-06 16:00:00+00:00,7705.507961357075
2025-05-06 20:00:00+00:00,7705.507961357075
2025-05-07 00:00:00+00:00,7705.507961357075
2025-05-07 04:00:00+00:00,7705.507961357075
2025-05-07 08:00:00+00:00,7705.507961357075
2025-05-07 12:00:00+00:00,7705.507961357075
2025-05-07 16:00:00+00:00,7705.507961357075
2025-05-07 20:00:00+00:00,7705.507961357075
2025-05-08 00:00:00+00:00,7705.507961357075
2025-05-08 04:00:00+00:00,7705.507961357075
2025-05-08 08:00:00+00:00,7705.507961357075
2025-05-08 12:00:00+00:00,7705.507961357075
2025-05-08 16:00:00+00:00,7705.507961357075
2025-05-08 20:00:00+00:00,7705.507961357075
2025-05-09 00:00:00+00:00,7705.507961357075
2025-05-09 04:00:00+00:00,7705.507961357075
2025-05-09 08:00:00+00:00,7705.507961357075
2025-05-09 12:00:00+00:00,7705.507961357075
2025-05-09 16:00:00+00:00,7705.507961357075
2025-05-09 20:00:00+00:00,7705.507961357075
2025-05-10 00:00:00+00:00,7705.507961357075
2025-05-10 04:00:00+00:00,7690.127705945184
2025-05-10 08:00:00+00:00,7357.995944558847
2025-05-10 12:00:00+00:00,7319.67304901427
2025-05-10 16:00:00+00:00,7587.933317826312
2025-05-10 20:00:00+00:00,8015.872318074091
2025-05-11 00:00:00+00:00,8488.521363123878
2025-05-11 04:00:00+00:00,8009.485168816663
2025-05-11 08:00:00+00:00,8181.9381987672605
2025-05-11 12:00:00+00:00,7875.3550344106425
2025-05-11 16:00:00+00:00,8271.358288371273
2025-05-11 20:00:00+00:00,8060.5823628761
2025-05-12 00:00:00+00:00,8399.101273519864
2025-05-12 04:00:00+00:00,8277.745437628704
2025-05-12 08:00:00+00:00,8213.873945054409
2025-05-12 12:00:00+00:00,8226.648243569267
2025-05-12 16:00:00+00:00,7971.162273272085
2025-05-12 20:00:00+00:00,8207.486795796978
2025-05-13 00:00:00+00:00,7524.061825252015
2025-05-13 04:00:00+00:00,7945.613676242367
2025-05-13 08:00:00+00:00,8066.969512133528
2025-05-13 12:00:00+00:00,8175.5510495098315
2025-05-13 16:00:00+00:00,8386.326975005006
2025-05-13 20:00:00+00:00,8290.519736143564
2025-05-14 00:00:00+00:00,8322.45548243071
2025-05-14 04:00:00+00:00,8239.422542084127
2025-05-14 08:00:00+00:00,8226.648243569267
2025-05-14 12:00:00+00:00,7952.000825499797
2025-05-14 16:00:00+00:00,7964.775124014657
2025-05-14 20:00:00+00:00,7920.065079212648
2025-05-15 00:00:00+00:00,7824.257840351205
2025-05-15 04:00:00+00:00,7402.705989360855
2025-05-15 08:00:00+00:00,7498.513228222298
2025-05-15 12:00:00+00:00,7645.417661143178
2025-05-15 16:00:00+00:00,7479.35178045001
2025-05-15 20:00:00+00:00,7228.541203409265
2025-05-16 00:00:00+00:00,7228.541203409265
2025-05-16 04:00:00+00:00,7228.541203409265
2025-05-16 08:00:00+00:00,7228.541203409265
2025-05-16 12:00:00+00:00,7228.541203409265
2025-05-16 16:00:00+00:00,7228.541203409265
2025-05-16 20:00:00+00:00,7228.541203409265
2025-05-17 00:00:00+00:00,7228.541203409265
2025-05-17 04:00:00+00:00,7228.541203409265
2025-05-17 08:00:00+00:00,7228.541203409265
2025-05-17 12:00:00+00:00,7228.541203409265
2025-05-17 16:00:00+00:00,7228.541203409265
2025-05-17 20:00:00+00:00,7228.541203409265
2025-05-18 00:00:00+00:00,7228.541203409265
2025-05-18 04:00:00+00:00,7228.541203409265
2025-05-18 08:00:00+00:00,7228.541203409265
2025-05-18 12:00:00+00:00,7228.541203409265
2025-05-18 16:00:00+00:00,7228.541203409265
2025-05-18 20:00:00+00:00,7228.541203409265
2025-05-19 00:00:00+00:00,7228.541203409265
2025-05-19 04:00:00+00:00,7228.541203409265
2025-05-19 08:00:00+00:00,7228.541203409265
2025-05-19 12:00:00+00:00,7228.541203409265
2025-05-19 16:00:00+00:00,7228.541203409265
2025-05-19 20:00:00+00:00,7228.541203409265
2025-05-20 00:00:00+00:00,7228.541203409265
2025-05-20 04:00:00+00:00,7228.541203409265
2025-05-20 08:00:00+00:00,7228.541203409265
2025-05-20 12:00:00+00:00,7228.541203409265
2025-05-20 16:00:00+00:00,7228.541203409265
2025-05-20 20:00:00+00:00,7228.541203409265
2025-05-21 00:00:00+00:00,7228.541203409265
2025-05-21 04:00:00+00:00,7228.541203409265
2025-05-21 08:00:00+00:00,7228.541203409265
2025-05-21 12:00:00+00:00,7228.541203409265
2025-05-21 16:00:00+00:00,7228.541203409265
2025-05-21 20:00:00+00:00,7228.541203409265
2025-05-22 00:00:00+00:00,7228.541203409265
2025-05-22 04:00:00+00:00,7228.541203409265
2025-05-22 08:00:00+00:00,7228.541203409265
2025-05-22 12:00:00+00:00,7228.541203409265
2025-05-22 16:00:00+00:00,7228.541203409265
2025-05-22 20:00:00+00:00,7228.541203409265
2025-05-23 00:00:00+00:00,7228.541203409265
2025-05-23 04:00:00+00:00,7228.541203409265
2025-05-23 08:00:00+00:00,7228.541203409265
2025-05-23 12:00:00+00:00,7228.541203409265
2025-05-23 16:00:00+00:00,7228.541203409265
2025-05-23 20:00:00+00:00,7228.541203409265
2025-05-24 00:00:00+00:00,7228.541203409265
2025-05-24 04:00:00+00:00,7228.541203409265
2025-05-24 08:00:00+00:00,7228.541203409265
2025-05-24 12:00:00+00:00,7228.541203409265
2025-05-24 16:00:00+00:00,7228.541203409265
2025-05-24 20:00:00+00:00,7228.541203409265
2025-05-25 00:00:00+00:00,7228.541203409265
2025-05-25 04:00:00+00:00,7228.541203409265
2025-05-25 08:00:00+00:00,7228.541203409265
2025-05-25 12:00:00+00:00,7228.541203409265
2025-05-25 16:00:00+00:00,7228.541203409265
2025-05-25 20:00:00+00:00,7228.541203409265
2025-05-26 00:00:00+00:00,7228.541203409265
2025-05-26 04:00:00+00:00,7228.541203409265
2025-05-26 08:00:00+00:00,7228.541203409265
2025-05-26 12:00:00+00:00,7228.541203409265
2025-05-26 16:00:00+00:00,7228.541203409265
2025-05-26 20:00:00+00:00,7228.541203409265
2025-05-27 00:00:00+00:00,7228.541203409265
2025-05-27 04:00:00+00:00,7228.541203409265
2025-05-27 08:00:00+00:00,7228.541203409265
2025-05-27 12:00:00+00:00,7228.541203409265
2025-05-27 16:00:00+00:00,7228.541203409265
2025-05-27 20:00:00+00:00,7228.541203409265
2025-05-28 00:00:00+00:00,7228.541203409265
2025-05-28 04:00:00+00:00,7228.541203409265
2025-05-28 08:00:00+00:00,7228.541203409265
2025-05-28 12:00:00+00:00,7228.541203409265
2025-05-28 16:00:00+00:00,7228.541203409265
2025-05-28 20:00:00+00:00,7228.541203409265
2025-05-29 00:00:00+00:00,7228.541203409265
2025-05-29 04:00:00+00:00,7228.541203409265
2025-05-29 08:00:00+00:00,7228.541203409265
2025-05-29 12:00:00+00:00,7228.541203409265
2025-05-29 16:00:00+00:00,7228.541203409265
2025-05-29 20:00:00+00:00,7228.541203409265
2025-05-30 00:00:00+00:00,7228.541203409265
2025-05-30 04:00:00+00:00,7228.541203409265
2025-05-30 08:00:00+00:00,7228.541203409265
2025-05-30 12:00:00+00:00,7228.541203409265
2025-05-30 16:00:00+00:00,7228.541203409265
2025-05-30 20:00:00+00:00,7228.541203409265
2025-05-31 00:00:00+00:00,7228.541203409265
2025-05-31 04:00:00+00:00,7228.541203409265
2025-05-31 08:00:00+00:00,7228.541203409265
2025-05-31 12:00:00+00:00,7228.541203409265
2025-05-31 16:00:00+00:00,7228.541203409265
2025-05-31 20:00:00+00:00,7228.541203409265
2025-06-01 00:00:00+00:00,7228.541203409265
2025-06-01 04:00:00+00:00,7228.541203409265
2025-06-01 08:00:00+00:00,7228.541203409265
2025-06-01 12:00:00+00:00,7228.541203409265
2025-06-01 16:00:00+00:00,7228.541203409265
2025-06-01 20:00:00+00:00,7228.541203409265
2025-06-02 00:00:00+00:00,7228.541203409265
2025-06-02 04:00:00+00:00,7228.541203409265
2025-06-02 08:00:00+00:00,7228.541203409265
2025-06-02 12:00:00+00:00,7228.541203409265
2025-06-02 16:00:00+00:00,7228.541203409265
2025-06-02 20:00:00+00:00,7228.541203409265
2025-06-03 00:00:00+00:00,7228.541203409265
2025-06-03 04:00:00+00:00,7228.541203409265
2025-06-03 08:00:00+00:00,7228.541203409265
2025-06-03 12:00:00+00:00,7228.541203409265
2025-06-03 16:00:00+00:00,7228.541203409265
2025-06-03 20:00:00+00:00,7228.541203409265
2025-06-04 00:00:00+00:00,7228.541203409265
2025-06-04 04:00:00+00:00,7228.541203409265
2025-06-04 08:00:00+00:00,7228.541203409265
2025-06-04 12:00:00+00:00,7228.541203409265
2025-06-04 16:00:00+00:00,7228.541203409265
2025-06-04 20:00:00+00:00,7228.541203409265
2025-06-05 00:00:00+00:00,7228.541203409265
2025-06-05 04:00:00+00:00,7228.541203409265
2025-06-05 08:00:00+00:00,7228.541203409265
2025-06-05 12:00:00+00:00,7228.541203409265
2025-06-05 16:00:00+00:00,7228.541203409265
2025-06-05 20:00:00+00:00,7228.541203409265
2025-06-06 00:00:00+00:00,7228.541203409265
2025-06-06 04:00:00+00:00,7228.541203409265
2025-06-06 08:00:00+00:00,7228.541203409265
2025-06-06 12:00:00+00:00,7228.541203409265
2025-06-06 16:00:00+00:00,7228.541203409265
2025-06-06 20:00:00+00:00,7228.541203409265
2025-06-07 00:00:00+00:00,7228.541203409265
2025-06-07 04:00:00+00:00,7228.541203409265
2025-06-07 08:00:00+00:00,7228.541203409265
2025-06-07 12:00:00+00:00,7228.541203409265
2025-06-07 16:00:00+00:00,7228.541203409265
2025-06-07 20:00:00+00:00,7228.541203409265
2025-06-08 00:00:00+00:00,7228.541203409265
2025-06-08 04:00:00+00:00,7228.541203409265
2025-06-08 08:00:00+00:00,7228.541203409265
2025-06-08 12:00:00+00:00,7228.541203409265
2025-06-08 16:00:00+00:00,7228.541203409265
2025-06-08 20:00:00+00:00,7228.541203409265
2025-06-09 00:00:00+00:00,7228.541203409265
2025-06-09 04:00:00+00:00,7228.541203409265
2025-06-09 08:00:00+00:00,7228.541203409265
2025-06-09 12:00:00+00:00,7228.541203409265
2025-06-09 16:00:00+00:00,7228.541203409265
2025-06-09 20:00:00+00:00,7228.541203409265
2025-06-10 00:00:00+00:00,7228.541203409265
2025-06-10 04:00:00+00:00,7228.541203409265
2025-06-10 08:00:00+00:00,7228.541203409265
2025-06-10 12:00:00+00:00,7228.541203409265
2025-06-10 16:00:00+00:00,7228.541203409265
2025-06-10 20:00:00+00:00,7228.541203409265
2025-06-11 00:00:00+00:00,7228.541203409265
2025-06-11 04:00:00+00:00,7228.541203409265
2025-06-11 08:00:00+00:00,7228.541203409265
2025-06-11 12:00:00+00:00,7228.541203409265
2025-06-11 16:00:00+00:00,7228.541203409265
2025-06-11 20:00:00+00:00,7228.541203409265
2025-06-12 00:00:00+00:00,7228.541203409265
2025-06-12 04:00:00+00:00,7228.541203409265
2025-06-12 08:00:00+00:00,7228.541203409265
2025-06-12 12:00:00+00:00,7228.541203409265
2025-06-12 16:00:00+00:00,7228.541203409265
2025-06-12 20:00:00+00:00,7228.541203409265
2025-06-13 00:00:00+00:00,7228.541203409265
2025-06-13 04:00:00+00:00,7228.541203409265
2025-06-13 08:00:00+00:00,7228.541203409265
2025-06-13 12:00:00+00:00,7228.541203409265
2025-06-13 16:00:00+00:00,7228.541203409265
2025-06-13 20:00:00+00:00,7228.541203409265
2025-06-14 00:00:00+00:00,7228.541203409265
2025-06-14 04:00:00+00:00,7228.541203409265
2025-06-14 08:00:00+00:00,7228.541203409265
2025-06-14 12:00:00+00:00,7228.541203409265
2025-06-14 16:00:00+00:00,7228.541203409265
2025-06-14 20:00:00+00:00,7228.541203409265
2025-06-15 00:00:00+00:00,7228.541203409265
2025-06-15 04:00:00+00:00,7228.541203409265
2025-06-15 08:00:00+00:00,7228.541203409265
2025-06-15 12:00:00+00:00,7228.541203409265
2025-06-15 16:00:00+00:00,7228.541203409265
2025-06-15 20:00:00+00:00,7228.541203409265
2025-06-16 00:00:00+00:00,7228.541203409265
2025-06-16 04:00:00+00:00,7228.541203409265
2025-06-16 08:00:00+00:00,7228.541203409265
2025-06-16 12:00:00+00:00,7228.541203409265
2025-06-16 16:00:00+00:00,7228.541203409265
2025-06-16 20:00:00+00:00,7228.541203409265
2025-06-17 00:00:00+00:00,7228.541203409265
2025-06-17 04:00:00+00:00,7228.541203409265
2025-06-17 08:00:00+00:00,7228.541203409265
2025-06-17 12:00:00+00:00,7228.541203409265
2025-06-17 16:00:00+00:00,7228.541203409265
2025-06-17 20:00:00+00:00,7228.541203409265
2025-06-18 00:00:00+00:00,7228.541203409265
2025-06-18 04:00:00+00:00,7228.541203409265
2025-06-18 08:00:00+00:00,7228.541203409265
2025-06-18 12:00:00+00:00,7228.541203409265
2025-06-18 16:00:00+00:00,7228.541203409265
2025-06-18 20:00:00+00:00,7228.541203409265
2025-06-19 00:00:00+00:00,7228.541203409265
2025-06-19 04:00:00+00:00,7228.541203409265
2025-06-19 08:00:00+00:00,7228.541203409265
2025-06-19 12:00:00+00:00,7228.541203409265
2025-06-19 16:00:00+00:00,7228.541203409265
2025-06-19 20:00:00+00:00,7228.541203409265
2025-06-20 00:00:00+00:00,7228.541203409265
2025-06-20 04:00:00+00:00,7228.541203409265
2025-06-20 08:00:00+00:00,7228.541203409265
2025-06-20 12:00:00+00:00,7228.541203409265
2025-06-20 16:00:00+00:00,7228.541203409265
2025-06-20 20:00:00+00:00,7228.541203409265
2025-06-21 00:00:00+00:00,7228.541203409265
2025-06-21 04:00:00+00:00,7228.541203409265
2025-06-21 08:00:00+00:00,7228.541203409265
2025-06-21 12:00:00+00:00,7228.541203409265
2025-06-21 16:00:00+00:00,7228.541203409265
2025-06-21 20:00:00+00:00,7228.541203409265
2025-06-22 00:00:00+00:00,7228.541203409265
2025-06-22 04:00:00+00:00,7228.541203409265
2025-06-22 08:00:00+00:00,7228.541203409265
2025-06-22 12:00:00+00:00,7228.541203409265
2025-06-22 16:00:00+00:00,7228.541203409265
2025-06-22 20:00:00+00:00,7228.541203409265
2025-06-23 00:00:00+00:00,7228.541203409265
2025-06-23 04:00:00+00:00,7228.541203409265
2025-06-23 08:00:00+00:00,7228.541203409265
2025-06-23 12:00:00+00:00,7228.541203409265
2025-06-23 16:00:00+00:00,7228.541203409265
2025-06-23 20:00:00+00:00,7228.541203409265
2025-06-24 00:00:00+00:00,7228.541203409265
2025-06-24 04:00:00+00:00,7228.541203409265
2025-06-24 08:00:00+00:00,7228.541203409265
2025-06-24 12:00:00+00:00,7228.541203409265
2025-06-24 16:00:00+00:00,7228.541203409265
2025-06-24 20:00:00+00:00,7228.541203409265
2025-06-25 00:00:00+00:00,7228.541203409265
2025-06-25 04:00:00+00:00,7228.541203409265
2025-06-25 08:00:00+00:00,7228.541203409265
2025-06-25 12:00:00+00:00,7228.541203409265
2025-06-25 16:00:00+00:00,7228.541203409265
2025-06-25 20:00:00+00:00,7228.541203409265
2025-06-26 00:00:00+00:00,7228.541203409265
2025-06-26 04:00:00+00:00,7228.541203409265
2025-06-26 08:00:00+00:00,7228.541203409265
2025-06-26 12:00:00+00:00,7228.541203409265
2025-06-26 16:00:00+00:00,7228.541203409265
2025-06-26 20:00:00+00:00,7228.541203409265
2025-06-27 00:00:00+00:00,7228.541203409265
2025-06-27 04:00:00+00:00,7228.541203409265
2025-06-27 08:00:00+00:00,7228.541203409265
2025-06-27 12:00:00+00:00,7228.541203409265
2025-06-27 16:00:00+00:00,7228.541203409265
2025-06-27 20:00:00+00:00,7228.541203409265
2025-06-28 00:00:00+00:00,7228.541203409265
2025-06-28 04:00:00+00:00,7228.541203409265
2025-06-28 08:00:00+00:00,7228.541203409265
2025-06-28 12:00:00+00:00,7228.541203409265
2025-06-28 16:00:00+00:00,7228.541203409265
2025-06-28 20:00:00+00:00,7228.541203409265
2025-06-29 00:00:00+00:00,7228.541203409265
2025-06-29 04:00:00+00:00,7228.541203409265
2025-06-29 08:00:00+00:00,7228.541203409265
2025-06-29 12:00:00+00:00,7228.541203409265
2025-06-29 16:00:00+00:00,7228.541203409265
2025-06-29 20:00:00+00:00,7228.541203409265
2025-06-30 00:00:00+00:00,7228.541203409265
2025-06-30 04:00:00+00:00,7228.541203409265
2025-06-30 08:00:00+00:00,7228.541203409265
2025-06-30 12:00:00+00:00,7228.541203409265
2025-06-30 16:00:00+00:00,7228.541203409265
2025-06-30 20:00:00+00:00,7228.541203409265
2025-07-01 00:00:00+00:00,7228.541203409265
2025-07-01 04:00:00+00:00,7228.541203409265
2025-07-01 08:00:00+00:00,7228.541203409265
2025-07-01 12:00:00+00:00,7228.541203409265
2025-07-01 16:00:00+00:00,7228.541203409265
2025-07-01 20:00:00+00:00,7228.541203409265
2025-07-02 00:00:00+00:00,7228.541203409265
2025-07-02 04:00:00+00:00,7228.541203409265
2025-07-02 08:00:00+00:00,7228.541203409265
2025-07-02 12:00:00+00:00,7228.541203409265
2025-07-02 16:00:00+00:00,7214.112977454357
2025-07-02 20:00:00+00:00,7093.8777611634505
2025-07-03 00:00:00+00:00,7153.995369308903
2025-07-03 04:00:00+00:00,7281.74528661799
2025-07-03 08:00:00+00:00,7169.024771345267
2025-07-03 12:00:00+00:00,6943.583740799819
2025-07-03 16:00:00+00:00,7093.8777611634505
2025-07-03 20:00:00+00:00,7086.363060145269
2025-07-04 00:00:00+00:00,7018.7307509816355
2025-07-04 04:00:00+00:00,6845.52883015188
2025-07-04 08:00:00+00:00,6845.52883015188
2025-07-04 12:00:00+00:00,6845.52883015188
2025-07-04 16:00:00+00:00,6845.52883015188
2025-07-04 20:00:00+00:00,6845.52883015188
2025-07-05 00:00:00+00:00,6845.52883015188
2025-07-05 04:00:00+00:00,6845.52883015188
2025-07-05 08:00:00+00:00,6845.52883015188
2025-07-05 12:00:00+00:00,6845.52883015188
2025-07-05 16:00:00+00:00,6845.52883015188
2025-07-05 20:00:00+00:00,6845.52883015188
2025-07-06 00:00:00+00:00,6845.52883015188
2025-07-06 04:00:00+00:00,6845.52883015188
2025-07-06 08:00:00+00:00,6845.52883015188
2025-07-06 12:00:00+00:00,6845.52883015188
2025-07-06 16:00:00+00:00,6845.52883015188
2025-07-06 20:00:00+00:00,6845.52883015188
2025-07-07 00:00:00+00:00,6845.52883015188
2025-07-07 04:00:00+00:00,6845.52883015188
2025-07-07 08:00:00+00:00,6845.52883015188
2025-07-07 12:00:00+00:00,6845.52883015188
2025-07-07 16:00:00+00:00,6845.52883015188
2025-07-07 20:00:00+00:00,6845.52883015188
2025-07-08 00:00:00+00:00,6845.52883015188
2025-07-08 04:00:00+00:00,6845.52883015188
2025-07-08 08:00:00+00:00,6845.52883015188
2025-07-08 12:00:00+00:00,6845.52883015188
2025-07-08 16:00:00+00:00,6845.52883015188
2025-07-08 20:00:00+00:00,6845.52883015188
2025-07-09 00:00:00+00:00,6845.52883015188
2025-07-09 04:00:00+00:00,6845.52883015188
2025-07-09 08:00:00+00:00,6845.52883015188
2025-07-09 12:00:00+00:00,6845.52883015188
2025-07-09 16:00:00+00:00,6845.52883015188
2025-07-09 20:00:00+00:00,6845.52883015188
2025-07-10 00:00:00+00:00,6845.52883015188
2025-07-10 04:00:00+00:00,6845.52883015188
2025-07-10 08:00:00+00:00,6845.52883015188
2025-07-10 12:00:00+00:00,6845.52883015188
2025-07-10 16:00:00+00:00,6845.52883015188
2025-07-10 20:00:00+00:00,6845.52883015188
2025-07-11 00:00:00+00:00,6845.52883015188
2025-07-11 04:00:00+00:00,6845.52883015188
2025-07-11 08:00:00+00:00,6845.52883015188
2025-07-11 12:00:00+00:00,6845.52883015188
2025-07-11 16:00:00+00:00,6845.52883015188
2025-07-11 20:00:00+00:00,6845.52883015188
2025-07-12 00:00:00+00:00,6845.52883015188
2025-07-12 04:00:00+00:00,6845.52883015188
2025-07-12 08:00:00+00:00,6845.52883015188
2025-07-12 12:00:00+00:00,6845.52883015188
2025-07-12 16:00:00+00:00,6845.52883015188
2025-07-12 20:00:00+00:00,6845.52883015188
2025-07-13 00:00:00+00:00,6845.52883015188
2025-07-13 04:00:00+00:00,6845.52883015188
2025-07-13 08:00:00+00:00,6845.52883015188
2025-07-13 12:00:00+00:00,6845.52883015188
2025-07-13 16:00:00+00:00,6845.52883015188
2025-07-13 20:00:00+00:00,6845.52883015188
2025-07-14 00:00:00+00:00,6845.52883015188
2025-07-14 04:00:00+00:00,6845.52883015188
2025-07-14 08:00:00+00:00,6845.52883015188
2025-07-14 12:00:00+00:00,6845.52883015188
2025-07-14 16:00:00+00:00,6845.52883015188
2025-07-14 20:00:00+00:00,6845.52883015188
2025-07-15 00:00:00+00:00,6845.52883015188
2025-07-15 04:00:00+00:00,6845.52883015188
2025-07-15 08:00:00+00:00,6845.52883015188
2025-07-15 12:00:00+00:00,6845.52883015188
2025-07-15 16:00:00+00:00,6845.52883015188
2025-07-15 20:00:00+00:00,6845.52883015188
2025-07-16 00:00:00+00:00,6845.52883015188
2025-07-16 04:00:00+00:00,6845.52883015188
2025-07-16 08:00:00+00:00,6845.52883015188
2025-07-16 12:00:00+00:00,6845.52883015188
2025-07-16 16:00:00+00:00,6845.52883015188
2025-07-16 20:00:00+00:00,6845.52883015188
2025-07-17 00:00:00+00:00,6845.52883015188
2025-07-17 04:00:00+00:00,6845.52883015188
2025-07-17 08:00:00+00:00,6845.52883015188
2025-07-17 12:00:00+00:00,6845.52883015188
2025-07-17 16:00:00+00:00,6845.52883015188
2025-07-17 20:00:00+00:00,6845.52883015188
2025-07-18 00:00:00+00:00,6845.52883015188
2025-07-18 04:00:00+00:00,6845.52883015188
2025-07-18 08:00:00+00:00,6845.52883015188
2025-07-18 12:00:00+00:00,6845.52883015188
2025-07-18 16:00:00+00:00,6845.52883015188
2025-07-18 20:00:00+00:00,6845.52883015188
2025-07-19 00:00:00+00:00,6845.52883015188
2025-07-19 04:00:00+00:00,6845.52883015188
2025-07-19 08:00:00+00:00,6845.52883015188
2025-07-19 12:00:00+00:00,6845.52883015188
2025-07-19 16:00:00+00:00,6845.52883015188
2025-07-19 20:00:00+00:00,6845.52883015188
2025-07-20 00:00:00+00:00,6845.52883015188
2025-07-20 04:00:00+00:00,6845.52883015188
2025-07-20 08:00:00+00:00,6845.52883015188
2025-07-20 12:00:00+00:00,6845.52883015188
2025-07-20 16:00:00+00:00,6845.52883015188
2025-07-20 20:00:00+00:00,6845.52883015188
2025-07-21 00:00:00+00:00,6845.52883015188
2025-07-21 04:00:00+00:00,6845.52883015188
2025-07-21 08:00:00+00:00,6845.52883015188
2025-07-21 12:00:00+00:00,6845.52883015188
2025-07-21 16:00:00+00:00,6845.52883015188
2025-07-21 20:00:00+00:00,6845.52883015188
2025-07-22 00:00:00+00:00,6845.52883015188
2025-07-22 04:00:00+00:00,6845.52883015188
2025-07-22 08:00:00+00:00,6845.52883015188
2025-07-22 12:00:00+00:00,6845.52883015188
2025-07-22 16:00:00+00:00,6845.52883015188
2025-07-22 20:00:00+00:00,6845.52883015188
2025-07-23 00:00:00+00:00,6845.52883015188
2025-07-23 04:00:00+00:00,6845.52883015188
2025-07-23 08:00:00+00:00,6845.52883015188
2025-07-23 12:00:00+00:00,6845.52883015188
2025-07-23 16:00:00+00:00,6845.52883015188
2025-07-23 20:00:00+00:00,6845.52883015188
2025-07-24 00:00:00+00:00,6845.52883015188
2025-07-24 04:00:00+00:00,6845.52883015188
2025-07-24 08:00:00+00:00,6845.52883015188
2025-07-24 12:00:00+00:00,6845.52883015188
2025-07-24 16:00:00+00:00,6845.52883015188
2025-07-24 20:00:00+00:00,6845.52883015188
2025-07-25 00:00:00+00:00,6845.52883015188
2025-07-25 04:00:00+00:00,6845.52883015188
2025-07-25 08:00:00+00:00,6845.52883015188
2025-07-25 12:00:00+00:00,6845.52883015188
2025-07-25 16:00:00+00:00,6845.52883015188
2025-07-25 20:00:00+00:00,6845.52883015188
2025-07-26 00:00:00+00:00,6845.52883015188
2025-07-26 04:00:00+00:00,6845.52883015188
2025-07-26 08:00:00+00:00,6845.52883015188
2025-07-26 12:00:00+00:00,6845.52883015188
2025-07-26 16:00:00+00:00,6845.52883015188
2025-07-26 20:00:00+00:00,6845.52883015188
2025-07-27 00:00:00+00:00,6845.52883015188
2025-07-27 04:00:00+00:00,6845.52883015188
2025-07-27 08:00:00+00:00,6845.52883015188
2025-07-27 12:00:00+00:00,6845.52883015188
2025-07-27 16:00:00+00:00,6845.52883015188
2025-07-27 20:00:00+00:00,6845.52883015188
2025-07-28 00:00:00+00:00,6845.52883015188
2025-07-28 04:00:00+00:00,6845.52883015188
2025-07-28 08:00:00+00:00,6845.52883015188
2025-07-28 12:00:00+00:00,6845.52883015188
2025-07-28 16:00:00+00:00,6845.52883015188
2025-07-28 20:00:00+00:00,6845.52883015188
2025-07-29 00:00:00+00:00,6845.52883015188
2025-07-29 04:00:00+00:00,6845.52883015188
2025-07-29 08:00:00+00:00,6845.52883015188
2025-07-29 12:00:00+00:00,6845.52883015188
2025-07-29 16:00:00+00:00,6845.52883015188
2025-07-29 20:00:00+00:00,6845.52883015188
2025-07-30 00:00:00+00:00,6845.52883015188
2025-07-30 04:00:00+00:00,6845.52883015188
2025-07-30 08:00:00+00:00,6845.52883015188
2025-07-30 12:00:00+00:00,6845.52883015188
2025-07-30 16:00:00+00:00,6845.52883015188
2025-07-30 20:00:00+00:00,6845.52883015188
2025-07-31 00:00:00+00:00,6845.52883015188
2025-07-31 04:00:00+00:00,6845.52883015188
2025-07-31 08:00:00+00:00,6845.52883015188
2025-07-31 12:00:00+00:00,6845.52883015188
2025-07-31 16:00:00+00:00,6845.52883015188
2025-07-31 20:00:00+00:00,6845.52883015188
2025-08-01 00:00:00+00:00,6845.52883015188
2025-08-01 04:00:00+00:00,6845.52883015188
2025-08-01 08:00:00+00:00,6845.52883015188
2025-08-01 12:00:00+00:00,6845.52883015188
2025-08-01 16:00:00+00:00,6845.52883015188
2025-08-01 20:00:00+00:00,6845.52883015188
2025-08-02 00:00:00+00:00,6845.52883015188
2025-08-02 04:00:00+00:00,6845.52883015188
2025-08-02 08:00:00+00:00,6845.52883015188
2025-08-02 12:00:00+00:00,6845.52883015188
2025-08-02 16:00:00+00:00,6845.52883015188
2025-08-02 20:00:00+00:00,6845.52883015188
2025-08-03 00:00:00+00:00,6845.52883015188
2025-08-03 04:00:00+00:00,6845.52883015188
2025-08-03 08:00:00+00:00,6845.52883015188
2025-08-03 12:00:00+00:00,6845.52883015188
2025-08-03 16:00:00+00:00,6845.52883015188
2025-08-03 20:00:00+00:00,6845.52883015188
2025-08-04 00:00:00+00:00,6845.52883015188
2025-08-04 04:00:00+00:00,6845.52883015188
2025-08-04 08:00:00+00:00,6845.52883015188
2025-08-04 12:00:00+00:00,6845.52883015188
2025-08-04 16:00:00+00:00,6845.52883015188
2025-08-04 20:00:00+00:00,6845.52883015188
2025-08-05 00:00:00+00:00,6845.52883015188
2025-08-05 04:00:00+00:00,6845.52883015188
2025-08-05 08:00:00+00:00,6845.52883015188
2025-08-05 12:00:00+00:00,6845.52883015188
2025-08-05 16:00:00+00:00,6845.52883015188
2025-08-05 20:00:00+00:00,6845.52883015188
2025-08-06 00:00:00+00:00,6845.52883015188
2025-08-06 04:00:00+00:00,6845.52883015188
2025-08-06 08:00:00+00:00,6845.52883015188
2025-08-06 12:00:00+00:00,6845.52883015188
2025-08-06 16:00:00+00:00,6845.52883015188
2025-08-06 20:00:00+00:00,6845.52883015188
2025-08-07 00:00:00+00:00,6845.52883015188
2025-08-07 04:00:00+00:00,6845.52883015188
2025-08-07 08:00:00+00:00,6845.52883015188
2025-08-07 12:00:00+00:00,6845.52883015188
2025-08-07 16:00:00+00:00,6845.52883015188
2025-08-07 20:00:00+00:00,6845.52883015188
2025-08-08 00:00:00+00:00,6845.52883015188
2025-08-08 04:00:00+00:00,6845.52883015188
2025-08-08 08:00:00+00:00,6845.52883015188
2025-08-08 12:00:00+00:00,6845.52883015188
2025-08-08 16:00:00+00:00,6845.52883015188
2025-08-08 20:00:00+00:00,6845.52883015188
2025-08-09 00:00:00+00:00,6845.52883015188
2025-08-09 04:00:00+00:00,6845.52883015188
2025-08-09 08:00:00+00:00,6845.52883015188
2025-08-09 12:00:00+00:00,6845.52883015188
2025-08-09 16:00:00+00:00,6845.52883015188
2025-08-09 20:00:00+00:00,6845.52883015188
2025-08-10 00:00:00+00:00,6845.52883015188
2025-08-10 04:00:00+00:00,6845.52883015188
2025-08-10 08:00:00+00:00,6845.52883015188
2025-08-10 12:00:00+00:00,6845.52883015188
2025-08-10 16:00:00+00:00,6845.52883015188
2025-08-10 20:00:00+00:00,6845.52883015188
2025-08-11 00:00:00+00:00,6845.52883015188
2025-08-11 04:00:00+00:00,6845.52883015188
2025-08-11 08:00:00+00:00,6845.52883015188
2025-08-11 12:00:00+00:00,6845.52883015188
2025-08-11 16:00:00+00:00,6845.52883015188
2025-08-11 20:00:00+00:00,6845.52883015188
2025-08-12 00:00:00+00:00,6845.52883015188
2025-08-12 04:00:00+00:00,6845.52883015188
2025-08-12 08:00:00+00:00,6845.52883015188
2025-08-12 12:00:00+00:00,6845.52883015188
2025-08-12 16:00:00+00:00,6845.52883015188
2025-08-12 20:00:00+00:00,6845.52883015188
2025-08-13 00:00:00+00:00,6845.52883015188
2025-08-13 04:00:00+00:00,6845.52883015188
2025-08-13 08:00:00+00:00,6845.52883015188
2025-08-13 12:00:00+00:00,6845.52883015188
2025-08-13 16:00:00+00:00,6845.52883015188
2025-08-13 20:00:00+00:00,6845.52883015188
2025-08-14 00:00:00+00:00,6845.52883015188
2025-08-14 04:00:00+00:00,6845.52883015188
2025-08-14 08:00:00+00:00,6845.52883015188
2025-08-14 12:00:00+00:00,6845.52883015188
2025-08-14 16:00:00+00:00,6845.52883015188
2025-08-14 20:00:00+00:00,6845.52883015188
2025-08-15 00:00:00+00:00,6845.52883015188
2025-08-15 04:00:00+00:00,6845.52883015188
2025-08-15 08:00:00+00:00,6845.52883015188
2025-08-15 12:00:00+00:00,6845.52883015188
2025-08-15 16:00:00+00:00,6845.52883015188
2025-08-15 20:00:00+00:00,6845.52883015188
2025-08-16 00:00:00+00:00,6845.52883015188
2025-08-16 04:00:00+00:00,6845.52883015188
2025-08-16 08:00:00+00:00,6845.52883015188
2025-08-16 12:00:00+00:00,6845.52883015188
2025-08-16 16:00:00+00:00,6845.52883015188
2025-08-16 20:00:00+00:00,6845.52883015188
2025-08-17 00:00:00+00:00,6845.52883015188
2025-08-17 04:00:00+00:00,6845.52883015188
2025-08-17 08:00:00+00:00,6845.52883015188
2025-08-17 12:00:00+00:00,6845.52883015188
2025-08-17 16:00:00+00:00,6845.52883015188
2025-08-17 20:00:00+00:00,6845.52883015188
2025-08-18 00:00:00+00:00,6845.52883015188
2025-08-18 04:00:00+00:00,6845.52883015188
2025-08-18 08:00:00+00:00,6845.52883015188
2025-08-18 12:00:00+00:00,6845.52883015188
2025-08-18 16:00:00+00:00,6845.52883015188
2025-08-18 20:00:00+00:00,6845.52883015188
2025-08-19 00:00:00+00:00,6845.52883015188
2025-08-19 04:00:00+00:00,6845.52883015188
2025-08-19 08:00:00+00:00,6845.52883015188
2025-08-19 12:00:00+00:00,6845.52883015188
2025-08-19 16:00:00+00:00,6845.52883015188
2025-08-19 20:00:00+00:00,6845.52883015188
2025-08-20 00:00:00+00:00,6845.52883015188
2025-08-20 04:00:00+00:00,6845.52883015188
2025-08-20 08:00:00+00:00,6845.52883015188
2025-08-20 12:00:00+00:00,6845.52883015188
2025-08-20 16:00:00+00:00,6845.52883015188
2025-08-20 20:00:00+00:00,6845.52883015188
2025-08-21 00:00:00+00:00,6845.52883015188
2025-08-21 04:00:00+00:00,6845.52883015188
2025-08-21 08:00:00+00:00,6845.52883015188
2025-08-21 12:00:00+00:00,6845.52883015188
2025-08-21 16:00:00+00:00,6845.52883015188
2025-08-21 20:00:00+00:00,6845.52883015188
2025-08-22 00:00:00+00:00,6845.52883015188
2025-08-22 04:00:00+00:00,6845.52883015188
2025-08-22 08:00:00+00:00,6845.52883015188
2025-08-22 12:00:00+00:00,6845.52883015188
2025-08-22 16:00:00+00:00,6845.52883015188
2025-08-22 20:00:00+00:00,6845.52883015188
2025-08-23 00:00:00+00:00,6845.52883015188
2025-08-23 04:00:00+00:00,6845.52883015188
2025-08-23 08:00:00+00:00,6845.52883015188
2025-08-23 12:00:00+00:00,6845.52883015188
2025-08-23 16:00:00+00:00,6845.52883015188
2025-08-23 20:00:00+00:00,6845.52883015188
2025-08-24 00:00:00+00:00,6845.52883015188
2025-08-24 04:00:00+00:00,6845.52883015188
2025-08-24 08:00:00+00:00,6845.52883015188
2025-08-24 12:00:00+00:00,6845.52883015188
2025-08-24 16:00:00+00:00,6845.52883015188
2025-08-24 20:00:00+00:00,6845.52883015188
2025-08-25 00:00:00+00:00,6845.52883015188
2025-08-25 04:00:00+00:00,6845.52883015188
2025-08-25 08:00:00+00:00,6845.52883015188
2025-08-25 12:00:00+00:00,6845.52883015188
2025-08-25 16:00:00+00:00,6845.52883015188
2025-08-25 20:00:00+00:00,6845.52883015188
2025-08-26 00:00:00+00:00,6845.52883015188
2025-08-26 04:00:00+00:00,6845.52883015188
2025-08-26 08:00:00+00:00,6845.52883015188
2025-08-26 12:00:00+00:00,6845.52883015188
2025-08-26 16:00:00+00:00,6845.52883015188
2025-08-26 20:00:00+00:00,6845.52883015188
2025-08-27 00:00:00+00:00,6845.52883015188
2025-08-27 04:00:00+00:00,6845.52883015188
2025-08-27 08:00:00+00:00,6845.52883015188
2025-08-27 12:00:00+00:00,6845.52883015188
2025-08-27 16:00:00+00:00,6845.52883015188
2025-08-27 20:00:00+00:00,6845.52883015188
2025-08-28 00:00:00+00:00,6845.52883015188
2025-08-28 04:00:00+00:00,6845.52883015188
2025-08-28 08:00:00+00:00,6845.52883015188
2025-08-28 12:00:00+00:00,6845.52883015188
2025-08-28 16:00:00+00:00,6845.52883015188
2025-08-28 20:00:00+00:00,6845.52883015188
2025-08-29 00:00:00+00:00,6845.52883015188
2025-08-29 04:00:00+00:00,6845.52883015188
2025-08-29 08:00:00+00:00,6845.52883015188
2025-08-29 12:00:00+00:00,6845.52883015188
2025-08-29 16:00:00+00:00,6845.52883015188
2025-08-29 20:00:00+00:00,6845.52883015188
2025-08-30 00:00:00+00:00,6845.52883015188
2025-08-30 04:00:00+00:00,6845.52883015188
2025-08-30 08:00:00+00:00,6845.52883015188
2025-08-30 12:00:00+00:00,6845.52883015188
2025-08-30 16:00:00+00:00,6845.52883015188
2025-08-30 20:00:00+00:00,6845.52883015188
2025-08-31 00:00:00+00:00,6845.52883015188
2025-08-31 04:00:00+00:00,6845.52883015188
2025-08-31 08:00:00+00:00,6845.52883015188
2025-08-31 12:00:00+00:00,6845.52883015188
2025-08-31 16:00:00+00:00,6845.52883015188
2025-08-31 20:00:00+00:00,6845.52883015188
2025-09-01 00:00:00+00:00,6845.52883015188
2025-09-01 04:00:00+00:00,6845.52883015188
2025-09-01 08:00:00+00:00,6845.52883015188
2025-09-01 12:00:00+00:00,6845.52883015188
2025-09-01 16:00:00+00:00,6845.52883015188
2025-09-01 20:00:00+00:00,6845.52883015188
2025-09-02 00:00:00+00:00,6845.52883015188
2025-09-02 04:00:00+00:00,6845.52883015188
2025-09-02 08:00:00+00:00,6845.52883015188
2025-09-02 12:00:00+00:00,6845.52883015188
2025-09-02 16:00:00+00:00,6845.52883015188
2025-09-02 20:00:00+00:00,6845.52883015188
2025-09-03 00:00:00+00:00,6845.52883015188
2025-09-03 04:00:00+00:00,6845.52883015188
2025-09-03 08:00:00+00:00,6845.52883015188
2025-09-03 12:00:00+00:00,6845.52883015188
2025-09-03 16:00:00+00:00,6845.52883015188
2025-09-03 20:00:00+00:00,6845.52883015188
2025-09-04 00:00:00+00:00,6845.52883015188
2025-09-04 04:00:00+00:00,6845.52883015188
2025-09-04 08:00:00+00:00,6845.52883015188
2025-09-04 12:00:00+00:00,6845.52883015188
2025-09-04 16:00:00+00:00,6845.52883015188
2025-09-04 20:00:00+00:00,6845.52883015188
2025-09-05 00:00:00+00:00,6845.52883015188
2025-09-05 04:00:00+00:00,6845.52883015188
2025-09-05 08:00:00+00:00,6845.52883015188
2025-09-05 12:00:00+00:00,6845.52883015188
2025-09-05 16:00:00+00:00,6845.52883015188
2025-09-05 20:00:00+00:00,6845.52883015188
2025-09-06 00:00:00+00:00,6845.52883015188
2025-09-06 04:00:00+00:00,6845.52883015188
2025-09-06 08:00:00+00:00,6845.52883015188
2025-09-06 12:00:00+00:00,6845.52883015188
2025-09-06 16:00:00+00:00,6845.52883015188
2025-09-06 20:00:00+00:00,6845.52883015188
2025-09-07 00:00:00+00:00,6831.865099951977
2025-09-07 04:00:00+00:00,6927.895332280618
2025-09-07 08:00:00+00:00,7126.815099247091
2025-09-07 12:00:00+00:00,7202.267424648167
2025-09-07 16:00:00+00:00,7167.970913102224
2025-09-07 20:00:00+00:00,7071.94068077358
2025-09-08 00:00:00+00:00,8224.30346871729
2025-09-08 04:00:00+00:00,8512.394165703217
2025-09-08 08:00:00+00:00,8395.786026447007
2025-09-08 12:00:00+00:00,10357.546486874984
2025-09-08 16:00:00+00:00,10309.531370710663
2025-09-08 20:00:00+00:00,10775.963927735496
2025-09-09 00:00:00+00:00,12840.613922801307
2025-09-09 04:00:00+00:00,13053.252294386155
2025-09-09 08:00:00+00:00,14013.554617672582
2025-09-09 12:00:00+00:00,12477.070900414303
2025-09-09 16:00:00+00:00,12381.04066808566
2025-09-09 20:00:00+00:00,13231.594154425062
2025-09-10 00:00:00+00:00,13252.172061352627
2025-09-10 04:00:00+00:00,12586.819737361324
2025-09-10 08:00:00+00:00,12943.503457439136
2025-09-10 12:00:00+00:00,12737.724388163473
2025-09-10 16:00:00+00:00,12573.101132742946
2025-09-10 20:00:00+00:00,12813.176713564551
2025-09-11 00:00:00+00:00,12339.884854230528
2025-09-11 04:00:00+00:00,12017.497645698659
2025-09-11 08:00:00+00:00,11701.969739475977
2025-09-11 12:00:00+00:00,11043.47671779386
2025-09-11 16:00:00+00:00,11187.522066286821
2025-09-11 20:00:00+00:00,11345.286019398161
2025-09-12 00:00:00+00:00,11118.929043194934
2025-09-12 04:00:00+00:00,11441.316251726803
2025-09-12 08:00:00+00:00,11091.491833958178
2025-09-12 12:00:00+00:00,10718.71717056334
2025-09-12 16:00:00+00:00,10718.71717056334
2025-09-12 20:00:00+00:00,10718.71717056334
2025-09-13 00:00:00+00:00,10718.71717056334
2025-09-13 04:00:00+00:00,10718.71717056334
2025-09-13 08:00:00+00:00,10718.71717056334
2025-09-13 12:00:00+00:00,10718.71717056334
2025-09-13 16:00:00+00:00,10718.71717056334
2025-09-13 20:00:00+00:00,10718.71717056334
2025-09-14 00:00:00+00:00,10718.71717056334
2025-09-14 04:00:00+00:00,10718.71717056334
2025-09-14 08:00:00+00:00,10718.71717056334
2025-09-14 12:00:00+00:00,10718.71717056334
2025-09-14 16:00:00+00:00,10718.71717056334
2025-09-14 20:00:00+00:00,10718.71717056334
2025-09-15 00:00:00+00:00,10718.71717056334
2025-09-15 04:00:00+00:00,10718.71717056334
2025-09-15 08:00:00+00:00,10718.71717056334
2025-09-15 12:00:00+00:00,10718.71717056334
2025-09-15 16:00:00+00:00,10718.71717056334
2025-09-15 20:00:00+00:00,10718.71717056334
2025-09-16 00:00:00+00:00,10718.71717056334
2025-09-16 04:00:00+00:00,10718.71717056334
2025-09-16 08:00:00+00:00,10718.71717056334
2025-09-16 12:00:00+00:00,10718.71717056334
2025-09-16 16:00:00+00:00,10718.71717056334
2025-09-16 20:00:00+00:00,10718.71717056334
2025-09-17 00:00:00+00:00,10718.71717056334
2025-09-17 04:00:00+00:00,10718.71717056334
2025-09-17 08:00:00+00:00,10718.71717056334
2025-09-17 12:00:00+00:00,10718.71717056334
2025-09-17 16:00:00+00:00,10718.71717056334
2025-09-17 20:00:00+00:00,10718.71717056334
2025-09-18 00:00:00+00:00,10718.71717056334
2025-09-18 04:00:00+00:00,10718.71717056334
2025-09-18 08:00:00+00:00,10718.71717056334
2025-09-18 12:00:00+00:00,10718.71717056334
2025-09-18 16:00:00+00:00,10718.71717056334
2025-09-18 20:00:00+00:00,10718.71717056334
2025-09-19 00:00:00+00:00,10718.71717056334
2025-09-19 04:00:00+00:00,10718.71717056334
2025-09-19 08:00:00+00:00,10718.71717056334
2025-09-19 12:00:00+00:00,10718.71717056334
2025-09-19 16:00:00+00:00,10718.71717056334
2025-09-19 20:00:00+00:00,10718.71717056334
2025-09-20 00:00:00+00:00,10718.71717056334
2025-09-20 04:00:00+00:00,10718.71717056334
2025-09-20 08:00:00+00:00,10718.71717056334
2025-09-20 12:00:00+00:00,10718.71717056334
2025-09-20 16:00:00+00:00,10718.71717056334
2025-09-20 20:00:00+00:00,10718.71717056334
2025-09-21 00:00:00+00:00,10718.71717056334
2025-09-21 04:00:00+00:00,10718.71717056334
2025-09-21 08:00:00+00:00,10718.71717056334
2025-09-21 12:00:00+00:00,10718.71717056334
2025-09-21 16:00:00+00:00,10718.71717056334
2025-09-21 20:00:00+00:00,10718.71717056334
2025-09-22 00:00:00+00:00,10718.71717056334
2025-09-22 04:00:00+00:00,10718.71717056334
2025-09-22 08:00:00+00:00,10718.71717056334
2025-09-22 12:00:00+00:00,10718.71717056334
2025-09-22 16:00:00+00:00,10718.71717056334
2025-09-22 20:00:00+00:00,10718.71717056334
2025-09-23 00:00:00+00:00,10718.71717056334
2025-09-23 04:00:00+00:00,10718.71717056334
2025-09-23 08:00:00+00:00,10718.71717056334
2025-09-23 12:00:00+00:00,10718.71717056334
2025-09-23 16:00:00+00:00,10718.71717056334
2025-09-23 20:00:00+00:00,10718.71717056334
2025-09-24 00:00:00+00:00,10718.71717056334
2025-09-24 04:00:00+00:00,10718.71717056334
2025-09-24 08:00:00+00:00,10718.71717056334
2025-09-24 12:00:00+00:00,10718.71717056334
2025-09-24 16:00:00+00:00,10718.71717056334
2025-09-24 20:00:00+00:00,10718.71717056334
2025-09-25 00:00:00+00:00,10718.71717056334
2025-09-25 04:00:00+00:00,10718.71717056334
2025-09-25 08:00:00+00:00,10718.71717056334
2025-09-25 12:00:00+00:00,10718.71717056334
2025-09-25 16:00:00+00:00,10718.71717056334
2025-09-25 20:00:00+00:00,10718.71717056334
2025-09-26 00:00:00+00:00,10718.71717056334
2025-09-26 04:00:00+00:00,10718.71717056334
2025-09-26 08:00:00+00:00,10718.71717056334
2025-09-26 12:00:00+00:00,10718.71717056334
2025-09-26 16:00:00+00:00,10718.71717056334
2025-09-26 20:00:00+00:00,10718.71717056334
2025-09-27 00:00:00+00:00,10718.71717056334
2025-09-27 04:00:00+00:00,10718.71717056334
2025-09-27 08:00:00+00:00,10718.71717056334
2025-09-27 12:00:00+00:00,10718.71717056334
2025-09-27 16:00:00+00:00,10718.71717056334
2025-09-27 20:00:00+00:00,10718.71717056334
2025-09-28 00:00:00+00:00,10718.71717056334
2025-09-28 04:00:00+00:00,10718.71717056334
2025-09-28 08:00:00+00:00,10718.71717056334
2025-09-28 12:00:00+00:00,10718.71717056334
2025-09-28 16:00:00+00:00,10718.71717056334
2025-09-28 20:00:00+00:00,10718.71717056334
2025-09-29 00:00:00+00:00,10718.71717056334
2025-09-29 04:00:00+00:00,10718.71717056334
2025-09-29 08:00:00+00:00,10718.71717056334
2025-09-29 12:00:00+00:00,10718.71717056334
2025-09-29 16:00:00+00:00,10718.71717056334
2025-09-29 20:00:00+00:00,10718.71717056334
2025-09-30 00:00:00+00:00,10718.71717056334
2025-09-30 04:00:00+00:00,10718.71717056334
2025-09-30 08:00:00+00:00,10718.71717056334
2025-09-30 12:00:00+00:00,10718.71717056334
2025-09-30 16:00:00+00:00,10718.71717056334
2025-09-30 20:00:00+00:00,10718.71717056334
2025-10-01 00:00:00+00:00,10718.71717056334
2025-10-01 04:00:00+00:00,10718.71717056334
2025-10-01 08:00:00+00:00,10718.71717056334
2025-10-01 12:00:00+00:00,10718.71717056334
2025-10-01 16:00:00+00:00,10718.71717056334
2025-10-01 20:00:00+00:00,10718.71717056334
2025-10-02 00:00:00+00:00,10718.71717056334
2025-10-02 04:00:00+00:00,10718.71717056334
2025-10-02 08:00:00+00:00,10718.71717056334
2025-10-02 12:00:00+00:00,10718.71717056334
2025-10-02 16:00:00+00:00,10718.71717056334
2025-10-02 20:00:00+00:00,10718.71717056334
2025-10-03 00:00:00+00:00,10718.71717056334
2025-10-03 04:00:00+00:00,10718.71717056334
2025-10-03 08:00:00+00:00,10718.71717056334
2025-10-03 12:00:00+00:00,10718.71717056334
2025-10-03 16:00:00+00:00,10718.71717056334
2025-10-03 20:00:00+00:00,10718.71717056334
2025-10-04 00:00:00+00:00,10718.71717056334
2025-10-04 04:00:00+00:00,10718.71717056334
2025-10-04 08:00:00+00:00,10718.71717056334
2025-10-04 12:00:00+00:00,10718.71717056334
2025-10-04 16:00:00+00:00,10718.71717056334
2025-10-04 20:00:00+00:00,10718.71717056334
2025-10-05 00:00:00+00:00,10718.71717056334
2025-10-05 04:00:00+00:00,10718.71717056334
2025-10-05 08:00:00+00:00,10718.71717056334
2025-10-05 12:00:00+00:00,10718.71717056334
2025-10-05 16:00:00+00:00,10718.71717056334
2025-10-05 20:00:00+00:00,10718.71717056334
2025-10-06 00:00:00+00:00,10718.71717056334
2025-10-06 04:00:00+00:00,10718.71717056334
2025-10-06 08:00:00+00:00,10718.71717056334
2025-10-06 12:00:00+00:00,10718.71717056334
2025-10-06 16:00:00+00:00,10718.71717056334
2025-10-06 20:00:00+00:00,10718.71717056334
2025-10-07 00:00:00+00:00,10718.71717056334
2025-10-07 04:00:00+00:00,10718.71717056334
2025-10-07 08:00:00+00:00,10718.71717056334
2025-10-07 12:00:00+00:00,10718.71717056334
2025-10-07 16:00:00+00:00,10718.71717056334
2025-10-07 20:00:00+00:00,10718.71717056334
2025-10-08 00:00:00+00:00,10718.71717056334
2025-10-08 04:00:00+00:00,10718.71717056334
2025-10-08 08:00:00+00:00,10718.71717056334
2025-10-08 12:00:00+00:00,10718.71717056334
2025-10-08 16:00:00+00:00,10718.71717056334
2025-10-08 20:00:00+00:00,10718.71717056334
2025-10-09 00:00:00+00:00,10718.71717056334
2025-10-09 04:00:00+00:00,10718.71717056334
2025-10-09 08:00:00+00:00,10718.71717056334
2025-10-09 12:00:00+00:00,10718.71717056334
2025-10-09 16:00:00+00:00,10718.71717056334
2025-10-09 20:00:00+00:00,10718.71717056334
2025-10-10 00:00:00+00:00,10718.71717056334
2025-10-10 04:00:00+00:00,10718.71717056334
2025-10-10 08:00:00+00:00,10718.71717056334
2025-10-10 12:00:00+00:00,10718.71717056334
2025-10-10 16:00:00+00:00,10718.71717056334
2025-10-10 20:00:00+00:00,10718.71717056334
2025-10-11 00:00:00+00:00,10718.71717056334
2025-10-11 04:00:00+00:00,10718.71717056334
2025-10-11 08:00:00+00:00,10718.71717056334
2025-10-11 12:00:00+00:00,10718.71717056334
2025-10-11 16:00:00+00:00,10718.71717056334
2025-10-11 20:00:00+00:00,10718.71717056334
2025-10-12 00:00:00+00:00,10718.71717056334
2025-10-12 04:00:00+00:00,10718.71717056334
2025-10-12 08:00:00+00:00,10718.71717056334
2025-10-12 12:00:00+00:00,10718.71717056334
2025-10-12 16:00:00+00:00,10718.71717056334
2025-10-12 20:00:00+00:00,10718.71717056334
2025-10-13 00:00:00+00:00,10718.71717056334
2025-10-13 04:00:00+00:00,10718.71717056334
2025-10-13 08:00:00+00:00,10718.71717056334
2025-10-13 12:00:00+00:00,10718.71717056334
2025-10-13 16:00:00+00:00,10718.71717056334
2025-10-13 20:00:00+00:00,10718.71717056334
2025-10-14 00:00:00+00:00,10718.71717056334
2025-10-14 04:00:00+00:00,10718.71717056334
2025-10-14 08:00:00+00:00,10718.71717056334
2025-10-14 12:00:00+00:00,10718.71717056334
2025-10-14 16:00:00+00:00,10718.71717056334
2025-10-14 20:00:00+00:00,10718.71717056334
2025-10-15 00:00:00+00:00,10718.71717056334
2025-10-15 04:00:00+00:00,10718.71717056334
2025-10-15 08:00:00+00:00,10718.71717056334
2025-10-15 12:00:00+00:00,10718.71717056334
2025-10-15 16:00:00+00:00,10718.71717056334
2025-10-15 20:00:00+00:00,10718.71717056334
2025-10-16 00:00:00+00:00,10718.71717056334
2025-10-16 04:00:00+00:00,10718.71717056334
2025-10-16 08:00:00+00:00,10718.71717056334
2025-10-16 12:00:00+00:00,10718.71717056334
2025-10-16 16:00:00+00:00,10718.71717056334
2025-10-16 20:00:00+00:00,10718.71717056334
2025-10-17 00:00:00+00:00,10718.71717056334
2025-10-17 04:00:00+00:00,10718.71717056334
2025-10-17 08:00:00+00:00,10718.71717056334
2025-10-17 12:00:00+00:00,10718.71717056334
2025-10-17 16:00:00+00:00,10718.71717056334
2025-10-17 20:00:00+00:00,10718.71717056334
2025-10-18 00:00:00+00:00,10718.71717056334
2025-10-18 04:00:00+00:00,10718.71717056334
2025-10-18 08:00:00+00:00,10718.71717056334
2025-10-18 12:00:00+00:00,10718.71717056334
2025-10-18 16:00:00+00:00,10718.71717056334
2025-10-18 20:00:00+00:00,10718.71717056334
2025-10-19 00:00:00+00:00,10718.71717056334
2025-10-19 04:00:00+00:00,10718.71717056334
2025-10-19 08:00:00+00:00,10718.71717056334
2025-10-19 12:00:00+00:00,10718.71717056334
2025-10-19 16:00:00+00:00,10718.71717056334
2025-10-19 20:00:00+00:00,10718.71717056334
2025-10-20 00:00:00+00:00,10718.71717056334
2025-10-20 04:00:00+00:00,10718.71717056334
2025-10-20 08:00:00+00:00,10718.71717056334
2025-10-20 12:00:00+00:00,10718.71717056334
2025-10-20 16:00:00+00:00,10718.71717056334
2025-10-20 20:00:00+00:00,10718.71717056334
2025-10-21 00:00:00+00:00,10718.71717056334
2025-10-21 04:00:00+00:00,10718.71717056334
2025-10-21 08:00:00+00:00,10718.71717056334
2025-10-21 12:00:00+00:00,10718.71717056334
2025-10-21 16:00:00+00:00,10718.71717056334
2025-10-21 20:00:00+00:00,10718.71717056334
2025-10-22 00:00:00+00:00,10718.71717056334
2025-10-22 04:00:00+00:00,10718.71717056334
2025-10-22 08:00:00+00:00,10718.71717056334
2025-10-22 12:00:00+00:00,10718.71717056334
2025-10-22 16:00:00+00:00,10718.71717056334
2025-10-22 20:00:00+00:00,10718.71717056334
2025-10-23 00:00:00+00:00,10718.71717056334
2025-10-23 04:00:00+00:00,10718.71717056334
2025-10-23 08:00:00+00:00,10718.71717056334
2025-10-23 12:00:00+00:00,10718.71717056334
2025-10-23 16:00:00+00:00,10718.71717056334
2025-10-23 20:00:00+00:00,10718.71717056334
2025-10-24 00:00:00+00:00,10718.71717056334
2025-10-24 04:00:00+00:00,10718.71717056334
2025-10-24 08:00:00+00:00,10718.71717056334
2025-10-24 12:00:00+00:00,10718.71717056334
2025-10-24 16:00:00+00:00,10718.71717056334
2025-10-24 20:00:00+00:00,10718.71717056334
2025-10-25 00:00:00+00:00,10718.71717056334
2025-10-25 04:00:00+00:00,10718.71717056334
2025-10-25 08:00:00+00:00,10718.71717056334
2025-10-25 12:00:00+00:00,10718.71717056334
2025-10-25 16:00:00+00:00,10718.71717056334
2025-10-25 20:00:00+00:00,10718.71717056334
2025-10-26 00:00:00+00:00,10718.71717056334
2025-10-26 04:00:00+00:00,10718.71717056334
2025-10-26 08:00:00+00:00,10718.71717056334
2025-10-26 12:00:00+00:00,10718.71717056334
2025-10-26 16:00:00+00:00,10718.71717056334
2025-10-26 20:00:00+00:00,10718.71717056334
2025-10-27 00:00:00+00:00,10718.71717056334
2025-10-27 04:00:00+00:00,10718.71717056334
2025-10-27 08:00:00+00:00,10718.71717056334
2025-10-27 12:00:00+00:00,10718.71717056334
2025-10-27 16:00:00+00:00,10718.71717056334
2025-10-27 20:00:00+00:00,10718.71717056334
2025-10-28 00:00:00+00:00,10718.71717056334
2025-10-28 04:00:00+00:00,10718.71717056334
2025-10-28 08:00:00+00:00,10718.71717056334
2025-10-28 12:00:00+00:00,10718.71717056334
2025-10-28 16:00:00+00:00,10718.71717056334
2025-10-28 20:00:00+00:00,10718.71717056334
2025-10-29 00:00:00+00:00,10718.71717056334
2025-10-29 04:00:00+00:00,10718.71717056334
2025-10-29 08:00:00+00:00,10718.71717056334
2025-10-29 12:00:00+00:00,10718.71717056334
2025-10-29 16:00:00+00:00,10718.71717056334
2025-10-29 20:00:00+00:00,10718.71717056334
2025-10-30 00:00:00+00:00,10718.71717056334
2025-10-30 04:00:00+00:00,10718.71717056334
2025-10-30 08:00:00+00:00,10718.71717056334
2025-10-30 12:00:00+00:00,10718.71717056334
2025-10-30 16:00:00+00:00,10718.71717056334
2025-10-30 20:00:00+00:00,10718.71717056334
2025-10-31 00:00:00+00:00,10718.71717056334
2025-10-31 04:00:00+00:00,10718.71717056334
2025-10-31 08:00:00+00:00,10718.71717056334
2025-10-31 12:00:00+00:00,10718.71717056334
2025-10-31 16:00:00+00:00,10718.71717056334
2025-10-31 20:00:00+00:00,10718.71717056334
2025-11-01 00:00:00+00:00,10718.71717056334
2025-11-01 04:00:00+00:00,10718.71717056334
2025-11-01 08:00:00+00:00,10718.71717056334
2025-11-01 12:00:00+00:00,10718.71717056334
2025-11-01 16:00:00+00:00,10718.71717056334
2025-11-01 20:00:00+00:00,10718.71717056334
2025-11-02 00:00:00+00:00,10718.71717056334
2025-11-02 04:00:00+00:00,10718.71717056334
2025-11-02 08:00:00+00:00,10718.71717056334
2025-11-02 12:00:00+00:00,10718.71717056334
2025-11-02 16:00:00+00:00,10718.71717056334
2025-11-02 20:00:00+00:00,10718.71717056334
2025-11-03 00:00:00+00:00,10718.71717056334
2025-11-03 04:00:00+00:00,10718.71717056334
2025-11-03 08:00:00+00:00,10718.71717056334
2025-11-03 12:00:00+00:00,10718.71717056334
2025-11-03 16:00:00+00:00,10718.71717056334
2025-11-03 20:00:00+00:00,10718.71717056334
2025-11-04 00:00:00+00:00,10718.71717056334
2025-11-04 04:00:00+00:00,10718.71717056334
2025-11-04 08:00:00+00:00,10718.71717056334
2025-11-04 12:00:00+00:00,10718.71717056334
2025-11-04 16:00:00+00:00,10718.71717056334
2025-11-04 20:00:00+00:00,10718.71717056334
2025-11-05 00:00:00+00:00,10718.71717056334
2025-11-05 04:00:00+00:00,10718.71717056334
2025-11-05 08:00:00+00:00,10718.71717056334
2025-11-05 12:00:00+00:00,10718.71717056334
2025-11-05 16:00:00+00:00,10718.71717056334
2025-11-05 20:00:00+00:00,10718.71717056334
2025-11-06 00:00:00+00:00,10718.71717056334
2025-11-06 04:00:00+00:00,10718.71717056334
2025-11-06 08:00:00+00:00,10718.71717056334
2025-11-06 12:00:00+00:00,10718.71717056334
2025-11-06 16:00:00+00:00,10718.71717056334
2025-11-06 20:00:00+00:00,10718.71717056334
2025-11-07 00:00:00+00:00,10718.71717056334
2025-11-07 04:00:00+00:00,10718.71717056334
2025-11-07 08:00:00+00:00,10718.71717056334
2025-11-07 12:00:00+00:00,10718.71717056334
2025-11-07 16:00:00+00:00,10718.71717056334
2025-11-07 20:00:00+00:00,10718.71717056334
2025-11-08 00:00:00+00:00,10718.71717056334
2025-11-08 04:00:00+00:00,10718.71717056334
2025-11-08 08:00:00+00:00,10718.71717056334
2025-11-08 12:00:00+00:00,10718.71717056334
2025-11-08 16:00:00+00:00,10718.71717056334
2025-11-08 20:00:00+00:00,10718.71717056334
2025-11-09 00:00:00+00:00,10718.71717056334
2025-11-09 04:00:00+00:00,10718.71717056334
2025-11-09 08:00:00+00:00,10718.71717056334
2025-11-09 12:00:00+00:00,10718.71717056334
2025-11-09 16:00:00+00:00,10718.71717056334
2025-11-09 20:00:00+00:00,10718.71717056334
2025-11-10 00:00:00+00:00,10718.71717056334
2025-11-10 04:00:00+00:00,10718.71717056334
2025-11-10 08:00:00+00:00,10718.71717056334
2025-11-10 12:00:00+00:00,10718.71717056334
2025-11-10 16:00:00+00:00,10718.71717056334
2025-11-10 20:00:00+00:00,10718.71717056334
2025-11-11 00:00:00+00:00,10718.71717056334
2025-11-11 04:00:00+00:00,10718.71717056334
2025-11-11 08:00:00+00:00,10718.71717056334
2025-11-11 12:00:00+00:00,10718.71717056334
2025-11-11 16:00:00+00:00,10718.71717056334
2025-11-11 20:00:00+00:00,10718.71717056334
2025-11-12 00:00:00+00:00,10718.71717056334
2025-11-12 04:00:00+00:00,10718.71717056334
2025-11-12 08:00:00+00:00,10718.71717056334
2025-11-12 12:00:00+00:00,10718.71717056334
2025-11-12 16:00:00+00:00,10718.71717056334
2025-11-12 20:00:00+00:00,10718.71717056334
2025-11-13 00:00:00+00:00,10718.71717056334
2025-11-13 04:00:00+00:00,10718.71717056334
2025-11-13 08:00:00+00:00,10718.71717056334
2025-11-13 12:00:00+00:00,10718.71717056334
2025-11-13 16:00:00+00:00,10718.71717056334
2025-11-13 20:00:00+00:00,10718.71717056334
2025-11-14 00:00:00+00:00,10718.71717056334
2025-11-14 04:00:00+00:00,10718.71717056334
2025-11-14 08:00:00+00:00,10718.71717056334
2025-11-14 12:00:00+00:00,10718.71717056334
2025-11-14 16:00:00+00:00,10718.71717056334
2025-11-14 20:00:00+00:00,10718.71717056334
2025-11-15 00:00:00+00:00,10718.71717056334
2025-11-15 04:00:00+00:00,10718.71717056334
2025-11-15 08:00:00+00:00,10718.71717056334
2025-11-15 12:00:00+00:00,10718.71717056334
2025-11-15 16:00:00+00:00,10718.71717056334
2025-11-15 20:00:00+00:00,10718.71717056334
2025-11-16 00:00:00+00:00,10718.71717056334
2025-11-16 04:00:00+00:00,10718.71717056334
2025-11-16 08:00:00+00:00,10718.71717056334
2025-11-16 12:00:00+00:00,10718.71717056334
2025-11-16 16:00:00+00:00,10718.71717056334
2025-11-16 20:00:00+00:00,10718.71717056334
2025-11-17 00:00:00+00:00,10718.71717056334
2025-11-17 04:00:00+00:00,10718.71717056334
2025-11-17 08:00:00+00:00,10718.71717056334
2025-11-17 12:00:00+00:00,10718.71717056334
2025-11-17 16:00:00+00:00,10718.71717056334
2025-11-17 20:00:00+00:00,10718.71717056334
2025-11-18 00:00:00+00:00,10718.71717056334
2025-11-18 04:00:00+00:00,10718.71717056334
2025-11-18 08:00:00+00:00,10718.71717056334
2025-11-18 12:00:00+00:00,10718.71717056334
2025-11-18 16:00:00+00:00,10718.71717056334
2025-11-18 20:00:00+00:00,10718.71717056334
2025-11-19 00:00:00+00:00,10718.71717056334
2025-11-19 04:00:00+00:00,10718.71717056334
2025-11-19 08:00:00+00:00,10718.71717056334
2025-11-19 12:00:00+00:00,10718.71717056334
2025-11-19 16:00:00+00:00,10718.71717056334
2025-11-19 20:00:00+00:00,10718.71717056334
2025-11-20 00:00:00+00:00,10718.71717056334
2025-11-20 04:00:00+00:00,10718.71717056334
2025-11-20 08:00:00+00:00,10718.71717056334
2025-11-20 12:00:00+00:00,10718.71717056334
2025-11-20 16:00:00+00:00,10718.71717056334
2025-11-20 20:00:00+00:00,10718.71717056334
2025-11-21 00:00:00+00:00,10718.71717056334
2025-11-21 04:00:00+00:00,10718.71717056334
2025-11-21 08:00:00+00:00,10718.71717056334
2025-11-21 12:00:00+00:00,10718.71717056334
2025-11-21 16:00:00+00:00,10718.71717056334
2025-11-21 20:00:00+00:00,10718.71717056334
2025-11-22 00:00:00+00:00,10718.71717056334
2025-11-22 04:00:00+00:00,10718.71717056334
2025-11-22 08:00:00+00:00,10718.71717056334
2025-11-22 12:00:00+00:00,10718.71717056334
2025-11-22 16:00:00+00:00,10718.71717056334
2025-11-22 20:00:00+00:00,10718.71717056334
2025-11-23 00:00:00+00:00,10718.71717056334
2025-11-23 04:00:00+00:00,10718.71717056334
2025-11-23 08:00:00+00:00,10718.71717056334
2025-11-23 12:00:00+00:00,10718.71717056334
2025-11-23 16:00:00+00:00,10718.71717056334
2025-11-23 20:00:00+00:00,10718.71717056334
2025-11-24 00:00:00+00:00,10718.71717056334
2025-11-24 04:00:00+00:00,10718.71717056334
2025-11-24 08:00:00+00:00,10718.71717056334
2025-11-24 12:00:00+00:00,10718.71717056334
2025-11-24 16:00:00+00:00,10718.71717056334
2025-11-24 20:00:00+00:00,10718.71717056334
2025-11-25 00:00:00+00:00,10718.71717056334
2025-11-25 04:00:00+00:00,10718.71717056334
2025-11-25 08:00:00+00:00,10718.71717056334
2025-11-25 12:00:00+00:00,10718.71717056334
2025-11-25 16:00:00+00:00,10718.71717056334
2025-11-25 20:00:00+00:00,10718.71717056334
2025-11-26 00:00:00+00:00,10718.71717056334
2025-11-26 04:00:00+00:00,10718.71717056334
2025-11-26 08:00:00+00:00,10718.71717056334
2025-11-26 12:00:00+00:00,10718.71717056334
2025-11-26 16:00:00+00:00,10718.71717056334
2025-11-26 20:00:00+00:00,10718.71717056334
2025-11-27 00:00:00+00:00,10718.71717056334
2025-11-27 04:00:00+00:00,10718.71717056334
2025-11-27 08:00:00+00:00,10718.71717056334
2025-11-27 12:00:00+00:00,10718.71717056334
2025-11-27 16:00:00+00:00,10718.71717056334
2025-11-27 20:00:00+00:00,10718.71717056334
2025-11-28 00:00:00+00:00,10718.71717056334
2025-11-28 04:00:00+00:00,10718.71717056334
2025-11-28 08:00:00+00:00,10718.71717056334
2025-11-28 12:00:00+00:00,10718.71717056334
2025-11-28 16:00:00+00:00,10718.71717056334
2025-11-28 20:00:00+00:00,10718.71717056334
2025-11-29 00:00:00+00:00,10718.71717056334
2025-11-29 04:00:00+00:00,10718.71717056334
2025-11-29 08:00:00+00:00,10718.71717056334
2025-11-29 12:00:00+00:00,10718.71717056334
2025-11-29 16:00:00+00:00,10718.71717056334
2025-11-29 20:00:00+00:00,10718.71717056334
2025-11-30 00:00:00+00:00,10718.71717056334
2025-11-30 04:00:00+00:00,10718.71717056334
2025-11-30 08:00:00+00:00,10718.71717056334
2025-11-30 12:00:00+00:00,10718.71717056334
2025-11-30 16:00:00+00:00,10718.71717056334
2025-11-30 20:00:00+00:00,10718.71717056334
2025-12-01 00:00:00+00:00,10718.71717056334
2025-12-01 04:00:00+00:00,10718.71717056334
2025-12-01 08:00:00+00:00,10718.71717056334
2025-12-01 12:00:00+00:00,10718.71717056334
2025-12-01 16:00:00+00:00,10718.71717056334
2025-12-01 20:00:00+00:00,10718.71717056334
2025-12-02 00:00:00+00:00,10718.71717056334
2025-12-02 04:00:00+00:00,10718.71717056334
2025-12-02 08:00:00+00:00,10718.71717056334
2025-12-02 12:00:00+00:00,10718.71717056334
2025-12-02 16:00:00+00:00,10718.71717056334
2025-12-02 20:00:00+00:00,10718.71717056334
2025-12-03 00:00:00+00:00,10718.71717056334
2025-12-03 04:00:00+00:00,10718.71717056334
2025-12-03 08:00:00+00:00,10718.71717056334
2025-12-03 12:00:00+00:00,10718.71717056334
2025-12-03 16:00:00+00:00,10718.71717056334
2025-12-03 20:00:00+00:00,10718.71717056334
2025-12-04 00:00:00+00:00,10718.71717056334
2025-12-04 04:00:00+00:00,10718.71717056334
2025-12-04 08:00:00+00:00,10718.71717056334
2025-12-04 12:00:00+00:00,10718.71717056334
2025-12-04 16:00:00+00:00,10718.71717056334
2025-12-04 20:00:00+00:00,10718.71717056334
2025-12-05 00:00:00+00:00,10718.71717056334
2025-12-05 04:00:00+00:00,10718.71717056334
2025-12-05 08:00:00+00:00,10718.71717056334
2025-12-05 12:00:00+00:00,10718.71717056334
2025-12-05 16:00:00+00:00,10718.71717056334
2025-12-05 20:00:00+00:00,10718.71717056334
2025-12-06 00:00:00+00:00,10718.71717056334
2025-12-06 04:00:00+00:00,10718.71717056334
2025-12-06 08:00:00+00:00,10718.71717056334
2025-12-06 12:00:00+00:00,10718.71717056334
2025-12-06 16:00:00+00:00,10718.71717056334
2025-12-06 20:00:00+00:00,10718.71717056334
2025-12-07 00:00:00+00:00,10718.71717056334
2025-12-07 04:00:00+00:00,10718.71717056334
2025-12-07 08:00:00+00:00,10718.71717056334
2025-12-07 12:00:00+00:00,10718.71717056334
2025-12-07 16:00:00+00:00,10718.71717056334
2025-12-07 20:00:00+00:00,10718.71717056334
2025-12-08 00:00:00+00:00,10718.71717056334
2025-12-08 04:00:00+00:00,10718.71717056334
2025-12-08 08:00:00+00:00,10718.71717056334
2025-12-08 12:00:00+00:00,10718.71717056334
2025-12-08 16:00:00+00:00,10718.71717056334
2025-12-08 20:00:00+00:00,10718.71717056334
2025-12-09 00:00:00+00:00,10718.71717056334
2025-12-09 04:00:00+00:00,10718.71717056334
2025-12-09 08:00:00+00:00,10718.71717056334
2025-12-09 12:00:00+00:00,10718.71717056334
2025-12-09 16:00:00+00:00,10718.71717056334
2025-12-09 20:00:00+00:00,10718.71717056334
2025-12-10 00:00:00+00:00,10718.71717056334
2025-12-10 04:00:00+00:00,10718.71717056334
2025-12-10 08:00:00+00:00,10718.71717056334
2025-12-10 12:00:00+00:00,10718.71717056334
2025-12-10 16:00:00+00:00,10718.71717056334
2025-12-10 20:00:00+00:00,10718.71717056334
2025-12-11 00:00:00+00:00,10718.71717056334
2025-12-11 04:00:00+00:00,10718.71717056334
2025-12-11 08:00:00+00:00,10718.71717056334
2025-12-11 12:00:00+00:00,10718.71717056334
2025-12-11 16:00:00+00:00,10718.71717056334
2025-12-11 20:00:00+00:00,10718.71717056334
2025-12-12 00:00:00+00:00,10718.71717056334
2025-12-12 04:00:00+00:00,10718.71717056334
2025-12-12 08:00:00+00:00,10718.71717056334
2025-12-12 12:00:00+00:00,10718.71717056334
2025-12-12 16:00:00+00:00,10718.71717056334
2025-12-12 20:00:00+00:00,10718.71717056334
2025-12-13 00:00:00+00:00,10718.71717056334
2025-12-13 04:00:00+00:00,10718.71717056334
2025-12-13 08:00:00+00:00,10718.71717056334
2025-12-13 12:00:00+00:00,10718.71717056334
2025-12-13 16:00:00+00:00,10718.71717056334
2025-12-13 20:00:00+00:00,10718.71717056334
2025-12-14 00:00:00+00:00,10718.71717056334
2025-12-14 04:00:00+00:00,10718.71717056334
2025-12-14 08:00:00+00:00,10718.71717056334
2025-12-14 12:00:00+00:00,10718.71717056334
2025-12-14 16:00:00+00:00,10718.71717056334
2025-12-14 20:00:00+00:00,10718.71717056334
2025-12-15 00:00:00+00:00,10718.71717056334
2025-12-15 04:00:00+00:00,10718.71717056334
2025-12-15 08:00:00+00:00,10718.71717056334
2025-12-15 12:00:00+00:00,10718.71717056334
2025-12-15 16:00:00+00:00,10718.71717056334
2025-12-15 20:00:00+00:00,10718.71717056334
2025-12-16 00:00:00+00:00,10718.71717056334
2025-12-16 04:00:00+00:00,10718.71717056334
2025-12-16 08:00:00+00:00,10718.71717056334
2025-12-16 12:00:00+00:00,10718.71717056334
2025-12-16 16:00:00+00:00,10718.71717056334
2025-12-16 20:00:00+00:00,10718.71717056334
2025-12-17 00:00:00+00:00,10718.71717056334
2025-12-17 04:00:00+00:00,10718.71717056334
2025-12-17 08:00:00+00:00,10718.71717056334
2025-12-17 12:00:00+00:00,10718.71717056334
2025-12-17 16:00:00+00:00,10718.71717056334
2025-12-17 20:00:00+00:00,10718.71717056334
2025-12-18 00:00:00+00:00,10718.71717056334
2025-12-18 04:00:00+00:00,10718.71717056334
2025-12-18 08:00:00+00:00,10718.71717056334
2025-12-18 12:00:00+00:00,10718.71717056334
2025-12-18 16:00:00+00:00,10718.71717056334
2025-12-18 20:00:00+00:00,10718.71717056334
2025-12-19 00:00:00+00:00,10718.71717056334
2025-12-19 04:00:00+00:00,10718.71717056334
2025-12-19 08:00:00+00:00,10718.71717056334
2025-12-19 12:00:00+00:00,10718.71717056334
2025-12-19 16:00:00+00:00,10718.71717056334
2025-12-19 20:00:00+00:00,10718.71717056334
2025-12-20 00:00:00+00:00,10718.71717056334
2025-12-20 04:00:00+00:00,10718.71717056334
2025-12-20 08:00:00+00:00,10718.71717056334
2025-12-20 12:00:00+00:00,10718.71717056334
2025-12-20 16:00:00+00:00,10718.71717056334
2025-12-20 20:00:00+00:00,10718.71717056334
2025-12-21 00:00:00+00:00,10718.71717056334
2025-12-21 04:00:00+00:00,10718.71717056334
2025-12-21 08:00:00+00:00,10718.71717056334
2025-12-21 12:00:00+00:00,10718.71717056334
2025-12-21 16:00:00+00:00,10718.71717056334
2025-12-21 20:00:00+00:00,10718.71717056334
2025-12-22 00:00:00+00:00,10718.71717056334
2025-12-22 04:00:00+00:00,10718.71717056334
2025-12-22 08:00:00+00:00,10718.71717056334
2025-12-22 12:00:00+00:00,10718.71717056334
2025-12-22 16:00:00+00:00,10718.71717056334
2025-12-22 20:00:00+00:00,10718.71717056334
2025-12-23 00:00:00+00:00,10718.71717056334
2025-12-23 04:00:00+00:00,10718.71717056334
2025-12-23 08:00:00+00:00,10718.71717056334
2025-12-23 12:00:00+00:00,10718.71717056334
2025-12-23 16:00:00+00:00,10718.71717056334
2025-12-23 20:00:00+00:00,10718.71717056334
2025-12-24 00:00:00+00:00,10718.71717056334
2025-12-24 04:00:00+00:00,10718.71717056334
2025-12-24 08:00:00+00:00,10718.71717056334
2025-12-24 12:00:00+00:00,10718.71717056334
2025-12-24 16:00:00+00:00,10718.71717056334
2025-12-24 20:00:00+00:00,10718.71717056334
2025-12-25 00:00:00+00:00,10718.71717056334
2025-12-25 04:00:00+00:00,10718.71717056334
2025-12-25 08:00:00+00:00,10718.71717056334
2025-12-25 12:00:00+00:00,10718.71717056334
2025-12-25 16:00:00+00:00,10718.71717056334
2025-12-25 20:00:00+00:00,10718.71717056334
2025-12-26 00:00:00+00:00,10718.71717056334
2025-12-26 04:00:00+00:00,10718.71717056334
2025-12-26 08:00:00+00:00,10718.71717056334
2025-12-26 12:00:00+00:00,10718.71717056334
2025-12-26 16:00:00+00:00,10718.71717056334
2025-12-26 20:00:00+00:00,10718.71717056334
2025-12-27 00:00:00+00:00,10718.71717056334
2025-12-27 04:00:00+00:00,10718.71717056334
2025-12-27 08:00:00+00:00,10718.71717056334
2025-12-27 12:00:00+00:00,10718.71717056334
2025-12-27 16:00:00+00:00,10718.71717056334
2025-12-27 20:00:00+00:00,10718.71717056334
2025-12-28 00:00:00+00:00,10718.71717056334
2025-12-28 04:00:00+00:00,10718.71717056334
2025-12-28 08:00:00+00:00,10718.71717056334
2025-12-28 12:00:00+00:00,10718.71717056334
2025-12-28 16:00:00+00:00,10718.71717056334
2025-12-28 20:00:00+00:00,10718.71717056334
2025-12-29 00:00:00+00:00,10718.71717056334
2025-12-29 04:00:00+00:00,10718.71717056334
2025-12-29 08:00:00+00:00,10718.71717056334
2025-12-29 12:00:00+00:00,10718.71717056334
2025-12-29 16:00:00+00:00,10718.71717056334
2025-12-29 20:00:00+00:00,10718.71717056334
2025-12-30 00:00:00+00:00,10718.71717056334
2025-12-30 04:00:00+00:00,10718.71717056334
2025-12-30 08:00:00+00:00,10718.71717056334
2025-12-30 12:00:00+00:00,10718.71717056334
2025-12-30 16:00:00+00:00,10718.71717056334
2025-12-30 20:00:00+00:00,10718.71717056334
2025-12-31 00:00:00+00:00,10718.71717056334
2025-12-31 04:00:00+00:00,10718.71717056334
2025-12-31 08:00:00+00:00,10718.71717056334
2025-12-31 12:00:00+00:00,10718.71717056334
2025-12-31 16:00:00+00:00,10718.71717056334
2025-12-31 20:00:00+00:00,10718.71717056334
2026-01-01 00:00:00+00:00,10718.71717056334
2026-01-01 04:00:00+00:00,10718.71717056334
2026-01-01 08:00:00+00:00,10718.71717056334
2026-01-01 12:00:00+00:00,10718.71717056334
2026-01-01 16:00:00+00:00,10718.71717056334
2026-01-01 20:00:00+00:00,10697.322525512314
2026-01-02 00:00:00+00:00,10808.175608678242
2026-01-02 04:00:00+00:00,10703.481030132645
2026-01-02 08:00:00+00:00,10775.330250703155
2026-01-02 12:00:00+00:00,11025.77610526322
2026-01-02 16:00:00+00:00,11263.904950582626
2026-01-02 20:00:00+00:00,11417.867566090865
2026-01-03 00:00:00+00:00,11616.992548814851
2026-01-03 04:00:00+00:00,11547.196163117784
2026-01-03 08:00:00+00:00,11660.102081157156
2026-01-03 12:00:00+00:00,11713.475787866679
2026-01-03 16:00:00+00:00,11859.227063881144
2026-01-03 20:00:00+00:00,12013.18967938938
2026-01-04 00:00:00+00:00,12124.042762555311
2026-01-04 04:00:00+00:00,12259.52986420256
2026-01-04 08:00:00+00:00,12105.567248694324
2026-01-04 12:00:00+00:00,12347.801763760617
2026-01-04 16:00:00+00:00,12214.367496986808
2026-01-04 20:00:00+00:00,12337.5375893934
2026-01-05 00:00:00+00:00,12327.273415026186
2026-01-05 04:00:00+00:00,12319.062075532413
2026-01-05 08:00:00+00:00,12156.8881205304
2026-01-05 12:00:00+00:00,12411.439644837354
2026-01-05 16:00:00+00:00,13035.501446364075
2026-01-05 20:00:00+00:00,13070.39963921261
2026-01-06 00:00:00+00:00,13047.818455604736
2026-01-06 04:00:00+00:00,12752.210233828919
2026-01-06 08:00:00+00:00,13008.814593009314
2026-01-06 12:00:00+00:00,13017.025932503087
2026-01-06 16:00:00+00:00,12614.670297308227
2026-01-06 20:00:00+00:00,13056.029795098508
2026-01-07 00:00:00+00:00,12741.946059461705
2026-01-07 04:00:00+00:00,13000.60325351554
2026-01-07 08:00:00+00:00,12748.104564082032
2026-01-07 12:00:00+00:00,12222.578836480585
2026-01-07 16:00:00+00:00,12275.952543190102
2026-01-07 20:00:00+00:00,12173.548928363267
2026-01-08 00:00:00+00:00,12173.548928363267
2026-01-08 04:00:00+00:00,12173.548928363267
2026-01-08 08:00:00+00:00,12173.548928363267
2026-01-08 12:00:00+00:00,12173.548928363267
2026-01-08 16:00:00+00:00,12173.548928363267
2026-01-08 20:00:00+00:00,12173.548928363267
2026-01-09 00:00:00+00:00,12173.548928363267
2026-01-09 04:00:00+00:00,12173.548928363267
2026-01-09 08:00:00+00:00,12173.548928363267
2026-01-09 12:00:00+00:00,12173.548928363267
2026-01-09 16:00:00+00:00,12173.548928363267
2026-01-09 20:00:00+00:00,12173.548928363267
2026-01-10 00:00:00+00:00,12173.548928363267
2026-01-10 04:00:00+00:00,12173.548928363267
2026-01-10 08:00:00+00:00,12173.548928363267
2026-01-10 12:00:00+00:00,12173.548928363267
2026-01-10 16:00:00+00:00,12173.548928363267
2026-01-10 20:00:00+00:00,12173.548928363267
2026-01-11 00:00:00+00:00,12173.548928363267
2026-01-11 04:00:00+00:00,12173.548928363267
2026-01-11 08:00:00+00:00,12173.548928363267
2026-01-11 12:00:00+00:00,12173.548928363267
2026-01-11 16:00:00+00:00,12173.548928363267
2026-01-11 20:00:00+00:00,12173.548928363267
2026-01-12 00:00:00+00:00,12173.548928363267
2026-01-12 04:00:00+00:00,12173.548928363267
2026-01-12 08:00:00+00:00,12173.548928363267
2026-01-12 12:00:00+00:00,12173.548928363267
2026-01-12 16:00:00+00:00,12173.548928363267
2026-01-12 20:00:00+00:00,12173.548928363267
2026-01-13 00:00:00+00:00,12173.548928363267
2026-01-13 04:00:00+00:00,12173.548928363267
2026-01-13 08:00:00+00:00,12173.548928363267
2026-01-13 12:00:00+00:00,12173.548928363267
2026-01-13 16:00:00+00:00,12173.548928363267
2026-01-13 20:00:00+00:00,12173.548928363267
2026-01-14 00:00:00+00:00,12173.548928363267
2026-01-14 04:00:00+00:00,12173.548928363267
2026-01-14 08:00:00+00:00,12173.548928363267
2026-01-14 12:00:00+00:00,12173.548928363267
2026-01-14 16:00:00+00:00,12173.548928363267
2026-01-14 20:00:00+00:00,12173.548928363267
2026-01-15 00:00:00+00:00,12173.548928363267
2026-01-15 04:00:00+00:00,12173.548928363267
2026-01-15 08:00:00+00:00,12173.548928363267
2026-01-15 12:00:00+00:00,12173.548928363267
2026-01-15 16:00:00+00:00,12173.548928363267
2026-01-15 20:00:00+00:00,12173.548928363267
2026-01-16 00:00:00+00:00,12173.548928363267
2026-01-16 04:00:00+00:00,12173.548928363267
2026-01-16 08:00:00+00:00,12173.548928363267
2026-01-16 12:00:00+00:00,12173.548928363267
2026-01-16 16:00:00+00:00,12173.548928363267
2026-01-16 20:00:00+00:00,12173.548928363267
2026-01-17 00:00:00+00:00,12173.548928363267
2026-01-17 04:00:00+00:00,12173.548928363267
2026-01-17 08:00:00+00:00,12173.548928363267
2026-01-17 12:00:00+00:00,12173.548928363267
2026-01-17 16:00:00+00:00,12173.548928363267
2026-01-17 20:00:00+00:00,12173.548928363267
2026-01-18 00:00:00+00:00,12173.548928363267
2026-01-18 04:00:00+00:00,12173.548928363267
2026-01-18 08:00:00+00:00,12173.548928363267
2026-01-18 12:00:00+00:00,12173.548928363267
2026-01-18 16:00:00+00:00,12173.548928363267
2026-01-18 20:00:00+00:00,12173.548928363267
2026-01-19 00:00:00+00:00,12173.548928363267
2026-01-19 04:00:00+00:00,12173.548928363267
2026-01-19 08:00:00+00:00,12173.548928363267
2026-01-19 12:00:00+00:00,12173.548928363267
2026-01-19 16:00:00+00:00,12173.548928363267
2026-01-19 20:00:00+00:00,12173.548928363267
2026-01-20 00:00:00+00:00,12173.548928363267
2026-01-20 04:00:00+00:00,12173.548928363267
2026-01-20 08:00:00+00:00,12173.548928363267
2026-01-20 12:00:00+00:00,12173.548928363267
2026-01-20 16:00:00+00:00,12173.548928363267
2026-01-20 20:00:00+00:00,12173.548928363267
2026-01-21 00:00:00+00:00,12173.548928363267
2026-01-21 04:00:00+00:00,12173.548928363267
2026-01-21 08:00:00+00:00,12173.548928363267
2026-01-21 12:00:00+00:00,12173.548928363267
2026-01-21 16:00:00+00:00,12173.548928363267
2026-01-21 20:00:00+00:00,12173.548928363267
2026-01-22 00:00:00+00:00,12173.548928363267
2026-01-22 04:00:00+00:00,12173.548928363267
2026-01-22 08:00:00+00:00,12173.548928363267
2026-01-22 12:00:00+00:00,12173.548928363267
2026-01-22 16:00:00+00:00,12173.548928363267
2026-01-22 20:00:00+00:00,12173.548928363267
2026-01-23 00:00:00+00:00,12173.548928363267
2026-01-23 04:00:00+00:00,12173.548928363267
2026-01-23 08:00:00+00:00,12173.548928363267
2026-01-23 12:00:00+00:00,12173.548928363267
2026-01-23 16:00:00+00:00,12173.548928363267
2026-01-23 20:00:00+00:00,12173.548928363267
2026-01-24 00:00:00+00:00,12173.548928363267
2026-01-24 04:00:00+00:00,12173.548928363267
2026-01-24 08:00:00+00:00,12173.548928363267
2026-01-24 12:00:00+00:00,12173.548928363267
2026-01-24 16:00:00+00:00,12173.548928363267
2026-01-24 20:00:00+00:00,12173.548928363267
2026-01-25 00:00:00+00:00,12173.548928363267
2026-01-25 04:00:00+00:00,12173.548928363267
2026-01-25 08:00:00+00:00,12173.548928363267
2026-01-25 12:00:00+00:00,12173.548928363267
2026-01-25 16:00:00+00:00,12173.548928363267
2026-01-25 20:00:00+00:00,12173.548928363267
2026-01-26 00:00:00+00:00,12173.548928363267
2026-01-26 04:00:00+00:00,12173.548928363267
2026-01-26 08:00:00+00:00,12173.548928363267
2026-01-26 12:00:00+00:00,12173.548928363267
2026-01-26 16:00:00+00:00,12173.548928363267
2026-01-26 20:00:00+00:00,12173.548928363267
2026-01-27 00:00:00+00:00,12173.548928363267
2026-01-27 04:00:00+00:00,12173.548928363267
2026-01-27 08:00:00+00:00,12173.548928363267
2026-01-27 12:00:00+00:00,12173.548928363267
2026-01-27 16:00:00+00:00,12173.548928363267
2026-01-27 20:00:00+00:00,12173.548928363267
2026-01-28 00:00:00+00:00,12173.548928363267
2026-01-28 04:00:00+00:00,12173.548928363267
2026-01-28 08:00:00+00:00,12173.548928363267
2026-01-28 12:00:00+00:00,12173.548928363267
2026-01-28 16:00:00+00:00,12173.548928363267
2026-01-28 20:00:00+00:00,12149.250427508248
2026-01-29 00:00:00+00:00,11234.071965770261
2026-01-29 04:00:00+00:00,11234.071965770261
2026-01-29 08:00:00+00:00,11234.071965770261
2026-01-29 12:00:00+00:00,11234.071965770261
2026-01-29 16:00:00+00:00,11234.071965770261
2026-01-29 20:00:00+00:00,11234.071965770261
2026-01-30 00:00:00+00:00,11234.071965770261
2026-01-30 04:00:00+00:00,11234.071965770261
2026-01-30 08:00:00+00:00,11234.071965770261
2026-01-30 12:00:00+00:00,11234.071965770261
2026-01-30 16:00:00+00:00,11234.071965770261
2026-01-30 20:00:00+00:00,11234.071965770261
2026-01-31 00:00:00+00:00,11234.071965770261
2026-01-31 04:00:00+00:00,11234.071965770261
2026-01-31 08:00:00+00:00,11234.071965770261
2026-01-31 12:00:00+00:00,11234.071965770261
2026-01-31 16:00:00+00:00,11234.071965770261
2026-01-31 20:00:00+00:00,11234.071965770261
2026-02-01 00:00:00+00:00,11234.071965770261
2026-02-01 04:00:00+00:00,11234.071965770261
2026-02-01 08:00:00+00:00,11234.071965770261
2026-02-01 12:00:00+00:00,11234.071965770261
2026-02-01 16:00:00+00:00,11234.071965770261
2026-02-01 20:00:00+00:00,11234.071965770261
2026-02-02 00:00:00+00:00,11234.071965770261
2026-02-02 04:00:00+00:00,11234.071965770261
2026-02-02 08:00:00+00:00,11234.071965770261
2026-02-02 12:00:00+00:00,11234.071965770261
2026-02-02 16:00:00+00:00,11234.071965770261
2026-02-02 20:00:00+00:00,11234.071965770261
2026-02-03 00:00:00+00:00,11234.071965770261
2026-02-03 04:00:00+00:00,11234.071965770261
2026-02-03 08:00:00+00:00,11234.071965770261
2026-02-03 12:00:00+00:00,11234.071965770261
2026-02-03 16:00:00+00:00,11234.071965770261
2026-02-03 20:00:00+00:00,11234.071965770261
2026-02-04 00:00:00+00:00,11234.071965770261
2026-02-04 04:00:00+00:00,11234.071965770261
2026-02-04 08:00:00+00:00,11234.071965770261
2026-02-04 12:00:00+00:00,11234.071965770261
2026-02-04 16:00:00+00:00,11234.071965770261
2026-02-04 20:00:00+00:00,11234.071965770261
2026-02-05 00:00:00+00:00,11234.071965770261
2026-02-05 04:00:00+00:00,11234.071965770261
2026-02-05 08:00:00+00:00,11234.071965770261
2026-02-05 12:00:00+00:00,11234.071965770261
2026-02-05 16:00:00+00:00,11234.071965770261
2026-02-05 20:00:00+00:00,11234.071965770261
2026-02-06 00:00:00+00:00,11234.071965770261
2026-02-06 04:00:00+00:00,11234.071965770261
2026-02-06 08:00:00+00:00,11234.071965770261
2026-02-06 12:00:00+00:00,11234.071965770261
2026-02-06 16:00:00+00:00,11234.071965770261
2026-02-06 20:00:00+00:00,11234.071965770261
2026-02-07 00:00:00+00:00,11234.071965770261
2026-02-07 04:00:00+00:00,11234.071965770261
2026-02-07 08:00:00+00:00,11234.071965770261
2026-02-07 12:00:00+00:00,11234.071965770261
2026-02-07 16:00:00+00:00,11234.071965770261
2026-02-07 20:00:00+00:00,11234.071965770261
2026-02-08 00:00:00+00:00,11234.071965770261
2026-02-08 04:00:00+00:00,11234.071965770261
2026-02-08 08:00:00+00:00,11234.071965770261
2026-02-08 12:00:00+00:00,11234.071965770261
2026-02-08 16:00:00+00:00,11234.071965770261
2026-02-08 20:00:00+00:00,11234.071965770261
2026-02-09 00:00:00+00:00,11234.071965770261
2026-02-09 04:00:00+00:00,11234.071965770261
2026-02-09 08:00:00+00:00,11234.071965770261
2026-02-09 12:00:00+00:00,11234.071965770261
2026-02-09 16:00:00+00:00,11234.071965770261
2026-02-09 20:00:00+00:00,11234.071965770261
2026-02-10 00:00:00+00:00,11234.071965770261
2026-02-10 04:00:00+00:00,11234.071965770261
2026-02-10 08:00:00+00:00,11234.071965770261
2026-02-10 12:00:00+00:00,11234.071965770261
2026-02-10 16:00:00+00:00,11234.071965770261
2026-02-10 20:00:00+00:00,11234.071965770261
2026-02-11 00:00:00+00:00,11234.071965770261
2026-02-11 04:00:00+00:00,11234.071965770261
2026-02-11 08:00:00+00:00,11234.071965770261
2026-02-11 12:00:00+00:00,11234.071965770261
2026-02-11 16:00:00+00:00,11234.071965770261
2026-02-11 20:00:00+00:00,11234.071965770261
2026-02-12 00:00:00+00:00,11234.071965770261
2026-02-12 04:00:00+00:00,11234.071965770261
2026-02-12 08:00:00+00:00,11234.071965770261
2026-02-12 12:00:00+00:00,11234.071965770261
2026-02-12 16:00:00+00:00,11234.071965770261
2026-02-12 20:00:00+00:00,11234.071965770261
2026-02-13 00:00:00+00:00,11234.071965770261
2026-02-13 04:00:00+00:00,11234.071965770261
2026-02-13 08:00:00+00:00,11234.071965770261
2026-02-13 12:00:00+00:00,11234.071965770261
2026-02-13 16:00:00+00:00,11234.071965770261
2026-02-13 20:00:00+00:00,11234.071965770261
2026-02-14 00:00:00+00:00,11234.071965770261
2026-02-14 04:00:00+00:00,11234.071965770261
2026-02-14 08:00:00+00:00,11234.071965770261
2026-02-14 12:00:00+00:00,11211.648668433394
2026-02-14 16:00:00+00:00,11483.878704465604
2026-02-14 20:00:00+00:00,11293.581980248913
2026-02-15 00:00:00+00:00,11264.508869604697
2026-02-15 04:00:00+00:00,11327.941111010257
2026-02-15 08:00:00+00:00,11135.001376735003
2026-02-15 12:00:00+00:00,10685.566285028228
2026-02-15 16:00:00+00:00,10685.566285028228
2026-02-15 20:00:00+00:00,10685.566285028228
2026-02-16 00:00:00+00:00,10685.566285028228
2026-02-16 04:00:00+00:00,10685.566285028228
2026-02-16 08:00:00+00:00,10685.566285028228
2026-02-16 12:00:00+00:00,10685.566285028228
2026-02-16 16:00:00+00:00,10685.566285028228
2026-02-16 20:00:00+00:00,10685.566285028228
2026-02-17 00:00:00+00:00,10685.566285028228
2026-02-17 04:00:00+00:00,10685.566285028228
2026-02-17 08:00:00+00:00,10685.566285028228
2026-02-17 12:00:00+00:00,10685.566285028228
2026-02-17 16:00:00+00:00,10685.566285028228
2026-02-17 20:00:00+00:00,10685.566285028228
2026-02-18 00:00:00+00:00,10685.566285028228
2026-02-18 04:00:00+00:00,10685.566285028228
2026-02-18 08:00:00+00:00,10685.566285028228
2026-02-18 12:00:00+00:00,10685.566285028228
2026-02-18 16:00:00+00:00,10685.566285028228
2026-02-18 20:00:00+00:00,10685.566285028228
2026-02-19 00:00:00+00:00,10685.566285028228
2026-02-19 04:00:00+00:00,10685.566285028228
2026-02-19 08:00:00+00:00,10685.566285028228
2026-02-19 12:00:00+00:00,10685.566285028228
2026-02-19 16:00:00+00:00,10685.566285028228
2026-02-19 20:00:00+00:00,10685.566285028228
2026-02-20 00:00:00+00:00,10685.566285028228
2026-02-20 04:00:00+00:00,10685.566285028228
2026-02-20 08:00:00+00:00,10685.566285028228
2026-02-20 12:00:00+00:00,10685.566285028228
2026-02-20 16:00:00+00:00,10685.566285028228
2026-02-20 20:00:00+00:00,10685.566285028228
2026-02-21 00:00:00+00:00,10685.566285028228
2026-02-21 04:00:00+00:00,10685.566285028228
2026-02-21 08:00:00+00:00,10685.566285028228
2026-02-21 12:00:00+00:00,10685.566285028228
2026-02-21 16:00:00+00:00,10685.566285028228
2026-02-21 20:00:00+00:00,10685.566285028228
2026-02-22 00:00:00+00:00,10685.566285028228
2026-02-22 04:00:00+00:00,10685.566285028228
2026-02-22 08:00:00+00:00,10685.566285028228
2026-02-22 12:00:00+00:00,10685.566285028228
2026-02-22 16:00:00+00:00,10685.566285028228
2026-02-22 20:00:00+00:00,10685.566285028228
2026-02-23 00:00:00+00:00,10685.566285028228
2026-02-23 04:00:00+00:00,10685.566285028228
2026-02-23 08:00:00+00:00,10685.566285028228
2026-02-23 12:00:00+00:00,10685.566285028228
2026-02-23 16:00:00+00:00,10685.566285028228
2026-02-23 20:00:00+00:00,10685.566285028228
2026-02-24 00:00:00+00:00,10685.566285028228
2026-02-24 04:00:00+00:00,10685.566285028228
2026-02-24 08:00:00+00:00,10685.566285028228
2026-02-24 12:00:00+00:00,10685.566285028228
2026-02-24 16:00:00+00:00,10685.566285028228
2026-02-24 20:00:00+00:00,10685.566285028228
2026-02-25 00:00:00+00:00,10685.566285028228
2026-02-25 04:00:00+00:00,10685.566285028228
2026-02-25 08:00:00+00:00,10685.566285028228
2026-02-25 12:00:00+00:00,10685.566285028228
2026-02-25 16:00:00+00:00,10685.566285028228
2026-02-25 20:00:00+00:00,10685.566285028228
2026-02-26 00:00:00+00:00,10685.566285028228
2026-02-26 04:00:00+00:00,10685.566285028228
2026-02-26 08:00:00+00:00,10685.566285028228
2026-02-26 12:00:00+00:00,10685.566285028228
2026-02-26 16:00:00+00:00,10685.566285028228
2026-02-26 20:00:00+00:00,10685.566285028228
2026-02-27 00:00:00+00:00,10685.566285028228
2026-02-27 04:00:00+00:00,10685.566285028228
2026-02-27 08:00:00+00:00,10685.566285028228
2026-02-27 12:00:00+00:00,10685.566285028228
2026-02-27 16:00:00+00:00,10685.566285028228
2026-02-27 20:00:00+00:00,10685.566285028228
2026-02-28 00:00:00+00:00,10685.566285028228
2026-02-28 04:00:00+00:00,10685.566285028228
2026-02-28 08:00:00+00:00,10685.566285028228
2026-02-28 12:00:00+00:00,10685.566285028228
2026-02-28 16:00:00+00:00,10685.566285028228
2026-02-28 20:00:00+00:00,10685.566285028228
2026-03-01 00:00:00+00:00,10685.566285028228
2026-03-01 04:00:00+00:00,10685.566285028228
2026-03-01 08:00:00+00:00,10685.566285028228
2026-03-01 12:00:00+00:00,10685.566285028228
2026-03-01 16:00:00+00:00,10685.566285028228
2026-03-01 20:00:00+00:00,10685.566285028228
2026-03-02 00:00:00+00:00,10685.566285028228
2026-03-02 04:00:00+00:00,10685.566285028228
2026-03-02 08:00:00+00:00,10685.566285028228
2026-03-02 12:00:00+00:00,10685.566285028228
2026-03-02 16:00:00+00:00,10685.566285028228
2026-03-02 20:00:00+00:00,10685.566285028228
2026-03-03 00:00:00+00:00,10685.566285028228
2026-03-03 04:00:00+00:00,10685.566285028228
2026-03-03 08:00:00+00:00,10685.566285028228
2026-03-03 12:00:00+00:00,10685.566285028228
2026-03-03 16:00:00+00:00,10685.566285028228
2026-03-03 20:00:00+00:00,10685.566285028228
2026-03-04 00:00:00+00:00,10685.566285028228
2026-03-04 04:00:00+00:00,10685.566285028228
2026-03-04 08:00:00+00:00,10685.566285028228
2026-03-04 12:00:00+00:00,10685.566285028228
2026-03-04 16:00:00+00:00,10685.566285028228
2026-03-04 20:00:00+00:00,10685.566285028228
2026-03-05 00:00:00+00:00,10685.566285028228
2026-03-05 04:00:00+00:00,10685.566285028228
2026-03-05 08:00:00+00:00,10685.566285028228
2026-03-05 12:00:00+00:00,10685.566285028228
2026-03-05 16:00:00+00:00,10685.566285028228
2026-03-05 20:00:00+00:00,10685.566285028228
2026-03-06 00:00:00+00:00,10685.566285028228
2026-03-06 04:00:00+00:00,10685.566285028228
2026-03-06 08:00:00+00:00,10685.566285028228
2026-03-06 12:00:00+00:00,10685.566285028228
2026-03-06 16:00:00+00:00,10685.566285028228
2026-03-06 20:00:00+00:00,10685.566285028228
2026-03-07 00:00:00+00:00,10685.566285028228
2026-03-07 04:00:00+00:00,10685.566285028228
2026-03-07 08:00:00+00:00,10685.566285028228
2026-03-07 12:00:00+00:00,10685.566285028228
2026-03-07 16:00:00+00:00,10685.566285028228
2026-03-07 20:00:00+00:00,10685.566285028228
2026-03-08 00:00:00+00:00,10685.566285028228
2026-03-08 04:00:00+00:00,10685.566285028228
2026-03-08 08:00:00+00:00,10685.566285028228
2026-03-08 12:00:00+00:00,10685.566285028228
2026-03-08 16:00:00+00:00,10685.566285028228
2026-03-08 20:00:00+00:00,10685.566285028228
2026-03-09 00:00:00+00:00,10685.566285028228
2026-03-09 04:00:00+00:00,10685.566285028228
2026-03-09 08:00:00+00:00,10685.566285028228
2026-03-09 12:00:00+00:00,10685.566285028228
2026-03-09 16:00:00+00:00,10685.566285028228
2026-03-09 20:00:00+00:00,10685.566285028228
2026-03-10 00:00:00+00:00,10685.566285028228
2026-03-10 04:00:00+00:00,10685.566285028228
2026-03-10 08:00:00+00:00,10685.566285028228
2026-03-10 12:00:00+00:00,10685.566285028228
2026-03-10 16:00:00+00:00,10685.566285028228
2026-03-10 20:00:00+00:00,10685.566285028228
2026-03-11 00:00:00+00:00,10685.566285028228
2026-03-11 04:00:00+00:00,10685.566285028228
2026-03-11 08:00:00+00:00,10685.566285028228
2026-03-11 12:00:00+00:00,10685.566285028228
2026-03-11 16:00:00+00:00,10685.566285028228
2026-03-11 20:00:00+00:00,10685.566285028228
2026-03-12 00:00:00+00:00,10685.566285028228
2026-03-12 04:00:00+00:00,10685.566285028228
2026-03-12 08:00:00+00:00,10685.566285028228
2026-03-12 12:00:00+00:00,10685.566285028228
2026-03-12 16:00:00+00:00,10685.566285028228
2026-03-12 20:00:00+00:00,10685.566285028228
2026-03-13 00:00:00+00:00,10685.566285028228
2026-03-13 04:00:00+00:00,10685.566285028228
2026-03-13 08:00:00+00:00,10685.566285028228
2026-03-13 12:00:00+00:00,10685.566285028228
2026-03-13 16:00:00+00:00,10685.566285028228
2026-03-13 20:00:00+00:00,10685.566285028228
2026-03-14 00:00:00+00:00,10685.566285028228
2026-03-14 04:00:00+00:00,10685.566285028228
2026-03-14 08:00:00+00:00,10685.566285028228
2026-03-14 12:00:00+00:00,10685.566285028228
2026-03-14 16:00:00+00:00,10685.566285028228
2026-03-14 20:00:00+00:00,10685.566285028228
2026-03-15 00:00:00+00:00,10685.566285028228
2026-03-15 04:00:00+00:00,10685.566285028228
2026-03-15 08:00:00+00:00,10685.566285028228
2026-03-15 12:00:00+00:00,10685.566285028228
2026-03-15 16:00:00+00:00,10685.566285028228
2026-03-15 20:00:00+00:00,10685.566285028228
2026-03-16 00:00:00+00:00,10685.566285028228
2026-03-16 04:00:00+00:00,10685.566285028228
2026-03-16 08:00:00+00:00,10685.566285028228
2026-03-16 12:00:00+00:00,10685.566285028228
2026-03-16 16:00:00+00:00,10664.237809409407
2026-03-16 20:00:00+00:00,10766.59725289452
2026-03-17 00:00:00+00:00,10551.103687662706
2026-03-17 04:00:00+00:00,10575.346713751285
2026-03-17 08:00:00+00:00,10499.92396592015
2026-03-17 12:00:00+00:00,10567.265705055093
2026-03-17 16:00:00+00:00,10658.850470278614
2026-03-17 20:00:00+00:00,10623.832765928444
2026-03-18 00:00:00+00:00,10712.723861586568
2026-03-18 04:00:00+00:00,10618.445426797649
2026-03-18 08:00:00+00:00,10205.266972402611
2026-03-18 12:00:00+00:00,10205.266972402611
2026-03-18 16:00:00+00:00,10205.266972402611
2026-03-18 20:00:00+00:00,10205.266972402611
2026-03-19 00:00:00+00:00,10205.266972402611
2026-03-19 04:00:00+00:00,10205.266972402611
2026-03-19 08:00:00+00:00,10205.266972402611
2026-03-19 12:00:00+00:00,10205.266972402611
2026-03-19 16:00:00+00:00,10205.266972402611
2026-03-19 20:00:00+00:00,10205.266972402611
2026-03-20 00:00:00+00:00,10205.266972402611
2026-03-20 04:00:00+00:00,10205.266972402611
2026-03-20 08:00:00+00:00,10205.266972402611
2026-03-20 12:00:00+00:00,10205.266972402611
2026-03-20 16:00:00+00:00,10205.266972402611
2026-03-20 20:00:00+00:00,10205.266972402611
2026-03-21 00:00:00+00:00,10205.266972402611
2026-03-21 04:00:00+00:00,10205.266972402611
2026-03-21 08:00:00+00:00,10205.266972402611
2026-03-21 12:00:00+00:00,10205.266972402611
2026-03-21 16:00:00+00:00,10205.266972402611
2026-03-21 20:00:00+00:00,10205.266972402611
2026-03-22 00:00:00+00:00,10205.266972402611
2026-03-22 04:00:00+00:00,10205.266972402611
2026-03-22 08:00:00+00:00,10205.266972402611
2026-03-22 12:00:00+00:00,10205.266972402611
2026-03-22 16:00:00+00:00,10205.266972402611
2026-03-22 20:00:00+00:00,10205.266972402611
2026-03-23 00:00:00+00:00,10205.266972402611
2026-03-23 04:00:00+00:00,10205.266972402611
2026-03-23 08:00:00+00:00,10205.266972402611
2026-03-23 12:00:00+00:00,10205.266972402611
2026-03-23 16:00:00+00:00,10205.266972402611
2026-03-23 20:00:00+00:00,10205.266972402611
2026-03-24 00:00:00+00:00,10205.266972402611
2026-03-24 04:00:00+00:00,10205.266972402611
2026-03-24 08:00:00+00:00,10205.266972402611
2026-03-24 12:00:00+00:00,10205.266972402611
2026-03-24 16:00:00+00:00,10205.266972402611
2026-03-24 20:00:00+00:00,10205.266972402611
2026-03-25 00:00:00+00:00,10205.266972402611
2026-03-25 04:00:00+00:00,10205.266972402611
2026-03-25 08:00:00+00:00,10205.266972402611
2026-03-25 12:00:00+00:00,10205.266972402611
2026-03-25 16:00:00+00:00,10205.266972402611
2026-03-25 20:00:00+00:00,10205.266972402611
2026-03-26 00:00:00+00:00,10205.266972402611
2026-03-26 04:00:00+00:00,10205.266972402611
2026-03-26 08:00:00+00:00,10205.266972402611
2026-03-26 12:00:00+00:00,10205.266972402611
2026-03-26 16:00:00+00:00,10205.266972402611
2026-03-26 20:00:00+00:00,10205.266972402611
2026-03-27 00:00:00+00:00,10205.266972402611
2026-03-27 04:00:00+00:00,10205.266972402611
2026-03-27 08:00:00+00:00,10205.266972402611
2026-03-27 12:00:00+00:00,10205.266972402611
2026-03-27 16:00:00+00:00,10205.266972402611
2026-03-27 20:00:00+00:00,10205.266972402611
2026-03-28 00:00:00+00:00,10205.266972402611
2026-03-28 04:00:00+00:00,10205.266972402611
2026-03-28 08:00:00+00:00,10205.266972402611
2026-03-28 12:00:00+00:00,10205.266972402611
2026-03-28 16:00:00+00:00,10205.266972402611
2026-03-28 20:00:00+00:00,10205.266972402611
2026-03-29 00:00:00+00:00,10205.266972402611
2026-03-29 04:00:00+00:00,10205.266972402611
2026-03-29 08:00:00+00:00,10205.266972402611
2026-03-29 12:00:00+00:00,10205.266972402611
2026-03-29 16:00:00+00:00,10205.266972402611
2026-03-29 20:00:00+00:00,10205.266972402611
2026-03-30 00:00:00+00:00,10205.266972402611
2026-03-30 04:00:00+00:00,10205.266972402611
2026-03-30 08:00:00+00:00,10205.266972402611
2026-03-30 12:00:00+00:00,10205.266972402611
2026-03-30 16:00:00+00:00,10205.266972402611
2026-03-30 20:00:00+00:00,10205.266972402611
2026-03-31 00:00:00+00:00,10205.266972402611
2026-03-31 04:00:00+00:00,10205.266972402611
2026-03-31 08:00:00+00:00,10205.266972402611
2026-03-31 12:00:00+00:00,10205.266972402611
2026-03-31 16:00:00+00:00,10205.266972402611
2026-03-31 20:00:00+00:00,10205.266972402611
2026-04-01 00:00:00+00:00,10205.266972402611
2026-04-01 04:00:00+00:00,10205.266972402611
2026-04-01 08:00:00+00:00,10205.266972402611
2026-04-01 12:00:00+00:00,10205.266972402611
2026-04-01 16:00:00+00:00,10205.266972402611
2026-04-01 20:00:00+00:00,10205.266972402611
2026-04-02 00:00:00+00:00,10205.266972402611
2026-04-02 04:00:00+00:00,10205.266972402611
2026-04-02 08:00:00+00:00,10205.266972402611
2026-04-02 12:00:00+00:00,10205.266972402611
2026-04-02 16:00:00+00:00,10205.266972402611
2026-04-02 20:00:00+00:00,10205.266972402611
2026-04-03 00:00:00+00:00,10205.266972402611
2026-04-03 04:00:00+00:00,10205.266972402611
2026-04-03 08:00:00+00:00,10205.266972402611
2026-04-03 12:00:00+00:00,10205.266972402611
2026-04-03 16:00:00+00:00,10205.266972402611
2026-04-03 20:00:00+00:00,10205.266972402611
2026-04-04 00:00:00+00:00,10205.266972402611
2026-04-04 04:00:00+00:00,10205.266972402611
2026-04-04 08:00:00+00:00,10205.266972402611
2026-04-04 12:00:00+00:00,10205.266972402611
2026-04-04 16:00:00+00:00,10205.266972402611
2026-04-04 20:00:00+00:00,10205.266972402611
2026-04-05 00:00:00+00:00,10205.266972402611
2026-04-05 04:00:00+00:00,10205.266972402611
2026-04-05 08:00:00+00:00,10205.266972402611
2026-04-05 12:00:00+00:00,10205.266972402611
2026-04-05 16:00:00+00:00,10205.266972402611
2026-04-05 20:00:00+00:00,10205.266972402611
2026-04-06 00:00:00+00:00,10205.266972402611
2026-04-06 04:00:00+00:00,10205.266972402611
2026-04-06 08:00:00+00:00,10205.266972402611
2026-04-06 12:00:00+00:00,10205.266972402611
2026-04-06 16:00:00+00:00,10205.266972402611
2026-04-06 20:00:00+00:00,10205.266972402611
2026-04-07 00:00:00+00:00,10205.266972402611
2026-04-07 04:00:00+00:00,10205.266972402611
2026-04-07 08:00:00+00:00,10205.266972402611
2026-04-07 12:00:00+00:00,10205.266972402611
2026-04-07 16:00:00+00:00,10205.266972402611
2026-04-07 20:00:00+00:00,10205.266972402611
2026-04-08 00:00:00+00:00,10205.266972402611
2026-04-08 04:00:00+00:00,10205.266972402611
2026-04-08 08:00:00+00:00,10205.266972402611
2026-04-08 12:00:00+00:00,10205.266972402611
2026-04-08 16:00:00+00:00,10205.266972402611
2026-04-08 20:00:00+00:00,10205.266972402611
2026-04-09 00:00:00+00:00,10205.266972402611
2026-04-09 04:00:00+00:00,10205.266972402611
2026-04-09 08:00:00+00:00,10205.266972402611
2026-04-09 12:00:00+00:00,10205.266972402611
2026-04-09 16:00:00+00:00,10205.266972402611
2026-04-09 20:00:00+00:00,10205.266972402611
2026-04-10 00:00:00+00:00,10205.266972402611
2026-04-10 04:00:00+00:00,10205.266972402611
2026-04-10 08:00:00+00:00,10205.266972402611
2026-04-10 12:00:00+00:00,10205.266972402611
2026-04-10 16:00:00+00:00,10205.266972402611
2026-04-10 20:00:00+00:00,10205.266972402611
2026-04-11 00:00:00+00:00,10205.266972402611
2026-04-11 04:00:00+00:00,10205.266972402611
2026-04-11 08:00:00+00:00,10205.266972402611
2026-04-11 12:00:00+00:00,10184.89717804652
2026-04-11 16:00:00+00:00,10375.950842709737
2026-04-11 20:00:00+00:00,10365.529733728106
2026-04-12 00:00:00+00:00,10014.685731346557
2026-04-12 04:00:00+00:00,9993.843513383299
2026-04-12 08:00:00+00:00,10143.212742119997
2026-04-12 12:00:00+00:00,9924.369453505764
2026-04-12 16:00:00+00:00,10118.89682116286
2026-04-12 20:00:00+00:00,10039.001652303694
2026-04-13 00:00:00+00:00,10191.84458403427
2026-04-13 04:00:00+00:00,10108.475712181229
2026-04-13 08:00:00+00:00,10375.950842709737
2026-04-13 12:00:00+00:00,10257.844940917928
2026-04-13 16:00:00+00:00,10421.108981630134
2026-04-13 20:00:00+00:00,10824.058528919833
2026-04-14 00:00:00+00:00,11022.059599570806
2026-04-14 04:00:00+00:00,11293.008433093188
2026-04-14 08:00:00+00:00,10844.900746883093
2026-04-14 12:00:00+00:00,10761.531875030052
2026-04-14 16:00:00+00:00,10275.213455887311
2026-04-14 20:00:00+00:00,10306.476782832204
2026-04-15 00:00:00+00:00,10358.582327740352
2026-04-15 04:00:00+00:00,10237.002722954667
2026-04-15 08:00:00+00:00,10375.950842709737
2026-04-15 12:00:00+00:00,10299.529376844448
2026-04-15 16:00:00+00:00,10497.530447495423
2026-04-15 20:00:00+00:00,10601.741537311724
2026-04-16 00:00:00+00:00,10792.795201974941
2026-04-16 04:00:00+00:00,10817.11112293208
2026-04-16 08:00:00+00:00,10761.531875030052
2026-04-16 12:00:00+00:00,11119.323283399352
2026-04-16 16:00:00+00:00,11098.481065436094
2026-04-16 20:00:00+00:00,11299.955839080942
2026-04-17 00:00:00+00:00,11070.691441485078
2026-04-17 04:00:00+00:00,11091.533659448338
2026-04-17 08:00:00+00:00,10650.373379225997
2026-04-17 12:00:00+00:00,10348.265429848538
2026-04-17 16:00:00+00:00,10348.265429848538
2026-04-17 20:00:00+00:00,10348.265429848538
2026-04-18 00:00:00+00:00,10348.265429848538
2026-04-18 04:00:00+00:00,10348.265429848538
2026-04-18 08:00:00+00:00,10348.265429848538
2026-04-18 12:00:00+00:00,10348.265429848538
2026-04-18 16:00:00+00:00,10348.265429848538
2026-04-18 20:00:00+00:00,10348.265429848538
2026-04-19 00:00:00+00:00,10348.265429848538
2026-04-19 04:00:00+00:00,10348.265429848538
2026-04-19 08:00:00+00:00,10348.265429848538
2026-04-19 12:00:00+00:00,10348.265429848538
2026-04-19 16:00:00+00:00,10348.265429848538
2026-04-19 20:00:00+00:00,10348.265429848538
2026-04-20 00:00:00+00:00,10348.265429848538
2026-04-20 04:00:00+00:00,10348.265429848538
2026-04-20 08:00:00+00:00,10348.265429848538
2026-04-20 12:00:00+00:00,10348.265429848538
2026-04-20 16:00:00+00:00,10348.265429848538
2026-04-20 20:00:00+00:00,10348.265429848538
2026-04-21 00:00:00+00:00,10348.265429848538
2026-04-21 04:00:00+00:00,10348.265429848538
2026-04-21 08:00:00+00:00,10348.265429848538
2026-04-21 12:00:00+00:00,10348.265429848538
2026-04-21 16:00:00+00:00,10348.265429848538
2026-04-21 20:00:00+00:00,10348.265429848538
2026-04-22 00:00:00+00:00,10348.265429848538
2026-04-22 04:00:00+00:00,10348.265429848538
2026-04-22 08:00:00+00:00,10348.265429848538
2026-04-22 12:00:00+00:00,10348.265429848538
2026-04-22 16:00:00+00:00,10348.265429848538
2026-04-22 20:00:00+00:00,10348.265429848538
2026-04-23 00:00:00+00:00,10348.265429848538
2026-04-23 04:00:00+00:00,10348.265429848538
2026-04-23 08:00:00+00:00,10348.265429848538
2026-04-23 12:00:00+00:00,10348.265429848538
2026-04-23 16:00:00+00:00,10348.265429848538
2026-04-23 20:00:00+00:00,10348.265429848538
2026-04-24 00:00:00+00:00,10348.265429848538
2026-04-24 04:00:00+00:00,10348.265429848538
2026-04-24 08:00:00+00:00,10348.265429848538
2026-04-24 12:00:00+00:00,10348.265429848538
2026-04-24 16:00:00+00:00,10348.265429848538
2026-04-24 20:00:00+00:00,10348.265429848538
2026-04-25 00:00:00+00:00,10348.265429848538
2026-04-25 04:00:00+00:00,10348.265429848538
2026-04-25 08:00:00+00:00,10348.265429848538
2026-04-25 12:00:00+00:00,10348.265429848538
2026-04-25 16:00:00+00:00,10348.265429848538
2026-04-25 20:00:00+00:00,10348.265429848538
2026-04-26 00:00:00+00:00,10348.265429848538
2026-04-26 04:00:00+00:00,10348.265429848538
2026-04-26 08:00:00+00:00,10348.265429848538
2026-04-26 12:00:00+00:00,10348.265429848538
2026-04-26 16:00:00+00:00,10348.265429848538
2026-04-26 20:00:00+00:00,10348.265429848538
2026-04-27 00:00:00+00:00,10348.265429848538
2026-04-27 04:00:00+00:00,10348.265429848538
2026-04-27 08:00:00+00:00,10348.265429848538
2026-04-27 12:00:00+00:00,10348.265429848538
2026-04-27 16:00:00+00:00,10348.265429848538
2026-04-27 20:00:00+00:00,10348.265429848538
2026-04-28 00:00:00+00:00,10348.265429848538
2026-04-28 04:00:00+00:00,10348.265429848538
2026-04-28 08:00:00+00:00,10348.265429848538
2026-04-28 12:00:00+00:00,10348.265429848538
2026-04-28 16:00:00+00:00,10348.265429848538
2026-04-28 20:00:00+00:00,10348.265429848538
2026-04-29 00:00:00+00:00,10348.265429848538
2026-04-29 04:00:00+00:00,10348.265429848538
2026-04-29 08:00:00+00:00,10348.265429848538
2026-04-29 12:00:00+00:00,10348.265429848538
2026-04-29 16:00:00+00:00,10348.265429848538
2026-04-29 20:00:00+00:00,10348.265429848538
2026-04-30 00:00:00+00:00,10348.265429848538
2026-04-30 04:00:00+00:00,10348.265429848538
2026-04-30 08:00:00+00:00,10348.265429848538
2026-04-30 12:00:00+00:00,10348.265429848538
2026-04-30 16:00:00+00:00,10348.265429848538
2026-04-30 20:00:00+00:00,10348.265429848538
2026-05-01 00:00:00+00:00,10348.265429848538
2026-05-01 04:00:00+00:00,10348.265429848538
2026-05-01 08:00:00+00:00,10348.265429848538
2026-05-01 12:00:00+00:00,10348.265429848538
2026-05-01 16:00:00+00:00,10348.265429848538
2026-05-01 20:00:00+00:00,10348.265429848538
2026-05-02 00:00:00+00:00,10348.265429848538
2026-05-02 04:00:00+00:00,10348.265429848538
2026-05-02 08:00:00+00:00,10348.265429848538
2026-05-02 12:00:00+00:00,10348.265429848538
2026-05-02 16:00:00+00:00,10348.265429848538
2026-05-02 20:00:00+00:00,10348.265429848538
2026-05-03 00:00:00+00:00,10348.265429848538
2026-05-03 04:00:00+00:00,10348.265429848538
2026-05-03 08:00:00+00:00,10348.265429848538
2026-05-03 12:00:00+00:00,10348.265429848538
2026-05-03 16:00:00+00:00,10348.265429848538
2026-05-03 20:00:00+00:00,10348.265429848538
2026-05-04 00:00:00+00:00,10348.265429848538
2026-05-04 04:00:00+00:00,10348.265429848538
2026-05-04 08:00:00+00:00,10348.265429848538
2026-05-04 12:00:00+00:00,10348.265429848538
2026-05-04 16:00:00+00:00,10348.265429848538
2026-05-04 20:00:00+00:00,10348.265429848538
2026-05-05 00:00:00+00:00,10348.265429848538
2026-05-05 04:00:00+00:00,10348.265429848538
2026-05-05 08:00:00+00:00,10348.265429848538
2026-05-05 12:00:00+00:00,10348.265429848538
2026-05-05 16:00:00+00:00,10348.265429848538
2026-05-05 20:00:00+00:00,10348.265429848538
2026-05-06 00:00:00+00:00,10348.265429848538
2026-05-06 04:00:00+00:00,10348.265429848538
2026-05-06 08:00:00+00:00,10348.265429848538
2026-05-06 12:00:00+00:00,10348.265429848538
2026-05-06 16:00:00+00:00,10348.265429848538
2026-05-06 20:00:00+00:00,10348.265429848538
2026-05-07 00:00:00+00:00,10348.265429848538
2026-05-07 04:00:00+00:00,10348.265429848538
2026-05-07 08:00:00+00:00,10348.265429848538
2026-05-07 12:00:00+00:00,10348.265429848538
2026-05-07 16:00:00+00:00,10348.265429848538
2026-05-07 20:00:00+00:00,10348.265429848538
2026-05-08 00:00:00+00:00,10348.265429848538
2026-05-08 04:00:00+00:00,10348.265429848538
2026-05-08 08:00:00+00:00,10348.265429848538
2026-05-08 12:00:00+00:00,10327.610209429678
2026-05-08 16:00:00+00:00,10499.992427317042
2026-05-08 20:00:00+00:00,10477.008131598728
2026-05-09 00:00:00+00:00,10565.114598518936
2026-05-09 04:00:00+00:00,10415.716676349884
2026-05-09 08:00:00+00:00,10431.039540162095
2026-05-09 12:00:00+00:00,10335.271641335783
2026-05-09 16:00:00+00:00,10461.685267786515
2026-05-09 20:00:00+00:00,10369.748084913255
2026-05-10 00:00:00+00:00,10243.334458462523
2026-05-10 04:00:00+00:00,10312.287345617468
2026-05-10 08:00:00+00:00,10377.409516819358
2026-05-10 12:00:00+00:00,10775.803975936826
2026-05-10 16:00:00+00:00,11036.2926607444
2026-05-10 20:00:00+00:00,10863.910442857037
2026-05-11 00:00:00+00:00,10568.945314471986
2026-05-11 04:00:00+00:00,10691.52822496967
2026-05-11 08:00:00+00:00,10794.957555702089
2026-05-11 12:00:00+00:00,10840.926147138718
2026-05-11 16:00:00+00:00,10844.756863091774
2026-05-11 20:00:00+00:00,10676.205361157461
2026-05-12 00:00:00+00:00,10588.09889423725
2026-05-12 04:00:00+00:00,10591.929610190306
2026-05-12 08:00:00+00:00,10339.102357288833
2026-05-12 12:00:00+00:00,10113.071509724105
2026-05-12 16:00:00+00:00,10113.071509724105
2026-05-12 20:00:00+00:00,10113.071509724105
2026-05-13 00:00:00+00:00,10113.071509724105
2026-05-13 04:00:00+00:00,10113.071509724105
2026-05-13 08:00:00+00:00,10113.071509724105
2026-05-13 12:00:00+00:00,10113.071509724105
2026-05-13 16:00:00+00:00,10113.071509724105
2026-05-13 20:00:00+00:00,10113.071509724105
2026-05-14 00:00:00+00:00,10113.071509724105
2026-05-14 04:00:00+00:00,10113.071509724105
2026-05-14 08:00:00+00:00,10113.071509724105
2026-05-14 12:00:00+00:00,10113.071509724105
2026-05-14 16:00:00+00:00,10113.071509724105
2026-05-14 20:00:00+00:00,10113.071509724105
2026-05-15 00:00:00+00:00,10113.071509724105
2026-05-15 04:00:00+00:00,10113.071509724105
2026-05-15 08:00:00+00:00,10113.071509724105
2026-05-15 12:00:00+00:00,10113.071509724105
2026-05-15 16:00:00+00:00,10113.071509724105
2026-05-15 20:00:00+00:00,10113.071509724105
2026-05-16 00:00:00+00:00,10113.071509724105
2026-05-16 04:00:00+00:00,10113.071509724105
2026-05-16 08:00:00+00:00,10113.071509724105
2026-05-16 12:00:00+00:00,10113.071509724105
2026-05-16 16:00:00+00:00,10113.071509724105
2026-05-16 20:00:00+00:00,10113.071509724105
2026-05-17 00:00:00+00:00,10113.071509724105
2026-05-17 04:00:00+00:00,10113.071509724105
2026-05-17 08:00:00+00:00,10113.071509724105
2026-05-17 12:00:00+00:00,10113.071509724105
2026-05-17 16:00:00+00:00,10113.071509724105
2026-05-17 20:00:00+00:00,10113.071509724105
2026-05-18 00:00:00+00:00,10113.071509724105
2026-05-18 04:00:00+00:00,10113.071509724105
2026-05-18 08:00:00+00:00,10113.071509724105
2026-05-18 12:00:00+00:00,10113.071509724105
2026-05-18 16:00:00+00:00,10113.071509724105
2026-05-18 20:00:00+00:00,10113.071509724105
2026-05-19 00:00:00+00:00,10113.071509724105
2026-05-19 04:00:00+00:00,10113.071509724105
2026-05-19 08:00:00+00:00,10113.071509724105
2026-05-19 12:00:00+00:00,10113.071509724105
2026-05-19 16:00:00+00:00,10113.071509724105
2026-05-19 20:00:00+00:00,10113.071509724105
2026-05-20 00:00:00+00:00,10113.071509724105
2026-05-20 04:00:00+00:00,10113.071509724105
2026-05-20 08:00:00+00:00,10113.071509724105
2026-05-20 12:00:00+00:00,10113.071509724105
2026-05-20 16:00:00+00:00,10113.071509724105
2026-05-20 20:00:00+00:00,10113.071509724105
2026-05-21 00:00:00+00:00,10113.071509724105
2026-05-21 04:00:00+00:00,10113.071509724105
2026-05-21 08:00:00+00:00,10113.071509724105
2026-05-21 12:00:00+00:00,10113.071509724105
2026-05-21 16:00:00+00:00,10113.071509724105
2026-05-21 20:00:00+00:00,10113.071509724105
2026-05-22 00:00:00+00:00,10113.071509724105
2026-05-22 04:00:00+00:00,10113.071509724105
2026-05-22 08:00:00+00:00,10092.88573824761
2026-05-22 12:00:00+00:00,10294.882761304323
2026-05-22 16:00:00+00:00,9664.512741075609
2026-05-22 20:00:00+00:00,9369.39452121587
2026-05-23 00:00:00+00:00,9369.39452121587
2026-05-23 04:00:00+00:00,9369.39452121587
2026-05-23 08:00:00+00:00,9369.39452121587
2026-05-23 12:00:00+00:00,9369.39452121587
2026-05-23 16:00:00+00:00,9369.39452121587
2026-05-23 20:00:00+00:00,9369.39452121587
2026-05-24 00:00:00+00:00,9369.39452121587
2026-05-24 04:00:00+00:00,9369.39452121587
2026-05-24 08:00:00+00:00,9369.39452121587
2026-05-24 12:00:00+00:00,9369.39452121587
2026-05-24 16:00:00+00:00,9369.39452121587
2026-05-24 20:00:00+00:00,9369.39452121587
2026-05-25 00:00:00+00:00,9369.39452121587
2026-05-25 04:00:00+00:00,9369.39452121587
2026-05-25 08:00:00+00:00,9369.39452121587
2026-05-25 12:00:00+00:00,9369.39452121587
2026-05-25 16:00:00+00:00,9369.39452121587
2026-05-25 20:00:00+00:00,9369.39452121587
2026-05-26 00:00:00+00:00,9369.39452121587
2026-05-26 04:00:00+00:00,9369.39452121587
2026-05-26 08:00:00+00:00,9369.39452121587
2026-05-26 12:00:00+00:00,9369.39452121587
2026-05-26 16:00:00+00:00,9369.39452121587
2026-05-26 20:00:00+00:00,9369.39452121587
2026-05-27 00:00:00+00:00,9369.39452121587
2026-05-27 04:00:00+00:00,9369.39452121587
2026-05-27 08:00:00+00:00,9369.39452121587
2026-05-27 12:00:00+00:00,9369.39452121587
2026-05-27 16:00:00+00:00,9369.39452121587
2026-05-27 20:00:00+00:00,9369.39452121587
2026-05-28 00:00:00+00:00,9369.39452121587
2026-05-28 04:00:00+00:00,9369.39452121587
2026-05-28 08:00:00+00:00,9369.39452121587
2026-05-28 12:00:00+00:00,9369.39452121587
2026-05-28 16:00:00+00:00,9369.39452121587
2026-05-28 20:00:00+00:00,9369.39452121587
2026-05-29 00:00:00+00:00,9369.39452121587
2026-05-29 04:00:00+00:00,9369.39452121587
2026-05-29 08:00:00+00:00,9369.39452121587
2026-05-29 12:00:00+00:00,9369.39452121587
2026-05-29 16:00:00+00:00,9369.39452121587
2026-05-29 20:00:00+00:00,9369.39452121587
2026-05-30 00:00:00+00:00,9369.39452121587
2026-05-30 04:00:00+00:00,9369.39452121587
2026-05-30 08:00:00+00:00,9369.39452121587
2026-05-30 12:00:00+00:00,9369.39452121587
2026-05-30 16:00:00+00:00,9369.39452121587
2026-05-30 20:00:00+00:00,9369.39452121587
2026-05-31 00:00:00+00:00,9369.39452121587
2026-05-31 04:00:00+00:00,9369.39452121587
2026-05-31 08:00:00+00:00,9369.39452121587
2026-05-31 12:00:00+00:00,9369.39452121587
2026-05-31 16:00:00+00:00,9369.39452121587
2026-05-31 20:00:00+00:00,9369.39452121587
2026-06-01 00:00:00+00:00,9369.39452121587
2026-06-01 04:00:00+00:00,9369.39452121587
2026-06-01 08:00:00+00:00,9369.39452121587
2026-06-01 12:00:00+00:00,9369.39452121587
2026-06-01 16:00:00+00:00,9369.39452121587
2026-06-01 20:00:00+00:00,9369.39452121587
2026-06-02 00:00:00+00:00,9369.39452121587
2026-06-02 04:00:00+00:00,9369.39452121587
2026-06-02 08:00:00+00:00,9369.39452121587
2026-06-02 12:00:00+00:00,9369.39452121587
2026-06-02 16:00:00+00:00,9369.39452121587
2026-06-02 20:00:00+00:00,9369.39452121587
2026-06-03 00:00:00+00:00,9369.39452121587
2026-06-03 04:00:00+00:00,9369.39452121587
2026-06-03 08:00:00+00:00,9369.39452121587
2026-06-03 12:00:00+00:00,9369.39452121587
2026-06-03 16:00:00+00:00,9369.39452121587
2026-06-03 20:00:00+00:00,9369.39452121587
2026-06-04 00:00:00+00:00,9369.39452121587
2026-06-04 04:00:00+00:00,9369.39452121587
2026-06-04 08:00:00+00:00,9369.39452121587
2026-06-04 12:00:00+00:00,9369.39452121587
2026-06-04 16:00:00+00:00,9369.39452121587
2026-06-04 20:00:00+00:00,9369.39452121587
2026-06-05 00:00:00+00:00,9369.39452121587
2026-06-05 04:00:00+00:00,9369.39452121587
2026-06-05 08:00:00+00:00,9369.39452121587
2026-06-05 12:00:00+00:00,9369.39452121587
2026-06-05 16:00:00+00:00,9369.39452121587
2026-06-05 20:00:00+00:00,9369.39452121587
2026-06-06 00:00:00+00:00,9369.39452121587
2026-06-06 04:00:00+00:00,9369.39452121587
2026-06-06 08:00:00+00:00,9369.39452121587
2026-06-06 12:00:00+00:00,9369.39452121587
2026-06-06 16:00:00+00:00,9369.39452121587
2026-06-06 20:00:00+00:00,9369.39452121587
2026-06-07 00:00:00+00:00,9369.39452121587
2026-06-07 04:00:00+00:00,9369.39452121587
2026-06-07 08:00:00+00:00,9369.39452121587
2026-06-07 12:00:00+00:00,9369.39452121587
2026-06-07 16:00:00+00:00,9369.39452121587
2026-06-07 20:00:00+00:00,9369.39452121587
2026-06-08 00:00:00+00:00,9369.39452121587
2026-06-08 04:00:00+00:00,9369.39452121587
2026-06-08 08:00:00+00:00,9369.39452121587
2026-06-08 12:00:00+00:00,9369.39452121587
2026-06-08 16:00:00+00:00,9369.39452121587
2026-06-08 20:00:00+00:00,9369.39452121587
2026-06-09 00:00:00+00:00,9369.39452121587
2026-06-09 04:00:00+00:00,9369.39452121587
2026-06-09 08:00:00+00:00,9369.39452121587
2026-06-09 12:00:00+00:00,9369.39452121587
2026-06-09 16:00:00+00:00,9369.39452121587
2026-06-09 20:00:00+00:00,9369.39452121587
2026-06-10 00:00:00+00:00,9369.39452121587
2026-06-10 04:00:00+00:00,9369.39452121587
2026-06-10 08:00:00+00:00,9369.39452121587
2026-06-10 12:00:00+00:00,9369.39452121587
2026-06-10 16:00:00+00:00,9369.39452121587
2026-06-10 20:00:00+00:00,9369.39452121587
2026-06-11 00:00:00+00:00,9369.39452121587
2026-06-11 04:00:00+00:00,9369.39452121587
2026-06-11 08:00:00+00:00,9369.39452121587
2026-06-11 12:00:00+00:00,9369.39452121587
2026-06-11 16:00:00+00:00,9369.39452121587
2026-06-11 20:00:00+00:00,9369.39452121587
2026-06-12 00:00:00+00:00,9369.39452121587
2026-06-12 04:00:00+00:00,9369.39452121587
2026-06-12 08:00:00+00:00,9369.39452121587
2026-06-12 12:00:00+00:00,9369.39452121587
2026-06-12 16:00:00+00:00,9369.39452121587
2026-06-12 20:00:00+00:00,9369.39452121587
2026-06-13 00:00:00+00:00,9369.39452121587
2026-06-13 04:00:00+00:00,9369.39452121587
2026-06-13 08:00:00+00:00,9369.39452121587
2026-06-13 12:00:00+00:00,9369.39452121587
2026-06-13 16:00:00+00:00,9369.39452121587
2026-06-13 20:00:00+00:00,9369.39452121587
2026-06-14 00:00:00+00:00,9369.39452121587
2026-06-14 04:00:00+00:00,9369.39452121587
2026-06-14 08:00:00+00:00,9369.39452121587
2026-06-14 12:00:00+00:00,9369.39452121587
2026-06-14 16:00:00+00:00,9369.39452121587
2026-06-14 20:00:00+00:00,9369.39452121587
2026-06-15 00:00:00+00:00,9369.39452121587
2026-06-15 04:00:00+00:00,9369.39452121587
2026-06-15 08:00:00+00:00,9369.39452121587
2026-06-15 12:00:00+00:00,9369.39452121587
2026-06-15 16:00:00+00:00,9369.39452121587
2026-06-15 20:00:00+00:00,9369.39452121587
2026-06-16 00:00:00+00:00,9369.39452121587
2026-06-16 04:00:00+00:00,9369.39452121587
2026-06-16 08:00:00+00:00,9369.39452121587
2026-06-16 12:00:00+00:00,9369.39452121587
2026-06-16 16:00:00+00:00,9369.39452121587
2026-06-16 20:00:00+00:00,9369.39452121587
2026-06-17 00:00:00+00:00,9369.39452121587
2026-06-17 04:00:00+00:00,9369.39452121587
2026-06-17 08:00:00+00:00,9369.39452121587
2026-06-17 12:00:00+00:00,9369.39452121587
2026-06-17 16:00:00+00:00,9369.39452121587
2026-06-17 20:00:00+00:00,9369.39452121587
2026-06-18 00:00:00+00:00,9369.39452121587
2026-06-18 04:00:00+00:00,9369.39452121587
2026-06-18 08:00:00+00:00,9369.39452121587
2026-06-18 12:00:00+00:00,9369.39452121587
2026-06-18 16:00:00+00:00,9369.39452121587
2026-06-18 20:00:00+00:00,9369.39452121587
2026-06-19 00:00:00+00:00,9369.39452121587
2026-06-19 04:00:00+00:00,9369.39452121587
2026-06-19 08:00:00+00:00,9369.39452121587
2026-06-19 12:00:00+00:00,9369.39452121587
2026-06-19 16:00:00+00:00,9369.39452121587
2026-06-19 20:00:00+00:00,9369.39452121587
2026-06-20 00:00:00+00:00,9369.39452121587
2026-06-20 04:00:00+00:00,9369.39452121587
2026-06-20 08:00:00+00:00,9369.39452121587
2026-06-20 12:00:00+00:00,9369.39452121587
2026-06-20 16:00:00+00:00,9369.39452121587
2026-06-20 20:00:00+00:00,9369.39452121587
2026-06-21 00:00:00+00:00,9369.39452121587
2026-06-21 04:00:00+00:00,9369.39452121587
2026-06-21 08:00:00+00:00,9369.39452121587
2026-06-21 12:00:00+00:00,9369.39452121587
2026-06-21 16:00:00+00:00,9369.39452121587
2026-06-21 20:00:00+00:00,9369.39452121587
2026-06-22 00:00:00+00:00,9369.39452121587
2026-06-22 04:00:00+00:00,9369.39452121587
2026-06-22 08:00:00+00:00,9369.39452121587
2026-06-22 12:00:00+00:00,9369.39452121587
2026-06-22 16:00:00+00:00,9369.39452121587
2026-06-22 20:00:00+00:00,9369.39452121587
2026-06-23 00:00:00+00:00,9369.39452121587
2026-06-23 04:00:00+00:00,9369.39452121587
2026-06-23 08:00:00+00:00,9369.39452121587
2026-06-23 12:00:00+00:00,9369.39452121587
2026-06-23 16:00:00+00:00,9369.39452121587
2026-06-23 20:00:00+00:00,9369.39452121587
2026-06-24 00:00:00+00:00,9369.39452121587
2026-06-24 04:00:00+00:00,9369.39452121587
2026-06-24 08:00:00+00:00,9369.39452121587
2026-06-24 12:00:00+00:00,9369.39452121587
2026-06-24 16:00:00+00:00,9369.39452121587
2026-06-24 20:00:00+00:00,9369.39452121587
2026-06-25 00:00:00+00:00,9369.39452121587
2026-06-25 04:00:00+00:00,9369.39452121587
2026-06-25 08:00:00+00:00,9369.39452121587
2026-06-25 12:00:00+00:00,9369.39452121587
2026-06-25 16:00:00+00:00,9369.39452121587
2026-06-25 20:00:00+00:00,9369.39452121587
2026-06-26 00:00:00+00:00,9369.39452121587
2026-06-26 04:00:00+00:00,9369.39452121587
2026-06-26 08:00:00+00:00,9369.39452121587
2026-06-26 12:00:00+00:00,9369.39452121587
2026-06-26 16:00:00+00:00,9369.39452121587
2026-06-26 20:00:00+00:00,9369.39452121587
2026-06-27 00:00:00+00:00,9369.39452121587
2026-06-27 04:00:00+00:00,9369.39452121587
2026-06-27 08:00:00+00:00,9369.39452121587
2026-06-27 12:00:00+00:00,9369.39452121587
2026-06-27 16:00:00+00:00,9369.39452121587
2026-06-27 20:00:00+00:00,9369.39452121587
2026-06-28 00:00:00+00:00,9369.39452121587
2026-06-28 04:00:00+00:00,9369.39452121587
2026-06-28 08:00:00+00:00,9369.39452121587
2026-06-28 12:00:00+00:00,9369.39452121587
2026-06-28 16:00:00+00:00,9369.39452121587
2026-06-28 20:00:00+00:00,9369.39452121587
2026-06-29 00:00:00+00:00,9369.39452121587
2026-06-29 04:00:00+00:00,9369.39452121587
2026-06-29 08:00:00+00:00,9369.39452121587
2026-06-29 12:00:00+00:00,9369.39452121587
2026-06-29 16:00:00+00:00,9369.39452121587
2026-06-29 20:00:00+00:00,9369.39452121587
2026-06-30 00:00:00+00:00,9369.39452121587
2026-06-30 04:00:00+00:00,9369.39452121587
2026-06-30 08:00:00+00:00,9369.39452121587
2026-06-30 12:00:00+00:00,9369.39452121587
2026-06-30 16:00:00+00:00,9369.39452121587
2026-06-30 20:00:00+00:00,9369.39452121587
2026-07-01 00:00:00+00:00,9369.39452121587
2026-07-01 04:00:00+00:00,9369.39452121587
2026-07-01 08:00:00+00:00,9369.39452121587
2026-07-01 12:00:00+00:00,9369.39452121587
2026-07-01 16:00:00+00:00,9369.39452121587
2026-07-01 20:00:00+00:00,9369.39452121587
2026-07-02 00:00:00+00:00,9369.39452121587
2026-07-02 04:00:00+00:00,9369.39452121587
2026-07-02 08:00:00+00:00,9369.39452121587
2026-07-02 12:00:00+00:00,9369.39452121587
2026-07-02 16:00:00+00:00,9369.39452121587
2026-07-02 20:00:00+00:00,9369.39452121587
2026-07-03 00:00:00+00:00,9369.39452121587
2026-07-03 04:00:00+00:00,9369.39452121587
2026-07-03 08:00:00+00:00,9369.39452121587
2026-07-03 12:00:00+00:00,9369.39452121587
2026-07-03 16:00:00+00:00,9369.39452121587
2026-07-03 20:00:00+00:00,9369.39452121587
2026-07-04 00:00:00+00:00,9369.39452121587
2026-07-04 04:00:00+00:00,9369.39452121587
2026-07-04 08:00:00+00:00,9369.39452121587
2026-07-04 12:00:00+00:00,9369.39452121587
2026-07-04 16:00:00+00:00,9369.39452121587
2026-07-04 20:00:00+00:00,9369.39452121587
2026-07-05 00:00:00+00:00,9369.39452121587
2026-07-05 04:00:00+00:00,9369.39452121587
2026-07-05 08:00:00+00:00,9369.39452121587
2026-07-05 12:00:00+00:00,9369.39452121587
2026-07-05 16:00:00+00:00,9369.39452121587
2026-07-05 20:00:00+00:00,9369.39452121587
2026-07-06 00:00:00+00:00,9369.39452121587
2026-07-06 04:00:00+00:00,9369.39452121587
2026-07-06 08:00:00+00:00,9369.39452121587
2026-07-06 12:00:00+00:00,9369.39452121587
2026-07-06 16:00:00+00:00,9369.39452121587
2026-07-06 20:00:00+00:00,9369.39452121587
2026-07-07 00:00:00+00:00,9369.39452121587
2026-07-07 04:00:00+00:00,9369.39452121587
2026-07-07 08:00:00+00:00,9369.39452121587
2026-07-07 12:00:00+00:00,9369.39452121587
2026-07-07 16:00:00+00:00,9369.39452121587
2026-07-07 20:00:00+00:00,9369.39452121587
2026-07-08 00:00:00+00:00,9369.39452121587
2026-07-08 04:00:00+00:00,9369.39452121587
2026-07-08 08:00:00+00:00,9369.39452121587
2026-07-08 12:00:00+00:00,9369.39452121587
2026-07-08 16:00:00+00:00,9369.39452121587
2026-07-08 20:00:00+00:00,9369.39452121587
2026-07-09 00:00:00+00:00,9369.39452121587
2026-07-09 04:00:00+00:00,9369.39452121587
2026-07-09 08:00:00+00:00,9369.39452121587
2026-07-09 12:00:00+00:00,9369.39452121587
2026-07-09 16:00:00+00:00,9369.39452121587
2026-07-09 20:00:00+00:00,9369.39452121587
2026-07-10 00:00:00+00:00,9369.39452121587
2026-07-10 04:00:00+00:00,9369.39452121587
2026-07-10 08:00:00+00:00,9369.39452121587
2026-07-10 12:00:00+00:00,9369.39452121587
2026-07-10 16:00:00+00:00,9369.39452121587
2026-07-10 20:00:00+00:00,9369.39452121587
2026-07-11 00:00:00+00:00,9369.39452121587
2026-07-11 04:00:00+00:00,9369.39452121587
2026-07-11 08:00:00+00:00,9369.39452121587
2026-07-11 12:00:00+00:00,9369.39452121587
2026-07-11 16:00:00+00:00,9369.39452121587
2026-07-11 20:00:00+00:00,9369.39452121587
2026-07-12 00:00:00+00:00,9369.39452121587
2026-07-12 04:00:00+00:00,9369.39452121587
2026-07-12 08:00:00+00:00,9369.39452121587
2026-07-12 12:00:00+00:00,9369.39452121587
2026-07-12 16:00:00+00:00,9369.39452121587
2026-07-12 20:00:00+00:00,9369.39452121587
2026-07-13 00:00:00+00:00,9369.39452121587
2026-07-13 04:00:00+00:00,9369.39452121587
2026-07-13 08:00:00+00:00,9369.39452121587
2026-07-13 12:00:00+00:00,9369.39452121587
2026-07-13 16:00:00+00:00,9369.39452121587
2026-07-13 20:00:00+00:00,9369.39452121587
2026-07-14 00:00:00+00:00,9369.39452121587
2026-07-14 04:00:00+00:00,9369.39452121587
2026-07-14 08:00:00+00:00,9369.39452121587
2026-07-14 12:00:00+00:00,9369.39452121587
2026-07-14 16:00:00+00:00,9369.39452121587
2026-07-14 20:00:00+00:00,9369.39452121587
2026-07-15 00:00:00+00:00,9369.39452121587
2026-07-15 04:00:00+00:00,9369.39452121587
2026-07-15 08:00:00+00:00,9369.39452121587
2026-07-15 12:00:00+00:00,9369.39452121587
2026-07-15 16:00:00+00:00,9369.39452121587
2026-07-15 20:00:00+00:00,9369.39452121587
2026-07-16 00:00:00+00:00,9369.39452121587
2026-07-16 04:00:00+00:00,9369.39452121587
2026-07-16 08:00:00+00:00,9369.39452121587
2026-07-16 12:00:00+00:00,9369.39452121587
2026-07-16 16:00:00+00:00,9369.39452121587
2026-07-16 20:00:00+00:00,9369.39452121587
2026-07-17 00:00:00+00:00,9369.39452121587
2026-07-17 04:00:00+00:00,9369.39452121587
2026-07-17 08:00:00+00:00,9369.39452121587
2026-07-17 12:00:00+00:00,9369.39452121587
2026-07-17 16:00:00+00:00,9369.39452121587
2026-07-17 20:00:00+00:00,9369.39452121587
2026-07-18 00:00:00+00:00,9369.39452121587
2026-07-18 04:00:00+00:00,9369.39452121587
2026-07-18 08:00:00+00:00,9369.39452121587
2026-07-18 12:00:00+00:00,9369.39452121587
2026-07-18 16:00:00+00:00,9369.39452121587
2026-07-18 20:00:00+00:00,9369.39452121587
2026-07-19 00:00:00+00:00,9369.39452121587
2026-07-19 04:00:00+00:00,9369.39452121587
2026-07-19 08:00:00+00:00,9369.39452121587
2026-07-19 12:00:00+00:00,9369.39452121587
2026-07-19 16:00:00+00:00,9369.39452121587
2026-07-19 20:00:00+00:00,9369.39452121587
2026-07-20 00:00:00+00:00,9369.39452121587
2026-07-20 04:00:00+00:00,9369.39452121587
2026-07-20 08:00:00+00:00,9369.39452121587
2026-07-20 12:00:00+00:00,9369.39452121587
2026-07-20 16:00:00+00:00,9369.39452121587
2026-07-20 20:00:00+00:00,9369.39452121587
2026-07-21 00:00:00+00:00,9369.39452121587
2026-07-21 04:00:00+00:00,9369.39452121587
2026-07-21 08:00:00+00:00,9369.39452121587
2026-07-21 12:00:00+00:00,9369.39452121587
2026-07-21 16:00:00+00:00,9369.39452121587
2026-07-21 20:00:00+00:00,9369.39452121587
2026-07-22 00:00:00+00:00,9369.39452121587
2026-07-22 04:00:00+00:00,9369.39452121587
2026-07-22 08:00:00+00:00,9369.39452121587
2026-07-22 12:00:00+00:00,9369.39452121587
2026-07-22 16:00:00+00:00,9369.39452121587
2026-07-22 20:00:00+00:00,9369.39452121587
2026-07-23 00:00:00+00:00,9369.39452121587
2026-07-23 04:00:00+00:00,9369.39452121587
2026-07-23 08:00:00+00:00,9369.39452121587
2026-07-23 12:00:00+00:00,9369.39452121587
2026-07-23 16:00:00+00:00,9369.39452121587
2026-07-23 20:00:00+00:00,9369.39452121587
2026-07-24 00:00:00+00:00,9369.39452121587
2026-07-24 04:00:00+00:00,9369.39452121587
2026-07-24 08:00:00+00:00,9369.39452121587
2026-07-24 12:00:00+00:00,9369.39452121587
2026-07-24 16:00:00+00:00,9369.39452121587
2026-07-24 20:00:00+00:00,9369.39452121587
2026-07-25 00:00:00+00:00,9369.39452121587
2026-07-25 04:00:00+00:00,9369.39452121587
2026-07-25 08:00:00+00:00,9369.39452121587
2026-07-25 12:00:00+00:00,9369.39452121587
2026-07-25 16:00:00+00:00,9369.39452121587
2026-07-25 20:00:00+00:00,9369.39452121587
2026-07-26 00:00:00+00:00,9369.39452121587
2026-07-26 04:00:00+00:00,9369.39452121587
2026-07-26 08:00:00+00:00,9369.39452121587
2026-07-26 12:00:00+00:00,9369.39452121587
2026-07-26 16:00:00+00:00,9369.39452121587
2026-07-26 20:00:00+00:00,9369.39452121587
2026-07-27 00:00:00+00:00,9369.39452121587
2026-07-27 04:00:00+00:00,9369.39452121587
2026-07-27 08:00:00+00:00,9369.39452121587
2026-07-27 12:00:00+00:00,9369.39452121587
2026-07-27 16:00:00+00:00,9369.39452121587
2026-07-27 20:00:00+00:00,9369.39452121587
2026-07-28 00:00:00+00:00,9369.39452121587
2026-07-28 04:00:00+00:00,9369.39452121587
2026-07-28 08:00:00+00:00,9369.39452121587
2026-07-28 12:00:00+00:00,9369.39452121587
2026-07-28 16:00:00+00:00,9369.39452121587
2026-07-28 20:00:00+00:00,9369.39452121587
2026-07-29 00:00:00+00:00,9369.39452121587
2026-07-29 04:00:00+00:00,9369.39452121587
2026-07-29 08:00:00+00:00,9369.39452121587
2026-07-29 12:00:00+00:00,9369.39452121587
2026-07-29 16:00:00+00:00,9369.39452121587
2026-07-29 20:00:00+00:00,9369.39452121587
2026-07-30 00:00:00+00:00,9369.39452121587
2026-07-30 04:00:00+00:00,9369.39452121587
2026-07-30 08:00:00+00:00,9369.39452121587
2026-07-30 12:00:00+00:00,9369.39452121587
2026-07-30 16:00:00+00:00,9369.39452121587
2026-07-30 20:00:00+00:00,9369.39452121587
2026-07-31 00:00:00+00:00,9369.39452121587
2026-07-31 04:00:00+00:00,9369.39452121587
2026-07-31 08:00:00+00:00,9369.39452121587
2026-07-31 12:00:00+00:00,9369.39452121587
2026-07-31 16:00:00+00:00,9369.39452121587
2026-07-31 20:00:00+00:00,9369.39452121587
2026-08-01 00:00:00+00:00,9369.39452121587
2026-08-01 04:00:00+00:00,9369.39452121587
2026-08-01 08:00:00+00:00,9369.39452121587
2026-08-01 12:00:00+00:00,9369.39452121587
2026-08-01 16:00:00+00:00,9369.39452121587
2026-08-01 20:00:00+00:00,9369.39452121587
2026-08-02 00:00:00+00:00,9369.39452121587
2026-08-02 04:00:00+00:00,9369.39452121587
2026-08-02 08:00:00+00:00,9369.39452121587
2026-08-02 12:00:00+00:00,9369.39452121587
2026-08-02 16:00:00+00:00,9369.39452121587
2026-08-02 20:00:00+00:00,9369.39452121587
2026-08-03 00:00:00+00:00,9369.39452121587
2026-08-03 04:00:00+00:00,9369.39452121587
2026-08-03 08:00:00+00:00,9369.39452121587
2026-08-03 12:00:00+00:00,9369.39452121587
2026-08-03 16:00:00+00:00,9369.39452121587
2026-08-03 20:00:00+00:00,9369.39452121587
2026-08-04 00:00:00+00:00,9369.39452121587
2026-08-04 04:00:00+00:00,9369.39452121587
2026-08-04 08:00:00+00:00,9369.39452121587
2026-08-04 12:00:00+00:00,9369.39452121587
2026-08-04 16:00:00+00:00,9369.39452121587
2026-08-04 20:00:00+00:00,9369.39452121587
2026-08-05 00:00:00+00:00,9369.39452121587
2026-08-05 04:00:00+00:00,9369.39452121587
2026-08-05 08:00:00+00:00,9369.39452121587
2026-08-05 12:00:00+00:00,9369.39452121587
2026-08-05 16:00:00+00:00,9369.39452121587
2026-08-05 20:00:00+00:00,9369.39452121587
2026-08-06 00:00:00+00:00,9369.39452121587
2026-08-06 04:00:00+00:00,9369.39452121587
2026-08-06 08:00:00+00:00,9369.39452121587
2026-08-06 12:00:00+00:00,9369.39452121587
2026-08-06 16:00:00+00:00,9369.39452121587
2026-08-06 20:00:00+00:00,9369.39452121587
2026-08-07 00:00:00+00:00,9369.39452121587
2026-08-07 04:00:00+00:00,9369.39452121587
2026-08-07 08:00:00+00:00,9369.39452121587
2026-08-07 12:00:00+00:00,9369.39452121587
2026-08-07 16:00:00+00:00,9369.39452121587
2026-08-07 20:00:00+00:00,9369.39452121587
2026-08-08 00:00:00+00:00,9369.39452121587
2026-08-08 04:00:00+00:00,9369.39452121587
2026-08-08 08:00:00+00:00,9369.39452121587
2026-08-08 12:00:00+00:00,9369.39452121587
2026-08-08 16:00:00+00:00,9369.39452121587
2026-08-08 20:00:00+00:00,9369.39452121587
2026-08-09 00:00:00+00:00,9369.39452121587
2026-08-09 04:00:00+00:00,9369.39452121587
2026-08-09 08:00:00+00:00,9369.39452121587
2026-08-09 12:00:00+00:00,9369.39452121587
2026-08-09 16:00:00+00:00,9369.39452121587
2026-08-09 20:00:00+00:00,9369.39452121587
2026-08-10 00:00:00+00:00,9369.39452121587
2026-08-10 04:00:00+00:00,9350.69313494598
2026-08-10 08:00:00+00:00,9076.923551972859
2026-08-10 12:00:00+00:00,9116.79290871652
2026-08-10 16:00:00+00:00,8875.8329570134
2026-08-10 20:00:00+00:00,8875.8329570134
2026-08-11 00:00:00+00:00,8875.8329570134
2026-08-11 04:00:00+00:00,8875.8329570134
2026-08-11 08:00:00+00:00,8875.8329570134
2026-08-11 12:00:00+00:00,8875.8329570134
2026-08-11 16:00:00+00:00,8875.8329570134
2026-08-11 20:00:00+00:00,8875.8329570134
2026-08-12 00:00:00+00:00,8875.8329570134
2026-08-12 04:00:00+00:00,8875.8329570134
2026-08-12 08:00:00+00:00,8875.8329570134
2026-08-12 12:00:00+00:00,8875.8329570134
2026-08-12 16:00:00+00:00,8875.8329570134
2026-08-12 20:00:00+00:00,8875.8329570134
2026-08-13 00:00:00+00:00,8875.8329570134
2026-08-13 04:00:00+00:00,8875.8329570134
2026-08-13 08:00:00+00:00,8875.8329570134
2026-08-13 12:00:00+00:00,8875.8329570134
2026-08-13 16:00:00+00:00,8875.8329570134
2026-08-13 20:00:00+00:00,8875.8329570134
2026-08-14 00:00:00+00:00,8875.8329570134
2026-08-14 04:00:00+00:00,8875.8329570134
2026-08-14 08:00:00+00:00,8875.8329570134
2026-08-14 12:00:00+00:00,8875.8329570134
2026-08-14 16:00:00+00:00,8875.8329570134
2026-08-14 20:00:00+00:00,8875.8329570134
2026-08-15 00:00:00+00:00,8875.8329570134
2026-08-15 04:00:00+00:00,8875.8329570134
2026-08-15 08:00:00+00:00,8875.8329570134
2026-08-15 12:00:00+00:00,8875.8329570134
2026-08-15 16:00:00+00:00,8875.8329570134
2026-08-15 20:00:00+00:00,8875.8329570134
2026-08-16 00:00:00+00:00,8875.8329570134
2026-08-16 04:00:00+00:00,8875.8329570134
2026-08-16 08:00:00+00:00,8875.8329570134
2026-08-16 12:00:00+00:00,8875.8329570134
2026-08-16 16:00:00+00:00,8875.8329570134
2026-08-16 20:00:00+00:00,8875.8329570134
2026-08-17 00:00:00+00:00,8875.8329570134
2026-08-17 04:00:00+00:00,8875.8329570134
2026-08-17 08:00:00+00:00,8875.8329570134
2026-08-17 12:00:00+00:00,8875.8329570134
2026-08-17 16:00:00+00:00,8875.8329570134
2026-08-17 20:00:00+00:00,8875.8329570134
2026-08-18 00:00:00+00:00,8875.8329570134
2026-08-18 04:00:00+00:00,8875.8329570134
2026-08-18 08:00:00+00:00,8875.8329570134
2026-08-18 12:00:00+00:00,8875.8329570134
2026-08-18 16:00:00+00:00,8875.8329570134
2026-08-18 20:00:00+00:00,8875.8329570134
2026-08-19 00:00:00+00:00,8875.8329570134
2026-08-19 04:00:00+00:00,8875.8329570134
2026-08-19 08:00:00+00:00,8875.8329570134
2026-08-19 12:00:00+00:00,8875.8329570134
2026-08-19 16:00:00+00:00,8875.8329570134
2026-08-19 20:00:00+00:00,8875.8329570134
2026-08-20 00:00:00+00:00,8875.8329570134
2026-08-20 04:00:00+00:00,8875.8329570134
2026-08-20 08:00:00+00:00,8875.8329570134
2026-08-20 12:00:00+00:00,8875.8329570134
2026-08-20 16:00:00+00:00,8875.8329570134
2026-08-20 20:00:00+00:00,8875.8329570134
2026-08-21 00:00:00+00:00,8875.8329570134
2026-08-21 04:00:00+00:00,8875.8329570134
2026-08-21 08:00:00+00:00,8875.8329570134
2026-08-21 12:00:00+00:00,8875.8329570134
2026-08-21 16:00:00+00:00,8875.8329570134
2026-08-21 20:00:00+00:00,8875.8329570134
2026-08-22 00:00:00+00:00,8875.8329570134
2026-08-22 04:00:00+00:00,8875.8329570134
2026-08-22 08:00:00+00:00,8875.8329570134
2026-08-22 12:00:00+00:00,8875.8329570134
2026-08-22 16:00:00+00:00,8875.8329570134
2026-08-22 20:00:00+00:00,8875.8329570134
2026-08-23 00:00:00+00:00,8875.8329570134
2026-08-23 04:00:00+00:00,8875.8329570134
2026-08-23 08:00:00+00:00,8875.8329570134
2026-08-23 12:00:00+00:00,8875.8329570134
2026-08-23 16:00:00+00:00,8875.8329570134
2026-08-23 20:00:00+00:00,8875.8329570134
2026-08-24 00:00:00+00:00,8875.8329570134
2026-08-24 04:00:00+00:00,8875.8329570134
2026-08-24 08:00:00+00:00,8875.8329570134
2026-08-24 12:00:00+00:00,8875.8329570134
2026-08-24 16:00:00+00:00,8875.8329570134
2026-08-24 20:00:00+00:00,8875.8329570134
2026-08-25 00:00:00+00:00,8875.8329570134
2026-08-25 04:00:00+00:00,8875.8329570134
2026-08-25 08:00:00+00:00,8875.8329570134
2026-08-25 12:00:00+00:00,8875.8329570134
2026-08-25 16:00:00+00:00,8875.8329570134
2026-08-25 20:00:00+00:00,8875.8329570134
2026-08-26 00:00:00+00:00,8875.8329570134
2026-08-26 04:00:00+00:00,8875.8329570134
2026-08-26 08:00:00+00:00,8875.8329570134
2026-08-26 12:00:00+00:00,8875.8329570134
2026-08-26 16:00:00+00:00,8875.8329570134
2026-08-26 20:00:00+00:00,8875.8329570134
2026-08-27 00:00:00+00:00,8875.8329570134
2026-08-27 04:00:00+00:00,8875.8329570134
2026-08-27 08:00:00+00:00,8875.8329570134
2026-08-27 12:00:00+00:00,8875.8329570134
2026-08-27 16:00:00+00:00,8875.8329570134
2026-08-27 20:00:00+00:00,8875.8329570134
2026-08-28 00:00:00+00:00,8875.8329570134
2026-08-28 04:00:00+00:00,8875.8329570134
2026-08-28 08:00:00+00:00,8875.8329570134
2026-08-28 12:00:00+00:00,8875.8329570134
2026-08-28 16:00:00+00:00,8875.8329570134
2026-08-28 20:00:00+00:00,8875.8329570134
2026-08-29 00:00:00+00:00,8875.8329570134
2026-08-29 04:00:00+00:00,8875.8329570134
2026-08-29 08:00:00+00:00,8875.8329570134
2026-08-29 12:00:00+00:00,8875.8329570134
2026-08-29 16:00:00+00:00,8875.8329570134
2026-08-29 20:00:00+00:00,8875.8329570134
2026-08-30 00:00:00+00:00,8875.8329570134
2026-08-30 04:00:00+00:00,8875.8329570134
2026-08-30 08:00:00+00:00,8875.8329570134
2026-08-30 12:00:00+00:00,8875.8329570134
2026-08-30 16:00:00+00:00,8875.8329570134
2026-08-30 20:00:00+00:00,8875.8329570134
2026-08-31 00:00:00+00:00,8875.8329570134
2026-08-31 04:00:00+00:00,8875.8329570134
2026-08-31 08:00:00+00:00,8875.8329570134
2026-08-31 12:00:00+00:00,8875.8329570134
2026-08-31 16:00:00+00:00,8875.8329570134
2026-08-31 20:00:00+00:00,8875.8329570134
2026-09-01 00:00:00+00:00,8875.8329570134
2026-09-01 04:00:00+00:00,8875.8329570134
2026-09-01 08:00:00+00:00,8875.8329570134
2026-09-01 12:00:00+00:00,8875.8329570134
2026-09-01 16:00:00+00:00,8875.8329570134
2026-09-01 20:00:00+00:00,8875.8329570134
2026-09-02 00:00:00+00:00,8875.8329570134
2026-09-02 04:00:00+00:00,8875.8329570134
2026-09-02 08:00:00+00:00,8875.8329570134
2026-09-02 12:00:00+00:00,8875.8329570134
2026-09-02 16:00:00+00:00,8875.8329570134
2026-09-02 20:00:00+00:00,8875.8329570134
2026-09-03 00:00:00+00:00,8875.8329570134
2026-09-03 04:00:00+00:00,8875.8329570134
2026-09-03 08:00:00+00:00,8875.8329570134
2026-09-03 12:00:00+00:00,8875.8329570134
2026-09-03 16:00:00+00:00,8875.8329570134
2026-09-03 20:00:00+00:00,8875.8329570134
2026-09-04 00:00:00+00:00,8875.8329570134
2026-09-04 04:00:00+00:00,8875.8329570134
2026-09-04 08:00:00+00:00,8875.8329570134
2026-09-04 12:00:00+00:00,8875.8329570134
2026-09-04 16:00:00+00:00,8875.8329570134
2026-09-04 20:00:00+00:00,8875.8329570134
2026-09-05 00:00:00+00:00,8875.8329570134
2026-09-05 04:00:00+00:00,8875.8329570134
2026-09-05 08:00:00+00:00,8875.8329570134
2026-09-05 12:00:00+00:00,8875.8329570134
2026-09-05 16:00:00+00:00,8875.8329570134
2026-09-05 20:00:00+00:00,8875.8329570134
2026-09-06 00:00:00+00:00,8875.8329570134
2026-09-06 04:00:00+00:00,8875.8329570134
2026-09-06 08:00:00+00:00,8875.8329570134
2026-09-06 12:00:00+00:00,8875.8329570134
2026-09-06 16:00:00+00:00,8875.8329570134
2026-09-06 20:00:00+00:00,8875.8329570134
2026-09-07 00:00:00+00:00,8875.8329570134
2026-09-07 04:00:00+00:00,8875.8329570134
2026-09-07 08:00:00+00:00,8875.8329570134
2026-09-07 12:00:00+00:00,8875.8329570134
2026-09-07 16:00:00+00:00,8875.8329570134
2026-09-07 20:00:00+00:00,8875.8329570134
2026-09-08 00:00:00+00:00,8875.8329570134
2026-09-08 04:00:00+00:00,8875.8329570134
2026-09-08 08:00:00+00:00,8875.8329570134
2026-09-08 12:00:00+00:00,8875.8329570134
2026-09-08 16:00:00+00:00,8875.8329570134
2026-09-08 20:00:00+00:00,8875.8329570134
2026-09-09 00:00:00+00:00,8875.8329570134
2026-09-09 04:00:00+00:00,8875.8329570134
2026-09-09 08:00:00+00:00,8875.8329570134
2026-09-09 12:00:00+00:00,8875.8329570134
2026-09-09 16:00:00+00:00,8875.8329570134
2026-09-09 20:00:00+00:00,8875.8329570134
2026-09-10 00:00:00+00:00,8875.8329570134
2026-09-10 04:00:00+00:00,8875.8329570134
2026-09-10 08:00:00+00:00,8875.8329570134
2026-09-10 12:00:00+00:00,8875.8329570134
2026-09-10 16:00:00+00:00,8875.8329570134
2026-09-10 20:00:00+00:00,8875.8329570134
2026-09-11 00:00:00+00:00,8875.8329570134
2026-09-11 04:00:00+00:00,8875.8329570134
2026-09-11 08:00:00+00:00,8875.8329570134
2026-09-11 12:00:00+00:00,8875.8329570134
2026-09-11 16:00:00+00:00,8875.8329570134
2026-09-11 20:00:00+00:00,8875.8329570134
2026-09-12 00:00:00+00:00,8875.8329570134
2026-09-12 04:00:00+00:00,8875.8329570134
2026-09-12 08:00:00+00:00,8875.8329570134
2026-09-12 12:00:00+00:00,8875.8329570134
2026-09-12 16:00:00+00:00,8875.8329570134
2026-09-12 20:00:00+00:00,8875.8329570134
2026-09-13 00:00:00+00:00,8875.8329570134
2026-09-13 04:00:00+00:00,8875.8329570134
2026-09-13 08:00:00+00:00,8875.8329570134
2026-09-13 12:00:00+00:00,8875.8329570134
2026-09-13 16:00:00+00:00,8875.8329570134
2026-09-13 20:00:00+00:00,8875.8329570134
2026-09-14 00:00:00+00:00,8875.8329570134
2026-09-14 04:00:00+00:00,8875.8329570134
2026-09-14 08:00:00+00:00,8875.8329570134
2026-09-14 12:00:00+00:00,8875.8329570134
2026-09-14 16:00:00+00:00,8875.8329570134
2026-09-14 20:00:00+00:00,8875.8329570134
2026-09-15 00:00:00+00:00,8875.8329570134
2026-09-15 04:00:00+00:00,8875.8329570134
2026-09-15 08:00:00+00:00,8875.8329570134
2026-09-15 12:00:00+00:00,8875.8329570134
2026-09-15 16:00:00+00:00,8875.8329570134
2026-09-15 20:00:00+00:00,8875.8329570134
2026-09-16 00:00:00+00:00,8875.8329570134
2026-09-16 04:00:00+00:00,8875.8329570134
2026-09-16 08:00:00+00:00,8875.8329570134
2026-09-16 12:00:00+00:00,8875.8329570134
2026-09-16 16:00:00+00:00,8875.8329570134
2026-09-16 20:00:00+00:00,8875.8329570134
2026-09-17 00:00:00+00:00,8875.8329570134
2026-09-17 04:00:00+00:00,8875.8329570134
2026-09-17 08:00:00+00:00,8875.8329570134
2026-09-17 12:00:00+00:00,8875.8329570134
2026-09-17 16:00:00+00:00,8875.8329570134
2026-09-17 20:00:00+00:00,8875.8329570134
2026-09-18 00:00:00+00:00,8875.8329570134
2026-09-18 04:00:00+00:00,8875.8329570134
2026-09-18 08:00:00+00:00,8875.8329570134
2026-09-18 12:00:00+00:00,8875.8329570134
2026-09-18 16:00:00+00:00,8875.8329570134
2026-09-18 20:00:00+00:00,8875.8329570134
2026-09-19 00:00:00+00:00,8875.8329570134
2026-09-19 04:00:00+00:00,8875.8329570134
2026-09-19 08:00:00+00:00,8875.8329570134
2026-09-19 12:00:00+00:00,8875.8329570134
2026-09-19 16:00:00+00:00,8875.8329570134
2026-09-19 20:00:00+00:00,8875.8329570134
2026-09-20 00:00:00+00:00,8875.8329570134
2026-09-20 04:00:00+00:00,8875.8329570134
2026-09-20 08:00:00+00:00,8875.8329570134
2026-09-20 12:00:00+00:00,8875.8329570134
2026-09-20 16:00:00+00:00,8875.8329570134
2026-09-20 20:00:00+00:00,8875.8329570134
2026-09-21 00:00:00+00:00,8875.8329570134
2026-09-21 04:00:00+00:00,8875.8329570134
2026-09-21 08:00:00+00:00,8875.8329570134
2026-09-21 12:00:00+00:00,8875.8329570134
2026-09-21 16:00:00+00:00,8875.8329570134
2026-09-21 20:00:00+00:00,8858.116723566267
2026-09-22 00:00:00+00:00,8846.517269105028
2026-09-22 04:00:00+00:00,8740.188936543671
2026-09-22 08:00:00+00:00,8668.65896736603
2026-09-22 12:00:00+00:00,8761.454603055941
2026-09-22 16:00:00+00:00,8945.11263202556
2026-09-22 20:00:00+00:00,9113.304721713528
2026-09-23 00:00:00+00:00,9066.906903868572
2026-09-23 04:00:00+00:00,8782.720269568214
2026-09-23 08:00:00+00:00,8784.65351197842
2026-09-23 12:00:00+00:00,8161.852207167187
2026-09-23 16:00:00+00:00,8161.852207167187
2026-09-23 20:00:00+00:00,8161.852207167187
2026-09-24 00:00:00+00:00,8161.852207167187
2026-09-24 04:00:00+00:00,8161.852207167187
