ts,equity
2025-04-20 16:00:00+00:00,10000.0
2025-04-20 20:00:00+00:00,10000.0
2025-04-21 00:00:00+00:00,10000.0
2025-04-21 04:00:00+00:00,10000.0
2025-04-21 08:00:00+00:00,10000.0
2025-04-21 12:00:00+00:00,10000.0
2025-04-21 16:00:00+00:00,10000.0
2025-04-21 20:00:00+00:00,10000.0
2025-04-22 00:00:00+00:00,10000.0
2025-04-22 04:00:00+00:00,10000.0
2025-04-22 08:00:00+00:00,10000.0
2025-04-22 12:00:00+00:00,10000.0
2025-04-22 16:00:00+00:00,10000.0
2025-04-22 20:00:00+00:00,9980.039920159681
2025-04-23 00:00:00+00:00,10163.259973332757
2025-04-23 04:00:00+00:00,10310.49037320398
2025-04-23 08:00:00+00:00,10122.907937812497
2025-04-23 12:00:00+00:00,10082.555902292237
2025-04-23 16:00:00+00:00,9987.674089041891
2025-04-23 20:00:00+00:00,9983.311706823484
2025-04-24 00:00:00+00:00,9626.686960468747
2025-04-24 04:00:00+00:00,9562.341822747248
2025-04-24 08:00:00+00:00,9431.810154609992
2025-04-24 12:00:00+00:00,9431.810154609992
2025-04-24 16:00:00+00:00,9431.810154609992
2025-04-24 20:00:00+00:00,9431.810154609992
2025-04-25 00:00:00+00:00,9431.810154609992
2025-04-25 04:00:00+00:00,9431.810154609992
2025-04-25 08:00:00+00:00,9431.810154609992
2025-04-25 12:00:00+00:00,9431.810154609992
2025-04-25 16:00:00+00:00,9431.810154609992
2025-04-25 20:00:00+00:00,9431.810154609992
2025-04-26 00:00:00+00:00,9431.810154609992
2025-04-26 04:00:00+00:00,9431.810154609992
2025-04-26 08:00:00+00:00,9431.810154609992
2025-04-26 12:00:00+00:00,9431.810154609992
2025-04-26 16:00:00+00:00,9431.810154609992
2025-04-26 20:00:00+00:00,9431.810154609992
2025-04-27 00:00:00+00:00,9431.810154609992
2025-04-27 04:00:00+00:00,9431.810154609992
2025-04-27 08:00:00+00:00,9431.810154609992
2025-04-27 12:00:00+00:00,9431.810154609992
2025-04-27 16:00:00+00:00,9431.810154609992
2025-04-27 20:00:00+00:00,9431.810154609992
2025-04-28 00:00:00+00:00,9431.810154609992
2025-04-28 04:00:00+00:00,9431.810154609992
2025-04-28 08:00:00+00:00,9431.810154609992
2025-04-28 12:00:00+00:00,9431.810154609992
2025-04-28 16:00:00+00:00,9431.810154609992
2025-04-28 20:00:00+00:00,9431.810154609992
2025-04-29 00:00:00+00:00,9431.810154609992
2025-04-29 04:00:00+00:00,9431.810154609992
2025-04-29 08:00:00+00:00,9431.810154609992
2025-04-29 12:00:00+00:00,9431.810154609992
2025-04-29 16:00:00+00:00,9431.810154609992
2025-04-29 20:00:00+00:00,9431.810154609992
2025-04-30 00:00:00+00:00,9431.810154609992
2025-04-30 04:00:00+00:00,9431.810154609992
2025-04-30 08:00:00+00:00,9431.810154609992
2025-04-30 12:00:00+00:00,9431.810154609992
2025-04-30 16:00:00+00:00,9431.810154609992
2025-04-30 20:00:00+00:00,9431.810154609992
2025-05-01 00:00:00+00:00,9431.810154609992
2025-05-01 04:00:00+00:00,9431.810154609992
2025-05-01 08:00:00+00:00,9431.810154609992
2025-05-01 12:00:00+00:00,9431.810154609992
2025-05-01 16:00:00+00:00,9431.810154609992
2025-05-01 20:00:00+00:00,9431.810154609992
2025-05-02 00:00:00+00:00,9431.810154609992
2025-05-02 04:00:00+00:00,9431.810154609992
2025-05-02 08:00:00+00:00,9431.810154609992
2025-05-02 12:00:00+00:00,9431.810154609992
2025-05-02 16:00:00+00:00,9431.810154609992
2025-05-02 20:00:00+00:00,9431.810154609992
2025-05-03 00:00:00+00:00,9431.810154609992
2025-05-03 04:00:00+00:00,9431.810154609992
2025-05-03 08:00:00+00:00,9431.810154609992
2025-05-03 12:00:00+00:00,9431.810154609992
2025-05-03 16:00:00+00:00,9431.810154609992
2025-05-03 20:00:00+00:00,9431.810154609992
2025-05-04 00:00:00+00:00,9431.810154609992
2025-05-04 04:00:00+00:00,9431.810154609992
2025-05-04 08:00:00+00:00,9431.810154609992
2025-05-04 12:00:00+00:00,9431.810154609992
2025-05-04 16:00:00+00:00,9431.810154609992
2025-05-04 20:00:00+00:00,9431.810154609992
2025-05-05 00:00:00+00:00,9431.810154609992
2025-05-05 04:00:00+00:00,9431.810154609992
2025-05-05 08:00:00+00:00,9431.810154609992
2025-05-05 12:00:00+00:00,9431.810154609992
2025-05-05 16:00:00+00:00,9431.810154609992
2025-05-05 20:00:00+00:00,9431.810154609992
2025-05-06 00:00:00+00:00,9431.810154609992
2025-05-06 04:00:00+00:00,9431.810154609992
2025-05-06 08:00:00+00:00,9431.810154609992
2025-05-06 12:00:00+00:00,9431.810154609992
2025-05-06 16:00:00+00:00,9431.810154609992
2025-05-06 20:00:00+00:00,9431.810154609992
2025-05-07 00:00:00+00:00,9431.810154609992
2025-05-07 04:00:00+00:00,9431.810154609992
2025-05-07 08:00:00+00:00,9431.810154609992
2025-05-07 12:00:00+00:00,9431.810154609992
2025-05-07 16:00:00+00:00,9431.810154609992
2025-05-07 20:00:00+00:00,9431.810154609992
2025-05-08 00:00:00+00:00,9431.810154609992
2025-05-08 04:00:00+00:00,9431.810154609992
2025-05-08 08:00:00+00:00,9431.810154609992
2025-05-08 12:00:00+00:00,9431.810154609992
2025-05-08 16:00:00+00:00,9431.810154609992
2025-05-08 20:00:00+00:00,9412.984186237516
2025-05-09 00:00:00+00:00,9400.442544911179
2025-05-09 04:00:00+00:00,9856.765340861813
2025-05-09 08:00:00+00:00,9901.143456324242
2025-05-09 12:00:00+00:00,9802.739808994507
2025-05-09 16:00:00+00:00,9708.195128226722
2025-05-09 20:00:00+00:00,9701.44193674331
2025-05-10 00:00:00+00:00,9776.691784701343
2025-05-10 04:00:00+00:00,9989.899687249102
2025-05-10 08:00:00+00:00,9788.268684387192
2025-05-10 12:00:00+00:00,9916.579322572044
2025-05-10 16:00:00+00:00,10197.319139953936
2025-05-10 20:00:00+00:00,10629.52339489238
2025-05-11 00:00:00+00:00,10247.485705259292
2025-05-11 04:00:00+00:00,9878.954398593027
2025-05-11 08:00:00+00:00,10065.149535207132
2025-05-11 12:00:00+00:00,9801.77506735402
2025-05-11 16:00:00+00:00,9995.688137092027
2025-05-11 20:00:00+00:00,10023.665644666167
2025-05-12 00:00:00+00:00,10260.027346585628
2025-05-12 04:00:00+00:00,10413.421267423157
2025-05-12 08:00:00+00:00,10184.777498627598
2025-05-12 12:00:00+00:00,9916.579322572044
2025-05-12 16:00:00+00:00,9489.407849131552
2025-05-12 20:00:00+00:00,9489.407849131552
2025-05-13 00:00:00+00:00,9489.407849131552
2025-05-13 04:00:00+00:00,9489.407849131552
2025-05-13 08:00:00+00:00,9489.407849131552
2025-05-13 12:00:00+00:00,9489.407849131552
2025-05-13 16:00:00+00:00,9489.407849131552
2025-05-13 20:00:00+00:00,9489.407849131552
2025-05-14 00:00:00+00:00,9489.407849131552
2025-05-14 04:00:00+00:00,9489.407849131552
2025-05-14 08:00:00+00:00,9489.407849131552
2025-05-14 12:00:00+00:00,9489.407849131552
2025-05-14 16:00:00+00:00,9489.407849131552
2025-05-14 20:00:00+00:00,9489.407849131552
2025-05-15 00:00:00+00:00,9489.407849131552
2025-05-15 04:00:00+00:00,9489.407849131552
2025-05-15 08:00:00+00:00,9489.407849131552
2025-05-15 12:00:00+00:00,9489.407849131552
2025-05-15 16:00:00+00:00,9489.407849131552
2025-05-15 20:00:00+00:00,9489.407849131552
2025-05-16 00:00:00+00:00,9489.407849131552
2025-05-16 04:00:00+00:00,9489.407849131552
2025-05-16 08:00:00+00:00,9489.407849131552
2025-05-16 12:00:00+00:00,9489.407849131552
2025-05-16 16:00:00+00:00,9489.407849131552
2025-05-16 20:00:00+00:00,9489.407849131552
2025-05-17 00:00:00+00:00,9489.407849131552
2025-05-17 04:00:00+00:00,9489.407849131552
2025-05-17 08:00:00+00:00,9489.407849131552
2025-05-17 12:00:00+00:00,9489.407849131552
2025-05-17 16:00:00+00:00,9489.407849131552
2025-05-17 20:00:00+00:00,9489.407849131552
2025-05-18 00:00:00+00:00,9489.407849131552
2025-05-18 04:00:00+00:00,9489.407849131552
2025-05-18 08:00:00+00:00,9489.407849131552
2025-05-18 12:00:00+00:00,9489.407849131552
2025-05-18 16:00:00+00:00,9489.407849131552
2025-05-18 20:00:00+00:00,9489.407849131552
2025-05-19 00:00:00+00:00,9489.407849131552
2025-05-19 04:00:00+00:00,9489.407849131552
2025-05-19 08:00:00+00:00,9489.407849131552
2025-05-19 12:00:00+00:00,9489.407849131552
2025-05-19 16:00:00+00:00,9489.407849131552
2025-05-19 20:00:00+00:00,9489.407849131552
2025-05-20 00:00:00+00:00,9489.407849131552
2025-05-20 04:00:00+00:00,9489.407849131552
2025-05-20 08:00:00+00:00,9489.407849131552
2025-05-20 12:00:00+00:00,9489.407849131552
2025-05-20 16:00:00+00:00,9489.407849131552
2025-05-20 20:00:00+00:00,9489.407849131552
2025-05-21 00:00:00+00:00,9489.407849131552
2025-05-21 04:00:00+00:00,9489.407849131552
2025-05-21 08:00:00+00:00,9489.407849131552
2025-05-21 12:00:00+00:00,9489.407849131552
2025-05-21 16:00:00+00:00,9489.407849131552
2025-05-21 20:00:00+00:00,9489.407849131552
2025-05-22 00:00:00+00:00,9489.407849131552
2025-05-22 04:00:00+00:00,9489.407849131552
2025-05-22 08:00:00+00:00,9489.407849131552
2025-05-22 12:00:00+00:00,9489.407849131552
2025-05-22 16:00:00+00:00,9489.407849131552
2025-05-22 20:00:00+00:00,9489.407849131552
2025-05-23 00:00:00+00:00,9489.407849131552
2025-05-23 04:00:00+00:00,9489.407849131552
2025-05-23 08:00:00+00:00,9489.407849131552
2025-05-23 12:00:00+00:00,9489.407849131552
2025-05-23 16:00:00+00:00,9489.407849131552
2025-05-23 20:00:00+00:00,9489.407849131552
2025-05-24 00:00:00+00:00,9489.407849131552
2025-05-24 04:00:00+00:00,9489.407849131552
2025-05-24 08:00:00+00:00,9489.407849131552
2025-05-24 12:00:00+00:00,9489.407849131552
2025-05-24 16:00:00+00:00,9489.407849131552
2025-05-24 20:00:00+00:00,9489.407849131552
2025-05-25 00:00:00+00:00,9489.407849131552
2025-05-25 04:00:00+00:00,9489.407849131552
2025-05-25 08:00:00+00:00,9489.407849131552
2025-05-25 12:00:00+00:00,9489.407849131552
2025-05-25 16:00:00+00:00,9489.407849131552
2025-05-25 20:00:00+00:00,9489.407849131552
2025-05-26 00:00:00+00:00,9489.407849131552
2025-05-26 04:00:00+00:00,9489.407849131552
2025-05-26 08:00:00+00:00,9489.407849131552
2025-05-26 12:00:00+00:00,9489.407849131552
2025-05-26 16:00:00+00:00,9489.407849131552
2025-05-26 20:00:00+00:00,9489.407849131552
2025-05-27 00:00:00+00:00,9489.407849131552
2025-05-27 04:00:00+00:00,9489.407849131552
2025-05-27 08:00:00+00:00,9489.407849131552
2025-05-27 12:00:00+00:00,9489.407849131552
2025-05-27 16:00:00+00:00,9489.407849131552
2025-05-27 20:00:00+00:00,9489.407849131552
2025-05-28 00:00:00+00:00,9489.407849131552
2025-05-28 04:00:00+00:00,9489.407849131552
2025-05-28 08:00:00+00:00,9489.407849131552
2025-05-28 12:00:00+00:00,9489.407849131552
2025-05-28 16:00:00+00:00,9489.407849131552
2025-05-28 20:00:00+00:00,9489.407849131552
2025-05-29 00:00:00+00:00,9489.407849131552
2025-05-29 04:00:00+00:00,9489.407849131552
2025-05-29 08:00:00+00:00,9489.407849131552
2025-05-29 12:00:00+00:00,9489.407849131552
2025-05-29 16:00:00+00:00,9489.407849131552
2025-05-29 20:00:00+00:00,9489.407849131552
2025-05-30 00:00:00+00:00,9489.407849131552
2025-05-30 04:00:00+00:00,9489.407849131552
2025-05-30 08:00:00+00:00,9489.407849131552
2025-05-30 12:00:00+00:00,9489.407849131552
2025-05-30 16:00:00+00:00,9489.407849131552
2025-05-30 20:00:00+00:00,9489.407849131552
2025-05-31 00:00:00+00:00,9489.407849131552
2025-05-31 04:00:00+00:00,9489.407849131552
2025-05-31 08:00:00+00:00,9489.407849131552
2025-05-31 12:00:00+00:00,9489.407849131552
2025-05-31 16:00:00+00:00,9489.407849131552
2025-05-31 20:00:00+00:00,9489.407849131552
2025-06-01 00:00:00+00:00,9489.407849131552
2025-06-01 04:00:00+00:00,9489.407849131552
2025-06-01 08:00:00+00:00,9489.407849131552
2025-06-01 12:00:00+00:00,9489.407849131552
2025-06-01 16:00:00+00:00,9489.407849131552
2025-06-01 20:00:00+00:00,9489.407849131552
2025-06-02 00:00:00+00:00,9489.407849131552
2025-06-02 04:00:00+00:00,9489.407849131552
2025-06-02 08:00:00+00:00,9489.407849131552
2025-06-02 12:00:00+00:00,9489.407849131552
2025-06-02 16:00:00+00:00,9489.407849131552
2025-06-02 20:00:00+00:00,9489.407849131552
2025-06-03 00:00:00+00:00,9489.407849131552
2025-06-03 04:00:00+00:00,9489.407849131552
2025-06-03 08:00:00+00:00,9489.407849131552
2025-06-03 12:00:00+00:00,9489.407849131552
2025-06-03 16:00:00+00:00,9489.407849131552
2025-06-03 20:00:00+00:00,9489.407849131552
2025-06-04 00:00:00+00:00,9489.407849131552
2025-06-04 04:00:00+00:00,9489.407849131552
2025-06-04 08:00:00+00:00,9489.407849131552
2025-06-04 12:00:00+00:00,9489.407849131552
2025-06-04 16:00:00+00:00,9489.407849131552
2025-06-04 20:00:00+00:00,9489.407849131552
2025-06-05 00:00:00+00:00,9489.407849131552
2025-06-05 04:00:00+00:00,9489.407849131552
2025-06-05 08:00:00+00:00,9489.407849131552
2025-06-05 12:00:00+00:00,9489.407849131552
2025-06-05 16:00:00+00:00,9489.407849131552
2025-06-05 20:00:00+00:00,9489.407849131552
2025-06-06 00:00:00+00:00,9489.407849131552
2025-06-06 04:00:00+00:00,9489.407849131552
2025-06-06 08:00:00+00:00,9489.407849131552
2025-06-06 12:00:00+00:00,9489.407849131552
2025-06-06 16:00:00+00:00,9489.407849131552
2025-06-06 20:00:00+00:00,9489.407849131552
2025-06-07 00:00:00+00:00,9489.407849131552
2025-06-07 04:00:00+00:00,9489.407849131552
2025-06-07 08:00:00+00:00,9489.407849131552
2025-06-07 12:00:00+00:00,9489.407849131552
2025-06-07 16:00:00+00:00,9489.407849131552
2025-06-07 20:00:00+00:00,9489.407849131552
2025-06-08 00:00:00+00:00,9489.407849131552
2025-06-08 04:00:00+00:00,9489.407849131552
2025-06-08 08:00:00+00:00,9489.407849131552
2025-06-08 12:00:00+00:00,9489.407849131552
2025-06-08 16:00:00+00:00,9489.407849131552
2025-06-08 20:00:00+00:00,9489.407849131552
2025-06-09 00:00:00+00:00,9489.407849131552
2025-06-09 04:00:00+00:00,9489.407849131552
2025-06-09 08:00:00+00:00,9489.407849131552
2025-06-09 12:00:00+00:00,9489.407849131552
2025-06-09 16:00:00+00:00,9489.407849131552
2025-06-09 20:00:00+00:00,9470.466915300949
2025-06-10 00:00:00+00:00,9414.198144780423
2025-06-10 04:00:00+00:00,9426.101153928996
2025-06-10 08:00:00+00:00,9702.034547827732
2025-06-10 12:00:00+00:00,9537.55660322927
2025-06-10 16:00:00+00:00,9607.89256637993
2025-06-10 20:00:00+00:00,9732.333116569554
2025-06-11 00:00:00+00:00,9619.795575528502
2025-06-11 04:00:00+00:00,9724.7584743841
2025-06-11 08:00:00+00:00,9557.034254563298
2025-06-11 12:00:00+00:00,9922.781262946723
2025-06-11 16:00:00+00:00,9602.48210767603
2025-06-11 20:00:00+00:00,9376.324933853146
2025-06-12 00:00:00+00:00,9206.436530550785
2025-06-12 04:00:00+00:00,9150.616201107812
2025-06-12 08:00:00+00:00,9150.616201107812
2025-06-12 12:00:00+00:00,9150.616201107812
2025-06-12 16:00:00+00:00,9150.616201107812
2025-06-12 20:00:00+00:00,9150.616201107812
2025-06-13 00:00:00+00:00,9150.616201107812
2025-06-13 04:00:00+00:00,9150.616201107812
2025-06-13 08:00:00+00:00,9150.616201107812
2025-06-13 12:00:00+00:00,9150.616201107812
2025-06-13 16:00:00+00:00,9150.616201107812
2025-06-13 20:00:00+00:00,9150.616201107812
2025-06-14 00:00:00+00:00,9150.616201107812
2025-06-14 04:00:00+00:00,9150.616201107812
2025-06-14 08:00:00+00:00,9150.616201107812
2025-06-14 12:00:00+00:00,9150.616201107812
2025-06-14 16:00:00+00:00,9150.616201107812
2025-06-14 20:00:00+00:00,9150.616201107812
2025-06-15 00:00:00+00:00,9150.616201107812
2025-06-15 04:00:00+00:00,9150.616201107812
2025-06-15 08:00:00+00:00,9150.616201107812
2025-06-15 12:00:00+00:00,9150.616201107812
2025-06-15 16:00:00+00:00,9150.616201107812
2025-06-15 20:00:00+00:00,9150.616201107812
2025-06-16 00:00:00+00:00,9150.616201107812
2025-06-16 04:00:00+00:00,9150.616201107812
2025-06-16 08:00:00+00:00,9150.616201107812
2025-06-16 12:00:00+00:00,9150.616201107812
2025-06-16 16:00:00+00:00,9150.616201107812
2025-06-16 20:00:00+00:00,9150.616201107812
2025-06-17 00:00:00+00:00,9150.616201107812
2025-06-17 04:00:00+00:00,9150.616201107812
2025-06-17 08:00:00+00:00,9150.616201107812
2025-06-17 12:00:00+00:00,9150.616201107812
2025-06-17 16:00:00+00:00,9150.616201107812
2025-06-17 20:00:00+00:00,9150.616201107812
2025-06-18 00:00:00+00:00,9150.616201107812
2025-06-18 04:00:00+00:00,9150.616201107812
2025-06-18 08:00:00+00:00,9150.616201107812
2025-06-18 12:00:00+00:00,9150.616201107812
2025-06-18 16:00:00+00:00,9150.616201107812
2025-06-18 20:00:00+00:00,9150.616201107812
2025-06-19 00:00:00+00:00,9150.616201107812
2025-06-19 04:00:00+00:00,9150.616201107812
2025-06-19 08:00:00+00:00,9150.616201107812
2025-06-19 12:00:00+00:00,9150.616201107812
2025-06-19 16:00:00+00:00,9150.616201107812
2025-06-19 20:00:00+00:00,9150.616201107812
2025-06-20 00:00:00+00:00,9150.616201107812
2025-06-20 04:00:00+00:00,9150.616201107812
2025-06-20 08:00:00+00:00,9150.616201107812
2025-06-20 12:00:00+00:00,9150.616201107812
2025-06-20 16:00:00+00:00,9150.616201107812
2025-06-20 20:00:00+00:00,9150.616201107812
2025-06-21 00:00:00+00:00,9150.616201107812
2025-06-21 04:00:00+00:00,9150.616201107812
2025-06-21 08:00:00+00:00,9150.616201107812
2025-06-21 12:00:00+00:00,9150.616201107812
2025-06-21 16:00:00+00:00,9150.616201107812
2025-06-21 20:00:00+00:00,9150.616201107812
2025-06-22 00:00:00+00:00,9150.616201107812
2025-06-22 04:00:00+00:00,9150.616201107812
2025-06-22 08:00:00+00:00,9150.616201107812
2025-06-22 12:00:00+00:00,9150.616201107812
2025-06-22 16:00:00+00:00,9150.616201107812
2025-06-22 20:00:00+00:00,9150.616201107812
2025-06-23 00:00:00+00:00,9150.616201107812
2025-06-23 04:00:00+00:00,9150.616201107812
2025-06-23 08:00:00+00:00,9150.616201107812
2025-06-23 12:00:00+00:00,9150.616201107812
2025-06-23 16:00:00+00:00,9150.616201107812
2025-06-23 20:00:00+00:00,9150.616201107812
2025-06-24 00:00:00+00:00,9150.616201107812
2025-06-24 04:00:00+00:00,9150.616201107812
2025-06-24 08:00:00+00:00,9150.616201107812
2025-06-24 12:00:00+00:00,9150.616201107812
2025-06-24 16:00:00+00:00,9150.616201107812
2025-06-24 20:00:00+00:00,9150.616201107812
2025-06-25 00:00:00+00:00,9150.616201107812
2025-06-25 04:00:00+00:00,9150.616201107812
2025-06-25 08:00:00+00:00,9150.616201107812
2025-06-25 12:00:00+00:00,9150.616201107812
2025-06-25 16:00:00+00:00,9150.616201107812
2025-06-25 20:00:00+00:00,9150.616201107812
2025-06-26 00:00:00+00:00,9150.616201107812
2025-06-26 04:00:00+00:00,9150.616201107812
2025-06-26 08:00:00+00:00,9150.616201107812
2025-06-26 12:00:00+00:00,9150.616201107812
2025-06-26 16:00:00+00:00,9150.616201107812
2025-06-26 20:00:00+00:00,9150.616201107812
2025-06-27 00:00:00+00:00,9150.616201107812
2025-06-27 04:00:00+00:00,9150.616201107812
2025-06-27 08:00:00+00:00,9150.616201107812
2025-06-27 12:00:00+00:00,9150.616201107812
2025-06-27 16:00:00+00:00,9150.616201107812
2025-06-27 20:00:00+00:00,9150.616201107812
2025-06-28 00:00:00+00:00,9150.616201107812
2025-06-28 04:00:00+00:00,9150.616201107812
2025-06-28 08:00:00+00:00,9150.616201107812
2025-06-28 12:00:00+00:00,9150.616201107812
2025-06-28 16:00:00+00:00,9150.616201107812
2025-06-28 20:00:00+00:00,9150.616201107812
2025-06-29 00:00:00+00:00,9150.616201107812
2025-06-29 04:00:00+00:00,9150.616201107812
2025-06-29 08:00:00+00:00,9150.616201107812
2025-06-29 12:00:00+00:00,9150.616201107812
2025-06-29 16:00:00+00:00,9150.616201107812
2025-06-29 20:00:00+00:00,9150.616201107812
2025-06-30 00:00:00+00:00,9150.616201107812
2025-06-30 04:00:00+00:00,9150.616201107812
2025-06-30 08:00:00+00:00,9150.616201107812
2025-06-30 12:00:00+00:00,9150.616201107812
2025-06-30 16:00:00+00:00,9150.616201107812
2025-06-30 20:00:00+00:00,9150.616201107812
2025-07-01 00:00:00+00:00,9150.616201107812
2025-07-01 04:00:00+00:00,9150.616201107812
2025-07-01 08:00:00+00:00,9150.616201107812
2025-07-01 12:00:00+00:00,9150.616201107812
2025-07-01 16:00:00+00:00,9150.616201107812
2025-07-01 20:00:00+00:00,9150.616201107812
2025-07-02 00:00:00+00:00,9150.616201107812
2025-07-02 04:00:00+00:00,9150.616201107812
2025-07-02 08:00:00+00:00,9150.616201107812
2025-07-02 12:00:00+00:00,9150.616201107812
2025-07-02 16:00:00+00:00,9132.35149811159
2025-07-02 20:00:00+00:00,8951.095239442291
2025-07-03 00:00:00+00:00,8967.054910016946
2025-07-03 04:00:00+00:00,9184.790415714027
2025-07-03 08:00:00+00:00,9156.291003973573
2025-07-03 12:00:00+00:00,8896.376368900617
2025-07-03 16:00:00+00:00,9079.91258050915
2025-07-03 20:00:00+00:00,9085.612462857242
2025-07-04 00:00:00+00:00,8957.93509826
2025-07-04 04:00:00+00:00,8777.818816060322
2025-07-04 08:00:00+00:00,8738.509445860856
2025-07-04 12:00:00+00:00,8738.509445860856
2025-07-04 16:00:00+00:00,8738.509445860856
2025-07-04 20:00:00+00:00,8738.509445860856
2025-07-05 00:00:00+00:00,8738.509445860856
2025-07-05 04:00:00+00:00,8738.509445860856
2025-07-05 08:00:00+00:00,8738.509445860856
2025-07-05 12:00:00+00:00,8738.509445860856
2025-07-05 16:00:00+00:00,8738.509445860856
2025-07-05 20:00:00+00:00,8738.509445860856
2025-07-06 00:00:00+00:00,8738.509445860856
2025-07-06 04:00:00+00:00,8738.509445860856
2025-07-06 08:00:00+00:00,8738.509445860856
2025-07-06 12:00:00+00:00,8738.509445860856
2025-07-06 16:00:00+00:00,8738.509445860856
2025-07-06 20:00:00+00:00,8738.509445860856
2025-07-07 00:00:00+00:00,8738.509445860856
2025-07-07 04:00:00+00:00,8738.509445860856
2025-07-07 08:00:00+00:00,8738.509445860856
2025-07-07 12:00:00+00:00,8738.509445860856
2025-07-07 16:00:00+00:00,8738.509445860856
2025-07-07 20:00:00+00:00,8738.509445860856
2025-07-08 00:00:00+00:00,8738.509445860856
2025-07-08 04:00:00+00:00,8738.509445860856
2025-07-08 08:00:00+00:00,8738.509445860856
2025-07-08 12:00:00+00:00,8738.509445860856
2025-07-08 16:00:00+00:00,8738.509445860856
2025-07-08 20:00:00+00:00,8738.509445860856
2025-07-09 00:00:00+00:00,8738.509445860856
2025-07-09 04:00:00+00:00,8738.509445860856
2025-07-09 08:00:00+00:00,8738.509445860856
2025-07-09 12:00:00+00:00,8738.509445860856
2025-07-09 16:00:00+00:00,8738.509445860856
2025-07-09 20:00:00+00:00,8738.509445860856
2025-07-10 00:00:00+00:00,8738.509445860856
2025-07-10 04:00:00+00:00,8738.509445860856
2025-07-10 08:00:00+00:00,8738.509445860856
2025-07-10 12:00:00+00:00,8738.509445860856
2025-07-10 16:00:00+00:00,8738.509445860856
2025-07-10 20:00:00+00:00,8738.509445860856
2025-07-11 00:00:00+00:00,8738.509445860856
2025-07-11 04:00:00+00:00,8738.509445860856
2025-07-11 08:00:00+00:00,8738.509445860856
2025-07-11 12:00:00+00:00,8738.509445860856
2025-07-11 16:00:00+00:00,8738.509445860856
2025-07-11 20:00:00+00:00,8738.509445860856
2025-07-12 00:00:00+00:00,8738.509445860856
2025-07-12 04:00:00+00:00,8738.509445860856
2025-07-12 08:00:00+00:00,8738.509445860856
2025-07-12 12:00:00+00:00,8738.509445860856
2025-07-12 16:00:00+00:00,8738.509445860856
2025-07-12 20:00:00+00:00,8738.509445860856
2025-07-13 00:00:00+00:00,8738.509445860856
2025-07-13 04:00:00+00:00,8738.509445860856
2025-07-13 08:00:00+00:00,8738.509445860856
2025-07-13 12:00:00+00:00,8738.509445860856
2025-07-13 16:00:00+00:00,8738.509445860856
2025-07-13 20:00:00+00:00,8738.509445860856
2025-07-14 00:00:00+00:00,8738.509445860856
2025-07-14 04:00:00+00:00,8738.509445860856
2025-07-14 08:00:00+00:00,8738.509445860856
2025-07-14 12:00:00+00:00,8738.509445860856
2025-07-14 16:00:00+00:00,8738.509445860856
2025-07-14 20:00:00+00:00,8738.509445860856
2025-07-15 00:00:00+00:00,8738.509445860856
2025-07-15 04:00:00+00:00,8738.509445860856
2025-07-15 08:00:00+00:00,8738.509445860856
2025-07-15 12:00:00+00:00,8738.509445860856
2025-07-15 16:00:00+00:00,8738.509445860856
2025-07-15 20:00:00+00:00,8738.509445860856
2025-07-16 00:00:00+00:00,8738.509445860856
2025-07-16 04:00:00+00:00,8738.509445860856
2025-07-16 08:00:00+00:00,8738.509445860856
2025-07-16 12:00:00+00:00,8738.509445860856
2025-07-16 16:00:00+00:00,8738.509445860856
2025-07-16 20:00:00+00:00,8738.509445860856
2025-07-17 00:00:00+00:00,8738.509445860856
2025-07-17 04:00:00+00:00,8738.509445860856
2025-07-17 08:00:00+00:00,8738.509445860856
2025-07-17 12:00:00+00:00,8738.509445860856
2025-07-17 16:00:00+00:00,8738.509445860856
2025-07-17 20:00:00+00:00,8738.509445860856
2025-07-18 00:00:00+00:00,8738.509445860856
2025-07-18 04:00:00+00:00,8738.509445860856
2025-07-18 08:00:00+00:00,8738.509445860856
2025-07-18 12:00:00+00:00,8738.509445860856
2025-07-18 16:00:00+00:00,8738.509445860856
2025-07-18 20:00:00+00:00,8738.509445860856
2025-07-19 00:00:00+00:00,8738.509445860856
2025-07-19 04:00:00+00:00,8738.509445860856
2025-07-19 08:00:00+00:00,8738.509445860856
2025-07-19 12:00:00+00:00,8738.509445860856
2025-07-19 16:00:00+00:00,8738.509445860856
2025-07-19 20:00:00+00:00,8738.509445860856
2025-07-20 00:00:00+00:00,8738.509445860856
2025-07-20 04:00:00+00:00,8738.509445860856
2025-07-20 08:00:00+00:00,8738.509445860856
2025-07-20 12:00:00+00:00,8738.509445860856
2025-07-20 16:00:00+00:00,8738.509445860856
2025-07-20 20:00:00+00:00,8738.509445860856
2025-07-21 00:00:00+00:00,8738.509445860856
2025-07-21 04:00:00+00:00,8738.509445860856
2025-07-21 08:00:00+00:00,8738.509445860856
2025-07-21 12:00:00+00:00,8738.509445860856
2025-07-21 16:00:00+00:00,8738.509445860856
2025-07-21 20:00:00+00:00,8738.509445860856
2025-07-22 00:00:00+00:00,8738.509445860856
2025-07-22 04:00:00+00:00,8738.509445860856
2025-07-22 08:00:00+00:00,8738.509445860856
2025-07-22 12:00:00+00:00,8738.509445860856
2025-07-22 16:00:00+00:00,8738.509445860856
2025-07-22 20:00:00+00:00,8738.509445860856
2025-07-23 00:00:00+00:00,8738.509445860856
2025-07-23 04:00:00+00:00,8738.509445860856
2025-07-23 08:00:00+00:00,8738.509445860856
2025-07-23 12:00:00+00:00,8738.509445860856
2025-07-23 16:00:00+00:00,8738.509445860856
2025-07-23 20:00:00+00:00,8738.509445860856
2025-07-24 00:00:00+00:00,8738.509445860856
2025-07-24 04:00:00+00:00,8738.509445860856
2025-07-24 08:00:00+00:00,8738.509445860856
2025-07-24 12:00:00+00:00,8738.509445860856
2025-07-24 16:00:00+00:00,8738.509445860856
2025-07-24 20:00:00+00:00,8738.509445860856
2025-07-25 00:00:00+00:00,8738.509445860856
2025-07-25 04:00:00+00:00,8738.509445860856
2025-07-25 08:00:00+00:00,8738.509445860856
2025-07-25 12:00:00+00:00,8738.509445860856
2025-07-25 16:00:00+00:00,8738.509445860856
2025-07-25 20:00:00+00:00,8738.509445860856
2025-07-26 00:00:00+00:00,8738.509445860856
2025-07-26 04:00:00+00:00,8738.509445860856
2025-07-26 08:00:00+00:00,8738.509445860856
2025-07-26 12:00:00+00:00,8738.509445860856
2025-07-26 16:00:00+00:00,8738.509445860856
2025-07-26 20:00:00+00:00,8738.509445860856
2025-07-27 00:00:00+00:00,8738.509445860856
2025-07-27 04:00:00+00:00,8738.509445860856
2025-07-27 08:00:00+00:00,8738.509445860856
2025-07-27 12:00:00+00:00,8738.509445860856
2025-07-27 16:00:00+00:00,8738.509445860856
2025-07-27 20:00:00+00:00,8738.509445860856
2025-07-28 00:00:00+00:00,8738.509445860856
2025-07-28 04:00:00+00:00,8738.509445860856
2025-07-28 08:00:00+00:00,8738.509445860856
2025-07-28 12:00:00+00:00,8738.509445860856
2025-07-28 16:00:00+00:00,8738.509445860856
2025-07-28 20:00:00+00:00,8738.509445860856
2025-07-29 00:00:00+00:00,8738.509445860856
2025-07-29 04:00:00+00:00,8738.509445860856
2025-07-29 08:00:00+00:00,8738.509445860856
2025-07-29 12:00:00+00:00,8738.509445860856
2025-07-29 16:00:00+00:00,8738.509445860856
2025-07-29 20:00:00+00:00,8738.509445860856
2025-07-30 00:00:00+00:00,8738.509445860856
2025-07-30 04:00:00+00:00,8738.509445860856
2025-07-30 08:00:00+00:00,8738.509445860856
2025-07-30 12:00:00+00:00,8738.509445860856
2025-07-30 16:00:00+00:00,8738.509445860856
2025-07-30 20:00:00+00:00,8738.509445860856
2025-07-31 00:00:00+00:00,8738.509445860856
2025-07-31 04:00:00+00:00,8738.509445860856
2025-07-31 08:00:00+00:00,8738.509445860856
2025-07-31 12:00:00+00:00,8738.509445860856
2025-07-31 16:00:00+00:00,8738.509445860856
2025-07-31 20:00:00+00:00,8738.509445860856
2025-08-01 00:00:00+00:00,8738.509445860856
2025-08-01 04:00:00+00:00,8738.509445860856
2025-08-01 08:00:00+00:00,8738.509445860856
2025-08-01 12:00:00+00:00,8738.509445860856
2025-08-01 16:00:00+00:00,8738.509445860856
2025-08-01 20:00:00+00:00,8738.509445860856
2025-08-02 00:00:00+00:00,8738.509445860856
2025-08-02 04:00:00+00:00,8738.509445860856
2025-08-02 08:00:00+00:00,8738.509445860856
2025-08-02 12:00:00+00:00,8738.509445860856
2025-08-02 16:00:00+00:00,8738.509445860856
2025-08-02 20:00:00+00:00,8738.509445860856
2025-08-03 00:00:00+00:00,8738.509445860856
2025-08-03 04:00:00+00:00,8738.509445860856
2025-08-03 08:00:00+00:00,8738.509445860856
2025-08-03 12:00:00+00:00,8738.509445860856
2025-08-03 16:00:00+00:00,8738.509445860856
2025-08-03 20:00:00+00:00,8738.509445860856
2025-08-04 00:00:00+00:00,8738.509445860856
2025-08-04 04:00:00+00:00,8738.509445860856
2025-08-04 08:00:00+00:00,8738.509445860856
2025-08-04 12:00:00+00:00,8738.509445860856
2025-08-04 16:00:00+00:00,8738.509445860856
2025-08-04 20:00:00+00:00,8738.509445860856
2025-08-05 00:00:00+00:00,8738.509445860856
2025-08-05 04:00:00+00:00,8738.509445860856
2025-08-05 08:00:00+00:00,8738.509445860856
2025-08-05 12:00:00+00:00,8738.509445860856
2025-08-05 16:00:00+00:00,8738.509445860856
2025-08-05 20:00:00+00:00,8738.509445860856
2025-08-06 00:00:00+00:00,8738.509445860856
2025-08-06 04:00:00+00:00,8738.509445860856
2025-08-06 08:00:00+00:00,8738.509445860856
2025-08-06 12:00:00+00:00,8738.509445860856
2025-08-06 16:00:00+00:00,8738.509445860856
2025-08-06 20:00:00+00:00,8738.509445860856
2025-08-07 00:00:00+00:00,8738.509445860856
2025-08-07 04:00:00+00:00,8738.509445860856
2025-08-07 08:00:00+00:00,8738.509445860856
2025-08-07 12:00:00+00:00,8738.509445860856
2025-08-07 16:00:00+00:00,8738.509445860856
2025-08-07 20:00:00+00:00,8721.067311238381
2025-08-08 00:00:00+00:00,8731.430001379471
2025-08-08 04:00:00+00:00,8784.107009596673
2025-08-08 08:00:00+00:00,8791.87902720249
2025-08-08 12:00:00+00:00,8717.61308119135
2025-08-08 16:00:00+00:00,8882.552565937021
2025-08-08 20:00:00+00:00,8815.195080019941
2025-08-09 00:00:00+00:00,8790.151912178975
2025-08-09 04:00:00+00:00,8971.498989648037
2025-08-09 08:00:00+00:00,9007.76840514185
2025-08-09 12:00:00+00:00,9006.904847630092
2025-08-09 16:00:00+00:00,9064.763200917841
2025-08-09 20:00:00+00:00,8958.545626971676
2025-08-10 00:00:00+00:00,9044.90137814742
2025-08-10 04:00:00+00:00,8723.657983773652
2025-08-10 08:00:00+00:00,8698.614815932688
2025-08-10 12:00:00+00:00,8876.50766335472
2025-08-10 16:00:00+00:00,8892.915256078111
2025-08-10 20:00:00+00:00,8854.918725560783
2025-08-11 00:00:00+00:00,9041.44714810039
2025-08-11 04:00:00+00:00,8872.189875795933
2025-08-11 08:00:00+00:00,8588.943011939493
2025-08-11 12:00:00+00:00,8779.789222037885
2025-08-11 16:00:00+00:00,8620.894639874517
2025-08-11 20:00:00+00:00,8506.266015763835
2025-08-12 00:00:00+00:00,8506.266015763835
2025-08-12 04:00:00+00:00,8506.266015763835
2025-08-12 08:00:00+00:00,8506.266015763835
2025-08-12 12:00:00+00:00,8506.266015763835
2025-08-12 16:00:00+00:00,8506.266015763835
2025-08-12 20:00:00+00:00,8506.266015763835
2025-08-13 00:00:00+00:00,8506.266015763835
2025-08-13 04:00:00+00:00,8506.266015763835
2025-08-13 08:00:00+00:00,8506.266015763835
2025-08-13 12:00:00+00:00,8506.266015763835
2025-08-13 16:00:00+00:00,8506.266015763835
2025-08-13 20:00:00+00:00,8506.266015763835
2025-08-14 00:00:00+00:00,8506.266015763835
2025-08-14 04:00:00+00:00,8506.266015763835
2025-08-14 08:00:00+00:00,8506.266015763835
2025-08-14 12:00:00+00:00,8506.266015763835
2025-08-14 16:00:00+00:00,8506.266015763835
2025-08-14 20:00:00+00:00,8506.266015763835
2025-08-15 00:00:00+00:00,8506.266015763835
2025-08-15 04:00:00+00:00,8506.266015763835
2025-08-15 08:00:00+00:00,8506.266015763835
2025-08-15 12:00:00+00:00,8506.266015763835
2025-08-15 16:00:00+00:00,8506.266015763835
2025-08-15 20:00:00+00:00,8506.266015763835
2025-08-16 00:00:00+00:00,8506.266015763835
2025-08-16 04:00:00+00:00,8506.266015763835
2025-08-16 08:00:00+00:00,8506.266015763835
2025-08-16 12:00:00+00:00,8506.266015763835
2025-08-16 16:00:00+00:00,8506.266015763835
2025-08-16 20:00:00+00:00,8506.266015763835
2025-08-17 00:00:00+00:00,8506.266015763835
2025-08-17 04:00:00+00:00,8506.266015763835
2025-08-17 08:00:00+00:00,8506.266015763835
2025-08-17 12:00:00+00:00,8506.266015763835
2025-08-17 16:00:00+00:00,8506.266015763835
2025-08-17 20:00:00+00:00,8506.266015763835
2025-08-18 00:00:00+00:00,8506.266015763835
2025-08-18 04:00:00+00:00,8506.266015763835
2025-08-18 08:00:00+00:00,8506.266015763835
2025-08-18 12:00:00+00:00,8506.266015763835
2025-08-18 16:00:00+00:00,8506.266015763835
2025-08-18 20:00:00+00:00,8506.266015763835
2025-08-19 00:00:00+00:00,8506.266015763835
2025-08-19 04:00:00+00:00,8506.266015763835
2025-08-19 08:00:00+00:00,8506.266015763835
2025-08-19 12:00:00+00:00,8506.266015763835
2025-08-19 16:00:00+00:00,8506.266015763835
2025-08-19 20:00:00+00:00,8506.266015763835
2025-08-20 00:00:00+00:00,8506.266015763835
2025-08-20 04:00:00+00:00,8506.266015763835
2025-08-20 08:00:00+00:00,8506.266015763835
2025-08-20 12:00:00+00:00,8506.266015763835
2025-08-20 16:00:00+00:00,8506.266015763835
2025-08-20 20:00:00+00:00,8506.266015763835
2025-08-21 00:00:00+00:00,8506.266015763835
2025-08-21 04:00:00+00:00,8506.266015763835
2025-08-21 08:00:00+00:00,8506.266015763835
2025-08-21 12:00:00+00:00,8506.266015763835
2025-08-21 16:00:00+00:00,8506.266015763835
2025-08-21 20:00:00+00:00,8506.266015763835
2025-08-22 00:00:00+00:00,8506.266015763835
2025-08-22 04:00:00+00:00,8506.266015763835
2025-08-22 08:00:00+00:00,8506.266015763835
2025-08-22 12:00:00+00:00,8506.266015763835
2025-08-22 16:00:00+00:00,8506.266015763835
2025-08-22 20:00:00+00:00,8506.266015763835
2025-08-23 00:00:00+00:00,8506.266015763835
2025-08-23 04:00:00+00:00,8506.266015763835
2025-08-23 08:00:00+00:00,8506.266015763835
2025-08-23 12:00:00+00:00,8506.266015763835
2025-08-23 16:00:00+00:00,8506.266015763835
2025-08-23 20:00:00+00:00,8506.266015763835
2025-08-24 00:00:00+00:00,8506.266015763835
2025-08-24 04:00:00+00:00,8506.266015763835
2025-08-24 08:00:00+00:00,8506.266015763835
2025-08-24 12:00:00+00:00,8506.266015763835
2025-08-24 16:00:00+00:00,8506.266015763835
2025-08-24 20:00:00+00:00,8506.266015763835
2025-08-25 00:00:00+00:00,8506.266015763835
2025-08-25 04:00:00+00:00,8506.266015763835
2025-08-25 08:00:00+00:00,8506.266015763835
2025-08-25 12:00:00+00:00,8506.266015763835
2025-08-25 16:00:00+00:00,8506.266015763835
2025-08-25 20:00:00+00:00,8506.266015763835
2025-08-26 00:00:00+00:00,8506.266015763835
2025-08-26 04:00:00+00:00,8506.266015763835
2025-08-26 08:00:00+00:00,8506.266015763835
2025-08-26 12:00:00+00:00,8506.266015763835
2025-08-26 16:00:00+00:00,8506.266015763835
2025-08-26 20:00:00+00:00,8506.266015763835
2025-08-27 00:00:00+00:00,8506.266015763835
2025-08-27 04:00:00+00:00,8506.266015763835
2025-08-27 08:00:00+00:00,8506.266015763835
2025-08-27 12:00:00+00:00,8506.266015763835
2025-08-27 16:00:00+00:00,8506.266015763835
2025-08-27 20:00:00+00:00,8506.266015763835
2025-08-28 00:00:00+00:00,8506.266015763835
2025-08-28 04:00:00+00:00,8506.266015763835
2025-08-28 08:00:00+00:00,8506.266015763835
2025-08-28 12:00:00+00:00,8506.266015763835
2025-08-28 16:00:00+00:00,8506.266015763835
2025-08-28 20:00:00+00:00,8506.266015763835
2025-08-29 00:00:00+00:00,8506.266015763835
2025-08-29 04:00:00+00:00,8506.266015763835
2025-08-29 08:00:00+00:00,8506.266015763835
2025-08-29 12:00:00+00:00,8506.266015763835
2025-08-29 16:00:00+00:00,8506.266015763835
2025-08-29 20:00:00+00:00,8506.266015763835
2025-08-30 00:00:00+00:00,8506.266015763835
2025-08-30 04:00:00+00:00,8506.266015763835
2025-08-30 08:00:00+00:00,8506.266015763835
2025-08-30 12:00:00+00:00,8506.266015763835
2025-08-30 16:00:00+00:00,8506.266015763835
2025-08-30 20:00:00+00:00,8506.266015763835
2025-08-31 00:00:00+00:00,8506.266015763835
2025-08-31 04:00:00+00:00,8506.266015763835
2025-08-31 08:00:00+00:00,8506.266015763835
2025-08-31 12:00:00+00:00,8506.266015763835
2025-08-31 16:00:00+00:00,8506.266015763835
2025-08-31 20:00:00+00:00,8506.266015763835
2025-09-01 00:00:00+00:00,8506.266015763835
2025-09-01 04:00:00+00:00,8506.266015763835
2025-09-01 08:00:00+00:00,8506.266015763835
2025-09-01 12:00:00+00:00,8506.266015763835
2025-09-01 16:00:00+00:00,8506.266015763835
2025-09-01 20:00:00+00:00,8506.266015763835
2025-09-02 00:00:00+00:00,8506.266015763835
2025-09-02 04:00:00+00:00,8506.266015763835
2025-09-02 08:00:00+00:00,8506.266015763835
2025-09-02 12:00:00+00:00,8506.266015763835
2025-09-02 16:00:00+00:00,8506.266015763835
2025-09-02 20:00:00+00:00,8506.266015763835
2025-09-03 00:00:00+00:00,8506.266015763835
2025-09-03 04:00:00+00:00,8506.266015763835
2025-09-03 08:00:00+00:00,8506.266015763835
2025-09-03 12:00:00+00:00,8506.266015763835
2025-09-03 16:00:00+00:00,8506.266015763835
2025-09-03 20:00:00+00:00,8506.266015763835
2025-09-04 00:00:00+00:00,8506.266015763835
2025-09-04 04:00:00+00:00,8506.266015763835
2025-09-04 08:00:00+00:00,8506.266015763835
2025-09-04 12:00:00+00:00,8506.266015763835
2025-09-04 16:00:00+00:00,8506.266015763835
2025-09-04 20:00:00+00:00,8506.266015763835
2025-09-05 00:00:00+00:00,8506.266015763835
2025-09-05 04:00:00+00:00,8506.266015763835
2025-09-05 08:00:00+00:00,8506.266015763835
2025-09-05 12:00:00+00:00,8506.266015763835
2025-09-05 16:00:00+00:00,8506.266015763835
2025-09-05 20:00:00+00:00,8506.266015763835
2025-09-06 00:00:00+00:00,8506.266015763835
2025-09-06 04:00:00+00:00,8506.266015763835
2025-09-06 08:00:00+00:00,8506.266015763835
2025-09-06 12:00:00+00:00,8506.266015763835
2025-09-06 16:00:00+00:00,8506.266015763835
2025-09-06 20:00:00+00:00,8506.266015763835
2025-09-07 00:00:00+00:00,8506.266015763835
2025-09-07 04:00:00+00:00,8506.266015763835
2025-09-07 08:00:00+00:00,8506.266015763835
2025-09-07 12:00:00+00:00,8506.266015763835
2025-09-07 16:00:00+00:00,8506.266015763835
2025-09-07 20:00:00+00:00,8506.266015763835
2025-09-08 00:00:00+00:00,8506.266015763835
2025-09-08 04:00:00+00:00,8506.266015763835
2025-09-08 08:00:00+00:00,8506.266015763835
2025-09-08 12:00:00+00:00,8506.266015763835
2025-09-08 16:00:00+00:00,8506.266015763835
2025-09-08 20:00:00+00:00,8506.266015763835
2025-09-09 00:00:00+00:00,8506.266015763835
2025-09-09 04:00:00+00:00,8506.266015763835
2025-09-09 08:00:00+00:00,8506.266015763835
2025-09-09 12:00:00+00:00,8506.266015763835
2025-09-09 16:00:00+00:00,8506.266015763835
2025-09-09 20:00:00+00:00,8506.266015763835
2025-09-10 00:00:00+00:00,8489.28744088207
2025-09-10 04:00:00+00:00,8252.677924977459
2025-09-10 08:00:00+00:00,8263.321259602926
2025-09-10 12:00:00+00:00,8461.451027246236
2025-09-10 16:00:00+00:00,8228.116383534074
2025-09-10 20:00:00+00:00,8382.03537657929
2025-09-11 00:00:00+00:00,8318.9940868746
2025-09-11 04:00:00+00:00,8278.876902517071
2025-09-11 08:00:00+00:00,8332.912293692518
2025-09-11 12:00:00+00:00,8297.707417623666
2025-09-11 16:00:00+00:00,8689.054644621605
2025-09-11 20:00:00+00:00,8847.885945955497
2025-09-12 00:00:00+00:00,9037.828533117678
2025-09-12 04:00:00+00:00,8991.980322423356
2025-09-12 08:00:00+00:00,8825.78055865645
2025-09-12 12:00:00+00:00,8933.851341007345
2025-09-12 16:00:00+00:00,9089.407770148786
2025-09-12 20:00:00+00:00,9014.085709722403
2025-09-13 00:00:00+00:00,9005.898529241276
2025-09-13 04:00:00+00:00,8957.594164402617
2025-09-13 08:00:00+00:00,9163.092394478941
2025-09-13 12:00:00+00:00,8904.377491275281
2025-09-13 16:00:00+00:00,8852.798254244173
2025-09-13 20:00:00+00:00,8934.670059055457
2025-09-14 00:00:00+00:00,8730.80926507536
2025-09-14 04:00:00+00:00,8710.34131387254
2025-09-14 08:00:00+00:00,8637.475407590495
2025-09-14 12:00:00+00:00,8467.523108129924
2025-09-14 16:00:00+00:00,8467.523108129924
2025-09-14 20:00:00+00:00,8467.523108129924
2025-09-15 00:00:00+00:00,8467.523108129924
2025-09-15 04:00:00+00:00,8467.523108129924
2025-09-15 08:00:00+00:00,8467.523108129924
2025-09-15 12:00:00+00:00,8467.523108129924
2025-09-15 16:00:00+00:00,8467.523108129924
2025-09-15 20:00:00+00:00,8467.523108129924
2025-09-16 00:00:00+00:00,8467.523108129924
2025-09-16 04:00:00+00:00,8467.523108129924
2025-09-16 08:00:00+00:00,8467.523108129924
2025-09-16 12:00:00+00:00,8467.523108129924
2025-09-16 16:00:00+00:00,8467.523108129924
2025-09-16 20:00:00+00:00,8467.523108129924
2025-09-17 00:00:00+00:00,8467.523108129924
2025-09-17 04:00:00+00:00,8467.523108129924
2025-09-17 08:00:00+00:00,8467.523108129924
2025-09-17 12:00:00+00:00,8467.523108129924
2025-09-17 16:00:00+00:00,8467.523108129924
2025-09-17 20:00:00+00:00,8467.523108129924
2025-09-18 00:00:00+00:00,8467.523108129924
2025-09-18 04:00:00+00:00,8467.523108129924
2025-09-18 08:00:00+00:00,8467.523108129924
2025-09-18 12:00:00+00:00,8467.523108129924
2025-09-18 16:00:00+00:00,8467.523108129924
2025-09-18 20:00:00+00:00,8467.523108129924
2025-09-19 00:00:00+00:00,8467.523108129924
2025-09-19 04:00:00+00:00,8467.523108129924
2025-09-19 08:00:00+00:00,8467.523108129924
2025-09-19 12:00:00+00:00,8467.523108129924
2025-09-19 16:00:00+00:00,8467.523108129924
2025-09-19 20:00:00+00:00,8467.523108129924
2025-09-20 00:00:00+00:00,8467.523108129924
2025-09-20 04:00:00+00:00,8467.523108129924
2025-09-20 08:00:00+00:00,8467.523108129924
2025-09-20 12:00:00+00:00,8467.523108129924
2025-09-20 16:00:00+00:00,8467.523108129924
2025-09-20 20:00:00+00:00,8467.523108129924
2025-09-21 00:00:00+00:00,8467.523108129924
2025-09-21 04:00:00+00:00,8467.523108129924
2025-09-21 08:00:00+00:00,8467.523108129924
2025-09-21 12:00:00+00:00,8467.523108129924
2025-09-21 16:00:00+00:00,8467.523108129924
2025-09-21 20:00:00+00:00,8467.523108129924
2025-09-22 00:00:00+00:00,8467.523108129924
2025-09-22 04:00:00+00:00,8467.523108129924
2025-09-22 08:00:00+00:00,8467.523108129924
2025-09-22 12:00:00+00:00,8467.523108129924
2025-09-22 16:00:00+00:00,8467.523108129924
2025-09-22 20:00:00+00:00,8467.523108129924
2025-09-23 00:00:00+00:00,8467.523108129924
2025-09-23 04:00:00+00:00,8467.523108129924
2025-09-23 08:00:00+00:00,8467.523108129924
2025-09-23 12:00:00+00:00,8467.523108129924
2025-09-23 16:00:00+00:00,8467.523108129924
2025-09-23 20:00:00+00:00,8467.523108129924
2025-09-24 00:00:00+00:00,8467.523108129924
2025-09-24 04:00:00+00:00,8467.523108129924
2025-09-24 08:00:00+00:00,8467.523108129924
2025-09-24 12:00:00+00:00,8467.523108129924
2025-09-24 16:00:00+00:00,8467.523108129924
2025-09-24 20:00:00+00:00,8467.523108129924
2025-09-25 00:00:00+00:00,8467.523108129924
2025-09-25 04:00:00+00:00,8467.523108129924
2025-09-25 08:00:00+00:00,8467.523108129924
2025-09-25 12:00:00+00:00,8467.523108129924
2025-09-25 16:00:00+00:00,8467.523108129924
2025-09-25 20:00:00+00:00,8467.523108129924
2025-09-26 00:00:00+00:00,8467.523108129924
2025-09-26 04:00:00+00:00,8467.523108129924
2025-09-26 08:00:00+00:00,8467.523108129924
2025-09-26 12:00:00+00:00,8467.523108129924
2025-09-26 16:00:00+00:00,8467.523108129924
2025-09-26 20:00:00+00:00,8467.523108129924
2025-09-27 00:00:00+00:00,8467.523108129924
2025-09-27 04:00:00+00:00,8467.523108129924
2025-09-27 08:00:00+00:00,8467.523108129924
2025-09-27 12:00:00+00:00,8467.523108129924
2025-09-27 16:00:00+00:00,8467.523108129924
2025-09-27 20:00:00+00:00,8467.523108129924
2025-09-28 00:00:00+00:00,8467.523108129924
2025-09-28 04:00:00+00:00,8467.523108129924
2025-09-28 08:00:00+00:00,8467.523108129924
2025-09-28 12:00:00+00:00,8467.523108129924
2025-09-28 16:00:00+00:00,8467.523108129924
2025-09-28 20:00:00+00:00,8467.523108129924
2025-09-29 00:00:00+00:00,8467.523108129924
2025-09-29 04:00:00+00:00,8467.523108129924
2025-09-29 08:00:00+00:00,8467.523108129924
2025-09-29 12:00:00+00:00,8467.523108129924
2025-09-29 16:00:00+00:00,8467.523108129924
2025-09-29 20:00:00+00:00,8467.523108129924
2025-09-30 00:00:00+00:00,8467.523108129924
2025-09-30 04:00:00+00:00,8467.523108129924
2025-09-30 08:00:00+00:00,8467.523108129924
2025-09-30 12:00:00+00:00,8467.523108129924
2025-09-30 16:00:00+00:00,8467.523108129924
2025-09-30 20:00:00+00:00,8467.523108129924
2025-10-01 00:00:00+00:00,8467.523108129924
2025-10-01 04:00:00+00:00,8467.523108129924
2025-10-01 08:00:00+00:00,8467.523108129924
2025-10-01 12:00:00+00:00,8467.523108129924
2025-10-01 16:00:00+00:00,8467.523108129924
2025-10-01 20:00:00+00:00,8467.523108129924
2025-10-02 00:00:00+00:00,8467.523108129924
2025-10-02 04:00:00+00:00,8467.523108129924
2025-10-02 08:00:00+00:00,8467.523108129924
2025-10-02 12:00:00+00:00,8467.523108129924
2025-10-02 16:00:00+00:00,8450.62186440112
2025-10-02 20:00:00+00:00,8372.7641681349
2025-10-03 00:00:00+00:00,8315.027000117252
2025-10-03 04:00:00+00:00,8268.66230458793
2025-10-03 08:00:00+00:00,8253.790609795506
2025-10-03 12:00:00+00:00,8432.250947304598
2025-10-03 16:00:00+00:00,8354.393251038375
2025-10-03 20:00:00+00:00,8246.792165187306
2025-10-04 00:00:00+00:00,8139.191079336236
2025-10-04 04:00:00+00:00,8151.438357400584
2025-10-04 08:00:00+00:00,8082.782056140777
2025-10-04 12:00:00+00:00,8082.782056140777
2025-10-04 16:00:00+00:00,8082.782056140777
2025-10-04 20:00:00+00:00,8082.782056140777
2025-10-05 00:00:00+00:00,8082.782056140777
2025-10-05 04:00:00+00:00,8082.782056140777
2025-10-05 08:00:00+00:00,8082.782056140777
2025-10-05 12:00:00+00:00,8082.782056140777
2025-10-05 16:00:00+00:00,8082.782056140777
2025-10-05 20:00:00+00:00,8082.782056140777
2025-10-06 00:00:00+00:00,8082.782056140777
2025-10-06 04:00:00+00:00,8082.782056140777
2025-10-06 08:00:00+00:00,8082.782056140777
2025-10-06 12:00:00+00:00,8082.782056140777
2025-10-06 16:00:00+00:00,8082.782056140777
2025-10-06 20:00:00+00:00,8082.782056140777
2025-10-07 00:00:00+00:00,8082.782056140777
2025-10-07 04:00:00+00:00,8082.782056140777
2025-10-07 08:00:00+00:00,8082.782056140777
2025-10-07 12:00:00+00:00,8082.782056140777
2025-10-07 16:00:00+00:00,8082.782056140777
2025-10-07 20:00:00+00:00,8082.782056140777
2025-10-08 00:00:00+00:00,8082.782056140777
2025-10-08 04:00:00+00:00,8082.782056140777
2025-10-08 08:00:00+00:00,8082.782056140777
2025-10-08 12:00:00+00:00,8082.782056140777
2025-10-08 16:00:00+00:00,8082.782056140777
2025-10-08 20:00:00+00:00,8082.782056140777
2025-10-09 00:00:00+00:00,8082.782056140777
2025-10-09 04:00:00+00:00,8082.782056140777
2025-10-09 08:00:00+00:00,8082.782056140777
2025-10-09 12:00:00+00:00,8082.782056140777
2025-10-09 16:00:00+00:00,8082.782056140777
2025-10-09 20:00:00+00:00,8082.782056140777
2025-10-10 00:00:00+00:00,8082.782056140777
2025-10-10 04:00:00+00:00,8082.782056140777
2025-10-10 08:00:00+00:00,8082.782056140777
2025-10-10 12:00:00+00:00,8082.782056140777
2025-10-10 16:00:00+00:00,8082.782056140777
2025-10-10 20:00:00+00:00,8082.782056140777
2025-10-11 00:00:00+00:00,8082.782056140777
2025-10-11 04:00:00+00:00,8082.782056140777
2025-10-11 08:00:00+00:00,8082.782056140777
2025-10-11 12:00:00+00:00,8082.782056140777
2025-10-11 16:00:00+00:00,8082.782056140777
2025-10-11 20:00:00+00:00,8082.782056140777
2025-10-12 00:00:00+00:00,8082.782056140777
2025-10-12 04:00:00+00:00,8082.782056140777
2025-10-12 08:00:00+00:00,8082.782056140777
2025-10-12 12:00:00+00:00,8082.782056140777
2025-10-12 16:00:00+00:00,8082.782056140777
2025-10-12 20:00:00+00:00,8082.782056140777
2025-10-13 00:00:00+00:00,8082.782056140777
2025-10-13 04:00:00+00:00,8082.782056140777
2025-10-13 08:00:00+00:00,8082.782056140777
2025-10-13 12:00:00+00:00,8082.782056140777
2025-10-13 16:00:00+00:00,8082.782056140777
2025-10-13 20:00:00+00:00,8082.782056140777
2025-10-14 00:00:00+00:00,8082.782056140777
2025-10-14 04:00:00+00:00,8082.782056140777
2025-10-14 08:00:00+00:00,8082.782056140777
2025-10-14 12:00:00+00:00,8082.782056140777
2025-10-14 16:00:00+00:00,8082.782056140777
2025-10-14 20:00:00+00:00,8082.782056140777
2025-10-15 00:00:00+00:00,8082.782056140777
2025-10-15 04:00:00+00:00,8082.782056140777
2025-10-15 08:00:00+00:00,8082.782056140777
2025-10-15 12:00:00+00:00,8082.782056140777
2025-10-15 16:00:00+00:00,8082.782056140777
2025-10-15 20:00:00+00:00,8082.782056140777
2025-10-16 00:00:00+00:00,8082.782056140777
2025-10-16 04:00:00+00:00,8082.782056140777
2025-10-16 08:00:00+00:00,8082.782056140777
2025-10-16 12:00:00+00:00,8082.782056140777
2025-10-16 16:00:00+00:00,8082.782056140777
2025-10-16 20:00:00+00:00,8082.782056140777
2025-10-17 00:00:00+00:00,8082.782056140777
2025-10-17 04:00:00+00:00,8082.782056140777
2025-10-17 08:00:00+00:00,8082.782056140777
2025-10-17 12:00:00+00:00,8082.782056140777
2025-10-17 16:00:00+00:00,8082.782056140777
2025-10-17 20:00:00+00:00,8082.782056140777
2025-10-18 00:00:00+00:00,8082.782056140777
2025-10-18 04:00:00+00:00,8082.782056140777
2025-10-18 08:00:00+00:00,8082.782056140777
2025-10-18 12:00:00+00:00,8082.782056140777
2025-10-18 16:00:00+00:00,8082.782056140777
2025-10-18 20:00:00+00:00,8082.782056140777
2025-10-19 00:00:00+00:00,8082.782056140777
2025-10-19 04:00:00+00:00,8082.782056140777
2025-10-19 08:00:00+00:00,8082.782056140777
2025-10-19 12:00:00+00:00,8082.782056140777
2025-10-19 16:00:00+00:00,8082.782056140777
2025-10-19 20:00:00+00:00,8082.782056140777
2025-10-20 00:00:00+00:00,8082.782056140777
2025-10-20 04:00:00+00:00,8082.782056140777
2025-10-20 08:00:00+00:00,8082.782056140777
2025-10-20 12:00:00+00:00,8082.782056140777
2025-10-20 16:00:00+00:00,8082.782056140777
2025-10-20 20:00:00+00:00,8082.782056140777
2025-10-21 00:00:00+00:00,8082.782056140777
2025-10-21 04:00:00+00:00,8082.782056140777
2025-10-21 08:00:00+00:00,8082.782056140777
2025-10-21 12:00:00+00:00,8082.782056140777
2025-10-21 16:00:00+00:00,8082.782056140777
2025-10-21 20:00:00+00:00,8082.782056140777
2025-10-22 00:00:00+00:00,8082.782056140777
2025-10-22 04:00:00+00:00,8082.782056140777
2025-10-22 08:00:00+00:00,8082.782056140777
2025-10-22 12:00:00+00:00,8082.782056140777
2025-10-22 16:00:00+00:00,8082.782056140777
2025-10-22 20:00:00+00:00,8082.782056140777
2025-10-23 00:00:00+00:00,8082.782056140777
2025-10-23 04:00:00+00:00,8082.782056140777
2025-10-23 08:00:00+00:00,8082.782056140777
2025-10-23 12:00:00+00:00,8082.782056140777
2025-10-23 16:00:00+00:00,8082.782056140777
2025-10-23 20:00:00+00:00,8082.782056140777
2025-10-24 00:00:00+00:00,8082.782056140777
2025-10-24 04:00:00+00:00,8082.782056140777
2025-10-24 08:00:00+00:00,8082.782056140777
2025-10-24 12:00:00+00:00,8082.782056140777
2025-10-24 16:00:00+00:00,8082.782056140777
2025-10-24 20:00:00+00:00,8082.782056140777
2025-10-25 00:00:00+00:00,8082.782056140777
2025-10-25 04:00:00+00:00,8082.782056140777
2025-10-25 08:00:00+00:00,8082.782056140777
2025-10-25 12:00:00+00:00,8082.782056140777
2025-10-25 16:00:00+00:00,8082.782056140777
2025-10-25 20:00:00+00:00,8082.782056140777
2025-10-26 00:00:00+00:00,8082.782056140777
2025-10-26 04:00:00+00:00,8082.782056140777
2025-10-26 08:00:00+00:00,8082.782056140777
2025-10-26 12:00:00+00:00,8082.782056140777
2025-10-26 16:00:00+00:00,8082.782056140777
2025-10-26 20:00:00+00:00,8082.782056140777
2025-10-27 00:00:00+00:00,8082.782056140777
2025-10-27 04:00:00+00:00,8082.782056140777
2025-10-27 08:00:00+00:00,8082.782056140777
2025-10-27 12:00:00+00:00,8082.782056140777
2025-10-27 16:00:00+00:00,8082.782056140777
2025-10-27 20:00:00+00:00,8082.782056140777
2025-10-28 00:00:00+00:00,8082.782056140777
2025-10-28 04:00:00+00:00,8082.782056140777
2025-10-28 08:00:00+00:00,8082.782056140777
2025-10-28 12:00:00+00:00,8082.782056140777
2025-10-28 16:00:00+00:00,8082.782056140777
2025-10-28 20:00:00+00:00,8082.782056140777
2025-10-29 00:00:00+00:00,8082.782056140777
2025-10-29 04:00:00+00:00,8082.782056140777
2025-10-29 08:00:00+00:00,8082.782056140777
2025-10-29 12:00:00+00:00,8082.782056140777
2025-10-29 16:00:00+00:00,8082.782056140777
2025-10-29 20:00:00+00:00,8082.782056140777
2025-10-30 00:00:00+00:00,8082.782056140777
2025-10-30 04:00:00+00:00,8082.782056140777
2025-10-30 08:00:00+00:00,8082.782056140777
2025-10-30 12:00:00+00:00,8082.782056140777
2025-10-30 16:00:00+00:00,8082.782056140777
2025-10-30 20:00:00+00:00,8082.782056140777
2025-10-31 00:00:00+00:00,8082.782056140777
2025-10-31 04:00:00+00:00,8082.782056140777
2025-10-31 08:00:00+00:00,8082.782056140777
2025-10-31 12:00:00+00:00,8082.782056140777
2025-10-31 16:00:00+00:00,8082.782056140777
2025-10-31 20:00:00+00:00,8082.782056140777
2025-11-01 00:00:00+00:00,8082.782056140777
2025-11-01 04:00:00+00:00,8082.782056140777
2025-11-01 08:00:00+00:00,8082.782056140777
2025-11-01 12:00:00+00:00,8082.782056140777
2025-11-01 16:00:00+00:00,8082.782056140777
2025-11-01 20:00:00+00:00,8082.782056140777
2025-11-02 00:00:00+00:00,8082.782056140777
2025-11-02 04:00:00+00:00,8082.782056140777
2025-11-02 08:00:00+00:00,8082.782056140777
2025-11-02 12:00:00+00:00,8082.782056140777
2025-11-02 16:00:00+00:00,8082.782056140777
2025-11-02 20:00:00+00:00,8082.782056140777
2025-11-03 00:00:00+00:00,8082.782056140777
2025-11-03 04:00:00+00:00,8082.782056140777
2025-11-03 08:00:00+00:00,8082.782056140777
2025-11-03 12:00:00+00:00,8082.782056140777
2025-11-03 16:00:00+00:00,8082.782056140777
2025-11-03 20:00:00+00:00,8082.782056140777
2025-11-04 00:00:00+00:00,8082.782056140777
2025-11-04 04:00:00+00:00,8082.782056140777
2025-11-04 08:00:00+00:00,8082.782056140777
2025-11-04 12:00:00+00:00,8082.782056140777
2025-11-04 16:00:00+00:00,8082.782056140777
2025-11-04 20:00:00+00:00,8082.782056140777
2025-11-05 00:00:00+00:00,8082.782056140777
2025-11-05 04:00:00+00:00,8082.782056140777
2025-11-05 08:00:00+00:00,8082.782056140777
2025-11-05 12:00:00+00:00,8082.782056140777
2025-11-05 16:00:00+00:00,8082.782056140777
2025-11-05 20:00:00+00:00,8082.782056140777
2025-11-06 00:00:00+00:00,8082.782056140777
2025-11-06 04:00:00+00:00,8082.782056140777
2025-11-06 08:00:00+00:00,8082.782056140777
2025-11-06 12:00:00+00:00,8082.782056140777
2025-11-06 16:00:00+00:00,8082.782056140777
2025-11-06 20:00:00+00:00,8082.782056140777
2025-11-07 00:00:00+00:00,8082.782056140777
2025-11-07 04:00:00+00:00,8082.782056140777
2025-11-07 08:00:00+00:00,8082.782056140777
2025-11-07 12:00:00+00:00,8082.782056140777
2025-11-07 16:00:00+00:00,8082.782056140777
2025-11-07 20:00:00+00:00,8082.782056140777
2025-11-08 00:00:00+00:00,8082.782056140777
2025-11-08 04:00:00+00:00,8082.782056140777
2025-11-08 08:00:00+00:00,8082.782056140777
2025-11-08 12:00:00+00:00,8082.782056140777
2025-11-08 16:00:00+00:00,8082.782056140777
2025-11-08 20:00:00+00:00,8082.782056140777
2025-11-09 00:00:00+00:00,8082.782056140777
2025-11-09 04:00:00+00:00,8082.782056140777
2025-11-09 08:00:00+00:00,8082.782056140777
2025-11-09 12:00:00+00:00,8082.782056140777
2025-11-09 16:00:00+00:00,8082.782056140777
2025-11-09 20:00:00+00:00,8082.782056140777
2025-11-10 00:00:00+00:00,8082.782056140777
2025-11-10 04:00:00+00:00,8082.782056140777
2025-11-10 08:00:00+00:00,8082.782056140777
2025-11-10 12:00:00+00:00,8082.782056140777
2025-11-10 16:00:00+00:00,8082.782056140777
2025-11-10 20:00:00+00:00,8082.782056140777
2025-11-11 00:00:00+00:00,8082.782056140777
2025-11-11 04:00:00+00:00,8082.782056140777
2025-11-11 08:00:00+00:00,8082.782056140777
2025-11-11 12:00:00+00:00,8082.782056140777
2025-11-11 16:00:00+00:00,8082.782056140777
2025-11-11 20:00:00+00:00,8082.782056140777
2025-11-12 00:00:00+00:00,8082.782056140777
2025-11-12 04:00:00+00:00,8082.782056140777
2025-11-12 08:00:00+00:00,8082.782056140777
2025-11-12 12:00:00+00:00,8082.782056140777
2025-11-12 16:00:00+00:00,8082.782056140777
2025-11-12 20:00:00+00:00,8082.782056140777
2025-11-13 00:00:00+00:00,8082.782056140777
2025-11-13 04:00:00+00:00,8082.782056140777
2025-11-13 08:00:00+00:00,8082.782056140777
2025-11-13 12:00:00+00:00,8082.782056140777
2025-11-13 16:00:00+00:00,8082.782056140777
2025-11-13 20:00:00+00:00,8082.782056140777
2025-11-14 00:00:00+00:00,8082.782056140777
2025-11-14 04:00:00+00:00,8082.782056140777
2025-11-14 08:00:00+00:00,8082.782056140777
2025-11-14 12:00:00+00:00,8082.782056140777
2025-11-14 16:00:00+00:00,8082.782056140777
2025-11-14 20:00:00+00:00,8082.782056140777
2025-11-15 00:00:00+00:00,8082.782056140777
2025-11-15 04:00:00+00:00,8082.782056140777
2025-11-15 08:00:00+00:00,8082.782056140777
2025-11-15 12:00:00+00:00,8082.782056140777
2025-11-15 16:00:00+00:00,8082.782056140777
2025-11-15 20:00:00+00:00,8082.782056140777
2025-11-16 00:00:00+00:00,8082.782056140777
2025-11-16 04:00:00+00:00,8082.782056140777
2025-11-16 08:00:00+00:00,8082.782056140777
2025-11-16 12:00:00+00:00,8082.782056140777
2025-11-16 16:00:00+00:00,8082.782056140777
2025-11-16 20:00:00+00:00,8082.782056140777
2025-11-17 00:00:00+00:00,8082.782056140777
2025-11-17 04:00:00+00:00,8082.782056140777
2025-11-17 08:00:00+00:00,8082.782056140777
2025-11-17 12:00:00+00:00,8082.782056140777
2025-11-17 16:00:00+00:00,8082.782056140777
2025-11-17 20:00:00+00:00,8082.782056140777
2025-11-18 00:00:00+00:00,8082.782056140777
2025-11-18 04:00:00+00:00,8082.782056140777
2025-11-18 08:00:00+00:00,8082.782056140777
2025-11-18 12:00:00+00:00,8082.782056140777
2025-11-18 16:00:00+00:00,8082.782056140777
2025-11-18 20:00:00+00:00,8082.782056140777
2025-11-19 00:00:00+00:00,8082.782056140777
2025-11-19 04:00:00+00:00,8082.782056140777
2025-11-19 08:00:00+00:00,8082.782056140777
2025-11-19 12:00:00+00:00,8082.782056140777
2025-11-19 16:00:00+00:00,8082.782056140777
2025-11-19 20:00:00+00:00,8082.782056140777
2025-11-20 00:00:00+00:00,8082.782056140777
2025-11-20 04:00:00+00:00,8082.782056140777
2025-11-20 08:00:00+00:00,8082.782056140777
2025-11-20 12:00:00+00:00,8082.782056140777
2025-11-20 16:00:00+00:00,8082.782056140777
2025-11-20 20:00:00+00:00,8082.782056140777
2025-11-21 00:00:00+00:00,8082.782056140777
2025-11-21 04:00:00+00:00,8082.782056140777
2025-11-21 08:00:00+00:00,8082.782056140777
2025-11-21 12:00:00+00:00,8082.782056140777
2025-11-21 16:00:00+00:00,8082.782056140777
2025-11-21 20:00:00+00:00,8082.782056140777
2025-11-22 00:00:00+00:00,8082.782056140777
2025-11-22 04:00:00+00:00,8082.782056140777
2025-11-22 08:00:00+00:00,8082.782056140777
2025-11-22 12:00:00+00:00,8082.782056140777
2025-11-22 16:00:00+00:00,8082.782056140777
2025-11-22 20:00:00+00:00,8082.782056140777
2025-11-23 00:00:00+00:00,8082.782056140777
2025-11-23 04:00:00+00:00,8082.782056140777
2025-11-23 08:00:00+00:00,8082.782056140777
2025-11-23 12:00:00+00:00,8082.782056140777
2025-11-23 16:00:00+00:00,8082.782056140777
2025-11-23 20:00:00+00:00,8082.782056140777
2025-11-24 00:00:00+00:00,8082.782056140777
2025-11-24 04:00:00+00:00,8082.782056140777
2025-11-24 08:00:00+00:00,8082.782056140777
2025-11-24 12:00:00+00:00,8082.782056140777
2025-11-24 16:00:00+00:00,8082.782056140777
2025-11-24 20:00:00+00:00,8082.782056140777
2025-11-25 00:00:00+00:00,8082.782056140777
2025-11-25 04:00:00+00:00,8082.782056140777
2025-11-25 08:00:00+00:00,8082.782056140777
2025-11-25 12:00:00+00:00,8082.782056140777
2025-11-25 16:00:00+00:00,8082.782056140777
2025-11-25 20:00:00+00:00,8082.782056140777
2025-11-26 00:00:00+00:00,8082.782056140777
2025-11-26 04:00:00+00:00,8082.782056140777
2025-11-26 08:00:00+00:00,8082.782056140777
2025-11-26 12:00:00+00:00,8082.782056140777
2025-11-26 16:00:00+00:00,8082.782056140777
2025-11-26 20:00:00+00:00,8082.782056140777
2025-11-27 00:00:00+00:00,8082.782056140777
2025-11-27 04:00:00+00:00,8082.782056140777
2025-11-27 08:00:00+00:00,8082.782056140777
2025-11-27 12:00:00+00:00,8082.782056140777
2025-11-27 16:00:00+00:00,8082.782056140777
2025-11-27 20:00:00+00:00,8082.782056140777
2025-11-28 00:00:00+00:00,8082.782056140777
2025-11-28 04:00:00+00:00,8082.782056140777
2025-11-28 08:00:00+00:00,8082.782056140777
2025-11-28 12:00:00+00:00,8082.782056140777
2025-11-28 16:00:00+00:00,8082.782056140777
2025-11-28 20:00:00+00:00,8082.782056140777
2025-11-29 00:00:00+00:00,8082.782056140777
2025-11-29 04:00:00+00:00,8082.782056140777
2025-11-29 08:00:00+00:00,8082.782056140777
2025-11-29 12:00:00+00:00,8082.782056140777
2025-11-29 16:00:00+00:00,8082.782056140777
2025-11-29 20:00:00+00:00,8082.782056140777
2025-11-30 00:00:00+00:00,8082.782056140777
2025-11-30 04:00:00+00:00,8082.782056140777
2025-11-30 08:00:00+00:00,8082.782056140777
2025-11-30 12:00:00+00:00,8082.782056140777
2025-11-30 16:00:00+00:00,8082.782056140777
2025-11-30 20:00:00+00:00,8082.782056140777
2025-12-01 00:00:00+00:00,8082.782056140777
2025-12-01 04:00:00+00:00,8082.782056140777
2025-12-01 08:00:00+00:00,8082.782056140777
2025-12-01 12:00:00+00:00,8082.782056140777
2025-12-01 16:00:00+00:00,8082.782056140777
2025-12-01 20:00:00+00:00,8082.782056140777
2025-12-02 00:00:00+00:00,8082.782056140777
2025-12-02 04:00:00+00:00,8082.782056140777
2025-12-02 08:00:00+00:00,8082.782056140777
2025-12-02 12:00:00+00:00,8082.782056140777
2025-12-02 16:00:00+00:00,8082.782056140777
2025-12-02 20:00:00+00:00,8082.782056140777
2025-12-03 00:00:00+00:00,8082.782056140777
2025-12-03 04:00:00+00:00,8082.782056140777
2025-12-03 08:00:00+00:00,8082.782056140777
2025-12-03 12:00:00+00:00,8082.782056140777
2025-12-03 16:00:00+00:00,8082.782056140777
2025-12-03 20:00:00+00:00,8082.782056140777
2025-12-04 00:00:00+00:00,8082.782056140777
2025-12-04 04:00:00+00:00,8082.782056140777
2025-12-04 08:00:00+00:00,8082.782056140777
2025-12-04 12:00:00+00:00,8082.782056140777
2025-12-04 16:00:00+00:00,8082.782056140777
2025-12-04 20:00:00+00:00,8082.782056140777
2025-12-05 00:00:00+00:00,8082.782056140777
2025-12-05 04:00:00+00:00,8082.782056140777
2025-12-05 08:00:00+00:00,8082.782056140777
2025-12-05 12:00:00+00:00,8082.782056140777
2025-12-05 16:00:00+00:00,8082.782056140777
2025-12-05 20:00:00+00:00,8082.782056140777
2025-12-06 00:00:00+00:00,8082.782056140777
2025-12-06 04:00:00+00:00,8082.782056140777
2025-12-06 08:00:00+00:00,8082.782056140777
2025-12-06 12:00:00+00:00,8082.782056140777
2025-12-06 16:00:00+00:00,8082.782056140777
2025-12-06 20:00:00+00:00,8082.782056140777
2025-12-07 00:00:00+00:00,8082.782056140777
2025-12-07 04:00:00+00:00,8082.782056140777
2025-12-07 08:00:00+00:00,8082.782056140777
2025-12-07 12:00:00+00:00,8082.782056140777
2025-12-07 16:00:00+00:00,8082.782056140777
2025-12-07 20:00:00+00:00,8082.782056140777
2025-12-08 00:00:00+00:00,8082.782056140777
2025-12-08 04:00:00+00:00,8082.782056140777
2025-12-08 08:00:00+00:00,8082.782056140777
2025-12-08 12:00:00+00:00,8082.782056140777
2025-12-08 16:00:00+00:00,8082.782056140777
2025-12-08 20:00:00+00:00,8082.782056140777
2025-12-09 00:00:00+00:00,8082.782056140777
2025-12-09 04:00:00+00:00,8082.782056140777
2025-12-09 08:00:00+00:00,8082.782056140777
2025-12-09 12:00:00+00:00,8082.782056140777
2025-12-09 16:00:00+00:00,8082.782056140777
2025-12-09 20:00:00+00:00,8082.782056140777
2025-12-10 00:00:00+00:00,8082.782056140777
2025-12-10 04:00:00+00:00,8082.782056140777
2025-12-10 08:00:00+00:00,8082.782056140777
2025-12-10 12:00:00+00:00,8082.782056140777
2025-12-10 16:00:00+00:00,8082.782056140777
2025-12-10 20:00:00+00:00,8082.782056140777
2025-12-11 00:00:00+00:00,8082.782056140777
2025-12-11 04:00:00+00:00,8082.782056140777
2025-12-11 08:00:00+00:00,8082.782056140777
2025-12-11 12:00:00+00:00,8082.782056140777
2025-12-11 16:00:00+00:00,8082.782056140777
2025-12-11 20:00:00+00:00,8082.782056140777
2025-12-12 00:00:00+00:00,8082.782056140777
2025-12-12 04:00:00+00:00,8082.782056140777
2025-12-12 08:00:00+00:00,8082.782056140777
2025-12-12 12:00:00+00:00,8082.782056140777
2025-12-12 16:00:00+00:00,8082.782056140777
2025-12-12 20:00:00+00:00,8082.782056140777
2025-12-13 00:00:00+00:00,8082.782056140777
2025-12-13 04:00:00+00:00,8082.782056140777
2025-12-13 08:00:00+00:00,8082.782056140777
2025-12-13 12:00:00+00:00,8082.782056140777
2025-12-13 16:00:00+00:00,8082.782056140777
2025-12-13 20:00:00+00:00,8082.782056140777
2025-12-14 00:00:00+00:00,8082.782056140777
2025-12-14 04:00:00+00:00,8082.782056140777
2025-12-14 08:00:00+00:00,8082.782056140777
2025-12-14 12:00:00+00:00,8082.782056140777
2025-12-14 16:00:00+00:00,8082.782056140777
2025-12-14 20:00:00+00:00,8082.782056140777
2025-12-15 00:00:00+00:00,8082.782056140777
2025-12-15 04:00:00+00:00,8082.782056140777
2025-12-15 08:00:00+00:00,8082.782056140777
2025-12-15 12:00:00+00:00,8082.782056140777
2025-12-15 16:00:00+00:00,8082.782056140777
2025-12-15 20:00:00+00:00,8082.782056140777
2025-12-16 00:00:00+00:00,8082.782056140777
2025-12-16 04:00:00+00:00,8082.782056140777
2025-12-16 08:00:00+00:00,8082.782056140777
2025-12-16 12:00:00+00:00,8082.782056140777
2025-12-16 16:00:00+00:00,8082.782056140777
2025-12-16 20:00:00+00:00,8082.782056140777
2025-12-17 00:00:00+00:00,8082.782056140777
2025-12-17 04:00:00+00:00,8082.782056140777
2025-12-17 08:00:00+00:00,8082.782056140777
2025-12-17 12:00:00+00:00,8082.782056140777
2025-12-17 16:00:00+00:00,8082.782056140777
2025-12-17 20:00:00+00:00,8082.782056140777
2025-12-18 00:00:00+00:00,8082.782056140777
2025-12-18 04:00:00+00:00,8082.782056140777
2025-12-18 08:00:00+00:00,8082.782056140777
2025-12-18 12:00:00+00:00,8082.782056140777
2025-12-18 16:00:00+00:00,8082.782056140777
2025-12-18 20:00:00+00:00,8082.782056140777
2025-12-19 00:00:00+00:00,8082.782056140777
2025-12-19 04:00:00+00:00,8082.782056140777
2025-12-19 08:00:00+00:00,8082.782056140777
2025-12-19 12:00:00+00:00,8082.782056140777
2025-12-19 16:00:00+00:00,8082.782056140777
2025-12-19 20:00:00+00:00,8082.782056140777
2025-12-20 00:00:00+00:00,8082.782056140777
2025-12-20 04:00:00+00:00,8082.782056140777
2025-12-20 08:00:00+00:00,8082.782056140777
2025-12-20 12:00:00+00:00,8082.782056140777
2025-12-20 16:00:00+00:00,8082.782056140777
2025-12-20 20:00:00+00:00,8082.782056140777
2025-12-21 00:00:00+00:00,8082.782056140777
2025-12-21 04:00:00+00:00,8082.782056140777
2025-12-21 08:00:00+00:00,8082.782056140777
2025-12-21 12:00:00+00:00,8082.782056140777
2025-12-21 16:00:00+00:00,8082.782056140777
2025-12-21 20:00:00+00:00,8082.782056140777
2025-12-22 00:00:00+00:00,8082.782056140777
2025-12-22 04:00:00+00:00,8082.782056140777
2025-12-22 08:00:00+00:00,8082.782056140777
2025-12-22 12:00:00+00:00,8082.782056140777
2025-12-22 16:00:00+00:00,8082.782056140777
2025-12-22 20:00:00+00:00,8082.782056140777
2025-12-23 00:00:00+00:00,8082.782056140777
2025-12-23 04:00:00+00:00,8082.782056140777
2025-12-23 08:00:00+00:00,8082.782056140777
2025-12-23 12:00:00+00:00,8082.782056140777
2025-12-23 16:00:00+00:00,8082.782056140777
2025-12-23 20:00:00+00:00,8082.782056140777
2025-12-24 00:00:00+00:00,8082.782056140777
2025-12-24 04:00:00+00:00,8082.782056140777
2025-12-24 08:00:00+00:00,8082.782056140777
2025-12-24 12:00:00+00:00,8082.782056140777
2025-12-24 16:00:00+00:00,8082.782056140777
2025-12-24 20:00:00+00:00,8082.782056140777
2025-12-25 00:00:00+00:00,8082.782056140777
2025-12-25 04:00:00+00:00,8082.782056140777
2025-12-25 08:00:00+00:00,8082.782056140777
2025-12-25 12:00:00+00:00,8082.782056140777
2025-12-25 16:00:00+00:00,8082.782056140777
2025-12-25 20:00:00+00:00,8082.782056140777
2025-12-26 00:00:00+00:00,8082.782056140777
2025-12-26 04:00:00+00:00,8082.782056140777
2025-12-26 08:00:00+00:00,8082.782056140777
2025-12-26 12:00:00+00:00,8082.782056140777
2025-12-26 16:00:00+00:00,8082.782056140777
2025-12-26 20:00:00+00:00,8082.782056140777
2025-12-27 00:00:00+00:00,8082.782056140777
2025-12-27 04:00:00+00:00,8082.782056140777
2025-12-27 08:00:00+00:00,8082.782056140777
2025-12-27 12:00:00+00:00,8082.782056140777
2025-12-27 16:00:00+00:00,8082.782056140777
2025-12-27 20:00:00+00:00,8082.782056140777
2025-12-28 00:00:00+00:00,8082.782056140777
2025-12-28 04:00:00+00:00,8082.782056140777
2025-12-28 08:00:00+00:00,8082.782056140777
2025-12-28 12:00:00+00:00,8082.782056140777
2025-12-28 16:00:00+00:00,8082.782056140777
2025-12-28 20:00:00+00:00,8082.782056140777
2025-12-29 00:00:00+00:00,8082.782056140777
2025-12-29 04:00:00+00:00,8082.782056140777
2025-12-29 08:00:00+00:00,8082.782056140777
2025-12-29 12:00:00+00:00,8082.782056140777
2025-12-29 16:00:00+00:00,8082.782056140777
2025-12-29 20:00:00+00:00,8082.782056140777
2025-12-30 00:00:00+00:00,8082.782056140777
2025-12-30 04:00:00+00:00,8082.782056140777
2025-12-30 08:00:00+00:00,8082.782056140777
2025-12-30 12:00:00+00:00,8082.782056140777
2025-12-30 16:00:00+00:00,8082.782056140777
2025-12-30 20:00:00+00:00,8082.782056140777
2025-12-31 00:00:00+00:00,8082.782056140777
2025-12-31 04:00:00+00:00,8082.782056140777
2025-12-31 08:00:00+00:00,8082.782056140777
2025-12-31 12:00:00+00:00,8082.782056140777
2025-12-31 16:00:00+00:00,8082.782056140777
2025-12-31 20:00:00+00:00,8082.782056140777
2026-01-01 00:00:00+00:00,8082.782056140777
2026-01-01 04:00:00+00:00,8082.782056140777
2026-01-01 08:00:00+00:00,8082.782056140777
2026-01-01 12:00:00+00:00,8082.782056140777
2026-01-01 16:00:00+00:00,8082.782056140777
2026-01-01 20:00:00+00:00,8082.782056140777
2026-01-02 00:00:00+00:00,8082.782056140777
2026-01-02 04:00:00+00:00,8082.782056140777
2026-01-02 08:00:00+00:00,8082.782056140777
2026-01-02 12:00:00+00:00,8066.64875862353
2026-01-02 16:00:00+00:00,8306.173789247689
2026-01-02 20:00:00+00:00,8389.314708968472
2026-01-03 00:00:00+00:00,8484.33290293508
2026-01-03 04:00:00+00:00,8171.564681128329
2026-01-03 08:00:00+00:00,8232.930598065095
2026-01-03 12:00:00+00:00,8276.480603633125
2026-01-03 16:00:00+00:00,8401.191983214298
2026-01-03 20:00:00+00:00,8468.496537273979
2026-01-04 00:00:00+00:00,8599.146553978066
2026-01-04 04:00:00+00:00,8601.126099685704
2026-01-04 08:00:00+00:00,8660.512470914833
2026-01-04 12:00:00+00:00,8741.673844927978
2026-01-04 16:00:00+00:00,8642.696559546093
2026-01-04 20:00:00+00:00,8686.246565114125
2026-01-05 00:00:00+00:00,8789.182941911282
2026-01-05 04:00:00+00:00,8710.001113605775
2026-01-05 08:00:00+00:00,8648.635196669007
2026-01-05 12:00:00+00:00,8779.285213373094
2026-01-05 16:00:00+00:00,8935.66932427647
2026-01-05 20:00:00+00:00,9006.932969751428
2026-01-06 00:00:00+00:00,9082.155706641659
2026-01-06 04:00:00+00:00,8860.44658738624
2026-01-06 08:00:00+00:00,9038.60570107363
2026-01-06 12:00:00+00:00,9076.217069518745
2026-01-06 16:00:00+00:00,8735.735207805066
2026-01-06 20:00:00+00:00,9054.442066734731
2026-01-07 00:00:00+00:00,8801.060216157108
2026-01-07 04:00:00+00:00,8886.180681585529
2026-01-07 08:00:00+00:00,8708.021567898139
2026-01-07 12:00:00+00:00,8415.011191799316
2026-01-07 16:00:00+00:00,8415.011191799316
2026-01-07 20:00:00+00:00,8415.011191799316
2026-01-08 00:00:00+00:00,8415.011191799316
2026-01-08 04:00:00+00:00,8415.011191799316
2026-01-08 08:00:00+00:00,8415.011191799316
2026-01-08 12:00:00+00:00,8415.011191799316
2026-01-08 16:00:00+00:00,8415.011191799316
2026-01-08 20:00:00+00:00,8415.011191799316
2026-01-09 00:00:00+00:00,8415.011191799316
2026-01-09 04:00:00+00:00,8415.011191799316
2026-01-09 08:00:00+00:00,8415.011191799316
2026-01-09 12:00:00+00:00,8415.011191799316
2026-01-09 16:00:00+00:00,8415.011191799316
2026-01-09 20:00:00+00:00,8415.011191799316
2026-01-10 00:00:00+00:00,8415.011191799316
2026-01-10 04:00:00+00:00,8415.011191799316
2026-01-10 08:00:00+00:00,8415.011191799316
2026-01-10 12:00:00+00:00,8415.011191799316
2026-01-10 16:00:00+00:00,8415.011191799316
2026-01-10 20:00:00+00:00,8415.011191799316
2026-01-11 00:00:00+00:00,8415.011191799316
2026-01-11 04:00:00+00:00,8415.011191799316
2026-01-11 08:00:00+00:00,8415.011191799316
2026-01-11 12:00:00+00:00,8415.011191799316
2026-01-11 16:00:00+00:00,8415.011191799316
2026-01-11 20:00:00+00:00,8415.011191799316
2026-01-12 00:00:00+00:00,8415.011191799316
2026-01-12 04:00:00+00:00,8415.011191799316
2026-01-12 08:00:00+00:00,8415.011191799316
2026-01-12 12:00:00+00:00,8415.011191799316
2026-01-12 16:00:00+00:00,8415.011191799316
2026-01-12 20:00:00+00:00,8415.011191799316
2026-01-13 00:00:00+00:00,8415.011191799316
2026-01-13 04:00:00+00:00,8415.011191799316
2026-01-13 08:00:00+00:00,8415.011191799316
2026-01-13 12:00:00+00:00,8415.011191799316
2026-01-13 16:00:00+00:00,8415.011191799316
2026-01-13 20:00:00+00:00,8415.011191799316
2026-01-14 00:00:00+00:00,8415.011191799316
2026-01-14 04:00:00+00:00,8415.011191799316
2026-01-14 08:00:00+00:00,8415.011191799316
2026-01-14 12:00:00+00:00,8415.011191799316
2026-01-14 16:00:00+00:00,8415.011191799316
2026-01-14 20:00:00+00:00,8415.011191799316
2026-01-15 00:00:00+00:00,8415.011191799316
2026-01-15 04:00:00+00:00,8415.011191799316
2026-01-15 08:00:00+00:00,8415.011191799316
2026-01-15 12:00:00+00:00,8415.011191799316
2026-01-15 16:00:00+00:00,8415.011191799316
2026-01-15 20:00:00+00:00,8415.011191799316
2026-01-16 00:00:00+00:00,8415.011191799316
2026-01-16 04:00:00+00:00,8415.011191799316
2026-01-16 08:00:00+00:00,8415.011191799316
2026-01-16 12:00:00+00:00,8415.011191799316
2026-01-16 16:00:00+00:00,8415.011191799316
2026-01-16 20:00:00+00:00,8415.011191799316
2026-01-17 00:00:00+00:00,8415.011191799316
2026-01-17 04:00:00+00:00,8415.011191799316
2026-01-17 08:00:00+00:00,8415.011191799316
2026-01-17 12:00:00+00:00,8415.011191799316
2026-01-17 16:00:00+00:00,8415.011191799316
2026-01-17 20:00:00+00:00,8415.011191799316
2026-01-18 00:00:00+00:00,8415.011191799316
2026-01-18 04:00:00+00:00,8415.011191799316
2026-01-18 08:00:00+00:00,8415.011191799316
2026-01-18 12:00:00+00:00,8415.011191799316
2026-01-18 16:00:00+00:00,8415.011191799316
2026-01-18 20:00:00+00:00,8415.011191799316
2026-01-19 00:00:00+00:00,8415.011191799316
2026-01-19 04:00:00+00:00,8415.011191799316
2026-01-19 08:00:00+00:00,8415.011191799316
2026-01-19 12:00:00+00:00,8415.011191799316
2026-01-19 16:00:00+00:00,8415.011191799316
2026-01-19 20:00:00+00:00,8415.011191799316
2026-01-20 00:00:00+00:00,8415.011191799316
2026-01-20 04:00:00+00:00,8415.011191799316
2026-01-20 08:00:00+00:00,8415.011191799316
2026-01-20 12:00:00+00:00,8415.011191799316
2026-01-20 16:00:00+00:00,8415.011191799316
2026-01-20 20:00:00+00:00,8415.011191799316
2026-01-21 00:00:00+00:00,8415.011191799316
2026-01-21 04:00:00+00:00,8415.011191799316
2026-01-21 08:00:00+00:00,8415.011191799316
2026-01-21 12:00:00+00:00,8415.011191799316
2026-01-21 16:00:00+00:00,8415.011191799316
2026-01-21 20:00:00+00:00,8415.011191799316
2026-01-22 00:00:00+00:00,8415.011191799316
2026-01-22 04:00:00+00:00,8415.011191799316
2026-01-22 08:00:00+00:00,8415.011191799316
2026-01-22 12:00:00+00:00,8415.011191799316
2026-01-22 16:00:00+00:00,8415.011191799316
2026-01-22 20:00:00+00:00,8415.011191799316
2026-01-23 00:00:00+00:00,8415.011191799316
2026-01-23 04:00:00+00:00,8415.011191799316
2026-01-23 08:00:00+00:00,8415.011191799316
2026-01-23 12:00:00+00:00,8415.011191799316
2026-01-23 16:00:00+00:00,8415.011191799316
2026-01-23 20:00:00+00:00,8415.011191799316
2026-01-24 00:00:00+00:00,8415.011191799316
2026-01-24 04:00:00+00:00,8415.011191799316
2026-01-24 08:00:00+00:00,8415.011191799316
2026-01-24 12:00:00+00:00,8415.011191799316
2026-01-24 16:00:00+00:00,8415.011191799316
2026-01-24 20:00:00+00:00,8415.011191799316
2026-01-25 00:00:00+00:00,8415.011191799316
2026-01-25 04:00:00+00:00,8415.011191799316
2026-01-25 08:00:00+00:00,8415.011191799316
2026-01-25 12:00:00+00:00,8415.011191799316
2026-01-25 16:00:00+00:00,8415.011191799316
2026-01-25 20:00:00+00:00,8415.011191799316
2026-01-26 00:00:00+00:00,8415.011191799316
2026-01-26 04:00:00+00:00,8415.011191799316
2026-01-26 08:00:00+00:00,8415.011191799316
2026-01-26 12:00:00+00:00,8415.011191799316
2026-01-26 16:00:00+00:00,8415.011191799316
2026-01-26 20:00:00+00:00,8415.011191799316
2026-01-27 00:00:00+00:00,8415.011191799316
2026-01-27 04:00:00+00:00,8415.011191799316
2026-01-27 08:00:00+00:00,8415.011191799316
2026-01-27 12:00:00+00:00,8415.011191799316
2026-01-27 16:00:00+00:00,8415.011191799316
2026-01-27 20:00:00+00:00,8415.011191799316
2026-01-28 00:00:00+00:00,8415.011191799316
2026-01-28 04:00:00+00:00,8415.011191799316
2026-01-28 08:00:00+00:00,8415.011191799316
2026-01-28 12:00:00+00:00,8415.011191799316
2026-01-28 16:00:00+00:00,8415.011191799316
2026-01-28 20:00:00+00:00,8415.011191799316
2026-01-29 00:00:00+00:00,8415.011191799316
2026-01-29 04:00:00+00:00,8415.011191799316
2026-01-29 08:00:00+00:00,8415.011191799316
2026-01-29 12:00:00+00:00,8415.011191799316
2026-01-29 16:00:00+00:00,8415.011191799316
2026-01-29 20:00:00+00:00,8415.011191799316
2026-01-30 00:00:00+00:00,8415.011191799316
2026-01-30 04:00:00+00:00,8415.011191799316
2026-01-30 08:00:00+00:00,8415.011191799316
2026-01-30 12:00:00+00:00,8415.011191799316
2026-01-30 16:00:00+00:00,8415.011191799316
2026-01-30 20:00:00+00:00,8415.011191799316
2026-01-31 00:00:00+00:00,8415.011191799316
2026-01-31 04:00:00+00:00,8415.011191799316
2026-01-31 08:00:00+00:00,8415.011191799316
2026-01-31 12:00:00+00:00,8415.011191799316
2026-01-31 16:00:00+00:00,8415.011191799316
2026-01-31 20:00:00+00:00,8415.011191799316
2026-02-01 00:00:00+00:00,8415.011191799316
2026-02-01 04:00:00+00:00,8415.011191799316
2026-02-01 08:00:00+00:00,8415.011191799316
2026-02-01 12:00:00+00:00,8415.011191799316
2026-02-01 16:00:00+00:00,8415.011191799316
2026-02-01 20:00:00+00:00,8415.011191799316
2026-02-02 00:00:00+00:00,8415.011191799316
2026-02-02 04:00:00+00:00,8415.011191799316
2026-02-02 08:00:00+00:00,8415.011191799316
2026-02-02 12:00:00+00:00,8415.011191799316
2026-02-02 16:00:00+00:00,8415.011191799316
2026-02-02 20:00:00+00:00,8415.011191799316
2026-02-03 00:00:00+00:00,8415.011191799316
2026-02-03 04:00:00+00:00,8415.011191799316
2026-02-03 08:00:00+00:00,8415.011191799316
2026-02-03 12:00:00+00:00,8415.011191799316
2026-02-03 16:00:00+00:00,8415.011191799316
2026-02-03 20:00:00+00:00,8415.011191799316
2026-02-04 00:00:00+00:00,8415.011191799316
2026-02-04 04:00:00+00:00,8415.011191799316
2026-02-04 08:00:00+00:00,8415.011191799316
2026-02-04 12:00:00+00:00,8415.011191799316
2026-02-04 16:00:00+00:00,8415.011191799316
2026-02-04 20:00:00+00:00,8415.011191799316
2026-02-05 00:00:00+00:00,8415.011191799316
2026-02-05 04:00:00+00:00,8415.011191799316
2026-02-05 08:00:00+00:00,8415.011191799316
2026-02-05 12:00:00+00:00,8415.011191799316
2026-02-05 16:00:00+00:00,8415.011191799316
2026-02-05 20:00:00+00:00,8415.011191799316
2026-02-06 00:00:00+00:00,8415.011191799316
2026-02-06 04:00:00+00:00,8415.011191799316
2026-02-06 08:00:00+00:00,8415.011191799316
2026-02-06 12:00:00+00:00,8415.011191799316
2026-02-06 16:00:00+00:00,8415.011191799316
2026-02-06 20:00:00+00:00,8415.011191799316
2026-02-07 00:00:00+00:00,8415.011191799316
2026-02-07 04:00:00+00:00,8415.011191799316
2026-02-07 08:00:00+00:00,8415.011191799316
2026-02-07 12:00:00+00:00,8415.011191799316
2026-02-07 16:00:00+00:00,8415.011191799316
2026-02-07 20:00:00+00:00,8415.011191799316
2026-02-08 00:00:00+00:00,8415.011191799316
2026-02-08 04:00:00+00:00,8415.011191799316
2026-02-08 08:00:00+00:00,8415.011191799316
2026-02-08 12:00:00+00:00,8415.011191799316
2026-02-08 16:00:00+00:00,8415.011191799316
2026-02-08 20:00:00+00:00,8415.011191799316
2026-02-09 00:00:00+00:00,8415.011191799316
2026-02-09 04:00:00+00:00,8415.011191799316
2026-02-09 08:00:00+00:00,8415.011191799316
2026-02-09 12:00:00+00:00,8415.011191799316
2026-02-09 16:00:00+00:00,8415.011191799316
2026-02-09 20:00:00+00:00,8415.011191799316
2026-02-10 00:00:00+00:00,8415.011191799316
2026-02-10 04:00:00+00:00,8415.011191799316
2026-02-10 08:00:00+00:00,8415.011191799316
2026-02-10 12:00:00+00:00,8415.011191799316
2026-02-10 16:00:00+00:00,8415.011191799316
2026-02-10 20:00:00+00:00,8415.011191799316
2026-02-11 00:00:00+00:00,8415.011191799316
2026-02-11 04:00:00+00:00,8415.011191799316
2026-02-11 08:00:00+00:00,8415.011191799316
2026-02-11 12:00:00+00:00,8415.011191799316
2026-02-11 16:00:00+00:00,8415.011191799316
2026-02-11 20:00:00+00:00,8415.011191799316
2026-02-12 00:00:00+00:00,8415.011191799316
2026-02-12 04:00:00+00:00,8415.011191799316
2026-02-12 08:00:00+00:00,8415.011191799316
2026-02-12 12:00:00+00:00,8415.011191799316
2026-02-12 16:00:00+00:00,8415.011191799316
2026-02-12 20:00:00+00:00,8415.011191799316
2026-02-13 00:00:00+00:00,8415.011191799316
2026-02-13 04:00:00+00:00,8415.011191799316
2026-02-13 08:00:00+00:00,8415.011191799316
2026-02-13 12:00:00+00:00,8415.011191799316
2026-02-13 16:00:00+00:00,8415.011191799316
2026-02-13 20:00:00+00:00,8415.011191799316
2026-02-14 00:00:00+00:00,8415.011191799316
2026-02-14 04:00:00+00:00,8398.214762274769
2026-02-14 08:00:00+00:00,8683.576096908144
2026-02-14 12:00:00+00:00,8760.286133099913
2026-02-14 16:00:00+00:00,9039.510664837948
2026-02-14 20:00:00+00:00,9033.373861942608
2026-02-15 00:00:00+00:00,8929.048212721802
2026-02-15 04:00:00+00:00,8959.73222719851
2026-02-15 08:00:00+00:00,8775.628140338265
2026-02-15 12:00:00+00:00,8616.071265059389
2026-02-15 16:00:00+00:00,8275.770202505468
2026-02-15 20:00:00+00:00,8275.770202505468
2026-02-16 00:00:00+00:00,8275.770202505468
2026-02-16 04:00:00+00:00,8275.770202505468
2026-02-16 08:00:00+00:00,8275.770202505468
2026-02-16 12:00:00+00:00,8275.770202505468
2026-02-16 16:00:00+00:00,8275.770202505468
2026-02-16 20:00:00+00:00,8275.770202505468
2026-02-17 00:00:00+00:00,8275.770202505468
2026-02-17 04:00:00+00:00,8275.770202505468
2026-02-17 08:00:00+00:00,8275.770202505468
2026-02-17 12:00:00+00:00,8275.770202505468
2026-02-17 16:00:00+00:00,8275.770202505468
2026-02-17 20:00:00+00:00,8275.770202505468
2026-02-18 00:00:00+00:00,8275.770202505468
2026-02-18 04:00:00+00:00,8275.770202505468
2026-02-18 08:00:00+00:00,8275.770202505468
2026-02-18 12:00:00+00:00,8275.770202505468
2026-02-18 16:00:00+00:00,8275.770202505468
2026-02-18 20:00:00+00:00,8275.770202505468
2026-02-19 00:00:00+00:00,8275.770202505468
2026-02-19 04:00:00+00:00,8275.770202505468
2026-02-19 08:00:00+00:00,8275.770202505468
2026-02-19 12:00:00+00:00,8275.770202505468
2026-02-19 16:00:00+00:00,8275.770202505468
2026-02-19 20:00:00+00:00,8275.770202505468
2026-02-20 00:00:00+00:00,8275.770202505468
2026-02-20 04:00:00+00:00,8275.770202505468
2026-02-20 08:00:00+00:00,8275.770202505468
2026-02-20 12:00:00+00:00,8275.770202505468
2026-02-20 16:00:00+00:00,8275.770202505468
2026-02-20 20:00:00+00:00,8275.770202505468
2026-02-21 00:00:00+00:00,8275.770202505468
2026-02-21 04:00:00+00:00,8275.770202505468
2026-02-21 08:00:00+00:00,8275.770202505468
2026-02-21 12:00:00+00:00,8275.770202505468
2026-02-21 16:00:00+00:00,8275.770202505468
2026-02-21 20:00:00+00:00,8275.770202505468
2026-02-22 00:00:00+00:00,8275.770202505468
2026-02-22 04:00:00+00:00,8275.770202505468
2026-02-22 08:00:00+00:00,8275.770202505468
2026-02-22 12:00:00+00:00,8275.770202505468
2026-02-22 16:00:00+00:00,8275.770202505468
2026-02-22 20:00:00+00:00,8275.770202505468
2026-02-23 00:00:00+00:00,8275.770202505468
2026-02-23 04:00:00+00:00,8275.770202505468
2026-02-23 08:00:00+00:00,8275.770202505468
2026-02-23 12:00:00+00:00,8275.770202505468
2026-02-23 16:00:00+00:00,8275.770202505468
2026-02-23 20:00:00+00:00,8275.770202505468
2026-02-24 00:00:00+00:00,8275.770202505468
2026-02-24 04:00:00+00:00,8275.770202505468
2026-02-24 08:00:00+00:00,8275.770202505468
2026-02-24 12:00:00+00:00,8275.770202505468
2026-02-24 16:00:00+00:00,8275.770202505468
2026-02-24 20:00:00+00:00,8275.770202505468
2026-02-25 00:00:00+00:00,8275.770202505468
2026-02-25 04:00:00+00:00,8275.770202505468
2026-02-25 08:00:00+00:00,8275.770202505468
2026-02-25 12:00:00+00:00,8275.770202505468
2026-02-25 16:00:00+00:00,8259.251699107253
2026-02-25 20:00:00+00:00,8000.968705003055
2026-02-26 00:00:00+00:00,7963.24197552716
2026-02-26 04:00:00+00:00,7817.747107044662
2026-02-26 08:00:00+00:00,7817.747107044662
2026-02-26 12:00:00+00:00,7817.747107044662
2026-02-26 16:00:00+00:00,7817.747107044662
2026-02-26 20:00:00+00:00,7817.747107044662
2026-02-27 00:00:00+00:00,7817.747107044662
2026-02-27 04:00:00+00:00,7817.747107044662
2026-02-27 08:00:00+00:00,7817.747107044662
2026-02-27 12:00:00+00:00,7817.747107044662
2026-02-27 16:00:00+00:00,7817.747107044662
2026-02-27 20:00:00+00:00,7817.747107044662
2026-02-28 00:00:00+00:00,7817.747107044662
2026-02-28 04:00:00+00:00,7817.747107044662
2026-02-28 08:00:00+00:00,7817.747107044662
2026-02-28 12:00:00+00:00,7817.747107044662
2026-02-28 16:00:00+00:00,7817.747107044662
2026-02-28 20:00:00+00:00,7817.747107044662
2026-03-01 00:00:00+00:00,7817.747107044662
2026-03-01 04:00:00+00:00,7817.747107044662
2026-03-01 08:00:00+00:00,7817.747107044662
2026-03-01 12:00:00+00:00,7817.747107044662
2026-03-01 16:00:00+00:00,7817.747107044662
2026-03-01 20:00:00+00:00,7817.747107044662
2026-03-02 00:00:00+00:00,7817.747107044662
2026-03-02 04:00:00+00:00,7817.747107044662
2026-03-02 08:00:00+00:00,7817.747107044662
2026-03-02 12:00:00+00:00,7817.747107044662
2026-03-02 16:00:00+00:00,7817.747107044662
2026-03-02 20:00:00+00:00,7817.747107044662
2026-03-03 00:00:00+00:00,7817.747107044662
2026-03-03 04:00:00+00:00,7817.747107044662
2026-03-03 08:00:00+00:00,7817.747107044662
2026-03-03 12:00:00+00:00,7817.747107044662
2026-03-03 16:00:00+00:00,7817.747107044662
2026-03-03 20:00:00+00:00,7817.747107044662
2026-03-04 00:00:00+00:00,7817.747107044662
2026-03-04 04:00:00+00:00,7817.747107044662
2026-03-04 08:00:00+00:00,7817.747107044662
2026-03-04 12:00:00+00:00,7817.747107044662
2026-03-04 16:00:00+00:00,7817.747107044662
2026-03-04 20:00:00+00:00,7817.747107044662
2026-03-05 00:00:00+00:00,7817.747107044662
2026-03-05 04:00:00+00:00,7817.747107044662
2026-03-05 08:00:00+00:00,7817.747107044662
2026-03-05 12:00:00+00:00,7817.747107044662
2026-03-05 16:00:00+00:00,7817.747107044662
2026-03-05 20:00:00+00:00,7817.747107044662
2026-03-06 00:00:00+00:00,7817.747107044662
2026-03-06 04:00:00+00:00,7817.747107044662
2026-03-06 08:00:00+00:00,7817.747107044662
2026-03-06 12:00:00+00:00,7817.747107044662
2026-03-06 16:00:00+00:00,7817.747107044662
2026-03-06 20:00:00+00:00,7817.747107044662
2026-03-07 00:00:00+00:00,7817.747107044662
2026-03-07 04:00:00+00:00,7817.747107044662
2026-03-07 08:00:00+00:00,7817.747107044662
2026-03-07 12:00:00+00:00,7817.747107044662
2026-03-07 16:00:00+00:00,7817.747107044662
2026-03-07 20:00:00+00:00,7817.747107044662
2026-03-08 00:00:00+00:00,7817.747107044662
2026-03-08 04:00:00+00:00,7817.747107044662
2026-03-08 08:00:00+00:00,7817.747107044662
2026-03-08 12:00:00+00:00,7817.747107044662
2026-03-08 16:00:00+00:00,7817.747107044662
2026-03-08 20:00:00+00:00,7817.747107044662
2026-03-09 00:00:00+00:00,7817.747107044662
2026-03-09 04:00:00+00:00,7817.747107044662
2026-03-09 08:00:00+00:00,7817.747107044662
2026-03-09 12:00:00+00:00,7817.747107044662
2026-03-09 16:00:00+00:00,7817.747107044662
2026-03-09 20:00:00+00:00,7817.747107044662
2026-03-10 00:00:00+00:00,7817.747107044662
2026-03-10 04:00:00+00:00,7817.747107044662
2026-03-10 08:00:00+00:00,7817.747107044662
2026-03-10 12:00:00+00:00,7817.747107044662
2026-03-10 16:00:00+00:00,7817.747107044662
2026-03-10 20:00:00+00:00,7817.747107044662
2026-03-11 00:00:00+00:00,7817.747107044662
2026-03-11 04:00:00+00:00,7817.747107044662
2026-03-11 08:00:00+00:00,7817.747107044662
2026-03-11 12:00:00+00:00,7817.747107044662
2026-03-11 16:00:00+00:00,7817.747107044662
2026-03-11 20:00:00+00:00,7817.747107044662
2026-03-12 00:00:00+00:00,7817.747107044662
2026-03-12 04:00:00+00:00,7817.747107044662
2026-03-12 08:00:00+00:00,7817.747107044662
2026-03-12 12:00:00+00:00,7817.747107044662
2026-03-12 16:00:00+00:00,7817.747107044662
2026-03-12 20:00:00+00:00,7817.747107044662
2026-03-13 00:00:00+00:00,7817.747107044662
2026-03-13 04:00:00+00:00,7817.747107044662
2026-03-13 08:00:00+00:00,7817.747107044662
2026-03-13 12:00:00+00:00,7817.747107044662
2026-03-13 16:00:00+00:00,7817.747107044662
2026-03-13 20:00:00+00:00,7817.747107044662
2026-03-14 00:00:00+00:00,7817.747107044662
2026-03-14 04:00:00+00:00,7817.747107044662
2026-03-14 08:00:00+00:00,7817.747107044662
2026-03-14 12:00:00+00:00,7817.747107044662
2026-03-14 16:00:00+00:00,7817.747107044662
2026-03-14 20:00:00+00:00,7817.747107044662
2026-03-15 00:00:00+00:00,7817.747107044662
2026-03-15 04:00:00+00:00,7817.747107044662
2026-03-15 08:00:00+00:00,7817.747107044662
2026-03-15 12:00:00+00:00,7817.747107044662
2026-03-15 16:00:00+00:00,7817.747107044662
2026-03-15 20:00:00+00:00,7817.747107044662
2026-03-16 00:00:00+00:00,7817.747107044662
2026-03-16 04:00:00+00:00,7802.142821401857
2026-03-16 08:00:00+00:00,7757.796716555525
2026-03-16 12:00:00+00:00,7746.7101903439425
2026-03-16 16:00:00+00:00,7901.921557306111
2026-03-16 20:00:00+00:00,8015.5584509748405
2026-03-17 00:00:00+00:00,7860.347084012673
2026-03-17 04:00:00+00:00,7838.174031589506
2026-03-17 08:00:00+00:00,7788.284663637381
2026-03-17 12:00:00+00:00,7768.883242767109
2026-03-17 16:00:00+00:00,7788.284663637381
2026-03-17 20:00:00+00:00,7793.827926743172
2026-03-18 00:00:00+00:00,7868.661978671358
2026-03-18 04:00:00+00:00,7774.4265058729015
2026-03-18 08:00:00+00:00,7532.615582311025
2026-03-18 12:00:00+00:00,7532.615582311025
2026-03-18 16:00:00+00:00,7532.615582311025
2026-03-18 20:00:00+00:00,7532.615582311025
2026-03-19 00:00:00+00:00,7532.615582311025
2026-03-19 04:00:00+00:00,7532.615582311025
2026-03-19 08:00:00+00:00,7532.615582311025
2026-03-19 12:00:00+00:00,7532.615582311025
2026-03-19 16:00:00+00:00,7532.615582311025
2026-03-19 20:00:00+00:00,7532.615582311025
2026-03-20 00:00:00+00:00,7532.615582311025
2026-03-20 04:00:00+00:00,7532.615582311025
2026-03-20 08:00:00+00:00,7532.615582311025
2026-03-20 12:00:00+00:00,7532.615582311025
2026-03-20 16:00:00+00:00,7532.615582311025
2026-03-20 20:00:00+00:00,7532.615582311025
2026-03-21 00:00:00+00:00,7532.615582311025
2026-03-21 04:00:00+00:00,7532.615582311025
2026-03-21 08:00:00+00:00,7532.615582311025
2026-03-21 12:00:00+00:00,7532.615582311025
2026-03-21 16:00:00+00:00,7532.615582311025
2026-03-21 20:00:00+00:00,7532.615582311025
2026-03-22 00:00:00+00:00,7532.615582311025
2026-03-22 04:00:00+00:00,7532.615582311025
2026-03-22 08:00:00+00:00,7532.615582311025
2026-03-22 12:00:00+00:00,7532.615582311025
2026-03-22 16:00:00+00:00,7532.615582311025
2026-03-22 20:00:00+00:00,7532.615582311025
2026-03-23 00:00:00+00:00,7532.615582311025
2026-03-23 04:00:00+00:00,7532.615582311025
2026-03-23 08:00:00+00:00,7532.615582311025
2026-03-23 12:00:00+00:00,7532.615582311025
2026-03-23 16:00:00+00:00,7532.615582311025
2026-03-23 20:00:00+00:00,7532.615582311025
2026-03-24 00:00:00+00:00,7532.615582311025
2026-03-24 04:00:00+00:00,7532.615582311025
2026-03-24 08:00:00+00:00,7532.615582311025
2026-03-24 12:00:00+00:00,7532.615582311025
2026-03-24 16:00:00+00:00,7532.615582311025
2026-03-24 20:00:00+00:00,7532.615582311025
2026-03-25 00:00:00+00:00,7532.615582311025
2026-03-25 04:00:00+00:00,7532.615582311025
2026-03-25 08:00:00+00:00,7532.615582311025
2026-03-25 12:00:00+00:00,7532.615582311025
2026-03-25 16:00:00+00:00,7532.615582311025
2026-03-25 20:00:00+00:00,7532.615582311025
2026-03-26 00:00:00+00:00,7532.615582311025
2026-03-26 04:00:00+00:00,7532.615582311025
2026-03-26 08:00:00+00:00,7532.615582311025
2026-03-26 12:00:00+00:00,7532.615582311025
2026-03-26 16:00:00+00:00,7532.615582311025
2026-03-26 20:00:00+00:00,7532.615582311025
2026-03-27 00:00:00+00:00,7532.615582311025
2026-03-27 04:00:00+00:00,7532.615582311025
2026-03-27 08:00:00+00:00,7532.615582311025
2026-03-27 12:00:00+00:00,7532.615582311025
2026-03-27 16:00:00+00:00,7532.615582311025
2026-03-27 20:00:00+00:00,7532.615582311025
2026-03-28 00:00:00+00:00,7532.615582311025
2026-03-28 04:00:00+00:00,7532.615582311025
2026-03-28 08:00:00+00:00,7532.615582311025
2026-03-28 12:00:00+00:00,7532.615582311025
2026-03-28 16:00:00+00:00,7532.615582311025
2026-03-28 20:00:00+00:00,7532.615582311025
2026-03-29 00:00:00+00:00,7532.615582311025
2026-03-29 04:00:00+00:00,7532.615582311025
2026-03-29 08:00:00+00:00,7532.615582311025
2026-03-29 12:00:00+00:00,7532.615582311025
2026-03-29 16:00:00+00:00,7532.615582311025
2026-03-29 20:00:00+00:00,7532.615582311025
2026-03-30 00:00:00+00:00,7532.615582311025
2026-03-30 04:00:00+00:00,7532.615582311025
2026-03-30 08:00:00+00:00,7532.615582311025
2026-03-30 12:00:00+00:00,7532.615582311025
2026-03-30 16:00:00+00:00,7532.615582311025
2026-03-30 20:00:00+00:00,7532.615582311025
2026-03-31 00:00:00+00:00,7532.615582311025
2026-03-31 04:00:00+00:00,7532.615582311025
2026-03-31 08:00:00+00:00,7532.615582311025
2026-03-31 12:00:00+00:00,7532.615582311025
2026-03-31 16:00:00+00:00,7532.615582311025
2026-03-31 20:00:00+00:00,7532.615582311025
2026-04-01 00:00:00+00:00,7532.615582311025
2026-04-01 04:00:00+00:00,7532.615582311025
2026-04-01 08:00:00+00:00,7532.615582311025
2026-04-01 12:00:00+00:00,7532.615582311025
2026-04-01 16:00:00+00:00,7532.615582311025
2026-04-01 20:00:00+00:00,7532.615582311025
2026-04-02 00:00:00+00:00,7532.615582311025
2026-04-02 04:00:00+00:00,7532.615582311025
2026-04-02 08:00:00+00:00,7532.615582311025
2026-04-02 12:00:00+00:00,7532.615582311025
2026-04-02 16:00:00+00:00,7532.615582311025
2026-04-02 20:00:00+00:00,7532.615582311025
2026-04-03 00:00:00+00:00,7532.615582311025
2026-04-03 04:00:00+00:00,7532.615582311025
2026-04-03 08:00:00+00:00,7532.615582311025
2026-04-03 12:00:00+00:00,7532.615582311025
2026-04-03 16:00:00+00:00,7532.615582311025
2026-04-03 20:00:00+00:00,7532.615582311025
2026-04-04 00:00:00+00:00,7532.615582311025
2026-04-04 04:00:00+00:00,7532.615582311025
2026-04-04 08:00:00+00:00,7532.615582311025
2026-04-04 12:00:00+00:00,7532.615582311025
2026-04-04 16:00:00+00:00,7532.615582311025
2026-04-04 20:00:00+00:00,7532.615582311025
2026-04-05 00:00:00+00:00,7532.615582311025
2026-04-05 04:00:00+00:00,7532.615582311025
2026-04-05 08:00:00+00:00,7532.615582311025
2026-04-05 12:00:00+00:00,7532.615582311025
2026-04-05 16:00:00+00:00,7532.615582311025
2026-04-05 20:00:00+00:00,7532.615582311025
2026-04-06 00:00:00+00:00,7532.615582311025
2026-04-06 04:00:00+00:00,7532.615582311025
2026-04-06 08:00:00+00:00,7532.615582311025
2026-04-06 12:00:00+00:00,7532.615582311025
2026-04-06 16:00:00+00:00,7532.615582311025
2026-04-06 20:00:00+00:00,7532.615582311025
2026-04-07 00:00:00+00:00,7532.615582311025
2026-04-07 04:00:00+00:00,7532.615582311025
2026-04-07 08:00:00+00:00,7532.615582311025
2026-04-07 12:00:00+00:00,7532.615582311025
2026-04-07 16:00:00+00:00,7532.615582311025
2026-04-07 20:00:00+00:00,7532.615582311025
2026-04-08 00:00:00+00:00,7532.615582311025
2026-04-08 04:00:00+00:00,7532.615582311025
2026-04-08 08:00:00+00:00,7532.615582311025
2026-04-08 12:00:00+00:00,7532.615582311025
2026-04-08 16:00:00+00:00,7532.615582311025
2026-04-08 20:00:00+00:00,7532.615582311025
2026-04-09 00:00:00+00:00,7532.615582311025
2026-04-09 04:00:00+00:00,7532.615582311025
2026-04-09 08:00:00+00:00,7532.615582311025
2026-04-09 12:00:00+00:00,7532.615582311025
2026-04-09 16:00:00+00:00,7532.615582311025
2026-04-09 20:00:00+00:00,7532.615582311025
2026-04-10 00:00:00+00:00,7532.615582311025
2026-04-10 04:00:00+00:00,7532.615582311025
2026-04-10 08:00:00+00:00,7532.615582311025
2026-04-10 12:00:00+00:00,7532.615582311025
2026-04-10 16:00:00+00:00,7532.615582311025
2026-04-10 20:00:00+00:00,7532.615582311025
2026-04-11 00:00:00+00:00,7532.615582311025
2026-04-11 04:00:00+00:00,7532.615582311025
2026-04-11 08:00:00+00:00,7532.615582311025
2026-04-11 12:00:00+00:00,7532.615582311025
2026-04-11 16:00:00+00:00,7532.615582311025
2026-04-11 20:00:00+00:00,7532.615582311025
2026-04-12 00:00:00+00:00,7532.615582311025
2026-04-12 04:00:00+00:00,7532.615582311025
2026-04-12 08:00:00+00:00,7532.615582311025
2026-04-12 12:00:00+00:00,7532.615582311025
2026-04-12 16:00:00+00:00,7532.615582311025
2026-04-12 20:00:00+00:00,7532.615582311025
2026-04-13 00:00:00+00:00,7532.615582311025
2026-04-13 04:00:00+00:00,7532.615582311025
2026-04-13 08:00:00+00:00,7532.615582311025
2026-04-13 12:00:00+00:00,7532.615582311025
2026-04-13 16:00:00+00:00,7532.615582311025
2026-04-13 20:00:00+00:00,7532.615582311025
2026-04-14 00:00:00+00:00,7532.615582311025
2026-04-14 04:00:00+00:00,7532.615582311025
2026-04-14 08:00:00+00:00,7532.615582311025
2026-04-14 12:00:00+00:00,7532.615582311025
2026-04-14 16:00:00+00:00,7532.615582311025
2026-04-14 20:00:00+00:00,7532.615582311025
2026-04-15 00:00:00+00:00,7532.615582311025
2026-04-15 04:00:00+00:00,7532.615582311025
2026-04-15 08:00:00+00:00,7532.615582311025
2026-04-15 12:00:00+00:00,7532.615582311025
2026-04-15 16:00:00+00:00,7532.615582311025
2026-04-15 20:00:00+00:00,7532.615582311025
2026-04-16 00:00:00+00:00,7532.615582311025
2026-04-16 04:00:00+00:00,7532.615582311025
2026-04-16 08:00:00+00:00,7532.615582311025
2026-04-16 12:00:00+00:00,7532.615582311025
2026-04-16 16:00:00+00:00,7532.615582311025
2026-04-16 20:00:00+00:00,7532.615582311025
2026-04-17 00:00:00+00:00,7532.615582311025
2026-04-17 04:00:00+00:00,7532.615582311025
2026-04-17 08:00:00+00:00,7532.615582311025
2026-04-17 12:00:00+00:00,7517.580421468088
2026-04-17 16:00:00+00:00,7512.097138884961
2026-04-17 20:00:00+00:00,7416.139693680227
2026-04-18 00:00:00+00:00,7385.981639473022
2026-04-18 04:00:00+00:00,7440.8144653043
2026-04-18 08:00:00+00:00,7167.713005712437
2026-04-18 12:00:00+00:00,7167.713005712437
2026-04-18 16:00:00+00:00,7167.713005712437
2026-04-18 20:00:00+00:00,7167.713005712437
2026-04-19 00:00:00+00:00,7167.713005712437
2026-04-19 04:00:00+00:00,7167.713005712437
2026-04-19 08:00:00+00:00,7167.713005712437
2026-04-19 12:00:00+00:00,7167.713005712437
2026-04-19 16:00:00+00:00,7167.713005712437
2026-04-19 20:00:00+00:00,7167.713005712437
2026-04-20 00:00:00+00:00,7167.713005712437
2026-04-20 04:00:00+00:00,7167.713005712437
2026-04-20 08:00:00+00:00,7167.713005712437
2026-04-20 12:00:00+00:00,7167.713005712437
2026-04-20 16:00:00+00:00,7167.713005712437
2026-04-20 20:00:00+00:00,7167.713005712437
2026-04-21 00:00:00+00:00,7167.713005712437
2026-04-21 04:00:00+00:00,7167.713005712437
2026-04-21 08:00:00+00:00,7167.713005712437
2026-04-21 12:00:00+00:00,7167.713005712437
2026-04-21 16:00:00+00:00,7167.713005712437
2026-04-21 20:00:00+00:00,7167.713005712437
2026-04-22 00:00:00+00:00,7167.713005712437
2026-04-22 04:00:00+00:00,7167.713005712437
2026-04-22 08:00:00+00:00,7167.713005712437
2026-04-22 12:00:00+00:00,7167.713005712437
2026-04-22 16:00:00+00:00,7167.713005712437
2026-04-22 20:00:00+00:00,7167.713005712437
2026-04-23 00:00:00+00:00,7167.713005712437
2026-04-23 04:00:00+00:00,7167.713005712437
2026-04-23 08:00:00+00:00,7167.713005712437
2026-04-23 12:00:00+00:00,7167.713005712437
2026-04-23 16:00:00+00:00,7167.713005712437
2026-04-23 20:00:00+00:00,7167.713005712437
2026-04-24 00:00:00+00:00,7167.713005712437
2026-04-24 04:00:00+00:00,7167.713005712437
2026-04-24 08:00:00+00:00,7167.713005712437
2026-04-24 12:00:00+00:00,7167.713005712437
2026-04-24 16:00:00+00:00,7167.713005712437
2026-04-24 20:00:00+00:00,7167.713005712437
2026-04-25 00:00:00+00:00,7167.713005712437
2026-04-25 04:00:00+00:00,7167.713005712437
2026-04-25 08:00:00+00:00,7167.713005712437
2026-04-25 12:00:00+00:00,7167.713005712437
2026-04-25 16:00:00+00:00,7167.713005712437
2026-04-25 20:00:00+00:00,7167.713005712437
2026-04-26 00:00:00+00:00,7167.713005712437
2026-04-26 04:00:00+00:00,7167.713005712437
2026-04-26 08:00:00+00:00,7167.713005712437
2026-04-26 12:00:00+00:00,7167.713005712437
2026-04-26 16:00:00+00:00,7167.713005712437
2026-04-26 20:00:00+00:00,7167.713005712437
2026-04-27 00:00:00+00:00,7167.713005712437
2026-04-27 04:00:00+00:00,7167.713005712437
2026-04-27 08:00:00+00:00,7167.713005712437
2026-04-27 12:00:00+00:00,7167.713005712437
2026-04-27 16:00:00+00:00,7167.713005712437
2026-04-27 20:00:00+00:00,7167.713005712437
2026-04-28 00:00:00+00:00,7167.713005712437
2026-04-28 04:00:00+00:00,7167.713005712437
2026-04-28 08:00:00+00:00,7167.713005712437
2026-04-28 12:00:00+00:00,7167.713005712437
2026-04-28 16:00:00+00:00,7167.713005712437
2026-04-28 20:00:00+00:00,7167.713005712437
2026-04-29 00:00:00+00:00,7167.713005712437
2026-04-29 04:00:00+00:00,7167.713005712437
2026-04-29 08:00:00+00:00,7167.713005712437
2026-04-29 12:00:00+00:00,7167.713005712437
2026-04-29 16:00:00+00:00,7167.713005712437
2026-04-29 20:00:00+00:00,7167.713005712437
2026-04-30 00:00:00+00:00,7167.713005712437
2026-04-30 04:00:00+00:00,7167.713005712437
2026-04-30 08:00:00+00:00,7167.713005712437
2026-04-30 12:00:00+00:00,7167.713005712437
2026-04-30 16:00:00+00:00,7167.713005712437
2026-04-30 20:00:00+00:00,7167.713005712437
2026-05-01 00:00:00+00:00,7167.713005712437
2026-05-01 04:00:00+00:00,7167.713005712437
2026-05-01 08:00:00+00:00,7167.713005712437
2026-05-01 12:00:00+00:00,7167.713005712437
2026-05-01 16:00:00+00:00,7167.713005712437
2026-05-01 20:00:00+00:00,7167.713005712437
2026-05-02 00:00:00+00:00,7167.713005712437
2026-05-02 04:00:00+00:00,7167.713005712437
2026-05-02 08:00:00+00:00,7167.713005712437
2026-05-02 12:00:00+00:00,7167.713005712437
2026-05-02 16:00:00+00:00,7167.713005712437
2026-05-02 20:00:00+00:00,7167.713005712437
2026-05-03 00:00:00+00:00,7167.713005712437
2026-05-03 04:00:00+00:00,7167.713005712437
2026-05-03 08:00:00+00:00,7167.713005712437
2026-05-03 12:00:00+00:00,7167.713005712437
2026-05-03 16:00:00+00:00,7167.713005712437
2026-05-03 20:00:00+00:00,7167.713005712437
2026-05-04 00:00:00+00:00,7167.713005712437
2026-05-04 04:00:00+00:00,7167.713005712437
2026-05-04 08:00:00+00:00,7167.713005712437
2026-05-04 12:00:00+00:00,7167.713005712437
2026-05-04 16:00:00+00:00,7167.713005712437
2026-05-04 20:00:00+00:00,7167.713005712437
2026-05-05 00:00:00+00:00,7167.713005712437
2026-05-05 04:00:00+00:00,7167.713005712437
2026-05-05 08:00:00+00:00,7167.713005712437
2026-05-05 12:00:00+00:00,7167.713005712437
2026-05-05 16:00:00+00:00,7167.713005712437
2026-05-05 20:00:00+00:00,7167.713005712437
2026-05-06 00:00:00+00:00,7167.713005712437
2026-05-06 04:00:00+00:00,7167.713005712437
2026-05-06 08:00:00+00:00,7167.713005712437
2026-05-06 12:00:00+00:00,7167.713005712437
2026-05-06 16:00:00+00:00,7167.713005712437
2026-05-06 20:00:00+00:00,7167.713005712437
2026-05-07 00:00:00+00:00,7167.713005712437
2026-05-07 04:00:00+00:00,7167.713005712437
2026-05-07 08:00:00+00:00,7167.713005712437
2026-05-07 12:00:00+00:00,7167.713005712437
2026-05-07 16:00:00+00:00,7167.713005712437
2026-05-07 20:00:00+00:00,7167.713005712437
2026-05-08 00:00:00+00:00,7167.713005712437
2026-05-08 04:00:00+00:00,7167.713005712437
2026-05-08 08:00:00+00:00,7167.713005712437
2026-05-08 12:00:00+00:00,7167.713005712437
2026-05-08 16:00:00+00:00,7167.713005712437
2026-05-08 20:00:00+00:00,7167.713005712437
2026-05-09 00:00:00+00:00,7167.713005712437
2026-05-09 04:00:00+00:00,7167.713005712437
2026-05-09 08:00:00+00:00,7167.713005712437
2026-05-09 12:00:00+00:00,7167.713005712437
2026-05-09 16:00:00+00:00,7167.713005712437
2026-05-09 20:00:00+00:00,7167.713005712437
2026-05-10 00:00:00+00:00,7167.713005712437
2026-05-10 04:00:00+00:00,7167.713005712437
2026-05-10 08:00:00+00:00,7167.713005712437
2026-05-10 12:00:00+00:00,7167.713005712437
2026-05-10 16:00:00+00:00,7167.713005712437
2026-05-10 20:00:00+00:00,7167.713005712437
2026-05-11 00:00:00+00:00,7167.713005712437
2026-05-11 04:00:00+00:00,7167.713005712437
2026-05-11 08:00:00+00:00,7167.713005712437
2026-05-11 12:00:00+00:00,7167.713005712437
2026-05-11 16:00:00+00:00,7167.713005712437
2026-05-11 20:00:00+00:00,7167.713005712437
2026-05-12 00:00:00+00:00,7167.713005712437
2026-05-12 04:00:00+00:00,7167.713005712437
2026-05-12 08:00:00+00:00,7167.713005712437
2026-05-12 12:00:00+00:00,7167.713005712437
2026-05-12 16:00:00+00:00,7167.713005712437
2026-05-12 20:00:00+00:00,7167.713005712437
2026-05-13 00:00:00+00:00,7167.713005712437
2026-05-13 04:00:00+00:00,7167.713005712437
2026-05-13 08:00:00+00:00,7167.713005712437
2026-05-13 12:00:00+00:00,7167.713005712437
2026-05-13 16:00:00+00:00,7167.713005712437
2026-05-13 20:00:00+00:00,7167.713005712437
2026-05-14 00:00:00+00:00,7167.713005712437
2026-05-14 04:00:00+00:00,7167.713005712437
2026-05-14 08:00:00+00:00,7167.713005712437
2026-05-14 12:00:00+00:00,7167.713005712437
2026-05-14 16:00:00+00:00,7167.713005712437
2026-05-14 20:00:00+00:00,7167.713005712437
2026-05-15 00:00:00+00:00,7167.713005712437
2026-05-15 04:00:00+00:00,7167.713005712437
2026-05-15 08:00:00+00:00,7167.713005712437
2026-05-15 12:00:00+00:00,7167.713005712437
2026-05-15 16:00:00+00:00,7167.713005712437
2026-05-15 20:00:00+00:00,7167.713005712437
2026-05-16 00:00:00+00:00,7167.713005712437
2026-05-16 04:00:00+00:00,7167.713005712437
2026-05-16 08:00:00+00:00,7167.713005712437
2026-05-16 12:00:00+00:00,7167.713005712437
2026-05-16 16:00:00+00:00,7167.713005712437
2026-05-16 20:00:00+00:00,7167.713005712437
2026-05-17 00:00:00+00:00,7167.713005712437
2026-05-17 04:00:00+00:00,7167.713005712437
2026-05-17 08:00:00+00:00,7167.713005712437
2026-05-17 12:00:00+00:00,7167.713005712437
2026-05-17 16:00:00+00:00,7167.713005712437
2026-05-17 20:00:00+00:00,7167.713005712437
2026-05-18 00:00:00+00:00,7167.713005712437
2026-05-18 04:00:00+00:00,7167.713005712437
2026-05-18 08:00:00+00:00,7167.713005712437
2026-05-18 12:00:00+00:00,7167.713005712437
2026-05-18 16:00:00+00:00,7167.713005712437
2026-05-18 20:00:00+00:00,7167.713005712437
2026-05-19 00:00:00+00:00,7167.713005712437
2026-05-19 04:00:00+00:00,7167.713005712437
2026-05-19 08:00:00+00:00,7167.713005712437
2026-05-19 12:00:00+00:00,7167.713005712437
2026-05-19 16:00:00+00:00,7167.713005712437
2026-05-19 20:00:00+00:00,7167.713005712437
2026-05-20 00:00:00+00:00,7167.713005712437
2026-05-20 04:00:00+00:00,7167.713005712437
2026-05-20 08:00:00+00:00,7167.713005712437
2026-05-20 12:00:00+00:00,7167.713005712437
2026-05-20 16:00:00+00:00,7167.713005712437
2026-05-20 20:00:00+00:00,7167.713005712437
2026-05-21 00:00:00+00:00,7167.713005712437
2026-05-21 04:00:00+00:00,7167.713005712437
2026-05-21 08:00:00+00:00,7167.713005712437
2026-05-21 12:00:00+00:00,7167.713005712437
2026-05-21 16:00:00+00:00,7167.713005712437
2026-05-21 20:00:00+00:00,7167.713005712437
2026-05-22 00:00:00+00:00,7167.713005712437
2026-05-22 04:00:00+00:00,7167.713005712437
2026-05-22 08:00:00+00:00,7167.713005712437
2026-05-22 12:00:00+00:00,7167.713005712437
2026-05-22 16:00:00+00:00,7167.713005712437
2026-05-22 20:00:00+00:00,7167.713005712437
2026-05-23 00:00:00+00:00,7167.713005712437
2026-05-23 04:00:00+00:00,7167.713005712437
2026-05-23 08:00:00+00:00,7167.713005712437
2026-05-23 12:00:00+00:00,7167.713005712437
2026-05-23 16:00:00+00:00,7167.713005712437
2026-05-23 20:00:00+00:00,7167.713005712437
2026-05-24 00:00:00+00:00,7167.713005712437
2026-05-24 04:00:00+00:00,7167.713005712437
2026-05-24 08:00:00+00:00,7167.713005712437
2026-05-24 12:00:00+00:00,7167.713005712437
2026-05-24 16:00:00+00:00,7167.713005712437
2026-05-24 20:00:00+00:00,7167.713005712437
2026-05-25 00:00:00+00:00,7167.713005712437
2026-05-25 04:00:00+00:00,7167.713005712437
2026-05-25 08:00:00+00:00,7167.713005712437
2026-05-25 12:00:00+00:00,7167.713005712437
2026-05-25 16:00:00+00:00,7167.713005712437
2026-05-25 20:00:00+00:00,7167.713005712437
2026-05-26 00:00:00+00:00,7167.713005712437
2026-05-26 04:00:00+00:00,7167.713005712437
2026-05-26 08:00:00+00:00,7167.713005712437
2026-05-26 12:00:00+00:00,7167.713005712437
2026-05-26 16:00:00+00:00,7167.713005712437
2026-05-26 20:00:00+00:00,7167.713005712437
2026-05-27 00:00:00+00:00,7167.713005712437
2026-05-27 04:00:00+00:00,7167.713005712437
2026-05-27 08:00:00+00:00,7167.713005712437
2026-05-27 12:00:00+00:00,7167.713005712437
2026-05-27 16:00:00+00:00,7167.713005712437
2026-05-27 20:00:00+00:00,7167.713005712437
2026-05-28 00:00:00+00:00,7167.713005712437
2026-05-28 04:00:00+00:00,7167.713005712437
2026-05-28 08:00:00+00:00,7167.713005712437
2026-05-28 12:00:00+00:00,7167.713005712437
2026-05-28 16:00:00+00:00,7167.713005712437
2026-05-28 20:00:00+00:00,7167.713005712437
2026-05-29 00:00:00+00:00,7167.713005712437
2026-05-29 04:00:00+00:00,7167.713005712437
2026-05-29 08:00:00+00:00,7167.713005712437
2026-05-29 12:00:00+00:00,7167.713005712437
2026-05-29 16:00:00+00:00,7167.713005712437
2026-05-29 20:00:00+00:00,7167.713005712437
2026-05-30 00:00:00+00:00,7167.713005712437
2026-05-30 04:00:00+00:00,7167.713005712437
2026-05-30 08:00:00+00:00,7167.713005712437
2026-05-30 12:00:00+00:00,7167.713005712437
2026-05-30 16:00:00+00:00,7167.713005712437
2026-05-30 20:00:00+00:00,7167.713005712437
2026-05-31 00:00:00+00:00,7167.713005712437
2026-05-31 04:00:00+00:00,7167.713005712437
2026-05-31 08:00:00+00:00,7167.713005712437
2026-05-31 12:00:00+00:00,7167.713005712437
2026-05-31 16:00:00+00:00,7167.713005712437
2026-05-31 20:00:00+00:00,7167.713005712437
2026-06-01 00:00:00+00:00,7167.713005712437
2026-06-01 04:00:00+00:00,7167.713005712437
2026-06-01 08:00:00+00:00,7167.713005712437
2026-06-01 12:00:00+00:00,7167.713005712437
2026-06-01 16:00:00+00:00,7167.713005712437
2026-06-01 20:00:00+00:00,7167.713005712437
2026-06-02 00:00:00+00:00,7167.713005712437
2026-06-02 04:00:00+00:00,7167.713005712437
2026-06-02 08:00:00+00:00,7167.713005712437
2026-06-02 12:00:00+00:00,7167.713005712437
2026-06-02 16:00:00+00:00,7167.713005712437
2026-06-02 20:00:00+00:00,7167.713005712437
2026-06-03 00:00:00+00:00,7167.713005712437
2026-06-03 04:00:00+00:00,7167.713005712437
2026-06-03 08:00:00+00:00,7167.713005712437
2026-06-03 12:00:00+00:00,7167.713005712437
2026-06-03 16:00:00+00:00,7167.713005712437
2026-06-03 20:00:00+00:00,7167.713005712437
2026-06-04 00:00:00+00:00,7167.713005712437
2026-06-04 04:00:00+00:00,7167.713005712437
2026-06-04 08:00:00+00:00,7167.713005712437
2026-06-04 12:00:00+00:00,7167.713005712437
2026-06-04 16:00:00+00:00,7167.713005712437
2026-06-04 20:00:00+00:00,7167.713005712437
2026-06-05 00:00:00+00:00,7167.713005712437
2026-06-05 04:00:00+00:00,7167.713005712437
2026-06-05 08:00:00+00:00,7167.713005712437
2026-06-05 12:00:00+00:00,7167.713005712437
2026-06-05 16:00:00+00:00,7167.713005712437
2026-06-05 20:00:00+00:00,7167.713005712437
2026-06-06 00:00:00+00:00,7167.713005712437
2026-06-06 04:00:00+00:00,7167.713005712437
2026-06-06 08:00:00+00:00,7167.713005712437
2026-06-06 12:00:00+00:00,7167.713005712437
2026-06-06 16:00:00+00:00,7167.713005712437
2026-06-06 20:00:00+00:00,7167.713005712437
2026-06-07 00:00:00+00:00,7167.713005712437
2026-06-07 04:00:00+00:00,7167.713005712437
2026-06-07 08:00:00+00:00,7167.713005712437
2026-06-07 12:00:00+00:00,7167.713005712437
2026-06-07 16:00:00+00:00,7167.713005712437
2026-06-07 20:00:00+00:00,7167.713005712437
2026-06-08 00:00:00+00:00,7167.713005712437
2026-06-08 04:00:00+00:00,7167.713005712437
2026-06-08 08:00:00+00:00,7167.713005712437
2026-06-08 12:00:00+00:00,7167.713005712437
2026-06-08 16:00:00+00:00,7167.713005712437
2026-06-08 20:00:00+00:00,7167.713005712437
2026-06-09 00:00:00+00:00,7167.713005712437
2026-06-09 04:00:00+00:00,7167.713005712437
2026-06-09 08:00:00+00:00,7167.713005712437
2026-06-09 12:00:00+00:00,7167.713005712437
2026-06-09 16:00:00+00:00,7167.713005712437
2026-06-09 20:00:00+00:00,7167.713005712437
2026-06-10 00:00:00+00:00,7167.713005712437
2026-06-10 04:00:00+00:00,7167.713005712437
2026-06-10 08:00:00+00:00,7167.713005712437
2026-06-10 12:00:00+00:00,7167.713005712437
2026-06-10 16:00:00+00:00,7167.713005712437
2026-06-10 20:00:00+00:00,7167.713005712437
2026-06-11 00:00:00+00:00,7167.713005712437
2026-06-11 04:00:00+00:00,7167.713005712437
2026-06-11 08:00:00+00:00,7167.713005712437
2026-06-11 12:00:00+00:00,7167.713005712437
2026-06-11 16:00:00+00:00,7167.713005712437
2026-06-11 20:00:00+00:00,7167.713005712437
2026-06-12 00:00:00+00:00,7167.713005712437
2026-06-12 04:00:00+00:00,7167.713005712437
2026-06-12 08:00:00+00:00,7167.713005712437
2026-06-12 12:00:00+00:00,7167.713005712437
2026-06-12 16:00:00+00:00,7167.713005712437
2026-06-12 20:00:00+00:00,7167.713005712437
2026-06-13 00:00:00+00:00,7167.713005712437
2026-06-13 04:00:00+00:00,7167.713005712437
2026-06-13 08:00:00+00:00,7167.713005712437
2026-06-13 12:00:00+00:00,7167.713005712437
2026-06-13 16:00:00+00:00,7167.713005712437
2026-06-13 20:00:00+00:00,7167.713005712437
2026-06-14 00:00:00+00:00,7167.713005712437
2026-06-14 04:00:00+00:00,7167.713005712437
2026-06-14 08:00:00+00:00,7167.713005712437
2026-06-14 12:00:00+00:00,7167.713005712437
2026-06-14 16:00:00+00:00,7167.713005712437
2026-06-14 20:00:00+00:00,7167.713005712437
2026-06-15 00:00:00+00:00,7167.713005712437
2026-06-15 04:00:00+00:00,7167.713005712437
2026-06-15 08:00:00+00:00,7167.713005712437
2026-06-15 12:00:00+00:00,7167.713005712437
2026-06-15 16:00:00+00:00,7167.713005712437
2026-06-15 20:00:00+00:00,7167.713005712437
2026-06-16 00:00:00+00:00,7167.713005712437
2026-06-16 04:00:00+00:00,7167.713005712437
2026-06-16 08:00:00+00:00,7167.713005712437
2026-06-16 12:00:00+00:00,7167.713005712437
2026-06-16 16:00:00+00:00,7167.713005712437
2026-06-16 20:00:00+00:00,7167.713005712437
2026-06-17 00:00:00+00:00,7167.713005712437
2026-06-17 04:00:00+00:00,7167.713005712437
2026-06-17 08:00:00+00:00,7167.713005712437
2026-06-17 12:00:00+00:00,7167.713005712437
2026-06-17 16:00:00+00:00,7167.713005712437
2026-06-17 20:00:00+00:00,7167.713005712437
2026-06-18 00:00:00+00:00,7167.713005712437
2026-06-18 04:00:00+00:00,7167.713005712437
2026-06-18 08:00:00+00:00,7167.713005712437
2026-06-18 12:00:00+00:00,7167.713005712437
2026-06-18 16:00:00+00:00,7167.713005712437
2026-06-18 20:00:00+00:00,7167.713005712437
2026-06-19 00:00:00+00:00,7167.713005712437
2026-06-19 04:00:00+00:00,7167.713005712437
2026-06-19 08:00:00+00:00,7167.713005712437
2026-06-19 12:00:00+00:00,7167.713005712437
2026-06-19 16:00:00+00:00,7167.713005712437
2026-06-19 20:00:00+00:00,7167.713005712437
2026-06-20 00:00:00+00:00,7167.713005712437
2026-06-20 04:00:00+00:00,7167.713005712437
2026-06-20 08:00:00+00:00,7167.713005712437
2026-06-20 12:00:00+00:00,7167.713005712437
2026-06-20 16:00:00+00:00,7167.713005712437
2026-06-20 20:00:00+00:00,7167.713005712437
2026-06-21 00:00:00+00:00,7167.713005712437
2026-06-21 04:00:00+00:00,7167.713005712437
2026-06-21 08:00:00+00:00,7167.713005712437
2026-06-21 12:00:00+00:00,7167.713005712437
2026-06-21 16:00:00+00:00,7167.713005712437
2026-06-21 20:00:00+00:00,7167.713005712437
2026-06-22 00:00:00+00:00,7167.713005712437
2026-06-22 04:00:00+00:00,7167.713005712437
2026-06-22 08:00:00+00:00,7167.713005712437
2026-06-22 12:00:00+00:00,7167.713005712437
2026-06-22 16:00:00+00:00,7167.713005712437
2026-06-22 20:00:00+00:00,7167.713005712437
2026-06-23 00:00:00+00:00,7167.713005712437
2026-06-23 04:00:00+00:00,7167.713005712437
2026-06-23 08:00:00+00:00,7167.713005712437
2026-06-23 12:00:00+00:00,7167.713005712437
2026-06-23 16:00:00+00:00,7167.713005712437
2026-06-23 20:00:00+00:00,7167.713005712437
2026-06-24 00:00:00+00:00,7167.713005712437
2026-06-24 04:00:00+00:00,7167.713005712437
2026-06-24 08:00:00+00:00,7167.713005712437
2026-06-24 12:00:00+00:00,7167.713005712437
2026-06-24 16:00:00+00:00,7167.713005712437
2026-06-24 20:00:00+00:00,7167.713005712437
2026-06-25 00:00:00+00:00,7167.713005712437
2026-06-25 04:00:00+00:00,7167.713005712437
2026-06-25 08:00:00+00:00,7167.713005712437
2026-06-25 12:00:00+00:00,7167.713005712437
2026-06-25 16:00:00+00:00,7167.713005712437
2026-06-25 20:00:00+00:00,7167.713005712437
2026-06-26 00:00:00+00:00,7167.713005712437
2026-06-26 04:00:00+00:00,7167.713005712437
2026-06-26 08:00:00+00:00,7167.713005712437
2026-06-26 12:00:00+00:00,7167.713005712437
2026-06-26 16:00:00+00:00,7167.713005712437
2026-06-26 20:00:00+00:00,7167.713005712437
2026-06-27 00:00:00+00:00,7167.713005712437
2026-06-27 04:00:00+00:00,7167.713005712437
2026-06-27 08:00:00+00:00,7167.713005712437
2026-06-27 12:00:00+00:00,7167.713005712437
2026-06-27 16:00:00+00:00,7167.713005712437
2026-06-27 20:00:00+00:00,7167.713005712437
2026-06-28 00:00:00+00:00,7167.713005712437
2026-06-28 04:00:00+00:00,7167.713005712437
2026-06-28 08:00:00+00:00,7167.713005712437
2026-06-28 12:00:00+00:00,7167.713005712437
2026-06-28 16:00:00+00:00,7167.713005712437
2026-06-28 20:00:00+00:00,7167.713005712437
2026-06-29 00:00:00+00:00,7167.713005712437
2026-06-29 04:00:00+00:00,7167.713005712437
2026-06-29 08:00:00+00:00,7167.713005712437
2026-06-29 12:00:00+00:00,7167.713005712437
2026-06-29 16:00:00+00:00,7167.713005712437
2026-06-29 20:00:00+00:00,7167.713005712437
2026-06-30 00:00:00+00:00,7167.713005712437
2026-06-30 04:00:00+00:00,7167.713005712437
2026-06-30 08:00:00+00:00,7167.713005712437
2026-06-30 12:00:00+00:00,7167.713005712437
2026-06-30 16:00:00+00:00,7167.713005712437
2026-06-30 20:00:00+00:00,7167.713005712437
2026-07-01 00:00:00+00:00,7167.713005712437
2026-07-01 04:00:00+00:00,7167.713005712437
2026-07-01 08:00:00+00:00,7167.713005712437
2026-07-01 12:00:00+00:00,7167.713005712437
2026-07-01 16:00:00+00:00,7167.713005712437
2026-07-01 20:00:00+00:00,7167.713005712437
2026-07-02 00:00:00+00:00,7153.406193325787
2026-07-02 04:00:00+00:00,7091.239942319959
2026-07-02 08:00:00+00:00,7161.980848636935
2026-07-02 12:00:00+00:00,7138.400546531276
2026-07-02 16:00:00+00:00,7101.9582614588935
2026-07-02 20:00:00+00:00,7039.792010453068
2026-07-03 00:00:00+00:00,7112.67658059783
2026-07-03 04:00:00+00:00,7086.952614664385
2026-07-03 08:00:00+00:00,7157.693520981361
2026-07-03 12:00:00+00:00,7121.251235908979
2026-07-03 16:00:00+00:00,7187.704814570381
2026-07-03 20:00:00+00:00,7161.980848636935
2026-07-04 00:00:00+00:00,7202.710461364893
2026-07-04 04:00:00+00:00,7134.113218875702
2026-07-04 08:00:00+00:00,7108.3892529422565
2026-07-04 12:00:00+00:00,7206.997789020466
2026-07-04 16:00:00+00:00,7286.313350648591
2026-07-04 20:00:00+00:00,7198.423133709317
2026-07-05 00:00:00+00:00,7014.06804451962
2026-07-05 04:00:00+00:00,7067.6596402142995
2026-07-05 08:00:00+00:00,6962.6201126527285
2026-07-05 12:00:00+00:00,7078.377959353236
2026-07-05 16:00:00+00:00,7069.803304042087
2026-07-05 20:00:00+00:00,7138.400546531276
2026-07-06 00:00:00+00:00,7037.648346625279
2026-07-06 04:00:00+00:00,7005.493389208472
2026-07-06 08:00:00+00:00,7054.797657247576
2026-07-06 12:00:00+00:00,7204.854125192679
2026-07-06 16:00:00+00:00,7243.440074092848
2026-07-06 20:00:00+00:00,7140.544210359064
2026-07-07 00:00:00+00:00,7046.223001936428
2026-07-07 04:00:00+00:00,7093.383606147748
2026-07-07 08:00:00+00:00,7123.394899736766
2026-07-07 12:00:00+00:00,7224.147099642765
2026-07-07 16:00:00+00:00,7106.245589114469
2026-07-07 20:00:00+00:00,7026.9300274863435
2026-07-08 00:00:00+00:00,7012.876167431371
2026-07-08 04:00:00+00:00,7012.876167431371
2026-07-08 08:00:00+00:00,7012.876167431371
2026-07-08 12:00:00+00:00,7012.876167431371
2026-07-08 16:00:00+00:00,7012.876167431371
2026-07-08 20:00:00+00:00,7012.876167431371
2026-07-09 00:00:00+00:00,7012.876167431371
2026-07-09 04:00:00+00:00,7012.876167431371
2026-07-09 08:00:00+00:00,7012.876167431371
2026-07-09 12:00:00+00:00,7012.876167431371
2026-07-09 16:00:00+00:00,7012.876167431371
2026-07-09 20:00:00+00:00,7012.876167431371
2026-07-10 00:00:00+00:00,7012.876167431371
2026-07-10 04:00:00+00:00,7012.876167431371
2026-07-10 08:00:00+00:00,7012.876167431371
2026-07-10 12:00:00+00:00,7012.876167431371
2026-07-10 16:00:00+00:00,7012.876167431371
2026-07-10 20:00:00+00:00,7012.876167431371
2026-07-11 00:00:00+00:00,7012.876167431371
2026-07-11 04:00:00+00:00,7012.876167431371
2026-07-11 08:00:00+00:00,7012.876167431371
2026-07-11 12:00:00+00:00,7012.876167431371
2026-07-11 16:00:00+00:00,7012.876167431371
2026-07-11 20:00:00+00:00,7012.876167431371
2026-07-12 00:00:00+00:00,7012.876167431371
2026-07-12 04:00:00+00:00,7012.876167431371
2026-07-12 08:00:00+00:00,7012.876167431371
2026-07-12 12:00:00+00:00,7012.876167431371
2026-07-12 16:00:00+00:00,7012.876167431371
2026-07-12 20:00:00+00:00,7012.876167431371
2026-07-13 00:00:00+00:00,7012.876167431371
2026-07-13 04:00:00+00:00,7012.876167431371
2026-07-13 08:00:00+00:00,7012.876167431371
2026-07-13 12:00:00+00:00,7012.876167431371
2026-07-13 16:00:00+00:00,7012.876167431371
2026-07-13 20:00:00+00:00,7012.876167431371
2026-07-14 00:00:00+00:00,7012.876167431371
2026-07-14 04:00:00+00:00,7012.876167431371
2026-07-14 08:00:00+00:00,7012.876167431371
2026-07-14 12:00:00+00:00,7012.876167431371
2026-07-14 16:00:00+00:00,7012.876167431371
2026-07-14 20:00:00+00:00,7012.876167431371
2026-07-15 00:00:00+00:00,7012.876167431371
2026-07-15 04:00:00+00:00,7012.876167431371
2026-07-15 08:00:00+00:00,7012.876167431371
2026-07-15 12:00:00+00:00,7012.876167431371
2026-07-15 16:00:00+00:00,7012.876167431371
2026-07-15 20:00:00+00:00,6998.87841061015
2026-07-16 00:00:00+00:00,7058.304658413196
2026-07-16 04:00:00+00:00,7106.229051802748
2026-07-16 08:00:00+00:00,7177.1571540192845
2026-07-16 12:00:00+00:00,7365.020776106327
2026-07-16 16:00:00+00:00,7205.9117900530155
2026-07-16 20:00:00+00:00,6975.8747017831665
2026-07-17 00:00:00+00:00,7054.470706942031
2026-07-17 04:00:00+00:00,6981.625628989913
2026-07-17 08:00:00+00:00,7292.1756981542085
2026-07-17 12:00:00+00:00,7246.168280500238
2026-07-17 16:00:00+00:00,7196.326911375105
2026-07-17 20:00:00+00:00,7152.236469456717
2026-07-18 00:00:00+00:00,7248.08525623582
2026-07-18 04:00:00+00:00,7029.550022379463
2026-07-18 08:00:00+00:00,6637.539923868705
2026-07-18 12:00:00+00:00,6637.539923868705
2026-07-18 16:00:00+00:00,6637.539923868705
2026-07-18 20:00:00+00:00,6637.539923868705
2026-07-19 00:00:00+00:00,6637.539923868705
2026-07-19 04:00:00+00:00,6637.539923868705
2026-07-19 08:00:00+00:00,6637.539923868705
2026-07-19 12:00:00+00:00,6637.539923868705
2026-07-19 16:00:00+00:00,6637.539923868705
2026-07-19 20:00:00+00:00,6637.539923868705
2026-07-20 00:00:00+00:00,6637.539923868705
2026-07-20 04:00:00+00:00,6637.539923868705
2026-07-20 08:00:00+00:00,6637.539923868705
2026-07-20 12:00:00+00:00,6637.539923868705
2026-07-20 16:00:00+00:00,6637.539923868705
2026-07-20 20:00:00+00:00,6637.539923868705
2026-07-21 00:00:00+00:00,6637.539923868705
2026-07-21 04:00:00+00:00,6637.539923868705
2026-07-21 08:00:00+00:00,6637.539923868705
2026-07-21 12:00:00+00:00,6637.539923868705
2026-07-21 16:00:00+00:00,6637.539923868705
2026-07-21 20:00:00+00:00,6637.539923868705
2026-07-22 00:00:00+00:00,6637.539923868705
2026-07-22 04:00:00+00:00,6637.539923868705
2026-07-22 08:00:00+00:00,6637.539923868705
2026-07-22 12:00:00+00:00,6637.539923868705
2026-07-22 16:00:00+00:00,6637.539923868705
2026-07-22 20:00:00+00:00,6637.539923868705
2026-07-23 00:00:00+00:00,6637.539923868705
2026-07-23 04:00:00+00:00,6637.539923868705
2026-07-23 08:00:00+00:00,6637.539923868705
2026-07-23 12:00:00+00:00,6637.539923868705
2026-07-23 16:00:00+00:00,6637.539923868705
2026-07-23 20:00:00+00:00,6637.539923868705
2026-07-24 00:00:00+00:00,6637.539923868705
2026-07-24 04:00:00+00:00,6637.539923868705
2026-07-24 08:00:00+00:00,6637.539923868705
2026-07-24 12:00:00+00:00,6637.539923868705
2026-07-24 16:00:00+00:00,6637.539923868705
2026-07-24 20:00:00+00:00,6637.539923868705
2026-07-25 00:00:00+00:00,6637.539923868705
2026-07-25 04:00:00+00:00,6637.539923868705
2026-07-25 08:00:00+00:00,6637.539923868705
2026-07-25 12:00:00+00:00,6637.539923868705
2026-07-25 16:00:00+00:00,6637.539923868705
2026-07-25 20:00:00+00:00,6637.539923868705
2026-07-26 00:00:00+00:00,6637.539923868705
2026-07-26 04:00:00+00:00,6637.539923868705
2026-07-26 08:00:00+00:00,6637.539923868705
2026-07-26 12:00:00+00:00,6637.539923868705
2026-07-26 16:00:00+00:00,6637.539923868705
2026-07-26 20:00:00+00:00,6637.539923868705
2026-07-27 00:00:00+00:00,6637.539923868705
2026-07-27 04:00:00+00:00,6637.539923868705
2026-07-27 08:00:00+00:00,6637.539923868705
2026-07-27 12:00:00+00:00,6637.539923868705
2026-07-27 16:00:00+00:00,6637.539923868705
2026-07-27 20:00:00+00:00,6637.539923868705
2026-07-28 00:00:00+00:00,6637.539923868705
2026-07-28 04:00:00+00:00,6637.539923868705
2026-07-28 08:00:00+00:00,6637.539923868705
2026-07-28 12:00:00+00:00,6637.539923868705
2026-07-28 16:00:00+00:00,6637.539923868705
2026-07-28 20:00:00+00:00,6637.539923868705
2026-07-29 00:00:00+00:00,6637.539923868705
2026-07-29 04:00:00+00:00,6637.539923868705
2026-07-29 08:00:00+00:00,6637.539923868705
2026-07-29 12:00:00+00:00,6637.539923868705
2026-07-29 16:00:00+00:00,6637.539923868705
2026-07-29 20:00:00+00:00,6637.539923868705
2026-07-30 00:00:00+00:00,6637.539923868705
2026-07-30 04:00:00+00:00,6637.539923868705
2026-07-30 08:00:00+00:00,6637.539923868705
2026-07-30 12:00:00+00:00,6637.539923868705
2026-07-30 16:00:00+00:00,6637.539923868705
2026-07-30 20:00:00+00:00,6637.539923868705
2026-07-31 00:00:00+00:00,6637.539923868705
2026-07-31 04:00:00+00:00,6637.539923868705
2026-07-31 08:00:00+00:00,6637.539923868705
2026-07-31 12:00:00+00:00,6637.539923868705
2026-07-31 16:00:00+00:00,6637.539923868705
2026-07-31 20:00:00+00:00,6637.539923868705
2026-08-01 00:00:00+00:00,6637.539923868705
2026-08-01 04:00:00+00:00,6637.539923868705
2026-08-01 08:00:00+00:00,6637.539923868705
2026-08-01 12:00:00+00:00,6637.539923868705
2026-08-01 16:00:00+00:00,6637.539923868705
2026-08-01 20:00:00+00:00,6637.539923868705
2026-08-02 00:00:00+00:00,6637.539923868705
2026-08-02 04:00:00+00:00,6637.539923868705
2026-08-02 08:00:00+00:00,6637.539923868705
2026-08-02 12:00:00+00:00,6637.539923868705
2026-08-02 16:00:00+00:00,6637.539923868705
2026-08-02 20:00:00+00:00,6637.539923868705
2026-08-03 00:00:00+00:00,6637.539923868705
2026-08-03 04:00:00+00:00,6637.539923868705
2026-08-03 08:00:00+00:00,6637.539923868705
2026-08-03 12:00:00+00:00,6637.539923868705
2026-08-03 16:00:00+00:00,6637.539923868705
2026-08-03 20:00:00+00:00,6637.539923868705
2026-08-04 00:00:00+00:00,6637.539923868705
2026-08-04 04:00:00+00:00,6637.539923868705
2026-08-04 08:00:00+00:00,6637.539923868705
2026-08-04 12:00:00+00:00,6637.539923868705
2026-08-04 16:00:00+00:00,6637.539923868705
2026-08-04 20:00:00+00:00,6637.539923868705
2026-08-05 00:00:00+00:00,6637.539923868705
2026-08-05 04:00:00+00:00,6637.539923868705
2026-08-05 08:00:00+00:00,6637.539923868705
2026-08-05 12:00:00+00:00,6637.539923868705
2026-08-05 16:00:00+00:00,6637.539923868705
2026-08-05 20:00:00+00:00,6637.539923868705
2026-08-06 00:00:00+00:00,6637.539923868705
2026-08-06 04:00:00+00:00,6637.539923868705
2026-08-06 08:00:00+00:00,6637.539923868705
2026-08-06 12:00:00+00:00,6637.539923868705
2026-08-06 16:00:00+00:00,6637.539923868705
2026-08-06 20:00:00+00:00,6637.539923868705
2026-08-07 00:00:00+00:00,6637.539923868705
2026-08-07 04:00:00+00:00,6637.539923868705
2026-08-07 08:00:00+00:00,6637.539923868705
2026-08-07 12:00:00+00:00,6637.539923868705
2026-08-07 16:00:00+00:00,6637.539923868705
2026-08-07 20:00:00+00:00,6637.539923868705
2026-08-08 00:00:00+00:00,6637.539923868705
2026-08-08 04:00:00+00:00,6637.539923868705
2026-08-08 08:00:00+00:00,6637.539923868705
2026-08-08 12:00:00+00:00,6637.539923868705
2026-08-08 16:00:00+00:00,6637.539923868705
2026-08-08 20:00:00+00:00,6637.539923868705
2026-08-09 00:00:00+00:00,6637.539923868705
2026-08-09 04:00:00+00:00,6637.539923868705
2026-08-09 08:00:00+00:00,6637.539923868705
2026-08-09 12:00:00+00:00,6637.539923868705
2026-08-09 16:00:00+00:00,6637.539923868705
2026-08-09 20:00:00+00:00,6637.539923868705
2026-08-10 00:00:00+00:00,6637.539923868705
2026-08-10 04:00:00+00:00,6637.539923868705
2026-08-10 08:00:00+00:00,6637.539923868705
2026-08-10 12:00:00+00:00,6637.539923868705
2026-08-10 16:00:00+00:00,6637.539923868705
2026-08-10 20:00:00+00:00,6637.539923868705
2026-08-11 00:00:00+00:00,6637.539923868705
2026-08-11 04:00:00+00:00,6637.539923868705
2026-08-11 08:00:00+00:00,6637.539923868705
2026-08-11 12:00:00+00:00,6637.539923868705
2026-08-11 16:00:00+00:00,6637.539923868705
2026-08-11 20:00:00+00:00,6637.539923868705
2026-08-12 00:00:00+00:00,6637.539923868705
2026-08-12 04:00:00+00:00,6637.539923868705
2026-08-12 08:00:00+00:00,6637.539923868705
2026-08-12 12:00:00+00:00,6637.539923868705
2026-08-12 16:00:00+00:00,6637.539923868705
2026-08-12 20:00:00+00:00,6637.539923868705
2026-08-13 00:00:00+00:00,6637.539923868705
2026-08-13 04:00:00+00:00,6637.539923868705
2026-08-13 08:00:00+00:00,6637.539923868705
2026-08-13 12:00:00+00:00,6637.539923868705
2026-08-13 16:00:00+00:00,6637.539923868705
2026-08-13 20:00:00+00:00,6637.539923868705
2026-08-14 00:00:00+00:00,6637.539923868705
2026-08-14 04:00:00+00:00,6637.539923868705
2026-08-14 08:00:00+00:00,6637.539923868705
2026-08-14 12:00:00+00:00,6637.539923868705
2026-08-14 16:00:00+00:00,6637.539923868705
2026-08-14 20:00:00+00:00,6637.539923868705
2026-08-15 00:00:00+00:00,6637.539923868705
2026-08-15 04:00:00+00:00,6637.539923868705
2026-08-15 08:00:00+00:00,6637.539923868705
2026-08-15 12:00:00+00:00,6637.539923868705
2026-08-15 16:00:00+00:00,6637.539923868705
2026-08-15 20:00:00+00:00,6637.539923868705
2026-08-16 00:00:00+00:00,6637.539923868705
2026-08-16 04:00:00+00:00,6637.539923868705
2026-08-16 08:00:00+00:00,6637.539923868705
2026-08-16 12:00:00+00:00,6637.539923868705
2026-08-16 16:00:00+00:00,6637.539923868705
2026-08-16 20:00:00+00:00,6637.539923868705
2026-08-17 00:00:00+00:00,6637.539923868705
2026-08-17 04:00:00+00:00,6637.539923868705
2026-08-17 08:00:00+00:00,6637.539923868705
2026-08-17 12:00:00+00:00,6637.539923868705
2026-08-17 16:00:00+00:00,6637.539923868705
2026-08-17 20:00:00+00:00,6637.539923868705
2026-08-18 00:00:00+00:00,6637.539923868705
2026-08-18 04:00:00+00:00,6637.539923868705
2026-08-18 08:00:00+00:00,6637.539923868705
2026-08-18 12:00:00+00:00,6637.539923868705
2026-08-18 16:00:00+00:00,6637.539923868705
2026-08-18 20:00:00+00:00,6637.539923868705
2026-08-19 00:00:00+00:00,6637.539923868705
2026-08-19 04:00:00+00:00,6637.539923868705
2026-08-19 08:00:00+00:00,6637.539923868705
2026-08-19 12:00:00+00:00,6637.539923868705
2026-08-19 16:00:00+00:00,6637.539923868705
2026-08-19 20:00:00+00:00,6637.539923868705
2026-08-20 00:00:00+00:00,6637.539923868705
2026-08-20 04:00:00+00:00,6637.539923868705
2026-08-20 08:00:00+00:00,6637.539923868705
2026-08-20 12:00:00+00:00,6624.291341186333
2026-08-20 16:00:00+00:00,6446.159137053591
2026-08-20 20:00:00+00:00,6598.313728083641
2026-08-21 00:00:00+00:00,6754.17940669979
2026-08-21 04:00:00+00:00,6939.733786004729
2026-08-21 08:00:00+00:00,6906.33399772984
2026-08-21 12:00:00+00:00,7414.752997025374
2026-08-21 16:00:00+00:00,7034.366519450248
2026-08-21 20:00:00+00:00,7362.797770819991
2026-08-22 00:00:00+00:00,7780.295124256104
2026-08-22 04:00:00+00:00,6788.950971993112
2026-08-22 08:00:00+00:00,6788.950971993112
2026-08-22 12:00:00+00:00,6788.950971993112
2026-08-22 16:00:00+00:00,6788.950971993112
2026-08-22 20:00:00+00:00,6788.950971993112
2026-08-23 00:00:00+00:00,6788.950971993112
2026-08-23 04:00:00+00:00,6788.950971993112
2026-08-23 08:00:00+00:00,6788.950971993112
2026-08-23 12:00:00+00:00,6788.950971993112
2026-08-23 16:00:00+00:00,6788.950971993112
2026-08-23 20:00:00+00:00,6788.950971993112
2026-08-24 00:00:00+00:00,6788.950971993112
2026-08-24 04:00:00+00:00,6788.950971993112
2026-08-24 08:00:00+00:00,6788.950971993112
2026-08-24 12:00:00+00:00,6788.950971993112
2026-08-24 16:00:00+00:00,6788.950971993112
2026-08-24 20:00:00+00:00,6788.950971993112
2026-08-25 00:00:00+00:00,6788.950971993112
2026-08-25 04:00:00+00:00,6788.950971993112
2026-08-25 08:00:00+00:00,6788.950971993112
2026-08-25 12:00:00+00:00,6788.950971993112
2026-08-25 16:00:00+00:00,6788.950971993112
2026-08-25 20:00:00+00:00,6788.950971993112
2026-08-26 00:00:00+00:00,6788.950971993112
2026-08-26 04:00:00+00:00,6788.950971993112
2026-08-26 08:00:00+00:00,6788.950971993112
2026-08-26 12:00:00+00:00,6788.950971993112
2026-08-26 16:00:00+00:00,6788.950971993112
2026-08-26 20:00:00+00:00,6788.950971993112
2026-08-27 00:00:00+00:00,6788.950971993112
2026-08-27 04:00:00+00:00,6788.950971993112
2026-08-27 08:00:00+00:00,6788.950971993112
2026-08-27 12:00:00+00:00,6788.950971993112
2026-08-27 16:00:00+00:00,6788.950971993112
2026-08-27 20:00:00+00:00,6788.950971993112
2026-08-28 00:00:00+00:00,6788.950971993112
2026-08-28 04:00:00+00:00,6788.950971993112
2026-08-28 08:00:00+00:00,6788.950971993112
2026-08-28 12:00:00+00:00,6788.950971993112
2026-08-28 16:00:00+00:00,6788.950971993112
2026-08-28 20:00:00+00:00,6788.950971993112
2026-08-29 00:00:00+00:00,6788.950971993112
2026-08-29 04:00:00+00:00,6788.950971993112
2026-08-29 08:00:00+00:00,6788.950971993112
2026-08-29 12:00:00+00:00,6788.950971993112
2026-08-29 16:00:00+00:00,6788.950971993112
2026-08-29 20:00:00+00:00,6788.950971993112
2026-08-30 00:00:00+00:00,6788.950971993112
2026-08-30 04:00:00+00:00,6788.950971993112
2026-08-30 08:00:00+00:00,6788.950971993112
2026-08-30 12:00:00+00:00,6788.950971993112
2026-08-30 16:00:00+00:00,6788.950971993112
2026-08-30 20:00:00+00:00,6788.950971993112
2026-08-31 00:00:00+00:00,6788.950971993112
2026-08-31 04:00:00+00:00,6788.950971993112
2026-08-31 08:00:00+00:00,6788.950971993112
2026-08-31 12:00:00+00:00,6788.950971993112
2026-08-31 16:00:00+00:00,6788.950971993112
2026-08-31 20:00:00+00:00,6788.950971993112
2026-09-01 00:00:00+00:00,6788.950971993112
2026-09-01 04:00:00+00:00,6788.950971993112
2026-09-01 08:00:00+00:00,6788.950971993112
2026-09-01 12:00:00+00:00,6788.950971993112
2026-09-01 16:00:00+00:00,6788.950971993112
2026-09-01 20:00:00+00:00,6788.950971993112
2026-09-02 00:00:00+00:00,6788.950971993112
2026-09-02 04:00:00+00:00,6788.950971993112
2026-09-02 08:00:00+00:00,6788.950971993112
2026-09-02 12:00:00+00:00,6788.950971993112
2026-09-02 16:00:00+00:00,6788.950971993112
2026-09-02 20:00:00+00:00,6788.950971993112
2026-09-03 00:00:00+00:00,6788.950971993112
2026-09-03 04:00:00+00:00,6788.950971993112
2026-09-03 08:00:00+00:00,6788.950971993112
2026-09-03 12:00:00+00:00,6788.950971993112
2026-09-03 16:00:00+00:00,6788.950971993112
2026-09-03 20:00:00+00:00,6788.950971993112
2026-09-04 00:00:00+00:00,6788.950971993112
2026-09-04 04:00:00+00:00,6788.950971993112
2026-09-04 08:00:00+00:00,6788.950971993112
2026-09-04 12:00:00+00:00,6788.950971993112
2026-09-04 16:00:00+00:00,6788.950971993112
2026-09-04 20:00:00+00:00,6788.950971993112
2026-09-05 00:00:00+00:00,6788.950971993112
2026-09-05 04:00:00+00:00,6788.950971993112
2026-09-05 08:00:00+00:00,6788.950971993112
2026-09-05 12:00:00+00:00,6788.950971993112
2026-09-05 16:00:00+00:00,6788.950971993112
2026-09-05 20:00:00+00:00,6788.950971993112
2026-09-06 00:00:00+00:00,6788.950971993112
2026-09-06 04:00:00+00:00,6788.950971993112
2026-09-06 08:00:00+00:00,6788.950971993112
2026-09-06 12:00:00+00:00,6788.950971993112
2026-09-06 16:00:00+00:00,6788.950971993112
2026-09-06 20:00:00+00:00,6788.950971993112
2026-09-07 00:00:00+00:00,6788.950971993112
2026-09-07 04:00:00+00:00,6788.950971993112
2026-09-07 08:00:00+00:00,6788.950971993112
2026-09-07 12:00:00+00:00,6788.950971993112
2026-09-07 16:00:00+00:00,6788.950971993112
2026-09-07 20:00:00+00:00,6788.950971993112
2026-09-08 00:00:00+00:00,6788.950971993112
2026-09-08 04:00:00+00:00,6788.950971993112
2026-09-08 08:00:00+00:00,6788.950971993112
2026-09-08 12:00:00+00:00,6788.950971993112
2026-09-08 16:00:00+00:00,6788.950971993112
2026-09-08 20:00:00+00:00,6788.950971993112
2026-09-09 00:00:00+00:00,6788.950971993112
2026-09-09 04:00:00+00:00,6788.950971993112
2026-09-09 08:00:00+00:00,6788.950971993112
2026-09-09 12:00:00+00:00,6788.950971993112
2026-09-09 16:00:00+00:00,6788.950971993112
2026-09-09 20:00:00+00:00,6788.950971993112
2026-09-10 00:00:00+00:00,6788.950971993112
2026-09-10 04:00:00+00:00,6788.950971993112
2026-09-10 08:00:00+00:00,6788.950971993112
2026-09-10 12:00:00+00:00,6788.950971993112
2026-09-10 16:00:00+00:00,6788.950971993112
2026-09-10 20:00:00+00:00,6788.950971993112
2026-09-11 00:00:00+00:00,6788.950971993112
2026-09-11 04:00:00+00:00,6788.950971993112
2026-09-11 08:00:00+00:00,6788.950971993112
2026-09-11 12:00:00+00:00,6788.950971993112
2026-09-11 16:00:00+00:00,6788.950971993112
2026-09-11 20:00:00+00:00,6788.950971993112
2026-09-12 00:00:00+00:00,6788.950971993112
2026-09-12 04:00:00+00:00,6788.950971993112
2026-09-12 08:00:00+00:00,6788.950971993112
2026-09-12 12:00:00+00:00,6788.950971993112
2026-09-12 16:00:00+00:00,6788.950971993112
2026-09-12 20:00:00+00:00,6788.950971993112
2026-09-13 00:00:00+00:00,6788.950971993112
2026-09-13 04:00:00+00:00,6788.950971993112
2026-09-13 08:00:00+00:00,6788.950971993112
2026-09-13 12:00:00+00:00,6788.950971993112
2026-09-13 16:00:00+00:00,6788.950971993112
2026-09-13 20:00:00+00:00,6788.950971993112
2026-09-14 00:00:00+00:00,6788.950971993112
2026-09-14 04:00:00+00:00,6788.950971993112
2026-09-14 08:00:00+00:00,6788.950971993112
2026-09-14 12:00:00+00:00,6788.950971993112
2026-09-14 16:00:00+00:00,6788.950971993112
2026-09-14 20:00:00+00:00,6788.950971993112
2026-09-15 00:00:00+00:00,6788.950971993112
2026-09-15 04:00:00+00:00,6788.950971993112
2026-09-15 08:00:00+00:00,6788.950971993112
2026-09-15 12:00:00+00:00,6788.950971993112
2026-09-15 16:00:00+00:00,6788.950971993112
2026-09-15 20:00:00+00:00,6788.950971993112
2026-09-16 00:00:00+00:00,6788.950971993112
2026-09-16 04:00:00+00:00,6788.950971993112
2026-09-16 08:00:00+00:00,6788.950971993112
2026-09-16 12:00:00+00:00,6788.950971993112
2026-09-16 16:00:00+00:00,6788.950971993112
2026-09-16 20:00:00+00:00,6788.950971993112
2026-09-17 00:00:00+00:00,6788.950971993112
2026-09-17 04:00:00+00:00,6788.950971993112
2026-09-17 08:00:00+00:00,6788.950971993112
2026-09-17 12:00:00+00:00,6788.950971993112
2026-09-17 16:00:00+00:00,6788.950971993112
2026-09-17 20:00:00+00:00,6788.950971993112
2026-09-18 00:00:00+00:00,6775.400171649813
2026-09-18 04:00:00+00:00,6702.227940431172
2026-09-18 08:00:00+00:00,6813.728483240529
2026-09-18 12:00:00+00:00,6909.54926221732
2026-09-18 16:00:00+00:00,6939.1665939010545
2026-09-18 20:00:00+00:00,6946.13537782664
2026-09-19 00:00:00+00:00,7106.4174081150895
2026-09-19 04:00:00+00:00,6872.963146608
2026-09-19 08:00:00+00:00,7132.5503478360315
2026-09-19 12:00:00+00:00,7571.583735147876
2026-09-19 16:00:00+00:00,7400.848528971048
2026-09-19 20:00:00+00:00,7322.449709808218
2026-09-20 00:00:00+00:00,7082.026664375544
2026-09-20 04:00:00+00:00,7102.933016152298
2026-09-20 08:00:00+00:00,7202.238187091881
2026-09-20 12:00:00+00:00,7264.957242422143
2026-09-20 16:00:00+00:00,7453.114408412935
2026-09-20 20:00:00+00:00,7536.739815519951
2026-09-21 00:00:00+00:00,7498.411503929235
2026-09-21 04:00:00+00:00,7529.771031594366
2026-09-21 08:00:00+00:00,7867.757051985228
2026-09-21 12:00:00+00:00,7731.865765436324
2026-09-21 16:00:00+00:00,7742.318941324703
2026-09-21 20:00:00+00:00,7977.515398813188
2026-09-22 00:00:00+00:00,7662.177926180478
2026-09-22 04:00:00+00:00,7529.771031594366
2026-09-22 08:00:00+00:00,7484.473936078066
2026-09-22 12:00:00+00:00,7484.473936078066
2026-09-22 16:00:00+00:00,7611.654242719987
2026-09-22 20:00:00+00:00,7688.310865901421
2026-09-23 00:00:00+00:00,7737.0923533805135
2026-09-23 04:00:00+00:00,7578.55251907346
2026-09-23 08:00:00+00:00,7580.294715054855
2026-09-23 12:00:00+00:00,7160.425483538372
2026-09-23 16:00:00+00:00,7047.619040398388
2026-09-23 20:00:00+00:00,7047.619040398388
2026-09-24 00:00:00+00:00,7047.619040398388
2026-09-24 04:00:00+00:00,7047.619040398388
2026-09-24 08:00:00+00:00,7047.619040398388
2026-09-24 12:00:00+00:00,7047.619040398388
2026-09-24 16:00:00+00:00,7047.619040398388
2026-09-24 20:00:00+00:00,7047.619040398388
2026-09-25 00:00:00+00:00,7047.619040398388
