ts,equity
2023-09-24 00:00:00+00:00,10000.0
2023-09-24 04:00:00+00:00,10000.0
2023-09-24 08:00:00+00:00,10000.0
2023-09-24 12:00:00+00:00,10000.0
2023-09-24 16:00:00+00:00,10000.0
2023-09-24 20:00:00+00:00,10000.0
2023-09-25 00:00:00+00:00,10000.0
2023-09-25 04:00:00+00:00,10000.0
2023-09-25 08:00:00+00:00,10000.0
2023-09-25 12:00:00+00:00,10000.0
2023-09-25 16:00:00+00:00,10000.0
2023-09-25 20:00:00+00:00,10000.0
2023-09-26 00:00:00+00:00,10000.0
2023-09-26 04:00:00+00:00,10000.0
2023-09-26 08:00:00+00:00,10000.0
2023-09-26 12:00:00+00:00,10000.0
2023-09-26 16:00:00+00:00,10000.0
2023-09-26 20:00:00+00:00,10000.0
2023-09-27 00:00:00+00:00,10000.0
2023-09-27 04:00:00+00:00,10000.0
2023-09-27 08:00:00+00:00,9980.03992015968
2023-09-27 12:00:00+00:00,9730.43535077854
2023-09-27 16:00:00+00:00,9730.43535077854
2023-09-27 20:00:00+00:00,9730.43535077854
2023-09-28 00:00:00+00:00,9730.43535077854
2023-09-28 04:00:00+00:00,9730.43535077854
2023-09-28 08:00:00+00:00,9730.43535077854
2023-09-28 12:00:00+00:00,9730.43535077854
2023-09-28 16:00:00+00:00,9730.43535077854
2023-09-28 20:00:00+00:00,9730.43535077854
2023-09-29 00:00:00+00:00,9730.43535077854
2023-09-29 04:00:00+00:00,9730.43535077854
2023-09-29 08:00:00+00:00,9730.43535077854
2023-09-29 12:00:00+00:00,9730.43535077854
2023-09-29 16:00:00+00:00,9730.43535077854
2023-09-29 20:00:00+00:00,9730.43535077854
2023-09-30 00:00:00+00:00,9730.43535077854
2023-09-30 04:00:00+00:00,9730.43535077854
2023-09-30 08:00:00+00:00,9730.43535077854
2023-09-30 12:00:00+00:00,9730.43535077854
2023-09-30 16:00:00+00:00,9730.43535077854
2023-09-30 20:00:00+00:00,9730.43535077854
2023-10-01 00:00:00+00:00,9730.43535077854
2023-10-01 04:00:00+00:00,9730.43535077854
2023-10-01 08:00:00+00:00,9730.43535077854
2023-10-01 12:00:00+00:00,9730.43535077854
2023-10-01 16:00:00+00:00,9730.43535077854
2023-10-01 20:00:00+00:00,9730.43535077854
2023-10-02 00:00:00+00:00,9730.43535077854
2023-10-02 04:00:00+00:00,9730.43535077854
2023-10-02 08:00:00+00:00,9730.43535077854
2023-10-02 12:00:00+00:00,9730.43535077854
2023-10-02 16:00:00+00:00,9730.43535077854
2023-10-02 20:00:00+00:00,9730.43535077854
2023-10-03 00:00:00+00:00,9730.43535077854
2023-10-03 04:00:00+00:00,9730.43535077854
2023-10-03 08:00:00+00:00,9730.43535077854
2023-10-03 12:00:00+00:00,9730.43535077854
2023-10-03 16:00:00+00:00,9730.43535077854
2023-10-03 20:00:00+00:00,9730.43535077854
2023-10-04 00:00:00+00:00,9730.43535077854
2023-10-04 04:00:00+00:00,9730.43535077854
2023-10-04 08:00:00+00:00,9730.43535077854
2023-10-04 12:00:00+00:00,9730.43535077854
2023-10-04 16:00:00+00:00,9730.43535077854
2023-10-04 20:00:00+00:00,9730.43535077854
2023-10-05 00:00:00+00:00,9730.43535077854
2023-10-05 04:00:00+00:00,9730.43535077854
2023-10-05 08:00:00+00:00,9730.43535077854
2023-10-05 12:00:00+00:00,9730.43535077854
2023-10-05 16:00:00+00:00,9730.43535077854
2023-10-05 20:00:00+00:00,9730.43535077854
2023-10-06 00:00:00+00:00,9730.43535077854
2023-10-06 04:00:00+00:00,9730.43535077854
2023-10-06 08:00:00+00:00,9730.43535077854
2023-10-06 12:00:00+00:00,9730.43535077854
2023-10-06 16:00:00+00:00,9730.43535077854
2023-10-06 20:00:00+00:00,9730.43535077854
2023-10-07 00:00:00+00:00,9730.43535077854
2023-10-07 04:00:00+00:00,9730.43535077854
2023-10-07 08:00:00+00:00,9730.43535077854
2023-10-07 12:00:00+00:00,9730.43535077854
2023-10-07 16:00:00+00:00,9730.43535077854
2023-10-07 20:00:00+00:00,9730.43535077854
2023-10-08 00:00:00+00:00,9730.43535077854
2023-10-08 04:00:00+00:00,9730.43535077854
2023-10-08 08:00:00+00:00,9730.43535077854
2023-10-08 12:00:00+00:00,9730.43535077854
2023-10-08 16:00:00+00:00,9730.43535077854
2023-10-08 20:00:00+00:00,9730.43535077854
2023-10-09 00:00:00+00:00,9730.43535077854
2023-10-09 04:00:00+00:00,9730.43535077854
2023-10-09 08:00:00+00:00,9730.43535077854
2023-10-09 12:00:00+00:00,9730.43535077854
2023-10-09 16:00:00+00:00,9730.43535077854
2023-10-09 20:00:00+00:00,9730.43535077854
2023-10-10 00:00:00+00:00,9730.43535077854
2023-10-10 04:00:00+00:00,9730.43535077854
2023-10-10 08:00:00+00:00,9730.43535077854
2023-10-10 12:00:00+00:00,9730.43535077854
2023-10-10 16:00:00+00:00,9730.43535077854
2023-10-10 20:00:00+00:00,9730.43535077854
2023-10-11 00:00:00+00:00,9730.43535077854
2023-10-11 04:00:00+00:00,9730.43535077854
2023-10-11 08:00:00+00:00,9730.43535077854
2023-10-11 12:00:00+00:00,9730.43535077854
2023-10-11 16:00:00+00:00,9730.43535077854
2023-10-11 20:00:00+00:00,9730.43535077854
2023-10-12 00:00:00+00:00,9730.43535077854
2023-10-12 04:00:00+00:00,9730.43535077854
2023-10-12 08:00:00+00:00,9730.43535077854
2023-10-12 12:00:00+00:00,9730.43535077854
2023-10-12 16:00:00+00:00,9730.43535077854
2023-10-12 20:00:00+00:00,9730.43535077854
2023-10-13 00:00:00+00:00,9730.43535077854
2023-10-13 04:00:00+00:00,9730.43535077854
2023-10-13 08:00:00+00:00,9730.43535077854
2023-10-13 12:00:00+00:00,9730.43535077854
2023-10-13 16:00:00+00:00,9730.43535077854
2023-10-13 20:00:00+00:00,9730.43535077854
2023-10-14 00:00:00+00:00,9730.43535077854
2023-10-14 04:00:00+00:00,9730.43535077854
2023-10-14 08:00:00+00:00,9730.43535077854
2023-10-14 12:00:00+00:00,9730.43535077854
2023-10-14 16:00:00+00:00,9730.43535077854
2023-10-14 20:00:00+00:00,9730.43535077854
2023-10-15 00:00:00+00:00,9730.43535077854
2023-10-15 04:00:00+00:00,9730.43535077854
2023-10-15 08:00:00+00:00,9730.43535077854
2023-10-15 12:00:00+00:00,9730.43535077854
2023-10-15 16:00:00+00:00,9730.43535077854
2023-10-15 20:00:00+00:00,9730.43535077854
2023-10-16 00:00:00+00:00,9730.43535077854
2023-10-16 04:00:00+00:00,9730.43535077854
2023-10-16 08:00:00+00:00,9730.43535077854
2023-10-16 12:00:00+00:00,9730.43535077854
2023-10-16 16:00:00+00:00,9730.43535077854
2023-10-16 20:00:00+00:00,9730.43535077854
2023-10-17 00:00:00+00:00,9730.43535077854
2023-10-17 04:00:00+00:00,9730.43535077854
2023-10-17 08:00:00+00:00,9730.43535077854
2023-10-17 12:00:00+00:00,9730.43535077854
2023-10-17 16:00:00+00:00,9730.43535077854
2023-10-17 20:00:00+00:00,9730.43535077854
2023-10-18 00:00:00+00:00,9730.43535077854
2023-10-18 04:00:00+00:00,9730.43535077854
2023-10-18 08:00:00+00:00,9730.43535077854
2023-10-18 12:00:00+00:00,9730.43535077854
2023-10-18 16:00:00+00:00,9730.43535077854
2023-10-18 20:00:00+00:00,9730.43535077854
2023-10-19 00:00:00+00:00,9730.43535077854
2023-10-19 04:00:00+00:00,9730.43535077854
2023-10-19 08:00:00+00:00,9730.43535077854
2023-10-19 12:00:00+00:00,9730.43535077854
2023-10-19 16:00:00+00:00,9730.43535077854
2023-10-19 20:00:00+00:00,9730.43535077854
2023-10-20 00:00:00+00:00,9730.43535077854
2023-10-20 04:00:00+00:00,9730.43535077854
2023-10-20 08:00:00+00:00,9730.43535077854
2023-10-20 12:00:00+00:00,9730.43535077854
2023-10-20 16:00:00+00:00,9730.43535077854
2023-10-20 20:00:00+00:00,9730.43535077854
2023-10-21 00:00:00+00:00,9730.43535077854
2023-10-21 04:00:00+00:00,9730.43535077854
2023-10-21 08:00:00+00:00,9730.43535077854
2023-10-21 12:00:00+00:00,9711.013324130277
2023-10-21 16:00:00+00:00,9741.551101879117
2023-10-21 20:00:00+00:00,9680.475546381442
2023-10-22 00:00:00+00:00,9627.034435320975
2023-10-22 04:00:00+00:00,9479.55111789601
2023-10-22 08:00:00+00:00,9479.55111789601
2023-10-22 12:00:00+00:00,9479.55111789601
2023-10-22 16:00:00+00:00,9479.55111789601
2023-10-22 20:00:00+00:00,9479.55111789601
2023-10-23 00:00:00+00:00,9479.55111789601
2023-10-23 04:00:00+00:00,9479.55111789601
2023-10-23 08:00:00+00:00,9479.55111789601
2023-10-23 12:00:00+00:00,9479.55111789601
2023-10-23 16:00:00+00:00,9479.55111789601
2023-10-23 20:00:00+00:00,9479.55111789601
2023-10-24 00:00:00+00:00,9479.55111789601
2023-10-24 04:00:00+00:00,9479.55111789601
2023-10-24 08:00:00+00:00,9479.55111789601
2023-10-24 12:00:00+00:00,9479.55111789601
2023-10-24 16:00:00+00:00,9479.55111789601
2023-10-24 20:00:00+00:00,9479.55111789601
2023-10-25 00:00:00+00:00,9479.55111789601
2023-10-25 04:00:00+00:00,9479.55111789601
2023-10-25 08:00:00+00:00,9479.55111789601
2023-10-25 12:00:00+00:00,9479.55111789601
2023-10-25 16:00:00+00:00,9479.55111789601
2023-10-25 20:00:00+00:00,9479.55111789601
2023-10-26 00:00:00+00:00,9479.55111789601
2023-10-26 04:00:00+00:00,9479.55111789601
2023-10-26 08:00:00+00:00,9479.55111789601
2023-10-26 12:00:00+00:00,9479.55111789601
2023-10-26 16:00:00+00:00,9479.55111789601
2023-10-26 20:00:00+00:00,9479.55111789601
2023-10-27 00:00:00+00:00,9479.55111789601
2023-10-27 04:00:00+00:00,9479.55111789601
2023-10-27 08:00:00+00:00,9479.55111789601
2023-10-27 12:00:00+00:00,9479.55111789601
2023-10-27 16:00:00+00:00,9479.55111789601
2023-10-27 20:00:00+00:00,9479.55111789601
2023-10-28 00:00:00+00:00,9479.55111789601
2023-10-28 04:00:00+00:00,9479.55111789601
2023-10-28 08:00:00+00:00,9479.55111789601
2023-10-28 12:00:00+00:00,9479.55111789601
2023-10-28 16:00:00+00:00,9479.55111789601
2023-10-28 20:00:00+00:00,9479.55111789601
2023-10-29 00:00:00+00:00,9479.55111789601
2023-10-29 04:00:00+00:00,9479.55111789601
2023-10-29 08:00:00+00:00,9479.55111789601
2023-10-29 12:00:00+00:00,9479.55111789601
2023-10-29 16:00:00+00:00,9479.55111789601
2023-10-29 20:00:00+00:00,9479.55111789601
2023-10-30 00:00:00+00:00,9479.55111789601
2023-10-30 04:00:00+00:00,9479.55111789601
2023-10-30 08:00:00+00:00,9479.55111789601
2023-10-30 12:00:00+00:00,9479.55111789601
2023-10-30 16:00:00+00:00,9479.55111789601
2023-10-30 20:00:00+00:00,9479.55111789601
2023-10-31 00:00:00+00:00,9479.55111789601
2023-10-31 04:00:00+00:00,9479.55111789601
2023-10-31 08:00:00+00:00,9479.55111789601
2023-10-31 12:00:00+00:00,9479.55111789601
2023-10-31 16:00:00+00:00,9479.55111789601
2023-10-31 20:00:00+00:00,9479.55111789601
2023-11-01 00:00:00+00:00,9479.55111789601
2023-11-01 04:00:00+00:00,9479.55111789601
2023-11-01 08:00:00+00:00,9479.55111789601
2023-11-01 12:00:00+00:00,9479.55111789601
2023-11-01 16:00:00+00:00,9479.55111789601
2023-11-01 20:00:00+00:00,9479.55111789601
2023-11-02 00:00:00+00:00,9479.55111789601
2023-11-02 04:00:00+00:00,9479.55111789601
2023-11-02 08:00:00+00:00,9479.55111789601
2023-11-02 12:00:00+00:00,9479.55111789601
2023-11-02 16:00:00+00:00,9479.55111789601
2023-11-02 20:00:00+00:00,9479.55111789601
2023-11-03 00:00:00+00:00,9479.55111789601
2023-11-03 04:00:00+00:00,9479.55111789601
2023-11-03 08:00:00+00:00,9479.55111789601
2023-11-03 12:00:00+00:00,9479.55111789601
2023-11-03 16:00:00+00:00,9479.55111789601
2023-11-03 20:00:00+00:00,9479.55111789601
2023-11-04 00:00:00+00:00,9479.55111789601
2023-11-04 04:00:00+00:00,9479.55111789601
2023-11-04 08:00:00+00:00,9479.55111789601
2023-11-04 12:00:00+00:00,9479.55111789601
2023-11-04 16:00:00+00:00,9479.55111789601
2023-11-04 20:00:00+00:00,9479.55111789601
2023-11-05 00:00:00+00:00,9479.55111789601
2023-11-05 04:00:00+00:00,9479.55111789601
2023-11-05 08:00:00+00:00,9479.55111789601
2023-11-05 12:00:00+00:00,9479.55111789601
2023-11-05 16:00:00+00:00,9479.55111789601
2023-11-05 20:00:00+00:00,9479.55111789601
2023-11-06 00:00:00+00:00,9479.55111789601
2023-11-06 04:00:00+00:00,9479.55111789601
2023-11-06 08:00:00+00:00,9479.55111789601
2023-11-06 12:00:00+00:00,9479.55111789601
2023-11-06 16:00:00+00:00,9479.55111789601
2023-11-06 20:00:00+00:00,9479.55111789601
2023-11-07 00:00:00+00:00,9479.55111789601
2023-11-07 04:00:00+00:00,9479.55111789601
2023-11-07 08:00:00+00:00,9479.55111789601
2023-11-07 12:00:00+00:00,9479.55111789601
2023-11-07 16:00:00+00:00,9479.55111789601
2023-11-07 20:00:00+00:00,9479.55111789601
2023-11-08 00:00:00+00:00,9479.55111789601
2023-11-08 04:00:00+00:00,9479.55111789601
2023-11-08 08:00:00+00:00,9479.55111789601
2023-11-08 12:00:00+00:00,9479.55111789601
2023-11-08 16:00:00+00:00,9479.55111789601
2023-11-08 20:00:00+00:00,9479.55111789601
2023-11-09 00:00:00+00:00,9479.55111789601
2023-11-09 04:00:00+00:00,9479.55111789601
2023-11-09 08:00:00+00:00,9479.55111789601
2023-11-09 12:00:00+00:00,9479.55111789601
2023-11-09 16:00:00+00:00,9479.55111789601
2023-11-09 20:00:00+00:00,9479.55111789601
2023-11-10 00:00:00+00:00,9479.55111789601
2023-11-10 04:00:00+00:00,9479.55111789601
2023-11-10 08:00:00+00:00,9479.55111789601
2023-11-10 12:00:00+00:00,9479.55111789601
2023-11-10 16:00:00+00:00,9479.55111789601
2023-11-10 20:00:00+00:00,9479.55111789601
2023-11-11 00:00:00+00:00,9479.55111789601
2023-11-11 04:00:00+00:00,9479.55111789601
2023-11-11 08:00:00+00:00,9479.55111789601
2023-11-11 12:00:00+00:00,9479.55111789601
2023-11-11 16:00:00+00:00,9479.55111789601
2023-11-11 20:00:00+00:00,9479.55111789601
2023-11-12 00:00:00+00:00,9479.55111789601
2023-11-12 04:00:00+00:00,9479.55111789601
2023-11-12 08:00:00+00:00,9479.55111789601
2023-11-12 12:00:00+00:00,9479.55111789601
2023-11-12 16:00:00+00:00,9479.55111789601
2023-11-12 20:00:00+00:00,9479.55111789601
2023-11-13 00:00:00+00:00,9479.55111789601
2023-11-13 04:00:00+00:00,9479.55111789601
2023-11-13 08:00:00+00:00,9479.55111789601
2023-11-13 12:00:00+00:00,9479.55111789601
2023-11-13 16:00:00+00:00,9479.55111789601
2023-11-13 20:00:00+00:00,9479.55111789601
2023-11-14 00:00:00+00:00,9479.55111789601
2023-11-14 04:00:00+00:00,9479.55111789601
2023-11-14 08:00:00+00:00,9479.55111789601
2023-11-14 12:00:00+00:00,9479.55111789601
2023-11-14 16:00:00+00:00,9479.55111789601
2023-11-14 20:00:00+00:00,9479.55111789601
2023-11-15 00:00:00+00:00,9479.55111789601
2023-11-15 04:00:00+00:00,9479.55111789601
2023-11-15 08:00:00+00:00,9479.55111789601
2023-11-15 12:00:00+00:00,9479.55111789601
2023-11-15 16:00:00+00:00,9479.55111789601
2023-11-15 20:00:00+00:00,9479.55111789601
2023-11-16 00:00:00+00:00,9479.55111789601
2023-11-16 04:00:00+00:00,9479.55111789601
2023-11-16 08:00:00+00:00,9479.55111789601
2023-11-16 12:00:00+00:00,9479.55111789601
2023-11-16 16:00:00+00:00,9479.55111789601
2023-11-16 20:00:00+00:00,9479.55111789601
2023-11-17 00:00:00+00:00,9479.55111789601
2023-11-17 04:00:00+00:00,9479.55111789601
2023-11-17 08:00:00+00:00,9479.55111789601
2023-11-17 12:00:00+00:00,9479.55111789601
2023-11-17 16:00:00+00:00,9479.55111789601
2023-11-17 20:00:00+00:00,9479.55111789601
2023-11-18 00:00:00+00:00,9479.55111789601
2023-11-18 04:00:00+00:00,9479.55111789601
2023-11-18 08:00:00+00:00,9479.55111789601
2023-11-18 12:00:00+00:00,9479.55111789601
2023-11-18 16:00:00+00:00,9479.55111789601
2023-11-18 20:00:00+00:00,9479.55111789601
2023-11-19 00:00:00+00:00,9479.55111789601
2023-11-19 04:00:00+00:00,9479.55111789601
2023-11-19 08:00:00+00:00,9479.55111789601
2023-11-19 12:00:00+00:00,9479.55111789601
2023-11-19 16:00:00+00:00,9479.55111789601
2023-11-19 20:00:00+00:00,9479.55111789601
2023-11-20 00:00:00+00:00,9479.55111789601
2023-11-20 04:00:00+00:00,9479.55111789601
2023-11-20 08:00:00+00:00,9479.55111789601
2023-11-20 12:00:00+00:00,9479.55111789601
2023-11-20 16:00:00+00:00,9479.55111789601
2023-11-20 20:00:00+00:00,9479.55111789601
2023-11-21 00:00:00+00:00,9479.55111789601
2023-11-21 04:00:00+00:00,9479.55111789601
2023-11-21 08:00:00+00:00,9479.55111789601
2023-11-21 12:00:00+00:00,9479.55111789601
2023-11-21 16:00:00+00:00,9479.55111789601
2023-11-21 20:00:00+00:00,9479.55111789601
2023-11-22 00:00:00+00:00,9479.55111789601
2023-11-22 04:00:00+00:00,9479.55111789601
2023-11-22 08:00:00+00:00,9479.55111789601
2023-11-22 12:00:00+00:00,9479.55111789601
2023-11-22 16:00:00+00:00,9479.55111789601
2023-11-22 20:00:00+00:00,9479.55111789601
2023-11-23 00:00:00+00:00,9479.55111789601
2023-11-23 04:00:00+00:00,9479.55111789601
2023-11-23 08:00:00+00:00,9460.62985817965
2023-11-23 12:00:00+00:00,9289.84168240288
2023-11-23 16:00:00+00:00,9372.648070658284
2023-11-23 20:00:00+00:00,9445.10366038176
2023-11-24 00:00:00+00:00,9434.752861849836
2023-11-24 04:00:00+00:00,9533.085447903126
2023-11-24 08:00:00+00:00,9595.190239094678
2023-11-24 12:00:00+00:00,9615.891836158527
2023-11-24 16:00:00+00:00,9362.29727212636
2023-11-24 20:00:00+00:00,9237.238326496106
2023-11-25 00:00:00+00:00,9237.238326496106
2023-11-25 04:00:00+00:00,9237.238326496106
2023-11-25 08:00:00+00:00,9237.238326496106
2023-11-25 12:00:00+00:00,9237.238326496106
2023-11-25 16:00:00+00:00,9237.238326496106
2023-11-25 20:00:00+00:00,9237.238326496106
2023-11-26 00:00:00+00:00,9237.238326496106
2023-11-26 04:00:00+00:00,9237.238326496106
2023-11-26 08:00:00+00:00,9237.238326496106
2023-11-26 12:00:00+00:00,9237.238326496106
2023-11-26 16:00:00+00:00,9237.238326496106
2023-11-26 20:00:00+00:00,9237.238326496106
2023-11-27 00:00:00+00:00,9237.238326496106
2023-11-27 04:00:00+00:00,9237.238326496106
2023-11-27 08:00:00+00:00,9237.238326496106
2023-11-27 12:00:00+00:00,9237.238326496106
2023-11-27 16:00:00+00:00,9237.238326496106
2023-11-27 20:00:00+00:00,9237.238326496106
2023-11-28 00:00:00+00:00,9237.238326496106
2023-11-28 04:00:00+00:00,9237.238326496106
2023-11-28 08:00:00+00:00,9237.238326496106
2023-11-28 12:00:00+00:00,9237.238326496106
2023-11-28 16:00:00+00:00,9237.238326496106
2023-11-28 20:00:00+00:00,9237.238326496106
2023-11-29 00:00:00+00:00,9237.238326496106
2023-11-29 04:00:00+00:00,9237.238326496106
2023-11-29 08:00:00+00:00,9237.238326496106
2023-11-29 12:00:00+00:00,9237.238326496106
2023-11-29 16:00:00+00:00,9237.238326496106
2023-11-29 20:00:00+00:00,9237.238326496106
2023-11-30 00:00:00+00:00,9237.238326496106
2023-11-30 04:00:00+00:00,9237.238326496106
2023-11-30 08:00:00+00:00,9237.238326496106
2023-11-30 12:00:00+00:00,9237.238326496106
2023-11-30 16:00:00+00:00,9237.238326496106
2023-11-30 20:00:00+00:00,9237.238326496106
2023-12-01 00:00:00+00:00,9237.238326496106
2023-12-01 04:00:00+00:00,9237.238326496106
2023-12-01 08:00:00+00:00,9237.238326496106
2023-12-01 12:00:00+00:00,9237.238326496106
2023-12-01 16:00:00+00:00,9237.238326496106
2023-12-01 20:00:00+00:00,9237.238326496106
2023-12-02 00:00:00+00:00,9237.238326496106
2023-12-02 04:00:00+00:00,9237.238326496106
2023-12-02 08:00:00+00:00,9237.238326496106
2023-12-02 12:00:00+00:00,9237.238326496106
2023-12-02 16:00:00+00:00,9218.800725046014
2023-12-02 20:00:00+00:00,9287.518849716655
2023-12-03 00:00:00+00:00,9176.512648325619
2023-12-03 04:00:00+00:00,9202.942696275866
2023-12-03 08:00:00+00:00,9107.794523654979
2023-12-03 12:00:00+00:00,9013.215523428666
2023-12-03 16:00:00+00:00,9013.215523428666
2023-12-03 20:00:00+00:00,9013.215523428666
2023-12-04 00:00:00+00:00,9013.215523428666
2023-12-04 04:00:00+00:00,9013.215523428666
2023-12-04 08:00:00+00:00,9013.215523428666
2023-12-04 12:00:00+00:00,9013.215523428666
2023-12-04 16:00:00+00:00,9013.215523428666
2023-12-04 20:00:00+00:00,9013.215523428666
2023-12-05 00:00:00+00:00,9013.215523428666
2023-12-05 04:00:00+00:00,9013.215523428666
2023-12-05 08:00:00+00:00,9013.215523428666
2023-12-05 12:00:00+00:00,9013.215523428666
2023-12-05 16:00:00+00:00,9013.215523428666
2023-12-05 20:00:00+00:00,9013.215523428666
2023-12-06 00:00:00+00:00,8995.225073282103
2023-12-06 04:00:00+00:00,9076.40025724855
2023-12-06 08:00:00+00:00,8934.343685307265
2023-12-06 12:00:00+00:00,8832.874705349204
2023-12-06 16:00:00+00:00,8949.564032300976
2023-12-06 20:00:00+00:00,8690.81813340792
2023-12-07 00:00:00+00:00,8792.287113365983
2023-12-07 04:00:00+00:00,8929.270236309363
2023-12-07 08:00:00+00:00,8613.578127988809
2023-12-07 12:00:00+00:00,8613.578127988809
2023-12-07 16:00:00+00:00,8613.578127988809
2023-12-07 20:00:00+00:00,8613.578127988809
2023-12-08 00:00:00+00:00,8613.578127988809
2023-12-08 04:00:00+00:00,8613.578127988809
2023-12-08 08:00:00+00:00,8613.578127988809
2023-12-08 12:00:00+00:00,8613.578127988809
2023-12-08 16:00:00+00:00,8613.578127988809
2023-12-08 20:00:00+00:00,8613.578127988809
2023-12-09 00:00:00+00:00,8613.578127988809
2023-12-09 04:00:00+00:00,8613.578127988809
2023-12-09 08:00:00+00:00,8613.578127988809
2023-12-09 12:00:00+00:00,8613.578127988809
2023-12-09 16:00:00+00:00,8613.578127988809
2023-12-09 20:00:00+00:00,8613.578127988809
2023-12-10 00:00:00+00:00,8613.578127988809
2023-12-10 04:00:00+00:00,8613.578127988809
2023-12-10 08:00:00+00:00,8613.578127988809
2023-12-10 12:00:00+00:00,8613.578127988809
2023-12-10 16:00:00+00:00,8613.578127988809
2023-12-10 20:00:00+00:00,8613.578127988809
2023-12-11 00:00:00+00:00,8613.578127988809
2023-12-11 04:00:00+00:00,8613.578127988809
2023-12-11 08:00:00+00:00,8613.578127988809
2023-12-11 12:00:00+00:00,8613.578127988809
2023-12-11 16:00:00+00:00,8613.578127988809
2023-12-11 20:00:00+00:00,8613.578127988809
2023-12-12 00:00:00+00:00,8613.578127988809
2023-12-12 04:00:00+00:00,8613.578127988809
2023-12-12 08:00:00+00:00,8613.578127988809
2023-12-12 12:00:00+00:00,8613.578127988809
2023-12-12 16:00:00+00:00,8613.578127988809
2023-12-12 20:00:00+00:00,8613.578127988809
2023-12-13 00:00:00+00:00,8613.578127988809
2023-12-13 04:00:00+00:00,8613.578127988809
2023-12-13 08:00:00+00:00,8613.578127988809
2023-12-13 12:00:00+00:00,8613.578127988809
2023-12-13 16:00:00+00:00,8613.578127988809
2023-12-13 20:00:00+00:00,8613.578127988809
2023-12-14 00:00:00+00:00,8613.578127988809
2023-12-14 04:00:00+00:00,8613.578127988809
2023-12-14 08:00:00+00:00,8613.578127988809
2023-12-14 12:00:00+00:00,8613.578127988809
2023-12-14 16:00:00+00:00,8613.578127988809
2023-12-14 20:00:00+00:00,8613.578127988809
2023-12-15 00:00:00+00:00,8613.578127988809
2023-12-15 04:00:00+00:00,8613.578127988809
2023-12-15 08:00:00+00:00,8613.578127988809
2023-12-15 12:00:00+00:00,8613.578127988809
2023-12-15 16:00:00+00:00,8613.578127988809
2023-12-15 20:00:00+00:00,8613.578127988809
2023-12-16 00:00:00+00:00,8613.578127988809
2023-12-16 04:00:00+00:00,8613.578127988809
2023-12-16 08:00:00+00:00,8613.578127988809
2023-12-16 12:00:00+00:00,8613.578127988809
2023-12-16 16:00:00+00:00,8613.578127988809
2023-12-16 20:00:00+00:00,8613.578127988809
2023-12-17 00:00:00+00:00,8613.578127988809
2023-12-17 04:00:00+00:00,8613.578127988809
2023-12-17 08:00:00+00:00,8613.578127988809
2023-12-17 12:00:00+00:00,8613.578127988809
2023-12-17 16:00:00+00:00,8613.578127988809
2023-12-17 20:00:00+00:00,8613.578127988809
2023-12-18 00:00:00+00:00,8613.578127988809
2023-12-18 04:00:00+00:00,8613.578127988809
2023-12-18 08:00:00+00:00,8613.578127988809
2023-12-18 12:00:00+00:00,8613.578127988809
2023-12-18 16:00:00+00:00,8613.578127988809
2023-12-18 20:00:00+00:00,8613.578127988809
2023-12-19 00:00:00+00:00,8613.578127988809
2023-12-19 04:00:00+00:00,8613.578127988809
2023-12-19 08:00:00+00:00,8613.578127988809
2023-12-19 12:00:00+00:00,8613.578127988809
2023-12-19 16:00:00+00:00,8613.578127988809
2023-12-19 20:00:00+00:00,8613.578127988809
2023-12-20 00:00:00+00:00,8613.578127988809
2023-12-20 04:00:00+00:00,8613.578127988809
2023-12-20 08:00:00+00:00,8613.578127988809
2023-12-20 12:00:00+00:00,8613.578127988809
2023-12-20 16:00:00+00:00,8613.578127988809
2023-12-20 20:00:00+00:00,8613.578127988809
2023-12-21 00:00:00+00:00,8613.578127988809
2023-12-21 04:00:00+00:00,8596.385357274261
2023-12-21 08:00:00+00:00,8870.538319738664
2023-12-21 12:00:00+00:00,8983.203920751432
2023-12-21 16:00:00+00:00,9445.132884903785
2023-12-21 20:00:00+00:00,9467.666005106337
2023-12-22 00:00:00+00:00,9561.554005950313
2023-12-22 04:00:00+00:00,10387.768413377284
2023-12-22 08:00:00+00:00,11033.717859183826
2023-12-22 12:00:00+00:00,11356.692582087097
2023-12-22 16:00:00+00:00,12062.73034843378
2023-12-22 20:00:00+00:00,13001.610356873522
2023-12-23 00:00:00+00:00,12445.793391877194
2023-12-23 04:00:00+00:00,12151.075355691744
2023-12-23 08:00:00+00:00,12151.075355691744
2023-12-23 12:00:00+00:00,12151.075355691744
2023-12-23 16:00:00+00:00,12151.075355691744
2023-12-23 20:00:00+00:00,12151.075355691744
2023-12-24 00:00:00+00:00,12151.075355691744
2023-12-24 04:00:00+00:00,12151.075355691744
2023-12-24 08:00:00+00:00,12151.075355691744
2023-12-24 12:00:00+00:00,12151.075355691744
2023-12-24 16:00:00+00:00,12151.075355691744
2023-12-24 20:00:00+00:00,12151.075355691744
2023-12-25 00:00:00+00:00,12151.075355691744
2023-12-25 04:00:00+00:00,12151.075355691744
2023-12-25 08:00:00+00:00,12151.075355691744
2023-12-25 12:00:00+00:00,12151.075355691744
2023-12-25 16:00:00+00:00,12151.075355691744
2023-12-25 20:00:00+00:00,12151.075355691744
2023-12-26 00:00:00+00:00,12151.075355691744
2023-12-26 04:00:00+00:00,12151.075355691744
2023-12-26 08:00:00+00:00,12151.075355691744
2023-12-26 12:00:00+00:00,12151.075355691744
2023-12-26 16:00:00+00:00,12151.075355691744
2023-12-26 20:00:00+00:00,12151.075355691744
2023-12-27 00:00:00+00:00,12151.075355691744
2023-12-27 04:00:00+00:00,12151.075355691744
2023-12-27 08:00:00+00:00,12151.075355691744
2023-12-27 12:00:00+00:00,12151.075355691744
2023-12-27 16:00:00+00:00,12151.075355691744
2023-12-27 20:00:00+00:00,12151.075355691744
2023-12-28 00:00:00+00:00,12151.075355691744
2023-12-28 04:00:00+00:00,12151.075355691744
2023-12-28 08:00:00+00:00,12151.075355691744
2023-12-28 12:00:00+00:00,12151.075355691744
2023-12-28 16:00:00+00:00,12151.075355691744
2023-12-28 20:00:00+00:00,12151.075355691744
2023-12-29 00:00:00+00:00,12151.075355691744
2023-12-29 04:00:00+00:00,12151.075355691744
2023-12-29 08:00:00+00:00,12151.075355691744
2023-12-29 12:00:00+00:00,12151.075355691744
2023-12-29 16:00:00+00:00,12151.075355691744
2023-12-29 20:00:00+00:00,12151.075355691744
2023-12-30 00:00:00+00:00,12151.075355691744
2023-12-30 04:00:00+00:00,12151.075355691744
2023-12-30 08:00:00+00:00,12151.075355691744
2023-12-30 12:00:00+00:00,12151.075355691744
2023-12-30 16:00:00+00:00,12151.075355691744
2023-12-30 20:00:00+00:00,12151.075355691744
2023-12-31 00:00:00+00:00,12151.075355691744
2023-12-31 04:00:00+00:00,12151.075355691744
2023-12-31 08:00:00+00:00,12151.075355691744
2023-12-31 12:00:00+00:00,12151.075355691744
2023-12-31 16:00:00+00:00,12151.075355691744
2023-12-31 20:00:00+00:00,12151.075355691744
2024-01-01 00:00:00+00:00,12151.075355691744
2024-01-01 04:00:00+00:00,12151.075355691744
2024-01-01 08:00:00+00:00,12151.075355691744
2024-01-01 12:00:00+00:00,12151.075355691744
2024-01-01 16:00:00+00:00,12151.075355691744
2024-01-01 20:00:00+00:00,12151.075355691744
2024-01-02 00:00:00+00:00,12151.075355691744
2024-01-02 04:00:00+00:00,12151.075355691744
2024-01-02 08:00:00+00:00,12151.075355691744
2024-01-02 12:00:00+00:00,12151.075355691744
2024-01-02 16:00:00+00:00,12151.075355691744
2024-01-02 20:00:00+00:00,12151.075355691744
2024-01-03 00:00:00+00:00,12151.075355691744
2024-01-03 04:00:00+00:00,12151.075355691744
2024-01-03 08:00:00+00:00,12151.075355691744
2024-01-03 12:00:00+00:00,12151.075355691744
2024-01-03 16:00:00+00:00,12151.075355691744
2024-01-03 20:00:00+00:00,12151.075355691744
2024-01-04 00:00:00+00:00,12151.075355691744
2024-01-04 04:00:00+00:00,12151.075355691744
2024-01-04 08:00:00+00:00,12151.075355691744
2024-01-04 12:00:00+00:00,12151.075355691744
2024-01-04 16:00:00+00:00,12151.075355691744
2024-01-04 20:00:00+00:00,12151.075355691744
2024-01-05 00:00:00+00:00,12151.075355691744
2024-01-05 04:00:00+00:00,12151.075355691744
2024-01-05 08:00:00+00:00,12151.075355691744
2024-01-05 12:00:00+00:00,12151.075355691744
2024-01-05 16:00:00+00:00,12151.075355691744
2024-01-05 20:00:00+00:00,12151.075355691744
2024-01-06 00:00:00+00:00,12151.075355691744
2024-01-06 04:00:00+00:00,12151.075355691744
2024-01-06 08:00:00+00:00,12151.075355691744
2024-01-06 12:00:00+00:00,12151.075355691744
2024-01-06 16:00:00+00:00,12151.075355691744
2024-01-06 20:00:00+00:00,12151.075355691744
2024-01-07 00:00:00+00:00,12151.075355691744
2024-01-07 04:00:00+00:00,12151.075355691744
2024-01-07 08:00:00+00:00,12151.075355691744
2024-01-07 12:00:00+00:00,12151.075355691744
2024-01-07 16:00:00+00:00,12151.075355691744
2024-01-07 20:00:00+00:00,12151.075355691744
2024-01-08 00:00:00+00:00,12151.075355691744
2024-01-08 04:00:00+00:00,12151.075355691744
2024-01-08 08:00:00+00:00,12151.075355691744
2024-01-08 12:00:00+00:00,12151.075355691744
2024-01-08 16:00:00+00:00,12151.075355691744
2024-01-08 20:00:00+00:00,12151.075355691744
2024-01-09 00:00:00+00:00,12151.075355691744
2024-01-09 04:00:00+00:00,12151.075355691744
2024-01-09 08:00:00+00:00,12151.075355691744
2024-01-09 12:00:00+00:00,12151.075355691744
2024-01-09 16:00:00+00:00,12151.075355691744
2024-01-09 20:00:00+00:00,12151.075355691744
2024-01-10 00:00:00+00:00,12126.82171226721
2024-01-10 04:00:00+00:00,12219.523916749433
2024-01-10 08:00:00+00:00,12768.87031368113
2024-01-10 12:00:00+00:00,12799.771048508539
2024-01-10 16:00:00+00:00,13462.420139807396
2024-01-10 20:00:00+00:00,13500.187704596452
2024-01-11 00:00:00+00:00,13445.774943980367
2024-01-11 04:00:00+00:00,13445.774943980367
2024-01-11 08:00:00+00:00,13445.774943980367
2024-01-11 12:00:00+00:00,13445.774943980367
2024-01-11 16:00:00+00:00,13445.774943980367
2024-01-11 20:00:00+00:00,13445.774943980367
2024-01-12 00:00:00+00:00,13418.937069840684
2024-01-12 04:00:00+00:00,13605.062630692035
2024-01-12 08:00:00+00:00,14363.882224932158
2024-01-12 12:00:00+00:00,14653.808579335226
2024-01-12 16:00:00+00:00,14192.074014915526
2024-01-12 20:00:00+00:00,14005.948454064177
2024-01-13 00:00:00+00:00,13378.476886419
2024-01-13 04:00:00+00:00,13378.476886419
2024-01-13 08:00:00+00:00,13378.476886419
2024-01-13 12:00:00+00:00,13378.476886419
2024-01-13 16:00:00+00:00,13378.476886419
2024-01-13 20:00:00+00:00,13378.476886419
2024-01-14 00:00:00+00:00,13378.476886419
2024-01-14 04:00:00+00:00,13378.476886419
2024-01-14 08:00:00+00:00,13378.476886419
2024-01-14 12:00:00+00:00,13378.476886419
2024-01-14 16:00:00+00:00,13378.476886419
2024-01-14 20:00:00+00:00,13378.476886419
2024-01-15 00:00:00+00:00,13378.476886419
2024-01-15 04:00:00+00:00,13378.476886419
2024-01-15 08:00:00+00:00,13378.476886419
2024-01-15 12:00:00+00:00,13378.476886419
2024-01-15 16:00:00+00:00,13378.476886419
2024-01-15 20:00:00+00:00,13378.476886419
2024-01-16 00:00:00+00:00,13378.476886419
2024-01-16 04:00:00+00:00,13378.476886419
2024-01-16 08:00:00+00:00,13378.476886419
2024-01-16 12:00:00+00:00,13378.476886419
2024-01-16 16:00:00+00:00,13378.476886419
2024-01-16 20:00:00+00:00,13378.476886419
2024-01-17 00:00:00+00:00,13378.476886419
2024-01-17 04:00:00+00:00,13378.476886419
2024-01-17 08:00:00+00:00,13378.476886419
2024-01-17 12:00:00+00:00,13378.476886419
2024-01-17 16:00:00+00:00,13378.476886419
2024-01-17 20:00:00+00:00,13378.476886419
2024-01-18 00:00:00+00:00,13378.476886419
2024-01-18 04:00:00+00:00,13378.476886419
2024-01-18 08:00:00+00:00,13378.476886419
2024-01-18 12:00:00+00:00,13378.476886419
2024-01-18 16:00:00+00:00,13378.476886419
2024-01-18 20:00:00+00:00,13378.476886419
2024-01-19 00:00:00+00:00,13378.476886419
2024-01-19 04:00:00+00:00,13378.476886419
2024-01-19 08:00:00+00:00,13378.476886419
2024-01-19 12:00:00+00:00,13378.476886419
2024-01-19 16:00:00+00:00,13378.476886419
2024-01-19 20:00:00+00:00,13378.476886419
2024-01-20 00:00:00+00:00,13378.476886419
2024-01-20 04:00:00+00:00,13378.476886419
2024-01-20 08:00:00+00:00,13378.476886419
2024-01-20 12:00:00+00:00,13378.476886419
2024-01-20 16:00:00+00:00,13378.476886419
2024-01-20 20:00:00+00:00,13378.476886419
2024-01-21 00:00:00+00:00,13378.476886419
2024-01-21 04:00:00+00:00,13378.476886419
2024-01-21 08:00:00+00:00,13378.476886419
2024-01-21 12:00:00+00:00,13378.476886419
2024-01-21 16:00:00+00:00,13378.476886419
2024-01-21 20:00:00+00:00,13378.476886419
2024-01-22 00:00:00+00:00,13378.476886419
2024-01-22 04:00:00+00:00,13378.476886419
2024-01-22 08:00:00+00:00,13378.476886419
2024-01-22 12:00:00+00:00,13378.476886419
2024-01-22 16:00:00+00:00,13378.476886419
2024-01-22 20:00:00+00:00,13378.476886419
2024-01-23 00:00:00+00:00,13378.476886419
2024-01-23 04:00:00+00:00,13378.476886419
2024-01-23 08:00:00+00:00,13378.476886419
2024-01-23 12:00:00+00:00,13378.476886419
2024-01-23 16:00:00+00:00,13378.476886419
2024-01-23 20:00:00+00:00,13378.476886419
2024-01-24 00:00:00+00:00,13378.476886419
2024-01-24 04:00:00+00:00,13378.476886419
2024-01-24 08:00:00+00:00,13378.476886419
2024-01-24 12:00:00+00:00,13378.476886419
2024-01-24 16:00:00+00:00,13378.476886419
2024-01-24 20:00:00+00:00,13378.476886419
2024-01-25 00:00:00+00:00,13378.476886419
2024-01-25 04:00:00+00:00,13378.476886419
2024-01-25 08:00:00+00:00,13378.476886419
2024-01-25 12:00:00+00:00,13378.476886419
2024-01-25 16:00:00+00:00,13378.476886419
2024-01-25 20:00:00+00:00,13378.476886419
2024-01-26 00:00:00+00:00,13378.476886419
2024-01-26 04:00:00+00:00,13378.476886419
2024-01-26 08:00:00+00:00,13351.77333973952
2024-01-26 12:00:00+00:00,13126.552465453657
2024-01-26 16:00:00+00:00,13143.550267286551
2024-01-26 20:00:00+00:00,13041.563456289176
2024-01-27 00:00:00+00:00,13164.797519577669
2024-01-27 04:00:00+00:00,12939.576645291801
2024-01-27 08:00:00+00:00,12909.830492084235
2024-01-27 12:00:00+00:00,13058.561258122072
2024-01-27 16:00:00+00:00,13067.060159038521
2024-01-27 20:00:00+00:00,13037.314005830953
2024-01-28 00:00:00+00:00,13356.022790197745
2024-01-28 04:00:00+00:00,13313.528285615508
2024-01-28 08:00:00+00:00,13300.779934240836
2024-01-28 12:00:00+00:00,13109.55466362076
2024-01-28 16:00:00+00:00,12811.604296636035
2024-01-28 20:00:00+00:00,12811.604296636035
2024-01-29 00:00:00+00:00,12811.604296636035
2024-01-29 04:00:00+00:00,12811.604296636035
2024-01-29 08:00:00+00:00,12811.604296636035
2024-01-29 12:00:00+00:00,12811.604296636035
2024-01-29 16:00:00+00:00,12811.604296636035
2024-01-29 20:00:00+00:00,12811.604296636035
2024-01-30 00:00:00+00:00,12811.604296636035
2024-01-30 04:00:00+00:00,12811.604296636035
2024-01-30 08:00:00+00:00,12811.604296636035
2024-01-30 12:00:00+00:00,12811.604296636035
2024-01-30 16:00:00+00:00,12811.604296636035
2024-01-30 20:00:00+00:00,12811.604296636035
2024-01-31 00:00:00+00:00,12811.604296636035
2024-01-31 04:00:00+00:00,12811.604296636035
2024-01-31 08:00:00+00:00,12811.604296636035
2024-01-31 12:00:00+00:00,12811.604296636035
2024-01-31 16:00:00+00:00,12811.604296636035
2024-01-31 20:00:00+00:00,12811.604296636035
2024-02-01 00:00:00+00:00,12811.604296636035
2024-02-01 04:00:00+00:00,12811.604296636035
2024-02-01 08:00:00+00:00,12811.604296636035
2024-02-01 12:00:00+00:00,12811.604296636035
2024-02-01 16:00:00+00:00,12811.604296636035
2024-02-01 20:00:00+00:00,12811.604296636035
2024-02-02 00:00:00+00:00,12811.604296636035
2024-02-02 04:00:00+00:00,12811.604296636035
2024-02-02 08:00:00+00:00,12811.604296636035
2024-02-02 12:00:00+00:00,12811.604296636035
2024-02-02 16:00:00+00:00,12811.604296636035
2024-02-02 20:00:00+00:00,12811.604296636035
2024-02-03 00:00:00+00:00,12811.604296636035
2024-02-03 04:00:00+00:00,12811.604296636035
2024-02-03 08:00:00+00:00,12811.604296636035
2024-02-03 12:00:00+00:00,12811.604296636035
2024-02-03 16:00:00+00:00,12811.604296636035
2024-02-03 20:00:00+00:00,12811.604296636035
2024-02-04 00:00:00+00:00,12811.604296636035
2024-02-04 04:00:00+00:00,12811.604296636035
2024-02-04 08:00:00+00:00,12811.604296636035
2024-02-04 12:00:00+00:00,12811.604296636035
2024-02-04 16:00:00+00:00,12811.604296636035
2024-02-04 20:00:00+00:00,12811.604296636035
2024-02-05 00:00:00+00:00,12811.604296636035
2024-02-05 04:00:00+00:00,12811.604296636035
2024-02-05 08:00:00+00:00,12786.032232171692
2024-02-05 12:00:00+00:00,12702.6813049737
2024-02-05 16:00:00+00:00,12856.880520289982
2024-02-05 20:00:00+00:00,12906.891076608777
2024-02-06 00:00:00+00:00,13336.148351678426
2024-02-06 04:00:00+00:00,13619.541504151592
2024-02-06 08:00:00+00:00,13315.310619878926
2024-02-06 12:00:00+00:00,13373.656268917523
2024-02-06 16:00:00+00:00,13573.698494192697
2024-02-06 20:00:00+00:00,13857.091646665864
2024-02-07 00:00:00+00:00,13619.541504151592
2024-02-07 04:00:00+00:00,13337.422991112799
2024-02-07 08:00:00+00:00,13337.422991112799
2024-02-07 12:00:00+00:00,13337.422991112799
2024-02-07 16:00:00+00:00,13337.422991112799
2024-02-07 20:00:00+00:00,13337.422991112799
2024-02-08 00:00:00+00:00,13337.422991112799
2024-02-08 04:00:00+00:00,13337.422991112799
2024-02-08 08:00:00+00:00,13337.422991112799
2024-02-08 12:00:00+00:00,13337.422991112799
2024-02-08 16:00:00+00:00,13337.422991112799
2024-02-08 20:00:00+00:00,13337.422991112799
2024-02-09 00:00:00+00:00,13337.422991112799
2024-02-09 04:00:00+00:00,13337.422991112799
2024-02-09 08:00:00+00:00,13337.422991112799
2024-02-09 12:00:00+00:00,13337.422991112799
2024-02-09 16:00:00+00:00,13337.422991112799
2024-02-09 20:00:00+00:00,13337.422991112799
2024-02-10 00:00:00+00:00,13337.422991112799
2024-02-10 04:00:00+00:00,13337.422991112799
2024-02-10 08:00:00+00:00,13337.422991112799
2024-02-10 12:00:00+00:00,13337.422991112799
2024-02-10 16:00:00+00:00,13337.422991112799
2024-02-10 20:00:00+00:00,13337.422991112799
2024-02-11 00:00:00+00:00,13337.422991112799
2024-02-11 04:00:00+00:00,13337.422991112799
2024-02-11 08:00:00+00:00,13337.422991112799
2024-02-11 12:00:00+00:00,13337.422991112799
2024-02-11 16:00:00+00:00,13337.422991112799
2024-02-11 20:00:00+00:00,13337.422991112799
2024-02-12 00:00:00+00:00,13337.422991112799
2024-02-12 04:00:00+00:00,13337.422991112799
2024-02-12 08:00:00+00:00,13337.422991112799
2024-02-12 12:00:00+00:00,13337.422991112799
2024-02-12 16:00:00+00:00,13337.422991112799
2024-02-12 20:00:00+00:00,13337.422991112799
2024-02-13 00:00:00+00:00,13337.422991112799
2024-02-13 04:00:00+00:00,13337.422991112799
2024-02-13 08:00:00+00:00,13337.422991112799
2024-02-13 12:00:00+00:00,13337.422991112799
2024-02-13 16:00:00+00:00,13337.422991112799
2024-02-13 20:00:00+00:00,13337.422991112799
2024-02-14 00:00:00+00:00,13310.801388336127
2024-02-14 04:00:00+00:00,13450.726254682517
2024-02-14 08:00:00+00:00,13777.21760949076
2024-02-14 12:00:00+00:00,13633.704926058565
2024-02-14 16:00:00+00:00,13533.246047656028
2024-02-14 20:00:00+00:00,13705.46126777466
2024-02-15 00:00:00+00:00,14100.1211472132
2024-02-15 04:00:00+00:00,13834.622682863637
2024-02-15 08:00:00+00:00,13863.325219550077
2024-02-15 12:00:00+00:00,13924.31811000876
2024-02-15 16:00:00+00:00,14035.540439668712
2024-02-15 20:00:00+00:00,13841.798317035249
2024-02-16 00:00:00+00:00,13823.859231606226
2024-02-16 04:00:00+00:00,13551.05202253491
2024-02-16 08:00:00+00:00,13551.05202253491
2024-02-16 12:00:00+00:00,13551.05202253491
2024-02-16 16:00:00+00:00,13551.05202253491
2024-02-16 20:00:00+00:00,13551.05202253491
2024-02-17 00:00:00+00:00,13551.05202253491
2024-02-17 04:00:00+00:00,13551.05202253491
2024-02-17 08:00:00+00:00,13551.05202253491
2024-02-17 12:00:00+00:00,13551.05202253491
2024-02-17 16:00:00+00:00,13551.05202253491
2024-02-17 20:00:00+00:00,13551.05202253491
2024-02-18 00:00:00+00:00,13551.05202253491
2024-02-18 04:00:00+00:00,13551.05202253491
2024-02-18 08:00:00+00:00,13551.05202253491
2024-02-18 12:00:00+00:00,13551.05202253491
2024-02-18 16:00:00+00:00,13551.05202253491
2024-02-18 20:00:00+00:00,13551.05202253491
2024-02-19 00:00:00+00:00,13551.05202253491
2024-02-19 04:00:00+00:00,13551.05202253491
2024-02-19 08:00:00+00:00,13551.05202253491
2024-02-19 12:00:00+00:00,13551.05202253491
2024-02-19 16:00:00+00:00,13551.05202253491
2024-02-19 20:00:00+00:00,13551.05202253491
2024-02-20 00:00:00+00:00,13524.004014505897
2024-02-20 04:00:00+00:00,13584.761960659864
2024-02-20 08:00:00+00:00,13684.833871972274
2024-02-20 12:00:00+00:00,14213.785403195021
2024-02-20 16:00:00+00:00,14639.09102627277
2024-02-20 20:00:00+00:00,14531.871121295186
2024-02-21 00:00:00+00:00,13960.64635553661
2024-02-21 04:00:00+00:00,13960.64635553661
2024-02-21 08:00:00+00:00,13960.64635553661
2024-02-21 12:00:00+00:00,13960.64635553661
2024-02-21 16:00:00+00:00,13960.64635553661
2024-02-21 20:00:00+00:00,13960.64635553661
2024-02-22 00:00:00+00:00,13932.780793948714
2024-02-22 04:00:00+00:00,14329.027268316162
2024-02-22 08:00:00+00:00,14242.230421549957
2024-02-22 12:00:00+00:00,13951.649673680495
2024-02-22 16:00:00+00:00,13808.246187718942
2024-02-22 20:00:00+00:00,13736.544444738169
2024-02-23 00:00:00+00:00,13641.279244748339
2024-02-23 04:00:00+00:00,13641.279244748339
2024-02-23 08:00:00+00:00,13641.279244748339
2024-02-23 12:00:00+00:00,13641.279244748339
2024-02-23 16:00:00+00:00,13641.279244748339
2024-02-23 20:00:00+00:00,13641.279244748339
2024-02-24 00:00:00+00:00,13614.051142463413
2024-02-24 04:00:00+00:00,13921.867410424089
2024-02-24 08:00:00+00:00,14034.863255624843
2024-02-24 12:00:00+00:00,14007.588396438457
2024-02-24 16:00:00+00:00,14408.918467323896
2024-02-24 20:00:00+00:00,14295.92262212314
2024-02-25 00:00:00+00:00,14389.436425047903
2024-02-25 04:00:00+00:00,14475.15741106227
2024-02-25 08:00:00+00:00,14432.296918055088
2024-02-25 12:00:00+00:00,14475.15741106227
2024-02-25 16:00:00+00:00,14911.555158044499
2024-02-25 20:00:00+00:00,15121.961214625213
2024-02-26 00:00:00+00:00,14845.316214306124
2024-02-26 04:00:00+00:00,14669.977833822195
2024-02-26 08:00:00+00:00,14480.142012939077
2024-02-26 12:00:00+00:00,14480.142012939077
2024-02-26 16:00:00+00:00,14480.142012939077
2024-02-26 20:00:00+00:00,14480.142012939077
2024-02-27 00:00:00+00:00,14480.142012939077
2024-02-27 04:00:00+00:00,14480.142012939077
2024-02-27 08:00:00+00:00,14480.142012939077
2024-02-27 12:00:00+00:00,14480.142012939077
2024-02-27 16:00:00+00:00,14480.142012939077
2024-02-27 20:00:00+00:00,14480.142012939077
2024-02-28 00:00:00+00:00,14480.142012939077
2024-02-28 04:00:00+00:00,14480.142012939077
2024-02-28 08:00:00+00:00,14480.142012939077
2024-02-28 12:00:00+00:00,14480.142012939077
2024-02-28 16:00:00+00:00,14480.142012939077
2024-02-28 20:00:00+00:00,14480.142012939077
2024-02-29 00:00:00+00:00,14480.142012939077
2024-02-29 04:00:00+00:00,14480.142012939077
2024-02-29 08:00:00+00:00,14480.142012939077
2024-02-29 12:00:00+00:00,14480.142012939077
2024-02-29 16:00:00+00:00,14480.142012939077
2024-02-29 20:00:00+00:00,14480.142012939077
2024-03-01 00:00:00+00:00,14480.142012939077
2024-03-01 04:00:00+00:00,14480.142012939077
2024-03-01 08:00:00+00:00,14480.142012939077
2024-03-01 12:00:00+00:00,14480.142012939077
2024-03-01 16:00:00+00:00,14480.142012939077
2024-03-01 20:00:00+00:00,14480.142012939077
2024-03-02 00:00:00+00:00,14480.142012939077
2024-03-02 04:00:00+00:00,14480.142012939077
2024-03-02 08:00:00+00:00,14480.142012939077
2024-03-02 12:00:00+00:00,14480.142012939077
2024-03-02 16:00:00+00:00,14480.142012939077
2024-03-02 20:00:00+00:00,14480.142012939077
2024-03-03 00:00:00+00:00,14480.142012939077
2024-03-03 04:00:00+00:00,14480.142012939077
2024-03-03 08:00:00+00:00,14480.142012939077
2024-03-03 12:00:00+00:00,14480.142012939077
2024-03-03 16:00:00+00:00,14480.142012939077
2024-03-03 20:00:00+00:00,14480.142012939077
2024-03-04 00:00:00+00:00,14480.142012939077
2024-03-04 04:00:00+00:00,14480.142012939077
2024-03-04 08:00:00+00:00,14480.142012939077
2024-03-04 12:00:00+00:00,14480.142012939077
2024-03-04 16:00:00+00:00,14480.142012939077
2024-03-04 20:00:00+00:00,14480.142012939077
2024-03-05 00:00:00+00:00,14480.142012939077
2024-03-05 04:00:00+00:00,14480.142012939077
2024-03-05 08:00:00+00:00,14480.142012939077
2024-03-05 12:00:00+00:00,14480.142012939077
2024-03-05 16:00:00+00:00,14480.142012939077
2024-03-05 20:00:00+00:00,14480.142012939077
2024-03-06 00:00:00+00:00,14480.142012939077
2024-03-06 04:00:00+00:00,14480.142012939077
2024-03-06 08:00:00+00:00,14480.142012939077
2024-03-06 12:00:00+00:00,14480.142012939077
2024-03-06 16:00:00+00:00,14480.142012939077
2024-03-06 20:00:00+00:00,14480.142012939077
2024-03-07 00:00:00+00:00,14480.142012939077
2024-03-07 04:00:00+00:00,14480.142012939077
2024-03-07 08:00:00+00:00,14480.142012939077
2024-03-07 12:00:00+00:00,14480.142012939077
2024-03-07 16:00:00+00:00,14480.142012939077
2024-03-07 20:00:00+00:00,14480.142012939077
2024-03-08 00:00:00+00:00,14480.142012939077
2024-03-08 04:00:00+00:00,14480.142012939077
2024-03-08 08:00:00+00:00,14480.142012939077
2024-03-08 12:00:00+00:00,14480.142012939077
2024-03-08 16:00:00+00:00,14480.142012939077
2024-03-08 20:00:00+00:00,14480.142012939077
2024-03-09 00:00:00+00:00,14480.142012939077
2024-03-09 04:00:00+00:00,14480.142012939077
2024-03-09 08:00:00+00:00,14480.142012939077
2024-03-09 12:00:00+00:00,14480.142012939077
2024-03-09 16:00:00+00:00,14480.142012939077
2024-03-09 20:00:00+00:00,14480.142012939077
2024-03-10 00:00:00+00:00,14480.142012939077
2024-03-10 04:00:00+00:00,14480.142012939077
2024-03-10 08:00:00+00:00,14480.142012939077
2024-03-10 12:00:00+00:00,14480.142012939077
2024-03-10 16:00:00+00:00,14480.142012939077
2024-03-10 20:00:00+00:00,14480.142012939077
2024-03-11 00:00:00+00:00,14480.142012939077
2024-03-11 04:00:00+00:00,14480.142012939077
2024-03-11 08:00:00+00:00,14480.142012939077
2024-03-11 12:00:00+00:00,14480.142012939077
2024-03-11 16:00:00+00:00,14480.142012939077
2024-03-11 20:00:00+00:00,14480.142012939077
2024-03-12 00:00:00+00:00,14480.142012939077
2024-03-12 04:00:00+00:00,14480.142012939077
2024-03-12 08:00:00+00:00,14480.142012939077
2024-03-12 12:00:00+00:00,14480.142012939077
2024-03-12 16:00:00+00:00,14480.142012939077
2024-03-12 20:00:00+00:00,14480.142012939077
2024-03-13 00:00:00+00:00,14480.142012939077
2024-03-13 04:00:00+00:00,14480.142012939077
2024-03-13 08:00:00+00:00,14480.142012939077
2024-03-13 12:00:00+00:00,14480.142012939077
2024-03-13 16:00:00+00:00,14480.142012939077
2024-03-13 20:00:00+00:00,14480.142012939077
2024-03-14 00:00:00+00:00,14480.142012939077
2024-03-14 04:00:00+00:00,14480.142012939077
2024-03-14 08:00:00+00:00,14480.142012939077
2024-03-14 12:00:00+00:00,14480.142012939077
2024-03-14 16:00:00+00:00,14480.142012939077
2024-03-14 20:00:00+00:00,14480.142012939077
2024-03-15 00:00:00+00:00,14480.142012939077
2024-03-15 04:00:00+00:00,14480.142012939077
2024-03-15 08:00:00+00:00,14480.142012939077
2024-03-15 12:00:00+00:00,14480.142012939077
2024-03-15 16:00:00+00:00,14480.142012939077
2024-03-15 20:00:00+00:00,14480.142012939077
2024-03-16 00:00:00+00:00,14480.142012939077
2024-03-16 04:00:00+00:00,14480.142012939077
2024-03-16 08:00:00+00:00,14480.142012939077
2024-03-16 12:00:00+00:00,14480.142012939077
2024-03-16 16:00:00+00:00,14480.142012939077
2024-03-16 20:00:00+00:00,14480.142012939077
2024-03-17 00:00:00+00:00,14480.142012939077
2024-03-17 04:00:00+00:00,14480.142012939077
2024-03-17 08:00:00+00:00,14480.142012939077
2024-03-17 12:00:00+00:00,14480.142012939077
2024-03-17 16:00:00+00:00,14480.142012939077
2024-03-17 20:00:00+00:00,14480.142012939077
2024-03-18 00:00:00+00:00,14480.142012939077
2024-03-18 04:00:00+00:00,14480.142012939077
2024-03-18 08:00:00+00:00,14480.142012939077
2024-03-18 12:00:00+00:00,14480.142012939077
2024-03-18 16:00:00+00:00,14480.142012939077
2024-03-18 20:00:00+00:00,14480.142012939077
2024-03-19 00:00:00+00:00,14480.142012939077
2024-03-19 04:00:00+00:00,14480.142012939077
2024-03-19 08:00:00+00:00,14480.142012939077
2024-03-19 12:00:00+00:00,14480.142012939077
2024-03-19 16:00:00+00:00,14480.142012939077
2024-03-19 20:00:00+00:00,14480.142012939077
2024-03-20 00:00:00+00:00,14480.142012939077
2024-03-20 04:00:00+00:00,14480.142012939077
2024-03-20 08:00:00+00:00,14480.142012939077
2024-03-20 12:00:00+00:00,14480.142012939077
2024-03-20 16:00:00+00:00,14480.142012939077
2024-03-20 20:00:00+00:00,14480.142012939077
2024-03-21 00:00:00+00:00,14480.142012939077
2024-03-21 04:00:00+00:00,14480.142012939077
2024-03-21 08:00:00+00:00,14480.142012939077
2024-03-21 12:00:00+00:00,14480.142012939077
2024-03-21 16:00:00+00:00,14480.142012939077
2024-03-21 20:00:00+00:00,14480.142012939077
2024-03-22 00:00:00+00:00,14480.142012939077
2024-03-22 04:00:00+00:00,14480.142012939077
2024-03-22 08:00:00+00:00,14480.142012939077
2024-03-22 12:00:00+00:00,14480.142012939077
2024-03-22 16:00:00+00:00,14480.142012939077
2024-03-22 20:00:00+00:00,14480.142012939077
2024-03-23 00:00:00+00:00,14480.142012939077
2024-03-23 04:00:00+00:00,14480.142012939077
2024-03-23 08:00:00+00:00,14480.142012939077
2024-03-23 12:00:00+00:00,14480.142012939077
2024-03-23 16:00:00+00:00,14480.142012939077
2024-03-23 20:00:00+00:00,14480.142012939077
2024-03-24 00:00:00+00:00,14480.142012939077
2024-03-24 04:00:00+00:00,14480.142012939077
2024-03-24 08:00:00+00:00,14451.239533871336
2024-03-24 12:00:00+00:00,14787.77524904368
2024-03-24 16:00:00+00:00,14593.772307356092
2024-03-24 20:00:00+00:00,14672.95718151429
2024-03-25 00:00:00+00:00,15070.35439096463
2024-03-25 04:00:00+00:00,15070.35439096463
2024-03-25 08:00:00+00:00,15070.35439096463
2024-03-25 12:00:00+00:00,15070.35439096463
2024-03-25 16:00:00+00:00,15070.35439096463
2024-03-25 20:00:00+00:00,15070.35439096463
2024-03-26 00:00:00+00:00,15070.35439096463
2024-03-26 04:00:00+00:00,15070.35439096463
2024-03-26 08:00:00+00:00,15070.35439096463
2024-03-26 12:00:00+00:00,15070.35439096463
2024-03-26 16:00:00+00:00,15070.35439096463
2024-03-26 20:00:00+00:00,15070.35439096463
2024-03-27 00:00:00+00:00,15070.35439096463
2024-03-27 04:00:00+00:00,15070.35439096463
2024-03-27 08:00:00+00:00,15070.35439096463
2024-03-27 12:00:00+00:00,15070.35439096463
2024-03-27 16:00:00+00:00,15070.35439096463
2024-03-27 20:00:00+00:00,15070.35439096463
2024-03-28 00:00:00+00:00,15070.35439096463
2024-03-28 04:00:00+00:00,15070.35439096463
2024-03-28 08:00:00+00:00,15070.35439096463
2024-03-28 12:00:00+00:00,15070.35439096463
2024-03-28 16:00:00+00:00,15070.35439096463
2024-03-28 20:00:00+00:00,15070.35439096463
2024-03-29 00:00:00+00:00,15070.35439096463
2024-03-29 04:00:00+00:00,15070.35439096463
2024-03-29 08:00:00+00:00,15070.35439096463
2024-03-29 12:00:00+00:00,15070.35439096463
2024-03-29 16:00:00+00:00,15070.35439096463
2024-03-29 20:00:00+00:00,15070.35439096463
2024-03-30 00:00:00+00:00,15070.35439096463
2024-03-30 04:00:00+00:00,15070.35439096463
2024-03-30 08:00:00+00:00,15070.35439096463
2024-03-30 12:00:00+00:00,15070.35439096463
2024-03-30 16:00:00+00:00,15070.35439096463
2024-03-30 20:00:00+00:00,15070.35439096463
2024-03-31 00:00:00+00:00,15070.35439096463
2024-03-31 04:00:00+00:00,15070.35439096463
2024-03-31 08:00:00+00:00,15070.35439096463
2024-03-31 12:00:00+00:00,15070.35439096463
2024-03-31 16:00:00+00:00,15070.35439096463
2024-03-31 20:00:00+00:00,15070.35439096463
2024-04-01 00:00:00+00:00,15070.35439096463
2024-04-01 04:00:00+00:00,15070.35439096463
2024-04-01 08:00:00+00:00,15070.35439096463
2024-04-01 12:00:00+00:00,15070.35439096463
2024-04-01 16:00:00+00:00,15070.35439096463
2024-04-01 20:00:00+00:00,15070.35439096463
2024-04-02 00:00:00+00:00,15070.35439096463
2024-04-02 04:00:00+00:00,15070.35439096463
2024-04-02 08:00:00+00:00,15070.35439096463
2024-04-02 12:00:00+00:00,15070.35439096463
2024-04-02 16:00:00+00:00,15070.35439096463
2024-04-02 20:00:00+00:00,15070.35439096463
2024-04-03 00:00:00+00:00,15070.35439096463
2024-04-03 04:00:00+00:00,15070.35439096463
2024-04-03 08:00:00+00:00,15070.35439096463
2024-04-03 12:00:00+00:00,15070.35439096463
2024-04-03 16:00:00+00:00,15070.35439096463
2024-04-03 20:00:00+00:00,15070.35439096463
2024-04-04 00:00:00+00:00,15070.35439096463
2024-04-04 04:00:00+00:00,15070.35439096463
2024-04-04 08:00:00+00:00,15070.35439096463
2024-04-04 12:00:00+00:00,15070.35439096463
2024-04-04 16:00:00+00:00,15070.35439096463
2024-04-04 20:00:00+00:00,15070.35439096463
2024-04-05 00:00:00+00:00,15070.35439096463
2024-04-05 04:00:00+00:00,15070.35439096463
2024-04-05 08:00:00+00:00,15070.35439096463
2024-04-05 12:00:00+00:00,15070.35439096463
2024-04-05 16:00:00+00:00,15070.35439096463
2024-04-05 20:00:00+00:00,15070.35439096463
2024-04-06 00:00:00+00:00,15070.35439096463
2024-04-06 04:00:00+00:00,15070.35439096463
2024-04-06 08:00:00+00:00,15070.35439096463
2024-04-06 12:00:00+00:00,15070.35439096463
2024-04-06 16:00:00+00:00,15070.35439096463
2024-04-06 20:00:00+00:00,15070.35439096463
2024-04-07 00:00:00+00:00,15070.35439096463
2024-04-07 04:00:00+00:00,15070.35439096463
2024-04-07 08:00:00+00:00,15070.35439096463
2024-04-07 12:00:00+00:00,15070.35439096463
2024-04-07 16:00:00+00:00,15070.35439096463
2024-04-07 20:00:00+00:00,15070.35439096463
2024-04-08 00:00:00+00:00,15070.35439096463
2024-04-08 04:00:00+00:00,15070.35439096463
2024-04-08 08:00:00+00:00,15070.35439096463
2024-04-08 12:00:00+00:00,15070.35439096463
2024-04-08 16:00:00+00:00,15070.35439096463
2024-04-08 20:00:00+00:00,15070.35439096463
2024-04-09 00:00:00+00:00,15070.35439096463
2024-04-09 04:00:00+00:00,15070.35439096463
2024-04-09 08:00:00+00:00,15070.35439096463
2024-04-09 12:00:00+00:00,15070.35439096463
2024-04-09 16:00:00+00:00,15070.35439096463
2024-04-09 20:00:00+00:00,15070.35439096463
2024-04-10 00:00:00+00:00,15070.35439096463
2024-04-10 04:00:00+00:00,15070.35439096463
2024-04-10 08:00:00+00:00,15070.35439096463
2024-04-10 12:00:00+00:00,15070.35439096463
2024-04-10 16:00:00+00:00,15070.35439096463
2024-04-10 20:00:00+00:00,15070.35439096463
2024-04-11 00:00:00+00:00,15070.35439096463
2024-04-11 04:00:00+00:00,15070.35439096463
2024-04-11 08:00:00+00:00,15070.35439096463
2024-04-11 12:00:00+00:00,15070.35439096463
2024-04-11 16:00:00+00:00,15070.35439096463
2024-04-11 20:00:00+00:00,15070.35439096463
2024-04-12 00:00:00+00:00,15070.35439096463
2024-04-12 04:00:00+00:00,15070.35439096463
2024-04-12 08:00:00+00:00,15070.35439096463
2024-04-12 12:00:00+00:00,15070.35439096463
2024-04-12 16:00:00+00:00,15070.35439096463
2024-04-12 20:00:00+00:00,15070.35439096463
2024-04-13 00:00:00+00:00,15070.35439096463
2024-04-13 04:00:00+00:00,15070.35439096463
2024-04-13 08:00:00+00:00,15070.35439096463
2024-04-13 12:00:00+00:00,15070.35439096463
2024-04-13 16:00:00+00:00,15070.35439096463
2024-04-13 20:00:00+00:00,15070.35439096463
2024-04-14 00:00:00+00:00,15070.35439096463
2024-04-14 04:00:00+00:00,15070.35439096463
2024-04-14 08:00:00+00:00,15070.35439096463
2024-04-14 12:00:00+00:00,15070.35439096463
2024-04-14 16:00:00+00:00,15070.35439096463
2024-04-14 20:00:00+00:00,15070.35439096463
2024-04-15 00:00:00+00:00,15070.35439096463
2024-04-15 04:00:00+00:00,15070.35439096463
2024-04-15 08:00:00+00:00,15070.35439096463
2024-04-15 12:00:00+00:00,15070.35439096463
2024-04-15 16:00:00+00:00,15070.35439096463
2024-04-15 20:00:00+00:00,15070.35439096463
2024-04-16 00:00:00+00:00,15070.35439096463
2024-04-16 04:00:00+00:00,15070.35439096463
2024-04-16 08:00:00+00:00,15070.35439096463
2024-04-16 12:00:00+00:00,15070.35439096463
2024-04-16 16:00:00+00:00,15070.35439096463
2024-04-16 20:00:00+00:00,15070.35439096463
2024-04-17 00:00:00+00:00,15070.35439096463
2024-04-17 04:00:00+00:00,15070.35439096463
2024-04-17 08:00:00+00:00,15070.35439096463
2024-04-17 12:00:00+00:00,15070.35439096463
2024-04-17 16:00:00+00:00,15070.35439096463
2024-04-17 20:00:00+00:00,15070.35439096463
2024-04-18 00:00:00+00:00,15070.35439096463
2024-04-18 04:00:00+00:00,15070.35439096463
2024-04-18 08:00:00+00:00,15070.35439096463
2024-04-18 12:00:00+00:00,15070.35439096463
2024-04-18 16:00:00+00:00,15070.35439096463
2024-04-18 20:00:00+00:00,15070.35439096463
2024-04-19 00:00:00+00:00,15070.35439096463
2024-04-19 04:00:00+00:00,15070.35439096463
2024-04-19 08:00:00+00:00,15070.35439096463
2024-04-19 12:00:00+00:00,15070.35439096463
2024-04-19 16:00:00+00:00,15070.35439096463
2024-04-19 20:00:00+00:00,15070.35439096463
2024-04-20 00:00:00+00:00,15070.35439096463
2024-04-20 04:00:00+00:00,15070.35439096463
2024-04-20 08:00:00+00:00,15070.35439096463
2024-04-20 12:00:00+00:00,15040.273843278073
2024-04-20 16:00:00+00:00,15626.013151244935
2024-04-20 20:00:00+00:00,15777.171682333155
2024-04-21 00:00:00+00:00,15720.48723317507
2024-04-21 04:00:00+00:00,15827.55785936256
2024-04-21 08:00:00+00:00,15613.416606987583
2024-04-21 12:00:00+00:00,15386.67881035525
2024-04-21 16:00:00+00:00,14963.573228611232
2024-04-21 20:00:00+00:00,14963.573228611232
2024-04-22 00:00:00+00:00,14963.573228611232
2024-04-22 04:00:00+00:00,14963.573228611232
2024-04-22 08:00:00+00:00,14963.573228611232
2024-04-22 12:00:00+00:00,14963.573228611232
2024-04-22 16:00:00+00:00,14963.573228611232
2024-04-22 20:00:00+00:00,14963.573228611232
2024-04-23 00:00:00+00:00,14963.573228611232
2024-04-23 04:00:00+00:00,14963.573228611232
2024-04-23 08:00:00+00:00,14963.573228611232
2024-04-23 12:00:00+00:00,14963.573228611232
2024-04-23 16:00:00+00:00,14963.573228611232
2024-04-23 20:00:00+00:00,14963.573228611232
2024-04-24 00:00:00+00:00,14963.573228611232
2024-04-24 04:00:00+00:00,14963.573228611232
2024-04-24 08:00:00+00:00,14963.573228611232
2024-04-24 12:00:00+00:00,14963.573228611232
2024-04-24 16:00:00+00:00,14963.573228611232
2024-04-24 20:00:00+00:00,14963.573228611232
2024-04-25 00:00:00+00:00,14963.573228611232
2024-04-25 04:00:00+00:00,14963.573228611232
2024-04-25 08:00:00+00:00,14963.573228611232
2024-04-25 12:00:00+00:00,14963.573228611232
2024-04-25 16:00:00+00:00,14963.573228611232
2024-04-25 20:00:00+00:00,14963.573228611232
2024-04-26 00:00:00+00:00,14963.573228611232
2024-04-26 04:00:00+00:00,14963.573228611232
2024-04-26 08:00:00+00:00,14963.573228611232
2024-04-26 12:00:00+00:00,14963.573228611232
2024-04-26 16:00:00+00:00,14963.573228611232
2024-04-26 20:00:00+00:00,14963.573228611232
2024-04-27 00:00:00+00:00,14963.573228611232
2024-04-27 04:00:00+00:00,14963.573228611232
2024-04-27 08:00:00+00:00,14963.573228611232
2024-04-27 12:00:00+00:00,14963.573228611232
2024-04-27 16:00:00+00:00,14963.573228611232
2024-04-27 20:00:00+00:00,14963.573228611232
2024-04-28 00:00:00+00:00,14933.70581697728
2024-04-28 04:00:00+00:00,15000.773358071488
2024-04-28 08:00:00+00:00,14816.33762006241
2024-04-28 12:00:00+00:00,15257.865598932623
2024-04-28 16:00:00+00:00,15246.687675416923
2024-04-28 20:00:00+00:00,14721.325270178948
2024-04-29 00:00:00+00:00,14471.964250547735
2024-04-29 04:00:00+00:00,14471.964250547735
2024-04-29 08:00:00+00:00,14471.964250547735
2024-04-29 12:00:00+00:00,14471.964250547735
2024-04-29 16:00:00+00:00,14471.964250547735
2024-04-29 20:00:00+00:00,14471.964250547735
2024-04-30 00:00:00+00:00,14471.964250547735
2024-04-30 04:00:00+00:00,14471.964250547735
2024-04-30 08:00:00+00:00,14471.964250547735
2024-04-30 12:00:00+00:00,14471.964250547735
2024-04-30 16:00:00+00:00,14471.964250547735
2024-04-30 20:00:00+00:00,14471.964250547735
2024-05-01 00:00:00+00:00,14471.964250547735
2024-05-01 04:00:00+00:00,14471.964250547735
2024-05-01 08:00:00+00:00,14471.964250547735
2024-05-01 12:00:00+00:00,14471.964250547735
2024-05-01 16:00:00+00:00,14471.964250547735
2024-05-01 20:00:00+00:00,14471.964250547735
2024-05-02 00:00:00+00:00,14471.964250547735
2024-05-02 04:00:00+00:00,14471.964250547735
2024-05-02 08:00:00+00:00,14471.964250547735
2024-05-02 12:00:00+00:00,14471.964250547735
2024-05-02 16:00:00+00:00,14471.964250547735
2024-05-02 20:00:00+00:00,14471.964250547735
2024-05-03 00:00:00+00:00,14471.964250547735
2024-05-03 04:00:00+00:00,14471.964250547735
2024-05-03 08:00:00+00:00,14471.964250547735
2024-05-03 12:00:00+00:00,14471.964250547735
2024-05-03 16:00:00+00:00,14471.964250547735
2024-05-03 20:00:00+00:00,14471.964250547735
2024-05-04 00:00:00+00:00,14471.964250547735
2024-05-04 04:00:00+00:00,14471.964250547735
2024-05-04 08:00:00+00:00,14471.964250547735
2024-05-04 12:00:00+00:00,14471.964250547735
2024-05-04 16:00:00+00:00,14471.964250547735
2024-05-04 20:00:00+00:00,14471.964250547735
2024-05-05 00:00:00+00:00,14471.964250547735
2024-05-05 04:00:00+00:00,14471.964250547735
2024-05-05 08:00:00+00:00,14471.964250547735
2024-05-05 12:00:00+00:00,14471.964250547735
2024-05-05 16:00:00+00:00,14471.964250547735
2024-05-05 20:00:00+00:00,14471.964250547735
2024-05-06 00:00:00+00:00,14471.964250547735
2024-05-06 04:00:00+00:00,14471.964250547735
2024-05-06 08:00:00+00:00,14471.964250547735
2024-05-06 12:00:00+00:00,14471.964250547735
2024-05-06 16:00:00+00:00,14471.964250547735
2024-05-06 20:00:00+00:00,14471.964250547735
2024-05-07 00:00:00+00:00,14471.964250547735
2024-05-07 04:00:00+00:00,14471.964250547735
2024-05-07 08:00:00+00:00,14471.964250547735
2024-05-07 12:00:00+00:00,14471.964250547735
2024-05-07 16:00:00+00:00,14471.964250547735
2024-05-07 20:00:00+00:00,14471.964250547735
2024-05-08 00:00:00+00:00,14471.964250547735
2024-05-08 04:00:00+00:00,14471.964250547735
2024-05-08 08:00:00+00:00,14471.964250547735
2024-05-08 12:00:00+00:00,14471.964250547735
2024-05-08 16:00:00+00:00,14471.964250547735
2024-05-08 20:00:00+00:00,14471.964250547735
2024-05-09 00:00:00+00:00,14471.964250547735
2024-05-09 04:00:00+00:00,14471.964250547735
2024-05-09 08:00:00+00:00,14471.964250547735
2024-05-09 12:00:00+00:00,14471.964250547735
2024-05-09 16:00:00+00:00,14471.964250547735
2024-05-09 20:00:00+00:00,14471.964250547735
2024-05-10 00:00:00+00:00,14471.964250547735
2024-05-10 04:00:00+00:00,14471.964250547735
2024-05-10 08:00:00+00:00,14471.964250547735
2024-05-10 12:00:00+00:00,14471.964250547735
2024-05-10 16:00:00+00:00,14471.964250547735
2024-05-10 20:00:00+00:00,14471.964250547735
2024-05-11 00:00:00+00:00,14471.964250547735
2024-05-11 04:00:00+00:00,14471.964250547735
2024-05-11 08:00:00+00:00,14471.964250547735
2024-05-11 12:00:00+00:00,14471.964250547735
2024-05-11 16:00:00+00:00,14471.964250547735
2024-05-11 20:00:00+00:00,14471.964250547735
2024-05-12 00:00:00+00:00,14471.964250547735
2024-05-12 04:00:00+00:00,14471.964250547735
2024-05-12 08:00:00+00:00,14471.964250547735
2024-05-12 12:00:00+00:00,14471.964250547735
2024-05-12 16:00:00+00:00,14471.964250547735
2024-05-12 20:00:00+00:00,14471.964250547735
2024-05-13 00:00:00+00:00,14471.964250547735
2024-05-13 04:00:00+00:00,14471.964250547735
2024-05-13 08:00:00+00:00,14471.964250547735
2024-05-13 12:00:00+00:00,14471.964250547735
2024-05-13 16:00:00+00:00,14471.964250547735
2024-05-13 20:00:00+00:00,14471.964250547735
2024-05-14 00:00:00+00:00,14471.964250547735
2024-05-14 04:00:00+00:00,14471.964250547735
2024-05-14 08:00:00+00:00,14471.964250547735
2024-05-14 12:00:00+00:00,14471.964250547735
2024-05-14 16:00:00+00:00,14471.964250547735
2024-05-14 20:00:00+00:00,14471.964250547735
2024-05-15 00:00:00+00:00,14471.964250547735
2024-05-15 04:00:00+00:00,14471.964250547735
2024-05-15 08:00:00+00:00,14471.964250547735
2024-05-15 12:00:00+00:00,14471.964250547735
2024-05-15 16:00:00+00:00,14471.964250547735
2024-05-15 20:00:00+00:00,14471.964250547735
2024-05-16 00:00:00+00:00,14471.964250547735
2024-05-16 04:00:00+00:00,14471.964250547735
2024-05-16 08:00:00+00:00,14471.964250547735
2024-05-16 12:00:00+00:00,14471.964250547735
2024-05-16 16:00:00+00:00,14471.964250547735
2024-05-16 20:00:00+00:00,14471.964250547735
2024-05-17 00:00:00+00:00,14471.964250547735
2024-05-17 04:00:00+00:00,14471.964250547735
2024-05-17 08:00:00+00:00,14443.078094359018
2024-05-17 12:00:00+00:00,14710.437161091933
2024-05-17 16:00:00+00:00,14670.617725621074
2024-05-17 20:00:00+00:00,14608.044327024008
2024-05-18 00:00:00+00:00,14801.453013596754
2024-05-18 04:00:00+00:00,14653.552253276419
2024-05-18 08:00:00+00:00,14733.191124218138
2024-05-18 12:00:00+00:00,14522.716965300735
2024-05-18 16:00:00+00:00,14556.847909990045
2024-05-18 20:00:00+00:00,14494.27451139298
2024-05-19 00:00:00+00:00,14653.552253276419
2024-05-19 04:00:00+00:00,14517.028474519184
2024-05-19 08:00:00+00:00,14357.750732635746
2024-05-19 12:00:00+00:00,14184.208617759807
2024-05-19 16:00:00+00:00,14184.208617759807
2024-05-19 20:00:00+00:00,14184.208617759807
2024-05-20 00:00:00+00:00,14184.208617759807
2024-05-20 04:00:00+00:00,14184.208617759807
2024-05-20 08:00:00+00:00,14184.208617759807
2024-05-20 12:00:00+00:00,14184.208617759807
2024-05-20 16:00:00+00:00,14184.208617759807
2024-05-20 20:00:00+00:00,14184.208617759807
2024-05-21 00:00:00+00:00,14184.208617759807
2024-05-21 04:00:00+00:00,14184.208617759807
2024-05-21 08:00:00+00:00,14184.208617759807
2024-05-21 12:00:00+00:00,14184.208617759807
2024-05-21 16:00:00+00:00,14184.208617759807
2024-05-21 20:00:00+00:00,14184.208617759807
2024-05-22 00:00:00+00:00,14184.208617759807
2024-05-22 04:00:00+00:00,14184.208617759807
2024-05-22 08:00:00+00:00,14184.208617759807
2024-05-22 12:00:00+00:00,14184.208617759807
2024-05-22 16:00:00+00:00,14184.208617759807
2024-05-22 20:00:00+00:00,14184.208617759807
2024-05-23 00:00:00+00:00,14184.208617759807
2024-05-23 04:00:00+00:00,14184.208617759807
2024-05-23 08:00:00+00:00,14184.208617759807
2024-05-23 12:00:00+00:00,14184.208617759807
2024-05-23 16:00:00+00:00,14184.208617759807
2024-05-23 20:00:00+00:00,14184.208617759807
2024-05-24 00:00:00+00:00,14155.89682411158
2024-05-24 04:00:00+00:00,13188.614798390472
2024-05-24 08:00:00+00:00,13188.614798390472
2024-05-24 12:00:00+00:00,13188.614798390472
2024-05-24 16:00:00+00:00,13188.614798390472
2024-05-24 20:00:00+00:00,13188.614798390472
2024-05-25 00:00:00+00:00,13188.614798390472
2024-05-25 04:00:00+00:00,13188.614798390472
2024-05-25 08:00:00+00:00,13188.614798390472
2024-05-25 12:00:00+00:00,13188.614798390472
2024-05-25 16:00:00+00:00,13188.614798390472
2024-05-25 20:00:00+00:00,13188.614798390472
2024-05-26 00:00:00+00:00,13188.614798390472
2024-05-26 04:00:00+00:00,13188.614798390472
2024-05-26 08:00:00+00:00,13188.614798390472
2024-05-26 12:00:00+00:00,13188.614798390472
2024-05-26 16:00:00+00:00,13188.614798390472
2024-05-26 20:00:00+00:00,13188.614798390472
2024-05-27 00:00:00+00:00,13162.290217954564
2024-05-27 04:00:00+00:00,12969.918283999841
2024-05-27 08:00:00+00:00,13010.417638516625
2024-05-27 12:00:00+00:00,13283.788281504914
2024-05-27 16:00:00+00:00,13015.480057831224
2024-05-27 20:00:00+00:00,13096.478766864791
2024-05-28 00:00:00+00:00,12853.482639764092
2024-05-28 04:00:00+00:00,12638.171473432254
2024-05-28 08:00:00+00:00,12638.171473432254
2024-05-28 12:00:00+00:00,12638.171473432254
2024-05-28 16:00:00+00:00,12638.171473432254
2024-05-28 20:00:00+00:00,12638.171473432254
2024-05-29 00:00:00+00:00,12638.171473432254
2024-05-29 04:00:00+00:00,12638.171473432254
2024-05-29 08:00:00+00:00,12638.171473432254
2024-05-29 12:00:00+00:00,12638.171473432254
2024-05-29 16:00:00+00:00,12638.171473432254
2024-05-29 20:00:00+00:00,12638.171473432254
2024-05-30 00:00:00+00:00,12638.171473432254
2024-05-30 04:00:00+00:00,12638.171473432254
2024-05-30 08:00:00+00:00,12638.171473432254
2024-05-30 12:00:00+00:00,12638.171473432254
2024-05-30 16:00:00+00:00,12638.171473432254
2024-05-30 20:00:00+00:00,12638.171473432254
2024-05-31 00:00:00+00:00,12638.171473432254
2024-05-31 04:00:00+00:00,12638.171473432254
2024-05-31 08:00:00+00:00,12638.171473432254
2024-05-31 12:00:00+00:00,12638.171473432254
2024-05-31 16:00:00+00:00,12638.171473432254
2024-05-31 20:00:00+00:00,12638.171473432254
2024-06-01 00:00:00+00:00,12638.171473432254
2024-06-01 04:00:00+00:00,12638.171473432254
2024-06-01 08:00:00+00:00,12638.171473432254
2024-06-01 12:00:00+00:00,12638.171473432254
2024-06-01 16:00:00+00:00,12638.171473432254
2024-06-01 20:00:00+00:00,12638.171473432254
2024-06-02 00:00:00+00:00,12638.171473432254
2024-06-02 04:00:00+00:00,12638.171473432254
2024-06-02 08:00:00+00:00,12638.171473432254
2024-06-02 12:00:00+00:00,12638.171473432254
2024-06-02 16:00:00+00:00,12638.171473432254
2024-06-02 20:00:00+00:00,12638.171473432254
2024-06-03 00:00:00+00:00,12638.171473432254
2024-06-03 04:00:00+00:00,12638.171473432254
2024-06-03 08:00:00+00:00,12638.171473432254
2024-06-03 12:00:00+00:00,12638.171473432254
2024-06-03 16:00:00+00:00,12638.171473432254
2024-06-03 20:00:00+00:00,12638.171473432254
2024-06-04 00:00:00+00:00,12638.171473432254
2024-06-04 04:00:00+00:00,12638.171473432254
2024-06-04 08:00:00+00:00,12638.171473432254
2024-06-04 12:00:00+00:00,12638.171473432254
2024-06-04 16:00:00+00:00,12638.171473432254
2024-06-04 20:00:00+00:00,12638.171473432254
2024-06-05 00:00:00+00:00,12638.171473432254
2024-06-05 04:00:00+00:00,12638.171473432254
2024-06-05 08:00:00+00:00,12638.171473432254
2024-06-05 12:00:00+00:00,12638.171473432254
2024-06-05 16:00:00+00:00,12638.171473432254
2024-06-05 20:00:00+00:00,12638.171473432254
2024-06-06 00:00:00+00:00,12638.171473432254
2024-06-06 04:00:00+00:00,12638.171473432254
2024-06-06 08:00:00+00:00,12638.171473432254
2024-06-06 12:00:00+00:00,12638.171473432254
2024-06-06 16:00:00+00:00,12638.171473432254
2024-06-06 20:00:00+00:00,12638.171473432254
2024-06-07 00:00:00+00:00,12638.171473432254
2024-06-07 04:00:00+00:00,12638.171473432254
2024-06-07 08:00:00+00:00,12638.171473432254
2024-06-07 12:00:00+00:00,12638.171473432254
2024-06-07 16:00:00+00:00,12638.171473432254
2024-06-07 20:00:00+00:00,12638.171473432254
2024-06-08 00:00:00+00:00,12638.171473432254
2024-06-08 04:00:00+00:00,12638.171473432254
2024-06-08 08:00:00+00:00,12638.171473432254
2024-06-08 12:00:00+00:00,12638.171473432254
2024-06-08 16:00:00+00:00,12638.171473432254
2024-06-08 20:00:00+00:00,12638.171473432254
2024-06-09 00:00:00+00:00,12638.171473432254
2024-06-09 04:00:00+00:00,12638.171473432254
2024-06-09 08:00:00+00:00,12638.171473432254
2024-06-09 12:00:00+00:00,12638.171473432254
2024-06-09 16:00:00+00:00,12638.171473432254
2024-06-09 20:00:00+00:00,12638.171473432254
2024-06-10 00:00:00+00:00,12638.171473432254
2024-06-10 04:00:00+00:00,12638.171473432254
2024-06-10 08:00:00+00:00,12638.171473432254
2024-06-10 12:00:00+00:00,12638.171473432254
2024-06-10 16:00:00+00:00,12638.171473432254
2024-06-10 20:00:00+00:00,12638.171473432254
2024-06-11 00:00:00+00:00,12638.171473432254
2024-06-11 04:00:00+00:00,12638.171473432254
2024-06-11 08:00:00+00:00,12638.171473432254
2024-06-11 12:00:00+00:00,12638.171473432254
2024-06-11 16:00:00+00:00,12638.171473432254
2024-06-11 20:00:00+00:00,12638.171473432254
2024-06-12 00:00:00+00:00,12638.171473432254
2024-06-12 04:00:00+00:00,12638.171473432254
2024-06-12 08:00:00+00:00,12638.171473432254
2024-06-12 12:00:00+00:00,12638.171473432254
2024-06-12 16:00:00+00:00,12638.171473432254
2024-06-12 20:00:00+00:00,12638.171473432254
2024-06-13 00:00:00+00:00,12638.171473432254
2024-06-13 04:00:00+00:00,12638.171473432254
2024-06-13 08:00:00+00:00,12638.171473432254
2024-06-13 12:00:00+00:00,12638.171473432254
2024-06-13 16:00:00+00:00,12638.171473432254
2024-06-13 20:00:00+00:00,12638.171473432254
2024-06-14 00:00:00+00:00,12638.171473432254
2024-06-14 04:00:00+00:00,12638.171473432254
2024-06-14 08:00:00+00:00,12638.171473432254
2024-06-14 12:00:00+00:00,12638.171473432254
2024-06-14 16:00:00+00:00,12638.171473432254
2024-06-14 20:00:00+00:00,12638.171473432254
2024-06-15 00:00:00+00:00,12638.171473432254
2024-06-15 04:00:00+00:00,12638.171473432254
2024-06-15 08:00:00+00:00,12638.171473432254
2024-06-15 12:00:00+00:00,12638.171473432254
2024-06-15 16:00:00+00:00,12638.171473432254
2024-06-15 20:00:00+00:00,12638.171473432254
2024-06-16 00:00:00+00:00,12638.171473432254
2024-06-16 04:00:00+00:00,12638.171473432254
2024-06-16 08:00:00+00:00,12638.171473432254
2024-06-16 12:00:00+00:00,12638.171473432254
2024-06-16 16:00:00+00:00,12638.171473432254
2024-06-16 20:00:00+00:00,12638.171473432254
2024-06-17 00:00:00+00:00,12638.171473432254
2024-06-17 04:00:00+00:00,12638.171473432254
2024-06-17 08:00:00+00:00,12638.171473432254
2024-06-17 12:00:00+00:00,12638.171473432254
2024-06-17 16:00:00+00:00,12638.171473432254
2024-06-17 20:00:00+00:00,12638.171473432254
2024-06-18 00:00:00+00:00,12638.171473432254
2024-06-18 04:00:00+00:00,12638.171473432254
2024-06-18 08:00:00+00:00,12638.171473432254
2024-06-18 12:00:00+00:00,12638.171473432254
2024-06-18 16:00:00+00:00,12638.171473432254
2024-06-18 20:00:00+00:00,12638.171473432254
2024-06-19 00:00:00+00:00,12638.171473432254
2024-06-19 04:00:00+00:00,12638.171473432254
2024-06-19 08:00:00+00:00,12638.171473432254
2024-06-19 12:00:00+00:00,12638.171473432254
2024-06-19 16:00:00+00:00,12638.171473432254
2024-06-19 20:00:00+00:00,12638.171473432254
2024-06-20 00:00:00+00:00,12638.171473432254
2024-06-20 04:00:00+00:00,12638.171473432254
2024-06-20 08:00:00+00:00,12638.171473432254
2024-06-20 12:00:00+00:00,12638.171473432254
2024-06-20 16:00:00+00:00,12638.171473432254
2024-06-20 20:00:00+00:00,12638.171473432254
2024-06-21 00:00:00+00:00,12638.171473432254
2024-06-21 04:00:00+00:00,12638.171473432254
2024-06-21 08:00:00+00:00,12638.171473432254
2024-06-21 12:00:00+00:00,12638.171473432254
2024-06-21 16:00:00+00:00,12638.171473432254
2024-06-21 20:00:00+00:00,12638.171473432254
2024-06-22 00:00:00+00:00,12638.171473432254
2024-06-22 04:00:00+00:00,12638.171473432254
2024-06-22 08:00:00+00:00,12638.171473432254
2024-06-22 12:00:00+00:00,12638.171473432254
2024-06-22 16:00:00+00:00,12638.171473432254
2024-06-22 20:00:00+00:00,12638.171473432254
2024-06-23 00:00:00+00:00,12638.171473432254
2024-06-23 04:00:00+00:00,12638.171473432254
2024-06-23 08:00:00+00:00,12638.171473432254
2024-06-23 12:00:00+00:00,12638.171473432254
2024-06-23 16:00:00+00:00,12638.171473432254
2024-06-23 20:00:00+00:00,12638.171473432254
2024-06-24 00:00:00+00:00,12638.171473432254
2024-06-24 04:00:00+00:00,12638.171473432254
2024-06-24 08:00:00+00:00,12638.171473432254
2024-06-24 12:00:00+00:00,12638.171473432254
2024-06-24 16:00:00+00:00,12638.171473432254
2024-06-24 20:00:00+00:00,12638.171473432254
2024-06-25 00:00:00+00:00,12638.171473432254
2024-06-25 04:00:00+00:00,12638.171473432254
2024-06-25 08:00:00+00:00,12638.171473432254
2024-06-25 12:00:00+00:00,12638.171473432254
2024-06-25 16:00:00+00:00,12638.171473432254
2024-06-25 20:00:00+00:00,12638.171473432254
2024-06-26 00:00:00+00:00,12638.171473432254
2024-06-26 04:00:00+00:00,12638.171473432254
2024-06-26 08:00:00+00:00,12638.171473432254
2024-06-26 12:00:00+00:00,12638.171473432254
2024-06-26 16:00:00+00:00,12638.171473432254
2024-06-26 20:00:00+00:00,12638.171473432254
2024-06-27 00:00:00+00:00,12638.171473432254
2024-06-27 04:00:00+00:00,12638.171473432254
2024-06-27 08:00:00+00:00,12638.171473432254
2024-06-27 12:00:00+00:00,12638.171473432254
2024-06-27 16:00:00+00:00,12638.171473432254
2024-06-27 20:00:00+00:00,12638.171473432254
2024-06-28 00:00:00+00:00,12638.171473432254
2024-06-28 04:00:00+00:00,12638.171473432254
2024-06-28 08:00:00+00:00,12638.171473432254
2024-06-28 12:00:00+00:00,12638.171473432254
2024-06-28 16:00:00+00:00,12638.171473432254
2024-06-28 20:00:00+00:00,12638.171473432254
2024-06-29 00:00:00+00:00,12638.171473432254
2024-06-29 04:00:00+00:00,12638.171473432254
2024-06-29 08:00:00+00:00,12638.171473432254
2024-06-29 12:00:00+00:00,12638.171473432254
2024-06-29 16:00:00+00:00,12638.171473432254
2024-06-29 20:00:00+00:00,12638.171473432254
2024-06-30 00:00:00+00:00,12638.171473432254
2024-06-30 04:00:00+00:00,12638.171473432254
2024-06-30 08:00:00+00:00,12638.171473432254
2024-06-30 12:00:00+00:00,12638.171473432254
2024-06-30 16:00:00+00:00,12638.171473432254
2024-06-30 20:00:00+00:00,12638.171473432254
2024-07-01 00:00:00+00:00,12638.171473432254
2024-07-01 04:00:00+00:00,12638.171473432254
2024-07-01 08:00:00+00:00,12638.171473432254
2024-07-01 12:00:00+00:00,12638.171473432254
2024-07-01 16:00:00+00:00,12638.171473432254
2024-07-01 20:00:00+00:00,12638.171473432254
2024-07-02 00:00:00+00:00,12638.171473432254
2024-07-02 04:00:00+00:00,12638.171473432254
2024-07-02 08:00:00+00:00,12638.171473432254
2024-07-02 12:00:00+00:00,12638.171473432254
2024-07-02 16:00:00+00:00,12638.171473432254
2024-07-02 20:00:00+00:00,12638.171473432254
2024-07-03 00:00:00+00:00,12638.171473432254
2024-07-03 04:00:00+00:00,12638.171473432254
2024-07-03 08:00:00+00:00,12638.171473432254
2024-07-03 12:00:00+00:00,12638.171473432254
2024-07-03 16:00:00+00:00,12638.171473432254
2024-07-03 20:00:00+00:00,12638.171473432254
2024-07-04 00:00:00+00:00,12638.171473432254
2024-07-04 04:00:00+00:00,12638.171473432254
2024-07-04 08:00:00+00:00,12638.171473432254
2024-07-04 12:00:00+00:00,12638.171473432254
2024-07-04 16:00:00+00:00,12638.171473432254
2024-07-04 20:00:00+00:00,12638.171473432254
2024-07-05 00:00:00+00:00,12638.171473432254
2024-07-05 04:00:00+00:00,12638.171473432254
2024-07-05 08:00:00+00:00,12638.171473432254
2024-07-05 12:00:00+00:00,12638.171473432254
2024-07-05 16:00:00+00:00,12638.171473432254
2024-07-05 20:00:00+00:00,12638.171473432254
2024-07-06 00:00:00+00:00,12638.171473432254
2024-07-06 04:00:00+00:00,12638.171473432254
2024-07-06 08:00:00+00:00,12638.171473432254
2024-07-06 12:00:00+00:00,12638.171473432254
2024-07-06 16:00:00+00:00,12638.171473432254
2024-07-06 20:00:00+00:00,12638.171473432254
2024-07-07 00:00:00+00:00,12638.171473432254
2024-07-07 04:00:00+00:00,12638.171473432254
2024-07-07 08:00:00+00:00,12638.171473432254
2024-07-07 12:00:00+00:00,12638.171473432254
2024-07-07 16:00:00+00:00,12638.171473432254
2024-07-07 20:00:00+00:00,12638.171473432254
2024-07-08 00:00:00+00:00,12638.171473432254
2024-07-08 04:00:00+00:00,12638.171473432254
2024-07-08 08:00:00+00:00,12638.171473432254
2024-07-08 12:00:00+00:00,12638.171473432254
2024-07-08 16:00:00+00:00,12638.171473432254
2024-07-08 20:00:00+00:00,12638.171473432254
2024-07-09 00:00:00+00:00,12638.171473432254
2024-07-09 04:00:00+00:00,12638.171473432254
2024-07-09 08:00:00+00:00,12638.171473432254
2024-07-09 12:00:00+00:00,12638.171473432254
2024-07-09 16:00:00+00:00,12612.94558226772
2024-07-09 20:00:00+00:00,12916.103034592938
2024-07-10 00:00:00+00:00,13043.748277677241
2024-07-10 04:00:00+00:00,12955.992173056782
2024-07-10 08:00:00+00:00,12868.236068436325
2024-07-10 12:00:00+00:00,13187.349176147083
2024-07-10 16:00:00+00:00,13267.127453074774
2024-07-10 20:00:00+00:00,13370.839213080768
2024-07-11 00:00:00+00:00,13307.016591538619
2024-07-11 04:00:00+00:00,13570.284905399994
2024-07-11 08:00:00+00:00,13474.550973086765
2024-07-11 12:00:00+00:00,13378.817040773538
2024-07-11 16:00:00+00:00,13322.972246924153
2024-07-11 20:00:00+00:00,13235.216142303696
2024-07-12 00:00:00+00:00,13418.70617923738
2024-07-12 04:00:00+00:00,13482.528800779533
2024-07-12 08:00:00+00:00,13434.66183462292
2024-07-12 12:00:00+00:00,13610.174043863837
2024-07-12 16:00:00+00:00,13618.151871556607
2024-07-12 20:00:00+00:00,13658.041010020452
2024-07-13 00:00:00+00:00,13482.528800779533
2024-07-13 04:00:00+00:00,13578.26273309276
2024-07-13 08:00:00+00:00,13490.506628472303
2024-07-13 12:00:00+00:00,13370.839213080768
2024-07-13 16:00:00+00:00,13386.794868466308
2024-07-13 20:00:00+00:00,13474.550973086765
2024-07-14 00:00:00+00:00,13586.240560785529
2024-07-14 04:00:00+00:00,13713.885803869836
2024-07-14 08:00:00+00:00,13721.863631562603
2024-07-14 12:00:00+00:00,13793.664080797524
2024-07-14 16:00:00+00:00,14096.821533122744
2024-07-14 20:00:00+00:00,14368.067674676888
2024-07-15 00:00:00+00:00,14352.11201929135
2024-07-15 04:00:00+00:00,14551.557711610574
2024-07-15 08:00:00+00:00,14056.9323946589
2024-07-15 12:00:00+00:00,14328.178536213043
2024-07-15 16:00:00+00:00,14283.598435065851
2024-07-15 20:00:00+00:00,14283.598435065851
2024-07-16 00:00:00+00:00,14283.598435065851
2024-07-16 04:00:00+00:00,14283.598435065851
2024-07-16 08:00:00+00:00,14283.598435065851
2024-07-16 12:00:00+00:00,14283.598435065851
2024-07-16 16:00:00+00:00,14283.598435065851
2024-07-16 20:00:00+00:00,14283.598435065851
2024-07-17 00:00:00+00:00,14283.598435065851
2024-07-17 04:00:00+00:00,14283.598435065851
2024-07-17 08:00:00+00:00,14283.598435065851
2024-07-17 12:00:00+00:00,14283.598435065851
2024-07-17 16:00:00+00:00,14283.598435065851
2024-07-17 20:00:00+00:00,14283.598435065851
2024-07-18 00:00:00+00:00,14283.598435065851
2024-07-18 04:00:00+00:00,14283.598435065851
2024-07-18 08:00:00+00:00,14283.598435065851
2024-07-18 12:00:00+00:00,14283.598435065851
2024-07-18 16:00:00+00:00,14283.598435065851
2024-07-18 20:00:00+00:00,14283.598435065851
2024-07-19 00:00:00+00:00,14283.598435065851
2024-07-19 04:00:00+00:00,14283.598435065851
2024-07-19 08:00:00+00:00,14283.598435065851
2024-07-19 12:00:00+00:00,14283.598435065851
2024-07-19 16:00:00+00:00,14283.598435065851
2024-07-19 20:00:00+00:00,14283.598435065851
2024-07-20 00:00:00+00:00,14283.598435065851
2024-07-20 04:00:00+00:00,14283.598435065851
2024-07-20 08:00:00+00:00,14283.598435065851
2024-07-20 12:00:00+00:00,14283.598435065851
2024-07-20 16:00:00+00:00,14283.598435065851
2024-07-20 20:00:00+00:00,14283.598435065851
2024-07-21 00:00:00+00:00,14283.598435065851
2024-07-21 04:00:00+00:00,14283.598435065851
2024-07-21 08:00:00+00:00,14283.598435065851
2024-07-21 12:00:00+00:00,14283.598435065851
2024-07-21 16:00:00+00:00,14283.598435065851
2024-07-21 20:00:00+00:00,14283.598435065851
2024-07-22 00:00:00+00:00,14283.598435065851
2024-07-22 04:00:00+00:00,14283.598435065851
2024-07-22 08:00:00+00:00,14283.598435065851
2024-07-22 12:00:00+00:00,14283.598435065851
2024-07-22 16:00:00+00:00,14283.598435065851
2024-07-22 20:00:00+00:00,14283.598435065851
2024-07-23 00:00:00+00:00,14283.598435065851
2024-07-23 04:00:00+00:00,14283.598435065851
2024-07-23 08:00:00+00:00,14283.598435065851
2024-07-23 12:00:00+00:00,14283.598435065851
2024-07-23 16:00:00+00:00,14283.598435065851
2024-07-23 20:00:00+00:00,14283.598435065851
2024-07-24 00:00:00+00:00,14283.598435065851
2024-07-24 04:00:00+00:00,14283.598435065851
2024-07-24 08:00:00+00:00,14283.598435065851
2024-07-24 12:00:00+00:00,14283.598435065851
2024-07-24 16:00:00+00:00,14283.598435065851
2024-07-24 20:00:00+00:00,14283.598435065851
2024-07-25 00:00:00+00:00,14283.598435065851
2024-07-25 04:00:00+00:00,14283.598435065851
2024-07-25 08:00:00+00:00,14283.598435065851
2024-07-25 12:00:00+00:00,14283.598435065851
2024-07-25 16:00:00+00:00,14283.598435065851
2024-07-25 20:00:00+00:00,14283.598435065851
2024-07-26 00:00:00+00:00,14283.598435065851
2024-07-26 04:00:00+00:00,14283.598435065851
2024-07-26 08:00:00+00:00,14283.598435065851
2024-07-26 12:00:00+00:00,14283.598435065851
2024-07-26 16:00:00+00:00,14283.598435065851
2024-07-26 20:00:00+00:00,14283.598435065851
2024-07-27 00:00:00+00:00,14283.598435065851
2024-07-27 04:00:00+00:00,14283.598435065851
2024-07-27 08:00:00+00:00,14283.598435065851
2024-07-27 12:00:00+00:00,14283.598435065851
2024-07-27 16:00:00+00:00,14283.598435065851
2024-07-27 20:00:00+00:00,14283.598435065851
2024-07-28 00:00:00+00:00,14283.598435065851
2024-07-28 04:00:00+00:00,14283.598435065851
2024-07-28 08:00:00+00:00,14283.598435065851
2024-07-28 12:00:00+00:00,14283.598435065851
2024-07-28 16:00:00+00:00,14283.598435065851
2024-07-28 20:00:00+00:00,14283.598435065851
2024-07-29 00:00:00+00:00,14283.598435065851
2024-07-29 04:00:00+00:00,14283.598435065851
2024-07-29 08:00:00+00:00,14283.598435065851
2024-07-29 12:00:00+00:00,14283.598435065851
2024-07-29 16:00:00+00:00,14283.598435065851
2024-07-29 20:00:00+00:00,14283.598435065851
2024-07-30 00:00:00+00:00,14283.598435065851
2024-07-30 04:00:00+00:00,14283.598435065851
2024-07-30 08:00:00+00:00,14283.598435065851
2024-07-30 12:00:00+00:00,14283.598435065851
2024-07-30 16:00:00+00:00,14283.598435065851
2024-07-30 20:00:00+00:00,14283.598435065851
2024-07-31 00:00:00+00:00,14283.598435065851
2024-07-31 04:00:00+00:00,14283.598435065851
2024-07-31 08:00:00+00:00,14283.598435065851
2024-07-31 12:00:00+00:00,14283.598435065851
2024-07-31 16:00:00+00:00,14283.598435065851
2024-07-31 20:00:00+00:00,14283.598435065851
2024-08-01 00:00:00+00:00,14283.598435065851
2024-08-01 04:00:00+00:00,14283.598435065851
2024-08-01 08:00:00+00:00,14283.598435065851
2024-08-01 12:00:00+00:00,14283.598435065851
2024-08-01 16:00:00+00:00,14283.598435065851
2024-08-01 20:00:00+00:00,14283.598435065851
2024-08-02 00:00:00+00:00,14283.598435065851
2024-08-02 04:00:00+00:00,14283.598435065851
2024-08-02 08:00:00+00:00,14283.598435065851
2024-08-02 12:00:00+00:00,14283.598435065851
2024-08-02 16:00:00+00:00,14283.598435065851
2024-08-02 20:00:00+00:00,14283.598435065851
2024-08-03 00:00:00+00:00,14283.598435065851
2024-08-03 04:00:00+00:00,14283.598435065851
2024-08-03 08:00:00+00:00,14283.598435065851
2024-08-03 12:00:00+00:00,14283.598435065851
2024-08-03 16:00:00+00:00,14283.598435065851
2024-08-03 20:00:00+00:00,14283.598435065851
2024-08-04 00:00:00+00:00,14283.598435065851
2024-08-04 04:00:00+00:00,14283.598435065851
2024-08-04 08:00:00+00:00,14283.598435065851
2024-08-04 12:00:00+00:00,14283.598435065851
2024-08-04 16:00:00+00:00,14283.598435065851
2024-08-04 20:00:00+00:00,14283.598435065851
2024-08-05 00:00:00+00:00,14283.598435065851
2024-08-05 04:00:00+00:00,14283.598435065851
2024-08-05 08:00:00+00:00,14283.598435065851
2024-08-05 12:00:00+00:00,14283.598435065851
2024-08-05 16:00:00+00:00,14283.598435065851
2024-08-05 20:00:00+00:00,14283.598435065851
2024-08-06 00:00:00+00:00,14283.598435065851
2024-08-06 04:00:00+00:00,14283.598435065851
2024-08-06 08:00:00+00:00,14283.598435065851
2024-08-06 12:00:00+00:00,14283.598435065851
2024-08-06 16:00:00+00:00,14283.598435065851
2024-08-06 20:00:00+00:00,14283.598435065851
2024-08-07 00:00:00+00:00,14283.598435065851
2024-08-07 04:00:00+00:00,14283.598435065851
2024-08-07 08:00:00+00:00,14283.598435065851
2024-08-07 12:00:00+00:00,14283.598435065851
2024-08-07 16:00:00+00:00,14283.598435065851
2024-08-07 20:00:00+00:00,14283.598435065851
2024-08-08 00:00:00+00:00,14283.598435065851
2024-08-08 04:00:00+00:00,14283.598435065851
2024-08-08 08:00:00+00:00,14283.598435065851
2024-08-08 12:00:00+00:00,14283.598435065851
2024-08-08 16:00:00+00:00,14255.088258548754
2024-08-08 20:00:00+00:00,15204.005876357907
2024-08-09 00:00:00+00:00,15086.723923594978
2024-08-09 04:00:00+00:00,15033.413945066373
2024-08-09 08:00:00+00:00,14905.469996597725
2024-08-09 12:00:00+00:00,14617.596112543262
2024-08-09 16:00:00+00:00,15033.413945066373
2024-08-09 20:00:00+00:00,15033.413945066373
2024-08-10 00:00:00+00:00,14862.82201377484
2024-08-10 04:00:00+00:00,15129.371906417864
2024-08-10 08:00:00+00:00,15097.3859193007
2024-08-10 12:00:00+00:00,15129.371906417864
2024-08-10 16:00:00+00:00,15310.625833415117
2024-08-10 20:00:00+00:00,15204.005876357907
2024-08-11 00:00:00+00:00,15385.259803355162
2024-08-11 04:00:00+00:00,15619.823708881022
2024-08-11 08:00:00+00:00,15193.343880652186
2024-08-11 12:00:00+00:00,14851.951220485662
2024-08-11 16:00:00+00:00,14851.951220485662
2024-08-11 20:00:00+00:00,14851.951220485662
2024-08-12 00:00:00+00:00,14851.951220485662
2024-08-12 04:00:00+00:00,14851.951220485662
2024-08-12 08:00:00+00:00,14851.951220485662
2024-08-12 12:00:00+00:00,14851.951220485662
2024-08-12 16:00:00+00:00,14851.951220485662
2024-08-12 20:00:00+00:00,14851.951220485662
2024-08-13 00:00:00+00:00,14851.951220485662
2024-08-13 04:00:00+00:00,14851.951220485662
2024-08-13 08:00:00+00:00,14851.951220485662
2024-08-13 12:00:00+00:00,14851.951220485662
2024-08-13 16:00:00+00:00,14851.951220485662
2024-08-13 20:00:00+00:00,14851.951220485662
2024-08-14 00:00:00+00:00,14851.951220485662
2024-08-14 04:00:00+00:00,14851.951220485662
2024-08-14 08:00:00+00:00,14851.951220485662
2024-08-14 12:00:00+00:00,14851.951220485662
2024-08-14 16:00:00+00:00,14851.951220485662
2024-08-14 20:00:00+00:00,14851.951220485662
2024-08-15 00:00:00+00:00,14851.951220485662
2024-08-15 04:00:00+00:00,14851.951220485662
2024-08-15 08:00:00+00:00,14851.951220485662
2024-08-15 12:00:00+00:00,14851.951220485662
2024-08-15 16:00:00+00:00,14851.951220485662
2024-08-15 20:00:00+00:00,14851.951220485662
2024-08-16 00:00:00+00:00,14851.951220485662
2024-08-16 04:00:00+00:00,14851.951220485662
2024-08-16 08:00:00+00:00,14851.951220485662
2024-08-16 12:00:00+00:00,14851.951220485662
2024-08-16 16:00:00+00:00,14851.951220485662
2024-08-16 20:00:00+00:00,14851.951220485662
2024-08-17 00:00:00+00:00,14851.951220485662
2024-08-17 04:00:00+00:00,14851.951220485662
2024-08-17 08:00:00+00:00,14851.951220485662
2024-08-17 12:00:00+00:00,14851.951220485662
2024-08-17 16:00:00+00:00,14851.951220485662
2024-08-17 20:00:00+00:00,14851.951220485662
2024-08-18 00:00:00+00:00,14851.951220485662
2024-08-18 04:00:00+00:00,14851.951220485662
2024-08-18 08:00:00+00:00,14851.951220485662
2024-08-18 12:00:00+00:00,14851.951220485662
2024-08-18 16:00:00+00:00,14851.951220485662
2024-08-18 20:00:00+00:00,14851.951220485662
2024-08-19 00:00:00+00:00,14851.951220485662
2024-08-19 04:00:00+00:00,14851.951220485662
2024-08-19 08:00:00+00:00,14851.951220485662
2024-08-19 12:00:00+00:00,14851.951220485662
2024-08-19 16:00:00+00:00,14851.951220485662
2024-08-19 20:00:00+00:00,14851.951220485662
2024-08-20 00:00:00+00:00,14822.30660727112
2024-08-20 04:00:00+00:00,14758.55475089576
2024-08-20 08:00:00+00:00,14620.425728749147
2024-08-20 12:00:00+00:00,14199.336082221436
2024-08-20 16:00:00+00:00,14199.336082221436
2024-08-20 20:00:00+00:00,14199.336082221436
2024-08-21 00:00:00+00:00,14199.336082221436
2024-08-21 04:00:00+00:00,14199.336082221436
2024-08-21 08:00:00+00:00,14199.336082221436
2024-08-21 12:00:00+00:00,14199.336082221436
2024-08-21 16:00:00+00:00,14199.336082221436
2024-08-21 20:00:00+00:00,14199.336082221436
2024-08-22 00:00:00+00:00,14199.336082221436
2024-08-22 04:00:00+00:00,14199.336082221436
2024-08-22 08:00:00+00:00,14199.336082221436
2024-08-22 12:00:00+00:00,14199.336082221436
2024-08-22 16:00:00+00:00,14199.336082221436
2024-08-22 20:00:00+00:00,14199.336082221436
2024-08-23 00:00:00+00:00,14199.336082221436
2024-08-23 04:00:00+00:00,14199.336082221436
2024-08-23 08:00:00+00:00,14199.336082221436
2024-08-23 12:00:00+00:00,14199.336082221436
2024-08-23 16:00:00+00:00,14199.336082221436
2024-08-23 20:00:00+00:00,14199.336082221436
2024-08-24 00:00:00+00:00,14199.336082221436
2024-08-24 04:00:00+00:00,14199.336082221436
2024-08-24 08:00:00+00:00,14199.336082221436
2024-08-24 12:00:00+00:00,14199.336082221436
2024-08-24 16:00:00+00:00,14199.336082221436
2024-08-24 20:00:00+00:00,14199.336082221436
2024-08-25 00:00:00+00:00,14199.336082221436
2024-08-25 04:00:00+00:00,14199.336082221436
2024-08-25 08:00:00+00:00,14199.336082221436
2024-08-25 12:00:00+00:00,14199.336082221436
2024-08-25 16:00:00+00:00,14199.336082221436
2024-08-25 20:00:00+00:00,14199.336082221436
2024-08-26 00:00:00+00:00,14199.336082221436
2024-08-26 04:00:00+00:00,14199.336082221436
2024-08-26 08:00:00+00:00,14199.336082221436
2024-08-26 12:00:00+00:00,14199.336082221436
2024-08-26 16:00:00+00:00,14199.336082221436
2024-08-26 20:00:00+00:00,14199.336082221436
2024-08-27 00:00:00+00:00,14199.336082221436
2024-08-27 04:00:00+00:00,14199.336082221436
2024-08-27 08:00:00+00:00,14199.336082221436
2024-08-27 12:00:00+00:00,14199.336082221436
2024-08-27 16:00:00+00:00,14199.336082221436
2024-08-27 20:00:00+00:00,14199.336082221436
2024-08-28 00:00:00+00:00,14199.336082221436
2024-08-28 04:00:00+00:00,14199.336082221436
2024-08-28 08:00:00+00:00,14199.336082221436
2024-08-28 12:00:00+00:00,14199.336082221436
2024-08-28 16:00:00+00:00,14199.336082221436
2024-08-28 20:00:00+00:00,14199.336082221436
2024-08-29 00:00:00+00:00,14199.336082221436
2024-08-29 04:00:00+00:00,14199.336082221436
2024-08-29 08:00:00+00:00,14199.336082221436
2024-08-29 12:00:00+00:00,14199.336082221436
2024-08-29 16:00:00+00:00,14199.336082221436
2024-08-29 20:00:00+00:00,14199.336082221436
2024-08-30 00:00:00+00:00,14199.336082221436
2024-08-30 04:00:00+00:00,14199.336082221436
2024-08-30 08:00:00+00:00,14199.336082221436
2024-08-30 12:00:00+00:00,14199.336082221436
2024-08-30 16:00:00+00:00,14199.336082221436
2024-08-30 20:00:00+00:00,14199.336082221436
2024-08-31 00:00:00+00:00,14199.336082221436
2024-08-31 04:00:00+00:00,14199.336082221436
2024-08-31 08:00:00+00:00,14199.336082221436
2024-08-31 12:00:00+00:00,14199.336082221436
2024-08-31 16:00:00+00:00,14199.336082221436
2024-08-31 20:00:00+00:00,14199.336082221436
2024-09-01 00:00:00+00:00,14199.336082221436
2024-09-01 04:00:00+00:00,14199.336082221436
2024-09-01 08:00:00+00:00,14199.336082221436
2024-09-01 12:00:00+00:00,14199.336082221436
2024-09-01 16:00:00+00:00,14199.336082221436
2024-09-01 20:00:00+00:00,14199.336082221436
2024-09-02 00:00:00+00:00,14199.336082221436
2024-09-02 04:00:00+00:00,14199.336082221436
2024-09-02 08:00:00+00:00,14199.336082221436
2024-09-02 12:00:00+00:00,14199.336082221436
2024-09-02 16:00:00+00:00,14199.336082221436
2024-09-02 20:00:00+00:00,14199.336082221436
2024-09-03 00:00:00+00:00,14199.336082221436
2024-09-03 04:00:00+00:00,14199.336082221436
2024-09-03 08:00:00+00:00,14199.336082221436
2024-09-03 12:00:00+00:00,14199.336082221436
2024-09-03 16:00:00+00:00,14199.336082221436
2024-09-03 20:00:00+00:00,14199.336082221436
2024-09-04 00:00:00+00:00,14199.336082221436
2024-09-04 04:00:00+00:00,14199.336082221436
2024-09-04 08:00:00+00:00,14199.336082221436
2024-09-04 12:00:00+00:00,14199.336082221436
2024-09-04 16:00:00+00:00,14199.336082221436
2024-09-04 20:00:00+00:00,14199.336082221436
2024-09-05 00:00:00+00:00,14199.336082221436
2024-09-05 04:00:00+00:00,14199.336082221436
2024-09-05 08:00:00+00:00,14199.336082221436
2024-09-05 12:00:00+00:00,14199.336082221436
2024-09-05 16:00:00+00:00,14199.336082221436
2024-09-05 20:00:00+00:00,14199.336082221436
2024-09-06 00:00:00+00:00,14199.336082221436
2024-09-06 04:00:00+00:00,14199.336082221436
2024-09-06 08:00:00+00:00,14199.336082221436
2024-09-06 12:00:00+00:00,14199.336082221436
2024-09-06 16:00:00+00:00,14199.336082221436
2024-09-06 20:00:00+00:00,14199.336082221436
2024-09-07 00:00:00+00:00,14199.336082221436
2024-09-07 04:00:00+00:00,14170.994094033369
2024-09-07 08:00:00+00:00,14282.576724695049
2024-09-07 12:00:00+00:00,14363.727728812633
2024-09-07 16:00:00+00:00,14444.87873293022
2024-09-07 20:00:00+00:00,14373.871604327333
2024-09-08 00:00:00+00:00,14688.331745282974
2024-09-08 04:00:00+00:00,14607.180741165392
2024-09-08 08:00:00+00:00,14414.447106386126
2024-09-08 12:00:00+00:00,14191.281845062764
2024-09-08 16:00:00+00:00,14124.587428966444
2024-09-08 20:00:00+00:00,14124.587428966444
2024-09-09 00:00:00+00:00,14124.587428966444
2024-09-09 04:00:00+00:00,14124.587428966444
2024-09-09 08:00:00+00:00,14124.587428966444
2024-09-09 12:00:00+00:00,14124.587428966444
2024-09-09 16:00:00+00:00,14124.587428966444
2024-09-09 20:00:00+00:00,14124.587428966444
2024-09-10 00:00:00+00:00,14124.587428966444
2024-09-10 04:00:00+00:00,14124.587428966444
2024-09-10 08:00:00+00:00,14124.587428966444
2024-09-10 12:00:00+00:00,14124.587428966444
2024-09-10 16:00:00+00:00,14124.587428966444
2024-09-10 20:00:00+00:00,14124.587428966444
2024-09-11 00:00:00+00:00,14124.587428966444
2024-09-11 04:00:00+00:00,14124.587428966444
2024-09-11 08:00:00+00:00,14124.587428966444
2024-09-11 12:00:00+00:00,14124.587428966444
2024-09-11 16:00:00+00:00,14124.587428966444
2024-09-11 20:00:00+00:00,14124.587428966444
2024-09-12 00:00:00+00:00,14124.587428966444
2024-09-12 04:00:00+00:00,14124.587428966444
2024-09-12 08:00:00+00:00,14124.587428966444
2024-09-12 12:00:00+00:00,14124.587428966444
2024-09-12 16:00:00+00:00,14124.587428966444
2024-09-12 20:00:00+00:00,14124.587428966444
2024-09-13 00:00:00+00:00,14124.587428966444
2024-09-13 04:00:00+00:00,14124.587428966444
2024-09-13 08:00:00+00:00,14124.587428966444
2024-09-13 12:00:00+00:00,14124.587428966444
2024-09-13 16:00:00+00:00,14124.587428966444
2024-09-13 20:00:00+00:00,14124.587428966444
2024-09-14 00:00:00+00:00,14124.587428966444
2024-09-14 04:00:00+00:00,14124.587428966444
2024-09-14 08:00:00+00:00,14124.587428966444
2024-09-14 12:00:00+00:00,14124.587428966444
2024-09-14 16:00:00+00:00,14124.587428966444
2024-09-14 20:00:00+00:00,14124.587428966444
2024-09-15 00:00:00+00:00,14124.587428966444
2024-09-15 04:00:00+00:00,14124.587428966444
2024-09-15 08:00:00+00:00,14124.587428966444
2024-09-15 12:00:00+00:00,14124.587428966444
2024-09-15 16:00:00+00:00,14124.587428966444
2024-09-15 20:00:00+00:00,14124.587428966444
2024-09-16 00:00:00+00:00,14124.587428966444
2024-09-16 04:00:00+00:00,14124.587428966444
2024-09-16 08:00:00+00:00,14124.587428966444
2024-09-16 12:00:00+00:00,14124.587428966444
2024-09-16 16:00:00+00:00,14124.587428966444
2024-09-16 20:00:00+00:00,14124.587428966444
2024-09-17 00:00:00+00:00,14124.587428966444
2024-09-17 04:00:00+00:00,14124.587428966444
2024-09-17 08:00:00+00:00,14124.587428966444
2024-09-17 12:00:00+00:00,14124.587428966444
2024-09-17 16:00:00+00:00,14124.587428966444
2024-09-17 20:00:00+00:00,14124.587428966444
2024-09-18 00:00:00+00:00,14124.587428966444
2024-09-18 04:00:00+00:00,14124.587428966444
2024-09-18 08:00:00+00:00,14124.587428966444
2024-09-18 12:00:00+00:00,14124.587428966444
2024-09-18 16:00:00+00:00,14124.587428966444
2024-09-18 20:00:00+00:00,14124.587428966444
2024-09-19 00:00:00+00:00,14124.587428966444
2024-09-19 04:00:00+00:00,14096.394639687069
2024-09-19 08:00:00+00:00,14033.981760194463
2024-09-19 12:00:00+00:00,14140.975267896072
2024-09-19 16:00:00+00:00,14354.962283299294
2024-09-19 20:00:00+00:00,14319.29778073209
2024-09-20 00:00:00+00:00,14667.026680762321
2024-09-20 04:00:00+00:00,15059.336209001556
2024-09-20 08:00:00+00:00,14818.600816672933
2024-09-20 12:00:00+00:00,14925.594324374542
2024-09-20 16:00:00+00:00,14791.85243974753
2024-09-20 20:00:00+00:00,14988.007203867148
2024-09-21 00:00:00+00:00,14747.271811538525
2024-09-21 04:00:00+00:00,14456.112613101004
2024-09-21 08:00:00+00:00,14456.112613101004
2024-09-21 12:00:00+00:00,14456.112613101004
2024-09-21 16:00:00+00:00,14456.112613101004
2024-09-21 20:00:00+00:00,14456.112613101004
2024-09-22 00:00:00+00:00,14456.112613101004
2024-09-22 04:00:00+00:00,14456.112613101004
2024-09-22 08:00:00+00:00,14456.112613101004
2024-09-22 12:00:00+00:00,14456.112613101004
2024-09-22 16:00:00+00:00,14456.112613101004
2024-09-22 20:00:00+00:00,14456.112613101004
2024-09-23 00:00:00+00:00,14456.112613101004
2024-09-23 04:00:00+00:00,14456.112613101004
2024-09-23 08:00:00+00:00,14456.112613101004
2024-09-23 12:00:00+00:00,14456.112613101004
2024-09-23 16:00:00+00:00,14456.112613101004
2024-09-23 20:00:00+00:00,14456.112613101004
2024-09-24 00:00:00+00:00,14456.112613101004
2024-09-24 04:00:00+00:00,14456.112613101004
2024-09-24 08:00:00+00:00,14456.112613101004
2024-09-24 12:00:00+00:00,14456.112613101004
2024-09-24 16:00:00+00:00,14456.112613101004
2024-09-24 20:00:00+00:00,14456.112613101004
2024-09-25 00:00:00+00:00,14456.112613101004
2024-09-25 04:00:00+00:00,14456.112613101004
2024-09-25 08:00:00+00:00,14456.112613101004
2024-09-25 12:00:00+00:00,14456.112613101004
2024-09-25 16:00:00+00:00,14456.112613101004
2024-09-25 20:00:00+00:00,14456.112613101004
2024-09-26 00:00:00+00:00,14456.112613101004
2024-09-26 04:00:00+00:00,14456.112613101004
2024-09-26 08:00:00+00:00,14456.112613101004
2024-09-26 12:00:00+00:00,14456.112613101004
2024-09-26 16:00:00+00:00,14456.112613101004
2024-09-26 20:00:00+00:00,14456.112613101004
2024-09-27 00:00:00+00:00,14456.112613101004
2024-09-27 04:00:00+00:00,14456.112613101004
2024-09-27 08:00:00+00:00,14456.112613101004
2024-09-27 12:00:00+00:00,14456.112613101004
2024-09-27 16:00:00+00:00,14456.112613101004
2024-09-27 20:00:00+00:00,14456.112613101004
2024-09-28 00:00:00+00:00,14456.112613101004
2024-09-28 04:00:00+00:00,14456.112613101004
2024-09-28 08:00:00+00:00,14456.112613101004
2024-09-28 12:00:00+00:00,14456.112613101004
2024-09-28 16:00:00+00:00,14456.112613101004
2024-09-28 20:00:00+00:00,14456.112613101004
2024-09-29 00:00:00+00:00,14456.112613101004
2024-09-29 04:00:00+00:00,14456.112613101004
2024-09-29 08:00:00+00:00,14456.112613101004
2024-09-29 12:00:00+00:00,14456.112613101004
2024-09-29 16:00:00+00:00,14456.112613101004
2024-09-29 20:00:00+00:00,14456.112613101004
2024-09-30 00:00:00+00:00,14456.112613101004
2024-09-30 04:00:00+00:00,14456.112613101004
2024-09-30 08:00:00+00:00,14456.112613101004
2024-09-30 12:00:00+00:00,14456.112613101004
2024-09-30 16:00:00+00:00,14456.112613101004
2024-09-30 20:00:00+00:00,14456.112613101004
2024-10-01 00:00:00+00:00,14456.112613101004
2024-10-01 04:00:00+00:00,14456.112613101004
2024-10-01 08:00:00+00:00,14456.112613101004
2024-10-01 12:00:00+00:00,14456.112613101004
2024-10-01 16:00:00+00:00,14456.112613101004
2024-10-01 20:00:00+00:00,14456.112613101004
2024-10-02 00:00:00+00:00,14456.112613101004
2024-10-02 04:00:00+00:00,14456.112613101004
2024-10-02 08:00:00+00:00,14456.112613101004
2024-10-02 12:00:00+00:00,14456.112613101004
2024-10-02 16:00:00+00:00,14456.112613101004
2024-10-02 20:00:00+00:00,14456.112613101004
2024-10-03 00:00:00+00:00,14456.112613101004
2024-10-03 04:00:00+00:00,14456.112613101004
2024-10-03 08:00:00+00:00,14456.112613101004
2024-10-03 12:00:00+00:00,14456.112613101004
2024-10-03 16:00:00+00:00,14456.112613101004
2024-10-03 20:00:00+00:00,14456.112613101004
2024-10-04 00:00:00+00:00,14456.112613101004
2024-10-04 04:00:00+00:00,14456.112613101004
2024-10-04 08:00:00+00:00,14456.112613101004
2024-10-04 12:00:00+00:00,14456.112613101004
2024-10-04 16:00:00+00:00,14456.112613101004
2024-10-04 20:00:00+00:00,14456.112613101004
2024-10-05 00:00:00+00:00,14456.112613101004
2024-10-05 04:00:00+00:00,14456.112613101004
2024-10-05 08:00:00+00:00,14456.112613101004
2024-10-05 12:00:00+00:00,14456.112613101004
2024-10-05 16:00:00+00:00,14456.112613101004
2024-10-05 20:00:00+00:00,14456.112613101004
2024-10-06 00:00:00+00:00,14456.112613101004
2024-10-06 04:00:00+00:00,14456.112613101004
2024-10-06 08:00:00+00:00,14456.112613101004
2024-10-06 12:00:00+00:00,14456.112613101004
2024-10-06 16:00:00+00:00,14456.112613101004
2024-10-06 20:00:00+00:00,14427.258096907188
2024-10-07 00:00:00+00:00,14590.035949544503
2024-10-07 04:00:00+00:00,14444.392607711115
2024-10-07 08:00:00+00:00,14000.82051489534
2024-10-07 12:00:00+00:00,14000.82051489534
2024-10-07 16:00:00+00:00,14000.82051489534
2024-10-07 20:00:00+00:00,14000.82051489534
2024-10-08 00:00:00+00:00,14000.82051489534
2024-10-08 04:00:00+00:00,14000.82051489534
2024-10-08 08:00:00+00:00,14000.82051489534
2024-10-08 12:00:00+00:00,14000.82051489534
2024-10-08 16:00:00+00:00,14000.82051489534
2024-10-08 20:00:00+00:00,14000.82051489534
2024-10-09 00:00:00+00:00,14000.82051489534
2024-10-09 04:00:00+00:00,14000.82051489534
2024-10-09 08:00:00+00:00,14000.82051489534
2024-10-09 12:00:00+00:00,14000.82051489534
2024-10-09 16:00:00+00:00,14000.82051489534
2024-10-09 20:00:00+00:00,14000.82051489534
2024-10-10 00:00:00+00:00,14000.82051489534
2024-10-10 04:00:00+00:00,14000.82051489534
2024-10-10 08:00:00+00:00,14000.82051489534
2024-10-10 12:00:00+00:00,14000.82051489534
2024-10-10 16:00:00+00:00,14000.82051489534
2024-10-10 20:00:00+00:00,14000.82051489534
2024-10-11 00:00:00+00:00,14000.82051489534
2024-10-11 04:00:00+00:00,14000.82051489534
2024-10-11 08:00:00+00:00,14000.82051489534
2024-10-11 12:00:00+00:00,14000.82051489534
2024-10-11 16:00:00+00:00,13972.874765364611
2024-10-11 20:00:00+00:00,13882.727186233225
2024-10-12 00:00:00+00:00,13931.898593032163
2024-10-12 04:00:00+00:00,14267.903206158235
2024-10-12 08:00:00+00:00,14087.608047895466
2024-10-12 12:00:00+00:00,14112.193751294932
2024-10-12 16:00:00+00:00,14071.217578962487
2024-10-12 20:00:00+00:00,14063.022344495997
2024-10-13 00:00:00+00:00,13817.165310501312
2024-10-13 04:00:00+00:00,13882.727186233225
2024-10-13 08:00:00+00:00,13767.993903702374
2024-10-13 12:00:00+00:00,13708.013389900869
2024-10-13 16:00:00+00:00,13708.013389900869
2024-10-13 20:00:00+00:00,13708.013389900869
2024-10-14 00:00:00+00:00,13708.013389900869
2024-10-14 04:00:00+00:00,13708.013389900869
2024-10-14 08:00:00+00:00,13708.013389900869
2024-10-14 12:00:00+00:00,13708.013389900869
2024-10-14 16:00:00+00:00,13708.013389900869
2024-10-14 20:00:00+00:00,13708.013389900869
2024-10-15 00:00:00+00:00,13708.013389900869
2024-10-15 04:00:00+00:00,13708.013389900869
2024-10-15 08:00:00+00:00,13708.013389900869
2024-10-15 12:00:00+00:00,13708.013389900869
2024-10-15 16:00:00+00:00,13708.013389900869
2024-10-15 20:00:00+00:00,13708.013389900869
2024-10-16 00:00:00+00:00,13708.013389900869
2024-10-16 04:00:00+00:00,13708.013389900869
2024-10-16 08:00:00+00:00,13708.013389900869
2024-10-16 12:00:00+00:00,13708.013389900869
2024-10-16 16:00:00+00:00,13708.013389900869
2024-10-16 20:00:00+00:00,13708.013389900869
2024-10-17 00:00:00+00:00,13708.013389900869
2024-10-17 04:00:00+00:00,13708.013389900869
2024-10-17 08:00:00+00:00,13708.013389900869
2024-10-17 12:00:00+00:00,13708.013389900869
2024-10-17 16:00:00+00:00,13708.013389900869
2024-10-17 20:00:00+00:00,13708.013389900869
2024-10-18 00:00:00+00:00,13708.013389900869
2024-10-18 04:00:00+00:00,13708.013389900869
2024-10-18 08:00:00+00:00,13708.013389900869
2024-10-18 12:00:00+00:00,13708.013389900869
2024-10-18 16:00:00+00:00,13708.013389900869
2024-10-18 20:00:00+00:00,13708.013389900869
2024-10-19 00:00:00+00:00,13708.013389900869
2024-10-19 04:00:00+00:00,13708.013389900869
2024-10-19 08:00:00+00:00,13708.013389900869
2024-10-19 12:00:00+00:00,13708.013389900869
2024-10-19 16:00:00+00:00,13708.013389900869
2024-10-19 20:00:00+00:00,13708.013389900869
2024-10-20 00:00:00+00:00,13708.013389900869
2024-10-20 04:00:00+00:00,13708.013389900869
2024-10-20 08:00:00+00:00,13708.013389900869
2024-10-20 12:00:00+00:00,13680.652085729407
2024-10-20 16:00:00+00:00,13580.79331138102
2024-10-20 20:00:00+00:00,13903.413966968126
2024-10-21 00:00:00+00:00,13788.192304258444
2024-10-21 04:00:00+00:00,13726.74075081328
2024-10-21 08:00:00+00:00,13418.446286439874
2024-10-21 12:00:00+00:00,13418.446286439874
2024-10-21 16:00:00+00:00,13418.446286439874
2024-10-21 20:00:00+00:00,13418.446286439874
2024-10-22 00:00:00+00:00,13418.446286439874
2024-10-22 04:00:00+00:00,13418.446286439874
2024-10-22 08:00:00+00:00,13418.446286439874
2024-10-22 12:00:00+00:00,13418.446286439874
2024-10-22 16:00:00+00:00,13418.446286439874
2024-10-22 20:00:00+00:00,13418.446286439874
2024-10-23 00:00:00+00:00,13418.446286439874
2024-10-23 04:00:00+00:00,13418.446286439874
2024-10-23 08:00:00+00:00,13418.446286439874
2024-10-23 12:00:00+00:00,13418.446286439874
2024-10-23 16:00:00+00:00,13418.446286439874
2024-10-23 20:00:00+00:00,13418.446286439874
2024-10-24 00:00:00+00:00,13418.446286439874
2024-10-24 04:00:00+00:00,13418.446286439874
2024-10-24 08:00:00+00:00,13418.446286439874
2024-10-24 12:00:00+00:00,13418.446286439874
2024-10-24 16:00:00+00:00,13418.446286439874
2024-10-24 20:00:00+00:00,13418.446286439874
2024-10-25 00:00:00+00:00,13418.446286439874
2024-10-25 04:00:00+00:00,13418.446286439874
2024-10-25 08:00:00+00:00,13418.446286439874
2024-10-25 12:00:00+00:00,13418.446286439874
2024-10-25 16:00:00+00:00,13418.446286439874
2024-10-25 20:00:00+00:00,13418.446286439874
2024-10-26 00:00:00+00:00,13418.446286439874
2024-10-26 04:00:00+00:00,13418.446286439874
2024-10-26 08:00:00+00:00,13418.446286439874
2024-10-26 12:00:00+00:00,13418.446286439874
2024-10-26 16:00:00+00:00,13418.446286439874
2024-10-26 20:00:00+00:00,13418.446286439874
2024-10-27 00:00:00+00:00,13418.446286439874
2024-10-27 04:00:00+00:00,13418.446286439874
2024-10-27 08:00:00+00:00,13418.446286439874
2024-10-27 12:00:00+00:00,13418.446286439874
2024-10-27 16:00:00+00:00,13418.446286439874
2024-10-27 20:00:00+00:00,13418.446286439874
2024-10-28 00:00:00+00:00,13418.446286439874
2024-10-28 04:00:00+00:00,13418.446286439874
2024-10-28 08:00:00+00:00,13418.446286439874
2024-10-28 12:00:00+00:00,13418.446286439874
2024-10-28 16:00:00+00:00,13418.446286439874
2024-10-28 20:00:00+00:00,13418.446286439874
2024-10-29 00:00:00+00:00,13418.446286439874
2024-10-29 04:00:00+00:00,13418.446286439874
2024-10-29 08:00:00+00:00,13391.662960518835
2024-10-29 12:00:00+00:00,13502.665495419524
2024-10-29 16:00:00+00:00,13447.164227969179
2024-10-29 20:00:00+00:00,13502.665495419524
2024-10-30 00:00:00+00:00,13491.485954404527
2024-10-30 04:00:00+00:00,13491.485954404527
2024-10-30 08:00:00+00:00,13491.485954404527
2024-10-30 12:00:00+00:00,13491.485954404527
2024-10-30 16:00:00+00:00,13491.485954404527
2024-10-30 20:00:00+00:00,13491.485954404527
2024-10-31 00:00:00+00:00,13491.485954404527
2024-10-31 04:00:00+00:00,13491.485954404527
2024-10-31 08:00:00+00:00,13491.485954404527
2024-10-31 12:00:00+00:00,13491.485954404527
2024-10-31 16:00:00+00:00,13491.485954404527
2024-10-31 20:00:00+00:00,13491.485954404527
2024-11-01 00:00:00+00:00,13491.485954404527
2024-11-01 04:00:00+00:00,13491.485954404527
2024-11-01 08:00:00+00:00,13491.485954404527
2024-11-01 12:00:00+00:00,13491.485954404527
2024-11-01 16:00:00+00:00,13491.485954404527
2024-11-01 20:00:00+00:00,13491.485954404527
2024-11-02 00:00:00+00:00,13491.485954404527
2024-11-02 04:00:00+00:00,13491.485954404527
2024-11-02 08:00:00+00:00,13491.485954404527
2024-11-02 12:00:00+00:00,13491.485954404527
2024-11-02 16:00:00+00:00,13491.485954404527
2024-11-02 20:00:00+00:00,13491.485954404527
2024-11-03 00:00:00+00:00,13491.485954404527
2024-11-03 04:00:00+00:00,13491.485954404527
2024-11-03 08:00:00+00:00,13491.485954404527
2024-11-03 12:00:00+00:00,13491.485954404527
2024-11-03 16:00:00+00:00,13491.485954404527
2024-11-03 20:00:00+00:00,13491.485954404527
2024-11-04 00:00:00+00:00,13491.485954404527
2024-11-04 04:00:00+00:00,13491.485954404527
2024-11-04 08:00:00+00:00,13491.485954404527
2024-11-04 12:00:00+00:00,13491.485954404527
2024-11-04 16:00:00+00:00,13491.485954404527
2024-11-04 20:00:00+00:00,13491.485954404527
2024-11-05 00:00:00+00:00,13491.485954404527
2024-11-05 04:00:00+00:00,13491.485954404527
2024-11-05 08:00:00+00:00,13491.485954404527
2024-11-05 12:00:00+00:00,13491.485954404527
2024-11-05 16:00:00+00:00,13491.485954404527
2024-11-05 20:00:00+00:00,13491.485954404527
2024-11-06 00:00:00+00:00,13464.556840723084
2024-11-06 04:00:00+00:00,13545.506080246465
2024-11-06 08:00:00+00:00,13707.404559293236
2024-11-06 12:00:00+00:00,13752.37635902845
2024-11-06 16:00:00+00:00,14211.088716327635
2024-11-06 20:00:00+00:00,14399.970275215532
2024-11-07 00:00:00+00:00,15017.469063019807
2024-11-07 04:00:00+00:00,15017.469063019807
2024-11-07 08:00:00+00:00,15017.469063019807
2024-11-07 12:00:00+00:00,15017.469063019807
2024-11-07 16:00:00+00:00,15017.469063019807
2024-11-07 20:00:00+00:00,15017.469063019807
2024-11-08 00:00:00+00:00,15017.469063019807
2024-11-08 04:00:00+00:00,15017.469063019807
2024-11-08 08:00:00+00:00,15017.469063019807
2024-11-08 12:00:00+00:00,15017.469063019807
2024-11-08 16:00:00+00:00,15017.469063019807
2024-11-08 20:00:00+00:00,15017.469063019807
2024-11-09 00:00:00+00:00,15017.469063019807
2024-11-09 04:00:00+00:00,15017.469063019807
2024-11-09 08:00:00+00:00,15017.469063019807
2024-11-09 12:00:00+00:00,15017.469063019807
2024-11-09 16:00:00+00:00,15017.469063019807
2024-11-09 20:00:00+00:00,15017.469063019807
2024-11-10 00:00:00+00:00,15017.469063019807
2024-11-10 04:00:00+00:00,15017.469063019807
2024-11-10 08:00:00+00:00,15017.469063019807
2024-11-10 12:00:00+00:00,15017.469063019807
2024-11-10 16:00:00+00:00,15017.469063019807
2024-11-10 20:00:00+00:00,15017.469063019807
2024-11-11 00:00:00+00:00,15017.469063019807
2024-11-11 04:00:00+00:00,15017.469063019807
2024-11-11 08:00:00+00:00,15017.469063019807
2024-11-11 12:00:00+00:00,15017.469063019807
2024-11-11 16:00:00+00:00,15017.469063019807
2024-11-11 20:00:00+00:00,15017.469063019807
2024-11-12 00:00:00+00:00,15017.469063019807
2024-11-12 04:00:00+00:00,15017.469063019807
2024-11-12 08:00:00+00:00,15017.469063019807
2024-11-12 12:00:00+00:00,15017.469063019807
2024-11-12 16:00:00+00:00,15017.469063019807
2024-11-12 20:00:00+00:00,15017.469063019807
2024-11-13 00:00:00+00:00,15017.469063019807
2024-11-13 04:00:00+00:00,15017.469063019807
2024-11-13 08:00:00+00:00,15017.469063019807
2024-11-13 12:00:00+00:00,15017.469063019807
2024-11-13 16:00:00+00:00,15017.469063019807
2024-11-13 20:00:00+00:00,15017.469063019807
2024-11-14 00:00:00+00:00,15017.469063019807
2024-11-14 04:00:00+00:00,15017.469063019807
2024-11-14 08:00:00+00:00,15017.469063019807
2024-11-14 12:00:00+00:00,15017.469063019807
2024-11-14 16:00:00+00:00,15017.469063019807
2024-11-14 20:00:00+00:00,15017.469063019807
2024-11-15 00:00:00+00:00,15017.469063019807
2024-11-15 04:00:00+00:00,15017.469063019807
2024-11-15 08:00:00+00:00,15017.469063019807
2024-11-15 12:00:00+00:00,15017.469063019807
2024-11-15 16:00:00+00:00,15017.469063019807
2024-11-15 20:00:00+00:00,15017.469063019807
2024-11-16 00:00:00+00:00,15017.469063019807
2024-11-16 04:00:00+00:00,15017.469063019807
2024-11-16 08:00:00+00:00,15017.469063019807
2024-11-16 12:00:00+00:00,15017.469063019807
2024-11-16 16:00:00+00:00,15017.469063019807
2024-11-16 20:00:00+00:00,15017.469063019807
2024-11-17 00:00:00+00:00,15017.469063019807
2024-11-17 04:00:00+00:00,15017.469063019807
2024-11-17 08:00:00+00:00,15017.469063019807
2024-11-17 12:00:00+00:00,15017.469063019807
2024-11-17 16:00:00+00:00,15017.469063019807
2024-11-17 20:00:00+00:00,15017.469063019807
2024-11-18 00:00:00+00:00,15017.469063019807
2024-11-18 04:00:00+00:00,15017.469063019807
2024-11-18 08:00:00+00:00,15017.469063019807
2024-11-18 12:00:00+00:00,15017.469063019807
2024-11-18 16:00:00+00:00,15017.469063019807
2024-11-18 20:00:00+00:00,15017.469063019807
2024-11-19 00:00:00+00:00,15017.469063019807
2024-11-19 04:00:00+00:00,15017.469063019807
2024-11-19 08:00:00+00:00,15017.469063019807
2024-11-19 12:00:00+00:00,15017.469063019807
2024-11-19 16:00:00+00:00,15017.469063019807
2024-11-19 20:00:00+00:00,15017.469063019807
2024-11-20 00:00:00+00:00,15017.469063019807
2024-11-20 04:00:00+00:00,15017.469063019807
2024-11-20 08:00:00+00:00,15017.469063019807
2024-11-20 12:00:00+00:00,15017.469063019807
2024-11-20 16:00:00+00:00,15017.469063019807
2024-11-20 20:00:00+00:00,15017.469063019807
2024-11-21 00:00:00+00:00,15017.469063019807
2024-11-21 04:00:00+00:00,15017.469063019807
2024-11-21 08:00:00+00:00,15017.469063019807
2024-11-21 12:00:00+00:00,15017.469063019807
2024-11-21 16:00:00+00:00,15017.469063019807
2024-11-21 20:00:00+00:00,15017.469063019807
2024-11-22 00:00:00+00:00,15017.469063019807
2024-11-22 04:00:00+00:00,15017.469063019807
2024-11-22 08:00:00+00:00,15017.469063019807
2024-11-22 12:00:00+00:00,15017.469063019807
2024-11-22 16:00:00+00:00,15017.469063019807
2024-11-22 20:00:00+00:00,15017.469063019807
2024-11-23 00:00:00+00:00,15017.469063019807
2024-11-23 04:00:00+00:00,15017.469063019807
2024-11-23 08:00:00+00:00,15017.469063019807
2024-11-23 12:00:00+00:00,15017.469063019807
2024-11-23 16:00:00+00:00,15017.469063019807
2024-11-23 20:00:00+00:00,15017.469063019807
2024-11-24 00:00:00+00:00,15017.469063019807
2024-11-24 04:00:00+00:00,15017.469063019807
2024-11-24 08:00:00+00:00,15017.469063019807
2024-11-24 12:00:00+00:00,15017.469063019807
2024-11-24 16:00:00+00:00,15017.469063019807
2024-11-24 20:00:00+00:00,15017.469063019807
2024-11-25 00:00:00+00:00,15017.469063019807
2024-11-25 04:00:00+00:00,15017.469063019807
2024-11-25 08:00:00+00:00,15017.469063019807
2024-11-25 12:00:00+00:00,15017.469063019807
2024-11-25 16:00:00+00:00,15017.469063019807
2024-11-25 20:00:00+00:00,15017.469063019807
2024-11-26 00:00:00+00:00,15017.469063019807
2024-11-26 04:00:00+00:00,15017.469063019807
2024-11-26 08:00:00+00:00,15017.469063019807
2024-11-26 12:00:00+00:00,15017.469063019807
2024-11-26 16:00:00+00:00,15017.469063019807
2024-11-26 20:00:00+00:00,15017.469063019807
2024-11-27 00:00:00+00:00,15017.469063019807
2024-11-27 04:00:00+00:00,15017.469063019807
2024-11-27 08:00:00+00:00,15017.469063019807
2024-11-27 12:00:00+00:00,15017.469063019807
2024-11-27 16:00:00+00:00,15017.469063019807
2024-11-27 20:00:00+00:00,15017.469063019807
2024-11-28 00:00:00+00:00,15017.469063019807
2024-11-28 04:00:00+00:00,15017.469063019807
2024-11-28 08:00:00+00:00,15017.469063019807
2024-11-28 12:00:00+00:00,15017.469063019807
2024-11-28 16:00:00+00:00,15017.469063019807
2024-11-28 20:00:00+00:00,15017.469063019807
2024-11-29 00:00:00+00:00,15017.469063019807
2024-11-29 04:00:00+00:00,15017.469063019807
2024-11-29 08:00:00+00:00,15017.469063019807
2024-11-29 12:00:00+00:00,15017.469063019807
2024-11-29 16:00:00+00:00,15017.469063019807
2024-11-29 20:00:00+00:00,15017.469063019807
2024-11-30 00:00:00+00:00,15017.469063019807
2024-11-30 04:00:00+00:00,15017.469063019807
2024-11-30 08:00:00+00:00,15017.469063019807
2024-11-30 12:00:00+00:00,15017.469063019807
2024-11-30 16:00:00+00:00,15017.469063019807
2024-11-30 20:00:00+00:00,15017.469063019807
2024-12-01 00:00:00+00:00,15017.469063019807
2024-12-01 04:00:00+00:00,15017.469063019807
2024-12-01 08:00:00+00:00,15017.469063019807
2024-12-01 12:00:00+00:00,15017.469063019807
2024-12-01 16:00:00+00:00,15017.469063019807
2024-12-01 20:00:00+00:00,15017.469063019807
2024-12-02 00:00:00+00:00,15017.469063019807
2024-12-02 04:00:00+00:00,15017.469063019807
2024-12-02 08:00:00+00:00,15017.469063019807
2024-12-02 12:00:00+00:00,15017.469063019807
2024-12-02 16:00:00+00:00,15017.469063019807
2024-12-02 20:00:00+00:00,15017.469063019807
2024-12-03 00:00:00+00:00,15017.469063019807
2024-12-03 04:00:00+00:00,15017.469063019807
2024-12-03 08:00:00+00:00,15017.469063019807
2024-12-03 12:00:00+00:00,15017.469063019807
2024-12-03 16:00:00+00:00,15017.469063019807
2024-12-03 20:00:00+00:00,15017.469063019807
2024-12-04 00:00:00+00:00,15017.469063019807
2024-12-04 04:00:00+00:00,15017.469063019807
2024-12-04 08:00:00+00:00,15017.469063019807
2024-12-04 12:00:00+00:00,15017.469063019807
2024-12-04 16:00:00+00:00,15017.469063019807
2024-12-04 20:00:00+00:00,15017.469063019807
2024-12-05 00:00:00+00:00,15017.469063019807
2024-12-05 04:00:00+00:00,15017.469063019807
2024-12-05 08:00:00+00:00,15017.469063019807
2024-12-05 12:00:00+00:00,15017.469063019807
2024-12-05 16:00:00+00:00,15017.469063019807
2024-12-05 20:00:00+00:00,15017.469063019807
2024-12-06 00:00:00+00:00,14987.494074870066
2024-12-06 04:00:00+00:00,15125.31011234014
2024-12-06 08:00:00+00:00,14723.346669719102
2024-12-06 12:00:00+00:00,15309.064828966899
2024-12-06 16:00:00+00:00,15504.304215382832
2024-12-06 20:00:00+00:00,15297.580159177729
2024-12-07 00:00:00+00:00,15811.415770215091
2024-12-07 04:00:00+00:00,15811.415770215091
2024-12-07 08:00:00+00:00,15811.415770215091
2024-12-07 12:00:00+00:00,15811.415770215091
2024-12-07 16:00:00+00:00,15811.415770215091
2024-12-07 20:00:00+00:00,15811.415770215091
2024-12-08 00:00:00+00:00,15811.415770215091
2024-12-08 04:00:00+00:00,15811.415770215091
2024-12-08 08:00:00+00:00,15811.415770215091
2024-12-08 12:00:00+00:00,15811.415770215091
2024-12-08 16:00:00+00:00,15811.415770215091
2024-12-08 20:00:00+00:00,15811.415770215091
2024-12-09 00:00:00+00:00,15811.415770215091
2024-12-09 04:00:00+00:00,15811.415770215091
2024-12-09 08:00:00+00:00,15811.415770215091
2024-12-09 12:00:00+00:00,15811.415770215091
2024-12-09 16:00:00+00:00,15811.415770215091
2024-12-09 20:00:00+00:00,15811.415770215091
2024-12-10 00:00:00+00:00,15811.415770215091
2024-12-10 04:00:00+00:00,15811.415770215091
2024-12-10 08:00:00+00:00,15811.415770215091
2024-12-10 12:00:00+00:00,15811.415770215091
2024-12-10 16:00:00+00:00,15811.415770215091
2024-12-10 20:00:00+00:00,15811.415770215091
2024-12-11 00:00:00+00:00,15811.415770215091
2024-12-11 04:00:00+00:00,15811.415770215091
2024-12-11 08:00:00+00:00,15811.415770215091
2024-12-11 12:00:00+00:00,15811.415770215091
2024-12-11 16:00:00+00:00,15811.415770215091
2024-12-11 20:00:00+00:00,15811.415770215091
2024-12-12 00:00:00+00:00,15811.415770215091
2024-12-12 04:00:00+00:00,15811.415770215091
2024-12-12 08:00:00+00:00,15811.415770215091
2024-12-12 12:00:00+00:00,15811.415770215091
2024-12-12 16:00:00+00:00,15811.415770215091
2024-12-12 20:00:00+00:00,15811.415770215091
2024-12-13 00:00:00+00:00,15811.415770215091
2024-12-13 04:00:00+00:00,15811.415770215091
2024-12-13 08:00:00+00:00,15811.415770215091
2024-12-13 12:00:00+00:00,15811.415770215091
2024-12-13 16:00:00+00:00,15811.415770215091
2024-12-13 20:00:00+00:00,15811.415770215091
2024-12-14 00:00:00+00:00,15811.415770215091
2024-12-14 04:00:00+00:00,15811.415770215091
2024-12-14 08:00:00+00:00,15811.415770215091
2024-12-14 12:00:00+00:00,15811.415770215091
2024-12-14 16:00:00+00:00,15811.415770215091
2024-12-14 20:00:00+00:00,15811.415770215091
2024-12-15 00:00:00+00:00,15811.415770215091
2024-12-15 04:00:00+00:00,15811.415770215091
2024-12-15 08:00:00+00:00,15811.415770215091
2024-12-15 12:00:00+00:00,15811.415770215091
2024-12-15 16:00:00+00:00,15811.415770215091
2024-12-15 20:00:00+00:00,15811.415770215091
2024-12-16 00:00:00+00:00,15811.415770215091
2024-12-16 04:00:00+00:00,15811.415770215091
2024-12-16 08:00:00+00:00,15811.415770215091
2024-12-16 12:00:00+00:00,15811.415770215091
2024-12-16 16:00:00+00:00,15811.415770215091
2024-12-16 20:00:00+00:00,15811.415770215091
2024-12-17 00:00:00+00:00,15811.415770215091
2024-12-17 04:00:00+00:00,15811.415770215091
2024-12-17 08:00:00+00:00,15811.415770215091
2024-12-17 12:00:00+00:00,15811.415770215091
2024-12-17 16:00:00+00:00,15811.415770215091
2024-12-17 20:00:00+00:00,15811.415770215091
2024-12-18 00:00:00+00:00,15811.415770215091
2024-12-18 04:00:00+00:00,15811.415770215091
2024-12-18 08:00:00+00:00,15811.415770215091
2024-12-18 12:00:00+00:00,15811.415770215091
2024-12-18 16:00:00+00:00,15811.415770215091
2024-12-18 20:00:00+00:00,15811.415770215091
2024-12-19 00:00:00+00:00,15811.415770215091
2024-12-19 04:00:00+00:00,15811.415770215091
2024-12-19 08:00:00+00:00,15811.415770215091
2024-12-19 12:00:00+00:00,15811.415770215091
2024-12-19 16:00:00+00:00,15811.415770215091
2024-12-19 20:00:00+00:00,15811.415770215091
2024-12-20 00:00:00+00:00,15811.415770215091
2024-12-20 04:00:00+00:00,15811.415770215091
2024-12-20 08:00:00+00:00,15811.415770215091
2024-12-20 12:00:00+00:00,15811.415770215091
2024-12-20 16:00:00+00:00,15811.415770215091
2024-12-20 20:00:00+00:00,15811.415770215091
2024-12-21 00:00:00+00:00,15811.415770215091
2024-12-21 04:00:00+00:00,15811.415770215091
2024-12-21 08:00:00+00:00,15811.415770215091
2024-12-21 12:00:00+00:00,15811.415770215091
2024-12-21 16:00:00+00:00,15811.415770215091
2024-12-21 20:00:00+00:00,15811.415770215091
2024-12-22 00:00:00+00:00,15811.415770215091
2024-12-22 04:00:00+00:00,15811.415770215091
2024-12-22 08:00:00+00:00,15811.415770215091
2024-12-22 12:00:00+00:00,15811.415770215091
2024-12-22 16:00:00+00:00,15811.415770215091
2024-12-22 20:00:00+00:00,15811.415770215091
2024-12-23 00:00:00+00:00,15811.415770215091
2024-12-23 04:00:00+00:00,15811.415770215091
2024-12-23 08:00:00+00:00,15811.415770215091
2024-12-23 12:00:00+00:00,15811.415770215091
2024-12-23 16:00:00+00:00,15811.415770215091
2024-12-23 20:00:00+00:00,15811.415770215091
2024-12-24 00:00:00+00:00,15811.415770215091
2024-12-24 04:00:00+00:00,15811.415770215091
2024-12-24 08:00:00+00:00,15811.415770215091
2024-12-24 12:00:00+00:00,15811.415770215091
2024-12-24 16:00:00+00:00,15811.415770215091
2024-12-24 20:00:00+00:00,15811.415770215091
2024-12-25 00:00:00+00:00,15811.415770215091
2024-12-25 04:00:00+00:00,15811.415770215091
2024-12-25 08:00:00+00:00,15811.415770215091
2024-12-25 12:00:00+00:00,15811.415770215091
2024-12-25 16:00:00+00:00,15811.415770215091
2024-12-25 20:00:00+00:00,15811.415770215091
2024-12-26 00:00:00+00:00,15811.415770215091
2024-12-26 04:00:00+00:00,15811.415770215091
2024-12-26 08:00:00+00:00,15811.415770215091
2024-12-26 12:00:00+00:00,15811.415770215091
2024-12-26 16:00:00+00:00,15811.415770215091
2024-12-26 20:00:00+00:00,15811.415770215091
2024-12-27 00:00:00+00:00,15811.415770215091
2024-12-27 04:00:00+00:00,15811.415770215091
2024-12-27 08:00:00+00:00,15811.415770215091
2024-12-27 12:00:00+00:00,15811.415770215091
2024-12-27 16:00:00+00:00,15811.415770215091
2024-12-27 20:00:00+00:00,15811.415770215091
2024-12-28 00:00:00+00:00,15811.415770215091
2024-12-28 04:00:00+00:00,15811.415770215091
2024-12-28 08:00:00+00:00,15811.415770215091
2024-12-28 12:00:00+00:00,15811.415770215091
2024-12-28 16:00:00+00:00,15811.415770215091
2024-12-28 20:00:00+00:00,15811.415770215091
2024-12-29 00:00:00+00:00,15811.415770215091
2024-12-29 04:00:00+00:00,15811.415770215091
2024-12-29 08:00:00+00:00,15811.415770215091
2024-12-29 12:00:00+00:00,15811.415770215091
2024-12-29 16:00:00+00:00,15811.415770215091
2024-12-29 20:00:00+00:00,15811.415770215091
2024-12-30 00:00:00+00:00,15811.415770215091
2024-12-30 04:00:00+00:00,15811.415770215091
2024-12-30 08:00:00+00:00,15811.415770215091
2024-12-30 12:00:00+00:00,15811.415770215091
2024-12-30 16:00:00+00:00,15811.415770215091
2024-12-30 20:00:00+00:00,15811.415770215091
2024-12-31 00:00:00+00:00,15811.415770215091
2024-12-31 04:00:00+00:00,15811.415770215091
2024-12-31 08:00:00+00:00,15811.415770215091
2024-12-31 12:00:00+00:00,15811.415770215091
2024-12-31 16:00:00+00:00,15811.415770215091
2024-12-31 20:00:00+00:00,15811.415770215091
2025-01-01 00:00:00+00:00,15811.415770215091
2025-01-01 04:00:00+00:00,15811.415770215091
2025-01-01 08:00:00+00:00,15811.415770215091
2025-01-01 12:00:00+00:00,15811.415770215091
2025-01-01 16:00:00+00:00,15811.415770215091
2025-01-01 20:00:00+00:00,15811.415770215091
2025-01-02 00:00:00+00:00,15811.415770215091
2025-01-02 04:00:00+00:00,15811.415770215091
2025-01-02 08:00:00+00:00,15811.415770215091
2025-01-02 12:00:00+00:00,15811.415770215091
2025-01-02 16:00:00+00:00,15811.415770215091
2025-01-02 20:00:00+00:00,15811.415770215091
2025-01-03 00:00:00+00:00,15811.415770215091
2025-01-03 04:00:00+00:00,15811.415770215091
2025-01-03 08:00:00+00:00,15779.856058098896
2025-01-03 12:00:00+00:00,16601.205032731803
2025-01-03 16:00:00+00:00,16692.466029913237
2025-01-03 20:00:00+00:00,16733.948301359345
2025-01-04 00:00:00+00:00,16709.058938491682
2025-01-04 04:00:00+00:00,16999.434838614427
2025-01-04 08:00:00+00:00,17082.399381506642
2025-01-04 12:00:00+00:00,17040.91711006053
2025-01-04 16:00:00+00:00,17107.288744374302
2025-01-04 20:00:00+00:00,17107.288744374302
2025-01-05 00:00:00+00:00,17140.474561531188
2025-01-05 04:00:00+00:00,17339.589464472494
2025-01-05 08:00:00+00:00,17231.735558712622
2025-01-05 12:00:00+00:00,17157.067470109632
2025-01-05 16:00:00+00:00,17306.403647315612
2025-01-05 20:00:00+00:00,17372.775281629383
2025-01-06 00:00:00+00:00,17462.22765177577
2025-01-06 04:00:00+00:00,17462.22765177577
2025-01-06 08:00:00+00:00,17462.22765177577
2025-01-06 12:00:00+00:00,17462.22765177577
2025-01-06 16:00:00+00:00,17462.22765177577
2025-01-06 20:00:00+00:00,17462.22765177577
2025-01-07 00:00:00+00:00,17462.22765177577
2025-01-07 04:00:00+00:00,17462.22765177577
2025-01-07 08:00:00+00:00,17462.22765177577
2025-01-07 12:00:00+00:00,17462.22765177577
2025-01-07 16:00:00+00:00,17462.22765177577
2025-01-07 20:00:00+00:00,17462.22765177577
2025-01-08 00:00:00+00:00,17462.22765177577
2025-01-08 04:00:00+00:00,17462.22765177577
2025-01-08 08:00:00+00:00,17462.22765177577
2025-01-08 12:00:00+00:00,17462.22765177577
2025-01-08 16:00:00+00:00,17462.22765177577
2025-01-08 20:00:00+00:00,17462.22765177577
2025-01-09 00:00:00+00:00,17462.22765177577
2025-01-09 04:00:00+00:00,17462.22765177577
2025-01-09 08:00:00+00:00,17462.22765177577
2025-01-09 12:00:00+00:00,17462.22765177577
2025-01-09 16:00:00+00:00,17462.22765177577
2025-01-09 20:00:00+00:00,17462.22765177577
2025-01-10 00:00:00+00:00,17462.22765177577
2025-01-10 04:00:00+00:00,17462.22765177577
2025-01-10 08:00:00+00:00,17462.22765177577
2025-01-10 12:00:00+00:00,17462.22765177577
2025-01-10 16:00:00+00:00,17462.22765177577
2025-01-10 20:00:00+00:00,17462.22765177577
2025-01-11 00:00:00+00:00,17462.22765177577
2025-01-11 04:00:00+00:00,17462.22765177577
2025-01-11 08:00:00+00:00,17462.22765177577
2025-01-11 12:00:00+00:00,17462.22765177577
2025-01-11 16:00:00+00:00,17462.22765177577
2025-01-11 20:00:00+00:00,17462.22765177577
2025-01-12 00:00:00+00:00,17462.22765177577
2025-01-12 04:00:00+00:00,17462.22765177577
2025-01-12 08:00:00+00:00,17462.22765177577
2025-01-12 12:00:00+00:00,17462.22765177577
2025-01-12 16:00:00+00:00,17462.22765177577
2025-01-12 20:00:00+00:00,17462.22765177577
2025-01-13 00:00:00+00:00,17462.22765177577
2025-01-13 04:00:00+00:00,17462.22765177577
2025-01-13 08:00:00+00:00,17462.22765177577
2025-01-13 12:00:00+00:00,17462.22765177577
2025-01-13 16:00:00+00:00,17462.22765177577
2025-01-13 20:00:00+00:00,17462.22765177577
2025-01-14 00:00:00+00:00,17462.22765177577
2025-01-14 04:00:00+00:00,17462.22765177577
2025-01-14 08:00:00+00:00,17462.22765177577
2025-01-14 12:00:00+00:00,17462.22765177577
2025-01-14 16:00:00+00:00,17462.22765177577
2025-01-14 20:00:00+00:00,17462.22765177577
2025-01-15 00:00:00+00:00,17462.22765177577
2025-01-15 04:00:00+00:00,17462.22765177577
2025-01-15 08:00:00+00:00,17462.22765177577
2025-01-15 12:00:00+00:00,17427.37290596384
2025-01-15 16:00:00+00:00,17786.31066771269
2025-01-15 20:00:00+00:00,17946.88808744244
2025-01-16 00:00:00+00:00,17552.774425042207
2025-01-16 04:00:00+00:00,17552.774425042207
2025-01-16 08:00:00+00:00,17552.774425042207
2025-01-16 12:00:00+00:00,17552.774425042207
2025-01-16 16:00:00+00:00,17552.774425042207
2025-01-16 20:00:00+00:00,17552.774425042207
2025-01-17 00:00:00+00:00,17552.774425042207
2025-01-17 04:00:00+00:00,17552.774425042207
2025-01-17 08:00:00+00:00,17552.774425042207
2025-01-17 12:00:00+00:00,17552.774425042207
2025-01-17 16:00:00+00:00,17552.774425042207
2025-01-17 20:00:00+00:00,17552.774425042207
2025-01-18 00:00:00+00:00,17552.774425042207
2025-01-18 04:00:00+00:00,17552.774425042207
2025-01-18 08:00:00+00:00,17552.774425042207
2025-01-18 12:00:00+00:00,17552.774425042207
2025-01-18 16:00:00+00:00,17552.774425042207
2025-01-18 20:00:00+00:00,17552.774425042207
2025-01-19 00:00:00+00:00,17552.774425042207
2025-01-19 04:00:00+00:00,17552.774425042207
2025-01-19 08:00:00+00:00,17552.774425042207
2025-01-19 12:00:00+00:00,17552.774425042207
2025-01-19 16:00:00+00:00,17552.774425042207
2025-01-19 20:00:00+00:00,17552.774425042207
2025-01-20 00:00:00+00:00,17552.774425042207
2025-01-20 04:00:00+00:00,17552.774425042207
2025-01-20 08:00:00+00:00,17552.774425042207
2025-01-20 12:00:00+00:00,17552.774425042207
2025-01-20 16:00:00+00:00,17552.774425042207
2025-01-20 20:00:00+00:00,17552.774425042207
2025-01-21 00:00:00+00:00,17552.774425042207
2025-01-21 04:00:00+00:00,17552.774425042207
2025-01-21 08:00:00+00:00,17552.774425042207
2025-01-21 12:00:00+00:00,17552.774425042207
2025-01-21 16:00:00+00:00,17552.774425042207
2025-01-21 20:00:00+00:00,17552.774425042207
2025-01-22 00:00:00+00:00,17552.774425042207
2025-01-22 04:00:00+00:00,17552.774425042207
2025-01-22 08:00:00+00:00,17552.774425042207
2025-01-22 12:00:00+00:00,17552.774425042207
2025-01-22 16:00:00+00:00,17552.774425042207
2025-01-22 20:00:00+00:00,17552.774425042207
2025-01-23 00:00:00+00:00,17552.774425042207
2025-01-23 04:00:00+00:00,17552.774425042207
2025-01-23 08:00:00+00:00,17552.774425042207
2025-01-23 12:00:00+00:00,17552.774425042207
2025-01-23 16:00:00+00:00,17552.774425042207
2025-01-23 20:00:00+00:00,17552.774425042207
2025-01-24 00:00:00+00:00,17552.774425042207
2025-01-24 04:00:00+00:00,17552.774425042207
2025-01-24 08:00:00+00:00,17552.774425042207
2025-01-24 12:00:00+00:00,17552.774425042207
2025-01-24 16:00:00+00:00,17552.774425042207
2025-01-24 20:00:00+00:00,17552.774425042207
2025-01-25 00:00:00+00:00,17552.774425042207
2025-01-25 04:00:00+00:00,17552.774425042207
2025-01-25 08:00:00+00:00,17552.774425042207
2025-01-25 12:00:00+00:00,17552.774425042207
2025-01-25 16:00:00+00:00,17552.774425042207
2025-01-25 20:00:00+00:00,17552.774425042207
2025-01-26 00:00:00+00:00,17552.774425042207
2025-01-26 04:00:00+00:00,17552.774425042207
2025-01-26 08:00:00+00:00,17552.774425042207
2025-01-26 12:00:00+00:00,17552.774425042207
2025-01-26 16:00:00+00:00,17552.774425042207
2025-01-26 20:00:00+00:00,17552.774425042207
2025-01-27 00:00:00+00:00,17552.774425042207
2025-01-27 04:00:00+00:00,17552.774425042207
2025-01-27 08:00:00+00:00,17552.774425042207
2025-01-27 12:00:00+00:00,17552.774425042207
2025-01-27 16:00:00+00:00,17552.774425042207
2025-01-27 20:00:00+00:00,17552.774425042207
2025-01-28 00:00:00+00:00,17552.774425042207
2025-01-28 04:00:00+00:00,17552.774425042207
2025-01-28 08:00:00+00:00,17552.774425042207
2025-01-28 12:00:00+00:00,17552.774425042207
2025-01-28 16:00:00+00:00,17552.774425042207
2025-01-28 20:00:00+00:00,17552.774425042207
2025-01-29 00:00:00+00:00,17552.774425042207
2025-01-29 04:00:00+00:00,17552.774425042207
2025-01-29 08:00:00+00:00,17552.774425042207
2025-01-29 12:00:00+00:00,17552.774425042207
2025-01-29 16:00:00+00:00,17552.774425042207
2025-01-29 20:00:00+00:00,17552.774425042207
2025-01-30 00:00:00+00:00,17552.774425042207
2025-01-30 04:00:00+00:00,17552.774425042207
2025-01-30 08:00:00+00:00,17552.774425042207
2025-01-30 12:00:00+00:00,17552.774425042207
2025-01-30 16:00:00+00:00,17552.774425042207
2025-01-30 20:00:00+00:00,17552.774425042207
2025-01-31 00:00:00+00:00,17552.774425042207
2025-01-31 04:00:00+00:00,17552.774425042207
2025-01-31 08:00:00+00:00,17552.774425042207
2025-01-31 12:00:00+00:00,17552.774425042207
2025-01-31 16:00:00+00:00,17552.774425042207
2025-01-31 20:00:00+00:00,17552.774425042207
2025-02-01 00:00:00+00:00,17552.774425042207
2025-02-01 04:00:00+00:00,17552.774425042207
2025-02-01 08:00:00+00:00,17552.774425042207
2025-02-01 12:00:00+00:00,17552.774425042207
2025-02-01 16:00:00+00:00,17552.774425042207
2025-02-01 20:00:00+00:00,17552.774425042207
2025-02-02 00:00:00+00:00,17552.774425042207
2025-02-02 04:00:00+00:00,17552.774425042207
2025-02-02 08:00:00+00:00,17552.774425042207
2025-02-02 12:00:00+00:00,17552.774425042207
2025-02-02 16:00:00+00:00,17552.774425042207
2025-02-02 20:00:00+00:00,17552.774425042207
2025-02-03 00:00:00+00:00,17552.774425042207
2025-02-03 04:00:00+00:00,17552.774425042207
2025-02-03 08:00:00+00:00,17552.774425042207
2025-02-03 12:00:00+00:00,17552.774425042207
2025-02-03 16:00:00+00:00,17552.774425042207
2025-02-03 20:00:00+00:00,17552.774425042207
2025-02-04 00:00:00+00:00,17552.774425042207
2025-02-04 04:00:00+00:00,17552.774425042207
2025-02-04 08:00:00+00:00,17552.774425042207
2025-02-04 12:00:00+00:00,17552.774425042207
2025-02-04 16:00:00+00:00,17552.774425042207
2025-02-04 20:00:00+00:00,17552.774425042207
2025-02-05 00:00:00+00:00,17552.774425042207
2025-02-05 04:00:00+00:00,17552.774425042207
2025-02-05 08:00:00+00:00,17552.774425042207
2025-02-05 12:00:00+00:00,17552.774425042207
2025-02-05 16:00:00+00:00,17552.774425042207
2025-02-05 20:00:00+00:00,17552.774425042207
2025-02-06 00:00:00+00:00,17552.774425042207
2025-02-06 04:00:00+00:00,17552.774425042207
2025-02-06 08:00:00+00:00,17552.774425042207
2025-02-06 12:00:00+00:00,17552.774425042207
2025-02-06 16:00:00+00:00,17552.774425042207
2025-02-06 20:00:00+00:00,17552.774425042207
2025-02-07 00:00:00+00:00,17552.774425042207
2025-02-07 04:00:00+00:00,17552.774425042207
2025-02-07 08:00:00+00:00,17552.774425042207
2025-02-07 12:00:00+00:00,17552.774425042207
2025-02-07 16:00:00+00:00,17552.774425042207
2025-02-07 20:00:00+00:00,17552.774425042207
2025-02-08 00:00:00+00:00,17552.774425042207
2025-02-08 04:00:00+00:00,17552.774425042207
2025-02-08 08:00:00+00:00,17552.774425042207
2025-02-08 12:00:00+00:00,17552.774425042207
2025-02-08 16:00:00+00:00,17552.774425042207
2025-02-08 20:00:00+00:00,17552.774425042207
2025-02-09 00:00:00+00:00,17552.774425042207
2025-02-09 04:00:00+00:00,17552.774425042207
2025-02-09 08:00:00+00:00,17552.774425042207
2025-02-09 12:00:00+00:00,17552.774425042207
2025-02-09 16:00:00+00:00,17552.774425042207
2025-02-09 20:00:00+00:00,17552.774425042207
2025-02-10 00:00:00+00:00,17552.774425042207
2025-02-10 04:00:00+00:00,17552.774425042207
2025-02-10 08:00:00+00:00,17552.774425042207
2025-02-10 12:00:00+00:00,17552.774425042207
2025-02-10 16:00:00+00:00,17552.774425042207
2025-02-10 20:00:00+00:00,17552.774425042207
2025-02-11 00:00:00+00:00,17552.774425042207
2025-02-11 04:00:00+00:00,17552.774425042207
2025-02-11 08:00:00+00:00,17552.774425042207
2025-02-11 12:00:00+00:00,17552.774425042207
2025-02-11 16:00:00+00:00,17552.774425042207
2025-02-11 20:00:00+00:00,17552.774425042207
2025-02-12 00:00:00+00:00,17552.774425042207
2025-02-12 04:00:00+00:00,17552.774425042207
2025-02-12 08:00:00+00:00,17552.774425042207
2025-02-12 12:00:00+00:00,17552.774425042207
2025-02-12 16:00:00+00:00,17552.774425042207
2025-02-12 20:00:00+00:00,17552.774425042207
2025-02-13 00:00:00+00:00,17517.738947147907
2025-02-13 04:00:00+00:00,16868.37448617605
2025-02-13 08:00:00+00:00,16588.642197250887
2025-02-13 12:00:00+00:00,16588.642197250887
2025-02-13 16:00:00+00:00,16588.642197250887
2025-02-13 20:00:00+00:00,16588.642197250887
2025-02-14 00:00:00+00:00,16588.642197250887
2025-02-14 04:00:00+00:00,16588.642197250887
2025-02-14 08:00:00+00:00,16588.642197250887
2025-02-14 12:00:00+00:00,16588.642197250887
2025-02-14 16:00:00+00:00,16588.642197250887
2025-02-14 20:00:00+00:00,16588.642197250887
2025-02-15 00:00:00+00:00,16588.642197250887
2025-02-15 04:00:00+00:00,16588.642197250887
2025-02-15 08:00:00+00:00,16588.642197250887
2025-02-15 12:00:00+00:00,16588.642197250887
2025-02-15 16:00:00+00:00,16588.642197250887
2025-02-15 20:00:00+00:00,16588.642197250887
2025-02-16 00:00:00+00:00,16588.642197250887
2025-02-16 04:00:00+00:00,16588.642197250887
2025-02-16 08:00:00+00:00,16588.642197250887
2025-02-16 12:00:00+00:00,16588.642197250887
2025-02-16 16:00:00+00:00,16588.642197250887
2025-02-16 20:00:00+00:00,16588.642197250887
2025-02-17 00:00:00+00:00,16588.642197250887
2025-02-17 04:00:00+00:00,16588.642197250887
2025-02-17 08:00:00+00:00,16588.642197250887
2025-02-17 12:00:00+00:00,16588.642197250887
2025-02-17 16:00:00+00:00,16588.642197250887
2025-02-17 20:00:00+00:00,16588.642197250887
2025-02-18 00:00:00+00:00,16588.642197250887
2025-02-18 04:00:00+00:00,16588.642197250887
2025-02-18 08:00:00+00:00,16588.642197250887
2025-02-18 12:00:00+00:00,16588.642197250887
2025-02-18 16:00:00+00:00,16588.642197250887
2025-02-18 20:00:00+00:00,16588.642197250887
2025-02-19 00:00:00+00:00,16588.642197250887
2025-02-19 04:00:00+00:00,16588.642197250887
2025-02-19 08:00:00+00:00,16588.642197250887
2025-02-19 12:00:00+00:00,16588.642197250887
2025-02-19 16:00:00+00:00,16588.642197250887
2025-02-19 20:00:00+00:00,16588.642197250887
2025-02-20 00:00:00+00:00,16588.642197250887
2025-02-20 04:00:00+00:00,16588.642197250887
2025-02-20 08:00:00+00:00,16588.642197250887
2025-02-20 12:00:00+00:00,16588.642197250887
2025-02-20 16:00:00+00:00,16588.642197250887
2025-02-20 20:00:00+00:00,16588.642197250887
2025-02-21 00:00:00+00:00,16588.642197250887
2025-02-21 04:00:00+00:00,16588.642197250887
2025-02-21 08:00:00+00:00,16588.642197250887
2025-02-21 12:00:00+00:00,16588.642197250887
2025-02-21 16:00:00+00:00,16588.642197250887
2025-02-21 20:00:00+00:00,16588.642197250887
2025-02-22 00:00:00+00:00,16588.642197250887
2025-02-22 04:00:00+00:00,16588.642197250887
2025-02-22 08:00:00+00:00,16588.642197250887
2025-02-22 12:00:00+00:00,16588.642197250887
2025-02-22 16:00:00+00:00,16588.642197250887
2025-02-22 20:00:00+00:00,16588.642197250887
2025-02-23 00:00:00+00:00,16588.642197250887
2025-02-23 04:00:00+00:00,16588.642197250887
2025-02-23 08:00:00+00:00,16588.642197250887
2025-02-23 12:00:00+00:00,16588.642197250887
2025-02-23 16:00:00+00:00,16588.642197250887
2025-02-23 20:00:00+00:00,16588.642197250887
2025-02-24 00:00:00+00:00,16588.642197250887
2025-02-24 04:00:00+00:00,16588.642197250887
2025-02-24 08:00:00+00:00,16588.642197250887
2025-02-24 12:00:00+00:00,16588.642197250887
2025-02-24 16:00:00+00:00,16588.642197250887
2025-02-24 20:00:00+00:00,16588.642197250887
2025-02-25 00:00:00+00:00,16588.642197250887
2025-02-25 04:00:00+00:00,16588.642197250887
2025-02-25 08:00:00+00:00,16588.642197250887
2025-02-25 12:00:00+00:00,16588.642197250887
2025-02-25 16:00:00+00:00,16588.642197250887
2025-02-25 20:00:00+00:00,16588.642197250887
2025-02-26 00:00:00+00:00,16588.642197250887
2025-02-26 04:00:00+00:00,16588.642197250887
2025-02-26 08:00:00+00:00,16588.642197250887
2025-02-26 12:00:00+00:00,16588.642197250887
2025-02-26 16:00:00+00:00,16588.642197250887
2025-02-26 20:00:00+00:00,16588.642197250887
2025-02-27 00:00:00+00:00,16588.642197250887
2025-02-27 04:00:00+00:00,16588.642197250887
2025-02-27 08:00:00+00:00,16588.642197250887
2025-02-27 12:00:00+00:00,16588.642197250887
2025-02-27 16:00:00+00:00,16588.642197250887
2025-02-27 20:00:00+00:00,16588.642197250887
2025-02-28 00:00:00+00:00,16588.642197250887
2025-02-28 04:00:00+00:00,16588.642197250887
2025-02-28 08:00:00+00:00,16588.642197250887
2025-02-28 12:00:00+00:00,16588.642197250887
2025-02-28 16:00:00+00:00,16588.642197250887
2025-02-28 20:00:00+00:00,16588.642197250887
2025-03-01 00:00:00+00:00,16588.642197250887
2025-03-01 04:00:00+00:00,16588.642197250887
2025-03-01 08:00:00+00:00,16588.642197250887
2025-03-01 12:00:00+00:00,16588.642197250887
2025-03-01 16:00:00+00:00,16588.642197250887
2025-03-01 20:00:00+00:00,16588.642197250887
2025-03-02 00:00:00+00:00,16588.642197250887
2025-03-02 04:00:00+00:00,16588.642197250887
2025-03-02 08:00:00+00:00,16588.642197250887
2025-03-02 12:00:00+00:00,16588.642197250887
2025-03-02 16:00:00+00:00,16588.642197250887
2025-03-02 20:00:00+00:00,16588.642197250887
2025-03-03 00:00:00+00:00,16588.642197250887
2025-03-03 04:00:00+00:00,16588.642197250887
2025-03-03 08:00:00+00:00,16588.642197250887
2025-03-03 12:00:00+00:00,16588.642197250887
2025-03-03 16:00:00+00:00,16588.642197250887
2025-03-03 20:00:00+00:00,16588.642197250887
2025-03-04 00:00:00+00:00,16588.642197250887
2025-03-04 04:00:00+00:00,16588.642197250887
2025-03-04 08:00:00+00:00,16588.642197250887
2025-03-04 12:00:00+00:00,16588.642197250887
2025-03-04 16:00:00+00:00,16588.642197250887
2025-03-04 20:00:00+00:00,16588.642197250887
2025-03-05 00:00:00+00:00,16588.642197250887
2025-03-05 04:00:00+00:00,16588.642197250887
2025-03-05 08:00:00+00:00,16588.642197250887
2025-03-05 12:00:00+00:00,16588.642197250887
2025-03-05 16:00:00+00:00,16588.642197250887
2025-03-05 20:00:00+00:00,16588.642197250887
2025-03-06 00:00:00+00:00,16588.642197250887
2025-03-06 04:00:00+00:00,16588.642197250887
2025-03-06 08:00:00+00:00,16588.642197250887
2025-03-06 12:00:00+00:00,16588.642197250887
2025-03-06 16:00:00+00:00,16588.642197250887
2025-03-06 20:00:00+00:00,16588.642197250887
2025-03-07 00:00:00+00:00,16588.642197250887
2025-03-07 04:00:00+00:00,16588.642197250887
2025-03-07 08:00:00+00:00,16588.642197250887
2025-03-07 12:00:00+00:00,16588.642197250887
2025-03-07 16:00:00+00:00,16588.642197250887
2025-03-07 20:00:00+00:00,16588.642197250887
2025-03-08 00:00:00+00:00,16588.642197250887
2025-03-08 04:00:00+00:00,16588.642197250887
2025-03-08 08:00:00+00:00,16588.642197250887
2025-03-08 12:00:00+00:00,16588.642197250887
2025-03-08 16:00:00+00:00,16588.642197250887
2025-03-08 20:00:00+00:00,16588.642197250887
2025-03-09 00:00:00+00:00,16588.642197250887
2025-03-09 04:00:00+00:00,16588.642197250887
2025-03-09 08:00:00+00:00,16588.642197250887
2025-03-09 12:00:00+00:00,16588.642197250887
2025-03-09 16:00:00+00:00,16588.642197250887
2025-03-09 20:00:00+00:00,16588.642197250887
2025-03-10 00:00:00+00:00,16588.642197250887
2025-03-10 04:00:00+00:00,16588.642197250887
2025-03-10 08:00:00+00:00,16588.642197250887
2025-03-10 12:00:00+00:00,16588.642197250887
2025-03-10 16:00:00+00:00,16588.642197250887
2025-03-10 20:00:00+00:00,16588.642197250887
2025-03-11 00:00:00+00:00,16588.642197250887
2025-03-11 04:00:00+00:00,16588.642197250887
2025-03-11 08:00:00+00:00,16588.642197250887
2025-03-11 12:00:00+00:00,16588.642197250887
2025-03-11 16:00:00+00:00,16588.642197250887
2025-03-11 20:00:00+00:00,16588.642197250887
2025-03-12 00:00:00+00:00,16588.642197250887
2025-03-12 04:00:00+00:00,16588.642197250887
2025-03-12 08:00:00+00:00,16588.642197250887
2025-03-12 12:00:00+00:00,16588.642197250887
2025-03-12 16:00:00+00:00,16588.642197250887
2025-03-12 20:00:00+00:00,16588.642197250887
2025-03-13 00:00:00+00:00,16588.642197250887
2025-03-13 04:00:00+00:00,16588.642197250887
2025-03-13 08:00:00+00:00,16588.642197250887
2025-03-13 12:00:00+00:00,16588.642197250887
2025-03-13 16:00:00+00:00,16588.642197250887
2025-03-13 20:00:00+00:00,16588.642197250887
2025-03-14 00:00:00+00:00,16588.642197250887
2025-03-14 04:00:00+00:00,16588.642197250887
2025-03-14 08:00:00+00:00,16588.642197250887
2025-03-14 12:00:00+00:00,16588.642197250887
2025-03-14 16:00:00+00:00,16588.642197250887
2025-03-14 20:00:00+00:00,16588.642197250887
2025-03-15 00:00:00+00:00,16588.642197250887
2025-03-15 04:00:00+00:00,16588.642197250887
2025-03-15 08:00:00+00:00,16588.642197250887
2025-03-15 12:00:00+00:00,16588.642197250887
2025-03-15 16:00:00+00:00,16588.642197250887
2025-03-15 20:00:00+00:00,16588.642197250887
2025-03-16 00:00:00+00:00,16588.642197250887
2025-03-16 04:00:00+00:00,16588.642197250887
2025-03-16 08:00:00+00:00,16588.642197250887
2025-03-16 12:00:00+00:00,16588.642197250887
2025-03-16 16:00:00+00:00,16588.642197250887
2025-03-16 20:00:00+00:00,16588.642197250887
2025-03-17 00:00:00+00:00,16588.642197250887
2025-03-17 04:00:00+00:00,16588.642197250887
2025-03-17 08:00:00+00:00,16588.642197250887
2025-03-17 12:00:00+00:00,16588.642197250887
2025-03-17 16:00:00+00:00,16555.531134980924
2025-03-17 20:00:00+00:00,16172.63889507498
2025-03-18 00:00:00+00:00,15832.42371258126
2025-03-18 04:00:00+00:00,15832.42371258126
2025-03-18 08:00:00+00:00,15832.42371258126
2025-03-18 12:00:00+00:00,15832.42371258126
2025-03-18 16:00:00+00:00,15832.42371258126
2025-03-18 20:00:00+00:00,15832.42371258126
2025-03-19 00:00:00+00:00,15832.42371258126
2025-03-19 04:00:00+00:00,15832.42371258126
2025-03-19 08:00:00+00:00,15832.42371258126
2025-03-19 12:00:00+00:00,15832.42371258126
2025-03-19 16:00:00+00:00,15832.42371258126
2025-03-19 20:00:00+00:00,15832.42371258126
2025-03-20 00:00:00+00:00,15832.42371258126
2025-03-20 04:00:00+00:00,15832.42371258126
2025-03-20 08:00:00+00:00,15832.42371258126
2025-03-20 12:00:00+00:00,15832.42371258126
2025-03-20 16:00:00+00:00,15832.42371258126
2025-03-20 20:00:00+00:00,15832.42371258126
2025-03-21 00:00:00+00:00,15832.42371258126
2025-03-21 04:00:00+00:00,15832.42371258126
2025-03-21 08:00:00+00:00,15832.42371258126
2025-03-21 12:00:00+00:00,15832.42371258126
2025-03-21 16:00:00+00:00,15832.42371258126
2025-03-21 20:00:00+00:00,15832.42371258126
2025-03-22 00:00:00+00:00,15832.42371258126
2025-03-22 04:00:00+00:00,15832.42371258126
2025-03-22 08:00:00+00:00,15832.42371258126
2025-03-22 12:00:00+00:00,15832.42371258126
2025-03-22 16:00:00+00:00,15832.42371258126
2025-03-22 20:00:00+00:00,15832.42371258126
2025-03-23 00:00:00+00:00,15832.42371258126
2025-03-23 04:00:00+00:00,15832.42371258126
2025-03-23 08:00:00+00:00,15832.42371258126
2025-03-23 12:00:00+00:00,15832.42371258126
2025-03-23 16:00:00+00:00,15832.42371258126
2025-03-23 20:00:00+00:00,15832.42371258126
2025-03-24 00:00:00+00:00,15832.42371258126
2025-03-24 04:00:00+00:00,15832.42371258126
2025-03-24 08:00:00+00:00,15832.42371258126
2025-03-24 12:00:00+00:00,15832.42371258126
2025-03-24 16:00:00+00:00,15832.42371258126
2025-03-24 20:00:00+00:00,15832.42371258126
2025-03-25 00:00:00+00:00,15832.42371258126
2025-03-25 04:00:00+00:00,15832.42371258126
2025-03-25 08:00:00+00:00,15832.42371258126
2025-03-25 12:00:00+00:00,15832.42371258126
2025-03-25 16:00:00+00:00,15832.42371258126
2025-03-25 20:00:00+00:00,15832.42371258126
2025-03-26 00:00:00+00:00,15832.42371258126
2025-03-26 04:00:00+00:00,15832.42371258126
2025-03-26 08:00:00+00:00,15832.42371258126
2025-03-26 12:00:00+00:00,15832.42371258126
2025-03-26 16:00:00+00:00,15832.42371258126
2025-03-26 20:00:00+00:00,15832.42371258126
2025-03-27 00:00:00+00:00,15832.42371258126
2025-03-27 04:00:00+00:00,15832.42371258126
2025-03-27 08:00:00+00:00,15832.42371258126
2025-03-27 12:00:00+00:00,15832.42371258126
2025-03-27 16:00:00+00:00,15832.42371258126
2025-03-27 20:00:00+00:00,15832.42371258126
2025-03-28 00:00:00+00:00,15832.42371258126
2025-03-28 04:00:00+00:00,15832.42371258126
2025-03-28 08:00:00+00:00,15832.42371258126
2025-03-28 12:00:00+00:00,15832.42371258126
2025-03-28 16:00:00+00:00,15832.42371258126
2025-03-28 20:00:00+00:00,15832.42371258126
2025-03-29 00:00:00+00:00,15832.42371258126
2025-03-29 04:00:00+00:00,15832.42371258126
2025-03-29 08:00:00+00:00,15832.42371258126
2025-03-29 12:00:00+00:00,15832.42371258126
2025-03-29 16:00:00+00:00,15832.42371258126
2025-03-29 20:00:00+00:00,15832.42371258126
2025-03-30 00:00:00+00:00,15832.42371258126
2025-03-30 04:00:00+00:00,15832.42371258126
2025-03-30 08:00:00+00:00,15832.42371258126
2025-03-30 12:00:00+00:00,15832.42371258126
2025-03-30 16:00:00+00:00,15832.42371258126
2025-03-30 20:00:00+00:00,15832.42371258126
2025-03-31 00:00:00+00:00,15832.42371258126
2025-03-31 04:00:00+00:00,15832.42371258126
2025-03-31 08:00:00+00:00,15832.42371258126
2025-03-31 12:00:00+00:00,15832.42371258126
2025-03-31 16:00:00+00:00,15832.42371258126
2025-03-31 20:00:00+00:00,15832.42371258126
2025-04-01 00:00:00+00:00,15832.42371258126
2025-04-01 04:00:00+00:00,15832.42371258126
2025-04-01 08:00:00+00:00,15832.42371258126
2025-04-01 12:00:00+00:00,15832.42371258126
2025-04-01 16:00:00+00:00,15832.42371258126
2025-04-01 20:00:00+00:00,15832.42371258126
2025-04-02 00:00:00+00:00,15832.42371258126
2025-04-02 04:00:00+00:00,15832.42371258126
2025-04-02 08:00:00+00:00,15832.42371258126
2025-04-02 12:00:00+00:00,15832.42371258126
2025-04-02 16:00:00+00:00,15832.42371258126
2025-04-02 20:00:00+00:00,15832.42371258126
2025-04-03 00:00:00+00:00,15832.42371258126
2025-04-03 04:00:00+00:00,15832.42371258126
2025-04-03 08:00:00+00:00,15832.42371258126
2025-04-03 12:00:00+00:00,15832.42371258126
2025-04-03 16:00:00+00:00,15832.42371258126
2025-04-03 20:00:00+00:00,15832.42371258126
2025-04-04 00:00:00+00:00,15832.42371258126
2025-04-04 04:00:00+00:00,15832.42371258126
2025-04-04 08:00:00+00:00,15832.42371258126
2025-04-04 12:00:00+00:00,15832.42371258126
2025-04-04 16:00:00+00:00,15832.42371258126
2025-04-04 20:00:00+00:00,15832.42371258126
2025-04-05 00:00:00+00:00,15832.42371258126
2025-04-05 04:00:00+00:00,15832.42371258126
2025-04-05 08:00:00+00:00,15832.42371258126
2025-04-05 12:00:00+00:00,15832.42371258126
2025-04-05 16:00:00+00:00,15832.42371258126
2025-04-05 20:00:00+00:00,15832.42371258126
2025-04-06 00:00:00+00:00,15832.42371258126
2025-04-06 04:00:00+00:00,15832.42371258126
2025-04-06 08:00:00+00:00,15832.42371258126
2025-04-06 12:00:00+00:00,15832.42371258126
2025-04-06 16:00:00+00:00,15832.42371258126
2025-04-06 20:00:00+00:00,15832.42371258126
2025-04-07 00:00:00+00:00,15832.42371258126
2025-04-07 04:00:00+00:00,15832.42371258126
2025-04-07 08:00:00+00:00,15832.42371258126
2025-04-07 12:00:00+00:00,15832.42371258126
2025-04-07 16:00:00+00:00,15832.42371258126
2025-04-07 20:00:00+00:00,15832.42371258126
2025-04-08 00:00:00+00:00,15832.42371258126
2025-04-08 04:00:00+00:00,15832.42371258126
2025-04-08 08:00:00+00:00,15832.42371258126
2025-04-08 12:00:00+00:00,15832.42371258126
2025-04-08 16:00:00+00:00,15832.42371258126
2025-04-08 20:00:00+00:00,15832.42371258126
2025-04-09 00:00:00+00:00,15832.42371258126
2025-04-09 04:00:00+00:00,15832.42371258126
2025-04-09 08:00:00+00:00,15832.42371258126
2025-04-09 12:00:00+00:00,15832.42371258126
2025-04-09 16:00:00+00:00,15832.42371258126
2025-04-09 20:00:00+00:00,15832.42371258126
2025-04-10 00:00:00+00:00,15832.42371258126
2025-04-10 04:00:00+00:00,15832.42371258126
2025-04-10 08:00:00+00:00,15832.42371258126
2025-04-10 12:00:00+00:00,15832.42371258126
2025-04-10 16:00:00+00:00,15832.42371258126
2025-04-10 20:00:00+00:00,15832.42371258126
2025-04-11 00:00:00+00:00,15832.42371258126
2025-04-11 04:00:00+00:00,15832.42371258126
2025-04-11 08:00:00+00:00,15832.42371258126
2025-04-11 12:00:00+00:00,15832.42371258126
2025-04-11 16:00:00+00:00,15832.42371258126
2025-04-11 20:00:00+00:00,15832.42371258126
2025-04-12 00:00:00+00:00,15832.42371258126
2025-04-12 04:00:00+00:00,15832.42371258126
2025-04-12 08:00:00+00:00,15832.42371258126
2025-04-12 12:00:00+00:00,15800.82206844437
2025-04-12 16:00:00+00:00,15754.95611178706
2025-04-12 20:00:00+00:00,15800.82206844437
2025-04-13 00:00:00+00:00,15709.090155129748
2025-04-13 04:00:00+00:00,15777.889090115714
2025-04-13 08:00:00+00:00,15823.755046773027
2025-04-13 12:00:00+00:00,15594.425263486466
2025-04-13 16:00:00+00:00,15502.69335017184
2025-04-13 20:00:00+00:00,15208.923261523169
2025-04-14 00:00:00+00:00,15208.923261523169
2025-04-14 04:00:00+00:00,15208.923261523169
2025-04-14 08:00:00+00:00,15208.923261523169
2025-04-14 12:00:00+00:00,15208.923261523169
2025-04-14 16:00:00+00:00,15208.923261523169
2025-04-14 20:00:00+00:00,15208.923261523169
2025-04-15 00:00:00+00:00,15208.923261523169
2025-04-15 04:00:00+00:00,15208.923261523169
2025-04-15 08:00:00+00:00,15208.923261523169
2025-04-15 12:00:00+00:00,15208.923261523169
2025-04-15 16:00:00+00:00,15208.923261523169
2025-04-15 20:00:00+00:00,15208.923261523169
2025-04-16 00:00:00+00:00,15208.923261523169
2025-04-16 04:00:00+00:00,15208.923261523169
2025-04-16 08:00:00+00:00,15208.923261523169
2025-04-16 12:00:00+00:00,15208.923261523169
2025-04-16 16:00:00+00:00,15208.923261523169
2025-04-16 20:00:00+00:00,15208.923261523169
2025-04-17 00:00:00+00:00,15208.923261523169
2025-04-17 04:00:00+00:00,15208.923261523169
2025-04-17 08:00:00+00:00,15208.923261523169
2025-04-17 12:00:00+00:00,15208.923261523169
2025-04-17 16:00:00+00:00,15208.923261523169
2025-04-17 20:00:00+00:00,15208.923261523169
2025-04-18 00:00:00+00:00,15208.923261523169
2025-04-18 04:00:00+00:00,15208.923261523169
2025-04-18 08:00:00+00:00,15208.923261523169
2025-04-18 12:00:00+00:00,15208.923261523169
2025-04-18 16:00:00+00:00,15208.923261523169
2025-04-18 20:00:00+00:00,15208.923261523169
2025-04-19 00:00:00+00:00,15178.566129264642
2025-04-19 04:00:00+00:00,15088.351768912398
2025-04-19 08:00:00+00:00,15156.01253917658
2025-04-19 12:00:00+00:00,15426.655620233305
2025-04-19 16:00:00+00:00,15787.513061642268
2025-04-19 20:00:00+00:00,15855.173831906448
2025-04-20 00:00:00+00:00,16058.156142698994
2025-04-20 04:00:00+00:00,15990.495372434812
2025-04-20 08:00:00+00:00,15855.173831906448
2025-04-20 12:00:00+00:00,15922.83460217063
2025-04-20 16:00:00+00:00,16148.370503051232
2025-04-20 20:00:00+00:00,16148.370503051232
2025-04-21 00:00:00+00:00,16238.584863403476
2025-04-21 04:00:00+00:00,16419.01358410796
2025-04-21 08:00:00+00:00,16373.90640393184
2025-04-21 12:00:00+00:00,16373.90640393184
2025-04-21 16:00:00+00:00,15905.513203825923
2025-04-21 20:00:00+00:00,15905.513203825923
2025-04-22 00:00:00+00:00,15905.513203825923
2025-04-22 04:00:00+00:00,15905.513203825923
2025-04-22 08:00:00+00:00,15905.513203825923
2025-04-22 12:00:00+00:00,15905.513203825923
2025-04-22 16:00:00+00:00,15905.513203825923
2025-04-22 20:00:00+00:00,15905.513203825923
2025-04-23 00:00:00+00:00,15905.513203825923
2025-04-23 04:00:00+00:00,15905.513203825923
2025-04-23 08:00:00+00:00,15905.513203825923
2025-04-23 12:00:00+00:00,15905.513203825923
2025-04-23 16:00:00+00:00,15905.513203825923
2025-04-23 20:00:00+00:00,15905.513203825923
2025-04-24 00:00:00+00:00,15905.513203825923
2025-04-24 04:00:00+00:00,15905.513203825923
2025-04-24 08:00:00+00:00,15905.513203825923
2025-04-24 12:00:00+00:00,15905.513203825923
2025-04-24 16:00:00+00:00,15905.513203825923
2025-04-24 20:00:00+00:00,15905.513203825923
2025-04-25 00:00:00+00:00,15905.513203825923
2025-04-25 04:00:00+00:00,15905.513203825923
2025-04-25 08:00:00+00:00,15905.513203825923
2025-04-25 12:00:00+00:00,15905.513203825923
2025-04-25 16:00:00+00:00,15905.513203825923
2025-04-25 20:00:00+00:00,15905.513203825923
2025-04-26 00:00:00+00:00,15905.513203825923
2025-04-26 04:00:00+00:00,15905.513203825923
2025-04-26 08:00:00+00:00,15905.513203825923
2025-04-26 12:00:00+00:00,15905.513203825923
2025-04-26 16:00:00+00:00,15905.513203825923
2025-04-26 20:00:00+00:00,15905.513203825923
2025-04-27 00:00:00+00:00,15905.513203825923
2025-04-27 04:00:00+00:00,15905.513203825923
2025-04-27 08:00:00+00:00,15905.513203825923
2025-04-27 12:00:00+00:00,15905.513203825923
2025-04-27 16:00:00+00:00,15905.513203825923
2025-04-27 20:00:00+00:00,15905.513203825923
2025-04-28 00:00:00+00:00,15905.513203825923
2025-04-28 04:00:00+00:00,15905.513203825923
2025-04-28 08:00:00+00:00,15905.513203825923
2025-04-28 12:00:00+00:00,15905.513203825923
2025-04-28 16:00:00+00:00,15905.513203825923
2025-04-28 20:00:00+00:00,15905.513203825923
2025-04-29 00:00:00+00:00,15905.513203825923
2025-04-29 04:00:00+00:00,15905.513203825923
2025-04-29 08:00:00+00:00,15905.513203825923
2025-04-29 12:00:00+00:00,15905.513203825923
2025-04-29 16:00:00+00:00,15905.513203825923
2025-04-29 20:00:00+00:00,15905.513203825923
2025-04-30 00:00:00+00:00,15905.513203825923
2025-04-30 04:00:00+00:00,15905.513203825923
2025-04-30 08:00:00+00:00,15905.513203825923
2025-04-30 12:00:00+00:00,15905.513203825923
2025-04-30 16:00:00+00:00,15905.513203825923
2025-04-30 20:00:00+00:00,15905.513203825923
2025-05-01 00:00:00+00:00,15905.513203825923
2025-05-01 04:00:00+00:00,15905.513203825923
2025-05-01 08:00:00+00:00,15905.513203825923
2025-05-01 12:00:00+00:00,15905.513203825923
2025-05-01 16:00:00+00:00,15905.513203825923
2025-05-01 20:00:00+00:00,15905.513203825923
2025-05-02 00:00:00+00:00,15905.513203825923
2025-05-02 04:00:00+00:00,15905.513203825923
2025-05-02 08:00:00+00:00,15905.513203825923
2025-05-02 12:00:00+00:00,15905.513203825923
2025-05-02 16:00:00+00:00,15905.513203825923
2025-05-02 20:00:00+00:00,15905.513203825923
2025-05-03 00:00:00+00:00,15905.513203825923
2025-05-03 04:00:00+00:00,15905.513203825923
2025-05-03 08:00:00+00:00,15905.513203825923
2025-05-03 12:00:00+00:00,15905.513203825923
2025-05-03 16:00:00+00:00,15905.513203825923
2025-05-03 20:00:00+00:00,15905.513203825923
2025-05-04 00:00:00+00:00,15905.513203825923
2025-05-04 04:00:00+00:00,15905.513203825923
2025-05-04 08:00:00+00:00,15905.513203825923
2025-05-04 12:00:00+00:00,15905.513203825923
2025-05-04 16:00:00+00:00,15905.513203825923
2025-05-04 20:00:00+00:00,15905.513203825923
2025-05-05 00:00:00+00:00,15905.513203825923
2025-05-05 04:00:00+00:00,15905.513203825923
2025-05-05 08:00:00+00:00,15905.513203825923
2025-05-05 12:00:00+00:00,15905.513203825923
2025-05-05 16:00:00+00:00,15905.513203825923
2025-05-05 20:00:00+00:00,15905.513203825923
2025-05-06 00:00:00+00:00,15905.513203825923
2025-05-06 04:00:00+00:00,15905.513203825923
2025-05-06 08:00:00+00:00,15905.513203825923
2025-05-06 12:00:00+00:00,15905.513203825923
2025-05-06 16:00:00+00:00,15905.513203825923
2025-05-06 20:00:00+00:00,15905.513203825923
2025-05-07 00:00:00+00:00,15905.513203825923
2025-05-07 04:00:00+00:00,15905.513203825923
2025-05-07 08:00:00+00:00,15905.513203825923
2025-05-07 12:00:00+00:00,15905.513203825923
2025-05-07 16:00:00+00:00,15905.513203825923
2025-05-07 20:00:00+00:00,15905.513203825923
2025-05-08 00:00:00+00:00,15905.513203825923
2025-05-08 04:00:00+00:00,15905.513203825923
2025-05-08 08:00:00+00:00,15905.513203825923
2025-05-08 12:00:00+00:00,15905.513203825923
2025-05-08 16:00:00+00:00,15905.513203825923
2025-05-08 20:00:00+00:00,15873.76567248096
2025-05-09 00:00:00+00:00,16217.850188502947
2025-05-09 04:00:00+00:00,16951.89715601652
2025-05-09 08:00:00+00:00,17112.46993016011
2025-05-09 12:00:00+00:00,17089.530962425313
2025-05-09 16:00:00+00:00,17273.04270430371
2025-05-09 20:00:00+00:00,17456.554446182097
2025-05-10 00:00:00+00:00,17502.4323816517
2025-05-10 04:00:00+00:00,17961.21173634768
2025-05-10 08:00:00+00:00,17594.18825259089
2025-05-10 12:00:00+00:00,18167.662445960872
2025-05-10 16:00:00+00:00,18764.075607065646
2025-05-10 20:00:00+00:00,20874.460638667162
2025-05-11 00:00:00+00:00,21035.033412810757
2025-05-11 04:00:00+00:00,19640.965857598327
2025-05-11 08:00:00+00:00,19640.965857598327
2025-05-11 12:00:00+00:00,19640.965857598327
2025-05-11 16:00:00+00:00,19640.965857598327
2025-05-11 20:00:00+00:00,19640.965857598327
2025-05-12 00:00:00+00:00,19640.965857598327
2025-05-12 04:00:00+00:00,19640.965857598327
2025-05-12 08:00:00+00:00,19640.965857598327
2025-05-12 12:00:00+00:00,19640.965857598327
2025-05-12 16:00:00+00:00,19640.965857598327
2025-05-12 20:00:00+00:00,19640.965857598327
2025-05-13 00:00:00+00:00,19640.965857598327
2025-05-13 04:00:00+00:00,19640.965857598327
2025-05-13 08:00:00+00:00,19640.965857598327
2025-05-13 12:00:00+00:00,19640.965857598327
2025-05-13 16:00:00+00:00,19640.965857598327
2025-05-13 20:00:00+00:00,19640.965857598327
2025-05-14 00:00:00+00:00,19640.965857598327
2025-05-14 04:00:00+00:00,19640.965857598327
2025-05-14 08:00:00+00:00,19640.965857598327
2025-05-14 12:00:00+00:00,19640.965857598327
2025-05-14 16:00:00+00:00,19640.965857598327
2025-05-14 20:00:00+00:00,19640.965857598327
2025-05-15 00:00:00+00:00,19640.965857598327
2025-05-15 04:00:00+00:00,19640.965857598327
2025-05-15 08:00:00+00:00,19640.965857598327
2025-05-15 12:00:00+00:00,19640.965857598327
2025-05-15 16:00:00+00:00,19640.965857598327
2025-05-15 20:00:00+00:00,19640.965857598327
2025-05-16 00:00:00+00:00,19640.965857598327
2025-05-16 04:00:00+00:00,19640.965857598327
2025-05-16 08:00:00+00:00,19640.965857598327
2025-05-16 12:00:00+00:00,19640.965857598327
2025-05-16 16:00:00+00:00,19640.965857598327
2025-05-16 20:00:00+00:00,19640.965857598327
2025-05-17 00:00:00+00:00,19640.965857598327
2025-05-17 04:00:00+00:00,19640.965857598327
2025-05-17 08:00:00+00:00,19640.965857598327
2025-05-17 12:00:00+00:00,19640.965857598327
2025-05-17 16:00:00+00:00,19640.965857598327
2025-05-17 20:00:00+00:00,19640.965857598327
2025-05-18 00:00:00+00:00,19640.965857598327
2025-05-18 04:00:00+00:00,19640.965857598327
2025-05-18 08:00:00+00:00,19640.965857598327
2025-05-18 12:00:00+00:00,19640.965857598327
2025-05-18 16:00:00+00:00,19640.965857598327
2025-05-18 20:00:00+00:00,19640.965857598327
2025-05-19 00:00:00+00:00,19640.965857598327
2025-05-19 04:00:00+00:00,19640.965857598327
2025-05-19 08:00:00+00:00,19640.965857598327
2025-05-19 12:00:00+00:00,19640.965857598327
2025-05-19 16:00:00+00:00,19640.965857598327
2025-05-19 20:00:00+00:00,19640.965857598327
2025-05-20 00:00:00+00:00,19640.965857598327
2025-05-20 04:00:00+00:00,19640.965857598327
2025-05-20 08:00:00+00:00,19640.965857598327
2025-05-20 12:00:00+00:00,19640.965857598327
2025-05-20 16:00:00+00:00,19640.965857598327
2025-05-20 20:00:00+00:00,19640.965857598327
2025-05-21 00:00:00+00:00,19640.965857598327
2025-05-21 04:00:00+00:00,19640.965857598327
2025-05-21 08:00:00+00:00,19640.965857598327
2025-05-21 12:00:00+00:00,19640.965857598327
2025-05-21 16:00:00+00:00,19640.965857598327
2025-05-21 20:00:00+00:00,19640.965857598327
2025-05-22 00:00:00+00:00,19640.965857598327
2025-05-22 04:00:00+00:00,19640.965857598327
2025-05-22 08:00:00+00:00,19601.76233293246
2025-05-22 12:00:00+00:00,20153.92465217
2025-05-22 16:00:00+00:00,19928.040067027367
2025-05-22 20:00:00+00:00,20379.809237312624
2025-05-23 00:00:00+00:00,21015.348066755025
2025-05-23 04:00:00+00:00,21015.348066755025
2025-05-23 08:00:00+00:00,21015.348066755025
2025-05-23 12:00:00+00:00,21015.348066755025
2025-05-23 16:00:00+00:00,21015.348066755025
2025-05-23 20:00:00+00:00,21015.348066755025
2025-05-24 00:00:00+00:00,20973.401264226573
2025-05-24 04:00:00+00:00,21305.872618481153
2025-05-24 08:00:00+00:00,21139.63694135386
2025-05-24 12:00:00+00:00,21278.16667229327
2025-05-24 16:00:00+00:00,20862.577479475043
2025-05-24 20:00:00+00:00,20613.223963784105
2025-05-25 00:00:00+00:00,19977.7789250734
2025-05-25 04:00:00+00:00,19977.7789250734
2025-05-25 08:00:00+00:00,19977.7789250734
2025-05-25 12:00:00+00:00,19977.7789250734
2025-05-25 16:00:00+00:00,19977.7789250734
2025-05-25 20:00:00+00:00,19977.7789250734
2025-05-26 00:00:00+00:00,19977.7789250734
2025-05-26 04:00:00+00:00,19977.7789250734
2025-05-26 08:00:00+00:00,19977.7789250734
2025-05-26 12:00:00+00:00,19977.7789250734
2025-05-26 16:00:00+00:00,19977.7789250734
2025-05-26 20:00:00+00:00,19977.7789250734
2025-05-27 00:00:00+00:00,19977.7789250734
2025-05-27 04:00:00+00:00,19977.7789250734
2025-05-27 08:00:00+00:00,19977.7789250734
2025-05-27 12:00:00+00:00,19977.7789250734
2025-05-27 16:00:00+00:00,19977.7789250734
2025-05-27 20:00:00+00:00,19977.7789250734
2025-05-28 00:00:00+00:00,19977.7789250734
2025-05-28 04:00:00+00:00,19977.7789250734
2025-05-28 08:00:00+00:00,19977.7789250734
2025-05-28 12:00:00+00:00,19977.7789250734
2025-05-28 16:00:00+00:00,19977.7789250734
2025-05-28 20:00:00+00:00,19977.7789250734
2025-05-29 00:00:00+00:00,19977.7789250734
2025-05-29 04:00:00+00:00,19977.7789250734
2025-05-29 08:00:00+00:00,19977.7789250734
2025-05-29 12:00:00+00:00,19977.7789250734
2025-05-29 16:00:00+00:00,19977.7789250734
2025-05-29 20:00:00+00:00,19977.7789250734
2025-05-30 00:00:00+00:00,19977.7789250734
2025-05-30 04:00:00+00:00,19977.7789250734
2025-05-30 08:00:00+00:00,19977.7789250734
2025-05-30 12:00:00+00:00,19977.7789250734
2025-05-30 16:00:00+00:00,19977.7789250734
2025-05-30 20:00:00+00:00,19977.7789250734
2025-05-31 00:00:00+00:00,19977.7789250734
2025-05-31 04:00:00+00:00,19977.7789250734
2025-05-31 08:00:00+00:00,19977.7789250734
2025-05-31 12:00:00+00:00,19977.7789250734
2025-05-31 16:00:00+00:00,19977.7789250734
2025-05-31 20:00:00+00:00,19977.7789250734
2025-06-01 00:00:00+00:00,19977.7789250734
2025-06-01 04:00:00+00:00,19977.7789250734
2025-06-01 08:00:00+00:00,19977.7789250734
2025-06-01 12:00:00+00:00,19977.7789250734
2025-06-01 16:00:00+00:00,19977.7789250734
2025-06-01 20:00:00+00:00,19977.7789250734
2025-06-02 00:00:00+00:00,19977.7789250734
2025-06-02 04:00:00+00:00,19977.7789250734
2025-06-02 08:00:00+00:00,19977.7789250734
2025-06-02 12:00:00+00:00,19977.7789250734
2025-06-02 16:00:00+00:00,19977.7789250734
2025-06-02 20:00:00+00:00,19977.7789250734
2025-06-03 00:00:00+00:00,19977.7789250734
2025-06-03 04:00:00+00:00,19977.7789250734
2025-06-03 08:00:00+00:00,19977.7789250734
2025-06-03 12:00:00+00:00,19977.7789250734
2025-06-03 16:00:00+00:00,19977.7789250734
2025-06-03 20:00:00+00:00,19977.7789250734
2025-06-04 00:00:00+00:00,19977.7789250734
2025-06-04 04:00:00+00:00,19977.7789250734
2025-06-04 08:00:00+00:00,19977.7789250734
2025-06-04 12:00:00+00:00,19977.7789250734
2025-06-04 16:00:00+00:00,19977.7789250734
2025-06-04 20:00:00+00:00,19977.7789250734
2025-06-05 00:00:00+00:00,19977.7789250734
2025-06-05 04:00:00+00:00,19977.7789250734
2025-06-05 08:00:00+00:00,19977.7789250734
2025-06-05 12:00:00+00:00,19977.7789250734
2025-06-05 16:00:00+00:00,19977.7789250734
2025-06-05 20:00:00+00:00,19977.7789250734
2025-06-06 00:00:00+00:00,19977.7789250734
2025-06-06 04:00:00+00:00,19977.7789250734
2025-06-06 08:00:00+00:00,19977.7789250734
2025-06-06 12:00:00+00:00,19977.7789250734
2025-06-06 16:00:00+00:00,19977.7789250734
2025-06-06 20:00:00+00:00,19977.7789250734
2025-06-07 00:00:00+00:00,19977.7789250734
2025-06-07 04:00:00+00:00,19977.7789250734
2025-06-07 08:00:00+00:00,19977.7789250734
2025-06-07 12:00:00+00:00,19977.7789250734
2025-06-07 16:00:00+00:00,19977.7789250734
2025-06-07 20:00:00+00:00,19977.7789250734
2025-06-08 00:00:00+00:00,19977.7789250734
2025-06-08 04:00:00+00:00,19977.7789250734
2025-06-08 08:00:00+00:00,19977.7789250734
2025-06-08 12:00:00+00:00,19977.7789250734
2025-06-08 16:00:00+00:00,19977.7789250734
2025-06-08 20:00:00+00:00,19977.7789250734
2025-06-09 00:00:00+00:00,19977.7789250734
2025-06-09 04:00:00+00:00,19977.7789250734
2025-06-09 08:00:00+00:00,19977.7789250734
2025-06-09 12:00:00+00:00,19977.7789250734
2025-06-09 16:00:00+00:00,19977.7789250734
2025-06-09 20:00:00+00:00,19937.903118835726
2025-06-10 00:00:00+00:00,19785.705385104156
2025-06-10 04:00:00+00:00,19724.826291611527
2025-06-10 08:00:00+00:00,21277.243175673542
2025-06-10 12:00:00+00:00,21368.561815912486
2025-06-10 16:00:00+00:00,21612.078189883
2025-06-10 20:00:00+00:00,22068.67139107771
2025-06-11 00:00:00+00:00,21703.396830121943
2025-06-11 04:00:00+00:00,21855.594563853512
2025-06-11 08:00:00+00:00,21612.078189883
2025-06-11 12:00:00+00:00,22494.82504552611
2025-06-11 16:00:00+00:00,21520.75954964406
2025-06-11 20:00:00+00:00,21397.358138792195
2025-06-12 00:00:00+00:00,21397.358138792195
2025-06-12 04:00:00+00:00,21397.358138792195
2025-06-12 08:00:00+00:00,21397.358138792195
2025-06-12 12:00:00+00:00,21397.358138792195
2025-06-12 16:00:00+00:00,21397.358138792195
2025-06-12 20:00:00+00:00,21397.358138792195
2025-06-13 00:00:00+00:00,21397.358138792195
2025-06-13 04:00:00+00:00,21397.358138792195
2025-06-13 08:00:00+00:00,21397.358138792195
2025-06-13 12:00:00+00:00,21397.358138792195
2025-06-13 16:00:00+00:00,21397.358138792195
2025-06-13 20:00:00+00:00,21397.358138792195
2025-06-14 00:00:00+00:00,21397.358138792195
2025-06-14 04:00:00+00:00,21397.358138792195
2025-06-14 08:00:00+00:00,21397.358138792195
2025-06-14 12:00:00+00:00,21397.358138792195
2025-06-14 16:00:00+00:00,21397.358138792195
2025-06-14 20:00:00+00:00,21397.358138792195
2025-06-15 00:00:00+00:00,21397.358138792195
2025-06-15 04:00:00+00:00,21397.358138792195
2025-06-15 08:00:00+00:00,21397.358138792195
2025-06-15 12:00:00+00:00,21397.358138792195
2025-06-15 16:00:00+00:00,21397.358138792195
2025-06-15 20:00:00+00:00,21397.358138792195
2025-06-16 00:00:00+00:00,21397.358138792195
2025-06-16 04:00:00+00:00,21397.358138792195
2025-06-16 08:00:00+00:00,21397.358138792195
2025-06-16 12:00:00+00:00,21397.358138792195
2025-06-16 16:00:00+00:00,21397.358138792195
2025-06-16 20:00:00+00:00,21397.358138792195
2025-06-17 00:00:00+00:00,21397.358138792195
2025-06-17 04:00:00+00:00,21397.358138792195
2025-06-17 08:00:00+00:00,21397.358138792195
2025-06-17 12:00:00+00:00,21397.358138792195
2025-06-17 16:00:00+00:00,21397.358138792195
2025-06-17 20:00:00+00:00,21397.358138792195
2025-06-18 00:00:00+00:00,21397.358138792195
2025-06-18 04:00:00+00:00,21397.358138792195
2025-06-18 08:00:00+00:00,21397.358138792195
2025-06-18 12:00:00+00:00,21397.358138792195
2025-06-18 16:00:00+00:00,21397.358138792195
2025-06-18 20:00:00+00:00,21397.358138792195
2025-06-19 00:00:00+00:00,21397.358138792195
2025-06-19 04:00:00+00:00,21397.358138792195
2025-06-19 08:00:00+00:00,21397.358138792195
2025-06-19 12:00:00+00:00,21397.358138792195
2025-06-19 16:00:00+00:00,21397.358138792195
2025-06-19 20:00:00+00:00,21397.358138792195
2025-06-20 00:00:00+00:00,21397.358138792195
2025-06-20 04:00:00+00:00,21397.358138792195
2025-06-20 08:00:00+00:00,21397.358138792195
2025-06-20 12:00:00+00:00,21397.358138792195
2025-06-20 16:00:00+00:00,21397.358138792195
2025-06-20 20:00:00+00:00,21397.358138792195
2025-06-21 00:00:00+00:00,21397.358138792195
2025-06-21 04:00:00+00:00,21397.358138792195
2025-06-21 08:00:00+00:00,21397.358138792195
2025-06-21 12:00:00+00:00,21397.358138792195
2025-06-21 16:00:00+00:00,21397.358138792195
2025-06-21 20:00:00+00:00,21397.358138792195
2025-06-22 00:00:00+00:00,21397.358138792195
2025-06-22 04:00:00+00:00,21397.358138792195
2025-06-22 08:00:00+00:00,21397.358138792195
2025-06-22 12:00:00+00:00,21397.358138792195
2025-06-22 16:00:00+00:00,21397.358138792195
2025-06-22 20:00:00+00:00,21397.358138792195
2025-06-23 00:00:00+00:00,21397.358138792195
2025-06-23 04:00:00+00:00,21397.358138792195
2025-06-23 08:00:00+00:00,21397.358138792195
2025-06-23 12:00:00+00:00,21397.358138792195
2025-06-23 16:00:00+00:00,21397.358138792195
2025-06-23 20:00:00+00:00,21397.358138792195
2025-06-24 00:00:00+00:00,21397.358138792195
2025-06-24 04:00:00+00:00,21397.358138792195
2025-06-24 08:00:00+00:00,21397.358138792195
2025-06-24 12:00:00+00:00,21397.358138792195
2025-06-24 16:00:00+00:00,21397.358138792195
2025-06-24 20:00:00+00:00,21397.358138792195
2025-06-25 00:00:00+00:00,21397.358138792195
2025-06-25 04:00:00+00:00,21397.358138792195
2025-06-25 08:00:00+00:00,21397.358138792195
2025-06-25 12:00:00+00:00,21397.358138792195
2025-06-25 16:00:00+00:00,21397.358138792195
2025-06-25 20:00:00+00:00,21397.358138792195
2025-06-26 00:00:00+00:00,21397.358138792195
2025-06-26 04:00:00+00:00,21397.358138792195
2025-06-26 08:00:00+00:00,21397.358138792195
2025-06-26 12:00:00+00:00,21397.358138792195
2025-06-26 16:00:00+00:00,21397.358138792195
2025-06-26 20:00:00+00:00,21397.358138792195
2025-06-27 00:00:00+00:00,21397.358138792195
2025-06-27 04:00:00+00:00,21397.358138792195
2025-06-27 08:00:00+00:00,21397.358138792195
2025-06-27 12:00:00+00:00,21397.358138792195
2025-06-27 16:00:00+00:00,21397.358138792195
2025-06-27 20:00:00+00:00,21397.358138792195
2025-06-28 00:00:00+00:00,21397.358138792195
2025-06-28 04:00:00+00:00,21397.358138792195
2025-06-28 08:00:00+00:00,21397.358138792195
2025-06-28 12:00:00+00:00,21397.358138792195
2025-06-28 16:00:00+00:00,21397.358138792195
2025-06-28 20:00:00+00:00,21397.358138792195
2025-06-29 00:00:00+00:00,21397.358138792195
2025-06-29 04:00:00+00:00,21397.358138792195
2025-06-29 08:00:00+00:00,21397.358138792195
2025-06-29 12:00:00+00:00,21397.358138792195
2025-06-29 16:00:00+00:00,21354.648841109974
2025-06-29 20:00:00+00:00,22661.314417052017
2025-06-30 00:00:00+00:00,21877.315071486795
2025-06-30 04:00:00+00:00,21730.131851463604
2025-06-30 08:00:00+00:00,21730.131851463604
2025-06-30 12:00:00+00:00,21730.131851463604
2025-06-30 16:00:00+00:00,21730.131851463604
2025-06-30 20:00:00+00:00,21730.131851463604
2025-07-01 00:00:00+00:00,21730.131851463604
2025-07-01 04:00:00+00:00,21730.131851463604
2025-07-01 08:00:00+00:00,21730.131851463604
2025-07-01 12:00:00+00:00,21730.131851463604
2025-07-01 16:00:00+00:00,21730.131851463604
2025-07-01 20:00:00+00:00,21730.131851463604
2025-07-02 00:00:00+00:00,21730.131851463604
2025-07-02 04:00:00+00:00,21730.131851463604
2025-07-02 08:00:00+00:00,21730.131851463604
2025-07-02 12:00:00+00:00,21730.131851463604
2025-07-02 16:00:00+00:00,21730.131851463604
2025-07-02 20:00:00+00:00,21730.131851463604
2025-07-03 00:00:00+00:00,21730.131851463604
2025-07-03 04:00:00+00:00,21730.131851463604
2025-07-03 08:00:00+00:00,21730.131851463604
2025-07-03 12:00:00+00:00,21730.131851463604
2025-07-03 16:00:00+00:00,21730.131851463604
2025-07-03 20:00:00+00:00,21730.131851463604
2025-07-04 00:00:00+00:00,21730.131851463604
2025-07-04 04:00:00+00:00,21730.131851463604
2025-07-04 08:00:00+00:00,21730.131851463604
2025-07-04 12:00:00+00:00,21730.131851463604
2025-07-04 16:00:00+00:00,21730.131851463604
2025-07-04 20:00:00+00:00,21730.131851463604
2025-07-05 00:00:00+00:00,21730.131851463604
2025-07-05 04:00:00+00:00,21730.131851463604
2025-07-05 08:00:00+00:00,21730.131851463604
2025-07-05 12:00:00+00:00,21730.131851463604
2025-07-05 16:00:00+00:00,21730.131851463604
2025-07-05 20:00:00+00:00,21730.131851463604
2025-07-06 00:00:00+00:00,21730.131851463604
2025-07-06 04:00:00+00:00,21730.131851463604
2025-07-06 08:00:00+00:00,21730.131851463604
2025-07-06 12:00:00+00:00,21730.131851463604
2025-07-06 16:00:00+00:00,21730.131851463604
2025-07-06 20:00:00+00:00,21730.131851463604
2025-07-07 00:00:00+00:00,21730.131851463604
2025-07-07 04:00:00+00:00,21730.131851463604
2025-07-07 08:00:00+00:00,21730.131851463604
2025-07-07 12:00:00+00:00,21730.131851463604
2025-07-07 16:00:00+00:00,21730.131851463604
2025-07-07 20:00:00+00:00,21730.131851463604
2025-07-08 00:00:00+00:00,21730.131851463604
2025-07-08 04:00:00+00:00,21730.131851463604
2025-07-08 08:00:00+00:00,21730.131851463604
2025-07-08 12:00:00+00:00,21730.131851463604
2025-07-08 16:00:00+00:00,21730.131851463604
2025-07-08 20:00:00+00:00,21730.131851463604
2025-07-09 00:00:00+00:00,21730.131851463604
2025-07-09 04:00:00+00:00,21730.131851463604
2025-07-09 08:00:00+00:00,21730.131851463604
2025-07-09 12:00:00+00:00,21730.131851463604
2025-07-09 16:00:00+00:00,21686.75833479402
2025-07-09 20:00:00+00:00,22023.858205283046
2025-07-10 00:00:00+00:00,22173.68036994484
2025-07-10 04:00:00+00:00,22211.135911110283
2025-07-10 08:00:00+00:00,22173.68036994484
2025-07-10 12:00:00+00:00,22061.313746448493
2025-07-10 16:00:00+00:00,22997.702275584677
2025-07-10 20:00:00+00:00,24645.746086864365
2025-07-11 00:00:00+00:00,25282.49028667697
2025-07-11 04:00:00+00:00,25057.757039684286
2025-07-11 08:00:00+00:00,25619.590157165996
2025-07-11 12:00:00+00:00,25282.49028667697
2025-07-11 16:00:00+00:00,26031.60110998591
2025-07-11 20:00:00+00:00,24781.388071744637
2025-07-12 00:00:00+00:00,24781.388071744637
2025-07-12 04:00:00+00:00,24781.388071744637
2025-07-12 08:00:00+00:00,24781.388071744637
2025-07-12 12:00:00+00:00,24781.388071744637
2025-07-12 16:00:00+00:00,24781.388071744637
2025-07-12 20:00:00+00:00,24781.388071744637
2025-07-13 00:00:00+00:00,24731.924223298047
2025-07-13 04:00:00+00:00,25075.42317084385
2025-07-13 08:00:00+00:00,25304.422469207722
2025-07-13 12:00:00+00:00,25342.589018935032
2025-07-13 16:00:00+00:00,25342.589018935032
2025-07-13 20:00:00+00:00,24960.923521661913
2025-07-14 00:00:00+00:00,26144.08656320858
2025-07-14 04:00:00+00:00,26220.419662663207
2025-07-14 08:00:00+00:00,25991.420364299334
2025-07-14 12:00:00+00:00,25457.08866811697
2025-07-14 16:00:00+00:00,24884.024676215962
2025-07-14 20:00:00+00:00,24884.024676215962
2025-07-15 00:00:00+00:00,24884.024676215962
2025-07-15 04:00:00+00:00,24884.024676215962
2025-07-15 08:00:00+00:00,24884.024676215962
2025-07-15 12:00:00+00:00,24884.024676215962
2025-07-15 16:00:00+00:00,24884.024676215962
2025-07-15 20:00:00+00:00,24884.024676215962
2025-07-16 00:00:00+00:00,24884.024676215962
2025-07-16 04:00:00+00:00,24884.024676215962
2025-07-16 08:00:00+00:00,24884.024676215962
2025-07-16 12:00:00+00:00,24884.024676215962
2025-07-16 16:00:00+00:00,24884.024676215962
2025-07-16 20:00:00+00:00,24884.024676215962
2025-07-17 00:00:00+00:00,24884.024676215962
2025-07-17 04:00:00+00:00,24884.024676215962
2025-07-17 08:00:00+00:00,24884.024676215962
2025-07-17 12:00:00+00:00,24884.024676215962
2025-07-17 16:00:00+00:00,24884.024676215962
2025-07-17 20:00:00+00:00,24884.024676215962
2025-07-18 00:00:00+00:00,24884.024676215962
2025-07-18 04:00:00+00:00,24884.024676215962
2025-07-18 08:00:00+00:00,24884.024676215962
2025-07-18 12:00:00+00:00,24884.024676215962
2025-07-18 16:00:00+00:00,24884.024676215962
2025-07-18 20:00:00+00:00,24884.024676215962
2025-07-19 00:00:00+00:00,24884.024676215962
2025-07-19 04:00:00+00:00,24884.024676215962
2025-07-19 08:00:00+00:00,24884.024676215962
2025-07-19 12:00:00+00:00,24884.024676215962
2025-07-19 16:00:00+00:00,24884.024676215962
2025-07-19 20:00:00+00:00,24884.024676215962
2025-07-20 00:00:00+00:00,24884.024676215962
2025-07-20 04:00:00+00:00,24884.024676215962
2025-07-20 08:00:00+00:00,24884.024676215962
2025-07-20 12:00:00+00:00,24884.024676215962
2025-07-20 16:00:00+00:00,24884.024676215962
2025-07-20 20:00:00+00:00,24884.024676215962
2025-07-21 00:00:00+00:00,24884.024676215962
2025-07-21 04:00:00+00:00,24884.024676215962
2025-07-21 08:00:00+00:00,24884.024676215962
2025-07-21 12:00:00+00:00,24884.024676215962
2025-07-21 16:00:00+00:00,24884.024676215962
2025-07-21 20:00:00+00:00,24884.024676215962
2025-07-22 00:00:00+00:00,24884.024676215962
2025-07-22 04:00:00+00:00,24884.024676215962
2025-07-22 08:00:00+00:00,24884.024676215962
2025-07-22 12:00:00+00:00,24884.024676215962
2025-07-22 16:00:00+00:00,24884.024676215962
2025-07-22 20:00:00+00:00,24884.024676215962
2025-07-23 00:00:00+00:00,24884.024676215962
2025-07-23 04:00:00+00:00,24884.024676215962
2025-07-23 08:00:00+00:00,24884.024676215962
2025-07-23 12:00:00+00:00,24884.024676215962
2025-07-23 16:00:00+00:00,24884.024676215962
2025-07-23 20:00:00+00:00,24884.024676215962
2025-07-24 00:00:00+00:00,24884.024676215962
2025-07-24 04:00:00+00:00,24884.024676215962
2025-07-24 08:00:00+00:00,24884.024676215962
2025-07-24 12:00:00+00:00,24884.024676215962
2025-07-24 16:00:00+00:00,24884.024676215962
2025-07-24 20:00:00+00:00,24884.024676215962
2025-07-25 00:00:00+00:00,24884.024676215962
2025-07-25 04:00:00+00:00,24884.024676215962
2025-07-25 08:00:00+00:00,24884.024676215962
2025-07-25 12:00:00+00:00,24884.024676215962
2025-07-25 16:00:00+00:00,24884.024676215962
2025-07-25 20:00:00+00:00,24884.024676215962
2025-07-26 00:00:00+00:00,24884.024676215962
2025-07-26 04:00:00+00:00,24884.024676215962
2025-07-26 08:00:00+00:00,24884.024676215962
2025-07-26 12:00:00+00:00,24884.024676215962
2025-07-26 16:00:00+00:00,24884.024676215962
2025-07-26 20:00:00+00:00,24884.024676215962
2025-07-27 00:00:00+00:00,24884.024676215962
2025-07-27 04:00:00+00:00,24884.024676215962
2025-07-27 08:00:00+00:00,24884.024676215962
2025-07-27 12:00:00+00:00,24884.024676215962
2025-07-27 16:00:00+00:00,24884.024676215962
2025-07-27 20:00:00+00:00,24884.024676215962
2025-07-28 00:00:00+00:00,24884.024676215962
2025-07-28 04:00:00+00:00,24884.024676215962
2025-07-28 08:00:00+00:00,24884.024676215962
2025-07-28 12:00:00+00:00,24884.024676215962
2025-07-28 16:00:00+00:00,24884.024676215962
2025-07-28 20:00:00+00:00,24884.024676215962
2025-07-29 00:00:00+00:00,24834.355964287384
2025-07-29 04:00:00+00:00,25860.84267747793
2025-07-29 08:00:00+00:00,25033.030812001685
2025-07-29 12:00:00+00:00,24049.086962353114
2025-07-29 16:00:00+00:00,24049.086962353114
2025-07-29 20:00:00+00:00,24049.086962353114
2025-07-30 00:00:00+00:00,24049.086962353114
2025-07-30 04:00:00+00:00,24049.086962353114
2025-07-30 08:00:00+00:00,24049.086962353114
2025-07-30 12:00:00+00:00,24049.086962353114
2025-07-30 16:00:00+00:00,24049.086962353114
2025-07-30 20:00:00+00:00,24049.086962353114
2025-07-31 00:00:00+00:00,24049.086962353114
2025-07-31 04:00:00+00:00,24049.086962353114
2025-07-31 08:00:00+00:00,24049.086962353114
2025-07-31 12:00:00+00:00,24049.086962353114
2025-07-31 16:00:00+00:00,24049.086962353114
2025-07-31 20:00:00+00:00,24049.086962353114
2025-08-01 00:00:00+00:00,24049.086962353114
2025-08-01 04:00:00+00:00,24049.086962353114
2025-08-01 08:00:00+00:00,24049.086962353114
2025-08-01 12:00:00+00:00,24049.086962353114
2025-08-01 16:00:00+00:00,24049.086962353114
2025-08-01 20:00:00+00:00,24049.086962353114
2025-08-02 00:00:00+00:00,24049.086962353114
2025-08-02 04:00:00+00:00,24049.086962353114
2025-08-02 08:00:00+00:00,24049.086962353114
2025-08-02 12:00:00+00:00,24049.086962353114
2025-08-02 16:00:00+00:00,24049.086962353114
2025-08-02 20:00:00+00:00,24049.086962353114
2025-08-03 00:00:00+00:00,24049.086962353114
2025-08-03 04:00:00+00:00,24049.086962353114
2025-08-03 08:00:00+00:00,24049.086962353114
2025-08-03 12:00:00+00:00,24049.086962353114
2025-08-03 16:00:00+00:00,24049.086962353114
2025-08-03 20:00:00+00:00,24049.086962353114
2025-08-04 00:00:00+00:00,24049.086962353114
2025-08-04 04:00:00+00:00,24049.086962353114
2025-08-04 08:00:00+00:00,24049.086962353114
2025-08-04 12:00:00+00:00,24001.08479276757
2025-08-04 16:00:00+00:00,24174.50303548988
2025-08-04 20:00:00+00:00,24417.28857530112
2025-08-05 00:00:00+00:00,23931.71749567865
2025-08-05 04:00:00+00:00,23368.58289598161
2025-08-05 08:00:00+00:00,23368.58289598161
2025-08-05 12:00:00+00:00,23368.58289598161
2025-08-05 16:00:00+00:00,23368.58289598161
2025-08-05 20:00:00+00:00,23368.58289598161
2025-08-06 00:00:00+00:00,23368.58289598161
2025-08-06 04:00:00+00:00,23368.58289598161
2025-08-06 08:00:00+00:00,23368.58289598161
2025-08-06 12:00:00+00:00,23368.58289598161
2025-08-06 16:00:00+00:00,23368.58289598161
2025-08-06 20:00:00+00:00,23368.58289598161
2025-08-07 00:00:00+00:00,23368.58289598161
2025-08-07 04:00:00+00:00,23368.58289598161
2025-08-07 08:00:00+00:00,23368.58289598161
2025-08-07 12:00:00+00:00,23368.58289598161
2025-08-07 16:00:00+00:00,23368.58289598161
2025-08-07 20:00:00+00:00,23368.58289598161
2025-08-08 00:00:00+00:00,23368.58289598161
2025-08-08 04:00:00+00:00,23368.58289598161
2025-08-08 08:00:00+00:00,23368.58289598161
2025-08-08 12:00:00+00:00,23368.58289598161
2025-08-08 16:00:00+00:00,23368.58289598161
2025-08-08 20:00:00+00:00,23368.58289598161
2025-08-09 00:00:00+00:00,23368.58289598161
2025-08-09 04:00:00+00:00,23368.58289598161
2025-08-09 08:00:00+00:00,23368.58289598161
2025-08-09 12:00:00+00:00,23368.58289598161
2025-08-09 16:00:00+00:00,23368.58289598161
2025-08-09 20:00:00+00:00,23368.58289598161
2025-08-10 00:00:00+00:00,23368.58289598161
2025-08-10 04:00:00+00:00,23368.58289598161
2025-08-10 08:00:00+00:00,23368.58289598161
2025-08-10 12:00:00+00:00,23368.58289598161
2025-08-10 16:00:00+00:00,23368.58289598161
2025-08-10 20:00:00+00:00,23368.58289598161
2025-08-11 00:00:00+00:00,23368.58289598161
2025-08-11 04:00:00+00:00,23368.58289598161
2025-08-11 08:00:00+00:00,23368.58289598161
2025-08-11 12:00:00+00:00,23368.58289598161
2025-08-11 16:00:00+00:00,23368.58289598161
2025-08-11 20:00:00+00:00,23368.58289598161
2025-08-12 00:00:00+00:00,23368.58289598161
2025-08-12 04:00:00+00:00,23368.58289598161
2025-08-12 08:00:00+00:00,23368.58289598161
2025-08-12 12:00:00+00:00,23368.58289598161
2025-08-12 16:00:00+00:00,23368.58289598161
2025-08-12 20:00:00+00:00,23368.58289598161
2025-08-13 00:00:00+00:00,23368.58289598161
2025-08-13 04:00:00+00:00,23368.58289598161
2025-08-13 08:00:00+00:00,23368.58289598161
2025-08-13 12:00:00+00:00,23368.58289598161
2025-08-13 16:00:00+00:00,23368.58289598161
2025-08-13 20:00:00+00:00,23368.58289598161
2025-08-14 00:00:00+00:00,23368.58289598161
2025-08-14 04:00:00+00:00,23368.58289598161
2025-08-14 08:00:00+00:00,23368.58289598161
2025-08-14 12:00:00+00:00,23368.58289598161
2025-08-14 16:00:00+00:00,23368.58289598161
2025-08-14 20:00:00+00:00,23368.58289598161
2025-08-15 00:00:00+00:00,23321.939017945715
2025-08-15 04:00:00+00:00,23291.292580340003
2025-08-15 08:00:00+00:00,23015.47464188861
2025-08-15 12:00:00+00:00,21936.483266375046
2025-08-15 16:00:00+00:00,21936.483266375046
2025-08-15 20:00:00+00:00,21936.483266375046
2025-08-16 00:00:00+00:00,21936.483266375046
2025-08-16 04:00:00+00:00,21936.483266375046
2025-08-16 08:00:00+00:00,21936.483266375046
2025-08-16 12:00:00+00:00,21936.483266375046
2025-08-16 16:00:00+00:00,21936.483266375046
2025-08-16 20:00:00+00:00,21936.483266375046
2025-08-17 00:00:00+00:00,21936.483266375046
2025-08-17 04:00:00+00:00,21936.483266375046
2025-08-17 08:00:00+00:00,21936.483266375046
2025-08-17 12:00:00+00:00,21936.483266375046
2025-08-17 16:00:00+00:00,21936.483266375046
2025-08-17 20:00:00+00:00,21936.483266375046
2025-08-18 00:00:00+00:00,21936.483266375046
2025-08-18 04:00:00+00:00,21936.483266375046
2025-08-18 08:00:00+00:00,21936.483266375046
2025-08-18 12:00:00+00:00,21936.483266375046
2025-08-18 16:00:00+00:00,21936.483266375046
2025-08-18 20:00:00+00:00,21936.483266375046
2025-08-19 00:00:00+00:00,21936.483266375046
2025-08-19 04:00:00+00:00,21936.483266375046
2025-08-19 08:00:00+00:00,21936.483266375046
2025-08-19 12:00:00+00:00,21936.483266375046
2025-08-19 16:00:00+00:00,21936.483266375046
2025-08-19 20:00:00+00:00,21936.483266375046
2025-08-20 00:00:00+00:00,21936.483266375046
2025-08-20 04:00:00+00:00,21936.483266375046
2025-08-20 08:00:00+00:00,21936.483266375046
2025-08-20 12:00:00+00:00,21936.483266375046
2025-08-20 16:00:00+00:00,21936.483266375046
2025-08-20 20:00:00+00:00,21936.483266375046
2025-08-21 00:00:00+00:00,21936.483266375046
2025-08-21 04:00:00+00:00,21936.483266375046
2025-08-21 08:00:00+00:00,21936.483266375046
2025-08-21 12:00:00+00:00,21936.483266375046
2025-08-21 16:00:00+00:00,21936.483266375046
2025-08-21 20:00:00+00:00,21936.483266375046
2025-08-22 00:00:00+00:00,21936.483266375046
2025-08-22 04:00:00+00:00,21936.483266375046
2025-08-22 08:00:00+00:00,21936.483266375046
2025-08-22 12:00:00+00:00,21892.69787063378
2025-08-22 16:00:00+00:00,23257.34659245805
2025-08-22 20:00:00+00:00,23006.577810242477
2025-08-23 00:00:00+00:00,22405.899099354017
2025-08-23 04:00:00+00:00,22633.340552991394
2025-08-23 08:00:00+00:00,22764.556776243724
2025-08-23 12:00:00+00:00,23169.869110289823
2025-08-23 16:00:00+00:00,23971.746030165195
2025-08-23 20:00:00+00:00,23645.1634300705
2025-08-24 00:00:00+00:00,23175.70094243437
2025-08-24 04:00:00+00:00,22832.608030707856
2025-08-24 08:00:00+00:00,22832.608030707856
2025-08-24 12:00:00+00:00,22832.608030707856
2025-08-24 16:00:00+00:00,22832.608030707856
2025-08-24 20:00:00+00:00,22832.608030707856
2025-08-25 00:00:00+00:00,22832.608030707856
2025-08-25 04:00:00+00:00,22832.608030707856
2025-08-25 08:00:00+00:00,22832.608030707856
2025-08-25 12:00:00+00:00,22832.608030707856
2025-08-25 16:00:00+00:00,22832.608030707856
2025-08-25 20:00:00+00:00,22832.608030707856
2025-08-26 00:00:00+00:00,22832.608030707856
2025-08-26 04:00:00+00:00,22832.608030707856
2025-08-26 08:00:00+00:00,22832.608030707856
2025-08-26 12:00:00+00:00,22832.608030707856
2025-08-26 16:00:00+00:00,22832.608030707856
2025-08-26 20:00:00+00:00,22832.608030707856
2025-08-27 00:00:00+00:00,22832.608030707856
2025-08-27 04:00:00+00:00,22832.608030707856
2025-08-27 08:00:00+00:00,22832.608030707856
2025-08-27 12:00:00+00:00,22832.608030707856
2025-08-27 16:00:00+00:00,22832.608030707856
2025-08-27 20:00:00+00:00,22832.608030707856
2025-08-28 00:00:00+00:00,22832.608030707856
2025-08-28 04:00:00+00:00,22832.608030707856
2025-08-28 08:00:00+00:00,22832.608030707856
2025-08-28 12:00:00+00:00,22832.608030707856
2025-08-28 16:00:00+00:00,22832.608030707856
2025-08-28 20:00:00+00:00,22832.608030707856
2025-08-29 00:00:00+00:00,22832.608030707856
2025-08-29 04:00:00+00:00,22832.608030707856
2025-08-29 08:00:00+00:00,22832.608030707856
2025-08-29 12:00:00+00:00,22832.608030707856
2025-08-29 16:00:00+00:00,22832.608030707856
2025-08-29 20:00:00+00:00,22832.608030707856
2025-08-30 00:00:00+00:00,22832.608030707856
2025-08-30 04:00:00+00:00,22832.608030707856
2025-08-30 08:00:00+00:00,22832.608030707856
2025-08-30 12:00:00+00:00,22832.608030707856
2025-08-30 16:00:00+00:00,22832.608030707856
2025-08-30 20:00:00+00:00,22832.608030707856
2025-08-31 00:00:00+00:00,22832.608030707856
2025-08-31 04:00:00+00:00,22832.608030707856
2025-08-31 08:00:00+00:00,22832.608030707856
2025-08-31 12:00:00+00:00,22832.608030707856
2025-08-31 16:00:00+00:00,22832.608030707856
2025-08-31 20:00:00+00:00,22832.608030707856
2025-09-01 00:00:00+00:00,22832.608030707856
2025-09-01 04:00:00+00:00,22832.608030707856
2025-09-01 08:00:00+00:00,22832.608030707856
2025-09-01 12:00:00+00:00,22832.608030707856
2025-09-01 16:00:00+00:00,22832.608030707856
2025-09-01 20:00:00+00:00,22832.608030707856
2025-09-02 00:00:00+00:00,22832.608030707856
2025-09-02 04:00:00+00:00,22832.608030707856
2025-09-02 08:00:00+00:00,22832.608030707856
2025-09-02 12:00:00+00:00,22832.608030707856
2025-09-02 16:00:00+00:00,22832.608030707856
2025-09-02 20:00:00+00:00,22832.608030707856
2025-09-03 00:00:00+00:00,22832.608030707856
2025-09-03 04:00:00+00:00,22832.608030707856
2025-09-03 08:00:00+00:00,22832.608030707856
2025-09-03 12:00:00+00:00,22832.608030707856
2025-09-03 16:00:00+00:00,22832.608030707856
2025-09-03 20:00:00+00:00,22832.608030707856
2025-09-04 00:00:00+00:00,22832.608030707856
2025-09-04 04:00:00+00:00,22832.608030707856
2025-09-04 08:00:00+00:00,22832.608030707856
2025-09-04 12:00:00+00:00,22832.608030707856
2025-09-04 16:00:00+00:00,22832.608030707856
2025-09-04 20:00:00+00:00,22832.608030707856
2025-09-05 00:00:00+00:00,22832.608030707856
2025-09-05 04:00:00+00:00,22832.608030707856
2025-09-05 08:00:00+00:00,22832.608030707856
2025-09-05 12:00:00+00:00,22832.608030707856
2025-09-05 16:00:00+00:00,22832.608030707856
2025-09-05 20:00:00+00:00,22832.608030707856
2025-09-06 00:00:00+00:00,22832.608030707856
2025-09-06 04:00:00+00:00,22832.608030707856
2025-09-06 08:00:00+00:00,22832.608030707856
2025-09-06 12:00:00+00:00,22832.608030707856
2025-09-06 16:00:00+00:00,22832.608030707856
2025-09-06 20:00:00+00:00,22832.608030707856
2025-09-07 00:00:00+00:00,22832.608030707856
2025-09-07 04:00:00+00:00,22832.608030707856
2025-09-07 08:00:00+00:00,22832.608030707856
2025-09-07 12:00:00+00:00,22832.608030707856
2025-09-07 16:00:00+00:00,22832.608030707856
2025-09-07 20:00:00+00:00,22832.608030707856
2025-09-08 00:00:00+00:00,22832.608030707856
2025-09-08 04:00:00+00:00,22832.608030707856
2025-09-08 08:00:00+00:00,22832.608030707856
2025-09-08 12:00:00+00:00,22832.608030707856
2025-09-08 16:00:00+00:00,22832.608030707856
2025-09-08 20:00:00+00:00,22832.608030707856
2025-09-09 00:00:00+00:00,22832.608030707856
2025-09-09 04:00:00+00:00,22832.608030707856
2025-09-09 08:00:00+00:00,22832.608030707856
2025-09-09 12:00:00+00:00,22832.608030707856
2025-09-09 16:00:00+00:00,22832.608030707856
2025-09-09 20:00:00+00:00,22832.608030707856
2025-09-10 00:00:00+00:00,22832.608030707856
2025-09-10 04:00:00+00:00,22832.608030707856
2025-09-10 08:00:00+00:00,22832.608030707856
2025-09-10 12:00:00+00:00,22832.608030707856
2025-09-10 16:00:00+00:00,22832.608030707856
2025-09-10 20:00:00+00:00,22832.608030707856
2025-09-11 00:00:00+00:00,22832.608030707856
2025-09-11 04:00:00+00:00,22832.608030707856
2025-09-11 08:00:00+00:00,22832.608030707856
2025-09-11 12:00:00+00:00,22832.608030707856
2025-09-11 16:00:00+00:00,22832.608030707856
2025-09-11 20:00:00+00:00,22832.608030707856
2025-09-12 00:00:00+00:00,22832.608030707856
2025-09-12 04:00:00+00:00,22832.608030707856
2025-09-12 08:00:00+00:00,22832.608030707856
2025-09-12 12:00:00+00:00,22832.608030707856
2025-09-12 16:00:00+00:00,22832.608030707856
2025-09-12 20:00:00+00:00,22832.608030707856
2025-09-13 00:00:00+00:00,22832.608030707856
2025-09-13 04:00:00+00:00,22832.608030707856
2025-09-13 08:00:00+00:00,22832.608030707856
2025-09-13 12:00:00+00:00,22832.608030707856
2025-09-13 16:00:00+00:00,22832.608030707856
2025-09-13 20:00:00+00:00,22832.608030707856
2025-09-14 00:00:00+00:00,22832.608030707856
2025-09-14 04:00:00+00:00,22832.608030707856
2025-09-14 08:00:00+00:00,22832.608030707856
2025-09-14 12:00:00+00:00,22832.608030707856
2025-09-14 16:00:00+00:00,22832.608030707856
2025-09-14 20:00:00+00:00,22832.608030707856
2025-09-15 00:00:00+00:00,22832.608030707856
2025-09-15 04:00:00+00:00,22832.608030707856
2025-09-15 08:00:00+00:00,22832.608030707856
2025-09-15 12:00:00+00:00,22832.608030707856
2025-09-15 16:00:00+00:00,22832.608030707856
2025-09-15 20:00:00+00:00,22832.608030707856
2025-09-16 00:00:00+00:00,22832.608030707856
2025-09-16 04:00:00+00:00,22832.608030707856
2025-09-16 08:00:00+00:00,22832.608030707856
2025-09-16 12:00:00+00:00,22832.608030707856
2025-09-16 16:00:00+00:00,22832.608030707856
2025-09-16 20:00:00+00:00,22832.608030707856
2025-09-17 00:00:00+00:00,22832.608030707856
2025-09-17 04:00:00+00:00,22832.608030707856
2025-09-17 08:00:00+00:00,22832.608030707856
2025-09-17 12:00:00+00:00,22832.608030707856
2025-09-17 16:00:00+00:00,22832.608030707856
2025-09-17 20:00:00+00:00,22787.03396278229
2025-09-18 00:00:00+00:00,23003.144520133475
2025-09-18 04:00:00+00:00,22789.840593397246
2025-09-18 08:00:00+00:00,22890.87929553546
2025-09-18 12:00:00+00:00,23078.923546737136
2025-09-18 16:00:00+00:00,23317.48714900792
2025-09-18 20:00:00+00:00,23339.940193927523
2025-09-19 00:00:00+00:00,23418.525851146136
2025-09-19 04:00:00+00:00,23348.360085772372
2025-09-19 08:00:00+00:00,22750.54776478794
2025-09-19 12:00:00+00:00,22587.274944703473
2025-09-19 16:00:00+00:00,22587.274944703473
2025-09-19 20:00:00+00:00,22587.274944703473
2025-09-20 00:00:00+00:00,22587.274944703473
2025-09-20 04:00:00+00:00,22587.274944703473
2025-09-20 08:00:00+00:00,22587.274944703473
2025-09-20 12:00:00+00:00,22587.274944703473
2025-09-20 16:00:00+00:00,22587.274944703473
2025-09-20 20:00:00+00:00,22587.274944703473
2025-09-21 00:00:00+00:00,22587.274944703473
2025-09-21 04:00:00+00:00,22587.274944703473
2025-09-21 08:00:00+00:00,22587.274944703473
2025-09-21 12:00:00+00:00,22587.274944703473
2025-09-21 16:00:00+00:00,22587.274944703473
2025-09-21 20:00:00+00:00,22587.274944703473
2025-09-22 00:00:00+00:00,22587.274944703473
2025-09-22 04:00:00+00:00,22587.274944703473
2025-09-22 08:00:00+00:00,22587.274944703473
2025-09-22 12:00:00+00:00,22587.274944703473
2025-09-22 16:00:00+00:00,22587.274944703473
2025-09-22 20:00:00+00:00,22587.274944703473
2025-09-23 00:00:00+00:00,22587.274944703473
2025-09-23 04:00:00+00:00,22587.274944703473
2025-09-23 08:00:00+00:00,22587.274944703473
2025-09-23 12:00:00+00:00,22587.274944703473
2025-09-23 16:00:00+00:00,22587.274944703473
2025-09-23 20:00:00+00:00,22587.274944703473
2025-09-24 00:00:00+00:00,22587.274944703473
2025-09-24 04:00:00+00:00,22587.274944703473
2025-09-24 08:00:00+00:00,22587.274944703473
2025-09-24 12:00:00+00:00,22587.274944703473
2025-09-24 16:00:00+00:00,22587.274944703473
2025-09-24 20:00:00+00:00,22587.274944703473
2025-09-25 00:00:00+00:00,22587.274944703473
2025-09-25 04:00:00+00:00,22587.274944703473
2025-09-25 08:00:00+00:00,22587.274944703473
2025-09-25 12:00:00+00:00,22587.274944703473
2025-09-25 16:00:00+00:00,22587.274944703473
2025-09-25 20:00:00+00:00,22587.274944703473
2025-09-26 00:00:00+00:00,22587.274944703473
2025-09-26 04:00:00+00:00,22587.274944703473
2025-09-26 08:00:00+00:00,22587.274944703473
2025-09-26 12:00:00+00:00,22587.274944703473
2025-09-26 16:00:00+00:00,22587.274944703473
2025-09-26 20:00:00+00:00,22587.274944703473
2025-09-27 00:00:00+00:00,22587.274944703473
2025-09-27 04:00:00+00:00,22587.274944703473
2025-09-27 08:00:00+00:00,22587.274944703473
2025-09-27 12:00:00+00:00,22587.274944703473
2025-09-27 16:00:00+00:00,22587.274944703473
2025-09-27 20:00:00+00:00,22587.274944703473
2025-09-28 00:00:00+00:00,22587.274944703473
2025-09-28 04:00:00+00:00,22587.274944703473
2025-09-28 08:00:00+00:00,22587.274944703473
2025-09-28 12:00:00+00:00,22587.274944703473
2025-09-28 16:00:00+00:00,22587.274944703473
2025-09-28 20:00:00+00:00,22542.190563576318
2025-09-29 00:00:00+00:00,22462.932934873446
2025-09-29 04:00:00+00:00,22261.486461920304
2025-09-29 08:00:00+00:00,22122.785611690273
2025-09-29 12:00:00+00:00,21869.171415155623
2025-09-29 16:00:00+00:00,21869.171415155623
2025-09-29 20:00:00+00:00,21869.171415155623
2025-09-30 00:00:00+00:00,21869.171415155623
2025-09-30 04:00:00+00:00,21869.171415155623
2025-09-30 08:00:00+00:00,21869.171415155623
2025-09-30 12:00:00+00:00,21869.171415155623
2025-09-30 16:00:00+00:00,21869.171415155623
2025-09-30 20:00:00+00:00,21869.171415155623
2025-10-01 00:00:00+00:00,21869.171415155623
2025-10-01 04:00:00+00:00,21869.171415155623
2025-10-01 08:00:00+00:00,21869.171415155623
2025-10-01 12:00:00+00:00,21869.171415155623
2025-10-01 16:00:00+00:00,21869.171415155623
2025-10-01 20:00:00+00:00,21869.171415155623
2025-10-02 00:00:00+00:00,21869.171415155623
2025-10-02 04:00:00+00:00,21869.171415155623
2025-10-02 08:00:00+00:00,21869.171415155623
2025-10-02 12:00:00+00:00,21869.171415155623
2025-10-02 16:00:00+00:00,21869.171415155623
2025-10-02 20:00:00+00:00,21869.171415155623
2025-10-03 00:00:00+00:00,21869.171415155623
2025-10-03 04:00:00+00:00,21869.171415155623
2025-10-03 08:00:00+00:00,21869.171415155623
2025-10-03 12:00:00+00:00,21869.171415155623
2025-10-03 16:00:00+00:00,21869.171415155623
2025-10-03 20:00:00+00:00,21869.171415155623
2025-10-04 00:00:00+00:00,21869.171415155623
2025-10-04 04:00:00+00:00,21869.171415155623
2025-10-04 08:00:00+00:00,21869.171415155623
2025-10-04 12:00:00+00:00,21869.171415155623
2025-10-04 16:00:00+00:00,21869.171415155623
2025-10-04 20:00:00+00:00,21869.171415155623
2025-10-05 00:00:00+00:00,21869.171415155623
2025-10-05 04:00:00+00:00,21869.171415155623
2025-10-05 08:00:00+00:00,21869.171415155623
2025-10-05 12:00:00+00:00,21869.171415155623
2025-10-05 16:00:00+00:00,21869.171415155623
2025-10-05 20:00:00+00:00,21869.171415155623
2025-10-06 00:00:00+00:00,21869.171415155623
2025-10-06 04:00:00+00:00,21869.171415155623
2025-10-06 08:00:00+00:00,21869.171415155623
2025-10-06 12:00:00+00:00,21869.171415155623
2025-10-06 16:00:00+00:00,21869.171415155623
2025-10-06 20:00:00+00:00,21869.171415155623
2025-10-07 00:00:00+00:00,21869.171415155623
2025-10-07 04:00:00+00:00,21869.171415155623
2025-10-07 08:00:00+00:00,21869.171415155623
2025-10-07 12:00:00+00:00,21869.171415155623
2025-10-07 16:00:00+00:00,21869.171415155623
2025-10-07 20:00:00+00:00,21869.171415155623
2025-10-08 00:00:00+00:00,21869.171415155623
2025-10-08 04:00:00+00:00,21869.171415155623
2025-10-08 08:00:00+00:00,21869.171415155623
2025-10-08 12:00:00+00:00,21869.171415155623
2025-10-08 16:00:00+00:00,21869.171415155623
2025-10-08 20:00:00+00:00,21869.171415155623
2025-10-09 00:00:00+00:00,21869.171415155623
2025-10-09 04:00:00+00:00,21869.171415155623
2025-10-09 08:00:00+00:00,21869.171415155623
2025-10-09 12:00:00+00:00,21869.171415155623
2025-10-09 16:00:00+00:00,21869.171415155623
2025-10-09 20:00:00+00:00,21869.171415155623
2025-10-10 00:00:00+00:00,21869.171415155623
2025-10-10 04:00:00+00:00,21869.171415155623
2025-10-10 08:00:00+00:00,21869.171415155623
2025-10-10 12:00:00+00:00,21869.171415155623
2025-10-10 16:00:00+00:00,21869.171415155623
2025-10-10 20:00:00+00:00,21869.171415155623
2025-10-11 00:00:00+00:00,21869.171415155623
2025-10-11 04:00:00+00:00,21869.171415155623
2025-10-11 08:00:00+00:00,21869.171415155623
2025-10-11 12:00:00+00:00,21869.171415155623
2025-10-11 16:00:00+00:00,21869.171415155623
2025-10-11 20:00:00+00:00,21869.171415155623
2025-10-12 00:00:00+00:00,21869.171415155623
2025-10-12 04:00:00+00:00,21869.171415155623
2025-10-12 08:00:00+00:00,21869.171415155623
2025-10-12 12:00:00+00:00,21869.171415155623
2025-10-12 16:00:00+00:00,21869.171415155623
2025-10-12 20:00:00+00:00,21869.171415155623
2025-10-13 00:00:00+00:00,21869.171415155623
2025-10-13 04:00:00+00:00,21869.171415155623
2025-10-13 08:00:00+00:00,21869.171415155623
2025-10-13 12:00:00+00:00,21869.171415155623
2025-10-13 16:00:00+00:00,21869.171415155623
2025-10-13 20:00:00+00:00,21869.171415155623
2025-10-14 00:00:00+00:00,21869.171415155623
2025-10-14 04:00:00+00:00,21869.171415155623
2025-10-14 08:00:00+00:00,21869.171415155623
2025-10-14 12:00:00+00:00,21869.171415155623
2025-10-14 16:00:00+00:00,21869.171415155623
2025-10-14 20:00:00+00:00,21869.171415155623
2025-10-15 00:00:00+00:00,21869.171415155623
2025-10-15 04:00:00+00:00,21869.171415155623
2025-10-15 08:00:00+00:00,21869.171415155623
2025-10-15 12:00:00+00:00,21869.171415155623
2025-10-15 16:00:00+00:00,21869.171415155623
2025-10-15 20:00:00+00:00,21869.171415155623
2025-10-16 00:00:00+00:00,21869.171415155623
2025-10-16 04:00:00+00:00,21869.171415155623
2025-10-16 08:00:00+00:00,21869.171415155623
2025-10-16 12:00:00+00:00,21869.171415155623
2025-10-16 16:00:00+00:00,21869.171415155623
2025-10-16 20:00:00+00:00,21869.171415155623
2025-10-17 00:00:00+00:00,21869.171415155623
2025-10-17 04:00:00+00:00,21869.171415155623
2025-10-17 08:00:00+00:00,21869.171415155623
2025-10-17 12:00:00+00:00,21869.171415155623
2025-10-17 16:00:00+00:00,21869.171415155623
2025-10-17 20:00:00+00:00,21869.171415155623
2025-10-18 00:00:00+00:00,21869.171415155623
2025-10-18 04:00:00+00:00,21869.171415155623
2025-10-18 08:00:00+00:00,21869.171415155623
2025-10-18 12:00:00+00:00,21869.171415155623
2025-10-18 16:00:00+00:00,21869.171415155623
2025-10-18 20:00:00+00:00,21869.171415155623
2025-10-19 00:00:00+00:00,21869.171415155623
2025-10-19 04:00:00+00:00,21869.171415155623
2025-10-19 08:00:00+00:00,21869.171415155623
2025-10-19 12:00:00+00:00,21869.171415155623
2025-10-19 16:00:00+00:00,21869.171415155623
2025-10-19 20:00:00+00:00,21869.171415155623
2025-10-20 00:00:00+00:00,21869.171415155623
2025-10-20 04:00:00+00:00,21869.171415155623
2025-10-20 08:00:00+00:00,21869.171415155623
2025-10-20 12:00:00+00:00,21869.171415155623
2025-10-20 16:00:00+00:00,21869.171415155623
2025-10-20 20:00:00+00:00,21869.171415155623
2025-10-21 00:00:00+00:00,21869.171415155623
2025-10-21 04:00:00+00:00,21869.171415155623
2025-10-21 08:00:00+00:00,21869.171415155623
2025-10-21 12:00:00+00:00,21825.52037440681
2025-10-21 16:00:00+00:00,21575.303506605913
2025-10-21 20:00:00+00:00,20843.442509357792
2025-10-22 00:00:00+00:00,20843.442509357792
2025-10-22 04:00:00+00:00,20843.442509357792
2025-10-22 08:00:00+00:00,20843.442509357792
2025-10-22 12:00:00+00:00,20843.442509357792
2025-10-22 16:00:00+00:00,20843.442509357792
2025-10-22 20:00:00+00:00,20843.442509357792
2025-10-23 00:00:00+00:00,20843.442509357792
2025-10-23 04:00:00+00:00,20843.442509357792
2025-10-23 08:00:00+00:00,20843.442509357792
2025-10-23 12:00:00+00:00,20843.442509357792
2025-10-23 16:00:00+00:00,20843.442509357792
2025-10-23 20:00:00+00:00,20843.442509357792
2025-10-24 00:00:00+00:00,20843.442509357792
2025-10-24 04:00:00+00:00,20843.442509357792
2025-10-24 08:00:00+00:00,20843.442509357792
2025-10-24 12:00:00+00:00,20843.442509357792
2025-10-24 16:00:00+00:00,20843.442509357792
2025-10-24 20:00:00+00:00,20843.442509357792
2025-10-25 00:00:00+00:00,20843.442509357792
2025-10-25 04:00:00+00:00,20843.442509357792
2025-10-25 08:00:00+00:00,20843.442509357792
2025-10-25 12:00:00+00:00,20843.442509357792
2025-10-25 16:00:00+00:00,20843.442509357792
2025-10-25 20:00:00+00:00,20843.442509357792
2025-10-26 00:00:00+00:00,20843.442509357792
2025-10-26 04:00:00+00:00,20843.442509357792
2025-10-26 08:00:00+00:00,20843.442509357792
2025-10-26 12:00:00+00:00,20843.442509357792
2025-10-26 16:00:00+00:00,20843.442509357792
2025-10-26 20:00:00+00:00,20843.442509357792
2025-10-27 00:00:00+00:00,20843.442509357792
2025-10-27 04:00:00+00:00,20843.442509357792
2025-10-27 08:00:00+00:00,20843.442509357792
2025-10-27 12:00:00+00:00,20843.442509357792
2025-10-27 16:00:00+00:00,20843.442509357792
2025-10-27 20:00:00+00:00,20843.442509357792
2025-10-28 00:00:00+00:00,20843.442509357792
2025-10-28 04:00:00+00:00,20843.442509357792
2025-10-28 08:00:00+00:00,20843.442509357792
2025-10-28 12:00:00+00:00,20843.442509357792
2025-10-28 16:00:00+00:00,20843.442509357792
2025-10-28 20:00:00+00:00,20843.442509357792
2025-10-29 00:00:00+00:00,20843.442509357792
2025-10-29 04:00:00+00:00,20843.442509357792
2025-10-29 08:00:00+00:00,20843.442509357792
2025-10-29 12:00:00+00:00,20843.442509357792
2025-10-29 16:00:00+00:00,20843.442509357792
2025-10-29 20:00:00+00:00,20843.442509357792
2025-10-30 00:00:00+00:00,20843.442509357792
2025-10-30 04:00:00+00:00,20843.442509357792
2025-10-30 08:00:00+00:00,20843.442509357792
2025-10-30 12:00:00+00:00,20843.442509357792
2025-10-30 16:00:00+00:00,20843.442509357792
2025-10-30 20:00:00+00:00,20843.442509357792
2025-10-31 00:00:00+00:00,20843.442509357792
2025-10-31 04:00:00+00:00,20843.442509357792
2025-10-31 08:00:00+00:00,20843.442509357792
2025-10-31 12:00:00+00:00,20843.442509357792
2025-10-31 16:00:00+00:00,20843.442509357792
2025-10-31 20:00:00+00:00,20843.442509357792
2025-11-01 00:00:00+00:00,20843.442509357792
2025-11-01 04:00:00+00:00,20843.442509357792
2025-11-01 08:00:00+00:00,20843.442509357792
2025-11-01 12:00:00+00:00,20843.442509357792
2025-11-01 16:00:00+00:00,20843.442509357792
2025-11-01 20:00:00+00:00,20843.442509357792
2025-11-02 00:00:00+00:00,20843.442509357792
2025-11-02 04:00:00+00:00,20843.442509357792
2025-11-02 08:00:00+00:00,20843.442509357792
2025-11-02 12:00:00+00:00,20843.442509357792
2025-11-02 16:00:00+00:00,20843.442509357792
2025-11-02 20:00:00+00:00,20843.442509357792
2025-11-03 00:00:00+00:00,20843.442509357792
2025-11-03 04:00:00+00:00,20843.442509357792
2025-11-03 08:00:00+00:00,20843.442509357792
2025-11-03 12:00:00+00:00,20843.442509357792
2025-11-03 16:00:00+00:00,20843.442509357792
2025-11-03 20:00:00+00:00,20843.442509357792
2025-11-04 00:00:00+00:00,20843.442509357792
2025-11-04 04:00:00+00:00,20843.442509357792
2025-11-04 08:00:00+00:00,20843.442509357792
2025-11-04 12:00:00+00:00,20843.442509357792
2025-11-04 16:00:00+00:00,20843.442509357792
2025-11-04 20:00:00+00:00,20843.442509357792
2025-11-05 00:00:00+00:00,20843.442509357792
2025-11-05 04:00:00+00:00,20843.442509357792
2025-11-05 08:00:00+00:00,20843.442509357792
2025-11-05 12:00:00+00:00,20843.442509357792
2025-11-05 16:00:00+00:00,20843.442509357792
2025-11-05 20:00:00+00:00,20843.442509357792
2025-11-06 00:00:00+00:00,20843.442509357792
2025-11-06 04:00:00+00:00,20843.442509357792
2025-11-06 08:00:00+00:00,20843.442509357792
2025-11-06 12:00:00+00:00,20843.442509357792
2025-11-06 16:00:00+00:00,20843.442509357792
2025-11-06 20:00:00+00:00,20843.442509357792
2025-11-07 00:00:00+00:00,20843.442509357792
2025-11-07 04:00:00+00:00,20801.8388316944
2025-11-07 08:00:00+00:00,20479.496287814836
2025-11-07 12:00:00+00:00,21478.758173841485
2025-11-07 16:00:00+00:00,23031.374760194703
2025-11-07 20:00:00+00:00,22752.011222165755
2025-11-08 00:00:00+00:00,22993.768130075423
2025-11-08 04:00:00+00:00,22875.575863986254
2025-11-08 08:00:00+00:00,23133.4498990899
2025-11-08 12:00:00+00:00,22204.028897570493
2025-11-08 16:00:00+00:00,22483.392435599453
2025-11-08 20:00:00+00:00,22735.89409497178
2025-11-09 00:00:00+00:00,21686.166499507148
2025-11-09 04:00:00+00:00,21686.166499507148
2025-11-09 08:00:00+00:00,21686.166499507148
2025-11-09 12:00:00+00:00,21686.166499507148
2025-11-09 16:00:00+00:00,21686.166499507148
2025-11-09 20:00:00+00:00,21686.166499507148
2025-11-10 00:00:00+00:00,21686.166499507148
2025-11-10 04:00:00+00:00,21686.166499507148
2025-11-10 08:00:00+00:00,21686.166499507148
2025-11-10 12:00:00+00:00,21686.166499507148
2025-11-10 16:00:00+00:00,21686.166499507148
2025-11-10 20:00:00+00:00,21686.166499507148
2025-11-11 00:00:00+00:00,21686.166499507148
2025-11-11 04:00:00+00:00,21686.166499507148
2025-11-11 08:00:00+00:00,21686.166499507148
2025-11-11 12:00:00+00:00,21686.166499507148
2025-11-11 16:00:00+00:00,21686.166499507148
2025-11-11 20:00:00+00:00,21686.166499507148
2025-11-12 00:00:00+00:00,21686.166499507148
2025-11-12 04:00:00+00:00,21686.166499507148
2025-11-12 08:00:00+00:00,21686.166499507148
2025-11-12 12:00:00+00:00,21686.166499507148
2025-11-12 16:00:00+00:00,21686.166499507148
2025-11-12 20:00:00+00:00,21686.166499507148
2025-11-13 00:00:00+00:00,21686.166499507148
2025-11-13 04:00:00+00:00,21686.166499507148
2025-11-13 08:00:00+00:00,21686.166499507148
2025-11-13 12:00:00+00:00,21686.166499507148
2025-11-13 16:00:00+00:00,21686.166499507148
2025-11-13 20:00:00+00:00,21686.166499507148
2025-11-14 00:00:00+00:00,21686.166499507148
2025-11-14 04:00:00+00:00,21686.166499507148
2025-11-14 08:00:00+00:00,21686.166499507148
2025-11-14 12:00:00+00:00,21686.166499507148
2025-11-14 16:00:00+00:00,21686.166499507148
2025-11-14 20:00:00+00:00,21686.166499507148
2025-11-15 00:00:00+00:00,21686.166499507148
2025-11-15 04:00:00+00:00,21686.166499507148
2025-11-15 08:00:00+00:00,21686.166499507148
2025-11-15 12:00:00+00:00,21686.166499507148
2025-11-15 16:00:00+00:00,21686.166499507148
2025-11-15 20:00:00+00:00,21686.166499507148
2025-11-16 00:00:00+00:00,21686.166499507148
2025-11-16 04:00:00+00:00,21686.166499507148
2025-11-16 08:00:00+00:00,21686.166499507148
2025-11-16 12:00:00+00:00,21686.166499507148
2025-11-16 16:00:00+00:00,21686.166499507148
2025-11-16 20:00:00+00:00,21686.166499507148
2025-11-17 00:00:00+00:00,21686.166499507148
2025-11-17 04:00:00+00:00,21686.166499507148
2025-11-17 08:00:00+00:00,21686.166499507148
2025-11-17 12:00:00+00:00,21686.166499507148
2025-11-17 16:00:00+00:00,21686.166499507148
2025-11-17 20:00:00+00:00,21686.166499507148
2025-11-18 00:00:00+00:00,21686.166499507148
2025-11-18 04:00:00+00:00,21686.166499507148
2025-11-18 08:00:00+00:00,21686.166499507148
2025-11-18 12:00:00+00:00,21686.166499507148
2025-11-18 16:00:00+00:00,21686.166499507148
2025-11-18 20:00:00+00:00,21686.166499507148
2025-11-19 00:00:00+00:00,21686.166499507148
2025-11-19 04:00:00+00:00,21686.166499507148
2025-11-19 08:00:00+00:00,21686.166499507148
2025-11-19 12:00:00+00:00,21686.166499507148
2025-11-19 16:00:00+00:00,21686.166499507148
2025-11-19 20:00:00+00:00,21686.166499507148
2025-11-20 00:00:00+00:00,21686.166499507148
2025-11-20 04:00:00+00:00,21686.166499507148
2025-11-20 08:00:00+00:00,21686.166499507148
2025-11-20 12:00:00+00:00,21686.166499507148
2025-11-20 16:00:00+00:00,21686.166499507148
2025-11-20 20:00:00+00:00,21686.166499507148
2025-11-21 00:00:00+00:00,21686.166499507148
2025-11-21 04:00:00+00:00,21686.166499507148
2025-11-21 08:00:00+00:00,21686.166499507148
2025-11-21 12:00:00+00:00,21686.166499507148
2025-11-21 16:00:00+00:00,21686.166499507148
2025-11-21 20:00:00+00:00,21686.166499507148
2025-11-22 00:00:00+00:00,21686.166499507148
2025-11-22 04:00:00+00:00,21686.166499507148
2025-11-22 08:00:00+00:00,21686.166499507148
2025-11-22 12:00:00+00:00,21686.166499507148
2025-11-22 16:00:00+00:00,21686.166499507148
2025-11-22 20:00:00+00:00,21686.166499507148
2025-11-23 00:00:00+00:00,21686.166499507148
2025-11-23 04:00:00+00:00,21686.166499507148
2025-11-23 08:00:00+00:00,21686.166499507148
2025-11-23 12:00:00+00:00,21686.166499507148
2025-11-23 16:00:00+00:00,21686.166499507148
2025-11-23 20:00:00+00:00,21686.166499507148
2025-11-24 00:00:00+00:00,21686.166499507148
2025-11-24 04:00:00+00:00,21686.166499507148
2025-11-24 08:00:00+00:00,21686.166499507148
2025-11-24 12:00:00+00:00,21686.166499507148
2025-11-24 16:00:00+00:00,21686.166499507148
2025-11-24 20:00:00+00:00,21686.166499507148
2025-11-25 00:00:00+00:00,21686.166499507148
2025-11-25 04:00:00+00:00,21686.166499507148
2025-11-25 08:00:00+00:00,21686.166499507148
2025-11-25 12:00:00+00:00,21686.166499507148
2025-11-25 16:00:00+00:00,21686.166499507148
2025-11-25 20:00:00+00:00,21686.166499507148
2025-11-26 00:00:00+00:00,21686.166499507148
2025-11-26 04:00:00+00:00,21686.166499507148
2025-11-26 08:00:00+00:00,21686.166499507148
2025-11-26 12:00:00+00:00,21686.166499507148
2025-11-26 16:00:00+00:00,21686.166499507148
2025-11-26 20:00:00+00:00,21686.166499507148
2025-11-27 00:00:00+00:00,21686.166499507148
2025-11-27 04:00:00+00:00,21686.166499507148
2025-11-27 08:00:00+00:00,21642.880738031086
2025-11-27 12:00:00+00:00,22233.79047315285
2025-11-27 16:00:00+00:00,21896.127767368987
2025-11-27 20:00:00+00:00,21675.34830589492
2025-11-28 00:00:00+00:00,21428.59479012979
2025-11-28 04:00:00+00:00,21292.242546632653
2025-11-28 08:00:00+00:00,21292.242546632653
2025-11-28 12:00:00+00:00,21292.242546632653
2025-11-28 16:00:00+00:00,21292.242546632653
2025-11-28 20:00:00+00:00,21292.242546632653
2025-11-29 00:00:00+00:00,21292.242546632653
2025-11-29 04:00:00+00:00,21292.242546632653
2025-11-29 08:00:00+00:00,21292.242546632653
2025-11-29 12:00:00+00:00,21292.242546632653
2025-11-29 16:00:00+00:00,21292.242546632653
2025-11-29 20:00:00+00:00,21292.242546632653
2025-11-30 00:00:00+00:00,21292.242546632653
2025-11-30 04:00:00+00:00,21292.242546632653
2025-11-30 08:00:00+00:00,21292.242546632653
2025-11-30 12:00:00+00:00,21292.242546632653
2025-11-30 16:00:00+00:00,21292.242546632653
2025-11-30 20:00:00+00:00,21292.242546632653
2025-12-01 00:00:00+00:00,21292.242546632653
2025-12-01 04:00:00+00:00,21292.242546632653
2025-12-01 08:00:00+00:00,21292.242546632653
2025-12-01 12:00:00+00:00,21292.242546632653
2025-12-01 16:00:00+00:00,21292.242546632653
2025-12-01 20:00:00+00:00,21292.242546632653
2025-12-02 00:00:00+00:00,21292.242546632653
2025-12-02 04:00:00+00:00,21292.242546632653
2025-12-02 08:00:00+00:00,21292.242546632653
2025-12-02 12:00:00+00:00,21292.242546632653
2025-12-02 16:00:00+00:00,21292.242546632653
2025-12-02 20:00:00+00:00,21292.242546632653
2025-12-03 00:00:00+00:00,21292.242546632653
2025-12-03 04:00:00+00:00,21292.242546632653
2025-12-03 08:00:00+00:00,21292.242546632653
2025-12-03 12:00:00+00:00,21292.242546632653
2025-12-03 16:00:00+00:00,21292.242546632653
2025-12-03 20:00:00+00:00,21292.242546632653
2025-12-04 00:00:00+00:00,21292.242546632653
2025-12-04 04:00:00+00:00,21292.242546632653
2025-12-04 08:00:00+00:00,21292.242546632653
2025-12-04 12:00:00+00:00,21292.242546632653
2025-12-04 16:00:00+00:00,21292.242546632653
2025-12-04 20:00:00+00:00,21292.242546632653
2025-12-05 00:00:00+00:00,21292.242546632653
2025-12-05 04:00:00+00:00,21292.242546632653
2025-12-05 08:00:00+00:00,21292.242546632653
2025-12-05 12:00:00+00:00,21292.242546632653
2025-12-05 16:00:00+00:00,21292.242546632653
2025-12-05 20:00:00+00:00,21292.242546632653
2025-12-06 00:00:00+00:00,21292.242546632653
2025-12-06 04:00:00+00:00,21292.242546632653
2025-12-06 08:00:00+00:00,21292.242546632653
2025-12-06 12:00:00+00:00,21292.242546632653
2025-12-06 16:00:00+00:00,21292.242546632653
2025-12-06 20:00:00+00:00,21292.242546632653
2025-12-07 00:00:00+00:00,21292.242546632653
2025-12-07 04:00:00+00:00,21292.242546632653
2025-12-07 08:00:00+00:00,21292.242546632653
2025-12-07 12:00:00+00:00,21292.242546632653
2025-12-07 16:00:00+00:00,21292.242546632653
2025-12-07 20:00:00+00:00,21292.242546632653
2025-12-08 00:00:00+00:00,21292.242546632653
2025-12-08 04:00:00+00:00,21292.242546632653
2025-12-08 08:00:00+00:00,21292.242546632653
2025-12-08 12:00:00+00:00,21292.242546632653
2025-12-08 16:00:00+00:00,21292.242546632653
2025-12-08 20:00:00+00:00,21292.242546632653
2025-12-09 00:00:00+00:00,21292.242546632653
2025-12-09 04:00:00+00:00,21292.242546632653
2025-12-09 08:00:00+00:00,21292.242546632653
2025-12-09 12:00:00+00:00,21249.74306051163
2025-12-09 16:00:00+00:00,22037.24483708377
2025-12-09 20:00:00+00:00,21691.5123498082
2025-12-10 00:00:00+00:00,21416.206850681356
2025-12-10 04:00:00+00:00,21339.37740906456
2025-12-10 08:00:00+00:00,21069.824093429717
2025-12-10 12:00:00+00:00,21069.824093429717
2025-12-10 16:00:00+00:00,21069.824093429717
2025-12-10 20:00:00+00:00,21069.824093429717
2025-12-11 00:00:00+00:00,21069.824093429717
2025-12-11 04:00:00+00:00,21069.824093429717
2025-12-11 08:00:00+00:00,21069.824093429717
2025-12-11 12:00:00+00:00,21069.824093429717
2025-12-11 16:00:00+00:00,21069.824093429717
2025-12-11 20:00:00+00:00,21069.824093429717
2025-12-12 00:00:00+00:00,21069.824093429717
2025-12-12 04:00:00+00:00,21069.824093429717
2025-12-12 08:00:00+00:00,21069.824093429717
2025-12-12 12:00:00+00:00,21069.824093429717
2025-12-12 16:00:00+00:00,21069.824093429717
2025-12-12 20:00:00+00:00,21069.824093429717
2025-12-13 00:00:00+00:00,21069.824093429717
2025-12-13 04:00:00+00:00,21069.824093429717
2025-12-13 08:00:00+00:00,21069.824093429717
2025-12-13 12:00:00+00:00,21069.824093429717
2025-12-13 16:00:00+00:00,21069.824093429717
2025-12-13 20:00:00+00:00,21069.824093429717
2025-12-14 00:00:00+00:00,21069.824093429717
2025-12-14 04:00:00+00:00,21069.824093429717
2025-12-14 08:00:00+00:00,21069.824093429717
2025-12-14 12:00:00+00:00,21069.824093429717
2025-12-14 16:00:00+00:00,21069.824093429717
2025-12-14 20:00:00+00:00,21069.824093429717
2025-12-15 00:00:00+00:00,21069.824093429717
2025-12-15 04:00:00+00:00,21069.824093429717
2025-12-15 08:00:00+00:00,21069.824093429717
2025-12-15 12:00:00+00:00,21069.824093429717
2025-12-15 16:00:00+00:00,21069.824093429717
2025-12-15 20:00:00+00:00,21069.824093429717
2025-12-16 00:00:00+00:00,21069.824093429717
2025-12-16 04:00:00+00:00,21069.824093429717
2025-12-16 08:00:00+00:00,21069.824093429717
2025-12-16 12:00:00+00:00,21069.824093429717
2025-12-16 16:00:00+00:00,21069.824093429717
2025-12-16 20:00:00+00:00,21069.824093429717
2025-12-17 00:00:00+00:00,21069.824093429717
2025-12-17 04:00:00+00:00,21069.824093429717
2025-12-17 08:00:00+00:00,21069.824093429717
2025-12-17 12:00:00+00:00,21069.824093429717
2025-12-17 16:00:00+00:00,21069.824093429717
2025-12-17 20:00:00+00:00,21069.824093429717
2025-12-18 00:00:00+00:00,21069.824093429717
2025-12-18 04:00:00+00:00,21069.824093429717
2025-12-18 08:00:00+00:00,21069.824093429717
2025-12-18 12:00:00+00:00,21069.824093429717
2025-12-18 16:00:00+00:00,21069.824093429717
2025-12-18 20:00:00+00:00,21069.824093429717
2025-12-19 00:00:00+00:00,21069.824093429717
2025-12-19 04:00:00+00:00,21069.824093429717
2025-12-19 08:00:00+00:00,21069.824093429717
2025-12-19 12:00:00+00:00,21069.824093429717
2025-12-19 16:00:00+00:00,21069.824093429717
2025-12-19 20:00:00+00:00,21069.824093429717
2025-12-20 00:00:00+00:00,21069.824093429717
2025-12-20 04:00:00+00:00,21069.824093429717
2025-12-20 08:00:00+00:00,21069.824093429717
2025-12-20 12:00:00+00:00,21069.824093429717
2025-12-20 16:00:00+00:00,21069.824093429717
2025-12-20 20:00:00+00:00,21069.824093429717
2025-12-21 00:00:00+00:00,21069.824093429717
2025-12-21 04:00:00+00:00,21069.824093429717
2025-12-21 08:00:00+00:00,21069.824093429717
2025-12-21 12:00:00+00:00,21069.824093429717
2025-12-21 16:00:00+00:00,21069.824093429717
2025-12-21 20:00:00+00:00,21069.824093429717
2025-12-22 00:00:00+00:00,21069.824093429717
2025-12-22 04:00:00+00:00,21069.824093429717
2025-12-22 08:00:00+00:00,21069.824093429717
2025-12-22 12:00:00+00:00,21069.824093429717
2025-12-22 16:00:00+00:00,21069.824093429717
2025-12-22 20:00:00+00:00,21069.824093429717
2025-12-23 00:00:00+00:00,21069.824093429717
2025-12-23 04:00:00+00:00,21069.824093429717
2025-12-23 08:00:00+00:00,21069.824093429717
2025-12-23 12:00:00+00:00,21069.824093429717
2025-12-23 16:00:00+00:00,21069.824093429717
2025-12-23 20:00:00+00:00,21069.824093429717
2025-12-24 00:00:00+00:00,21069.824093429717
2025-12-24 04:00:00+00:00,21069.824093429717
2025-12-24 08:00:00+00:00,21069.824093429717
2025-12-24 12:00:00+00:00,21069.824093429717
2025-12-24 16:00:00+00:00,21069.824093429717
2025-12-24 20:00:00+00:00,21069.824093429717
2025-12-25 00:00:00+00:00,21069.824093429717
2025-12-25 04:00:00+00:00,21069.824093429717
2025-12-25 08:00:00+00:00,21069.824093429717
2025-12-25 12:00:00+00:00,21069.824093429717
2025-12-25 16:00:00+00:00,21069.824093429717
2025-12-25 20:00:00+00:00,21069.824093429717
2025-12-26 00:00:00+00:00,21069.824093429717
2025-12-26 04:00:00+00:00,21069.824093429717
2025-12-26 08:00:00+00:00,21069.824093429717
2025-12-26 12:00:00+00:00,21069.824093429717
2025-12-26 16:00:00+00:00,21069.824093429717
2025-12-26 20:00:00+00:00,21069.824093429717
2025-12-27 00:00:00+00:00,21069.824093429717
2025-12-27 04:00:00+00:00,21069.824093429717
2025-12-27 08:00:00+00:00,21027.76855631708
2025-12-27 12:00:00+00:00,20981.822958597528
2025-12-27 16:00:00+00:00,20912.90456201819
2025-12-27 20:00:00+00:00,21318.75734187427
2025-12-28 00:00:00+00:00,21219.208546815236
2025-12-28 04:00:00+00:00,21242.18134567501
2025-12-28 08:00:00+00:00,21104.344552516344
2025-12-28 12:00:00+00:00,21112.002152136265
2025-12-28 16:00:00+00:00,20752.09496999974
2025-12-28 20:00:00+00:00,20974.165358977596
2025-12-29 00:00:00+00:00,21648.034125531096
2025-12-29 04:00:00+00:00,21571.458129331833
2025-12-29 08:00:00+00:00,21127.317351376118
2025-12-29 12:00:00+00:00,20916.578411006103
2025-12-29 16:00:00+00:00,20916.578411006103
2025-12-29 20:00:00+00:00,20916.578411006103
2025-12-30 00:00:00+00:00,20916.578411006103
2025-12-30 04:00:00+00:00,20916.578411006103
2025-12-30 08:00:00+00:00,20916.578411006103
2025-12-30 12:00:00+00:00,20916.578411006103
2025-12-30 16:00:00+00:00,20916.578411006103
2025-12-30 20:00:00+00:00,20916.578411006103
2025-12-31 00:00:00+00:00,20916.578411006103
2025-12-31 04:00:00+00:00,20916.578411006103
2025-12-31 08:00:00+00:00,20916.578411006103
2025-12-31 12:00:00+00:00,20916.578411006103
2025-12-31 16:00:00+00:00,20916.578411006103
2025-12-31 20:00:00+00:00,20916.578411006103
2026-01-01 00:00:00+00:00,20916.578411006103
2026-01-01 04:00:00+00:00,20916.578411006103
2026-01-01 08:00:00+00:00,20916.578411006103
2026-01-01 12:00:00+00:00,20916.578411006103
2026-01-01 16:00:00+00:00,20874.828753499103
2026-01-01 20:00:00+00:00,21196.199705913557
2026-01-02 00:00:00+00:00,21389.022277362234
2026-01-02 04:00:00+00:00,21024.80186462585
2026-01-02 08:00:00+00:00,21160.491822311953
2026-01-02 12:00:00+00:00,21339.031240319986
2026-01-02 16:00:00+00:00,21703.251653056373
2026-01-02 20:00:00+00:00,21867.507917623767
2026-01-03 00:00:00+00:00,21996.056298589545
2026-01-03 04:00:00+00:00,21574.703272090585
2026-01-03 08:00:00+00:00,21660.402192734444
2026-01-03 12:00:00+00:00,21838.941610742477
2026-01-03 16:00:00+00:00,22110.321526114683
2026-01-03 20:00:00+00:00,22174.595716597574
2026-01-04 00:00:00+00:00,22481.683515571392
2026-01-04 04:00:00+00:00,22467.400362130746
2026-01-04 08:00:00+00:00,22603.090319816853
2026-01-04 12:00:00+00:00,22881.611811909384
2026-01-04 16:00:00+00:00,22738.78027750296
2026-01-04 20:00:00+00:00,22817.33762142649
2026-01-05 00:00:00+00:00,22853.0455050281
2026-01-05 04:00:00+00:00,22760.205007663924
2026-01-05 08:00:00+00:00,22495.966669012036
2026-01-05 12:00:00+00:00,23103.000690239343
2026-01-05 16:00:00+00:00,23281.540108247373
2026-01-05 20:00:00+00:00,23531.495293458618
2026-01-06 00:00:00+00:00,23610.052637382152
2026-01-06 04:00:00+00:00,23281.540108247373
2026-01-06 08:00:00+00:00,23674.326827865047
2026-01-06 12:00:00+00:00,23460.079526255406
2026-01-06 16:00:00+00:00,22854.523752509518
2026-01-06 20:00:00+00:00,22854.523752509518
2026-01-07 00:00:00+00:00,22854.523752509518
2026-01-07 04:00:00+00:00,22854.523752509518
2026-01-07 08:00:00+00:00,22854.523752509518
2026-01-07 12:00:00+00:00,22854.523752509518
2026-01-07 16:00:00+00:00,22854.523752509518
2026-01-07 20:00:00+00:00,22854.523752509518
2026-01-08 00:00:00+00:00,22854.523752509518
2026-01-08 04:00:00+00:00,22854.523752509518
2026-01-08 08:00:00+00:00,22854.523752509518
2026-01-08 12:00:00+00:00,22854.523752509518
2026-01-08 16:00:00+00:00,22854.523752509518
2026-01-08 20:00:00+00:00,22854.523752509518
2026-01-09 00:00:00+00:00,22854.523752509518
2026-01-09 04:00:00+00:00,22854.523752509518
2026-01-09 08:00:00+00:00,22854.523752509518
2026-01-09 12:00:00+00:00,22854.523752509518
2026-01-09 16:00:00+00:00,22854.523752509518
2026-01-09 20:00:00+00:00,22854.523752509518
2026-01-10 00:00:00+00:00,22854.523752509518
2026-01-10 04:00:00+00:00,22854.523752509518
2026-01-10 08:00:00+00:00,22854.523752509518
2026-01-10 12:00:00+00:00,22854.523752509518
2026-01-10 16:00:00+00:00,22854.523752509518
2026-01-10 20:00:00+00:00,22854.523752509518
2026-01-11 00:00:00+00:00,22854.523752509518
2026-01-11 04:00:00+00:00,22854.523752509518
2026-01-11 08:00:00+00:00,22854.523752509518
2026-01-11 12:00:00+00:00,22854.523752509518
2026-01-11 16:00:00+00:00,22854.523752509518
2026-01-11 20:00:00+00:00,22854.523752509518
2026-01-12 00:00:00+00:00,22854.523752509518
2026-01-12 04:00:00+00:00,22854.523752509518
2026-01-12 08:00:00+00:00,22854.523752509518
2026-01-12 12:00:00+00:00,22854.523752509518
2026-01-12 16:00:00+00:00,22854.523752509518
2026-01-12 20:00:00+00:00,22854.523752509518
2026-01-13 00:00:00+00:00,22854.523752509518
2026-01-13 04:00:00+00:00,22854.523752509518
2026-01-13 08:00:00+00:00,22854.523752509518
2026-01-13 12:00:00+00:00,22854.523752509518
2026-01-13 16:00:00+00:00,22854.523752509518
2026-01-13 20:00:00+00:00,22854.523752509518
2026-01-14 00:00:00+00:00,22854.523752509518
2026-01-14 04:00:00+00:00,22854.523752509518
2026-01-14 08:00:00+00:00,22854.523752509518
2026-01-14 12:00:00+00:00,22854.523752509518
2026-01-14 16:00:00+00:00,22854.523752509518
2026-01-14 20:00:00+00:00,22854.523752509518
2026-01-15 00:00:00+00:00,22854.523752509518
2026-01-15 04:00:00+00:00,22854.523752509518
2026-01-15 08:00:00+00:00,22854.523752509518
2026-01-15 12:00:00+00:00,22854.523752509518
2026-01-15 16:00:00+00:00,22854.523752509518
2026-01-15 20:00:00+00:00,22854.523752509518
2026-01-16 00:00:00+00:00,22854.523752509518
2026-01-16 04:00:00+00:00,22854.523752509518
2026-01-16 08:00:00+00:00,22854.523752509518
2026-01-16 12:00:00+00:00,22854.523752509518
2026-01-16 16:00:00+00:00,22854.523752509518
2026-01-16 20:00:00+00:00,22854.523752509518
2026-01-17 00:00:00+00:00,22854.523752509518
2026-01-17 04:00:00+00:00,22854.523752509518
2026-01-17 08:00:00+00:00,22854.523752509518
2026-01-17 12:00:00+00:00,22854.523752509518
2026-01-17 16:00:00+00:00,22854.523752509518
2026-01-17 20:00:00+00:00,22854.523752509518
2026-01-18 00:00:00+00:00,22854.523752509518
2026-01-18 04:00:00+00:00,22854.523752509518
2026-01-18 08:00:00+00:00,22854.523752509518
2026-01-18 12:00:00+00:00,22854.523752509518
2026-01-18 16:00:00+00:00,22854.523752509518
2026-01-18 20:00:00+00:00,22854.523752509518
2026-01-19 00:00:00+00:00,22854.523752509518
2026-01-19 04:00:00+00:00,22854.523752509518
2026-01-19 08:00:00+00:00,22854.523752509518
2026-01-19 12:00:00+00:00,22854.523752509518
2026-01-19 16:00:00+00:00,22854.523752509518
2026-01-19 20:00:00+00:00,22854.523752509518
2026-01-20 00:00:00+00:00,22854.523752509518
2026-01-20 04:00:00+00:00,22854.523752509518
2026-01-20 08:00:00+00:00,22854.523752509518
2026-01-20 12:00:00+00:00,22854.523752509518
2026-01-20 16:00:00+00:00,22854.523752509518
2026-01-20 20:00:00+00:00,22854.523752509518
2026-01-21 00:00:00+00:00,22854.523752509518
2026-01-21 04:00:00+00:00,22854.523752509518
2026-01-21 08:00:00+00:00,22854.523752509518
2026-01-21 12:00:00+00:00,22854.523752509518
2026-01-21 16:00:00+00:00,22854.523752509518
2026-01-21 20:00:00+00:00,22854.523752509518
2026-01-22 00:00:00+00:00,22854.523752509518
2026-01-22 04:00:00+00:00,22854.523752509518
2026-01-22 08:00:00+00:00,22854.523752509518
2026-01-22 12:00:00+00:00,22854.523752509518
2026-01-22 16:00:00+00:00,22854.523752509518
2026-01-22 20:00:00+00:00,22854.523752509518
2026-01-23 00:00:00+00:00,22854.523752509518
2026-01-23 04:00:00+00:00,22854.523752509518
2026-01-23 08:00:00+00:00,22854.523752509518
2026-01-23 12:00:00+00:00,22854.523752509518
2026-01-23 16:00:00+00:00,22854.523752509518
2026-01-23 20:00:00+00:00,22854.523752509518
2026-01-24 00:00:00+00:00,22854.523752509518
2026-01-24 04:00:00+00:00,22854.523752509518
2026-01-24 08:00:00+00:00,22854.523752509518
2026-01-24 12:00:00+00:00,22854.523752509518
2026-01-24 16:00:00+00:00,22854.523752509518
2026-01-24 20:00:00+00:00,22854.523752509518
2026-01-25 00:00:00+00:00,22854.523752509518
2026-01-25 04:00:00+00:00,22854.523752509518
2026-01-25 08:00:00+00:00,22854.523752509518
2026-01-25 12:00:00+00:00,22854.523752509518
2026-01-25 16:00:00+00:00,22854.523752509518
2026-01-25 20:00:00+00:00,22854.523752509518
2026-01-26 00:00:00+00:00,22854.523752509518
2026-01-26 04:00:00+00:00,22854.523752509518
2026-01-26 08:00:00+00:00,22854.523752509518
2026-01-26 12:00:00+00:00,22854.523752509518
2026-01-26 16:00:00+00:00,22854.523752509518
2026-01-26 20:00:00+00:00,22854.523752509518
2026-01-27 00:00:00+00:00,22854.523752509518
2026-01-27 04:00:00+00:00,22854.523752509518
2026-01-27 08:00:00+00:00,22854.523752509518
2026-01-27 12:00:00+00:00,22854.523752509518
2026-01-27 16:00:00+00:00,22854.523752509518
2026-01-27 20:00:00+00:00,22854.523752509518
2026-01-28 00:00:00+00:00,22854.523752509518
2026-01-28 04:00:00+00:00,22854.523752509518
2026-01-28 08:00:00+00:00,22854.523752509518
2026-01-28 12:00:00+00:00,22854.523752509518
2026-01-28 16:00:00+00:00,22854.523752509518
2026-01-28 20:00:00+00:00,22854.523752509518
2026-01-29 00:00:00+00:00,22854.523752509518
2026-01-29 04:00:00+00:00,22854.523752509518
2026-01-29 08:00:00+00:00,22854.523752509518
2026-01-29 12:00:00+00:00,22854.523752509518
2026-01-29 16:00:00+00:00,22854.523752509518
2026-01-29 20:00:00+00:00,22854.523752509518
2026-01-30 00:00:00+00:00,22854.523752509518
2026-01-30 04:00:00+00:00,22854.523752509518
2026-01-30 08:00:00+00:00,22854.523752509518
2026-01-30 12:00:00+00:00,22854.523752509518
2026-01-30 16:00:00+00:00,22854.523752509518
2026-01-30 20:00:00+00:00,22854.523752509518
2026-01-31 00:00:00+00:00,22854.523752509518
2026-01-31 04:00:00+00:00,22854.523752509518
2026-01-31 08:00:00+00:00,22854.523752509518
2026-01-31 12:00:00+00:00,22854.523752509518
2026-01-31 16:00:00+00:00,22854.523752509518
2026-01-31 20:00:00+00:00,22854.523752509518
2026-02-01 00:00:00+00:00,22854.523752509518
2026-02-01 04:00:00+00:00,22854.523752509518
2026-02-01 08:00:00+00:00,22854.523752509518
2026-02-01 12:00:00+00:00,22854.523752509518
2026-02-01 16:00:00+00:00,22854.523752509518
2026-02-01 20:00:00+00:00,22854.523752509518
2026-02-02 00:00:00+00:00,22854.523752509518
2026-02-02 04:00:00+00:00,22854.523752509518
2026-02-02 08:00:00+00:00,22854.523752509518
2026-02-02 12:00:00+00:00,22854.523752509518
2026-02-02 16:00:00+00:00,22854.523752509518
2026-02-02 20:00:00+00:00,22854.523752509518
2026-02-03 00:00:00+00:00,22854.523752509518
2026-02-03 04:00:00+00:00,22854.523752509518
2026-02-03 08:00:00+00:00,22854.523752509518
2026-02-03 12:00:00+00:00,22854.523752509518
2026-02-03 16:00:00+00:00,22854.523752509518
2026-02-03 20:00:00+00:00,22854.523752509518
2026-02-04 00:00:00+00:00,22854.523752509518
2026-02-04 04:00:00+00:00,22854.523752509518
2026-02-04 08:00:00+00:00,22854.523752509518
2026-02-04 12:00:00+00:00,22854.523752509518
2026-02-04 16:00:00+00:00,22854.523752509518
2026-02-04 20:00:00+00:00,22854.523752509518
2026-02-05 00:00:00+00:00,22854.523752509518
2026-02-05 04:00:00+00:00,22854.523752509518
2026-02-05 08:00:00+00:00,22854.523752509518
2026-02-05 12:00:00+00:00,22854.523752509518
2026-02-05 16:00:00+00:00,22854.523752509518
2026-02-05 20:00:00+00:00,22854.523752509518
2026-02-06 00:00:00+00:00,22854.523752509518
2026-02-06 04:00:00+00:00,22854.523752509518
2026-02-06 08:00:00+00:00,22854.523752509518
2026-02-06 12:00:00+00:00,22854.523752509518
2026-02-06 16:00:00+00:00,22854.523752509518
2026-02-06 20:00:00+00:00,22854.523752509518
2026-02-07 00:00:00+00:00,22854.523752509518
2026-02-07 04:00:00+00:00,22854.523752509518
2026-02-07 08:00:00+00:00,22854.523752509518
2026-02-07 12:00:00+00:00,22854.523752509518
2026-02-07 16:00:00+00:00,22854.523752509518
2026-02-07 20:00:00+00:00,22854.523752509518
2026-02-08 00:00:00+00:00,22854.523752509518
2026-02-08 04:00:00+00:00,22854.523752509518
2026-02-08 08:00:00+00:00,22854.523752509518
2026-02-08 12:00:00+00:00,22854.523752509518
2026-02-08 16:00:00+00:00,22854.523752509518
2026-02-08 20:00:00+00:00,22854.523752509518
2026-02-09 00:00:00+00:00,22854.523752509518
2026-02-09 04:00:00+00:00,22854.523752509518
2026-02-09 08:00:00+00:00,22854.523752509518
2026-02-09 12:00:00+00:00,22854.523752509518
2026-02-09 16:00:00+00:00,22854.523752509518
2026-02-09 20:00:00+00:00,22854.523752509518
2026-02-10 00:00:00+00:00,22854.523752509518
2026-02-10 04:00:00+00:00,22854.523752509518
2026-02-10 08:00:00+00:00,22854.523752509518
2026-02-10 12:00:00+00:00,22854.523752509518
2026-02-10 16:00:00+00:00,22854.523752509518
2026-02-10 20:00:00+00:00,22854.523752509518
2026-02-11 00:00:00+00:00,22854.523752509518
2026-02-11 04:00:00+00:00,22854.523752509518
2026-02-11 08:00:00+00:00,22854.523752509518
2026-02-11 12:00:00+00:00,22854.523752509518
2026-02-11 16:00:00+00:00,22854.523752509518
2026-02-11 20:00:00+00:00,22854.523752509518
2026-02-12 00:00:00+00:00,22854.523752509518
2026-02-12 04:00:00+00:00,22854.523752509518
2026-02-12 08:00:00+00:00,22854.523752509518
2026-02-12 12:00:00+00:00,22854.523752509518
2026-02-12 16:00:00+00:00,22854.523752509518
2026-02-12 20:00:00+00:00,22854.523752509518
2026-02-13 00:00:00+00:00,22854.523752509518
2026-02-13 04:00:00+00:00,22854.523752509518
2026-02-13 08:00:00+00:00,22854.523752509518
2026-02-13 12:00:00+00:00,22854.523752509518
2026-02-13 16:00:00+00:00,22808.905940628265
2026-02-13 20:00:00+00:00,22748.819254799422
2026-02-14 00:00:00+00:00,23049.252683943625
2026-02-14 04:00:00+00:00,22953.113986617485
2026-02-14 08:00:00+00:00,23349.686113087835
2026-02-14 12:00:00+00:00,23578.015519237433
2026-02-14 16:00:00+00:00,24022.656994370864
2026-02-14 20:00:00+00:00,23698.18889089512
2026-02-15 00:00:00+00:00,23090.01569306168
2026-02-15 04:00:00+00:00,23090.01569306168
2026-02-15 08:00:00+00:00,23090.01569306168
2026-02-15 12:00:00+00:00,23090.01569306168
2026-02-15 16:00:00+00:00,23090.01569306168
2026-02-15 20:00:00+00:00,23090.01569306168
2026-02-16 00:00:00+00:00,23090.01569306168
2026-02-16 04:00:00+00:00,23090.01569306168
2026-02-16 08:00:00+00:00,23090.01569306168
2026-02-16 12:00:00+00:00,23090.01569306168
2026-02-16 16:00:00+00:00,23090.01569306168
2026-02-16 20:00:00+00:00,23090.01569306168
2026-02-17 00:00:00+00:00,23090.01569306168
2026-02-17 04:00:00+00:00,23090.01569306168
2026-02-17 08:00:00+00:00,23090.01569306168
2026-02-17 12:00:00+00:00,23090.01569306168
2026-02-17 16:00:00+00:00,23090.01569306168
2026-02-17 20:00:00+00:00,23090.01569306168
2026-02-18 00:00:00+00:00,23090.01569306168
2026-02-18 04:00:00+00:00,23090.01569306168
2026-02-18 08:00:00+00:00,23090.01569306168
2026-02-18 12:00:00+00:00,23090.01569306168
2026-02-18 16:00:00+00:00,23090.01569306168
2026-02-18 20:00:00+00:00,23090.01569306168
2026-02-19 00:00:00+00:00,23090.01569306168
2026-02-19 04:00:00+00:00,23090.01569306168
2026-02-19 08:00:00+00:00,23090.01569306168
2026-02-19 12:00:00+00:00,23090.01569306168
2026-02-19 16:00:00+00:00,23090.01569306168
2026-02-19 20:00:00+00:00,23090.01569306168
2026-02-20 00:00:00+00:00,23090.01569306168
2026-02-20 04:00:00+00:00,23090.01569306168
2026-02-20 08:00:00+00:00,23090.01569306168
2026-02-20 12:00:00+00:00,23090.01569306168
2026-02-20 16:00:00+00:00,23090.01569306168
2026-02-20 20:00:00+00:00,23090.01569306168
2026-02-21 00:00:00+00:00,23090.01569306168
2026-02-21 04:00:00+00:00,23090.01569306168
2026-02-21 08:00:00+00:00,23090.01569306168
2026-02-21 12:00:00+00:00,23090.01569306168
2026-02-21 16:00:00+00:00,23090.01569306168
2026-02-21 20:00:00+00:00,23090.01569306168
2026-02-22 00:00:00+00:00,23090.01569306168
2026-02-22 04:00:00+00:00,23090.01569306168
2026-02-22 08:00:00+00:00,23090.01569306168
2026-02-22 12:00:00+00:00,23090.01569306168
2026-02-22 16:00:00+00:00,23090.01569306168
2026-02-22 20:00:00+00:00,23090.01569306168
2026-02-23 00:00:00+00:00,23090.01569306168
2026-02-23 04:00:00+00:00,23090.01569306168
2026-02-23 08:00:00+00:00,23090.01569306168
2026-02-23 12:00:00+00:00,23090.01569306168
2026-02-23 16:00:00+00:00,23090.01569306168
2026-02-23 20:00:00+00:00,23090.01569306168
2026-02-24 00:00:00+00:00,23090.01569306168
2026-02-24 04:00:00+00:00,23090.01569306168
2026-02-24 08:00:00+00:00,23090.01569306168
2026-02-24 12:00:00+00:00,23090.01569306168
2026-02-24 16:00:00+00:00,23090.01569306168
2026-02-24 20:00:00+00:00,23090.01569306168
2026-02-25 00:00:00+00:00,23090.01569306168
2026-02-25 04:00:00+00:00,23090.01569306168
2026-02-25 08:00:00+00:00,23090.01569306168
2026-02-25 12:00:00+00:00,23090.01569306168
2026-02-25 16:00:00+00:00,23043.927837386906
2026-02-25 20:00:00+00:00,22220.29094498613
2026-02-26 00:00:00+00:00,22560.488791847318
2026-02-26 04:00:00+00:00,22202.385795151335
2026-02-26 08:00:00+00:00,21812.237331001328
2026-02-26 12:00:00+00:00,21812.237331001328
2026-02-26 16:00:00+00:00,21812.237331001328
2026-02-26 20:00:00+00:00,21812.237331001328
2026-02-27 00:00:00+00:00,21812.237331001328
2026-02-27 04:00:00+00:00,21812.237331001328
2026-02-27 08:00:00+00:00,21812.237331001328
2026-02-27 12:00:00+00:00,21812.237331001328
2026-02-27 16:00:00+00:00,21812.237331001328
2026-02-27 20:00:00+00:00,21812.237331001328
2026-02-28 00:00:00+00:00,21812.237331001328
2026-02-28 04:00:00+00:00,21812.237331001328
2026-02-28 08:00:00+00:00,21812.237331001328
2026-02-28 12:00:00+00:00,21812.237331001328
2026-02-28 16:00:00+00:00,21812.237331001328
2026-02-28 20:00:00+00:00,21812.237331001328
2026-03-01 00:00:00+00:00,21812.237331001328
2026-03-01 04:00:00+00:00,21812.237331001328
2026-03-01 08:00:00+00:00,21812.237331001328
2026-03-01 12:00:00+00:00,21812.237331001328
2026-03-01 16:00:00+00:00,21812.237331001328
2026-03-01 20:00:00+00:00,21812.237331001328
2026-03-02 00:00:00+00:00,21812.237331001328
2026-03-02 04:00:00+00:00,21812.237331001328
2026-03-02 08:00:00+00:00,21812.237331001328
2026-03-02 12:00:00+00:00,21768.69993113905
2026-03-02 16:00:00+00:00,21497.86074070497
2026-03-02 20:00:00+00:00,21074.67450565172
2026-03-03 00:00:00+00:00,21480.93329130284
2026-03-03 04:00:00+00:00,21227.021550270892
2026-03-03 08:00:00+00:00,20736.12551760912
2026-03-03 12:00:00+00:00,21108.52940445598
2026-03-03 16:00:00+00:00,21480.93329130284
2026-03-03 20:00:00+00:00,21413.22349369432
2026-03-04 00:00:00+00:00,21480.93329130284
2026-03-04 04:00:00+00:00,21616.352886519882
2026-03-04 08:00:00+00:00,21819.482279345433
2026-03-04 12:00:00+00:00,22344.233210811468
2026-03-04 16:00:00+00:00,22107.248919181646
2026-03-04 20:00:00+00:00,21768.69993113905
2026-03-05 00:00:00+00:00,21700.990133530533
2026-03-05 04:00:00+00:00,21599.42543711775
2026-03-05 08:00:00+00:00,21582.49798771562
2026-03-05 12:00:00+00:00,21514.788190107098
2026-03-05 16:00:00+00:00,21220.762329326753
2026-03-05 20:00:00+00:00,21220.762329326753
2026-03-06 00:00:00+00:00,21220.762329326753
2026-03-06 04:00:00+00:00,21220.762329326753
2026-03-06 08:00:00+00:00,21220.762329326753
2026-03-06 12:00:00+00:00,21220.762329326753
2026-03-06 16:00:00+00:00,21220.762329326753
2026-03-06 20:00:00+00:00,21220.762329326753
2026-03-07 00:00:00+00:00,21220.762329326753
2026-03-07 04:00:00+00:00,21220.762329326753
2026-03-07 08:00:00+00:00,21220.762329326753
2026-03-07 12:00:00+00:00,21220.762329326753
2026-03-07 16:00:00+00:00,21220.762329326753
2026-03-07 20:00:00+00:00,21220.762329326753
2026-03-08 00:00:00+00:00,21220.762329326753
2026-03-08 04:00:00+00:00,21220.762329326753
2026-03-08 08:00:00+00:00,21220.762329326753
2026-03-08 12:00:00+00:00,21220.762329326753
2026-03-08 16:00:00+00:00,21220.762329326753
2026-03-08 20:00:00+00:00,21220.762329326753
2026-03-09 00:00:00+00:00,21220.762329326753
2026-03-09 04:00:00+00:00,21220.762329326753
2026-03-09 08:00:00+00:00,21220.762329326753
2026-03-09 12:00:00+00:00,21220.762329326753
2026-03-09 16:00:00+00:00,21220.762329326753
2026-03-09 20:00:00+00:00,21220.762329326753
2026-03-10 00:00:00+00:00,21220.762329326753
2026-03-10 04:00:00+00:00,21220.762329326753
2026-03-10 08:00:00+00:00,21220.762329326753
2026-03-10 12:00:00+00:00,21220.762329326753
2026-03-10 16:00:00+00:00,21220.762329326753
2026-03-10 20:00:00+00:00,21220.762329326753
2026-03-11 00:00:00+00:00,21220.762329326753
2026-03-11 04:00:00+00:00,21220.762329326753
2026-03-11 08:00:00+00:00,21220.762329326753
2026-03-11 12:00:00+00:00,21220.762329326753
2026-03-11 16:00:00+00:00,21220.762329326753
2026-03-11 20:00:00+00:00,21220.762329326753
2026-03-12 00:00:00+00:00,21220.762329326753
2026-03-12 04:00:00+00:00,21220.762329326753
2026-03-12 08:00:00+00:00,21220.762329326753
2026-03-12 12:00:00+00:00,21220.762329326753
2026-03-12 16:00:00+00:00,21220.762329326753
2026-03-12 20:00:00+00:00,21220.762329326753
2026-03-13 00:00:00+00:00,21178.405518290172
2026-03-13 04:00:00+00:00,21093.146236815577
2026-03-13 08:00:00+00:00,21365.975937534287
2026-03-13 12:00:00+00:00,21451.235219008886
2026-03-13 16:00:00+00:00,21178.405518290172
2026-03-13 20:00:00+00:00,21093.146236815577
2026-03-14 00:00:00+00:00,21348.924081239373
2026-03-14 04:00:00+00:00,20922.627673866376
2026-03-14 08:00:00+00:00,21093.146236815577
2026-03-14 12:00:00+00:00,20905.575817571455
2026-03-14 16:00:00+00:00,20888.523961276536
2026-03-14 20:00:00+00:00,21110.198093110495
2026-03-15 00:00:00+00:00,21536.49450048348
2026-03-15 04:00:00+00:00,21638.805638253005
2026-03-15 08:00:00+00:00,21638.805638253005
2026-03-15 12:00:00+00:00,21383.027793829213
2026-03-15 16:00:00+00:00,21758.16863231744
2026-03-15 20:00:00+00:00,21894.583482676793
2026-03-16 00:00:00+00:00,22030.998333036157
2026-03-16 04:00:00+00:00,22389.087315229466
2026-03-16 08:00:00+00:00,22320.879890049786
2026-03-16 12:00:00+00:00,22167.41318339551
2026-03-16 16:00:00+00:00,22934.746716666898
2026-03-16 20:00:00+00:00,23446.302405514485
2026-03-17 00:00:00+00:00,23105.26527961609
2026-03-17 04:00:00+00:00,23071.16156702625
2026-03-17 08:00:00+00:00,23037.05785443641
2026-03-17 12:00:00+00:00,23002.95414184657
2026-03-17 16:00:00+00:00,23020.005998141496
2026-03-17 20:00:00+00:00,23207.576417385608
2026-03-18 00:00:00+00:00,23156.420848500846
2026-03-18 04:00:00+00:00,23037.05785443641
2026-03-18 08:00:00+00:00,22611.363799020186
2026-03-18 12:00:00+00:00,22611.363799020186
2026-03-18 16:00:00+00:00,22611.363799020186
2026-03-18 20:00:00+00:00,22611.363799020186
2026-03-19 00:00:00+00:00,22611.363799020186
2026-03-19 04:00:00+00:00,22611.363799020186
2026-03-19 08:00:00+00:00,22611.363799020186
2026-03-19 12:00:00+00:00,22611.363799020186
2026-03-19 16:00:00+00:00,22611.363799020186
2026-03-19 20:00:00+00:00,22611.363799020186
2026-03-20 00:00:00+00:00,22611.363799020186
2026-03-20 04:00:00+00:00,22611.363799020186
2026-03-20 08:00:00+00:00,22611.363799020186
2026-03-20 12:00:00+00:00,22611.363799020186
2026-03-20 16:00:00+00:00,22611.363799020186
2026-03-20 20:00:00+00:00,22611.363799020186
2026-03-21 00:00:00+00:00,22611.363799020186
2026-03-21 04:00:00+00:00,22611.363799020186
2026-03-21 08:00:00+00:00,22611.363799020186
2026-03-21 12:00:00+00:00,22611.363799020186
2026-03-21 16:00:00+00:00,22611.363799020186
2026-03-21 20:00:00+00:00,22611.363799020186
2026-03-22 00:00:00+00:00,22611.363799020186
2026-03-22 04:00:00+00:00,22611.363799020186
2026-03-22 08:00:00+00:00,22611.363799020186
2026-03-22 12:00:00+00:00,22611.363799020186
2026-03-22 16:00:00+00:00,22611.363799020186
2026-03-22 20:00:00+00:00,22611.363799020186
2026-03-23 00:00:00+00:00,22611.363799020186
2026-03-23 04:00:00+00:00,22611.363799020186
2026-03-23 08:00:00+00:00,22611.363799020186
2026-03-23 12:00:00+00:00,22611.363799020186
2026-03-23 16:00:00+00:00,22611.363799020186
2026-03-23 20:00:00+00:00,22611.363799020186
2026-03-24 00:00:00+00:00,22611.363799020186
2026-03-24 04:00:00+00:00,22611.363799020186
2026-03-24 08:00:00+00:00,22611.363799020186
2026-03-24 12:00:00+00:00,22611.363799020186
2026-03-24 16:00:00+00:00,22611.363799020186
2026-03-24 20:00:00+00:00,22611.363799020186
2026-03-25 00:00:00+00:00,22611.363799020186
2026-03-25 04:00:00+00:00,22611.363799020186
2026-03-25 08:00:00+00:00,22611.363799020186
2026-03-25 12:00:00+00:00,22611.363799020186
2026-03-25 16:00:00+00:00,22611.363799020186
2026-03-25 20:00:00+00:00,22611.363799020186
2026-03-26 00:00:00+00:00,22611.363799020186
2026-03-26 04:00:00+00:00,22611.363799020186
2026-03-26 08:00:00+00:00,22611.363799020186
2026-03-26 12:00:00+00:00,22611.363799020186
2026-03-26 16:00:00+00:00,22611.363799020186
2026-03-26 20:00:00+00:00,22611.363799020186
2026-03-27 00:00:00+00:00,22611.363799020186
2026-03-27 04:00:00+00:00,22611.363799020186
2026-03-27 08:00:00+00:00,22611.363799020186
2026-03-27 12:00:00+00:00,22611.363799020186
2026-03-27 16:00:00+00:00,22611.363799020186
2026-03-27 20:00:00+00:00,22611.363799020186
2026-03-28 00:00:00+00:00,22611.363799020186
2026-03-28 04:00:00+00:00,22611.363799020186
2026-03-28 08:00:00+00:00,22611.363799020186
2026-03-28 12:00:00+00:00,22611.363799020186
2026-03-28 16:00:00+00:00,22611.363799020186
2026-03-28 20:00:00+00:00,22611.363799020186
2026-03-29 00:00:00+00:00,22611.363799020186
2026-03-29 04:00:00+00:00,22611.363799020186
2026-03-29 08:00:00+00:00,22611.363799020186
2026-03-29 12:00:00+00:00,22611.363799020186
2026-03-29 16:00:00+00:00,22611.363799020186
2026-03-29 20:00:00+00:00,22611.363799020186
2026-03-30 00:00:00+00:00,22611.363799020186
2026-03-30 04:00:00+00:00,22611.363799020186
2026-03-30 08:00:00+00:00,22611.363799020186
2026-03-30 12:00:00+00:00,22611.363799020186
2026-03-30 16:00:00+00:00,22611.363799020186
2026-03-30 20:00:00+00:00,22611.363799020186
2026-03-31 00:00:00+00:00,22611.363799020186
2026-03-31 04:00:00+00:00,22611.363799020186
2026-03-31 08:00:00+00:00,22611.363799020186
2026-03-31 12:00:00+00:00,22611.363799020186
2026-03-31 16:00:00+00:00,22611.363799020186
2026-03-31 20:00:00+00:00,22611.363799020186
2026-04-01 00:00:00+00:00,22611.363799020186
2026-04-01 04:00:00+00:00,22566.231336347493
2026-04-01 08:00:00+00:00,22305.92875660258
2026-04-01 12:00:00+00:00,22406.04513342755
2026-04-01 16:00:00+00:00,22205.812379777613
2026-04-01 20:00:00+00:00,22045.626176857666
2026-04-02 00:00:00+00:00,21790.675707082228
2026-04-02 04:00:00+00:00,21790.675707082228
2026-04-02 08:00:00+00:00,21790.675707082228
2026-04-02 12:00:00+00:00,21790.675707082228
2026-04-02 16:00:00+00:00,21790.675707082228
2026-04-02 20:00:00+00:00,21790.675707082228
2026-04-03 00:00:00+00:00,21790.675707082228
2026-04-03 04:00:00+00:00,21790.675707082228
2026-04-03 08:00:00+00:00,21790.675707082228
2026-04-03 12:00:00+00:00,21790.675707082228
2026-04-03 16:00:00+00:00,21790.675707082228
2026-04-03 20:00:00+00:00,21790.675707082228
2026-04-04 00:00:00+00:00,21790.675707082228
2026-04-04 04:00:00+00:00,21790.675707082228
2026-04-04 08:00:00+00:00,21790.675707082228
2026-04-04 12:00:00+00:00,21790.675707082228
2026-04-04 16:00:00+00:00,21790.675707082228
2026-04-04 20:00:00+00:00,21790.675707082228
2026-04-05 00:00:00+00:00,21790.675707082228
2026-04-05 04:00:00+00:00,21790.675707082228
2026-04-05 08:00:00+00:00,21790.675707082228
2026-04-05 12:00:00+00:00,21790.675707082228
2026-04-05 16:00:00+00:00,21790.675707082228
2026-04-05 20:00:00+00:00,21790.675707082228
2026-04-06 00:00:00+00:00,21790.675707082228
2026-04-06 04:00:00+00:00,21790.675707082228
2026-04-06 08:00:00+00:00,21790.675707082228
2026-04-06 12:00:00+00:00,21790.675707082228
2026-04-06 16:00:00+00:00,21790.675707082228
2026-04-06 20:00:00+00:00,21790.675707082228
2026-04-07 00:00:00+00:00,21790.675707082228
2026-04-07 04:00:00+00:00,21790.675707082228
2026-04-07 08:00:00+00:00,21790.675707082228
2026-04-07 12:00:00+00:00,21790.675707082228
2026-04-07 16:00:00+00:00,21790.675707082228
2026-04-07 20:00:00+00:00,21790.675707082228
2026-04-08 00:00:00+00:00,21790.675707082228
2026-04-08 04:00:00+00:00,21790.675707082228
2026-04-08 08:00:00+00:00,21790.675707082228
2026-04-08 12:00:00+00:00,21790.675707082228
2026-04-08 16:00:00+00:00,21790.675707082228
2026-04-08 20:00:00+00:00,21790.675707082228
2026-04-09 00:00:00+00:00,21790.675707082228
2026-04-09 04:00:00+00:00,21790.675707082228
2026-04-09 08:00:00+00:00,21790.675707082228
2026-04-09 12:00:00+00:00,21790.675707082228
2026-04-09 16:00:00+00:00,21790.675707082228
2026-04-09 20:00:00+00:00,21790.675707082228
2026-04-10 00:00:00+00:00,21790.675707082228
2026-04-10 04:00:00+00:00,21790.675707082228
2026-04-10 08:00:00+00:00,21790.675707082228
2026-04-10 12:00:00+00:00,21790.675707082228
2026-04-10 16:00:00+00:00,21790.675707082228
2026-04-10 20:00:00+00:00,21790.675707082228
2026-04-11 00:00:00+00:00,21790.675707082228
2026-04-11 04:00:00+00:00,21790.675707082228
2026-04-11 08:00:00+00:00,21790.675707082228
2026-04-11 12:00:00+00:00,21790.675707082228
2026-04-11 16:00:00+00:00,21790.675707082228
2026-04-11 20:00:00+00:00,21790.675707082228
2026-04-12 00:00:00+00:00,21790.675707082228
2026-04-12 04:00:00+00:00,21790.675707082228
2026-04-12 08:00:00+00:00,21790.675707082228
2026-04-12 12:00:00+00:00,21790.675707082228
2026-04-12 16:00:00+00:00,21790.675707082228
2026-04-12 20:00:00+00:00,21790.675707082228
2026-04-13 00:00:00+00:00,21790.675707082228
2026-04-13 04:00:00+00:00,21790.675707082228
2026-04-13 08:00:00+00:00,21790.675707082228
2026-04-13 12:00:00+00:00,21790.675707082228
2026-04-13 16:00:00+00:00,21790.675707082228
2026-04-13 20:00:00+00:00,21790.675707082228
2026-04-14 00:00:00+00:00,21790.675707082228
2026-04-14 04:00:00+00:00,21790.675707082228
2026-04-14 08:00:00+00:00,21790.675707082228
2026-04-14 12:00:00+00:00,21790.675707082228
2026-04-14 16:00:00+00:00,21790.675707082228
2026-04-14 20:00:00+00:00,21790.675707082228
2026-04-15 00:00:00+00:00,21790.675707082228
2026-04-15 04:00:00+00:00,21790.675707082228
2026-04-15 08:00:00+00:00,21790.675707082228
2026-04-15 12:00:00+00:00,21790.675707082228
2026-04-15 16:00:00+00:00,21747.18134439344
2026-04-15 20:00:00+00:00,21478.47646781527
2026-04-16 00:00:00+00:00,21711.35402751635
2026-04-16 04:00:00+00:00,21962.14524565598
2026-04-16 08:00:00+00:00,22051.713537848704
2026-04-16 12:00:00+00:00,23377.324262301023
2026-04-16 16:00:00+00:00,22432.54466780391
2026-04-16 20:00:00+00:00,22432.54466780391
2026-04-17 00:00:00+00:00,22432.54466780391
2026-04-17 04:00:00+00:00,22432.54466780391
2026-04-17 08:00:00+00:00,22432.54466780391
2026-04-17 12:00:00+00:00,22432.54466780391
2026-04-17 16:00:00+00:00,22432.54466780391
2026-04-17 20:00:00+00:00,22432.54466780391
2026-04-18 00:00:00+00:00,22432.54466780391
2026-04-18 04:00:00+00:00,22432.54466780391
2026-04-18 08:00:00+00:00,22432.54466780391
2026-04-18 12:00:00+00:00,22432.54466780391
2026-04-18 16:00:00+00:00,22432.54466780391
2026-04-18 20:00:00+00:00,22432.54466780391
2026-04-19 00:00:00+00:00,22432.54466780391
2026-04-19 04:00:00+00:00,22432.54466780391
2026-04-19 08:00:00+00:00,22432.54466780391
2026-04-19 12:00:00+00:00,22432.54466780391
2026-04-19 16:00:00+00:00,22432.54466780391
2026-04-19 20:00:00+00:00,22432.54466780391
2026-04-20 00:00:00+00:00,22432.54466780391
2026-04-20 04:00:00+00:00,22432.54466780391
2026-04-20 08:00:00+00:00,22432.54466780391
2026-04-20 12:00:00+00:00,22432.54466780391
2026-04-20 16:00:00+00:00,22432.54466780391
2026-04-20 20:00:00+00:00,22432.54466780391
2026-04-21 00:00:00+00:00,22432.54466780391
2026-04-21 04:00:00+00:00,22432.54466780391
2026-04-21 08:00:00+00:00,22432.54466780391
2026-04-21 12:00:00+00:00,22432.54466780391
2026-04-21 16:00:00+00:00,22432.54466780391
2026-04-21 20:00:00+00:00,22432.54466780391
2026-04-22 00:00:00+00:00,22432.54466780391
2026-04-22 04:00:00+00:00,22432.54466780391
2026-04-22 08:00:00+00:00,22432.54466780391
2026-04-22 12:00:00+00:00,22432.54466780391
2026-04-22 16:00:00+00:00,22432.54466780391
2026-04-22 20:00:00+00:00,22432.54466780391
2026-04-23 00:00:00+00:00,22432.54466780391
2026-04-23 04:00:00+00:00,22432.54466780391
2026-04-23 08:00:00+00:00,22432.54466780391
2026-04-23 12:00:00+00:00,22432.54466780391
2026-04-23 16:00:00+00:00,22432.54466780391
2026-04-23 20:00:00+00:00,22432.54466780391
2026-04-24 00:00:00+00:00,22432.54466780391
2026-04-24 04:00:00+00:00,22432.54466780391
2026-04-24 08:00:00+00:00,22432.54466780391
2026-04-24 12:00:00+00:00,22432.54466780391
2026-04-24 16:00:00+00:00,22432.54466780391
2026-04-24 20:00:00+00:00,22432.54466780391
2026-04-25 00:00:00+00:00,22432.54466780391
2026-04-25 04:00:00+00:00,22432.54466780391
2026-04-25 08:00:00+00:00,22432.54466780391
2026-04-25 12:00:00+00:00,22432.54466780391
2026-04-25 16:00:00+00:00,22432.54466780391
2026-04-25 20:00:00+00:00,22432.54466780391
2026-04-26 00:00:00+00:00,22432.54466780391
2026-04-26 04:00:00+00:00,22432.54466780391
2026-04-26 08:00:00+00:00,22432.54466780391
2026-04-26 12:00:00+00:00,22432.54466780391
2026-04-26 16:00:00+00:00,22432.54466780391
2026-04-26 20:00:00+00:00,22432.54466780391
2026-04-27 00:00:00+00:00,22432.54466780391
2026-04-27 04:00:00+00:00,22432.54466780391
2026-04-27 08:00:00+00:00,22432.54466780391
2026-04-27 12:00:00+00:00,22432.54466780391
2026-04-27 16:00:00+00:00,22432.54466780391
2026-04-27 20:00:00+00:00,22432.54466780391
2026-04-28 00:00:00+00:00,22432.54466780391
2026-04-28 04:00:00+00:00,22432.54466780391
2026-04-28 08:00:00+00:00,22432.54466780391
2026-04-28 12:00:00+00:00,22432.54466780391
2026-04-28 16:00:00+00:00,22432.54466780391
2026-04-28 20:00:00+00:00,22432.54466780391
2026-04-29 00:00:00+00:00,22432.54466780391
2026-04-29 04:00:00+00:00,22432.54466780391
2026-04-29 08:00:00+00:00,22432.54466780391
2026-04-29 12:00:00+00:00,22432.54466780391
2026-04-29 16:00:00+00:00,22432.54466780391
2026-04-29 20:00:00+00:00,22432.54466780391
2026-04-30 00:00:00+00:00,22432.54466780391
2026-04-30 04:00:00+00:00,22432.54466780391
2026-04-30 08:00:00+00:00,22432.54466780391
2026-04-30 12:00:00+00:00,22432.54466780391
2026-04-30 16:00:00+00:00,22432.54466780391
2026-04-30 20:00:00+00:00,22432.54466780391
2026-05-01 00:00:00+00:00,22432.54466780391
2026-05-01 04:00:00+00:00,22432.54466780391
2026-05-01 08:00:00+00:00,22432.54466780391
2026-05-01 12:00:00+00:00,22432.54466780391
2026-05-01 16:00:00+00:00,22432.54466780391
2026-05-01 20:00:00+00:00,22432.54466780391
2026-05-02 00:00:00+00:00,22432.54466780391
2026-05-02 04:00:00+00:00,22432.54466780391
2026-05-02 08:00:00+00:00,22432.54466780391
2026-05-02 12:00:00+00:00,22432.54466780391
2026-05-02 16:00:00+00:00,22432.54466780391
2026-05-02 20:00:00+00:00,22432.54466780391
2026-05-03 00:00:00+00:00,22432.54466780391
2026-05-03 04:00:00+00:00,22432.54466780391
2026-05-03 08:00:00+00:00,22432.54466780391
2026-05-03 12:00:00+00:00,22432.54466780391
2026-05-03 16:00:00+00:00,22432.54466780391
2026-05-03 20:00:00+00:00,22432.54466780391
2026-05-04 00:00:00+00:00,22432.54466780391
2026-05-04 04:00:00+00:00,22432.54466780391
2026-05-04 08:00:00+00:00,22432.54466780391
2026-05-04 12:00:00+00:00,22432.54466780391
2026-05-04 16:00:00+00:00,22432.54466780391
2026-05-04 20:00:00+00:00,22432.54466780391
2026-05-05 00:00:00+00:00,22432.54466780391
2026-05-05 04:00:00+00:00,22432.54466780391
2026-05-05 08:00:00+00:00,22387.769129544824
2026-05-05 12:00:00+00:00,21956.903672856126
2026-05-05 16:00:00+00:00,22025.842145926315
2026-05-05 20:00:00+00:00,22146.48447379915
2026-05-06 00:00:00+00:00,22835.86920450107
2026-05-06 04:00:00+00:00,22818.634586233522
2026-05-06 08:00:00+00:00,23473.550080400342
2026-05-06 12:00:00+00:00,23490.784698667896
2026-05-06 16:00:00+00:00,23887.180918821497
2026-05-06 20:00:00+00:00,24542.096412988318
2026-05-07 00:00:00+00:00,23938.884773624137
2026-05-07 04:00:00+00:00,24972.961869677023
2026-05-07 08:00:00+00:00,25093.604197549856
2026-05-07 12:00:00+00:00,24886.78877833928
2026-05-07 16:00:00+00:00,25317.654235027978
2026-05-07 20:00:00+00:00,25507.235035971007
2026-05-08 00:00:00+00:00,25662.346600378936
2026-05-08 04:00:00+00:00,25920.86587439216
2026-05-08 08:00:00+00:00,26179.385148405378
2026-05-08 12:00:00+00:00,26248.323621475567
2026-05-08 16:00:00+00:00,27885.612356892627
2026-05-08 20:00:00+00:00,29609.074183647426
2026-05-09 00:00:00+00:00,29178.20872695873
2026-05-09 04:00:00+00:00,28402.650904919064
2026-05-09 08:00:00+00:00,28454.35475972171
2026-05-09 12:00:00+00:00,28643.935560664733
2026-05-09 16:00:00+00:00,28385.41628665152
2026-05-09 20:00:00+00:00,28144.131630905846
2026-05-10 00:00:00+00:00,27887.64408168337
2026-05-10 04:00:00+00:00,27887.64408168337
2026-05-10 08:00:00+00:00,27887.64408168337
2026-05-10 12:00:00+00:00,27887.64408168337
2026-05-10 16:00:00+00:00,27887.64408168337
2026-05-10 20:00:00+00:00,27887.64408168337
2026-05-11 00:00:00+00:00,27887.64408168337
2026-05-11 04:00:00+00:00,27887.64408168337
2026-05-11 08:00:00+00:00,27887.64408168337
2026-05-11 12:00:00+00:00,27887.64408168337
2026-05-11 16:00:00+00:00,27887.64408168337
2026-05-11 20:00:00+00:00,27887.64408168337
2026-05-12 00:00:00+00:00,27887.64408168337
2026-05-12 04:00:00+00:00,27887.64408168337
2026-05-12 08:00:00+00:00,27887.64408168337
2026-05-12 12:00:00+00:00,27887.64408168337
2026-05-12 16:00:00+00:00,27887.64408168337
2026-05-12 20:00:00+00:00,27887.64408168337
2026-05-13 00:00:00+00:00,27887.64408168337
2026-05-13 04:00:00+00:00,27887.64408168337
2026-05-13 08:00:00+00:00,27887.64408168337
2026-05-13 12:00:00+00:00,27887.64408168337
2026-05-13 16:00:00+00:00,27887.64408168337
2026-05-13 20:00:00+00:00,27887.64408168337
2026-05-14 00:00:00+00:00,27887.64408168337
2026-05-14 04:00:00+00:00,27887.64408168337
2026-05-14 08:00:00+00:00,27887.64408168337
2026-05-14 12:00:00+00:00,27887.64408168337
2026-05-14 16:00:00+00:00,27887.64408168337
2026-05-14 20:00:00+00:00,27887.64408168337
2026-05-15 00:00:00+00:00,27887.64408168337
2026-05-15 04:00:00+00:00,27887.64408168337
2026-05-15 08:00:00+00:00,27887.64408168337
2026-05-15 12:00:00+00:00,27887.64408168337
2026-05-15 16:00:00+00:00,27887.64408168337
2026-05-15 20:00:00+00:00,27887.64408168337
2026-05-16 00:00:00+00:00,27887.64408168337
2026-05-16 04:00:00+00:00,27887.64408168337
2026-05-16 08:00:00+00:00,27887.64408168337
2026-05-16 12:00:00+00:00,27887.64408168337
2026-05-16 16:00:00+00:00,27887.64408168337
2026-05-16 20:00:00+00:00,27887.64408168337
2026-05-17 00:00:00+00:00,27887.64408168337
2026-05-17 04:00:00+00:00,27887.64408168337
2026-05-17 08:00:00+00:00,27887.64408168337
2026-05-17 12:00:00+00:00,27887.64408168337
2026-05-17 16:00:00+00:00,27887.64408168337
2026-05-17 20:00:00+00:00,27887.64408168337
2026-05-18 00:00:00+00:00,27887.64408168337
2026-05-18 04:00:00+00:00,27887.64408168337
2026-05-18 08:00:00+00:00,27887.64408168337
2026-05-18 12:00:00+00:00,27887.64408168337
2026-05-18 16:00:00+00:00,27887.64408168337
2026-05-18 20:00:00+00:00,27887.64408168337
2026-05-19 00:00:00+00:00,27887.64408168337
2026-05-19 04:00:00+00:00,27887.64408168337
2026-05-19 08:00:00+00:00,27887.64408168337
2026-05-19 12:00:00+00:00,27887.64408168337
2026-05-19 16:00:00+00:00,27887.64408168337
2026-05-19 20:00:00+00:00,27887.64408168337
2026-05-20 00:00:00+00:00,27887.64408168337
2026-05-20 04:00:00+00:00,27887.64408168337
2026-05-20 08:00:00+00:00,27887.64408168337
2026-05-20 12:00:00+00:00,27887.64408168337
2026-05-20 16:00:00+00:00,27887.64408168337
2026-05-20 20:00:00+00:00,27887.64408168337
2026-05-21 00:00:00+00:00,27887.64408168337
2026-05-21 04:00:00+00:00,27887.64408168337
2026-05-21 08:00:00+00:00,27887.64408168337
2026-05-21 12:00:00+00:00,27887.64408168337
2026-05-21 16:00:00+00:00,27831.98012144049
2026-05-21 20:00:00+00:00,27769.059292228485
2026-05-22 00:00:00+00:00,28041.716218813817
2026-05-22 04:00:00+00:00,28020.742609076482
2026-05-22 08:00:00+00:00,28293.399535661803
2026-05-22 12:00:00+00:00,28167.55787723781
2026-05-22 16:00:00+00:00,27371.796497370196
2026-05-22 20:00:00+00:00,27371.796497370196
2026-05-23 00:00:00+00:00,27371.796497370196
2026-05-23 04:00:00+00:00,27371.796497370196
2026-05-23 08:00:00+00:00,27371.796497370196
2026-05-23 12:00:00+00:00,27371.796497370196
2026-05-23 16:00:00+00:00,27371.796497370196
2026-05-23 20:00:00+00:00,27371.796497370196
2026-05-24 00:00:00+00:00,27371.796497370196
2026-05-24 04:00:00+00:00,27371.796497370196
2026-05-24 08:00:00+00:00,27371.796497370196
2026-05-24 12:00:00+00:00,27371.796497370196
2026-05-24 16:00:00+00:00,27371.796497370196
2026-05-24 20:00:00+00:00,27371.796497370196
2026-05-25 00:00:00+00:00,27371.796497370196
2026-05-25 04:00:00+00:00,27371.796497370196
2026-05-25 08:00:00+00:00,27371.796497370196
2026-05-25 12:00:00+00:00,27371.796497370196
2026-05-25 16:00:00+00:00,27371.796497370196
2026-05-25 20:00:00+00:00,27371.796497370196
2026-05-26 00:00:00+00:00,27371.796497370196
2026-05-26 04:00:00+00:00,27371.796497370196
2026-05-26 08:00:00+00:00,27371.796497370196
2026-05-26 12:00:00+00:00,27371.796497370196
2026-05-26 16:00:00+00:00,27371.796497370196
2026-05-26 20:00:00+00:00,27371.796497370196
2026-05-27 00:00:00+00:00,27371.796497370196
2026-05-27 04:00:00+00:00,27371.796497370196
2026-05-27 08:00:00+00:00,27371.796497370196
2026-05-27 12:00:00+00:00,27371.796497370196
2026-05-27 16:00:00+00:00,27371.796497370196
2026-05-27 20:00:00+00:00,27371.796497370196
2026-05-28 00:00:00+00:00,27371.796497370196
2026-05-28 04:00:00+00:00,27371.796497370196
2026-05-28 08:00:00+00:00,27371.796497370196
2026-05-28 12:00:00+00:00,27371.796497370196
2026-05-28 16:00:00+00:00,27371.796497370196
2026-05-28 20:00:00+00:00,27371.796497370196
2026-05-29 00:00:00+00:00,27371.796497370196
2026-05-29 04:00:00+00:00,27371.796497370196
2026-05-29 08:00:00+00:00,27371.796497370196
2026-05-29 12:00:00+00:00,27371.796497370196
2026-05-29 16:00:00+00:00,27371.796497370196
2026-05-29 20:00:00+00:00,27371.796497370196
2026-05-30 00:00:00+00:00,27371.796497370196
2026-05-30 04:00:00+00:00,27371.796497370196
2026-05-30 08:00:00+00:00,27371.796497370196
2026-05-30 12:00:00+00:00,27371.796497370196
2026-05-30 16:00:00+00:00,27371.796497370196
2026-05-30 20:00:00+00:00,27371.796497370196
2026-05-31 00:00:00+00:00,27371.796497370196
2026-05-31 04:00:00+00:00,27371.796497370196
2026-05-31 08:00:00+00:00,27371.796497370196
2026-05-31 12:00:00+00:00,27371.796497370196
2026-05-31 16:00:00+00:00,27371.796497370196
2026-05-31 20:00:00+00:00,27371.796497370196
2026-06-01 00:00:00+00:00,27371.796497370196
2026-06-01 04:00:00+00:00,27371.796497370196
2026-06-01 08:00:00+00:00,27371.796497370196
2026-06-01 12:00:00+00:00,27371.796497370196
2026-06-01 16:00:00+00:00,27317.162173024146
2026-06-01 20:00:00+00:00,27229.60716605933
2026-06-02 00:00:00+00:00,26105.869696275804
2026-06-02 04:00:00+00:00,26105.869696275804
2026-06-02 08:00:00+00:00,26105.869696275804
2026-06-02 12:00:00+00:00,26105.869696275804
2026-06-02 16:00:00+00:00,26105.869696275804
2026-06-02 20:00:00+00:00,26105.869696275804
2026-06-03 00:00:00+00:00,26105.869696275804
2026-06-03 04:00:00+00:00,26105.869696275804
2026-06-03 08:00:00+00:00,26105.869696275804
2026-06-03 12:00:00+00:00,26105.869696275804
2026-06-03 16:00:00+00:00,26105.869696275804
2026-06-03 20:00:00+00:00,26105.869696275804
2026-06-04 00:00:00+00:00,26105.869696275804
2026-06-04 04:00:00+00:00,26105.869696275804
2026-06-04 08:00:00+00:00,26105.869696275804
2026-06-04 12:00:00+00:00,26105.869696275804
2026-06-04 16:00:00+00:00,26105.869696275804
2026-06-04 20:00:00+00:00,26105.869696275804
2026-06-05 00:00:00+00:00,26105.869696275804
2026-06-05 04:00:00+00:00,26105.869696275804
2026-06-05 08:00:00+00:00,26105.869696275804
2026-06-05 12:00:00+00:00,26105.869696275804
2026-06-05 16:00:00+00:00,26105.869696275804
2026-06-05 20:00:00+00:00,26105.869696275804
2026-06-06 00:00:00+00:00,26105.869696275804
2026-06-06 04:00:00+00:00,26105.869696275804
2026-06-06 08:00:00+00:00,26105.869696275804
2026-06-06 12:00:00+00:00,26105.869696275804
2026-06-06 16:00:00+00:00,26105.869696275804
2026-06-06 20:00:00+00:00,26105.869696275804
2026-06-07 00:00:00+00:00,26105.869696275804
2026-06-07 04:00:00+00:00,26105.869696275804
2026-06-07 08:00:00+00:00,26105.869696275804
2026-06-07 12:00:00+00:00,26105.869696275804
2026-06-07 16:00:00+00:00,26105.869696275804
2026-06-07 20:00:00+00:00,26105.869696275804
2026-06-08 00:00:00+00:00,26105.869696275804
2026-06-08 04:00:00+00:00,26105.869696275804
2026-06-08 08:00:00+00:00,26105.869696275804
2026-06-08 12:00:00+00:00,26105.869696275804
2026-06-08 16:00:00+00:00,26105.869696275804
2026-06-08 20:00:00+00:00,26105.869696275804
2026-06-09 00:00:00+00:00,26105.869696275804
2026-06-09 04:00:00+00:00,26105.869696275804
2026-06-09 08:00:00+00:00,26105.869696275804
2026-06-09 12:00:00+00:00,26105.869696275804
2026-06-09 16:00:00+00:00,26105.869696275804
2026-06-09 20:00:00+00:00,26105.869696275804
2026-06-10 00:00:00+00:00,26105.869696275804
2026-06-10 04:00:00+00:00,26105.869696275804
2026-06-10 08:00:00+00:00,26105.869696275804
2026-06-10 12:00:00+00:00,26105.869696275804
2026-06-10 16:00:00+00:00,26105.869696275804
2026-06-10 20:00:00+00:00,26105.869696275804
2026-06-11 00:00:00+00:00,26105.869696275804
2026-06-11 04:00:00+00:00,26105.869696275804
2026-06-11 08:00:00+00:00,26105.869696275804
2026-06-11 12:00:00+00:00,26105.869696275804
2026-06-11 16:00:00+00:00,26105.869696275804
2026-06-11 20:00:00+00:00,26105.869696275804
2026-06-12 00:00:00+00:00,26105.869696275804
2026-06-12 04:00:00+00:00,26105.869696275804
2026-06-12 08:00:00+00:00,26053.76217193194
2026-06-12 12:00:00+00:00,25740.804067764588
2026-06-12 16:00:00+00:00,26210.241224015615
2026-06-12 20:00:00+00:00,26027.682329917992
2026-06-13 00:00:00+00:00,26262.400908043503
2026-06-13 04:00:00+00:00,27618.552692768695
2026-06-13 08:00:00+00:00,28114.069691033666
2026-06-13 12:00:00+00:00,28114.069691033666
2026-06-13 16:00:00+00:00,28218.389059089448
2026-06-13 20:00:00+00:00,27905.430954922096
2026-06-14 00:00:00+00:00,27696.792218810537
2026-06-14 04:00:00+00:00,27670.712376796582
2026-06-14 08:00:00+00:00,27879.35111290815
2026-06-14 12:00:00+00:00,27618.552692768695
2026-06-14 16:00:00+00:00,27566.3930087408
2026-06-14 20:00:00+00:00,28296.628585131286
2026-06-15 00:00:00+00:00,28896.46495145204
2026-06-15 04:00:00+00:00,28661.74637332653
2026-06-15 08:00:00+00:00,28922.544793465986
2026-06-15 12:00:00+00:00,29000.784319507824
2026-06-15 16:00:00+00:00,28661.74637332653
2026-06-15 20:00:00+00:00,28322.708427145233
2026-06-16 00:00:00+00:00,28270.548743117342
2026-06-16 04:00:00+00:00,27749.43486260651
2026-06-16 08:00:00+00:00,27749.43486260651
2026-06-16 12:00:00+00:00,27749.43486260651
2026-06-16 16:00:00+00:00,27749.43486260651
2026-06-16 20:00:00+00:00,27749.43486260651
2026-06-17 00:00:00+00:00,27749.43486260651
2026-06-17 04:00:00+00:00,27749.43486260651
2026-06-17 08:00:00+00:00,27749.43486260651
2026-06-17 12:00:00+00:00,27749.43486260651
2026-06-17 16:00:00+00:00,27749.43486260651
2026-06-17 20:00:00+00:00,27749.43486260651
2026-06-18 00:00:00+00:00,27749.43486260651
2026-06-18 04:00:00+00:00,27749.43486260651
2026-06-18 08:00:00+00:00,27749.43486260651
2026-06-18 12:00:00+00:00,27749.43486260651
2026-06-18 16:00:00+00:00,27749.43486260651
2026-06-18 20:00:00+00:00,27749.43486260651
2026-06-19 00:00:00+00:00,27749.43486260651
2026-06-19 04:00:00+00:00,27749.43486260651
2026-06-19 08:00:00+00:00,27749.43486260651
2026-06-19 12:00:00+00:00,27749.43486260651
2026-06-19 16:00:00+00:00,27749.43486260651
2026-06-19 20:00:00+00:00,27749.43486260651
2026-06-20 00:00:00+00:00,27749.43486260651
2026-06-20 04:00:00+00:00,27749.43486260651
2026-06-20 08:00:00+00:00,27749.43486260651
2026-06-20 12:00:00+00:00,27749.43486260651
2026-06-20 16:00:00+00:00,27749.43486260651
2026-06-20 20:00:00+00:00,27749.43486260651
2026-06-21 00:00:00+00:00,27749.43486260651
2026-06-21 04:00:00+00:00,27749.43486260651
2026-06-21 08:00:00+00:00,27749.43486260651
2026-06-21 12:00:00+00:00,27749.43486260651
2026-06-21 16:00:00+00:00,27749.43486260651
2026-06-21 20:00:00+00:00,27749.43486260651
2026-06-22 00:00:00+00:00,27749.43486260651
2026-06-22 04:00:00+00:00,27749.43486260651
2026-06-22 08:00:00+00:00,27749.43486260651
2026-06-22 12:00:00+00:00,27749.43486260651
2026-06-22 16:00:00+00:00,27749.43486260651
2026-06-22 20:00:00+00:00,27749.43486260651
2026-06-23 00:00:00+00:00,27749.43486260651
2026-06-23 04:00:00+00:00,27749.43486260651
2026-06-23 08:00:00+00:00,27749.43486260651
2026-06-23 12:00:00+00:00,27749.43486260651
2026-06-23 16:00:00+00:00,27749.43486260651
2026-06-23 20:00:00+00:00,27749.43486260651
2026-06-24 00:00:00+00:00,27749.43486260651
2026-06-24 04:00:00+00:00,27749.43486260651
2026-06-24 08:00:00+00:00,27749.43486260651
2026-06-24 12:00:00+00:00,27749.43486260651
2026-06-24 16:00:00+00:00,27749.43486260651
2026-06-24 20:00:00+00:00,27749.43486260651
2026-06-25 00:00:00+00:00,27749.43486260651
2026-06-25 04:00:00+00:00,27694.046769068373
2026-06-25 08:00:00+00:00,26827.811635537255
2026-06-25 12:00:00+00:00,26347.664532714094
2026-06-25 16:00:00+00:00,26347.664532714094
2026-06-25 20:00:00+00:00,26347.664532714094
2026-06-26 00:00:00+00:00,26347.664532714094
2026-06-26 04:00:00+00:00,26347.664532714094
2026-06-26 08:00:00+00:00,26347.664532714094
2026-06-26 12:00:00+00:00,26347.664532714094
2026-06-26 16:00:00+00:00,26347.664532714094
2026-06-26 20:00:00+00:00,26347.664532714094
2026-06-27 00:00:00+00:00,26347.664532714094
2026-06-27 04:00:00+00:00,26347.664532714094
2026-06-27 08:00:00+00:00,26347.664532714094
2026-06-27 12:00:00+00:00,26347.664532714094
2026-06-27 16:00:00+00:00,26347.664532714094
2026-06-27 20:00:00+00:00,26347.664532714094
2026-06-28 00:00:00+00:00,26347.664532714094
2026-06-28 04:00:00+00:00,26347.664532714094
2026-06-28 08:00:00+00:00,26347.664532714094
2026-06-28 12:00:00+00:00,26347.664532714094
2026-06-28 16:00:00+00:00,26347.664532714094
2026-06-28 20:00:00+00:00,26347.664532714094
2026-06-29 00:00:00+00:00,26347.664532714094
2026-06-29 04:00:00+00:00,26347.664532714094
2026-06-29 08:00:00+00:00,26347.664532714094
2026-06-29 12:00:00+00:00,26347.664532714094
2026-06-29 16:00:00+00:00,26347.664532714094
2026-06-29 20:00:00+00:00,26347.664532714094
2026-06-30 00:00:00+00:00,26347.664532714094
2026-06-30 04:00:00+00:00,26347.664532714094
2026-06-30 08:00:00+00:00,26347.664532714094
2026-06-30 12:00:00+00:00,26347.664532714094
2026-06-30 16:00:00+00:00,26347.664532714094
2026-06-30 20:00:00+00:00,26347.664532714094
2026-07-01 00:00:00+00:00,26347.664532714094
2026-07-01 04:00:00+00:00,26347.664532714094
2026-07-01 08:00:00+00:00,26347.664532714094
2026-07-01 12:00:00+00:00,26347.664532714094
2026-07-01 16:00:00+00:00,26347.664532714094
2026-07-01 20:00:00+00:00,26347.664532714094
2026-07-02 00:00:00+00:00,26347.664532714094
2026-07-02 04:00:00+00:00,26347.664532714094
2026-07-02 08:00:00+00:00,26347.664532714094
2026-07-02 12:00:00+00:00,26347.664532714094
2026-07-02 16:00:00+00:00,26347.664532714094
2026-07-02 20:00:00+00:00,26347.664532714094
2026-07-03 00:00:00+00:00,26347.664532714094
2026-07-03 04:00:00+00:00,26347.664532714094
2026-07-03 08:00:00+00:00,26295.074383946194
2026-07-03 12:00:00+00:00,26572.928195880308
2026-07-03 16:00:00+00:00,27204.414132094193
2026-07-03 20:00:00+00:00,27052.85750740286
2026-07-04 00:00:00+00:00,27027.598069954303
2026-07-04 04:00:00+00:00,27002.338632505744
2026-07-04 08:00:00+00:00,27280.192444439857
2026-07-04 12:00:00+00:00,27406.489631682634
2026-07-04 16:00:00+00:00,27684.343443616744
2026-07-04 20:00:00+00:00,27179.154694645636
2026-07-05 00:00:00+00:00,27052.85750740286
2026-07-05 04:00:00+00:00,27002.338632505744
2026-07-05 08:00:00+00:00,26679.559080250205
2026-07-05 12:00:00+00:00,26679.559080250205
2026-07-05 16:00:00+00:00,26679.559080250205
2026-07-05 20:00:00+00:00,26679.559080250205
2026-07-06 00:00:00+00:00,26679.559080250205
2026-07-06 04:00:00+00:00,26679.559080250205
2026-07-06 08:00:00+00:00,26679.559080250205
2026-07-06 12:00:00+00:00,26679.559080250205
2026-07-06 16:00:00+00:00,26679.559080250205
2026-07-06 20:00:00+00:00,26679.559080250205
2026-07-07 00:00:00+00:00,26679.559080250205
2026-07-07 04:00:00+00:00,26679.559080250205
2026-07-07 08:00:00+00:00,26679.559080250205
2026-07-07 12:00:00+00:00,26679.559080250205
2026-07-07 16:00:00+00:00,26679.559080250205
2026-07-07 20:00:00+00:00,26679.559080250205
2026-07-08 00:00:00+00:00,26679.559080250205
2026-07-08 04:00:00+00:00,26679.559080250205
2026-07-08 08:00:00+00:00,26679.559080250205
2026-07-08 12:00:00+00:00,26679.559080250205
2026-07-08 16:00:00+00:00,26679.559080250205
2026-07-08 20:00:00+00:00,26679.559080250205
2026-07-09 00:00:00+00:00,26679.559080250205
2026-07-09 04:00:00+00:00,26679.559080250205
2026-07-09 08:00:00+00:00,26679.559080250205
2026-07-09 12:00:00+00:00,26679.559080250205
2026-07-09 16:00:00+00:00,26679.559080250205
2026-07-09 20:00:00+00:00,26679.559080250205
2026-07-10 00:00:00+00:00,26679.559080250205
2026-07-10 04:00:00+00:00,26679.559080250205
2026-07-10 08:00:00+00:00,26679.559080250205
2026-07-10 12:00:00+00:00,26679.559080250205
2026-07-10 16:00:00+00:00,26679.559080250205
2026-07-10 20:00:00+00:00,26679.559080250205
2026-07-11 00:00:00+00:00,26679.559080250205
2026-07-11 04:00:00+00:00,26679.559080250205
2026-07-11 08:00:00+00:00,26679.559080250205
2026-07-11 12:00:00+00:00,26679.559080250205
2026-07-11 16:00:00+00:00,26679.559080250205
2026-07-11 20:00:00+00:00,26679.559080250205
2026-07-12 00:00:00+00:00,26679.559080250205
2026-07-12 04:00:00+00:00,26679.559080250205
2026-07-12 08:00:00+00:00,26679.559080250205
2026-07-12 12:00:00+00:00,26679.559080250205
2026-07-12 16:00:00+00:00,26679.559080250205
2026-07-12 20:00:00+00:00,26679.559080250205
2026-07-13 00:00:00+00:00,26679.559080250205
2026-07-13 04:00:00+00:00,26679.559080250205
2026-07-13 08:00:00+00:00,26679.559080250205
2026-07-13 12:00:00+00:00,26679.559080250205
2026-07-13 16:00:00+00:00,26679.559080250205
2026-07-13 20:00:00+00:00,26679.559080250205
2026-07-14 00:00:00+00:00,26679.559080250205
2026-07-14 04:00:00+00:00,26679.559080250205
2026-07-14 08:00:00+00:00,26679.559080250205
2026-07-14 12:00:00+00:00,26679.559080250205
2026-07-14 16:00:00+00:00,26679.559080250205
2026-07-14 20:00:00+00:00,26679.559080250205
2026-07-15 00:00:00+00:00,26679.559080250205
2026-07-15 04:00:00+00:00,26679.559080250205
2026-07-15 08:00:00+00:00,26679.559080250205
2026-07-15 12:00:00+00:00,26679.559080250205
2026-07-15 16:00:00+00:00,26679.559080250205
2026-07-15 20:00:00+00:00,26679.559080250205
2026-07-16 00:00:00+00:00,26679.559080250205
2026-07-16 04:00:00+00:00,26679.559080250205
2026-07-16 08:00:00+00:00,26679.559080250205
2026-07-16 12:00:00+00:00,26679.559080250205
2026-07-16 16:00:00+00:00,26679.559080250205
2026-07-16 20:00:00+00:00,26679.559080250205
2026-07-17 00:00:00+00:00,26679.559080250205
2026-07-17 04:00:00+00:00,26679.559080250205
2026-07-17 08:00:00+00:00,26679.559080250205
2026-07-17 12:00:00+00:00,26679.559080250205
2026-07-17 16:00:00+00:00,26679.559080250205
2026-07-17 20:00:00+00:00,26679.559080250205
2026-07-18 00:00:00+00:00,26679.559080250205
2026-07-18 04:00:00+00:00,26679.559080250205
2026-07-18 08:00:00+00:00,26679.559080250205
2026-07-18 12:00:00+00:00,26679.559080250205
2026-07-18 16:00:00+00:00,26679.559080250205
2026-07-18 20:00:00+00:00,26679.559080250205
2026-07-19 00:00:00+00:00,26679.559080250205
2026-07-19 04:00:00+00:00,26679.559080250205
2026-07-19 08:00:00+00:00,26679.559080250205
2026-07-19 12:00:00+00:00,26679.559080250205
2026-07-19 16:00:00+00:00,26679.559080250205
2026-07-19 20:00:00+00:00,26679.559080250205
2026-07-20 00:00:00+00:00,26679.559080250205
2026-07-20 04:00:00+00:00,26679.559080250205
2026-07-20 08:00:00+00:00,26679.559080250205
2026-07-20 12:00:00+00:00,26679.559080250205
2026-07-20 16:00:00+00:00,26679.559080250205
2026-07-20 20:00:00+00:00,26679.559080250205
2026-07-21 00:00:00+00:00,26679.559080250205
2026-07-21 04:00:00+00:00,26679.559080250205
2026-07-21 08:00:00+00:00,26679.559080250205
2026-07-21 12:00:00+00:00,26679.559080250205
2026-07-21 16:00:00+00:00,26679.559080250205
2026-07-21 20:00:00+00:00,26679.559080250205
2026-07-22 00:00:00+00:00,26679.559080250205
2026-07-22 04:00:00+00:00,26679.559080250205
2026-07-22 08:00:00+00:00,26679.559080250205
2026-07-22 12:00:00+00:00,26679.559080250205
2026-07-22 16:00:00+00:00,26679.559080250205
2026-07-22 20:00:00+00:00,26679.559080250205
2026-07-23 00:00:00+00:00,26679.559080250205
2026-07-23 04:00:00+00:00,26679.559080250205
2026-07-23 08:00:00+00:00,26679.559080250205
2026-07-23 12:00:00+00:00,26679.559080250205
2026-07-23 16:00:00+00:00,26679.559080250205
2026-07-23 20:00:00+00:00,26679.559080250205
2026-07-24 00:00:00+00:00,26679.559080250205
2026-07-24 04:00:00+00:00,26679.559080250205
2026-07-24 08:00:00+00:00,26679.559080250205
2026-07-24 12:00:00+00:00,26679.559080250205
2026-07-24 16:00:00+00:00,26679.559080250205
2026-07-24 20:00:00+00:00,26679.559080250205
2026-07-25 00:00:00+00:00,26679.559080250205
2026-07-25 04:00:00+00:00,26679.559080250205
2026-07-25 08:00:00+00:00,26679.559080250205
2026-07-25 12:00:00+00:00,26679.559080250205
2026-07-25 16:00:00+00:00,26679.559080250205
2026-07-25 20:00:00+00:00,26679.559080250205
2026-07-26 00:00:00+00:00,26679.559080250205
2026-07-26 04:00:00+00:00,26679.559080250205
2026-07-26 08:00:00+00:00,26679.559080250205
2026-07-26 12:00:00+00:00,26679.559080250205
2026-07-26 16:00:00+00:00,26679.559080250205
2026-07-26 20:00:00+00:00,26679.559080250205
2026-07-27 00:00:00+00:00,26679.559080250205
2026-07-27 04:00:00+00:00,26679.559080250205
2026-07-27 08:00:00+00:00,26679.559080250205
2026-07-27 12:00:00+00:00,26679.559080250205
2026-07-27 16:00:00+00:00,26679.559080250205
2026-07-27 20:00:00+00:00,26679.559080250205
2026-07-28 00:00:00+00:00,26679.559080250205
2026-07-28 04:00:00+00:00,26679.559080250205
2026-07-28 08:00:00+00:00,26679.559080250205
2026-07-28 12:00:00+00:00,26679.559080250205
2026-07-28 16:00:00+00:00,26679.559080250205
2026-07-28 20:00:00+00:00,26679.559080250205
2026-07-29 00:00:00+00:00,26679.559080250205
2026-07-29 04:00:00+00:00,26679.559080250205
2026-07-29 08:00:00+00:00,26679.559080250205
2026-07-29 12:00:00+00:00,26679.559080250205
2026-07-29 16:00:00+00:00,26679.559080250205
2026-07-29 20:00:00+00:00,26679.559080250205
2026-07-30 00:00:00+00:00,26679.559080250205
2026-07-30 04:00:00+00:00,26679.559080250205
2026-07-30 08:00:00+00:00,26679.559080250205
2026-07-30 12:00:00+00:00,26679.559080250205
2026-07-30 16:00:00+00:00,26679.559080250205
2026-07-30 20:00:00+00:00,26679.559080250205
2026-07-31 00:00:00+00:00,26679.559080250205
2026-07-31 04:00:00+00:00,26679.559080250205
2026-07-31 08:00:00+00:00,26679.559080250205
2026-07-31 12:00:00+00:00,26679.559080250205
2026-07-31 16:00:00+00:00,26679.559080250205
2026-07-31 20:00:00+00:00,26679.559080250205
2026-08-01 00:00:00+00:00,26679.559080250205
2026-08-01 04:00:00+00:00,26679.559080250205
2026-08-01 08:00:00+00:00,26679.559080250205
2026-08-01 12:00:00+00:00,26679.559080250205
2026-08-01 16:00:00+00:00,26679.559080250205
2026-08-01 20:00:00+00:00,26679.559080250205
2026-08-02 00:00:00+00:00,26679.559080250205
2026-08-02 04:00:00+00:00,26679.559080250205
2026-08-02 08:00:00+00:00,26679.559080250205
2026-08-02 12:00:00+00:00,26679.559080250205
2026-08-02 16:00:00+00:00,26679.559080250205
2026-08-02 20:00:00+00:00,26679.559080250205
2026-08-03 00:00:00+00:00,26679.559080250205
2026-08-03 04:00:00+00:00,26679.559080250205
2026-08-03 08:00:00+00:00,26679.559080250205
2026-08-03 12:00:00+00:00,26679.559080250205
2026-08-03 16:00:00+00:00,26679.559080250205
2026-08-03 20:00:00+00:00,26679.559080250205
2026-08-04 00:00:00+00:00,26626.30646731557
2026-08-04 04:00:00+00:00,26507.03969702525
2026-08-04 08:00:00+00:00,26477.223004452662
2026-08-04 12:00:00+00:00,26298.32284901717
2026-08-04 16:00:00+00:00,26417.5896193075
2026-08-04 20:00:00+00:00,26507.03969702525
2026-08-05 00:00:00+00:00,26268.506156444586
2026-08-05 04:00:00+00:00,26447.40631188008
2026-08-05 08:00:00+00:00,26238.689463872004
2026-08-05 12:00:00+00:00,25899.365461496687
2026-08-05 16:00:00+00:00,25899.365461496687
2026-08-05 20:00:00+00:00,25899.365461496687
2026-08-06 00:00:00+00:00,25899.365461496687
2026-08-06 04:00:00+00:00,25899.365461496687
2026-08-06 08:00:00+00:00,25899.365461496687
2026-08-06 12:00:00+00:00,25899.365461496687
2026-08-06 16:00:00+00:00,25899.365461496687
2026-08-06 20:00:00+00:00,25899.365461496687
2026-08-07 00:00:00+00:00,25899.365461496687
2026-08-07 04:00:00+00:00,25899.365461496687
2026-08-07 08:00:00+00:00,25899.365461496687
2026-08-07 12:00:00+00:00,25899.365461496687
2026-08-07 16:00:00+00:00,25899.365461496687
2026-08-07 20:00:00+00:00,25899.365461496687
2026-08-08 00:00:00+00:00,25899.365461496687
2026-08-08 04:00:00+00:00,25899.365461496687
2026-08-08 08:00:00+00:00,25899.365461496687
2026-08-08 12:00:00+00:00,25899.365461496687
2026-08-08 16:00:00+00:00,25899.365461496687
2026-08-08 20:00:00+00:00,25899.365461496687
2026-08-09 00:00:00+00:00,25899.365461496687
2026-08-09 04:00:00+00:00,25899.365461496687
2026-08-09 08:00:00+00:00,25899.365461496687
2026-08-09 12:00:00+00:00,25899.365461496687
2026-08-09 16:00:00+00:00,25899.365461496687
2026-08-09 20:00:00+00:00,25899.365461496687
2026-08-10 00:00:00+00:00,25899.365461496687
2026-08-10 04:00:00+00:00,25899.365461496687
2026-08-10 08:00:00+00:00,25899.365461496687
2026-08-10 12:00:00+00:00,25899.365461496687
2026-08-10 16:00:00+00:00,25899.365461496687
2026-08-10 20:00:00+00:00,25899.365461496687
2026-08-11 00:00:00+00:00,25899.365461496687
2026-08-11 04:00:00+00:00,25899.365461496687
2026-08-11 08:00:00+00:00,25899.365461496687
2026-08-11 12:00:00+00:00,25899.365461496687
2026-08-11 16:00:00+00:00,25899.365461496687
2026-08-11 20:00:00+00:00,25899.365461496687
2026-08-12 00:00:00+00:00,25899.365461496687
2026-08-12 04:00:00+00:00,25899.365461496687
2026-08-12 08:00:00+00:00,25899.365461496687
2026-08-12 12:00:00+00:00,25899.365461496687
2026-08-12 16:00:00+00:00,25899.365461496687
2026-08-12 20:00:00+00:00,25899.365461496687
2026-08-13 00:00:00+00:00,25899.365461496687
2026-08-13 04:00:00+00:00,25899.365461496687
2026-08-13 08:00:00+00:00,25899.365461496687
2026-08-13 12:00:00+00:00,25899.365461496687
2026-08-13 16:00:00+00:00,25899.365461496687
2026-08-13 20:00:00+00:00,25899.365461496687
2026-08-14 00:00:00+00:00,25899.365461496687
2026-08-14 04:00:00+00:00,25899.365461496687
2026-08-14 08:00:00+00:00,25899.365461496687
2026-08-14 12:00:00+00:00,25899.365461496687
2026-08-14 16:00:00+00:00,25899.365461496687
2026-08-14 20:00:00+00:00,25899.365461496687
2026-08-15 00:00:00+00:00,25899.365461496687
2026-08-15 04:00:00+00:00,25899.365461496687
2026-08-15 08:00:00+00:00,25899.365461496687
2026-08-15 12:00:00+00:00,25899.365461496687
2026-08-15 16:00:00+00:00,25899.365461496687
2026-08-15 20:00:00+00:00,25899.365461496687
2026-08-16 00:00:00+00:00,25899.365461496687
2026-08-16 04:00:00+00:00,25899.365461496687
2026-08-16 08:00:00+00:00,25899.365461496687
2026-08-16 12:00:00+00:00,25899.365461496687
2026-08-16 16:00:00+00:00,25899.365461496687
2026-08-16 20:00:00+00:00,25899.365461496687
2026-08-17 00:00:00+00:00,25899.365461496687
2026-08-17 04:00:00+00:00,25899.365461496687
2026-08-17 08:00:00+00:00,25899.365461496687
2026-08-17 12:00:00+00:00,25899.365461496687
2026-08-17 16:00:00+00:00,25899.365461496687
2026-08-17 20:00:00+00:00,25899.365461496687
2026-08-18 00:00:00+00:00,25899.365461496687
2026-08-18 04:00:00+00:00,25899.365461496687
2026-08-18 08:00:00+00:00,25899.365461496687
2026-08-18 12:00:00+00:00,25899.365461496687
2026-08-18 16:00:00+00:00,25899.365461496687
2026-08-18 20:00:00+00:00,25899.365461496687
2026-08-19 00:00:00+00:00,25899.365461496687
2026-08-19 04:00:00+00:00,25899.365461496687
2026-08-19 08:00:00+00:00,25899.365461496687
2026-08-19 12:00:00+00:00,25899.365461496687
2026-08-19 16:00:00+00:00,25899.365461496687
2026-08-19 20:00:00+00:00,25847.67012125418
2026-08-20 00:00:00+00:00,25330.716718829102
2026-08-20 04:00:00+00:00,25790.230854318062
2026-08-20 08:00:00+00:00,26278.464623275086
2026-08-20 12:00:00+00:00,27197.492894253013
2026-08-20 16:00:00+00:00,26795.418025700164
2026-08-20 20:00:00+00:00,28145.240798699
2026-08-21 00:00:00+00:00,27858.044464018396
2026-08-21 04:00:00+00:00,28374.997866443482
2026-08-21 08:00:00+00:00,29064.269069676928
2026-08-21 12:00:00+00:00,30069.456241059037
2026-08-21 16:00:00+00:00,28759.486929085284
2026-08-21 20:00:00+00:00,28759.486929085284
2026-08-22 00:00:00+00:00,28759.486929085284
2026-08-22 04:00:00+00:00,28759.486929085284
2026-08-22 08:00:00+00:00,28759.486929085284
2026-08-22 12:00:00+00:00,28759.486929085284
2026-08-22 16:00:00+00:00,28759.486929085284
2026-08-22 20:00:00+00:00,28759.486929085284
2026-08-23 00:00:00+00:00,28759.486929085284
2026-08-23 04:00:00+00:00,28759.486929085284
2026-08-23 08:00:00+00:00,28759.486929085284
2026-08-23 12:00:00+00:00,28759.486929085284
2026-08-23 16:00:00+00:00,28759.486929085284
2026-08-23 20:00:00+00:00,28759.486929085284
2026-08-24 00:00:00+00:00,28759.486929085284
2026-08-24 04:00:00+00:00,28759.486929085284
2026-08-24 08:00:00+00:00,28759.486929085284
2026-08-24 12:00:00+00:00,28759.486929085284
2026-08-24 16:00:00+00:00,28759.486929085284
2026-08-24 20:00:00+00:00,28759.486929085284
2026-08-25 00:00:00+00:00,28759.486929085284
2026-08-25 04:00:00+00:00,28759.486929085284
2026-08-25 08:00:00+00:00,28759.486929085284
2026-08-25 12:00:00+00:00,28759.486929085284
2026-08-25 16:00:00+00:00,28759.486929085284
2026-08-25 20:00:00+00:00,28759.486929085284
2026-08-26 00:00:00+00:00,28759.486929085284
2026-08-26 04:00:00+00:00,28759.486929085284
2026-08-26 08:00:00+00:00,28759.486929085284
2026-08-26 12:00:00+00:00,28759.486929085284
2026-08-26 16:00:00+00:00,28759.486929085284
2026-08-26 20:00:00+00:00,28759.486929085284
2026-08-27 00:00:00+00:00,28759.486929085284
2026-08-27 04:00:00+00:00,28759.486929085284
2026-08-27 08:00:00+00:00,28759.486929085284
2026-08-27 12:00:00+00:00,28759.486929085284
2026-08-27 16:00:00+00:00,28759.486929085284
2026-08-27 20:00:00+00:00,28759.486929085284
2026-08-28 00:00:00+00:00,28759.486929085284
2026-08-28 04:00:00+00:00,28759.486929085284
2026-08-28 08:00:00+00:00,28759.486929085284
2026-08-28 12:00:00+00:00,28759.486929085284
2026-08-28 16:00:00+00:00,28759.486929085284
2026-08-28 20:00:00+00:00,28759.486929085284
2026-08-29 00:00:00+00:00,28759.486929085284
2026-08-29 04:00:00+00:00,28759.486929085284
2026-08-29 08:00:00+00:00,28759.486929085284
2026-08-29 12:00:00+00:00,28759.486929085284
2026-08-29 16:00:00+00:00,28759.486929085284
2026-08-29 20:00:00+00:00,28759.486929085284
2026-08-30 00:00:00+00:00,28759.486929085284
2026-08-30 04:00:00+00:00,28759.486929085284
2026-08-30 08:00:00+00:00,28759.486929085284
2026-08-30 12:00:00+00:00,28759.486929085284
2026-08-30 16:00:00+00:00,28759.486929085284
2026-08-30 20:00:00+00:00,28759.486929085284
2026-08-31 00:00:00+00:00,28759.486929085284
2026-08-31 04:00:00+00:00,28759.486929085284
2026-08-31 08:00:00+00:00,28759.486929085284
2026-08-31 12:00:00+00:00,28759.486929085284
2026-08-31 16:00:00+00:00,28759.486929085284
2026-08-31 20:00:00+00:00,28702.082763558174
2026-09-01 00:00:00+00:00,28978.064328592383
2026-09-01 04:00:00+00:00,29683.350550346484
2026-09-01 08:00:00+00:00,30204.649062077773
2026-09-01 12:00:00+00:00,30756.612192146196
2026-09-01 16:00:00+00:00,29273.45336136155
2026-09-01 20:00:00+00:00,29273.45336136155
2026-09-02 00:00:00+00:00,29273.45336136155
2026-09-02 04:00:00+00:00,29273.45336136155
2026-09-02 08:00:00+00:00,29273.45336136155
2026-09-02 12:00:00+00:00,29273.45336136155
2026-09-02 16:00:00+00:00,29273.45336136155
2026-09-02 20:00:00+00:00,29273.45336136155
2026-09-03 00:00:00+00:00,29273.45336136155
2026-09-03 04:00:00+00:00,29273.45336136155
2026-09-03 08:00:00+00:00,29273.45336136155
2026-09-03 12:00:00+00:00,29273.45336136155
2026-09-03 16:00:00+00:00,29273.45336136155
2026-09-03 20:00:00+00:00,29273.45336136155
2026-09-04 00:00:00+00:00,29273.45336136155
2026-09-04 04:00:00+00:00,29273.45336136155
2026-09-04 08:00:00+00:00,29273.45336136155
2026-09-04 12:00:00+00:00,29273.45336136155
2026-09-04 16:00:00+00:00,29273.45336136155
2026-09-04 20:00:00+00:00,29273.45336136155
2026-09-05 00:00:00+00:00,29273.45336136155
2026-09-05 04:00:00+00:00,29273.45336136155
2026-09-05 08:00:00+00:00,29273.45336136155
2026-09-05 12:00:00+00:00,29273.45336136155
2026-09-05 16:00:00+00:00,29273.45336136155
2026-09-05 20:00:00+00:00,29273.45336136155
2026-09-06 00:00:00+00:00,29273.45336136155
2026-09-06 04:00:00+00:00,29273.45336136155
2026-09-06 08:00:00+00:00,29273.45336136155
2026-09-06 12:00:00+00:00,29273.45336136155
2026-09-06 16:00:00+00:00,29273.45336136155
2026-09-06 20:00:00+00:00,29273.45336136155
2026-09-07 00:00:00+00:00,29273.45336136155
2026-09-07 04:00:00+00:00,29273.45336136155
2026-09-07 08:00:00+00:00,29273.45336136155
2026-09-07 12:00:00+00:00,29273.45336136155
2026-09-07 16:00:00+00:00,29273.45336136155
2026-09-07 20:00:00+00:00,29273.45336136155
2026-09-08 00:00:00+00:00,29273.45336136155
2026-09-08 04:00:00+00:00,29273.45336136155
2026-09-08 08:00:00+00:00,29273.45336136155
2026-09-08 12:00:00+00:00,29273.45336136155
2026-09-08 16:00:00+00:00,29273.45336136155
2026-09-08 20:00:00+00:00,29273.45336136155
2026-09-09 00:00:00+00:00,29273.45336136155
2026-09-09 04:00:00+00:00,29273.45336136155
2026-09-09 08:00:00+00:00,29273.45336136155
2026-09-09 12:00:00+00:00,29273.45336136155
2026-09-09 16:00:00+00:00,29273.45336136155
2026-09-09 20:00:00+00:00,29273.45336136155
2026-09-10 00:00:00+00:00,29273.45336136155
2026-09-10 04:00:00+00:00,29273.45336136155
2026-09-10 08:00:00+00:00,29273.45336136155
2026-09-10 12:00:00+00:00,29273.45336136155
2026-09-10 16:00:00+00:00,29273.45336136155
2026-09-10 20:00:00+00:00,29273.45336136155
2026-09-11 00:00:00+00:00,29273.45336136155
2026-09-11 04:00:00+00:00,29273.45336136155
2026-09-11 08:00:00+00:00,29273.45336136155
2026-09-11 12:00:00+00:00,29273.45336136155
2026-09-11 16:00:00+00:00,29273.45336136155
2026-09-11 20:00:00+00:00,29273.45336136155
2026-09-12 00:00:00+00:00,29273.45336136155
2026-09-12 04:00:00+00:00,29273.45336136155
2026-09-12 08:00:00+00:00,29273.45336136155
2026-09-12 12:00:00+00:00,29273.45336136155
2026-09-12 16:00:00+00:00,29273.45336136155
2026-09-12 20:00:00+00:00,29273.45336136155
2026-09-13 00:00:00+00:00,29273.45336136155
2026-09-13 04:00:00+00:00,29273.45336136155
2026-09-13 08:00:00+00:00,29273.45336136155
2026-09-13 12:00:00+00:00,29273.45336136155
2026-09-13 16:00:00+00:00,29273.45336136155
2026-09-13 20:00:00+00:00,29273.45336136155
2026-09-14 00:00:00+00:00,29273.45336136155
2026-09-14 04:00:00+00:00,29273.45336136155
2026-09-14 08:00:00+00:00,29273.45336136155
2026-09-14 12:00:00+00:00,29273.45336136155
2026-09-14 16:00:00+00:00,29215.023314732087
2026-09-14 20:00:00+00:00,28904.525482401605
2026-09-15 00:00:00+00:00,28735.163028403156
2026-09-15 04:00:00+00:00,27959.197771318228
2026-09-15 08:00:00+00:00,27959.197771318228
2026-09-15 12:00:00+00:00,27959.197771318228
2026-09-15 16:00:00+00:00,27959.197771318228
2026-09-15 20:00:00+00:00,27959.197771318228
2026-09-16 00:00:00+00:00,27959.197771318228
2026-09-16 04:00:00+00:00,27959.197771318228
2026-09-16 08:00:00+00:00,27959.197771318228
2026-09-16 12:00:00+00:00,27959.197771318228
2026-09-16 16:00:00+00:00,27959.197771318228
2026-09-16 20:00:00+00:00,27959.197771318228
2026-09-17 00:00:00+00:00,27959.197771318228
2026-09-17 04:00:00+00:00,27959.197771318228
2026-09-17 08:00:00+00:00,27959.197771318228
2026-09-17 12:00:00+00:00,27959.197771318228
2026-09-17 16:00:00+00:00,27959.197771318228
2026-09-17 20:00:00+00:00,27959.197771318228
2026-09-18 00:00:00+00:00,27903.39098933955
2026-09-18 04:00:00+00:00,27184.103577169906
2026-09-18 08:00:00+00:00,27159.300562957163
2026-09-18 12:00:00+00:00,27506.54276193561
2026-09-18 16:00:00+00:00,29242.753756827846
2026-09-18 20:00:00+00:00,29912.435140571994
2026-09-19 00:00:00+00:00,31723.055178102477
2026-09-19 04:00:00+00:00,30309.283367975935
2026-09-19 08:00:00+00:00,29812.32406058585
2026-09-19 12:00:00+00:00,29812.32406058585
2026-09-19 16:00:00+00:00,29812.32406058585
2026-09-19 20:00:00+00:00,29812.32406058585
2026-09-20 00:00:00+00:00,29812.32406058585
2026-09-20 04:00:00+00:00,29812.32406058585
2026-09-20 08:00:00+00:00,29812.32406058585
2026-09-20 12:00:00+00:00,29812.32406058585
2026-09-20 16:00:00+00:00,29812.32406058585
2026-09-20 20:00:00+00:00,29812.32406058585
2026-09-21 00:00:00+00:00,29812.32406058585
2026-09-21 04:00:00+00:00,29812.32406058585
2026-09-21 08:00:00+00:00,29812.32406058585
2026-09-21 12:00:00+00:00,29812.32406058585
2026-09-21 16:00:00+00:00,29812.32406058585
2026-09-21 20:00:00+00:00,29812.32406058585
2026-09-22 00:00:00+00:00,29812.32406058585
2026-09-22 04:00:00+00:00,29812.32406058585
2026-09-22 08:00:00+00:00,29812.32406058585
2026-09-22 12:00:00+00:00,29812.32406058585
2026-09-22 16:00:00+00:00,29812.32406058585
2026-09-22 20:00:00+00:00,29812.32406058585
2026-09-23 00:00:00+00:00,29752.818423738372
2026-09-23 04:00:00+00:00,29817.498463789976
2026-09-23 08:00:00+00:00,29278.4981300266
2026-09-23 12:00:00+00:00,27926.723447045264
2026-09-23 16:00:00+00:00,27926.723447045264
2026-09-23 20:00:00+00:00,27926.723447045264
2026-09-24 00:00:00+00:00,27926.723447045264
2026-09-24 04:00:00+00:00,27926.723447045264
2026-09-24 08:00:00+00:00,27926.723447045264
2026-09-24 12:00:00+00:00,27926.723447045264
2026-09-24 16:00:00+00:00,27926.723447045264
2026-09-24 20:00:00+00:00,27926.723447045264
2026-09-25 00:00:00+00:00,27926.723447045264
