ts,equity
2023-09-24 00:00:00+00:00,10000.0
2023-09-24 04:00:00+00:00,10014.349709353963
2023-09-24 08:00:00+00:00,9936.354734102362
2023-09-24 12:00:00+00:00,9965.05415281029
2023-09-24 16:00:00+00:00,10080.45411263853
2023-09-24 20:00:00+00:00,10159.377514085338
2023-09-25 00:00:00+00:00,10138.761286656494
2023-09-25 04:00:00+00:00,10124.41157730253
2023-09-25 08:00:00+00:00,10210.940678857763
2023-09-25 12:00:00+00:00,10239.64009756569
2023-09-25 16:00:00+00:00,10282.817780942762
2023-09-25 20:00:00+00:00,10261.293216911814
2023-09-26 00:00:00+00:00,10095.839606112217
2023-09-26 04:00:00+00:00,10196.287571589965
2023-09-26 08:00:00+00:00,10088.62903909832
2023-09-26 12:00:00+00:00,10044.088261405672
2023-09-26 16:00:00+00:00,10044.088261405672
2023-09-26 20:00:00+00:00,10044.088261405672
2023-09-27 00:00:00+00:00,10044.088261405672
2023-09-27 04:00:00+00:00,10044.088261405672
2023-09-27 08:00:00+00:00,10044.088261405672
2023-09-27 12:00:00+00:00,10044.088261405672
2023-09-27 16:00:00+00:00,10044.088261405672
2023-09-27 20:00:00+00:00,10044.088261405672
2023-09-28 00:00:00+00:00,10044.088261405672
2023-09-28 04:00:00+00:00,10044.088261405672
2023-09-28 08:00:00+00:00,10044.088261405672
2023-09-28 12:00:00+00:00,10044.088261405672
2023-09-28 16:00:00+00:00,10044.088261405672
2023-09-28 20:00:00+00:00,10044.088261405672
2023-09-29 00:00:00+00:00,10044.088261405672
2023-09-29 04:00:00+00:00,10044.088261405672
2023-09-29 08:00:00+00:00,10044.088261405672
2023-09-29 12:00:00+00:00,10044.088261405672
2023-09-29 16:00:00+00:00,10044.088261405672
2023-09-29 20:00:00+00:00,10044.088261405672
2023-09-30 00:00:00+00:00,10044.088261405672
2023-09-30 04:00:00+00:00,10044.088261405672
2023-09-30 08:00:00+00:00,10044.088261405672
2023-09-30 12:00:00+00:00,10044.088261405672
2023-09-30 16:00:00+00:00,10044.088261405672
2023-09-30 20:00:00+00:00,10044.088261405672
2023-10-01 00:00:00+00:00,10044.088261405672
2023-10-01 04:00:00+00:00,10044.088261405672
2023-10-01 08:00:00+00:00,10044.088261405672
2023-10-01 12:00:00+00:00,10044.088261405672
2023-10-01 16:00:00+00:00,10044.088261405672
2023-10-01 20:00:00+00:00,10044.088261405672
2023-10-02 00:00:00+00:00,10044.088261405672
2023-10-02 04:00:00+00:00,10044.088261405672
2023-10-02 08:00:00+00:00,10044.088261405672
2023-10-02 12:00:00+00:00,10044.088261405672
2023-10-02 16:00:00+00:00,10044.088261405672
2023-10-02 20:00:00+00:00,10044.088261405672
2023-10-03 00:00:00+00:00,10044.088261405672
2023-10-03 04:00:00+00:00,10044.088261405672
2023-10-03 08:00:00+00:00,10044.088261405672
2023-10-03 12:00:00+00:00,10044.088261405672
2023-10-03 16:00:00+00:00,10044.088261405672
2023-10-03 20:00:00+00:00,10044.088261405672
2023-10-04 00:00:00+00:00,10044.088261405672
2023-10-04 04:00:00+00:00,9969.767891967185
2023-10-04 08:00:00+00:00,9915.696908139025
2023-10-04 12:00:00+00:00,10062.789305986034
2023-10-04 16:00:00+00:00,9931.682181597422
2023-10-04 20:00:00+00:00,9698.724731014467
2023-10-05 00:00:00+00:00,9698.724731014467
2023-10-05 04:00:00+00:00,9698.724731014467
2023-10-05 08:00:00+00:00,9698.724731014467
2023-10-05 12:00:00+00:00,9698.724731014467
2023-10-05 16:00:00+00:00,9698.724731014467
2023-10-05 20:00:00+00:00,9698.724731014467
2023-10-06 00:00:00+00:00,9698.724731014467
2023-10-06 04:00:00+00:00,9698.724731014467
2023-10-06 08:00:00+00:00,9698.724731014467
2023-10-06 12:00:00+00:00,9698.724731014467
2023-10-06 16:00:00+00:00,9698.724731014467
2023-10-06 20:00:00+00:00,9698.724731014467
2023-10-07 00:00:00+00:00,9698.724731014467
2023-10-07 04:00:00+00:00,9698.724731014467
2023-10-07 08:00:00+00:00,9698.724731014467
2023-10-07 12:00:00+00:00,9698.724731014467
2023-10-07 16:00:00+00:00,9698.724731014467
2023-10-07 20:00:00+00:00,9698.724731014467
2023-10-08 00:00:00+00:00,9698.724731014467
2023-10-08 04:00:00+00:00,9698.724731014467
2023-10-08 08:00:00+00:00,9698.724731014467
2023-10-08 12:00:00+00:00,9698.724731014467
2023-10-08 16:00:00+00:00,9698.724731014467
2023-10-08 20:00:00+00:00,9698.724731014467
2023-10-09 00:00:00+00:00,9698.724731014467
2023-10-09 04:00:00+00:00,9698.724731014467
2023-10-09 08:00:00+00:00,9698.724731014467
2023-10-09 12:00:00+00:00,9698.724731014467
2023-10-09 16:00:00+00:00,9698.724731014467
2023-10-09 20:00:00+00:00,9698.724731014467
2023-10-10 00:00:00+00:00,9698.724731014467
2023-10-10 04:00:00+00:00,9698.724731014467
2023-10-10 08:00:00+00:00,9698.724731014467
2023-10-10 12:00:00+00:00,9698.724731014467
2023-10-10 16:00:00+00:00,9698.724731014467
2023-10-10 20:00:00+00:00,9698.724731014467
2023-10-11 00:00:00+00:00,9698.724731014467
2023-10-11 04:00:00+00:00,9698.724731014467
2023-10-11 08:00:00+00:00,9698.724731014467
2023-10-11 12:00:00+00:00,9698.724731014467
2023-10-11 16:00:00+00:00,9698.724731014467
2023-10-11 20:00:00+00:00,9698.724731014467
2023-10-12 00:00:00+00:00,9698.724731014467
2023-10-12 04:00:00+00:00,9698.724731014467
2023-10-12 08:00:00+00:00,9698.724731014467
2023-10-12 12:00:00+00:00,9698.724731014467
2023-10-12 16:00:00+00:00,9698.724731014467
2023-10-12 20:00:00+00:00,9698.724731014467
2023-10-13 00:00:00+00:00,9698.724731014467
2023-10-13 04:00:00+00:00,9698.724731014467
2023-10-13 08:00:00+00:00,9698.724731014467
2023-10-13 12:00:00+00:00,9698.724731014467
2023-10-13 16:00:00+00:00,9698.724731014467
2023-10-13 20:00:00+00:00,9698.724731014467
2023-10-14 00:00:00+00:00,9698.724731014467
2023-10-14 04:00:00+00:00,9698.724731014467
2023-10-14 08:00:00+00:00,9698.724731014467
2023-10-14 12:00:00+00:00,9698.724731014467
2023-10-14 16:00:00+00:00,9698.724731014467
2023-10-14 20:00:00+00:00,9698.724731014467
2023-10-15 00:00:00+00:00,9698.724731014467
2023-10-15 04:00:00+00:00,9698.724731014467
2023-10-15 08:00:00+00:00,9698.724731014467
2023-10-15 12:00:00+00:00,9698.724731014467
2023-10-15 16:00:00+00:00,9698.724731014467
2023-10-15 20:00:00+00:00,9698.724731014467
2023-10-16 00:00:00+00:00,9698.724731014467
2023-10-16 04:00:00+00:00,9698.724731014467
2023-10-16 08:00:00+00:00,9698.724731014467
2023-10-16 12:00:00+00:00,9698.724731014467
2023-10-16 16:00:00+00:00,9698.724731014467
2023-10-16 20:00:00+00:00,9698.724731014467
2023-10-17 00:00:00+00:00,9698.724731014467
2023-10-17 04:00:00+00:00,9698.724731014467
2023-10-17 08:00:00+00:00,9698.724731014467
2023-10-17 12:00:00+00:00,9698.724731014467
2023-10-17 16:00:00+00:00,9698.724731014467
2023-10-17 20:00:00+00:00,9698.724731014467
2023-10-18 00:00:00+00:00,9698.724731014467
2023-10-18 04:00:00+00:00,9698.724731014467
2023-10-18 08:00:00+00:00,9698.724731014467
2023-10-18 12:00:00+00:00,9698.724731014467
2023-10-18 16:00:00+00:00,9698.724731014467
2023-10-18 20:00:00+00:00,9698.724731014467
2023-10-19 00:00:00+00:00,9698.724731014467
2023-10-19 04:00:00+00:00,9698.724731014467
2023-10-19 08:00:00+00:00,9698.724731014467
2023-10-19 12:00:00+00:00,9698.724731014467
2023-10-19 16:00:00+00:00,9698.724731014467
2023-10-19 20:00:00+00:00,9698.724731014467
2023-10-20 00:00:00+00:00,9698.724731014467
2023-10-20 04:00:00+00:00,9698.724731014467
2023-10-20 08:00:00+00:00,9698.724731014467
2023-10-20 12:00:00+00:00,9698.724731014467
2023-10-20 16:00:00+00:00,9698.724731014467
2023-10-20 20:00:00+00:00,9698.724731014467
2023-10-21 00:00:00+00:00,9698.724731014467
2023-10-21 04:00:00+00:00,9698.724731014467
2023-10-21 08:00:00+00:00,9698.724731014467
2023-10-21 12:00:00+00:00,9698.724731014467
2023-10-21 16:00:00+00:00,9709.804256874975
2023-10-21 20:00:00+00:00,9648.927741157891
2023-10-22 00:00:00+00:00,9594.70122382645
2023-10-22 04:00:00+00:00,9447.69854136095
2023-10-22 08:00:00+00:00,9447.69854136095
2023-10-22 12:00:00+00:00,9447.69854136095
2023-10-22 16:00:00+00:00,9447.69854136095
2023-10-22 20:00:00+00:00,9447.69854136095
2023-10-23 00:00:00+00:00,9447.69854136095
2023-10-23 04:00:00+00:00,9447.69854136095
2023-10-23 08:00:00+00:00,9447.69854136095
2023-10-23 12:00:00+00:00,9447.69854136095
2023-10-23 16:00:00+00:00,9447.69854136095
2023-10-23 20:00:00+00:00,9447.69854136095
2023-10-24 00:00:00+00:00,9447.69854136095
2023-10-24 04:00:00+00:00,9447.69854136095
2023-10-24 08:00:00+00:00,9447.69854136095
2023-10-24 12:00:00+00:00,9447.69854136095
2023-10-24 16:00:00+00:00,9447.69854136095
2023-10-24 20:00:00+00:00,9447.69854136095
2023-10-25 00:00:00+00:00,9447.69854136095
2023-10-25 04:00:00+00:00,9447.69854136095
2023-10-25 08:00:00+00:00,9447.69854136095
2023-10-25 12:00:00+00:00,9447.69854136095
2023-10-25 16:00:00+00:00,9447.69854136095
2023-10-25 20:00:00+00:00,9447.69854136095
2023-10-26 00:00:00+00:00,9447.69854136095
2023-10-26 04:00:00+00:00,9447.69854136095
2023-10-26 08:00:00+00:00,9447.69854136095
2023-10-26 12:00:00+00:00,9447.69854136095
2023-10-26 16:00:00+00:00,9447.69854136095
2023-10-26 20:00:00+00:00,9447.69854136095
2023-10-27 00:00:00+00:00,9447.69854136095
2023-10-27 04:00:00+00:00,9447.69854136095
2023-10-27 08:00:00+00:00,9447.69854136095
2023-10-27 12:00:00+00:00,9447.69854136095
2023-10-27 16:00:00+00:00,9447.69854136095
2023-10-27 20:00:00+00:00,9447.69854136095
2023-10-28 00:00:00+00:00,9447.69854136095
2023-10-28 04:00:00+00:00,9447.69854136095
2023-10-28 08:00:00+00:00,9447.69854136095
2023-10-28 12:00:00+00:00,9447.69854136095
2023-10-28 16:00:00+00:00,9447.69854136095
2023-10-28 20:00:00+00:00,9447.69854136095
2023-10-29 00:00:00+00:00,9447.69854136095
2023-10-29 04:00:00+00:00,9447.69854136095
2023-10-29 08:00:00+00:00,9447.69854136095
2023-10-29 12:00:00+00:00,9447.69854136095
2023-10-29 16:00:00+00:00,9447.69854136095
2023-10-29 20:00:00+00:00,9447.69854136095
2023-10-30 00:00:00+00:00,9447.69854136095
2023-10-30 04:00:00+00:00,9447.69854136095
2023-10-30 08:00:00+00:00,9447.69854136095
2023-10-30 12:00:00+00:00,9447.69854136095
2023-10-30 16:00:00+00:00,9447.69854136095
2023-10-30 20:00:00+00:00,9447.69854136095
2023-10-31 00:00:00+00:00,9447.69854136095
2023-10-31 04:00:00+00:00,9447.69854136095
2023-10-31 08:00:00+00:00,9447.69854136095
2023-10-31 12:00:00+00:00,9447.69854136095
2023-10-31 16:00:00+00:00,9447.69854136095
2023-10-31 20:00:00+00:00,9447.69854136095
2023-11-01 00:00:00+00:00,9447.69854136095
2023-11-01 04:00:00+00:00,9447.69854136095
2023-11-01 08:00:00+00:00,9447.69854136095
2023-11-01 12:00:00+00:00,9447.69854136095
2023-11-01 16:00:00+00:00,9447.69854136095
2023-11-01 20:00:00+00:00,9447.69854136095
2023-11-02 00:00:00+00:00,9447.69854136095
2023-11-02 04:00:00+00:00,9447.69854136095
2023-11-02 08:00:00+00:00,9447.69854136095
2023-11-02 12:00:00+00:00,9447.69854136095
2023-11-02 16:00:00+00:00,9447.69854136095
2023-11-02 20:00:00+00:00,9447.69854136095
2023-11-03 00:00:00+00:00,9447.69854136095
2023-11-03 04:00:00+00:00,9447.69854136095
2023-11-03 08:00:00+00:00,9447.69854136095
2023-11-03 12:00:00+00:00,9447.69854136095
2023-11-03 16:00:00+00:00,9447.69854136095
2023-11-03 20:00:00+00:00,9447.69854136095
2023-11-04 00:00:00+00:00,9447.69854136095
2023-11-04 04:00:00+00:00,9447.69854136095
2023-11-04 08:00:00+00:00,9447.69854136095
2023-11-04 12:00:00+00:00,9447.69854136095
2023-11-04 16:00:00+00:00,9447.69854136095
2023-11-04 20:00:00+00:00,9447.69854136095
2023-11-05 00:00:00+00:00,9447.69854136095
2023-11-05 04:00:00+00:00,9447.69854136095
2023-11-05 08:00:00+00:00,9447.69854136095
2023-11-05 12:00:00+00:00,9447.69854136095
2023-11-05 16:00:00+00:00,9447.69854136095
2023-11-05 20:00:00+00:00,9447.69854136095
2023-11-06 00:00:00+00:00,9447.69854136095
2023-11-06 04:00:00+00:00,9447.69854136095
2023-11-06 08:00:00+00:00,9447.69854136095
2023-11-06 12:00:00+00:00,9447.69854136095
2023-11-06 16:00:00+00:00,9447.69854136095
2023-11-06 20:00:00+00:00,9447.69854136095
2023-11-07 00:00:00+00:00,9447.69854136095
2023-11-07 04:00:00+00:00,9447.69854136095
2023-11-07 08:00:00+00:00,9447.69854136095
2023-11-07 12:00:00+00:00,9447.69854136095
2023-11-07 16:00:00+00:00,9447.69854136095
2023-11-07 20:00:00+00:00,9447.69854136095
2023-11-08 00:00:00+00:00,9447.69854136095
2023-11-08 04:00:00+00:00,9447.69854136095
2023-11-08 08:00:00+00:00,9447.69854136095
2023-11-08 12:00:00+00:00,9447.69854136095
2023-11-08 16:00:00+00:00,9447.69854136095
2023-11-08 20:00:00+00:00,9447.69854136095
2023-11-09 00:00:00+00:00,9447.69854136095
2023-11-09 04:00:00+00:00,9447.69854136095
2023-11-09 08:00:00+00:00,9447.69854136095
2023-11-09 12:00:00+00:00,9447.69854136095
2023-11-09 16:00:00+00:00,9447.69854136095
2023-11-09 20:00:00+00:00,9447.69854136095
2023-11-10 00:00:00+00:00,9447.69854136095
2023-11-10 04:00:00+00:00,9447.69854136095
2023-11-10 08:00:00+00:00,9447.69854136095
2023-11-10 12:00:00+00:00,9447.69854136095
2023-11-10 16:00:00+00:00,9447.69854136095
2023-11-10 20:00:00+00:00,9447.69854136095
2023-11-11 00:00:00+00:00,9447.69854136095
2023-11-11 04:00:00+00:00,9447.69854136095
2023-11-11 08:00:00+00:00,9447.69854136095
2023-11-11 12:00:00+00:00,9447.69854136095
2023-11-11 16:00:00+00:00,9447.69854136095
2023-11-11 20:00:00+00:00,9447.69854136095
2023-11-12 00:00:00+00:00,9447.69854136095
2023-11-12 04:00:00+00:00,9447.69854136095
2023-11-12 08:00:00+00:00,9447.69854136095
2023-11-12 12:00:00+00:00,9447.69854136095
2023-11-12 16:00:00+00:00,9447.69854136095
2023-11-12 20:00:00+00:00,9447.69854136095
2023-11-13 00:00:00+00:00,9447.69854136095
2023-11-13 04:00:00+00:00,9447.69854136095
2023-11-13 08:00:00+00:00,9447.69854136095
2023-11-13 12:00:00+00:00,9447.69854136095
2023-11-13 16:00:00+00:00,9447.69854136095
2023-11-13 20:00:00+00:00,9447.69854136095
2023-11-14 00:00:00+00:00,9447.69854136095
2023-11-14 04:00:00+00:00,9447.69854136095
2023-11-14 08:00:00+00:00,9447.69854136095
2023-11-14 12:00:00+00:00,9447.69854136095
2023-11-14 16:00:00+00:00,9447.69854136095
2023-11-14 20:00:00+00:00,9447.69854136095
2023-11-15 00:00:00+00:00,9447.69854136095
2023-11-15 04:00:00+00:00,9447.69854136095
2023-11-15 08:00:00+00:00,9447.69854136095
2023-11-15 12:00:00+00:00,9447.69854136095
2023-11-15 16:00:00+00:00,9447.69854136095
2023-11-15 20:00:00+00:00,9447.69854136095
2023-11-16 00:00:00+00:00,9447.69854136095
2023-11-16 04:00:00+00:00,9447.69854136095
2023-11-16 08:00:00+00:00,9447.69854136095
2023-11-16 12:00:00+00:00,9447.69854136095
2023-11-16 16:00:00+00:00,9447.69854136095
2023-11-16 20:00:00+00:00,9447.69854136095
2023-11-17 00:00:00+00:00,9447.69854136095
2023-11-17 04:00:00+00:00,9447.69854136095
2023-11-17 08:00:00+00:00,9447.69854136095
2023-11-17 12:00:00+00:00,9447.69854136095
2023-11-17 16:00:00+00:00,9447.69854136095
2023-11-17 20:00:00+00:00,9447.69854136095
2023-11-18 00:00:00+00:00,9447.69854136095
2023-11-18 04:00:00+00:00,9447.69854136095
2023-11-18 08:00:00+00:00,9447.69854136095
2023-11-18 12:00:00+00:00,9447.69854136095
2023-11-18 16:00:00+00:00,9447.69854136095
2023-11-18 20:00:00+00:00,9447.69854136095
2023-11-19 00:00:00+00:00,9447.69854136095
2023-11-19 04:00:00+00:00,9447.69854136095
2023-11-19 08:00:00+00:00,9447.69854136095
2023-11-19 12:00:00+00:00,9447.69854136095
2023-11-19 16:00:00+00:00,9447.69854136095
2023-11-19 20:00:00+00:00,9447.69854136095
2023-11-20 00:00:00+00:00,9447.69854136095
2023-11-20 04:00:00+00:00,9447.69854136095
2023-11-20 08:00:00+00:00,9447.69854136095
2023-11-20 12:00:00+00:00,9447.69854136095
2023-11-20 16:00:00+00:00,9447.69854136095
2023-11-20 20:00:00+00:00,9447.69854136095
2023-11-21 00:00:00+00:00,9447.69854136095
2023-11-21 04:00:00+00:00,9447.69854136095
2023-11-21 08:00:00+00:00,9447.69854136095
2023-11-21 12:00:00+00:00,9447.69854136095
2023-11-21 16:00:00+00:00,9447.69854136095
2023-11-21 20:00:00+00:00,9447.69854136095
2023-11-22 00:00:00+00:00,9447.69854136095
2023-11-22 04:00:00+00:00,9447.69854136095
2023-11-22 08:00:00+00:00,9447.69854136095
2023-11-22 12:00:00+00:00,9447.69854136095
2023-11-22 16:00:00+00:00,9447.69854136095
2023-11-22 20:00:00+00:00,9447.69854136095
2023-11-23 00:00:00+00:00,9447.69854136095
2023-11-23 04:00:00+00:00,9447.69854136095
2023-11-23 08:00:00+00:00,9447.69854136095
2023-11-23 12:00:00+00:00,9258.626555282706
2023-11-23 16:00:00+00:00,9341.154702850687
2023-11-23 20:00:00+00:00,9412.425495289472
2023-11-24 00:00:00+00:00,9401.169171762122
2023-11-24 04:00:00+00:00,9499.171346999097
2023-11-24 08:00:00+00:00,9560.111162765139
2023-11-24 12:00:00+00:00,9580.743199657134
2023-11-24 16:00:00+00:00,9327.067663861755
2023-11-24 20:00:00+00:00,9202.428933238261
2023-11-25 00:00:00+00:00,9202.428933238261
2023-11-25 04:00:00+00:00,9202.428933238261
2023-11-25 08:00:00+00:00,9202.428933238261
2023-11-25 12:00:00+00:00,9202.428933238261
2023-11-25 16:00:00+00:00,9202.428933238261
2023-11-25 20:00:00+00:00,9202.428933238261
2023-11-26 00:00:00+00:00,9202.428933238261
2023-11-26 04:00:00+00:00,9202.428933238261
2023-11-26 08:00:00+00:00,9202.428933238261
2023-11-26 12:00:00+00:00,9202.428933238261
2023-11-26 16:00:00+00:00,9202.428933238261
2023-11-26 20:00:00+00:00,9202.428933238261
2023-11-27 00:00:00+00:00,9202.428933238261
2023-11-27 04:00:00+00:00,9202.428933238261
2023-11-27 08:00:00+00:00,9202.428933238261
2023-11-27 12:00:00+00:00,9202.428933238261
2023-11-27 16:00:00+00:00,9202.428933238261
2023-11-27 20:00:00+00:00,9202.428933238261
2023-11-28 00:00:00+00:00,9202.428933238261
2023-11-28 04:00:00+00:00,9202.428933238261
2023-11-28 08:00:00+00:00,9202.428933238261
2023-11-28 12:00:00+00:00,9202.428933238261
2023-11-28 16:00:00+00:00,9202.428933238261
2023-11-28 20:00:00+00:00,9202.428933238261
2023-11-29 00:00:00+00:00,9202.428933238261
2023-11-29 04:00:00+00:00,9202.428933238261
2023-11-29 08:00:00+00:00,9202.428933238261
2023-11-29 12:00:00+00:00,9202.428933238261
2023-11-29 16:00:00+00:00,9202.428933238261
2023-11-29 20:00:00+00:00,9202.428933238261
2023-11-30 00:00:00+00:00,9202.428933238261
2023-11-30 04:00:00+00:00,9202.428933238261
2023-11-30 08:00:00+00:00,9202.428933238261
2023-11-30 12:00:00+00:00,9202.428933238261
2023-11-30 16:00:00+00:00,9202.428933238261
2023-11-30 20:00:00+00:00,9202.428933238261
2023-12-01 00:00:00+00:00,9202.428933238261
2023-12-01 04:00:00+00:00,9202.428933238261
2023-12-01 08:00:00+00:00,9202.428933238261
2023-12-01 12:00:00+00:00,9202.428933238261
2023-12-01 16:00:00+00:00,9202.428933238261
2023-12-01 20:00:00+00:00,9202.428933238261
2023-12-02 00:00:00+00:00,9202.428933238261
2023-12-02 04:00:00+00:00,9202.428933238261
2023-12-02 08:00:00+00:00,9202.428933238261
2023-12-02 12:00:00+00:00,9202.428933238261
2023-12-02 16:00:00+00:00,9202.428933238261
2023-12-02 20:00:00+00:00,9252.51998050895
2023-12-03 00:00:00+00:00,9138.499296795038
2023-12-03 04:00:00+00:00,9164.829746369624
2023-12-03 08:00:00+00:00,9066.96068192565
2023-12-03 12:00:00+00:00,8972.738090995754
2023-12-03 16:00:00+00:00,8972.738090995754
2023-12-03 20:00:00+00:00,8972.738090995754
2023-12-04 00:00:00+00:00,8972.738090995754
2023-12-04 04:00:00+00:00,8972.738090995754
2023-12-04 08:00:00+00:00,8972.738090995754
2023-12-04 12:00:00+00:00,8972.738090995754
2023-12-04 16:00:00+00:00,8972.738090995754
2023-12-04 20:00:00+00:00,8972.738090995754
2023-12-05 00:00:00+00:00,8972.738090995754
2023-12-05 04:00:00+00:00,8972.738090995754
2023-12-05 08:00:00+00:00,8972.738090995754
2023-12-05 12:00:00+00:00,8972.738090995754
2023-12-05 16:00:00+00:00,8972.738090995754
2023-12-05 20:00:00+00:00,8972.738090995754
2023-12-06 00:00:00+00:00,8972.738090995754
2023-12-06 04:00:00+00:00,8972.738090995754
2023-12-06 08:00:00+00:00,8972.738090995754
2023-12-06 12:00:00+00:00,8972.738090995754
2023-12-06 16:00:00+00:00,8972.738090995754
2023-12-06 20:00:00+00:00,8972.738090995754
2023-12-07 00:00:00+00:00,8972.738090995754
2023-12-07 04:00:00+00:00,8972.738090995754
2023-12-07 08:00:00+00:00,8972.738090995754
2023-12-07 12:00:00+00:00,8972.738090995754
2023-12-07 16:00:00+00:00,8972.738090995754
2023-12-07 20:00:00+00:00,8972.738090995754
2023-12-08 00:00:00+00:00,8972.738090995754
2023-12-08 04:00:00+00:00,8972.738090995754
2023-12-08 08:00:00+00:00,8972.738090995754
2023-12-08 12:00:00+00:00,8972.738090995754
2023-12-08 16:00:00+00:00,8972.738090995754
2023-12-08 20:00:00+00:00,8972.738090995754
2023-12-09 00:00:00+00:00,8972.738090995754
2023-12-09 04:00:00+00:00,8972.738090995754
2023-12-09 08:00:00+00:00,8972.738090995754
2023-12-09 12:00:00+00:00,8972.738090995754
2023-12-09 16:00:00+00:00,8972.738090995754
2023-12-09 20:00:00+00:00,8972.738090995754
2023-12-10 00:00:00+00:00,8972.738090995754
2023-12-10 04:00:00+00:00,8972.738090995754
2023-12-10 08:00:00+00:00,8972.738090995754
2023-12-10 12:00:00+00:00,8972.738090995754
2023-12-10 16:00:00+00:00,8972.738090995754
2023-12-10 20:00:00+00:00,8972.738090995754
2023-12-11 00:00:00+00:00,8972.738090995754
2023-12-11 04:00:00+00:00,8972.738090995754
2023-12-11 08:00:00+00:00,8972.738090995754
2023-12-11 12:00:00+00:00,8972.738090995754
2023-12-11 16:00:00+00:00,8972.738090995754
2023-12-11 20:00:00+00:00,8972.738090995754
2023-12-12 00:00:00+00:00,8972.738090995754
2023-12-12 04:00:00+00:00,8972.738090995754
2023-12-12 08:00:00+00:00,8972.738090995754
2023-12-12 12:00:00+00:00,8972.738090995754
2023-12-12 16:00:00+00:00,8972.738090995754
2023-12-12 20:00:00+00:00,8972.738090995754
2023-12-13 00:00:00+00:00,8972.738090995754
2023-12-13 04:00:00+00:00,8972.738090995754
2023-12-13 08:00:00+00:00,8972.738090995754
2023-12-13 12:00:00+00:00,8972.738090995754
2023-12-13 16:00:00+00:00,8972.738090995754
2023-12-13 20:00:00+00:00,8972.738090995754
2023-12-14 00:00:00+00:00,8972.738090995754
2023-12-14 04:00:00+00:00,8972.738090995754
2023-12-14 08:00:00+00:00,8972.738090995754
2023-12-14 12:00:00+00:00,8972.738090995754
2023-12-14 16:00:00+00:00,8972.738090995754
2023-12-14 20:00:00+00:00,8972.738090995754
2023-12-15 00:00:00+00:00,8972.738090995754
2023-12-15 04:00:00+00:00,8972.738090995754
2023-12-15 08:00:00+00:00,8972.738090995754
2023-12-15 12:00:00+00:00,8972.738090995754
2023-12-15 16:00:00+00:00,8972.738090995754
2023-12-15 20:00:00+00:00,8972.738090995754
2023-12-16 00:00:00+00:00,8972.738090995754
2023-12-16 04:00:00+00:00,8972.738090995754
2023-12-16 08:00:00+00:00,8972.738090995754
2023-12-16 12:00:00+00:00,8972.738090995754
2023-12-16 16:00:00+00:00,8972.738090995754
2023-12-16 20:00:00+00:00,8972.738090995754
2023-12-17 00:00:00+00:00,8972.738090995754
2023-12-17 04:00:00+00:00,8972.738090995754
2023-12-17 08:00:00+00:00,8972.738090995754
2023-12-17 12:00:00+00:00,8972.738090995754
2023-12-17 16:00:00+00:00,8972.738090995754
2023-12-17 20:00:00+00:00,8972.738090995754
2023-12-18 00:00:00+00:00,8972.738090995754
2023-12-18 04:00:00+00:00,8972.738090995754
2023-12-18 08:00:00+00:00,8972.738090995754
2023-12-18 12:00:00+00:00,8972.738090995754
2023-12-18 16:00:00+00:00,8972.738090995754
2023-12-18 20:00:00+00:00,8972.738090995754
2023-12-19 00:00:00+00:00,8972.738090995754
2023-12-19 04:00:00+00:00,8972.738090995754
2023-12-19 08:00:00+00:00,8972.738090995754
2023-12-19 12:00:00+00:00,8972.738090995754
2023-12-19 16:00:00+00:00,8972.738090995754
2023-12-19 20:00:00+00:00,8972.738090995754
2023-12-20 00:00:00+00:00,8972.738090995754
2023-12-20 04:00:00+00:00,8972.738090995754
2023-12-20 08:00:00+00:00,8972.738090995754
2023-12-20 12:00:00+00:00,8972.738090995754
2023-12-20 16:00:00+00:00,8972.738090995754
2023-12-20 20:00:00+00:00,8972.738090995754
2023-12-21 00:00:00+00:00,8972.738090995754
2023-12-21 04:00:00+00:00,8972.738090995754
2023-12-21 08:00:00+00:00,9244.45138173477
2023-12-21 12:00:00+00:00,9361.866090224203
2023-12-21 16:00:00+00:00,9839.525067906796
2023-12-21 20:00:00+00:00,9863.00800960468
2023-12-22 00:00:00+00:00,9955.639326779072
2023-12-22 04:00:00+00:00,10816.680522368257
2023-12-22 08:00:00+00:00,11484.442818022424
2023-12-22 12:00:00+00:00,11821.031649025466
2023-12-22 16:00:00+00:00,12546.9833410804
2023-12-22 20:00:00+00:00,13525.439245159017
2023-12-23 00:00:00+00:00,12937.912650153216
2023-12-23 04:00:00+00:00,12630.771588513902
2023-12-23 08:00:00+00:00,12630.771588513902
2023-12-23 12:00:00+00:00,12630.771588513902
2023-12-23 16:00:00+00:00,12630.771588513902
2023-12-23 20:00:00+00:00,12630.771588513902
2023-12-24 00:00:00+00:00,12630.771588513902
2023-12-24 04:00:00+00:00,12630.771588513902
2023-12-24 08:00:00+00:00,12630.771588513902
2023-12-24 12:00:00+00:00,12630.771588513902
2023-12-24 16:00:00+00:00,12630.771588513902
2023-12-24 20:00:00+00:00,12630.771588513902
2023-12-25 00:00:00+00:00,12630.771588513902
2023-12-25 04:00:00+00:00,12630.771588513902
2023-12-25 08:00:00+00:00,12630.771588513902
2023-12-25 12:00:00+00:00,12630.771588513902
2023-12-25 16:00:00+00:00,12630.771588513902
2023-12-25 20:00:00+00:00,12630.771588513902
2023-12-26 00:00:00+00:00,12630.771588513902
2023-12-26 04:00:00+00:00,12630.771588513902
2023-12-26 08:00:00+00:00,12630.771588513902
2023-12-26 12:00:00+00:00,12630.771588513902
2023-12-26 16:00:00+00:00,12630.771588513902
2023-12-26 20:00:00+00:00,12630.771588513902
2023-12-27 00:00:00+00:00,12630.771588513902
2023-12-27 04:00:00+00:00,12630.771588513902
2023-12-27 08:00:00+00:00,12630.771588513902
2023-12-27 12:00:00+00:00,12630.771588513902
2023-12-27 16:00:00+00:00,12630.771588513902
2023-12-27 20:00:00+00:00,12630.771588513902
2023-12-28 00:00:00+00:00,12630.771588513902
2023-12-28 04:00:00+00:00,12630.771588513902
2023-12-28 08:00:00+00:00,12630.771588513902
2023-12-28 12:00:00+00:00,12630.771588513902
2023-12-28 16:00:00+00:00,12630.771588513902
2023-12-28 20:00:00+00:00,12630.771588513902
2023-12-29 00:00:00+00:00,12630.771588513902
2023-12-29 04:00:00+00:00,12630.771588513902
2023-12-29 08:00:00+00:00,12630.771588513902
2023-12-29 12:00:00+00:00,12630.771588513902
2023-12-29 16:00:00+00:00,12630.771588513902
2023-12-29 20:00:00+00:00,12630.771588513902
2023-12-30 00:00:00+00:00,12630.771588513902
2023-12-30 04:00:00+00:00,12630.771588513902
2023-12-30 08:00:00+00:00,12630.771588513902
2023-12-30 12:00:00+00:00,12630.771588513902
2023-12-30 16:00:00+00:00,12630.771588513902
2023-12-30 20:00:00+00:00,12630.771588513902
2023-12-31 00:00:00+00:00,12630.771588513902
2023-12-31 04:00:00+00:00,12630.771588513902
2023-12-31 08:00:00+00:00,12630.771588513902
2023-12-31 12:00:00+00:00,12630.771588513902
2023-12-31 16:00:00+00:00,12630.771588513902
2023-12-31 20:00:00+00:00,12630.771588513902
2024-01-01 00:00:00+00:00,12630.771588513902
2024-01-01 04:00:00+00:00,12630.771588513902
2024-01-01 08:00:00+00:00,12630.771588513902
2024-01-01 12:00:00+00:00,12630.771588513902
2024-01-01 16:00:00+00:00,12630.771588513902
2024-01-01 20:00:00+00:00,12630.771588513902
2024-01-02 00:00:00+00:00,12630.771588513902
2024-01-02 04:00:00+00:00,12630.771588513902
2024-01-02 08:00:00+00:00,12630.771588513902
2024-01-02 12:00:00+00:00,12630.771588513902
2024-01-02 16:00:00+00:00,12630.771588513902
2024-01-02 20:00:00+00:00,12630.771588513902
2024-01-03 00:00:00+00:00,12630.771588513902
2024-01-03 04:00:00+00:00,12630.771588513902
2024-01-03 08:00:00+00:00,12630.771588513902
2024-01-03 12:00:00+00:00,12630.771588513902
2024-01-03 16:00:00+00:00,12630.771588513902
2024-01-03 20:00:00+00:00,12630.771588513902
2024-01-04 00:00:00+00:00,12630.771588513902
2024-01-04 04:00:00+00:00,12630.771588513902
2024-01-04 08:00:00+00:00,12630.771588513902
2024-01-04 12:00:00+00:00,12630.771588513902
2024-01-04 16:00:00+00:00,12630.771588513902
2024-01-04 20:00:00+00:00,12630.771588513902
2024-01-05 00:00:00+00:00,12630.771588513902
2024-01-05 04:00:00+00:00,12630.771588513902
2024-01-05 08:00:00+00:00,12630.771588513902
2024-01-05 12:00:00+00:00,12630.771588513902
2024-01-05 16:00:00+00:00,12630.771588513902
2024-01-05 20:00:00+00:00,12630.771588513902
2024-01-06 00:00:00+00:00,12630.771588513902
2024-01-06 04:00:00+00:00,12630.771588513902
2024-01-06 08:00:00+00:00,12630.771588513902
2024-01-06 12:00:00+00:00,12630.771588513902
2024-01-06 16:00:00+00:00,12630.771588513902
2024-01-06 20:00:00+00:00,12630.771588513902
2024-01-07 00:00:00+00:00,12630.771588513902
2024-01-07 04:00:00+00:00,12630.771588513902
2024-01-07 08:00:00+00:00,12630.771588513902
2024-01-07 12:00:00+00:00,12630.771588513902
2024-01-07 16:00:00+00:00,12630.771588513902
2024-01-07 20:00:00+00:00,12630.771588513902
2024-01-08 00:00:00+00:00,12630.771588513902
2024-01-08 04:00:00+00:00,12630.771588513902
2024-01-08 08:00:00+00:00,12630.771588513902
2024-01-08 12:00:00+00:00,12630.771588513902
2024-01-08 16:00:00+00:00,12630.771588513902
2024-01-08 20:00:00+00:00,12630.771588513902
2024-01-09 00:00:00+00:00,12630.771588513902
2024-01-09 04:00:00+00:00,12630.771588513902
2024-01-09 08:00:00+00:00,12630.771588513902
2024-01-09 12:00:00+00:00,12630.771588513902
2024-01-09 16:00:00+00:00,12630.771588513902
2024-01-09 20:00:00+00:00,12630.771588513902
2024-01-10 00:00:00+00:00,12228.189939985754
2024-01-10 04:00:00+00:00,12321.66704315099
2024-01-10 08:00:00+00:00,12874.317871735087
2024-01-10 12:00:00+00:00,12905.476906123504
2024-01-10 16:00:00+00:00,13572.307592743484
2024-01-10 20:00:00+00:00,13610.39085699599
2024-01-11 00:00:00+00:00,13581.335403640287
2024-01-11 04:00:00+00:00,13280.131404552305
2024-01-11 08:00:00+00:00,13766.912380650792
2024-01-11 12:00:00+00:00,12998.322865736627
2024-01-11 16:00:00+00:00,12586.04762986782
2024-01-11 20:00:00+00:00,12586.04762986782
2024-01-12 00:00:00+00:00,12586.04762986782
2024-01-12 04:00:00+00:00,12586.04762986782
2024-01-12 08:00:00+00:00,12586.04762986782
2024-01-12 12:00:00+00:00,12586.04762986782
2024-01-12 16:00:00+00:00,12586.04762986782
2024-01-12 20:00:00+00:00,12586.04762986782
2024-01-13 00:00:00+00:00,12586.04762986782
2024-01-13 04:00:00+00:00,12586.04762986782
2024-01-13 08:00:00+00:00,12586.04762986782
2024-01-13 12:00:00+00:00,12586.04762986782
2024-01-13 16:00:00+00:00,12586.04762986782
2024-01-13 20:00:00+00:00,12586.04762986782
2024-01-14 00:00:00+00:00,12586.04762986782
2024-01-14 04:00:00+00:00,12586.04762986782
2024-01-14 08:00:00+00:00,12586.04762986782
2024-01-14 12:00:00+00:00,12586.04762986782
2024-01-14 16:00:00+00:00,12586.04762986782
2024-01-14 20:00:00+00:00,12586.04762986782
2024-01-15 00:00:00+00:00,12586.04762986782
2024-01-15 04:00:00+00:00,12586.04762986782
2024-01-15 08:00:00+00:00,12586.04762986782
2024-01-15 12:00:00+00:00,12586.04762986782
2024-01-15 16:00:00+00:00,12586.04762986782
2024-01-15 20:00:00+00:00,12586.04762986782
2024-01-16 00:00:00+00:00,12586.04762986782
2024-01-16 04:00:00+00:00,12586.04762986782
2024-01-16 08:00:00+00:00,12586.04762986782
2024-01-16 12:00:00+00:00,12586.04762986782
2024-01-16 16:00:00+00:00,12586.04762986782
2024-01-16 20:00:00+00:00,12586.04762986782
2024-01-17 00:00:00+00:00,12586.04762986782
2024-01-17 04:00:00+00:00,12586.04762986782
2024-01-17 08:00:00+00:00,12586.04762986782
2024-01-17 12:00:00+00:00,12586.04762986782
2024-01-17 16:00:00+00:00,12586.04762986782
2024-01-17 20:00:00+00:00,12586.04762986782
2024-01-18 00:00:00+00:00,12586.04762986782
2024-01-18 04:00:00+00:00,12586.04762986782
2024-01-18 08:00:00+00:00,12586.04762986782
2024-01-18 12:00:00+00:00,12586.04762986782
2024-01-18 16:00:00+00:00,12586.04762986782
2024-01-18 20:00:00+00:00,12586.04762986782
2024-01-19 00:00:00+00:00,12586.04762986782
2024-01-19 04:00:00+00:00,12586.04762986782
2024-01-19 08:00:00+00:00,12586.04762986782
2024-01-19 12:00:00+00:00,12586.04762986782
2024-01-19 16:00:00+00:00,12586.04762986782
2024-01-19 20:00:00+00:00,12586.04762986782
2024-01-20 00:00:00+00:00,12586.04762986782
2024-01-20 04:00:00+00:00,12586.04762986782
2024-01-20 08:00:00+00:00,12586.04762986782
2024-01-20 12:00:00+00:00,12586.04762986782
2024-01-20 16:00:00+00:00,12586.04762986782
2024-01-20 20:00:00+00:00,12586.04762986782
2024-01-21 00:00:00+00:00,12586.04762986782
2024-01-21 04:00:00+00:00,12586.04762986782
2024-01-21 08:00:00+00:00,12586.04762986782
2024-01-21 12:00:00+00:00,12586.04762986782
2024-01-21 16:00:00+00:00,12586.04762986782
2024-01-21 20:00:00+00:00,12586.04762986782
2024-01-22 00:00:00+00:00,12586.04762986782
2024-01-22 04:00:00+00:00,12586.04762986782
2024-01-22 08:00:00+00:00,12586.04762986782
2024-01-22 12:00:00+00:00,12586.04762986782
2024-01-22 16:00:00+00:00,12586.04762986782
2024-01-22 20:00:00+00:00,12586.04762986782
2024-01-23 00:00:00+00:00,12586.04762986782
2024-01-23 04:00:00+00:00,12586.04762986782
2024-01-23 08:00:00+00:00,12586.04762986782
2024-01-23 12:00:00+00:00,12586.04762986782
2024-01-23 16:00:00+00:00,12586.04762986782
2024-01-23 20:00:00+00:00,12586.04762986782
2024-01-24 00:00:00+00:00,12586.04762986782
2024-01-24 04:00:00+00:00,12586.04762986782
2024-01-24 08:00:00+00:00,12586.04762986782
2024-01-24 12:00:00+00:00,12586.04762986782
2024-01-24 16:00:00+00:00,12586.04762986782
2024-01-24 20:00:00+00:00,12586.04762986782
2024-01-25 00:00:00+00:00,12586.04762986782
2024-01-25 04:00:00+00:00,12586.04762986782
2024-01-25 08:00:00+00:00,12586.04762986782
2024-01-25 12:00:00+00:00,12586.04762986782
2024-01-25 16:00:00+00:00,12586.04762986782
2024-01-25 20:00:00+00:00,12586.04762986782
2024-01-26 00:00:00+00:00,12586.04762986782
2024-01-26 04:00:00+00:00,12586.04762986782
2024-01-26 08:00:00+00:00,12586.04762986782
2024-01-26 12:00:00+00:00,12341.189481298758
2024-01-26 16:00:00+00:00,12355.93458586937
2024-01-26 20:00:00+00:00,12260.04965626394
2024-01-27 00:00:00+00:00,12374.672898237512
2024-01-27 04:00:00+00:00,12162.927012025522
2024-01-27 08:00:00+00:00,12133.74683082335
2024-01-27 12:00:00+00:00,12273.579019831266
2024-01-27 16:00:00+00:00,12280.340904971152
2024-01-27 20:00:00+00:00,12252.374467169566
2024-01-28 00:00:00+00:00,12550.759179129243
2024-01-28 04:00:00+00:00,12510.807125126981
2024-01-28 08:00:00+00:00,12497.57100963603
2024-01-28 12:00:00+00:00,12317.786766625853
2024-01-28 16:00:00+00:00,12036.451054945965
2024-01-28 20:00:00+00:00,12036.451054945965
2024-01-29 00:00:00+00:00,12036.451054945965
2024-01-29 04:00:00+00:00,12036.451054945965
2024-01-29 08:00:00+00:00,12036.451054945965
2024-01-29 12:00:00+00:00,12036.451054945965
2024-01-29 16:00:00+00:00,12036.451054945965
2024-01-29 20:00:00+00:00,12036.451054945965
2024-01-30 00:00:00+00:00,12036.451054945965
2024-01-30 04:00:00+00:00,12036.451054945965
2024-01-30 08:00:00+00:00,12036.451054945965
2024-01-30 12:00:00+00:00,12036.451054945965
2024-01-30 16:00:00+00:00,12036.451054945965
2024-01-30 20:00:00+00:00,12036.451054945965
2024-01-31 00:00:00+00:00,12036.451054945965
2024-01-31 04:00:00+00:00,12036.451054945965
2024-01-31 08:00:00+00:00,12036.451054945965
2024-01-31 12:00:00+00:00,12036.451054945965
2024-01-31 16:00:00+00:00,12036.451054945965
2024-01-31 20:00:00+00:00,12036.451054945965
2024-02-01 00:00:00+00:00,12036.451054945965
2024-02-01 04:00:00+00:00,12036.451054945965
2024-02-01 08:00:00+00:00,12036.451054945965
2024-02-01 12:00:00+00:00,12036.451054945965
2024-02-01 16:00:00+00:00,12036.451054945965
2024-02-01 20:00:00+00:00,12036.451054945965
2024-02-02 00:00:00+00:00,12036.451054945965
2024-02-02 04:00:00+00:00,12036.451054945965
2024-02-02 08:00:00+00:00,12036.451054945965
2024-02-02 12:00:00+00:00,12036.451054945965
2024-02-02 16:00:00+00:00,12036.451054945965
2024-02-02 20:00:00+00:00,12036.451054945965
2024-02-03 00:00:00+00:00,12036.451054945965
2024-02-03 04:00:00+00:00,12036.451054945965
2024-02-03 08:00:00+00:00,12036.451054945965
2024-02-03 12:00:00+00:00,12036.451054945965
2024-02-03 16:00:00+00:00,12036.451054945965
2024-02-03 20:00:00+00:00,12036.451054945965
2024-02-04 00:00:00+00:00,12036.451054945965
2024-02-04 04:00:00+00:00,12036.451054945965
2024-02-04 08:00:00+00:00,12036.451054945965
2024-02-04 12:00:00+00:00,12036.451054945965
2024-02-04 16:00:00+00:00,12036.451054945965
2024-02-04 20:00:00+00:00,12036.451054945965
2024-02-05 00:00:00+00:00,12036.451054945965
2024-02-05 04:00:00+00:00,12036.451054945965
2024-02-05 08:00:00+00:00,12036.451054945965
2024-02-05 12:00:00+00:00,11934.11833942132
2024-02-05 16:00:00+00:00,12077.779987403892
2024-02-05 20:00:00+00:00,12124.764705275631
2024-02-06 00:00:00+00:00,12526.797274531466
2024-02-06 04:00:00+00:00,12793.044009137975
2024-02-06 08:00:00+00:00,12507.220308751572
2024-02-06 12:00:00+00:00,12560.779363271513
2024-02-06 16:00:00+00:00,12747.442991207561
2024-02-06 20:00:00+00:00,13013.689725814073
2024-02-07 00:00:00+00:00,12789.232765439943
2024-02-07 04:00:00+00:00,12524.183549489904
2024-02-07 08:00:00+00:00,12524.183549489904
2024-02-07 12:00:00+00:00,12524.183549489904
2024-02-07 16:00:00+00:00,12524.183549489904
2024-02-07 20:00:00+00:00,12524.183549489904
2024-02-08 00:00:00+00:00,12524.183549489904
2024-02-08 04:00:00+00:00,12524.183549489904
2024-02-08 08:00:00+00:00,12524.183549489904
2024-02-08 12:00:00+00:00,12524.183549489904
2024-02-08 16:00:00+00:00,12524.183549489904
2024-02-08 20:00:00+00:00,12524.183549489904
2024-02-09 00:00:00+00:00,12524.183549489904
2024-02-09 04:00:00+00:00,12524.183549489904
2024-02-09 08:00:00+00:00,12524.183549489904
2024-02-09 12:00:00+00:00,12524.183549489904
2024-02-09 16:00:00+00:00,12524.183549489904
2024-02-09 20:00:00+00:00,12524.183549489904
2024-02-10 00:00:00+00:00,12524.183549489904
2024-02-10 04:00:00+00:00,12524.183549489904
2024-02-10 08:00:00+00:00,12524.183549489904
2024-02-10 12:00:00+00:00,12524.183549489904
2024-02-10 16:00:00+00:00,12524.183549489904
2024-02-10 20:00:00+00:00,12524.183549489904
2024-02-11 00:00:00+00:00,12524.183549489904
2024-02-11 04:00:00+00:00,12524.183549489904
2024-02-11 08:00:00+00:00,12524.183549489904
2024-02-11 12:00:00+00:00,12524.183549489904
2024-02-11 16:00:00+00:00,12524.183549489904
2024-02-11 20:00:00+00:00,12524.183549489904
2024-02-12 00:00:00+00:00,12524.183549489904
2024-02-12 04:00:00+00:00,12524.183549489904
2024-02-12 08:00:00+00:00,12524.183549489904
2024-02-12 12:00:00+00:00,12524.183549489904
2024-02-12 16:00:00+00:00,12524.183549489904
2024-02-12 20:00:00+00:00,12524.183549489904
2024-02-13 00:00:00+00:00,12524.183549489904
2024-02-13 04:00:00+00:00,12524.183549489904
2024-02-13 08:00:00+00:00,12524.183549489904
2024-02-13 12:00:00+00:00,12524.183549489904
2024-02-13 16:00:00+00:00,12524.183549489904
2024-02-13 20:00:00+00:00,12524.183549489904
2024-02-14 00:00:00+00:00,12524.183549489904
2024-02-14 04:00:00+00:00,12524.183549489904
2024-02-14 08:00:00+00:00,12524.183549489904
2024-02-14 12:00:00+00:00,12524.183549489904
2024-02-14 16:00:00+00:00,12524.183549489904
2024-02-14 20:00:00+00:00,12524.183549489904
2024-02-15 00:00:00+00:00,12524.183549489904
2024-02-15 04:00:00+00:00,12524.183549489904
2024-02-15 08:00:00+00:00,12524.183549489904
2024-02-15 12:00:00+00:00,12524.183549489904
2024-02-15 16:00:00+00:00,12524.183549489904
2024-02-15 20:00:00+00:00,12524.183549489904
2024-02-16 00:00:00+00:00,12524.183549489904
2024-02-16 04:00:00+00:00,12524.183549489904
2024-02-16 08:00:00+00:00,12524.183549489904
2024-02-16 12:00:00+00:00,12524.183549489904
2024-02-16 16:00:00+00:00,12524.183549489904
2024-02-16 20:00:00+00:00,12524.183549489904
2024-02-17 00:00:00+00:00,12524.183549489904
2024-02-17 04:00:00+00:00,12524.183549489904
2024-02-17 08:00:00+00:00,12524.183549489904
2024-02-17 12:00:00+00:00,12524.183549489904
2024-02-17 16:00:00+00:00,12524.183549489904
2024-02-17 20:00:00+00:00,12524.183549489904
2024-02-18 00:00:00+00:00,12524.183549489904
2024-02-18 04:00:00+00:00,12524.183549489904
2024-02-18 08:00:00+00:00,12524.183549489904
2024-02-18 12:00:00+00:00,12524.183549489904
2024-02-18 16:00:00+00:00,12524.183549489904
2024-02-18 20:00:00+00:00,12524.183549489904
2024-02-19 00:00:00+00:00,12524.183549489904
2024-02-19 04:00:00+00:00,12524.183549489904
2024-02-19 08:00:00+00:00,12483.295037790262
2024-02-19 12:00:00+00:00,12225.874748059861
2024-02-19 16:00:00+00:00,12322.049886750057
2024-02-19 20:00:00+00:00,12579.470176480456
2024-02-20 00:00:00+00:00,12046.71907264073
2024-02-20 04:00:00+00:00,12046.71907264073
2024-02-20 08:00:00+00:00,12046.71907264073
2024-02-20 12:00:00+00:00,12046.71907264073
2024-02-20 16:00:00+00:00,12046.71907264073
2024-02-20 20:00:00+00:00,12046.71907264073
2024-02-21 00:00:00+00:00,12046.71907264073
2024-02-21 04:00:00+00:00,12046.71907264073
2024-02-21 08:00:00+00:00,12046.71907264073
2024-02-21 12:00:00+00:00,12046.71907264073
2024-02-21 16:00:00+00:00,12046.71907264073
2024-02-21 20:00:00+00:00,12046.71907264073
2024-02-22 00:00:00+00:00,12046.71907264073
2024-02-22 04:00:00+00:00,12046.71907264073
2024-02-22 08:00:00+00:00,12046.71907264073
2024-02-22 12:00:00+00:00,12046.71907264073
2024-02-22 16:00:00+00:00,12046.71907264073
2024-02-22 20:00:00+00:00,12046.71907264073
2024-02-23 00:00:00+00:00,12046.71907264073
2024-02-23 04:00:00+00:00,12046.71907264073
2024-02-23 08:00:00+00:00,12046.71907264073
2024-02-23 12:00:00+00:00,12046.71907264073
2024-02-23 16:00:00+00:00,12046.71907264073
2024-02-23 20:00:00+00:00,12046.71907264073
2024-02-24 00:00:00+00:00,12046.71907264073
2024-02-24 04:00:00+00:00,12046.71907264073
2024-02-24 08:00:00+00:00,12046.71907264073
2024-02-24 12:00:00+00:00,12046.71907264073
2024-02-24 16:00:00+00:00,12046.71907264073
2024-02-24 20:00:00+00:00,12046.71907264073
2024-02-25 00:00:00+00:00,12046.71907264073
2024-02-25 04:00:00+00:00,12046.71907264073
2024-02-25 08:00:00+00:00,12046.71907264073
2024-02-25 12:00:00+00:00,12046.71907264073
2024-02-25 16:00:00+00:00,12046.71907264073
2024-02-25 20:00:00+00:00,12046.71907264073
2024-02-26 00:00:00+00:00,12046.71907264073
2024-02-26 04:00:00+00:00,12046.71907264073
2024-02-26 08:00:00+00:00,12046.71907264073
2024-02-26 12:00:00+00:00,12046.71907264073
2024-02-26 16:00:00+00:00,12046.71907264073
2024-02-26 20:00:00+00:00,12046.71907264073
2024-02-27 00:00:00+00:00,12046.71907264073
2024-02-27 04:00:00+00:00,12046.71907264073
2024-02-27 08:00:00+00:00,12046.71907264073
2024-02-27 12:00:00+00:00,12046.71907264073
2024-02-27 16:00:00+00:00,12046.71907264073
2024-02-27 20:00:00+00:00,12046.71907264073
2024-02-28 00:00:00+00:00,12046.71907264073
2024-02-28 04:00:00+00:00,12046.71907264073
2024-02-28 08:00:00+00:00,12046.71907264073
2024-02-28 12:00:00+00:00,12046.71907264073
2024-02-28 16:00:00+00:00,12046.71907264073
2024-02-28 20:00:00+00:00,12046.71907264073
2024-02-29 00:00:00+00:00,12046.71907264073
2024-02-29 04:00:00+00:00,12046.71907264073
2024-02-29 08:00:00+00:00,12046.71907264073
2024-02-29 12:00:00+00:00,12046.71907264073
2024-02-29 16:00:00+00:00,12046.71907264073
2024-02-29 20:00:00+00:00,12046.71907264073
2024-03-01 00:00:00+00:00,12046.71907264073
2024-03-01 04:00:00+00:00,12046.71907264073
2024-03-01 08:00:00+00:00,12046.71907264073
2024-03-01 12:00:00+00:00,12046.71907264073
2024-03-01 16:00:00+00:00,12046.71907264073
2024-03-01 20:00:00+00:00,12046.71907264073
2024-03-02 00:00:00+00:00,12046.71907264073
2024-03-02 04:00:00+00:00,12046.71907264073
2024-03-02 08:00:00+00:00,12046.71907264073
2024-03-02 12:00:00+00:00,12046.71907264073
2024-03-02 16:00:00+00:00,12046.71907264073
2024-03-02 20:00:00+00:00,12046.71907264073
2024-03-03 00:00:00+00:00,12046.71907264073
2024-03-03 04:00:00+00:00,12046.71907264073
2024-03-03 08:00:00+00:00,12046.71907264073
2024-03-03 12:00:00+00:00,12046.71907264073
2024-03-03 16:00:00+00:00,12046.71907264073
2024-03-03 20:00:00+00:00,12046.71907264073
2024-03-04 00:00:00+00:00,12046.71907264073
2024-03-04 04:00:00+00:00,12046.71907264073
2024-03-04 08:00:00+00:00,12046.71907264073
2024-03-04 12:00:00+00:00,12046.71907264073
2024-03-04 16:00:00+00:00,12046.71907264073
2024-03-04 20:00:00+00:00,12046.71907264073
2024-03-05 00:00:00+00:00,12046.71907264073
2024-03-05 04:00:00+00:00,12046.71907264073
2024-03-05 08:00:00+00:00,12046.71907264073
2024-03-05 12:00:00+00:00,12046.71907264073
2024-03-05 16:00:00+00:00,12046.71907264073
2024-03-05 20:00:00+00:00,12046.71907264073
2024-03-06 00:00:00+00:00,12046.71907264073
2024-03-06 04:00:00+00:00,12046.71907264073
2024-03-06 08:00:00+00:00,12046.71907264073
2024-03-06 12:00:00+00:00,12046.71907264073
2024-03-06 16:00:00+00:00,12046.71907264073
2024-03-06 20:00:00+00:00,12046.71907264073
2024-03-07 00:00:00+00:00,12046.71907264073
2024-03-07 04:00:00+00:00,12046.71907264073
2024-03-07 08:00:00+00:00,12046.71907264073
2024-03-07 12:00:00+00:00,12046.71907264073
2024-03-07 16:00:00+00:00,12046.71907264073
2024-03-07 20:00:00+00:00,12046.71907264073
2024-03-08 00:00:00+00:00,12046.71907264073
2024-03-08 04:00:00+00:00,12046.71907264073
2024-03-08 08:00:00+00:00,12046.71907264073
2024-03-08 12:00:00+00:00,12046.71907264073
2024-03-08 16:00:00+00:00,12046.71907264073
2024-03-08 20:00:00+00:00,12046.71907264073
2024-03-09 00:00:00+00:00,12046.71907264073
2024-03-09 04:00:00+00:00,12046.71907264073
2024-03-09 08:00:00+00:00,12046.71907264073
2024-03-09 12:00:00+00:00,12046.71907264073
2024-03-09 16:00:00+00:00,12046.71907264073
2024-03-09 20:00:00+00:00,12046.71907264073
2024-03-10 00:00:00+00:00,12046.71907264073
2024-03-10 04:00:00+00:00,12046.71907264073
2024-03-10 08:00:00+00:00,12046.71907264073
2024-03-10 12:00:00+00:00,12046.71907264073
2024-03-10 16:00:00+00:00,12046.71907264073
2024-03-10 20:00:00+00:00,12046.71907264073
2024-03-11 00:00:00+00:00,12046.71907264073
2024-03-11 04:00:00+00:00,12046.71907264073
2024-03-11 08:00:00+00:00,12046.71907264073
2024-03-11 12:00:00+00:00,12046.71907264073
2024-03-11 16:00:00+00:00,12046.71907264073
2024-03-11 20:00:00+00:00,12046.71907264073
2024-03-12 00:00:00+00:00,12046.71907264073
2024-03-12 04:00:00+00:00,12046.71907264073
2024-03-12 08:00:00+00:00,12046.71907264073
2024-03-12 12:00:00+00:00,12046.71907264073
2024-03-12 16:00:00+00:00,12046.71907264073
2024-03-12 20:00:00+00:00,12046.71907264073
2024-03-13 00:00:00+00:00,12046.71907264073
2024-03-13 04:00:00+00:00,12046.71907264073
2024-03-13 08:00:00+00:00,12046.71907264073
2024-03-13 12:00:00+00:00,12046.71907264073
2024-03-13 16:00:00+00:00,12046.71907264073
2024-03-13 20:00:00+00:00,12046.71907264073
2024-03-14 00:00:00+00:00,12046.71907264073
2024-03-14 04:00:00+00:00,12046.71907264073
2024-03-14 08:00:00+00:00,12046.71907264073
2024-03-14 12:00:00+00:00,12046.71907264073
2024-03-14 16:00:00+00:00,12046.71907264073
2024-03-14 20:00:00+00:00,12046.71907264073
2024-03-15 00:00:00+00:00,12046.71907264073
2024-03-15 04:00:00+00:00,12046.71907264073
2024-03-15 08:00:00+00:00,12046.71907264073
2024-03-15 12:00:00+00:00,12046.71907264073
2024-03-15 16:00:00+00:00,12046.71907264073
2024-03-15 20:00:00+00:00,12046.71907264073
2024-03-16 00:00:00+00:00,12046.71907264073
2024-03-16 04:00:00+00:00,12046.71907264073
2024-03-16 08:00:00+00:00,12046.71907264073
2024-03-16 12:00:00+00:00,12046.71907264073
2024-03-16 16:00:00+00:00,12046.71907264073
2024-03-16 20:00:00+00:00,12046.71907264073
2024-03-17 00:00:00+00:00,12046.71907264073
2024-03-17 04:00:00+00:00,12046.71907264073
2024-03-17 08:00:00+00:00,12046.71907264073
2024-03-17 12:00:00+00:00,12046.71907264073
2024-03-17 16:00:00+00:00,12046.71907264073
2024-03-17 20:00:00+00:00,12046.71907264073
2024-03-18 00:00:00+00:00,12046.71907264073
2024-03-18 04:00:00+00:00,12046.71907264073
2024-03-18 08:00:00+00:00,12046.71907264073
2024-03-18 12:00:00+00:00,12046.71907264073
2024-03-18 16:00:00+00:00,12046.71907264073
2024-03-18 20:00:00+00:00,12046.71907264073
2024-03-19 00:00:00+00:00,12046.71907264073
2024-03-19 04:00:00+00:00,12046.71907264073
2024-03-19 08:00:00+00:00,12046.71907264073
2024-03-19 12:00:00+00:00,12046.71907264073
2024-03-19 16:00:00+00:00,12046.71907264073
2024-03-19 20:00:00+00:00,12046.71907264073
2024-03-20 00:00:00+00:00,12046.71907264073
2024-03-20 04:00:00+00:00,12046.71907264073
2024-03-20 08:00:00+00:00,12046.71907264073
2024-03-20 12:00:00+00:00,12046.71907264073
2024-03-20 16:00:00+00:00,12046.71907264073
2024-03-20 20:00:00+00:00,12046.71907264073
2024-03-21 00:00:00+00:00,12046.71907264073
2024-03-21 04:00:00+00:00,12046.71907264073
2024-03-21 08:00:00+00:00,12046.71907264073
2024-03-21 12:00:00+00:00,12046.71907264073
2024-03-21 16:00:00+00:00,12046.71907264073
2024-03-21 20:00:00+00:00,12046.71907264073
2024-03-22 00:00:00+00:00,12046.71907264073
2024-03-22 04:00:00+00:00,12046.71907264073
2024-03-22 08:00:00+00:00,12046.71907264073
2024-03-22 12:00:00+00:00,12046.71907264073
2024-03-22 16:00:00+00:00,12046.71907264073
2024-03-22 20:00:00+00:00,12046.71907264073
2024-03-23 00:00:00+00:00,12046.71907264073
2024-03-23 04:00:00+00:00,12046.71907264073
2024-03-23 08:00:00+00:00,12046.71907264073
2024-03-23 12:00:00+00:00,12046.71907264073
2024-03-23 16:00:00+00:00,12046.71907264073
2024-03-23 20:00:00+00:00,12046.71907264073
2024-03-24 00:00:00+00:00,12046.71907264073
2024-03-24 04:00:00+00:00,12046.71907264073
2024-03-24 08:00:00+00:00,12046.71907264073
2024-03-24 12:00:00+00:00,12302.653798242729
2024-03-24 16:00:00+00:00,12138.458968513172
2024-03-24 20:00:00+00:00,12204.336632760793
2024-03-25 00:00:00+00:00,12557.697742669941
2024-03-25 04:00:00+00:00,12633.457056554702
2024-03-25 08:00:00+00:00,12448.999596661371
2024-03-25 12:00:00+00:00,12707.263185970593
2024-03-25 16:00:00+00:00,12619.930349047474
2024-03-25 20:00:00+00:00,12698.983546144618
2024-03-26 00:00:00+00:00,13011.24445789788
2024-03-26 04:00:00+00:00,12892.664662252164
2024-03-26 08:00:00+00:00,12984.927805471898
2024-03-26 12:00:00+00:00,12579.780170349044
2024-03-26 16:00:00+00:00,12805.504905749267
2024-03-26 20:00:00+00:00,12871.382569996886
2024-03-27 00:00:00+00:00,13047.07400423459
2024-03-27 04:00:00+00:00,12589.224237713643
2024-03-27 08:00:00+00:00,12424.657173870037
2024-03-27 12:00:00+00:00,12424.657173870037
2024-03-27 16:00:00+00:00,12424.657173870037
2024-03-27 20:00:00+00:00,12424.657173870037
2024-03-28 00:00:00+00:00,12424.657173870037
2024-03-28 04:00:00+00:00,12424.657173870037
2024-03-28 08:00:00+00:00,12424.657173870037
2024-03-28 12:00:00+00:00,12424.657173870037
2024-03-28 16:00:00+00:00,12424.657173870037
2024-03-28 20:00:00+00:00,12424.657173870037
2024-03-29 00:00:00+00:00,12424.657173870037
2024-03-29 04:00:00+00:00,12424.657173870037
2024-03-29 08:00:00+00:00,12424.657173870037
2024-03-29 12:00:00+00:00,12424.657173870037
2024-03-29 16:00:00+00:00,12424.657173870037
2024-03-29 20:00:00+00:00,12424.657173870037
2024-03-30 00:00:00+00:00,12424.657173870037
2024-03-30 04:00:00+00:00,12424.657173870037
2024-03-30 08:00:00+00:00,12424.657173870037
2024-03-30 12:00:00+00:00,12424.657173870037
2024-03-30 16:00:00+00:00,12424.657173870037
2024-03-30 20:00:00+00:00,12424.657173870037
2024-03-31 00:00:00+00:00,12424.657173870037
2024-03-31 04:00:00+00:00,12424.657173870037
2024-03-31 08:00:00+00:00,12424.657173870037
2024-03-31 12:00:00+00:00,12424.657173870037
2024-03-31 16:00:00+00:00,12424.657173870037
2024-03-31 20:00:00+00:00,12424.657173870037
2024-04-01 00:00:00+00:00,12424.657173870037
2024-04-01 04:00:00+00:00,12424.657173870037
2024-04-01 08:00:00+00:00,12424.657173870037
2024-04-01 12:00:00+00:00,12424.657173870037
2024-04-01 16:00:00+00:00,12424.657173870037
2024-04-01 20:00:00+00:00,12424.657173870037
2024-04-02 00:00:00+00:00,12424.657173870037
2024-04-02 04:00:00+00:00,12424.657173870037
2024-04-02 08:00:00+00:00,12424.657173870037
2024-04-02 12:00:00+00:00,12424.657173870037
2024-04-02 16:00:00+00:00,12424.657173870037
2024-04-02 20:00:00+00:00,12424.657173870037
2024-04-03 00:00:00+00:00,12424.657173870037
2024-04-03 04:00:00+00:00,12424.657173870037
2024-04-03 08:00:00+00:00,12424.657173870037
2024-04-03 12:00:00+00:00,12424.657173870037
2024-04-03 16:00:00+00:00,12424.657173870037
2024-04-03 20:00:00+00:00,12424.657173870037
2024-04-04 00:00:00+00:00,12424.657173870037
2024-04-04 04:00:00+00:00,12424.657173870037
2024-04-04 08:00:00+00:00,12424.657173870037
2024-04-04 12:00:00+00:00,12424.657173870037
2024-04-04 16:00:00+00:00,12424.657173870037
2024-04-04 20:00:00+00:00,12424.657173870037
2024-04-05 00:00:00+00:00,12424.657173870037
2024-04-05 04:00:00+00:00,12424.657173870037
2024-04-05 08:00:00+00:00,12424.657173870037
2024-04-05 12:00:00+00:00,12424.657173870037
2024-04-05 16:00:00+00:00,12424.657173870037
2024-04-05 20:00:00+00:00,12424.657173870037
2024-04-06 00:00:00+00:00,12424.657173870037
2024-04-06 04:00:00+00:00,12424.657173870037
2024-04-06 08:00:00+00:00,12424.657173870037
2024-04-06 12:00:00+00:00,12424.657173870037
2024-04-06 16:00:00+00:00,12424.657173870037
2024-04-06 20:00:00+00:00,12424.657173870037
2024-04-07 00:00:00+00:00,12424.657173870037
2024-04-07 04:00:00+00:00,12424.657173870037
2024-04-07 08:00:00+00:00,12424.657173870037
2024-04-07 12:00:00+00:00,12424.657173870037
2024-04-07 16:00:00+00:00,12424.657173870037
2024-04-07 20:00:00+00:00,12424.657173870037
2024-04-08 00:00:00+00:00,12424.657173870037
2024-04-08 04:00:00+00:00,12424.657173870037
2024-04-08 08:00:00+00:00,12424.657173870037
2024-04-08 12:00:00+00:00,12453.387525071566
2024-04-08 16:00:00+00:00,12774.567921788183
2024-04-08 20:00:00+00:00,12864.292505572155
2024-04-09 00:00:00+00:00,12614.483008062385
2024-04-09 04:00:00+00:00,12345.116091260004
2024-04-09 08:00:00+00:00,12345.116091260004
2024-04-09 12:00:00+00:00,12345.116091260004
2024-04-09 16:00:00+00:00,12345.116091260004
2024-04-09 20:00:00+00:00,12345.116091260004
2024-04-10 00:00:00+00:00,12345.116091260004
2024-04-10 04:00:00+00:00,12345.116091260004
2024-04-10 08:00:00+00:00,12345.116091260004
2024-04-10 12:00:00+00:00,12345.116091260004
2024-04-10 16:00:00+00:00,12345.116091260004
2024-04-10 20:00:00+00:00,12345.116091260004
2024-04-11 00:00:00+00:00,12345.116091260004
2024-04-11 04:00:00+00:00,12345.116091260004
2024-04-11 08:00:00+00:00,12345.116091260004
2024-04-11 12:00:00+00:00,12345.116091260004
2024-04-11 16:00:00+00:00,12345.116091260004
2024-04-11 20:00:00+00:00,12345.116091260004
2024-04-12 00:00:00+00:00,12345.116091260004
2024-04-12 04:00:00+00:00,12345.116091260004
2024-04-12 08:00:00+00:00,12345.116091260004
2024-04-12 12:00:00+00:00,12345.116091260004
2024-04-12 16:00:00+00:00,12345.116091260004
2024-04-12 20:00:00+00:00,12345.116091260004
2024-04-13 00:00:00+00:00,12345.116091260004
2024-04-13 04:00:00+00:00,12345.116091260004
2024-04-13 08:00:00+00:00,12345.116091260004
2024-04-13 12:00:00+00:00,12345.116091260004
2024-04-13 16:00:00+00:00,12345.116091260004
2024-04-13 20:00:00+00:00,12345.116091260004
2024-04-14 00:00:00+00:00,12345.116091260004
2024-04-14 04:00:00+00:00,12345.116091260004
2024-04-14 08:00:00+00:00,12345.116091260004
2024-04-14 12:00:00+00:00,12345.116091260004
2024-04-14 16:00:00+00:00,12345.116091260004
2024-04-14 20:00:00+00:00,12345.116091260004
2024-04-15 00:00:00+00:00,12345.116091260004
2024-04-15 04:00:00+00:00,12345.116091260004
2024-04-15 08:00:00+00:00,12345.116091260004
2024-04-15 12:00:00+00:00,12345.116091260004
2024-04-15 16:00:00+00:00,12345.116091260004
2024-04-15 20:00:00+00:00,12345.116091260004
2024-04-16 00:00:00+00:00,12345.116091260004
2024-04-16 04:00:00+00:00,12345.116091260004
2024-04-16 08:00:00+00:00,12345.116091260004
2024-04-16 12:00:00+00:00,12345.116091260004
2024-04-16 16:00:00+00:00,12345.116091260004
2024-04-16 20:00:00+00:00,12345.116091260004
2024-04-17 00:00:00+00:00,12345.116091260004
2024-04-17 04:00:00+00:00,12345.116091260004
2024-04-17 08:00:00+00:00,12345.116091260004
2024-04-17 12:00:00+00:00,12345.116091260004
2024-04-17 16:00:00+00:00,12345.116091260004
2024-04-17 20:00:00+00:00,12345.116091260004
2024-04-18 00:00:00+00:00,12345.116091260004
2024-04-18 04:00:00+00:00,12345.116091260004
2024-04-18 08:00:00+00:00,12345.116091260004
2024-04-18 12:00:00+00:00,12345.116091260004
2024-04-18 16:00:00+00:00,12345.116091260004
2024-04-18 20:00:00+00:00,12345.116091260004
2024-04-19 00:00:00+00:00,12345.116091260004
2024-04-19 04:00:00+00:00,12345.116091260004
2024-04-19 08:00:00+00:00,12345.116091260004
2024-04-19 12:00:00+00:00,12345.116091260004
2024-04-19 16:00:00+00:00,12345.116091260004
2024-04-19 20:00:00+00:00,12345.116091260004
2024-04-20 00:00:00+00:00,12345.116091260004
2024-04-20 04:00:00+00:00,12345.116091260004
2024-04-20 08:00:00+00:00,12345.116091260004
2024-04-20 12:00:00+00:00,12345.116091260004
2024-04-20 16:00:00+00:00,12794.934627361466
2024-04-20 20:00:00+00:00,12918.706667287575
2024-04-21 00:00:00+00:00,12872.083106290731
2024-04-21 04:00:00+00:00,12959.754967905057
2024-04-21 08:00:00+00:00,12783.972476508028
2024-04-21 12:00:00+00:00,12598.314416618865
2024-04-21 16:00:00+00:00,12250.671422720265
2024-04-21 20:00:00+00:00,12250.671422720265
2024-04-22 00:00:00+00:00,12250.671422720265
2024-04-22 04:00:00+00:00,12250.671422720265
2024-04-22 08:00:00+00:00,12250.671422720265
2024-04-22 12:00:00+00:00,12250.671422720265
2024-04-22 16:00:00+00:00,12250.671422720265
2024-04-22 20:00:00+00:00,12250.671422720265
2024-04-23 00:00:00+00:00,12250.671422720265
2024-04-23 04:00:00+00:00,12250.671422720265
2024-04-23 08:00:00+00:00,12250.671422720265
2024-04-23 12:00:00+00:00,12250.671422720265
2024-04-23 16:00:00+00:00,12250.671422720265
2024-04-23 20:00:00+00:00,12250.671422720265
2024-04-24 00:00:00+00:00,12250.671422720265
2024-04-24 04:00:00+00:00,12250.671422720265
2024-04-24 08:00:00+00:00,12250.671422720265
2024-04-24 12:00:00+00:00,12250.671422720265
2024-04-24 16:00:00+00:00,12250.671422720265
2024-04-24 20:00:00+00:00,12250.671422720265
2024-04-25 00:00:00+00:00,12250.671422720265
2024-04-25 04:00:00+00:00,12250.671422720265
2024-04-25 08:00:00+00:00,12250.671422720265
2024-04-25 12:00:00+00:00,12250.671422720265
2024-04-25 16:00:00+00:00,12250.671422720265
2024-04-25 20:00:00+00:00,12250.671422720265
2024-04-26 00:00:00+00:00,12250.671422720265
2024-04-26 04:00:00+00:00,12250.671422720265
2024-04-26 08:00:00+00:00,12250.671422720265
2024-04-26 12:00:00+00:00,12250.671422720265
2024-04-26 16:00:00+00:00,12250.671422720265
2024-04-26 20:00:00+00:00,12250.671422720265
2024-04-27 00:00:00+00:00,12250.671422720265
2024-04-27 04:00:00+00:00,12250.671422720265
2024-04-27 08:00:00+00:00,12250.671422720265
2024-04-27 12:00:00+00:00,12250.671422720265
2024-04-27 16:00:00+00:00,12250.671422720265
2024-04-27 20:00:00+00:00,12250.671422720265
2024-04-28 00:00:00+00:00,12250.671422720265
2024-04-28 04:00:00+00:00,12281.127153843956
2024-04-28 08:00:00+00:00,12129.708288132286
2024-04-28 12:00:00+00:00,12491.1870679958
2024-04-28 16:00:00+00:00,12481.963308229047
2024-04-28 20:00:00+00:00,12051.849316999042
2024-04-29 00:00:00+00:00,11847.27049348922
2024-04-29 04:00:00+00:00,11847.27049348922
2024-04-29 08:00:00+00:00,11847.27049348922
2024-04-29 12:00:00+00:00,11847.27049348922
2024-04-29 16:00:00+00:00,11847.27049348922
2024-04-29 20:00:00+00:00,11847.27049348922
2024-04-30 00:00:00+00:00,11847.27049348922
2024-04-30 04:00:00+00:00,11847.27049348922
2024-04-30 08:00:00+00:00,11847.27049348922
2024-04-30 12:00:00+00:00,11847.27049348922
2024-04-30 16:00:00+00:00,11847.27049348922
2024-04-30 20:00:00+00:00,11847.27049348922
2024-05-01 00:00:00+00:00,11847.27049348922
2024-05-01 04:00:00+00:00,11847.27049348922
2024-05-01 08:00:00+00:00,11847.27049348922
2024-05-01 12:00:00+00:00,11847.27049348922
2024-05-01 16:00:00+00:00,11847.27049348922
2024-05-01 20:00:00+00:00,11847.27049348922
2024-05-02 00:00:00+00:00,11847.27049348922
2024-05-02 04:00:00+00:00,11847.27049348922
2024-05-02 08:00:00+00:00,11847.27049348922
2024-05-02 12:00:00+00:00,11847.27049348922
2024-05-02 16:00:00+00:00,11847.27049348922
2024-05-02 20:00:00+00:00,11847.27049348922
2024-05-03 00:00:00+00:00,11847.27049348922
2024-05-03 04:00:00+00:00,11847.27049348922
2024-05-03 08:00:00+00:00,11847.27049348922
2024-05-03 12:00:00+00:00,11847.27049348922
2024-05-03 16:00:00+00:00,11847.27049348922
2024-05-03 20:00:00+00:00,11847.27049348922
2024-05-04 00:00:00+00:00,11847.27049348922
2024-05-04 04:00:00+00:00,11847.27049348922
2024-05-04 08:00:00+00:00,11847.27049348922
2024-05-04 12:00:00+00:00,11847.27049348922
2024-05-04 16:00:00+00:00,11847.27049348922
2024-05-04 20:00:00+00:00,11847.27049348922
2024-05-05 00:00:00+00:00,11847.27049348922
2024-05-05 04:00:00+00:00,11847.27049348922
2024-05-05 08:00:00+00:00,11847.27049348922
2024-05-05 12:00:00+00:00,11847.27049348922
2024-05-05 16:00:00+00:00,11847.27049348922
2024-05-05 20:00:00+00:00,11847.27049348922
2024-05-06 00:00:00+00:00,11847.27049348922
2024-05-06 04:00:00+00:00,11847.27049348922
2024-05-06 08:00:00+00:00,11847.27049348922
2024-05-06 12:00:00+00:00,11847.27049348922
2024-05-06 16:00:00+00:00,11847.27049348922
2024-05-06 20:00:00+00:00,11847.27049348922
2024-05-07 00:00:00+00:00,11847.27049348922
2024-05-07 04:00:00+00:00,11847.27049348922
2024-05-07 08:00:00+00:00,11847.27049348922
2024-05-07 12:00:00+00:00,11847.27049348922
2024-05-07 16:00:00+00:00,11847.27049348922
2024-05-07 20:00:00+00:00,11847.27049348922
2024-05-08 00:00:00+00:00,11847.27049348922
2024-05-08 04:00:00+00:00,11847.27049348922
2024-05-08 08:00:00+00:00,11847.27049348922
2024-05-08 12:00:00+00:00,11847.27049348922
2024-05-08 16:00:00+00:00,11847.27049348922
2024-05-08 20:00:00+00:00,11847.27049348922
2024-05-09 00:00:00+00:00,11847.27049348922
2024-05-09 04:00:00+00:00,11847.27049348922
2024-05-09 08:00:00+00:00,11847.27049348922
2024-05-09 12:00:00+00:00,11847.27049348922
2024-05-09 16:00:00+00:00,11847.27049348922
2024-05-09 20:00:00+00:00,11847.27049348922
2024-05-10 00:00:00+00:00,11847.27049348922
2024-05-10 04:00:00+00:00,11847.27049348922
2024-05-10 08:00:00+00:00,11847.27049348922
2024-05-10 12:00:00+00:00,11847.27049348922
2024-05-10 16:00:00+00:00,11847.27049348922
2024-05-10 20:00:00+00:00,11847.27049348922
2024-05-11 00:00:00+00:00,11847.27049348922
2024-05-11 04:00:00+00:00,11847.27049348922
2024-05-11 08:00:00+00:00,11847.27049348922
2024-05-11 12:00:00+00:00,11847.27049348922
2024-05-11 16:00:00+00:00,11847.27049348922
2024-05-11 20:00:00+00:00,11847.27049348922
2024-05-12 00:00:00+00:00,11847.27049348922
2024-05-12 04:00:00+00:00,11847.27049348922
2024-05-12 08:00:00+00:00,11847.27049348922
2024-05-12 12:00:00+00:00,11847.27049348922
2024-05-12 16:00:00+00:00,11847.27049348922
2024-05-12 20:00:00+00:00,11847.27049348922
2024-05-13 00:00:00+00:00,11847.27049348922
2024-05-13 04:00:00+00:00,11847.27049348922
2024-05-13 08:00:00+00:00,11847.27049348922
2024-05-13 12:00:00+00:00,11847.27049348922
2024-05-13 16:00:00+00:00,11847.27049348922
2024-05-13 20:00:00+00:00,11847.27049348922
2024-05-14 00:00:00+00:00,11847.27049348922
2024-05-14 04:00:00+00:00,11847.27049348922
2024-05-14 08:00:00+00:00,11847.27049348922
2024-05-14 12:00:00+00:00,11847.27049348922
2024-05-14 16:00:00+00:00,11847.27049348922
2024-05-14 20:00:00+00:00,11847.27049348922
2024-05-15 00:00:00+00:00,11847.27049348922
2024-05-15 04:00:00+00:00,11847.27049348922
2024-05-15 08:00:00+00:00,11847.27049348922
2024-05-15 12:00:00+00:00,11847.27049348922
2024-05-15 16:00:00+00:00,11847.27049348922
2024-05-15 20:00:00+00:00,11847.27049348922
2024-05-16 00:00:00+00:00,11847.27049348922
2024-05-16 04:00:00+00:00,11847.27049348922
2024-05-16 08:00:00+00:00,11847.27049348922
2024-05-16 12:00:00+00:00,11847.27049348922
2024-05-16 16:00:00+00:00,11847.27049348922
2024-05-16 20:00:00+00:00,11847.27049348922
2024-05-17 00:00:00+00:00,11847.27049348922
2024-05-17 04:00:00+00:00,11847.27049348922
2024-05-17 08:00:00+00:00,11847.27049348922
2024-05-17 12:00:00+00:00,12042.492995954964
2024-05-17 16:00:00+00:00,12008.694384232096
2024-05-17 20:00:00+00:00,11957.46954936918
2024-05-18 00:00:00+00:00,12114.589156942619
2024-05-18 04:00:00+00:00,11993.512274539362
2024-05-18 08:00:00+00:00,12058.14450581901
2024-05-18 12:00:00+00:00,11885.84278855283
2024-05-18 16:00:00+00:00,11912.591931637933
2024-05-18 20:00:00+00:00,11861.367096775013
2024-05-19 00:00:00+00:00,11990.608855742408
2024-05-19 04:00:00+00:00,11878.84557967786
2024-05-19 08:00:00+00:00,11747.642552732868
2024-05-19 12:00:00+00:00,11605.574735168322
2024-05-19 16:00:00+00:00,11605.574735168322
2024-05-19 20:00:00+00:00,11605.574735168322
2024-05-20 00:00:00+00:00,11605.574735168322
2024-05-20 04:00:00+00:00,11605.574735168322
2024-05-20 08:00:00+00:00,11605.574735168322
2024-05-20 12:00:00+00:00,11605.574735168322
2024-05-20 16:00:00+00:00,11605.574735168322
2024-05-20 20:00:00+00:00,11605.574735168322
2024-05-21 00:00:00+00:00,11605.574735168322
2024-05-21 04:00:00+00:00,11605.574735168322
2024-05-21 08:00:00+00:00,11605.574735168322
2024-05-21 12:00:00+00:00,11605.574735168322
2024-05-21 16:00:00+00:00,11605.574735168322
2024-05-21 20:00:00+00:00,11605.574735168322
2024-05-22 00:00:00+00:00,11605.574735168322
2024-05-22 04:00:00+00:00,11605.574735168322
2024-05-22 08:00:00+00:00,11605.574735168322
2024-05-22 12:00:00+00:00,11605.574735168322
2024-05-22 16:00:00+00:00,11605.574735168322
2024-05-22 20:00:00+00:00,11605.574735168322
2024-05-23 00:00:00+00:00,11605.574735168322
2024-05-23 04:00:00+00:00,11605.574735168322
2024-05-23 08:00:00+00:00,11605.574735168322
2024-05-23 12:00:00+00:00,11605.574735168322
2024-05-23 16:00:00+00:00,11605.574735168322
2024-05-23 20:00:00+00:00,11605.574735168322
2024-05-24 00:00:00+00:00,11605.574735168322
2024-05-24 04:00:00+00:00,11605.574735168322
2024-05-24 08:00:00+00:00,11605.574735168322
2024-05-24 12:00:00+00:00,11605.574735168322
2024-05-24 16:00:00+00:00,11605.574735168322
2024-05-24 20:00:00+00:00,11605.574735168322
2024-05-25 00:00:00+00:00,11605.574735168322
2024-05-25 04:00:00+00:00,11605.574735168322
2024-05-25 08:00:00+00:00,11605.574735168322
2024-05-25 12:00:00+00:00,11605.574735168322
2024-05-25 16:00:00+00:00,11605.574735168322
2024-05-25 20:00:00+00:00,11605.574735168322
2024-05-26 00:00:00+00:00,11605.574735168322
2024-05-26 04:00:00+00:00,11605.574735168322
2024-05-26 08:00:00+00:00,11605.574735168322
2024-05-26 12:00:00+00:00,11605.574735168322
2024-05-26 16:00:00+00:00,11605.574735168322
2024-05-26 20:00:00+00:00,11605.574735168322
2024-05-27 00:00:00+00:00,11605.574735168322
2024-05-27 04:00:00+00:00,11605.574735168322
2024-05-27 08:00:00+00:00,11605.574735168322
2024-05-27 12:00:00+00:00,11605.574735168322
2024-05-27 16:00:00+00:00,11605.574735168322
2024-05-27 20:00:00+00:00,11605.574735168322
2024-05-28 00:00:00+00:00,11605.574735168322
2024-05-28 04:00:00+00:00,11605.574735168322
2024-05-28 08:00:00+00:00,11605.574735168322
2024-05-28 12:00:00+00:00,11605.574735168322
2024-05-28 16:00:00+00:00,11605.574735168322
2024-05-28 20:00:00+00:00,11605.574735168322
2024-05-29 00:00:00+00:00,11605.574735168322
2024-05-29 04:00:00+00:00,11605.574735168322
2024-05-29 08:00:00+00:00,11605.574735168322
2024-05-29 12:00:00+00:00,11605.574735168322
2024-05-29 16:00:00+00:00,11605.574735168322
2024-05-29 20:00:00+00:00,11605.574735168322
2024-05-30 00:00:00+00:00,11605.574735168322
2024-05-30 04:00:00+00:00,11605.574735168322
2024-05-30 08:00:00+00:00,11605.574735168322
2024-05-30 12:00:00+00:00,11605.574735168322
2024-05-30 16:00:00+00:00,11605.574735168322
2024-05-30 20:00:00+00:00,11605.574735168322
2024-05-31 00:00:00+00:00,11605.574735168322
2024-05-31 04:00:00+00:00,11605.574735168322
2024-05-31 08:00:00+00:00,11605.574735168322
2024-05-31 12:00:00+00:00,11605.574735168322
2024-05-31 16:00:00+00:00,11605.574735168322
2024-05-31 20:00:00+00:00,11605.574735168322
2024-06-01 00:00:00+00:00,11605.574735168322
2024-06-01 04:00:00+00:00,11605.574735168322
2024-06-01 08:00:00+00:00,11605.574735168322
2024-06-01 12:00:00+00:00,11605.574735168322
2024-06-01 16:00:00+00:00,11605.574735168322
2024-06-01 20:00:00+00:00,11605.574735168322
2024-06-02 00:00:00+00:00,11605.574735168322
2024-06-02 04:00:00+00:00,11605.574735168322
2024-06-02 08:00:00+00:00,11605.574735168322
2024-06-02 12:00:00+00:00,11605.574735168322
2024-06-02 16:00:00+00:00,11605.574735168322
2024-06-02 20:00:00+00:00,11605.574735168322
2024-06-03 00:00:00+00:00,11605.574735168322
2024-06-03 04:00:00+00:00,11605.574735168322
2024-06-03 08:00:00+00:00,11605.574735168322
2024-06-03 12:00:00+00:00,11605.574735168322
2024-06-03 16:00:00+00:00,11605.574735168322
2024-06-03 20:00:00+00:00,11605.574735168322
2024-06-04 00:00:00+00:00,11605.574735168322
2024-06-04 04:00:00+00:00,11605.574735168322
2024-06-04 08:00:00+00:00,11605.574735168322
2024-06-04 12:00:00+00:00,11605.574735168322
2024-06-04 16:00:00+00:00,11605.574735168322
2024-06-04 20:00:00+00:00,11605.574735168322
2024-06-05 00:00:00+00:00,11605.574735168322
2024-06-05 04:00:00+00:00,11605.574735168322
2024-06-05 08:00:00+00:00,11554.832748872557
2024-06-05 12:00:00+00:00,11559.428943283405
2024-06-05 16:00:00+00:00,11672.58849065098
2024-06-05 20:00:00+00:00,11599.04938007741
2024-06-06 00:00:00+00:00,11504.6279518071
2024-06-06 04:00:00+00:00,11336.719127289625
2024-06-06 08:00:00+00:00,11336.719127289625
2024-06-06 12:00:00+00:00,11336.719127289625
2024-06-06 16:00:00+00:00,11336.719127289625
2024-06-06 20:00:00+00:00,11336.719127289625
2024-06-07 00:00:00+00:00,11336.719127289625
2024-06-07 04:00:00+00:00,11336.719127289625
2024-06-07 08:00:00+00:00,11336.719127289625
2024-06-07 12:00:00+00:00,11336.719127289625
2024-06-07 16:00:00+00:00,11336.719127289625
2024-06-07 20:00:00+00:00,11336.719127289625
2024-06-08 00:00:00+00:00,11336.719127289625
2024-06-08 04:00:00+00:00,11336.719127289625
2024-06-08 08:00:00+00:00,11336.719127289625
2024-06-08 12:00:00+00:00,11336.719127289625
2024-06-08 16:00:00+00:00,11336.719127289625
2024-06-08 20:00:00+00:00,11336.719127289625
2024-06-09 00:00:00+00:00,11336.719127289625
2024-06-09 04:00:00+00:00,11336.719127289625
2024-06-09 08:00:00+00:00,11336.719127289625
2024-06-09 12:00:00+00:00,11336.719127289625
2024-06-09 16:00:00+00:00,11336.719127289625
2024-06-09 20:00:00+00:00,11336.719127289625
2024-06-10 00:00:00+00:00,11336.719127289625
2024-06-10 04:00:00+00:00,11336.719127289625
2024-06-10 08:00:00+00:00,11336.719127289625
2024-06-10 12:00:00+00:00,11336.719127289625
2024-06-10 16:00:00+00:00,11336.719127289625
2024-06-10 20:00:00+00:00,11336.719127289625
2024-06-11 00:00:00+00:00,11336.719127289625
2024-06-11 04:00:00+00:00,11336.719127289625
2024-06-11 08:00:00+00:00,11336.719127289625
2024-06-11 12:00:00+00:00,11336.719127289625
2024-06-11 16:00:00+00:00,11336.719127289625
2024-06-11 20:00:00+00:00,11336.719127289625
2024-06-12 00:00:00+00:00,11336.719127289625
2024-06-12 04:00:00+00:00,11336.719127289625
2024-06-12 08:00:00+00:00,11336.719127289625
2024-06-12 12:00:00+00:00,11336.719127289625
2024-06-12 16:00:00+00:00,11336.719127289625
2024-06-12 20:00:00+00:00,11336.719127289625
2024-06-13 00:00:00+00:00,11336.719127289625
2024-06-13 04:00:00+00:00,11336.719127289625
2024-06-13 08:00:00+00:00,11336.719127289625
2024-06-13 12:00:00+00:00,11336.719127289625
2024-06-13 16:00:00+00:00,11336.719127289625
2024-06-13 20:00:00+00:00,11336.719127289625
2024-06-14 00:00:00+00:00,11336.719127289625
2024-06-14 04:00:00+00:00,11336.719127289625
2024-06-14 08:00:00+00:00,11336.719127289625
2024-06-14 12:00:00+00:00,11336.719127289625
2024-06-14 16:00:00+00:00,11336.719127289625
2024-06-14 20:00:00+00:00,11336.719127289625
2024-06-15 00:00:00+00:00,11336.719127289625
2024-06-15 04:00:00+00:00,11336.719127289625
2024-06-15 08:00:00+00:00,11336.719127289625
2024-06-15 12:00:00+00:00,11336.719127289625
2024-06-15 16:00:00+00:00,11336.719127289625
2024-06-15 20:00:00+00:00,11336.719127289625
2024-06-16 00:00:00+00:00,11336.719127289625
2024-06-16 04:00:00+00:00,11336.719127289625
2024-06-16 08:00:00+00:00,11336.719127289625
2024-06-16 12:00:00+00:00,11336.719127289625
2024-06-16 16:00:00+00:00,11336.719127289625
2024-06-16 20:00:00+00:00,11336.719127289625
2024-06-17 00:00:00+00:00,11336.719127289625
2024-06-17 04:00:00+00:00,11336.719127289625
2024-06-17 08:00:00+00:00,11336.719127289625
2024-06-17 12:00:00+00:00,11336.719127289625
2024-06-17 16:00:00+00:00,11336.719127289625
2024-06-17 20:00:00+00:00,11336.719127289625
2024-06-18 00:00:00+00:00,11336.719127289625
2024-06-18 04:00:00+00:00,11336.719127289625
2024-06-18 08:00:00+00:00,11336.719127289625
2024-06-18 12:00:00+00:00,11336.719127289625
2024-06-18 16:00:00+00:00,11336.719127289625
2024-06-18 20:00:00+00:00,11336.719127289625
2024-06-19 00:00:00+00:00,11336.719127289625
2024-06-19 04:00:00+00:00,11336.719127289625
2024-06-19 08:00:00+00:00,11336.719127289625
2024-06-19 12:00:00+00:00,11336.719127289625
2024-06-19 16:00:00+00:00,11336.719127289625
2024-06-19 20:00:00+00:00,11336.719127289625
2024-06-20 00:00:00+00:00,11336.719127289625
2024-06-20 04:00:00+00:00,11336.719127289625
2024-06-20 08:00:00+00:00,11336.719127289625
2024-06-20 12:00:00+00:00,11336.719127289625
2024-06-20 16:00:00+00:00,11336.719127289625
2024-06-20 20:00:00+00:00,11336.719127289625
2024-06-21 00:00:00+00:00,11336.719127289625
2024-06-21 04:00:00+00:00,11336.719127289625
2024-06-21 08:00:00+00:00,11336.719127289625
2024-06-21 12:00:00+00:00,11336.719127289625
2024-06-21 16:00:00+00:00,11336.719127289625
2024-06-21 20:00:00+00:00,11336.719127289625
2024-06-22 00:00:00+00:00,11336.719127289625
2024-06-22 04:00:00+00:00,11336.719127289625
2024-06-22 08:00:00+00:00,11336.719127289625
2024-06-22 12:00:00+00:00,11336.719127289625
2024-06-22 16:00:00+00:00,11336.719127289625
2024-06-22 20:00:00+00:00,11336.719127289625
2024-06-23 00:00:00+00:00,11336.719127289625
2024-06-23 04:00:00+00:00,11336.719127289625
2024-06-23 08:00:00+00:00,11336.719127289625
2024-06-23 12:00:00+00:00,11336.719127289625
2024-06-23 16:00:00+00:00,11336.719127289625
2024-06-23 20:00:00+00:00,11336.719127289625
2024-06-24 00:00:00+00:00,11336.719127289625
2024-06-24 04:00:00+00:00,11336.719127289625
2024-06-24 08:00:00+00:00,11336.719127289625
2024-06-24 12:00:00+00:00,11336.719127289625
2024-06-24 16:00:00+00:00,11336.719127289625
2024-06-24 20:00:00+00:00,11336.719127289625
2024-06-25 00:00:00+00:00,11336.719127289625
2024-06-25 04:00:00+00:00,11336.719127289625
2024-06-25 08:00:00+00:00,11336.719127289625
2024-06-25 12:00:00+00:00,11336.719127289625
2024-06-25 16:00:00+00:00,11336.719127289625
2024-06-25 20:00:00+00:00,11336.719127289625
2024-06-26 00:00:00+00:00,11336.719127289625
2024-06-26 04:00:00+00:00,11336.719127289625
2024-06-26 08:00:00+00:00,11336.719127289625
2024-06-26 12:00:00+00:00,11336.719127289625
2024-06-26 16:00:00+00:00,11336.719127289625
2024-06-26 20:00:00+00:00,11336.719127289625
2024-06-27 00:00:00+00:00,11336.719127289625
2024-06-27 04:00:00+00:00,11336.719127289625
2024-06-27 08:00:00+00:00,11336.719127289625
2024-06-27 12:00:00+00:00,11336.719127289625
2024-06-27 16:00:00+00:00,11336.719127289625
2024-06-27 20:00:00+00:00,11336.719127289625
2024-06-28 00:00:00+00:00,11336.719127289625
2024-06-28 04:00:00+00:00,11336.719127289625
2024-06-28 08:00:00+00:00,11336.719127289625
2024-06-28 12:00:00+00:00,11336.719127289625
2024-06-28 16:00:00+00:00,11336.719127289625
2024-06-28 20:00:00+00:00,11336.719127289625
2024-06-29 00:00:00+00:00,11336.719127289625
2024-06-29 04:00:00+00:00,11336.719127289625
2024-06-29 08:00:00+00:00,11336.719127289625
2024-06-29 12:00:00+00:00,11336.719127289625
2024-06-29 16:00:00+00:00,11336.719127289625
2024-06-29 20:00:00+00:00,11336.719127289625
2024-06-30 00:00:00+00:00,11336.719127289625
2024-06-30 04:00:00+00:00,11336.719127289625
2024-06-30 08:00:00+00:00,11336.719127289625
2024-06-30 12:00:00+00:00,11336.719127289625
2024-06-30 16:00:00+00:00,11336.719127289625
2024-06-30 20:00:00+00:00,11336.719127289625
2024-07-01 00:00:00+00:00,11336.719127289625
2024-07-01 04:00:00+00:00,11336.719127289625
2024-07-01 08:00:00+00:00,11336.719127289625
2024-07-01 12:00:00+00:00,11336.719127289625
2024-07-01 16:00:00+00:00,11336.719127289625
2024-07-01 20:00:00+00:00,11336.719127289625
2024-07-02 00:00:00+00:00,11336.719127289625
2024-07-02 04:00:00+00:00,11336.719127289625
2024-07-02 08:00:00+00:00,11336.719127289625
2024-07-02 12:00:00+00:00,11336.719127289625
2024-07-02 16:00:00+00:00,11336.719127289625
2024-07-02 20:00:00+00:00,11336.719127289625
2024-07-03 00:00:00+00:00,11336.719127289625
2024-07-03 04:00:00+00:00,11336.719127289625
2024-07-03 08:00:00+00:00,11336.719127289625
2024-07-03 12:00:00+00:00,11336.719127289625
2024-07-03 16:00:00+00:00,11336.719127289625
2024-07-03 20:00:00+00:00,11336.719127289625
2024-07-04 00:00:00+00:00,11336.719127289625
2024-07-04 04:00:00+00:00,11336.719127289625
2024-07-04 08:00:00+00:00,11336.719127289625
2024-07-04 12:00:00+00:00,11336.719127289625
2024-07-04 16:00:00+00:00,11336.719127289625
2024-07-04 20:00:00+00:00,11336.719127289625
2024-07-05 00:00:00+00:00,11336.719127289625
2024-07-05 04:00:00+00:00,11163.250488553886
2024-07-05 08:00:00+00:00,10808.72076490304
2024-07-05 12:00:00+00:00,10906.264729021901
2024-07-05 16:00:00+00:00,10791.10384967804
2024-07-05 20:00:00+00:00,10879.780180695187
2024-07-06 00:00:00+00:00,10506.467979139115
2024-07-06 04:00:00+00:00,10506.467979139115
2024-07-06 08:00:00+00:00,10506.467979139115
2024-07-06 12:00:00+00:00,10506.467979139115
2024-07-06 16:00:00+00:00,10506.467979139115
2024-07-06 20:00:00+00:00,10506.467979139115
2024-07-07 00:00:00+00:00,10506.467979139115
2024-07-07 04:00:00+00:00,10506.467979139115
2024-07-07 08:00:00+00:00,10506.467979139115
2024-07-07 12:00:00+00:00,10506.467979139115
2024-07-07 16:00:00+00:00,10506.467979139115
2024-07-07 20:00:00+00:00,10506.467979139115
2024-07-08 00:00:00+00:00,10506.467979139115
2024-07-08 04:00:00+00:00,10506.467979139115
2024-07-08 08:00:00+00:00,10506.467979139115
2024-07-08 12:00:00+00:00,10506.467979139115
2024-07-08 16:00:00+00:00,10506.467979139115
2024-07-08 20:00:00+00:00,10506.467979139115
2024-07-09 00:00:00+00:00,10506.467979139115
2024-07-09 04:00:00+00:00,10506.467979139115
2024-07-09 08:00:00+00:00,10506.467979139115
2024-07-09 12:00:00+00:00,10506.467979139115
2024-07-09 16:00:00+00:00,10506.467979139115
2024-07-09 20:00:00+00:00,10506.467979139115
2024-07-10 00:00:00+00:00,10506.467979139115
2024-07-10 04:00:00+00:00,10506.467979139115
2024-07-10 08:00:00+00:00,10506.467979139115
2024-07-10 12:00:00+00:00,10506.467979139115
2024-07-10 16:00:00+00:00,10506.467979139115
2024-07-10 20:00:00+00:00,10506.467979139115
2024-07-11 00:00:00+00:00,10506.467979139115
2024-07-11 04:00:00+00:00,10506.467979139115
2024-07-11 08:00:00+00:00,10506.467979139115
2024-07-11 12:00:00+00:00,10506.467979139115
2024-07-11 16:00:00+00:00,10506.467979139115
2024-07-11 20:00:00+00:00,10506.467979139115
2024-07-12 00:00:00+00:00,10506.467979139115
2024-07-12 04:00:00+00:00,10506.467979139115
2024-07-12 08:00:00+00:00,10506.467979139115
2024-07-12 12:00:00+00:00,10506.467979139115
2024-07-12 16:00:00+00:00,10506.467979139115
2024-07-12 20:00:00+00:00,10506.467979139115
2024-07-13 00:00:00+00:00,10506.467979139115
2024-07-13 04:00:00+00:00,10506.467979139115
2024-07-13 08:00:00+00:00,10506.467979139115
2024-07-13 12:00:00+00:00,10506.467979139115
2024-07-13 16:00:00+00:00,10506.467979139115
2024-07-13 20:00:00+00:00,10506.467979139115
2024-07-14 00:00:00+00:00,10506.467979139115
2024-07-14 04:00:00+00:00,10584.010168822742
2024-07-14 08:00:00+00:00,10589.10822607683
2024-07-14 12:00:00+00:00,10644.521891882188
2024-07-14 16:00:00+00:00,10877.402748088372
2024-07-14 20:00:00+00:00,11086.743263353044
2024-07-15 00:00:00+00:00,11073.32145778759
2024-07-15 04:00:00+00:00,11227.24830724691
2024-07-15 08:00:00+00:00,10845.372158255845
2024-07-15 12:00:00+00:00,11054.712673520517
2024-07-15 16:00:00+00:00,11042.368149639298
2024-07-15 20:00:00+00:00,11393.321366406546
2024-07-16 00:00:00+00:00,11275.208984864625
2024-07-16 04:00:00+00:00,10926.510508087906
2024-07-16 08:00:00+00:00,10926.510508087906
2024-07-16 12:00:00+00:00,10926.510508087906
2024-07-16 16:00:00+00:00,10926.510508087906
2024-07-16 20:00:00+00:00,10926.510508087906
2024-07-17 00:00:00+00:00,10926.510508087906
2024-07-17 04:00:00+00:00,10926.510508087906
2024-07-17 08:00:00+00:00,10926.510508087906
2024-07-17 12:00:00+00:00,10926.510508087906
2024-07-17 16:00:00+00:00,10926.510508087906
2024-07-17 20:00:00+00:00,10926.510508087906
2024-07-18 00:00:00+00:00,10926.510508087906
2024-07-18 04:00:00+00:00,10926.510508087906
2024-07-18 08:00:00+00:00,10926.510508087906
2024-07-18 12:00:00+00:00,10926.510508087906
2024-07-18 16:00:00+00:00,10926.510508087906
2024-07-18 20:00:00+00:00,10926.510508087906
2024-07-19 00:00:00+00:00,10926.510508087906
2024-07-19 04:00:00+00:00,10926.510508087906
2024-07-19 08:00:00+00:00,10926.510508087906
2024-07-19 12:00:00+00:00,10926.510508087906
2024-07-19 16:00:00+00:00,10926.510508087906
2024-07-19 20:00:00+00:00,10926.510508087906
2024-07-20 00:00:00+00:00,10926.510508087906
2024-07-20 04:00:00+00:00,10926.510508087906
2024-07-20 08:00:00+00:00,10926.510508087906
2024-07-20 12:00:00+00:00,10926.510508087906
2024-07-20 16:00:00+00:00,10926.510508087906
2024-07-20 20:00:00+00:00,10926.510508087906
2024-07-21 00:00:00+00:00,10926.510508087906
2024-07-21 04:00:00+00:00,10926.510508087906
2024-07-21 08:00:00+00:00,10926.510508087906
2024-07-21 12:00:00+00:00,10926.510508087906
2024-07-21 16:00:00+00:00,10926.510508087906
2024-07-21 20:00:00+00:00,10926.510508087906
2024-07-22 00:00:00+00:00,10926.510508087906
2024-07-22 04:00:00+00:00,10926.510508087906
2024-07-22 08:00:00+00:00,10926.510508087906
2024-07-22 12:00:00+00:00,10926.510508087906
2024-07-22 16:00:00+00:00,10926.510508087906
2024-07-22 20:00:00+00:00,10926.510508087906
2024-07-23 00:00:00+00:00,10926.510508087906
2024-07-23 04:00:00+00:00,10926.510508087906
2024-07-23 08:00:00+00:00,10926.510508087906
2024-07-23 12:00:00+00:00,10926.510508087906
2024-07-23 16:00:00+00:00,10926.510508087906
2024-07-23 20:00:00+00:00,10926.510508087906
2024-07-24 00:00:00+00:00,10926.510508087906
2024-07-24 04:00:00+00:00,10926.510508087906
2024-07-24 08:00:00+00:00,10926.510508087906
2024-07-24 12:00:00+00:00,10926.510508087906
2024-07-24 16:00:00+00:00,10926.510508087906
2024-07-24 20:00:00+00:00,10926.510508087906
2024-07-25 00:00:00+00:00,10926.510508087906
2024-07-25 04:00:00+00:00,10926.510508087906
2024-07-25 08:00:00+00:00,10926.510508087906
2024-07-25 12:00:00+00:00,10926.510508087906
2024-07-25 16:00:00+00:00,10926.510508087906
2024-07-25 20:00:00+00:00,10926.510508087906
2024-07-26 00:00:00+00:00,10926.510508087906
2024-07-26 04:00:00+00:00,10926.510508087906
2024-07-26 08:00:00+00:00,10926.510508087906
2024-07-26 12:00:00+00:00,10926.510508087906
2024-07-26 16:00:00+00:00,10926.510508087906
2024-07-26 20:00:00+00:00,10926.510508087906
2024-07-27 00:00:00+00:00,10926.510508087906
2024-07-27 04:00:00+00:00,10926.510508087906
2024-07-27 08:00:00+00:00,10926.510508087906
2024-07-27 12:00:00+00:00,10926.510508087906
2024-07-27 16:00:00+00:00,10926.510508087906
2024-07-27 20:00:00+00:00,10926.510508087906
2024-07-28 00:00:00+00:00,10926.510508087906
2024-07-28 04:00:00+00:00,10926.510508087906
2024-07-28 08:00:00+00:00,10926.510508087906
2024-07-28 12:00:00+00:00,10926.510508087906
2024-07-28 16:00:00+00:00,10926.510508087906
2024-07-28 20:00:00+00:00,10926.510508087906
2024-07-29 00:00:00+00:00,10926.510508087906
2024-07-29 04:00:00+00:00,10926.510508087906
2024-07-29 08:00:00+00:00,10926.510508087906
2024-07-29 12:00:00+00:00,10926.510508087906
2024-07-29 16:00:00+00:00,10926.510508087906
2024-07-29 20:00:00+00:00,10926.510508087906
2024-07-30 00:00:00+00:00,10926.510508087906
2024-07-30 04:00:00+00:00,10926.510508087906
2024-07-30 08:00:00+00:00,10926.510508087906
2024-07-30 12:00:00+00:00,10926.510508087906
2024-07-30 16:00:00+00:00,10926.510508087906
2024-07-30 20:00:00+00:00,10926.510508087906
2024-07-31 00:00:00+00:00,10926.510508087906
2024-07-31 04:00:00+00:00,10926.510508087906
2024-07-31 08:00:00+00:00,10926.510508087906
2024-07-31 12:00:00+00:00,10926.510508087906
2024-07-31 16:00:00+00:00,10926.510508087906
2024-07-31 20:00:00+00:00,10926.510508087906
2024-08-01 00:00:00+00:00,10926.510508087906
2024-08-01 04:00:00+00:00,10926.510508087906
2024-08-01 08:00:00+00:00,10926.510508087906
2024-08-01 12:00:00+00:00,10926.510508087906
2024-08-01 16:00:00+00:00,10926.510508087906
2024-08-01 20:00:00+00:00,10926.510508087906
2024-08-02 00:00:00+00:00,10926.510508087906
2024-08-02 04:00:00+00:00,10926.510508087906
2024-08-02 08:00:00+00:00,10926.510508087906
2024-08-02 12:00:00+00:00,10926.510508087906
2024-08-02 16:00:00+00:00,10926.510508087906
2024-08-02 20:00:00+00:00,10926.510508087906
2024-08-03 00:00:00+00:00,10926.510508087906
2024-08-03 04:00:00+00:00,10926.510508087906
2024-08-03 08:00:00+00:00,10926.510508087906
2024-08-03 12:00:00+00:00,10926.510508087906
2024-08-03 16:00:00+00:00,10926.510508087906
2024-08-03 20:00:00+00:00,10926.510508087906
2024-08-04 00:00:00+00:00,10926.510508087906
2024-08-04 04:00:00+00:00,11057.738271382765
2024-08-04 08:00:00+00:00,10996.619044293522
2024-08-04 12:00:00+00:00,11486.617693702568
2024-08-04 16:00:00+00:00,11394.840314723118
2024-08-04 20:00:00+00:00,11670.464555015707
2024-08-05 00:00:00+00:00,13147.828766364835
2024-08-05 04:00:00+00:00,12902.829441660313
2024-08-05 08:00:00+00:00,13361.221474059044
2024-08-05 12:00:00+00:00,12718.098246709673
2024-08-05 16:00:00+00:00,12932.515469458122
2024-08-05 20:00:00+00:00,12894.23432497304
2024-08-06 00:00:00+00:00,12486.291002817185
2024-08-06 04:00:00+00:00,12486.291002817185
2024-08-06 08:00:00+00:00,12486.291002817185
2024-08-06 12:00:00+00:00,12486.291002817185
2024-08-06 16:00:00+00:00,12486.291002817185
2024-08-06 20:00:00+00:00,12486.291002817185
2024-08-07 00:00:00+00:00,12486.291002817185
2024-08-07 04:00:00+00:00,12486.291002817185
2024-08-07 08:00:00+00:00,12486.291002817185
2024-08-07 12:00:00+00:00,12486.291002817185
2024-08-07 16:00:00+00:00,12486.291002817185
2024-08-07 20:00:00+00:00,12486.291002817185
2024-08-08 00:00:00+00:00,12486.291002817185
2024-08-08 04:00:00+00:00,12486.291002817185
2024-08-08 08:00:00+00:00,12486.291002817185
2024-08-08 12:00:00+00:00,12486.291002817185
2024-08-08 16:00:00+00:00,12486.291002817185
2024-08-08 20:00:00+00:00,12486.291002817185
2024-08-09 00:00:00+00:00,12486.291002817185
2024-08-09 04:00:00+00:00,12486.291002817185
2024-08-09 08:00:00+00:00,12486.291002817185
2024-08-09 12:00:00+00:00,12486.291002817185
2024-08-09 16:00:00+00:00,12486.291002817185
2024-08-09 20:00:00+00:00,12486.291002817185
2024-08-10 00:00:00+00:00,12486.291002817185
2024-08-10 04:00:00+00:00,12486.291002817185
2024-08-10 08:00:00+00:00,12486.291002817185
2024-08-10 12:00:00+00:00,12486.291002817185
2024-08-10 16:00:00+00:00,12486.291002817185
2024-08-10 20:00:00+00:00,12486.291002817185
2024-08-11 00:00:00+00:00,12486.291002817185
2024-08-11 04:00:00+00:00,12486.291002817185
2024-08-11 08:00:00+00:00,12486.291002817185
2024-08-11 12:00:00+00:00,12486.291002817185
2024-08-11 16:00:00+00:00,12486.291002817185
2024-08-11 20:00:00+00:00,12486.291002817185
2024-08-12 00:00:00+00:00,12486.291002817185
2024-08-12 04:00:00+00:00,12486.291002817185
2024-08-12 08:00:00+00:00,12486.291002817185
2024-08-12 12:00:00+00:00,12486.291002817185
2024-08-12 16:00:00+00:00,12486.291002817185
2024-08-12 20:00:00+00:00,12486.291002817185
2024-08-13 00:00:00+00:00,12486.291002817185
2024-08-13 04:00:00+00:00,12486.291002817185
2024-08-13 08:00:00+00:00,12486.291002817185
2024-08-13 12:00:00+00:00,12486.291002817185
2024-08-13 16:00:00+00:00,12486.291002817185
2024-08-13 20:00:00+00:00,12486.291002817185
2024-08-14 00:00:00+00:00,12486.291002817185
2024-08-14 04:00:00+00:00,12486.291002817185
2024-08-14 08:00:00+00:00,12486.291002817185
2024-08-14 12:00:00+00:00,12486.291002817185
2024-08-14 16:00:00+00:00,12486.291002817185
2024-08-14 20:00:00+00:00,12486.291002817185
2024-08-15 00:00:00+00:00,12486.291002817185
2024-08-15 04:00:00+00:00,12486.291002817185
2024-08-15 08:00:00+00:00,12486.291002817185
2024-08-15 12:00:00+00:00,12486.291002817185
2024-08-15 16:00:00+00:00,12486.291002817185
2024-08-15 20:00:00+00:00,12400.924419141864
2024-08-16 00:00:00+00:00,12289.270752193792
2024-08-16 04:00:00+00:00,12068.009578671526
2024-08-16 08:00:00+00:00,12228.589625732478
2024-08-16 12:00:00+00:00,12439.79347318555
2024-08-16 16:00:00+00:00,12169.121905000644
2024-08-16 20:00:00+00:00,12098.720622516286
2024-08-17 00:00:00+00:00,11988.034074680862
2024-08-17 04:00:00+00:00,11998.091400750054
2024-08-17 08:00:00+00:00,12198.826637841665
2024-08-17 12:00:00+00:00,11987.62279038859
2024-08-17 16:00:00+00:00,11795.007370944937
2024-08-17 20:00:00+00:00,11795.007370944937
2024-08-18 00:00:00+00:00,11795.007370944937
2024-08-18 04:00:00+00:00,11795.007370944937
2024-08-18 08:00:00+00:00,11795.007370944937
2024-08-18 12:00:00+00:00,11795.007370944937
2024-08-18 16:00:00+00:00,11795.007370944937
2024-08-18 20:00:00+00:00,11795.007370944937
2024-08-19 00:00:00+00:00,11795.007370944937
2024-08-19 04:00:00+00:00,11795.007370944937
2024-08-19 08:00:00+00:00,11795.007370944937
2024-08-19 12:00:00+00:00,11795.007370944937
2024-08-19 16:00:00+00:00,11795.007370944937
2024-08-19 20:00:00+00:00,11795.007370944937
2024-08-20 00:00:00+00:00,11795.007370944937
2024-08-20 04:00:00+00:00,11795.007370944937
2024-08-20 08:00:00+00:00,11795.007370944937
2024-08-20 12:00:00+00:00,11795.007370944937
2024-08-20 16:00:00+00:00,11795.007370944937
2024-08-20 20:00:00+00:00,11795.007370944937
2024-08-21 00:00:00+00:00,11795.007370944937
2024-08-21 04:00:00+00:00,11795.007370944937
2024-08-21 08:00:00+00:00,11795.007370944937
2024-08-21 12:00:00+00:00,11795.007370944937
2024-08-21 16:00:00+00:00,11795.007370944937
2024-08-21 20:00:00+00:00,11795.007370944937
2024-08-22 00:00:00+00:00,11795.007370944937
2024-08-22 04:00:00+00:00,11795.007370944937
2024-08-22 08:00:00+00:00,11795.007370944937
2024-08-22 12:00:00+00:00,11795.007370944937
2024-08-22 16:00:00+00:00,11795.007370944937
2024-08-22 20:00:00+00:00,11795.007370944937
2024-08-23 00:00:00+00:00,11795.007370944937
2024-08-23 04:00:00+00:00,11795.007370944937
2024-08-23 08:00:00+00:00,11795.007370944937
2024-08-23 12:00:00+00:00,11795.007370944937
2024-08-23 16:00:00+00:00,11795.007370944937
2024-08-23 20:00:00+00:00,11795.007370944937
2024-08-24 00:00:00+00:00,11795.007370944937
2024-08-24 04:00:00+00:00,11852.799937577565
2024-08-24 08:00:00+00:00,11867.5882094897
2024-08-24 12:00:00+00:00,11844.694958819344
2024-08-24 16:00:00+00:00,12013.558538716054
2024-08-24 20:00:00+00:00,11865.675819594686
2024-08-25 00:00:00+00:00,11598.671176724225
2024-08-25 04:00:00+00:00,11598.671176724225
2024-08-25 08:00:00+00:00,11598.671176724225
2024-08-25 12:00:00+00:00,11598.671176724225
2024-08-25 16:00:00+00:00,11598.671176724225
2024-08-25 20:00:00+00:00,11598.671176724225
2024-08-26 00:00:00+00:00,11598.671176724225
2024-08-26 04:00:00+00:00,11598.671176724225
2024-08-26 08:00:00+00:00,11598.671176724225
2024-08-26 12:00:00+00:00,11598.671176724225
2024-08-26 16:00:00+00:00,11598.671176724225
2024-08-26 20:00:00+00:00,11598.671176724225
2024-08-27 00:00:00+00:00,11598.671176724225
2024-08-27 04:00:00+00:00,11552.121367419159
2024-08-27 08:00:00+00:00,11917.946050133163
2024-08-27 12:00:00+00:00,11886.871411077718
2024-08-27 16:00:00+00:00,11849.163113449908
2024-08-27 20:00:00+00:00,12532.805172669772
2024-08-28 00:00:00+00:00,12253.370293511116
2024-08-28 04:00:00+00:00,12540.810704774018
2024-08-28 08:00:00+00:00,12038.437431822636
2024-08-28 12:00:00+00:00,12038.437431822636
2024-08-28 16:00:00+00:00,12038.437431822636
2024-08-28 20:00:00+00:00,12038.437431822636
2024-08-29 00:00:00+00:00,12038.437431822636
2024-08-29 04:00:00+00:00,12038.437431822636
2024-08-29 08:00:00+00:00,12038.437431822636
2024-08-29 12:00:00+00:00,12038.437431822636
2024-08-29 16:00:00+00:00,12038.437431822636
2024-08-29 20:00:00+00:00,12038.437431822636
2024-08-30 00:00:00+00:00,12038.437431822636
2024-08-30 04:00:00+00:00,12038.437431822636
2024-08-30 08:00:00+00:00,12038.437431822636
2024-08-30 12:00:00+00:00,12038.437431822636
2024-08-30 16:00:00+00:00,12038.437431822636
2024-08-30 20:00:00+00:00,12038.437431822636
2024-08-31 00:00:00+00:00,12038.437431822636
2024-08-31 04:00:00+00:00,12038.437431822636
2024-08-31 08:00:00+00:00,12038.437431822636
2024-08-31 12:00:00+00:00,12038.437431822636
2024-08-31 16:00:00+00:00,12038.437431822636
2024-08-31 20:00:00+00:00,12038.437431822636
2024-09-01 00:00:00+00:00,12038.437431822636
2024-09-01 04:00:00+00:00,12038.437431822636
2024-09-01 08:00:00+00:00,12038.437431822636
2024-09-01 12:00:00+00:00,12038.437431822636
2024-09-01 16:00:00+00:00,12038.437431822636
2024-09-01 20:00:00+00:00,12038.437431822636
2024-09-02 00:00:00+00:00,12038.437431822636
2024-09-02 04:00:00+00:00,12038.437431822636
2024-09-02 08:00:00+00:00,12038.437431822636
2024-09-02 12:00:00+00:00,12038.437431822636
2024-09-02 16:00:00+00:00,12038.437431822636
2024-09-02 20:00:00+00:00,12038.437431822636
2024-09-03 00:00:00+00:00,12038.437431822636
2024-09-03 04:00:00+00:00,12038.437431822636
2024-09-03 08:00:00+00:00,12038.437431822636
2024-09-03 12:00:00+00:00,12038.437431822636
2024-09-03 16:00:00+00:00,12038.437431822636
2024-09-03 20:00:00+00:00,12038.437431822636
2024-09-04 00:00:00+00:00,12038.437431822636
2024-09-04 04:00:00+00:00,12038.437431822636
2024-09-04 08:00:00+00:00,12038.437431822636
2024-09-04 12:00:00+00:00,12038.437431822636
2024-09-04 16:00:00+00:00,12038.437431822636
2024-09-04 20:00:00+00:00,12038.437431822636
2024-09-05 00:00:00+00:00,12038.437431822636
2024-09-05 04:00:00+00:00,12038.437431822636
2024-09-05 08:00:00+00:00,12038.437431822636
2024-09-05 12:00:00+00:00,12038.437431822636
2024-09-05 16:00:00+00:00,12038.437431822636
2024-09-05 20:00:00+00:00,12038.437431822636
2024-09-06 00:00:00+00:00,12038.437431822636
2024-09-06 04:00:00+00:00,12038.437431822636
2024-09-06 08:00:00+00:00,12038.437431822636
2024-09-06 12:00:00+00:00,12038.437431822636
2024-09-06 16:00:00+00:00,12038.437431822636
2024-09-06 20:00:00+00:00,12038.437431822636
2024-09-07 00:00:00+00:00,12038.437431822636
2024-09-07 04:00:00+00:00,12038.437431822636
2024-09-07 08:00:00+00:00,12038.437431822636
2024-09-07 12:00:00+00:00,12038.437431822636
2024-09-07 16:00:00+00:00,12038.437431822636
2024-09-07 20:00:00+00:00,12038.437431822636
2024-09-08 00:00:00+00:00,12038.437431822636
2024-09-08 04:00:00+00:00,12038.437431822636
2024-09-08 08:00:00+00:00,12038.437431822636
2024-09-08 12:00:00+00:00,12038.437431822636
2024-09-08 16:00:00+00:00,12038.437431822636
2024-09-08 20:00:00+00:00,12038.437431822636
2024-09-09 00:00:00+00:00,12038.437431822636
2024-09-09 04:00:00+00:00,12038.437431822636
2024-09-09 08:00:00+00:00,12038.437431822636
2024-09-09 12:00:00+00:00,12038.437431822636
2024-09-09 16:00:00+00:00,12038.437431822636
2024-09-09 20:00:00+00:00,12038.437431822636
2024-09-10 00:00:00+00:00,12038.437431822636
2024-09-10 04:00:00+00:00,12038.437431822636
2024-09-10 08:00:00+00:00,12038.437431822636
2024-09-10 12:00:00+00:00,12038.437431822636
2024-09-10 16:00:00+00:00,12038.437431822636
2024-09-10 20:00:00+00:00,12038.437431822636
2024-09-11 00:00:00+00:00,12038.437431822636
2024-09-11 04:00:00+00:00,12038.437431822636
2024-09-11 08:00:00+00:00,12038.437431822636
2024-09-11 12:00:00+00:00,12038.437431822636
2024-09-11 16:00:00+00:00,12038.437431822636
2024-09-11 20:00:00+00:00,12038.437431822636
2024-09-12 00:00:00+00:00,12038.437431822636
2024-09-12 04:00:00+00:00,12038.437431822636
2024-09-12 08:00:00+00:00,12038.437431822636
2024-09-12 12:00:00+00:00,12038.437431822636
2024-09-12 16:00:00+00:00,12038.437431822636
2024-09-12 20:00:00+00:00,12038.437431822636
2024-09-13 00:00:00+00:00,12038.437431822636
2024-09-13 04:00:00+00:00,12038.437431822636
2024-09-13 08:00:00+00:00,12038.437431822636
2024-09-13 12:00:00+00:00,12038.437431822636
2024-09-13 16:00:00+00:00,12038.437431822636
2024-09-13 20:00:00+00:00,12038.437431822636
2024-09-14 00:00:00+00:00,12038.437431822636
2024-09-14 04:00:00+00:00,12038.437431822636
2024-09-14 08:00:00+00:00,12038.437431822636
2024-09-14 12:00:00+00:00,12038.437431822636
2024-09-14 16:00:00+00:00,12038.437431822636
2024-09-14 20:00:00+00:00,12038.437431822636
2024-09-15 00:00:00+00:00,12038.437431822636
2024-09-15 04:00:00+00:00,12038.437431822636
2024-09-15 08:00:00+00:00,12038.437431822636
2024-09-15 12:00:00+00:00,12038.437431822636
2024-09-15 16:00:00+00:00,12038.437431822636
2024-09-15 20:00:00+00:00,12038.437431822636
2024-09-16 00:00:00+00:00,12112.581655441449
2024-09-16 04:00:00+00:00,11866.908283609746
2024-09-16 08:00:00+00:00,12096.203430652666
2024-09-16 12:00:00+00:00,12153.377817867393
2024-09-16 16:00:00+00:00,12227.074734069276
2024-09-16 20:00:00+00:00,12186.129172097326
2024-09-17 00:00:00+00:00,12276.209408435616
2024-09-17 04:00:00+00:00,12194.006609085047
2024-09-17 08:00:00+00:00,12211.075911103402
2024-09-17 12:00:00+00:00,11854.297372120265
2024-09-17 16:00:00+00:00,11854.297372120265
2024-09-17 20:00:00+00:00,11854.297372120265
2024-09-18 00:00:00+00:00,11854.297372120265
2024-09-18 04:00:00+00:00,11854.297372120265
2024-09-18 08:00:00+00:00,11854.297372120265
2024-09-18 12:00:00+00:00,11854.297372120265
2024-09-18 16:00:00+00:00,11854.297372120265
2024-09-18 20:00:00+00:00,11854.297372120265
2024-09-19 00:00:00+00:00,11854.297372120265
2024-09-19 04:00:00+00:00,11854.297372120265
2024-09-19 08:00:00+00:00,11854.297372120265
2024-09-19 12:00:00+00:00,11854.297372120265
2024-09-19 16:00:00+00:00,11854.297372120265
2024-09-19 20:00:00+00:00,11854.297372120265
2024-09-20 00:00:00+00:00,11854.297372120265
2024-09-20 04:00:00+00:00,11854.297372120265
2024-09-20 08:00:00+00:00,11854.297372120265
2024-09-20 12:00:00+00:00,11854.297372120265
2024-09-20 16:00:00+00:00,11854.297372120265
2024-09-20 20:00:00+00:00,11854.297372120265
2024-09-21 00:00:00+00:00,11854.297372120265
2024-09-21 04:00:00+00:00,11854.297372120265
2024-09-21 08:00:00+00:00,11854.297372120265
2024-09-21 12:00:00+00:00,11854.297372120265
2024-09-21 16:00:00+00:00,11854.297372120265
2024-09-21 20:00:00+00:00,11854.297372120265
2024-09-22 00:00:00+00:00,11854.297372120265
2024-09-22 04:00:00+00:00,11854.297372120265
2024-09-22 08:00:00+00:00,11854.297372120265
2024-09-22 12:00:00+00:00,11854.297372120265
2024-09-22 16:00:00+00:00,11854.297372120265
2024-09-22 20:00:00+00:00,11854.297372120265
2024-09-23 00:00:00+00:00,11854.297372120265
2024-09-23 04:00:00+00:00,11854.297372120265
2024-09-23 08:00:00+00:00,11854.297372120265
2024-09-23 12:00:00+00:00,11854.297372120265
2024-09-23 16:00:00+00:00,11854.297372120265
2024-09-23 20:00:00+00:00,11854.297372120265
2024-09-24 00:00:00+00:00,11854.297372120265
2024-09-24 04:00:00+00:00,11854.297372120265
2024-09-24 08:00:00+00:00,11854.297372120265
2024-09-24 12:00:00+00:00,11854.297372120265
2024-09-24 16:00:00+00:00,11854.297372120265
2024-09-24 20:00:00+00:00,11854.297372120265
2024-09-25 00:00:00+00:00,11854.297372120265
2024-09-25 04:00:00+00:00,11594.293483769046
2024-09-25 08:00:00+00:00,11769.862284338642
2024-09-25 12:00:00+00:00,11606.637996242942
2024-09-25 16:00:00+00:00,11470.437798142606
2024-09-25 20:00:00+00:00,11338.969693009352
2024-09-26 00:00:00+00:00,11338.969693009352
2024-09-26 04:00:00+00:00,11338.969693009352
2024-09-26 08:00:00+00:00,11338.969693009352
2024-09-26 12:00:00+00:00,11338.969693009352
2024-09-26 16:00:00+00:00,11338.969693009352
2024-09-26 20:00:00+00:00,11338.969693009352
2024-09-27 00:00:00+00:00,11338.969693009352
2024-09-27 04:00:00+00:00,11430.643453506476
2024-09-27 08:00:00+00:00,11696.188731574883
2024-09-27 12:00:00+00:00,11931.151958119184
2024-09-27 16:00:00+00:00,12044.253729841399
2024-09-27 20:00:00+00:00,12063.30480226391
2024-09-28 00:00:00+00:00,12068.447956782242
2024-09-28 04:00:00+00:00,11858.886160134623
2024-09-28 08:00:00+00:00,11935.090449824664
2024-09-28 12:00:00+00:00,12010.093251880597
2024-09-28 16:00:00+00:00,11932.695094985405
2024-09-28 20:00:00+00:00,11932.695094985405
2024-09-29 00:00:00+00:00,12002.549027201281
2024-09-29 04:00:00+00:00,11683.862052681772
2024-09-29 08:00:00+00:00,11816.037123077658
2024-09-29 12:00:00+00:00,11866.83998287102
2024-09-29 16:00:00+00:00,12075.193306491303
2024-09-29 20:00:00+00:00,12068.842949017133
2024-09-30 00:00:00+00:00,11604.103686467655
2024-09-30 04:00:00+00:00,11604.103686467655
2024-09-30 08:00:00+00:00,11604.103686467655
2024-09-30 12:00:00+00:00,11604.103686467655
2024-09-30 16:00:00+00:00,11604.103686467655
2024-09-30 20:00:00+00:00,11604.103686467655
2024-10-01 00:00:00+00:00,11604.103686467655
2024-10-01 04:00:00+00:00,11222.098517549066
2024-10-01 08:00:00+00:00,11345.00385993942
2024-10-01 12:00:00+00:00,12075.317280310364
2024-10-01 16:00:00+00:00,12587.817926184707
2024-10-01 20:00:00+00:00,12550.44637908755
2024-10-02 00:00:00+00:00,12352.850284834467
2024-10-02 04:00:00+00:00,12378.475317128183
2024-10-02 08:00:00+00:00,12565.226015957205
2024-10-02 12:00:00+00:00,12507.56969329634
2024-10-02 16:00:00+00:00,13001.872722487302
2024-10-02 20:00:00+00:00,13059.529045148169
2024-10-03 00:00:00+00:00,12861.626178642851
2024-10-03 04:00:00+00:00,13226.782888828324
2024-10-03 08:00:00+00:00,13374.666057196762
2024-10-03 12:00:00+00:00,13547.635025179354
2024-10-03 16:00:00+00:00,13483.36127944457
2024-10-03 20:00:00+00:00,13483.36127944457
2024-10-04 00:00:00+00:00,13348.025711795379
2024-10-04 04:00:00+00:00,13277.55687298766
2024-10-04 08:00:00+00:00,13245.862705032865
2024-10-04 12:00:00+00:00,13079.299995123703
2024-10-04 16:00:00+00:00,12886.600585922097
2024-10-04 20:00:00+00:00,12886.600585922097
2024-10-05 00:00:00+00:00,12886.600585922097
2024-10-05 04:00:00+00:00,12886.600585922097
2024-10-05 08:00:00+00:00,12886.600585922097
2024-10-05 12:00:00+00:00,12886.600585922097
2024-10-05 16:00:00+00:00,12886.600585922097
2024-10-05 20:00:00+00:00,12886.600585922097
2024-10-06 00:00:00+00:00,12886.600585922097
2024-10-06 04:00:00+00:00,12886.600585922097
2024-10-06 08:00:00+00:00,12886.600585922097
2024-10-06 12:00:00+00:00,12886.600585922097
2024-10-06 16:00:00+00:00,12886.600585922097
2024-10-06 20:00:00+00:00,12886.600585922097
2024-10-07 00:00:00+00:00,12886.600585922097
2024-10-07 04:00:00+00:00,12886.600585922097
2024-10-07 08:00:00+00:00,12886.600585922097
2024-10-07 12:00:00+00:00,12886.600585922097
2024-10-07 16:00:00+00:00,12886.600585922097
2024-10-07 20:00:00+00:00,12886.600585922097
2024-10-08 00:00:00+00:00,12886.600585922097
2024-10-08 04:00:00+00:00,12886.600585922097
2024-10-08 08:00:00+00:00,12886.600585922097
2024-10-08 12:00:00+00:00,12886.600585922097
2024-10-08 16:00:00+00:00,12886.600585922097
2024-10-08 20:00:00+00:00,12886.600585922097
2024-10-09 00:00:00+00:00,12886.600585922097
2024-10-09 04:00:00+00:00,12886.600585922097
2024-10-09 08:00:00+00:00,12886.600585922097
2024-10-09 12:00:00+00:00,12886.600585922097
2024-10-09 16:00:00+00:00,12886.600585922097
2024-10-09 20:00:00+00:00,13018.853108308249
2024-10-10 00:00:00+00:00,12920.300185942548
2024-10-10 04:00:00+00:00,12953.579632944598
2024-10-10 08:00:00+00:00,12970.799517794001
2024-10-10 12:00:00+00:00,13112.237167552716
2024-10-10 16:00:00+00:00,13146.779569568494
2024-10-10 20:00:00+00:00,12838.944684799524
2024-10-11 00:00:00+00:00,12690.384254217839
2024-10-11 04:00:00+00:00,12698.70411596835
2024-10-11 08:00:00+00:00,12548.725363247459
2024-10-11 12:00:00+00:00,12548.725363247459
2024-10-11 16:00:00+00:00,12548.725363247459
2024-10-11 20:00:00+00:00,12548.725363247459
2024-10-12 00:00:00+00:00,12548.725363247459
2024-10-12 04:00:00+00:00,12548.725363247459
2024-10-12 08:00:00+00:00,12548.725363247459
2024-10-12 12:00:00+00:00,12548.725363247459
2024-10-12 16:00:00+00:00,12548.725363247459
2024-10-12 20:00:00+00:00,12548.725363247459
2024-10-13 00:00:00+00:00,12548.725363247459
2024-10-13 04:00:00+00:00,12548.725363247459
2024-10-13 08:00:00+00:00,12548.725363247459
2024-10-13 12:00:00+00:00,12548.725363247459
2024-10-13 16:00:00+00:00,12548.725363247459
2024-10-13 20:00:00+00:00,12548.725363247459
2024-10-14 00:00:00+00:00,12548.725363247459
2024-10-14 04:00:00+00:00,12548.725363247459
2024-10-14 08:00:00+00:00,12548.725363247459
2024-10-14 12:00:00+00:00,12548.725363247459
2024-10-14 16:00:00+00:00,12548.725363247459
2024-10-14 20:00:00+00:00,12548.725363247459
2024-10-15 00:00:00+00:00,12548.725363247459
2024-10-15 04:00:00+00:00,12609.45662372089
2024-10-15 08:00:00+00:00,12336.590555742065
2024-10-15 12:00:00+00:00,12165.83809515661
2024-10-15 16:00:00+00:00,12165.83809515661
2024-10-15 20:00:00+00:00,12165.83809515661
2024-10-16 00:00:00+00:00,12165.83809515661
2024-10-16 04:00:00+00:00,12165.83809515661
2024-10-16 08:00:00+00:00,12165.83809515661
2024-10-16 12:00:00+00:00,12165.83809515661
2024-10-16 16:00:00+00:00,12165.83809515661
2024-10-16 20:00:00+00:00,12165.83809515661
2024-10-17 00:00:00+00:00,12165.83809515661
2024-10-17 04:00:00+00:00,12165.83809515661
2024-10-17 08:00:00+00:00,12165.83809515661
2024-10-17 12:00:00+00:00,12165.83809515661
2024-10-17 16:00:00+00:00,12165.83809515661
2024-10-17 20:00:00+00:00,12165.83809515661
2024-10-18 00:00:00+00:00,12165.83809515661
2024-10-18 04:00:00+00:00,12165.83809515661
2024-10-18 08:00:00+00:00,12165.83809515661
2024-10-18 12:00:00+00:00,12165.83809515661
2024-10-18 16:00:00+00:00,12165.83809515661
2024-10-18 20:00:00+00:00,12165.83809515661
2024-10-19 00:00:00+00:00,12165.83809515661
2024-10-19 04:00:00+00:00,12165.83809515661
2024-10-19 08:00:00+00:00,12165.83809515661
2024-10-19 12:00:00+00:00,12165.83809515661
2024-10-19 16:00:00+00:00,12165.83809515661
2024-10-19 20:00:00+00:00,12165.83809515661
2024-10-20 00:00:00+00:00,12165.83809515661
2024-10-20 04:00:00+00:00,12165.83809515661
2024-10-20 08:00:00+00:00,12165.83809515661
2024-10-20 12:00:00+00:00,12165.83809515661
2024-10-20 16:00:00+00:00,12046.166786649424
2024-10-20 20:00:00+00:00,12332.331382259874
2024-10-21 00:00:00+00:00,12228.90672799633
2024-10-21 04:00:00+00:00,12174.399185975293
2024-10-21 08:00:00+00:00,11899.74412202615
2024-10-21 12:00:00+00:00,11899.74412202615
2024-10-21 16:00:00+00:00,11899.74412202615
2024-10-21 20:00:00+00:00,11899.74412202615
2024-10-22 00:00:00+00:00,11899.74412202615
2024-10-22 04:00:00+00:00,11899.74412202615
2024-10-22 08:00:00+00:00,11899.74412202615
2024-10-22 12:00:00+00:00,11899.74412202615
2024-10-22 16:00:00+00:00,11899.74412202615
2024-10-22 20:00:00+00:00,11899.74412202615
2024-10-23 00:00:00+00:00,11899.74412202615
2024-10-23 04:00:00+00:00,11899.74412202615
2024-10-23 08:00:00+00:00,11899.74412202615
2024-10-23 12:00:00+00:00,11899.74412202615
2024-10-23 16:00:00+00:00,11899.74412202615
2024-10-23 20:00:00+00:00,11899.74412202615
2024-10-24 00:00:00+00:00,11899.74412202615
2024-10-24 04:00:00+00:00,11899.74412202615
2024-10-24 08:00:00+00:00,11899.74412202615
2024-10-24 12:00:00+00:00,11899.74412202615
2024-10-24 16:00:00+00:00,11899.74412202615
2024-10-24 20:00:00+00:00,11899.74412202615
2024-10-25 00:00:00+00:00,11899.74412202615
2024-10-25 04:00:00+00:00,11899.74412202615
2024-10-25 08:00:00+00:00,11899.74412202615
2024-10-25 12:00:00+00:00,11899.74412202615
2024-10-25 16:00:00+00:00,11899.74412202615
2024-10-25 20:00:00+00:00,11899.74412202615
2024-10-26 00:00:00+00:00,11899.74412202615
2024-10-26 04:00:00+00:00,11899.74412202615
2024-10-26 08:00:00+00:00,11899.74412202615
2024-10-26 12:00:00+00:00,11899.74412202615
2024-10-26 16:00:00+00:00,11899.74412202615
2024-10-26 20:00:00+00:00,11899.74412202615
2024-10-27 00:00:00+00:00,11899.74412202615
2024-10-27 04:00:00+00:00,11899.74412202615
2024-10-27 08:00:00+00:00,11899.74412202615
2024-10-27 12:00:00+00:00,11899.74412202615
2024-10-27 16:00:00+00:00,11899.74412202615
2024-10-27 20:00:00+00:00,11899.74412202615
2024-10-28 00:00:00+00:00,11899.74412202615
2024-10-28 04:00:00+00:00,11899.74412202615
2024-10-28 08:00:00+00:00,11899.74412202615
2024-10-28 12:00:00+00:00,11899.74412202615
2024-10-28 16:00:00+00:00,11899.74412202615
2024-10-28 20:00:00+00:00,11899.74412202615
2024-10-29 00:00:00+00:00,11899.74412202615
2024-10-29 04:00:00+00:00,11899.74412202615
2024-10-29 08:00:00+00:00,11899.74412202615
2024-10-29 12:00:00+00:00,11981.525243240141
2024-10-29 16:00:00+00:00,11932.276460678377
2024-10-29 20:00:00+00:00,11980.327090715817
2024-10-30 00:00:00+00:00,11993.198611815349
2024-10-30 04:00:00+00:00,12105.767257670808
2024-10-30 08:00:00+00:00,12041.242909866458
2024-10-30 12:00:00+00:00,12336.735605237032
2024-10-30 16:00:00+00:00,12153.811555721913
2024-10-30 20:00:00+00:00,12082.24744622738
2024-10-31 00:00:00+00:00,11940.34200415392
2024-10-31 04:00:00+00:00,11821.393205045855
2024-10-31 08:00:00+00:00,11821.393205045855
2024-10-31 12:00:00+00:00,11821.393205045855
2024-10-31 16:00:00+00:00,11821.393205045855
2024-10-31 20:00:00+00:00,11821.393205045855
2024-11-01 00:00:00+00:00,11821.393205045855
2024-11-01 04:00:00+00:00,11821.393205045855
2024-11-01 08:00:00+00:00,11821.393205045855
2024-11-01 12:00:00+00:00,11821.393205045855
2024-11-01 16:00:00+00:00,11821.393205045855
2024-11-01 20:00:00+00:00,11821.393205045855
2024-11-02 00:00:00+00:00,11821.393205045855
2024-11-02 04:00:00+00:00,11821.393205045855
2024-11-02 08:00:00+00:00,11821.393205045855
2024-11-02 12:00:00+00:00,11821.393205045855
2024-11-02 16:00:00+00:00,11821.393205045855
2024-11-02 20:00:00+00:00,11821.393205045855
2024-11-03 00:00:00+00:00,11821.393205045855
2024-11-03 04:00:00+00:00,11821.393205045855
2024-11-03 08:00:00+00:00,11821.393205045855
2024-11-03 12:00:00+00:00,11821.393205045855
2024-11-03 16:00:00+00:00,11821.393205045855
2024-11-03 20:00:00+00:00,11821.393205045855
2024-11-04 00:00:00+00:00,11821.393205045855
2024-11-04 04:00:00+00:00,11821.393205045855
2024-11-04 08:00:00+00:00,11821.393205045855
2024-11-04 12:00:00+00:00,11821.393205045855
2024-11-04 16:00:00+00:00,11821.393205045855
2024-11-04 20:00:00+00:00,11821.393205045855
2024-11-05 00:00:00+00:00,11821.393205045855
2024-11-05 04:00:00+00:00,11821.393205045855
2024-11-05 08:00:00+00:00,11821.393205045855
2024-11-05 12:00:00+00:00,11821.393205045855
2024-11-05 16:00:00+00:00,11821.393205045855
2024-11-05 20:00:00+00:00,11821.393205045855
2024-11-06 00:00:00+00:00,11821.393205045855
2024-11-06 04:00:00+00:00,11868.72625277105
2024-11-06 08:00:00+00:00,12009.382480306878
2024-11-06 12:00:00+00:00,12048.787281942903
2024-11-06 16:00:00+00:00,12449.47106689867
2024-11-06 20:00:00+00:00,12614.971233769978
2024-11-07 00:00:00+00:00,13181.081892666014
2024-11-07 04:00:00+00:00,12763.390995324138
2024-11-07 08:00:00+00:00,12502.638998086339
2024-11-07 12:00:00+00:00,12502.638998086339
2024-11-07 16:00:00+00:00,12502.638998086339
2024-11-07 20:00:00+00:00,12502.638998086339
2024-11-08 00:00:00+00:00,12502.638998086339
2024-11-08 04:00:00+00:00,12502.638998086339
2024-11-08 08:00:00+00:00,12502.638998086339
2024-11-08 12:00:00+00:00,12502.638998086339
2024-11-08 16:00:00+00:00,12502.638998086339
2024-11-08 20:00:00+00:00,12502.638998086339
2024-11-09 00:00:00+00:00,12502.638998086339
2024-11-09 04:00:00+00:00,12502.638998086339
2024-11-09 08:00:00+00:00,12502.638998086339
2024-11-09 12:00:00+00:00,12502.638998086339
2024-11-09 16:00:00+00:00,12502.638998086339
2024-11-09 20:00:00+00:00,12502.638998086339
2024-11-10 00:00:00+00:00,12502.638998086339
2024-11-10 04:00:00+00:00,12502.638998086339
2024-11-10 08:00:00+00:00,12502.638998086339
2024-11-10 12:00:00+00:00,12502.638998086339
2024-11-10 16:00:00+00:00,12502.638998086339
2024-11-10 20:00:00+00:00,12502.638998086339
2024-11-11 00:00:00+00:00,12502.638998086339
2024-11-11 04:00:00+00:00,12502.638998086339
2024-11-11 08:00:00+00:00,12502.638998086339
2024-11-11 12:00:00+00:00,12502.638998086339
2024-11-11 16:00:00+00:00,12502.638998086339
2024-11-11 20:00:00+00:00,12502.638998086339
2024-11-12 00:00:00+00:00,12502.638998086339
2024-11-12 04:00:00+00:00,12502.638998086339
2024-11-12 08:00:00+00:00,12502.638998086339
2024-11-12 12:00:00+00:00,12502.638998086339
2024-11-12 16:00:00+00:00,12502.638998086339
2024-11-12 20:00:00+00:00,12502.638998086339
2024-11-13 00:00:00+00:00,12502.638998086339
2024-11-13 04:00:00+00:00,12502.638998086339
2024-11-13 08:00:00+00:00,12502.638998086339
2024-11-13 12:00:00+00:00,12502.638998086339
2024-11-13 16:00:00+00:00,12502.638998086339
2024-11-13 20:00:00+00:00,12502.638998086339
2024-11-14 00:00:00+00:00,12502.638998086339
2024-11-14 04:00:00+00:00,12502.638998086339
2024-11-14 08:00:00+00:00,12502.638998086339
2024-11-14 12:00:00+00:00,12502.638998086339
2024-11-14 16:00:00+00:00,12502.638998086339
2024-11-14 20:00:00+00:00,12502.638998086339
2024-11-15 00:00:00+00:00,12502.638998086339
2024-11-15 04:00:00+00:00,12502.638998086339
2024-11-15 08:00:00+00:00,12502.638998086339
2024-11-15 12:00:00+00:00,12502.638998086339
2024-11-15 16:00:00+00:00,12502.638998086339
2024-11-15 20:00:00+00:00,12502.638998086339
2024-11-16 00:00:00+00:00,12502.638998086339
2024-11-16 04:00:00+00:00,12502.638998086339
2024-11-16 08:00:00+00:00,12502.638998086339
2024-11-16 12:00:00+00:00,12502.638998086339
2024-11-16 16:00:00+00:00,12502.638998086339
2024-11-16 20:00:00+00:00,12534.11182135414
2024-11-17 00:00:00+00:00,12213.717120850675
2024-11-17 04:00:00+00:00,12524.072168762654
2024-11-17 08:00:00+00:00,12099.172979384422
2024-11-17 12:00:00+00:00,12219.082884259504
2024-11-17 16:00:00+00:00,11958.102503060796
2024-11-17 20:00:00+00:00,11679.53930403674
2024-11-18 00:00:00+00:00,11679.53930403674
2024-11-18 04:00:00+00:00,11679.53930403674
2024-11-18 08:00:00+00:00,11679.53930403674
2024-11-18 12:00:00+00:00,11679.53930403674
2024-11-18 16:00:00+00:00,11679.53930403674
2024-11-18 20:00:00+00:00,11679.53930403674
2024-11-19 00:00:00+00:00,11679.53930403674
2024-11-19 04:00:00+00:00,11679.53930403674
2024-11-19 08:00:00+00:00,11679.53930403674
2024-11-19 12:00:00+00:00,11679.53930403674
2024-11-19 16:00:00+00:00,11679.53930403674
2024-11-19 20:00:00+00:00,11679.53930403674
2024-11-20 00:00:00+00:00,11679.53930403674
2024-11-20 04:00:00+00:00,11679.53930403674
2024-11-20 08:00:00+00:00,11679.53930403674
2024-11-20 12:00:00+00:00,11679.53930403674
2024-11-20 16:00:00+00:00,11679.53930403674
2024-11-20 20:00:00+00:00,11679.53930403674
2024-11-21 00:00:00+00:00,11679.53930403674
2024-11-21 04:00:00+00:00,11679.53930403674
2024-11-21 08:00:00+00:00,11679.53930403674
2024-11-21 12:00:00+00:00,11679.53930403674
2024-11-21 16:00:00+00:00,11347.45262913511
2024-11-21 20:00:00+00:00,11483.322677445505
2024-11-22 00:00:00+00:00,11320.803989128128
2024-11-22 04:00:00+00:00,11381.456068292604
2024-11-22 08:00:00+00:00,11516.475121781597
2024-11-22 12:00:00+00:00,12067.857659640445
2024-11-22 16:00:00+00:00,11615.72397859619
2024-11-22 20:00:00+00:00,12171.4023378075
2024-11-23 00:00:00+00:00,12252.883443722129
2024-11-23 04:00:00+00:00,12186.717539179066
2024-11-23 08:00:00+00:00,12095.115436694077
2024-11-23 12:00:00+00:00,12591.359720767043
2024-11-23 16:00:00+00:00,12206.5336798463
2024-11-23 20:00:00+00:00,12140.367775303237
2024-11-24 00:00:00+00:00,12642.125884754789
2024-11-24 04:00:00+00:00,12792.210138582179
2024-11-24 08:00:00+00:00,11807.1408250656
2024-11-24 12:00:00+00:00,11807.1408250656
2024-11-24 16:00:00+00:00,11807.1408250656
2024-11-24 20:00:00+00:00,11807.1408250656
2024-11-25 00:00:00+00:00,11807.1408250656
2024-11-25 04:00:00+00:00,11807.1408250656
2024-11-25 08:00:00+00:00,11807.1408250656
2024-11-25 12:00:00+00:00,11807.1408250656
2024-11-25 16:00:00+00:00,11807.1408250656
2024-11-25 20:00:00+00:00,11807.1408250656
2024-11-26 00:00:00+00:00,11807.1408250656
2024-11-26 04:00:00+00:00,11807.1408250656
2024-11-26 08:00:00+00:00,11807.1408250656
2024-11-26 12:00:00+00:00,11807.1408250656
2024-11-26 16:00:00+00:00,11807.1408250656
2024-11-26 20:00:00+00:00,11807.1408250656
2024-11-27 00:00:00+00:00,11807.1408250656
2024-11-27 04:00:00+00:00,11807.1408250656
2024-11-27 08:00:00+00:00,11807.1408250656
2024-11-27 12:00:00+00:00,11807.1408250656
2024-11-27 16:00:00+00:00,11807.1408250656
2024-11-27 20:00:00+00:00,11807.1408250656
2024-11-28 00:00:00+00:00,11807.1408250656
2024-11-28 04:00:00+00:00,11807.1408250656
2024-11-28 08:00:00+00:00,11807.1408250656
2024-11-28 12:00:00+00:00,11807.1408250656
2024-11-28 16:00:00+00:00,11807.1408250656
2024-11-28 20:00:00+00:00,11807.1408250656
2024-11-29 00:00:00+00:00,11807.1408250656
2024-11-29 04:00:00+00:00,11807.1408250656
2024-11-29 08:00:00+00:00,11807.1408250656
2024-11-29 12:00:00+00:00,11807.1408250656
2024-11-29 16:00:00+00:00,11807.1408250656
2024-11-29 20:00:00+00:00,11807.1408250656
2024-11-30 00:00:00+00:00,11807.1408250656
2024-11-30 04:00:00+00:00,11807.1408250656
2024-11-30 08:00:00+00:00,11807.1408250656
2024-11-30 12:00:00+00:00,11807.1408250656
2024-11-30 16:00:00+00:00,11807.1408250656
2024-11-30 20:00:00+00:00,11807.1408250656
2024-12-01 00:00:00+00:00,11807.1408250656
2024-12-01 04:00:00+00:00,11807.1408250656
2024-12-01 08:00:00+00:00,11807.1408250656
2024-12-01 12:00:00+00:00,11807.1408250656
2024-12-01 16:00:00+00:00,11807.1408250656
2024-12-01 20:00:00+00:00,11807.1408250656
2024-12-02 00:00:00+00:00,11807.1408250656
2024-12-02 04:00:00+00:00,11807.1408250656
2024-12-02 08:00:00+00:00,11807.1408250656
2024-12-02 12:00:00+00:00,11807.1408250656
2024-12-02 16:00:00+00:00,11807.1408250656
2024-12-02 20:00:00+00:00,11807.1408250656
2024-12-03 00:00:00+00:00,11807.1408250656
2024-12-03 04:00:00+00:00,11807.1408250656
2024-12-03 08:00:00+00:00,11807.1408250656
2024-12-03 12:00:00+00:00,11807.1408250656
2024-12-03 16:00:00+00:00,11807.1408250656
2024-12-03 20:00:00+00:00,11807.1408250656
2024-12-04 00:00:00+00:00,11807.1408250656
2024-12-04 04:00:00+00:00,11807.1408250656
2024-12-04 08:00:00+00:00,11807.1408250656
2024-12-04 12:00:00+00:00,11807.1408250656
2024-12-04 16:00:00+00:00,11807.1408250656
2024-12-04 20:00:00+00:00,11807.1408250656
2024-12-05 00:00:00+00:00,11807.1408250656
2024-12-05 04:00:00+00:00,11807.1408250656
2024-12-05 08:00:00+00:00,11807.1408250656
2024-12-05 12:00:00+00:00,11807.1408250656
2024-12-05 16:00:00+00:00,11807.1408250656
2024-12-05 20:00:00+00:00,11807.1408250656
2024-12-06 00:00:00+00:00,11807.1408250656
2024-12-06 04:00:00+00:00,11807.1408250656
2024-12-06 08:00:00+00:00,11807.1408250656
2024-12-06 12:00:00+00:00,11807.1408250656
2024-12-06 16:00:00+00:00,11807.1408250656
2024-12-06 20:00:00+00:00,11807.1408250656
2024-12-07 00:00:00+00:00,11807.1408250656
2024-12-07 04:00:00+00:00,11807.1408250656
2024-12-07 08:00:00+00:00,11807.1408250656
2024-12-07 12:00:00+00:00,11807.1408250656
2024-12-07 16:00:00+00:00,11807.1408250656
2024-12-07 20:00:00+00:00,11807.1408250656
2024-12-08 00:00:00+00:00,11807.1408250656
2024-12-08 04:00:00+00:00,11807.1408250656
2024-12-08 08:00:00+00:00,11807.1408250656
2024-12-08 12:00:00+00:00,11807.1408250656
2024-12-08 16:00:00+00:00,11807.1408250656
2024-12-08 20:00:00+00:00,11807.1408250656
2024-12-09 00:00:00+00:00,11807.1408250656
2024-12-09 04:00:00+00:00,11807.1408250656
2024-12-09 08:00:00+00:00,11807.1408250656
2024-12-09 12:00:00+00:00,11807.1408250656
2024-12-09 16:00:00+00:00,11807.1408250656
2024-12-09 20:00:00+00:00,11807.1408250656
2024-12-10 00:00:00+00:00,11807.1408250656
2024-12-10 04:00:00+00:00,11807.1408250656
2024-12-10 08:00:00+00:00,11807.1408250656
2024-12-10 12:00:00+00:00,11807.1408250656
2024-12-10 16:00:00+00:00,11807.1408250656
2024-12-10 20:00:00+00:00,11807.1408250656
2024-12-11 00:00:00+00:00,11807.1408250656
2024-12-11 04:00:00+00:00,11807.1408250656
2024-12-11 08:00:00+00:00,11807.1408250656
2024-12-11 12:00:00+00:00,11807.1408250656
2024-12-11 16:00:00+00:00,11807.1408250656
2024-12-11 20:00:00+00:00,11807.1408250656
2024-12-12 00:00:00+00:00,11807.1408250656
2024-12-12 04:00:00+00:00,11807.1408250656
2024-12-12 08:00:00+00:00,11807.1408250656
2024-12-12 12:00:00+00:00,11807.1408250656
2024-12-12 16:00:00+00:00,11373.827707258659
2024-12-12 20:00:00+00:00,11476.242136626977
2024-12-13 00:00:00+00:00,11664.189011110713
2024-12-13 04:00:00+00:00,11367.01061495906
2024-12-13 08:00:00+00:00,11811.596699926688
2024-12-13 12:00:00+00:00,11496.407491887056
2024-12-13 16:00:00+00:00,11442.375056223118
2024-12-13 20:00:00+00:00,11549.284533968377
2024-12-14 00:00:00+00:00,11593.151667402739
2024-12-14 04:00:00+00:00,11669.697617926651
2024-12-14 08:00:00+00:00,11700.045835957895
2024-12-14 12:00:00+00:00,11339.829598198317
2024-12-14 16:00:00+00:00,11025.872702370292
2024-12-14 20:00:00+00:00,11025.872702370292
2024-12-15 00:00:00+00:00,11025.872702370292
2024-12-15 04:00:00+00:00,11025.872702370292
2024-12-15 08:00:00+00:00,11025.872702370292
2024-12-15 12:00:00+00:00,11025.872702370292
2024-12-15 16:00:00+00:00,11025.872702370292
2024-12-15 20:00:00+00:00,11025.872702370292
2024-12-16 00:00:00+00:00,11025.872702370292
2024-12-16 04:00:00+00:00,11025.872702370292
2024-12-16 08:00:00+00:00,11025.872702370292
2024-12-16 12:00:00+00:00,11025.872702370292
2024-12-16 16:00:00+00:00,11025.872702370292
2024-12-16 20:00:00+00:00,11025.872702370292
2024-12-17 00:00:00+00:00,11025.872702370292
2024-12-17 04:00:00+00:00,11025.872702370292
2024-12-17 08:00:00+00:00,11025.872702370292
2024-12-17 12:00:00+00:00,11025.872702370292
2024-12-17 16:00:00+00:00,11025.872702370292
2024-12-17 20:00:00+00:00,11025.872702370292
2024-12-18 00:00:00+00:00,11025.872702370292
2024-12-18 04:00:00+00:00,11025.872702370292
2024-12-18 08:00:00+00:00,11025.872702370292
2024-12-18 12:00:00+00:00,11025.872702370292
2024-12-18 16:00:00+00:00,11025.872702370292
2024-12-18 20:00:00+00:00,11025.872702370292
2024-12-19 00:00:00+00:00,11025.872702370292
2024-12-19 04:00:00+00:00,11025.872702370292
2024-12-19 08:00:00+00:00,11025.872702370292
2024-12-19 12:00:00+00:00,11025.872702370292
2024-12-19 16:00:00+00:00,11025.872702370292
2024-12-19 20:00:00+00:00,11025.872702370292
2024-12-20 00:00:00+00:00,11025.872702370292
2024-12-20 04:00:00+00:00,11025.872702370292
2024-12-20 08:00:00+00:00,11025.872702370292
2024-12-20 12:00:00+00:00,11025.872702370292
2024-12-20 16:00:00+00:00,11025.872702370292
2024-12-20 20:00:00+00:00,11025.872702370292
2024-12-21 00:00:00+00:00,11025.872702370292
2024-12-21 04:00:00+00:00,11025.872702370292
2024-12-21 08:00:00+00:00,11025.872702370292
2024-12-21 12:00:00+00:00,11025.872702370292
2024-12-21 16:00:00+00:00,11025.872702370292
2024-12-21 20:00:00+00:00,11025.872702370292
2024-12-22 00:00:00+00:00,11025.872702370292
2024-12-22 04:00:00+00:00,11025.872702370292
2024-12-22 08:00:00+00:00,11025.872702370292
2024-12-22 12:00:00+00:00,11025.872702370292
2024-12-22 16:00:00+00:00,11025.872702370292
2024-12-22 20:00:00+00:00,11025.872702370292
2024-12-23 00:00:00+00:00,11025.872702370292
2024-12-23 04:00:00+00:00,11025.872702370292
2024-12-23 08:00:00+00:00,11025.872702370292
2024-12-23 12:00:00+00:00,11025.872702370292
2024-12-23 16:00:00+00:00,11025.872702370292
2024-12-23 20:00:00+00:00,11025.872702370292
2024-12-24 00:00:00+00:00,11025.872702370292
2024-12-24 04:00:00+00:00,11025.872702370292
2024-12-24 08:00:00+00:00,11025.872702370292
2024-12-24 12:00:00+00:00,11025.872702370292
2024-12-24 16:00:00+00:00,11025.872702370292
2024-12-24 20:00:00+00:00,11025.872702370292
2024-12-25 00:00:00+00:00,11025.872702370292
2024-12-25 04:00:00+00:00,11025.872702370292
2024-12-25 08:00:00+00:00,11025.872702370292
2024-12-25 12:00:00+00:00,11025.872702370292
2024-12-25 16:00:00+00:00,11025.872702370292
2024-12-25 20:00:00+00:00,11025.872702370292
2024-12-26 00:00:00+00:00,11025.872702370292
2024-12-26 04:00:00+00:00,11025.872702370292
2024-12-26 08:00:00+00:00,11025.872702370292
2024-12-26 12:00:00+00:00,11025.872702370292
2024-12-26 16:00:00+00:00,11025.872702370292
2024-12-26 20:00:00+00:00,11025.872702370292
2024-12-27 00:00:00+00:00,11025.872702370292
2024-12-27 04:00:00+00:00,11025.872702370292
2024-12-27 08:00:00+00:00,11025.872702370292
2024-12-27 12:00:00+00:00,11025.872702370292
2024-12-27 16:00:00+00:00,11025.872702370292
2024-12-27 20:00:00+00:00,11025.872702370292
2024-12-28 00:00:00+00:00,11025.872702370292
2024-12-28 04:00:00+00:00,11025.872702370292
2024-12-28 08:00:00+00:00,11025.872702370292
2024-12-28 12:00:00+00:00,11025.872702370292
2024-12-28 16:00:00+00:00,11025.872702370292
2024-12-28 20:00:00+00:00,11025.872702370292
2024-12-29 00:00:00+00:00,11025.872702370292
2024-12-29 04:00:00+00:00,11025.872702370292
2024-12-29 08:00:00+00:00,11025.872702370292
2024-12-29 12:00:00+00:00,11025.872702370292
2024-12-29 16:00:00+00:00,11025.872702370292
2024-12-29 20:00:00+00:00,11025.872702370292
2024-12-30 00:00:00+00:00,11025.872702370292
2024-12-30 04:00:00+00:00,11025.872702370292
2024-12-30 08:00:00+00:00,11025.872702370292
2024-12-30 12:00:00+00:00,11025.872702370292
2024-12-30 16:00:00+00:00,11025.872702370292
2024-12-30 20:00:00+00:00,11025.872702370292
2024-12-31 00:00:00+00:00,11025.872702370292
2024-12-31 04:00:00+00:00,11025.872702370292
2024-12-31 08:00:00+00:00,11025.872702370292
2024-12-31 12:00:00+00:00,11025.872702370292
2024-12-31 16:00:00+00:00,11025.872702370292
2024-12-31 20:00:00+00:00,11025.872702370292
2025-01-01 00:00:00+00:00,11025.872702370292
2025-01-01 04:00:00+00:00,11025.872702370292
2025-01-01 08:00:00+00:00,11025.872702370292
2025-01-01 12:00:00+00:00,11025.872702370292
2025-01-01 16:00:00+00:00,11025.872702370292
2025-01-01 20:00:00+00:00,11025.872702370292
2025-01-02 00:00:00+00:00,11025.872702370292
2025-01-02 04:00:00+00:00,11025.872702370292
2025-01-02 08:00:00+00:00,11025.872702370292
2025-01-02 12:00:00+00:00,11025.872702370292
2025-01-02 16:00:00+00:00,11025.872702370292
2025-01-02 20:00:00+00:00,11025.872702370292
2025-01-03 00:00:00+00:00,11025.872702370292
2025-01-03 04:00:00+00:00,11025.872702370292
2025-01-03 08:00:00+00:00,11025.872702370292
2025-01-03 12:00:00+00:00,11576.621351116353
2025-01-03 16:00:00+00:00,11639.096922653807
2025-01-03 20:00:00+00:00,11668.02401248668
2025-01-04 00:00:00+00:00,11649.502575408485
2025-01-04 04:00:00+00:00,11851.992204238608
2025-01-04 08:00:00+00:00,11908.65516634504
2025-01-04 12:00:00+00:00,11879.728076512163
2025-01-04 16:00:00+00:00,11924.818467060055
2025-01-04 20:00:00+00:00,11924.818467060055
2025-01-05 00:00:00+00:00,11946.76487157446
2025-01-05 04:00:00+00:00,12085.614902772257
2025-01-05 08:00:00+00:00,12009.202837895127
2025-01-05 12:00:00+00:00,11957.134076195955
2025-01-05 16:00:00+00:00,12060.064761406473
2025-01-05 20:00:00+00:00,12106.348105139072
2025-01-06 00:00:00+00:00,12191.909229988545
2025-01-06 04:00:00+00:00,12087.771706590198
2025-01-06 08:00:00+00:00,12139.84046828937
2025-01-06 12:00:00+00:00,12352.664589233184
2025-01-06 16:00:00+00:00,12299.364690590726
2025-01-06 20:00:00+00:00,12195.227167192377
2025-01-07 00:00:00+00:00,12095.664173780198
2025-01-07 04:00:00+00:00,12055.166248014173
2025-01-07 08:00:00+00:00,11902.429558309404
2025-01-07 12:00:00+00:00,11902.429558309404
2025-01-07 16:00:00+00:00,11902.429558309404
2025-01-07 20:00:00+00:00,11902.429558309404
2025-01-08 00:00:00+00:00,11902.429558309404
2025-01-08 04:00:00+00:00,11902.429558309404
2025-01-08 08:00:00+00:00,11902.429558309404
2025-01-08 12:00:00+00:00,11902.429558309404
2025-01-08 16:00:00+00:00,11902.429558309404
2025-01-08 20:00:00+00:00,11902.429558309404
2025-01-09 00:00:00+00:00,11902.429558309404
2025-01-09 04:00:00+00:00,11902.429558309404
2025-01-09 08:00:00+00:00,11902.429558309404
2025-01-09 12:00:00+00:00,11902.429558309404
2025-01-09 16:00:00+00:00,11902.429558309404
2025-01-09 20:00:00+00:00,11902.429558309404
2025-01-10 00:00:00+00:00,11902.429558309404
2025-01-10 04:00:00+00:00,11902.429558309404
2025-01-10 08:00:00+00:00,11902.429558309404
2025-01-10 12:00:00+00:00,11902.429558309404
2025-01-10 16:00:00+00:00,11902.429558309404
2025-01-10 20:00:00+00:00,11902.429558309404
2025-01-11 00:00:00+00:00,11902.429558309404
2025-01-11 04:00:00+00:00,11902.429558309404
2025-01-11 08:00:00+00:00,11902.429558309404
2025-01-11 12:00:00+00:00,11902.429558309404
2025-01-11 16:00:00+00:00,11902.429558309404
2025-01-11 20:00:00+00:00,11902.429558309404
2025-01-12 00:00:00+00:00,11902.429558309404
2025-01-12 04:00:00+00:00,11902.429558309404
2025-01-12 08:00:00+00:00,11902.429558309404
2025-01-12 12:00:00+00:00,11902.429558309404
2025-01-12 16:00:00+00:00,11902.429558309404
2025-01-12 20:00:00+00:00,11902.429558309404
2025-01-13 00:00:00+00:00,11902.429558309404
2025-01-13 04:00:00+00:00,11902.429558309404
2025-01-13 08:00:00+00:00,11902.429558309404
2025-01-13 12:00:00+00:00,11902.429558309404
2025-01-13 16:00:00+00:00,11902.429558309404
2025-01-13 20:00:00+00:00,11902.429558309404
2025-01-14 00:00:00+00:00,11902.429558309404
2025-01-14 04:00:00+00:00,11902.429558309404
2025-01-14 08:00:00+00:00,11902.429558309404
2025-01-14 12:00:00+00:00,11902.429558309404
2025-01-14 16:00:00+00:00,11902.429558309404
2025-01-14 20:00:00+00:00,11902.429558309404
2025-01-15 00:00:00+00:00,11902.429558309404
2025-01-15 04:00:00+00:00,11902.429558309404
2025-01-15 08:00:00+00:00,11902.429558309404
2025-01-15 12:00:00+00:00,11902.429558309404
2025-01-15 16:00:00+00:00,12123.327793354543
2025-01-15 20:00:00+00:00,12232.778973645049
2025-01-16 00:00:00+00:00,11986.924581832733
2025-01-16 04:00:00+00:00,12089.937457400269
2025-01-16 08:00:00+00:00,12075.853021988296
2025-01-16 12:00:00+00:00,12165.989288109891
2025-01-16 16:00:00+00:00,12074.645196022268
2025-01-16 20:00:00+00:00,11829.989616549368
2025-01-17 00:00:00+00:00,12074.645196022268
2025-01-17 04:00:00+00:00,12240.816553261207
2025-01-17 08:00:00+00:00,12413.408831800365
2025-01-17 12:00:00+00:00,12368.340698739567
2025-01-17 16:00:00+00:00,12406.970527077394
2025-01-17 20:00:00+00:00,12631.047353164264
2025-01-18 00:00:00+00:00,12327.213451999702
2025-01-18 04:00:00+00:00,12087.248048891064
2025-01-18 08:00:00+00:00,12087.248048891064
2025-01-18 12:00:00+00:00,12087.248048891064
2025-01-18 16:00:00+00:00,12087.248048891064
2025-01-18 20:00:00+00:00,12087.248048891064
2025-01-19 00:00:00+00:00,12087.248048891064
2025-01-19 04:00:00+00:00,12087.248048891064
2025-01-19 08:00:00+00:00,12087.248048891064
2025-01-19 12:00:00+00:00,12087.248048891064
2025-01-19 16:00:00+00:00,12087.248048891064
2025-01-19 20:00:00+00:00,12087.248048891064
2025-01-20 00:00:00+00:00,12087.248048891064
2025-01-20 04:00:00+00:00,12087.248048891064
2025-01-20 08:00:00+00:00,12087.248048891064
2025-01-20 12:00:00+00:00,12087.248048891064
2025-01-20 16:00:00+00:00,12087.248048891064
2025-01-20 20:00:00+00:00,12087.248048891064
2025-01-21 00:00:00+00:00,12087.248048891064
2025-01-21 04:00:00+00:00,12087.248048891064
2025-01-21 08:00:00+00:00,12087.248048891064
2025-01-21 12:00:00+00:00,12087.248048891064
2025-01-21 16:00:00+00:00,12087.248048891064
2025-01-21 20:00:00+00:00,12087.248048891064
2025-01-22 00:00:00+00:00,12087.248048891064
2025-01-22 04:00:00+00:00,12087.248048891064
2025-01-22 08:00:00+00:00,12087.248048891064
2025-01-22 12:00:00+00:00,12087.248048891064
2025-01-22 16:00:00+00:00,12087.248048891064
2025-01-22 20:00:00+00:00,12087.248048891064
2025-01-23 00:00:00+00:00,12087.248048891064
2025-01-23 04:00:00+00:00,12087.248048891064
2025-01-23 08:00:00+00:00,12087.248048891064
2025-01-23 12:00:00+00:00,12087.248048891064
2025-01-23 16:00:00+00:00,12087.248048891064
2025-01-23 20:00:00+00:00,12087.248048891064
2025-01-24 00:00:00+00:00,12087.248048891064
2025-01-24 04:00:00+00:00,12087.248048891064
2025-01-24 08:00:00+00:00,12087.248048891064
2025-01-24 12:00:00+00:00,12087.248048891064
2025-01-24 16:00:00+00:00,11849.023137632708
2025-01-24 20:00:00+00:00,11436.483682258271
2025-01-25 00:00:00+00:00,11436.483682258271
2025-01-25 04:00:00+00:00,11436.483682258271
2025-01-25 08:00:00+00:00,11436.483682258271
2025-01-25 12:00:00+00:00,11436.483682258271
2025-01-25 16:00:00+00:00,11436.483682258271
2025-01-25 20:00:00+00:00,11436.483682258271
2025-01-26 00:00:00+00:00,11436.483682258271
2025-01-26 04:00:00+00:00,11436.483682258271
2025-01-26 08:00:00+00:00,11436.483682258271
2025-01-26 12:00:00+00:00,11436.483682258271
2025-01-26 16:00:00+00:00,11436.483682258271
2025-01-26 20:00:00+00:00,11436.483682258271
2025-01-27 00:00:00+00:00,11436.483682258271
2025-01-27 04:00:00+00:00,11436.483682258271
2025-01-27 08:00:00+00:00,11436.483682258271
2025-01-27 12:00:00+00:00,11436.483682258271
2025-01-27 16:00:00+00:00,11436.483682258271
2025-01-27 20:00:00+00:00,11436.483682258271
2025-01-28 00:00:00+00:00,11436.483682258271
2025-01-28 04:00:00+00:00,11436.483682258271
2025-01-28 08:00:00+00:00,11436.483682258271
2025-01-28 12:00:00+00:00,11436.483682258271
2025-01-28 16:00:00+00:00,11436.483682258271
2025-01-28 20:00:00+00:00,11436.483682258271
2025-01-29 00:00:00+00:00,11436.483682258271
2025-01-29 04:00:00+00:00,11436.483682258271
2025-01-29 08:00:00+00:00,11436.483682258271
2025-01-29 12:00:00+00:00,11436.483682258271
2025-01-29 16:00:00+00:00,11436.483682258271
2025-01-29 20:00:00+00:00,11436.483682258271
2025-01-30 00:00:00+00:00,11436.483682258271
2025-01-30 04:00:00+00:00,11436.483682258271
2025-01-30 08:00:00+00:00,11436.483682258271
2025-01-30 12:00:00+00:00,11436.483682258271
2025-01-30 16:00:00+00:00,11436.483682258271
2025-01-30 20:00:00+00:00,11436.483682258271
2025-01-31 00:00:00+00:00,11436.483682258271
2025-01-31 04:00:00+00:00,11436.483682258271
2025-01-31 08:00:00+00:00,11436.483682258271
2025-01-31 12:00:00+00:00,11436.483682258271
2025-01-31 16:00:00+00:00,11436.483682258271
2025-01-31 20:00:00+00:00,11436.483682258271
2025-02-01 00:00:00+00:00,11436.483682258271
2025-02-01 04:00:00+00:00,11436.483682258271
2025-02-01 08:00:00+00:00,11436.483682258271
2025-02-01 12:00:00+00:00,11436.483682258271
2025-02-01 16:00:00+00:00,11436.483682258271
2025-02-01 20:00:00+00:00,11436.483682258271
2025-02-02 00:00:00+00:00,11436.483682258271
2025-02-02 04:00:00+00:00,11436.483682258271
2025-02-02 08:00:00+00:00,11436.483682258271
2025-02-02 12:00:00+00:00,11436.483682258271
2025-02-02 16:00:00+00:00,11436.483682258271
2025-02-02 20:00:00+00:00,11436.483682258271
2025-02-03 00:00:00+00:00,11436.483682258271
2025-02-03 04:00:00+00:00,11436.483682258271
2025-02-03 08:00:00+00:00,11436.483682258271
2025-02-03 12:00:00+00:00,11436.483682258271
2025-02-03 16:00:00+00:00,11436.483682258271
2025-02-03 20:00:00+00:00,11436.483682258271
2025-02-04 00:00:00+00:00,11436.483682258271
2025-02-04 04:00:00+00:00,11436.483682258271
2025-02-04 08:00:00+00:00,11436.483682258271
2025-02-04 12:00:00+00:00,11436.483682258271
2025-02-04 16:00:00+00:00,11436.483682258271
2025-02-04 20:00:00+00:00,11436.483682258271
2025-02-05 00:00:00+00:00,11436.483682258271
2025-02-05 04:00:00+00:00,11436.483682258271
2025-02-05 08:00:00+00:00,11436.483682258271
2025-02-05 12:00:00+00:00,11436.483682258271
2025-02-05 16:00:00+00:00,11436.483682258271
2025-02-05 20:00:00+00:00,11436.483682258271
2025-02-06 00:00:00+00:00,11436.483682258271
2025-02-06 04:00:00+00:00,11436.483682258271
2025-02-06 08:00:00+00:00,11436.483682258271
2025-02-06 12:00:00+00:00,11436.483682258271
2025-02-06 16:00:00+00:00,11436.483682258271
2025-02-06 20:00:00+00:00,11436.483682258271
2025-02-07 00:00:00+00:00,11436.483682258271
2025-02-07 04:00:00+00:00,11436.483682258271
2025-02-07 08:00:00+00:00,11436.483682258271
2025-02-07 12:00:00+00:00,11436.483682258271
2025-02-07 16:00:00+00:00,11436.483682258271
2025-02-07 20:00:00+00:00,11436.483682258271
2025-02-08 00:00:00+00:00,11436.483682258271
2025-02-08 04:00:00+00:00,11436.483682258271
2025-02-08 08:00:00+00:00,11436.483682258271
2025-02-08 12:00:00+00:00,11436.483682258271
2025-02-08 16:00:00+00:00,11436.483682258271
2025-02-08 20:00:00+00:00,11436.483682258271
2025-02-09 00:00:00+00:00,11436.483682258271
2025-02-09 04:00:00+00:00,11436.483682258271
2025-02-09 08:00:00+00:00,11436.483682258271
2025-02-09 12:00:00+00:00,11436.483682258271
2025-02-09 16:00:00+00:00,11436.483682258271
2025-02-09 20:00:00+00:00,11436.483682258271
2025-02-10 00:00:00+00:00,11436.483682258271
2025-02-10 04:00:00+00:00,11436.483682258271
2025-02-10 08:00:00+00:00,11436.483682258271
2025-02-10 12:00:00+00:00,11436.483682258271
2025-02-10 16:00:00+00:00,11436.483682258271
2025-02-10 20:00:00+00:00,11436.483682258271
2025-02-11 00:00:00+00:00,11436.483682258271
2025-02-11 04:00:00+00:00,11436.483682258271
2025-02-11 08:00:00+00:00,11436.483682258271
2025-02-11 12:00:00+00:00,11436.483682258271
2025-02-11 16:00:00+00:00,11436.483682258271
2025-02-11 20:00:00+00:00,11436.483682258271
2025-02-12 00:00:00+00:00,11436.483682258271
2025-02-12 04:00:00+00:00,11436.483682258271
2025-02-12 08:00:00+00:00,11436.483682258271
2025-02-12 12:00:00+00:00,11436.483682258271
2025-02-12 16:00:00+00:00,11436.483682258271
2025-02-12 20:00:00+00:00,11436.483682258271
2025-02-13 00:00:00+00:00,11436.483682258271
2025-02-13 04:00:00+00:00,11000.046734040538
2025-02-13 08:00:00+00:00,10806.694331572608
2025-02-13 12:00:00+00:00,10806.694331572608
2025-02-13 16:00:00+00:00,10806.694331572608
2025-02-13 20:00:00+00:00,10806.694331572608
2025-02-14 00:00:00+00:00,10806.694331572608
2025-02-14 04:00:00+00:00,10806.694331572608
2025-02-14 08:00:00+00:00,10806.694331572608
2025-02-14 12:00:00+00:00,10806.694331572608
2025-02-14 16:00:00+00:00,10806.694331572608
2025-02-14 20:00:00+00:00,10806.694331572608
2025-02-15 00:00:00+00:00,10806.694331572608
2025-02-15 04:00:00+00:00,10806.694331572608
2025-02-15 08:00:00+00:00,10806.694331572608
2025-02-15 12:00:00+00:00,10806.694331572608
2025-02-15 16:00:00+00:00,10806.694331572608
2025-02-15 20:00:00+00:00,10806.694331572608
2025-02-16 00:00:00+00:00,10806.694331572608
2025-02-16 04:00:00+00:00,10806.694331572608
2025-02-16 08:00:00+00:00,10806.694331572608
2025-02-16 12:00:00+00:00,10806.694331572608
2025-02-16 16:00:00+00:00,10806.694331572608
2025-02-16 20:00:00+00:00,10806.694331572608
2025-02-17 00:00:00+00:00,10806.694331572608
2025-02-17 04:00:00+00:00,10806.694331572608
2025-02-17 08:00:00+00:00,10806.694331572608
2025-02-17 12:00:00+00:00,10806.694331572608
2025-02-17 16:00:00+00:00,10806.694331572608
2025-02-17 20:00:00+00:00,10806.694331572608
2025-02-18 00:00:00+00:00,10806.694331572608
2025-02-18 04:00:00+00:00,10806.694331572608
2025-02-18 08:00:00+00:00,10806.694331572608
2025-02-18 12:00:00+00:00,10806.694331572608
2025-02-18 16:00:00+00:00,10806.694331572608
2025-02-18 20:00:00+00:00,10806.694331572608
2025-02-19 00:00:00+00:00,10806.694331572608
2025-02-19 04:00:00+00:00,10806.694331572608
2025-02-19 08:00:00+00:00,10806.694331572608
2025-02-19 12:00:00+00:00,10806.694331572608
2025-02-19 16:00:00+00:00,10806.694331572608
2025-02-19 20:00:00+00:00,10806.694331572608
2025-02-20 00:00:00+00:00,10806.694331572608
2025-02-20 04:00:00+00:00,10806.694331572608
2025-02-20 08:00:00+00:00,10806.694331572608
2025-02-20 12:00:00+00:00,10806.694331572608
2025-02-20 16:00:00+00:00,10806.694331572608
2025-02-20 20:00:00+00:00,10806.694331572608
2025-02-21 00:00:00+00:00,10806.694331572608
2025-02-21 04:00:00+00:00,10806.694331572608
2025-02-21 08:00:00+00:00,10806.694331572608
2025-02-21 12:00:00+00:00,10806.694331572608
2025-02-21 16:00:00+00:00,10806.694331572608
2025-02-21 20:00:00+00:00,10806.694331572608
2025-02-22 00:00:00+00:00,10806.694331572608
2025-02-22 04:00:00+00:00,10806.694331572608
2025-02-22 08:00:00+00:00,10806.694331572608
2025-02-22 12:00:00+00:00,10806.694331572608
2025-02-22 16:00:00+00:00,10806.694331572608
2025-02-22 20:00:00+00:00,10806.694331572608
2025-02-23 00:00:00+00:00,10806.694331572608
2025-02-23 04:00:00+00:00,10806.694331572608
2025-02-23 08:00:00+00:00,10806.694331572608
2025-02-23 12:00:00+00:00,10806.694331572608
2025-02-23 16:00:00+00:00,10806.694331572608
2025-02-23 20:00:00+00:00,10806.694331572608
2025-02-24 00:00:00+00:00,10806.694331572608
2025-02-24 04:00:00+00:00,10806.694331572608
2025-02-24 08:00:00+00:00,10806.694331572608
2025-02-24 12:00:00+00:00,10806.694331572608
2025-02-24 16:00:00+00:00,10806.694331572608
2025-02-24 20:00:00+00:00,10806.694331572608
2025-02-25 00:00:00+00:00,10806.694331572608
2025-02-25 04:00:00+00:00,10806.694331572608
2025-02-25 08:00:00+00:00,10806.694331572608
2025-02-25 12:00:00+00:00,10806.694331572608
2025-02-25 16:00:00+00:00,10806.694331572608
2025-02-25 20:00:00+00:00,10806.694331572608
2025-02-26 00:00:00+00:00,10806.694331572608
2025-02-26 04:00:00+00:00,10806.694331572608
2025-02-26 08:00:00+00:00,10806.694331572608
2025-02-26 12:00:00+00:00,10806.694331572608
2025-02-26 16:00:00+00:00,10806.694331572608
2025-02-26 20:00:00+00:00,10806.694331572608
2025-02-27 00:00:00+00:00,10806.694331572608
2025-02-27 04:00:00+00:00,10806.694331572608
2025-02-27 08:00:00+00:00,10806.694331572608
2025-02-27 12:00:00+00:00,10806.694331572608
2025-02-27 16:00:00+00:00,10806.694331572608
2025-02-27 20:00:00+00:00,10806.694331572608
2025-02-28 00:00:00+00:00,10806.694331572608
2025-02-28 04:00:00+00:00,10806.694331572608
2025-02-28 08:00:00+00:00,10806.694331572608
2025-02-28 12:00:00+00:00,10806.694331572608
2025-02-28 16:00:00+00:00,10806.694331572608
2025-02-28 20:00:00+00:00,10806.694331572608
2025-03-01 00:00:00+00:00,10806.694331572608
2025-03-01 04:00:00+00:00,10806.694331572608
2025-03-01 08:00:00+00:00,10806.694331572608
2025-03-01 12:00:00+00:00,10806.694331572608
2025-03-01 16:00:00+00:00,10806.694331572608
2025-03-01 20:00:00+00:00,10806.694331572608
2025-03-02 00:00:00+00:00,10806.694331572608
2025-03-02 04:00:00+00:00,10806.694331572608
2025-03-02 08:00:00+00:00,10806.694331572608
2025-03-02 12:00:00+00:00,10806.694331572608
2025-03-02 16:00:00+00:00,10806.694331572608
2025-03-02 20:00:00+00:00,10806.694331572608
2025-03-03 00:00:00+00:00,10806.694331572608
2025-03-03 04:00:00+00:00,10806.694331572608
2025-03-03 08:00:00+00:00,10806.694331572608
2025-03-03 12:00:00+00:00,10806.694331572608
2025-03-03 16:00:00+00:00,10806.694331572608
2025-03-03 20:00:00+00:00,10806.694331572608
2025-03-04 00:00:00+00:00,10806.694331572608
2025-03-04 04:00:00+00:00,10806.694331572608
2025-03-04 08:00:00+00:00,10806.694331572608
2025-03-04 12:00:00+00:00,10806.694331572608
2025-03-04 16:00:00+00:00,10806.694331572608
2025-03-04 20:00:00+00:00,10806.694331572608
2025-03-05 00:00:00+00:00,10806.694331572608
2025-03-05 04:00:00+00:00,10806.694331572608
2025-03-05 08:00:00+00:00,10806.694331572608
2025-03-05 12:00:00+00:00,10806.694331572608
2025-03-05 16:00:00+00:00,10806.694331572608
2025-03-05 20:00:00+00:00,10806.694331572608
2025-03-06 00:00:00+00:00,10806.694331572608
2025-03-06 04:00:00+00:00,10806.694331572608
2025-03-06 08:00:00+00:00,10806.694331572608
2025-03-06 12:00:00+00:00,10806.694331572608
2025-03-06 16:00:00+00:00,10806.694331572608
2025-03-06 20:00:00+00:00,10806.694331572608
2025-03-07 00:00:00+00:00,10806.694331572608
2025-03-07 04:00:00+00:00,10806.694331572608
2025-03-07 08:00:00+00:00,10806.694331572608
2025-03-07 12:00:00+00:00,10806.694331572608
2025-03-07 16:00:00+00:00,10806.694331572608
2025-03-07 20:00:00+00:00,10806.694331572608
2025-03-08 00:00:00+00:00,10806.694331572608
2025-03-08 04:00:00+00:00,10806.694331572608
2025-03-08 08:00:00+00:00,10806.694331572608
2025-03-08 12:00:00+00:00,10806.694331572608
2025-03-08 16:00:00+00:00,10806.694331572608
2025-03-08 20:00:00+00:00,10806.694331572608
2025-03-09 00:00:00+00:00,10806.694331572608
2025-03-09 04:00:00+00:00,10806.694331572608
2025-03-09 08:00:00+00:00,10806.694331572608
2025-03-09 12:00:00+00:00,10806.694331572608
2025-03-09 16:00:00+00:00,10806.694331572608
2025-03-09 20:00:00+00:00,10806.694331572608
2025-03-10 00:00:00+00:00,10806.694331572608
2025-03-10 04:00:00+00:00,10598.983488033855
2025-03-10 08:00:00+00:00,10166.78158037652
2025-03-10 12:00:00+00:00,10166.78158037652
2025-03-10 16:00:00+00:00,10166.78158037652
2025-03-10 20:00:00+00:00,10166.78158037652
2025-03-11 00:00:00+00:00,10166.78158037652
2025-03-11 04:00:00+00:00,10166.78158037652
2025-03-11 08:00:00+00:00,10166.78158037652
2025-03-11 12:00:00+00:00,10166.78158037652
2025-03-11 16:00:00+00:00,10166.78158037652
2025-03-11 20:00:00+00:00,10166.78158037652
2025-03-12 00:00:00+00:00,10166.78158037652
2025-03-12 04:00:00+00:00,10166.78158037652
2025-03-12 08:00:00+00:00,10166.78158037652
2025-03-12 12:00:00+00:00,10166.78158037652
2025-03-12 16:00:00+00:00,10166.78158037652
2025-03-12 20:00:00+00:00,10166.78158037652
2025-03-13 00:00:00+00:00,10166.78158037652
2025-03-13 04:00:00+00:00,10166.78158037652
2025-03-13 08:00:00+00:00,10166.78158037652
2025-03-13 12:00:00+00:00,10166.78158037652
2025-03-13 16:00:00+00:00,10166.78158037652
2025-03-13 20:00:00+00:00,10166.78158037652
2025-03-14 00:00:00+00:00,10166.78158037652
2025-03-14 04:00:00+00:00,10158.2116207268
2025-03-14 08:00:00+00:00,10171.03232758019
2025-03-14 12:00:00+00:00,10005.771397695773
2025-03-14 16:00:00+00:00,10006.317688357123
2025-03-14 20:00:00+00:00,10100.752505433931
2025-03-15 00:00:00+00:00,9986.435042594647
2025-03-15 04:00:00+00:00,9986.435042594647
2025-03-15 08:00:00+00:00,9986.435042594647
2025-03-15 12:00:00+00:00,9986.435042594647
2025-03-15 16:00:00+00:00,9986.435042594647
2025-03-15 20:00:00+00:00,9986.435042594647
2025-03-16 00:00:00+00:00,9986.435042594647
2025-03-16 04:00:00+00:00,9986.435042594647
2025-03-16 08:00:00+00:00,9986.435042594647
2025-03-16 12:00:00+00:00,9986.435042594647
2025-03-16 16:00:00+00:00,9986.435042594647
2025-03-16 20:00:00+00:00,9986.435042594647
2025-03-17 00:00:00+00:00,9986.435042594647
2025-03-17 04:00:00+00:00,9920.149555094715
2025-03-17 08:00:00+00:00,9921.154827147724
2025-03-17 12:00:00+00:00,9863.314087618986
2025-03-17 16:00:00+00:00,9507.655983695606
2025-03-17 20:00:00+00:00,9507.655983695606
2025-03-18 00:00:00+00:00,9507.655983695606
2025-03-18 04:00:00+00:00,9507.655983695606
2025-03-18 08:00:00+00:00,9507.655983695606
2025-03-18 12:00:00+00:00,9507.655983695606
2025-03-18 16:00:00+00:00,9507.655983695606
2025-03-18 20:00:00+00:00,9507.655983695606
2025-03-19 00:00:00+00:00,9507.655983695606
2025-03-19 04:00:00+00:00,9507.655983695606
2025-03-19 08:00:00+00:00,9507.655983695606
2025-03-19 12:00:00+00:00,9507.655983695606
2025-03-19 16:00:00+00:00,9507.655983695606
2025-03-19 20:00:00+00:00,9507.655983695606
2025-03-20 00:00:00+00:00,9507.655983695606
2025-03-20 04:00:00+00:00,9415.366539924951
2025-03-20 08:00:00+00:00,9309.703924257936
2025-03-20 12:00:00+00:00,9236.391837740166
2025-03-20 16:00:00+00:00,9193.579673844833
2025-03-20 20:00:00+00:00,9224.999139495305
2025-03-21 00:00:00+00:00,9133.15974354244
2025-03-21 04:00:00+00:00,9133.15974354244
2025-03-21 08:00:00+00:00,9133.15974354244
2025-03-21 12:00:00+00:00,9133.15974354244
2025-03-21 16:00:00+00:00,9133.15974354244
2025-03-21 20:00:00+00:00,9133.15974354244
2025-03-22 00:00:00+00:00,9133.15974354244
2025-03-22 04:00:00+00:00,9133.15974354244
2025-03-22 08:00:00+00:00,9133.15974354244
2025-03-22 12:00:00+00:00,9133.15974354244
2025-03-22 16:00:00+00:00,9133.15974354244
2025-03-22 20:00:00+00:00,9133.15974354244
2025-03-23 00:00:00+00:00,9133.15974354244
2025-03-23 04:00:00+00:00,9133.15974354244
2025-03-23 08:00:00+00:00,9133.15974354244
2025-03-23 12:00:00+00:00,9133.15974354244
2025-03-23 16:00:00+00:00,9133.15974354244
2025-03-23 20:00:00+00:00,9133.15974354244
2025-03-24 00:00:00+00:00,9133.15974354244
2025-03-24 04:00:00+00:00,9271.364607180638
2025-03-24 08:00:00+00:00,9364.288918679964
2025-03-24 12:00:00+00:00,9437.291789602645
2025-03-24 16:00:00+00:00,9436.347966771431
2025-03-24 20:00:00+00:00,9436.347966771431
2025-03-25 00:00:00+00:00,9248.626298684532
2025-03-25 04:00:00+00:00,9383.26445062908
2025-03-25 08:00:00+00:00,9424.037596937553
2025-03-25 12:00:00+00:00,9351.03472601487
2025-03-25 16:00:00+00:00,9392.358535794541
2025-03-25 20:00:00+00:00,9423.645480475689
2025-03-26 00:00:00+00:00,9329.342031068736
2025-03-26 04:00:00+00:00,9652.640459440614
2025-03-26 08:00:00+00:00,9609.962981099212
2025-03-26 12:00:00+00:00,9311.789724023287
2025-03-26 16:00:00+00:00,9311.789724023287
2025-03-26 20:00:00+00:00,9311.789724023287
2025-03-27 00:00:00+00:00,9311.789724023287
2025-03-27 04:00:00+00:00,9311.789724023287
2025-03-27 08:00:00+00:00,9311.789724023287
2025-03-27 12:00:00+00:00,9311.789724023287
2025-03-27 16:00:00+00:00,9311.789724023287
2025-03-27 20:00:00+00:00,9311.789724023287
2025-03-28 00:00:00+00:00,9311.789724023287
2025-03-28 04:00:00+00:00,9311.789724023287
2025-03-28 08:00:00+00:00,9311.789724023287
2025-03-28 12:00:00+00:00,9311.789724023287
2025-03-28 16:00:00+00:00,9311.789724023287
2025-03-28 20:00:00+00:00,9311.789724023287
2025-03-29 00:00:00+00:00,9311.789724023287
2025-03-29 04:00:00+00:00,9598.859607824188
2025-03-29 08:00:00+00:00,9757.435888924423
2025-03-29 12:00:00+00:00,9870.669513017552
2025-03-29 16:00:00+00:00,9926.490957594584
2025-03-29 20:00:00+00:00,9949.137682413211
2025-03-30 00:00:00+00:00,9914.546303238092
2025-03-30 04:00:00+00:00,10016.45656492191
2025-03-30 08:00:00+00:00,10026.639532140032
2025-03-30 12:00:00+00:00,10094.57970659591
2025-03-30 16:00:00+00:00,10059.337277903669
2025-03-30 20:00:00+00:00,10206.540989224735
2025-03-31 00:00:00+00:00,10228.415106532271
2025-03-31 04:00:00+00:00,10352.972093034714
2025-03-31 08:00:00+00:00,10273.544069949856
2025-03-31 12:00:00+00:00,10148.987083447413
2025-03-31 16:00:00+00:00,10250.446813905293
2025-03-31 20:00:00+00:00,10307.06362595186
2025-04-01 00:00:00+00:00,10148.92337141648
2025-04-01 04:00:00+00:00,10069.65983455129
2025-04-01 08:00:00+00:00,9940.49529510858
2025-04-01 12:00:00+00:00,9940.49529510858
2025-04-01 16:00:00+00:00,9940.49529510858
2025-04-01 20:00:00+00:00,9940.49529510858
2025-04-02 00:00:00+00:00,9940.49529510858
2025-04-02 04:00:00+00:00,9940.49529510858
2025-04-02 08:00:00+00:00,9940.49529510858
2025-04-02 12:00:00+00:00,9940.49529510858
2025-04-02 16:00:00+00:00,9940.49529510858
2025-04-02 20:00:00+00:00,9940.49529510858
2025-04-03 00:00:00+00:00,9940.49529510858
2025-04-03 04:00:00+00:00,9940.49529510858
2025-04-03 08:00:00+00:00,9940.49529510858
2025-04-03 12:00:00+00:00,9940.49529510858
2025-04-03 16:00:00+00:00,9940.49529510858
2025-04-03 20:00:00+00:00,9940.49529510858
2025-04-04 00:00:00+00:00,9940.49529510858
2025-04-04 04:00:00+00:00,9940.49529510858
2025-04-04 08:00:00+00:00,9940.49529510858
2025-04-04 12:00:00+00:00,9940.49529510858
2025-04-04 16:00:00+00:00,9940.49529510858
2025-04-04 20:00:00+00:00,9940.49529510858
2025-04-05 00:00:00+00:00,9940.49529510858
2025-04-05 04:00:00+00:00,9940.49529510858
2025-04-05 08:00:00+00:00,9940.49529510858
2025-04-05 12:00:00+00:00,9940.49529510858
2025-04-05 16:00:00+00:00,9940.49529510858
2025-04-05 20:00:00+00:00,9940.49529510858
2025-04-06 00:00:00+00:00,9940.49529510858
2025-04-06 04:00:00+00:00,9940.49529510858
2025-04-06 08:00:00+00:00,9940.49529510858
2025-04-06 12:00:00+00:00,9940.49529510858
2025-04-06 16:00:00+00:00,9940.49529510858
2025-04-06 20:00:00+00:00,9940.49529510858
2025-04-07 00:00:00+00:00,9940.49529510858
2025-04-07 04:00:00+00:00,9940.49529510858
2025-04-07 08:00:00+00:00,9940.49529510858
2025-04-07 12:00:00+00:00,9940.49529510858
2025-04-07 16:00:00+00:00,9940.49529510858
2025-04-07 20:00:00+00:00,9940.49529510858
2025-04-08 00:00:00+00:00,9940.49529510858
2025-04-08 04:00:00+00:00,9940.49529510858
2025-04-08 08:00:00+00:00,9940.49529510858
2025-04-08 12:00:00+00:00,9940.49529510858
2025-04-08 16:00:00+00:00,9940.49529510858
2025-04-08 20:00:00+00:00,9940.49529510858
2025-04-09 00:00:00+00:00,9940.49529510858
2025-04-09 04:00:00+00:00,9940.49529510858
2025-04-09 08:00:00+00:00,9940.49529510858
2025-04-09 12:00:00+00:00,9940.49529510858
2025-04-09 16:00:00+00:00,9940.49529510858
2025-04-09 20:00:00+00:00,9940.49529510858
2025-04-10 00:00:00+00:00,9940.49529510858
2025-04-10 04:00:00+00:00,9940.49529510858
2025-04-10 08:00:00+00:00,9940.49529510858
2025-04-10 12:00:00+00:00,9940.49529510858
2025-04-10 16:00:00+00:00,9940.49529510858
2025-04-10 20:00:00+00:00,9940.49529510858
2025-04-11 00:00:00+00:00,9940.49529510858
2025-04-11 04:00:00+00:00,9940.49529510858
2025-04-11 08:00:00+00:00,9940.49529510858
2025-04-11 12:00:00+00:00,9940.49529510858
2025-04-11 16:00:00+00:00,9940.49529510858
2025-04-11 20:00:00+00:00,9940.49529510858
2025-04-12 00:00:00+00:00,9940.49529510858
2025-04-12 04:00:00+00:00,9940.49529510858
2025-04-12 08:00:00+00:00,9940.49529510858
2025-04-12 12:00:00+00:00,9940.49529510858
2025-04-12 16:00:00+00:00,9940.49529510858
2025-04-12 20:00:00+00:00,9940.49529510858
2025-04-13 00:00:00+00:00,9940.49529510858
2025-04-13 04:00:00+00:00,9940.49529510858
2025-04-13 08:00:00+00:00,9940.49529510858
2025-04-13 12:00:00+00:00,9940.49529510858
2025-04-13 16:00:00+00:00,9940.49529510858
2025-04-13 20:00:00+00:00,9940.49529510858
2025-04-14 00:00:00+00:00,9940.49529510858
2025-04-14 04:00:00+00:00,9940.49529510858
2025-04-14 08:00:00+00:00,9940.49529510858
2025-04-14 12:00:00+00:00,9940.49529510858
2025-04-14 16:00:00+00:00,9940.49529510858
2025-04-14 20:00:00+00:00,9940.49529510858
2025-04-15 00:00:00+00:00,9940.49529510858
2025-04-15 04:00:00+00:00,9940.49529510858
2025-04-15 08:00:00+00:00,9940.49529510858
2025-04-15 12:00:00+00:00,9940.49529510858
2025-04-15 16:00:00+00:00,9940.49529510858
2025-04-15 20:00:00+00:00,9998.147797179114
2025-04-16 00:00:00+00:00,9921.570504466592
2025-04-16 04:00:00+00:00,10076.71717311711
2025-04-16 08:00:00+00:00,10045.231631849014
2025-04-16 12:00:00+00:00,9998.687631253859
2025-04-16 16:00:00+00:00,9920.937599146499
2025-04-16 20:00:00+00:00,10045.054934066913
2025-04-17 00:00:00+00:00,9998.510933471758
2025-04-17 04:00:00+00:00,9795.788818143561
2025-04-17 08:00:00+00:00,9936.415310075077
2025-04-17 12:00:00+00:00,9889.871309479922
2025-04-17 16:00:00+00:00,9858.84197574982
2025-04-17 20:00:00+00:00,9859.301706668657
2025-04-18 00:00:00+00:00,9936.93560544381
2025-04-18 04:00:00+00:00,9704.215602468033
2025-04-18 08:00:00+00:00,9621.92085018911
2025-04-18 12:00:00+00:00,9621.92085018911
2025-04-18 16:00:00+00:00,9621.92085018911
2025-04-18 20:00:00+00:00,9621.92085018911
2025-04-19 00:00:00+00:00,9621.92085018911
2025-04-19 04:00:00+00:00,9621.92085018911
2025-04-19 08:00:00+00:00,9621.92085018911
2025-04-19 12:00:00+00:00,9621.92085018911
2025-04-19 16:00:00+00:00,9621.92085018911
2025-04-19 20:00:00+00:00,9621.92085018911
2025-04-20 00:00:00+00:00,9621.92085018911
2025-04-20 04:00:00+00:00,9621.92085018911
2025-04-20 08:00:00+00:00,9621.92085018911
2025-04-20 12:00:00+00:00,9621.92085018911
2025-04-20 16:00:00+00:00,9621.92085018911
2025-04-20 20:00:00+00:00,9621.92085018911
2025-04-21 00:00:00+00:00,9621.92085018911
2025-04-21 04:00:00+00:00,9621.92085018911
2025-04-21 08:00:00+00:00,9621.92085018911
2025-04-21 12:00:00+00:00,9621.92085018911
2025-04-21 16:00:00+00:00,9621.92085018911
2025-04-21 20:00:00+00:00,9621.92085018911
2025-04-22 00:00:00+00:00,9621.92085018911
2025-04-22 04:00:00+00:00,9621.92085018911
2025-04-22 08:00:00+00:00,9621.92085018911
2025-04-22 12:00:00+00:00,9621.92085018911
2025-04-22 16:00:00+00:00,9621.92085018911
2025-04-22 20:00:00+00:00,9621.92085018911
2025-04-23 00:00:00+00:00,9621.92085018911
2025-04-23 04:00:00+00:00,9552.241225293377
2025-04-23 08:00:00+00:00,9539.622676779118
2025-04-23 12:00:00+00:00,9614.595798675955
2025-04-23 16:00:00+00:00,9588.399691960356
2025-04-23 20:00:00+00:00,9739.822274131453
2025-04-24 00:00:00+00:00,9486.502388998017
2025-04-24 04:00:00+00:00,9473.88384048376
2025-04-24 08:00:00+00:00,9356.06293423512
2025-04-24 12:00:00+00:00,9356.06293423512
2025-04-24 16:00:00+00:00,9356.06293423512
2025-04-24 20:00:00+00:00,9356.06293423512
2025-04-25 00:00:00+00:00,9356.06293423512
2025-04-25 04:00:00+00:00,9356.06293423512
2025-04-25 08:00:00+00:00,9356.06293423512
2025-04-25 12:00:00+00:00,9356.06293423512
2025-04-25 16:00:00+00:00,9356.06293423512
2025-04-25 20:00:00+00:00,9356.06293423512
2025-04-26 00:00:00+00:00,9356.06293423512
2025-04-26 04:00:00+00:00,9356.06293423512
2025-04-26 08:00:00+00:00,9356.06293423512
2025-04-26 12:00:00+00:00,9356.06293423512
2025-04-26 16:00:00+00:00,9356.06293423512
2025-04-26 20:00:00+00:00,9356.06293423512
2025-04-27 00:00:00+00:00,9356.06293423512
2025-04-27 04:00:00+00:00,9356.06293423512
2025-04-27 08:00:00+00:00,9356.06293423512
2025-04-27 12:00:00+00:00,9356.06293423512
2025-04-27 16:00:00+00:00,9356.06293423512
2025-04-27 20:00:00+00:00,9356.06293423512
2025-04-28 00:00:00+00:00,9356.06293423512
2025-04-28 04:00:00+00:00,9356.06293423512
2025-04-28 08:00:00+00:00,9356.06293423512
2025-04-28 12:00:00+00:00,9356.06293423512
2025-04-28 16:00:00+00:00,9356.06293423512
2025-04-28 20:00:00+00:00,9356.06293423512
2025-04-29 00:00:00+00:00,9356.06293423512
2025-04-29 04:00:00+00:00,9356.06293423512
2025-04-29 08:00:00+00:00,9356.06293423512
2025-04-29 12:00:00+00:00,9356.06293423512
2025-04-29 16:00:00+00:00,9356.06293423512
2025-04-29 20:00:00+00:00,9356.06293423512
2025-04-30 00:00:00+00:00,9356.06293423512
2025-04-30 04:00:00+00:00,9356.06293423512
2025-04-30 08:00:00+00:00,9356.06293423512
2025-04-30 12:00:00+00:00,9356.06293423512
2025-04-30 16:00:00+00:00,9356.06293423512
2025-04-30 20:00:00+00:00,9356.06293423512
2025-05-01 00:00:00+00:00,9356.06293423512
2025-05-01 04:00:00+00:00,9356.06293423512
2025-05-01 08:00:00+00:00,9356.06293423512
2025-05-01 12:00:00+00:00,9356.06293423512
2025-05-01 16:00:00+00:00,9356.06293423512
2025-05-01 20:00:00+00:00,9356.06293423512
2025-05-02 00:00:00+00:00,9356.06293423512
2025-05-02 04:00:00+00:00,9356.06293423512
2025-05-02 08:00:00+00:00,9356.06293423512
2025-05-02 12:00:00+00:00,9356.06293423512
2025-05-02 16:00:00+00:00,9356.06293423512
2025-05-02 20:00:00+00:00,9356.06293423512
2025-05-03 00:00:00+00:00,9356.06293423512
2025-05-03 04:00:00+00:00,9356.06293423512
2025-05-03 08:00:00+00:00,9356.06293423512
2025-05-03 12:00:00+00:00,9356.06293423512
2025-05-03 16:00:00+00:00,9356.06293423512
2025-05-03 20:00:00+00:00,9356.06293423512
2025-05-04 00:00:00+00:00,9356.06293423512
2025-05-04 04:00:00+00:00,9356.06293423512
2025-05-04 08:00:00+00:00,9356.06293423512
2025-05-04 12:00:00+00:00,9356.06293423512
2025-05-04 16:00:00+00:00,9356.06293423512
2025-05-04 20:00:00+00:00,9356.06293423512
2025-05-05 00:00:00+00:00,9356.06293423512
2025-05-05 04:00:00+00:00,9356.06293423512
2025-05-05 08:00:00+00:00,9356.06293423512
2025-05-05 12:00:00+00:00,9356.06293423512
2025-05-05 16:00:00+00:00,9356.06293423512
2025-05-05 20:00:00+00:00,9356.06293423512
2025-05-06 00:00:00+00:00,9356.06293423512
2025-05-06 04:00:00+00:00,9356.06293423512
2025-05-06 08:00:00+00:00,9356.06293423512
2025-05-06 12:00:00+00:00,9356.06293423512
2025-05-06 16:00:00+00:00,9356.06293423512
2025-05-06 20:00:00+00:00,9356.06293423512
2025-05-07 00:00:00+00:00,9356.06293423512
2025-05-07 04:00:00+00:00,9356.06293423512
2025-05-07 08:00:00+00:00,9356.06293423512
2025-05-07 12:00:00+00:00,9356.06293423512
2025-05-07 16:00:00+00:00,9356.06293423512
2025-05-07 20:00:00+00:00,9356.06293423512
2025-05-08 00:00:00+00:00,9356.06293423512
2025-05-08 04:00:00+00:00,9356.06293423512
2025-05-08 08:00:00+00:00,9356.06293423512
2025-05-08 12:00:00+00:00,9356.06293423512
2025-05-08 16:00:00+00:00,9356.06293423512
2025-05-08 20:00:00+00:00,9356.06293423512
2025-05-09 00:00:00+00:00,9526.02226211967
2025-05-09 04:00:00+00:00,9956.190210270532
2025-05-09 08:00:00+00:00,10050.507262370727
2025-05-09 12:00:00+00:00,10036.029594873347
2025-05-09 16:00:00+00:00,10142.805929555976
2025-05-09 20:00:00+00:00,10250.596846241913
2025-05-10 00:00:00+00:00,10277.544575413398
2025-05-10 04:00:00+00:00,10545.966863531177
2025-05-10 08:00:00+00:00,10329.351584745576
2025-05-10 12:00:00+00:00,10666.19819938913
2025-05-10 16:00:00+00:00,11016.518678618424
2025-05-10 20:00:00+00:00,12254.888098829395
2025-05-11 00:00:00+00:00,12347.969597547079
2025-05-11 04:00:00+00:00,11529.123794219418
2025-05-11 08:00:00+00:00,11529.123794219418
2025-05-11 12:00:00+00:00,11529.123794219418
2025-05-11 16:00:00+00:00,11529.123794219418
2025-05-11 20:00:00+00:00,11529.123794219418
2025-05-12 00:00:00+00:00,11529.123794219418
2025-05-12 04:00:00+00:00,11529.123794219418
2025-05-12 08:00:00+00:00,11529.123794219418
2025-05-12 12:00:00+00:00,11529.123794219418
2025-05-12 16:00:00+00:00,11529.123794219418
2025-05-12 20:00:00+00:00,11529.123794219418
2025-05-13 00:00:00+00:00,11529.123794219418
2025-05-13 04:00:00+00:00,11529.123794219418
2025-05-13 08:00:00+00:00,11529.123794219418
2025-05-13 12:00:00+00:00,11529.123794219418
2025-05-13 16:00:00+00:00,11529.123794219418
2025-05-13 20:00:00+00:00,11529.123794219418
2025-05-14 00:00:00+00:00,11529.123794219418
2025-05-14 04:00:00+00:00,11529.123794219418
2025-05-14 08:00:00+00:00,11529.123794219418
2025-05-14 12:00:00+00:00,11529.123794219418
2025-05-14 16:00:00+00:00,11529.123794219418
2025-05-14 20:00:00+00:00,11529.123794219418
2025-05-15 00:00:00+00:00,11529.123794219418
2025-05-15 04:00:00+00:00,11529.123794219418
2025-05-15 08:00:00+00:00,11529.123794219418
2025-05-15 12:00:00+00:00,11529.123794219418
2025-05-15 16:00:00+00:00,11529.123794219418
2025-05-15 20:00:00+00:00,11529.123794219418
2025-05-16 00:00:00+00:00,11529.123794219418
2025-05-16 04:00:00+00:00,11529.123794219418
2025-05-16 08:00:00+00:00,11529.123794219418
2025-05-16 12:00:00+00:00,11529.123794219418
2025-05-16 16:00:00+00:00,11529.123794219418
2025-05-16 20:00:00+00:00,11529.123794219418
2025-05-17 00:00:00+00:00,11529.123794219418
2025-05-17 04:00:00+00:00,11529.123794219418
2025-05-17 08:00:00+00:00,11529.123794219418
2025-05-17 12:00:00+00:00,11529.123794219418
2025-05-17 16:00:00+00:00,11529.123794219418
2025-05-17 20:00:00+00:00,11529.123794219418
2025-05-18 00:00:00+00:00,11529.123794219418
2025-05-18 04:00:00+00:00,11529.123794219418
2025-05-18 08:00:00+00:00,11529.123794219418
2025-05-18 12:00:00+00:00,11529.123794219418
2025-05-18 16:00:00+00:00,11529.123794219418
2025-05-18 20:00:00+00:00,11529.123794219418
2025-05-19 00:00:00+00:00,11529.123794219418
2025-05-19 04:00:00+00:00,11529.123794219418
2025-05-19 08:00:00+00:00,11529.123794219418
2025-05-19 12:00:00+00:00,11529.123794219418
2025-05-19 16:00:00+00:00,11529.123794219418
2025-05-19 20:00:00+00:00,11529.123794219418
2025-05-20 00:00:00+00:00,11529.123794219418
2025-05-20 04:00:00+00:00,11529.123794219418
2025-05-20 08:00:00+00:00,11529.123794219418
2025-05-20 12:00:00+00:00,11529.123794219418
2025-05-20 16:00:00+00:00,11529.123794219418
2025-05-20 20:00:00+00:00,11529.123794219418
2025-05-21 00:00:00+00:00,11529.123794219418
2025-05-21 04:00:00+00:00,11529.123794219418
2025-05-21 08:00:00+00:00,11529.123794219418
2025-05-21 12:00:00+00:00,11529.123794219418
2025-05-21 16:00:00+00:00,11529.123794219418
2025-05-21 20:00:00+00:00,11529.123794219418
2025-05-22 00:00:00+00:00,11529.123794219418
2025-05-22 04:00:00+00:00,11529.123794219418
2025-05-22 08:00:00+00:00,11529.123794219418
2025-05-22 12:00:00+00:00,11830.22738998085
2025-05-22 16:00:00+00:00,11697.634554974838
2025-05-22 20:00:00+00:00,11961.623942964363
2025-05-23 00:00:00+00:00,12359.402447982397
2025-05-23 04:00:00+00:00,11813.117021250186
2025-05-23 08:00:00+00:00,11652.010154620992
2025-05-23 12:00:00+00:00,11652.010154620992
2025-05-23 16:00:00+00:00,11652.010154620992
2025-05-23 20:00:00+00:00,11652.010154620992
2025-05-24 00:00:00+00:00,11652.010154620992
2025-05-24 04:00:00+00:00,11652.010154620992
2025-05-24 08:00:00+00:00,11652.010154620992
2025-05-24 12:00:00+00:00,11652.010154620992
2025-05-24 16:00:00+00:00,11652.010154620992
2025-05-24 20:00:00+00:00,11652.010154620992
2025-05-25 00:00:00+00:00,11652.010154620992
2025-05-25 04:00:00+00:00,11652.010154620992
2025-05-25 08:00:00+00:00,11652.010154620992
2025-05-25 12:00:00+00:00,11652.010154620992
2025-05-25 16:00:00+00:00,11652.010154620992
2025-05-25 20:00:00+00:00,11652.010154620992
2025-05-26 00:00:00+00:00,11652.010154620992
2025-05-26 04:00:00+00:00,11652.010154620992
2025-05-26 08:00:00+00:00,11652.010154620992
2025-05-26 12:00:00+00:00,11652.010154620992
2025-05-26 16:00:00+00:00,11652.010154620992
2025-05-26 20:00:00+00:00,11652.010154620992
2025-05-27 00:00:00+00:00,11652.010154620992
2025-05-27 04:00:00+00:00,11652.010154620992
2025-05-27 08:00:00+00:00,11652.010154620992
2025-05-27 12:00:00+00:00,11652.010154620992
2025-05-27 16:00:00+00:00,11652.010154620992
2025-05-27 20:00:00+00:00,11652.010154620992
2025-05-28 00:00:00+00:00,11652.010154620992
2025-05-28 04:00:00+00:00,11652.010154620992
2025-05-28 08:00:00+00:00,11652.010154620992
2025-05-28 12:00:00+00:00,11652.010154620992
2025-05-28 16:00:00+00:00,11652.010154620992
2025-05-28 20:00:00+00:00,11652.010154620992
2025-05-29 00:00:00+00:00,11652.010154620992
2025-05-29 04:00:00+00:00,11652.010154620992
2025-05-29 08:00:00+00:00,11652.010154620992
2025-05-29 12:00:00+00:00,11652.010154620992
2025-05-29 16:00:00+00:00,11652.010154620992
2025-05-29 20:00:00+00:00,11652.010154620992
2025-05-30 00:00:00+00:00,11652.010154620992
2025-05-30 04:00:00+00:00,11652.010154620992
2025-05-30 08:00:00+00:00,11652.010154620992
2025-05-30 12:00:00+00:00,11652.010154620992
2025-05-30 16:00:00+00:00,11652.010154620992
2025-05-30 20:00:00+00:00,11652.010154620992
2025-05-31 00:00:00+00:00,11652.010154620992
2025-05-31 04:00:00+00:00,11652.010154620992
2025-05-31 08:00:00+00:00,11652.010154620992
2025-05-31 12:00:00+00:00,11652.010154620992
2025-05-31 16:00:00+00:00,11652.010154620992
2025-05-31 20:00:00+00:00,11652.010154620992
2025-06-01 00:00:00+00:00,11652.010154620992
2025-06-01 04:00:00+00:00,11652.010154620992
2025-06-01 08:00:00+00:00,11652.010154620992
2025-06-01 12:00:00+00:00,11652.010154620992
2025-06-01 16:00:00+00:00,11652.010154620992
2025-06-01 20:00:00+00:00,11652.010154620992
2025-06-02 00:00:00+00:00,11652.010154620992
2025-06-02 04:00:00+00:00,11652.010154620992
2025-06-02 08:00:00+00:00,11652.010154620992
2025-06-02 12:00:00+00:00,11652.010154620992
2025-06-02 16:00:00+00:00,11652.010154620992
2025-06-02 20:00:00+00:00,11652.010154620992
2025-06-03 00:00:00+00:00,11652.010154620992
2025-06-03 04:00:00+00:00,11652.010154620992
2025-06-03 08:00:00+00:00,11652.010154620992
2025-06-03 12:00:00+00:00,11652.010154620992
2025-06-03 16:00:00+00:00,11652.010154620992
2025-06-03 20:00:00+00:00,11652.010154620992
2025-06-04 00:00:00+00:00,11652.010154620992
2025-06-04 04:00:00+00:00,11652.010154620992
2025-06-04 08:00:00+00:00,11652.010154620992
2025-06-04 12:00:00+00:00,11652.010154620992
2025-06-04 16:00:00+00:00,11652.010154620992
2025-06-04 20:00:00+00:00,11652.010154620992
2025-06-05 00:00:00+00:00,11652.010154620992
2025-06-05 04:00:00+00:00,11652.010154620992
2025-06-05 08:00:00+00:00,11652.010154620992
2025-06-05 12:00:00+00:00,11652.010154620992
2025-06-05 16:00:00+00:00,11652.010154620992
2025-06-05 20:00:00+00:00,11652.010154620992
2025-06-06 00:00:00+00:00,11652.010154620992
2025-06-06 04:00:00+00:00,11652.010154620992
2025-06-06 08:00:00+00:00,11652.010154620992
2025-06-06 12:00:00+00:00,11652.010154620992
2025-06-06 16:00:00+00:00,11652.010154620992
2025-06-06 20:00:00+00:00,11652.010154620992
2025-06-07 00:00:00+00:00,11652.010154620992
2025-06-07 04:00:00+00:00,11652.010154620992
2025-06-07 08:00:00+00:00,11652.010154620992
2025-06-07 12:00:00+00:00,11652.010154620992
2025-06-07 16:00:00+00:00,11652.010154620992
2025-06-07 20:00:00+00:00,11652.010154620992
2025-06-08 00:00:00+00:00,11652.010154620992
2025-06-08 04:00:00+00:00,11652.010154620992
2025-06-08 08:00:00+00:00,11652.010154620992
2025-06-08 12:00:00+00:00,11652.010154620992
2025-06-08 16:00:00+00:00,11652.010154620992
2025-06-08 20:00:00+00:00,11652.010154620992
2025-06-09 00:00:00+00:00,11652.010154620992
2025-06-09 04:00:00+00:00,11652.010154620992
2025-06-09 08:00:00+00:00,11652.010154620992
2025-06-09 12:00:00+00:00,11652.010154620992
2025-06-09 16:00:00+00:00,11652.010154620992
2025-06-09 20:00:00+00:00,11652.010154620992
2025-06-10 00:00:00+00:00,11522.392106798055
2025-06-10 04:00:00+00:00,11486.938592623292
2025-06-10 08:00:00+00:00,12391.003204079756
2025-06-10 12:00:00+00:00,12442.939056994366
2025-06-10 16:00:00+00:00,12584.75311369342
2025-06-10 20:00:00+00:00,12849.369280115307
2025-06-11 00:00:00+00:00,12635.384277286397
2025-06-11 04:00:00+00:00,12724.018062723306
2025-06-11 08:00:00+00:00,12581.820762399406
2025-06-11 12:00:00+00:00,13095.89671793347
2025-06-11 16:00:00+00:00,12528.64049113726
2025-06-11 20:00:00+00:00,12455.782976519447
2025-06-12 00:00:00+00:00,12455.782976519447
2025-06-12 04:00:00+00:00,12455.782976519447
2025-06-12 08:00:00+00:00,12455.782976519447
2025-06-12 12:00:00+00:00,12455.782976519447
2025-06-12 16:00:00+00:00,12455.782976519447
2025-06-12 20:00:00+00:00,12455.782976519447
2025-06-13 00:00:00+00:00,12455.782976519447
2025-06-13 04:00:00+00:00,12455.782976519447
2025-06-13 08:00:00+00:00,12455.782976519447
2025-06-13 12:00:00+00:00,12455.782976519447
2025-06-13 16:00:00+00:00,12455.782976519447
2025-06-13 20:00:00+00:00,12455.782976519447
2025-06-14 00:00:00+00:00,12455.782976519447
2025-06-14 04:00:00+00:00,12455.782976519447
2025-06-14 08:00:00+00:00,12455.782976519447
2025-06-14 12:00:00+00:00,12455.782976519447
2025-06-14 16:00:00+00:00,12455.782976519447
2025-06-14 20:00:00+00:00,12455.782976519447
2025-06-15 00:00:00+00:00,12455.782976519447
2025-06-15 04:00:00+00:00,12455.782976519447
2025-06-15 08:00:00+00:00,12455.782976519447
2025-06-15 12:00:00+00:00,12455.782976519447
2025-06-15 16:00:00+00:00,12455.782976519447
2025-06-15 20:00:00+00:00,12455.782976519447
2025-06-16 00:00:00+00:00,12455.782976519447
2025-06-16 04:00:00+00:00,12455.782976519447
2025-06-16 08:00:00+00:00,12455.782976519447
2025-06-16 12:00:00+00:00,12455.782976519447
2025-06-16 16:00:00+00:00,12455.782976519447
2025-06-16 20:00:00+00:00,12455.782976519447
2025-06-17 00:00:00+00:00,12455.782976519447
2025-06-17 04:00:00+00:00,12455.782976519447
2025-06-17 08:00:00+00:00,12455.782976519447
2025-06-17 12:00:00+00:00,12455.782976519447
2025-06-17 16:00:00+00:00,12455.782976519447
2025-06-17 20:00:00+00:00,12455.782976519447
2025-06-18 00:00:00+00:00,12455.782976519447
2025-06-18 04:00:00+00:00,12455.782976519447
2025-06-18 08:00:00+00:00,12455.782976519447
2025-06-18 12:00:00+00:00,12455.782976519447
2025-06-18 16:00:00+00:00,12455.782976519447
2025-06-18 20:00:00+00:00,12455.782976519447
2025-06-19 00:00:00+00:00,12455.782976519447
2025-06-19 04:00:00+00:00,12455.782976519447
2025-06-19 08:00:00+00:00,12455.782976519447
2025-06-19 12:00:00+00:00,12455.782976519447
2025-06-19 16:00:00+00:00,12455.782976519447
2025-06-19 20:00:00+00:00,12455.782976519447
2025-06-20 00:00:00+00:00,12455.782976519447
2025-06-20 04:00:00+00:00,12455.782976519447
2025-06-20 08:00:00+00:00,12455.782976519447
2025-06-20 12:00:00+00:00,12455.782976519447
2025-06-20 16:00:00+00:00,12455.782976519447
2025-06-20 20:00:00+00:00,12455.782976519447
2025-06-21 00:00:00+00:00,12455.782976519447
2025-06-21 04:00:00+00:00,12455.782976519447
2025-06-21 08:00:00+00:00,12455.782976519447
2025-06-21 12:00:00+00:00,12455.782976519447
2025-06-21 16:00:00+00:00,12455.782976519447
2025-06-21 20:00:00+00:00,12455.782976519447
2025-06-22 00:00:00+00:00,12455.782976519447
2025-06-22 04:00:00+00:00,12455.782976519447
2025-06-22 08:00:00+00:00,12455.782976519447
2025-06-22 12:00:00+00:00,12455.782976519447
2025-06-22 16:00:00+00:00,12455.782976519447
2025-06-22 20:00:00+00:00,12455.782976519447
2025-06-23 00:00:00+00:00,12455.782976519447
2025-06-23 04:00:00+00:00,12455.782976519447
2025-06-23 08:00:00+00:00,12455.782976519447
2025-06-23 12:00:00+00:00,12455.782976519447
2025-06-23 16:00:00+00:00,12455.782976519447
2025-06-23 20:00:00+00:00,12455.782976519447
2025-06-24 00:00:00+00:00,12455.782976519447
2025-06-24 04:00:00+00:00,12455.782976519447
2025-06-24 08:00:00+00:00,12455.782976519447
2025-06-24 12:00:00+00:00,12455.782976519447
2025-06-24 16:00:00+00:00,12455.782976519447
2025-06-24 20:00:00+00:00,12455.782976519447
2025-06-25 00:00:00+00:00,12455.782976519447
2025-06-25 04:00:00+00:00,12455.782976519447
2025-06-25 08:00:00+00:00,12455.782976519447
2025-06-25 12:00:00+00:00,12455.782976519447
2025-06-25 16:00:00+00:00,12455.782976519447
2025-06-25 20:00:00+00:00,12455.782976519447
2025-06-26 00:00:00+00:00,12455.782976519447
2025-06-26 04:00:00+00:00,12455.782976519447
2025-06-26 08:00:00+00:00,12455.782976519447
2025-06-26 12:00:00+00:00,12455.782976519447
2025-06-26 16:00:00+00:00,12455.782976519447
2025-06-26 20:00:00+00:00,12455.782976519447
2025-06-27 00:00:00+00:00,12455.782976519447
2025-06-27 04:00:00+00:00,12455.782976519447
2025-06-27 08:00:00+00:00,12455.782976519447
2025-06-27 12:00:00+00:00,12455.782976519447
2025-06-27 16:00:00+00:00,12455.782976519447
2025-06-27 20:00:00+00:00,12455.782976519447
2025-06-28 00:00:00+00:00,12455.782976519447
2025-06-28 04:00:00+00:00,12455.782976519447
2025-06-28 08:00:00+00:00,12455.782976519447
2025-06-28 12:00:00+00:00,12455.782976519447
2025-06-28 16:00:00+00:00,12455.782976519447
2025-06-28 20:00:00+00:00,12455.782976519447
2025-06-29 00:00:00+00:00,12455.782976519447
2025-06-29 04:00:00+00:00,12455.782976519447
2025-06-29 08:00:00+00:00,12455.782976519447
2025-06-29 12:00:00+00:00,12455.782976519447
2025-06-29 16:00:00+00:00,12455.782976519447
2025-06-29 20:00:00+00:00,13191.55442043763
2025-06-30 00:00:00+00:00,12734.329597252688
2025-06-30 04:00:00+00:00,12648.651625490818
2025-06-30 08:00:00+00:00,12648.651625490818
2025-06-30 12:00:00+00:00,12648.651625490818
2025-06-30 16:00:00+00:00,12648.651625490818
2025-06-30 20:00:00+00:00,12648.651625490818
2025-07-01 00:00:00+00:00,12648.651625490818
2025-07-01 04:00:00+00:00,12648.651625490818
2025-07-01 08:00:00+00:00,12648.651625490818
2025-07-01 12:00:00+00:00,12648.651625490818
2025-07-01 16:00:00+00:00,12648.651625490818
2025-07-01 20:00:00+00:00,12648.651625490818
2025-07-02 00:00:00+00:00,12648.651625490818
2025-07-02 04:00:00+00:00,12648.651625490818
2025-07-02 08:00:00+00:00,12648.651625490818
2025-07-02 12:00:00+00:00,12648.651625490818
2025-07-02 16:00:00+00:00,12648.651625490818
2025-07-02 20:00:00+00:00,12648.651625490818
2025-07-03 00:00:00+00:00,12648.651625490818
2025-07-03 04:00:00+00:00,12648.651625490818
2025-07-03 08:00:00+00:00,12648.651625490818
2025-07-03 12:00:00+00:00,12648.651625490818
2025-07-03 16:00:00+00:00,12648.651625490818
2025-07-03 20:00:00+00:00,12648.651625490818
2025-07-04 00:00:00+00:00,12648.651625490818
2025-07-04 04:00:00+00:00,12648.651625490818
2025-07-04 08:00:00+00:00,12648.651625490818
2025-07-04 12:00:00+00:00,12648.651625490818
2025-07-04 16:00:00+00:00,12648.651625490818
2025-07-04 20:00:00+00:00,12648.651625490818
2025-07-05 00:00:00+00:00,12648.651625490818
2025-07-05 04:00:00+00:00,12648.651625490818
2025-07-05 08:00:00+00:00,12648.651625490818
2025-07-05 12:00:00+00:00,12648.651625490818
2025-07-05 16:00:00+00:00,12648.651625490818
2025-07-05 20:00:00+00:00,12648.651625490818
2025-07-06 00:00:00+00:00,12648.651625490818
2025-07-06 04:00:00+00:00,12648.651625490818
2025-07-06 08:00:00+00:00,12648.651625490818
2025-07-06 12:00:00+00:00,12648.651625490818
2025-07-06 16:00:00+00:00,12648.651625490818
2025-07-06 20:00:00+00:00,12648.651625490818
2025-07-07 00:00:00+00:00,12648.651625490818
2025-07-07 04:00:00+00:00,12648.651625490818
2025-07-07 08:00:00+00:00,12648.651625490818
2025-07-07 12:00:00+00:00,12648.651625490818
2025-07-07 16:00:00+00:00,12648.651625490818
2025-07-07 20:00:00+00:00,12648.651625490818
2025-07-08 00:00:00+00:00,12648.651625490818
2025-07-08 04:00:00+00:00,12648.651625490818
2025-07-08 08:00:00+00:00,12648.651625490818
2025-07-08 12:00:00+00:00,12648.651625490818
2025-07-08 16:00:00+00:00,12648.651625490818
2025-07-08 20:00:00+00:00,12648.651625490818
2025-07-09 00:00:00+00:00,12648.651625490818
2025-07-09 04:00:00+00:00,12648.651625490818
2025-07-09 08:00:00+00:00,12648.651625490818
2025-07-09 12:00:00+00:00,12648.651625490818
2025-07-09 16:00:00+00:00,12648.651625490818
2025-07-09 20:00:00+00:00,12819.623543566753
2025-07-10 00:00:00+00:00,12906.83186699238
2025-07-10 04:00:00+00:00,12927.341084454001
2025-07-10 08:00:00+00:00,12904.248320410894
2025-07-10 12:00:00+00:00,12838.842077841677
2025-07-10 16:00:00+00:00,13383.894099251827
2025-07-10 20:00:00+00:00,14341.751080013342
2025-07-11 00:00:00+00:00,14712.386454572246
2025-07-11 04:00:00+00:00,14580.115410224516
2025-07-11 08:00:00+00:00,14907.146623070606
2025-07-11 12:00:00+00:00,14709.456254905144
2025-07-11 16:00:00+00:00,15145.497872033264
2025-07-11 20:00:00+00:00,14416.338462946082
2025-07-12 00:00:00+00:00,14416.338462946082
2025-07-12 04:00:00+00:00,14416.338462946082
2025-07-12 08:00:00+00:00,14416.338462946082
2025-07-12 12:00:00+00:00,14416.338462946082
2025-07-12 16:00:00+00:00,14416.338462946082
2025-07-12 20:00:00+00:00,14416.338462946082
2025-07-13 00:00:00+00:00,14416.338462946082
2025-07-13 04:00:00+00:00,14416.338462946082
2025-07-13 08:00:00+00:00,14416.338462946082
2025-07-13 12:00:00+00:00,14416.338462946082
2025-07-13 16:00:00+00:00,14416.338462946082
2025-07-13 20:00:00+00:00,14416.338462946082
2025-07-14 00:00:00+00:00,14416.338462946082
2025-07-14 04:00:00+00:00,14416.338462946082
2025-07-14 08:00:00+00:00,14416.338462946082
2025-07-14 12:00:00+00:00,14416.338462946082
2025-07-14 16:00:00+00:00,14416.338462946082
2025-07-14 20:00:00+00:00,14416.338462946082
2025-07-15 00:00:00+00:00,14416.338462946082
2025-07-15 04:00:00+00:00,14416.338462946082
2025-07-15 08:00:00+00:00,14416.338462946082
2025-07-15 12:00:00+00:00,14416.338462946082
2025-07-15 16:00:00+00:00,14416.338462946082
2025-07-15 20:00:00+00:00,14416.338462946082
2025-07-16 00:00:00+00:00,14416.338462946082
2025-07-16 04:00:00+00:00,14416.338462946082
2025-07-16 08:00:00+00:00,14416.338462946082
2025-07-16 12:00:00+00:00,14416.338462946082
2025-07-16 16:00:00+00:00,14416.338462946082
2025-07-16 20:00:00+00:00,14416.338462946082
2025-07-17 00:00:00+00:00,14416.338462946082
2025-07-17 04:00:00+00:00,14416.338462946082
2025-07-17 08:00:00+00:00,14416.338462946082
2025-07-17 12:00:00+00:00,14416.338462946082
2025-07-17 16:00:00+00:00,14416.338462946082
2025-07-17 20:00:00+00:00,14416.338462946082
2025-07-18 00:00:00+00:00,14416.338462946082
2025-07-18 04:00:00+00:00,14416.338462946082
2025-07-18 08:00:00+00:00,14416.338462946082
2025-07-18 12:00:00+00:00,14416.338462946082
2025-07-18 16:00:00+00:00,14416.338462946082
2025-07-18 20:00:00+00:00,14416.338462946082
2025-07-19 00:00:00+00:00,14416.338462946082
2025-07-19 04:00:00+00:00,14416.338462946082
2025-07-19 08:00:00+00:00,14416.338462946082
2025-07-19 12:00:00+00:00,14416.338462946082
2025-07-19 16:00:00+00:00,14416.338462946082
2025-07-19 20:00:00+00:00,14416.338462946082
2025-07-20 00:00:00+00:00,14416.338462946082
2025-07-20 04:00:00+00:00,14416.338462946082
2025-07-20 08:00:00+00:00,14416.338462946082
2025-07-20 12:00:00+00:00,14416.338462946082
2025-07-20 16:00:00+00:00,14416.338462946082
2025-07-20 20:00:00+00:00,14416.338462946082
2025-07-21 00:00:00+00:00,14416.338462946082
2025-07-21 04:00:00+00:00,14416.338462946082
2025-07-21 08:00:00+00:00,14416.338462946082
2025-07-21 12:00:00+00:00,14416.338462946082
2025-07-21 16:00:00+00:00,14416.338462946082
2025-07-21 20:00:00+00:00,14416.338462946082
2025-07-22 00:00:00+00:00,14416.338462946082
2025-07-22 04:00:00+00:00,14416.338462946082
2025-07-22 08:00:00+00:00,14416.338462946082
2025-07-22 12:00:00+00:00,14416.338462946082
2025-07-22 16:00:00+00:00,14416.338462946082
2025-07-22 20:00:00+00:00,14416.338462946082
2025-07-23 00:00:00+00:00,14416.338462946082
2025-07-23 04:00:00+00:00,14416.338462946082
2025-07-23 08:00:00+00:00,14416.338462946082
2025-07-23 12:00:00+00:00,14416.338462946082
2025-07-23 16:00:00+00:00,14416.338462946082
2025-07-23 20:00:00+00:00,14416.338462946082
2025-07-24 00:00:00+00:00,14416.338462946082
2025-07-24 04:00:00+00:00,14416.338462946082
2025-07-24 08:00:00+00:00,14416.338462946082
2025-07-24 12:00:00+00:00,14416.338462946082
2025-07-24 16:00:00+00:00,14416.338462946082
2025-07-24 20:00:00+00:00,14416.338462946082
2025-07-25 00:00:00+00:00,14416.338462946082
2025-07-25 04:00:00+00:00,14416.338462946082
2025-07-25 08:00:00+00:00,14416.338462946082
2025-07-25 12:00:00+00:00,14416.338462946082
2025-07-25 16:00:00+00:00,14416.338462946082
2025-07-25 20:00:00+00:00,14416.338462946082
2025-07-26 00:00:00+00:00,14416.338462946082
2025-07-26 04:00:00+00:00,14416.338462946082
2025-07-26 08:00:00+00:00,14416.338462946082
2025-07-26 12:00:00+00:00,14416.338462946082
2025-07-26 16:00:00+00:00,14416.338462946082
2025-07-26 20:00:00+00:00,14416.338462946082
2025-07-27 00:00:00+00:00,14416.338462946082
2025-07-27 04:00:00+00:00,14416.338462946082
2025-07-27 08:00:00+00:00,14416.338462946082
2025-07-27 12:00:00+00:00,14416.338462946082
2025-07-27 16:00:00+00:00,14416.338462946082
2025-07-27 20:00:00+00:00,14416.338462946082
2025-07-28 00:00:00+00:00,14416.338462946082
2025-07-28 04:00:00+00:00,14416.338462946082
2025-07-28 08:00:00+00:00,14352.599634362783
2025-07-28 12:00:00+00:00,13845.625956656913
2025-07-28 16:00:00+00:00,13558.550827397155
2025-07-28 20:00:00+00:00,13558.550827397155
2025-07-29 00:00:00+00:00,13558.550827397155
2025-07-29 04:00:00+00:00,13558.550827397155
2025-07-29 08:00:00+00:00,13558.550827397155
2025-07-29 12:00:00+00:00,13558.550827397155
2025-07-29 16:00:00+00:00,13558.550827397155
2025-07-29 20:00:00+00:00,13558.550827397155
2025-07-30 00:00:00+00:00,13558.550827397155
2025-07-30 04:00:00+00:00,13558.550827397155
2025-07-30 08:00:00+00:00,13558.550827397155
2025-07-30 12:00:00+00:00,13558.550827397155
2025-07-30 16:00:00+00:00,13558.550827397155
2025-07-30 20:00:00+00:00,13558.550827397155
2025-07-31 00:00:00+00:00,13558.550827397155
2025-07-31 04:00:00+00:00,13558.550827397155
2025-07-31 08:00:00+00:00,13558.550827397155
2025-07-31 12:00:00+00:00,13558.550827397155
2025-07-31 16:00:00+00:00,13558.550827397155
2025-07-31 20:00:00+00:00,13558.550827397155
2025-08-01 00:00:00+00:00,13558.550827397155
2025-08-01 04:00:00+00:00,13558.550827397155
2025-08-01 08:00:00+00:00,13558.550827397155
2025-08-01 12:00:00+00:00,13558.550827397155
2025-08-01 16:00:00+00:00,13558.550827397155
2025-08-01 20:00:00+00:00,13558.550827397155
2025-08-02 00:00:00+00:00,13558.550827397155
2025-08-02 04:00:00+00:00,13558.550827397155
2025-08-02 08:00:00+00:00,13558.550827397155
2025-08-02 12:00:00+00:00,13558.550827397155
2025-08-02 16:00:00+00:00,13558.550827397155
2025-08-02 20:00:00+00:00,13558.550827397155
2025-08-03 00:00:00+00:00,13558.550827397155
2025-08-03 04:00:00+00:00,13558.550827397155
2025-08-03 08:00:00+00:00,13558.550827397155
2025-08-03 12:00:00+00:00,13558.550827397155
2025-08-03 16:00:00+00:00,13558.550827397155
2025-08-03 20:00:00+00:00,13558.550827397155
2025-08-04 00:00:00+00:00,13558.550827397155
2025-08-04 04:00:00+00:00,13558.550827397155
2025-08-04 08:00:00+00:00,13558.550827397155
2025-08-04 12:00:00+00:00,13558.550827397155
2025-08-04 16:00:00+00:00,13629.258717674213
2025-08-04 20:00:00+00:00,13766.801044910928
2025-08-05 00:00:00+00:00,13491.693382215146
2025-08-05 04:00:00+00:00,13174.205691118568
2025-08-05 08:00:00+00:00,13174.205691118568
2025-08-05 12:00:00+00:00,13174.205691118568
2025-08-05 16:00:00+00:00,13174.205691118568
2025-08-05 20:00:00+00:00,13174.205691118568
2025-08-06 00:00:00+00:00,13174.205691118568
2025-08-06 04:00:00+00:00,13174.205691118568
2025-08-06 08:00:00+00:00,13174.205691118568
2025-08-06 12:00:00+00:00,13174.205691118568
2025-08-06 16:00:00+00:00,13174.205691118568
2025-08-06 20:00:00+00:00,13174.205691118568
2025-08-07 00:00:00+00:00,13174.205691118568
2025-08-07 04:00:00+00:00,13174.205691118568
2025-08-07 08:00:00+00:00,13174.205691118568
2025-08-07 12:00:00+00:00,13174.205691118568
2025-08-07 16:00:00+00:00,13174.205691118568
2025-08-07 20:00:00+00:00,13174.205691118568
2025-08-08 00:00:00+00:00,13174.205691118568
2025-08-08 04:00:00+00:00,13174.205691118568
2025-08-08 08:00:00+00:00,13174.205691118568
2025-08-08 12:00:00+00:00,13174.205691118568
2025-08-08 16:00:00+00:00,13174.205691118568
2025-08-08 20:00:00+00:00,13174.205691118568
2025-08-09 00:00:00+00:00,13174.205691118568
2025-08-09 04:00:00+00:00,13174.205691118568
2025-08-09 08:00:00+00:00,13174.205691118568
2025-08-09 12:00:00+00:00,13174.205691118568
2025-08-09 16:00:00+00:00,13174.205691118568
2025-08-09 20:00:00+00:00,13174.205691118568
2025-08-10 00:00:00+00:00,13174.205691118568
2025-08-10 04:00:00+00:00,13174.205691118568
2025-08-10 08:00:00+00:00,13174.205691118568
2025-08-10 12:00:00+00:00,13174.205691118568
2025-08-10 16:00:00+00:00,13174.205691118568
2025-08-10 20:00:00+00:00,13174.205691118568
2025-08-11 00:00:00+00:00,13174.205691118568
2025-08-11 04:00:00+00:00,13174.205691118568
2025-08-11 08:00:00+00:00,13174.205691118568
2025-08-11 12:00:00+00:00,13174.205691118568
2025-08-11 16:00:00+00:00,13174.205691118568
2025-08-11 20:00:00+00:00,13174.205691118568
2025-08-12 00:00:00+00:00,13174.205691118568
2025-08-12 04:00:00+00:00,13174.205691118568
2025-08-12 08:00:00+00:00,13174.205691118568
2025-08-12 12:00:00+00:00,13174.205691118568
2025-08-12 16:00:00+00:00,13174.205691118568
2025-08-12 20:00:00+00:00,13174.205691118568
2025-08-13 00:00:00+00:00,13174.205691118568
2025-08-13 04:00:00+00:00,13174.205691118568
2025-08-13 08:00:00+00:00,13174.205691118568
2025-08-13 12:00:00+00:00,13174.205691118568
2025-08-13 16:00:00+00:00,13174.205691118568
2025-08-13 20:00:00+00:00,13174.205691118568
2025-08-14 00:00:00+00:00,13174.205691118568
2025-08-14 04:00:00+00:00,13174.205691118568
2025-08-14 08:00:00+00:00,13174.205691118568
2025-08-14 12:00:00+00:00,13174.205691118568
2025-08-14 16:00:00+00:00,13174.205691118568
2025-08-14 20:00:00+00:00,13174.205691118568
2025-08-15 00:00:00+00:00,13174.205691118568
2025-08-15 04:00:00+00:00,13174.205691118568
2025-08-15 08:00:00+00:00,13174.205691118568
2025-08-15 12:00:00+00:00,13174.205691118568
2025-08-15 16:00:00+00:00,13174.205691118568
2025-08-15 20:00:00+00:00,13174.205691118568
2025-08-16 00:00:00+00:00,13174.205691118568
2025-08-16 04:00:00+00:00,13174.205691118568
2025-08-16 08:00:00+00:00,13174.205691118568
2025-08-16 12:00:00+00:00,13174.205691118568
2025-08-16 16:00:00+00:00,13174.205691118568
2025-08-16 20:00:00+00:00,13174.205691118568
2025-08-17 00:00:00+00:00,13174.205691118568
2025-08-17 04:00:00+00:00,13174.205691118568
2025-08-17 08:00:00+00:00,13174.205691118568
2025-08-17 12:00:00+00:00,13174.205691118568
2025-08-17 16:00:00+00:00,13174.205691118568
2025-08-17 20:00:00+00:00,13174.205691118568
2025-08-18 00:00:00+00:00,13174.205691118568
2025-08-18 04:00:00+00:00,13174.205691118568
2025-08-18 08:00:00+00:00,13174.205691118568
2025-08-18 12:00:00+00:00,13174.205691118568
2025-08-18 16:00:00+00:00,13174.205691118568
2025-08-18 20:00:00+00:00,13174.205691118568
2025-08-19 00:00:00+00:00,13174.205691118568
2025-08-19 04:00:00+00:00,13174.205691118568
2025-08-19 08:00:00+00:00,13174.205691118568
2025-08-19 12:00:00+00:00,13174.205691118568
2025-08-19 16:00:00+00:00,13174.205691118568
2025-08-19 20:00:00+00:00,13174.205691118568
2025-08-20 00:00:00+00:00,13174.205691118568
2025-08-20 04:00:00+00:00,13174.205691118568
2025-08-20 08:00:00+00:00,13174.205691118568
2025-08-20 12:00:00+00:00,13174.205691118568
2025-08-20 16:00:00+00:00,13174.205691118568
2025-08-20 20:00:00+00:00,13174.205691118568
2025-08-21 00:00:00+00:00,13174.205691118568
2025-08-21 04:00:00+00:00,13174.205691118568
2025-08-21 08:00:00+00:00,13174.205691118568
2025-08-21 12:00:00+00:00,13174.205691118568
2025-08-21 16:00:00+00:00,13174.205691118568
2025-08-21 20:00:00+00:00,13174.205691118568
2025-08-22 00:00:00+00:00,13174.205691118568
2025-08-22 04:00:00+00:00,13174.205691118568
2025-08-22 08:00:00+00:00,13174.205691118568
2025-08-22 12:00:00+00:00,13174.205691118568
2025-08-22 16:00:00+00:00,13967.46525494053
2025-08-22 20:00:00+00:00,13817.654074526343
2025-08-23 00:00:00+00:00,13456.909610820505
2025-08-23 04:00:00+00:00,13592.142903618207
2025-08-23 08:00:00+00:00,13670.946305884045
2025-08-23 12:00:00+00:00,13912.96976658429
2025-08-23 16:00:00+00:00,14393.106463164353
2025-08-23 20:00:00+00:00,14196.973550858265
2025-08-24 00:00:00+00:00,13915.032489418267
2025-08-24 04:00:00+00:00,13707.621347297207
2025-08-24 08:00:00+00:00,13707.621347297207
2025-08-24 12:00:00+00:00,13707.621347297207
2025-08-24 16:00:00+00:00,13707.621347297207
2025-08-24 20:00:00+00:00,13707.621347297207
2025-08-25 00:00:00+00:00,13707.621347297207
2025-08-25 04:00:00+00:00,13707.621347297207
2025-08-25 08:00:00+00:00,13707.621347297207
2025-08-25 12:00:00+00:00,13707.621347297207
2025-08-25 16:00:00+00:00,13707.621347297207
2025-08-25 20:00:00+00:00,13707.621347297207
2025-08-26 00:00:00+00:00,13707.621347297207
2025-08-26 04:00:00+00:00,13707.621347297207
2025-08-26 08:00:00+00:00,13707.621347297207
2025-08-26 12:00:00+00:00,13707.621347297207
2025-08-26 16:00:00+00:00,13707.621347297207
2025-08-26 20:00:00+00:00,13707.621347297207
2025-08-27 00:00:00+00:00,13707.621347297207
2025-08-27 04:00:00+00:00,13707.621347297207
2025-08-27 08:00:00+00:00,13707.621347297207
2025-08-27 12:00:00+00:00,13707.621347297207
2025-08-27 16:00:00+00:00,13707.621347297207
2025-08-27 20:00:00+00:00,13707.621347297207
2025-08-28 00:00:00+00:00,13707.621347297207
2025-08-28 04:00:00+00:00,13707.621347297207
2025-08-28 08:00:00+00:00,13707.621347297207
2025-08-28 12:00:00+00:00,13707.621347297207
2025-08-28 16:00:00+00:00,13707.621347297207
2025-08-28 20:00:00+00:00,13707.621347297207
2025-08-29 00:00:00+00:00,13707.621347297207
2025-08-29 04:00:00+00:00,13707.621347297207
2025-08-29 08:00:00+00:00,13707.621347297207
2025-08-29 12:00:00+00:00,13707.621347297207
2025-08-29 16:00:00+00:00,13707.621347297207
2025-08-29 20:00:00+00:00,13707.621347297207
2025-08-30 00:00:00+00:00,13707.621347297207
2025-08-30 04:00:00+00:00,13707.621347297207
2025-08-30 08:00:00+00:00,13707.621347297207
2025-08-30 12:00:00+00:00,13707.621347297207
2025-08-30 16:00:00+00:00,13707.621347297207
2025-08-30 20:00:00+00:00,13707.621347297207
2025-08-31 00:00:00+00:00,13707.621347297207
2025-08-31 04:00:00+00:00,13707.621347297207
2025-08-31 08:00:00+00:00,13707.621347297207
2025-08-31 12:00:00+00:00,13707.621347297207
2025-08-31 16:00:00+00:00,13707.621347297207
2025-08-31 20:00:00+00:00,13707.621347297207
2025-09-01 00:00:00+00:00,13707.621347297207
2025-09-01 04:00:00+00:00,13707.621347297207
2025-09-01 08:00:00+00:00,13707.621347297207
2025-09-01 12:00:00+00:00,13707.621347297207
2025-09-01 16:00:00+00:00,13707.621347297207
2025-09-01 20:00:00+00:00,13707.621347297207
2025-09-02 00:00:00+00:00,13707.621347297207
2025-09-02 04:00:00+00:00,13707.621347297207
2025-09-02 08:00:00+00:00,13707.621347297207
2025-09-02 12:00:00+00:00,13707.621347297207
2025-09-02 16:00:00+00:00,13707.621347297207
2025-09-02 20:00:00+00:00,13707.621347297207
2025-09-03 00:00:00+00:00,13707.621347297207
2025-09-03 04:00:00+00:00,13707.621347297207
2025-09-03 08:00:00+00:00,13707.621347297207
2025-09-03 12:00:00+00:00,13707.621347297207
2025-09-03 16:00:00+00:00,13707.621347297207
2025-09-03 20:00:00+00:00,13707.621347297207
2025-09-04 00:00:00+00:00,13707.621347297207
2025-09-04 04:00:00+00:00,13707.621347297207
2025-09-04 08:00:00+00:00,13707.621347297207
2025-09-04 12:00:00+00:00,13707.621347297207
2025-09-04 16:00:00+00:00,13707.621347297207
2025-09-04 20:00:00+00:00,13707.621347297207
2025-09-05 00:00:00+00:00,13707.621347297207
2025-09-05 04:00:00+00:00,13707.621347297207
2025-09-05 08:00:00+00:00,13707.621347297207
2025-09-05 12:00:00+00:00,13707.621347297207
2025-09-05 16:00:00+00:00,13707.621347297207
2025-09-05 20:00:00+00:00,13707.621347297207
2025-09-06 00:00:00+00:00,13707.621347297207
2025-09-06 04:00:00+00:00,13707.621347297207
2025-09-06 08:00:00+00:00,13707.621347297207
2025-09-06 12:00:00+00:00,13707.621347297207
2025-09-06 16:00:00+00:00,13707.621347297207
2025-09-06 20:00:00+00:00,13707.621347297207
2025-09-07 00:00:00+00:00,13707.621347297207
2025-09-07 04:00:00+00:00,13707.621347297207
2025-09-07 08:00:00+00:00,13707.621347297207
2025-09-07 12:00:00+00:00,13707.621347297207
2025-09-07 16:00:00+00:00,13707.621347297207
2025-09-07 20:00:00+00:00,13707.621347297207
2025-09-08 00:00:00+00:00,13707.621347297207
2025-09-08 04:00:00+00:00,13707.621347297207
2025-09-08 08:00:00+00:00,13707.621347297207
2025-09-08 12:00:00+00:00,13707.621347297207
2025-09-08 16:00:00+00:00,13707.621347297207
2025-09-08 20:00:00+00:00,13707.621347297207
2025-09-09 00:00:00+00:00,13707.621347297207
2025-09-09 04:00:00+00:00,13707.621347297207
2025-09-09 08:00:00+00:00,13707.621347297207
2025-09-09 12:00:00+00:00,13707.621347297207
2025-09-09 16:00:00+00:00,13707.621347297207
2025-09-09 20:00:00+00:00,13707.621347297207
2025-09-10 00:00:00+00:00,13707.621347297207
2025-09-10 04:00:00+00:00,13707.621347297207
2025-09-10 08:00:00+00:00,13707.621347297207
2025-09-10 12:00:00+00:00,13707.621347297207
2025-09-10 16:00:00+00:00,13707.621347297207
2025-09-10 20:00:00+00:00,13707.621347297207
2025-09-11 00:00:00+00:00,13707.621347297207
2025-09-11 04:00:00+00:00,13707.621347297207
2025-09-11 08:00:00+00:00,13707.621347297207
2025-09-11 12:00:00+00:00,13707.621347297207
2025-09-11 16:00:00+00:00,13707.621347297207
2025-09-11 20:00:00+00:00,13707.621347297207
2025-09-12 00:00:00+00:00,13707.621347297207
2025-09-12 04:00:00+00:00,13707.621347297207
2025-09-12 08:00:00+00:00,13707.621347297207
2025-09-12 12:00:00+00:00,13707.621347297207
2025-09-12 16:00:00+00:00,13707.621347297207
2025-09-12 20:00:00+00:00,13707.621347297207
2025-09-13 00:00:00+00:00,13707.621347297207
2025-09-13 04:00:00+00:00,13707.621347297207
2025-09-13 08:00:00+00:00,13707.621347297207
2025-09-13 12:00:00+00:00,13707.621347297207
2025-09-13 16:00:00+00:00,13707.621347297207
2025-09-13 20:00:00+00:00,13707.621347297207
2025-09-14 00:00:00+00:00,13707.621347297207
2025-09-14 04:00:00+00:00,13707.621347297207
2025-09-14 08:00:00+00:00,13707.621347297207
2025-09-14 12:00:00+00:00,13707.621347297207
2025-09-14 16:00:00+00:00,13707.621347297207
2025-09-14 20:00:00+00:00,13707.621347297207
2025-09-15 00:00:00+00:00,13707.621347297207
2025-09-15 04:00:00+00:00,13707.621347297207
2025-09-15 08:00:00+00:00,13707.621347297207
2025-09-15 12:00:00+00:00,13707.621347297207
2025-09-15 16:00:00+00:00,13707.621347297207
2025-09-15 20:00:00+00:00,13707.621347297207
2025-09-16 00:00:00+00:00,13707.621347297207
2025-09-16 04:00:00+00:00,13707.621347297207
2025-09-16 08:00:00+00:00,13707.621347297207
2025-09-16 12:00:00+00:00,13707.621347297207
2025-09-16 16:00:00+00:00,13707.621347297207
2025-09-16 20:00:00+00:00,13707.621347297207
2025-09-17 00:00:00+00:00,13707.621347297207
2025-09-17 04:00:00+00:00,13707.621347297207
2025-09-17 08:00:00+00:00,13707.621347297207
2025-09-17 12:00:00+00:00,13707.621347297207
2025-09-17 16:00:00+00:00,13707.621347297207
2025-09-17 20:00:00+00:00,13707.621347297207
2025-09-18 00:00:00+00:00,13808.302675738169
2025-09-18 04:00:00+00:00,13678.892799563351
2025-09-18 08:00:00+00:00,13739.544202238627
2025-09-18 12:00:00+00:00,13851.037822539287
2025-09-18 16:00:00+00:00,13992.842823707508
2025-09-18 20:00:00+00:00,14006.320913190904
2025-09-19 00:00:00+00:00,14052.088461649668
2025-09-19 04:00:00+00:00,14009.969432014057
2025-09-19 08:00:00+00:00,13651.115299518668
2025-09-19 12:00:00+00:00,13551.753878606649
2025-09-19 16:00:00+00:00,13551.753878606649
2025-09-19 20:00:00+00:00,13551.753878606649
2025-09-20 00:00:00+00:00,13551.753878606649
2025-09-20 04:00:00+00:00,13551.753878606649
2025-09-20 08:00:00+00:00,13551.753878606649
2025-09-20 12:00:00+00:00,13551.753878606649
2025-09-20 16:00:00+00:00,13551.753878606649
2025-09-20 20:00:00+00:00,13551.753878606649
2025-09-21 00:00:00+00:00,13551.753878606649
2025-09-21 04:00:00+00:00,13551.753878606649
2025-09-21 08:00:00+00:00,13551.753878606649
2025-09-21 12:00:00+00:00,13551.753878606649
2025-09-21 16:00:00+00:00,13551.753878606649
2025-09-21 20:00:00+00:00,13551.753878606649
2025-09-22 00:00:00+00:00,13551.753878606649
2025-09-22 04:00:00+00:00,13551.753878606649
2025-09-22 08:00:00+00:00,13551.753878606649
2025-09-22 12:00:00+00:00,13551.753878606649
2025-09-22 16:00:00+00:00,13551.753878606649
2025-09-22 20:00:00+00:00,13551.753878606649
2025-09-23 00:00:00+00:00,13551.753878606649
2025-09-23 04:00:00+00:00,13551.753878606649
2025-09-23 08:00:00+00:00,13551.753878606649
2025-09-23 12:00:00+00:00,13551.753878606649
2025-09-23 16:00:00+00:00,13551.753878606649
2025-09-23 20:00:00+00:00,13551.753878606649
2025-09-24 00:00:00+00:00,13551.753878606649
2025-09-24 04:00:00+00:00,13551.753878606649
2025-09-24 08:00:00+00:00,13551.753878606649
2025-09-24 12:00:00+00:00,13551.753878606649
2025-09-24 16:00:00+00:00,13551.753878606649
2025-09-24 20:00:00+00:00,13551.753878606649
2025-09-25 00:00:00+00:00,13551.753878606649
2025-09-25 04:00:00+00:00,13551.753878606649
2025-09-25 08:00:00+00:00,13551.753878606649
2025-09-25 12:00:00+00:00,13551.753878606649
2025-09-25 16:00:00+00:00,13551.753878606649
2025-09-25 20:00:00+00:00,13551.753878606649
2025-09-26 00:00:00+00:00,13551.753878606649
2025-09-26 04:00:00+00:00,13551.753878606649
2025-09-26 08:00:00+00:00,13551.753878606649
2025-09-26 12:00:00+00:00,13551.753878606649
2025-09-26 16:00:00+00:00,13551.753878606649
2025-09-26 20:00:00+00:00,13551.753878606649
2025-09-27 00:00:00+00:00,13551.753878606649
2025-09-27 04:00:00+00:00,13551.753878606649
2025-09-27 08:00:00+00:00,13551.753878606649
2025-09-27 12:00:00+00:00,13551.753878606649
2025-09-27 16:00:00+00:00,13551.753878606649
2025-09-27 20:00:00+00:00,13551.753878606649
2025-09-28 00:00:00+00:00,13551.753878606649
2025-09-28 04:00:00+00:00,13551.753878606649
2025-09-28 08:00:00+00:00,13551.753878606649
2025-09-28 12:00:00+00:00,13551.753878606649
2025-09-28 16:00:00+00:00,13551.753878606649
2025-09-28 20:00:00+00:00,13551.753878606649
2025-09-29 00:00:00+00:00,13475.17794092238
2025-09-29 04:00:00+00:00,13354.333210784735
2025-09-29 08:00:00+00:00,13271.128642493242
2025-09-29 12:00:00+00:00,13119.799515772616
2025-09-29 16:00:00+00:00,13119.799515772616
2025-09-29 20:00:00+00:00,13119.799515772616
2025-09-30 00:00:00+00:00,13119.799515772616
2025-09-30 04:00:00+00:00,13119.799515772616
2025-09-30 08:00:00+00:00,13119.799515772616
2025-09-30 12:00:00+00:00,13119.799515772616
2025-09-30 16:00:00+00:00,13119.799515772616
2025-09-30 20:00:00+00:00,13119.799515772616
2025-10-01 00:00:00+00:00,13119.799515772616
2025-10-01 04:00:00+00:00,13119.799515772616
2025-10-01 08:00:00+00:00,13119.799515772616
2025-10-01 12:00:00+00:00,13119.799515772616
2025-10-01 16:00:00+00:00,13119.799515772616
2025-10-01 20:00:00+00:00,13119.799515772616
2025-10-02 00:00:00+00:00,13119.799515772616
2025-10-02 04:00:00+00:00,13119.799515772616
2025-10-02 08:00:00+00:00,13119.799515772616
2025-10-02 12:00:00+00:00,13119.799515772616
2025-10-02 16:00:00+00:00,13119.799515772616
2025-10-02 20:00:00+00:00,13119.799515772616
2025-10-03 00:00:00+00:00,13119.799515772616
2025-10-03 04:00:00+00:00,13119.799515772616
2025-10-03 08:00:00+00:00,13119.799515772616
2025-10-03 12:00:00+00:00,13119.799515772616
2025-10-03 16:00:00+00:00,13119.799515772616
2025-10-03 20:00:00+00:00,13119.799515772616
2025-10-04 00:00:00+00:00,13119.799515772616
2025-10-04 04:00:00+00:00,13119.799515772616
2025-10-04 08:00:00+00:00,13119.799515772616
2025-10-04 12:00:00+00:00,13119.799515772616
2025-10-04 16:00:00+00:00,13119.799515772616
2025-10-04 20:00:00+00:00,13119.799515772616
2025-10-05 00:00:00+00:00,13119.799515772616
2025-10-05 04:00:00+00:00,13119.799515772616
2025-10-05 08:00:00+00:00,13119.799515772616
2025-10-05 12:00:00+00:00,13119.799515772616
2025-10-05 16:00:00+00:00,13119.799515772616
2025-10-05 20:00:00+00:00,13119.799515772616
2025-10-06 00:00:00+00:00,13119.799515772616
2025-10-06 04:00:00+00:00,13119.799515772616
2025-10-06 08:00:00+00:00,13119.799515772616
2025-10-06 12:00:00+00:00,13119.799515772616
2025-10-06 16:00:00+00:00,13119.799515772616
2025-10-06 20:00:00+00:00,13119.799515772616
2025-10-07 00:00:00+00:00,13119.799515772616
2025-10-07 04:00:00+00:00,13119.799515772616
2025-10-07 08:00:00+00:00,13119.799515772616
2025-10-07 12:00:00+00:00,13119.799515772616
2025-10-07 16:00:00+00:00,13119.799515772616
2025-10-07 20:00:00+00:00,13119.799515772616
2025-10-08 00:00:00+00:00,13119.799515772616
2025-10-08 04:00:00+00:00,13119.799515772616
2025-10-08 08:00:00+00:00,13119.799515772616
2025-10-08 12:00:00+00:00,13119.799515772616
2025-10-08 16:00:00+00:00,13119.799515772616
2025-10-08 20:00:00+00:00,13119.799515772616
2025-10-09 00:00:00+00:00,13119.799515772616
2025-10-09 04:00:00+00:00,13119.799515772616
2025-10-09 08:00:00+00:00,13119.799515772616
2025-10-09 12:00:00+00:00,13119.799515772616
2025-10-09 16:00:00+00:00,13119.799515772616
2025-10-09 20:00:00+00:00,13119.799515772616
2025-10-10 00:00:00+00:00,13119.799515772616
2025-10-10 04:00:00+00:00,13119.799515772616
2025-10-10 08:00:00+00:00,13119.799515772616
2025-10-10 12:00:00+00:00,13119.799515772616
2025-10-10 16:00:00+00:00,13119.799515772616
2025-10-10 20:00:00+00:00,13119.799515772616
2025-10-11 00:00:00+00:00,13119.799515772616
2025-10-11 04:00:00+00:00,13119.799515772616
2025-10-11 08:00:00+00:00,13119.799515772616
2025-10-11 12:00:00+00:00,13119.799515772616
2025-10-11 16:00:00+00:00,13119.799515772616
2025-10-11 20:00:00+00:00,13119.799515772616
2025-10-12 00:00:00+00:00,13119.799515772616
2025-10-12 04:00:00+00:00,13119.799515772616
2025-10-12 08:00:00+00:00,13119.799515772616
2025-10-12 12:00:00+00:00,13119.799515772616
2025-10-12 16:00:00+00:00,13119.799515772616
2025-10-12 20:00:00+00:00,13119.799515772616
2025-10-13 00:00:00+00:00,13119.799515772616
2025-10-13 04:00:00+00:00,13119.799515772616
2025-10-13 08:00:00+00:00,13119.799515772616
2025-10-13 12:00:00+00:00,13119.799515772616
2025-10-13 16:00:00+00:00,13119.799515772616
2025-10-13 20:00:00+00:00,13119.799515772616
2025-10-14 00:00:00+00:00,13119.799515772616
2025-10-14 04:00:00+00:00,13119.799515772616
2025-10-14 08:00:00+00:00,13119.799515772616
2025-10-14 12:00:00+00:00,13119.799515772616
2025-10-14 16:00:00+00:00,13119.799515772616
2025-10-14 20:00:00+00:00,13119.799515772616
2025-10-15 00:00:00+00:00,13119.799515772616
2025-10-15 04:00:00+00:00,13119.799515772616
2025-10-15 08:00:00+00:00,13119.799515772616
2025-10-15 12:00:00+00:00,13119.799515772616
2025-10-15 16:00:00+00:00,13119.799515772616
2025-10-15 20:00:00+00:00,13119.799515772616
2025-10-16 00:00:00+00:00,13119.799515772616
2025-10-16 04:00:00+00:00,13119.799515772616
2025-10-16 08:00:00+00:00,13119.799515772616
2025-10-16 12:00:00+00:00,13119.799515772616
2025-10-16 16:00:00+00:00,13119.799515772616
2025-10-16 20:00:00+00:00,13119.799515772616
2025-10-17 00:00:00+00:00,13119.799515772616
2025-10-17 04:00:00+00:00,13119.799515772616
2025-10-17 08:00:00+00:00,13119.799515772616
2025-10-17 12:00:00+00:00,13119.799515772616
2025-10-17 16:00:00+00:00,13119.799515772616
2025-10-17 20:00:00+00:00,13119.799515772616
2025-10-18 00:00:00+00:00,13119.799515772616
2025-10-18 04:00:00+00:00,13130.739595860246
2025-10-18 08:00:00+00:00,12950.78365567806
2025-10-18 12:00:00+00:00,13135.152860158783
2025-10-18 16:00:00+00:00,13026.558758324707
2025-10-18 20:00:00+00:00,12968.53497933366
2025-10-19 00:00:00+00:00,12853.735500251923
2025-10-19 04:00:00+00:00,12975.260088821455
2025-10-19 08:00:00+00:00,12748.763819281807
2025-10-19 12:00:00+00:00,12600.36254886888
2025-10-19 16:00:00+00:00,12532.103399144602
2025-10-19 20:00:00+00:00,12626.678193092115
2025-10-20 00:00:00+00:00,12288.40512084227
2025-10-20 04:00:00+00:00,12288.40512084227
2025-10-20 08:00:00+00:00,12288.40512084227
2025-10-20 12:00:00+00:00,12288.40512084227
2025-10-20 16:00:00+00:00,12288.40512084227
2025-10-20 20:00:00+00:00,12288.40512084227
2025-10-21 00:00:00+00:00,12288.40512084227
2025-10-21 04:00:00+00:00,12288.40512084227
2025-10-21 08:00:00+00:00,12288.40512084227
2025-10-21 12:00:00+00:00,12288.40512084227
2025-10-21 16:00:00+00:00,12128.526198468498
2025-10-21 20:00:00+00:00,11711.803711458619
2025-10-22 00:00:00+00:00,11711.803711458619
2025-10-22 04:00:00+00:00,11711.803711458619
2025-10-22 08:00:00+00:00,11711.803711458619
2025-10-22 12:00:00+00:00,11711.803711458619
2025-10-22 16:00:00+00:00,11711.803711458619
2025-10-22 20:00:00+00:00,11711.803711458619
2025-10-23 00:00:00+00:00,11711.803711458619
2025-10-23 04:00:00+00:00,11711.803711458619
2025-10-23 08:00:00+00:00,11711.803711458619
2025-10-23 12:00:00+00:00,11711.803711458619
2025-10-23 16:00:00+00:00,11711.803711458619
2025-10-23 20:00:00+00:00,11711.803711458619
2025-10-24 00:00:00+00:00,11711.803711458619
2025-10-24 04:00:00+00:00,11907.534142047041
2025-10-24 08:00:00+00:00,11936.09572331593
2025-10-24 12:00:00+00:00,11806.254369654353
2025-10-24 16:00:00+00:00,12025.361653958262
2025-10-24 20:00:00+00:00,12123.769687856731
2025-10-25 00:00:00+00:00,11981.909893896856
2025-10-25 04:00:00+00:00,11908.874132462219
2025-10-25 08:00:00+00:00,11984.614922098139
2025-10-25 12:00:00+00:00,12074.577594428356
2025-10-25 16:00:00+00:00,12185.483750680953
2025-10-25 20:00:00+00:00,12081.48434293469
2025-10-26 00:00:00+00:00,11924.592707260286
2025-10-26 04:00:00+00:00,12084.252455910162
2025-10-26 08:00:00+00:00,12419.675952869236
2025-10-26 12:00:00+00:00,12526.624652863356
2025-10-26 16:00:00+00:00,12475.45026129067
2025-10-26 20:00:00+00:00,12572.831276536854
2025-10-27 00:00:00+00:00,12687.87883096561
2025-10-27 04:00:00+00:00,12647.30340794637
2025-10-27 08:00:00+00:00,12460.656462057856
2025-10-27 12:00:00+00:00,12290.612642605874
2025-10-27 16:00:00+00:00,12290.612642605874
2025-10-27 20:00:00+00:00,12290.612642605874
2025-10-28 00:00:00+00:00,12290.612642605874
2025-10-28 04:00:00+00:00,12290.612642605874
2025-10-28 08:00:00+00:00,12290.612642605874
2025-10-28 12:00:00+00:00,12290.612642605874
2025-10-28 16:00:00+00:00,12290.612642605874
2025-10-28 20:00:00+00:00,12290.612642605874
2025-10-29 00:00:00+00:00,12290.612642605874
2025-10-29 04:00:00+00:00,12290.612642605874
2025-10-29 08:00:00+00:00,12290.612642605874
2025-10-29 12:00:00+00:00,12290.612642605874
2025-10-29 16:00:00+00:00,12290.612642605874
2025-10-29 20:00:00+00:00,12290.612642605874
2025-10-30 00:00:00+00:00,12290.612642605874
2025-10-30 04:00:00+00:00,12290.612642605874
2025-10-30 08:00:00+00:00,12290.612642605874
2025-10-30 12:00:00+00:00,12290.612642605874
2025-10-30 16:00:00+00:00,12290.612642605874
2025-10-30 20:00:00+00:00,12290.612642605874
2025-10-31 00:00:00+00:00,12290.612642605874
2025-10-31 04:00:00+00:00,12364.038334532677
2025-10-31 08:00:00+00:00,12137.283422480945
2025-10-31 12:00:00+00:00,12177.501275042598
2025-10-31 16:00:00+00:00,12235.722130839664
2025-10-31 20:00:00+00:00,12349.15718754664
2025-11-01 00:00:00+00:00,12238.727545377447
2025-11-01 04:00:00+00:00,12238.727545377447
2025-11-01 08:00:00+00:00,12238.727545377447
2025-11-01 12:00:00+00:00,12238.727545377447
2025-11-01 16:00:00+00:00,12238.727545377447
2025-11-01 20:00:00+00:00,12238.727545377447
2025-11-02 00:00:00+00:00,12238.727545377447
2025-11-02 04:00:00+00:00,12238.727545377447
2025-11-02 08:00:00+00:00,12238.727545377447
2025-11-02 12:00:00+00:00,12238.727545377447
2025-11-02 16:00:00+00:00,12238.727545377447
2025-11-02 20:00:00+00:00,12238.727545377447
2025-11-03 00:00:00+00:00,12238.727545377447
2025-11-03 04:00:00+00:00,12238.727545377447
2025-11-03 08:00:00+00:00,12238.727545377447
2025-11-03 12:00:00+00:00,12238.727545377447
2025-11-03 16:00:00+00:00,12238.727545377447
2025-11-03 20:00:00+00:00,12238.727545377447
2025-11-04 00:00:00+00:00,12238.727545377447
2025-11-04 04:00:00+00:00,12780.664243480373
2025-11-04 08:00:00+00:00,12258.034499655767
2025-11-04 12:00:00+00:00,12424.04586021814
2025-11-04 16:00:00+00:00,13172.658881800467
2025-11-04 20:00:00+00:00,12832.106597114758
2025-11-05 00:00:00+00:00,12565.525785994678
2025-11-05 04:00:00+00:00,12605.987443581096
2025-11-05 08:00:00+00:00,12448.71567798652
2025-11-05 12:00:00+00:00,12256.541775663743
2025-11-05 16:00:00+00:00,12256.541775663743
2025-11-05 20:00:00+00:00,12256.541775663743
2025-11-06 00:00:00+00:00,12256.541775663743
2025-11-06 04:00:00+00:00,12256.541775663743
2025-11-06 08:00:00+00:00,12256.541775663743
2025-11-06 12:00:00+00:00,12256.541775663743
2025-11-06 16:00:00+00:00,12256.541775663743
2025-11-06 20:00:00+00:00,12256.541775663743
2025-11-07 00:00:00+00:00,12256.541775663743
2025-11-07 04:00:00+00:00,12256.541775663743
2025-11-07 08:00:00+00:00,12256.541775663743
2025-11-07 12:00:00+00:00,12256.541775663743
2025-11-07 16:00:00+00:00,12256.541775663743
2025-11-07 20:00:00+00:00,12256.541775663743
2025-11-08 00:00:00+00:00,12256.541775663743
2025-11-08 04:00:00+00:00,12256.541775663743
2025-11-08 08:00:00+00:00,12256.541775663743
2025-11-08 12:00:00+00:00,12256.541775663743
2025-11-08 16:00:00+00:00,12256.541775663743
2025-11-08 20:00:00+00:00,12256.541775663743
2025-11-09 00:00:00+00:00,12256.541775663743
2025-11-09 04:00:00+00:00,12256.541775663743
2025-11-09 08:00:00+00:00,12256.541775663743
2025-11-09 12:00:00+00:00,12256.541775663743
2025-11-09 16:00:00+00:00,12256.541775663743
2025-11-09 20:00:00+00:00,12256.541775663743
2025-11-10 00:00:00+00:00,12256.541775663743
2025-11-10 04:00:00+00:00,12256.541775663743
2025-11-10 08:00:00+00:00,12256.541775663743
2025-11-10 12:00:00+00:00,12256.541775663743
2025-11-10 16:00:00+00:00,12256.541775663743
2025-11-10 20:00:00+00:00,12256.541775663743
2025-11-11 00:00:00+00:00,12256.541775663743
2025-11-11 04:00:00+00:00,12256.541775663743
2025-11-11 08:00:00+00:00,12256.541775663743
2025-11-11 12:00:00+00:00,12256.541775663743
2025-11-11 16:00:00+00:00,12256.541775663743
2025-11-11 20:00:00+00:00,12256.541775663743
2025-11-12 00:00:00+00:00,12256.541775663743
2025-11-12 04:00:00+00:00,12256.541775663743
2025-11-12 08:00:00+00:00,12256.541775663743
2025-11-12 12:00:00+00:00,12256.541775663743
2025-11-12 16:00:00+00:00,12256.541775663743
2025-11-12 20:00:00+00:00,12132.863469972348
2025-11-13 00:00:00+00:00,11866.488957338737
2025-11-13 04:00:00+00:00,11654.53562778259
2025-11-13 08:00:00+00:00,11514.478651556195
2025-11-13 12:00:00+00:00,11514.478651556195
2025-11-13 16:00:00+00:00,11514.478651556195
2025-11-13 20:00:00+00:00,11514.478651556195
2025-11-14 00:00:00+00:00,11514.478651556195
2025-11-14 04:00:00+00:00,11514.478651556195
2025-11-14 08:00:00+00:00,11514.478651556195
2025-11-14 12:00:00+00:00,11514.478651556195
2025-11-14 16:00:00+00:00,11514.478651556195
2025-11-14 20:00:00+00:00,11514.478651556195
2025-11-15 00:00:00+00:00,11514.478651556195
2025-11-15 04:00:00+00:00,11514.478651556195
2025-11-15 08:00:00+00:00,11514.478651556195
2025-11-15 12:00:00+00:00,11514.478651556195
2025-11-15 16:00:00+00:00,11514.478651556195
2025-11-15 20:00:00+00:00,11514.478651556195
2025-11-16 00:00:00+00:00,11514.478651556195
2025-11-16 04:00:00+00:00,11514.478651556195
2025-11-16 08:00:00+00:00,11514.478651556195
2025-11-16 12:00:00+00:00,11514.478651556195
2025-11-16 16:00:00+00:00,11514.478651556195
2025-11-16 20:00:00+00:00,11514.478651556195
2025-11-17 00:00:00+00:00,11514.478651556195
2025-11-17 04:00:00+00:00,11514.478651556195
2025-11-17 08:00:00+00:00,11514.478651556195
2025-11-17 12:00:00+00:00,11514.478651556195
2025-11-17 16:00:00+00:00,11514.478651556195
2025-11-17 20:00:00+00:00,11514.478651556195
2025-11-18 00:00:00+00:00,11514.478651556195
2025-11-18 04:00:00+00:00,11514.478651556195
2025-11-18 08:00:00+00:00,11514.478651556195
2025-11-18 12:00:00+00:00,11514.478651556195
2025-11-18 16:00:00+00:00,11514.478651556195
2025-11-18 20:00:00+00:00,11514.478651556195
2025-11-19 00:00:00+00:00,11514.478651556195
2025-11-19 04:00:00+00:00,11514.478651556195
2025-11-19 08:00:00+00:00,11514.478651556195
2025-11-19 12:00:00+00:00,11514.478651556195
2025-11-19 16:00:00+00:00,11514.478651556195
2025-11-19 20:00:00+00:00,11514.478651556195
2025-11-20 00:00:00+00:00,11514.478651556195
2025-11-20 04:00:00+00:00,11514.478651556195
2025-11-20 08:00:00+00:00,11514.478651556195
2025-11-20 12:00:00+00:00,11514.478651556195
2025-11-20 16:00:00+00:00,11514.478651556195
2025-11-20 20:00:00+00:00,11514.478651556195
2025-11-21 00:00:00+00:00,11514.478651556195
2025-11-21 04:00:00+00:00,11514.478651556195
2025-11-21 08:00:00+00:00,11514.478651556195
2025-11-21 12:00:00+00:00,11514.478651556195
2025-11-21 16:00:00+00:00,11514.478651556195
2025-11-21 20:00:00+00:00,11514.478651556195
2025-11-22 00:00:00+00:00,11514.478651556195
2025-11-22 04:00:00+00:00,11514.478651556195
2025-11-22 08:00:00+00:00,11514.478651556195
2025-11-22 12:00:00+00:00,11514.478651556195
2025-11-22 16:00:00+00:00,11514.478651556195
2025-11-22 20:00:00+00:00,11514.478651556195
2025-11-23 00:00:00+00:00,11514.478651556195
2025-11-23 04:00:00+00:00,11514.478651556195
2025-11-23 08:00:00+00:00,11514.478651556195
2025-11-23 12:00:00+00:00,11514.478651556195
2025-11-23 16:00:00+00:00,11514.478651556195
2025-11-23 20:00:00+00:00,11514.478651556195
2025-11-24 00:00:00+00:00,11514.478651556195
2025-11-24 04:00:00+00:00,11514.478651556195
2025-11-24 08:00:00+00:00,11514.478651556195
2025-11-24 12:00:00+00:00,11514.478651556195
2025-11-24 16:00:00+00:00,11514.478651556195
2025-11-24 20:00:00+00:00,11514.478651556195
2025-11-25 00:00:00+00:00,11514.478651556195
2025-11-25 04:00:00+00:00,11514.478651556195
2025-11-25 08:00:00+00:00,11514.478651556195
2025-11-25 12:00:00+00:00,11514.478651556195
2025-11-25 16:00:00+00:00,11514.478651556195
2025-11-25 20:00:00+00:00,11514.478651556195
2025-11-26 00:00:00+00:00,11514.478651556195
2025-11-26 04:00:00+00:00,11514.478651556195
2025-11-26 08:00:00+00:00,11514.478651556195
2025-11-26 12:00:00+00:00,11514.478651556195
2025-11-26 16:00:00+00:00,11514.478651556195
2025-11-26 20:00:00+00:00,11514.478651556195
2025-11-27 00:00:00+00:00,11514.478651556195
2025-11-27 04:00:00+00:00,11514.478651556195
2025-11-27 08:00:00+00:00,11514.478651556195
2025-11-27 12:00:00+00:00,11514.478651556195
2025-11-27 16:00:00+00:00,11514.478651556195
2025-11-27 20:00:00+00:00,11514.478651556195
2025-11-28 00:00:00+00:00,11514.478651556195
2025-11-28 04:00:00+00:00,11514.478651556195
2025-11-28 08:00:00+00:00,11514.478651556195
2025-11-28 12:00:00+00:00,11514.478651556195
2025-11-28 16:00:00+00:00,11514.478651556195
2025-11-28 20:00:00+00:00,11514.478651556195
2025-11-29 00:00:00+00:00,11514.478651556195
2025-11-29 04:00:00+00:00,11514.478651556195
2025-11-29 08:00:00+00:00,11514.478651556195
2025-11-29 12:00:00+00:00,11514.478651556195
2025-11-29 16:00:00+00:00,11514.478651556195
2025-11-29 20:00:00+00:00,11514.478651556195
2025-11-30 00:00:00+00:00,11514.478651556195
2025-11-30 04:00:00+00:00,11514.478651556195
2025-11-30 08:00:00+00:00,11514.478651556195
2025-11-30 12:00:00+00:00,11514.478651556195
2025-11-30 16:00:00+00:00,11351.314939864977
2025-11-30 20:00:00+00:00,11579.221752832153
2025-12-01 00:00:00+00:00,12545.429262847452
2025-12-01 04:00:00+00:00,12462.812906540259
2025-12-01 08:00:00+00:00,12678.333836037287
2025-12-01 12:00:00+00:00,12822.263572033962
2025-12-01 16:00:00+00:00,12925.911613893968
2025-12-01 20:00:00+00:00,12703.206653413705
2025-12-02 00:00:00+00:00,12663.694483005916
2025-12-02 04:00:00+00:00,12681.825400600163
2025-12-02 08:00:00+00:00,12564.334884287953
2025-12-02 12:00:00+00:00,12416.952003879629
2025-12-02 16:00:00+00:00,12416.952003879629
2025-12-02 20:00:00+00:00,12416.952003879629
2025-12-03 00:00:00+00:00,12416.952003879629
2025-12-03 04:00:00+00:00,12416.952003879629
2025-12-03 08:00:00+00:00,12416.952003879629
2025-12-03 12:00:00+00:00,12416.952003879629
2025-12-03 16:00:00+00:00,12416.952003879629
2025-12-03 20:00:00+00:00,12416.952003879629
2025-12-04 00:00:00+00:00,12416.952003879629
2025-12-04 04:00:00+00:00,12416.952003879629
2025-12-04 08:00:00+00:00,12416.952003879629
2025-12-04 12:00:00+00:00,12416.952003879629
2025-12-04 16:00:00+00:00,12416.952003879629
2025-12-04 20:00:00+00:00,12416.952003879629
2025-12-05 00:00:00+00:00,12416.952003879629
2025-12-05 04:00:00+00:00,12416.952003879629
2025-12-05 08:00:00+00:00,12416.952003879629
2025-12-05 12:00:00+00:00,12416.952003879629
2025-12-05 16:00:00+00:00,12416.952003879629
2025-12-05 20:00:00+00:00,12416.952003879629
2025-12-06 00:00:00+00:00,12416.952003879629
2025-12-06 04:00:00+00:00,12416.952003879629
2025-12-06 08:00:00+00:00,12416.952003879629
2025-12-06 12:00:00+00:00,12416.952003879629
2025-12-06 16:00:00+00:00,12416.952003879629
2025-12-06 20:00:00+00:00,12416.952003879629
2025-12-07 00:00:00+00:00,12416.952003879629
2025-12-07 04:00:00+00:00,12416.952003879629
2025-12-07 08:00:00+00:00,12416.952003879629
2025-12-07 12:00:00+00:00,12416.952003879629
2025-12-07 16:00:00+00:00,12416.952003879629
2025-12-07 20:00:00+00:00,12416.952003879629
2025-12-08 00:00:00+00:00,12416.952003879629
2025-12-08 04:00:00+00:00,12416.952003879629
2025-12-08 08:00:00+00:00,12416.952003879629
2025-12-08 12:00:00+00:00,12416.952003879629
2025-12-08 16:00:00+00:00,12416.952003879629
2025-12-08 20:00:00+00:00,12416.952003879629
2025-12-09 00:00:00+00:00,12416.952003879629
2025-12-09 04:00:00+00:00,12416.952003879629
2025-12-09 08:00:00+00:00,12416.952003879629
2025-12-09 12:00:00+00:00,12416.952003879629
2025-12-09 16:00:00+00:00,12416.952003879629
2025-12-09 20:00:00+00:00,12416.952003879629
2025-12-10 00:00:00+00:00,12416.952003879629
2025-12-10 04:00:00+00:00,12416.952003879629
2025-12-10 08:00:00+00:00,12416.952003879629
2025-12-10 12:00:00+00:00,12416.952003879629
2025-12-10 16:00:00+00:00,12416.952003879629
2025-12-10 20:00:00+00:00,12416.952003879629
2025-12-11 00:00:00+00:00,12416.952003879629
2025-12-11 04:00:00+00:00,12416.952003879629
2025-12-11 08:00:00+00:00,12416.952003879629
2025-12-11 12:00:00+00:00,12416.952003879629
2025-12-11 16:00:00+00:00,12137.146385449105
2025-12-11 20:00:00+00:00,11784.770172170174
2025-12-12 00:00:00+00:00,11784.770172170174
2025-12-12 04:00:00+00:00,11784.770172170174
2025-12-12 08:00:00+00:00,11784.770172170174
2025-12-12 12:00:00+00:00,11784.770172170174
2025-12-12 16:00:00+00:00,11784.770172170174
2025-12-12 20:00:00+00:00,11784.770172170174
2025-12-13 00:00:00+00:00,11784.770172170174
2025-12-13 04:00:00+00:00,11784.770172170174
2025-12-13 08:00:00+00:00,11784.770172170174
2025-12-13 12:00:00+00:00,11784.770172170174
2025-12-13 16:00:00+00:00,11784.770172170174
2025-12-13 20:00:00+00:00,11784.770172170174
2025-12-14 00:00:00+00:00,11784.770172170174
2025-12-14 04:00:00+00:00,11784.770172170174
2025-12-14 08:00:00+00:00,11784.770172170174
2025-12-14 12:00:00+00:00,11784.770172170174
2025-12-14 16:00:00+00:00,11784.770172170174
2025-12-14 20:00:00+00:00,11784.770172170174
2025-12-15 00:00:00+00:00,11784.770172170174
2025-12-15 04:00:00+00:00,11784.770172170174
2025-12-15 08:00:00+00:00,11784.770172170174
2025-12-15 12:00:00+00:00,11784.770172170174
2025-12-15 16:00:00+00:00,11784.770172170174
2025-12-15 20:00:00+00:00,11784.770172170174
2025-12-16 00:00:00+00:00,11784.770172170174
2025-12-16 04:00:00+00:00,11784.770172170174
2025-12-16 08:00:00+00:00,11784.770172170174
2025-12-16 12:00:00+00:00,11784.770172170174
2025-12-16 16:00:00+00:00,11784.770172170174
2025-12-16 20:00:00+00:00,11784.770172170174
2025-12-17 00:00:00+00:00,11784.770172170174
2025-12-17 04:00:00+00:00,11784.770172170174
2025-12-17 08:00:00+00:00,11784.770172170174
2025-12-17 12:00:00+00:00,11784.770172170174
2025-12-17 16:00:00+00:00,11784.770172170174
2025-12-17 20:00:00+00:00,11784.770172170174
2025-12-18 00:00:00+00:00,11784.770172170174
2025-12-18 04:00:00+00:00,11784.770172170174
2025-12-18 08:00:00+00:00,11784.770172170174
2025-12-18 12:00:00+00:00,11784.770172170174
2025-12-18 16:00:00+00:00,11784.770172170174
2025-12-18 20:00:00+00:00,11784.770172170174
2025-12-19 00:00:00+00:00,11784.770172170174
2025-12-19 04:00:00+00:00,11784.770172170174
2025-12-19 08:00:00+00:00,11784.770172170174
2025-12-19 12:00:00+00:00,11784.770172170174
2025-12-19 16:00:00+00:00,11784.770172170174
2025-12-19 20:00:00+00:00,11784.770172170174
2025-12-20 00:00:00+00:00,11784.770172170174
2025-12-20 04:00:00+00:00,11784.770172170174
2025-12-20 08:00:00+00:00,11784.770172170174
2025-12-20 12:00:00+00:00,11784.770172170174
2025-12-20 16:00:00+00:00,11784.770172170174
2025-12-20 20:00:00+00:00,11784.770172170174
2025-12-21 00:00:00+00:00,11784.770172170174
2025-12-21 04:00:00+00:00,11784.770172170174
2025-12-21 08:00:00+00:00,11784.770172170174
2025-12-21 12:00:00+00:00,11784.770172170174
2025-12-21 16:00:00+00:00,11784.770172170174
2025-12-21 20:00:00+00:00,11784.770172170174
2025-12-22 00:00:00+00:00,11784.770172170174
2025-12-22 04:00:00+00:00,11784.770172170174
2025-12-22 08:00:00+00:00,11784.770172170174
2025-12-22 12:00:00+00:00,11784.770172170174
2025-12-22 16:00:00+00:00,11784.770172170174
2025-12-22 20:00:00+00:00,11784.770172170174
2025-12-23 00:00:00+00:00,11784.770172170174
2025-12-23 04:00:00+00:00,11784.770172170174
2025-12-23 08:00:00+00:00,11784.770172170174
2025-12-23 12:00:00+00:00,11784.770172170174
2025-12-23 16:00:00+00:00,11784.770172170174
2025-12-23 20:00:00+00:00,11784.770172170174
2025-12-24 00:00:00+00:00,11784.770172170174
2025-12-24 04:00:00+00:00,11784.770172170174
2025-12-24 08:00:00+00:00,11784.770172170174
2025-12-24 12:00:00+00:00,11784.770172170174
2025-12-24 16:00:00+00:00,11784.770172170174
2025-12-24 20:00:00+00:00,11784.770172170174
2025-12-25 00:00:00+00:00,11784.770172170174
2025-12-25 04:00:00+00:00,11784.770172170174
2025-12-25 08:00:00+00:00,11784.770172170174
2025-12-25 12:00:00+00:00,11784.770172170174
2025-12-25 16:00:00+00:00,11784.770172170174
2025-12-25 20:00:00+00:00,11784.770172170174
2025-12-26 00:00:00+00:00,11784.770172170174
2025-12-26 04:00:00+00:00,11784.770172170174
2025-12-26 08:00:00+00:00,11784.770172170174
2025-12-26 12:00:00+00:00,11784.770172170174
2025-12-26 16:00:00+00:00,11784.770172170174
2025-12-26 20:00:00+00:00,11784.770172170174
2025-12-27 00:00:00+00:00,11784.770172170174
2025-12-27 04:00:00+00:00,11784.770172170174
2025-12-27 08:00:00+00:00,11784.770172170174
2025-12-27 12:00:00+00:00,11784.770172170174
2025-12-27 16:00:00+00:00,11784.770172170174
2025-12-27 20:00:00+00:00,11784.770172170174
2025-12-28 00:00:00+00:00,11784.770172170174
2025-12-28 04:00:00+00:00,11784.770172170174
2025-12-28 08:00:00+00:00,11784.770172170174
2025-12-28 12:00:00+00:00,11784.770172170174
2025-12-28 16:00:00+00:00,11784.770172170174
2025-12-28 20:00:00+00:00,11784.770172170174
2025-12-29 00:00:00+00:00,11784.770172170174
2025-12-29 04:00:00+00:00,11784.770172170174
2025-12-29 08:00:00+00:00,11784.770172170174
2025-12-29 12:00:00+00:00,11784.770172170174
2025-12-29 16:00:00+00:00,11784.770172170174
2025-12-29 20:00:00+00:00,11784.770172170174
2025-12-30 00:00:00+00:00,11784.770172170174
2025-12-30 04:00:00+00:00,11784.770172170174
2025-12-30 08:00:00+00:00,11784.770172170174
2025-12-30 12:00:00+00:00,11784.770172170174
2025-12-30 16:00:00+00:00,11784.770172170174
2025-12-30 20:00:00+00:00,11784.770172170174
2025-12-31 00:00:00+00:00,11784.770172170174
2025-12-31 04:00:00+00:00,11784.770172170174
2025-12-31 08:00:00+00:00,11784.770172170174
2025-12-31 12:00:00+00:00,11784.770172170174
2025-12-31 16:00:00+00:00,11784.770172170174
2025-12-31 20:00:00+00:00,11622.860993545171
2026-01-01 00:00:00+00:00,11694.237718568593
2026-01-01 04:00:00+00:00,11521.461879663302
2026-01-01 08:00:00+00:00,11390.992806284654
2026-01-01 12:00:00+00:00,11390.992806284654
2026-01-01 16:00:00+00:00,11390.992806284654
2026-01-01 20:00:00+00:00,11390.992806284654
2026-01-02 00:00:00+00:00,11390.992806284654
2026-01-02 04:00:00+00:00,11390.992806284654
2026-01-02 08:00:00+00:00,11390.992806284654
2026-01-02 12:00:00+00:00,11390.992806284654
2026-01-02 16:00:00+00:00,11390.992806284654
2026-01-02 20:00:00+00:00,11390.992806284654
2026-01-03 00:00:00+00:00,11390.992806284654
2026-01-03 04:00:00+00:00,11390.992806284654
2026-01-03 08:00:00+00:00,11390.992806284654
2026-01-03 12:00:00+00:00,11390.992806284654
2026-01-03 16:00:00+00:00,11390.992806284654
2026-01-03 20:00:00+00:00,11390.992806284654
2026-01-04 00:00:00+00:00,11390.992806284654
2026-01-04 04:00:00+00:00,11390.992806284654
2026-01-04 08:00:00+00:00,11390.992806284654
2026-01-04 12:00:00+00:00,11390.992806284654
2026-01-04 16:00:00+00:00,11390.992806284654
2026-01-04 20:00:00+00:00,11390.992806284654
2026-01-05 00:00:00+00:00,11390.992806284654
2026-01-05 04:00:00+00:00,11390.992806284654
2026-01-05 08:00:00+00:00,11390.992806284654
2026-01-05 12:00:00+00:00,11390.992806284654
2026-01-05 16:00:00+00:00,11390.992806284654
2026-01-05 20:00:00+00:00,11390.992806284654
2026-01-06 00:00:00+00:00,11390.992806284654
2026-01-06 04:00:00+00:00,11390.992806284654
2026-01-06 08:00:00+00:00,11390.992806284654
2026-01-06 12:00:00+00:00,11390.992806284654
2026-01-06 16:00:00+00:00,11390.992806284654
2026-01-06 20:00:00+00:00,11390.992806284654
2026-01-07 00:00:00+00:00,11390.992806284654
2026-01-07 04:00:00+00:00,11390.992806284654
2026-01-07 08:00:00+00:00,11390.992806284654
2026-01-07 12:00:00+00:00,11390.992806284654
2026-01-07 16:00:00+00:00,11390.992806284654
2026-01-07 20:00:00+00:00,11390.992806284654
2026-01-08 00:00:00+00:00,11390.992806284654
2026-01-08 04:00:00+00:00,11390.992806284654
2026-01-08 08:00:00+00:00,11390.992806284654
2026-01-08 12:00:00+00:00,11390.992806284654
2026-01-08 16:00:00+00:00,11390.992806284654
2026-01-08 20:00:00+00:00,11390.992806284654
2026-01-09 00:00:00+00:00,11390.992806284654
2026-01-09 04:00:00+00:00,11390.992806284654
2026-01-09 08:00:00+00:00,11390.992806284654
2026-01-09 12:00:00+00:00,11390.992806284654
2026-01-09 16:00:00+00:00,11390.992806284654
2026-01-09 20:00:00+00:00,11390.992806284654
2026-01-10 00:00:00+00:00,11390.992806284654
2026-01-10 04:00:00+00:00,11390.992806284654
2026-01-10 08:00:00+00:00,11390.992806284654
2026-01-10 12:00:00+00:00,11390.992806284654
2026-01-10 16:00:00+00:00,11390.992806284654
2026-01-10 20:00:00+00:00,11390.992806284654
2026-01-11 00:00:00+00:00,11390.992806284654
2026-01-11 04:00:00+00:00,11390.992806284654
2026-01-11 08:00:00+00:00,11390.992806284654
2026-01-11 12:00:00+00:00,11390.992806284654
2026-01-11 16:00:00+00:00,11390.992806284654
2026-01-11 20:00:00+00:00,11390.992806284654
2026-01-12 00:00:00+00:00,11390.992806284654
2026-01-12 04:00:00+00:00,11390.992806284654
2026-01-12 08:00:00+00:00,11390.992806284654
2026-01-12 12:00:00+00:00,11390.992806284654
2026-01-12 16:00:00+00:00,11390.992806284654
2026-01-12 20:00:00+00:00,11390.992806284654
2026-01-13 00:00:00+00:00,11390.992806284654
2026-01-13 04:00:00+00:00,11390.992806284654
2026-01-13 08:00:00+00:00,11390.992806284654
2026-01-13 12:00:00+00:00,11390.992806284654
2026-01-13 16:00:00+00:00,11390.992806284654
2026-01-13 20:00:00+00:00,11390.992806284654
2026-01-14 00:00:00+00:00,11390.992806284654
2026-01-14 04:00:00+00:00,11390.992806284654
2026-01-14 08:00:00+00:00,11390.992806284654
2026-01-14 12:00:00+00:00,11390.992806284654
2026-01-14 16:00:00+00:00,11390.992806284654
2026-01-14 20:00:00+00:00,11390.992806284654
2026-01-15 00:00:00+00:00,11390.992806284654
2026-01-15 04:00:00+00:00,11390.992806284654
2026-01-15 08:00:00+00:00,11390.992806284654
2026-01-15 12:00:00+00:00,11390.992806284654
2026-01-15 16:00:00+00:00,11390.992806284654
2026-01-15 20:00:00+00:00,11390.992806284654
2026-01-16 00:00:00+00:00,11390.992806284654
2026-01-16 04:00:00+00:00,11390.992806284654
2026-01-16 08:00:00+00:00,11390.992806284654
2026-01-16 12:00:00+00:00,11390.992806284654
2026-01-16 16:00:00+00:00,11390.992806284654
2026-01-16 20:00:00+00:00,11390.992806284654
2026-01-17 00:00:00+00:00,11390.992806284654
2026-01-17 04:00:00+00:00,11390.992806284654
2026-01-17 08:00:00+00:00,11390.992806284654
2026-01-17 12:00:00+00:00,11390.992806284654
2026-01-17 16:00:00+00:00,11390.992806284654
2026-01-17 20:00:00+00:00,11390.992806284654
2026-01-18 00:00:00+00:00,11390.992806284654
2026-01-18 04:00:00+00:00,11390.992806284654
2026-01-18 08:00:00+00:00,11390.992806284654
2026-01-18 12:00:00+00:00,11390.992806284654
2026-01-18 16:00:00+00:00,11390.992806284654
2026-01-18 20:00:00+00:00,11390.992806284654
2026-01-19 00:00:00+00:00,11756.270342883246
2026-01-19 04:00:00+00:00,11825.456433997668
2026-01-19 08:00:00+00:00,11850.154036201764
2026-01-19 12:00:00+00:00,11847.219959860322
2026-01-19 16:00:00+00:00,11406.191349072878
2026-01-19 20:00:00+00:00,11504.711354145165
2026-01-20 00:00:00+00:00,11490.598438599965
2026-01-20 04:00:00+00:00,11833.93144999444
2026-01-20 08:00:00+00:00,11908.02425660673
2026-01-20 12:00:00+00:00,12056.168468182268
2026-01-20 16:00:00+00:00,12186.71293697535
2026-01-20 20:00:00+00:00,12196.467149118993
2026-01-21 00:00:00+00:00,11751.910309445248
2026-01-21 04:00:00+00:00,11809.459250809681
2026-01-21 08:00:00+00:00,11929.419032943866
2026-01-21 12:00:00+00:00,11641.41531659945
2026-01-21 16:00:00+00:00,11641.41531659945
2026-01-21 20:00:00+00:00,11641.41531659945
2026-01-22 00:00:00+00:00,11641.41531659945
2026-01-22 04:00:00+00:00,11641.41531659945
2026-01-22 08:00:00+00:00,11641.41531659945
2026-01-22 12:00:00+00:00,11641.41531659945
2026-01-22 16:00:00+00:00,11641.41531659945
2026-01-22 20:00:00+00:00,11641.41531659945
2026-01-23 00:00:00+00:00,11641.41531659945
2026-01-23 04:00:00+00:00,11641.41531659945
2026-01-23 08:00:00+00:00,11641.41531659945
2026-01-23 12:00:00+00:00,11641.41531659945
2026-01-23 16:00:00+00:00,11641.41531659945
2026-01-23 20:00:00+00:00,11641.41531659945
2026-01-24 00:00:00+00:00,11641.41531659945
2026-01-24 04:00:00+00:00,11641.41531659945
2026-01-24 08:00:00+00:00,11641.41531659945
2026-01-24 12:00:00+00:00,11641.41531659945
2026-01-24 16:00:00+00:00,11641.41531659945
2026-01-24 20:00:00+00:00,11641.41531659945
2026-01-25 00:00:00+00:00,11641.41531659945
2026-01-25 04:00:00+00:00,11641.41531659945
2026-01-25 08:00:00+00:00,11641.41531659945
2026-01-25 12:00:00+00:00,11641.41531659945
2026-01-25 16:00:00+00:00,11641.41531659945
2026-01-25 20:00:00+00:00,11641.41531659945
2026-01-26 00:00:00+00:00,11641.41531659945
2026-01-26 04:00:00+00:00,11641.41531659945
2026-01-26 08:00:00+00:00,11641.41531659945
2026-01-26 12:00:00+00:00,11641.41531659945
2026-01-26 16:00:00+00:00,11641.41531659945
2026-01-26 20:00:00+00:00,11641.41531659945
2026-01-27 00:00:00+00:00,11641.41531659945
2026-01-27 04:00:00+00:00,11641.41531659945
2026-01-27 08:00:00+00:00,11641.41531659945
2026-01-27 12:00:00+00:00,11641.41531659945
2026-01-27 16:00:00+00:00,11641.41531659945
2026-01-27 20:00:00+00:00,11641.41531659945
2026-01-28 00:00:00+00:00,11641.41531659945
2026-01-28 04:00:00+00:00,11641.41531659945
2026-01-28 08:00:00+00:00,11641.41531659945
2026-01-28 12:00:00+00:00,11641.41531659945
2026-01-28 16:00:00+00:00,11641.41531659945
2026-01-28 20:00:00+00:00,11641.41531659945
2026-01-29 00:00:00+00:00,11641.41531659945
2026-01-29 04:00:00+00:00,11641.41531659945
2026-01-29 08:00:00+00:00,11641.41531659945
2026-01-29 12:00:00+00:00,11641.41531659945
2026-01-29 16:00:00+00:00,11641.41531659945
2026-01-29 20:00:00+00:00,11641.41531659945
2026-01-30 00:00:00+00:00,11641.41531659945
2026-01-30 04:00:00+00:00,11641.41531659945
2026-01-30 08:00:00+00:00,11641.41531659945
2026-01-30 12:00:00+00:00,11641.41531659945
2026-01-30 16:00:00+00:00,11641.41531659945
2026-01-30 20:00:00+00:00,11641.41531659945
2026-01-31 00:00:00+00:00,11641.41531659945
2026-01-31 04:00:00+00:00,11641.41531659945
2026-01-31 08:00:00+00:00,11641.41531659945
2026-01-31 12:00:00+00:00,11641.41531659945
2026-01-31 16:00:00+00:00,11641.41531659945
2026-01-31 20:00:00+00:00,11641.41531659945
2026-02-01 00:00:00+00:00,11641.41531659945
2026-02-01 04:00:00+00:00,11641.41531659945
2026-02-01 08:00:00+00:00,11641.41531659945
2026-02-01 12:00:00+00:00,11641.41531659945
2026-02-01 16:00:00+00:00,11641.41531659945
2026-02-01 20:00:00+00:00,11641.41531659945
2026-02-02 00:00:00+00:00,11641.41531659945
2026-02-02 04:00:00+00:00,11641.41531659945
2026-02-02 08:00:00+00:00,11641.41531659945
2026-02-02 12:00:00+00:00,11641.41531659945
2026-02-02 16:00:00+00:00,11641.41531659945
2026-02-02 20:00:00+00:00,11641.41531659945
2026-02-03 00:00:00+00:00,11641.41531659945
2026-02-03 04:00:00+00:00,11641.41531659945
2026-02-03 08:00:00+00:00,11641.41531659945
2026-02-03 12:00:00+00:00,11641.41531659945
2026-02-03 16:00:00+00:00,11641.41531659945
2026-02-03 20:00:00+00:00,11641.41531659945
2026-02-04 00:00:00+00:00,11641.41531659945
2026-02-04 04:00:00+00:00,11641.41531659945
2026-02-04 08:00:00+00:00,11641.41531659945
2026-02-04 12:00:00+00:00,11641.41531659945
2026-02-04 16:00:00+00:00,11641.41531659945
2026-02-04 20:00:00+00:00,11641.41531659945
2026-02-05 00:00:00+00:00,11641.41531659945
2026-02-05 04:00:00+00:00,11641.41531659945
2026-02-05 08:00:00+00:00,11641.41531659945
2026-02-05 12:00:00+00:00,11641.41531659945
2026-02-05 16:00:00+00:00,11641.41531659945
2026-02-05 20:00:00+00:00,11641.41531659945
2026-02-06 00:00:00+00:00,11641.41531659945
2026-02-06 04:00:00+00:00,11641.41531659945
2026-02-06 08:00:00+00:00,11641.41531659945
2026-02-06 12:00:00+00:00,11641.41531659945
2026-02-06 16:00:00+00:00,11641.41531659945
2026-02-06 20:00:00+00:00,11641.41531659945
2026-02-07 00:00:00+00:00,11641.41531659945
2026-02-07 04:00:00+00:00,11641.41531659945
2026-02-07 08:00:00+00:00,11641.41531659945
2026-02-07 12:00:00+00:00,11641.41531659945
2026-02-07 16:00:00+00:00,11641.41531659945
2026-02-07 20:00:00+00:00,11641.41531659945
2026-02-08 00:00:00+00:00,11641.41531659945
2026-02-08 04:00:00+00:00,11641.41531659945
2026-02-08 08:00:00+00:00,11641.41531659945
2026-02-08 12:00:00+00:00,11641.41531659945
2026-02-08 16:00:00+00:00,11641.41531659945
2026-02-08 20:00:00+00:00,11641.41531659945
2026-02-09 00:00:00+00:00,11641.41531659945
2026-02-09 04:00:00+00:00,11641.41531659945
2026-02-09 08:00:00+00:00,11641.41531659945
2026-02-09 12:00:00+00:00,11641.41531659945
2026-02-09 16:00:00+00:00,11641.41531659945
2026-02-09 20:00:00+00:00,11641.41531659945
2026-02-10 00:00:00+00:00,11641.41531659945
2026-02-10 04:00:00+00:00,11641.41531659945
2026-02-10 08:00:00+00:00,11641.41531659945
2026-02-10 12:00:00+00:00,11641.41531659945
2026-02-10 16:00:00+00:00,11641.41531659945
2026-02-10 20:00:00+00:00,11641.41531659945
2026-02-11 00:00:00+00:00,11641.41531659945
2026-02-11 04:00:00+00:00,11641.41531659945
2026-02-11 08:00:00+00:00,11641.41531659945
2026-02-11 12:00:00+00:00,11641.41531659945
2026-02-11 16:00:00+00:00,11641.41531659945
2026-02-11 20:00:00+00:00,11641.41531659945
2026-02-12 00:00:00+00:00,11641.41531659945
2026-02-12 04:00:00+00:00,11641.41531659945
2026-02-12 08:00:00+00:00,11641.41531659945
2026-02-12 12:00:00+00:00,11641.41531659945
2026-02-12 16:00:00+00:00,11641.41531659945
2026-02-12 20:00:00+00:00,11641.41531659945
2026-02-13 00:00:00+00:00,11641.41531659945
2026-02-13 04:00:00+00:00,11641.41531659945
2026-02-13 08:00:00+00:00,11641.41531659945
2026-02-13 12:00:00+00:00,11641.41531659945
2026-02-13 16:00:00+00:00,11641.41531659945
2026-02-13 20:00:00+00:00,11641.41531659945
2026-02-14 00:00:00+00:00,11641.41531659945
2026-02-14 04:00:00+00:00,11641.41531659945
2026-02-14 08:00:00+00:00,11641.41531659945
2026-02-14 12:00:00+00:00,11641.41531659945
2026-02-14 16:00:00+00:00,11641.41531659945
2026-02-14 20:00:00+00:00,11641.41531659945
2026-02-15 00:00:00+00:00,11641.41531659945
2026-02-15 04:00:00+00:00,11641.41531659945
2026-02-15 08:00:00+00:00,11641.41531659945
2026-02-15 12:00:00+00:00,11641.41531659945
2026-02-15 16:00:00+00:00,11641.41531659945
2026-02-15 20:00:00+00:00,11641.41531659945
2026-02-16 00:00:00+00:00,11641.41531659945
2026-02-16 04:00:00+00:00,11641.41531659945
2026-02-16 08:00:00+00:00,11641.41531659945
2026-02-16 12:00:00+00:00,11641.41531659945
2026-02-16 16:00:00+00:00,11641.41531659945
2026-02-16 20:00:00+00:00,11641.41531659945
2026-02-17 00:00:00+00:00,11641.41531659945
2026-02-17 04:00:00+00:00,11641.41531659945
2026-02-17 08:00:00+00:00,11641.41531659945
2026-02-17 12:00:00+00:00,11641.41531659945
2026-02-17 16:00:00+00:00,11641.41531659945
2026-02-17 20:00:00+00:00,11641.41531659945
2026-02-18 00:00:00+00:00,11641.41531659945
2026-02-18 04:00:00+00:00,11641.41531659945
2026-02-18 08:00:00+00:00,11641.41531659945
2026-02-18 12:00:00+00:00,11641.41531659945
2026-02-18 16:00:00+00:00,11641.41531659945
2026-02-18 20:00:00+00:00,12130.229446439422
2026-02-19 00:00:00+00:00,12487.382233689124
2026-02-19 04:00:00+00:00,13401.338427508568
2026-02-19 08:00:00+00:00,13707.897487656468
2026-02-19 12:00:00+00:00,13862.888319859168
2026-02-19 16:00:00+00:00,13923.536906373269
2026-02-19 20:00:00+00:00,13841.51984245174
2026-02-20 00:00:00+00:00,14497.919216321154
2026-02-20 04:00:00+00:00,14457.486825311757
2026-02-20 08:00:00+00:00,14601.770062231424
2026-02-20 12:00:00+00:00,14251.356006816626
2026-02-20 16:00:00+00:00,14540.533443464994
2026-02-20 20:00:00+00:00,14540.533443464994
2026-02-21 00:00:00+00:00,14358.587683922695
2026-02-21 04:00:00+00:00,14335.64310689899
2026-02-21 08:00:00+00:00,14341.050497135688
2026-02-21 12:00:00+00:00,14442.13147465919
2026-02-21 16:00:00+00:00,14536.47372034779
2026-02-21 20:00:00+00:00,14535.078059575846
2026-02-22 00:00:00+00:00,14777.672405632245
2026-02-22 04:00:00+00:00,14773.247585841154
2026-02-22 08:00:00+00:00,14833.896172355255
2026-02-22 12:00:00+00:00,14861.7081736593
2026-02-22 16:00:00+00:00,14898.321325057193
2026-02-22 20:00:00+00:00,14945.492447901492
2026-02-23 00:00:00+00:00,15396.987480839793
2026-02-23 04:00:00+00:00,15026.412477211079
2026-02-23 08:00:00+00:00,14886.895728674273
2026-02-23 12:00:00+00:00,14886.895728674273
2026-02-23 16:00:00+00:00,14886.895728674273
2026-02-23 20:00:00+00:00,14886.895728674273
2026-02-24 00:00:00+00:00,14886.895728674273
2026-02-24 04:00:00+00:00,14886.895728674273
2026-02-24 08:00:00+00:00,14886.895728674273
2026-02-24 12:00:00+00:00,14886.895728674273
2026-02-24 16:00:00+00:00,14886.895728674273
2026-02-24 20:00:00+00:00,14886.895728674273
2026-02-25 00:00:00+00:00,14886.895728674273
2026-02-25 04:00:00+00:00,14886.895728674273
2026-02-25 08:00:00+00:00,14886.895728674273
2026-02-25 12:00:00+00:00,14886.895728674273
2026-02-25 16:00:00+00:00,14886.895728674273
2026-02-25 20:00:00+00:00,14886.895728674273
2026-02-26 00:00:00+00:00,14886.895728674273
2026-02-26 04:00:00+00:00,14886.895728674273
2026-02-26 08:00:00+00:00,14886.895728674273
2026-02-26 12:00:00+00:00,14886.895728674273
2026-02-26 16:00:00+00:00,14886.895728674273
2026-02-26 20:00:00+00:00,14886.895728674273
2026-02-27 00:00:00+00:00,14886.895728674273
2026-02-27 04:00:00+00:00,14886.895728674273
2026-02-27 08:00:00+00:00,14886.895728674273
2026-02-27 12:00:00+00:00,14886.895728674273
2026-02-27 16:00:00+00:00,14886.895728674273
2026-02-27 20:00:00+00:00,14886.895728674273
2026-02-28 00:00:00+00:00,14886.895728674273
2026-02-28 04:00:00+00:00,14886.895728674273
2026-02-28 08:00:00+00:00,15149.547156320732
2026-02-28 12:00:00+00:00,14670.935524650733
2026-02-28 16:00:00+00:00,14203.28490288137
2026-02-28 20:00:00+00:00,14203.28490288137
2026-03-01 00:00:00+00:00,14203.28490288137
2026-03-01 04:00:00+00:00,14203.28490288137
2026-03-01 08:00:00+00:00,14203.28490288137
2026-03-01 12:00:00+00:00,14203.28490288137
2026-03-01 16:00:00+00:00,14203.28490288137
2026-03-01 20:00:00+00:00,14203.28490288137
2026-03-02 00:00:00+00:00,14203.28490288137
2026-03-02 04:00:00+00:00,14203.28490288137
2026-03-02 08:00:00+00:00,14203.28490288137
2026-03-02 12:00:00+00:00,14203.28490288137
2026-03-02 16:00:00+00:00,14203.28490288137
2026-03-02 20:00:00+00:00,14203.28490288137
2026-03-03 00:00:00+00:00,14203.28490288137
2026-03-03 04:00:00+00:00,14203.28490288137
2026-03-03 08:00:00+00:00,14203.28490288137
2026-03-03 12:00:00+00:00,14203.28490288137
2026-03-03 16:00:00+00:00,14203.28490288137
2026-03-03 20:00:00+00:00,14203.28490288137
2026-03-04 00:00:00+00:00,14203.28490288137
2026-03-04 04:00:00+00:00,14203.28490288137
2026-03-04 08:00:00+00:00,14203.28490288137
2026-03-04 12:00:00+00:00,14203.28490288137
2026-03-04 16:00:00+00:00,14203.28490288137
2026-03-04 20:00:00+00:00,14203.28490288137
2026-03-05 00:00:00+00:00,14203.28490288137
2026-03-05 04:00:00+00:00,14203.28490288137
2026-03-05 08:00:00+00:00,14203.28490288137
2026-03-05 12:00:00+00:00,14203.28490288137
2026-03-05 16:00:00+00:00,14203.28490288137
2026-03-05 20:00:00+00:00,14203.28490288137
2026-03-06 00:00:00+00:00,14203.28490288137
2026-03-06 04:00:00+00:00,14203.28490288137
2026-03-06 08:00:00+00:00,14203.28490288137
2026-03-06 12:00:00+00:00,14203.28490288137
2026-03-06 16:00:00+00:00,14151.042377845282
2026-03-06 20:00:00+00:00,14079.139381986855
2026-03-07 00:00:00+00:00,14126.697438460307
2026-03-07 04:00:00+00:00,14193.753519919179
2026-03-07 08:00:00+00:00,14169.974491682451
2026-03-07 12:00:00+00:00,14466.589332674988
2026-03-07 16:00:00+00:00,14561.705445621896
2026-03-07 20:00:00+00:00,14562.88802187626
2026-03-08 00:00:00+00:00,14776.899276006798
2026-03-08 04:00:00+00:00,14752.024493028022
2026-03-08 08:00:00+00:00,14632.855505183717
2026-03-08 12:00:00+00:00,14751.750646367347
2026-03-08 16:00:00+00:00,14478.291821644994
2026-03-08 20:00:00+00:00,14674.590581757395
2026-03-09 00:00:00+00:00,14543.833213484779
2026-03-09 04:00:00+00:00,14193.289441835872
2026-03-09 08:00:00+00:00,14193.289441835872
2026-03-09 12:00:00+00:00,14193.289441835872
2026-03-09 16:00:00+00:00,14193.289441835872
2026-03-09 20:00:00+00:00,14193.289441835872
2026-03-10 00:00:00+00:00,14193.289441835872
2026-03-10 04:00:00+00:00,14193.289441835872
2026-03-10 08:00:00+00:00,14193.289441835872
2026-03-10 12:00:00+00:00,14193.289441835872
2026-03-10 16:00:00+00:00,14193.289441835872
2026-03-10 20:00:00+00:00,14193.289441835872
2026-03-11 00:00:00+00:00,14193.289441835872
2026-03-11 04:00:00+00:00,14193.289441835872
2026-03-11 08:00:00+00:00,14193.289441835872
2026-03-11 12:00:00+00:00,14193.289441835872
2026-03-11 16:00:00+00:00,14193.289441835872
2026-03-11 20:00:00+00:00,14193.289441835872
2026-03-12 00:00:00+00:00,14193.289441835872
2026-03-12 04:00:00+00:00,14193.289441835872
2026-03-12 08:00:00+00:00,14193.289441835872
2026-03-12 12:00:00+00:00,14193.289441835872
2026-03-12 16:00:00+00:00,14193.289441835872
2026-03-12 20:00:00+00:00,14193.289441835872
2026-03-13 00:00:00+00:00,14193.289441835872
2026-03-13 04:00:00+00:00,14193.289441835872
2026-03-13 08:00:00+00:00,14193.289441835872
2026-03-13 12:00:00+00:00,14193.289441835872
2026-03-13 16:00:00+00:00,14193.289441835872
2026-03-13 20:00:00+00:00,14193.289441835872
2026-03-14 00:00:00+00:00,14193.289441835872
2026-03-14 04:00:00+00:00,14193.289441835872
2026-03-14 08:00:00+00:00,14193.289441835872
2026-03-14 12:00:00+00:00,14193.289441835872
2026-03-14 16:00:00+00:00,14193.289441835872
2026-03-14 20:00:00+00:00,14193.289441835872
2026-03-15 00:00:00+00:00,14193.289441835872
2026-03-15 04:00:00+00:00,14193.289441835872
2026-03-15 08:00:00+00:00,14193.289441835872
2026-03-15 12:00:00+00:00,14193.289441835872
2026-03-15 16:00:00+00:00,14193.289441835872
2026-03-15 20:00:00+00:00,14193.289441835872
2026-03-16 00:00:00+00:00,14193.289441835872
2026-03-16 04:00:00+00:00,14193.289441835872
2026-03-16 08:00:00+00:00,14193.289441835872
2026-03-16 12:00:00+00:00,14193.289441835872
2026-03-16 16:00:00+00:00,14193.289441835872
2026-03-16 20:00:00+00:00,14193.289441835872
2026-03-17 00:00:00+00:00,14193.289441835872
2026-03-17 04:00:00+00:00,14193.289441835872
2026-03-17 08:00:00+00:00,14193.289441835872
2026-03-17 12:00:00+00:00,14193.289441835872
2026-03-17 16:00:00+00:00,14193.289441835872
2026-03-17 20:00:00+00:00,14193.289441835872
2026-03-18 00:00:00+00:00,14193.289441835872
2026-03-18 04:00:00+00:00,14193.289441835872
2026-03-18 08:00:00+00:00,14193.289441835872
2026-03-18 12:00:00+00:00,14193.289441835872
2026-03-18 16:00:00+00:00,14193.289441835872
2026-03-18 20:00:00+00:00,14193.289441835872
2026-03-19 00:00:00+00:00,14193.289441835872
2026-03-19 04:00:00+00:00,14193.289441835872
2026-03-19 08:00:00+00:00,14106.464478041707
2026-03-19 12:00:00+00:00,14361.092339800474
2026-03-19 16:00:00+00:00,14314.387141417386
2026-03-19 20:00:00+00:00,14195.905426268986
2026-03-20 00:00:00+00:00,14032.437231928168
2026-03-20 04:00:00+00:00,13904.853911886472
2026-03-20 08:00:00+00:00,13778.360670125547
2026-03-20 12:00:00+00:00,13778.360670125547
2026-03-20 16:00:00+00:00,13778.360670125547
2026-03-20 20:00:00+00:00,13778.360670125547
2026-03-21 00:00:00+00:00,13778.360670125547
2026-03-21 04:00:00+00:00,13778.360670125547
2026-03-21 08:00:00+00:00,13778.360670125547
2026-03-21 12:00:00+00:00,13778.360670125547
2026-03-21 16:00:00+00:00,13778.360670125547
2026-03-21 20:00:00+00:00,13778.360670125547
2026-03-22 00:00:00+00:00,13778.360670125547
2026-03-22 04:00:00+00:00,13778.360670125547
2026-03-22 08:00:00+00:00,13778.360670125547
2026-03-22 12:00:00+00:00,13778.360670125547
2026-03-22 16:00:00+00:00,13778.360670125547
2026-03-22 20:00:00+00:00,13778.360670125547
2026-03-23 00:00:00+00:00,13778.360670125547
2026-03-23 04:00:00+00:00,13778.360670125547
2026-03-23 08:00:00+00:00,13778.360670125547
2026-03-23 12:00:00+00:00,13778.360670125547
2026-03-23 16:00:00+00:00,13778.360670125547
2026-03-23 20:00:00+00:00,13778.360670125547
2026-03-24 00:00:00+00:00,13778.360670125547
2026-03-24 04:00:00+00:00,13778.360670125547
2026-03-24 08:00:00+00:00,13778.360670125547
2026-03-24 12:00:00+00:00,13778.360670125547
2026-03-24 16:00:00+00:00,13778.360670125547
2026-03-24 20:00:00+00:00,13778.360670125547
2026-03-25 00:00:00+00:00,13778.360670125547
2026-03-25 04:00:00+00:00,13778.360670125547
2026-03-25 08:00:00+00:00,13778.360670125547
2026-03-25 12:00:00+00:00,13778.360670125547
2026-03-25 16:00:00+00:00,13778.360670125547
2026-03-25 20:00:00+00:00,13778.360670125547
2026-03-26 00:00:00+00:00,13778.360670125547
2026-03-26 04:00:00+00:00,13778.360670125547
2026-03-26 08:00:00+00:00,13778.360670125547
2026-03-26 12:00:00+00:00,13778.360670125547
2026-03-26 16:00:00+00:00,13778.360670125547
2026-03-26 20:00:00+00:00,13778.360670125547
2026-03-27 00:00:00+00:00,13778.360670125547
2026-03-27 04:00:00+00:00,13778.360670125547
2026-03-27 08:00:00+00:00,13778.360670125547
2026-03-27 12:00:00+00:00,13778.360670125547
2026-03-27 16:00:00+00:00,13778.360670125547
2026-03-27 20:00:00+00:00,13778.360670125547
2026-03-28 00:00:00+00:00,13778.360670125547
2026-03-28 04:00:00+00:00,13778.360670125547
2026-03-28 08:00:00+00:00,13778.360670125547
2026-03-28 12:00:00+00:00,13778.360670125547
2026-03-28 16:00:00+00:00,13778.360670125547
2026-03-28 20:00:00+00:00,13778.360670125547
2026-03-29 00:00:00+00:00,13778.360670125547
2026-03-29 04:00:00+00:00,13778.360670125547
2026-03-29 08:00:00+00:00,13778.360670125547
2026-03-29 12:00:00+00:00,13778.360670125547
2026-03-29 16:00:00+00:00,13778.360670125547
2026-03-29 20:00:00+00:00,13778.360670125547
2026-03-30 00:00:00+00:00,13778.360670125547
2026-03-30 04:00:00+00:00,13778.360670125547
2026-03-30 08:00:00+00:00,13778.360670125547
2026-03-30 12:00:00+00:00,13778.360670125547
2026-03-30 16:00:00+00:00,13778.360670125547
2026-03-30 20:00:00+00:00,13778.360670125547
2026-03-31 00:00:00+00:00,13778.360670125547
2026-03-31 04:00:00+00:00,13778.360670125547
2026-03-31 08:00:00+00:00,13778.360670125547
2026-03-31 12:00:00+00:00,13778.360670125547
2026-03-31 16:00:00+00:00,13778.360670125547
2026-03-31 20:00:00+00:00,13778.360670125547
2026-04-01 00:00:00+00:00,13778.360670125547
2026-04-01 04:00:00+00:00,13778.360670125547
2026-04-01 08:00:00+00:00,13778.360670125547
2026-04-01 12:00:00+00:00,13778.360670125547
2026-04-01 16:00:00+00:00,13778.360670125547
2026-04-01 20:00:00+00:00,13778.360670125547
2026-04-02 00:00:00+00:00,13778.360670125547
2026-04-02 04:00:00+00:00,13778.360670125547
2026-04-02 08:00:00+00:00,13778.360670125547
2026-04-02 12:00:00+00:00,13778.360670125547
2026-04-02 16:00:00+00:00,13778.360670125547
2026-04-02 20:00:00+00:00,13778.360670125547
2026-04-03 00:00:00+00:00,13778.360670125547
2026-04-03 04:00:00+00:00,13778.360670125547
2026-04-03 08:00:00+00:00,13778.360670125547
2026-04-03 12:00:00+00:00,13778.360670125547
2026-04-03 16:00:00+00:00,13778.360670125547
2026-04-03 20:00:00+00:00,13778.360670125547
2026-04-04 00:00:00+00:00,13778.360670125547
2026-04-04 04:00:00+00:00,13778.360670125547
2026-04-04 08:00:00+00:00,13778.360670125547
2026-04-04 12:00:00+00:00,13778.360670125547
2026-04-04 16:00:00+00:00,13778.360670125547
2026-04-04 20:00:00+00:00,13778.360670125547
2026-04-05 00:00:00+00:00,13778.360670125547
2026-04-05 04:00:00+00:00,13778.360670125547
2026-04-05 08:00:00+00:00,13778.360670125547
2026-04-05 12:00:00+00:00,13778.360670125547
2026-04-05 16:00:00+00:00,13778.360670125547
2026-04-05 20:00:00+00:00,13778.360670125547
2026-04-06 00:00:00+00:00,13778.360670125547
2026-04-06 04:00:00+00:00,13778.360670125547
2026-04-06 08:00:00+00:00,13778.360670125547
2026-04-06 12:00:00+00:00,13778.360670125547
2026-04-06 16:00:00+00:00,13778.360670125547
2026-04-06 20:00:00+00:00,13778.360670125547
2026-04-07 00:00:00+00:00,13778.360670125547
2026-04-07 04:00:00+00:00,13778.360670125547
2026-04-07 08:00:00+00:00,13778.360670125547
2026-04-07 12:00:00+00:00,13778.360670125547
2026-04-07 16:00:00+00:00,13778.360670125547
2026-04-07 20:00:00+00:00,13778.360670125547
2026-04-08 00:00:00+00:00,13778.360670125547
2026-04-08 04:00:00+00:00,13778.360670125547
2026-04-08 08:00:00+00:00,13778.360670125547
2026-04-08 12:00:00+00:00,13778.360670125547
2026-04-08 16:00:00+00:00,13778.360670125547
2026-04-08 20:00:00+00:00,13778.360670125547
2026-04-09 00:00:00+00:00,13778.360670125547
2026-04-09 04:00:00+00:00,13778.360670125547
2026-04-09 08:00:00+00:00,13778.360670125547
2026-04-09 12:00:00+00:00,13778.360670125547
2026-04-09 16:00:00+00:00,13778.360670125547
2026-04-09 20:00:00+00:00,13778.360670125547
2026-04-10 00:00:00+00:00,13778.360670125547
2026-04-10 04:00:00+00:00,13778.360670125547
2026-04-10 08:00:00+00:00,13778.360670125547
2026-04-10 12:00:00+00:00,13778.360670125547
2026-04-10 16:00:00+00:00,13778.360670125547
2026-04-10 20:00:00+00:00,13778.360670125547
2026-04-11 00:00:00+00:00,13778.360670125547
2026-04-11 04:00:00+00:00,13778.360670125547
2026-04-11 08:00:00+00:00,13778.360670125547
2026-04-11 12:00:00+00:00,13778.360670125547
2026-04-11 16:00:00+00:00,13778.360670125547
2026-04-11 20:00:00+00:00,13778.360670125547
2026-04-12 00:00:00+00:00,13778.360670125547
2026-04-12 04:00:00+00:00,13877.177045548278
2026-04-12 08:00:00+00:00,13848.606333676458
2026-04-12 12:00:00+00:00,13962.391822264559
2026-04-12 16:00:00+00:00,13770.602861484866
2026-04-12 20:00:00+00:00,14036.102334857103
2026-04-13 00:00:00+00:00,14061.387998987791
2026-04-13 04:00:00+00:00,14134.043193021454
2026-04-13 08:00:00+00:00,14020.257704433354
2026-04-13 12:00:00+00:00,13792.407630165038
2026-04-13 16:00:00+00:00,13624.747805634266
2026-04-13 20:00:00+00:00,13624.747805634266
2026-04-14 00:00:00+00:00,13624.747805634266
2026-04-14 04:00:00+00:00,13624.747805634266
2026-04-14 08:00:00+00:00,13624.747805634266
2026-04-14 12:00:00+00:00,13624.747805634266
2026-04-14 16:00:00+00:00,13624.747805634266
2026-04-14 20:00:00+00:00,13624.747805634266
2026-04-15 00:00:00+00:00,13624.747805634266
2026-04-15 04:00:00+00:00,13624.747805634266
2026-04-15 08:00:00+00:00,13624.747805634266
2026-04-15 12:00:00+00:00,13624.747805634266
2026-04-15 16:00:00+00:00,13624.747805634266
2026-04-15 20:00:00+00:00,13624.747805634266
2026-04-16 00:00:00+00:00,13624.747805634266
2026-04-16 04:00:00+00:00,13624.747805634266
2026-04-16 08:00:00+00:00,13624.747805634266
2026-04-16 12:00:00+00:00,13624.747805634266
2026-04-16 16:00:00+00:00,13624.747805634266
2026-04-16 20:00:00+00:00,13624.747805634266
2026-04-17 00:00:00+00:00,13624.747805634266
2026-04-17 04:00:00+00:00,13624.747805634266
2026-04-17 08:00:00+00:00,13624.747805634266
2026-04-17 12:00:00+00:00,13624.747805634266
2026-04-17 16:00:00+00:00,13624.747805634266
2026-04-17 20:00:00+00:00,13624.747805634266
2026-04-18 00:00:00+00:00,13624.747805634266
2026-04-18 04:00:00+00:00,13624.747805634266
2026-04-18 08:00:00+00:00,13624.747805634266
2026-04-18 12:00:00+00:00,13624.747805634266
2026-04-18 16:00:00+00:00,13624.747805634266
2026-04-18 20:00:00+00:00,13624.747805634266
2026-04-19 00:00:00+00:00,13624.747805634266
2026-04-19 04:00:00+00:00,13624.747805634266
2026-04-19 08:00:00+00:00,13624.747805634266
2026-04-19 12:00:00+00:00,13624.747805634266
2026-04-19 16:00:00+00:00,13624.747805634266
2026-04-19 20:00:00+00:00,13624.747805634266
2026-04-20 00:00:00+00:00,13393.51263594801
2026-04-20 04:00:00+00:00,13325.535613992226
2026-04-20 08:00:00+00:00,13348.86800033077
2026-04-20 12:00:00+00:00,13280.890978374988
2026-04-20 16:00:00+00:00,13032.950763006815
2026-04-20 20:00:00+00:00,13032.950763006815
2026-04-21 00:00:00+00:00,13032.950763006815
2026-04-21 04:00:00+00:00,13032.950763006815
2026-04-21 08:00:00+00:00,13032.950763006815
2026-04-21 12:00:00+00:00,13032.950763006815
2026-04-21 16:00:00+00:00,13032.950763006815
2026-04-21 20:00:00+00:00,13032.950763006815
2026-04-22 00:00:00+00:00,13032.950763006815
2026-04-22 04:00:00+00:00,13032.950763006815
2026-04-22 08:00:00+00:00,13032.950763006815
2026-04-22 12:00:00+00:00,13032.950763006815
2026-04-22 16:00:00+00:00,13032.950763006815
2026-04-22 20:00:00+00:00,13032.950763006815
2026-04-23 00:00:00+00:00,13032.950763006815
2026-04-23 04:00:00+00:00,13032.950763006815
2026-04-23 08:00:00+00:00,13032.950763006815
2026-04-23 12:00:00+00:00,13032.950763006815
2026-04-23 16:00:00+00:00,13032.950763006815
2026-04-23 20:00:00+00:00,13032.950763006815
2026-04-24 00:00:00+00:00,13032.950763006815
2026-04-24 04:00:00+00:00,13032.950763006815
2026-04-24 08:00:00+00:00,13032.950763006815
2026-04-24 12:00:00+00:00,13032.950763006815
2026-04-24 16:00:00+00:00,13032.950763006815
2026-04-24 20:00:00+00:00,13032.950763006815
2026-04-25 00:00:00+00:00,13032.950763006815
2026-04-25 04:00:00+00:00,13032.950763006815
2026-04-25 08:00:00+00:00,13032.950763006815
2026-04-25 12:00:00+00:00,13032.950763006815
2026-04-25 16:00:00+00:00,13032.950763006815
2026-04-25 20:00:00+00:00,13032.950763006815
2026-04-26 00:00:00+00:00,13032.950763006815
2026-04-26 04:00:00+00:00,13032.950763006815
2026-04-26 08:00:00+00:00,13032.950763006815
2026-04-26 12:00:00+00:00,13032.950763006815
2026-04-26 16:00:00+00:00,13032.950763006815
2026-04-26 20:00:00+00:00,13032.950763006815
2026-04-27 00:00:00+00:00,13032.950763006815
2026-04-27 04:00:00+00:00,13032.950763006815
2026-04-27 08:00:00+00:00,13032.950763006815
2026-04-27 12:00:00+00:00,13032.950763006815
2026-04-27 16:00:00+00:00,13032.950763006815
2026-04-27 20:00:00+00:00,13032.950763006815
2026-04-28 00:00:00+00:00,13032.950763006815
2026-04-28 04:00:00+00:00,13032.950763006815
2026-04-28 08:00:00+00:00,13032.950763006815
2026-04-28 12:00:00+00:00,13032.950763006815
2026-04-28 16:00:00+00:00,13032.950763006815
2026-04-28 20:00:00+00:00,13032.950763006815
2026-04-29 00:00:00+00:00,13032.950763006815
2026-04-29 04:00:00+00:00,13032.950763006815
2026-04-29 08:00:00+00:00,13032.950763006815
2026-04-29 12:00:00+00:00,13032.950763006815
2026-04-29 16:00:00+00:00,13032.950763006815
2026-04-29 20:00:00+00:00,13032.950763006815
2026-04-30 00:00:00+00:00,13032.950763006815
2026-04-30 04:00:00+00:00,13032.950763006815
2026-04-30 08:00:00+00:00,13032.950763006815
2026-04-30 12:00:00+00:00,13032.950763006815
2026-04-30 16:00:00+00:00,13032.950763006815
2026-04-30 20:00:00+00:00,13032.950763006815
2026-05-01 00:00:00+00:00,13032.950763006815
2026-05-01 04:00:00+00:00,13032.950763006815
2026-05-01 08:00:00+00:00,13032.950763006815
2026-05-01 12:00:00+00:00,13032.950763006815
2026-05-01 16:00:00+00:00,13032.950763006815
2026-05-01 20:00:00+00:00,13032.950763006815
2026-05-02 00:00:00+00:00,13032.950763006815
2026-05-02 04:00:00+00:00,13032.950763006815
2026-05-02 08:00:00+00:00,13032.950763006815
2026-05-02 12:00:00+00:00,13032.950763006815
2026-05-02 16:00:00+00:00,13032.950763006815
2026-05-02 20:00:00+00:00,13032.950763006815
2026-05-03 00:00:00+00:00,13032.950763006815
2026-05-03 04:00:00+00:00,13032.950763006815
2026-05-03 08:00:00+00:00,13032.950763006815
2026-05-03 12:00:00+00:00,13032.950763006815
2026-05-03 16:00:00+00:00,13032.950763006815
2026-05-03 20:00:00+00:00,13032.950763006815
2026-05-04 00:00:00+00:00,13032.950763006815
2026-05-04 04:00:00+00:00,13032.950763006815
2026-05-04 08:00:00+00:00,13032.950763006815
2026-05-04 12:00:00+00:00,13032.950763006815
2026-05-04 16:00:00+00:00,13032.950763006815
2026-05-04 20:00:00+00:00,13032.950763006815
2026-05-05 00:00:00+00:00,13032.950763006815
2026-05-05 04:00:00+00:00,13032.950763006815
2026-05-05 08:00:00+00:00,13032.950763006815
2026-05-05 12:00:00+00:00,13032.950763006815
2026-05-05 16:00:00+00:00,13032.950763006815
2026-05-05 20:00:00+00:00,13032.950763006815
2026-05-06 00:00:00+00:00,13032.950763006815
2026-05-06 04:00:00+00:00,13032.950763006815
2026-05-06 08:00:00+00:00,13032.950763006815
2026-05-06 12:00:00+00:00,13032.950763006815
2026-05-06 16:00:00+00:00,13032.950763006815
2026-05-06 20:00:00+00:00,13032.950763006815
2026-05-07 00:00:00+00:00,13032.950763006815
2026-05-07 04:00:00+00:00,13032.950763006815
2026-05-07 08:00:00+00:00,13032.950763006815
2026-05-07 12:00:00+00:00,13032.950763006815
2026-05-07 16:00:00+00:00,13032.950763006815
2026-05-07 20:00:00+00:00,13032.950763006815
2026-05-08 00:00:00+00:00,13032.950763006815
2026-05-08 04:00:00+00:00,13032.950763006815
2026-05-08 08:00:00+00:00,13032.950763006815
2026-05-08 12:00:00+00:00,13032.950763006815
2026-05-08 16:00:00+00:00,13032.950763006815
2026-05-08 20:00:00+00:00,13032.950763006815
2026-05-09 00:00:00+00:00,13032.950763006815
2026-05-09 04:00:00+00:00,13032.950763006815
2026-05-09 08:00:00+00:00,13032.950763006815
2026-05-09 12:00:00+00:00,13032.950763006815
2026-05-09 16:00:00+00:00,13032.950763006815
2026-05-09 20:00:00+00:00,13032.950763006815
2026-05-10 00:00:00+00:00,13032.950763006815
2026-05-10 04:00:00+00:00,13032.950763006815
2026-05-10 08:00:00+00:00,13032.950763006815
2026-05-10 12:00:00+00:00,13032.950763006815
2026-05-10 16:00:00+00:00,13032.950763006815
2026-05-10 20:00:00+00:00,13032.950763006815
2026-05-11 00:00:00+00:00,13032.950763006815
2026-05-11 04:00:00+00:00,13032.950763006815
2026-05-11 08:00:00+00:00,13032.950763006815
2026-05-11 12:00:00+00:00,13032.950763006815
2026-05-11 16:00:00+00:00,13032.950763006815
2026-05-11 20:00:00+00:00,13032.950763006815
2026-05-12 00:00:00+00:00,13032.950763006815
2026-05-12 04:00:00+00:00,13032.950763006815
2026-05-12 08:00:00+00:00,13032.950763006815
2026-05-12 12:00:00+00:00,13320.385869416688
2026-05-12 16:00:00+00:00,13152.18912969204
2026-05-12 20:00:00+00:00,13177.612365709187
2026-05-13 00:00:00+00:00,12940.328829549137
2026-05-13 04:00:00+00:00,12914.079892926955
2026-05-13 08:00:00+00:00,12767.737426953698
2026-05-13 12:00:00+00:00,12767.737426953698
2026-05-13 16:00:00+00:00,12767.737426953698
2026-05-13 20:00:00+00:00,12767.737426953698
2026-05-14 00:00:00+00:00,12767.737426953698
2026-05-14 04:00:00+00:00,12767.737426953698
2026-05-14 08:00:00+00:00,12767.737426953698
2026-05-14 12:00:00+00:00,12767.737426953698
2026-05-14 16:00:00+00:00,12767.737426953698
2026-05-14 20:00:00+00:00,12767.737426953698
2026-05-15 00:00:00+00:00,12767.737426953698
2026-05-15 04:00:00+00:00,12767.737426953698
2026-05-15 08:00:00+00:00,12767.737426953698
2026-05-15 12:00:00+00:00,12767.737426953698
2026-05-15 16:00:00+00:00,12767.737426953698
2026-05-15 20:00:00+00:00,12767.737426953698
2026-05-16 00:00:00+00:00,12767.737426953698
2026-05-16 04:00:00+00:00,12767.737426953698
2026-05-16 08:00:00+00:00,12767.737426953698
2026-05-16 12:00:00+00:00,12767.737426953698
2026-05-16 16:00:00+00:00,12767.737426953698
2026-05-16 20:00:00+00:00,12767.737426953698
2026-05-17 00:00:00+00:00,12767.737426953698
2026-05-17 04:00:00+00:00,12767.737426953698
2026-05-17 08:00:00+00:00,12767.737426953698
2026-05-17 12:00:00+00:00,12767.737426953698
2026-05-17 16:00:00+00:00,12767.737426953698
2026-05-17 20:00:00+00:00,12767.737426953698
2026-05-18 00:00:00+00:00,12767.737426953698
2026-05-18 04:00:00+00:00,12767.737426953698
2026-05-18 08:00:00+00:00,12767.737426953698
2026-05-18 12:00:00+00:00,12767.737426953698
2026-05-18 16:00:00+00:00,12767.737426953698
2026-05-18 20:00:00+00:00,12767.737426953698
2026-05-19 00:00:00+00:00,12767.737426953698
2026-05-19 04:00:00+00:00,12767.737426953698
2026-05-19 08:00:00+00:00,12767.737426953698
2026-05-19 12:00:00+00:00,12767.737426953698
2026-05-19 16:00:00+00:00,12767.737426953698
2026-05-19 20:00:00+00:00,12767.737426953698
2026-05-20 00:00:00+00:00,12767.737426953698
2026-05-20 04:00:00+00:00,12767.737426953698
2026-05-20 08:00:00+00:00,12767.737426953698
2026-05-20 12:00:00+00:00,12767.737426953698
2026-05-20 16:00:00+00:00,12767.737426953698
2026-05-20 20:00:00+00:00,12767.737426953698
2026-05-21 00:00:00+00:00,12767.737426953698
2026-05-21 04:00:00+00:00,12767.737426953698
2026-05-21 08:00:00+00:00,12767.737426953698
2026-05-21 12:00:00+00:00,12767.737426953698
2026-05-21 16:00:00+00:00,12767.737426953698
2026-05-21 20:00:00+00:00,12767.737426953698
2026-05-22 00:00:00+00:00,12767.737426953698
2026-05-22 04:00:00+00:00,12767.737426953698
2026-05-22 08:00:00+00:00,12767.737426953698
2026-05-22 12:00:00+00:00,12767.737426953698
2026-05-22 16:00:00+00:00,12767.737426953698
2026-05-22 20:00:00+00:00,12767.737426953698
2026-05-23 00:00:00+00:00,12767.737426953698
2026-05-23 04:00:00+00:00,12767.737426953698
2026-05-23 08:00:00+00:00,12804.658876890318
2026-05-23 12:00:00+00:00,12388.246927138234
2026-05-23 16:00:00+00:00,12259.021395885346
2026-05-23 20:00:00+00:00,12259.021395885346
2026-05-24 00:00:00+00:00,12259.021395885346
2026-05-24 04:00:00+00:00,12259.021395885346
2026-05-24 08:00:00+00:00,12259.021395885346
2026-05-24 12:00:00+00:00,12259.021395885346
2026-05-24 16:00:00+00:00,12259.021395885346
2026-05-24 20:00:00+00:00,12259.021395885346
2026-05-25 00:00:00+00:00,12259.021395885346
2026-05-25 04:00:00+00:00,12259.021395885346
2026-05-25 08:00:00+00:00,12259.021395885346
2026-05-25 12:00:00+00:00,12259.021395885346
2026-05-25 16:00:00+00:00,12259.021395885346
2026-05-25 20:00:00+00:00,12259.021395885346
2026-05-26 00:00:00+00:00,12259.021395885346
2026-05-26 04:00:00+00:00,12259.021395885346
2026-05-26 08:00:00+00:00,12259.021395885346
2026-05-26 12:00:00+00:00,12259.021395885346
2026-05-26 16:00:00+00:00,12259.021395885346
2026-05-26 20:00:00+00:00,12259.021395885346
2026-05-27 00:00:00+00:00,12259.021395885346
2026-05-27 04:00:00+00:00,12259.021395885346
2026-05-27 08:00:00+00:00,12259.021395885346
2026-05-27 12:00:00+00:00,12259.021395885346
2026-05-27 16:00:00+00:00,12259.021395885346
2026-05-27 20:00:00+00:00,12259.021395885346
2026-05-28 00:00:00+00:00,12259.021395885346
2026-05-28 04:00:00+00:00,12259.021395885346
2026-05-28 08:00:00+00:00,12259.021395885346
2026-05-28 12:00:00+00:00,12259.021395885346
2026-05-28 16:00:00+00:00,12259.021395885346
2026-05-28 20:00:00+00:00,12259.021395885346
2026-05-29 00:00:00+00:00,12259.021395885346
2026-05-29 04:00:00+00:00,12259.021395885346
2026-05-29 08:00:00+00:00,12259.021395885346
2026-05-29 12:00:00+00:00,12259.021395885346
2026-05-29 16:00:00+00:00,12259.021395885346
2026-05-29 20:00:00+00:00,12259.021395885346
2026-05-30 00:00:00+00:00,12259.021395885346
2026-05-30 04:00:00+00:00,12259.021395885346
2026-05-30 08:00:00+00:00,12259.021395885346
2026-05-30 12:00:00+00:00,12259.021395885346
2026-05-30 16:00:00+00:00,12259.021395885346
2026-05-30 20:00:00+00:00,12259.021395885346
2026-05-31 00:00:00+00:00,12259.021395885346
2026-05-31 04:00:00+00:00,12259.021395885346
2026-05-31 08:00:00+00:00,12259.021395885346
2026-05-31 12:00:00+00:00,12259.021395885346
2026-05-31 16:00:00+00:00,12259.021395885346
2026-05-31 20:00:00+00:00,12259.021395885346
2026-06-01 00:00:00+00:00,12259.021395885346
2026-06-01 04:00:00+00:00,12259.021395885346
2026-06-01 08:00:00+00:00,12259.021395885346
2026-06-01 12:00:00+00:00,12259.021395885346
2026-06-01 16:00:00+00:00,12259.021395885346
2026-06-01 20:00:00+00:00,12259.021395885346
2026-06-02 00:00:00+00:00,12259.021395885346
2026-06-02 04:00:00+00:00,12259.021395885346
2026-06-02 08:00:00+00:00,12259.021395885346
2026-06-02 12:00:00+00:00,12259.021395885346
2026-06-02 16:00:00+00:00,12259.021395885346
2026-06-02 20:00:00+00:00,12259.021395885346
2026-06-03 00:00:00+00:00,12259.021395885346
2026-06-03 04:00:00+00:00,12259.021395885346
2026-06-03 08:00:00+00:00,12259.021395885346
2026-06-03 12:00:00+00:00,12259.021395885346
2026-06-03 16:00:00+00:00,12259.021395885346
2026-06-03 20:00:00+00:00,12259.021395885346
2026-06-04 00:00:00+00:00,12259.021395885346
2026-06-04 04:00:00+00:00,12259.021395885346
2026-06-04 08:00:00+00:00,12259.021395885346
2026-06-04 12:00:00+00:00,11328.381859010542
2026-06-04 16:00:00+00:00,11153.846593166236
2026-06-04 20:00:00+00:00,11153.846593166236
2026-06-05 00:00:00+00:00,11153.846593166236
2026-06-05 04:00:00+00:00,11153.846593166236
2026-06-05 08:00:00+00:00,11153.846593166236
2026-06-05 12:00:00+00:00,11153.846593166236
2026-06-05 16:00:00+00:00,11153.846593166236
2026-06-05 20:00:00+00:00,11153.846593166236
2026-06-06 00:00:00+00:00,11153.846593166236
2026-06-06 04:00:00+00:00,11153.846593166236
2026-06-06 08:00:00+00:00,11153.846593166236
2026-06-06 12:00:00+00:00,11153.846593166236
2026-06-06 16:00:00+00:00,11153.846593166236
2026-06-06 20:00:00+00:00,11153.846593166236
2026-06-07 00:00:00+00:00,11153.846593166236
2026-06-07 04:00:00+00:00,11153.846593166236
2026-06-07 08:00:00+00:00,11153.846593166236
2026-06-07 12:00:00+00:00,11153.846593166236
2026-06-07 16:00:00+00:00,11153.846593166236
2026-06-07 20:00:00+00:00,11153.846593166236
2026-06-08 00:00:00+00:00,11153.846593166236
2026-06-08 04:00:00+00:00,11153.846593166236
2026-06-08 08:00:00+00:00,11153.846593166236
2026-06-08 12:00:00+00:00,11153.846593166236
2026-06-08 16:00:00+00:00,11153.846593166236
2026-06-08 20:00:00+00:00,11153.846593166236
2026-06-09 00:00:00+00:00,11153.846593166236
2026-06-09 04:00:00+00:00,11153.846593166236
2026-06-09 08:00:00+00:00,11153.846593166236
2026-06-09 12:00:00+00:00,11153.846593166236
2026-06-09 16:00:00+00:00,11153.846593166236
2026-06-09 20:00:00+00:00,11153.846593166236
2026-06-10 00:00:00+00:00,11153.846593166236
2026-06-10 04:00:00+00:00,11153.846593166236
2026-06-10 08:00:00+00:00,11153.846593166236
2026-06-10 12:00:00+00:00,11153.846593166236
2026-06-10 16:00:00+00:00,11153.846593166236
2026-06-10 20:00:00+00:00,11153.846593166236
2026-06-11 00:00:00+00:00,11153.846593166236
2026-06-11 04:00:00+00:00,11153.846593166236
2026-06-11 08:00:00+00:00,11153.846593166236
2026-06-11 12:00:00+00:00,11153.846593166236
2026-06-11 16:00:00+00:00,11153.846593166236
2026-06-11 20:00:00+00:00,11153.846593166236
2026-06-12 00:00:00+00:00,11153.846593166236
2026-06-12 04:00:00+00:00,11153.846593166236
2026-06-12 08:00:00+00:00,11153.846593166236
2026-06-12 12:00:00+00:00,11153.846593166236
2026-06-12 16:00:00+00:00,11153.846593166236
2026-06-12 20:00:00+00:00,11153.846593166236
2026-06-13 00:00:00+00:00,11153.846593166236
2026-06-13 04:00:00+00:00,11153.846593166236
2026-06-13 08:00:00+00:00,11153.846593166236
2026-06-13 12:00:00+00:00,11153.846593166236
2026-06-13 16:00:00+00:00,11153.846593166236
2026-06-13 20:00:00+00:00,11153.846593166236
2026-06-14 00:00:00+00:00,11153.846593166236
2026-06-14 04:00:00+00:00,11153.846593166236
2026-06-14 08:00:00+00:00,11153.846593166236
2026-06-14 12:00:00+00:00,11153.846593166236
2026-06-14 16:00:00+00:00,11153.846593166236
2026-06-14 20:00:00+00:00,11153.846593166236
2026-06-15 00:00:00+00:00,11153.846593166236
2026-06-15 04:00:00+00:00,11153.846593166236
2026-06-15 08:00:00+00:00,11153.846593166236
2026-06-15 12:00:00+00:00,11153.846593166236
2026-06-15 16:00:00+00:00,11153.846593166236
2026-06-15 20:00:00+00:00,11153.846593166236
2026-06-16 00:00:00+00:00,11153.846593166236
2026-06-16 04:00:00+00:00,11153.846593166236
2026-06-16 08:00:00+00:00,11153.846593166236
2026-06-16 12:00:00+00:00,11153.846593166236
2026-06-16 16:00:00+00:00,11153.846593166236
2026-06-16 20:00:00+00:00,11153.846593166236
2026-06-17 00:00:00+00:00,11153.846593166236
2026-06-17 04:00:00+00:00,11153.846593166236
2026-06-17 08:00:00+00:00,11153.846593166236
2026-06-17 12:00:00+00:00,11153.846593166236
2026-06-17 16:00:00+00:00,11153.846593166236
2026-06-17 20:00:00+00:00,11153.846593166236
2026-06-18 00:00:00+00:00,11153.846593166236
2026-06-18 04:00:00+00:00,11153.846593166236
2026-06-18 08:00:00+00:00,11153.846593166236
2026-06-18 12:00:00+00:00,11153.846593166236
2026-06-18 16:00:00+00:00,11153.846593166236
2026-06-18 20:00:00+00:00,11153.846593166236
2026-06-19 00:00:00+00:00,11153.846593166236
2026-06-19 04:00:00+00:00,11261.955662006687
2026-06-19 08:00:00+00:00,11370.673551025639
2026-06-19 12:00:00+00:00,11010.186766680183
2026-06-19 16:00:00+00:00,11238.494333619989
2026-06-19 20:00:00+00:00,10999.015012076336
2026-06-20 00:00:00+00:00,11172.963634506663
2026-06-20 04:00:00+00:00,11096.683004133252
2026-06-20 08:00:00+00:00,11183.02681823617
2026-06-20 12:00:00+00:00,11259.129340549442
2026-06-20 16:00:00+00:00,11259.129340549442
2026-06-20 20:00:00+00:00,11028.526828990854
2026-06-21 00:00:00+00:00,10972.960050043084
2026-06-21 04:00:00+00:00,11081.677939062038
2026-06-21 08:00:00+00:00,11136.754702457347
2026-06-21 12:00:00+00:00,11082.39575794787
2026-06-21 16:00:00+00:00,11212.899918285635
2026-06-21 20:00:00+00:00,11452.079274127336
2026-06-22 00:00:00+00:00,11354.34911218046
2026-06-22 04:00:00+00:00,11082.554389633073
2026-06-22 08:00:00+00:00,11072.702223086155
2026-06-22 12:00:00+00:00,10964.629913693423
2026-06-22 16:00:00+00:00,10964.629913693423
2026-06-22 20:00:00+00:00,10964.629913693423
2026-06-23 00:00:00+00:00,10964.629913693423
2026-06-23 04:00:00+00:00,10964.629913693423
2026-06-23 08:00:00+00:00,10964.629913693423
2026-06-23 12:00:00+00:00,10964.629913693423
2026-06-23 16:00:00+00:00,10964.629913693423
2026-06-23 20:00:00+00:00,10964.629913693423
2026-06-24 00:00:00+00:00,10964.629913693423
2026-06-24 04:00:00+00:00,10964.629913693423
2026-06-24 08:00:00+00:00,10964.629913693423
2026-06-24 12:00:00+00:00,10964.629913693423
2026-06-24 16:00:00+00:00,10964.629913693423
2026-06-24 20:00:00+00:00,10964.629913693423
2026-06-25 00:00:00+00:00,10964.629913693423
2026-06-25 04:00:00+00:00,10964.629913693423
2026-06-25 08:00:00+00:00,10964.629913693423
2026-06-25 12:00:00+00:00,10964.629913693423
2026-06-25 16:00:00+00:00,10964.629913693423
2026-06-25 20:00:00+00:00,10964.629913693423
2026-06-26 00:00:00+00:00,10964.629913693423
2026-06-26 04:00:00+00:00,10964.629913693423
2026-06-26 08:00:00+00:00,10964.629913693423
2026-06-26 12:00:00+00:00,10964.629913693423
2026-06-26 16:00:00+00:00,10964.629913693423
2026-06-26 20:00:00+00:00,10964.629913693423
2026-06-27 00:00:00+00:00,10964.629913693423
2026-06-27 04:00:00+00:00,10964.629913693423
2026-06-27 08:00:00+00:00,10964.629913693423
2026-06-27 12:00:00+00:00,10964.629913693423
2026-06-27 16:00:00+00:00,10964.629913693423
2026-06-27 20:00:00+00:00,10964.629913693423
2026-06-28 00:00:00+00:00,10964.629913693423
2026-06-28 04:00:00+00:00,10964.629913693423
2026-06-28 08:00:00+00:00,10964.629913693423
2026-06-28 12:00:00+00:00,10964.629913693423
2026-06-28 16:00:00+00:00,10964.629913693423
2026-06-28 20:00:00+00:00,10964.629913693423
2026-06-29 00:00:00+00:00,10964.629913693423
2026-06-29 04:00:00+00:00,10964.629913693423
2026-06-29 08:00:00+00:00,10964.629913693423
2026-06-29 12:00:00+00:00,10964.629913693423
2026-06-29 16:00:00+00:00,10964.629913693423
2026-06-29 20:00:00+00:00,10964.629913693423
2026-06-30 00:00:00+00:00,10964.629913693423
2026-06-30 04:00:00+00:00,10909.194972062896
2026-06-30 08:00:00+00:00,11198.93379223481
2026-06-30 12:00:00+00:00,11332.780733797445
2026-06-30 16:00:00+00:00,11120.8564096566
2026-06-30 20:00:00+00:00,11164.203252530822
2026-07-01 00:00:00+00:00,11197.210140544612
2026-07-01 04:00:00+00:00,11476.057935466775
2026-07-01 08:00:00+00:00,11351.328582424538
2026-07-01 12:00:00+00:00,11195.173817268127
2026-07-01 16:00:00+00:00,11362.28982957986
2026-07-01 20:00:00+00:00,11373.443741376748
2026-07-02 00:00:00+00:00,11070.57338738463
2026-07-02 04:00:00+00:00,11048.265563790856
2026-07-02 08:00:00+00:00,10991.925955986255
2026-07-02 12:00:00+00:00,10991.925955986255
2026-07-02 16:00:00+00:00,10991.925955986255
2026-07-02 20:00:00+00:00,10991.925955986255
2026-07-03 00:00:00+00:00,10991.925955986255
2026-07-03 04:00:00+00:00,10991.925955986255
2026-07-03 08:00:00+00:00,10991.925955986255
2026-07-03 12:00:00+00:00,10991.925955986255
2026-07-03 16:00:00+00:00,10991.925955986255
2026-07-03 20:00:00+00:00,10991.925955986255
2026-07-04 00:00:00+00:00,10991.925955986255
2026-07-04 04:00:00+00:00,10991.925955986255
2026-07-04 08:00:00+00:00,10991.925955986255
2026-07-04 12:00:00+00:00,10991.925955986255
2026-07-04 16:00:00+00:00,10991.925955986255
2026-07-04 20:00:00+00:00,10991.925955986255
2026-07-05 00:00:00+00:00,10991.925955986255
2026-07-05 04:00:00+00:00,10991.925955986255
2026-07-05 08:00:00+00:00,10991.925955986255
2026-07-05 12:00:00+00:00,10991.925955986255
2026-07-05 16:00:00+00:00,10991.925955986255
2026-07-05 20:00:00+00:00,10991.925955986255
2026-07-06 00:00:00+00:00,10991.925955986255
2026-07-06 04:00:00+00:00,10991.925955986255
2026-07-06 08:00:00+00:00,10991.925955986255
2026-07-06 12:00:00+00:00,10991.925955986255
2026-07-06 16:00:00+00:00,10991.925955986255
2026-07-06 20:00:00+00:00,10991.925955986255
2026-07-07 00:00:00+00:00,10991.925955986255
2026-07-07 04:00:00+00:00,10991.925955986255
2026-07-07 08:00:00+00:00,10991.925955986255
2026-07-07 12:00:00+00:00,10991.925955986255
2026-07-07 16:00:00+00:00,10991.925955986255
2026-07-07 20:00:00+00:00,10991.925955986255
2026-07-08 00:00:00+00:00,11228.542757387135
2026-07-08 04:00:00+00:00,11314.757660429901
2026-07-08 08:00:00+00:00,11336.914675836784
2026-07-08 12:00:00+00:00,11444.683304640246
2026-07-08 16:00:00+00:00,11261.814838418331
2026-07-08 20:00:00+00:00,11240.261112657641
2026-07-09 00:00:00+00:00,11110.8922179956
2026-07-09 04:00:00+00:00,11018.592462219065
2026-07-09 08:00:00+00:00,11018.592462219065
2026-07-09 12:00:00+00:00,11018.592462219065
2026-07-09 16:00:00+00:00,11018.592462219065
2026-07-09 20:00:00+00:00,11018.592462219065
2026-07-10 00:00:00+00:00,11018.592462219065
2026-07-10 04:00:00+00:00,11018.592462219065
2026-07-10 08:00:00+00:00,11018.592462219065
2026-07-10 12:00:00+00:00,11018.592462219065
2026-07-10 16:00:00+00:00,11018.592462219065
2026-07-10 20:00:00+00:00,11018.592462219065
2026-07-11 00:00:00+00:00,11018.592462219065
2026-07-11 04:00:00+00:00,11018.592462219065
2026-07-11 08:00:00+00:00,11018.592462219065
2026-07-11 12:00:00+00:00,11018.592462219065
2026-07-11 16:00:00+00:00,11018.592462219065
2026-07-11 20:00:00+00:00,11018.592462219065
2026-07-12 00:00:00+00:00,11018.592462219065
2026-07-12 04:00:00+00:00,11018.592462219065
2026-07-12 08:00:00+00:00,11018.592462219065
2026-07-12 12:00:00+00:00,11018.592462219065
2026-07-12 16:00:00+00:00,11018.592462219065
2026-07-12 20:00:00+00:00,11018.592462219065
2026-07-13 00:00:00+00:00,11018.592462219065
2026-07-13 04:00:00+00:00,11018.592462219065
2026-07-13 08:00:00+00:00,11018.592462219065
2026-07-13 12:00:00+00:00,11018.592462219065
2026-07-13 16:00:00+00:00,11018.592462219065
2026-07-13 20:00:00+00:00,11018.592462219065
2026-07-14 00:00:00+00:00,11018.592462219065
2026-07-14 04:00:00+00:00,11018.592462219065
2026-07-14 08:00:00+00:00,11018.592462219065
2026-07-14 12:00:00+00:00,11018.592462219065
2026-07-14 16:00:00+00:00,11018.592462219065
2026-07-14 20:00:00+00:00,11018.592462219065
2026-07-15 00:00:00+00:00,11018.592462219065
2026-07-15 04:00:00+00:00,11018.592462219065
2026-07-15 08:00:00+00:00,11018.592462219065
2026-07-15 12:00:00+00:00,11018.592462219065
2026-07-15 16:00:00+00:00,11018.592462219065
2026-07-15 20:00:00+00:00,11018.592462219065
2026-07-16 00:00:00+00:00,11018.592462219065
2026-07-16 04:00:00+00:00,11018.592462219065
2026-07-16 08:00:00+00:00,11018.592462219065
2026-07-16 12:00:00+00:00,11018.592462219065
2026-07-16 16:00:00+00:00,11018.592462219065
2026-07-16 20:00:00+00:00,11018.592462219065
2026-07-17 00:00:00+00:00,11018.592462219065
2026-07-17 04:00:00+00:00,11018.592462219065
2026-07-17 08:00:00+00:00,11018.592462219065
2026-07-17 12:00:00+00:00,11018.592462219065
2026-07-17 16:00:00+00:00,11018.592462219065
2026-07-17 20:00:00+00:00,11018.592462219065
2026-07-18 00:00:00+00:00,11018.592462219065
2026-07-18 04:00:00+00:00,11018.592462219065
2026-07-18 08:00:00+00:00,11018.592462219065
2026-07-18 12:00:00+00:00,11018.592462219065
2026-07-18 16:00:00+00:00,11018.592462219065
2026-07-18 20:00:00+00:00,11018.592462219065
2026-07-19 00:00:00+00:00,11018.592462219065
2026-07-19 04:00:00+00:00,11018.592462219065
2026-07-19 08:00:00+00:00,11018.592462219065
2026-07-19 12:00:00+00:00,11018.592462219065
2026-07-19 16:00:00+00:00,11018.592462219065
2026-07-19 20:00:00+00:00,11018.592462219065
2026-07-20 00:00:00+00:00,11018.592462219065
2026-07-20 04:00:00+00:00,11018.592462219065
2026-07-20 08:00:00+00:00,11018.592462219065
2026-07-20 12:00:00+00:00,11018.592462219065
2026-07-20 16:00:00+00:00,11018.592462219065
2026-07-20 20:00:00+00:00,11018.592462219065
2026-07-21 00:00:00+00:00,11018.592462219065
2026-07-21 04:00:00+00:00,11018.592462219065
2026-07-21 08:00:00+00:00,11018.592462219065
2026-07-21 12:00:00+00:00,11018.592462219065
2026-07-21 16:00:00+00:00,11018.592462219065
2026-07-21 20:00:00+00:00,11018.592462219065
2026-07-22 00:00:00+00:00,11018.592462219065
2026-07-22 04:00:00+00:00,11018.592462219065
2026-07-22 08:00:00+00:00,11018.592462219065
2026-07-22 12:00:00+00:00,11018.592462219065
2026-07-22 16:00:00+00:00,11018.592462219065
2026-07-22 20:00:00+00:00,11018.592462219065
2026-07-23 00:00:00+00:00,11018.592462219065
2026-07-23 04:00:00+00:00,11018.592462219065
2026-07-23 08:00:00+00:00,11018.592462219065
2026-07-23 12:00:00+00:00,11018.592462219065
2026-07-23 16:00:00+00:00,11018.592462219065
2026-07-23 20:00:00+00:00,11018.592462219065
2026-07-24 00:00:00+00:00,11018.592462219065
2026-07-24 04:00:00+00:00,11018.592462219065
2026-07-24 08:00:00+00:00,11018.592462219065
2026-07-24 12:00:00+00:00,11018.592462219065
2026-07-24 16:00:00+00:00,11018.592462219065
2026-07-24 20:00:00+00:00,11018.592462219065
2026-07-25 00:00:00+00:00,11018.592462219065
2026-07-25 04:00:00+00:00,11018.592462219065
2026-07-25 08:00:00+00:00,11018.592462219065
2026-07-25 12:00:00+00:00,11018.592462219065
2026-07-25 16:00:00+00:00,11018.592462219065
2026-07-25 20:00:00+00:00,11018.592462219065
2026-07-26 00:00:00+00:00,11018.592462219065
2026-07-26 04:00:00+00:00,11018.592462219065
2026-07-26 08:00:00+00:00,11018.592462219065
2026-07-26 12:00:00+00:00,11018.592462219065
2026-07-26 16:00:00+00:00,11018.592462219065
2026-07-26 20:00:00+00:00,11018.592462219065
2026-07-27 00:00:00+00:00,11018.592462219065
2026-07-27 04:00:00+00:00,11018.592462219065
2026-07-27 08:00:00+00:00,11018.592462219065
2026-07-27 12:00:00+00:00,11018.592462219065
2026-07-27 16:00:00+00:00,11018.592462219065
2026-07-27 20:00:00+00:00,11018.592462219065
2026-07-28 00:00:00+00:00,11018.592462219065
2026-07-28 04:00:00+00:00,11018.592462219065
2026-07-28 08:00:00+00:00,11018.592462219065
2026-07-28 12:00:00+00:00,11018.592462219065
2026-07-28 16:00:00+00:00,11018.592462219065
2026-07-28 20:00:00+00:00,11018.592462219065
2026-07-29 00:00:00+00:00,11018.592462219065
2026-07-29 04:00:00+00:00,11018.592462219065
2026-07-29 08:00:00+00:00,11018.592462219065
2026-07-29 12:00:00+00:00,11018.592462219065
2026-07-29 16:00:00+00:00,11018.592462219065
2026-07-29 20:00:00+00:00,11018.592462219065
2026-07-30 00:00:00+00:00,11018.592462219065
2026-07-30 04:00:00+00:00,11018.592462219065
2026-07-30 08:00:00+00:00,11018.592462219065
2026-07-30 12:00:00+00:00,11018.592462219065
2026-07-30 16:00:00+00:00,11018.592462219065
2026-07-30 20:00:00+00:00,11018.592462219065
2026-07-31 00:00:00+00:00,11018.592462219065
2026-07-31 04:00:00+00:00,11018.592462219065
2026-07-31 08:00:00+00:00,11018.592462219065
2026-07-31 12:00:00+00:00,11018.592462219065
2026-07-31 16:00:00+00:00,11018.592462219065
2026-07-31 20:00:00+00:00,11018.592462219065
2026-08-01 00:00:00+00:00,11018.592462219065
2026-08-01 04:00:00+00:00,11018.592462219065
2026-08-01 08:00:00+00:00,11018.592462219065
2026-08-01 12:00:00+00:00,11018.592462219065
2026-08-01 16:00:00+00:00,11018.592462219065
2026-08-01 20:00:00+00:00,11018.592462219065
2026-08-02 00:00:00+00:00,11018.592462219065
2026-08-02 04:00:00+00:00,11018.592462219065
2026-08-02 08:00:00+00:00,11018.592462219065
2026-08-02 12:00:00+00:00,11018.592462219065
2026-08-02 16:00:00+00:00,11018.592462219065
2026-08-02 20:00:00+00:00,11018.592462219065
2026-08-03 00:00:00+00:00,11018.592462219065
2026-08-03 04:00:00+00:00,11018.592462219065
2026-08-03 08:00:00+00:00,11018.592462219065
2026-08-03 12:00:00+00:00,11018.592462219065
2026-08-03 16:00:00+00:00,11018.592462219065
2026-08-03 20:00:00+00:00,11018.592462219065
2026-08-04 00:00:00+00:00,11018.592462219065
2026-08-04 04:00:00+00:00,11018.592462219065
2026-08-04 08:00:00+00:00,11018.592462219065
2026-08-04 12:00:00+00:00,11018.592462219065
2026-08-04 16:00:00+00:00,11018.592462219065
2026-08-04 20:00:00+00:00,11018.592462219065
2026-08-05 00:00:00+00:00,11018.592462219065
2026-08-05 04:00:00+00:00,11018.592462219065
2026-08-05 08:00:00+00:00,11018.592462219065
2026-08-05 12:00:00+00:00,11018.592462219065
2026-08-05 16:00:00+00:00,11018.592462219065
2026-08-05 20:00:00+00:00,11018.592462219065
2026-08-06 00:00:00+00:00,11018.592462219065
2026-08-06 04:00:00+00:00,11018.592462219065
2026-08-06 08:00:00+00:00,11018.592462219065
2026-08-06 12:00:00+00:00,11018.592462219065
2026-08-06 16:00:00+00:00,11018.592462219065
2026-08-06 20:00:00+00:00,11018.592462219065
2026-08-07 00:00:00+00:00,11018.592462219065
2026-08-07 04:00:00+00:00,11018.592462219065
2026-08-07 08:00:00+00:00,11018.592462219065
2026-08-07 12:00:00+00:00,11018.592462219065
2026-08-07 16:00:00+00:00,11018.592462219065
2026-08-07 20:00:00+00:00,11018.592462219065
2026-08-08 00:00:00+00:00,11018.592462219065
2026-08-08 04:00:00+00:00,11018.592462219065
2026-08-08 08:00:00+00:00,11018.592462219065
2026-08-08 12:00:00+00:00,11018.592462219065
2026-08-08 16:00:00+00:00,11018.592462219065
2026-08-08 20:00:00+00:00,11018.592462219065
2026-08-09 00:00:00+00:00,11018.592462219065
2026-08-09 04:00:00+00:00,11018.592462219065
2026-08-09 08:00:00+00:00,11018.592462219065
2026-08-09 12:00:00+00:00,11018.592462219065
2026-08-09 16:00:00+00:00,11018.592462219065
2026-08-09 20:00:00+00:00,11018.592462219065
2026-08-10 00:00:00+00:00,11018.592462219065
2026-08-10 04:00:00+00:00,11018.592462219065
2026-08-10 08:00:00+00:00,11018.592462219065
2026-08-10 12:00:00+00:00,11018.592462219065
2026-08-10 16:00:00+00:00,11018.592462219065
2026-08-10 20:00:00+00:00,11018.592462219065
2026-08-11 00:00:00+00:00,11018.592462219065
2026-08-11 04:00:00+00:00,11018.592462219065
2026-08-11 08:00:00+00:00,11018.592462219065
2026-08-11 12:00:00+00:00,11018.592462219065
2026-08-11 16:00:00+00:00,11018.592462219065
2026-08-11 20:00:00+00:00,11018.592462219065
2026-08-12 00:00:00+00:00,11018.592462219065
2026-08-12 04:00:00+00:00,11018.592462219065
2026-08-12 08:00:00+00:00,11018.592462219065
2026-08-12 12:00:00+00:00,11018.592462219065
2026-08-12 16:00:00+00:00,11018.592462219065
2026-08-12 20:00:00+00:00,11018.592462219065
2026-08-13 00:00:00+00:00,10970.83512899511
2026-08-13 04:00:00+00:00,10919.483157786559
2026-08-13 08:00:00+00:00,10982.149063589899
2026-08-13 12:00:00+00:00,10905.121106777071
2026-08-13 16:00:00+00:00,10944.74428776159
2026-08-13 20:00:00+00:00,10637.30875010187
2026-08-14 00:00:00+00:00,10637.30875010187
2026-08-14 04:00:00+00:00,10637.30875010187
2026-08-14 08:00:00+00:00,10637.30875010187
2026-08-14 12:00:00+00:00,10637.30875010187
2026-08-14 16:00:00+00:00,10637.30875010187
2026-08-14 20:00:00+00:00,10637.30875010187
2026-08-15 00:00:00+00:00,10637.30875010187
2026-08-15 04:00:00+00:00,10637.30875010187
2026-08-15 08:00:00+00:00,10637.30875010187
2026-08-15 12:00:00+00:00,10637.30875010187
2026-08-15 16:00:00+00:00,10637.30875010187
2026-08-15 20:00:00+00:00,10637.30875010187
2026-08-16 00:00:00+00:00,10637.30875010187
2026-08-16 04:00:00+00:00,10637.30875010187
2026-08-16 08:00:00+00:00,10637.30875010187
2026-08-16 12:00:00+00:00,10637.30875010187
2026-08-16 16:00:00+00:00,10637.30875010187
2026-08-16 20:00:00+00:00,10637.30875010187
2026-08-17 00:00:00+00:00,10637.30875010187
2026-08-17 04:00:00+00:00,10637.30875010187
2026-08-17 08:00:00+00:00,10637.30875010187
2026-08-17 12:00:00+00:00,10637.30875010187
2026-08-17 16:00:00+00:00,10637.30875010187
2026-08-17 20:00:00+00:00,10637.30875010187
2026-08-18 00:00:00+00:00,10637.30875010187
2026-08-18 04:00:00+00:00,10637.30875010187
2026-08-18 08:00:00+00:00,10637.30875010187
2026-08-18 12:00:00+00:00,10637.30875010187
2026-08-18 16:00:00+00:00,10637.30875010187
2026-08-18 20:00:00+00:00,10637.30875010187
2026-08-19 00:00:00+00:00,10637.30875010187
2026-08-19 04:00:00+00:00,10637.30875010187
2026-08-19 08:00:00+00:00,10637.30875010187
2026-08-19 12:00:00+00:00,10637.30875010187
2026-08-19 16:00:00+00:00,10637.30875010187
2026-08-19 20:00:00+00:00,10637.30875010187
2026-08-20 00:00:00+00:00,10637.30875010187
2026-08-20 04:00:00+00:00,10808.658485287338
2026-08-20 08:00:00+00:00,11012.512420284453
2026-08-20 12:00:00+00:00,11397.676197043025
2026-08-20 16:00:00+00:00,11229.167044711148
2026-08-20 20:00:00+00:00,11794.931781336416
2026-08-21 00:00:00+00:00,11674.568101099363
2026-08-21 04:00:00+00:00,11890.033532365314
2026-08-21 08:00:00+00:00,12177.688284490243
2026-08-21 12:00:00+00:00,12598.961165319926
2026-08-21 16:00:00+00:00,12049.954411587809
2026-08-21 20:00:00+00:00,12049.954411587809
2026-08-22 00:00:00+00:00,12049.954411587809
2026-08-22 04:00:00+00:00,12049.954411587809
2026-08-22 08:00:00+00:00,12049.954411587809
2026-08-22 12:00:00+00:00,12049.954411587809
2026-08-22 16:00:00+00:00,12049.954411587809
2026-08-22 20:00:00+00:00,12049.954411587809
2026-08-23 00:00:00+00:00,12049.954411587809
2026-08-23 04:00:00+00:00,12049.954411587809
2026-08-23 08:00:00+00:00,12049.954411587809
2026-08-23 12:00:00+00:00,12049.954411587809
2026-08-23 16:00:00+00:00,12049.954411587809
2026-08-23 20:00:00+00:00,12049.954411587809
2026-08-24 00:00:00+00:00,12049.954411587809
2026-08-24 04:00:00+00:00,12049.954411587809
2026-08-24 08:00:00+00:00,12049.954411587809
2026-08-24 12:00:00+00:00,12049.954411587809
2026-08-24 16:00:00+00:00,12049.954411587809
2026-08-24 20:00:00+00:00,12049.954411587809
2026-08-25 00:00:00+00:00,12049.954411587809
2026-08-25 04:00:00+00:00,12049.954411587809
2026-08-25 08:00:00+00:00,12049.954411587809
2026-08-25 12:00:00+00:00,12049.954411587809
2026-08-25 16:00:00+00:00,12049.954411587809
2026-08-25 20:00:00+00:00,12049.954411587809
2026-08-26 00:00:00+00:00,12049.954411587809
2026-08-26 04:00:00+00:00,12049.954411587809
2026-08-26 08:00:00+00:00,12049.954411587809
2026-08-26 12:00:00+00:00,12049.954411587809
2026-08-26 16:00:00+00:00,12049.954411587809
2026-08-26 20:00:00+00:00,12049.954411587809
2026-08-27 00:00:00+00:00,12049.954411587809
2026-08-27 04:00:00+00:00,12049.954411587809
2026-08-27 08:00:00+00:00,12049.954411587809
2026-08-27 12:00:00+00:00,12049.954411587809
2026-08-27 16:00:00+00:00,12049.954411587809
2026-08-27 20:00:00+00:00,12049.954411587809
2026-08-28 00:00:00+00:00,12049.954411587809
2026-08-28 04:00:00+00:00,12049.954411587809
2026-08-28 08:00:00+00:00,12049.954411587809
2026-08-28 12:00:00+00:00,12049.954411587809
2026-08-28 16:00:00+00:00,12049.954411587809
2026-08-28 20:00:00+00:00,12049.954411587809
2026-08-29 00:00:00+00:00,12049.954411587809
2026-08-29 04:00:00+00:00,12049.954411587809
2026-08-29 08:00:00+00:00,12049.954411587809
2026-08-29 12:00:00+00:00,12049.954411587809
2026-08-29 16:00:00+00:00,12049.954411587809
2026-08-29 20:00:00+00:00,12049.954411587809
2026-08-30 00:00:00+00:00,12049.954411587809
2026-08-30 04:00:00+00:00,12049.954411587809
2026-08-30 08:00:00+00:00,12049.954411587809
2026-08-30 12:00:00+00:00,12049.954411587809
2026-08-30 16:00:00+00:00,12049.954411587809
2026-08-30 20:00:00+00:00,12049.954411587809
2026-08-31 00:00:00+00:00,12049.954411587809
2026-08-31 04:00:00+00:00,12049.954411587809
2026-08-31 08:00:00+00:00,12049.954411587809
2026-08-31 12:00:00+00:00,12049.954411587809
2026-08-31 16:00:00+00:00,12049.954411587809
2026-08-31 20:00:00+00:00,12049.954411587809
2026-09-01 00:00:00+00:00,12141.536285282511
2026-09-01 04:00:00+00:00,12436.747952310643
2026-09-01 08:00:00+00:00,12653.901577205568
2026-09-01 12:00:00+00:00,12885.168935020472
2026-09-01 16:00:00+00:00,12262.494351392728
2026-09-01 20:00:00+00:00,12262.494351392728
2026-09-02 00:00:00+00:00,12262.494351392728
2026-09-02 04:00:00+00:00,12262.494351392728
2026-09-02 08:00:00+00:00,12262.494351392728
2026-09-02 12:00:00+00:00,12262.494351392728
2026-09-02 16:00:00+00:00,12262.494351392728
2026-09-02 20:00:00+00:00,12262.494351392728
2026-09-03 00:00:00+00:00,12262.494351392728
2026-09-03 04:00:00+00:00,12262.494351392728
2026-09-03 08:00:00+00:00,12262.494351392728
2026-09-03 12:00:00+00:00,12262.494351392728
2026-09-03 16:00:00+00:00,12262.494351392728
2026-09-03 20:00:00+00:00,12262.494351392728
2026-09-04 00:00:00+00:00,12262.494351392728
2026-09-04 04:00:00+00:00,12262.494351392728
2026-09-04 08:00:00+00:00,12262.494351392728
2026-09-04 12:00:00+00:00,12262.494351392728
2026-09-04 16:00:00+00:00,12262.494351392728
2026-09-04 20:00:00+00:00,12262.494351392728
2026-09-05 00:00:00+00:00,12262.494351392728
2026-09-05 04:00:00+00:00,12262.494351392728
2026-09-05 08:00:00+00:00,12262.494351392728
2026-09-05 12:00:00+00:00,12262.494351392728
2026-09-05 16:00:00+00:00,12262.494351392728
2026-09-05 20:00:00+00:00,12262.494351392728
2026-09-06 00:00:00+00:00,12262.494351392728
2026-09-06 04:00:00+00:00,12262.494351392728
2026-09-06 08:00:00+00:00,12262.494351392728
2026-09-06 12:00:00+00:00,12262.494351392728
2026-09-06 16:00:00+00:00,12262.494351392728
2026-09-06 20:00:00+00:00,12262.494351392728
2026-09-07 00:00:00+00:00,12262.494351392728
2026-09-07 04:00:00+00:00,12262.494351392728
2026-09-07 08:00:00+00:00,12262.494351392728
2026-09-07 12:00:00+00:00,12262.494351392728
2026-09-07 16:00:00+00:00,12262.494351392728
2026-09-07 20:00:00+00:00,12262.494351392728
2026-09-08 00:00:00+00:00,12262.494351392728
2026-09-08 04:00:00+00:00,12262.494351392728
2026-09-08 08:00:00+00:00,12262.494351392728
2026-09-08 12:00:00+00:00,12262.494351392728
2026-09-08 16:00:00+00:00,12262.494351392728
2026-09-08 20:00:00+00:00,12262.494351392728
2026-09-09 00:00:00+00:00,12262.494351392728
2026-09-09 04:00:00+00:00,12262.494351392728
2026-09-09 08:00:00+00:00,12262.494351392728
2026-09-09 12:00:00+00:00,12262.494351392728
2026-09-09 16:00:00+00:00,12262.494351392728
2026-09-09 20:00:00+00:00,12262.494351392728
2026-09-10 00:00:00+00:00,12262.494351392728
2026-09-10 04:00:00+00:00,12262.494351392728
2026-09-10 08:00:00+00:00,12262.494351392728
2026-09-10 12:00:00+00:00,12262.494351392728
2026-09-10 16:00:00+00:00,12262.494351392728
2026-09-10 20:00:00+00:00,12262.494351392728
2026-09-11 00:00:00+00:00,12262.494351392728
2026-09-11 04:00:00+00:00,12262.494351392728
2026-09-11 08:00:00+00:00,12262.494351392728
2026-09-11 12:00:00+00:00,12262.494351392728
2026-09-11 16:00:00+00:00,12262.494351392728
2026-09-11 20:00:00+00:00,12262.494351392728
2026-09-12 00:00:00+00:00,12262.494351392728
2026-09-12 04:00:00+00:00,12262.494351392728
2026-09-12 08:00:00+00:00,12262.494351392728
2026-09-12 12:00:00+00:00,12262.494351392728
2026-09-12 16:00:00+00:00,12262.494351392728
2026-09-12 20:00:00+00:00,12262.494351392728
2026-09-13 00:00:00+00:00,12262.494351392728
2026-09-13 04:00:00+00:00,12262.494351392728
2026-09-13 08:00:00+00:00,12262.494351392728
2026-09-13 12:00:00+00:00,12262.494351392728
2026-09-13 16:00:00+00:00,12262.494351392728
2026-09-13 20:00:00+00:00,12262.494351392728
2026-09-14 00:00:00+00:00,12262.494351392728
2026-09-14 04:00:00+00:00,12262.494351392728
2026-09-14 08:00:00+00:00,12262.494351392728
2026-09-14 12:00:00+00:00,12262.494351392728
2026-09-14 16:00:00+00:00,12262.494351392728
2026-09-14 20:00:00+00:00,12107.952419630454
2026-09-15 00:00:00+00:00,12036.225582291967
2026-09-15 04:00:00+00:00,11711.17785169383
2026-09-15 08:00:00+00:00,11711.17785169383
2026-09-15 12:00:00+00:00,11711.17785169383
2026-09-15 16:00:00+00:00,11711.17785169383
2026-09-15 20:00:00+00:00,11711.17785169383
2026-09-16 00:00:00+00:00,11711.17785169383
2026-09-16 04:00:00+00:00,11711.17785169383
2026-09-16 08:00:00+00:00,11711.17785169383
2026-09-16 12:00:00+00:00,11711.17785169383
2026-09-16 16:00:00+00:00,11711.17785169383
2026-09-16 20:00:00+00:00,11711.17785169383
2026-09-17 00:00:00+00:00,11711.17785169383
2026-09-17 04:00:00+00:00,11711.17785169383
2026-09-17 08:00:00+00:00,11711.17785169383
2026-09-17 12:00:00+00:00,11711.17785169383
2026-09-17 16:00:00+00:00,11711.17785169383
2026-09-17 20:00:00+00:00,11711.17785169383
2026-09-18 00:00:00+00:00,11711.17785169383
2026-09-18 04:00:00+00:00,11386.516678160511
2026-09-18 08:00:00+00:00,11376.127520607444
2026-09-18 12:00:00+00:00,11520.423568777736
2026-09-18 16:00:00+00:00,12246.439715816861
2026-09-18 20:00:00+00:00,12526.946969749648
2026-09-19 00:00:00+00:00,13284.026697872441
2026-09-19 04:00:00+00:00,12691.844717347669
2026-09-19 08:00:00+00:00,12483.68499540206
2026-09-19 12:00:00+00:00,12483.68499540206
2026-09-19 16:00:00+00:00,12483.68499540206
2026-09-19 20:00:00+00:00,12483.68499540206
2026-09-20 00:00:00+00:00,12483.68499540206
2026-09-20 04:00:00+00:00,12483.68499540206
2026-09-20 08:00:00+00:00,12483.68499540206
2026-09-20 12:00:00+00:00,12483.68499540206
2026-09-20 16:00:00+00:00,12483.68499540206
2026-09-20 20:00:00+00:00,12483.68499540206
2026-09-21 00:00:00+00:00,12483.68499540206
2026-09-21 04:00:00+00:00,12483.68499540206
2026-09-21 08:00:00+00:00,12483.68499540206
2026-09-21 12:00:00+00:00,12483.68499540206
2026-09-21 16:00:00+00:00,12483.68499540206
2026-09-21 20:00:00+00:00,12483.68499540206
2026-09-22 00:00:00+00:00,12483.68499540206
2026-09-22 04:00:00+00:00,12483.68499540206
2026-09-22 08:00:00+00:00,12483.68499540206
2026-09-22 12:00:00+00:00,12483.68499540206
2026-09-22 16:00:00+00:00,12483.68499540206
2026-09-22 20:00:00+00:00,12483.68499540206
2026-09-23 00:00:00+00:00,12483.68499540206
2026-09-23 04:00:00+00:00,12483.68499540206
2026-09-23 08:00:00+00:00,12483.68499540206
2026-09-23 12:00:00+00:00,12483.68499540206
2026-09-23 16:00:00+00:00,12483.68499540206
2026-09-23 20:00:00+00:00,12483.68499540206
2026-09-24 00:00:00+00:00,12483.68499540206
2026-09-24 04:00:00+00:00,12483.68499540206
2026-09-24 08:00:00+00:00,12483.68499540206
2026-09-24 12:00:00+00:00,12483.68499540206
2026-09-24 16:00:00+00:00,12483.68499540206
2026-09-24 20:00:00+00:00,12483.68499540206
2026-09-25 00:00:00+00:00,12483.68499540206
