ts,equity
2023-09-24 00:00:00+00:00,10000.0
2023-09-24 04:00:00+00:00,10163.738455419989
2023-09-24 08:00:00+00:00,10094.22701166055
2023-09-24 12:00:00+00:00,10141.339985314024
2023-09-24 16:00:00+00:00,10123.142944623116
2023-09-24 20:00:00+00:00,10226.232828741271
2023-09-25 00:00:00+00:00,10203.367107403303
2023-09-25 04:00:00+00:00,10264.469731952453
2023-09-25 08:00:00+00:00,10320.904740208147
2023-09-25 12:00:00+00:00,10153.424443259164
2023-09-25 16:00:00+00:00,10153.886372723151
2023-09-25 20:00:00+00:00,10191.667093979806
2023-09-26 00:00:00+00:00,10187.46247150394
2023-09-26 04:00:00+00:00,10285.884739328645
2023-09-26 08:00:00+00:00,10244.357067645693
2023-09-26 12:00:00+00:00,10310.12283820316
2023-09-26 16:00:00+00:00,10277.923800114775
2023-09-26 20:00:00+00:00,10301.704439810439
2023-09-27 00:00:00+00:00,10362.802806945172
2023-09-27 04:00:00+00:00,10400.574161890117
2023-09-27 08:00:00+00:00,10228.425610035516
2023-09-27 12:00:00+00:00,10378.159513609377
2023-09-27 16:00:00+00:00,10448.584172760746
2023-09-27 20:00:00+00:00,10425.708659369628
2023-09-28 00:00:00+00:00,10463.477246995202
2023-09-28 04:00:00+00:00,10347.30411551024
2023-09-28 08:00:00+00:00,10175.158118104291
2023-09-28 12:00:00+00:00,10114.976372293018
2023-09-28 16:00:00+00:00,10129.434977386461
2023-09-28 20:00:00+00:00,10101.909303100989
2023-09-29 00:00:00+00:00,10065.055208091671
2023-09-29 04:00:00+00:00,9953.652150129688
2023-09-29 08:00:00+00:00,9953.652150129688
2023-09-29 12:00:00+00:00,9953.652150129688
2023-09-29 16:00:00+00:00,9953.652150129688
2023-09-29 20:00:00+00:00,9953.652150129688
2023-09-30 00:00:00+00:00,9953.652150129688
2023-09-30 04:00:00+00:00,9953.652150129688
2023-09-30 08:00:00+00:00,9953.652150129688
2023-09-30 12:00:00+00:00,9953.652150129688
2023-09-30 16:00:00+00:00,9953.652150129688
2023-09-30 20:00:00+00:00,9953.652150129688
2023-10-01 00:00:00+00:00,9953.652150129688
2023-10-01 04:00:00+00:00,9953.652150129688
2023-10-01 08:00:00+00:00,9953.652150129688
2023-10-01 12:00:00+00:00,9953.652150129688
2023-10-01 16:00:00+00:00,9953.652150129688
2023-10-01 20:00:00+00:00,9953.652150129688
2023-10-02 00:00:00+00:00,9953.652150129688
2023-10-02 04:00:00+00:00,9953.652150129688
2023-10-02 08:00:00+00:00,9953.652150129688
2023-10-02 12:00:00+00:00,9953.652150129688
2023-10-02 16:00:00+00:00,9953.652150129688
2023-10-02 20:00:00+00:00,9953.652150129688
2023-10-03 00:00:00+00:00,9953.652150129688
2023-10-03 04:00:00+00:00,9953.652150129688
2023-10-03 08:00:00+00:00,9953.652150129688
2023-10-03 12:00:00+00:00,9953.652150129688
2023-10-03 16:00:00+00:00,9953.652150129688
2023-10-03 20:00:00+00:00,9953.652150129688
2023-10-04 00:00:00+00:00,9953.652150129688
2023-10-04 04:00:00+00:00,9953.652150129688
2023-10-04 08:00:00+00:00,9953.652150129688
2023-10-04 12:00:00+00:00,9953.652150129688
2023-10-04 16:00:00+00:00,9953.652150129688
2023-10-04 20:00:00+00:00,9953.652150129688
2023-10-05 00:00:00+00:00,9953.652150129688
2023-10-05 04:00:00+00:00,9953.652150129688
2023-10-05 08:00:00+00:00,9953.652150129688
2023-10-05 12:00:00+00:00,9953.652150129688
2023-10-05 16:00:00+00:00,9953.652150129688
2023-10-05 20:00:00+00:00,9953.652150129688
2023-10-06 00:00:00+00:00,9953.652150129688
2023-10-06 04:00:00+00:00,9953.652150129688
2023-10-06 08:00:00+00:00,9953.652150129688
2023-10-06 12:00:00+00:00,9953.652150129688
2023-10-06 16:00:00+00:00,9953.652150129688
2023-10-06 20:00:00+00:00,9953.652150129688
2023-10-07 00:00:00+00:00,9953.652150129688
2023-10-07 04:00:00+00:00,9953.652150129688
2023-10-07 08:00:00+00:00,9953.652150129688
2023-10-07 12:00:00+00:00,9953.652150129688
2023-10-07 16:00:00+00:00,9953.652150129688
2023-10-07 20:00:00+00:00,9953.652150129688
2023-10-08 00:00:00+00:00,9953.652150129688
2023-10-08 04:00:00+00:00,9953.652150129688
2023-10-08 08:00:00+00:00,9953.652150129688
2023-10-08 12:00:00+00:00,9953.652150129688
2023-10-08 16:00:00+00:00,9953.652150129688
2023-10-08 20:00:00+00:00,9953.652150129688
2023-10-09 00:00:00+00:00,9953.652150129688
2023-10-09 04:00:00+00:00,9953.652150129688
2023-10-09 08:00:00+00:00,9933.704951432033
2023-10-09 12:00:00+00:00,10010.582616477222
2023-10-09 16:00:00+00:00,9972.82295224003
2023-10-09 20:00:00+00:00,9997.158362723074
2023-10-10 00:00:00+00:00,9992.83422292394
2023-10-10 04:00:00+00:00,9840.44158863598
2023-10-10 08:00:00+00:00,9969.864123782281
2023-10-10 12:00:00+00:00,10056.293083254497
2023-10-10 16:00:00+00:00,10133.165299260167
2023-10-10 20:00:00+00:00,10152.717106932005
2023-10-11 00:00:00+00:00,10267.79624433843
2023-10-11 04:00:00+00:00,10187.03733742605
2023-10-11 08:00:00+00:00,10139.717006413865
2023-10-11 12:00:00+00:00,10302.560898495485
2023-10-11 16:00:00+00:00,10107.16662395495
2023-10-11 20:00:00+00:00,10078.955638605816
2023-10-12 00:00:00+00:00,10189.261853318483
2023-10-12 04:00:00+00:00,10108.506651752978
2023-10-12 08:00:00+00:00,10185.376688142844
2023-10-12 12:00:00+00:00,10286.125287542645
2023-10-12 16:00:00+00:00,10319.999568642617
2023-10-12 20:00:00+00:00,10239.238482114431
2023-10-13 00:00:00+00:00,10234.903662197845
2023-10-13 04:00:00+00:00,10187.581369531434
2023-10-13 08:00:00+00:00,10121.15561616464
2023-10-13 12:00:00+00:00,10202.801626710392
2023-10-13 16:00:00+00:00,10126.82239930077
2023-10-13 20:00:00+00:00,9931.436407300302
2023-10-14 00:00:00+00:00,9817.258323068418
2023-10-14 04:00:00+00:00,9841.601362206786
2023-10-14 08:00:00+00:00,9714.439953777362
2023-10-14 12:00:00+00:00,9714.439953777362
2023-10-14 16:00:00+00:00,9714.439953777362
2023-10-14 20:00:00+00:00,9714.439953777362
2023-10-15 00:00:00+00:00,9714.439953777362
2023-10-15 04:00:00+00:00,9714.439953777362
2023-10-15 08:00:00+00:00,9714.439953777362
2023-10-15 12:00:00+00:00,9714.439953777362
2023-10-15 16:00:00+00:00,9714.439953777362
2023-10-15 20:00:00+00:00,9714.439953777362
2023-10-16 00:00:00+00:00,9714.439953777362
2023-10-16 04:00:00+00:00,9714.439953777362
2023-10-16 08:00:00+00:00,9714.439953777362
2023-10-16 12:00:00+00:00,9714.439953777362
2023-10-16 16:00:00+00:00,9714.439953777362
2023-10-16 20:00:00+00:00,9714.439953777362
2023-10-17 00:00:00+00:00,9714.439953777362
2023-10-17 04:00:00+00:00,9714.439953777362
2023-10-17 08:00:00+00:00,9714.439953777362
2023-10-17 12:00:00+00:00,9714.439953777362
2023-10-17 16:00:00+00:00,9714.439953777362
2023-10-17 20:00:00+00:00,9714.439953777362
2023-10-18 00:00:00+00:00,9714.439953777362
2023-10-18 04:00:00+00:00,9714.439953777362
2023-10-18 08:00:00+00:00,9714.439953777362
2023-10-18 12:00:00+00:00,9714.439953777362
2023-10-18 16:00:00+00:00,9714.439953777362
2023-10-18 20:00:00+00:00,9714.439953777362
2023-10-19 00:00:00+00:00,9714.439953777362
2023-10-19 04:00:00+00:00,9714.439953777362
2023-10-19 08:00:00+00:00,9714.439953777362
2023-10-19 12:00:00+00:00,9714.439953777362
2023-10-19 16:00:00+00:00,9714.439953777362
2023-10-19 20:00:00+00:00,9714.439953777362
2023-10-20 00:00:00+00:00,9714.439953777362
2023-10-20 04:00:00+00:00,9714.439953777362
2023-10-20 08:00:00+00:00,9714.439953777362
2023-10-20 12:00:00+00:00,9714.439953777362
2023-10-20 16:00:00+00:00,9714.439953777362
2023-10-20 20:00:00+00:00,9714.439953777362
2023-10-21 00:00:00+00:00,9714.439953777362
2023-10-21 04:00:00+00:00,9714.439953777362
2023-10-21 08:00:00+00:00,9695.049854069222
2023-10-21 12:00:00+00:00,9964.37789802884
2023-10-21 16:00:00+00:00,9882.563856051893
2023-10-21 20:00:00+00:00,9723.676258942438
2023-10-22 00:00:00+00:00,9868.822892515696
2023-10-22 04:00:00+00:00,9607.16619121997
2023-10-22 08:00:00+00:00,9726.625678086299
2023-10-22 12:00:00+00:00,9614.847890264851
2023-10-22 16:00:00+00:00,9640.10143679421
2023-10-22 20:00:00+00:00,9943.68838906031
2023-10-23 00:00:00+00:00,10007.465523425419
2023-10-23 04:00:00+00:00,9801.469289448449
2023-10-23 08:00:00+00:00,9830.996308660742
2023-10-23 12:00:00+00:00,10275.882792068385
2023-10-23 16:00:00+00:00,10335.362614533946
2023-10-23 20:00:00+00:00,10763.09775860588
2023-10-24 00:00:00+00:00,10732.631825985198
2023-10-24 04:00:00+00:00,10766.398317686237
2023-10-24 08:00:00+00:00,11648.013191931217
2023-10-24 12:00:00+00:00,11193.58183791803
2023-10-24 16:00:00+00:00,11736.893607599657
2023-10-24 20:00:00+00:00,11753.485897765457
2023-10-25 00:00:00+00:00,11765.795335884408
2023-10-25 04:00:00+00:00,11816.642821691807
2023-10-25 08:00:00+00:00,12167.2328929814
2023-10-25 12:00:00+00:00,13232.912703533397
2023-10-25 16:00:00+00:00,12975.384094779954
2023-10-25 20:00:00+00:00,12949.099013623561
2023-10-26 00:00:00+00:00,13017.0206544178
2023-10-26 04:00:00+00:00,13221.965422619418
2023-10-26 08:00:00+00:00,12364.947344026463
2023-10-26 12:00:00+00:00,12175.97133369383
2023-10-26 16:00:00+00:00,12376.67233053157
2023-10-26 20:00:00+00:00,12663.005552072582
2023-10-27 00:00:00+00:00,12422.631018302653
2023-10-27 04:00:00+00:00,12738.936583438412
2023-10-27 08:00:00+00:00,12789.763843038341
2023-10-27 12:00:00+00:00,12789.763843038341
2023-10-27 16:00:00+00:00,12789.763843038341
2023-10-27 20:00:00+00:00,12789.763843038341
2023-10-28 00:00:00+00:00,12789.763843038341
2023-10-28 04:00:00+00:00,12789.763843038341
2023-10-28 08:00:00+00:00,12789.763843038341
2023-10-28 12:00:00+00:00,12789.763843038341
2023-10-28 16:00:00+00:00,12789.763843038341
2023-10-28 20:00:00+00:00,12789.763843038341
2023-10-29 00:00:00+00:00,12789.763843038341
2023-10-29 04:00:00+00:00,12789.763843038341
2023-10-29 08:00:00+00:00,12789.763843038341
2023-10-29 12:00:00+00:00,12789.763843038341
2023-10-29 16:00:00+00:00,12789.763843038341
2023-10-29 20:00:00+00:00,12789.763843038341
2023-10-30 00:00:00+00:00,12789.763843038341
2023-10-30 04:00:00+00:00,12789.763843038341
2023-10-30 08:00:00+00:00,12789.763843038341
2023-10-30 12:00:00+00:00,12789.763843038341
2023-10-30 16:00:00+00:00,12789.763843038341
2023-10-30 20:00:00+00:00,12789.763843038341
2023-10-31 00:00:00+00:00,12789.763843038341
2023-10-31 04:00:00+00:00,12789.763843038341
2023-10-31 08:00:00+00:00,12789.763843038341
2023-10-31 12:00:00+00:00,12789.763843038341
2023-10-31 16:00:00+00:00,12789.763843038341
2023-10-31 20:00:00+00:00,12789.763843038341
2023-11-01 00:00:00+00:00,12789.763843038341
2023-11-01 04:00:00+00:00,12789.763843038341
2023-11-01 08:00:00+00:00,12789.763843038341
2023-11-01 12:00:00+00:00,12789.763843038341
2023-11-01 16:00:00+00:00,12789.763843038341
2023-11-01 20:00:00+00:00,12789.763843038341
2023-11-02 00:00:00+00:00,12789.763843038341
2023-11-02 04:00:00+00:00,12789.763843038341
2023-11-02 08:00:00+00:00,12789.763843038341
2023-11-02 12:00:00+00:00,12789.763843038341
2023-11-02 16:00:00+00:00,12789.763843038341
2023-11-02 20:00:00+00:00,12789.763843038341
2023-11-03 00:00:00+00:00,12789.763843038341
2023-11-03 04:00:00+00:00,12789.763843038341
2023-11-03 08:00:00+00:00,12789.763843038341
2023-11-03 12:00:00+00:00,12789.763843038341
2023-11-03 16:00:00+00:00,12789.763843038341
2023-11-03 20:00:00+00:00,12789.763843038341
2023-11-04 00:00:00+00:00,12789.763843038341
2023-11-04 04:00:00+00:00,12789.763843038341
2023-11-04 08:00:00+00:00,12789.763843038341
2023-11-04 12:00:00+00:00,12789.763843038341
2023-11-04 16:00:00+00:00,12789.763843038341
2023-11-04 20:00:00+00:00,12789.763843038341
2023-11-05 00:00:00+00:00,12789.763843038341
2023-11-05 04:00:00+00:00,12789.763843038341
2023-11-05 08:00:00+00:00,12789.763843038341
2023-11-05 12:00:00+00:00,12789.763843038341
2023-11-05 16:00:00+00:00,12789.763843038341
2023-11-05 20:00:00+00:00,12789.763843038341
2023-11-06 00:00:00+00:00,12789.763843038341
2023-11-06 04:00:00+00:00,12789.763843038341
2023-11-06 08:00:00+00:00,12789.763843038341
2023-11-06 12:00:00+00:00,12789.763843038341
2023-11-06 16:00:00+00:00,12789.763843038341
2023-11-06 20:00:00+00:00,12789.763843038341
2023-11-07 00:00:00+00:00,12789.763843038341
2023-11-07 04:00:00+00:00,12789.763843038341
2023-11-07 08:00:00+00:00,12789.763843038341
2023-11-07 12:00:00+00:00,12789.763843038341
2023-11-07 16:00:00+00:00,12789.763843038341
2023-11-07 20:00:00+00:00,12789.763843038341
2023-11-08 00:00:00+00:00,12789.763843038341
2023-11-08 04:00:00+00:00,12789.763843038341
2023-11-08 08:00:00+00:00,12789.763843038341
2023-11-08 12:00:00+00:00,12789.763843038341
2023-11-08 16:00:00+00:00,12789.763843038341
2023-11-08 20:00:00+00:00,12789.763843038341
2023-11-09 00:00:00+00:00,12789.763843038341
2023-11-09 04:00:00+00:00,12789.763843038341
2023-11-09 08:00:00+00:00,12789.763843038341
2023-11-09 12:00:00+00:00,12789.763843038341
2023-11-09 16:00:00+00:00,12789.763843038341
2023-11-09 20:00:00+00:00,12789.763843038341
2023-11-10 00:00:00+00:00,12789.763843038341
2023-11-10 04:00:00+00:00,12789.763843038341
2023-11-10 08:00:00+00:00,12789.763843038341
2023-11-10 12:00:00+00:00,12789.763843038341
2023-11-10 16:00:00+00:00,12789.763843038341
2023-11-10 20:00:00+00:00,12789.763843038341
2023-11-11 00:00:00+00:00,12789.763843038341
2023-11-11 04:00:00+00:00,12789.763843038341
2023-11-11 08:00:00+00:00,12789.763843038341
2023-11-11 12:00:00+00:00,12789.763843038341
2023-11-11 16:00:00+00:00,12789.763843038341
2023-11-11 20:00:00+00:00,12789.763843038341
2023-11-12 00:00:00+00:00,12789.763843038341
2023-11-12 04:00:00+00:00,12789.763843038341
2023-11-12 08:00:00+00:00,12789.763843038341
2023-11-12 12:00:00+00:00,12789.763843038341
2023-11-12 16:00:00+00:00,12789.763843038341
2023-11-12 20:00:00+00:00,12789.763843038341
2023-11-13 00:00:00+00:00,12789.763843038341
2023-11-13 04:00:00+00:00,12789.763843038341
2023-11-13 08:00:00+00:00,12789.763843038341
2023-11-13 12:00:00+00:00,12789.763843038341
2023-11-13 16:00:00+00:00,12789.763843038341
2023-11-13 20:00:00+00:00,12789.763843038341
2023-11-14 00:00:00+00:00,12789.763843038341
2023-11-14 04:00:00+00:00,12789.763843038341
2023-11-14 08:00:00+00:00,12789.763843038341
2023-11-14 12:00:00+00:00,12789.763843038341
2023-11-14 16:00:00+00:00,12789.763843038341
2023-11-14 20:00:00+00:00,12789.763843038341
2023-11-15 00:00:00+00:00,12789.763843038341
2023-11-15 04:00:00+00:00,12789.763843038341
2023-11-15 08:00:00+00:00,12789.763843038341
2023-11-15 12:00:00+00:00,12789.763843038341
2023-11-15 16:00:00+00:00,12789.763843038341
2023-11-15 20:00:00+00:00,12789.763843038341
2023-11-16 00:00:00+00:00,12789.763843038341
2023-11-16 04:00:00+00:00,12789.763843038341
2023-11-16 08:00:00+00:00,12789.763843038341
2023-11-16 12:00:00+00:00,12789.763843038341
2023-11-16 16:00:00+00:00,12789.763843038341
2023-11-16 20:00:00+00:00,12789.763843038341
2023-11-17 00:00:00+00:00,12789.763843038341
2023-11-17 04:00:00+00:00,12789.763843038341
2023-11-17 08:00:00+00:00,12789.763843038341
2023-11-17 12:00:00+00:00,12789.763843038341
2023-11-17 16:00:00+00:00,12789.763843038341
2023-11-17 20:00:00+00:00,12789.763843038341
2023-11-18 00:00:00+00:00,12789.763843038341
2023-11-18 04:00:00+00:00,12789.763843038341
2023-11-18 08:00:00+00:00,12789.763843038341
2023-11-18 12:00:00+00:00,12789.763843038341
2023-11-18 16:00:00+00:00,12789.763843038341
2023-11-18 20:00:00+00:00,12789.763843038341
2023-11-19 00:00:00+00:00,12789.763843038341
2023-11-19 04:00:00+00:00,12789.763843038341
2023-11-19 08:00:00+00:00,12789.763843038341
2023-11-19 12:00:00+00:00,12789.763843038341
2023-11-19 16:00:00+00:00,12789.763843038341
2023-11-19 20:00:00+00:00,12789.763843038341
2023-11-20 00:00:00+00:00,12789.763843038341
2023-11-20 04:00:00+00:00,12789.763843038341
2023-11-20 08:00:00+00:00,12789.763843038341
2023-11-20 12:00:00+00:00,12789.763843038341
2023-11-20 16:00:00+00:00,12789.763843038341
2023-11-20 20:00:00+00:00,12789.763843038341
2023-11-21 00:00:00+00:00,12789.763843038341
2023-11-21 04:00:00+00:00,12789.763843038341
2023-11-21 08:00:00+00:00,12789.763843038341
2023-11-21 12:00:00+00:00,12789.763843038341
2023-11-21 16:00:00+00:00,12789.763843038341
2023-11-21 20:00:00+00:00,12789.763843038341
2023-11-22 00:00:00+00:00,12789.763843038341
2023-11-22 04:00:00+00:00,12789.763843038341
2023-11-22 08:00:00+00:00,12789.763843038341
2023-11-22 12:00:00+00:00,12789.763843038341
2023-11-22 16:00:00+00:00,12789.763843038341
2023-11-22 20:00:00+00:00,12789.763843038341
2023-11-23 00:00:00+00:00,12789.763843038341
2023-11-23 04:00:00+00:00,12789.763843038341
2023-11-23 08:00:00+00:00,12789.763843038341
2023-11-23 12:00:00+00:00,12789.763843038341
2023-11-23 16:00:00+00:00,12789.763843038341
2023-11-23 20:00:00+00:00,12789.763843038341
2023-11-24 00:00:00+00:00,12789.763843038341
2023-11-24 04:00:00+00:00,12789.763843038341
2023-11-24 08:00:00+00:00,12789.763843038341
2023-11-24 12:00:00+00:00,12789.763843038341
2023-11-24 16:00:00+00:00,12789.763843038341
2023-11-24 20:00:00+00:00,12789.763843038341
2023-11-25 00:00:00+00:00,12789.763843038341
2023-11-25 04:00:00+00:00,12789.763843038341
2023-11-25 08:00:00+00:00,12789.763843038341
2023-11-25 12:00:00+00:00,12789.763843038341
2023-11-25 16:00:00+00:00,12789.763843038341
2023-11-25 20:00:00+00:00,12789.763843038341
2023-11-26 00:00:00+00:00,12789.763843038341
2023-11-26 04:00:00+00:00,12789.763843038341
2023-11-26 08:00:00+00:00,12789.763843038341
2023-11-26 12:00:00+00:00,12789.763843038341
2023-11-26 16:00:00+00:00,12789.763843038341
2023-11-26 20:00:00+00:00,12789.763843038341
2023-11-27 00:00:00+00:00,12789.763843038341
2023-11-27 04:00:00+00:00,12789.763843038341
2023-11-27 08:00:00+00:00,12789.763843038341
2023-11-27 12:00:00+00:00,12789.763843038341
2023-11-27 16:00:00+00:00,12789.763843038341
2023-11-27 20:00:00+00:00,12789.763843038341
2023-11-28 00:00:00+00:00,12789.763843038341
2023-11-28 04:00:00+00:00,12789.763843038341
2023-11-28 08:00:00+00:00,12789.763843038341
2023-11-28 12:00:00+00:00,12789.763843038341
2023-11-28 16:00:00+00:00,12789.763843038341
2023-11-28 20:00:00+00:00,12789.763843038341
2023-11-29 00:00:00+00:00,12789.763843038341
2023-11-29 04:00:00+00:00,12789.763843038341
2023-11-29 08:00:00+00:00,12789.763843038341
2023-11-29 12:00:00+00:00,12789.763843038341
2023-11-29 16:00:00+00:00,12789.763843038341
2023-11-29 20:00:00+00:00,12789.763843038341
2023-11-30 00:00:00+00:00,12789.763843038341
2023-11-30 04:00:00+00:00,12789.763843038341
2023-11-30 08:00:00+00:00,12789.763843038341
2023-11-30 12:00:00+00:00,12789.763843038341
2023-11-30 16:00:00+00:00,12789.763843038341
2023-11-30 20:00:00+00:00,12789.763843038341
2023-12-01 00:00:00+00:00,12789.763843038341
2023-12-01 04:00:00+00:00,12789.763843038341
2023-12-01 08:00:00+00:00,12789.763843038341
2023-12-01 12:00:00+00:00,12789.763843038341
2023-12-01 16:00:00+00:00,12789.763843038341
2023-12-01 20:00:00+00:00,12789.763843038341
2023-12-02 00:00:00+00:00,12789.763843038341
2023-12-02 04:00:00+00:00,12789.763843038341
2023-12-02 08:00:00+00:00,12789.763843038341
2023-12-02 12:00:00+00:00,12789.763843038341
2023-12-02 16:00:00+00:00,12789.763843038341
2023-12-02 20:00:00+00:00,12789.763843038341
2023-12-03 00:00:00+00:00,12789.763843038341
2023-12-03 04:00:00+00:00,12789.763843038341
2023-12-03 08:00:00+00:00,12789.763843038341
2023-12-03 12:00:00+00:00,12789.763843038341
2023-12-03 16:00:00+00:00,12789.763843038341
2023-12-03 20:00:00+00:00,12789.763843038341
2023-12-04 00:00:00+00:00,12789.763843038341
2023-12-04 04:00:00+00:00,12789.763843038341
2023-12-04 08:00:00+00:00,12789.763843038341
2023-12-04 12:00:00+00:00,12789.763843038341
2023-12-04 16:00:00+00:00,12789.763843038341
2023-12-04 20:00:00+00:00,12789.763843038341
2023-12-05 00:00:00+00:00,12789.763843038341
2023-12-05 04:00:00+00:00,12789.763843038341
2023-12-05 08:00:00+00:00,12789.763843038341
2023-12-05 12:00:00+00:00,12789.763843038341
2023-12-05 16:00:00+00:00,12789.763843038341
2023-12-05 20:00:00+00:00,12789.763843038341
2023-12-06 00:00:00+00:00,12789.763843038341
2023-12-06 04:00:00+00:00,12789.763843038341
2023-12-06 08:00:00+00:00,12789.763843038341
2023-12-06 12:00:00+00:00,12789.763843038341
2023-12-06 16:00:00+00:00,12789.763843038341
2023-12-06 20:00:00+00:00,12789.763843038341
2023-12-07 00:00:00+00:00,12789.763843038341
2023-12-07 04:00:00+00:00,12789.763843038341
2023-12-07 08:00:00+00:00,12789.763843038341
2023-12-07 12:00:00+00:00,12789.763843038341
2023-12-07 16:00:00+00:00,12789.763843038341
2023-12-07 20:00:00+00:00,12789.763843038341
2023-12-08 00:00:00+00:00,12789.763843038341
2023-12-08 04:00:00+00:00,12789.763843038341
2023-12-08 08:00:00+00:00,12789.763843038341
2023-12-08 12:00:00+00:00,12789.763843038341
2023-12-08 16:00:00+00:00,12789.763843038341
2023-12-08 20:00:00+00:00,12789.763843038341
2023-12-09 00:00:00+00:00,12789.763843038341
2023-12-09 04:00:00+00:00,12789.763843038341
2023-12-09 08:00:00+00:00,12789.763843038341
2023-12-09 12:00:00+00:00,12789.763843038341
2023-12-09 16:00:00+00:00,12789.763843038341
2023-12-09 20:00:00+00:00,12789.763843038341
2023-12-10 00:00:00+00:00,12789.763843038341
2023-12-10 04:00:00+00:00,12789.763843038341
2023-12-10 08:00:00+00:00,12789.763843038341
2023-12-10 12:00:00+00:00,12789.763843038341
2023-12-10 16:00:00+00:00,12789.763843038341
2023-12-10 20:00:00+00:00,12789.763843038341
2023-12-11 00:00:00+00:00,12789.763843038341
2023-12-11 04:00:00+00:00,12789.763843038341
2023-12-11 08:00:00+00:00,12789.763843038341
2023-12-11 12:00:00+00:00,12789.763843038341
2023-12-11 16:00:00+00:00,12789.763843038341
2023-12-11 20:00:00+00:00,12789.763843038341
2023-12-12 00:00:00+00:00,12789.763843038341
2023-12-12 04:00:00+00:00,12789.763843038341
2023-12-12 08:00:00+00:00,12789.763843038341
2023-12-12 12:00:00+00:00,12789.763843038341
2023-12-12 16:00:00+00:00,12789.763843038341
2023-12-12 20:00:00+00:00,12789.763843038341
2023-12-13 00:00:00+00:00,12789.763843038341
2023-12-13 04:00:00+00:00,12789.763843038341
2023-12-13 08:00:00+00:00,12789.763843038341
2023-12-13 12:00:00+00:00,12789.763843038341
2023-12-13 16:00:00+00:00,12789.763843038341
2023-12-13 20:00:00+00:00,12789.763843038341
2023-12-14 00:00:00+00:00,12789.763843038341
2023-12-14 04:00:00+00:00,12789.763843038341
2023-12-14 08:00:00+00:00,12789.763843038341
2023-12-14 12:00:00+00:00,12789.763843038341
2023-12-14 16:00:00+00:00,12789.763843038341
2023-12-14 20:00:00+00:00,12789.763843038341
2023-12-15 00:00:00+00:00,12789.763843038341
2023-12-15 04:00:00+00:00,12789.763843038341
2023-12-15 08:00:00+00:00,12789.763843038341
2023-12-15 12:00:00+00:00,12789.763843038341
2023-12-15 16:00:00+00:00,12789.763843038341
2023-12-15 20:00:00+00:00,12789.763843038341
2023-12-16 00:00:00+00:00,12789.763843038341
2023-12-16 04:00:00+00:00,12789.763843038341
2023-12-16 08:00:00+00:00,12789.763843038341
2023-12-16 12:00:00+00:00,12789.763843038341
2023-12-16 16:00:00+00:00,12789.763843038341
2023-12-16 20:00:00+00:00,12789.763843038341
2023-12-17 00:00:00+00:00,12789.763843038341
2023-12-17 04:00:00+00:00,12789.763843038341
2023-12-17 08:00:00+00:00,12789.763843038341
2023-12-17 12:00:00+00:00,12789.763843038341
2023-12-17 16:00:00+00:00,12789.763843038341
2023-12-17 20:00:00+00:00,12789.763843038341
2023-12-18 00:00:00+00:00,12789.763843038341
2023-12-18 04:00:00+00:00,12789.763843038341
2023-12-18 08:00:00+00:00,12789.763843038341
2023-12-18 12:00:00+00:00,12789.763843038341
2023-12-18 16:00:00+00:00,12789.763843038341
2023-12-18 20:00:00+00:00,12789.763843038341
2023-12-19 00:00:00+00:00,12789.763843038341
2023-12-19 04:00:00+00:00,12789.763843038341
2023-12-19 08:00:00+00:00,12789.763843038341
2023-12-19 12:00:00+00:00,12789.763843038341
2023-12-19 16:00:00+00:00,12789.763843038341
2023-12-19 20:00:00+00:00,12789.763843038341
2023-12-20 00:00:00+00:00,12789.763843038341
2023-12-20 04:00:00+00:00,12789.763843038341
2023-12-20 08:00:00+00:00,12789.763843038341
2023-12-20 12:00:00+00:00,12789.763843038341
2023-12-20 16:00:00+00:00,12789.763843038341
2023-12-20 20:00:00+00:00,12789.763843038341
2023-12-21 00:00:00+00:00,12789.763843038341
2023-12-21 04:00:00+00:00,12789.763843038341
2023-12-21 08:00:00+00:00,12789.763843038341
2023-12-21 12:00:00+00:00,12789.763843038341
2023-12-21 16:00:00+00:00,12789.763843038341
2023-12-21 20:00:00+00:00,12789.763843038341
2023-12-22 00:00:00+00:00,12789.763843038341
2023-12-22 04:00:00+00:00,12789.763843038341
2023-12-22 08:00:00+00:00,12789.763843038341
2023-12-22 12:00:00+00:00,12789.763843038341
2023-12-22 16:00:00+00:00,12789.763843038341
2023-12-22 20:00:00+00:00,12789.763843038341
2023-12-23 00:00:00+00:00,12789.763843038341
2023-12-23 04:00:00+00:00,12789.763843038341
2023-12-23 08:00:00+00:00,12789.763843038341
2023-12-23 12:00:00+00:00,12789.763843038341
2023-12-23 16:00:00+00:00,12789.763843038341
2023-12-23 20:00:00+00:00,12789.763843038341
2023-12-24 00:00:00+00:00,12789.763843038341
2023-12-24 04:00:00+00:00,12789.763843038341
2023-12-24 08:00:00+00:00,12789.763843038341
2023-12-24 12:00:00+00:00,12789.763843038341
2023-12-24 16:00:00+00:00,12789.763843038341
2023-12-24 20:00:00+00:00,12789.763843038341
2023-12-25 00:00:00+00:00,12789.763843038341
2023-12-25 04:00:00+00:00,12789.763843038341
2023-12-25 08:00:00+00:00,12789.763843038341
2023-12-25 12:00:00+00:00,12789.763843038341
2023-12-25 16:00:00+00:00,12789.763843038341
2023-12-25 20:00:00+00:00,12789.763843038341
2023-12-26 00:00:00+00:00,12789.763843038341
2023-12-26 04:00:00+00:00,12789.763843038341
2023-12-26 08:00:00+00:00,12789.763843038341
2023-12-26 12:00:00+00:00,12789.763843038341
2023-12-26 16:00:00+00:00,12789.763843038341
2023-12-26 20:00:00+00:00,12789.763843038341
2023-12-27 00:00:00+00:00,12789.763843038341
2023-12-27 04:00:00+00:00,12789.763843038341
2023-12-27 08:00:00+00:00,12789.763843038341
2023-12-27 12:00:00+00:00,12789.763843038341
2023-12-27 16:00:00+00:00,12789.763843038341
2023-12-27 20:00:00+00:00,12789.763843038341
2023-12-28 00:00:00+00:00,12789.763843038341
2023-12-28 04:00:00+00:00,12789.763843038341
2023-12-28 08:00:00+00:00,12789.763843038341
2023-12-28 12:00:00+00:00,12789.763843038341
2023-12-28 16:00:00+00:00,12789.763843038341
2023-12-28 20:00:00+00:00,12789.763843038341
2023-12-29 00:00:00+00:00,12789.763843038341
2023-12-29 04:00:00+00:00,12789.763843038341
2023-12-29 08:00:00+00:00,12789.763843038341
2023-12-29 12:00:00+00:00,12789.763843038341
2023-12-29 16:00:00+00:00,12789.763843038341
2023-12-29 20:00:00+00:00,12789.763843038341
2023-12-30 00:00:00+00:00,12789.763843038341
2023-12-30 04:00:00+00:00,12789.763843038341
2023-12-30 08:00:00+00:00,12789.763843038341
2023-12-30 12:00:00+00:00,12789.763843038341
2023-12-30 16:00:00+00:00,12789.763843038341
2023-12-30 20:00:00+00:00,12789.763843038341
2023-12-31 00:00:00+00:00,12789.763843038341
2023-12-31 04:00:00+00:00,12789.763843038341
2023-12-31 08:00:00+00:00,12789.763843038341
2023-12-31 12:00:00+00:00,12789.763843038341
2023-12-31 16:00:00+00:00,12789.763843038341
2023-12-31 20:00:00+00:00,12789.763843038341
2024-01-01 00:00:00+00:00,12789.763843038341
2024-01-01 04:00:00+00:00,12789.763843038341
2024-01-01 08:00:00+00:00,12789.763843038341
2024-01-01 12:00:00+00:00,12789.763843038341
2024-01-01 16:00:00+00:00,12789.763843038341
2024-01-01 20:00:00+00:00,12789.763843038341
2024-01-02 00:00:00+00:00,12789.763843038341
2024-01-02 04:00:00+00:00,12789.763843038341
2024-01-02 08:00:00+00:00,12789.763843038341
2024-01-02 12:00:00+00:00,12789.763843038341
2024-01-02 16:00:00+00:00,12789.763843038341
2024-01-02 20:00:00+00:00,12789.763843038341
2024-01-03 00:00:00+00:00,12789.763843038341
2024-01-03 04:00:00+00:00,12789.763843038341
2024-01-03 08:00:00+00:00,12789.763843038341
2024-01-03 12:00:00+00:00,12789.763843038341
2024-01-03 16:00:00+00:00,12789.763843038341
2024-01-03 20:00:00+00:00,12789.763843038341
2024-01-04 00:00:00+00:00,12789.763843038341
2024-01-04 04:00:00+00:00,12789.763843038341
2024-01-04 08:00:00+00:00,12789.763843038341
2024-01-04 12:00:00+00:00,12789.763843038341
2024-01-04 16:00:00+00:00,12789.763843038341
2024-01-04 20:00:00+00:00,12789.763843038341
2024-01-05 00:00:00+00:00,12789.763843038341
2024-01-05 04:00:00+00:00,12789.763843038341
2024-01-05 08:00:00+00:00,12789.763843038341
2024-01-05 12:00:00+00:00,12789.763843038341
2024-01-05 16:00:00+00:00,12789.763843038341
2024-01-05 20:00:00+00:00,12789.763843038341
2024-01-06 00:00:00+00:00,12789.763843038341
2024-01-06 04:00:00+00:00,12789.763843038341
2024-01-06 08:00:00+00:00,12789.763843038341
2024-01-06 12:00:00+00:00,12789.763843038341
2024-01-06 16:00:00+00:00,12789.763843038341
2024-01-06 20:00:00+00:00,12789.763843038341
2024-01-07 00:00:00+00:00,12789.763843038341
2024-01-07 04:00:00+00:00,12789.763843038341
2024-01-07 08:00:00+00:00,12789.763843038341
2024-01-07 12:00:00+00:00,12789.763843038341
2024-01-07 16:00:00+00:00,12789.763843038341
2024-01-07 20:00:00+00:00,12789.763843038341
2024-01-08 00:00:00+00:00,12789.763843038341
2024-01-08 04:00:00+00:00,12789.763843038341
2024-01-08 08:00:00+00:00,12789.763843038341
2024-01-08 12:00:00+00:00,12789.763843038341
2024-01-08 16:00:00+00:00,12789.763843038341
2024-01-08 20:00:00+00:00,12789.763843038341
2024-01-09 00:00:00+00:00,12789.763843038341
2024-01-09 04:00:00+00:00,12789.763843038341
2024-01-09 08:00:00+00:00,12789.763843038341
2024-01-09 12:00:00+00:00,12789.763843038341
2024-01-09 16:00:00+00:00,12789.763843038341
2024-01-09 20:00:00+00:00,12789.763843038341
2024-01-10 00:00:00+00:00,12789.763843038341
2024-01-10 04:00:00+00:00,12789.763843038341
2024-01-10 08:00:00+00:00,12789.763843038341
2024-01-10 12:00:00+00:00,12789.763843038341
2024-01-10 16:00:00+00:00,12789.763843038341
2024-01-10 20:00:00+00:00,12789.763843038341
2024-01-11 00:00:00+00:00,12789.763843038341
2024-01-11 04:00:00+00:00,12789.763843038341
2024-01-11 08:00:00+00:00,12764.235372293753
2024-01-11 12:00:00+00:00,12183.789845951407
2024-01-11 16:00:00+00:00,12289.875350554456
2024-01-11 20:00:00+00:00,12081.030348629369
2024-01-12 00:00:00+00:00,11777.21727730227
2024-01-12 04:00:00+00:00,11733.356668324037
2024-01-12 08:00:00+00:00,11551.34967940543
2024-01-12 12:00:00+00:00,11551.34967940543
2024-01-12 16:00:00+00:00,11551.34967940543
2024-01-12 20:00:00+00:00,11551.34967940543
2024-01-13 00:00:00+00:00,11551.34967940543
2024-01-13 04:00:00+00:00,11551.34967940543
2024-01-13 08:00:00+00:00,11551.34967940543
2024-01-13 12:00:00+00:00,11551.34967940543
2024-01-13 16:00:00+00:00,11551.34967940543
2024-01-13 20:00:00+00:00,11551.34967940543
2024-01-14 00:00:00+00:00,11551.34967940543
2024-01-14 04:00:00+00:00,11551.34967940543
2024-01-14 08:00:00+00:00,11551.34967940543
2024-01-14 12:00:00+00:00,11551.34967940543
2024-01-14 16:00:00+00:00,11551.34967940543
2024-01-14 20:00:00+00:00,11551.34967940543
2024-01-15 00:00:00+00:00,11551.34967940543
2024-01-15 04:00:00+00:00,11551.34967940543
2024-01-15 08:00:00+00:00,11551.34967940543
2024-01-15 12:00:00+00:00,11551.34967940543
2024-01-15 16:00:00+00:00,11551.34967940543
2024-01-15 20:00:00+00:00,11551.34967940543
2024-01-16 00:00:00+00:00,11551.34967940543
2024-01-16 04:00:00+00:00,11551.34967940543
2024-01-16 08:00:00+00:00,11551.34967940543
2024-01-16 12:00:00+00:00,11551.34967940543
2024-01-16 16:00:00+00:00,11551.34967940543
2024-01-16 20:00:00+00:00,11551.34967940543
2024-01-17 00:00:00+00:00,11551.34967940543
2024-01-17 04:00:00+00:00,11551.34967940543
2024-01-17 08:00:00+00:00,11551.34967940543
2024-01-17 12:00:00+00:00,11551.34967940543
2024-01-17 16:00:00+00:00,11551.34967940543
2024-01-17 20:00:00+00:00,11551.34967940543
2024-01-18 00:00:00+00:00,11551.34967940543
2024-01-18 04:00:00+00:00,11551.34967940543
2024-01-18 08:00:00+00:00,11551.34967940543
2024-01-18 12:00:00+00:00,11551.34967940543
2024-01-18 16:00:00+00:00,11551.34967940543
2024-01-18 20:00:00+00:00,11551.34967940543
2024-01-19 00:00:00+00:00,11551.34967940543
2024-01-19 04:00:00+00:00,11551.34967940543
2024-01-19 08:00:00+00:00,11551.34967940543
2024-01-19 12:00:00+00:00,11551.34967940543
2024-01-19 16:00:00+00:00,11551.34967940543
2024-01-19 20:00:00+00:00,11551.34967940543
2024-01-20 00:00:00+00:00,11551.34967940543
2024-01-20 04:00:00+00:00,11551.34967940543
2024-01-20 08:00:00+00:00,11551.34967940543
2024-01-20 12:00:00+00:00,11551.34967940543
2024-01-20 16:00:00+00:00,11551.34967940543
2024-01-20 20:00:00+00:00,11551.34967940543
2024-01-21 00:00:00+00:00,11551.34967940543
2024-01-21 04:00:00+00:00,11551.34967940543
2024-01-21 08:00:00+00:00,11551.34967940543
2024-01-21 12:00:00+00:00,11551.34967940543
2024-01-21 16:00:00+00:00,11551.34967940543
2024-01-21 20:00:00+00:00,11551.34967940543
2024-01-22 00:00:00+00:00,11551.34967940543
2024-01-22 04:00:00+00:00,11551.34967940543
2024-01-22 08:00:00+00:00,11551.34967940543
2024-01-22 12:00:00+00:00,11551.34967940543
2024-01-22 16:00:00+00:00,11551.34967940543
2024-01-22 20:00:00+00:00,11551.34967940543
2024-01-23 00:00:00+00:00,11551.34967940543
2024-01-23 04:00:00+00:00,11551.34967940543
2024-01-23 08:00:00+00:00,11551.34967940543
2024-01-23 12:00:00+00:00,11551.34967940543
2024-01-23 16:00:00+00:00,11551.34967940543
2024-01-23 20:00:00+00:00,11551.34967940543
2024-01-24 00:00:00+00:00,11551.34967940543
2024-01-24 04:00:00+00:00,11551.34967940543
2024-01-24 08:00:00+00:00,11551.34967940543
2024-01-24 12:00:00+00:00,11551.34967940543
2024-01-24 16:00:00+00:00,11551.34967940543
2024-01-24 20:00:00+00:00,11551.34967940543
2024-01-25 00:00:00+00:00,11551.34967940543
2024-01-25 04:00:00+00:00,11551.34967940543
2024-01-25 08:00:00+00:00,11551.34967940543
2024-01-25 12:00:00+00:00,11551.34967940543
2024-01-25 16:00:00+00:00,11551.34967940543
2024-01-25 20:00:00+00:00,11551.34967940543
2024-01-26 00:00:00+00:00,11551.34967940543
2024-01-26 04:00:00+00:00,11551.34967940543
2024-01-26 08:00:00+00:00,11551.34967940543
2024-01-26 12:00:00+00:00,11551.34967940543
2024-01-26 16:00:00+00:00,11551.34967940543
2024-01-26 20:00:00+00:00,11551.34967940543
2024-01-27 00:00:00+00:00,11551.34967940543
2024-01-27 04:00:00+00:00,11551.34967940543
2024-01-27 08:00:00+00:00,11551.34967940543
2024-01-27 12:00:00+00:00,11551.34967940543
2024-01-27 16:00:00+00:00,11551.34967940543
2024-01-27 20:00:00+00:00,11551.34967940543
2024-01-28 00:00:00+00:00,11551.34967940543
2024-01-28 04:00:00+00:00,11551.34967940543
2024-01-28 08:00:00+00:00,11551.34967940543
2024-01-28 12:00:00+00:00,11551.34967940543
2024-01-28 16:00:00+00:00,11551.34967940543
2024-01-28 20:00:00+00:00,11551.34967940543
2024-01-29 00:00:00+00:00,11551.34967940543
2024-01-29 04:00:00+00:00,11551.34967940543
2024-01-29 08:00:00+00:00,11551.34967940543
2024-01-29 12:00:00+00:00,11551.34967940543
2024-01-29 16:00:00+00:00,11551.34967940543
2024-01-29 20:00:00+00:00,11551.34967940543
2024-01-30 00:00:00+00:00,11551.34967940543
2024-01-30 04:00:00+00:00,11551.34967940543
2024-01-30 08:00:00+00:00,11528.29309321899
2024-01-30 12:00:00+00:00,11239.076684699852
2024-01-30 16:00:00+00:00,11224.129294577246
2024-01-30 20:00:00+00:00,10983.46474794038
2024-01-31 00:00:00+00:00,10983.46474794038
2024-01-31 04:00:00+00:00,10983.46474794038
2024-01-31 08:00:00+00:00,10983.46474794038
2024-01-31 12:00:00+00:00,10983.46474794038
2024-01-31 16:00:00+00:00,10983.46474794038
2024-01-31 20:00:00+00:00,10983.46474794038
2024-02-01 00:00:00+00:00,10983.46474794038
2024-02-01 04:00:00+00:00,10983.46474794038
2024-02-01 08:00:00+00:00,10983.46474794038
2024-02-01 12:00:00+00:00,10983.46474794038
2024-02-01 16:00:00+00:00,10983.46474794038
2024-02-01 20:00:00+00:00,10983.46474794038
2024-02-02 00:00:00+00:00,10983.46474794038
2024-02-02 04:00:00+00:00,10983.46474794038
2024-02-02 08:00:00+00:00,10983.46474794038
2024-02-02 12:00:00+00:00,10983.46474794038
2024-02-02 16:00:00+00:00,10983.46474794038
2024-02-02 20:00:00+00:00,10983.46474794038
2024-02-03 00:00:00+00:00,10983.46474794038
2024-02-03 04:00:00+00:00,10983.46474794038
2024-02-03 08:00:00+00:00,10983.46474794038
2024-02-03 12:00:00+00:00,10983.46474794038
2024-02-03 16:00:00+00:00,10983.46474794038
2024-02-03 20:00:00+00:00,10983.46474794038
2024-02-04 00:00:00+00:00,10983.46474794038
2024-02-04 04:00:00+00:00,10983.46474794038
2024-02-04 08:00:00+00:00,10983.46474794038
2024-02-04 12:00:00+00:00,10983.46474794038
2024-02-04 16:00:00+00:00,10983.46474794038
2024-02-04 20:00:00+00:00,10983.46474794038
2024-02-05 00:00:00+00:00,10983.46474794038
2024-02-05 04:00:00+00:00,10983.46474794038
2024-02-05 08:00:00+00:00,10983.46474794038
2024-02-05 12:00:00+00:00,10983.46474794038
2024-02-05 16:00:00+00:00,10983.46474794038
2024-02-05 20:00:00+00:00,10983.46474794038
2024-02-06 00:00:00+00:00,10983.46474794038
2024-02-06 04:00:00+00:00,10983.46474794038
2024-02-06 08:00:00+00:00,10983.46474794038
2024-02-06 12:00:00+00:00,10983.46474794038
2024-02-06 16:00:00+00:00,10983.46474794038
2024-02-06 20:00:00+00:00,10983.46474794038
2024-02-07 00:00:00+00:00,10983.46474794038
2024-02-07 04:00:00+00:00,10983.46474794038
2024-02-07 08:00:00+00:00,10983.46474794038
2024-02-07 12:00:00+00:00,10983.46474794038
2024-02-07 16:00:00+00:00,10983.46474794038
2024-02-07 20:00:00+00:00,10983.46474794038
2024-02-08 00:00:00+00:00,10983.46474794038
2024-02-08 04:00:00+00:00,10983.46474794038
2024-02-08 08:00:00+00:00,10983.46474794038
2024-02-08 12:00:00+00:00,10983.46474794038
2024-02-08 16:00:00+00:00,10983.46474794038
2024-02-08 20:00:00+00:00,10983.46474794038
2024-02-09 00:00:00+00:00,10983.46474794038
2024-02-09 04:00:00+00:00,10983.46474794038
2024-02-09 08:00:00+00:00,10961.541664611157
2024-02-09 12:00:00+00:00,10918.628298146827
2024-02-09 16:00:00+00:00,11100.691137070202
2024-02-09 20:00:00+00:00,11216.359795047287
2024-02-10 00:00:00+00:00,11236.132479170328
2024-02-10 04:00:00+00:00,11257.74828904228
2024-02-10 08:00:00+00:00,11329.15247673252
2024-02-10 12:00:00+00:00,11511.196466175561
2024-02-10 16:00:00+00:00,11689.544022035427
2024-02-10 20:00:00+00:00,11569.147089725808
2024-02-11 00:00:00+00:00,11673.729897081457
2024-02-11 04:00:00+00:00,11946.116584683541
2024-02-11 08:00:00+00:00,11748.257712941337
2024-02-11 12:00:00+00:00,11760.629703997707
2024-02-11 16:00:00+00:00,11625.476994565193
2024-02-11 20:00:00+00:00,11634.166436700238
2024-02-12 00:00:00+00:00,11532.212374505987
2024-02-12 04:00:00+00:00,11784.320807994643
2024-02-12 08:00:00+00:00,11562.49650499707
2024-02-12 12:00:00+00:00,11864.392895556692
2024-02-12 16:00:00+00:00,12201.312462071543
2024-02-12 20:00:00+00:00,12298.489948139906
2024-02-13 00:00:00+00:00,12019.476490107903
2024-02-13 04:00:00+00:00,12249.433923122268
2024-02-13 08:00:00+00:00,12508.885659741933
2024-02-13 12:00:00+00:00,12316.532939993902
2024-02-13 16:00:00+00:00,12410.016937710388
2024-02-13 20:00:00+00:00,12291.430733605357
2024-02-14 00:00:00+00:00,12124.904578847281
2024-02-14 04:00:00+00:00,12168.607856346858
2024-02-14 08:00:00+00:00,12547.926467791214
2024-02-14 12:00:00+00:00,12418.269559968587
2024-02-14 16:00:00+00:00,12319.96741629012
2024-02-14 20:00:00+00:00,12549.910880493164
2024-02-15 00:00:00+00:00,12612.035149247005
2024-02-15 04:00:00+00:00,12377.264282640743
2024-02-15 08:00:00+00:00,12281.97227306443
2024-02-15 12:00:00+00:00,12281.97227306443
2024-02-15 16:00:00+00:00,12281.97227306443
2024-02-15 20:00:00+00:00,12281.97227306443
2024-02-16 00:00:00+00:00,12281.97227306443
2024-02-16 04:00:00+00:00,12281.97227306443
2024-02-16 08:00:00+00:00,12281.97227306443
2024-02-16 12:00:00+00:00,12281.97227306443
2024-02-16 16:00:00+00:00,12281.97227306443
2024-02-16 20:00:00+00:00,12281.97227306443
2024-02-17 00:00:00+00:00,12281.97227306443
2024-02-17 04:00:00+00:00,12281.97227306443
2024-02-17 08:00:00+00:00,12281.97227306443
2024-02-17 12:00:00+00:00,12281.97227306443
2024-02-17 16:00:00+00:00,12281.97227306443
2024-02-17 20:00:00+00:00,12281.97227306443
2024-02-18 00:00:00+00:00,12281.97227306443
2024-02-18 04:00:00+00:00,12281.97227306443
2024-02-18 08:00:00+00:00,12281.97227306443
2024-02-18 12:00:00+00:00,12281.97227306443
2024-02-18 16:00:00+00:00,12281.97227306443
2024-02-18 20:00:00+00:00,12281.97227306443
2024-02-19 00:00:00+00:00,12281.97227306443
2024-02-19 04:00:00+00:00,12281.97227306443
2024-02-19 08:00:00+00:00,12281.97227306443
2024-02-19 12:00:00+00:00,12281.97227306443
2024-02-19 16:00:00+00:00,12281.97227306443
2024-02-19 20:00:00+00:00,12281.97227306443
2024-02-20 00:00:00+00:00,12281.97227306443
2024-02-20 04:00:00+00:00,12281.97227306443
2024-02-20 08:00:00+00:00,12281.97227306443
2024-02-20 12:00:00+00:00,12281.97227306443
2024-02-20 16:00:00+00:00,12281.97227306443
2024-02-20 20:00:00+00:00,12281.97227306443
2024-02-21 00:00:00+00:00,12281.97227306443
2024-02-21 04:00:00+00:00,12281.97227306443
2024-02-21 08:00:00+00:00,12281.97227306443
2024-02-21 12:00:00+00:00,12281.97227306443
2024-02-21 16:00:00+00:00,12281.97227306443
2024-02-21 20:00:00+00:00,12281.97227306443
2024-02-22 00:00:00+00:00,12281.97227306443
2024-02-22 04:00:00+00:00,12281.97227306443
2024-02-22 08:00:00+00:00,12281.97227306443
2024-02-22 12:00:00+00:00,12281.97227306443
2024-02-22 16:00:00+00:00,12281.97227306443
2024-02-22 20:00:00+00:00,12281.97227306443
2024-02-23 00:00:00+00:00,12281.97227306443
2024-02-23 04:00:00+00:00,12281.97227306443
2024-02-23 08:00:00+00:00,12281.97227306443
2024-02-23 12:00:00+00:00,12281.97227306443
2024-02-23 16:00:00+00:00,12281.97227306443
2024-02-23 20:00:00+00:00,12281.97227306443
2024-02-24 00:00:00+00:00,12281.97227306443
2024-02-24 04:00:00+00:00,12281.97227306443
2024-02-24 08:00:00+00:00,12281.97227306443
2024-02-24 12:00:00+00:00,12281.97227306443
2024-02-24 16:00:00+00:00,12281.97227306443
2024-02-24 20:00:00+00:00,12281.97227306443
2024-02-25 00:00:00+00:00,12281.97227306443
2024-02-25 04:00:00+00:00,12281.97227306443
2024-02-25 08:00:00+00:00,12281.97227306443
2024-02-25 12:00:00+00:00,12281.97227306443
2024-02-25 16:00:00+00:00,12281.97227306443
2024-02-25 20:00:00+00:00,12281.97227306443
2024-02-26 00:00:00+00:00,12281.97227306443
2024-02-26 04:00:00+00:00,12281.97227306443
2024-02-26 08:00:00+00:00,12281.97227306443
2024-02-26 12:00:00+00:00,12281.97227306443
2024-02-26 16:00:00+00:00,12281.97227306443
2024-02-26 20:00:00+00:00,12281.97227306443
2024-02-27 00:00:00+00:00,12281.97227306443
2024-02-27 04:00:00+00:00,12281.97227306443
2024-02-27 08:00:00+00:00,12281.97227306443
2024-02-27 12:00:00+00:00,12281.97227306443
2024-02-27 16:00:00+00:00,12281.97227306443
2024-02-27 20:00:00+00:00,12281.97227306443
2024-02-28 00:00:00+00:00,12281.97227306443
2024-02-28 04:00:00+00:00,12281.97227306443
2024-02-28 08:00:00+00:00,12281.97227306443
2024-02-28 12:00:00+00:00,12281.97227306443
2024-02-28 16:00:00+00:00,12281.97227306443
2024-02-28 20:00:00+00:00,12281.97227306443
2024-02-29 00:00:00+00:00,12281.97227306443
2024-02-29 04:00:00+00:00,12281.97227306443
2024-02-29 08:00:00+00:00,12281.97227306443
2024-02-29 12:00:00+00:00,12281.97227306443
2024-02-29 16:00:00+00:00,12281.97227306443
2024-02-29 20:00:00+00:00,12281.97227306443
2024-03-01 00:00:00+00:00,12281.97227306443
2024-03-01 04:00:00+00:00,12281.97227306443
2024-03-01 08:00:00+00:00,12281.97227306443
2024-03-01 12:00:00+00:00,12281.97227306443
2024-03-01 16:00:00+00:00,12281.97227306443
2024-03-01 20:00:00+00:00,12281.97227306443
2024-03-02 00:00:00+00:00,12281.97227306443
2024-03-02 04:00:00+00:00,12281.97227306443
2024-03-02 08:00:00+00:00,12281.97227306443
2024-03-02 12:00:00+00:00,12281.97227306443
2024-03-02 16:00:00+00:00,12281.97227306443
2024-03-02 20:00:00+00:00,12281.97227306443
2024-03-03 00:00:00+00:00,12281.97227306443
2024-03-03 04:00:00+00:00,12281.97227306443
2024-03-03 08:00:00+00:00,12281.97227306443
2024-03-03 12:00:00+00:00,12281.97227306443
2024-03-03 16:00:00+00:00,12281.97227306443
2024-03-03 20:00:00+00:00,12281.97227306443
2024-03-04 00:00:00+00:00,12281.97227306443
2024-03-04 04:00:00+00:00,12281.97227306443
2024-03-04 08:00:00+00:00,12281.97227306443
2024-03-04 12:00:00+00:00,12281.97227306443
2024-03-04 16:00:00+00:00,12281.97227306443
2024-03-04 20:00:00+00:00,12281.97227306443
2024-03-05 00:00:00+00:00,12281.97227306443
2024-03-05 04:00:00+00:00,12281.97227306443
2024-03-05 08:00:00+00:00,12281.97227306443
2024-03-05 12:00:00+00:00,12281.97227306443
2024-03-05 16:00:00+00:00,12281.97227306443
2024-03-05 20:00:00+00:00,12281.97227306443
2024-03-06 00:00:00+00:00,12281.97227306443
2024-03-06 04:00:00+00:00,12281.97227306443
2024-03-06 08:00:00+00:00,12281.97227306443
2024-03-06 12:00:00+00:00,12281.97227306443
2024-03-06 16:00:00+00:00,12281.97227306443
2024-03-06 20:00:00+00:00,12281.97227306443
2024-03-07 00:00:00+00:00,12281.97227306443
2024-03-07 04:00:00+00:00,12281.97227306443
2024-03-07 08:00:00+00:00,12281.97227306443
2024-03-07 12:00:00+00:00,12281.97227306443
2024-03-07 16:00:00+00:00,12281.97227306443
2024-03-07 20:00:00+00:00,12281.97227306443
2024-03-08 00:00:00+00:00,12281.97227306443
2024-03-08 04:00:00+00:00,12281.97227306443
2024-03-08 08:00:00+00:00,12281.97227306443
2024-03-08 12:00:00+00:00,12281.97227306443
2024-03-08 16:00:00+00:00,12281.97227306443
2024-03-08 20:00:00+00:00,12281.97227306443
2024-03-09 00:00:00+00:00,12281.97227306443
2024-03-09 04:00:00+00:00,12281.97227306443
2024-03-09 08:00:00+00:00,12281.97227306443
2024-03-09 12:00:00+00:00,12281.97227306443
2024-03-09 16:00:00+00:00,12281.97227306443
2024-03-09 20:00:00+00:00,12281.97227306443
2024-03-10 00:00:00+00:00,12281.97227306443
2024-03-10 04:00:00+00:00,12281.97227306443
2024-03-10 08:00:00+00:00,12281.97227306443
2024-03-10 12:00:00+00:00,12281.97227306443
2024-03-10 16:00:00+00:00,12281.97227306443
2024-03-10 20:00:00+00:00,12281.97227306443
2024-03-11 00:00:00+00:00,12281.97227306443
2024-03-11 04:00:00+00:00,12281.97227306443
2024-03-11 08:00:00+00:00,12281.97227306443
2024-03-11 12:00:00+00:00,12281.97227306443
2024-03-11 16:00:00+00:00,12281.97227306443
2024-03-11 20:00:00+00:00,12281.97227306443
2024-03-12 00:00:00+00:00,12281.97227306443
2024-03-12 04:00:00+00:00,12281.97227306443
2024-03-12 08:00:00+00:00,12281.97227306443
2024-03-12 12:00:00+00:00,12281.97227306443
2024-03-12 16:00:00+00:00,12281.97227306443
2024-03-12 20:00:00+00:00,12281.97227306443
2024-03-13 00:00:00+00:00,12281.97227306443
2024-03-13 04:00:00+00:00,12281.97227306443
2024-03-13 08:00:00+00:00,12281.97227306443
2024-03-13 12:00:00+00:00,12281.97227306443
2024-03-13 16:00:00+00:00,12281.97227306443
2024-03-13 20:00:00+00:00,12281.97227306443
2024-03-14 00:00:00+00:00,12281.97227306443
2024-03-14 04:00:00+00:00,12281.97227306443
2024-03-14 08:00:00+00:00,12281.97227306443
2024-03-14 12:00:00+00:00,12281.97227306443
2024-03-14 16:00:00+00:00,12281.97227306443
2024-03-14 20:00:00+00:00,12281.97227306443
2024-03-15 00:00:00+00:00,12281.97227306443
2024-03-15 04:00:00+00:00,12281.97227306443
2024-03-15 08:00:00+00:00,12281.97227306443
2024-03-15 12:00:00+00:00,12281.97227306443
2024-03-15 16:00:00+00:00,12281.97227306443
2024-03-15 20:00:00+00:00,12281.97227306443
2024-03-16 00:00:00+00:00,12281.97227306443
2024-03-16 04:00:00+00:00,12281.97227306443
2024-03-16 08:00:00+00:00,12281.97227306443
2024-03-16 12:00:00+00:00,12281.97227306443
2024-03-16 16:00:00+00:00,12281.97227306443
2024-03-16 20:00:00+00:00,12281.97227306443
2024-03-17 00:00:00+00:00,12281.97227306443
2024-03-17 04:00:00+00:00,12281.97227306443
2024-03-17 08:00:00+00:00,12281.97227306443
2024-03-17 12:00:00+00:00,12281.97227306443
2024-03-17 16:00:00+00:00,12281.97227306443
2024-03-17 20:00:00+00:00,12281.97227306443
2024-03-18 00:00:00+00:00,12281.97227306443
2024-03-18 04:00:00+00:00,12281.97227306443
2024-03-18 08:00:00+00:00,12281.97227306443
2024-03-18 12:00:00+00:00,12281.97227306443
2024-03-18 16:00:00+00:00,12281.97227306443
2024-03-18 20:00:00+00:00,12281.97227306443
2024-03-19 00:00:00+00:00,12281.97227306443
2024-03-19 04:00:00+00:00,12281.97227306443
2024-03-19 08:00:00+00:00,12281.97227306443
2024-03-19 12:00:00+00:00,12281.97227306443
2024-03-19 16:00:00+00:00,12281.97227306443
2024-03-19 20:00:00+00:00,12281.97227306443
2024-03-20 00:00:00+00:00,12281.97227306443
2024-03-20 04:00:00+00:00,12281.97227306443
2024-03-20 08:00:00+00:00,12281.97227306443
2024-03-20 12:00:00+00:00,12281.97227306443
2024-03-20 16:00:00+00:00,12281.97227306443
2024-03-20 20:00:00+00:00,12281.97227306443
2024-03-21 00:00:00+00:00,12281.97227306443
2024-03-21 04:00:00+00:00,12281.97227306443
2024-03-21 08:00:00+00:00,12281.97227306443
2024-03-21 12:00:00+00:00,12281.97227306443
2024-03-21 16:00:00+00:00,12281.97227306443
2024-03-21 20:00:00+00:00,12281.97227306443
2024-03-22 00:00:00+00:00,12281.97227306443
2024-03-22 04:00:00+00:00,12281.97227306443
2024-03-22 08:00:00+00:00,12281.97227306443
2024-03-22 12:00:00+00:00,12281.97227306443
2024-03-22 16:00:00+00:00,12281.97227306443
2024-03-22 20:00:00+00:00,12281.97227306443
2024-03-23 00:00:00+00:00,12281.97227306443
2024-03-23 04:00:00+00:00,12281.97227306443
2024-03-23 08:00:00+00:00,12281.97227306443
2024-03-23 12:00:00+00:00,12281.97227306443
2024-03-23 16:00:00+00:00,12281.97227306443
2024-03-23 20:00:00+00:00,12281.97227306443
2024-03-24 00:00:00+00:00,12281.97227306443
2024-03-24 04:00:00+00:00,12281.97227306443
2024-03-24 08:00:00+00:00,12281.97227306443
2024-03-24 12:00:00+00:00,12281.97227306443
2024-03-24 16:00:00+00:00,12281.97227306443
2024-03-24 20:00:00+00:00,12281.97227306443
2024-03-25 00:00:00+00:00,12281.97227306443
2024-03-25 04:00:00+00:00,12281.97227306443
2024-03-25 08:00:00+00:00,12281.97227306443
2024-03-25 12:00:00+00:00,12281.97227306443
2024-03-25 16:00:00+00:00,12281.97227306443
2024-03-25 20:00:00+00:00,12281.97227306443
2024-03-26 00:00:00+00:00,12281.97227306443
2024-03-26 04:00:00+00:00,12281.97227306443
2024-03-26 08:00:00+00:00,12281.97227306443
2024-03-26 12:00:00+00:00,12281.97227306443
2024-03-26 16:00:00+00:00,12281.97227306443
2024-03-26 20:00:00+00:00,12281.97227306443
2024-03-27 00:00:00+00:00,12281.97227306443
2024-03-27 04:00:00+00:00,12281.97227306443
2024-03-27 08:00:00+00:00,12281.97227306443
2024-03-27 12:00:00+00:00,12281.97227306443
2024-03-27 16:00:00+00:00,12281.97227306443
2024-03-27 20:00:00+00:00,12281.97227306443
2024-03-28 00:00:00+00:00,12281.97227306443
2024-03-28 04:00:00+00:00,12281.97227306443
2024-03-28 08:00:00+00:00,12281.97227306443
2024-03-28 12:00:00+00:00,12281.97227306443
2024-03-28 16:00:00+00:00,12281.97227306443
2024-03-28 20:00:00+00:00,12281.97227306443
2024-03-29 00:00:00+00:00,12281.97227306443
2024-03-29 04:00:00+00:00,12281.97227306443
2024-03-29 08:00:00+00:00,12281.97227306443
2024-03-29 12:00:00+00:00,12281.97227306443
2024-03-29 16:00:00+00:00,12281.97227306443
2024-03-29 20:00:00+00:00,12281.97227306443
2024-03-30 00:00:00+00:00,12281.97227306443
2024-03-30 04:00:00+00:00,12281.97227306443
2024-03-30 08:00:00+00:00,12281.97227306443
2024-03-30 12:00:00+00:00,12281.97227306443
2024-03-30 16:00:00+00:00,12281.97227306443
2024-03-30 20:00:00+00:00,12281.97227306443
2024-03-31 00:00:00+00:00,12281.97227306443
2024-03-31 04:00:00+00:00,12281.97227306443
2024-03-31 08:00:00+00:00,12281.97227306443
2024-03-31 12:00:00+00:00,12281.97227306443
2024-03-31 16:00:00+00:00,12281.97227306443
2024-03-31 20:00:00+00:00,12281.97227306443
2024-04-01 00:00:00+00:00,12281.97227306443
2024-04-01 04:00:00+00:00,12281.97227306443
2024-04-01 08:00:00+00:00,12281.97227306443
2024-04-01 12:00:00+00:00,12281.97227306443
2024-04-01 16:00:00+00:00,12281.97227306443
2024-04-01 20:00:00+00:00,12281.97227306443
2024-04-02 00:00:00+00:00,12281.97227306443
2024-04-02 04:00:00+00:00,12281.97227306443
2024-04-02 08:00:00+00:00,12281.97227306443
2024-04-02 12:00:00+00:00,12281.97227306443
2024-04-02 16:00:00+00:00,12281.97227306443
2024-04-02 20:00:00+00:00,12281.97227306443
2024-04-03 00:00:00+00:00,12281.97227306443
2024-04-03 04:00:00+00:00,12281.97227306443
2024-04-03 08:00:00+00:00,12281.97227306443
2024-04-03 12:00:00+00:00,12281.97227306443
2024-04-03 16:00:00+00:00,12281.97227306443
2024-04-03 20:00:00+00:00,12281.97227306443
2024-04-04 00:00:00+00:00,12281.97227306443
2024-04-04 04:00:00+00:00,12281.97227306443
2024-04-04 08:00:00+00:00,12281.97227306443
2024-04-04 12:00:00+00:00,12281.97227306443
2024-04-04 16:00:00+00:00,12281.97227306443
2024-04-04 20:00:00+00:00,12281.97227306443
2024-04-05 00:00:00+00:00,12281.97227306443
2024-04-05 04:00:00+00:00,12281.97227306443
2024-04-05 08:00:00+00:00,12281.97227306443
2024-04-05 12:00:00+00:00,12281.97227306443
2024-04-05 16:00:00+00:00,12281.97227306443
2024-04-05 20:00:00+00:00,12281.97227306443
2024-04-06 00:00:00+00:00,12281.97227306443
2024-04-06 04:00:00+00:00,12281.97227306443
2024-04-06 08:00:00+00:00,12281.97227306443
2024-04-06 12:00:00+00:00,12281.97227306443
2024-04-06 16:00:00+00:00,12281.97227306443
2024-04-06 20:00:00+00:00,12281.97227306443
2024-04-07 00:00:00+00:00,12281.97227306443
2024-04-07 04:00:00+00:00,12281.97227306443
2024-04-07 08:00:00+00:00,12281.97227306443
2024-04-07 12:00:00+00:00,12281.97227306443
2024-04-07 16:00:00+00:00,12281.97227306443
2024-04-07 20:00:00+00:00,12281.97227306443
2024-04-08 00:00:00+00:00,12281.97227306443
2024-04-08 04:00:00+00:00,12281.97227306443
2024-04-08 08:00:00+00:00,12281.97227306443
2024-04-08 12:00:00+00:00,12281.97227306443
2024-04-08 16:00:00+00:00,12281.97227306443
2024-04-08 20:00:00+00:00,12281.97227306443
2024-04-09 00:00:00+00:00,12281.97227306443
2024-04-09 04:00:00+00:00,12281.97227306443
2024-04-09 08:00:00+00:00,12281.97227306443
2024-04-09 12:00:00+00:00,12281.97227306443
2024-04-09 16:00:00+00:00,12281.97227306443
2024-04-09 20:00:00+00:00,12281.97227306443
2024-04-10 00:00:00+00:00,12281.97227306443
2024-04-10 04:00:00+00:00,12281.97227306443
2024-04-10 08:00:00+00:00,12281.97227306443
2024-04-10 12:00:00+00:00,12281.97227306443
2024-04-10 16:00:00+00:00,12281.97227306443
2024-04-10 20:00:00+00:00,12281.97227306443
2024-04-11 00:00:00+00:00,12281.97227306443
2024-04-11 04:00:00+00:00,12281.97227306443
2024-04-11 08:00:00+00:00,12281.97227306443
2024-04-11 12:00:00+00:00,12281.97227306443
2024-04-11 16:00:00+00:00,12281.97227306443
2024-04-11 20:00:00+00:00,12281.97227306443
2024-04-12 00:00:00+00:00,12281.97227306443
2024-04-12 04:00:00+00:00,12281.97227306443
2024-04-12 08:00:00+00:00,12281.97227306443
2024-04-12 12:00:00+00:00,12281.97227306443
2024-04-12 16:00:00+00:00,12281.97227306443
2024-04-12 20:00:00+00:00,12281.97227306443
2024-04-13 00:00:00+00:00,12281.97227306443
2024-04-13 04:00:00+00:00,12281.97227306443
2024-04-13 08:00:00+00:00,12281.97227306443
2024-04-13 12:00:00+00:00,12281.97227306443
2024-04-13 16:00:00+00:00,12281.97227306443
2024-04-13 20:00:00+00:00,12281.97227306443
2024-04-14 00:00:00+00:00,12281.97227306443
2024-04-14 04:00:00+00:00,12281.97227306443
2024-04-14 08:00:00+00:00,12281.97227306443
2024-04-14 12:00:00+00:00,12281.97227306443
2024-04-14 16:00:00+00:00,12281.97227306443
2024-04-14 20:00:00+00:00,12281.97227306443
2024-04-15 00:00:00+00:00,12281.97227306443
2024-04-15 04:00:00+00:00,12281.97227306443
2024-04-15 08:00:00+00:00,12281.97227306443
2024-04-15 12:00:00+00:00,12281.97227306443
2024-04-15 16:00:00+00:00,12281.97227306443
2024-04-15 20:00:00+00:00,12281.97227306443
2024-04-16 00:00:00+00:00,12281.97227306443
2024-04-16 04:00:00+00:00,12281.97227306443
2024-04-16 08:00:00+00:00,12281.97227306443
2024-04-16 12:00:00+00:00,12281.97227306443
2024-04-16 16:00:00+00:00,12281.97227306443
2024-04-16 20:00:00+00:00,12281.97227306443
2024-04-17 00:00:00+00:00,12281.97227306443
2024-04-17 04:00:00+00:00,12281.97227306443
2024-04-17 08:00:00+00:00,12281.97227306443
2024-04-17 12:00:00+00:00,12281.97227306443
2024-04-17 16:00:00+00:00,12281.97227306443
2024-04-17 20:00:00+00:00,12281.97227306443
2024-04-18 00:00:00+00:00,12281.97227306443
2024-04-18 04:00:00+00:00,12281.97227306443
2024-04-18 08:00:00+00:00,12281.97227306443
2024-04-18 12:00:00+00:00,12281.97227306443
2024-04-18 16:00:00+00:00,12281.97227306443
2024-04-18 20:00:00+00:00,12281.97227306443
2024-04-19 00:00:00+00:00,12281.97227306443
2024-04-19 04:00:00+00:00,12281.97227306443
2024-04-19 08:00:00+00:00,12281.97227306443
2024-04-19 12:00:00+00:00,12281.97227306443
2024-04-19 16:00:00+00:00,12281.97227306443
2024-04-19 20:00:00+00:00,12281.97227306443
2024-04-20 00:00:00+00:00,12281.97227306443
2024-04-20 04:00:00+00:00,12281.97227306443
2024-04-20 08:00:00+00:00,12281.97227306443
2024-04-20 12:00:00+00:00,12281.97227306443
2024-04-20 16:00:00+00:00,12281.97227306443
2024-04-20 20:00:00+00:00,12281.97227306443
2024-04-21 00:00:00+00:00,12281.97227306443
2024-04-21 04:00:00+00:00,12281.97227306443
2024-04-21 08:00:00+00:00,12281.97227306443
2024-04-21 12:00:00+00:00,12281.97227306443
2024-04-21 16:00:00+00:00,12281.97227306443
2024-04-21 20:00:00+00:00,12281.97227306443
2024-04-22 00:00:00+00:00,12281.97227306443
2024-04-22 04:00:00+00:00,12281.97227306443
2024-04-22 08:00:00+00:00,12281.97227306443
2024-04-22 12:00:00+00:00,12281.97227306443
2024-04-22 16:00:00+00:00,12281.97227306443
2024-04-22 20:00:00+00:00,12281.97227306443
2024-04-23 00:00:00+00:00,12281.97227306443
2024-04-23 04:00:00+00:00,12281.97227306443
2024-04-23 08:00:00+00:00,12281.97227306443
2024-04-23 12:00:00+00:00,12281.97227306443
2024-04-23 16:00:00+00:00,12281.97227306443
2024-04-23 20:00:00+00:00,12281.97227306443
2024-04-24 00:00:00+00:00,12281.97227306443
2024-04-24 04:00:00+00:00,12281.97227306443
2024-04-24 08:00:00+00:00,12257.457358347734
2024-04-24 12:00:00+00:00,11360.701166045981
2024-04-24 16:00:00+00:00,11360.701166045981
2024-04-24 20:00:00+00:00,11360.701166045981
2024-04-25 00:00:00+00:00,11360.701166045981
2024-04-25 04:00:00+00:00,11360.701166045981
2024-04-25 08:00:00+00:00,11360.701166045981
2024-04-25 12:00:00+00:00,11360.701166045981
2024-04-25 16:00:00+00:00,11360.701166045981
2024-04-25 20:00:00+00:00,11360.701166045981
2024-04-26 00:00:00+00:00,11360.701166045981
2024-04-26 04:00:00+00:00,11360.701166045981
2024-04-26 08:00:00+00:00,11360.701166045981
2024-04-26 12:00:00+00:00,11360.701166045981
2024-04-26 16:00:00+00:00,11360.701166045981
2024-04-26 20:00:00+00:00,11360.701166045981
2024-04-27 00:00:00+00:00,11360.701166045981
2024-04-27 04:00:00+00:00,11360.701166045981
2024-04-27 08:00:00+00:00,11360.701166045981
2024-04-27 12:00:00+00:00,11360.701166045981
2024-04-27 16:00:00+00:00,11360.701166045981
2024-04-27 20:00:00+00:00,11360.701166045981
2024-04-28 00:00:00+00:00,11360.701166045981
2024-04-28 04:00:00+00:00,11360.701166045981
2024-04-28 08:00:00+00:00,11360.701166045981
2024-04-28 12:00:00+00:00,11360.701166045981
2024-04-28 16:00:00+00:00,11360.701166045981
2024-04-28 20:00:00+00:00,11360.701166045981
2024-04-29 00:00:00+00:00,11360.701166045981
2024-04-29 04:00:00+00:00,11360.701166045981
2024-04-29 08:00:00+00:00,11360.701166045981
2024-04-29 12:00:00+00:00,11360.701166045981
2024-04-29 16:00:00+00:00,11360.701166045981
2024-04-29 20:00:00+00:00,11360.701166045981
2024-04-30 00:00:00+00:00,11360.701166045981
2024-04-30 04:00:00+00:00,11360.701166045981
2024-04-30 08:00:00+00:00,11360.701166045981
2024-04-30 12:00:00+00:00,11360.701166045981
2024-04-30 16:00:00+00:00,11360.701166045981
2024-04-30 20:00:00+00:00,11360.701166045981
2024-05-01 00:00:00+00:00,11360.701166045981
2024-05-01 04:00:00+00:00,11360.701166045981
2024-05-01 08:00:00+00:00,11360.701166045981
2024-05-01 12:00:00+00:00,11360.701166045981
2024-05-01 16:00:00+00:00,11360.701166045981
2024-05-01 20:00:00+00:00,11360.701166045981
2024-05-02 00:00:00+00:00,11360.701166045981
2024-05-02 04:00:00+00:00,11360.701166045981
2024-05-02 08:00:00+00:00,11360.701166045981
2024-05-02 12:00:00+00:00,11360.701166045981
2024-05-02 16:00:00+00:00,11360.701166045981
2024-05-02 20:00:00+00:00,11360.701166045981
2024-05-03 00:00:00+00:00,11360.701166045981
2024-05-03 04:00:00+00:00,11360.701166045981
2024-05-03 08:00:00+00:00,11360.701166045981
2024-05-03 12:00:00+00:00,11360.701166045981
2024-05-03 16:00:00+00:00,11360.701166045981
2024-05-03 20:00:00+00:00,11360.701166045981
2024-05-04 00:00:00+00:00,11360.701166045981
2024-05-04 04:00:00+00:00,11360.701166045981
2024-05-04 08:00:00+00:00,11360.701166045981
2024-05-04 12:00:00+00:00,11360.701166045981
2024-05-04 16:00:00+00:00,11360.701166045981
2024-05-04 20:00:00+00:00,11360.701166045981
2024-05-05 00:00:00+00:00,11360.701166045981
2024-05-05 04:00:00+00:00,11360.701166045981
2024-05-05 08:00:00+00:00,11360.701166045981
2024-05-05 12:00:00+00:00,11338.025115814351
2024-05-05 16:00:00+00:00,11279.885670363747
2024-05-05 20:00:00+00:00,11433.836852815757
2024-05-06 00:00:00+00:00,11584.875671488498
2024-05-06 04:00:00+00:00,12069.05036607452
2024-05-06 08:00:00+00:00,11711.145797740792
2024-05-06 12:00:00+00:00,11601.17775385779
2024-05-06 16:00:00+00:00,11559.973826528772
2024-05-06 20:00:00+00:00,11512.476906023525
2024-05-07 00:00:00+00:00,11632.037744071386
2024-05-07 04:00:00+00:00,11731.255896897463
2024-05-07 08:00:00+00:00,11741.373169766635
2024-05-07 12:00:00+00:00,11972.778119270428
2024-05-07 16:00:00+00:00,11647.320433933734
2024-05-07 20:00:00+00:00,11303.961465783448
2024-05-08 00:00:00+00:00,11447.742631404906
2024-05-08 04:00:00+00:00,11055.970805301982
2024-05-08 08:00:00+00:00,10880.662804049945
2024-05-08 12:00:00+00:00,10764.422429177423
2024-05-08 16:00:00+00:00,10764.422429177423
2024-05-08 20:00:00+00:00,10764.422429177423
2024-05-09 00:00:00+00:00,10764.422429177423
2024-05-09 04:00:00+00:00,10764.422429177423
2024-05-09 08:00:00+00:00,10764.422429177423
2024-05-09 12:00:00+00:00,10764.422429177423
2024-05-09 16:00:00+00:00,10764.422429177423
2024-05-09 20:00:00+00:00,10764.422429177423
2024-05-10 00:00:00+00:00,10764.422429177423
2024-05-10 04:00:00+00:00,10764.422429177423
2024-05-10 08:00:00+00:00,10764.422429177423
2024-05-10 12:00:00+00:00,10764.422429177423
2024-05-10 16:00:00+00:00,10764.422429177423
2024-05-10 20:00:00+00:00,10764.422429177423
2024-05-11 00:00:00+00:00,10764.422429177423
2024-05-11 04:00:00+00:00,10764.422429177423
2024-05-11 08:00:00+00:00,10764.422429177423
2024-05-11 12:00:00+00:00,10764.422429177423
2024-05-11 16:00:00+00:00,10764.422429177423
2024-05-11 20:00:00+00:00,10764.422429177423
2024-05-12 00:00:00+00:00,10764.422429177423
2024-05-12 04:00:00+00:00,10764.422429177423
2024-05-12 08:00:00+00:00,10764.422429177423
2024-05-12 12:00:00+00:00,10764.422429177423
2024-05-12 16:00:00+00:00,10764.422429177423
2024-05-12 20:00:00+00:00,10764.422429177423
2024-05-13 00:00:00+00:00,10764.422429177423
2024-05-13 04:00:00+00:00,10764.422429177423
2024-05-13 08:00:00+00:00,10764.422429177423
2024-05-13 12:00:00+00:00,10764.422429177423
2024-05-13 16:00:00+00:00,10764.422429177423
2024-05-13 20:00:00+00:00,10764.422429177423
2024-05-14 00:00:00+00:00,10764.422429177423
2024-05-14 04:00:00+00:00,10764.422429177423
2024-05-14 08:00:00+00:00,10764.422429177423
2024-05-14 12:00:00+00:00,10764.422429177423
2024-05-14 16:00:00+00:00,10764.422429177423
2024-05-14 20:00:00+00:00,10764.422429177423
2024-05-15 00:00:00+00:00,10764.422429177423
2024-05-15 04:00:00+00:00,10764.422429177423
2024-05-15 08:00:00+00:00,10764.422429177423
2024-05-15 12:00:00+00:00,10764.422429177423
2024-05-15 16:00:00+00:00,10764.422429177423
2024-05-15 20:00:00+00:00,10764.422429177423
2024-05-16 00:00:00+00:00,10764.422429177423
2024-05-16 04:00:00+00:00,10764.422429177423
2024-05-16 08:00:00+00:00,10764.422429177423
2024-05-16 12:00:00+00:00,10764.422429177423
2024-05-16 16:00:00+00:00,10764.422429177423
2024-05-16 20:00:00+00:00,10764.422429177423
2024-05-17 00:00:00+00:00,10764.422429177423
2024-05-17 04:00:00+00:00,10764.422429177423
2024-05-17 08:00:00+00:00,10764.422429177423
2024-05-17 12:00:00+00:00,10764.422429177423
2024-05-17 16:00:00+00:00,10742.936556065293
2024-05-17 20:00:00+00:00,10613.101015442786
2024-05-18 00:00:00+00:00,10937.336806105608
2024-05-18 04:00:00+00:00,10655.081942059687
2024-05-18 08:00:00+00:00,10522.989061237638
2024-05-18 12:00:00+00:00,10363.76680181483
2024-05-18 16:00:00+00:00,10326.6610151361
2024-05-18 20:00:00+00:00,10296.340746166883
2024-05-19 00:00:00+00:00,10395.819427028759
2024-05-19 04:00:00+00:00,10439.213752935344
2024-05-19 08:00:00+00:00,10313.462182155381
2024-05-19 12:00:00+00:00,10013.866960782789
2024-05-19 16:00:00+00:00,10013.866960782789
2024-05-19 20:00:00+00:00,10013.866960782789
2024-05-20 00:00:00+00:00,10013.866960782789
2024-05-20 04:00:00+00:00,10013.866960782789
2024-05-20 08:00:00+00:00,10013.866960782789
2024-05-20 12:00:00+00:00,10013.866960782789
2024-05-20 16:00:00+00:00,10013.866960782789
2024-05-20 20:00:00+00:00,10013.866960782789
2024-05-21 00:00:00+00:00,10013.866960782789
2024-05-21 04:00:00+00:00,10013.866960782789
2024-05-21 08:00:00+00:00,10013.866960782789
2024-05-21 12:00:00+00:00,10013.866960782789
2024-05-21 16:00:00+00:00,10013.866960782789
2024-05-21 20:00:00+00:00,10013.866960782789
2024-05-22 00:00:00+00:00,10013.866960782789
2024-05-22 04:00:00+00:00,10013.866960782789
2024-05-22 08:00:00+00:00,10013.866960782789
2024-05-22 12:00:00+00:00,10013.866960782789
2024-05-22 16:00:00+00:00,10013.866960782789
2024-05-22 20:00:00+00:00,10013.866960782789
2024-05-23 00:00:00+00:00,10013.866960782789
2024-05-23 04:00:00+00:00,10013.866960782789
2024-05-23 08:00:00+00:00,10013.866960782789
2024-05-23 12:00:00+00:00,10013.866960782789
2024-05-23 16:00:00+00:00,10013.866960782789
2024-05-23 20:00:00+00:00,10013.866960782789
2024-05-24 00:00:00+00:00,10013.866960782789
2024-05-24 04:00:00+00:00,10013.866960782789
2024-05-24 08:00:00+00:00,10013.866960782789
2024-05-24 12:00:00+00:00,10013.866960782789
2024-05-24 16:00:00+00:00,10013.866960782789
2024-05-24 20:00:00+00:00,10013.866960782789
2024-05-25 00:00:00+00:00,10013.866960782789
2024-05-25 04:00:00+00:00,10013.866960782789
2024-05-25 08:00:00+00:00,10013.866960782789
2024-05-25 12:00:00+00:00,10013.866960782789
2024-05-25 16:00:00+00:00,10013.866960782789
2024-05-25 20:00:00+00:00,10013.866960782789
2024-05-26 00:00:00+00:00,10013.866960782789
2024-05-26 04:00:00+00:00,10013.866960782789
2024-05-26 08:00:00+00:00,10013.866960782789
2024-05-26 12:00:00+00:00,10013.866960782789
2024-05-26 16:00:00+00:00,10013.866960782789
2024-05-26 20:00:00+00:00,10013.866960782789
2024-05-27 00:00:00+00:00,10013.866960782789
2024-05-27 04:00:00+00:00,10013.866960782789
2024-05-27 08:00:00+00:00,10013.866960782789
2024-05-27 12:00:00+00:00,10013.866960782789
2024-05-27 16:00:00+00:00,10013.866960782789
2024-05-27 20:00:00+00:00,10013.866960782789
2024-05-28 00:00:00+00:00,10013.866960782789
2024-05-28 04:00:00+00:00,10013.866960782789
2024-05-28 08:00:00+00:00,10013.866960782789
2024-05-28 12:00:00+00:00,10013.866960782789
2024-05-28 16:00:00+00:00,10013.866960782789
2024-05-28 20:00:00+00:00,10013.866960782789
2024-05-29 00:00:00+00:00,10013.866960782789
2024-05-29 04:00:00+00:00,10013.866960782789
2024-05-29 08:00:00+00:00,10013.866960782789
2024-05-29 12:00:00+00:00,10013.866960782789
2024-05-29 16:00:00+00:00,10013.866960782789
2024-05-29 20:00:00+00:00,10013.866960782789
2024-05-30 00:00:00+00:00,10013.866960782789
2024-05-30 04:00:00+00:00,10013.866960782789
2024-05-30 08:00:00+00:00,10013.866960782789
2024-05-30 12:00:00+00:00,10013.866960782789
2024-05-30 16:00:00+00:00,10013.866960782789
2024-05-30 20:00:00+00:00,10013.866960782789
2024-05-31 00:00:00+00:00,10013.866960782789
2024-05-31 04:00:00+00:00,10013.866960782789
2024-05-31 08:00:00+00:00,10013.866960782789
2024-05-31 12:00:00+00:00,10013.866960782789
2024-05-31 16:00:00+00:00,10013.866960782789
2024-05-31 20:00:00+00:00,10013.866960782789
2024-06-01 00:00:00+00:00,10013.866960782789
2024-06-01 04:00:00+00:00,10013.866960782789
2024-06-01 08:00:00+00:00,10013.866960782789
2024-06-01 12:00:00+00:00,10013.866960782789
2024-06-01 16:00:00+00:00,10013.866960782789
2024-06-01 20:00:00+00:00,10013.866960782789
2024-06-02 00:00:00+00:00,10013.866960782789
2024-06-02 04:00:00+00:00,10013.866960782789
2024-06-02 08:00:00+00:00,10013.866960782789
2024-06-02 12:00:00+00:00,10013.866960782789
2024-06-02 16:00:00+00:00,10013.866960782789
2024-06-02 20:00:00+00:00,10013.866960782789
2024-06-03 00:00:00+00:00,10013.866960782789
2024-06-03 04:00:00+00:00,10013.866960782789
2024-06-03 08:00:00+00:00,10013.866960782789
2024-06-03 12:00:00+00:00,10013.866960782789
2024-06-03 16:00:00+00:00,10013.866960782789
2024-06-03 20:00:00+00:00,10013.866960782789
2024-06-04 00:00:00+00:00,10013.866960782789
2024-06-04 04:00:00+00:00,10013.866960782789
2024-06-04 08:00:00+00:00,10013.866960782789
2024-06-04 12:00:00+00:00,10013.866960782789
2024-06-04 16:00:00+00:00,10013.866960782789
2024-06-04 20:00:00+00:00,10013.866960782789
2024-06-05 00:00:00+00:00,10013.866960782789
2024-06-05 04:00:00+00:00,10013.866960782789
2024-06-05 08:00:00+00:00,10013.866960782789
2024-06-05 12:00:00+00:00,10013.866960782789
2024-06-05 16:00:00+00:00,10013.866960782789
2024-06-05 20:00:00+00:00,10013.866960782789
2024-06-06 00:00:00+00:00,10013.866960782789
2024-06-06 04:00:00+00:00,10013.866960782789
2024-06-06 08:00:00+00:00,10013.866960782789
2024-06-06 12:00:00+00:00,10013.866960782789
2024-06-06 16:00:00+00:00,10013.866960782789
2024-06-06 20:00:00+00:00,10013.866960782789
2024-06-07 00:00:00+00:00,10013.866960782789
2024-06-07 04:00:00+00:00,10013.866960782789
2024-06-07 08:00:00+00:00,10013.866960782789
2024-06-07 12:00:00+00:00,10013.866960782789
2024-06-07 16:00:00+00:00,10013.866960782789
2024-06-07 20:00:00+00:00,10013.866960782789
2024-06-08 00:00:00+00:00,10013.866960782789
2024-06-08 04:00:00+00:00,10013.866960782789
2024-06-08 08:00:00+00:00,10013.866960782789
2024-06-08 12:00:00+00:00,10013.866960782789
2024-06-08 16:00:00+00:00,10013.866960782789
2024-06-08 20:00:00+00:00,10013.866960782789
2024-06-09 00:00:00+00:00,10013.866960782789
2024-06-09 04:00:00+00:00,10013.866960782789
2024-06-09 08:00:00+00:00,10013.866960782789
2024-06-09 12:00:00+00:00,10013.866960782789
2024-06-09 16:00:00+00:00,10013.866960782789
2024-06-09 20:00:00+00:00,10013.866960782789
2024-06-10 00:00:00+00:00,10013.866960782789
2024-06-10 04:00:00+00:00,10013.866960782789
2024-06-10 08:00:00+00:00,10013.866960782789
2024-06-10 12:00:00+00:00,10013.866960782789
2024-06-10 16:00:00+00:00,10013.866960782789
2024-06-10 20:00:00+00:00,10013.866960782789
2024-06-11 00:00:00+00:00,10013.866960782789
2024-06-11 04:00:00+00:00,10013.866960782789
2024-06-11 08:00:00+00:00,10013.866960782789
2024-06-11 12:00:00+00:00,10013.866960782789
2024-06-11 16:00:00+00:00,10013.866960782789
2024-06-11 20:00:00+00:00,10013.866960782789
2024-06-12 00:00:00+00:00,10013.866960782789
2024-06-12 04:00:00+00:00,10013.866960782789
2024-06-12 08:00:00+00:00,10013.866960782789
2024-06-12 12:00:00+00:00,10013.866960782789
2024-06-12 16:00:00+00:00,10013.866960782789
2024-06-12 20:00:00+00:00,10013.866960782789
2024-06-13 00:00:00+00:00,10013.866960782789
2024-06-13 04:00:00+00:00,10013.866960782789
2024-06-13 08:00:00+00:00,10013.866960782789
2024-06-13 12:00:00+00:00,10013.866960782789
2024-06-13 16:00:00+00:00,10013.866960782789
2024-06-13 20:00:00+00:00,10013.866960782789
2024-06-14 00:00:00+00:00,10013.866960782789
2024-06-14 04:00:00+00:00,10013.866960782789
2024-06-14 08:00:00+00:00,10013.866960782789
2024-06-14 12:00:00+00:00,10013.866960782789
2024-06-14 16:00:00+00:00,10013.866960782789
2024-06-14 20:00:00+00:00,10013.866960782789
2024-06-15 00:00:00+00:00,10013.866960782789
2024-06-15 04:00:00+00:00,10013.866960782789
2024-06-15 08:00:00+00:00,10013.866960782789
2024-06-15 12:00:00+00:00,10013.866960782789
2024-06-15 16:00:00+00:00,10013.866960782789
2024-06-15 20:00:00+00:00,10013.866960782789
2024-06-16 00:00:00+00:00,10013.866960782789
2024-06-16 04:00:00+00:00,10013.866960782789
2024-06-16 08:00:00+00:00,10013.866960782789
2024-06-16 12:00:00+00:00,10013.866960782789
2024-06-16 16:00:00+00:00,10013.866960782789
2024-06-16 20:00:00+00:00,10013.866960782789
2024-06-17 00:00:00+00:00,10013.866960782789
2024-06-17 04:00:00+00:00,10013.866960782789
2024-06-17 08:00:00+00:00,10013.866960782789
2024-06-17 12:00:00+00:00,10013.866960782789
2024-06-17 16:00:00+00:00,10013.866960782789
2024-06-17 20:00:00+00:00,10013.866960782789
2024-06-18 00:00:00+00:00,10013.866960782789
2024-06-18 04:00:00+00:00,10013.866960782789
2024-06-18 08:00:00+00:00,10013.866960782789
2024-06-18 12:00:00+00:00,10013.866960782789
2024-06-18 16:00:00+00:00,10013.866960782789
2024-06-18 20:00:00+00:00,10013.866960782789
2024-06-19 00:00:00+00:00,10013.866960782789
2024-06-19 04:00:00+00:00,10013.866960782789
2024-06-19 08:00:00+00:00,10013.866960782789
2024-06-19 12:00:00+00:00,10013.866960782789
2024-06-19 16:00:00+00:00,10013.866960782789
2024-06-19 20:00:00+00:00,10013.866960782789
2024-06-20 00:00:00+00:00,10013.866960782789
2024-06-20 04:00:00+00:00,10013.866960782789
2024-06-20 08:00:00+00:00,10013.866960782789
2024-06-20 12:00:00+00:00,10013.866960782789
2024-06-20 16:00:00+00:00,10013.866960782789
2024-06-20 20:00:00+00:00,10013.866960782789
2024-06-21 00:00:00+00:00,10013.866960782789
2024-06-21 04:00:00+00:00,10013.866960782789
2024-06-21 08:00:00+00:00,10013.866960782789
2024-06-21 12:00:00+00:00,10013.866960782789
2024-06-21 16:00:00+00:00,10013.866960782789
2024-06-21 20:00:00+00:00,10013.866960782789
2024-06-22 00:00:00+00:00,10013.866960782789
2024-06-22 04:00:00+00:00,10013.866960782789
2024-06-22 08:00:00+00:00,10013.866960782789
2024-06-22 12:00:00+00:00,10013.866960782789
2024-06-22 16:00:00+00:00,10013.866960782789
2024-06-22 20:00:00+00:00,10013.866960782789
2024-06-23 00:00:00+00:00,10013.866960782789
2024-06-23 04:00:00+00:00,10013.866960782789
2024-06-23 08:00:00+00:00,10013.866960782789
2024-06-23 12:00:00+00:00,10013.866960782789
2024-06-23 16:00:00+00:00,10013.866960782789
2024-06-23 20:00:00+00:00,10013.866960782789
2024-06-24 00:00:00+00:00,10013.866960782789
2024-06-24 04:00:00+00:00,10013.866960782789
2024-06-24 08:00:00+00:00,10013.866960782789
2024-06-24 12:00:00+00:00,10013.866960782789
2024-06-24 16:00:00+00:00,10013.866960782789
2024-06-24 20:00:00+00:00,10013.866960782789
2024-06-25 00:00:00+00:00,10013.866960782789
2024-06-25 04:00:00+00:00,10013.866960782789
2024-06-25 08:00:00+00:00,10013.866960782789
2024-06-25 12:00:00+00:00,10013.866960782789
2024-06-25 16:00:00+00:00,10013.866960782789
2024-06-25 20:00:00+00:00,10013.866960782789
2024-06-26 00:00:00+00:00,10013.866960782789
2024-06-26 04:00:00+00:00,10013.866960782789
2024-06-26 08:00:00+00:00,10013.866960782789
2024-06-26 12:00:00+00:00,9993.879202378033
2024-06-26 16:00:00+00:00,10021.167268638814
2024-06-26 20:00:00+00:00,9837.598943601512
2024-06-27 00:00:00+00:00,9232.32872394928
2024-06-27 04:00:00+00:00,9028.741252377817
2024-06-27 08:00:00+00:00,9028.741252377817
2024-06-27 12:00:00+00:00,9028.741252377817
2024-06-27 16:00:00+00:00,9028.741252377817
2024-06-27 20:00:00+00:00,9028.741252377817
2024-06-28 00:00:00+00:00,9028.741252377817
2024-06-28 04:00:00+00:00,9028.741252377817
2024-06-28 08:00:00+00:00,9028.741252377817
2024-06-28 12:00:00+00:00,9028.741252377817
2024-06-28 16:00:00+00:00,9028.741252377817
2024-06-28 20:00:00+00:00,9028.741252377817
2024-06-29 00:00:00+00:00,9028.741252377817
2024-06-29 04:00:00+00:00,9028.741252377817
2024-06-29 08:00:00+00:00,9028.741252377817
2024-06-29 12:00:00+00:00,9028.741252377817
2024-06-29 16:00:00+00:00,9028.741252377817
2024-06-29 20:00:00+00:00,9028.741252377817
2024-06-30 00:00:00+00:00,9028.741252377817
2024-06-30 04:00:00+00:00,9028.741252377817
2024-06-30 08:00:00+00:00,9028.741252377817
2024-06-30 12:00:00+00:00,9028.741252377817
2024-06-30 16:00:00+00:00,9028.741252377817
2024-06-30 20:00:00+00:00,9028.741252377817
2024-07-01 00:00:00+00:00,9028.741252377817
2024-07-01 04:00:00+00:00,9028.741252377817
2024-07-01 08:00:00+00:00,9028.741252377817
2024-07-01 12:00:00+00:00,9028.741252377817
2024-07-01 16:00:00+00:00,9028.741252377817
2024-07-01 20:00:00+00:00,9028.741252377817
2024-07-02 00:00:00+00:00,9028.741252377817
2024-07-02 04:00:00+00:00,9028.741252377817
2024-07-02 08:00:00+00:00,9028.741252377817
2024-07-02 12:00:00+00:00,9028.741252377817
2024-07-02 16:00:00+00:00,9028.741252377817
2024-07-02 20:00:00+00:00,9028.741252377817
2024-07-03 00:00:00+00:00,9028.741252377817
2024-07-03 04:00:00+00:00,9028.741252377817
2024-07-03 08:00:00+00:00,9028.741252377817
2024-07-03 12:00:00+00:00,9028.741252377817
2024-07-03 16:00:00+00:00,9028.741252377817
2024-07-03 20:00:00+00:00,9028.741252377817
2024-07-04 00:00:00+00:00,9028.741252377817
2024-07-04 04:00:00+00:00,9028.741252377817
2024-07-04 08:00:00+00:00,9028.741252377817
2024-07-04 12:00:00+00:00,9028.741252377817
2024-07-04 16:00:00+00:00,9028.741252377817
2024-07-04 20:00:00+00:00,9028.741252377817
2024-07-05 00:00:00+00:00,9010.647582533373
2024-07-05 04:00:00+00:00,8905.301865436455
2024-07-05 08:00:00+00:00,8620.984997464397
2024-07-05 12:00:00+00:00,8426.169111235222
2024-07-05 16:00:00+00:00,8573.043545211176
2024-07-05 20:00:00+00:00,8597.882221743299
2024-07-06 00:00:00+00:00,8378.66163418476
2024-07-06 04:00:00+00:00,7946.684790312431
2024-07-06 08:00:00+00:00,7946.684790312431
2024-07-06 12:00:00+00:00,7946.684790312431
2024-07-06 16:00:00+00:00,7946.684790312431
2024-07-06 20:00:00+00:00,7946.684790312431
2024-07-07 00:00:00+00:00,7946.684790312431
2024-07-07 04:00:00+00:00,7946.684790312431
2024-07-07 08:00:00+00:00,7946.684790312431
2024-07-07 12:00:00+00:00,7946.684790312431
2024-07-07 16:00:00+00:00,7946.684790312431
2024-07-07 20:00:00+00:00,7946.684790312431
2024-07-08 00:00:00+00:00,7946.684790312431
2024-07-08 04:00:00+00:00,7946.684790312431
2024-07-08 08:00:00+00:00,7946.684790312431
2024-07-08 12:00:00+00:00,7946.684790312431
2024-07-08 16:00:00+00:00,7946.684790312431
2024-07-08 20:00:00+00:00,7946.684790312431
2024-07-09 00:00:00+00:00,7946.684790312431
2024-07-09 04:00:00+00:00,7946.684790312431
2024-07-09 08:00:00+00:00,7946.684790312431
2024-07-09 12:00:00+00:00,7946.684790312431
2024-07-09 16:00:00+00:00,7946.684790312431
2024-07-09 20:00:00+00:00,7946.684790312431
2024-07-10 00:00:00+00:00,7946.684790312431
2024-07-10 04:00:00+00:00,7946.684790312431
2024-07-10 08:00:00+00:00,7946.684790312431
2024-07-10 12:00:00+00:00,7946.684790312431
2024-07-10 16:00:00+00:00,7946.684790312431
2024-07-10 20:00:00+00:00,7946.684790312431
2024-07-11 00:00:00+00:00,7946.684790312431
2024-07-11 04:00:00+00:00,7946.684790312431
2024-07-11 08:00:00+00:00,7946.684790312431
2024-07-11 12:00:00+00:00,7946.684790312431
2024-07-11 16:00:00+00:00,7946.684790312431
2024-07-11 20:00:00+00:00,7946.684790312431
2024-07-12 00:00:00+00:00,7946.684790312431
2024-07-12 04:00:00+00:00,7946.684790312431
2024-07-12 08:00:00+00:00,7946.684790312431
2024-07-12 12:00:00+00:00,7946.684790312431
2024-07-12 16:00:00+00:00,7946.684790312431
2024-07-12 20:00:00+00:00,7946.684790312431
2024-07-13 00:00:00+00:00,7946.684790312431
2024-07-13 04:00:00+00:00,7946.684790312431
2024-07-13 08:00:00+00:00,7946.684790312431
2024-07-13 12:00:00+00:00,7946.684790312431
2024-07-13 16:00:00+00:00,7946.684790312431
2024-07-13 20:00:00+00:00,7946.684790312431
2024-07-14 00:00:00+00:00,7946.684790312431
2024-07-14 04:00:00+00:00,7946.684790312431
2024-07-14 08:00:00+00:00,7946.684790312431
2024-07-14 12:00:00+00:00,7946.684790312431
2024-07-14 16:00:00+00:00,7946.684790312431
2024-07-14 20:00:00+00:00,7946.684790312431
2024-07-15 00:00:00+00:00,7930.823144024382
2024-07-15 04:00:00+00:00,7924.388925172963
2024-07-15 08:00:00+00:00,7924.027312097981
2024-07-15 12:00:00+00:00,7947.955013736172
2024-07-15 16:00:00+00:00,8129.762152617426
2024-07-15 20:00:00+00:00,8627.322069825686
2024-07-16 00:00:00+00:00,8384.035166234524
2024-07-16 04:00:00+00:00,8061.819073751213
2024-07-16 08:00:00+00:00,8273.982591159242
2024-07-16 12:00:00+00:00,8814.042158760154
2024-07-16 16:00:00+00:00,8777.205840188575
2024-07-16 20:00:00+00:00,8679.64789742291
2024-07-17 00:00:00+00:00,8691.396304436796
2024-07-17 04:00:00+00:00,9109.990178700058
2024-07-17 08:00:00+00:00,9054.923296284653
2024-07-17 12:00:00+00:00,8993.786579074227
2024-07-17 16:00:00+00:00,9017.665234341328
2024-07-17 20:00:00+00:00,8816.866620119006
2024-07-18 00:00:00+00:00,8931.838241406618
2024-07-18 04:00:00+00:00,8901.068709550498
2024-07-18 08:00:00+00:00,8718.49234622775
2024-07-18 12:00:00+00:00,8432.69470831826
2024-07-18 16:00:00+00:00,8395.875569831467
2024-07-18 20:00:00+00:00,8516.938639569156
2024-07-19 00:00:00+00:00,8583.34520923937
2024-07-19 04:00:00+00:00,8388.638597663405
2024-07-19 08:00:00+00:00,8412.544685646539
2024-07-19 12:00:00+00:00,8806.861714613007
2024-07-19 16:00:00+00:00,8976.484571103403
2024-07-19 20:00:00+00:00,8927.495836427266
2024-07-20 00:00:00+00:00,8975.66657738896
2024-07-20 04:00:00+00:00,8963.111814782584
2024-07-20 08:00:00+00:00,8756.2430886671
2024-07-20 12:00:00+00:00,8865.144875159698
2024-07-20 16:00:00+00:00,8828.305785606699
2024-07-20 20:00:00+00:00,8852.191645425484
2024-07-21 00:00:00+00:00,8846.175440204823
2024-07-21 04:00:00+00:00,8846.175440204823
2024-07-21 08:00:00+00:00,8846.175440204823
2024-07-21 12:00:00+00:00,8846.175440204823
2024-07-21 16:00:00+00:00,8846.175440204823
2024-07-21 20:00:00+00:00,8846.175440204823
2024-07-22 00:00:00+00:00,8846.175440204823
2024-07-22 04:00:00+00:00,8846.175440204823
2024-07-22 08:00:00+00:00,8846.175440204823
2024-07-22 12:00:00+00:00,8846.175440204823
2024-07-22 16:00:00+00:00,8846.175440204823
2024-07-22 20:00:00+00:00,8846.175440204823
2024-07-23 00:00:00+00:00,8846.175440204823
2024-07-23 04:00:00+00:00,8846.175440204823
2024-07-23 08:00:00+00:00,8846.175440204823
2024-07-23 12:00:00+00:00,8846.175440204823
2024-07-23 16:00:00+00:00,8846.175440204823
2024-07-23 20:00:00+00:00,8846.175440204823
2024-07-24 00:00:00+00:00,8846.175440204823
2024-07-24 04:00:00+00:00,8846.175440204823
2024-07-24 08:00:00+00:00,8846.175440204823
2024-07-24 12:00:00+00:00,8846.175440204823
2024-07-24 16:00:00+00:00,8846.175440204823
2024-07-24 20:00:00+00:00,8846.175440204823
2024-07-25 00:00:00+00:00,8846.175440204823
2024-07-25 04:00:00+00:00,8846.175440204823
2024-07-25 08:00:00+00:00,8846.175440204823
2024-07-25 12:00:00+00:00,8846.175440204823
2024-07-25 16:00:00+00:00,8846.175440204823
2024-07-25 20:00:00+00:00,8846.175440204823
2024-07-26 00:00:00+00:00,8846.175440204823
2024-07-26 04:00:00+00:00,8846.175440204823
2024-07-26 08:00:00+00:00,8846.175440204823
2024-07-26 12:00:00+00:00,8846.175440204823
2024-07-26 16:00:00+00:00,8846.175440204823
2024-07-26 20:00:00+00:00,8846.175440204823
2024-07-27 00:00:00+00:00,8846.175440204823
2024-07-27 04:00:00+00:00,8846.175440204823
2024-07-27 08:00:00+00:00,8846.175440204823
2024-07-27 12:00:00+00:00,8846.175440204823
2024-07-27 16:00:00+00:00,8846.175440204823
2024-07-27 20:00:00+00:00,8846.175440204823
2024-07-28 00:00:00+00:00,8846.175440204823
2024-07-28 04:00:00+00:00,8846.175440204823
2024-07-28 08:00:00+00:00,8846.175440204823
2024-07-28 12:00:00+00:00,8846.175440204823
2024-07-28 16:00:00+00:00,8846.175440204823
2024-07-28 20:00:00+00:00,8846.175440204823
2024-07-29 00:00:00+00:00,8846.175440204823
2024-07-29 04:00:00+00:00,8846.175440204823
2024-07-29 08:00:00+00:00,8846.175440204823
2024-07-29 12:00:00+00:00,8846.175440204823
2024-07-29 16:00:00+00:00,8846.175440204823
2024-07-29 20:00:00+00:00,8846.175440204823
2024-07-30 00:00:00+00:00,8846.175440204823
2024-07-30 04:00:00+00:00,8846.175440204823
2024-07-30 08:00:00+00:00,8846.175440204823
2024-07-30 12:00:00+00:00,8846.175440204823
2024-07-30 16:00:00+00:00,8846.175440204823
2024-07-30 20:00:00+00:00,8846.175440204823
2024-07-31 00:00:00+00:00,8846.175440204823
2024-07-31 04:00:00+00:00,8846.175440204823
2024-07-31 08:00:00+00:00,8846.175440204823
2024-07-31 12:00:00+00:00,8846.175440204823
2024-07-31 16:00:00+00:00,8846.175440204823
2024-07-31 20:00:00+00:00,8846.175440204823
2024-08-01 00:00:00+00:00,8846.175440204823
2024-08-01 04:00:00+00:00,8846.175440204823
2024-08-01 08:00:00+00:00,8846.175440204823
2024-08-01 12:00:00+00:00,8846.175440204823
2024-08-01 16:00:00+00:00,8846.175440204823
2024-08-01 20:00:00+00:00,8846.175440204823
2024-08-02 00:00:00+00:00,8846.175440204823
2024-08-02 04:00:00+00:00,8846.175440204823
2024-08-02 08:00:00+00:00,8846.175440204823
2024-08-02 12:00:00+00:00,8846.175440204823
2024-08-02 16:00:00+00:00,8846.175440204823
2024-08-02 20:00:00+00:00,8846.175440204823
2024-08-03 00:00:00+00:00,8846.175440204823
2024-08-03 04:00:00+00:00,8846.175440204823
2024-08-03 08:00:00+00:00,8846.175440204823
2024-08-03 12:00:00+00:00,8846.175440204823
2024-08-03 16:00:00+00:00,8846.175440204823
2024-08-03 20:00:00+00:00,8846.175440204823
2024-08-04 00:00:00+00:00,8828.447633711425
2024-08-04 04:00:00+00:00,9012.596893187649
2024-08-04 08:00:00+00:00,9012.992975782667
2024-08-04 12:00:00+00:00,9809.61649067325
2024-08-04 16:00:00+00:00,9293.740870886973
2024-08-04 20:00:00+00:00,9600.365496737764
2024-08-05 00:00:00+00:00,10431.961268095105
2024-08-05 04:00:00+00:00,10362.294651821003
2024-08-05 08:00:00+00:00,11263.8537021219
2024-08-05 12:00:00+00:00,10704.163042369008
2024-08-05 16:00:00+00:00,10809.479088578768
2024-08-05 20:00:00+00:00,10783.544063418096
2024-08-06 00:00:00+00:00,10311.372883922208
2024-08-06 04:00:00+00:00,9970.469545422748
2024-08-06 08:00:00+00:00,10329.561938978697
2024-08-06 12:00:00+00:00,10093.654825964595
2024-08-06 16:00:00+00:00,10190.249069547774
2024-08-06 20:00:00+00:00,10278.089169082798
2024-08-07 00:00:00+00:00,10033.434699726307
2024-08-07 04:00:00+00:00,10095.032730234157
2024-08-07 08:00:00+00:00,9981.632925739385
2024-08-07 12:00:00+00:00,10288.226407999036
2024-08-07 16:00:00+00:00,10542.307403550867
2024-08-07 20:00:00+00:00,10656.380788023258
2024-08-08 00:00:00+00:00,10324.211629731479
2024-08-08 04:00:00+00:00,10429.545244120856
2024-08-08 08:00:00+00:00,10552.37357119502
2024-08-08 12:00:00+00:00,10246.458460234695
2024-08-08 16:00:00+00:00,10369.295172121858
2024-08-08 20:00:00+00:00,9940.89191792906
2024-08-09 00:00:00+00:00,9879.997812436348
2024-08-09 04:00:00+00:00,10195.345838020961
2024-08-09 08:00:00+00:00,10248.186929542995
2024-08-09 12:00:00+00:00,10423.522153449643
2024-08-09 16:00:00+00:00,10257.60906369343
2024-08-09 20:00:00+00:00,10249.199096255059
2024-08-10 00:00:00+00:00,10313.534293067803
2024-08-10 04:00:00+00:00,10313.534293067803
2024-08-10 08:00:00+00:00,10313.534293067803
2024-08-10 12:00:00+00:00,10313.534293067803
2024-08-10 16:00:00+00:00,10313.534293067803
2024-08-10 20:00:00+00:00,10313.534293067803
2024-08-11 00:00:00+00:00,10313.534293067803
2024-08-11 04:00:00+00:00,10313.534293067803
2024-08-11 08:00:00+00:00,10313.534293067803
2024-08-11 12:00:00+00:00,10313.534293067803
2024-08-11 16:00:00+00:00,10313.534293067803
2024-08-11 20:00:00+00:00,10313.534293067803
2024-08-12 00:00:00+00:00,10313.534293067803
2024-08-12 04:00:00+00:00,10313.534293067803
2024-08-12 08:00:00+00:00,10313.534293067803
2024-08-12 12:00:00+00:00,10313.534293067803
2024-08-12 16:00:00+00:00,10313.534293067803
2024-08-12 20:00:00+00:00,10313.534293067803
2024-08-13 00:00:00+00:00,10313.534293067803
2024-08-13 04:00:00+00:00,10313.534293067803
2024-08-13 08:00:00+00:00,10313.534293067803
2024-08-13 12:00:00+00:00,10313.534293067803
2024-08-13 16:00:00+00:00,10313.534293067803
2024-08-13 20:00:00+00:00,10313.534293067803
2024-08-14 00:00:00+00:00,10313.534293067803
2024-08-14 04:00:00+00:00,10313.534293067803
2024-08-14 08:00:00+00:00,10313.534293067803
2024-08-14 12:00:00+00:00,10313.534293067803
2024-08-14 16:00:00+00:00,10313.534293067803
2024-08-14 20:00:00+00:00,10313.534293067803
2024-08-15 00:00:00+00:00,10313.534293067803
2024-08-15 04:00:00+00:00,10313.534293067803
2024-08-15 08:00:00+00:00,10313.534293067803
2024-08-15 12:00:00+00:00,10313.534293067803
2024-08-15 16:00:00+00:00,10313.534293067803
2024-08-15 20:00:00+00:00,10313.534293067803
2024-08-16 00:00:00+00:00,10313.534293067803
2024-08-16 04:00:00+00:00,10313.534293067803
2024-08-16 08:00:00+00:00,10313.534293067803
2024-08-16 12:00:00+00:00,10313.534293067803
2024-08-16 16:00:00+00:00,10313.534293067803
2024-08-16 20:00:00+00:00,10313.534293067803
2024-08-17 00:00:00+00:00,10313.534293067803
2024-08-17 04:00:00+00:00,10313.534293067803
2024-08-17 08:00:00+00:00,10313.534293067803
2024-08-17 12:00:00+00:00,10313.534293067803
2024-08-17 16:00:00+00:00,10313.534293067803
2024-08-17 20:00:00+00:00,10313.534293067803
2024-08-18 00:00:00+00:00,10313.534293067803
2024-08-18 04:00:00+00:00,10313.534293067803
2024-08-18 08:00:00+00:00,10313.534293067803
2024-08-18 12:00:00+00:00,10313.534293067803
2024-08-18 16:00:00+00:00,10313.534293067803
2024-08-18 20:00:00+00:00,10313.534293067803
2024-08-19 00:00:00+00:00,10313.534293067803
2024-08-19 04:00:00+00:00,10313.534293067803
2024-08-19 08:00:00+00:00,10313.534293067803
2024-08-19 12:00:00+00:00,10313.534293067803
2024-08-19 16:00:00+00:00,10313.534293067803
2024-08-19 20:00:00+00:00,10313.534293067803
2024-08-20 00:00:00+00:00,10313.534293067803
2024-08-20 04:00:00+00:00,10313.534293067803
2024-08-20 08:00:00+00:00,10313.534293067803
2024-08-20 12:00:00+00:00,10313.534293067803
2024-08-20 16:00:00+00:00,10313.534293067803
2024-08-20 20:00:00+00:00,10313.534293067803
2024-08-21 00:00:00+00:00,10313.534293067803
2024-08-21 04:00:00+00:00,10313.534293067803
2024-08-21 08:00:00+00:00,10313.534293067803
2024-08-21 12:00:00+00:00,10313.534293067803
2024-08-21 16:00:00+00:00,10313.534293067803
2024-08-21 20:00:00+00:00,10313.534293067803
2024-08-22 00:00:00+00:00,10313.534293067803
2024-08-22 04:00:00+00:00,10313.534293067803
2024-08-22 08:00:00+00:00,10313.534293067803
2024-08-22 12:00:00+00:00,10313.534293067803
2024-08-22 16:00:00+00:00,10313.534293067803
2024-08-22 20:00:00+00:00,10313.534293067803
2024-08-23 00:00:00+00:00,10313.534293067803
2024-08-23 04:00:00+00:00,10313.534293067803
2024-08-23 08:00:00+00:00,10313.534293067803
2024-08-23 12:00:00+00:00,10313.534293067803
2024-08-23 16:00:00+00:00,10313.534293067803
2024-08-23 20:00:00+00:00,10313.534293067803
2024-08-24 00:00:00+00:00,10292.948396275255
2024-08-24 04:00:00+00:00,10832.41203024626
2024-08-24 08:00:00+00:00,10730.680219950424
2024-08-24 12:00:00+00:00,10679.5717772229
2024-08-24 16:00:00+00:00,10771.885429824271
2024-08-24 20:00:00+00:00,10670.156314390431
2024-08-25 00:00:00+00:00,10610.614108557422
2024-08-25 04:00:00+00:00,9926.776707992774
2024-08-25 08:00:00+00:00,10483.129812051002
2024-08-25 12:00:00+00:00,10676.689814808711
2024-08-25 16:00:00+00:00,11359.555525133786
2024-08-25 20:00:00+00:00,11494.020284169474
2024-08-26 00:00:00+00:00,11417.567434333561
2024-08-26 04:00:00+00:00,11088.02431029577
2024-08-26 08:00:00+00:00,11576.832623334803
2024-08-26 12:00:00+00:00,11399.13842808626
2024-08-26 16:00:00+00:00,11187.706485553781
2024-08-26 20:00:00+00:00,11246.250822487835
2024-08-27 00:00:00+00:00,11644.206975882182
2024-08-27 04:00:00+00:00,11644.206975882182
2024-08-27 08:00:00+00:00,11644.206975882182
2024-08-27 12:00:00+00:00,11644.206975882182
2024-08-27 16:00:00+00:00,11644.206975882182
2024-08-27 20:00:00+00:00,11644.206975882182
2024-08-28 00:00:00+00:00,11644.206975882182
2024-08-28 04:00:00+00:00,11644.206975882182
2024-08-28 08:00:00+00:00,11644.206975882182
2024-08-28 12:00:00+00:00,11644.206975882182
2024-08-28 16:00:00+00:00,11644.206975882182
2024-08-28 20:00:00+00:00,11644.206975882182
2024-08-29 00:00:00+00:00,11644.206975882182
2024-08-29 04:00:00+00:00,11644.206975882182
2024-08-29 08:00:00+00:00,11644.206975882182
2024-08-29 12:00:00+00:00,11644.206975882182
2024-08-29 16:00:00+00:00,11644.206975882182
2024-08-29 20:00:00+00:00,11644.206975882182
2024-08-30 00:00:00+00:00,11644.206975882182
2024-08-30 04:00:00+00:00,11644.206975882182
2024-08-30 08:00:00+00:00,11644.206975882182
2024-08-30 12:00:00+00:00,11644.206975882182
2024-08-30 16:00:00+00:00,11644.206975882182
2024-08-30 20:00:00+00:00,11644.206975882182
2024-08-31 00:00:00+00:00,11644.206975882182
2024-08-31 04:00:00+00:00,11644.206975882182
2024-08-31 08:00:00+00:00,11644.206975882182
2024-08-31 12:00:00+00:00,11644.206975882182
2024-08-31 16:00:00+00:00,11644.206975882182
2024-08-31 20:00:00+00:00,11644.206975882182
2024-09-01 00:00:00+00:00,11644.206975882182
2024-09-01 04:00:00+00:00,11644.206975882182
2024-09-01 08:00:00+00:00,11644.206975882182
2024-09-01 12:00:00+00:00,11644.206975882182
2024-09-01 16:00:00+00:00,11644.206975882182
2024-09-01 20:00:00+00:00,11644.206975882182
2024-09-02 00:00:00+00:00,11644.206975882182
2024-09-02 04:00:00+00:00,11644.206975882182
2024-09-02 08:00:00+00:00,11644.206975882182
2024-09-02 12:00:00+00:00,11644.206975882182
2024-09-02 16:00:00+00:00,11644.206975882182
2024-09-02 20:00:00+00:00,11644.206975882182
2024-09-03 00:00:00+00:00,11644.206975882182
2024-09-03 04:00:00+00:00,11644.206975882182
2024-09-03 08:00:00+00:00,11644.206975882182
2024-09-03 12:00:00+00:00,11644.206975882182
2024-09-03 16:00:00+00:00,11644.206975882182
2024-09-03 20:00:00+00:00,11644.206975882182
2024-09-04 00:00:00+00:00,11644.206975882182
2024-09-04 04:00:00+00:00,11644.206975882182
2024-09-04 08:00:00+00:00,11644.206975882182
2024-09-04 12:00:00+00:00,11644.206975882182
2024-09-04 16:00:00+00:00,11644.206975882182
2024-09-04 20:00:00+00:00,11644.206975882182
2024-09-05 00:00:00+00:00,11644.206975882182
2024-09-05 04:00:00+00:00,11644.206975882182
2024-09-05 08:00:00+00:00,11644.206975882182
2024-09-05 12:00:00+00:00,11644.206975882182
2024-09-05 16:00:00+00:00,11644.206975882182
2024-09-05 20:00:00+00:00,11644.206975882182
2024-09-06 00:00:00+00:00,11644.206975882182
2024-09-06 04:00:00+00:00,11644.206975882182
2024-09-06 08:00:00+00:00,11644.206975882182
2024-09-06 12:00:00+00:00,11644.206975882182
2024-09-06 16:00:00+00:00,11644.206975882182
2024-09-06 20:00:00+00:00,11644.206975882182
2024-09-07 00:00:00+00:00,11644.206975882182
2024-09-07 04:00:00+00:00,11644.206975882182
2024-09-07 08:00:00+00:00,11644.206975882182
2024-09-07 12:00:00+00:00,11644.206975882182
2024-09-07 16:00:00+00:00,11644.206975882182
2024-09-07 20:00:00+00:00,11644.206975882182
2024-09-08 00:00:00+00:00,11644.206975882182
2024-09-08 04:00:00+00:00,11644.206975882182
2024-09-08 08:00:00+00:00,11644.206975882182
2024-09-08 12:00:00+00:00,11644.206975882182
2024-09-08 16:00:00+00:00,11644.206975882182
2024-09-08 20:00:00+00:00,11644.206975882182
2024-09-09 00:00:00+00:00,11644.206975882182
2024-09-09 04:00:00+00:00,11644.206975882182
2024-09-09 08:00:00+00:00,11644.206975882182
2024-09-09 12:00:00+00:00,11644.206975882182
2024-09-09 16:00:00+00:00,11644.206975882182
2024-09-09 20:00:00+00:00,11644.206975882182
2024-09-10 00:00:00+00:00,11644.206975882182
2024-09-10 04:00:00+00:00,11644.206975882182
2024-09-10 08:00:00+00:00,11644.206975882182
2024-09-10 12:00:00+00:00,11644.206975882182
2024-09-10 16:00:00+00:00,11644.206975882182
2024-09-10 20:00:00+00:00,11644.206975882182
2024-09-11 00:00:00+00:00,11644.206975882182
2024-09-11 04:00:00+00:00,11644.206975882182
2024-09-11 08:00:00+00:00,11644.206975882182
2024-09-11 12:00:00+00:00,11644.206975882182
2024-09-11 16:00:00+00:00,11644.206975882182
2024-09-11 20:00:00+00:00,11644.206975882182
2024-09-12 00:00:00+00:00,11644.206975882182
2024-09-12 04:00:00+00:00,11644.206975882182
2024-09-12 08:00:00+00:00,11644.206975882182
2024-09-12 12:00:00+00:00,11644.206975882182
2024-09-12 16:00:00+00:00,11644.206975882182
2024-09-12 20:00:00+00:00,11644.206975882182
2024-09-13 00:00:00+00:00,11644.206975882182
2024-09-13 04:00:00+00:00,11644.206975882182
2024-09-13 08:00:00+00:00,11644.206975882182
2024-09-13 12:00:00+00:00,11644.206975882182
2024-09-13 16:00:00+00:00,11644.206975882182
2024-09-13 20:00:00+00:00,11644.206975882182
2024-09-14 00:00:00+00:00,11644.206975882182
2024-09-14 04:00:00+00:00,11644.206975882182
2024-09-14 08:00:00+00:00,11644.206975882182
2024-09-14 12:00:00+00:00,11644.206975882182
2024-09-14 16:00:00+00:00,11644.206975882182
2024-09-14 20:00:00+00:00,11644.206975882182
2024-09-15 00:00:00+00:00,11644.206975882182
2024-09-15 04:00:00+00:00,11644.206975882182
2024-09-15 08:00:00+00:00,11644.206975882182
2024-09-15 12:00:00+00:00,11644.206975882182
2024-09-15 16:00:00+00:00,11644.206975882182
2024-09-15 20:00:00+00:00,11644.206975882182
2024-09-16 00:00:00+00:00,11644.206975882182
2024-09-16 04:00:00+00:00,11644.206975882182
2024-09-16 08:00:00+00:00,11644.206975882182
2024-09-16 12:00:00+00:00,11644.206975882182
2024-09-16 16:00:00+00:00,11644.206975882182
2024-09-16 20:00:00+00:00,11644.206975882182
2024-09-17 00:00:00+00:00,11644.206975882182
2024-09-17 04:00:00+00:00,11644.206975882182
2024-09-17 08:00:00+00:00,11644.206975882182
2024-09-17 12:00:00+00:00,11644.206975882182
2024-09-17 16:00:00+00:00,11644.206975882182
2024-09-17 20:00:00+00:00,11644.206975882182
2024-09-18 00:00:00+00:00,11644.206975882182
2024-09-18 04:00:00+00:00,11644.206975882182
2024-09-18 08:00:00+00:00,11644.206975882182
2024-09-18 12:00:00+00:00,11644.206975882182
2024-09-18 16:00:00+00:00,11644.206975882182
2024-09-18 20:00:00+00:00,11644.206975882182
2024-09-19 00:00:00+00:00,11644.206975882182
2024-09-19 04:00:00+00:00,11644.206975882182
2024-09-19 08:00:00+00:00,11644.206975882182
2024-09-19 12:00:00+00:00,11644.206975882182
2024-09-19 16:00:00+00:00,11644.206975882182
2024-09-19 20:00:00+00:00,11644.206975882182
2024-09-20 00:00:00+00:00,11644.206975882182
2024-09-20 04:00:00+00:00,11644.206975882182
2024-09-20 08:00:00+00:00,11644.206975882182
2024-09-20 12:00:00+00:00,11644.206975882182
2024-09-20 16:00:00+00:00,11644.206975882182
2024-09-20 20:00:00+00:00,11644.206975882182
2024-09-21 00:00:00+00:00,11644.206975882182
2024-09-21 04:00:00+00:00,11644.206975882182
2024-09-21 08:00:00+00:00,11644.206975882182
2024-09-21 12:00:00+00:00,11644.206975882182
2024-09-21 16:00:00+00:00,11644.206975882182
2024-09-21 20:00:00+00:00,11644.206975882182
2024-09-22 00:00:00+00:00,11644.206975882182
2024-09-22 04:00:00+00:00,11644.206975882182
2024-09-22 08:00:00+00:00,11644.206975882182
2024-09-22 12:00:00+00:00,11644.206975882182
2024-09-22 16:00:00+00:00,11644.206975882182
2024-09-22 20:00:00+00:00,11644.206975882182
2024-09-23 00:00:00+00:00,11644.206975882182
2024-09-23 04:00:00+00:00,11644.206975882182
2024-09-23 08:00:00+00:00,11644.206975882182
2024-09-23 12:00:00+00:00,11644.206975882182
2024-09-23 16:00:00+00:00,11644.206975882182
2024-09-23 20:00:00+00:00,11644.206975882182
2024-09-24 00:00:00+00:00,11644.206975882182
2024-09-24 04:00:00+00:00,11644.206975882182
2024-09-24 08:00:00+00:00,11644.206975882182
2024-09-24 12:00:00+00:00,11644.206975882182
2024-09-24 16:00:00+00:00,11644.206975882182
2024-09-24 20:00:00+00:00,11644.206975882182
2024-09-25 00:00:00+00:00,11620.965045790597
2024-09-25 04:00:00+00:00,11337.830104037323
2024-09-25 08:00:00+00:00,11283.483265209732
2024-09-25 12:00:00+00:00,11410.813311744843
2024-09-25 16:00:00+00:00,11154.602618743102
2024-09-25 20:00:00+00:00,10999.333831936907
2024-09-26 00:00:00+00:00,10855.374106860892
2024-09-26 04:00:00+00:00,10855.374106860892
2024-09-26 08:00:00+00:00,10855.374106860892
2024-09-26 12:00:00+00:00,10855.374106860892
2024-09-26 16:00:00+00:00,10855.374106860892
2024-09-26 20:00:00+00:00,10855.374106860892
2024-09-27 00:00:00+00:00,10833.706693473945
2024-09-27 04:00:00+00:00,10800.542823744183
2024-09-27 08:00:00+00:00,10623.634563318496
2024-09-27 12:00:00+00:00,10877.971997749397
2024-09-27 16:00:00+00:00,11053.890959439483
2024-09-27 20:00:00+00:00,10974.979626297843
2024-09-28 00:00:00+00:00,10909.139678499396
2024-09-28 04:00:00+00:00,10608.082178946092
2024-09-28 08:00:00+00:00,10470.385987421849
2024-09-28 12:00:00+00:00,10134.220986866334
2024-09-28 16:00:00+00:00,10134.220986866334
2024-09-28 20:00:00+00:00,10134.220986866334
2024-09-29 00:00:00+00:00,10134.220986866334
2024-09-29 04:00:00+00:00,10134.220986866334
2024-09-29 08:00:00+00:00,10134.220986866334
2024-09-29 12:00:00+00:00,10134.220986866334
2024-09-29 16:00:00+00:00,10134.220986866334
2024-09-29 20:00:00+00:00,10134.220986866334
2024-09-30 00:00:00+00:00,10134.220986866334
2024-09-30 04:00:00+00:00,10134.220986866334
2024-09-30 08:00:00+00:00,10134.220986866334
2024-09-30 12:00:00+00:00,10134.220986866334
2024-09-30 16:00:00+00:00,10134.220986866334
2024-09-30 20:00:00+00:00,10134.220986866334
2024-10-01 00:00:00+00:00,10134.220986866334
2024-10-01 04:00:00+00:00,10134.220986866334
2024-10-01 08:00:00+00:00,10134.220986866334
2024-10-01 12:00:00+00:00,10134.220986866334
2024-10-01 16:00:00+00:00,10113.911926772413
2024-10-01 20:00:00+00:00,9996.867367117211
2024-10-02 00:00:00+00:00,9575.690025216692
2024-10-02 04:00:00+00:00,9825.018288219031
2024-10-02 08:00:00+00:00,10219.492037591343
2024-10-02 12:00:00+00:00,9991.847057655972
2024-10-02 16:00:00+00:00,10531.470078502145
2024-10-02 20:00:00+00:00,10448.96774610883
2024-10-03 00:00:00+00:00,10172.926743243877
2024-10-03 04:00:00+00:00,10595.033643575049
2024-10-03 08:00:00+00:00,10747.544311266955
2024-10-03 12:00:00+00:00,10817.101272926502
2024-10-03 16:00:00+00:00,10713.849316426085
2024-10-03 20:00:00+00:00,10804.144546881056
2024-10-04 00:00:00+00:00,10770.015526793977
2024-10-04 04:00:00+00:00,10777.36146717113
2024-10-04 08:00:00+00:00,10570.427944878626
2024-10-04 12:00:00+00:00,10356.591654789581
2024-10-04 16:00:00+00:00,10191.15075677947
2024-10-04 20:00:00+00:00,10143.225348433712
2024-10-05 00:00:00+00:00,10364.87913975971
2024-10-05 04:00:00+00:00,10275.472462443233
2024-10-05 08:00:00+00:00,10172.245424543433
2024-10-05 12:00:00+00:00,10366.24903194306
2024-10-05 16:00:00+00:00,10733.049571340325
2024-10-05 20:00:00+00:00,10560.679409806435
2024-10-06 00:00:00+00:00,10692.455278381478
2024-10-06 04:00:00+00:00,10672.156081637448
2024-10-06 08:00:00+00:00,10596.559986719238
2024-10-06 12:00:00+00:00,10189.180294778695
2024-10-06 16:00:00+00:00,10355.534349102596
2024-10-06 20:00:00+00:00,10093.322538730048
2024-10-07 00:00:00+00:00,9606.530146223791
2024-10-07 04:00:00+00:00,9606.530146223791
2024-10-07 08:00:00+00:00,9606.530146223791
2024-10-07 12:00:00+00:00,9606.530146223791
2024-10-07 16:00:00+00:00,9606.530146223791
2024-10-07 20:00:00+00:00,9606.530146223791
2024-10-08 00:00:00+00:00,9606.530146223791
2024-10-08 04:00:00+00:00,9606.530146223791
2024-10-08 08:00:00+00:00,9606.530146223791
2024-10-08 12:00:00+00:00,9606.530146223791
2024-10-08 16:00:00+00:00,9606.530146223791
2024-10-08 20:00:00+00:00,9606.530146223791
2024-10-09 00:00:00+00:00,9606.530146223791
2024-10-09 04:00:00+00:00,9606.530146223791
2024-10-09 08:00:00+00:00,9606.530146223791
2024-10-09 12:00:00+00:00,9606.530146223791
2024-10-09 16:00:00+00:00,9606.530146223791
2024-10-09 20:00:00+00:00,9606.530146223791
2024-10-10 00:00:00+00:00,9606.530146223791
2024-10-10 04:00:00+00:00,9606.530146223791
2024-10-10 08:00:00+00:00,9606.530146223791
2024-10-10 12:00:00+00:00,9606.530146223791
2024-10-10 16:00:00+00:00,9606.530146223791
2024-10-10 20:00:00+00:00,9606.530146223791
2024-10-11 00:00:00+00:00,9606.530146223791
2024-10-11 04:00:00+00:00,9606.530146223791
2024-10-11 08:00:00+00:00,9606.530146223791
2024-10-11 12:00:00+00:00,9606.530146223791
2024-10-11 16:00:00+00:00,9606.530146223791
2024-10-11 20:00:00+00:00,9606.530146223791
2024-10-12 00:00:00+00:00,9606.530146223791
2024-10-12 04:00:00+00:00,9606.530146223791
2024-10-12 08:00:00+00:00,9606.530146223791
2024-10-12 12:00:00+00:00,9606.530146223791
2024-10-12 16:00:00+00:00,9606.530146223791
2024-10-12 20:00:00+00:00,9606.530146223791
2024-10-13 00:00:00+00:00,9606.530146223791
2024-10-13 04:00:00+00:00,9606.530146223791
2024-10-13 08:00:00+00:00,9606.530146223791
2024-10-13 12:00:00+00:00,9606.530146223791
2024-10-13 16:00:00+00:00,9606.530146223791
2024-10-13 20:00:00+00:00,9606.530146223791
2024-10-14 00:00:00+00:00,9606.530146223791
2024-10-14 04:00:00+00:00,9606.530146223791
2024-10-14 08:00:00+00:00,9606.530146223791
2024-10-14 12:00:00+00:00,9606.530146223791
2024-10-14 16:00:00+00:00,9606.530146223791
2024-10-14 20:00:00+00:00,9606.530146223791
2024-10-15 00:00:00+00:00,9606.530146223791
2024-10-15 04:00:00+00:00,9606.530146223791
2024-10-15 08:00:00+00:00,9606.530146223791
2024-10-15 12:00:00+00:00,9606.530146223791
2024-10-15 16:00:00+00:00,9606.530146223791
2024-10-15 20:00:00+00:00,9606.530146223791
2024-10-16 00:00:00+00:00,9606.530146223791
2024-10-16 04:00:00+00:00,9606.530146223791
2024-10-16 08:00:00+00:00,9606.530146223791
2024-10-16 12:00:00+00:00,9606.530146223791
2024-10-16 16:00:00+00:00,9606.530146223791
2024-10-16 20:00:00+00:00,9606.530146223791
2024-10-17 00:00:00+00:00,9606.530146223791
2024-10-17 04:00:00+00:00,9606.530146223791
2024-10-17 08:00:00+00:00,9606.530146223791
2024-10-17 12:00:00+00:00,9606.530146223791
2024-10-17 16:00:00+00:00,9606.530146223791
2024-10-17 20:00:00+00:00,9606.530146223791
2024-10-18 00:00:00+00:00,9606.530146223791
2024-10-18 04:00:00+00:00,9606.530146223791
2024-10-18 08:00:00+00:00,9606.530146223791
2024-10-18 12:00:00+00:00,9606.530146223791
2024-10-18 16:00:00+00:00,9606.530146223791
2024-10-18 20:00:00+00:00,9606.530146223791
2024-10-19 00:00:00+00:00,9606.530146223791
2024-10-19 04:00:00+00:00,9606.530146223791
2024-10-19 08:00:00+00:00,9606.530146223791
2024-10-19 12:00:00+00:00,9606.530146223791
2024-10-19 16:00:00+00:00,9606.530146223791
2024-10-19 20:00:00+00:00,9606.530146223791
2024-10-20 00:00:00+00:00,9606.530146223791
2024-10-20 04:00:00+00:00,9606.530146223791
2024-10-20 08:00:00+00:00,9606.530146223791
2024-10-20 12:00:00+00:00,9606.530146223791
2024-10-20 16:00:00+00:00,9606.530146223791
2024-10-20 20:00:00+00:00,9606.530146223791
2024-10-21 00:00:00+00:00,9606.530146223791
2024-10-21 04:00:00+00:00,9606.530146223791
2024-10-21 08:00:00+00:00,9606.530146223791
2024-10-21 12:00:00+00:00,9606.530146223791
2024-10-21 16:00:00+00:00,9606.530146223791
2024-10-21 20:00:00+00:00,9606.530146223791
2024-10-22 00:00:00+00:00,9606.530146223791
2024-10-22 04:00:00+00:00,9606.530146223791
2024-10-22 08:00:00+00:00,9606.530146223791
2024-10-22 12:00:00+00:00,9606.530146223791
2024-10-22 16:00:00+00:00,9606.530146223791
2024-10-22 20:00:00+00:00,9606.530146223791
2024-10-23 00:00:00+00:00,9606.530146223791
2024-10-23 04:00:00+00:00,9606.530146223791
2024-10-23 08:00:00+00:00,9606.530146223791
2024-10-23 12:00:00+00:00,9606.530146223791
2024-10-23 16:00:00+00:00,9606.530146223791
2024-10-23 20:00:00+00:00,9606.530146223791
2024-10-24 00:00:00+00:00,9606.530146223791
2024-10-24 04:00:00+00:00,9606.530146223791
2024-10-24 08:00:00+00:00,9606.530146223791
2024-10-24 12:00:00+00:00,9606.530146223791
2024-10-24 16:00:00+00:00,9606.530146223791
2024-10-24 20:00:00+00:00,9606.530146223791
2024-10-25 00:00:00+00:00,9606.530146223791
2024-10-25 04:00:00+00:00,9606.530146223791
2024-10-25 08:00:00+00:00,9606.530146223791
2024-10-25 12:00:00+00:00,9606.530146223791
2024-10-25 16:00:00+00:00,9606.530146223791
2024-10-25 20:00:00+00:00,9606.530146223791
2024-10-26 00:00:00+00:00,9606.530146223791
2024-10-26 04:00:00+00:00,9606.530146223791
2024-10-26 08:00:00+00:00,9606.530146223791
2024-10-26 12:00:00+00:00,9606.530146223791
2024-10-26 16:00:00+00:00,9606.530146223791
2024-10-26 20:00:00+00:00,9606.530146223791
2024-10-27 00:00:00+00:00,9606.530146223791
2024-10-27 04:00:00+00:00,9606.530146223791
2024-10-27 08:00:00+00:00,9606.530146223791
2024-10-27 12:00:00+00:00,9606.530146223791
2024-10-27 16:00:00+00:00,9606.530146223791
2024-10-27 20:00:00+00:00,9606.530146223791
2024-10-28 00:00:00+00:00,9606.530146223791
2024-10-28 04:00:00+00:00,9606.530146223791
2024-10-28 08:00:00+00:00,9606.530146223791
2024-10-28 12:00:00+00:00,9606.530146223791
2024-10-28 16:00:00+00:00,9606.530146223791
2024-10-28 20:00:00+00:00,9606.530146223791
2024-10-29 00:00:00+00:00,9606.530146223791
2024-10-29 04:00:00+00:00,9606.530146223791
2024-10-29 08:00:00+00:00,9606.530146223791
2024-10-29 12:00:00+00:00,9606.530146223791
2024-10-29 16:00:00+00:00,9606.530146223791
2024-10-29 20:00:00+00:00,9606.530146223791
2024-10-30 00:00:00+00:00,9606.530146223791
2024-10-30 04:00:00+00:00,9606.530146223791
2024-10-30 08:00:00+00:00,9606.530146223791
2024-10-30 12:00:00+00:00,9606.530146223791
2024-10-30 16:00:00+00:00,9606.530146223791
2024-10-30 20:00:00+00:00,9606.530146223791
2024-10-31 00:00:00+00:00,9606.530146223791
2024-10-31 04:00:00+00:00,9606.530146223791
2024-10-31 08:00:00+00:00,9606.530146223791
2024-10-31 12:00:00+00:00,9606.530146223791
2024-10-31 16:00:00+00:00,9606.530146223791
2024-10-31 20:00:00+00:00,9606.530146223791
2024-11-01 00:00:00+00:00,9606.530146223791
2024-11-01 04:00:00+00:00,9606.530146223791
2024-11-01 08:00:00+00:00,9606.530146223791
2024-11-01 12:00:00+00:00,9606.530146223791
2024-11-01 16:00:00+00:00,9606.530146223791
2024-11-01 20:00:00+00:00,9606.530146223791
2024-11-02 00:00:00+00:00,9606.530146223791
2024-11-02 04:00:00+00:00,9606.530146223791
2024-11-02 08:00:00+00:00,9606.530146223791
2024-11-02 12:00:00+00:00,9606.530146223791
2024-11-02 16:00:00+00:00,9606.530146223791
2024-11-02 20:00:00+00:00,9606.530146223791
2024-11-03 00:00:00+00:00,9606.530146223791
2024-11-03 04:00:00+00:00,9606.530146223791
2024-11-03 08:00:00+00:00,9606.530146223791
2024-11-03 12:00:00+00:00,9606.530146223791
2024-11-03 16:00:00+00:00,9606.530146223791
2024-11-03 20:00:00+00:00,9606.530146223791
2024-11-04 00:00:00+00:00,9606.530146223791
2024-11-04 04:00:00+00:00,9606.530146223791
2024-11-04 08:00:00+00:00,9606.530146223791
2024-11-04 12:00:00+00:00,9606.530146223791
2024-11-04 16:00:00+00:00,9606.530146223791
2024-11-04 20:00:00+00:00,9606.530146223791
2024-11-05 00:00:00+00:00,9606.530146223791
2024-11-05 04:00:00+00:00,9606.530146223791
2024-11-05 08:00:00+00:00,9606.530146223791
2024-11-05 12:00:00+00:00,9606.530146223791
2024-11-05 16:00:00+00:00,9606.530146223791
2024-11-05 20:00:00+00:00,9606.530146223791
2024-11-06 00:00:00+00:00,9606.530146223791
2024-11-06 04:00:00+00:00,9587.355435353084
2024-11-06 08:00:00+00:00,9761.606694478449
2024-11-06 12:00:00+00:00,9635.385352222189
2024-11-06 16:00:00+00:00,10012.273315703289
2024-11-06 20:00:00+00:00,9872.065395340907
2024-11-07 00:00:00+00:00,9885.589941902348
2024-11-07 04:00:00+00:00,9647.562067631556
2024-11-07 08:00:00+00:00,9647.121718726654
2024-11-07 12:00:00+00:00,9968.108648236936
2024-11-07 16:00:00+00:00,9869.827938233244
2024-11-07 20:00:00+00:00,9848.414737140858
2024-11-08 00:00:00+00:00,9708.214150612519
2024-11-08 04:00:00+00:00,9819.57172443871
2024-11-08 08:00:00+00:00,9770.210557259714
2024-11-08 12:00:00+00:00,9664.951225871047
2024-11-08 16:00:00+00:00,9664.509920379098
2024-11-08 20:00:00+00:00,9747.919209256326
2024-11-09 00:00:00+00:00,9642.66083445471
2024-11-09 04:00:00+00:00,9858.834521003519
2024-11-09 08:00:00+00:00,9963.19753032725
2024-11-09 12:00:00+00:00,9718.178280177497
2024-11-09 16:00:00+00:00,9864.47296393281
2024-11-09 20:00:00+00:00,10241.35008609402
2024-11-10 00:00:00+00:00,10331.720458926991
2024-11-10 04:00:00+00:00,10275.348146403354
2024-11-10 08:00:00+00:00,10470.530167886049
2024-11-10 12:00:00+00:00,10686.665909815247
2024-11-10 16:00:00+00:00,10357.762903611949
2024-11-10 20:00:00+00:00,10070.800181123674
2024-11-11 00:00:00+00:00,10573.44362896816
2024-11-11 04:00:00+00:00,10279.483472216281
2024-11-11 08:00:00+00:00,10656.341462636512
2024-11-11 12:00:00+00:00,10418.277875782556
2024-11-11 16:00:00+00:00,10795.12948895579
2024-11-11 20:00:00+00:00,11025.225343416083
2024-11-12 00:00:00+00:00,11353.136368849544
2024-11-12 04:00:00+00:00,11009.094661532416
2024-11-12 08:00:00+00:00,11009.094661532416
2024-11-12 12:00:00+00:00,11009.094661532416
2024-11-12 16:00:00+00:00,11009.094661532416
2024-11-12 20:00:00+00:00,11009.094661532416
2024-11-13 00:00:00+00:00,11009.094661532416
2024-11-13 04:00:00+00:00,11009.094661532416
2024-11-13 08:00:00+00:00,11009.094661532416
2024-11-13 12:00:00+00:00,11009.094661532416
2024-11-13 16:00:00+00:00,11009.094661532416
2024-11-13 20:00:00+00:00,11009.094661532416
2024-11-14 00:00:00+00:00,11009.094661532416
2024-11-14 04:00:00+00:00,11009.094661532416
2024-11-14 08:00:00+00:00,11009.094661532416
2024-11-14 12:00:00+00:00,11009.094661532416
2024-11-14 16:00:00+00:00,11009.094661532416
2024-11-14 20:00:00+00:00,11009.094661532416
2024-11-15 00:00:00+00:00,11009.094661532416
2024-11-15 04:00:00+00:00,11009.094661532416
2024-11-15 08:00:00+00:00,11009.094661532416
2024-11-15 12:00:00+00:00,11009.094661532416
2024-11-15 16:00:00+00:00,11009.094661532416
2024-11-15 20:00:00+00:00,11009.094661532416
2024-11-16 00:00:00+00:00,11009.094661532416
2024-11-16 04:00:00+00:00,11009.094661532416
2024-11-16 08:00:00+00:00,11009.094661532416
2024-11-16 12:00:00+00:00,11009.094661532416
2024-11-16 16:00:00+00:00,11009.094661532416
2024-11-16 20:00:00+00:00,11009.094661532416
2024-11-17 00:00:00+00:00,11009.094661532416
2024-11-17 04:00:00+00:00,11009.094661532416
2024-11-17 08:00:00+00:00,11009.094661532416
2024-11-17 12:00:00+00:00,11009.094661532416
2024-11-17 16:00:00+00:00,11009.094661532416
2024-11-17 20:00:00+00:00,11009.094661532416
2024-11-18 00:00:00+00:00,11009.094661532416
2024-11-18 04:00:00+00:00,11009.094661532416
2024-11-18 08:00:00+00:00,11009.094661532416
2024-11-18 12:00:00+00:00,11009.094661532416
2024-11-18 16:00:00+00:00,11009.094661532416
2024-11-18 20:00:00+00:00,11009.094661532416
2024-11-19 00:00:00+00:00,11009.094661532416
2024-11-19 04:00:00+00:00,11009.094661532416
2024-11-19 08:00:00+00:00,11009.094661532416
2024-11-19 12:00:00+00:00,11009.094661532416
2024-11-19 16:00:00+00:00,11009.094661532416
2024-11-19 20:00:00+00:00,11009.094661532416
2024-11-20 00:00:00+00:00,11009.094661532416
2024-11-20 04:00:00+00:00,11009.094661532416
2024-11-20 08:00:00+00:00,11009.094661532416
2024-11-20 12:00:00+00:00,11009.094661532416
2024-11-20 16:00:00+00:00,11009.094661532416
2024-11-20 20:00:00+00:00,11009.094661532416
2024-11-21 00:00:00+00:00,11009.094661532416
2024-11-21 04:00:00+00:00,11009.094661532416
2024-11-21 08:00:00+00:00,11009.094661532416
2024-11-21 12:00:00+00:00,11009.094661532416
2024-11-21 16:00:00+00:00,11009.094661532416
2024-11-21 20:00:00+00:00,11009.094661532416
2024-11-22 00:00:00+00:00,11009.094661532416
2024-11-22 04:00:00+00:00,11009.094661532416
2024-11-22 08:00:00+00:00,11009.094661532416
2024-11-22 12:00:00+00:00,11009.094661532416
2024-11-22 16:00:00+00:00,11009.094661532416
2024-11-22 20:00:00+00:00,11009.094661532416
2024-11-23 00:00:00+00:00,11009.094661532416
2024-11-23 04:00:00+00:00,11009.094661532416
2024-11-23 08:00:00+00:00,11009.094661532416
2024-11-23 12:00:00+00:00,11009.094661532416
2024-11-23 16:00:00+00:00,11009.094661532416
2024-11-23 20:00:00+00:00,11009.094661532416
2024-11-24 00:00:00+00:00,11009.094661532416
2024-11-24 04:00:00+00:00,11009.094661532416
2024-11-24 08:00:00+00:00,11009.094661532416
2024-11-24 12:00:00+00:00,11009.094661532416
2024-11-24 16:00:00+00:00,11009.094661532416
2024-11-24 20:00:00+00:00,11009.094661532416
2024-11-25 00:00:00+00:00,11009.094661532416
2024-11-25 04:00:00+00:00,11009.094661532416
2024-11-25 08:00:00+00:00,11009.094661532416
2024-11-25 12:00:00+00:00,11009.094661532416
2024-11-25 16:00:00+00:00,11009.094661532416
2024-11-25 20:00:00+00:00,11009.094661532416
2024-11-26 00:00:00+00:00,11009.094661532416
2024-11-26 04:00:00+00:00,11009.094661532416
2024-11-26 08:00:00+00:00,11009.094661532416
2024-11-26 12:00:00+00:00,11009.094661532416
2024-11-26 16:00:00+00:00,11009.094661532416
2024-11-26 20:00:00+00:00,11009.094661532416
2024-11-27 00:00:00+00:00,11009.094661532416
2024-11-27 04:00:00+00:00,11009.094661532416
2024-11-27 08:00:00+00:00,11009.094661532416
2024-11-27 12:00:00+00:00,11009.094661532416
2024-11-27 16:00:00+00:00,11009.094661532416
2024-11-27 20:00:00+00:00,11009.094661532416
2024-11-28 00:00:00+00:00,11009.094661532416
2024-11-28 04:00:00+00:00,11009.094661532416
2024-11-28 08:00:00+00:00,11009.094661532416
2024-11-28 12:00:00+00:00,11009.094661532416
2024-11-28 16:00:00+00:00,11009.094661532416
2024-11-28 20:00:00+00:00,11009.094661532416
2024-11-29 00:00:00+00:00,11009.094661532416
2024-11-29 04:00:00+00:00,11009.094661532416
2024-11-29 08:00:00+00:00,11009.094661532416
2024-11-29 12:00:00+00:00,11009.094661532416
2024-11-29 16:00:00+00:00,11009.094661532416
2024-11-29 20:00:00+00:00,11009.094661532416
2024-11-30 00:00:00+00:00,11009.094661532416
2024-11-30 04:00:00+00:00,11009.094661532416
2024-11-30 08:00:00+00:00,11009.094661532416
2024-11-30 12:00:00+00:00,11009.094661532416
2024-11-30 16:00:00+00:00,11009.094661532416
2024-11-30 20:00:00+00:00,11009.094661532416
2024-12-01 00:00:00+00:00,11009.094661532416
2024-12-01 04:00:00+00:00,11009.094661532416
2024-12-01 08:00:00+00:00,11009.094661532416
2024-12-01 12:00:00+00:00,11009.094661532416
2024-12-01 16:00:00+00:00,11009.094661532416
2024-12-01 20:00:00+00:00,11009.094661532416
2024-12-02 00:00:00+00:00,11009.094661532416
2024-12-02 04:00:00+00:00,11009.094661532416
2024-12-02 08:00:00+00:00,11009.094661532416
2024-12-02 12:00:00+00:00,11009.094661532416
2024-12-02 16:00:00+00:00,11009.094661532416
2024-12-02 20:00:00+00:00,11009.094661532416
2024-12-03 00:00:00+00:00,11009.094661532416
2024-12-03 04:00:00+00:00,11009.094661532416
2024-12-03 08:00:00+00:00,11009.094661532416
2024-12-03 12:00:00+00:00,11009.094661532416
2024-12-03 16:00:00+00:00,11009.094661532416
2024-12-03 20:00:00+00:00,11009.094661532416
2024-12-04 00:00:00+00:00,11009.094661532416
2024-12-04 04:00:00+00:00,11009.094661532416
2024-12-04 08:00:00+00:00,11009.094661532416
2024-12-04 12:00:00+00:00,11009.094661532416
2024-12-04 16:00:00+00:00,11009.094661532416
2024-12-04 20:00:00+00:00,11009.094661532416
2024-12-05 00:00:00+00:00,11009.094661532416
2024-12-05 04:00:00+00:00,11009.094661532416
2024-12-05 08:00:00+00:00,11009.094661532416
2024-12-05 12:00:00+00:00,11009.094661532416
2024-12-05 16:00:00+00:00,11009.094661532416
2024-12-05 20:00:00+00:00,11009.094661532416
2024-12-06 00:00:00+00:00,11009.094661532416
2024-12-06 04:00:00+00:00,11009.094661532416
2024-12-06 08:00:00+00:00,11009.094661532416
2024-12-06 12:00:00+00:00,11009.094661532416
2024-12-06 16:00:00+00:00,11009.094661532416
2024-12-06 20:00:00+00:00,11009.094661532416
2024-12-07 00:00:00+00:00,11009.094661532416
2024-12-07 04:00:00+00:00,11009.094661532416
2024-12-07 08:00:00+00:00,11009.094661532416
2024-12-07 12:00:00+00:00,11009.094661532416
2024-12-07 16:00:00+00:00,11009.094661532416
2024-12-07 20:00:00+00:00,11009.094661532416
2024-12-08 00:00:00+00:00,11009.094661532416
2024-12-08 04:00:00+00:00,11009.094661532416
2024-12-08 08:00:00+00:00,11009.094661532416
2024-12-08 12:00:00+00:00,11009.094661532416
2024-12-08 16:00:00+00:00,11009.094661532416
2024-12-08 20:00:00+00:00,11009.094661532416
2024-12-09 00:00:00+00:00,11009.094661532416
2024-12-09 04:00:00+00:00,11009.094661532416
2024-12-09 08:00:00+00:00,11009.094661532416
2024-12-09 12:00:00+00:00,11009.094661532416
2024-12-09 16:00:00+00:00,11009.094661532416
2024-12-09 20:00:00+00:00,11009.094661532416
2024-12-10 00:00:00+00:00,11009.094661532416
2024-12-10 04:00:00+00:00,11009.094661532416
2024-12-10 08:00:00+00:00,11009.094661532416
2024-12-10 12:00:00+00:00,11009.094661532416
2024-12-10 16:00:00+00:00,11009.094661532416
2024-12-10 20:00:00+00:00,11009.094661532416
2024-12-11 00:00:00+00:00,11009.094661532416
2024-12-11 04:00:00+00:00,11009.094661532416
2024-12-11 08:00:00+00:00,11009.094661532416
2024-12-11 12:00:00+00:00,11009.094661532416
2024-12-11 16:00:00+00:00,11009.094661532416
2024-12-11 20:00:00+00:00,11009.094661532416
2024-12-12 00:00:00+00:00,11009.094661532416
2024-12-12 04:00:00+00:00,11009.094661532416
2024-12-12 08:00:00+00:00,11009.094661532416
2024-12-12 12:00:00+00:00,11009.094661532416
2024-12-12 16:00:00+00:00,11009.094661532416
2024-12-12 20:00:00+00:00,11009.094661532416
2024-12-13 00:00:00+00:00,11009.094661532416
2024-12-13 04:00:00+00:00,11009.094661532416
2024-12-13 08:00:00+00:00,11009.094661532416
2024-12-13 12:00:00+00:00,11009.094661532416
2024-12-13 16:00:00+00:00,11009.094661532416
2024-12-13 20:00:00+00:00,11009.094661532416
2024-12-14 00:00:00+00:00,11009.094661532416
2024-12-14 04:00:00+00:00,11009.094661532416
2024-12-14 08:00:00+00:00,11009.094661532416
2024-12-14 12:00:00+00:00,11009.094661532416
2024-12-14 16:00:00+00:00,11009.094661532416
2024-12-14 20:00:00+00:00,11009.094661532416
2024-12-15 00:00:00+00:00,11009.094661532416
2024-12-15 04:00:00+00:00,11009.094661532416
2024-12-15 08:00:00+00:00,11009.094661532416
2024-12-15 12:00:00+00:00,11009.094661532416
2024-12-15 16:00:00+00:00,11009.094661532416
2024-12-15 20:00:00+00:00,11009.094661532416
2024-12-16 00:00:00+00:00,11009.094661532416
2024-12-16 04:00:00+00:00,11009.094661532416
2024-12-16 08:00:00+00:00,11009.094661532416
2024-12-16 12:00:00+00:00,11009.094661532416
2024-12-16 16:00:00+00:00,11009.094661532416
2024-12-16 20:00:00+00:00,11009.094661532416
2024-12-17 00:00:00+00:00,11009.094661532416
2024-12-17 04:00:00+00:00,11009.094661532416
2024-12-17 08:00:00+00:00,11009.094661532416
2024-12-17 12:00:00+00:00,11009.094661532416
2024-12-17 16:00:00+00:00,11009.094661532416
2024-12-17 20:00:00+00:00,11009.094661532416
2024-12-18 00:00:00+00:00,11009.094661532416
2024-12-18 04:00:00+00:00,11009.094661532416
2024-12-18 08:00:00+00:00,11009.094661532416
2024-12-18 12:00:00+00:00,11009.094661532416
2024-12-18 16:00:00+00:00,11009.094661532416
2024-12-18 20:00:00+00:00,11009.094661532416
2024-12-19 00:00:00+00:00,11009.094661532416
2024-12-19 04:00:00+00:00,11009.094661532416
2024-12-19 08:00:00+00:00,11009.094661532416
2024-12-19 12:00:00+00:00,11009.094661532416
2024-12-19 16:00:00+00:00,11009.094661532416
2024-12-19 20:00:00+00:00,11009.094661532416
2024-12-20 00:00:00+00:00,11009.094661532416
2024-12-20 04:00:00+00:00,11009.094661532416
2024-12-20 08:00:00+00:00,11009.094661532416
2024-12-20 12:00:00+00:00,11009.094661532416
2024-12-20 16:00:00+00:00,11009.094661532416
2024-12-20 20:00:00+00:00,11009.094661532416
2024-12-21 00:00:00+00:00,11009.094661532416
2024-12-21 04:00:00+00:00,11009.094661532416
2024-12-21 08:00:00+00:00,11009.094661532416
2024-12-21 12:00:00+00:00,11009.094661532416
2024-12-21 16:00:00+00:00,11009.094661532416
2024-12-21 20:00:00+00:00,11009.094661532416
2024-12-22 00:00:00+00:00,11009.094661532416
2024-12-22 04:00:00+00:00,11009.094661532416
2024-12-22 08:00:00+00:00,11009.094661532416
2024-12-22 12:00:00+00:00,11009.094661532416
2024-12-22 16:00:00+00:00,11009.094661532416
2024-12-22 20:00:00+00:00,11009.094661532416
2024-12-23 00:00:00+00:00,11009.094661532416
2024-12-23 04:00:00+00:00,11009.094661532416
2024-12-23 08:00:00+00:00,11009.094661532416
2024-12-23 12:00:00+00:00,11009.094661532416
2024-12-23 16:00:00+00:00,11009.094661532416
2024-12-23 20:00:00+00:00,11009.094661532416
2024-12-24 00:00:00+00:00,11009.094661532416
2024-12-24 04:00:00+00:00,11009.094661532416
2024-12-24 08:00:00+00:00,11009.094661532416
2024-12-24 12:00:00+00:00,11009.094661532416
2024-12-24 16:00:00+00:00,11009.094661532416
2024-12-24 20:00:00+00:00,11009.094661532416
2024-12-25 00:00:00+00:00,11009.094661532416
2024-12-25 04:00:00+00:00,11009.094661532416
2024-12-25 08:00:00+00:00,11009.094661532416
2024-12-25 12:00:00+00:00,11009.094661532416
2024-12-25 16:00:00+00:00,11009.094661532416
2024-12-25 20:00:00+00:00,11009.094661532416
2024-12-26 00:00:00+00:00,11009.094661532416
2024-12-26 04:00:00+00:00,11009.094661532416
2024-12-26 08:00:00+00:00,11009.094661532416
2024-12-26 12:00:00+00:00,11009.094661532416
2024-12-26 16:00:00+00:00,11009.094661532416
2024-12-26 20:00:00+00:00,11009.094661532416
2024-12-27 00:00:00+00:00,11009.094661532416
2024-12-27 04:00:00+00:00,11009.094661532416
2024-12-27 08:00:00+00:00,11009.094661532416
2024-12-27 12:00:00+00:00,11009.094661532416
2024-12-27 16:00:00+00:00,11009.094661532416
2024-12-27 20:00:00+00:00,11009.094661532416
2024-12-28 00:00:00+00:00,11009.094661532416
2024-12-28 04:00:00+00:00,11009.094661532416
2024-12-28 08:00:00+00:00,11009.094661532416
2024-12-28 12:00:00+00:00,11009.094661532416
2024-12-28 16:00:00+00:00,11009.094661532416
2024-12-28 20:00:00+00:00,11009.094661532416
2024-12-29 00:00:00+00:00,11009.094661532416
2024-12-29 04:00:00+00:00,11009.094661532416
2024-12-29 08:00:00+00:00,11009.094661532416
2024-12-29 12:00:00+00:00,11009.094661532416
2024-12-29 16:00:00+00:00,11009.094661532416
2024-12-29 20:00:00+00:00,11009.094661532416
2024-12-30 00:00:00+00:00,11009.094661532416
2024-12-30 04:00:00+00:00,11009.094661532416
2024-12-30 08:00:00+00:00,11009.094661532416
2024-12-30 12:00:00+00:00,11009.094661532416
2024-12-30 16:00:00+00:00,11009.094661532416
2024-12-30 20:00:00+00:00,11009.094661532416
2024-12-31 00:00:00+00:00,11009.094661532416
2024-12-31 04:00:00+00:00,11009.094661532416
2024-12-31 08:00:00+00:00,11009.094661532416
2024-12-31 12:00:00+00:00,11009.094661532416
2024-12-31 16:00:00+00:00,11009.094661532416
2024-12-31 20:00:00+00:00,11009.094661532416
2025-01-01 00:00:00+00:00,11009.094661532416
2025-01-01 04:00:00+00:00,11009.094661532416
2025-01-01 08:00:00+00:00,11009.094661532416
2025-01-01 12:00:00+00:00,11009.094661532416
2025-01-01 16:00:00+00:00,11009.094661532416
2025-01-01 20:00:00+00:00,11009.094661532416
2025-01-02 00:00:00+00:00,11009.094661532416
2025-01-02 04:00:00+00:00,11009.094661532416
2025-01-02 08:00:00+00:00,11009.094661532416
2025-01-02 12:00:00+00:00,11009.094661532416
2025-01-02 16:00:00+00:00,11009.094661532416
2025-01-02 20:00:00+00:00,11009.094661532416
2025-01-03 00:00:00+00:00,11009.094661532416
2025-01-03 04:00:00+00:00,11009.094661532416
2025-01-03 08:00:00+00:00,10987.120420691032
2025-01-03 12:00:00+00:00,11217.994878285668
2025-01-03 16:00:00+00:00,11142.845610518702
2025-01-03 20:00:00+00:00,11194.583256943655
2025-01-04 00:00:00+00:00,11111.971275172426
2025-01-04 04:00:00+00:00,11156.246548185243
2025-01-04 08:00:00+00:00,11066.172533594
2025-01-04 12:00:00+00:00,11073.131171256406
2025-01-04 16:00:00+00:00,11192.045505036132
2025-01-04 20:00:00+00:00,11109.433523264903
2025-01-05 00:00:00+00:00,11093.998910032687
2025-01-05 04:00:00+00:00,11130.81112844912
2025-01-05 08:00:00+00:00,11018.34692829236
2025-01-05 12:00:00+00:00,11077.553759971908
2025-01-05 16:00:00+00:00,11539.79959906845
2025-01-05 20:00:00+00:00,12002.024321453377
2025-01-06 00:00:00+00:00,11941.76642248264
2025-01-06 04:00:00+00:00,11806.873890442597
2025-01-06 08:00:00+00:00,11746.624846867055
2025-01-06 12:00:00+00:00,12171.521353769394
2025-01-06 16:00:00+00:00,11939.589698225362
2025-01-06 20:00:00+00:00,11715.13233681777
2025-01-07 00:00:00+00:00,11565.322550980152
2025-01-07 04:00:00+00:00,11639.431650403869
2025-01-07 08:00:00+00:00,11489.62527048748
2025-01-07 12:00:00+00:00,11036.134281662393
2025-01-07 16:00:00+00:00,11036.134281662393
2025-01-07 20:00:00+00:00,11036.134281662393
2025-01-08 00:00:00+00:00,11036.134281662393
2025-01-08 04:00:00+00:00,11036.134281662393
2025-01-08 08:00:00+00:00,11036.134281662393
2025-01-08 12:00:00+00:00,11036.134281662393
2025-01-08 16:00:00+00:00,11036.134281662393
2025-01-08 20:00:00+00:00,11036.134281662393
2025-01-09 00:00:00+00:00,11036.134281662393
2025-01-09 04:00:00+00:00,11036.134281662393
2025-01-09 08:00:00+00:00,11036.134281662393
2025-01-09 12:00:00+00:00,11036.134281662393
2025-01-09 16:00:00+00:00,11036.134281662393
2025-01-09 20:00:00+00:00,11036.134281662393
2025-01-10 00:00:00+00:00,11036.134281662393
2025-01-10 04:00:00+00:00,11036.134281662393
2025-01-10 08:00:00+00:00,11036.134281662393
2025-01-10 12:00:00+00:00,11036.134281662393
2025-01-10 16:00:00+00:00,11036.134281662393
2025-01-10 20:00:00+00:00,11036.134281662393
2025-01-11 00:00:00+00:00,11036.134281662393
2025-01-11 04:00:00+00:00,11036.134281662393
2025-01-11 08:00:00+00:00,11036.134281662393
2025-01-11 12:00:00+00:00,11036.134281662393
2025-01-11 16:00:00+00:00,11036.134281662393
2025-01-11 20:00:00+00:00,11036.134281662393
2025-01-12 00:00:00+00:00,11036.134281662393
2025-01-12 04:00:00+00:00,11036.134281662393
2025-01-12 08:00:00+00:00,11036.134281662393
2025-01-12 12:00:00+00:00,11036.134281662393
2025-01-12 16:00:00+00:00,11036.134281662393
2025-01-12 20:00:00+00:00,11036.134281662393
2025-01-13 00:00:00+00:00,11036.134281662393
2025-01-13 04:00:00+00:00,11036.134281662393
2025-01-13 08:00:00+00:00,11036.134281662393
2025-01-13 12:00:00+00:00,11036.134281662393
2025-01-13 16:00:00+00:00,11036.134281662393
2025-01-13 20:00:00+00:00,11036.134281662393
2025-01-14 00:00:00+00:00,11036.134281662393
2025-01-14 04:00:00+00:00,11036.134281662393
2025-01-14 08:00:00+00:00,11036.134281662393
2025-01-14 12:00:00+00:00,11036.134281662393
2025-01-14 16:00:00+00:00,11036.134281662393
2025-01-14 20:00:00+00:00,11036.134281662393
2025-01-15 00:00:00+00:00,11036.134281662393
2025-01-15 04:00:00+00:00,11036.134281662393
2025-01-15 08:00:00+00:00,11036.134281662393
2025-01-15 12:00:00+00:00,11036.134281662393
2025-01-15 16:00:00+00:00,11036.134281662393
2025-01-15 20:00:00+00:00,11036.134281662393
2025-01-16 00:00:00+00:00,11036.134281662393
2025-01-16 04:00:00+00:00,11036.134281662393
2025-01-16 08:00:00+00:00,11036.134281662393
2025-01-16 12:00:00+00:00,11036.134281662393
2025-01-16 16:00:00+00:00,11036.134281662393
2025-01-16 20:00:00+00:00,11036.134281662393
2025-01-17 00:00:00+00:00,11036.134281662393
2025-01-17 04:00:00+00:00,11036.134281662393
2025-01-17 08:00:00+00:00,11036.134281662393
2025-01-17 12:00:00+00:00,11036.134281662393
2025-01-17 16:00:00+00:00,11036.134281662393
2025-01-17 20:00:00+00:00,11036.134281662393
2025-01-18 00:00:00+00:00,11036.134281662393
2025-01-18 04:00:00+00:00,11036.134281662393
2025-01-18 08:00:00+00:00,11036.134281662393
2025-01-18 12:00:00+00:00,11036.134281662393
2025-01-18 16:00:00+00:00,11036.134281662393
2025-01-18 20:00:00+00:00,11036.134281662393
2025-01-19 00:00:00+00:00,11036.134281662393
2025-01-19 04:00:00+00:00,11036.134281662393
2025-01-19 08:00:00+00:00,11036.134281662393
2025-01-19 12:00:00+00:00,11036.134281662393
2025-01-19 16:00:00+00:00,11036.134281662393
2025-01-19 20:00:00+00:00,11036.134281662393
2025-01-20 00:00:00+00:00,11036.134281662393
2025-01-20 04:00:00+00:00,11036.134281662393
2025-01-20 08:00:00+00:00,11036.134281662393
2025-01-20 12:00:00+00:00,11036.134281662393
2025-01-20 16:00:00+00:00,11036.134281662393
2025-01-20 20:00:00+00:00,11036.134281662393
2025-01-21 00:00:00+00:00,11036.134281662393
2025-01-21 04:00:00+00:00,11036.134281662393
2025-01-21 08:00:00+00:00,11036.134281662393
2025-01-21 12:00:00+00:00,11036.134281662393
2025-01-21 16:00:00+00:00,11036.134281662393
2025-01-21 20:00:00+00:00,11036.134281662393
2025-01-22 00:00:00+00:00,11036.134281662393
2025-01-22 04:00:00+00:00,11036.134281662393
2025-01-22 08:00:00+00:00,11036.134281662393
2025-01-22 12:00:00+00:00,11036.134281662393
2025-01-22 16:00:00+00:00,11036.134281662393
2025-01-22 20:00:00+00:00,11036.134281662393
2025-01-23 00:00:00+00:00,11036.134281662393
2025-01-23 04:00:00+00:00,11036.134281662393
2025-01-23 08:00:00+00:00,11036.134281662393
2025-01-23 12:00:00+00:00,11036.134281662393
2025-01-23 16:00:00+00:00,11036.134281662393
2025-01-23 20:00:00+00:00,11036.134281662393
2025-01-24 00:00:00+00:00,11036.134281662393
2025-01-24 04:00:00+00:00,11036.134281662393
2025-01-24 08:00:00+00:00,11036.134281662393
2025-01-24 12:00:00+00:00,11036.134281662393
2025-01-24 16:00:00+00:00,11036.134281662393
2025-01-24 20:00:00+00:00,11036.134281662393
2025-01-25 00:00:00+00:00,11036.134281662393
2025-01-25 04:00:00+00:00,11036.134281662393
2025-01-25 08:00:00+00:00,11036.134281662393
2025-01-25 12:00:00+00:00,11036.134281662393
2025-01-25 16:00:00+00:00,11036.134281662393
2025-01-25 20:00:00+00:00,11036.134281662393
2025-01-26 00:00:00+00:00,11036.134281662393
2025-01-26 04:00:00+00:00,11036.134281662393
2025-01-26 08:00:00+00:00,11036.134281662393
2025-01-26 12:00:00+00:00,11036.134281662393
2025-01-26 16:00:00+00:00,11036.134281662393
2025-01-26 20:00:00+00:00,11036.134281662393
2025-01-27 00:00:00+00:00,11036.134281662393
2025-01-27 04:00:00+00:00,11036.134281662393
2025-01-27 08:00:00+00:00,11036.134281662393
2025-01-27 12:00:00+00:00,11036.134281662393
2025-01-27 16:00:00+00:00,11036.134281662393
2025-01-27 20:00:00+00:00,11036.134281662393
2025-01-28 00:00:00+00:00,11036.134281662393
2025-01-28 04:00:00+00:00,11036.134281662393
2025-01-28 08:00:00+00:00,11036.134281662393
2025-01-28 12:00:00+00:00,11036.134281662393
2025-01-28 16:00:00+00:00,11036.134281662393
2025-01-28 20:00:00+00:00,11036.134281662393
2025-01-29 00:00:00+00:00,11036.134281662393
2025-01-29 04:00:00+00:00,11036.134281662393
2025-01-29 08:00:00+00:00,11036.134281662393
2025-01-29 12:00:00+00:00,11036.134281662393
2025-01-29 16:00:00+00:00,11036.134281662393
2025-01-29 20:00:00+00:00,11036.134281662393
2025-01-30 00:00:00+00:00,11036.134281662393
2025-01-30 04:00:00+00:00,11036.134281662393
2025-01-30 08:00:00+00:00,11036.134281662393
2025-01-30 12:00:00+00:00,11036.134281662393
2025-01-30 16:00:00+00:00,11036.134281662393
2025-01-30 20:00:00+00:00,11036.134281662393
2025-01-31 00:00:00+00:00,11036.134281662393
2025-01-31 04:00:00+00:00,11036.134281662393
2025-01-31 08:00:00+00:00,11036.134281662393
2025-01-31 12:00:00+00:00,11036.134281662393
2025-01-31 16:00:00+00:00,11036.134281662393
2025-01-31 20:00:00+00:00,11036.134281662393
2025-02-01 00:00:00+00:00,11036.134281662393
2025-02-01 04:00:00+00:00,11036.134281662393
2025-02-01 08:00:00+00:00,11036.134281662393
2025-02-01 12:00:00+00:00,11036.134281662393
2025-02-01 16:00:00+00:00,11036.134281662393
2025-02-01 20:00:00+00:00,11036.134281662393
2025-02-02 00:00:00+00:00,11036.134281662393
2025-02-02 04:00:00+00:00,11036.134281662393
2025-02-02 08:00:00+00:00,11036.134281662393
2025-02-02 12:00:00+00:00,11036.134281662393
2025-02-02 16:00:00+00:00,11036.134281662393
2025-02-02 20:00:00+00:00,11036.134281662393
2025-02-03 00:00:00+00:00,11036.134281662393
2025-02-03 04:00:00+00:00,11036.134281662393
2025-02-03 08:00:00+00:00,11036.134281662393
2025-02-03 12:00:00+00:00,11036.134281662393
2025-02-03 16:00:00+00:00,11036.134281662393
2025-02-03 20:00:00+00:00,11036.134281662393
2025-02-04 00:00:00+00:00,11036.134281662393
2025-02-04 04:00:00+00:00,11036.134281662393
2025-02-04 08:00:00+00:00,11036.134281662393
2025-02-04 12:00:00+00:00,11036.134281662393
2025-02-04 16:00:00+00:00,11036.134281662393
2025-02-04 20:00:00+00:00,11036.134281662393
2025-02-05 00:00:00+00:00,11036.134281662393
2025-02-05 04:00:00+00:00,11036.134281662393
2025-02-05 08:00:00+00:00,11036.134281662393
2025-02-05 12:00:00+00:00,11036.134281662393
2025-02-05 16:00:00+00:00,11036.134281662393
2025-02-05 20:00:00+00:00,11036.134281662393
2025-02-06 00:00:00+00:00,11036.134281662393
2025-02-06 04:00:00+00:00,11036.134281662393
2025-02-06 08:00:00+00:00,11036.134281662393
2025-02-06 12:00:00+00:00,11036.134281662393
2025-02-06 16:00:00+00:00,11036.134281662393
2025-02-06 20:00:00+00:00,11036.134281662393
2025-02-07 00:00:00+00:00,11036.134281662393
2025-02-07 04:00:00+00:00,11036.134281662393
2025-02-07 08:00:00+00:00,11036.134281662393
2025-02-07 12:00:00+00:00,11036.134281662393
2025-02-07 16:00:00+00:00,11036.134281662393
2025-02-07 20:00:00+00:00,11036.134281662393
2025-02-08 00:00:00+00:00,11036.134281662393
2025-02-08 04:00:00+00:00,11036.134281662393
2025-02-08 08:00:00+00:00,11036.134281662393
2025-02-08 12:00:00+00:00,11036.134281662393
2025-02-08 16:00:00+00:00,11036.134281662393
2025-02-08 20:00:00+00:00,11036.134281662393
2025-02-09 00:00:00+00:00,11036.134281662393
2025-02-09 04:00:00+00:00,11036.134281662393
2025-02-09 08:00:00+00:00,11036.134281662393
2025-02-09 12:00:00+00:00,11036.134281662393
2025-02-09 16:00:00+00:00,11036.134281662393
2025-02-09 20:00:00+00:00,11036.134281662393
2025-02-10 00:00:00+00:00,11036.134281662393
2025-02-10 04:00:00+00:00,11036.134281662393
2025-02-10 08:00:00+00:00,11036.134281662393
2025-02-10 12:00:00+00:00,11036.134281662393
2025-02-10 16:00:00+00:00,11036.134281662393
2025-02-10 20:00:00+00:00,11036.134281662393
2025-02-11 00:00:00+00:00,11036.134281662393
2025-02-11 04:00:00+00:00,11036.134281662393
2025-02-11 08:00:00+00:00,11036.134281662393
2025-02-11 12:00:00+00:00,11036.134281662393
2025-02-11 16:00:00+00:00,11036.134281662393
2025-02-11 20:00:00+00:00,11036.134281662393
2025-02-12 00:00:00+00:00,11036.134281662393
2025-02-12 04:00:00+00:00,11036.134281662393
2025-02-12 08:00:00+00:00,11036.134281662393
2025-02-12 12:00:00+00:00,11036.134281662393
2025-02-12 16:00:00+00:00,11036.134281662393
2025-02-12 20:00:00+00:00,11036.134281662393
2025-02-13 00:00:00+00:00,11036.134281662393
2025-02-13 04:00:00+00:00,11036.134281662393
2025-02-13 08:00:00+00:00,11036.134281662393
2025-02-13 12:00:00+00:00,11036.134281662393
2025-02-13 16:00:00+00:00,11036.134281662393
2025-02-13 20:00:00+00:00,11036.134281662393
2025-02-14 00:00:00+00:00,11036.134281662393
2025-02-14 04:00:00+00:00,11036.134281662393
2025-02-14 08:00:00+00:00,11036.134281662393
2025-02-14 12:00:00+00:00,11036.134281662393
2025-02-14 16:00:00+00:00,11036.134281662393
2025-02-14 20:00:00+00:00,11036.134281662393
2025-02-15 00:00:00+00:00,11036.134281662393
2025-02-15 04:00:00+00:00,11036.134281662393
2025-02-15 08:00:00+00:00,11036.134281662393
2025-02-15 12:00:00+00:00,11036.134281662393
2025-02-15 16:00:00+00:00,11036.134281662393
2025-02-15 20:00:00+00:00,11036.134281662393
2025-02-16 00:00:00+00:00,11036.134281662393
2025-02-16 04:00:00+00:00,11036.134281662393
2025-02-16 08:00:00+00:00,11036.134281662393
2025-02-16 12:00:00+00:00,11036.134281662393
2025-02-16 16:00:00+00:00,11036.134281662393
2025-02-16 20:00:00+00:00,11036.134281662393
2025-02-17 00:00:00+00:00,11036.134281662393
2025-02-17 04:00:00+00:00,11036.134281662393
2025-02-17 08:00:00+00:00,11036.134281662393
2025-02-17 12:00:00+00:00,11036.134281662393
2025-02-17 16:00:00+00:00,11036.134281662393
2025-02-17 20:00:00+00:00,11036.134281662393
2025-02-18 00:00:00+00:00,11036.134281662393
2025-02-18 04:00:00+00:00,11036.134281662393
2025-02-18 08:00:00+00:00,11036.134281662393
2025-02-18 12:00:00+00:00,11036.134281662393
2025-02-18 16:00:00+00:00,11036.134281662393
2025-02-18 20:00:00+00:00,11036.134281662393
2025-02-19 00:00:00+00:00,11036.134281662393
2025-02-19 04:00:00+00:00,11036.134281662393
2025-02-19 08:00:00+00:00,11036.134281662393
2025-02-19 12:00:00+00:00,11036.134281662393
2025-02-19 16:00:00+00:00,11036.134281662393
2025-02-19 20:00:00+00:00,11036.134281662393
2025-02-20 00:00:00+00:00,11036.134281662393
2025-02-20 04:00:00+00:00,11036.134281662393
2025-02-20 08:00:00+00:00,11036.134281662393
2025-02-20 12:00:00+00:00,11036.134281662393
2025-02-20 16:00:00+00:00,11036.134281662393
2025-02-20 20:00:00+00:00,11036.134281662393
2025-02-21 00:00:00+00:00,11036.134281662393
2025-02-21 04:00:00+00:00,11036.134281662393
2025-02-21 08:00:00+00:00,11036.134281662393
2025-02-21 12:00:00+00:00,11036.134281662393
2025-02-21 16:00:00+00:00,11036.134281662393
2025-02-21 20:00:00+00:00,11036.134281662393
2025-02-22 00:00:00+00:00,11036.134281662393
2025-02-22 04:00:00+00:00,11036.134281662393
2025-02-22 08:00:00+00:00,11036.134281662393
2025-02-22 12:00:00+00:00,11036.134281662393
2025-02-22 16:00:00+00:00,11036.134281662393
2025-02-22 20:00:00+00:00,11036.134281662393
2025-02-23 00:00:00+00:00,11036.134281662393
2025-02-23 04:00:00+00:00,11036.134281662393
2025-02-23 08:00:00+00:00,11036.134281662393
2025-02-23 12:00:00+00:00,11036.134281662393
2025-02-23 16:00:00+00:00,11036.134281662393
2025-02-23 20:00:00+00:00,11036.134281662393
2025-02-24 00:00:00+00:00,11036.134281662393
2025-02-24 04:00:00+00:00,11036.134281662393
2025-02-24 08:00:00+00:00,11036.134281662393
2025-02-24 12:00:00+00:00,11036.134281662393
2025-02-24 16:00:00+00:00,11036.134281662393
2025-02-24 20:00:00+00:00,11036.134281662393
2025-02-25 00:00:00+00:00,11036.134281662393
2025-02-25 04:00:00+00:00,11036.134281662393
2025-02-25 08:00:00+00:00,11036.134281662393
2025-02-25 12:00:00+00:00,11036.134281662393
2025-02-25 16:00:00+00:00,11036.134281662393
2025-02-25 20:00:00+00:00,11036.134281662393
2025-02-26 00:00:00+00:00,11036.134281662393
2025-02-26 04:00:00+00:00,11036.134281662393
2025-02-26 08:00:00+00:00,11036.134281662393
2025-02-26 12:00:00+00:00,11036.134281662393
2025-02-26 16:00:00+00:00,11036.134281662393
2025-02-26 20:00:00+00:00,11036.134281662393
2025-02-27 00:00:00+00:00,11036.134281662393
2025-02-27 04:00:00+00:00,11036.134281662393
2025-02-27 08:00:00+00:00,11036.134281662393
2025-02-27 12:00:00+00:00,11036.134281662393
2025-02-27 16:00:00+00:00,11036.134281662393
2025-02-27 20:00:00+00:00,11036.134281662393
2025-02-28 00:00:00+00:00,11036.134281662393
2025-02-28 04:00:00+00:00,11036.134281662393
2025-02-28 08:00:00+00:00,11036.134281662393
2025-02-28 12:00:00+00:00,11036.134281662393
2025-02-28 16:00:00+00:00,11036.134281662393
2025-02-28 20:00:00+00:00,11036.134281662393
2025-03-01 00:00:00+00:00,11036.134281662393
2025-03-01 04:00:00+00:00,11036.134281662393
2025-03-01 08:00:00+00:00,11036.134281662393
2025-03-01 12:00:00+00:00,11036.134281662393
2025-03-01 16:00:00+00:00,11036.134281662393
2025-03-01 20:00:00+00:00,11036.134281662393
2025-03-02 00:00:00+00:00,11036.134281662393
2025-03-02 04:00:00+00:00,11036.134281662393
2025-03-02 08:00:00+00:00,11036.134281662393
2025-03-02 12:00:00+00:00,11036.134281662393
2025-03-02 16:00:00+00:00,11036.134281662393
2025-03-02 20:00:00+00:00,11036.134281662393
2025-03-03 00:00:00+00:00,11036.134281662393
2025-03-03 04:00:00+00:00,11036.134281662393
2025-03-03 08:00:00+00:00,11036.134281662393
2025-03-03 12:00:00+00:00,11036.134281662393
2025-03-03 16:00:00+00:00,11036.134281662393
2025-03-03 20:00:00+00:00,11036.134281662393
2025-03-04 00:00:00+00:00,11036.134281662393
2025-03-04 04:00:00+00:00,11036.134281662393
2025-03-04 08:00:00+00:00,11036.134281662393
2025-03-04 12:00:00+00:00,11036.134281662393
2025-03-04 16:00:00+00:00,11036.134281662393
2025-03-04 20:00:00+00:00,11036.134281662393
2025-03-05 00:00:00+00:00,11036.134281662393
2025-03-05 04:00:00+00:00,11036.134281662393
2025-03-05 08:00:00+00:00,11036.134281662393
2025-03-05 12:00:00+00:00,11036.134281662393
2025-03-05 16:00:00+00:00,11036.134281662393
2025-03-05 20:00:00+00:00,11036.134281662393
2025-03-06 00:00:00+00:00,11036.134281662393
2025-03-06 04:00:00+00:00,11036.134281662393
2025-03-06 08:00:00+00:00,11036.134281662393
2025-03-06 12:00:00+00:00,11036.134281662393
2025-03-06 16:00:00+00:00,11036.134281662393
2025-03-06 20:00:00+00:00,11036.134281662393
2025-03-07 00:00:00+00:00,11036.134281662393
2025-03-07 04:00:00+00:00,11036.134281662393
2025-03-07 08:00:00+00:00,11036.134281662393
2025-03-07 12:00:00+00:00,11036.134281662393
2025-03-07 16:00:00+00:00,11036.134281662393
2025-03-07 20:00:00+00:00,11036.134281662393
2025-03-08 00:00:00+00:00,11036.134281662393
2025-03-08 04:00:00+00:00,11036.134281662393
2025-03-08 08:00:00+00:00,11036.134281662393
2025-03-08 12:00:00+00:00,11036.134281662393
2025-03-08 16:00:00+00:00,11036.134281662393
2025-03-08 20:00:00+00:00,11036.134281662393
2025-03-09 00:00:00+00:00,11036.134281662393
2025-03-09 04:00:00+00:00,11036.134281662393
2025-03-09 08:00:00+00:00,11036.134281662393
2025-03-09 12:00:00+00:00,11036.134281662393
2025-03-09 16:00:00+00:00,11036.134281662393
2025-03-09 20:00:00+00:00,11036.134281662393
2025-03-10 00:00:00+00:00,11014.017780095937
2025-03-10 04:00:00+00:00,10890.74163655268
2025-03-10 08:00:00+00:00,10643.690400600372
2025-03-10 12:00:00+00:00,11283.745771292082
2025-03-10 16:00:00+00:00,11944.402081663333
2025-03-10 20:00:00+00:00,12543.13789637666
2025-03-11 00:00:00+00:00,12853.0246813785
2025-03-11 04:00:00+00:00,12543.993640752145
2025-03-11 08:00:00+00:00,12379.387585688013
2025-03-11 12:00:00+00:00,12256.04930888977
2025-03-11 16:00:00+00:00,11905.785322276834
2025-03-11 20:00:00+00:00,12153.81092063687
2025-03-12 00:00:00+00:00,12484.345715965968
2025-03-12 04:00:00+00:00,12154.701497291664
2025-03-12 08:00:00+00:00,11701.291600337849
2025-03-12 12:00:00+00:00,11928.6964893463
2025-03-12 16:00:00+00:00,11846.639170595312
2025-03-12 20:00:00+00:00,11723.325370533881
2025-03-13 00:00:00+00:00,11827.1126843488
2025-03-13 04:00:00+00:00,11827.1126843488
2025-03-13 08:00:00+00:00,11827.1126843488
2025-03-13 12:00:00+00:00,11827.1126843488
2025-03-13 16:00:00+00:00,11827.1126843488
2025-03-13 20:00:00+00:00,11827.1126843488
2025-03-14 00:00:00+00:00,11803.411055722852
2025-03-14 04:00:00+00:00,11661.748535807661
2025-03-14 08:00:00+00:00,11567.49359924588
2025-03-14 12:00:00+00:00,11449.542441685026
2025-03-14 16:00:00+00:00,11378.997785952202
2025-03-14 20:00:00+00:00,11403.258563197805
2025-03-15 00:00:00+00:00,11284.31842638692
2025-03-15 04:00:00+00:00,11284.31842638692
2025-03-15 08:00:00+00:00,11284.31842638692
2025-03-15 12:00:00+00:00,11284.31842638692
2025-03-15 16:00:00+00:00,11284.31842638692
2025-03-15 20:00:00+00:00,11284.31842638692
2025-03-16 00:00:00+00:00,11284.31842638692
2025-03-16 04:00:00+00:00,11284.31842638692
2025-03-16 08:00:00+00:00,11284.31842638692
2025-03-16 12:00:00+00:00,11284.31842638692
2025-03-16 16:00:00+00:00,11284.31842638692
2025-03-16 20:00:00+00:00,11284.31842638692
2025-03-17 00:00:00+00:00,11261.704561804983
2025-03-17 04:00:00+00:00,11240.35122943106
2025-03-17 08:00:00+00:00,11153.391063220886
2025-03-17 12:00:00+00:00,11241.389106968516
2025-03-17 16:00:00+00:00,10957.605445372074
2025-03-17 20:00:00+00:00,11111.220302547661
2025-03-18 00:00:00+00:00,11439.782392130177
2025-03-18 04:00:00+00:00,11462.159630613169
2025-03-18 08:00:00+00:00,11506.405148402127
2025-03-18 12:00:00+00:00,11703.733611128731
2025-03-18 16:00:00+00:00,11638.621765041109
2025-03-18 20:00:00+00:00,11311.081585649314
2025-03-19 00:00:00+00:00,11158.510593766207
2025-03-19 04:00:00+00:00,11377.724301104681
2025-03-19 08:00:00+00:00,10700.287660980688
2025-03-19 12:00:00+00:00,10598.909886506646
2025-03-19 16:00:00+00:00,10598.909886506646
2025-03-19 20:00:00+00:00,10598.909886506646
2025-03-20 00:00:00+00:00,10598.909886506646
2025-03-20 04:00:00+00:00,10598.909886506646
2025-03-20 08:00:00+00:00,10598.909886506646
2025-03-20 12:00:00+00:00,10598.909886506646
2025-03-20 16:00:00+00:00,10598.909886506646
2025-03-20 20:00:00+00:00,10598.909886506646
2025-03-21 00:00:00+00:00,10577.669586132888
2025-03-21 04:00:00+00:00,10739.363537249945
2025-03-21 08:00:00+00:00,10961.503636165433
2025-03-21 12:00:00+00:00,11103.028947618644
2025-03-21 16:00:00+00:00,10982.58263707795
2025-03-21 20:00:00+00:00,11083.804692805703
2025-03-22 00:00:00+00:00,11003.66163799047
2025-03-22 04:00:00+00:00,10883.219925233858
2025-03-22 08:00:00+00:00,10782.934897902469
2025-03-22 12:00:00+00:00,10864.014981114069
2025-03-22 16:00:00+00:00,10743.579705255175
2025-03-22 20:00:00+00:00,10844.81279566473
2025-03-23 00:00:00+00:00,10684.07610319401
2025-03-23 04:00:00+00:00,10805.463120358336
2025-03-23 08:00:00+00:00,10765.635275507184
2025-03-23 12:00:00+00:00,10866.86744635992
2025-03-23 16:00:00+00:00,10947.943851344253
2025-03-23 20:00:00+00:00,10746.900224920804
2025-03-24 00:00:00+00:00,10524.544885341194
2025-03-24 04:00:00+00:00,10524.544885341194
2025-03-24 08:00:00+00:00,10524.544885341194
2025-03-24 12:00:00+00:00,10524.544885341194
2025-03-24 16:00:00+00:00,10524.544885341194
2025-03-24 20:00:00+00:00,10524.544885341194
2025-03-25 00:00:00+00:00,10524.544885341194
2025-03-25 04:00:00+00:00,10524.544885341194
2025-03-25 08:00:00+00:00,10503.53780972175
2025-03-25 12:00:00+00:00,10484.43608020855
2025-03-25 16:00:00+00:00,10521.20253306862
2025-03-25 20:00:00+00:00,10539.344842143148
2025-03-26 00:00:00+00:00,10408.506747883415
2025-03-26 04:00:00+00:00,10799.103039581953
2025-03-26 08:00:00+00:00,10724.120380745459
2025-03-26 12:00:00+00:00,10369.804458212639
2025-03-26 16:00:00+00:00,10257.59645631512
2025-03-26 20:00:00+00:00,10257.128218350808
2025-03-27 00:00:00+00:00,10498.751754885094
2025-03-27 04:00:00+00:00,10330.670471834295
2025-03-27 08:00:00+00:00,10106.729504376912
2025-03-27 12:00:00+00:00,9979.373600065494
2025-03-27 16:00:00+00:00,9979.373600065494
2025-03-27 20:00:00+00:00,9979.373600065494
2025-03-28 00:00:00+00:00,9979.373600065494
2025-03-28 04:00:00+00:00,9979.373600065494
2025-03-28 08:00:00+00:00,9979.373600065494
2025-03-28 12:00:00+00:00,9979.373600065494
2025-03-28 16:00:00+00:00,9979.373600065494
2025-03-28 20:00:00+00:00,9979.373600065494
2025-03-29 00:00:00+00:00,9979.373600065494
2025-03-29 04:00:00+00:00,9959.374855375983
2025-03-29 08:00:00+00:00,10222.960505329827
2025-03-29 12:00:00+00:00,10344.849102465392
2025-03-29 16:00:00+00:00,10446.491436961534
2025-03-29 20:00:00+00:00,10426.684828565558
2025-03-30 00:00:00+00:00,10366.397702254526
2025-03-30 04:00:00+00:00,10366.835509211236
2025-03-30 08:00:00+00:00,10306.55115383031
2025-03-30 12:00:00+00:00,10387.954614833976
2025-03-30 16:00:00+00:00,10368.150777368106
2025-03-30 20:00:00+00:00,10469.792188220878
2025-03-31 00:00:00+00:00,10530.947539298382
2025-03-31 04:00:00+00:00,10733.78516490027
2025-03-31 08:00:00+00:00,10794.92850861398
2025-03-31 12:00:00+00:00,10673.90259438468
2025-03-31 16:00:00+00:00,10755.289429807708
2025-03-31 20:00:00+00:00,10775.950408319628
2025-04-01 00:00:00+00:00,10452.518209941572
2025-04-01 04:00:00+00:00,10392.23015998717
2025-04-01 08:00:00+00:00,10372.4263225213
2025-04-01 12:00:00+00:00,10170.456921685887
2025-04-01 16:00:00+00:00,10312.58901053077
2025-04-01 20:00:00+00:00,10454.714633872072
2025-04-02 00:00:00+00:00,10718.278116385072
2025-04-02 04:00:00+00:00,10921.10742919664
2025-04-02 08:00:00+00:00,10840.557414665549
2025-04-02 12:00:00+00:00,10476.641003798959
2025-04-02 16:00:00+00:00,10517.55563409725
2025-04-02 20:00:00+00:00,11246.652923602029
2025-04-03 00:00:00+00:00,10923.19948142649
2025-04-03 04:00:00+00:00,11085.53811624595
2025-04-03 08:00:00+00:00,11389.554407372945
2025-04-03 12:00:00+00:00,11410.186752940439
2025-04-03 16:00:00+00:00,11268.892408630869
2025-04-03 20:00:00+00:00,11168.0859713833
2025-04-04 00:00:00+00:00,11188.728477027847
2025-04-04 04:00:00+00:00,11049.872366482668
2025-04-04 08:00:00+00:00,11049.872366482668
2025-04-04 12:00:00+00:00,11049.872366482668
2025-04-04 16:00:00+00:00,11049.872366482668
2025-04-04 20:00:00+00:00,11049.872366482668
2025-04-05 00:00:00+00:00,11049.872366482668
2025-04-05 04:00:00+00:00,11049.872366482668
2025-04-05 08:00:00+00:00,11049.872366482668
2025-04-05 12:00:00+00:00,11049.872366482668
2025-04-05 16:00:00+00:00,11049.872366482668
2025-04-05 20:00:00+00:00,11049.872366482668
2025-04-06 00:00:00+00:00,11049.872366482668
2025-04-06 04:00:00+00:00,11049.872366482668
2025-04-06 08:00:00+00:00,11049.872366482668
2025-04-06 12:00:00+00:00,11049.872366482668
2025-04-06 16:00:00+00:00,11049.872366482668
2025-04-06 20:00:00+00:00,11049.872366482668
2025-04-07 00:00:00+00:00,11049.872366482668
2025-04-07 04:00:00+00:00,11049.872366482668
2025-04-07 08:00:00+00:00,11049.872366482668
2025-04-07 12:00:00+00:00,11049.872366482668
2025-04-07 16:00:00+00:00,11049.872366482668
2025-04-07 20:00:00+00:00,11049.872366482668
2025-04-08 00:00:00+00:00,11049.872366482668
2025-04-08 04:00:00+00:00,11049.872366482668
2025-04-08 08:00:00+00:00,11049.872366482668
2025-04-08 12:00:00+00:00,11049.872366482668
2025-04-08 16:00:00+00:00,11049.872366482668
2025-04-08 20:00:00+00:00,11049.872366482668
2025-04-09 00:00:00+00:00,11049.872366482668
2025-04-09 04:00:00+00:00,11049.872366482668
2025-04-09 08:00:00+00:00,11049.872366482668
2025-04-09 12:00:00+00:00,11049.872366482668
2025-04-09 16:00:00+00:00,11049.872366482668
2025-04-09 20:00:00+00:00,11049.872366482668
2025-04-10 00:00:00+00:00,11049.872366482668
2025-04-10 04:00:00+00:00,11049.872366482668
2025-04-10 08:00:00+00:00,11049.872366482668
2025-04-10 12:00:00+00:00,11049.872366482668
2025-04-10 16:00:00+00:00,11049.872366482668
2025-04-10 20:00:00+00:00,11049.872366482668
2025-04-11 00:00:00+00:00,11049.872366482668
2025-04-11 04:00:00+00:00,11049.872366482668
2025-04-11 08:00:00+00:00,11049.872366482668
2025-04-11 12:00:00+00:00,11049.872366482668
2025-04-11 16:00:00+00:00,11049.872366482668
2025-04-11 20:00:00+00:00,11049.872366482668
2025-04-12 00:00:00+00:00,11049.872366482668
2025-04-12 04:00:00+00:00,11049.872366482668
2025-04-12 08:00:00+00:00,11049.872366482668
2025-04-12 12:00:00+00:00,11049.872366482668
2025-04-12 16:00:00+00:00,11049.872366482668
2025-04-12 20:00:00+00:00,11049.872366482668
2025-04-13 00:00:00+00:00,11049.872366482668
2025-04-13 04:00:00+00:00,11049.872366482668
2025-04-13 08:00:00+00:00,11049.872366482668
2025-04-13 12:00:00+00:00,11049.872366482668
2025-04-13 16:00:00+00:00,11049.872366482668
2025-04-13 20:00:00+00:00,11049.872366482668
2025-04-14 00:00:00+00:00,11049.872366482668
2025-04-14 04:00:00+00:00,11049.872366482668
2025-04-14 08:00:00+00:00,11049.872366482668
2025-04-14 12:00:00+00:00,11049.872366482668
2025-04-14 16:00:00+00:00,11049.872366482668
2025-04-14 20:00:00+00:00,11049.872366482668
2025-04-15 00:00:00+00:00,11049.872366482668
2025-04-15 04:00:00+00:00,11049.872366482668
2025-04-15 08:00:00+00:00,11049.872366482668
2025-04-15 12:00:00+00:00,11049.872366482668
2025-04-15 16:00:00+00:00,11049.872366482668
2025-04-15 20:00:00+00:00,11049.872366482668
2025-04-16 00:00:00+00:00,11049.872366482668
2025-04-16 04:00:00+00:00,11049.872366482668
2025-04-16 08:00:00+00:00,11049.872366482668
2025-04-16 12:00:00+00:00,11049.872366482668
2025-04-16 16:00:00+00:00,11049.872366482668
2025-04-16 20:00:00+00:00,11049.872366482668
2025-04-17 00:00:00+00:00,11049.872366482668
2025-04-17 04:00:00+00:00,11049.872366482668
2025-04-17 08:00:00+00:00,11049.872366482668
2025-04-17 12:00:00+00:00,11049.872366482668
2025-04-17 16:00:00+00:00,11049.872366482668
2025-04-17 20:00:00+00:00,11049.872366482668
2025-04-18 00:00:00+00:00,11049.872366482668
2025-04-18 04:00:00+00:00,11049.872366482668
2025-04-18 08:00:00+00:00,11049.872366482668
2025-04-18 12:00:00+00:00,11049.872366482668
2025-04-18 16:00:00+00:00,11049.872366482668
2025-04-18 20:00:00+00:00,11049.872366482668
2025-04-19 00:00:00+00:00,11049.872366482668
2025-04-19 04:00:00+00:00,11049.872366482668
2025-04-19 08:00:00+00:00,11049.872366482668
2025-04-19 12:00:00+00:00,11049.872366482668
2025-04-19 16:00:00+00:00,11049.872366482668
2025-04-19 20:00:00+00:00,11049.872366482668
2025-04-20 00:00:00+00:00,11049.872366482668
2025-04-20 04:00:00+00:00,11049.872366482668
2025-04-20 08:00:00+00:00,11049.872366482668
2025-04-20 12:00:00+00:00,11049.872366482668
2025-04-20 16:00:00+00:00,11049.872366482668
2025-04-20 20:00:00+00:00,11049.872366482668
2025-04-21 00:00:00+00:00,11049.872366482668
2025-04-21 04:00:00+00:00,11049.872366482668
2025-04-21 08:00:00+00:00,11049.872366482668
2025-04-21 12:00:00+00:00,11049.872366482668
2025-04-21 16:00:00+00:00,11049.872366482668
2025-04-21 20:00:00+00:00,11049.872366482668
2025-04-22 00:00:00+00:00,11049.872366482668
2025-04-22 04:00:00+00:00,11049.872366482668
2025-04-22 08:00:00+00:00,11049.872366482668
2025-04-22 12:00:00+00:00,11049.872366482668
2025-04-22 16:00:00+00:00,11049.872366482668
2025-04-22 20:00:00+00:00,11049.872366482668
2025-04-23 00:00:00+00:00,11027.816733016636
2025-04-23 04:00:00+00:00,10992.799241073119
2025-04-23 08:00:00+00:00,10819.726190791553
2025-04-23 12:00:00+00:00,10698.432440446348
2025-04-23 16:00:00+00:00,10663.429910887227
2025-04-23 20:00:00+00:00,10749.22894797608
2025-04-24 00:00:00+00:00,10541.652639277865
2025-04-24 04:00:00+00:00,10610.200047158394
2025-04-24 08:00:00+00:00,10765.030013391934
2025-04-24 12:00:00+00:00,12041.567100453
2025-04-24 16:00:00+00:00,12023.7602880342
2025-04-24 20:00:00+00:00,12316.582813092542
2025-04-25 00:00:00+00:00,11832.820575796253
2025-04-25 04:00:00+00:00,11832.280354970171
2025-04-25 08:00:00+00:00,12211.397250790262
2025-04-25 12:00:00+00:00,12038.268288440688
2025-04-25 16:00:00+00:00,12072.232901019092
2025-04-25 20:00:00+00:00,12951.795880230677
2025-04-26 00:00:00+00:00,13745.032988923891
2025-04-26 04:00:00+00:00,13226.691106301136
2025-04-26 08:00:00+00:00,12846.42998182173
2025-04-26 12:00:00+00:00,13346.300407160945
2025-04-26 16:00:00+00:00,13501.005161861907
2025-04-26 20:00:00+00:00,13448.617129128816
2025-04-27 00:00:00+00:00,13551.545733869081
2025-04-27 04:00:00+00:00,13671.726755311593
2025-04-27 08:00:00+00:00,13187.902305995969
2025-04-27 12:00:00+00:00,12859.4141815016
2025-04-27 16:00:00+00:00,12789.798144377646
2025-04-27 20:00:00+00:00,12288.756715585982
2025-04-28 00:00:00+00:00,12053.163458531246
2025-04-28 04:00:00+00:00,12053.163458531246
2025-04-28 08:00:00+00:00,12053.163458531246
2025-04-28 12:00:00+00:00,12053.163458531246
2025-04-28 16:00:00+00:00,12053.163458531246
2025-04-28 20:00:00+00:00,12053.163458531246
2025-04-29 00:00:00+00:00,12053.163458531246
2025-04-29 04:00:00+00:00,12053.163458531246
2025-04-29 08:00:00+00:00,12053.163458531246
2025-04-29 12:00:00+00:00,12053.163458531246
2025-04-29 16:00:00+00:00,12053.163458531246
2025-04-29 20:00:00+00:00,12053.163458531246
2025-04-30 00:00:00+00:00,12053.163458531246
2025-04-30 04:00:00+00:00,12053.163458531246
2025-04-30 08:00:00+00:00,12053.163458531246
2025-04-30 12:00:00+00:00,12053.163458531246
2025-04-30 16:00:00+00:00,12053.163458531246
2025-04-30 20:00:00+00:00,12053.163458531246
2025-05-01 00:00:00+00:00,12053.163458531246
2025-05-01 04:00:00+00:00,12053.163458531246
2025-05-01 08:00:00+00:00,12053.163458531246
2025-05-01 12:00:00+00:00,12053.163458531246
2025-05-01 16:00:00+00:00,12053.163458531246
2025-05-01 20:00:00+00:00,12053.163458531246
2025-05-02 00:00:00+00:00,12053.163458531246
2025-05-02 04:00:00+00:00,12053.163458531246
2025-05-02 08:00:00+00:00,12053.163458531246
2025-05-02 12:00:00+00:00,12053.163458531246
2025-05-02 16:00:00+00:00,12053.163458531246
2025-05-02 20:00:00+00:00,12053.163458531246
2025-05-03 00:00:00+00:00,12053.163458531246
2025-05-03 04:00:00+00:00,12053.163458531246
2025-05-03 08:00:00+00:00,12053.163458531246
2025-05-03 12:00:00+00:00,12053.163458531246
2025-05-03 16:00:00+00:00,12053.163458531246
2025-05-03 20:00:00+00:00,12053.163458531246
2025-05-04 00:00:00+00:00,12053.163458531246
2025-05-04 04:00:00+00:00,12053.163458531246
2025-05-04 08:00:00+00:00,12053.163458531246
2025-05-04 12:00:00+00:00,12053.163458531246
2025-05-04 16:00:00+00:00,12053.163458531246
2025-05-04 20:00:00+00:00,12053.163458531246
2025-05-05 00:00:00+00:00,12053.163458531246
2025-05-05 04:00:00+00:00,12053.163458531246
2025-05-05 08:00:00+00:00,12053.163458531246
2025-05-05 12:00:00+00:00,12053.163458531246
2025-05-05 16:00:00+00:00,12053.163458531246
2025-05-05 20:00:00+00:00,12053.163458531246
2025-05-06 00:00:00+00:00,12053.163458531246
2025-05-06 04:00:00+00:00,12053.163458531246
2025-05-06 08:00:00+00:00,12053.163458531246
2025-05-06 12:00:00+00:00,12053.163458531246
2025-05-06 16:00:00+00:00,12053.163458531246
2025-05-06 20:00:00+00:00,12053.163458531246
2025-05-07 00:00:00+00:00,12053.163458531246
2025-05-07 04:00:00+00:00,12053.163458531246
2025-05-07 08:00:00+00:00,12053.163458531246
2025-05-07 12:00:00+00:00,12053.163458531246
2025-05-07 16:00:00+00:00,12053.163458531246
2025-05-07 20:00:00+00:00,12053.163458531246
2025-05-08 00:00:00+00:00,12053.163458531246
2025-05-08 04:00:00+00:00,12053.163458531246
2025-05-08 08:00:00+00:00,12053.163458531246
2025-05-08 12:00:00+00:00,12053.163458531246
2025-05-08 16:00:00+00:00,12053.163458531246
2025-05-08 20:00:00+00:00,12053.163458531246
2025-05-09 00:00:00+00:00,12053.163458531246
2025-05-09 04:00:00+00:00,12029.105248035177
2025-05-09 08:00:00+00:00,12377.210157020661
2025-05-09 12:00:00+00:00,12158.736719146787
2025-05-09 16:00:00+00:00,12012.90943492354
2025-05-09 20:00:00+00:00,12026.888441557941
2025-05-10 00:00:00+00:00,12200.66644692342
2025-05-10 04:00:00+00:00,12534.236158893407
2025-05-10 08:00:00+00:00,12359.337154797962
2025-05-10 12:00:00+00:00,12242.555073623023
2025-05-10 16:00:00+00:00,12692.340732577892
2025-05-10 20:00:00+00:00,13185.687566899247
2025-05-11 00:00:00+00:00,12836.431827756918
2025-05-11 04:00:00+00:00,12545.300966582257
2025-05-11 08:00:00+00:00,12501.146477281225
2025-05-11 12:00:00+00:00,12297.194315090308
2025-05-11 16:00:00+00:00,12470.959724964436
2025-05-11 20:00:00+00:00,12354.172340424719
2025-05-12 00:00:00+00:00,12527.93509861646
2025-05-12 04:00:00+00:00,12876.016805381043
2025-05-12 08:00:00+00:00,12672.047407254599
2025-05-12 12:00:00+00:00,12293.760386396507
2025-05-12 16:00:00+00:00,11783.413056355172
2025-05-12 20:00:00+00:00,11783.413056355172
2025-05-13 00:00:00+00:00,11783.413056355172
2025-05-13 04:00:00+00:00,11783.413056355172
2025-05-13 08:00:00+00:00,11783.413056355172
2025-05-13 12:00:00+00:00,11783.413056355172
2025-05-13 16:00:00+00:00,11783.413056355172
2025-05-13 20:00:00+00:00,11783.413056355172
2025-05-14 00:00:00+00:00,11783.413056355172
2025-05-14 04:00:00+00:00,11783.413056355172
2025-05-14 08:00:00+00:00,11783.413056355172
2025-05-14 12:00:00+00:00,11783.413056355172
2025-05-14 16:00:00+00:00,11783.413056355172
2025-05-14 20:00:00+00:00,11783.413056355172
2025-05-15 00:00:00+00:00,11783.413056355172
2025-05-15 04:00:00+00:00,11783.413056355172
2025-05-15 08:00:00+00:00,11783.413056355172
2025-05-15 12:00:00+00:00,11783.413056355172
2025-05-15 16:00:00+00:00,11783.413056355172
2025-05-15 20:00:00+00:00,11783.413056355172
2025-05-16 00:00:00+00:00,11783.413056355172
2025-05-16 04:00:00+00:00,11783.413056355172
2025-05-16 08:00:00+00:00,11783.413056355172
2025-05-16 12:00:00+00:00,11783.413056355172
2025-05-16 16:00:00+00:00,11783.413056355172
2025-05-16 20:00:00+00:00,11783.413056355172
2025-05-17 00:00:00+00:00,11783.413056355172
2025-05-17 04:00:00+00:00,11783.413056355172
2025-05-17 08:00:00+00:00,11783.413056355172
2025-05-17 12:00:00+00:00,11783.413056355172
2025-05-17 16:00:00+00:00,11783.413056355172
2025-05-17 20:00:00+00:00,11783.413056355172
2025-05-18 00:00:00+00:00,11783.413056355172
2025-05-18 04:00:00+00:00,11783.413056355172
2025-05-18 08:00:00+00:00,11783.413056355172
2025-05-18 12:00:00+00:00,11783.413056355172
2025-05-18 16:00:00+00:00,11783.413056355172
2025-05-18 20:00:00+00:00,11783.413056355172
2025-05-19 00:00:00+00:00,11783.413056355172
2025-05-19 04:00:00+00:00,11783.413056355172
2025-05-19 08:00:00+00:00,11783.413056355172
2025-05-19 12:00:00+00:00,11783.413056355172
2025-05-19 16:00:00+00:00,11783.413056355172
2025-05-19 20:00:00+00:00,11783.413056355172
2025-05-20 00:00:00+00:00,11783.413056355172
2025-05-20 04:00:00+00:00,11783.413056355172
2025-05-20 08:00:00+00:00,11783.413056355172
2025-05-20 12:00:00+00:00,11783.413056355172
2025-05-20 16:00:00+00:00,11783.413056355172
2025-05-20 20:00:00+00:00,11783.413056355172
2025-05-21 00:00:00+00:00,11783.413056355172
2025-05-21 04:00:00+00:00,11783.413056355172
2025-05-21 08:00:00+00:00,11783.413056355172
2025-05-21 12:00:00+00:00,11783.413056355172
2025-05-21 16:00:00+00:00,11783.413056355172
2025-05-21 20:00:00+00:00,11783.413056355172
2025-05-22 00:00:00+00:00,11783.413056355172
2025-05-22 04:00:00+00:00,11783.413056355172
2025-05-22 08:00:00+00:00,11783.413056355172
2025-05-22 12:00:00+00:00,11783.413056355172
2025-05-22 16:00:00+00:00,11783.413056355172
2025-05-22 20:00:00+00:00,11783.413056355172
2025-05-23 00:00:00+00:00,11783.413056355172
2025-05-23 04:00:00+00:00,11783.413056355172
2025-05-23 08:00:00+00:00,11783.413056355172
2025-05-23 12:00:00+00:00,11783.413056355172
2025-05-23 16:00:00+00:00,11783.413056355172
2025-05-23 20:00:00+00:00,11783.413056355172
2025-05-24 00:00:00+00:00,11783.413056355172
2025-05-24 04:00:00+00:00,11783.413056355172
2025-05-24 08:00:00+00:00,11783.413056355172
2025-05-24 12:00:00+00:00,11783.413056355172
2025-05-24 16:00:00+00:00,11783.413056355172
2025-05-24 20:00:00+00:00,11783.413056355172
2025-05-25 00:00:00+00:00,11783.413056355172
2025-05-25 04:00:00+00:00,11783.413056355172
2025-05-25 08:00:00+00:00,11783.413056355172
2025-05-25 12:00:00+00:00,11783.413056355172
2025-05-25 16:00:00+00:00,11783.413056355172
2025-05-25 20:00:00+00:00,11783.413056355172
2025-05-26 00:00:00+00:00,11783.413056355172
2025-05-26 04:00:00+00:00,11783.413056355172
2025-05-26 08:00:00+00:00,11783.413056355172
2025-05-26 12:00:00+00:00,11783.413056355172
2025-05-26 16:00:00+00:00,11783.413056355172
2025-05-26 20:00:00+00:00,11783.413056355172
2025-05-27 00:00:00+00:00,11783.413056355172
2025-05-27 04:00:00+00:00,11783.413056355172
2025-05-27 08:00:00+00:00,11783.413056355172
2025-05-27 12:00:00+00:00,11783.413056355172
2025-05-27 16:00:00+00:00,11783.413056355172
2025-05-27 20:00:00+00:00,11783.413056355172
2025-05-28 00:00:00+00:00,11783.413056355172
2025-05-28 04:00:00+00:00,11783.413056355172
2025-05-28 08:00:00+00:00,11783.413056355172
2025-05-28 12:00:00+00:00,11783.413056355172
2025-05-28 16:00:00+00:00,11783.413056355172
2025-05-28 20:00:00+00:00,11783.413056355172
2025-05-29 00:00:00+00:00,11783.413056355172
2025-05-29 04:00:00+00:00,11783.413056355172
2025-05-29 08:00:00+00:00,11783.413056355172
2025-05-29 12:00:00+00:00,11783.413056355172
2025-05-29 16:00:00+00:00,11783.413056355172
2025-05-29 20:00:00+00:00,11783.413056355172
2025-05-30 00:00:00+00:00,11783.413056355172
2025-05-30 04:00:00+00:00,11783.413056355172
2025-05-30 08:00:00+00:00,11783.413056355172
2025-05-30 12:00:00+00:00,11783.413056355172
2025-05-30 16:00:00+00:00,11783.413056355172
2025-05-30 20:00:00+00:00,11783.413056355172
2025-05-31 00:00:00+00:00,11783.413056355172
2025-05-31 04:00:00+00:00,11783.413056355172
2025-05-31 08:00:00+00:00,11783.413056355172
2025-05-31 12:00:00+00:00,11783.413056355172
2025-05-31 16:00:00+00:00,11783.413056355172
2025-05-31 20:00:00+00:00,11783.413056355172
2025-06-01 00:00:00+00:00,11783.413056355172
2025-06-01 04:00:00+00:00,11783.413056355172
2025-06-01 08:00:00+00:00,11783.413056355172
2025-06-01 12:00:00+00:00,11783.413056355172
2025-06-01 16:00:00+00:00,11783.413056355172
2025-06-01 20:00:00+00:00,11783.413056355172
2025-06-02 00:00:00+00:00,11783.413056355172
2025-06-02 04:00:00+00:00,11783.413056355172
2025-06-02 08:00:00+00:00,11783.413056355172
2025-06-02 12:00:00+00:00,11783.413056355172
2025-06-02 16:00:00+00:00,11783.413056355172
2025-06-02 20:00:00+00:00,11783.413056355172
2025-06-03 00:00:00+00:00,11783.413056355172
2025-06-03 04:00:00+00:00,11783.413056355172
2025-06-03 08:00:00+00:00,11783.413056355172
2025-06-03 12:00:00+00:00,11783.413056355172
2025-06-03 16:00:00+00:00,11783.413056355172
2025-06-03 20:00:00+00:00,11783.413056355172
2025-06-04 00:00:00+00:00,11783.413056355172
2025-06-04 04:00:00+00:00,11783.413056355172
2025-06-04 08:00:00+00:00,11783.413056355172
2025-06-04 12:00:00+00:00,11783.413056355172
2025-06-04 16:00:00+00:00,11783.413056355172
2025-06-04 20:00:00+00:00,11783.413056355172
2025-06-05 00:00:00+00:00,11783.413056355172
2025-06-05 04:00:00+00:00,11783.413056355172
2025-06-05 08:00:00+00:00,11783.413056355172
2025-06-05 12:00:00+00:00,11783.413056355172
2025-06-05 16:00:00+00:00,11783.413056355172
2025-06-05 20:00:00+00:00,11783.413056355172
2025-06-06 00:00:00+00:00,11783.413056355172
2025-06-06 04:00:00+00:00,11783.413056355172
2025-06-06 08:00:00+00:00,11783.413056355172
2025-06-06 12:00:00+00:00,11783.413056355172
2025-06-06 16:00:00+00:00,11783.413056355172
2025-06-06 20:00:00+00:00,11783.413056355172
2025-06-07 00:00:00+00:00,11783.413056355172
2025-06-07 04:00:00+00:00,11783.413056355172
2025-06-07 08:00:00+00:00,11783.413056355172
2025-06-07 12:00:00+00:00,11783.413056355172
2025-06-07 16:00:00+00:00,11783.413056355172
2025-06-07 20:00:00+00:00,11783.413056355172
2025-06-08 00:00:00+00:00,11783.413056355172
2025-06-08 04:00:00+00:00,11783.413056355172
2025-06-08 08:00:00+00:00,11783.413056355172
2025-06-08 12:00:00+00:00,11783.413056355172
2025-06-08 16:00:00+00:00,11783.413056355172
2025-06-08 20:00:00+00:00,11783.413056355172
2025-06-09 00:00:00+00:00,11783.413056355172
2025-06-09 04:00:00+00:00,11783.413056355172
2025-06-09 08:00:00+00:00,11783.413056355172
2025-06-09 12:00:00+00:00,11783.413056355172
2025-06-09 16:00:00+00:00,11783.413056355172
2025-06-09 20:00:00+00:00,11783.413056355172
2025-06-10 00:00:00+00:00,11783.413056355172
2025-06-10 04:00:00+00:00,11783.413056355172
2025-06-10 08:00:00+00:00,11783.413056355172
2025-06-10 12:00:00+00:00,11783.413056355172
2025-06-10 16:00:00+00:00,11783.413056355172
2025-06-10 20:00:00+00:00,11783.413056355172
2025-06-11 00:00:00+00:00,11783.413056355172
2025-06-11 04:00:00+00:00,11783.413056355172
2025-06-11 08:00:00+00:00,11783.413056355172
2025-06-11 12:00:00+00:00,11783.413056355172
2025-06-11 16:00:00+00:00,11783.413056355172
2025-06-11 20:00:00+00:00,11783.413056355172
2025-06-12 00:00:00+00:00,11783.413056355172
2025-06-12 04:00:00+00:00,11783.413056355172
2025-06-12 08:00:00+00:00,11783.413056355172
2025-06-12 12:00:00+00:00,11783.413056355172
2025-06-12 16:00:00+00:00,11783.413056355172
2025-06-12 20:00:00+00:00,11783.413056355172
2025-06-13 00:00:00+00:00,11783.413056355172
2025-06-13 04:00:00+00:00,11783.413056355172
2025-06-13 08:00:00+00:00,11783.413056355172
2025-06-13 12:00:00+00:00,11783.413056355172
2025-06-13 16:00:00+00:00,11783.413056355172
2025-06-13 20:00:00+00:00,11783.413056355172
2025-06-14 00:00:00+00:00,11783.413056355172
2025-06-14 04:00:00+00:00,11783.413056355172
2025-06-14 08:00:00+00:00,11783.413056355172
2025-06-14 12:00:00+00:00,11783.413056355172
2025-06-14 16:00:00+00:00,11783.413056355172
2025-06-14 20:00:00+00:00,11783.413056355172
2025-06-15 00:00:00+00:00,11783.413056355172
2025-06-15 04:00:00+00:00,11783.413056355172
2025-06-15 08:00:00+00:00,11783.413056355172
2025-06-15 12:00:00+00:00,11783.413056355172
2025-06-15 16:00:00+00:00,11783.413056355172
2025-06-15 20:00:00+00:00,11783.413056355172
2025-06-16 00:00:00+00:00,11783.413056355172
2025-06-16 04:00:00+00:00,11783.413056355172
2025-06-16 08:00:00+00:00,11783.413056355172
2025-06-16 12:00:00+00:00,11783.413056355172
2025-06-16 16:00:00+00:00,11783.413056355172
2025-06-16 20:00:00+00:00,11783.413056355172
2025-06-17 00:00:00+00:00,11783.413056355172
2025-06-17 04:00:00+00:00,11783.413056355172
2025-06-17 08:00:00+00:00,11783.413056355172
2025-06-17 12:00:00+00:00,11783.413056355172
2025-06-17 16:00:00+00:00,11783.413056355172
2025-06-17 20:00:00+00:00,11783.413056355172
2025-06-18 00:00:00+00:00,11783.413056355172
2025-06-18 04:00:00+00:00,11783.413056355172
2025-06-18 08:00:00+00:00,11783.413056355172
2025-06-18 12:00:00+00:00,11783.413056355172
2025-06-18 16:00:00+00:00,11783.413056355172
2025-06-18 20:00:00+00:00,11783.413056355172
2025-06-19 00:00:00+00:00,11783.413056355172
2025-06-19 04:00:00+00:00,11783.413056355172
2025-06-19 08:00:00+00:00,11783.413056355172
2025-06-19 12:00:00+00:00,11783.413056355172
2025-06-19 16:00:00+00:00,11783.413056355172
2025-06-19 20:00:00+00:00,11783.413056355172
2025-06-20 00:00:00+00:00,11783.413056355172
2025-06-20 04:00:00+00:00,11783.413056355172
2025-06-20 08:00:00+00:00,11783.413056355172
2025-06-20 12:00:00+00:00,11783.413056355172
2025-06-20 16:00:00+00:00,11783.413056355172
2025-06-20 20:00:00+00:00,11783.413056355172
2025-06-21 00:00:00+00:00,11783.413056355172
2025-06-21 04:00:00+00:00,11783.413056355172
2025-06-21 08:00:00+00:00,11783.413056355172
2025-06-21 12:00:00+00:00,11783.413056355172
2025-06-21 16:00:00+00:00,11783.413056355172
2025-06-21 20:00:00+00:00,11783.413056355172
2025-06-22 00:00:00+00:00,11783.413056355172
2025-06-22 04:00:00+00:00,11783.413056355172
2025-06-22 08:00:00+00:00,11783.413056355172
2025-06-22 12:00:00+00:00,11783.413056355172
2025-06-22 16:00:00+00:00,11783.413056355172
2025-06-22 20:00:00+00:00,11783.413056355172
2025-06-23 00:00:00+00:00,11783.413056355172
2025-06-23 04:00:00+00:00,11783.413056355172
2025-06-23 08:00:00+00:00,11783.413056355172
2025-06-23 12:00:00+00:00,11783.413056355172
2025-06-23 16:00:00+00:00,11783.413056355172
2025-06-23 20:00:00+00:00,11783.413056355172
2025-06-24 00:00:00+00:00,11783.413056355172
2025-06-24 04:00:00+00:00,11783.413056355172
2025-06-24 08:00:00+00:00,11783.413056355172
2025-06-24 12:00:00+00:00,11783.413056355172
2025-06-24 16:00:00+00:00,11783.413056355172
2025-06-24 20:00:00+00:00,11783.413056355172
2025-06-25 00:00:00+00:00,11783.413056355172
2025-06-25 04:00:00+00:00,11783.413056355172
2025-06-25 08:00:00+00:00,11783.413056355172
2025-06-25 12:00:00+00:00,11783.413056355172
2025-06-25 16:00:00+00:00,11783.413056355172
2025-06-25 20:00:00+00:00,11783.413056355172
2025-06-26 00:00:00+00:00,11783.413056355172
2025-06-26 04:00:00+00:00,11783.413056355172
2025-06-26 08:00:00+00:00,11783.413056355172
2025-06-26 12:00:00+00:00,11783.413056355172
2025-06-26 16:00:00+00:00,11783.413056355172
2025-06-26 20:00:00+00:00,11783.413056355172
2025-06-27 00:00:00+00:00,11783.413056355172
2025-06-27 04:00:00+00:00,11783.413056355172
2025-06-27 08:00:00+00:00,11783.413056355172
2025-06-27 12:00:00+00:00,11783.413056355172
2025-06-27 16:00:00+00:00,11783.413056355172
2025-06-27 20:00:00+00:00,11783.413056355172
2025-06-28 00:00:00+00:00,11783.413056355172
2025-06-28 04:00:00+00:00,11783.413056355172
2025-06-28 08:00:00+00:00,11783.413056355172
2025-06-28 12:00:00+00:00,11783.413056355172
2025-06-28 16:00:00+00:00,11783.413056355172
2025-06-28 20:00:00+00:00,11783.413056355172
2025-06-29 00:00:00+00:00,11783.413056355172
2025-06-29 04:00:00+00:00,11783.413056355172
2025-06-29 08:00:00+00:00,11783.413056355172
2025-06-29 12:00:00+00:00,11783.413056355172
2025-06-29 16:00:00+00:00,11783.413056355172
2025-06-29 20:00:00+00:00,11783.413056355172
2025-06-30 00:00:00+00:00,11783.413056355172
2025-06-30 04:00:00+00:00,11783.413056355172
2025-06-30 08:00:00+00:00,11783.413056355172
2025-06-30 12:00:00+00:00,11783.413056355172
2025-06-30 16:00:00+00:00,11783.413056355172
2025-06-30 20:00:00+00:00,11783.413056355172
2025-07-01 00:00:00+00:00,11783.413056355172
2025-07-01 04:00:00+00:00,11783.413056355172
2025-07-01 08:00:00+00:00,11783.413056355172
2025-07-01 12:00:00+00:00,11783.413056355172
2025-07-01 16:00:00+00:00,11783.413056355172
2025-07-01 20:00:00+00:00,11783.413056355172
2025-07-02 00:00:00+00:00,11783.413056355172
2025-07-02 04:00:00+00:00,11783.413056355172
2025-07-02 08:00:00+00:00,11783.413056355172
2025-07-02 12:00:00+00:00,11783.413056355172
2025-07-02 16:00:00+00:00,11783.413056355172
2025-07-02 20:00:00+00:00,11783.413056355172
2025-07-03 00:00:00+00:00,11783.413056355172
2025-07-03 04:00:00+00:00,11759.89326981554
2025-07-03 08:00:00+00:00,11505.100295803206
2025-07-03 12:00:00+00:00,11112.109560099876
2025-07-03 16:00:00+00:00,11112.109560099876
2025-07-03 20:00:00+00:00,11112.109560099876
2025-07-04 00:00:00+00:00,11112.109560099876
2025-07-04 04:00:00+00:00,11112.109560099876
2025-07-04 08:00:00+00:00,11112.109560099876
2025-07-04 12:00:00+00:00,11112.109560099876
2025-07-04 16:00:00+00:00,11112.109560099876
2025-07-04 20:00:00+00:00,11112.109560099876
2025-07-05 00:00:00+00:00,11112.109560099876
2025-07-05 04:00:00+00:00,11112.109560099876
2025-07-05 08:00:00+00:00,11112.109560099876
2025-07-05 12:00:00+00:00,11112.109560099876
2025-07-05 16:00:00+00:00,11112.109560099876
2025-07-05 20:00:00+00:00,11112.109560099876
2025-07-06 00:00:00+00:00,11112.109560099876
2025-07-06 04:00:00+00:00,11112.109560099876
2025-07-06 08:00:00+00:00,11112.109560099876
2025-07-06 12:00:00+00:00,11112.109560099876
2025-07-06 16:00:00+00:00,11112.109560099876
2025-07-06 20:00:00+00:00,11112.109560099876
2025-07-07 00:00:00+00:00,11112.109560099876
2025-07-07 04:00:00+00:00,11112.109560099876
2025-07-07 08:00:00+00:00,11112.109560099876
2025-07-07 12:00:00+00:00,11112.109560099876
2025-07-07 16:00:00+00:00,11112.109560099876
2025-07-07 20:00:00+00:00,11112.109560099876
2025-07-08 00:00:00+00:00,11112.109560099876
2025-07-08 04:00:00+00:00,11112.109560099876
2025-07-08 08:00:00+00:00,11112.109560099876
2025-07-08 12:00:00+00:00,11112.109560099876
2025-07-08 16:00:00+00:00,11112.109560099876
2025-07-08 20:00:00+00:00,11112.109560099876
2025-07-09 00:00:00+00:00,11112.109560099876
2025-07-09 04:00:00+00:00,11112.109560099876
2025-07-09 08:00:00+00:00,11112.109560099876
2025-07-09 12:00:00+00:00,11112.109560099876
2025-07-09 16:00:00+00:00,11112.109560099876
2025-07-09 20:00:00+00:00,11112.109560099876
2025-07-10 00:00:00+00:00,11112.109560099876
2025-07-10 04:00:00+00:00,11112.109560099876
2025-07-10 08:00:00+00:00,11112.109560099876
2025-07-10 12:00:00+00:00,11112.109560099876
2025-07-10 16:00:00+00:00,11112.109560099876
2025-07-10 20:00:00+00:00,11112.109560099876
2025-07-11 00:00:00+00:00,11112.109560099876
2025-07-11 04:00:00+00:00,11112.109560099876
2025-07-11 08:00:00+00:00,11112.109560099876
2025-07-11 12:00:00+00:00,11112.109560099876
2025-07-11 16:00:00+00:00,11112.109560099876
2025-07-11 20:00:00+00:00,11112.109560099876
2025-07-12 00:00:00+00:00,11112.109560099876
2025-07-12 04:00:00+00:00,11112.109560099876
2025-07-12 08:00:00+00:00,11112.109560099876
2025-07-12 12:00:00+00:00,11112.109560099876
2025-07-12 16:00:00+00:00,11112.109560099876
2025-07-12 20:00:00+00:00,11112.109560099876
2025-07-13 00:00:00+00:00,11112.109560099876
2025-07-13 04:00:00+00:00,11112.109560099876
2025-07-13 08:00:00+00:00,11112.109560099876
2025-07-13 12:00:00+00:00,11112.109560099876
2025-07-13 16:00:00+00:00,11112.109560099876
2025-07-13 20:00:00+00:00,11112.109560099876
2025-07-14 00:00:00+00:00,11112.109560099876
2025-07-14 04:00:00+00:00,11112.109560099876
2025-07-14 08:00:00+00:00,11112.109560099876
2025-07-14 12:00:00+00:00,11112.109560099876
2025-07-14 16:00:00+00:00,11112.109560099876
2025-07-14 20:00:00+00:00,11112.109560099876
2025-07-15 00:00:00+00:00,11112.109560099876
2025-07-15 04:00:00+00:00,11112.109560099876
2025-07-15 08:00:00+00:00,11112.109560099876
2025-07-15 12:00:00+00:00,11112.109560099876
2025-07-15 16:00:00+00:00,11112.109560099876
2025-07-15 20:00:00+00:00,11112.109560099876
2025-07-16 00:00:00+00:00,11112.109560099876
2025-07-16 04:00:00+00:00,11112.109560099876
2025-07-16 08:00:00+00:00,11112.109560099876
2025-07-16 12:00:00+00:00,11112.109560099876
2025-07-16 16:00:00+00:00,11112.109560099876
2025-07-16 20:00:00+00:00,11112.109560099876
2025-07-17 00:00:00+00:00,11112.109560099876
2025-07-17 04:00:00+00:00,11112.109560099876
2025-07-17 08:00:00+00:00,11112.109560099876
2025-07-17 12:00:00+00:00,11112.109560099876
2025-07-17 16:00:00+00:00,11112.109560099876
2025-07-17 20:00:00+00:00,11112.109560099876
2025-07-18 00:00:00+00:00,11112.109560099876
2025-07-18 04:00:00+00:00,11112.109560099876
2025-07-18 08:00:00+00:00,11112.109560099876
2025-07-18 12:00:00+00:00,11112.109560099876
2025-07-18 16:00:00+00:00,11112.109560099876
2025-07-18 20:00:00+00:00,11112.109560099876
2025-07-19 00:00:00+00:00,11112.109560099876
2025-07-19 04:00:00+00:00,11112.109560099876
2025-07-19 08:00:00+00:00,11112.109560099876
2025-07-19 12:00:00+00:00,11112.109560099876
2025-07-19 16:00:00+00:00,11112.109560099876
2025-07-19 20:00:00+00:00,11112.109560099876
2025-07-20 00:00:00+00:00,11112.109560099876
2025-07-20 04:00:00+00:00,11112.109560099876
2025-07-20 08:00:00+00:00,11112.109560099876
2025-07-20 12:00:00+00:00,11112.109560099876
2025-07-20 16:00:00+00:00,11112.109560099876
2025-07-20 20:00:00+00:00,11112.109560099876
2025-07-21 00:00:00+00:00,11112.109560099876
2025-07-21 04:00:00+00:00,11112.109560099876
2025-07-21 08:00:00+00:00,11112.109560099876
2025-07-21 12:00:00+00:00,11112.109560099876
2025-07-21 16:00:00+00:00,11112.109560099876
2025-07-21 20:00:00+00:00,11112.109560099876
2025-07-22 00:00:00+00:00,11112.109560099876
2025-07-22 04:00:00+00:00,11112.109560099876
2025-07-22 08:00:00+00:00,11112.109560099876
2025-07-22 12:00:00+00:00,11112.109560099876
2025-07-22 16:00:00+00:00,11112.109560099876
2025-07-22 20:00:00+00:00,11112.109560099876
2025-07-23 00:00:00+00:00,11112.109560099876
2025-07-23 04:00:00+00:00,11112.109560099876
2025-07-23 08:00:00+00:00,11112.109560099876
2025-07-23 12:00:00+00:00,11112.109560099876
2025-07-23 16:00:00+00:00,11112.109560099876
2025-07-23 20:00:00+00:00,11112.109560099876
2025-07-24 00:00:00+00:00,11112.109560099876
2025-07-24 04:00:00+00:00,11112.109560099876
2025-07-24 08:00:00+00:00,11112.109560099876
2025-07-24 12:00:00+00:00,11112.109560099876
2025-07-24 16:00:00+00:00,11112.109560099876
2025-07-24 20:00:00+00:00,11112.109560099876
2025-07-25 00:00:00+00:00,11112.109560099876
2025-07-25 04:00:00+00:00,11112.109560099876
2025-07-25 08:00:00+00:00,11112.109560099876
2025-07-25 12:00:00+00:00,11112.109560099876
2025-07-25 16:00:00+00:00,11112.109560099876
2025-07-25 20:00:00+00:00,11112.109560099876
2025-07-26 00:00:00+00:00,11112.109560099876
2025-07-26 04:00:00+00:00,11112.109560099876
2025-07-26 08:00:00+00:00,11112.109560099876
2025-07-26 12:00:00+00:00,11112.109560099876
2025-07-26 16:00:00+00:00,11112.109560099876
2025-07-26 20:00:00+00:00,11112.109560099876
2025-07-27 00:00:00+00:00,11112.109560099876
2025-07-27 04:00:00+00:00,11112.109560099876
2025-07-27 08:00:00+00:00,11112.109560099876
2025-07-27 12:00:00+00:00,11112.109560099876
2025-07-27 16:00:00+00:00,11112.109560099876
2025-07-27 20:00:00+00:00,11112.109560099876
2025-07-28 00:00:00+00:00,11112.109560099876
2025-07-28 04:00:00+00:00,11112.109560099876
2025-07-28 08:00:00+00:00,11112.109560099876
2025-07-28 12:00:00+00:00,11112.109560099876
2025-07-28 16:00:00+00:00,11112.109560099876
2025-07-28 20:00:00+00:00,11112.109560099876
2025-07-29 00:00:00+00:00,11112.109560099876
2025-07-29 04:00:00+00:00,11112.109560099876
2025-07-29 08:00:00+00:00,11112.109560099876
2025-07-29 12:00:00+00:00,11112.109560099876
2025-07-29 16:00:00+00:00,11112.109560099876
2025-07-29 20:00:00+00:00,11112.109560099876
2025-07-30 00:00:00+00:00,11112.109560099876
2025-07-30 04:00:00+00:00,11112.109560099876
2025-07-30 08:00:00+00:00,11112.109560099876
2025-07-30 12:00:00+00:00,11112.109560099876
2025-07-30 16:00:00+00:00,11112.109560099876
2025-07-30 20:00:00+00:00,11112.109560099876
2025-07-31 00:00:00+00:00,11112.109560099876
2025-07-31 04:00:00+00:00,11112.109560099876
2025-07-31 08:00:00+00:00,11112.109560099876
2025-07-31 12:00:00+00:00,11112.109560099876
2025-07-31 16:00:00+00:00,11112.109560099876
2025-07-31 20:00:00+00:00,11112.109560099876
2025-08-01 00:00:00+00:00,11112.109560099876
2025-08-01 04:00:00+00:00,11112.109560099876
2025-08-01 08:00:00+00:00,11112.109560099876
2025-08-01 12:00:00+00:00,11112.109560099876
2025-08-01 16:00:00+00:00,11112.109560099876
2025-08-01 20:00:00+00:00,11112.109560099876
2025-08-02 00:00:00+00:00,11112.109560099876
2025-08-02 04:00:00+00:00,11112.109560099876
2025-08-02 08:00:00+00:00,11112.109560099876
2025-08-02 12:00:00+00:00,11112.109560099876
2025-08-02 16:00:00+00:00,11112.109560099876
2025-08-02 20:00:00+00:00,11112.109560099876
2025-08-03 00:00:00+00:00,11112.109560099876
2025-08-03 04:00:00+00:00,11112.109560099876
2025-08-03 08:00:00+00:00,11112.109560099876
2025-08-03 12:00:00+00:00,11112.109560099876
2025-08-03 16:00:00+00:00,11112.109560099876
2025-08-03 20:00:00+00:00,11112.109560099876
2025-08-04 00:00:00+00:00,11112.109560099876
2025-08-04 04:00:00+00:00,11112.109560099876
2025-08-04 08:00:00+00:00,11112.109560099876
2025-08-04 12:00:00+00:00,11112.109560099876
2025-08-04 16:00:00+00:00,11112.109560099876
2025-08-04 20:00:00+00:00,11112.109560099876
2025-08-05 00:00:00+00:00,11112.109560099876
2025-08-05 04:00:00+00:00,11112.109560099876
2025-08-05 08:00:00+00:00,11112.109560099876
2025-08-05 12:00:00+00:00,11112.109560099876
2025-08-05 16:00:00+00:00,11112.109560099876
2025-08-05 20:00:00+00:00,11112.109560099876
2025-08-06 00:00:00+00:00,11112.109560099876
2025-08-06 04:00:00+00:00,11112.109560099876
2025-08-06 08:00:00+00:00,11112.109560099876
2025-08-06 12:00:00+00:00,11112.109560099876
2025-08-06 16:00:00+00:00,11112.109560099876
2025-08-06 20:00:00+00:00,11112.109560099876
2025-08-07 00:00:00+00:00,11112.109560099876
2025-08-07 04:00:00+00:00,11112.109560099876
2025-08-07 08:00:00+00:00,11112.109560099876
2025-08-07 12:00:00+00:00,11112.109560099876
2025-08-07 16:00:00+00:00,11112.109560099876
2025-08-07 20:00:00+00:00,11112.109560099876
2025-08-08 00:00:00+00:00,11112.109560099876
2025-08-08 04:00:00+00:00,11112.109560099876
2025-08-08 08:00:00+00:00,11112.109560099876
2025-08-08 12:00:00+00:00,11112.109560099876
2025-08-08 16:00:00+00:00,11112.109560099876
2025-08-08 20:00:00+00:00,11112.109560099876
2025-08-09 00:00:00+00:00,11112.109560099876
2025-08-09 04:00:00+00:00,11112.109560099876
2025-08-09 08:00:00+00:00,11112.109560099876
2025-08-09 12:00:00+00:00,11112.109560099876
2025-08-09 16:00:00+00:00,11112.109560099876
2025-08-09 20:00:00+00:00,11112.109560099876
2025-08-10 00:00:00+00:00,11112.109560099876
2025-08-10 04:00:00+00:00,11112.109560099876
2025-08-10 08:00:00+00:00,11112.109560099876
2025-08-10 12:00:00+00:00,11112.109560099876
2025-08-10 16:00:00+00:00,11112.109560099876
2025-08-10 20:00:00+00:00,11112.109560099876
2025-08-11 00:00:00+00:00,11089.929700698478
2025-08-11 04:00:00+00:00,10864.333867741623
2025-08-11 08:00:00+00:00,10584.969164028302
2025-08-11 12:00:00+00:00,10584.969164028302
2025-08-11 16:00:00+00:00,10584.969164028302
2025-08-11 20:00:00+00:00,10584.969164028302
2025-08-12 00:00:00+00:00,10584.969164028302
2025-08-12 04:00:00+00:00,10584.969164028302
2025-08-12 08:00:00+00:00,10584.969164028302
2025-08-12 12:00:00+00:00,10584.969164028302
2025-08-12 16:00:00+00:00,10584.969164028302
2025-08-12 20:00:00+00:00,10584.969164028302
2025-08-13 00:00:00+00:00,10584.969164028302
2025-08-13 04:00:00+00:00,10584.969164028302
2025-08-13 08:00:00+00:00,10584.969164028302
2025-08-13 12:00:00+00:00,10584.969164028302
2025-08-13 16:00:00+00:00,10584.969164028302
2025-08-13 20:00:00+00:00,10584.969164028302
2025-08-14 00:00:00+00:00,10584.969164028302
2025-08-14 04:00:00+00:00,10584.969164028302
2025-08-14 08:00:00+00:00,10584.969164028302
2025-08-14 12:00:00+00:00,10584.969164028302
2025-08-14 16:00:00+00:00,10584.969164028302
2025-08-14 20:00:00+00:00,10584.969164028302
2025-08-15 00:00:00+00:00,10584.969164028302
2025-08-15 04:00:00+00:00,10584.969164028302
2025-08-15 08:00:00+00:00,10584.969164028302
2025-08-15 12:00:00+00:00,10584.969164028302
2025-08-15 16:00:00+00:00,10584.969164028302
2025-08-15 20:00:00+00:00,10584.969164028302
2025-08-16 00:00:00+00:00,10584.969164028302
2025-08-16 04:00:00+00:00,10584.969164028302
2025-08-16 08:00:00+00:00,10584.969164028302
2025-08-16 12:00:00+00:00,10584.969164028302
2025-08-16 16:00:00+00:00,10584.969164028302
2025-08-16 20:00:00+00:00,10584.969164028302
2025-08-17 00:00:00+00:00,10584.969164028302
2025-08-17 04:00:00+00:00,10584.969164028302
2025-08-17 08:00:00+00:00,10584.969164028302
2025-08-17 12:00:00+00:00,10584.969164028302
2025-08-17 16:00:00+00:00,10584.969164028302
2025-08-17 20:00:00+00:00,10584.969164028302
2025-08-18 00:00:00+00:00,10584.969164028302
2025-08-18 04:00:00+00:00,10584.969164028302
2025-08-18 08:00:00+00:00,10584.969164028302
2025-08-18 12:00:00+00:00,10584.969164028302
2025-08-18 16:00:00+00:00,10584.969164028302
2025-08-18 20:00:00+00:00,10584.969164028302
2025-08-19 00:00:00+00:00,10584.969164028302
2025-08-19 04:00:00+00:00,10584.969164028302
2025-08-19 08:00:00+00:00,10584.969164028302
2025-08-19 12:00:00+00:00,10584.969164028302
2025-08-19 16:00:00+00:00,10584.969164028302
2025-08-19 20:00:00+00:00,10584.969164028302
2025-08-20 00:00:00+00:00,10584.969164028302
2025-08-20 04:00:00+00:00,10584.969164028302
2025-08-20 08:00:00+00:00,10584.969164028302
2025-08-20 12:00:00+00:00,10584.969164028302
2025-08-20 16:00:00+00:00,10584.969164028302
2025-08-20 20:00:00+00:00,10584.969164028302
2025-08-21 00:00:00+00:00,10584.969164028302
2025-08-21 04:00:00+00:00,10584.969164028302
2025-08-21 08:00:00+00:00,10584.969164028302
2025-08-21 12:00:00+00:00,10584.969164028302
2025-08-21 16:00:00+00:00,10584.969164028302
2025-08-21 20:00:00+00:00,10584.969164028302
2025-08-22 00:00:00+00:00,10584.969164028302
2025-08-22 04:00:00+00:00,10584.969164028302
2025-08-22 08:00:00+00:00,10584.969164028302
2025-08-22 12:00:00+00:00,10584.969164028302
2025-08-22 16:00:00+00:00,10584.969164028302
2025-08-22 20:00:00+00:00,10584.969164028302
2025-08-23 00:00:00+00:00,10584.969164028302
2025-08-23 04:00:00+00:00,10584.969164028302
2025-08-23 08:00:00+00:00,10584.969164028302
2025-08-23 12:00:00+00:00,10584.969164028302
2025-08-23 16:00:00+00:00,10584.969164028302
2025-08-23 20:00:00+00:00,10584.969164028302
2025-08-24 00:00:00+00:00,10584.969164028302
2025-08-24 04:00:00+00:00,10584.969164028302
2025-08-24 08:00:00+00:00,10584.969164028302
2025-08-24 12:00:00+00:00,10584.969164028302
2025-08-24 16:00:00+00:00,10584.969164028302
2025-08-24 20:00:00+00:00,10584.969164028302
2025-08-25 00:00:00+00:00,10584.969164028302
2025-08-25 04:00:00+00:00,10584.969164028302
2025-08-25 08:00:00+00:00,10584.969164028302
2025-08-25 12:00:00+00:00,10584.969164028302
2025-08-25 16:00:00+00:00,10584.969164028302
2025-08-25 20:00:00+00:00,10584.969164028302
2025-08-26 00:00:00+00:00,10584.969164028302
2025-08-26 04:00:00+00:00,10584.969164028302
2025-08-26 08:00:00+00:00,10584.969164028302
2025-08-26 12:00:00+00:00,10584.969164028302
2025-08-26 16:00:00+00:00,10584.969164028302
2025-08-26 20:00:00+00:00,10584.969164028302
2025-08-27 00:00:00+00:00,10584.969164028302
2025-08-27 04:00:00+00:00,10584.969164028302
2025-08-27 08:00:00+00:00,10584.969164028302
2025-08-27 12:00:00+00:00,10584.969164028302
2025-08-27 16:00:00+00:00,10584.969164028302
2025-08-27 20:00:00+00:00,10584.969164028302
2025-08-28 00:00:00+00:00,10584.969164028302
2025-08-28 04:00:00+00:00,10584.969164028302
2025-08-28 08:00:00+00:00,10584.969164028302
2025-08-28 12:00:00+00:00,10584.969164028302
2025-08-28 16:00:00+00:00,10584.969164028302
2025-08-28 20:00:00+00:00,10584.969164028302
2025-08-29 00:00:00+00:00,10584.969164028302
2025-08-29 04:00:00+00:00,10584.969164028302
2025-08-29 08:00:00+00:00,10584.969164028302
2025-08-29 12:00:00+00:00,10584.969164028302
2025-08-29 16:00:00+00:00,10584.969164028302
2025-08-29 20:00:00+00:00,10584.969164028302
2025-08-30 00:00:00+00:00,10584.969164028302
2025-08-30 04:00:00+00:00,10584.969164028302
2025-08-30 08:00:00+00:00,10584.969164028302
2025-08-30 12:00:00+00:00,10584.969164028302
2025-08-30 16:00:00+00:00,10584.969164028302
2025-08-30 20:00:00+00:00,10584.969164028302
2025-08-31 00:00:00+00:00,10584.969164028302
2025-08-31 04:00:00+00:00,10584.969164028302
2025-08-31 08:00:00+00:00,10584.969164028302
2025-08-31 12:00:00+00:00,10584.969164028302
2025-08-31 16:00:00+00:00,10584.969164028302
2025-08-31 20:00:00+00:00,10584.969164028302
2025-09-01 00:00:00+00:00,10584.969164028302
2025-09-01 04:00:00+00:00,10584.969164028302
2025-09-01 08:00:00+00:00,10584.969164028302
2025-09-01 12:00:00+00:00,10584.969164028302
2025-09-01 16:00:00+00:00,10584.969164028302
2025-09-01 20:00:00+00:00,10584.969164028302
2025-09-02 00:00:00+00:00,10584.969164028302
2025-09-02 04:00:00+00:00,10584.969164028302
2025-09-02 08:00:00+00:00,10584.969164028302
2025-09-02 12:00:00+00:00,10584.969164028302
2025-09-02 16:00:00+00:00,10584.969164028302
2025-09-02 20:00:00+00:00,10584.969164028302
2025-09-03 00:00:00+00:00,10584.969164028302
2025-09-03 04:00:00+00:00,10584.969164028302
2025-09-03 08:00:00+00:00,10584.969164028302
2025-09-03 12:00:00+00:00,10584.969164028302
2025-09-03 16:00:00+00:00,10584.969164028302
2025-09-03 20:00:00+00:00,10584.969164028302
2025-09-04 00:00:00+00:00,10584.969164028302
2025-09-04 04:00:00+00:00,10584.969164028302
2025-09-04 08:00:00+00:00,10584.969164028302
2025-09-04 12:00:00+00:00,10584.969164028302
2025-09-04 16:00:00+00:00,10584.969164028302
2025-09-04 20:00:00+00:00,10584.969164028302
2025-09-05 00:00:00+00:00,10584.969164028302
2025-09-05 04:00:00+00:00,10584.969164028302
2025-09-05 08:00:00+00:00,10584.969164028302
2025-09-05 12:00:00+00:00,10584.969164028302
2025-09-05 16:00:00+00:00,10584.969164028302
2025-09-05 20:00:00+00:00,10584.969164028302
2025-09-06 00:00:00+00:00,10584.969164028302
2025-09-06 04:00:00+00:00,10584.969164028302
2025-09-06 08:00:00+00:00,10584.969164028302
2025-09-06 12:00:00+00:00,10584.969164028302
2025-09-06 16:00:00+00:00,10584.969164028302
2025-09-06 20:00:00+00:00,10584.969164028302
2025-09-07 00:00:00+00:00,10584.969164028302
2025-09-07 04:00:00+00:00,10584.969164028302
2025-09-07 08:00:00+00:00,10584.969164028302
2025-09-07 12:00:00+00:00,10584.969164028302
2025-09-07 16:00:00+00:00,10584.969164028302
2025-09-07 20:00:00+00:00,10584.969164028302
2025-09-08 00:00:00+00:00,10563.841481066169
2025-09-08 04:00:00+00:00,10514.074718793256
2025-09-08 08:00:00+00:00,10595.736139511615
2025-09-08 12:00:00+00:00,10792.391504122852
2025-09-08 16:00:00+00:00,10644.044795998268
2025-09-08 20:00:00+00:00,10676.415494122008
2025-09-09 00:00:00+00:00,10774.497659900633
2025-09-09 04:00:00+00:00,11036.857745147694
2025-09-09 08:00:00+00:00,11003.497484228143
2025-09-09 12:00:00+00:00,10608.717404187637
2025-09-09 16:00:00+00:00,10575.376634656488
2025-09-09 20:00:00+00:00,10591.32208970725
2025-09-10 00:00:00+00:00,10672.979762081684
2025-09-10 04:00:00+00:00,10639.635993875394
2025-09-10 08:00:00+00:00,10589.865483258558
2025-09-10 12:00:00+00:00,10770.092606121681
2025-09-10 16:00:00+00:00,10588.890164169654
2025-09-10 20:00:00+00:00,10785.545528780889
2025-09-11 00:00:00+00:00,10900.050688626137
2025-09-11 04:00:00+00:00,10899.552908553092
2025-09-11 08:00:00+00:00,10784.057436243242
2025-09-11 12:00:00+00:00,10799.993145599803
2025-09-11 16:00:00+00:00,10914.497555776266
2025-09-11 20:00:00+00:00,10996.140234775005
2025-09-12 00:00:00+00:00,10979.209714941137
2025-09-12 04:00:00+00:00,11011.564670020392
2025-09-12 08:00:00+00:00,10863.207466532825
2025-09-12 12:00:00+00:00,10944.85239453792
2025-09-12 16:00:00+00:00,11223.632475176466
2025-09-12 20:00:00+00:00,11190.263218231496
2025-09-13 00:00:00+00:00,11222.608427616555
2025-09-13 04:00:00+00:00,11172.810928923469
2025-09-13 08:00:00+00:00,11435.15227245091
2025-09-13 12:00:00+00:00,11237.490852330597
2025-09-13 16:00:00+00:00,11204.120845716843
2025-09-13 20:00:00+00:00,11269.321788929345
2025-09-14 00:00:00+00:00,11033.09334331878
2025-09-14 04:00:00+00:00,11033.09334331878
2025-09-14 08:00:00+00:00,11033.09334331878
2025-09-14 12:00:00+00:00,11033.09334331878
2025-09-14 16:00:00+00:00,11033.09334331878
2025-09-14 20:00:00+00:00,11033.09334331878
2025-09-15 00:00:00+00:00,11033.09334331878
2025-09-15 04:00:00+00:00,11033.09334331878
2025-09-15 08:00:00+00:00,11033.09334331878
2025-09-15 12:00:00+00:00,11033.09334331878
2025-09-15 16:00:00+00:00,11033.09334331878
2025-09-15 20:00:00+00:00,11033.09334331878
2025-09-16 00:00:00+00:00,11033.09334331878
2025-09-16 04:00:00+00:00,11033.09334331878
2025-09-16 08:00:00+00:00,11033.09334331878
2025-09-16 12:00:00+00:00,11033.09334331878
2025-09-16 16:00:00+00:00,11033.09334331878
2025-09-16 20:00:00+00:00,11033.09334331878
2025-09-17 00:00:00+00:00,11033.09334331878
2025-09-17 04:00:00+00:00,11033.09334331878
2025-09-17 08:00:00+00:00,11033.09334331878
2025-09-17 12:00:00+00:00,11033.09334331878
2025-09-17 16:00:00+00:00,11033.09334331878
2025-09-17 20:00:00+00:00,11033.09334331878
2025-09-18 00:00:00+00:00,11033.09334331878
2025-09-18 04:00:00+00:00,11033.09334331878
2025-09-18 08:00:00+00:00,11033.09334331878
2025-09-18 12:00:00+00:00,11033.09334331878
2025-09-18 16:00:00+00:00,11033.09334331878
2025-09-18 20:00:00+00:00,11033.09334331878
2025-09-19 00:00:00+00:00,11033.09334331878
2025-09-19 04:00:00+00:00,11033.09334331878
2025-09-19 08:00:00+00:00,11033.09334331878
2025-09-19 12:00:00+00:00,11033.09334331878
2025-09-19 16:00:00+00:00,11033.09334331878
2025-09-19 20:00:00+00:00,11033.09334331878
2025-09-20 00:00:00+00:00,11033.09334331878
2025-09-20 04:00:00+00:00,11033.09334331878
2025-09-20 08:00:00+00:00,11033.09334331878
2025-09-20 12:00:00+00:00,11033.09334331878
2025-09-20 16:00:00+00:00,11033.09334331878
2025-09-20 20:00:00+00:00,11033.09334331878
2025-09-21 00:00:00+00:00,11033.09334331878
2025-09-21 04:00:00+00:00,11033.09334331878
2025-09-21 08:00:00+00:00,11033.09334331878
2025-09-21 12:00:00+00:00,11033.09334331878
2025-09-21 16:00:00+00:00,11033.09334331878
2025-09-21 20:00:00+00:00,11033.09334331878
2025-09-22 00:00:00+00:00,11033.09334331878
2025-09-22 04:00:00+00:00,11033.09334331878
2025-09-22 08:00:00+00:00,11033.09334331878
2025-09-22 12:00:00+00:00,11033.09334331878
2025-09-22 16:00:00+00:00,11033.09334331878
2025-09-22 20:00:00+00:00,11033.09334331878
2025-09-23 00:00:00+00:00,11033.09334331878
2025-09-23 04:00:00+00:00,11033.09334331878
2025-09-23 08:00:00+00:00,11033.09334331878
2025-09-23 12:00:00+00:00,11033.09334331878
2025-09-23 16:00:00+00:00,11033.09334331878
2025-09-23 20:00:00+00:00,11033.09334331878
2025-09-24 00:00:00+00:00,11033.09334331878
2025-09-24 04:00:00+00:00,11033.09334331878
2025-09-24 08:00:00+00:00,11033.09334331878
2025-09-24 12:00:00+00:00,11033.09334331878
2025-09-24 16:00:00+00:00,11033.09334331878
2025-09-24 20:00:00+00:00,11033.09334331878
2025-09-25 00:00:00+00:00,11033.09334331878
2025-09-25 04:00:00+00:00,11033.09334331878
2025-09-25 08:00:00+00:00,11033.09334331878
2025-09-25 12:00:00+00:00,11033.09334331878
2025-09-25 16:00:00+00:00,11033.09334331878
2025-09-25 20:00:00+00:00,11033.09334331878
2025-09-26 00:00:00+00:00,11033.09334331878
2025-09-26 04:00:00+00:00,11033.09334331878
2025-09-26 08:00:00+00:00,11033.09334331878
2025-09-26 12:00:00+00:00,11033.09334331878
2025-09-26 16:00:00+00:00,11033.09334331878
2025-09-26 20:00:00+00:00,11033.09334331878
2025-09-27 00:00:00+00:00,11033.09334331878
2025-09-27 04:00:00+00:00,11033.09334331878
2025-09-27 08:00:00+00:00,11033.09334331878
2025-09-27 12:00:00+00:00,11033.09334331878
2025-09-27 16:00:00+00:00,11033.09334331878
2025-09-27 20:00:00+00:00,11033.09334331878
2025-09-28 00:00:00+00:00,11033.09334331878
2025-09-28 04:00:00+00:00,11033.09334331878
2025-09-28 08:00:00+00:00,11033.09334331878
2025-09-28 12:00:00+00:00,11033.09334331878
2025-09-28 16:00:00+00:00,11033.09334331878
2025-09-28 20:00:00+00:00,11033.09334331878
2025-09-29 00:00:00+00:00,11033.09334331878
2025-09-29 04:00:00+00:00,11033.09334331878
2025-09-29 08:00:00+00:00,11033.09334331878
2025-09-29 12:00:00+00:00,11033.09334331878
2025-09-29 16:00:00+00:00,11033.09334331878
2025-09-29 20:00:00+00:00,11033.09334331878
2025-09-30 00:00:00+00:00,11033.09334331878
2025-09-30 04:00:00+00:00,11033.09334331878
2025-09-30 08:00:00+00:00,11033.09334331878
2025-09-30 12:00:00+00:00,11033.09334331878
2025-09-30 16:00:00+00:00,11033.09334331878
2025-09-30 20:00:00+00:00,11033.09334331878
2025-10-01 00:00:00+00:00,11033.09334331878
2025-10-01 04:00:00+00:00,11033.09334331878
2025-10-01 08:00:00+00:00,11033.09334331878
2025-10-01 12:00:00+00:00,11033.09334331878
2025-10-01 16:00:00+00:00,11033.09334331878
2025-10-01 20:00:00+00:00,11033.09334331878
2025-10-02 00:00:00+00:00,11033.09334331878
2025-10-02 04:00:00+00:00,11033.09334331878
2025-10-02 08:00:00+00:00,11033.09334331878
2025-10-02 12:00:00+00:00,11033.09334331878
2025-10-02 16:00:00+00:00,11011.07120091695
2025-10-02 20:00:00+00:00,10920.61312932279
2025-10-03 00:00:00+00:00,10722.212410153448
2025-10-03 04:00:00+00:00,10703.731976039124
2025-10-03 08:00:00+00:00,10631.278986655594
2025-10-03 12:00:00+00:00,10846.68728792677
2025-10-03 16:00:00+00:00,10810.209981479255
2025-10-03 20:00:00+00:00,10755.743191588244
2025-10-04 00:00:00+00:00,10593.332112146567
2025-10-04 04:00:00+00:00,10556.866299527468
2025-10-04 08:00:00+00:00,10514.570618986612
2025-10-04 12:00:00+00:00,10514.570618986612
2025-10-04 16:00:00+00:00,10514.570618986612
2025-10-04 20:00:00+00:00,10514.570618986612
2025-10-05 00:00:00+00:00,10514.570618986612
2025-10-05 04:00:00+00:00,10514.570618986612
2025-10-05 08:00:00+00:00,10514.570618986612
2025-10-05 12:00:00+00:00,10514.570618986612
2025-10-05 16:00:00+00:00,10514.570618986612
2025-10-05 20:00:00+00:00,10514.570618986612
2025-10-06 00:00:00+00:00,10514.570618986612
2025-10-06 04:00:00+00:00,10514.570618986612
2025-10-06 08:00:00+00:00,10514.570618986612
2025-10-06 12:00:00+00:00,10514.570618986612
2025-10-06 16:00:00+00:00,10514.570618986612
2025-10-06 20:00:00+00:00,10514.570618986612
2025-10-07 00:00:00+00:00,10514.570618986612
2025-10-07 04:00:00+00:00,10514.570618986612
2025-10-07 08:00:00+00:00,10514.570618986612
2025-10-07 12:00:00+00:00,10514.570618986612
2025-10-07 16:00:00+00:00,10514.570618986612
2025-10-07 20:00:00+00:00,10514.570618986612
2025-10-08 00:00:00+00:00,10514.570618986612
2025-10-08 04:00:00+00:00,10514.570618986612
2025-10-08 08:00:00+00:00,10514.570618986612
2025-10-08 12:00:00+00:00,10514.570618986612
2025-10-08 16:00:00+00:00,10514.570618986612
2025-10-08 20:00:00+00:00,10514.570618986612
2025-10-09 00:00:00+00:00,10514.570618986612
2025-10-09 04:00:00+00:00,10514.570618986612
2025-10-09 08:00:00+00:00,10514.570618986612
2025-10-09 12:00:00+00:00,10514.570618986612
2025-10-09 16:00:00+00:00,10514.570618986612
2025-10-09 20:00:00+00:00,10514.570618986612
2025-10-10 00:00:00+00:00,10514.570618986612
2025-10-10 04:00:00+00:00,10514.570618986612
2025-10-10 08:00:00+00:00,10514.570618986612
2025-10-10 12:00:00+00:00,10514.570618986612
2025-10-10 16:00:00+00:00,10514.570618986612
2025-10-10 20:00:00+00:00,10514.570618986612
2025-10-11 00:00:00+00:00,10514.570618986612
2025-10-11 04:00:00+00:00,10514.570618986612
2025-10-11 08:00:00+00:00,10514.570618986612
2025-10-11 12:00:00+00:00,10514.570618986612
2025-10-11 16:00:00+00:00,10514.570618986612
2025-10-11 20:00:00+00:00,10514.570618986612
2025-10-12 00:00:00+00:00,10514.570618986612
2025-10-12 04:00:00+00:00,10514.570618986612
2025-10-12 08:00:00+00:00,10514.570618986612
2025-10-12 12:00:00+00:00,10514.570618986612
2025-10-12 16:00:00+00:00,10514.570618986612
2025-10-12 20:00:00+00:00,10514.570618986612
2025-10-13 00:00:00+00:00,10514.570618986612
2025-10-13 04:00:00+00:00,10514.570618986612
2025-10-13 08:00:00+00:00,10514.570618986612
2025-10-13 12:00:00+00:00,10514.570618986612
2025-10-13 16:00:00+00:00,10514.570618986612
2025-10-13 20:00:00+00:00,10514.570618986612
2025-10-14 00:00:00+00:00,10514.570618986612
2025-10-14 04:00:00+00:00,10514.570618986612
2025-10-14 08:00:00+00:00,10514.570618986612
2025-10-14 12:00:00+00:00,10514.570618986612
2025-10-14 16:00:00+00:00,10514.570618986612
2025-10-14 20:00:00+00:00,10514.570618986612
2025-10-15 00:00:00+00:00,10514.570618986612
2025-10-15 04:00:00+00:00,10514.570618986612
2025-10-15 08:00:00+00:00,10514.570618986612
2025-10-15 12:00:00+00:00,10514.570618986612
2025-10-15 16:00:00+00:00,10514.570618986612
2025-10-15 20:00:00+00:00,10514.570618986612
2025-10-16 00:00:00+00:00,10514.570618986612
2025-10-16 04:00:00+00:00,10514.570618986612
2025-10-16 08:00:00+00:00,10514.570618986612
2025-10-16 12:00:00+00:00,10514.570618986612
2025-10-16 16:00:00+00:00,10514.570618986612
2025-10-16 20:00:00+00:00,10514.570618986612
2025-10-17 00:00:00+00:00,10514.570618986612
2025-10-17 04:00:00+00:00,10514.570618986612
2025-10-17 08:00:00+00:00,10514.570618986612
2025-10-17 12:00:00+00:00,10514.570618986612
2025-10-17 16:00:00+00:00,10514.570618986612
2025-10-17 20:00:00+00:00,10514.570618986612
2025-10-18 00:00:00+00:00,10493.49933518103
2025-10-18 04:00:00+00:00,10699.853208299468
2025-10-18 08:00:00+00:00,10565.715214401236
2025-10-18 12:00:00+00:00,10918.552480657265
2025-10-18 16:00:00+00:00,10732.936269454585
2025-10-18 20:00:00+00:00,10709.651588697616
2025-10-19 00:00:00+00:00,10623.022415667438
2025-10-19 04:00:00+00:00,10793.738620848615
2025-10-19 08:00:00+00:00,10497.273432470924
2025-10-19 12:00:00+00:00,9377.0560546058
2025-10-19 16:00:00+00:00,9377.0560546058
2025-10-19 20:00:00+00:00,9377.0560546058
2025-10-20 00:00:00+00:00,9377.0560546058
2025-10-20 04:00:00+00:00,9377.0560546058
2025-10-20 08:00:00+00:00,9377.0560546058
2025-10-20 12:00:00+00:00,9377.0560546058
2025-10-20 16:00:00+00:00,9377.0560546058
2025-10-20 20:00:00+00:00,9377.0560546058
2025-10-21 00:00:00+00:00,9377.0560546058
2025-10-21 04:00:00+00:00,9377.0560546058
2025-10-21 08:00:00+00:00,9377.0560546058
2025-10-21 12:00:00+00:00,9377.0560546058
2025-10-21 16:00:00+00:00,9377.0560546058
2025-10-21 20:00:00+00:00,9377.0560546058
2025-10-22 00:00:00+00:00,9377.0560546058
2025-10-22 04:00:00+00:00,9377.0560546058
2025-10-22 08:00:00+00:00,9377.0560546058
2025-10-22 12:00:00+00:00,9377.0560546058
2025-10-22 16:00:00+00:00,9377.0560546058
2025-10-22 20:00:00+00:00,9377.0560546058
2025-10-23 00:00:00+00:00,9358.26435910559
2025-10-23 04:00:00+00:00,9194.283291911484
2025-10-23 08:00:00+00:00,8513.527185043074
2025-10-23 12:00:00+00:00,8513.527185043074
2025-10-23 16:00:00+00:00,8513.527185043074
2025-10-23 20:00:00+00:00,8513.527185043074
2025-10-24 00:00:00+00:00,8513.527185043074
2025-10-24 04:00:00+00:00,8513.527185043074
2025-10-24 08:00:00+00:00,8513.527185043074
2025-10-24 12:00:00+00:00,8513.527185043074
2025-10-24 16:00:00+00:00,8513.527185043074
2025-10-24 20:00:00+00:00,8513.527185043074
2025-10-25 00:00:00+00:00,8513.527185043074
2025-10-25 04:00:00+00:00,8513.527185043074
2025-10-25 08:00:00+00:00,8513.527185043074
2025-10-25 12:00:00+00:00,8513.527185043074
2025-10-25 16:00:00+00:00,8513.527185043074
2025-10-25 20:00:00+00:00,8513.527185043074
2025-10-26 00:00:00+00:00,8513.527185043074
2025-10-26 04:00:00+00:00,8513.527185043074
2025-10-26 08:00:00+00:00,8513.527185043074
2025-10-26 12:00:00+00:00,8513.527185043074
2025-10-26 16:00:00+00:00,8513.527185043074
2025-10-26 20:00:00+00:00,8513.527185043074
2025-10-27 00:00:00+00:00,8513.527185043074
2025-10-27 04:00:00+00:00,8513.527185043074
2025-10-27 08:00:00+00:00,8513.527185043074
2025-10-27 12:00:00+00:00,8513.527185043074
2025-10-27 16:00:00+00:00,8513.527185043074
2025-10-27 20:00:00+00:00,8513.527185043074
2025-10-28 00:00:00+00:00,8513.527185043074
2025-10-28 04:00:00+00:00,8513.527185043074
2025-10-28 08:00:00+00:00,8513.527185043074
2025-10-28 12:00:00+00:00,8513.527185043074
2025-10-28 16:00:00+00:00,8513.527185043074
2025-10-28 20:00:00+00:00,8513.527185043074
2025-10-29 00:00:00+00:00,8513.527185043074
2025-10-29 04:00:00+00:00,8513.527185043074
2025-10-29 08:00:00+00:00,8513.527185043074
2025-10-29 12:00:00+00:00,8513.527185043074
2025-10-29 16:00:00+00:00,8513.527185043074
2025-10-29 20:00:00+00:00,8513.527185043074
2025-10-30 00:00:00+00:00,8513.527185043074
2025-10-30 04:00:00+00:00,8513.527185043074
2025-10-30 08:00:00+00:00,8513.527185043074
2025-10-30 12:00:00+00:00,8513.527185043074
2025-10-30 16:00:00+00:00,8513.527185043074
2025-10-30 20:00:00+00:00,8513.527185043074
2025-10-31 00:00:00+00:00,8496.466008319541
2025-10-31 04:00:00+00:00,8525.206571991583
2025-10-31 08:00:00+00:00,8408.645400175672
2025-10-31 12:00:00+00:00,8504.724357874042
2025-10-31 16:00:00+00:00,8586.623296303476
2025-10-31 20:00:00+00:00,8650.79894912749
2025-11-01 00:00:00+00:00,8634.424866892829
2025-11-01 04:00:00+00:00,8634.424866892829
2025-11-01 08:00:00+00:00,8634.424866892829
2025-11-01 12:00:00+00:00,8634.424866892829
2025-11-01 16:00:00+00:00,8634.424866892829
2025-11-01 20:00:00+00:00,8634.424866892829
2025-11-02 00:00:00+00:00,8634.424866892829
2025-11-02 04:00:00+00:00,8634.424866892829
2025-11-02 08:00:00+00:00,8634.424866892829
2025-11-02 12:00:00+00:00,8634.424866892829
2025-11-02 16:00:00+00:00,8634.424866892829
2025-11-02 20:00:00+00:00,8634.424866892829
2025-11-03 00:00:00+00:00,8634.424866892829
2025-11-03 04:00:00+00:00,8634.424866892829
2025-11-03 08:00:00+00:00,8634.424866892829
2025-11-03 12:00:00+00:00,8634.424866892829
2025-11-03 16:00:00+00:00,8634.424866892829
2025-11-03 20:00:00+00:00,8634.424866892829
2025-11-04 00:00:00+00:00,8617.121410245749
2025-11-04 04:00:00+00:00,9028.716578439897
2025-11-04 08:00:00+00:00,8847.680666389653
2025-11-04 12:00:00+00:00,8807.751203165484
2025-11-04 16:00:00+00:00,9058.082673111076
2025-11-04 20:00:00+00:00,8739.978679147122
2025-11-05 00:00:00+00:00,8752.462074825859
2025-11-05 04:00:00+00:00,8664.160511136752
2025-11-05 08:00:00+00:00,8620.20813393483
2025-11-05 12:00:00+00:00,8455.3164913587
2025-11-05 16:00:00+00:00,8338.808906875487
2025-11-05 20:00:00+00:00,8246.49491512854
2025-11-06 00:00:00+00:00,8400.099108786926
2025-11-06 04:00:00+00:00,8618.198332617518
2025-11-06 08:00:00+00:00,8598.43642077224
2025-11-06 12:00:00+00:00,8598.832310239963
2025-11-06 16:00:00+00:00,8204.153322396587
2025-11-06 20:00:00+00:00,7934.465028248805
2025-11-07 00:00:00+00:00,7778.680831422477
2025-11-07 04:00:00+00:00,7778.680831422477
2025-11-07 08:00:00+00:00,7778.680831422477
2025-11-07 12:00:00+00:00,7778.680831422477
2025-11-07 16:00:00+00:00,7778.680831422477
2025-11-07 20:00:00+00:00,7778.680831422477
2025-11-08 00:00:00+00:00,7778.680831422477
2025-11-08 04:00:00+00:00,7778.680831422477
2025-11-08 08:00:00+00:00,7778.680831422477
2025-11-08 12:00:00+00:00,7778.680831422477
2025-11-08 16:00:00+00:00,7778.680831422477
2025-11-08 20:00:00+00:00,7778.680831422477
2025-11-09 00:00:00+00:00,7778.680831422477
2025-11-09 04:00:00+00:00,7778.680831422477
2025-11-09 08:00:00+00:00,7778.680831422477
2025-11-09 12:00:00+00:00,7778.680831422477
2025-11-09 16:00:00+00:00,7778.680831422477
2025-11-09 20:00:00+00:00,7778.680831422477
2025-11-10 00:00:00+00:00,7778.680831422477
2025-11-10 04:00:00+00:00,7778.680831422477
2025-11-10 08:00:00+00:00,7778.680831422477
2025-11-10 12:00:00+00:00,7778.680831422477
2025-11-10 16:00:00+00:00,7778.680831422477
2025-11-10 20:00:00+00:00,7778.680831422477
2025-11-11 00:00:00+00:00,7778.680831422477
2025-11-11 04:00:00+00:00,7778.680831422477
2025-11-11 08:00:00+00:00,7778.680831422477
2025-11-11 12:00:00+00:00,7778.680831422477
2025-11-11 16:00:00+00:00,7778.680831422477
2025-11-11 20:00:00+00:00,7778.680831422477
2025-11-12 00:00:00+00:00,7778.680831422477
2025-11-12 04:00:00+00:00,7778.680831422477
2025-11-12 08:00:00+00:00,7778.680831422477
2025-11-12 12:00:00+00:00,7778.680831422477
2025-11-12 16:00:00+00:00,7778.680831422477
2025-11-12 20:00:00+00:00,7778.680831422477
2025-11-13 00:00:00+00:00,7778.680831422477
2025-11-13 04:00:00+00:00,7778.680831422477
2025-11-13 08:00:00+00:00,7778.680831422477
2025-11-13 12:00:00+00:00,7778.680831422477
2025-11-13 16:00:00+00:00,7778.680831422477
2025-11-13 20:00:00+00:00,7778.680831422477
2025-11-14 00:00:00+00:00,7778.680831422477
2025-11-14 04:00:00+00:00,7778.680831422477
2025-11-14 08:00:00+00:00,7778.680831422477
2025-11-14 12:00:00+00:00,7778.680831422477
2025-11-14 16:00:00+00:00,7778.680831422477
2025-11-14 20:00:00+00:00,7778.680831422477
2025-11-15 00:00:00+00:00,7778.680831422477
2025-11-15 04:00:00+00:00,7778.680831422477
2025-11-15 08:00:00+00:00,7778.680831422477
2025-11-15 12:00:00+00:00,7778.680831422477
2025-11-15 16:00:00+00:00,7778.680831422477
2025-11-15 20:00:00+00:00,7778.680831422477
2025-11-16 00:00:00+00:00,7778.680831422477
2025-11-16 04:00:00+00:00,7778.680831422477
2025-11-16 08:00:00+00:00,7778.680831422477
2025-11-16 12:00:00+00:00,7778.680831422477
2025-11-16 16:00:00+00:00,7778.680831422477
2025-11-16 20:00:00+00:00,7778.680831422477
2025-11-17 00:00:00+00:00,7778.680831422477
2025-11-17 04:00:00+00:00,7778.680831422477
2025-11-17 08:00:00+00:00,7778.680831422477
2025-11-17 12:00:00+00:00,7778.680831422477
2025-11-17 16:00:00+00:00,7778.680831422477
2025-11-17 20:00:00+00:00,7778.680831422477
2025-11-18 00:00:00+00:00,7778.680831422477
2025-11-18 04:00:00+00:00,7778.680831422477
2025-11-18 08:00:00+00:00,7778.680831422477
2025-11-18 12:00:00+00:00,7778.680831422477
2025-11-18 16:00:00+00:00,7778.680831422477
2025-11-18 20:00:00+00:00,7778.680831422477
2025-11-19 00:00:00+00:00,7778.680831422477
2025-11-19 04:00:00+00:00,7778.680831422477
2025-11-19 08:00:00+00:00,7778.680831422477
2025-11-19 12:00:00+00:00,7778.680831422477
2025-11-19 16:00:00+00:00,7778.680831422477
2025-11-19 20:00:00+00:00,7778.680831422477
2025-11-20 00:00:00+00:00,7778.680831422477
2025-11-20 04:00:00+00:00,7778.680831422477
2025-11-20 08:00:00+00:00,7778.680831422477
2025-11-20 12:00:00+00:00,7778.680831422477
2025-11-20 16:00:00+00:00,7778.680831422477
2025-11-20 20:00:00+00:00,7778.680831422477
2025-11-21 00:00:00+00:00,7778.680831422477
2025-11-21 04:00:00+00:00,7778.680831422477
2025-11-21 08:00:00+00:00,7778.680831422477
2025-11-21 12:00:00+00:00,7778.680831422477
2025-11-21 16:00:00+00:00,7778.680831422477
2025-11-21 20:00:00+00:00,7778.680831422477
2025-11-22 00:00:00+00:00,7778.680831422477
2025-11-22 04:00:00+00:00,7778.680831422477
2025-11-22 08:00:00+00:00,7778.680831422477
2025-11-22 12:00:00+00:00,7778.680831422477
2025-11-22 16:00:00+00:00,7778.680831422477
2025-11-22 20:00:00+00:00,7778.680831422477
2025-11-23 00:00:00+00:00,7778.680831422477
2025-11-23 04:00:00+00:00,7778.680831422477
2025-11-23 08:00:00+00:00,7778.680831422477
2025-11-23 12:00:00+00:00,7778.680831422477
2025-11-23 16:00:00+00:00,7778.680831422477
2025-11-23 20:00:00+00:00,7778.680831422477
2025-11-24 00:00:00+00:00,7778.680831422477
2025-11-24 04:00:00+00:00,7778.680831422477
2025-11-24 08:00:00+00:00,7778.680831422477
2025-11-24 12:00:00+00:00,7778.680831422477
2025-11-24 16:00:00+00:00,7778.680831422477
2025-11-24 20:00:00+00:00,7778.680831422477
2025-11-25 00:00:00+00:00,7778.680831422477
2025-11-25 04:00:00+00:00,7778.680831422477
2025-11-25 08:00:00+00:00,7778.680831422477
2025-11-25 12:00:00+00:00,7778.680831422477
2025-11-25 16:00:00+00:00,7778.680831422477
2025-11-25 20:00:00+00:00,7778.680831422477
2025-11-26 00:00:00+00:00,7778.680831422477
2025-11-26 04:00:00+00:00,7778.680831422477
2025-11-26 08:00:00+00:00,7778.680831422477
2025-11-26 12:00:00+00:00,7763.092292682153
2025-11-26 16:00:00+00:00,7342.736297569401
2025-11-26 20:00:00+00:00,7352.3238189442245
2025-11-27 00:00:00+00:00,7444.824895567721
2025-11-27 04:00:00+00:00,7396.060920779969
2025-11-27 08:00:00+00:00,7414.858723844434
2025-11-27 12:00:00+00:00,7298.53661467839
2025-11-27 16:00:00+00:00,7323.4806779924975
2025-11-27 20:00:00+00:00,7489.684467640573
2025-11-28 00:00:00+00:00,7563.754050462998
2025-11-28 04:00:00+00:00,7471.992318779701
2025-11-28 08:00:00+00:00,6974.805673612769
2025-11-28 12:00:00+00:00,6974.805673612769
2025-11-28 16:00:00+00:00,6974.805673612769
2025-11-28 20:00:00+00:00,6974.805673612769
2025-11-29 00:00:00+00:00,6974.805673612769
2025-11-29 04:00:00+00:00,6974.805673612769
2025-11-29 08:00:00+00:00,6974.805673612769
2025-11-29 12:00:00+00:00,6974.805673612769
2025-11-29 16:00:00+00:00,6974.805673612769
2025-11-29 20:00:00+00:00,6974.805673612769
2025-11-30 00:00:00+00:00,6974.805673612769
2025-11-30 04:00:00+00:00,6974.805673612769
2025-11-30 08:00:00+00:00,6974.805673612769
2025-11-30 12:00:00+00:00,6974.805673612769
2025-11-30 16:00:00+00:00,6974.805673612769
2025-11-30 20:00:00+00:00,6974.805673612769
2025-12-01 00:00:00+00:00,6974.805673612769
2025-12-01 04:00:00+00:00,6974.805673612769
2025-12-01 08:00:00+00:00,6974.805673612769
2025-12-01 12:00:00+00:00,6974.805673612769
2025-12-01 16:00:00+00:00,6974.805673612769
2025-12-01 20:00:00+00:00,6974.805673612769
2025-12-02 00:00:00+00:00,6974.805673612769
2025-12-02 04:00:00+00:00,6974.805673612769
2025-12-02 08:00:00+00:00,6974.805673612769
2025-12-02 12:00:00+00:00,6974.805673612769
2025-12-02 16:00:00+00:00,6974.805673612769
2025-12-02 20:00:00+00:00,6974.805673612769
2025-12-03 00:00:00+00:00,6974.805673612769
2025-12-03 04:00:00+00:00,6974.805673612769
2025-12-03 08:00:00+00:00,6974.805673612769
2025-12-03 12:00:00+00:00,6974.805673612769
2025-12-03 16:00:00+00:00,6974.805673612769
2025-12-03 20:00:00+00:00,6974.805673612769
2025-12-04 00:00:00+00:00,6974.805673612769
2025-12-04 04:00:00+00:00,6974.805673612769
2025-12-04 08:00:00+00:00,6974.805673612769
2025-12-04 12:00:00+00:00,6974.805673612769
2025-12-04 16:00:00+00:00,6974.805673612769
2025-12-04 20:00:00+00:00,6974.805673612769
2025-12-05 00:00:00+00:00,6974.805673612769
2025-12-05 04:00:00+00:00,6974.805673612769
2025-12-05 08:00:00+00:00,6974.805673612769
2025-12-05 12:00:00+00:00,6974.805673612769
2025-12-05 16:00:00+00:00,6974.805673612769
2025-12-05 20:00:00+00:00,6974.805673612769
2025-12-06 00:00:00+00:00,6974.805673612769
2025-12-06 04:00:00+00:00,6974.805673612769
2025-12-06 08:00:00+00:00,6974.805673612769
2025-12-06 12:00:00+00:00,6974.805673612769
2025-12-06 16:00:00+00:00,6974.805673612769
2025-12-06 20:00:00+00:00,6974.805673612769
2025-12-07 00:00:00+00:00,6974.805673612769
2025-12-07 04:00:00+00:00,6974.805673612769
2025-12-07 08:00:00+00:00,6974.805673612769
2025-12-07 12:00:00+00:00,6974.805673612769
2025-12-07 16:00:00+00:00,6974.805673612769
2025-12-07 20:00:00+00:00,6974.805673612769
2025-12-08 00:00:00+00:00,6974.805673612769
2025-12-08 04:00:00+00:00,6974.805673612769
2025-12-08 08:00:00+00:00,6974.805673612769
2025-12-08 12:00:00+00:00,6974.805673612769
2025-12-08 16:00:00+00:00,6974.805673612769
2025-12-08 20:00:00+00:00,6974.805673612769
2025-12-09 00:00:00+00:00,6974.805673612769
2025-12-09 04:00:00+00:00,6974.805673612769
2025-12-09 08:00:00+00:00,6974.805673612769
2025-12-09 12:00:00+00:00,6974.805673612769
2025-12-09 16:00:00+00:00,6974.805673612769
2025-12-09 20:00:00+00:00,6974.805673612769
2025-12-10 00:00:00+00:00,6974.805673612769
2025-12-10 04:00:00+00:00,6974.805673612769
2025-12-10 08:00:00+00:00,6974.805673612769
2025-12-10 12:00:00+00:00,6974.805673612769
2025-12-10 16:00:00+00:00,6974.805673612769
2025-12-10 20:00:00+00:00,6974.805673612769
2025-12-11 00:00:00+00:00,6974.805673612769
2025-12-11 04:00:00+00:00,6974.805673612769
2025-12-11 08:00:00+00:00,6974.805673612769
2025-12-11 12:00:00+00:00,6974.805673612769
2025-12-11 16:00:00+00:00,6974.805673612769
2025-12-11 20:00:00+00:00,6974.805673612769
2025-12-12 00:00:00+00:00,6974.805673612769
2025-12-12 04:00:00+00:00,6974.805673612769
2025-12-12 08:00:00+00:00,6974.805673612769
2025-12-12 12:00:00+00:00,6974.805673612769
2025-12-12 16:00:00+00:00,6974.805673612769
2025-12-12 20:00:00+00:00,6974.805673612769
2025-12-13 00:00:00+00:00,6974.805673612769
2025-12-13 04:00:00+00:00,6974.805673612769
2025-12-13 08:00:00+00:00,6974.805673612769
2025-12-13 12:00:00+00:00,6974.805673612769
2025-12-13 16:00:00+00:00,6974.805673612769
2025-12-13 20:00:00+00:00,6974.805673612769
2025-12-14 00:00:00+00:00,6974.805673612769
2025-12-14 04:00:00+00:00,6974.805673612769
2025-12-14 08:00:00+00:00,6974.805673612769
2025-12-14 12:00:00+00:00,6974.805673612769
2025-12-14 16:00:00+00:00,6974.805673612769
2025-12-14 20:00:00+00:00,6974.805673612769
2025-12-15 00:00:00+00:00,6974.805673612769
2025-12-15 04:00:00+00:00,6974.805673612769
2025-12-15 08:00:00+00:00,6974.805673612769
2025-12-15 12:00:00+00:00,6974.805673612769
2025-12-15 16:00:00+00:00,6974.805673612769
2025-12-15 20:00:00+00:00,6974.805673612769
2025-12-16 00:00:00+00:00,6974.805673612769
2025-12-16 04:00:00+00:00,6974.805673612769
2025-12-16 08:00:00+00:00,6974.805673612769
2025-12-16 12:00:00+00:00,6974.805673612769
2025-12-16 16:00:00+00:00,6974.805673612769
2025-12-16 20:00:00+00:00,6974.805673612769
2025-12-17 00:00:00+00:00,6974.805673612769
2025-12-17 04:00:00+00:00,6974.805673612769
2025-12-17 08:00:00+00:00,6974.805673612769
2025-12-17 12:00:00+00:00,6974.805673612769
2025-12-17 16:00:00+00:00,6974.805673612769
2025-12-17 20:00:00+00:00,6974.805673612769
2025-12-18 00:00:00+00:00,6974.805673612769
2025-12-18 04:00:00+00:00,6974.805673612769
2025-12-18 08:00:00+00:00,6974.805673612769
2025-12-18 12:00:00+00:00,6974.805673612769
2025-12-18 16:00:00+00:00,6974.805673612769
2025-12-18 20:00:00+00:00,6974.805673612769
2025-12-19 00:00:00+00:00,6974.805673612769
2025-12-19 04:00:00+00:00,6974.805673612769
2025-12-19 08:00:00+00:00,6974.805673612769
2025-12-19 12:00:00+00:00,6974.805673612769
2025-12-19 16:00:00+00:00,6974.805673612769
2025-12-19 20:00:00+00:00,6974.805673612769
2025-12-20 00:00:00+00:00,6974.805673612769
2025-12-20 04:00:00+00:00,6974.805673612769
2025-12-20 08:00:00+00:00,6974.805673612769
2025-12-20 12:00:00+00:00,6974.805673612769
2025-12-20 16:00:00+00:00,6974.805673612769
2025-12-20 20:00:00+00:00,6974.805673612769
2025-12-21 00:00:00+00:00,6974.805673612769
2025-12-21 04:00:00+00:00,6974.805673612769
2025-12-21 08:00:00+00:00,6974.805673612769
2025-12-21 12:00:00+00:00,6974.805673612769
2025-12-21 16:00:00+00:00,6974.805673612769
2025-12-21 20:00:00+00:00,6974.805673612769
2025-12-22 00:00:00+00:00,6974.805673612769
2025-12-22 04:00:00+00:00,6974.805673612769
2025-12-22 08:00:00+00:00,6974.805673612769
2025-12-22 12:00:00+00:00,6974.805673612769
2025-12-22 16:00:00+00:00,6974.805673612769
2025-12-22 20:00:00+00:00,6974.805673612769
2025-12-23 00:00:00+00:00,6974.805673612769
2025-12-23 04:00:00+00:00,6974.805673612769
2025-12-23 08:00:00+00:00,6974.805673612769
2025-12-23 12:00:00+00:00,6974.805673612769
2025-12-23 16:00:00+00:00,6974.805673612769
2025-12-23 20:00:00+00:00,6974.805673612769
2025-12-24 00:00:00+00:00,6974.805673612769
2025-12-24 04:00:00+00:00,6974.805673612769
2025-12-24 08:00:00+00:00,6974.805673612769
2025-12-24 12:00:00+00:00,6974.805673612769
2025-12-24 16:00:00+00:00,6974.805673612769
2025-12-24 20:00:00+00:00,6974.805673612769
2025-12-25 00:00:00+00:00,6974.805673612769
2025-12-25 04:00:00+00:00,6974.805673612769
2025-12-25 08:00:00+00:00,6974.805673612769
2025-12-25 12:00:00+00:00,6974.805673612769
2025-12-25 16:00:00+00:00,6974.805673612769
2025-12-25 20:00:00+00:00,6974.805673612769
2025-12-26 00:00:00+00:00,6974.805673612769
2025-12-26 04:00:00+00:00,6974.805673612769
2025-12-26 08:00:00+00:00,6974.805673612769
2025-12-26 12:00:00+00:00,6974.805673612769
2025-12-26 16:00:00+00:00,6974.805673612769
2025-12-26 20:00:00+00:00,6974.805673612769
2025-12-27 00:00:00+00:00,6974.805673612769
2025-12-27 04:00:00+00:00,6974.805673612769
2025-12-27 08:00:00+00:00,6974.805673612769
2025-12-27 12:00:00+00:00,6974.805673612769
2025-12-27 16:00:00+00:00,6974.805673612769
2025-12-27 20:00:00+00:00,6974.805673612769
2025-12-28 00:00:00+00:00,6974.805673612769
2025-12-28 04:00:00+00:00,6974.805673612769
2025-12-28 08:00:00+00:00,6974.805673612769
2025-12-28 12:00:00+00:00,6974.805673612769
2025-12-28 16:00:00+00:00,6974.805673612769
2025-12-28 20:00:00+00:00,6974.805673612769
2025-12-29 00:00:00+00:00,6974.805673612769
2025-12-29 04:00:00+00:00,6974.805673612769
2025-12-29 08:00:00+00:00,6974.805673612769
2025-12-29 12:00:00+00:00,6974.805673612769
2025-12-29 16:00:00+00:00,6974.805673612769
2025-12-29 20:00:00+00:00,6974.805673612769
2025-12-30 00:00:00+00:00,6974.805673612769
2025-12-30 04:00:00+00:00,6974.805673612769
2025-12-30 08:00:00+00:00,6974.805673612769
2025-12-30 12:00:00+00:00,6974.805673612769
2025-12-30 16:00:00+00:00,6974.805673612769
2025-12-30 20:00:00+00:00,6974.805673612769
2025-12-31 00:00:00+00:00,6974.805673612769
2025-12-31 04:00:00+00:00,6974.805673612769
2025-12-31 08:00:00+00:00,6974.805673612769
2025-12-31 12:00:00+00:00,6974.805673612769
2025-12-31 16:00:00+00:00,6974.805673612769
2025-12-31 20:00:00+00:00,6974.805673612769
2026-01-01 00:00:00+00:00,6974.805673612769
2026-01-01 04:00:00+00:00,6974.805673612769
2026-01-01 08:00:00+00:00,6974.805673612769
2026-01-01 12:00:00+00:00,6974.805673612769
2026-01-01 16:00:00+00:00,6974.805673612769
2026-01-01 20:00:00+00:00,6974.805673612769
2026-01-02 00:00:00+00:00,6974.805673612769
2026-01-02 04:00:00+00:00,6974.805673612769
2026-01-02 08:00:00+00:00,6974.805673612769
2026-01-02 12:00:00+00:00,6974.805673612769
2026-01-02 16:00:00+00:00,6974.805673612769
2026-01-02 20:00:00+00:00,6974.805673612769
2026-01-03 00:00:00+00:00,6974.805673612769
2026-01-03 04:00:00+00:00,6974.805673612769
2026-01-03 08:00:00+00:00,6974.805673612769
2026-01-03 12:00:00+00:00,6974.805673612769
2026-01-03 16:00:00+00:00,6974.805673612769
2026-01-03 20:00:00+00:00,6974.805673612769
2026-01-04 00:00:00+00:00,6974.805673612769
2026-01-04 04:00:00+00:00,6974.805673612769
2026-01-04 08:00:00+00:00,6974.805673612769
2026-01-04 12:00:00+00:00,6974.805673612769
2026-01-04 16:00:00+00:00,6974.805673612769
2026-01-04 20:00:00+00:00,6974.805673612769
2026-01-05 00:00:00+00:00,6974.805673612769
2026-01-05 04:00:00+00:00,6974.805673612769
2026-01-05 08:00:00+00:00,6974.805673612769
2026-01-05 12:00:00+00:00,6974.805673612769
2026-01-05 16:00:00+00:00,6974.805673612769
2026-01-05 20:00:00+00:00,6974.805673612769
2026-01-06 00:00:00+00:00,6974.805673612769
2026-01-06 04:00:00+00:00,6974.805673612769
2026-01-06 08:00:00+00:00,6974.805673612769
2026-01-06 12:00:00+00:00,6974.805673612769
2026-01-06 16:00:00+00:00,6974.805673612769
2026-01-06 20:00:00+00:00,6974.805673612769
2026-01-07 00:00:00+00:00,6974.805673612769
2026-01-07 04:00:00+00:00,6974.805673612769
2026-01-07 08:00:00+00:00,6974.805673612769
2026-01-07 12:00:00+00:00,6974.805673612769
2026-01-07 16:00:00+00:00,6974.805673612769
2026-01-07 20:00:00+00:00,6974.805673612769
2026-01-08 00:00:00+00:00,6974.805673612769
2026-01-08 04:00:00+00:00,6974.805673612769
2026-01-08 08:00:00+00:00,6974.805673612769
2026-01-08 12:00:00+00:00,6974.805673612769
2026-01-08 16:00:00+00:00,6974.805673612769
2026-01-08 20:00:00+00:00,6974.805673612769
2026-01-09 00:00:00+00:00,6974.805673612769
2026-01-09 04:00:00+00:00,6974.805673612769
2026-01-09 08:00:00+00:00,6974.805673612769
2026-01-09 12:00:00+00:00,6974.805673612769
2026-01-09 16:00:00+00:00,6974.805673612769
2026-01-09 20:00:00+00:00,6974.805673612769
2026-01-10 00:00:00+00:00,6974.805673612769
2026-01-10 04:00:00+00:00,6974.805673612769
2026-01-10 08:00:00+00:00,6974.805673612769
2026-01-10 12:00:00+00:00,6974.805673612769
2026-01-10 16:00:00+00:00,6974.805673612769
2026-01-10 20:00:00+00:00,6974.805673612769
2026-01-11 00:00:00+00:00,6974.805673612769
2026-01-11 04:00:00+00:00,6974.805673612769
2026-01-11 08:00:00+00:00,6974.805673612769
2026-01-11 12:00:00+00:00,6974.805673612769
2026-01-11 16:00:00+00:00,6974.805673612769
2026-01-11 20:00:00+00:00,6974.805673612769
2026-01-12 00:00:00+00:00,6974.805673612769
2026-01-12 04:00:00+00:00,6974.805673612769
2026-01-12 08:00:00+00:00,6974.805673612769
2026-01-12 12:00:00+00:00,6974.805673612769
2026-01-12 16:00:00+00:00,6974.805673612769
2026-01-12 20:00:00+00:00,6974.805673612769
2026-01-13 00:00:00+00:00,6974.805673612769
2026-01-13 04:00:00+00:00,6974.805673612769
2026-01-13 08:00:00+00:00,6974.805673612769
2026-01-13 12:00:00+00:00,6974.805673612769
2026-01-13 16:00:00+00:00,6974.805673612769
2026-01-13 20:00:00+00:00,6974.805673612769
2026-01-14 00:00:00+00:00,6974.805673612769
2026-01-14 04:00:00+00:00,6974.805673612769
2026-01-14 08:00:00+00:00,6974.805673612769
2026-01-14 12:00:00+00:00,6974.805673612769
2026-01-14 16:00:00+00:00,6974.805673612769
2026-01-14 20:00:00+00:00,6974.805673612769
2026-01-15 00:00:00+00:00,6974.805673612769
2026-01-15 04:00:00+00:00,6974.805673612769
2026-01-15 08:00:00+00:00,6974.805673612769
2026-01-15 12:00:00+00:00,6974.805673612769
2026-01-15 16:00:00+00:00,6974.805673612769
2026-01-15 20:00:00+00:00,6974.805673612769
2026-01-16 00:00:00+00:00,6974.805673612769
2026-01-16 04:00:00+00:00,6974.805673612769
2026-01-16 08:00:00+00:00,6974.805673612769
2026-01-16 12:00:00+00:00,6974.805673612769
2026-01-16 16:00:00+00:00,6974.805673612769
2026-01-16 20:00:00+00:00,6974.805673612769
2026-01-17 00:00:00+00:00,6974.805673612769
2026-01-17 04:00:00+00:00,6974.805673612769
2026-01-17 08:00:00+00:00,6974.805673612769
2026-01-17 12:00:00+00:00,6974.805673612769
2026-01-17 16:00:00+00:00,6974.805673612769
2026-01-17 20:00:00+00:00,6974.805673612769
2026-01-18 00:00:00+00:00,6974.805673612769
2026-01-18 04:00:00+00:00,6974.805673612769
2026-01-18 08:00:00+00:00,6974.805673612769
2026-01-18 12:00:00+00:00,6974.805673612769
2026-01-18 16:00:00+00:00,6974.805673612769
2026-01-18 20:00:00+00:00,6960.828107132583
2026-01-19 00:00:00+00:00,7160.580000601999
2026-01-19 04:00:00+00:00,7185.818927657339
2026-01-19 08:00:00+00:00,7158.428567149931
2026-01-19 12:00:00+00:00,7255.685088989273
2026-01-19 16:00:00+00:00,7039.938189658938
2026-01-19 20:00:00+00:00,7054.103067739321
2026-01-20 00:00:00+00:00,7079.346924346663
2026-01-20 04:00:00+00:00,7276.323606437567
2026-01-20 08:00:00+00:00,7379.114624789004
2026-01-20 12:00:00+00:00,7387.724276959132
2026-01-20 16:00:00+00:00,7468.351018318187
2026-01-20 20:00:00+00:00,7526.814873071318
2026-01-21 00:00:00+00:00,7374.763473554995
2026-01-21 04:00:00+00:00,7314.125812767626
2026-01-21 08:00:00+00:00,7447.384116867278
2026-01-21 12:00:00+00:00,7156.841251405193
2026-01-21 16:00:00+00:00,7137.762115573621
2026-01-21 20:00:00+00:00,7345.815880209944
2026-01-22 00:00:00+00:00,7263.020388767425
2026-01-22 04:00:00+00:00,7279.945183975238
2026-01-22 08:00:00+00:00,7271.9400971186205
2026-01-22 12:00:00+00:00,7402.43052096838
2026-01-22 16:00:00+00:00,7399.959677826316
2026-01-22 20:00:00+00:00,7394.71905845282
2026-01-23 00:00:00+00:00,7320.231126121829
2026-01-23 04:00:00+00:00,7373.162127546874
2026-01-23 08:00:00+00:00,7412.241214244293
2026-01-23 12:00:00+00:00,7354.371939301895
2026-01-23 16:00:00+00:00,7440.540255504122
2026-01-23 20:00:00+00:00,7526.704653344503
2026-01-24 00:00:00+00:00,7460.520488161959
2026-01-24 04:00:00+00:00,7471.896630195518
2026-01-24 08:00:00+00:00,7502.661585045408
2026-01-24 12:00:00+00:00,7580.513494222258
2026-01-24 16:00:00+00:00,7566.955077436924
2026-01-24 20:00:00+00:00,7557.2357944869755
2026-01-25 00:00:00+00:00,7557.2357944869755
2026-01-25 04:00:00+00:00,7557.2357944869755
2026-01-25 08:00:00+00:00,7557.2357944869755
2026-01-25 12:00:00+00:00,7557.2357944869755
2026-01-25 16:00:00+00:00,7557.2357944869755
2026-01-25 20:00:00+00:00,7557.2357944869755
2026-01-26 00:00:00+00:00,7557.2357944869755
2026-01-26 04:00:00+00:00,7557.2357944869755
2026-01-26 08:00:00+00:00,7557.2357944869755
2026-01-26 12:00:00+00:00,7557.2357944869755
2026-01-26 16:00:00+00:00,7557.2357944869755
2026-01-26 20:00:00+00:00,7557.2357944869755
2026-01-27 00:00:00+00:00,7557.2357944869755
2026-01-27 04:00:00+00:00,7557.2357944869755
2026-01-27 08:00:00+00:00,7557.2357944869755
2026-01-27 12:00:00+00:00,7557.2357944869755
2026-01-27 16:00:00+00:00,7557.2357944869755
2026-01-27 20:00:00+00:00,7557.2357944869755
2026-01-28 00:00:00+00:00,7557.2357944869755
2026-01-28 04:00:00+00:00,7557.2357944869755
2026-01-28 08:00:00+00:00,7557.2357944869755
2026-01-28 12:00:00+00:00,7557.2357944869755
2026-01-28 16:00:00+00:00,7557.2357944869755
2026-01-28 20:00:00+00:00,7557.2357944869755
2026-01-29 00:00:00+00:00,7557.2357944869755
2026-01-29 04:00:00+00:00,7557.2357944869755
2026-01-29 08:00:00+00:00,7557.2357944869755
2026-01-29 12:00:00+00:00,7557.2357944869755
2026-01-29 16:00:00+00:00,7557.2357944869755
2026-01-29 20:00:00+00:00,7557.2357944869755
2026-01-30 00:00:00+00:00,7557.2357944869755
2026-01-30 04:00:00+00:00,7557.2357944869755
2026-01-30 08:00:00+00:00,7557.2357944869755
2026-01-30 12:00:00+00:00,7557.2357944869755
2026-01-30 16:00:00+00:00,7557.2357944869755
2026-01-30 20:00:00+00:00,7557.2357944869755
2026-01-31 00:00:00+00:00,7557.2357944869755
2026-01-31 04:00:00+00:00,7557.2357944869755
2026-01-31 08:00:00+00:00,7557.2357944869755
2026-01-31 12:00:00+00:00,7557.2357944869755
2026-01-31 16:00:00+00:00,7557.2357944869755
2026-01-31 20:00:00+00:00,7557.2357944869755
2026-02-01 00:00:00+00:00,7557.2357944869755
2026-02-01 04:00:00+00:00,7557.2357944869755
2026-02-01 08:00:00+00:00,7557.2357944869755
2026-02-01 12:00:00+00:00,7557.2357944869755
2026-02-01 16:00:00+00:00,7557.2357944869755
2026-02-01 20:00:00+00:00,7557.2357944869755
2026-02-02 00:00:00+00:00,7557.2357944869755
2026-02-02 04:00:00+00:00,7557.2357944869755
2026-02-02 08:00:00+00:00,7557.2357944869755
2026-02-02 12:00:00+00:00,7557.2357944869755
2026-02-02 16:00:00+00:00,7557.2357944869755
2026-02-02 20:00:00+00:00,7557.2357944869755
2026-02-03 00:00:00+00:00,7557.2357944869755
2026-02-03 04:00:00+00:00,7557.2357944869755
2026-02-03 08:00:00+00:00,7557.2357944869755
2026-02-03 12:00:00+00:00,7557.2357944869755
2026-02-03 16:00:00+00:00,7557.2357944869755
2026-02-03 20:00:00+00:00,7557.2357944869755
2026-02-04 00:00:00+00:00,7557.2357944869755
2026-02-04 04:00:00+00:00,7557.2357944869755
2026-02-04 08:00:00+00:00,7557.2357944869755
2026-02-04 12:00:00+00:00,7557.2357944869755
2026-02-04 16:00:00+00:00,7557.2357944869755
2026-02-04 20:00:00+00:00,7557.2357944869755
2026-02-05 00:00:00+00:00,7557.2357944869755
2026-02-05 04:00:00+00:00,7557.2357944869755
2026-02-05 08:00:00+00:00,7557.2357944869755
2026-02-05 12:00:00+00:00,7557.2357944869755
2026-02-05 16:00:00+00:00,7557.2357944869755
2026-02-05 20:00:00+00:00,7557.2357944869755
2026-02-06 00:00:00+00:00,7557.2357944869755
2026-02-06 04:00:00+00:00,7557.2357944869755
2026-02-06 08:00:00+00:00,7557.2357944869755
2026-02-06 12:00:00+00:00,7557.2357944869755
2026-02-06 16:00:00+00:00,7557.2357944869755
2026-02-06 20:00:00+00:00,7557.2357944869755
2026-02-07 00:00:00+00:00,7557.2357944869755
2026-02-07 04:00:00+00:00,7557.2357944869755
2026-02-07 08:00:00+00:00,7557.2357944869755
2026-02-07 12:00:00+00:00,7557.2357944869755
2026-02-07 16:00:00+00:00,7557.2357944869755
2026-02-07 20:00:00+00:00,7557.2357944869755
2026-02-08 00:00:00+00:00,7557.2357944869755
2026-02-08 04:00:00+00:00,7557.2357944869755
2026-02-08 08:00:00+00:00,7557.2357944869755
2026-02-08 12:00:00+00:00,7557.2357944869755
2026-02-08 16:00:00+00:00,7557.2357944869755
2026-02-08 20:00:00+00:00,7557.2357944869755
2026-02-09 00:00:00+00:00,7557.2357944869755
2026-02-09 04:00:00+00:00,7557.2357944869755
2026-02-09 08:00:00+00:00,7557.2357944869755
2026-02-09 12:00:00+00:00,7557.2357944869755
2026-02-09 16:00:00+00:00,7557.2357944869755
2026-02-09 20:00:00+00:00,7557.2357944869755
2026-02-10 00:00:00+00:00,7557.2357944869755
2026-02-10 04:00:00+00:00,7557.2357944869755
2026-02-10 08:00:00+00:00,7557.2357944869755
2026-02-10 12:00:00+00:00,7557.2357944869755
2026-02-10 16:00:00+00:00,7557.2357944869755
2026-02-10 20:00:00+00:00,7557.2357944869755
2026-02-11 00:00:00+00:00,7557.2357944869755
2026-02-11 04:00:00+00:00,7557.2357944869755
2026-02-11 08:00:00+00:00,7557.2357944869755
2026-02-11 12:00:00+00:00,7557.2357944869755
2026-02-11 16:00:00+00:00,7557.2357944869755
2026-02-11 20:00:00+00:00,7557.2357944869755
2026-02-12 00:00:00+00:00,7557.2357944869755
2026-02-12 04:00:00+00:00,7557.2357944869755
2026-02-12 08:00:00+00:00,7557.2357944869755
2026-02-12 12:00:00+00:00,7557.2357944869755
2026-02-12 16:00:00+00:00,7557.2357944869755
2026-02-12 20:00:00+00:00,7557.2357944869755
2026-02-13 00:00:00+00:00,7557.2357944869755
2026-02-13 04:00:00+00:00,7557.2357944869755
2026-02-13 08:00:00+00:00,7557.2357944869755
2026-02-13 12:00:00+00:00,7557.2357944869755
2026-02-13 16:00:00+00:00,7557.2357944869755
2026-02-13 20:00:00+00:00,7557.2357944869755
2026-02-14 00:00:00+00:00,7557.2357944869755
2026-02-14 04:00:00+00:00,7557.2357944869755
2026-02-14 08:00:00+00:00,7557.2357944869755
2026-02-14 12:00:00+00:00,7557.2357944869755
2026-02-14 16:00:00+00:00,7557.2357944869755
2026-02-14 20:00:00+00:00,7557.2357944869755
2026-02-15 00:00:00+00:00,7557.2357944869755
2026-02-15 04:00:00+00:00,7557.2357944869755
2026-02-15 08:00:00+00:00,7557.2357944869755
2026-02-15 12:00:00+00:00,7557.2357944869755
2026-02-15 16:00:00+00:00,7557.2357944869755
2026-02-15 20:00:00+00:00,7557.2357944869755
2026-02-16 00:00:00+00:00,7557.2357944869755
2026-02-16 04:00:00+00:00,7557.2357944869755
2026-02-16 08:00:00+00:00,7557.2357944869755
2026-02-16 12:00:00+00:00,7557.2357944869755
2026-02-16 16:00:00+00:00,7557.2357944869755
2026-02-16 20:00:00+00:00,7557.2357944869755
2026-02-17 00:00:00+00:00,7557.2357944869755
2026-02-17 04:00:00+00:00,7557.2357944869755
2026-02-17 08:00:00+00:00,7557.2357944869755
2026-02-17 12:00:00+00:00,7557.2357944869755
2026-02-17 16:00:00+00:00,7557.2357944869755
2026-02-17 20:00:00+00:00,7557.2357944869755
2026-02-18 00:00:00+00:00,7557.2357944869755
2026-02-18 04:00:00+00:00,7557.2357944869755
2026-02-18 08:00:00+00:00,7557.2357944869755
2026-02-18 12:00:00+00:00,7557.2357944869755
2026-02-18 16:00:00+00:00,7557.2357944869755
2026-02-18 20:00:00+00:00,7557.2357944869755
2026-02-19 00:00:00+00:00,7557.2357944869755
2026-02-19 04:00:00+00:00,7557.2357944869755
2026-02-19 08:00:00+00:00,7557.2357944869755
2026-02-19 12:00:00+00:00,7557.2357944869755
2026-02-19 16:00:00+00:00,7557.2357944869755
2026-02-19 20:00:00+00:00,7557.2357944869755
2026-02-20 00:00:00+00:00,7557.2357944869755
2026-02-20 04:00:00+00:00,7557.2357944869755
2026-02-20 08:00:00+00:00,7557.2357944869755
2026-02-20 12:00:00+00:00,7557.2357944869755
2026-02-20 16:00:00+00:00,7557.2357944869755
2026-02-20 20:00:00+00:00,7557.2357944869755
2026-02-21 00:00:00+00:00,7557.2357944869755
2026-02-21 04:00:00+00:00,7557.2357944869755
2026-02-21 08:00:00+00:00,7557.2357944869755
2026-02-21 12:00:00+00:00,7557.2357944869755
2026-02-21 16:00:00+00:00,7557.2357944869755
2026-02-21 20:00:00+00:00,7557.2357944869755
2026-02-22 00:00:00+00:00,7557.2357944869755
2026-02-22 04:00:00+00:00,7557.2357944869755
2026-02-22 08:00:00+00:00,7557.2357944869755
2026-02-22 12:00:00+00:00,7557.2357944869755
2026-02-22 16:00:00+00:00,7557.2357944869755
2026-02-22 20:00:00+00:00,7557.2357944869755
2026-02-23 00:00:00+00:00,7542.091033375778
2026-02-23 04:00:00+00:00,7374.279029476376
2026-02-23 08:00:00+00:00,7280.661848230483
2026-02-23 12:00:00+00:00,7180.345454553698
2026-02-23 16:00:00+00:00,7180.345454553698
2026-02-23 20:00:00+00:00,7180.345454553698
2026-02-24 00:00:00+00:00,7180.345454553698
2026-02-24 04:00:00+00:00,7180.345454553698
2026-02-24 08:00:00+00:00,7180.345454553698
2026-02-24 12:00:00+00:00,7180.345454553698
2026-02-24 16:00:00+00:00,7180.345454553698
2026-02-24 20:00:00+00:00,7180.345454553698
2026-02-25 00:00:00+00:00,7180.345454553698
2026-02-25 04:00:00+00:00,7180.345454553698
2026-02-25 08:00:00+00:00,7180.345454553698
2026-02-25 12:00:00+00:00,7180.345454553698
2026-02-25 16:00:00+00:00,7180.345454553698
2026-02-25 20:00:00+00:00,7180.345454553698
2026-02-26 00:00:00+00:00,7180.345454553698
2026-02-26 04:00:00+00:00,7180.345454553698
2026-02-26 08:00:00+00:00,7180.345454553698
2026-02-26 12:00:00+00:00,7180.345454553698
2026-02-26 16:00:00+00:00,7180.345454553698
2026-02-26 20:00:00+00:00,7180.345454553698
2026-02-27 00:00:00+00:00,7180.345454553698
2026-02-27 04:00:00+00:00,7180.345454553698
2026-02-27 08:00:00+00:00,7180.345454553698
2026-02-27 12:00:00+00:00,7180.345454553698
2026-02-27 16:00:00+00:00,7180.345454553698
2026-02-27 20:00:00+00:00,7180.345454553698
2026-02-28 00:00:00+00:00,7180.345454553698
2026-02-28 04:00:00+00:00,7180.345454553698
2026-02-28 08:00:00+00:00,7180.345454553698
2026-02-28 12:00:00+00:00,7180.345454553698
2026-02-28 16:00:00+00:00,7180.345454553698
2026-02-28 20:00:00+00:00,7180.345454553698
2026-03-01 00:00:00+00:00,7180.345454553698
2026-03-01 04:00:00+00:00,7180.345454553698
2026-03-01 08:00:00+00:00,7180.345454553698
2026-03-01 12:00:00+00:00,7180.345454553698
2026-03-01 16:00:00+00:00,7180.345454553698
2026-03-01 20:00:00+00:00,7180.345454553698
2026-03-02 00:00:00+00:00,7180.345454553698
2026-03-02 04:00:00+00:00,7180.345454553698
2026-03-02 08:00:00+00:00,7180.345454553698
2026-03-02 12:00:00+00:00,7180.345454553698
2026-03-02 16:00:00+00:00,7180.345454553698
2026-03-02 20:00:00+00:00,7180.345454553698
2026-03-03 00:00:00+00:00,7180.345454553698
2026-03-03 04:00:00+00:00,7180.345454553698
2026-03-03 08:00:00+00:00,7180.345454553698
2026-03-03 12:00:00+00:00,7180.345454553698
2026-03-03 16:00:00+00:00,7180.345454553698
2026-03-03 20:00:00+00:00,7180.345454553698
2026-03-04 00:00:00+00:00,7180.345454553698
2026-03-04 04:00:00+00:00,7180.345454553698
2026-03-04 08:00:00+00:00,7180.345454553698
2026-03-04 12:00:00+00:00,7180.345454553698
2026-03-04 16:00:00+00:00,7180.345454553698
2026-03-04 20:00:00+00:00,7180.345454553698
2026-03-05 00:00:00+00:00,7180.345454553698
2026-03-05 04:00:00+00:00,7180.345454553698
2026-03-05 08:00:00+00:00,7180.345454553698
2026-03-05 12:00:00+00:00,7180.345454553698
2026-03-05 16:00:00+00:00,7180.345454553698
2026-03-05 20:00:00+00:00,7180.345454553698
2026-03-06 00:00:00+00:00,7180.345454553698
2026-03-06 04:00:00+00:00,7180.345454553698
2026-03-06 08:00:00+00:00,7180.345454553698
2026-03-06 12:00:00+00:00,7180.345454553698
2026-03-06 16:00:00+00:00,7180.345454553698
2026-03-06 20:00:00+00:00,7180.345454553698
2026-03-07 00:00:00+00:00,7180.345454553698
2026-03-07 04:00:00+00:00,7180.345454553698
2026-03-07 08:00:00+00:00,7180.345454553698
2026-03-07 12:00:00+00:00,7180.345454553698
2026-03-07 16:00:00+00:00,7180.345454553698
2026-03-07 20:00:00+00:00,7180.345454553698
2026-03-08 00:00:00+00:00,7180.345454553698
2026-03-08 04:00:00+00:00,7180.345454553698
2026-03-08 08:00:00+00:00,7180.345454553698
2026-03-08 12:00:00+00:00,7180.345454553698
2026-03-08 16:00:00+00:00,7180.345454553698
2026-03-08 20:00:00+00:00,7180.345454553698
2026-03-09 00:00:00+00:00,7180.345454553698
2026-03-09 04:00:00+00:00,7180.345454553698
2026-03-09 08:00:00+00:00,7180.345454553698
2026-03-09 12:00:00+00:00,7180.345454553698
2026-03-09 16:00:00+00:00,7180.345454553698
2026-03-09 20:00:00+00:00,7180.345454553698
2026-03-10 00:00:00+00:00,7180.345454553698
2026-03-10 04:00:00+00:00,7180.345454553698
2026-03-10 08:00:00+00:00,7180.345454553698
2026-03-10 12:00:00+00:00,7180.345454553698
2026-03-10 16:00:00+00:00,7180.345454553698
2026-03-10 20:00:00+00:00,7180.345454553698
2026-03-11 00:00:00+00:00,7180.345454553698
2026-03-11 04:00:00+00:00,7180.345454553698
2026-03-11 08:00:00+00:00,7180.345454553698
2026-03-11 12:00:00+00:00,7180.345454553698
2026-03-11 16:00:00+00:00,7180.345454553698
2026-03-11 20:00:00+00:00,7180.345454553698
2026-03-12 00:00:00+00:00,7180.345454553698
2026-03-12 04:00:00+00:00,7180.345454553698
2026-03-12 08:00:00+00:00,7180.345454553698
2026-03-12 12:00:00+00:00,7180.345454553698
2026-03-12 16:00:00+00:00,7180.345454553698
2026-03-12 20:00:00+00:00,7180.345454553698
2026-03-13 00:00:00+00:00,7180.345454553698
2026-03-13 04:00:00+00:00,7180.345454553698
2026-03-13 08:00:00+00:00,7180.345454553698
2026-03-13 12:00:00+00:00,7180.345454553698
2026-03-13 16:00:00+00:00,7180.345454553698
2026-03-13 20:00:00+00:00,7180.345454553698
2026-03-14 00:00:00+00:00,7180.345454553698
2026-03-14 04:00:00+00:00,7180.345454553698
2026-03-14 08:00:00+00:00,7180.345454553698
2026-03-14 12:00:00+00:00,7180.345454553698
2026-03-14 16:00:00+00:00,7180.345454553698
2026-03-14 20:00:00+00:00,7180.345454553698
2026-03-15 00:00:00+00:00,7180.345454553698
2026-03-15 04:00:00+00:00,7180.345454553698
2026-03-15 08:00:00+00:00,7180.345454553698
2026-03-15 12:00:00+00:00,7180.345454553698
2026-03-15 16:00:00+00:00,7180.345454553698
2026-03-15 20:00:00+00:00,7180.345454553698
2026-03-16 00:00:00+00:00,7180.345454553698
2026-03-16 04:00:00+00:00,7180.345454553698
2026-03-16 08:00:00+00:00,7180.345454553698
2026-03-16 12:00:00+00:00,7180.345454553698
2026-03-16 16:00:00+00:00,7180.345454553698
2026-03-16 20:00:00+00:00,7180.345454553698
2026-03-17 00:00:00+00:00,7180.345454553698
2026-03-17 04:00:00+00:00,7180.345454553698
2026-03-17 08:00:00+00:00,7180.345454553698
2026-03-17 12:00:00+00:00,7180.345454553698
2026-03-17 16:00:00+00:00,7180.345454553698
2026-03-17 20:00:00+00:00,7180.345454553698
2026-03-18 00:00:00+00:00,7180.345454553698
2026-03-18 04:00:00+00:00,7180.345454553698
2026-03-18 08:00:00+00:00,7180.345454553698
2026-03-18 12:00:00+00:00,7180.345454553698
2026-03-18 16:00:00+00:00,7180.345454553698
2026-03-18 20:00:00+00:00,7180.345454553698
2026-03-19 00:00:00+00:00,7180.345454553698
2026-03-19 04:00:00+00:00,7180.345454553698
2026-03-19 08:00:00+00:00,7180.345454553698
2026-03-19 12:00:00+00:00,7180.345454553698
2026-03-19 16:00:00+00:00,7180.345454553698
2026-03-19 20:00:00+00:00,7180.345454553698
2026-03-20 00:00:00+00:00,7180.345454553698
2026-03-20 04:00:00+00:00,7180.345454553698
2026-03-20 08:00:00+00:00,7180.345454553698
2026-03-20 12:00:00+00:00,7180.345454553698
2026-03-20 16:00:00+00:00,7180.345454553698
2026-03-20 20:00:00+00:00,7180.345454553698
2026-03-21 00:00:00+00:00,7180.345454553698
2026-03-21 04:00:00+00:00,7180.345454553698
2026-03-21 08:00:00+00:00,7180.345454553698
2026-03-21 12:00:00+00:00,7180.345454553698
2026-03-21 16:00:00+00:00,7180.345454553698
2026-03-21 20:00:00+00:00,7180.345454553698
2026-03-22 00:00:00+00:00,7180.345454553698
2026-03-22 04:00:00+00:00,7180.345454553698
2026-03-22 08:00:00+00:00,7180.345454553698
2026-03-22 12:00:00+00:00,7180.345454553698
2026-03-22 16:00:00+00:00,7180.345454553698
2026-03-22 20:00:00+00:00,7180.345454553698
2026-03-23 00:00:00+00:00,7180.345454553698
2026-03-23 04:00:00+00:00,7180.345454553698
2026-03-23 08:00:00+00:00,7180.345454553698
2026-03-23 12:00:00+00:00,7180.345454553698
2026-03-23 16:00:00+00:00,7180.345454553698
2026-03-23 20:00:00+00:00,7180.345454553698
2026-03-24 00:00:00+00:00,7180.345454553698
2026-03-24 04:00:00+00:00,7180.345454553698
2026-03-24 08:00:00+00:00,7180.345454553698
2026-03-24 12:00:00+00:00,7180.345454553698
2026-03-24 16:00:00+00:00,7180.345454553698
2026-03-24 20:00:00+00:00,7180.345454553698
2026-03-25 00:00:00+00:00,7180.345454553698
2026-03-25 04:00:00+00:00,7180.345454553698
2026-03-25 08:00:00+00:00,7180.345454553698
2026-03-25 12:00:00+00:00,7180.345454553698
2026-03-25 16:00:00+00:00,7180.345454553698
2026-03-25 20:00:00+00:00,7180.345454553698
2026-03-26 00:00:00+00:00,7180.345454553698
2026-03-26 04:00:00+00:00,7180.345454553698
2026-03-26 08:00:00+00:00,7180.345454553698
2026-03-26 12:00:00+00:00,7180.345454553698
2026-03-26 16:00:00+00:00,7180.345454553698
2026-03-26 20:00:00+00:00,7180.345454553698
2026-03-27 00:00:00+00:00,7180.345454553698
2026-03-27 04:00:00+00:00,7180.345454553698
2026-03-27 08:00:00+00:00,7180.345454553698
2026-03-27 12:00:00+00:00,7180.345454553698
2026-03-27 16:00:00+00:00,7180.345454553698
2026-03-27 20:00:00+00:00,7180.345454553698
2026-03-28 00:00:00+00:00,7180.345454553698
2026-03-28 04:00:00+00:00,7180.345454553698
2026-03-28 08:00:00+00:00,7180.345454553698
2026-03-28 12:00:00+00:00,7180.345454553698
2026-03-28 16:00:00+00:00,7180.345454553698
2026-03-28 20:00:00+00:00,7180.345454553698
2026-03-29 00:00:00+00:00,7180.345454553698
2026-03-29 04:00:00+00:00,7180.345454553698
2026-03-29 08:00:00+00:00,7180.345454553698
2026-03-29 12:00:00+00:00,7180.345454553698
2026-03-29 16:00:00+00:00,7180.345454553698
2026-03-29 20:00:00+00:00,7180.345454553698
2026-03-30 00:00:00+00:00,7180.345454553698
2026-03-30 04:00:00+00:00,7180.345454553698
2026-03-30 08:00:00+00:00,7180.345454553698
2026-03-30 12:00:00+00:00,7180.345454553698
2026-03-30 16:00:00+00:00,7180.345454553698
2026-03-30 20:00:00+00:00,7180.345454553698
2026-03-31 00:00:00+00:00,7180.345454553698
2026-03-31 04:00:00+00:00,7180.345454553698
2026-03-31 08:00:00+00:00,7180.345454553698
2026-03-31 12:00:00+00:00,7180.345454553698
2026-03-31 16:00:00+00:00,7180.345454553698
2026-03-31 20:00:00+00:00,7180.345454553698
2026-04-01 00:00:00+00:00,7180.345454553698
2026-04-01 04:00:00+00:00,7180.345454553698
2026-04-01 08:00:00+00:00,7180.345454553698
2026-04-01 12:00:00+00:00,7180.345454553698
2026-04-01 16:00:00+00:00,7180.345454553698
2026-04-01 20:00:00+00:00,7180.345454553698
2026-04-02 00:00:00+00:00,7180.345454553698
2026-04-02 04:00:00+00:00,7180.345454553698
2026-04-02 08:00:00+00:00,7180.345454553698
2026-04-02 12:00:00+00:00,7180.345454553698
2026-04-02 16:00:00+00:00,7180.345454553698
2026-04-02 20:00:00+00:00,7180.345454553698
2026-04-03 00:00:00+00:00,7180.345454553698
2026-04-03 04:00:00+00:00,7180.345454553698
2026-04-03 08:00:00+00:00,7180.345454553698
2026-04-03 12:00:00+00:00,7180.345454553698
2026-04-03 16:00:00+00:00,7180.345454553698
2026-04-03 20:00:00+00:00,7180.345454553698
2026-04-04 00:00:00+00:00,7180.345454553698
2026-04-04 04:00:00+00:00,7180.345454553698
2026-04-04 08:00:00+00:00,7180.345454553698
2026-04-04 12:00:00+00:00,7180.345454553698
2026-04-04 16:00:00+00:00,7180.345454553698
2026-04-04 20:00:00+00:00,7180.345454553698
2026-04-05 00:00:00+00:00,7180.345454553698
2026-04-05 04:00:00+00:00,7180.345454553698
2026-04-05 08:00:00+00:00,7180.345454553698
2026-04-05 12:00:00+00:00,7180.345454553698
2026-04-05 16:00:00+00:00,7180.345454553698
2026-04-05 20:00:00+00:00,7180.345454553698
2026-04-06 00:00:00+00:00,7180.345454553698
2026-04-06 04:00:00+00:00,7180.345454553698
2026-04-06 08:00:00+00:00,7180.345454553698
2026-04-06 12:00:00+00:00,7180.345454553698
2026-04-06 16:00:00+00:00,7180.345454553698
2026-04-06 20:00:00+00:00,7180.345454553698
2026-04-07 00:00:00+00:00,7180.345454553698
2026-04-07 04:00:00+00:00,7180.345454553698
2026-04-07 08:00:00+00:00,7180.345454553698
2026-04-07 12:00:00+00:00,7180.345454553698
2026-04-07 16:00:00+00:00,7180.345454553698
2026-04-07 20:00:00+00:00,7180.345454553698
2026-04-08 00:00:00+00:00,7180.345454553698
2026-04-08 04:00:00+00:00,7180.345454553698
2026-04-08 08:00:00+00:00,7180.345454553698
2026-04-08 12:00:00+00:00,7180.345454553698
2026-04-08 16:00:00+00:00,7180.345454553698
2026-04-08 20:00:00+00:00,7180.345454553698
2026-04-09 00:00:00+00:00,7180.345454553698
2026-04-09 04:00:00+00:00,7180.345454553698
2026-04-09 08:00:00+00:00,7180.345454553698
2026-04-09 12:00:00+00:00,7180.345454553698
2026-04-09 16:00:00+00:00,7180.345454553698
2026-04-09 20:00:00+00:00,7180.345454553698
2026-04-10 00:00:00+00:00,7180.345454553698
2026-04-10 04:00:00+00:00,7180.345454553698
2026-04-10 08:00:00+00:00,7180.345454553698
2026-04-10 12:00:00+00:00,7180.345454553698
2026-04-10 16:00:00+00:00,7180.345454553698
2026-04-10 20:00:00+00:00,7180.345454553698
2026-04-11 00:00:00+00:00,7180.345454553698
2026-04-11 04:00:00+00:00,7180.345454553698
2026-04-11 08:00:00+00:00,7180.345454553698
2026-04-11 12:00:00+00:00,7180.345454553698
2026-04-11 16:00:00+00:00,7180.345454553698
2026-04-11 20:00:00+00:00,7180.345454553698
2026-04-12 00:00:00+00:00,7180.345454553698
2026-04-12 04:00:00+00:00,7180.345454553698
2026-04-12 08:00:00+00:00,7180.345454553698
2026-04-12 12:00:00+00:00,7180.345454553698
2026-04-12 16:00:00+00:00,7180.345454553698
2026-04-12 20:00:00+00:00,7180.345454553698
2026-04-13 00:00:00+00:00,7180.345454553698
2026-04-13 04:00:00+00:00,7180.345454553698
2026-04-13 08:00:00+00:00,7180.345454553698
2026-04-13 12:00:00+00:00,7180.345454553698
2026-04-13 16:00:00+00:00,7180.345454553698
2026-04-13 20:00:00+00:00,7180.345454553698
2026-04-14 00:00:00+00:00,7180.345454553698
2026-04-14 04:00:00+00:00,7180.345454553698
2026-04-14 08:00:00+00:00,7180.345454553698
2026-04-14 12:00:00+00:00,7180.345454553698
2026-04-14 16:00:00+00:00,7180.345454553698
2026-04-14 20:00:00+00:00,7180.345454553698
2026-04-15 00:00:00+00:00,7180.345454553698
2026-04-15 04:00:00+00:00,7165.955984704894
2026-04-15 08:00:00+00:00,7111.805483616983
2026-04-15 12:00:00+00:00,7076.885281356113
2026-04-15 16:00:00+00:00,6907.371998103198
2026-04-15 20:00:00+00:00,7010.260480068629
2026-04-16 00:00:00+00:00,6940.093967255818
2026-04-16 04:00:00+00:00,6885.953848987936
2026-04-16 08:00:00+00:00,6915.1367388794615
2026-04-16 12:00:00+00:00,6791.143815910032
2026-04-16 16:00:00+00:00,6791.143815910032
2026-04-16 20:00:00+00:00,6791.143815910032
2026-04-17 00:00:00+00:00,6791.143815910032
2026-04-17 04:00:00+00:00,6791.143815910032
2026-04-17 08:00:00+00:00,6791.143815910032
2026-04-17 12:00:00+00:00,6791.143815910032
2026-04-17 16:00:00+00:00,6791.143815910032
2026-04-17 20:00:00+00:00,6791.143815910032
2026-04-18 00:00:00+00:00,6791.143815910032
2026-04-18 04:00:00+00:00,6791.143815910032
2026-04-18 08:00:00+00:00,6791.143815910032
2026-04-18 12:00:00+00:00,6791.143815910032
2026-04-18 16:00:00+00:00,6791.143815910032
2026-04-18 20:00:00+00:00,6791.143815910032
2026-04-19 00:00:00+00:00,6791.143815910032
2026-04-19 04:00:00+00:00,6791.143815910032
2026-04-19 08:00:00+00:00,6791.143815910032
2026-04-19 12:00:00+00:00,6791.143815910032
2026-04-19 16:00:00+00:00,6791.143815910032
2026-04-19 20:00:00+00:00,6791.143815910032
2026-04-20 00:00:00+00:00,6791.143815910032
2026-04-20 04:00:00+00:00,6791.143815910032
2026-04-20 08:00:00+00:00,6791.143815910032
2026-04-20 12:00:00+00:00,6791.143815910032
2026-04-20 16:00:00+00:00,6791.143815910032
2026-04-20 20:00:00+00:00,6791.143815910032
2026-04-21 00:00:00+00:00,6791.143815910032
2026-04-21 04:00:00+00:00,6791.143815910032
2026-04-21 08:00:00+00:00,6791.143815910032
2026-04-21 12:00:00+00:00,6791.143815910032
2026-04-21 16:00:00+00:00,6791.143815910032
2026-04-21 20:00:00+00:00,6791.143815910032
2026-04-22 00:00:00+00:00,6791.143815910032
2026-04-22 04:00:00+00:00,6791.143815910032
2026-04-22 08:00:00+00:00,6791.143815910032
2026-04-22 12:00:00+00:00,6791.143815910032
2026-04-22 16:00:00+00:00,6791.143815910032
2026-04-22 20:00:00+00:00,6791.143815910032
2026-04-23 00:00:00+00:00,6791.143815910032
2026-04-23 04:00:00+00:00,6791.143815910032
2026-04-23 08:00:00+00:00,6791.143815910032
2026-04-23 12:00:00+00:00,6791.143815910032
2026-04-23 16:00:00+00:00,6791.143815910032
2026-04-23 20:00:00+00:00,6791.143815910032
2026-04-24 00:00:00+00:00,6791.143815910032
2026-04-24 04:00:00+00:00,6791.143815910032
2026-04-24 08:00:00+00:00,6791.143815910032
2026-04-24 12:00:00+00:00,6791.143815910032
2026-04-24 16:00:00+00:00,6791.143815910032
2026-04-24 20:00:00+00:00,6791.143815910032
2026-04-25 00:00:00+00:00,6791.143815910032
2026-04-25 04:00:00+00:00,6791.143815910032
2026-04-25 08:00:00+00:00,6791.143815910032
2026-04-25 12:00:00+00:00,6791.143815910032
2026-04-25 16:00:00+00:00,6791.143815910032
2026-04-25 20:00:00+00:00,6791.143815910032
2026-04-26 00:00:00+00:00,6791.143815910032
2026-04-26 04:00:00+00:00,6791.143815910032
2026-04-26 08:00:00+00:00,6791.143815910032
2026-04-26 12:00:00+00:00,6791.143815910032
2026-04-26 16:00:00+00:00,6791.143815910032
2026-04-26 20:00:00+00:00,6791.143815910032
2026-04-27 00:00:00+00:00,6791.143815910032
2026-04-27 04:00:00+00:00,6791.143815910032
2026-04-27 08:00:00+00:00,6791.143815910032
2026-04-27 12:00:00+00:00,6791.143815910032
2026-04-27 16:00:00+00:00,6791.143815910032
2026-04-27 20:00:00+00:00,6791.143815910032
2026-04-28 00:00:00+00:00,6791.143815910032
2026-04-28 04:00:00+00:00,6791.143815910032
2026-04-28 08:00:00+00:00,6791.143815910032
2026-04-28 12:00:00+00:00,6791.143815910032
2026-04-28 16:00:00+00:00,6791.143815910032
2026-04-28 20:00:00+00:00,6791.143815910032
2026-04-29 00:00:00+00:00,6791.143815910032
2026-04-29 04:00:00+00:00,6791.143815910032
2026-04-29 08:00:00+00:00,6791.143815910032
2026-04-29 12:00:00+00:00,6791.143815910032
2026-04-29 16:00:00+00:00,6791.143815910032
2026-04-29 20:00:00+00:00,6791.143815910032
2026-04-30 00:00:00+00:00,6791.143815910032
2026-04-30 04:00:00+00:00,6791.143815910032
2026-04-30 08:00:00+00:00,6791.143815910032
2026-04-30 12:00:00+00:00,6791.143815910032
2026-04-30 16:00:00+00:00,6791.143815910032
2026-04-30 20:00:00+00:00,6791.143815910032
2026-05-01 00:00:00+00:00,6791.143815910032
2026-05-01 04:00:00+00:00,6791.143815910032
2026-05-01 08:00:00+00:00,6791.143815910032
2026-05-01 12:00:00+00:00,6791.143815910032
2026-05-01 16:00:00+00:00,6791.143815910032
2026-05-01 20:00:00+00:00,6791.143815910032
2026-05-02 00:00:00+00:00,6791.143815910032
2026-05-02 04:00:00+00:00,6791.143815910032
2026-05-02 08:00:00+00:00,6791.143815910032
2026-05-02 12:00:00+00:00,6791.143815910032
2026-05-02 16:00:00+00:00,6791.143815910032
2026-05-02 20:00:00+00:00,6791.143815910032
2026-05-03 00:00:00+00:00,6791.143815910032
2026-05-03 04:00:00+00:00,6791.143815910032
2026-05-03 08:00:00+00:00,6791.143815910032
2026-05-03 12:00:00+00:00,6791.143815910032
2026-05-03 16:00:00+00:00,6791.143815910032
2026-05-03 20:00:00+00:00,6791.143815910032
2026-05-04 00:00:00+00:00,6791.143815910032
2026-05-04 04:00:00+00:00,6791.143815910032
2026-05-04 08:00:00+00:00,6791.143815910032
2026-05-04 12:00:00+00:00,6791.143815910032
2026-05-04 16:00:00+00:00,6791.143815910032
2026-05-04 20:00:00+00:00,6791.143815910032
2026-05-05 00:00:00+00:00,6791.143815910032
2026-05-05 04:00:00+00:00,6791.143815910032
2026-05-05 08:00:00+00:00,6791.143815910032
2026-05-05 12:00:00+00:00,6791.143815910032
2026-05-05 16:00:00+00:00,6791.143815910032
2026-05-05 20:00:00+00:00,6791.143815910032
2026-05-06 00:00:00+00:00,6791.143815910032
2026-05-06 04:00:00+00:00,6791.143815910032
2026-05-06 08:00:00+00:00,6791.143815910032
2026-05-06 12:00:00+00:00,6791.143815910032
2026-05-06 16:00:00+00:00,6791.143815910032
2026-05-06 20:00:00+00:00,6791.143815910032
2026-05-07 00:00:00+00:00,6791.143815910032
2026-05-07 04:00:00+00:00,6791.143815910032
2026-05-07 08:00:00+00:00,6791.143815910032
2026-05-07 12:00:00+00:00,6791.143815910032
2026-05-07 16:00:00+00:00,6791.143815910032
2026-05-07 20:00:00+00:00,6791.143815910032
2026-05-08 00:00:00+00:00,6791.143815910032
2026-05-08 04:00:00+00:00,6791.143815910032
2026-05-08 08:00:00+00:00,6791.143815910032
2026-05-08 12:00:00+00:00,6791.143815910032
2026-05-08 16:00:00+00:00,6791.143815910032
2026-05-08 20:00:00+00:00,6791.143815910032
2026-05-09 00:00:00+00:00,6791.143815910032
2026-05-09 04:00:00+00:00,6791.143815910032
2026-05-09 08:00:00+00:00,6791.143815910032
2026-05-09 12:00:00+00:00,6791.143815910032
2026-05-09 16:00:00+00:00,6791.143815910032
2026-05-09 20:00:00+00:00,6791.143815910032
2026-05-10 00:00:00+00:00,6791.143815910032
2026-05-10 04:00:00+00:00,6791.143815910032
2026-05-10 08:00:00+00:00,6791.143815910032
2026-05-10 12:00:00+00:00,6791.143815910032
2026-05-10 16:00:00+00:00,6791.143815910032
2026-05-10 20:00:00+00:00,6791.143815910032
2026-05-11 00:00:00+00:00,6791.143815910032
2026-05-11 04:00:00+00:00,6791.143815910032
2026-05-11 08:00:00+00:00,6791.143815910032
2026-05-11 12:00:00+00:00,6791.143815910032
2026-05-11 16:00:00+00:00,6791.143815910032
2026-05-11 20:00:00+00:00,6791.143815910032
2026-05-12 00:00:00+00:00,6791.143815910032
2026-05-12 04:00:00+00:00,6791.143815910032
2026-05-12 08:00:00+00:00,6791.143815910032
2026-05-12 12:00:00+00:00,6791.143815910032
2026-05-12 16:00:00+00:00,6791.143815910032
2026-05-12 20:00:00+00:00,6791.143815910032
2026-05-13 00:00:00+00:00,6791.143815910032
2026-05-13 04:00:00+00:00,6791.143815910032
2026-05-13 08:00:00+00:00,6791.143815910032
2026-05-13 12:00:00+00:00,6791.143815910032
2026-05-13 16:00:00+00:00,6791.143815910032
2026-05-13 20:00:00+00:00,6791.143815910032
2026-05-14 00:00:00+00:00,6791.143815910032
2026-05-14 04:00:00+00:00,6791.143815910032
2026-05-14 08:00:00+00:00,6791.143815910032
2026-05-14 12:00:00+00:00,6791.143815910032
2026-05-14 16:00:00+00:00,6791.143815910032
2026-05-14 20:00:00+00:00,6791.143815910032
2026-05-15 00:00:00+00:00,6791.143815910032
2026-05-15 04:00:00+00:00,6791.143815910032
2026-05-15 08:00:00+00:00,6791.143815910032
2026-05-15 12:00:00+00:00,6777.534309264921
2026-05-15 16:00:00+00:00,6741.009741620249
2026-05-15 20:00:00+00:00,6768.111074111069
2026-05-16 00:00:00+00:00,6711.495106183205
2026-05-16 04:00:00+00:00,7003.140620276424
2026-05-16 08:00:00+00:00,7046.973249302919
2026-05-16 12:00:00+00:00,6986.9959551604
2026-05-16 16:00:00+00:00,6983.948344575995
2026-05-16 20:00:00+00:00,7047.873749161216
2026-05-17 00:00:00+00:00,7051.520674261867
2026-05-17 04:00:00+00:00,6991.543227310954
2026-05-17 08:00:00+00:00,7011.9359657445875
2026-05-17 12:00:00+00:00,7042.373716682053
2026-05-17 16:00:00+00:00,7009.185873100811
2026-05-17 20:00:00+00:00,7190.312717159436
2026-05-18 00:00:00+00:00,7227.439655488208
2026-05-18 04:00:00+00:00,7277.9594853969065
2026-05-18 08:00:00+00:00,7248.1095883462385
2026-05-18 12:00:00+00:00,7251.747497751717
2026-05-18 16:00:00+00:00,7161.623247043081
2026-05-18 20:00:00+00:00,7101.640910223601
2026-05-19 00:00:00+00:00,7135.423331260915
2026-05-19 04:00:00+00:00,7058.69900131827
2026-05-19 08:00:00+00:00,7166.153557462044
2026-05-19 12:00:00+00:00,7213.327647612142
2026-05-19 16:00:00+00:00,7230.361810382189
2026-05-19 20:00:00+00:00,7257.441138464456
2026-05-20 00:00:00+00:00,7257.73009913509
2026-05-20 04:00:00+00:00,7214.486699270923
2026-05-20 08:00:00+00:00,7258.310006985463
2026-05-20 12:00:00+00:00,7134.6991722878165
2026-05-20 16:00:00+00:00,7094.81006945224
2026-05-20 20:00:00+00:00,7162.079380095348
2026-05-21 00:00:00+00:00,7058.56483554946
2026-05-21 04:00:00+00:00,7062.211607841718
2026-05-21 08:00:00+00:00,7183.060736457739
2026-05-21 12:00:00+00:00,7113.493228846392
2026-05-21 16:00:00+00:00,7113.493228846392
2026-05-21 20:00:00+00:00,7113.493228846392
2026-05-22 00:00:00+00:00,7113.493228846392
2026-05-22 04:00:00+00:00,7113.493228846392
2026-05-22 08:00:00+00:00,7113.493228846392
2026-05-22 12:00:00+00:00,7113.493228846392
2026-05-22 16:00:00+00:00,7113.493228846392
2026-05-22 20:00:00+00:00,7113.493228846392
2026-05-23 00:00:00+00:00,7113.493228846392
2026-05-23 04:00:00+00:00,7113.493228846392
2026-05-23 08:00:00+00:00,7113.493228846392
2026-05-23 12:00:00+00:00,7113.493228846392
2026-05-23 16:00:00+00:00,7113.493228846392
2026-05-23 20:00:00+00:00,7113.493228846392
2026-05-24 00:00:00+00:00,7113.493228846392
2026-05-24 04:00:00+00:00,7113.493228846392
2026-05-24 08:00:00+00:00,7113.493228846392
2026-05-24 12:00:00+00:00,7113.493228846392
2026-05-24 16:00:00+00:00,7113.493228846392
2026-05-24 20:00:00+00:00,7113.493228846392
2026-05-25 00:00:00+00:00,7113.493228846392
2026-05-25 04:00:00+00:00,7113.493228846392
2026-05-25 08:00:00+00:00,7113.493228846392
2026-05-25 12:00:00+00:00,7113.493228846392
2026-05-25 16:00:00+00:00,7113.493228846392
2026-05-25 20:00:00+00:00,7113.493228846392
2026-05-26 00:00:00+00:00,7113.493228846392
2026-05-26 04:00:00+00:00,7113.493228846392
2026-05-26 08:00:00+00:00,7113.493228846392
2026-05-26 12:00:00+00:00,7113.493228846392
2026-05-26 16:00:00+00:00,7113.493228846392
2026-05-26 20:00:00+00:00,7113.493228846392
2026-05-27 00:00:00+00:00,7113.493228846392
2026-05-27 04:00:00+00:00,7113.493228846392
2026-05-27 08:00:00+00:00,7113.493228846392
2026-05-27 12:00:00+00:00,7113.493228846392
2026-05-27 16:00:00+00:00,7113.493228846392
2026-05-27 20:00:00+00:00,7113.493228846392
2026-05-28 00:00:00+00:00,7113.493228846392
2026-05-28 04:00:00+00:00,7113.493228846392
2026-05-28 08:00:00+00:00,7113.493228846392
2026-05-28 12:00:00+00:00,7113.493228846392
2026-05-28 16:00:00+00:00,7113.493228846392
2026-05-28 20:00:00+00:00,7113.493228846392
2026-05-29 00:00:00+00:00,7113.493228846392
2026-05-29 04:00:00+00:00,7113.493228846392
2026-05-29 08:00:00+00:00,7113.493228846392
2026-05-29 12:00:00+00:00,7113.493228846392
2026-05-29 16:00:00+00:00,7113.493228846392
2026-05-29 20:00:00+00:00,7113.493228846392
2026-05-30 00:00:00+00:00,7113.493228846392
2026-05-30 04:00:00+00:00,7113.493228846392
2026-05-30 08:00:00+00:00,7113.493228846392
2026-05-30 12:00:00+00:00,7113.493228846392
2026-05-30 16:00:00+00:00,7113.493228846392
2026-05-30 20:00:00+00:00,7113.493228846392
2026-05-31 00:00:00+00:00,7113.493228846392
2026-05-31 04:00:00+00:00,7113.493228846392
2026-05-31 08:00:00+00:00,7113.493228846392
2026-05-31 12:00:00+00:00,7113.493228846392
2026-05-31 16:00:00+00:00,7113.493228846392
2026-05-31 20:00:00+00:00,7113.493228846392
2026-06-01 00:00:00+00:00,7113.493228846392
2026-06-01 04:00:00+00:00,7113.493228846392
2026-06-01 08:00:00+00:00,7113.493228846392
2026-06-01 12:00:00+00:00,7113.493228846392
2026-06-01 16:00:00+00:00,7113.493228846392
2026-06-01 20:00:00+00:00,7113.493228846392
2026-06-02 00:00:00+00:00,7113.493228846392
2026-06-02 04:00:00+00:00,7113.493228846392
2026-06-02 08:00:00+00:00,7113.493228846392
2026-06-02 12:00:00+00:00,7113.493228846392
2026-06-02 16:00:00+00:00,7113.493228846392
2026-06-02 20:00:00+00:00,7113.493228846392
2026-06-03 00:00:00+00:00,7113.493228846392
2026-06-03 04:00:00+00:00,7113.493228846392
2026-06-03 08:00:00+00:00,7113.493228846392
2026-06-03 12:00:00+00:00,7113.493228846392
2026-06-03 16:00:00+00:00,7113.493228846392
2026-06-03 20:00:00+00:00,7113.493228846392
2026-06-04 00:00:00+00:00,7113.493228846392
2026-06-04 04:00:00+00:00,7113.493228846392
2026-06-04 08:00:00+00:00,7113.493228846392
2026-06-04 12:00:00+00:00,7113.493228846392
2026-06-04 16:00:00+00:00,7113.493228846392
2026-06-04 20:00:00+00:00,7113.493228846392
2026-06-05 00:00:00+00:00,7099.237731393794
2026-06-05 04:00:00+00:00,7178.1491415415985
2026-06-05 08:00:00+00:00,7383.478187432739
2026-06-05 12:00:00+00:00,7660.550463616524
2026-06-05 16:00:00+00:00,7701.851615611853
2026-06-05 20:00:00+00:00,7473.22450396926
2026-06-06 00:00:00+00:00,7634.121873761625
2026-06-06 04:00:00+00:00,7436.248988501569
2026-06-06 08:00:00+00:00,7617.6488120733375
2026-06-06 12:00:00+00:00,7600.866564744192
2026-06-06 16:00:00+00:00,7628.50336414574
2026-06-06 20:00:00+00:00,7393.046103141874
2026-06-07 00:00:00+00:00,7161.016390268603
2026-06-07 04:00:00+00:00,7062.252081248008
2026-06-07 08:00:00+00:00,7048.91203835316
2026-06-07 12:00:00+00:00,6885.233868810571
2026-06-07 16:00:00+00:00,7247.748809458792
2026-06-07 20:00:00+00:00,6954.223585024777
2026-06-08 00:00:00+00:00,7101.4776511701675
2026-06-08 04:00:00+00:00,6999.299358895809
2026-06-08 08:00:00+00:00,6910.792903285208
2026-06-08 12:00:00+00:00,6866.708768685912
2026-06-08 16:00:00+00:00,6925.130354422398
2026-06-08 20:00:00+00:00,7075.802613610914
2026-06-09 00:00:00+00:00,7199.13369416191
2026-06-09 04:00:00+00:00,7066.1999281600165
2026-06-09 08:00:00+00:00,7162.197158225343
2026-06-09 12:00:00+00:00,7411.945562683425
2026-06-09 16:00:00+00:00,7292.669288877837
2026-06-09 20:00:00+00:00,7415.990546586989
2026-06-10 00:00:00+00:00,7484.6375547635735
2026-06-10 04:00:00+00:00,7406.3594840374335
2026-06-10 08:00:00+00:00,7621.928920508625
2026-06-10 12:00:00+00:00,7516.310294817462
2026-06-10 16:00:00+00:00,7803.627327288782
2026-06-10 20:00:00+00:00,7961.093250997441
2026-06-11 00:00:00+00:00,7746.832017484494
2026-06-11 04:00:00+00:00,7746.832017484494
2026-06-11 08:00:00+00:00,7746.832017484494
2026-06-11 12:00:00+00:00,7746.832017484494
2026-06-11 16:00:00+00:00,7746.832017484494
2026-06-11 20:00:00+00:00,7746.832017484494
2026-06-12 00:00:00+00:00,7746.832017484494
2026-06-12 04:00:00+00:00,7746.832017484494
2026-06-12 08:00:00+00:00,7746.832017484494
2026-06-12 12:00:00+00:00,7746.832017484494
2026-06-12 16:00:00+00:00,7746.832017484494
2026-06-12 20:00:00+00:00,7746.832017484494
2026-06-13 00:00:00+00:00,7746.832017484494
2026-06-13 04:00:00+00:00,7746.832017484494
2026-06-13 08:00:00+00:00,7746.832017484494
2026-06-13 12:00:00+00:00,7746.832017484494
2026-06-13 16:00:00+00:00,7746.832017484494
2026-06-13 20:00:00+00:00,7746.832017484494
2026-06-14 00:00:00+00:00,7746.832017484494
2026-06-14 04:00:00+00:00,7746.832017484494
2026-06-14 08:00:00+00:00,7746.832017484494
2026-06-14 12:00:00+00:00,7746.832017484494
2026-06-14 16:00:00+00:00,7746.832017484494
2026-06-14 20:00:00+00:00,7746.832017484494
2026-06-15 00:00:00+00:00,7746.832017484494
2026-06-15 04:00:00+00:00,7746.832017484494
2026-06-15 08:00:00+00:00,7746.832017484494
2026-06-15 12:00:00+00:00,7746.832017484494
2026-06-15 16:00:00+00:00,7746.832017484494
2026-06-15 20:00:00+00:00,7746.832017484494
2026-06-16 00:00:00+00:00,7746.832017484494
2026-06-16 04:00:00+00:00,7746.832017484494
2026-06-16 08:00:00+00:00,7746.832017484494
2026-06-16 12:00:00+00:00,7746.832017484494
2026-06-16 16:00:00+00:00,7746.832017484494
2026-06-16 20:00:00+00:00,7746.832017484494
2026-06-17 00:00:00+00:00,7746.832017484494
2026-06-17 04:00:00+00:00,7746.832017484494
2026-06-17 08:00:00+00:00,7746.832017484494
2026-06-17 12:00:00+00:00,7746.832017484494
2026-06-17 16:00:00+00:00,7746.832017484494
2026-06-17 20:00:00+00:00,7746.832017484494
2026-06-18 00:00:00+00:00,7746.832017484494
2026-06-18 04:00:00+00:00,7746.832017484494
2026-06-18 08:00:00+00:00,7746.832017484494
2026-06-18 12:00:00+00:00,7746.832017484494
2026-06-18 16:00:00+00:00,7746.832017484494
2026-06-18 20:00:00+00:00,7746.832017484494
2026-06-19 00:00:00+00:00,7746.832017484494
2026-06-19 04:00:00+00:00,7746.832017484494
2026-06-19 08:00:00+00:00,7746.832017484494
2026-06-19 12:00:00+00:00,7746.832017484494
2026-06-19 16:00:00+00:00,7746.832017484494
2026-06-19 20:00:00+00:00,7746.832017484494
2026-06-20 00:00:00+00:00,7746.832017484494
2026-06-20 04:00:00+00:00,7746.832017484494
2026-06-20 08:00:00+00:00,7746.832017484494
2026-06-20 12:00:00+00:00,7746.832017484494
2026-06-20 16:00:00+00:00,7746.832017484494
2026-06-20 20:00:00+00:00,7746.832017484494
2026-06-21 00:00:00+00:00,7746.832017484494
2026-06-21 04:00:00+00:00,7746.832017484494
2026-06-21 08:00:00+00:00,7746.832017484494
2026-06-21 12:00:00+00:00,7746.832017484494
2026-06-21 16:00:00+00:00,7746.832017484494
2026-06-21 20:00:00+00:00,7731.307304022602
2026-06-22 00:00:00+00:00,7662.43517446213
2026-06-22 04:00:00+00:00,7563.279683446956
2026-06-22 08:00:00+00:00,7438.168858818991
2026-06-22 12:00:00+00:00,7568.335860856907
2026-06-22 16:00:00+00:00,7659.557127755702
2026-06-22 20:00:00+00:00,7633.954812425902
2026-06-23 00:00:00+00:00,7530.4740576940685
2026-06-23 04:00:00+00:00,7928.888951859805
2026-06-23 08:00:00+00:00,7976.827373651712
2026-06-23 12:00:00+00:00,7981.497165838063
2026-06-23 16:00:00+00:00,8012.126635262607
2026-06-23 20:00:00+00:00,7964.875098597381
2026-06-24 00:00:00+00:00,7956.565545758431
2026-06-24 04:00:00+00:00,7930.949804677373
2026-06-24 08:00:00+00:00,7952.928351793569
2026-06-24 12:00:00+00:00,8260.464533155016
2026-06-24 16:00:00+00:00,8243.48826300624
2026-06-24 20:00:00+00:00,8005.853847863973
2026-06-25 00:00:00+00:00,7941.296122956643
2026-06-25 04:00:00+00:00,7846.454839157089
2026-06-25 08:00:00+00:00,8015.543291519362
2026-06-25 12:00:00+00:00,8314.423417196982
2026-06-25 16:00:00+00:00,8375.324401825123
2026-06-25 20:00:00+00:00,8211.237041805158
2026-06-26 00:00:00+00:00,8241.856244478742
2026-06-26 04:00:00+00:00,8203.24773262113
2026-06-26 08:00:00+00:00,8363.666703548319
2026-06-26 12:00:00+00:00,7970.2677095387735
2026-06-26 16:00:00+00:00,7992.244677154822
2026-06-26 20:00:00+00:00,7810.868305956854
2026-06-27 00:00:00+00:00,7590.11967109666
2026-06-27 04:00:00+00:00,7590.11967109666
2026-06-27 08:00:00+00:00,7590.11967109666
2026-06-27 12:00:00+00:00,7590.11967109666
2026-06-27 16:00:00+00:00,7590.11967109666
2026-06-27 20:00:00+00:00,7590.11967109666
2026-06-28 00:00:00+00:00,7590.11967109666
2026-06-28 04:00:00+00:00,7590.11967109666
2026-06-28 08:00:00+00:00,7590.11967109666
2026-06-28 12:00:00+00:00,7590.11967109666
2026-06-28 16:00:00+00:00,7590.11967109666
2026-06-28 20:00:00+00:00,7590.11967109666
2026-06-29 00:00:00+00:00,7590.11967109666
2026-06-29 04:00:00+00:00,7590.11967109666
2026-06-29 08:00:00+00:00,7590.11967109666
2026-06-29 12:00:00+00:00,7590.11967109666
2026-06-29 16:00:00+00:00,7590.11967109666
2026-06-29 20:00:00+00:00,7590.11967109666
2026-06-30 00:00:00+00:00,7590.11967109666
2026-06-30 04:00:00+00:00,7590.11967109666
2026-06-30 08:00:00+00:00,7590.11967109666
2026-06-30 12:00:00+00:00,7590.11967109666
2026-06-30 16:00:00+00:00,7590.11967109666
2026-06-30 20:00:00+00:00,7590.11967109666
2026-07-01 00:00:00+00:00,7590.11967109666
2026-07-01 04:00:00+00:00,7590.11967109666
2026-07-01 08:00:00+00:00,7590.11967109666
2026-07-01 12:00:00+00:00,7590.11967109666
2026-07-01 16:00:00+00:00,7590.11967109666
2026-07-01 20:00:00+00:00,7590.11967109666
2026-07-02 00:00:00+00:00,7590.11967109666
2026-07-02 04:00:00+00:00,7590.11967109666
2026-07-02 08:00:00+00:00,7590.11967109666
2026-07-02 12:00:00+00:00,7590.11967109666
2026-07-02 16:00:00+00:00,7590.11967109666
2026-07-02 20:00:00+00:00,7590.11967109666
2026-07-03 00:00:00+00:00,7590.11967109666
2026-07-03 04:00:00+00:00,7590.11967109666
2026-07-03 08:00:00+00:00,7590.11967109666
2026-07-03 12:00:00+00:00,7590.11967109666
2026-07-03 16:00:00+00:00,7590.11967109666
2026-07-03 20:00:00+00:00,7590.11967109666
2026-07-04 00:00:00+00:00,7590.11967109666
2026-07-04 04:00:00+00:00,7590.11967109666
2026-07-04 08:00:00+00:00,7590.11967109666
2026-07-04 12:00:00+00:00,7590.11967109666
2026-07-04 16:00:00+00:00,7590.11967109666
2026-07-04 20:00:00+00:00,7590.11967109666
2026-07-05 00:00:00+00:00,7590.11967109666
2026-07-05 04:00:00+00:00,7590.11967109666
2026-07-05 08:00:00+00:00,7590.11967109666
2026-07-05 12:00:00+00:00,7590.11967109666
2026-07-05 16:00:00+00:00,7590.11967109666
2026-07-05 20:00:00+00:00,7590.11967109666
2026-07-06 00:00:00+00:00,7590.11967109666
2026-07-06 04:00:00+00:00,7590.11967109666
2026-07-06 08:00:00+00:00,7590.11967109666
2026-07-06 12:00:00+00:00,7590.11967109666
2026-07-06 16:00:00+00:00,7590.11967109666
2026-07-06 20:00:00+00:00,7590.11967109666
2026-07-07 00:00:00+00:00,7590.11967109666
2026-07-07 04:00:00+00:00,7590.11967109666
2026-07-07 08:00:00+00:00,7590.11967109666
2026-07-07 12:00:00+00:00,7590.11967109666
2026-07-07 16:00:00+00:00,7590.11967109666
2026-07-07 20:00:00+00:00,7590.11967109666
2026-07-08 00:00:00+00:00,7574.909010433141
2026-07-08 04:00:00+00:00,7631.728696317238
2026-07-08 08:00:00+00:00,7726.194237338014
2026-07-08 12:00:00+00:00,7886.540239599001
2026-07-08 16:00:00+00:00,7675.100672853598
2026-07-08 20:00:00+00:00,7661.325038686727
2026-07-09 00:00:00+00:00,7727.552967089581
2026-07-09 04:00:00+00:00,7605.535728233011
2026-07-09 08:00:00+00:00,7634.117801499188
2026-07-09 12:00:00+00:00,7686.22885635233
2026-07-09 16:00:00+00:00,7663.040684646151
2026-07-09 20:00:00+00:00,7672.795964825493
2026-07-10 00:00:00+00:00,7560.193411018503
2026-07-10 04:00:00+00:00,7584.071577776333
2026-07-10 08:00:00+00:00,7466.767050220242
2026-07-10 12:00:00+00:00,7570.652430315262
2026-07-10 16:00:00+00:00,7622.766491682791
2026-07-10 20:00:00+00:00,7547.814732286113
2026-07-11 00:00:00+00:00,7543.457219185267
2026-07-11 04:00:00+00:00,7609.690731114838
2026-07-11 08:00:00+00:00,7553.563832045746
2026-07-11 12:00:00+00:00,7511.557672044866
2026-07-11 16:00:00+00:00,7521.320039008118
2026-07-11 20:00:00+00:00,7719.324137214357
2026-07-12 00:00:00+00:00,7625.5438667226235
2026-07-12 04:00:00+00:00,7677.655565828848
2026-07-12 08:00:00+00:00,7630.9377682826225
2026-07-12 12:00:00+00:00,7668.931090581941
2026-07-12 16:00:00+00:00,7664.5682087054065
2026-07-12 20:00:00+00:00,7735.502405877914
2026-07-13 00:00:00+00:00,7787.609165710503
2026-07-13 04:00:00+00:00,7637.353240480872
2026-07-13 08:00:00+00:00,7656.522131954661
2026-07-13 12:00:00+00:00,7680.396218442962
2026-07-13 16:00:00+00:00,7699.5631771575
2026-07-13 20:00:00+00:00,7756.377709016937
2026-07-14 00:00:00+00:00,7642.820408648955
2026-07-14 04:00:00+00:00,7642.820408648955
2026-07-14 08:00:00+00:00,7642.820408648955
2026-07-14 12:00:00+00:00,7642.820408648955
2026-07-14 16:00:00+00:00,7642.820408648955
2026-07-14 20:00:00+00:00,7642.820408648955
2026-07-15 00:00:00+00:00,7642.820408648955
2026-07-15 04:00:00+00:00,7642.820408648955
2026-07-15 08:00:00+00:00,7642.820408648955
2026-07-15 12:00:00+00:00,7642.820408648955
2026-07-15 16:00:00+00:00,7642.820408648955
2026-07-15 20:00:00+00:00,7642.820408648955
2026-07-16 00:00:00+00:00,7642.820408648955
2026-07-16 04:00:00+00:00,7642.820408648955
2026-07-16 08:00:00+00:00,7642.820408648955
2026-07-16 12:00:00+00:00,7642.820408648955
2026-07-16 16:00:00+00:00,7642.820408648955
2026-07-16 20:00:00+00:00,7642.820408648955
2026-07-17 00:00:00+00:00,7642.820408648955
2026-07-17 04:00:00+00:00,7642.820408648955
2026-07-17 08:00:00+00:00,7642.820408648955
2026-07-17 12:00:00+00:00,7642.820408648955
2026-07-17 16:00:00+00:00,7642.820408648955
2026-07-17 20:00:00+00:00,7642.820408648955
2026-07-18 00:00:00+00:00,7642.820408648955
2026-07-18 04:00:00+00:00,7642.820408648955
2026-07-18 08:00:00+00:00,7642.820408648955
2026-07-18 12:00:00+00:00,7642.820408648955
2026-07-18 16:00:00+00:00,7642.820408648955
2026-07-18 20:00:00+00:00,7642.820408648955
2026-07-19 00:00:00+00:00,7642.820408648955
2026-07-19 04:00:00+00:00,7642.820408648955
2026-07-19 08:00:00+00:00,7642.820408648955
2026-07-19 12:00:00+00:00,7642.820408648955
2026-07-19 16:00:00+00:00,7642.820408648955
2026-07-19 20:00:00+00:00,7642.820408648955
2026-07-20 00:00:00+00:00,7642.820408648955
2026-07-20 04:00:00+00:00,7642.820408648955
2026-07-20 08:00:00+00:00,7642.820408648955
2026-07-20 12:00:00+00:00,7642.820408648955
2026-07-20 16:00:00+00:00,7642.820408648955
2026-07-20 20:00:00+00:00,7642.820408648955
2026-07-21 00:00:00+00:00,7642.820408648955
2026-07-21 04:00:00+00:00,7642.820408648955
2026-07-21 08:00:00+00:00,7642.820408648955
2026-07-21 12:00:00+00:00,7642.820408648955
2026-07-21 16:00:00+00:00,7642.820408648955
2026-07-21 20:00:00+00:00,7642.820408648955
2026-07-22 00:00:00+00:00,7642.820408648955
2026-07-22 04:00:00+00:00,7642.820408648955
2026-07-22 08:00:00+00:00,7642.820408648955
2026-07-22 12:00:00+00:00,7642.820408648955
2026-07-22 16:00:00+00:00,7642.820408648955
2026-07-22 20:00:00+00:00,7642.820408648955
2026-07-23 00:00:00+00:00,7642.820408648955
2026-07-23 04:00:00+00:00,7642.820408648955
2026-07-23 08:00:00+00:00,7642.820408648955
2026-07-23 12:00:00+00:00,7642.820408648955
2026-07-23 16:00:00+00:00,7642.820408648955
2026-07-23 20:00:00+00:00,7642.820408648955
2026-07-24 00:00:00+00:00,7642.820408648955
2026-07-24 04:00:00+00:00,7642.820408648955
2026-07-24 08:00:00+00:00,7642.820408648955
2026-07-24 12:00:00+00:00,7642.820408648955
2026-07-24 16:00:00+00:00,7642.820408648955
2026-07-24 20:00:00+00:00,7642.820408648955
2026-07-25 00:00:00+00:00,7642.820408648955
2026-07-25 04:00:00+00:00,7642.820408648955
2026-07-25 08:00:00+00:00,7642.820408648955
2026-07-25 12:00:00+00:00,7642.820408648955
2026-07-25 16:00:00+00:00,7642.820408648955
2026-07-25 20:00:00+00:00,7642.820408648955
2026-07-26 00:00:00+00:00,7642.820408648955
2026-07-26 04:00:00+00:00,7642.820408648955
2026-07-26 08:00:00+00:00,7642.820408648955
2026-07-26 12:00:00+00:00,7642.820408648955
2026-07-26 16:00:00+00:00,7642.820408648955
2026-07-26 20:00:00+00:00,7642.820408648955
2026-07-27 00:00:00+00:00,7642.820408648955
2026-07-27 04:00:00+00:00,7642.820408648955
2026-07-27 08:00:00+00:00,7642.820408648955
2026-07-27 12:00:00+00:00,7642.820408648955
2026-07-27 16:00:00+00:00,7642.820408648955
2026-07-27 20:00:00+00:00,7642.820408648955
2026-07-28 00:00:00+00:00,7642.820408648955
2026-07-28 04:00:00+00:00,7642.820408648955
2026-07-28 08:00:00+00:00,7642.820408648955
2026-07-28 12:00:00+00:00,7642.820408648955
2026-07-28 16:00:00+00:00,7642.820408648955
2026-07-28 20:00:00+00:00,7642.820408648955
2026-07-29 00:00:00+00:00,7642.820408648955
2026-07-29 04:00:00+00:00,7642.820408648955
2026-07-29 08:00:00+00:00,7642.820408648955
2026-07-29 12:00:00+00:00,7642.820408648955
2026-07-29 16:00:00+00:00,7642.820408648955
2026-07-29 20:00:00+00:00,7642.820408648955
2026-07-30 00:00:00+00:00,7642.820408648955
2026-07-30 04:00:00+00:00,7642.820408648955
2026-07-30 08:00:00+00:00,7642.820408648955
2026-07-30 12:00:00+00:00,7642.820408648955
2026-07-30 16:00:00+00:00,7642.820408648955
2026-07-30 20:00:00+00:00,7642.820408648955
2026-07-31 00:00:00+00:00,7642.820408648955
2026-07-31 04:00:00+00:00,7642.820408648955
2026-07-31 08:00:00+00:00,7642.820408648955
2026-07-31 12:00:00+00:00,7642.820408648955
2026-07-31 16:00:00+00:00,7642.820408648955
2026-07-31 20:00:00+00:00,7642.820408648955
2026-08-01 00:00:00+00:00,7642.820408648955
2026-08-01 04:00:00+00:00,7642.820408648955
2026-08-01 08:00:00+00:00,7642.820408648955
2026-08-01 12:00:00+00:00,7642.820408648955
2026-08-01 16:00:00+00:00,7642.820408648955
2026-08-01 20:00:00+00:00,7642.820408648955
2026-08-02 00:00:00+00:00,7642.820408648955
2026-08-02 04:00:00+00:00,7642.820408648955
2026-08-02 08:00:00+00:00,7642.820408648955
2026-08-02 12:00:00+00:00,7642.820408648955
2026-08-02 16:00:00+00:00,7642.820408648955
2026-08-02 20:00:00+00:00,7642.820408648955
2026-08-03 00:00:00+00:00,7642.820408648955
2026-08-03 04:00:00+00:00,7642.820408648955
2026-08-03 08:00:00+00:00,7642.820408648955
2026-08-03 12:00:00+00:00,7642.820408648955
2026-08-03 16:00:00+00:00,7642.820408648955
2026-08-03 20:00:00+00:00,7642.820408648955
2026-08-04 00:00:00+00:00,7642.820408648955
2026-08-04 04:00:00+00:00,7642.820408648955
2026-08-04 08:00:00+00:00,7642.820408648955
2026-08-04 12:00:00+00:00,7642.820408648955
2026-08-04 16:00:00+00:00,7642.820408648955
2026-08-04 20:00:00+00:00,7642.820408648955
2026-08-05 00:00:00+00:00,7642.820408648955
2026-08-05 04:00:00+00:00,7642.820408648955
2026-08-05 08:00:00+00:00,7642.820408648955
2026-08-05 12:00:00+00:00,7642.820408648955
2026-08-05 16:00:00+00:00,7642.820408648955
2026-08-05 20:00:00+00:00,7642.820408648955
2026-08-06 00:00:00+00:00,7642.820408648955
2026-08-06 04:00:00+00:00,7642.820408648955
2026-08-06 08:00:00+00:00,7642.820408648955
2026-08-06 12:00:00+00:00,7642.820408648955
2026-08-06 16:00:00+00:00,7642.820408648955
2026-08-06 20:00:00+00:00,7642.820408648955
2026-08-07 00:00:00+00:00,7642.820408648955
2026-08-07 04:00:00+00:00,7642.820408648955
2026-08-07 08:00:00+00:00,7642.820408648955
2026-08-07 12:00:00+00:00,7642.820408648955
2026-08-07 16:00:00+00:00,7642.820408648955
2026-08-07 20:00:00+00:00,7642.820408648955
2026-08-08 00:00:00+00:00,7642.820408648955
2026-08-08 04:00:00+00:00,7642.820408648955
2026-08-08 08:00:00+00:00,7642.820408648955
2026-08-08 12:00:00+00:00,7642.820408648955
2026-08-08 16:00:00+00:00,7642.820408648955
2026-08-08 20:00:00+00:00,7642.820408648955
2026-08-09 00:00:00+00:00,7642.820408648955
2026-08-09 04:00:00+00:00,7642.820408648955
2026-08-09 08:00:00+00:00,7642.820408648955
2026-08-09 12:00:00+00:00,7642.820408648955
2026-08-09 16:00:00+00:00,7642.820408648955
2026-08-09 20:00:00+00:00,7642.820408648955
2026-08-10 00:00:00+00:00,7642.820408648955
2026-08-10 04:00:00+00:00,7642.820408648955
2026-08-10 08:00:00+00:00,7642.820408648955
2026-08-10 12:00:00+00:00,7642.820408648955
2026-08-10 16:00:00+00:00,7642.820408648955
2026-08-10 20:00:00+00:00,7642.820408648955
2026-08-11 00:00:00+00:00,7642.820408648955
2026-08-11 04:00:00+00:00,7642.820408648955
2026-08-11 08:00:00+00:00,7642.820408648955
2026-08-11 12:00:00+00:00,7642.820408648955
2026-08-11 16:00:00+00:00,7642.820408648955
2026-08-11 20:00:00+00:00,7642.820408648955
2026-08-12 00:00:00+00:00,7642.820408648955
2026-08-12 04:00:00+00:00,7642.820408648955
2026-08-12 08:00:00+00:00,7642.820408648955
2026-08-12 12:00:00+00:00,7642.820408648955
2026-08-12 16:00:00+00:00,7642.820408648955
2026-08-12 20:00:00+00:00,7642.820408648955
2026-08-13 00:00:00+00:00,7642.820408648955
2026-08-13 04:00:00+00:00,7642.820408648955
2026-08-13 08:00:00+00:00,7642.820408648955
2026-08-13 12:00:00+00:00,7642.820408648955
2026-08-13 16:00:00+00:00,7642.820408648955
2026-08-13 20:00:00+00:00,7642.820408648955
2026-08-14 00:00:00+00:00,7642.820408648955
2026-08-14 04:00:00+00:00,7642.820408648955
2026-08-14 08:00:00+00:00,7642.820408648955
2026-08-14 12:00:00+00:00,7642.820408648955
2026-08-14 16:00:00+00:00,7642.820408648955
2026-08-14 20:00:00+00:00,7642.820408648955
2026-08-15 00:00:00+00:00,7642.820408648955
2026-08-15 04:00:00+00:00,7642.820408648955
2026-08-15 08:00:00+00:00,7642.820408648955
2026-08-15 12:00:00+00:00,7642.820408648955
2026-08-15 16:00:00+00:00,7642.820408648955
2026-08-15 20:00:00+00:00,7642.820408648955
2026-08-16 00:00:00+00:00,7642.820408648955
2026-08-16 04:00:00+00:00,7642.820408648955
2026-08-16 08:00:00+00:00,7642.820408648955
2026-08-16 12:00:00+00:00,7642.820408648955
2026-08-16 16:00:00+00:00,7642.820408648955
2026-08-16 20:00:00+00:00,7642.820408648955
2026-08-17 00:00:00+00:00,7642.820408648955
2026-08-17 04:00:00+00:00,7642.820408648955
2026-08-17 08:00:00+00:00,7642.820408648955
2026-08-17 12:00:00+00:00,7642.820408648955
2026-08-17 16:00:00+00:00,7642.820408648955
2026-08-17 20:00:00+00:00,7642.820408648955
2026-08-18 00:00:00+00:00,7642.820408648955
2026-08-18 04:00:00+00:00,7642.820408648955
2026-08-18 08:00:00+00:00,7642.820408648955
2026-08-18 12:00:00+00:00,7642.820408648955
2026-08-18 16:00:00+00:00,7642.820408648955
2026-08-18 20:00:00+00:00,7642.820408648955
2026-08-19 00:00:00+00:00,7642.820408648955
2026-08-19 04:00:00+00:00,7642.820408648955
2026-08-19 08:00:00+00:00,7642.820408648955
2026-08-19 12:00:00+00:00,7642.820408648955
2026-08-19 16:00:00+00:00,7642.820408648955
2026-08-19 20:00:00+00:00,7642.820408648955
2026-08-20 00:00:00+00:00,7642.820408648955
2026-08-20 04:00:00+00:00,7642.820408648955
2026-08-20 08:00:00+00:00,7642.820408648955
2026-08-20 12:00:00+00:00,7642.820408648955
2026-08-20 16:00:00+00:00,7627.56527809277
2026-08-20 20:00:00+00:00,7751.8095526752
2026-08-21 00:00:00+00:00,7930.2187186328765
2026-08-21 04:00:00+00:00,8211.543823202941
2026-08-21 08:00:00+00:00,8509.107246636624
2026-08-21 12:00:00+00:00,8703.732978191672
2026-08-21 16:00:00+00:00,8659.999272375977
2026-08-21 20:00:00+00:00,9282.56563985255
2026-08-22 00:00:00+00:00,9758.843022167626
2026-08-22 04:00:00+00:00,8703.847646358734
2026-08-22 08:00:00+00:00,8703.847646358734
2026-08-22 12:00:00+00:00,8703.847646358734
2026-08-22 16:00:00+00:00,8703.847646358734
2026-08-22 20:00:00+00:00,8703.847646358734
2026-08-23 00:00:00+00:00,8703.847646358734
2026-08-23 04:00:00+00:00,8703.847646358734
2026-08-23 08:00:00+00:00,8703.847646358734
2026-08-23 12:00:00+00:00,8703.847646358734
2026-08-23 16:00:00+00:00,8703.847646358734
2026-08-23 20:00:00+00:00,8703.847646358734
2026-08-24 00:00:00+00:00,8703.847646358734
2026-08-24 04:00:00+00:00,8703.847646358734
2026-08-24 08:00:00+00:00,8703.847646358734
2026-08-24 12:00:00+00:00,8703.847646358734
2026-08-24 16:00:00+00:00,8703.847646358734
2026-08-24 20:00:00+00:00,8703.847646358734
2026-08-25 00:00:00+00:00,8703.847646358734
2026-08-25 04:00:00+00:00,8703.847646358734
2026-08-25 08:00:00+00:00,8703.847646358734
2026-08-25 12:00:00+00:00,8703.847646358734
2026-08-25 16:00:00+00:00,8703.847646358734
2026-08-25 20:00:00+00:00,8703.847646358734
2026-08-26 00:00:00+00:00,8703.847646358734
2026-08-26 04:00:00+00:00,8703.847646358734
2026-08-26 08:00:00+00:00,8703.847646358734
2026-08-26 12:00:00+00:00,8703.847646358734
2026-08-26 16:00:00+00:00,8703.847646358734
2026-08-26 20:00:00+00:00,8703.847646358734
2026-08-27 00:00:00+00:00,8703.847646358734
2026-08-27 04:00:00+00:00,8703.847646358734
2026-08-27 08:00:00+00:00,8703.847646358734
2026-08-27 12:00:00+00:00,8703.847646358734
2026-08-27 16:00:00+00:00,8703.847646358734
2026-08-27 20:00:00+00:00,8703.847646358734
2026-08-28 00:00:00+00:00,8703.847646358734
2026-08-28 04:00:00+00:00,8703.847646358734
2026-08-28 08:00:00+00:00,8703.847646358734
2026-08-28 12:00:00+00:00,8703.847646358734
2026-08-28 16:00:00+00:00,8703.847646358734
2026-08-28 20:00:00+00:00,8703.847646358734
2026-08-29 00:00:00+00:00,8703.847646358734
2026-08-29 04:00:00+00:00,8703.847646358734
2026-08-29 08:00:00+00:00,8703.847646358734
2026-08-29 12:00:00+00:00,8703.847646358734
2026-08-29 16:00:00+00:00,8703.847646358734
2026-08-29 20:00:00+00:00,8703.847646358734
2026-08-30 00:00:00+00:00,8703.847646358734
2026-08-30 04:00:00+00:00,8703.847646358734
2026-08-30 08:00:00+00:00,8703.847646358734
2026-08-30 12:00:00+00:00,8703.847646358734
2026-08-30 16:00:00+00:00,8703.847646358734
2026-08-30 20:00:00+00:00,8703.847646358734
2026-08-31 00:00:00+00:00,8703.847646358734
2026-08-31 04:00:00+00:00,8703.847646358734
2026-08-31 08:00:00+00:00,8703.847646358734
2026-08-31 12:00:00+00:00,8703.847646358734
2026-08-31 16:00:00+00:00,8703.847646358734
2026-08-31 20:00:00+00:00,8703.847646358734
2026-09-01 00:00:00+00:00,8703.847646358734
2026-09-01 04:00:00+00:00,8703.847646358734
2026-09-01 08:00:00+00:00,8703.847646358734
2026-09-01 12:00:00+00:00,8703.847646358734
2026-09-01 16:00:00+00:00,8703.847646358734
2026-09-01 20:00:00+00:00,8703.847646358734
2026-09-02 00:00:00+00:00,8703.847646358734
2026-09-02 04:00:00+00:00,8703.847646358734
2026-09-02 08:00:00+00:00,8703.847646358734
2026-09-02 12:00:00+00:00,8703.847646358734
2026-09-02 16:00:00+00:00,8703.847646358734
2026-09-02 20:00:00+00:00,8703.847646358734
2026-09-03 00:00:00+00:00,8703.847646358734
2026-09-03 04:00:00+00:00,8703.847646358734
2026-09-03 08:00:00+00:00,8703.847646358734
2026-09-03 12:00:00+00:00,8703.847646358734
2026-09-03 16:00:00+00:00,8703.847646358734
2026-09-03 20:00:00+00:00,8703.847646358734
2026-09-04 00:00:00+00:00,8703.847646358734
2026-09-04 04:00:00+00:00,8703.847646358734
2026-09-04 08:00:00+00:00,8703.847646358734
2026-09-04 12:00:00+00:00,8703.847646358734
2026-09-04 16:00:00+00:00,8703.847646358734
2026-09-04 20:00:00+00:00,8703.847646358734
2026-09-05 00:00:00+00:00,8703.847646358734
2026-09-05 04:00:00+00:00,8703.847646358734
2026-09-05 08:00:00+00:00,8703.847646358734
2026-09-05 12:00:00+00:00,8703.847646358734
2026-09-05 16:00:00+00:00,8703.847646358734
2026-09-05 20:00:00+00:00,8703.847646358734
2026-09-06 00:00:00+00:00,8703.847646358734
2026-09-06 04:00:00+00:00,8703.847646358734
2026-09-06 08:00:00+00:00,8703.847646358734
2026-09-06 12:00:00+00:00,8703.847646358734
2026-09-06 16:00:00+00:00,8703.847646358734
2026-09-06 20:00:00+00:00,8703.847646358734
2026-09-07 00:00:00+00:00,8703.847646358734
2026-09-07 04:00:00+00:00,8703.847646358734
2026-09-07 08:00:00+00:00,8703.847646358734
2026-09-07 12:00:00+00:00,8703.847646358734
2026-09-07 16:00:00+00:00,8703.847646358734
2026-09-07 20:00:00+00:00,8703.847646358734
2026-09-08 00:00:00+00:00,8703.847646358734
2026-09-08 04:00:00+00:00,8703.847646358734
2026-09-08 08:00:00+00:00,8703.847646358734
2026-09-08 12:00:00+00:00,8703.847646358734
2026-09-08 16:00:00+00:00,8703.847646358734
2026-09-08 20:00:00+00:00,8703.847646358734
2026-09-09 00:00:00+00:00,8703.847646358734
2026-09-09 04:00:00+00:00,8703.847646358734
2026-09-09 08:00:00+00:00,8703.847646358734
2026-09-09 12:00:00+00:00,8703.847646358734
2026-09-09 16:00:00+00:00,8703.847646358734
2026-09-09 20:00:00+00:00,8703.847646358734
2026-09-10 00:00:00+00:00,8703.847646358734
2026-09-10 04:00:00+00:00,8703.847646358734
2026-09-10 08:00:00+00:00,8703.847646358734
2026-09-10 12:00:00+00:00,8703.847646358734
2026-09-10 16:00:00+00:00,8703.847646358734
2026-09-10 20:00:00+00:00,8703.847646358734
2026-09-11 00:00:00+00:00,8703.847646358734
2026-09-11 04:00:00+00:00,8703.847646358734
2026-09-11 08:00:00+00:00,8703.847646358734
2026-09-11 12:00:00+00:00,8703.847646358734
2026-09-11 16:00:00+00:00,8703.847646358734
2026-09-11 20:00:00+00:00,8703.847646358734
2026-09-12 00:00:00+00:00,8703.847646358734
2026-09-12 04:00:00+00:00,8703.847646358734
2026-09-12 08:00:00+00:00,8703.847646358734
2026-09-12 12:00:00+00:00,8703.847646358734
2026-09-12 16:00:00+00:00,8703.847646358734
2026-09-12 20:00:00+00:00,8703.847646358734
2026-09-13 00:00:00+00:00,8703.847646358734
2026-09-13 04:00:00+00:00,8703.847646358734
2026-09-13 08:00:00+00:00,8703.847646358734
2026-09-13 12:00:00+00:00,8703.847646358734
2026-09-13 16:00:00+00:00,8703.847646358734
2026-09-13 20:00:00+00:00,8703.847646358734
2026-09-14 00:00:00+00:00,8703.847646358734
2026-09-14 04:00:00+00:00,8703.847646358734
2026-09-14 08:00:00+00:00,8703.847646358734
2026-09-14 12:00:00+00:00,8703.847646358734
2026-09-14 16:00:00+00:00,8703.847646358734
2026-09-14 20:00:00+00:00,8703.847646358734
2026-09-15 00:00:00+00:00,8703.847646358734
2026-09-15 04:00:00+00:00,8703.847646358734
2026-09-15 08:00:00+00:00,8703.847646358734
2026-09-15 12:00:00+00:00,8703.847646358734
2026-09-15 16:00:00+00:00,8703.847646358734
2026-09-15 20:00:00+00:00,8703.847646358734
2026-09-16 00:00:00+00:00,8703.847646358734
2026-09-16 04:00:00+00:00,8703.847646358734
2026-09-16 08:00:00+00:00,8703.847646358734
2026-09-16 12:00:00+00:00,8703.847646358734
2026-09-16 16:00:00+00:00,8703.847646358734
2026-09-16 20:00:00+00:00,8703.847646358734
2026-09-17 00:00:00+00:00,8703.847646358734
2026-09-17 04:00:00+00:00,8703.847646358734
2026-09-17 08:00:00+00:00,8703.847646358734
2026-09-17 12:00:00+00:00,8703.847646358734
2026-09-17 16:00:00+00:00,8703.847646358734
2026-09-17 20:00:00+00:00,8703.847646358734
2026-09-18 00:00:00+00:00,8686.474696964804
2026-09-18 04:00:00+00:00,8628.96438609539
2026-09-18 08:00:00+00:00,8776.114965342415
2026-09-18 12:00:00+00:00,8742.398002733924
2026-09-18 16:00:00+00:00,8799.112964940785
2026-09-18 20:00:00+00:00,8817.7493610871
2026-09-19 00:00:00+00:00,8636.486099607566
2026-09-19 04:00:00+00:00,8402.876646633153
2026-09-19 08:00:00+00:00,8735.657737743832
2026-09-19 12:00:00+00:00,8592.474128273314
2026-09-19 16:00:00+00:00,8501.65147919692
2026-09-19 20:00:00+00:00,8410.832956724731
2026-09-20 00:00:00+00:00,8155.966065478412
2026-09-20 04:00:00+00:00,8155.966065478412
2026-09-20 08:00:00+00:00,8155.966065478412
2026-09-20 12:00:00+00:00,8155.966065478412
2026-09-20 16:00:00+00:00,8155.966065478412
2026-09-20 20:00:00+00:00,8155.966065478412
2026-09-21 00:00:00+00:00,8155.966065478412
2026-09-21 04:00:00+00:00,8155.966065478412
2026-09-21 08:00:00+00:00,8155.966065478412
2026-09-21 12:00:00+00:00,8155.966065478412
2026-09-21 16:00:00+00:00,8155.966065478412
2026-09-21 20:00:00+00:00,8155.966065478412
2026-09-22 00:00:00+00:00,8155.966065478412
2026-09-22 04:00:00+00:00,8155.966065478412
2026-09-22 08:00:00+00:00,8155.966065478412
2026-09-22 12:00:00+00:00,8155.966065478412
2026-09-22 16:00:00+00:00,8155.966065478412
2026-09-22 20:00:00+00:00,8155.966065478412
2026-09-23 00:00:00+00:00,8155.966065478412
2026-09-23 04:00:00+00:00,8155.966065478412
2026-09-23 08:00:00+00:00,8155.966065478412
2026-09-23 12:00:00+00:00,8155.966065478412
2026-09-23 16:00:00+00:00,8155.966065478412
2026-09-23 20:00:00+00:00,8155.966065478412
2026-09-24 00:00:00+00:00,8155.966065478412
2026-09-24 04:00:00+00:00,8155.966065478412
2026-09-24 08:00:00+00:00,8155.966065478412
2026-09-24 12:00:00+00:00,8155.966065478412
2026-09-24 16:00:00+00:00,8155.966065478412
2026-09-24 20:00:00+00:00,8155.966065478412
2026-09-25 00:00:00+00:00,8155.966065478412
