ts,equity
2023-09-24 00:00:00+00:00,10000.0
2023-09-24 02:00:00+00:00,10000.0
2023-09-24 04:00:00+00:00,10000.0
2023-09-24 06:00:00+00:00,10000.0
2023-09-24 08:00:00+00:00,10000.0
2023-09-24 10:00:00+00:00,10000.0
2023-09-24 12:00:00+00:00,10000.0
2023-09-24 14:00:00+00:00,10000.0
2023-09-24 16:00:00+00:00,10000.0
2023-09-24 18:00:00+00:00,10000.0
2023-09-24 20:00:00+00:00,10000.0
2023-09-24 22:00:00+00:00,10000.0
2023-09-25 00:00:00+00:00,10000.0
2023-09-25 02:00:00+00:00,10000.0
2023-09-25 04:00:00+00:00,10000.0
2023-09-25 06:00:00+00:00,10000.0
2023-09-25 08:00:00+00:00,10000.0
2023-09-25 10:00:00+00:00,10000.0
2023-09-25 12:00:00+00:00,10000.0
2023-09-25 14:00:00+00:00,10000.0
2023-09-25 16:00:00+00:00,10000.0
2023-09-25 18:00:00+00:00,10000.0
2023-09-25 20:00:00+00:00,10000.0
2023-09-25 22:00:00+00:00,10000.0
2023-09-26 00:00:00+00:00,10000.0
2023-09-26 02:00:00+00:00,10000.0
2023-09-26 04:00:00+00:00,10000.0
2023-09-26 06:00:00+00:00,10000.0
2023-09-26 08:00:00+00:00,10000.0
2023-09-26 10:00:00+00:00,10000.0
2023-09-26 12:00:00+00:00,10000.0
2023-09-26 14:00:00+00:00,10000.0
2023-09-26 16:00:00+00:00,10000.0
2023-09-26 18:00:00+00:00,10000.0
2023-09-26 20:00:00+00:00,10000.0
2023-09-26 22:00:00+00:00,10000.0
2023-09-27 00:00:00+00:00,10000.0
2023-09-27 02:00:00+00:00,10000.0
2023-09-27 04:00:00+00:00,10000.0
2023-09-27 06:00:00+00:00,10000.0
2023-09-27 08:00:00+00:00,10000.0
2023-09-27 10:00:00+00:00,10000.0
2023-09-27 12:00:00+00:00,10000.0
2023-09-27 14:00:00+00:00,10000.0
2023-09-27 16:00:00+00:00,10000.0
2023-09-27 18:00:00+00:00,10000.0
2023-09-27 20:00:00+00:00,10000.0
2023-09-27 22:00:00+00:00,10000.0
2023-09-28 00:00:00+00:00,10000.0
2023-09-28 02:00:00+00:00,10000.0
2023-09-28 04:00:00+00:00,10000.0
2023-09-28 06:00:00+00:00,10000.0
2023-09-28 08:00:00+00:00,10000.0
2023-09-28 10:00:00+00:00,10000.0
2023-09-28 12:00:00+00:00,10000.0
2023-09-28 14:00:00+00:00,10000.0
2023-09-28 16:00:00+00:00,10000.0
2023-09-28 18:00:00+00:00,10000.0
2023-09-28 20:00:00+00:00,10000.0
2023-09-28 22:00:00+00:00,10000.0
2023-09-29 00:00:00+00:00,10000.0
2023-09-29 02:00:00+00:00,10000.0
2023-09-29 04:00:00+00:00,10000.0
2023-09-29 06:00:00+00:00,10227.539086669842
2023-09-29 08:00:00+00:00,10164.214419810998
2023-09-29 10:00:00+00:00,10455.38990982295
2023-09-29 12:00:00+00:00,10375.316650069664
2023-09-29 14:00:00+00:00,10593.69826757863
2023-09-29 16:00:00+00:00,10396.094933036917
2023-09-29 18:00:00+00:00,10352.418609535125
2023-09-29 20:00:00+00:00,10410.653707537516
2023-09-29 22:00:00+00:00,10447.050643789009
2023-09-30 00:00:00+00:00,10511.519809032556
2023-09-30 02:00:00+00:00,10526.078583533154
2023-09-30 04:00:00+00:00,10416.88777477867
2023-09-30 06:00:00+00:00,10329.535127775085
2023-09-30 08:00:00+00:00,10358.575928959004
2023-09-30 10:00:00+00:00,10271.223281955417
2023-09-30 12:00:00+00:00,10358.575928959004
2023-09-30 14:00:00+00:00,10394.972865210497
2023-09-30 16:00:00+00:00,10408.49287115048
2023-09-30 18:00:00+00:00,10393.93409664988
2023-09-30 20:00:00+00:00,10321.140224146893
2023-09-30 22:00:00+00:00,10357.537160398388
2023-10-01 00:00:00+00:00,10538.485256911415
2023-10-01 02:00:00+00:00,10603.999742164104
2023-10-01 04:00:00+00:00,10603.999742164104
2023-10-01 06:00:00+00:00,10567.602805912611
2023-10-01 08:00:00+00:00,10712.132855951118
2023-10-01 10:00:00+00:00,10653.897757948727
2023-10-01 12:00:00+00:00,10639.33898344813
2023-10-01 14:00:00+00:00,10792.206115704405
2023-10-01 16:00:00+00:00,10427.863896702029
2023-10-01 18:00:00+00:00,10427.863896702029
2023-10-01 20:00:00+00:00,10427.863896702029
2023-10-01 22:00:00+00:00,10427.863896702029
2023-10-02 00:00:00+00:00,10427.863896702029
2023-10-02 02:00:00+00:00,10427.863896702029
2023-10-02 04:00:00+00:00,10427.863896702029
2023-10-02 06:00:00+00:00,10427.863896702029
2023-10-02 08:00:00+00:00,10427.863896702029
2023-10-02 10:00:00+00:00,10427.863896702029
2023-10-02 12:00:00+00:00,10427.863896702029
2023-10-02 14:00:00+00:00,10427.863896702029
2023-10-02 16:00:00+00:00,10427.863896702029
2023-10-02 18:00:00+00:00,10427.863896702029
2023-10-02 20:00:00+00:00,10427.863896702029
2023-10-02 22:00:00+00:00,10427.863896702029
2023-10-03 00:00:00+00:00,10427.863896702029
2023-10-03 02:00:00+00:00,10427.863896702029
2023-10-03 04:00:00+00:00,10427.863896702029
2023-10-03 06:00:00+00:00,10427.863896702029
2023-10-03 08:00:00+00:00,10427.863896702029
2023-10-03 10:00:00+00:00,10427.863896702029
2023-10-03 12:00:00+00:00,10427.863896702029
2023-10-03 14:00:00+00:00,10427.863896702029
2023-10-03 16:00:00+00:00,10427.863896702029
2023-10-03 18:00:00+00:00,10427.863896702029
2023-10-03 20:00:00+00:00,10427.863896702029
2023-10-03 22:00:00+00:00,10427.863896702029
2023-10-04 00:00:00+00:00,10427.863896702029
2023-10-04 02:00:00+00:00,10427.863896702029
2023-10-04 04:00:00+00:00,10427.863896702029
2023-10-04 06:00:00+00:00,10427.863896702029
2023-10-04 08:00:00+00:00,10427.863896702029
2023-10-04 10:00:00+00:00,10427.863896702029
2023-10-04 12:00:00+00:00,10427.863896702029
2023-10-04 14:00:00+00:00,10427.863896702029
2023-10-04 16:00:00+00:00,10427.863896702029
2023-10-04 18:00:00+00:00,10427.863896702029
2023-10-04 20:00:00+00:00,10427.863896702029
2023-10-04 22:00:00+00:00,10427.863896702029
2023-10-05 00:00:00+00:00,10427.863896702029
2023-10-05 02:00:00+00:00,10427.863896702029
2023-10-05 04:00:00+00:00,10427.863896702029
2023-10-05 06:00:00+00:00,10427.863896702029
2023-10-05 08:00:00+00:00,10427.863896702029
2023-10-05 10:00:00+00:00,10427.863896702029
2023-10-05 12:00:00+00:00,10427.863896702029
2023-10-05 14:00:00+00:00,10427.863896702029
2023-10-05 16:00:00+00:00,10427.863896702029
2023-10-05 18:00:00+00:00,10427.863896702029
2023-10-05 20:00:00+00:00,10427.863896702029
2023-10-05 22:00:00+00:00,10427.863896702029
2023-10-06 00:00:00+00:00,10427.863896702029
2023-10-06 02:00:00+00:00,10427.863896702029
2023-10-06 04:00:00+00:00,10427.863896702029
2023-10-06 06:00:00+00:00,10427.863896702029
2023-10-06 08:00:00+00:00,10427.863896702029
2023-10-06 10:00:00+00:00,10427.863896702029
2023-10-06 12:00:00+00:00,10427.863896702029
2023-10-06 14:00:00+00:00,10427.863896702029
2023-10-06 16:00:00+00:00,10427.863896702029
2023-10-06 18:00:00+00:00,10427.863896702029
2023-10-06 20:00:00+00:00,10427.863896702029
2023-10-06 22:00:00+00:00,10427.863896702029
2023-10-07 00:00:00+00:00,10427.863896702029
2023-10-07 02:00:00+00:00,10427.863896702029
2023-10-07 04:00:00+00:00,10427.863896702029
2023-10-07 06:00:00+00:00,10427.863896702029
2023-10-07 08:00:00+00:00,10427.863896702029
2023-10-07 10:00:00+00:00,10427.863896702029
2023-10-07 12:00:00+00:00,10427.863896702029
2023-10-07 14:00:00+00:00,10427.863896702029
2023-10-07 16:00:00+00:00,10427.863896702029
2023-10-07 18:00:00+00:00,10427.863896702029
2023-10-07 20:00:00+00:00,10427.863896702029
2023-10-07 22:00:00+00:00,10427.863896702029
2023-10-08 00:00:00+00:00,10427.863896702029
2023-10-08 02:00:00+00:00,10427.863896702029
2023-10-08 04:00:00+00:00,10427.863896702029
2023-10-08 06:00:00+00:00,10427.863896702029
2023-10-08 08:00:00+00:00,10427.863896702029
2023-10-08 10:00:00+00:00,10427.863896702029
2023-10-08 12:00:00+00:00,10427.863896702029
2023-10-08 14:00:00+00:00,10427.863896702029
2023-10-08 16:00:00+00:00,10427.863896702029
2023-10-08 18:00:00+00:00,10427.863896702029
2023-10-08 20:00:00+00:00,10427.863896702029
2023-10-08 22:00:00+00:00,10427.863896702029
2023-10-09 00:00:00+00:00,10427.863896702029
2023-10-09 02:00:00+00:00,10427.863896702029
2023-10-09 04:00:00+00:00,10427.863896702029
2023-10-09 06:00:00+00:00,10427.863896702029
2023-10-09 08:00:00+00:00,10427.863896702029
2023-10-09 10:00:00+00:00,10427.863896702029
2023-10-09 12:00:00+00:00,10427.863896702029
2023-10-09 14:00:00+00:00,10427.863896702029
2023-10-09 16:00:00+00:00,10427.863896702029
2023-10-09 18:00:00+00:00,10427.863896702029
2023-10-09 20:00:00+00:00,10427.863896702029
2023-10-09 22:00:00+00:00,10427.863896702029
2023-10-10 00:00:00+00:00,10427.863896702029
2023-10-10 02:00:00+00:00,10427.863896702029
2023-10-10 04:00:00+00:00,10427.863896702029
2023-10-10 06:00:00+00:00,10427.863896702029
2023-10-10 08:00:00+00:00,10427.863896702029
2023-10-10 10:00:00+00:00,10427.863896702029
2023-10-10 12:00:00+00:00,10427.863896702029
2023-10-10 14:00:00+00:00,10427.863896702029
2023-10-10 16:00:00+00:00,10427.863896702029
2023-10-10 18:00:00+00:00,10427.863896702029
2023-10-10 20:00:00+00:00,10427.863896702029
2023-10-10 22:00:00+00:00,10427.863896702029
2023-10-11 00:00:00+00:00,10427.863896702029
2023-10-11 02:00:00+00:00,10427.863896702029
2023-10-11 04:00:00+00:00,10427.863896702029
2023-10-11 06:00:00+00:00,10427.863896702029
2023-10-11 08:00:00+00:00,10427.863896702029
2023-10-11 10:00:00+00:00,10427.863896702029
2023-10-11 12:00:00+00:00,10427.863896702029
2023-10-11 14:00:00+00:00,10427.863896702029
2023-10-11 16:00:00+00:00,10427.863896702029
2023-10-11 18:00:00+00:00,10427.863896702029
2023-10-11 20:00:00+00:00,10427.863896702029
2023-10-11 22:00:00+00:00,10427.863896702029
2023-10-12 00:00:00+00:00,10427.863896702029
2023-10-12 02:00:00+00:00,10427.863896702029
2023-10-12 04:00:00+00:00,10427.863896702029
2023-10-12 06:00:00+00:00,10427.863896702029
2023-10-12 08:00:00+00:00,10427.863896702029
2023-10-12 10:00:00+00:00,10427.863896702029
2023-10-12 12:00:00+00:00,10427.863896702029
2023-10-12 14:00:00+00:00,10427.863896702029
2023-10-12 16:00:00+00:00,10427.863896702029
2023-10-12 18:00:00+00:00,10427.863896702029
2023-10-12 20:00:00+00:00,10427.863896702029
2023-10-12 22:00:00+00:00,10427.863896702029
2023-10-13 00:00:00+00:00,10427.863896702029
2023-10-13 02:00:00+00:00,10427.863896702029
2023-10-13 04:00:00+00:00,10427.863896702029
2023-10-13 06:00:00+00:00,10427.863896702029
2023-10-13 08:00:00+00:00,10427.863896702029
2023-10-13 10:00:00+00:00,10427.863896702029
2023-10-13 12:00:00+00:00,10427.863896702029
2023-10-13 14:00:00+00:00,10427.863896702029
2023-10-13 16:00:00+00:00,10427.863896702029
2023-10-13 18:00:00+00:00,10427.863896702029
2023-10-13 20:00:00+00:00,10427.863896702029
2023-10-13 22:00:00+00:00,10427.863896702029
2023-10-14 00:00:00+00:00,10427.863896702029
2023-10-14 02:00:00+00:00,10427.863896702029
2023-10-14 04:00:00+00:00,10427.863896702029
2023-10-14 06:00:00+00:00,10427.863896702029
2023-10-14 08:00:00+00:00,10427.863896702029
2023-10-14 10:00:00+00:00,10427.863896702029
2023-10-14 12:00:00+00:00,10427.863896702029
2023-10-14 14:00:00+00:00,10427.863896702029
2023-10-14 16:00:00+00:00,10427.863896702029
2023-10-14 18:00:00+00:00,10427.863896702029
2023-10-14 20:00:00+00:00,10427.863896702029
2023-10-14 22:00:00+00:00,10427.863896702029
2023-10-15 00:00:00+00:00,10427.863896702029
2023-10-15 02:00:00+00:00,10427.863896702029
2023-10-15 04:00:00+00:00,10427.863896702029
2023-10-15 06:00:00+00:00,10427.863896702029
2023-10-15 08:00:00+00:00,10427.863896702029
2023-10-15 10:00:00+00:00,10427.863896702029
2023-10-15 12:00:00+00:00,10427.863896702029
2023-10-15 14:00:00+00:00,10427.863896702029
2023-10-15 16:00:00+00:00,10427.863896702029
2023-10-15 18:00:00+00:00,10427.863896702029
2023-10-15 20:00:00+00:00,10427.863896702029
2023-10-15 22:00:00+00:00,10427.863896702029
2023-10-16 00:00:00+00:00,10427.863896702029
2023-10-16 02:00:00+00:00,10427.863896702029
2023-10-16 04:00:00+00:00,10427.863896702029
2023-10-16 06:00:00+00:00,10427.863896702029
2023-10-16 08:00:00+00:00,10427.863896702029
2023-10-16 10:00:00+00:00,10427.863896702029
2023-10-16 12:00:00+00:00,10427.863896702029
2023-10-16 14:00:00+00:00,10427.863896702029
2023-10-16 16:00:00+00:00,10427.863896702029
2023-10-16 18:00:00+00:00,10427.863896702029
2023-10-16 20:00:00+00:00,10427.863896702029
2023-10-16 22:00:00+00:00,10427.863896702029
2023-10-17 00:00:00+00:00,10427.863896702029
2023-10-17 02:00:00+00:00,10427.863896702029
2023-10-17 04:00:00+00:00,10427.863896702029
2023-10-17 06:00:00+00:00,10427.863896702029
2023-10-17 08:00:00+00:00,10427.863896702029
2023-10-17 10:00:00+00:00,10427.863896702029
2023-10-17 12:00:00+00:00,10427.863896702029
2023-10-17 14:00:00+00:00,10427.863896702029
2023-10-17 16:00:00+00:00,10427.863896702029
2023-10-17 18:00:00+00:00,10427.863896702029
2023-10-17 20:00:00+00:00,10427.863896702029
2023-10-17 22:00:00+00:00,10427.863896702029
2023-10-18 00:00:00+00:00,10427.863896702029
2023-10-18 02:00:00+00:00,10427.863896702029
2023-10-18 04:00:00+00:00,10427.863896702029
2023-10-18 06:00:00+00:00,10427.863896702029
2023-10-18 08:00:00+00:00,10427.863896702029
2023-10-18 10:00:00+00:00,10427.863896702029
2023-10-18 12:00:00+00:00,10427.863896702029
2023-10-18 14:00:00+00:00,10427.863896702029
2023-10-18 16:00:00+00:00,10427.863896702029
2023-10-18 18:00:00+00:00,10427.863896702029
2023-10-18 20:00:00+00:00,10427.863896702029
2023-10-18 22:00:00+00:00,10427.863896702029
2023-10-19 00:00:00+00:00,10427.863896702029
2023-10-19 02:00:00+00:00,10427.863896702029
2023-10-19 04:00:00+00:00,10427.863896702029
2023-10-19 06:00:00+00:00,10427.863896702029
2023-10-19 08:00:00+00:00,10427.863896702029
2023-10-19 10:00:00+00:00,10427.863896702029
2023-10-19 12:00:00+00:00,10427.863896702029
2023-10-19 14:00:00+00:00,10427.863896702029
2023-10-19 16:00:00+00:00,10427.863896702029
2023-10-19 18:00:00+00:00,10427.863896702029
2023-10-19 20:00:00+00:00,10427.863896702029
2023-10-19 22:00:00+00:00,10427.863896702029
2023-10-20 00:00:00+00:00,10427.863896702029
2023-10-20 02:00:00+00:00,10427.863896702029
2023-10-20 04:00:00+00:00,10427.863896702029
2023-10-20 06:00:00+00:00,10427.863896702029
2023-10-20 08:00:00+00:00,10427.863896702029
2023-10-20 10:00:00+00:00,10427.863896702029
2023-10-20 12:00:00+00:00,10427.863896702029
2023-10-20 14:00:00+00:00,10427.863896702029
2023-10-20 16:00:00+00:00,10427.863896702029
2023-10-20 18:00:00+00:00,10427.863896702029
2023-10-20 20:00:00+00:00,10427.863896702029
2023-10-20 22:00:00+00:00,10427.863896702029
2023-10-21 00:00:00+00:00,10427.863896702029
2023-10-21 02:00:00+00:00,10427.863896702029
2023-10-21 04:00:00+00:00,10427.863896702029
2023-10-21 06:00:00+00:00,10427.863896702029
2023-10-21 08:00:00+00:00,10427.863896702029
2023-10-21 10:00:00+00:00,10427.863896702029
2023-10-21 12:00:00+00:00,10427.863896702029
2023-10-21 14:00:00+00:00,10427.863896702029
2023-10-21 16:00:00+00:00,10571.495279229157
2023-10-21 18:00:00+00:00,10548.003067497535
2023-10-21 20:00:00+00:00,10626.310439936271
2023-10-21 22:00:00+00:00,10571.495279229157
2023-10-22 00:00:00+00:00,10648.745502139966
2023-10-22 02:00:00+00:00,10586.09960418898
2023-10-22 04:00:00+00:00,10860.17540772455
2023-10-22 06:00:00+00:00,10539.118235665268
2023-10-22 08:00:00+00:00,10539.118235665268
2023-10-22 10:00:00+00:00,10539.118235665268
2023-10-22 12:00:00+00:00,10539.118235665268
2023-10-22 14:00:00+00:00,10539.118235665268
2023-10-22 16:00:00+00:00,10539.118235665268
2023-10-22 18:00:00+00:00,10539.118235665268
2023-10-22 20:00:00+00:00,10539.118235665268
2023-10-22 22:00:00+00:00,10539.118235665268
2023-10-23 00:00:00+00:00,10539.118235665268
2023-10-23 02:00:00+00:00,10539.118235665268
2023-10-23 04:00:00+00:00,10539.118235665268
2023-10-23 06:00:00+00:00,10539.118235665268
2023-10-23 08:00:00+00:00,10539.118235665268
2023-10-23 10:00:00+00:00,10539.118235665268
2023-10-23 12:00:00+00:00,10539.118235665268
2023-10-23 14:00:00+00:00,10539.118235665268
2023-10-23 16:00:00+00:00,10539.118235665268
2023-10-23 18:00:00+00:00,10539.118235665268
2023-10-23 20:00:00+00:00,10539.118235665268
2023-10-23 22:00:00+00:00,10539.118235665268
2023-10-24 00:00:00+00:00,10539.118235665268
2023-10-24 02:00:00+00:00,10539.118235665268
2023-10-24 04:00:00+00:00,10539.118235665268
2023-10-24 06:00:00+00:00,10539.118235665268
2023-10-24 08:00:00+00:00,10539.118235665268
2023-10-24 10:00:00+00:00,10539.118235665268
2023-10-24 12:00:00+00:00,10539.118235665268
2023-10-24 14:00:00+00:00,10539.118235665268
2023-10-24 16:00:00+00:00,10539.118235665268
2023-10-24 18:00:00+00:00,10539.118235665268
2023-10-24 20:00:00+00:00,10539.118235665268
2023-10-24 22:00:00+00:00,10539.118235665268
2023-10-25 00:00:00+00:00,10539.118235665268
2023-10-25 02:00:00+00:00,10539.118235665268
2023-10-25 04:00:00+00:00,10539.118235665268
2023-10-25 06:00:00+00:00,10539.118235665268
2023-10-25 08:00:00+00:00,10539.118235665268
2023-10-25 10:00:00+00:00,10539.118235665268
2023-10-25 12:00:00+00:00,10539.118235665268
2023-10-25 14:00:00+00:00,10539.118235665268
2023-10-25 16:00:00+00:00,10539.118235665268
2023-10-25 18:00:00+00:00,10539.118235665268
2023-10-25 20:00:00+00:00,10539.118235665268
2023-10-25 22:00:00+00:00,10539.118235665268
2023-10-26 00:00:00+00:00,10539.118235665268
2023-10-26 02:00:00+00:00,10539.118235665268
2023-10-26 04:00:00+00:00,10539.118235665268
2023-10-26 06:00:00+00:00,10539.118235665268
2023-10-26 08:00:00+00:00,10539.118235665268
2023-10-26 10:00:00+00:00,10539.118235665268
2023-10-26 12:00:00+00:00,10539.118235665268
2023-10-26 14:00:00+00:00,10539.118235665268
2023-10-26 16:00:00+00:00,10539.118235665268
2023-10-26 18:00:00+00:00,10539.118235665268
2023-10-26 20:00:00+00:00,10539.118235665268
2023-10-26 22:00:00+00:00,10539.118235665268
2023-10-27 00:00:00+00:00,10539.118235665268
2023-10-27 02:00:00+00:00,10539.118235665268
2023-10-27 04:00:00+00:00,10539.118235665268
2023-10-27 06:00:00+00:00,10539.118235665268
2023-10-27 08:00:00+00:00,10539.118235665268
2023-10-27 10:00:00+00:00,10539.118235665268
2023-10-27 12:00:00+00:00,10539.118235665268
2023-10-27 14:00:00+00:00,10539.118235665268
2023-10-27 16:00:00+00:00,10539.118235665268
2023-10-27 18:00:00+00:00,10539.118235665268
2023-10-27 20:00:00+00:00,10539.118235665268
2023-10-27 22:00:00+00:00,10539.118235665268
2023-10-28 00:00:00+00:00,10539.118235665268
2023-10-28 02:00:00+00:00,10539.118235665268
2023-10-28 04:00:00+00:00,10539.118235665268
2023-10-28 06:00:00+00:00,10539.118235665268
2023-10-28 08:00:00+00:00,10539.118235665268
2023-10-28 10:00:00+00:00,10539.118235665268
2023-10-28 12:00:00+00:00,10539.118235665268
2023-10-28 14:00:00+00:00,10539.118235665268
2023-10-28 16:00:00+00:00,10539.118235665268
2023-10-28 18:00:00+00:00,10539.118235665268
2023-10-28 20:00:00+00:00,10539.118235665268
2023-10-28 22:00:00+00:00,10539.118235665268
2023-10-29 00:00:00+00:00,10539.118235665268
2023-10-29 02:00:00+00:00,10539.118235665268
2023-10-29 04:00:00+00:00,10539.118235665268
2023-10-29 06:00:00+00:00,10539.118235665268
2023-10-29 08:00:00+00:00,10539.118235665268
2023-10-29 10:00:00+00:00,10539.118235665268
2023-10-29 12:00:00+00:00,10539.118235665268
2023-10-29 14:00:00+00:00,10539.118235665268
2023-10-29 16:00:00+00:00,10539.118235665268
2023-10-29 18:00:00+00:00,10539.118235665268
2023-10-29 20:00:00+00:00,10539.118235665268
2023-10-29 22:00:00+00:00,10539.118235665268
2023-10-30 00:00:00+00:00,10539.118235665268
2023-10-30 02:00:00+00:00,10539.118235665268
2023-10-30 04:00:00+00:00,10539.118235665268
2023-10-30 06:00:00+00:00,10539.118235665268
2023-10-30 08:00:00+00:00,10539.118235665268
2023-10-30 10:00:00+00:00,10539.118235665268
2023-10-30 12:00:00+00:00,10539.118235665268
2023-10-30 14:00:00+00:00,10539.118235665268
2023-10-30 16:00:00+00:00,10539.118235665268
2023-10-30 18:00:00+00:00,10539.118235665268
2023-10-30 20:00:00+00:00,10539.118235665268
2023-10-30 22:00:00+00:00,10539.118235665268
2023-10-31 00:00:00+00:00,10539.118235665268
2023-10-31 02:00:00+00:00,10539.118235665268
2023-10-31 04:00:00+00:00,10539.118235665268
2023-10-31 06:00:00+00:00,10539.118235665268
2023-10-31 08:00:00+00:00,10539.118235665268
2023-10-31 10:00:00+00:00,10539.118235665268
2023-10-31 12:00:00+00:00,10539.118235665268
2023-10-31 14:00:00+00:00,10539.118235665268
2023-10-31 16:00:00+00:00,10539.118235665268
2023-10-31 18:00:00+00:00,10539.118235665268
2023-10-31 20:00:00+00:00,10539.118235665268
2023-10-31 22:00:00+00:00,10539.118235665268
2023-11-01 00:00:00+00:00,10539.118235665268
2023-11-01 02:00:00+00:00,10539.118235665268
2023-11-01 04:00:00+00:00,10539.118235665268
2023-11-01 06:00:00+00:00,10539.118235665268
2023-11-01 08:00:00+00:00,10539.118235665268
2023-11-01 10:00:00+00:00,10539.118235665268
2023-11-01 12:00:00+00:00,10539.118235665268
2023-11-01 14:00:00+00:00,10539.118235665268
2023-11-01 16:00:00+00:00,10539.118235665268
2023-11-01 18:00:00+00:00,10539.118235665268
2023-11-01 20:00:00+00:00,10539.118235665268
2023-11-01 22:00:00+00:00,10539.118235665268
2023-11-02 00:00:00+00:00,10539.118235665268
2023-11-02 02:00:00+00:00,10539.118235665268
2023-11-02 04:00:00+00:00,10539.118235665268
2023-11-02 06:00:00+00:00,10539.118235665268
2023-11-02 08:00:00+00:00,10539.118235665268
2023-11-02 10:00:00+00:00,10539.118235665268
2023-11-02 12:00:00+00:00,10539.118235665268
2023-11-02 14:00:00+00:00,10539.118235665268
2023-11-02 16:00:00+00:00,10539.118235665268
2023-11-02 18:00:00+00:00,10539.118235665268
2023-11-02 20:00:00+00:00,10539.118235665268
2023-11-02 22:00:00+00:00,10539.118235665268
2023-11-03 00:00:00+00:00,10539.118235665268
2023-11-03 02:00:00+00:00,10539.118235665268
2023-11-03 04:00:00+00:00,10539.118235665268
2023-11-03 06:00:00+00:00,10539.118235665268
2023-11-03 08:00:00+00:00,10539.118235665268
2023-11-03 10:00:00+00:00,10539.118235665268
2023-11-03 12:00:00+00:00,10539.118235665268
2023-11-03 14:00:00+00:00,10539.118235665268
2023-11-03 16:00:00+00:00,10539.118235665268
2023-11-03 18:00:00+00:00,10539.118235665268
2023-11-03 20:00:00+00:00,10539.118235665268
2023-11-03 22:00:00+00:00,10539.118235665268
2023-11-04 00:00:00+00:00,10539.118235665268
2023-11-04 02:00:00+00:00,10539.118235665268
2023-11-04 04:00:00+00:00,10539.118235665268
2023-11-04 06:00:00+00:00,10539.118235665268
2023-11-04 08:00:00+00:00,10539.118235665268
2023-11-04 10:00:00+00:00,10539.118235665268
2023-11-04 12:00:00+00:00,10539.118235665268
2023-11-04 14:00:00+00:00,10539.118235665268
2023-11-04 16:00:00+00:00,10539.118235665268
2023-11-04 18:00:00+00:00,10539.118235665268
2023-11-04 20:00:00+00:00,10539.118235665268
2023-11-04 22:00:00+00:00,10539.118235665268
2023-11-05 00:00:00+00:00,10539.118235665268
2023-11-05 02:00:00+00:00,10539.118235665268
2023-11-05 04:00:00+00:00,10539.118235665268
2023-11-05 06:00:00+00:00,10539.118235665268
2023-11-05 08:00:00+00:00,10539.118235665268
2023-11-05 10:00:00+00:00,10539.118235665268
2023-11-05 12:00:00+00:00,10539.118235665268
2023-11-05 14:00:00+00:00,10539.118235665268
2023-11-05 16:00:00+00:00,10539.118235665268
2023-11-05 18:00:00+00:00,10539.118235665268
2023-11-05 20:00:00+00:00,10539.118235665268
2023-11-05 22:00:00+00:00,10539.118235665268
2023-11-06 00:00:00+00:00,10539.118235665268
2023-11-06 02:00:00+00:00,10539.118235665268
2023-11-06 04:00:00+00:00,10539.118235665268
2023-11-06 06:00:00+00:00,10539.118235665268
2023-11-06 08:00:00+00:00,10539.118235665268
2023-11-06 10:00:00+00:00,10539.118235665268
2023-11-06 12:00:00+00:00,10539.118235665268
2023-11-06 14:00:00+00:00,10539.118235665268
2023-11-06 16:00:00+00:00,10539.118235665268
2023-11-06 18:00:00+00:00,10539.118235665268
2023-11-06 20:00:00+00:00,10539.118235665268
2023-11-06 22:00:00+00:00,10539.118235665268
2023-11-07 00:00:00+00:00,10539.118235665268
2023-11-07 02:00:00+00:00,10539.118235665268
2023-11-07 04:00:00+00:00,10539.118235665268
2023-11-07 06:00:00+00:00,10539.118235665268
2023-11-07 08:00:00+00:00,10539.118235665268
2023-11-07 10:00:00+00:00,10539.118235665268
2023-11-07 12:00:00+00:00,10539.118235665268
2023-11-07 14:00:00+00:00,10539.118235665268
2023-11-07 16:00:00+00:00,10539.118235665268
2023-11-07 18:00:00+00:00,10539.118235665268
2023-11-07 20:00:00+00:00,10539.118235665268
2023-11-07 22:00:00+00:00,10539.118235665268
2023-11-08 00:00:00+00:00,10539.118235665268
2023-11-08 02:00:00+00:00,10539.118235665268
2023-11-08 04:00:00+00:00,10539.118235665268
2023-11-08 06:00:00+00:00,10539.118235665268
2023-11-08 08:00:00+00:00,10539.118235665268
2023-11-08 10:00:00+00:00,10539.118235665268
2023-11-08 12:00:00+00:00,10539.118235665268
2023-11-08 14:00:00+00:00,10539.118235665268
2023-11-08 16:00:00+00:00,10539.118235665268
2023-11-08 18:00:00+00:00,10539.118235665268
2023-11-08 20:00:00+00:00,10539.118235665268
2023-11-08 22:00:00+00:00,10539.118235665268
2023-11-09 00:00:00+00:00,10539.118235665268
2023-11-09 02:00:00+00:00,10539.118235665268
2023-11-09 04:00:00+00:00,10539.118235665268
2023-11-09 06:00:00+00:00,10539.118235665268
2023-11-09 08:00:00+00:00,10539.118235665268
2023-11-09 10:00:00+00:00,10539.118235665268
2023-11-09 12:00:00+00:00,10539.118235665268
2023-11-09 14:00:00+00:00,10539.118235665268
2023-11-09 16:00:00+00:00,10539.118235665268
2023-11-09 18:00:00+00:00,10539.118235665268
2023-11-09 20:00:00+00:00,10539.118235665268
2023-11-09 22:00:00+00:00,10539.118235665268
2023-11-10 00:00:00+00:00,10539.118235665268
2023-11-10 02:00:00+00:00,10539.118235665268
2023-11-10 04:00:00+00:00,10539.118235665268
2023-11-10 06:00:00+00:00,10539.118235665268
2023-11-10 08:00:00+00:00,10539.118235665268
2023-11-10 10:00:00+00:00,10539.118235665268
2023-11-10 12:00:00+00:00,10539.118235665268
2023-11-10 14:00:00+00:00,10539.118235665268
2023-11-10 16:00:00+00:00,10539.118235665268
2023-11-10 18:00:00+00:00,10539.118235665268
2023-11-10 20:00:00+00:00,10539.118235665268
2023-11-10 22:00:00+00:00,10539.118235665268
2023-11-11 00:00:00+00:00,10539.118235665268
2023-11-11 02:00:00+00:00,10539.118235665268
2023-11-11 04:00:00+00:00,10539.118235665268
2023-11-11 06:00:00+00:00,10539.118235665268
2023-11-11 08:00:00+00:00,10539.118235665268
2023-11-11 10:00:00+00:00,10539.118235665268
2023-11-11 12:00:00+00:00,10539.118235665268
2023-11-11 14:00:00+00:00,10539.118235665268
2023-11-11 16:00:00+00:00,10539.118235665268
2023-11-11 18:00:00+00:00,10539.118235665268
2023-11-11 20:00:00+00:00,10539.118235665268
2023-11-11 22:00:00+00:00,10539.118235665268
2023-11-12 00:00:00+00:00,10539.118235665268
2023-11-12 02:00:00+00:00,10539.118235665268
2023-11-12 04:00:00+00:00,10539.118235665268
2023-11-12 06:00:00+00:00,10539.118235665268
2023-11-12 08:00:00+00:00,10539.118235665268
2023-11-12 10:00:00+00:00,10539.118235665268
2023-11-12 12:00:00+00:00,10539.118235665268
2023-11-12 14:00:00+00:00,10539.118235665268
2023-11-12 16:00:00+00:00,10539.118235665268
2023-11-12 18:00:00+00:00,10539.118235665268
2023-11-12 20:00:00+00:00,10539.118235665268
2023-11-12 22:00:00+00:00,10539.118235665268
2023-11-13 00:00:00+00:00,10539.118235665268
2023-11-13 02:00:00+00:00,10539.118235665268
2023-11-13 04:00:00+00:00,10539.118235665268
2023-11-13 06:00:00+00:00,10539.118235665268
2023-11-13 08:00:00+00:00,10539.118235665268
2023-11-13 10:00:00+00:00,10539.118235665268
2023-11-13 12:00:00+00:00,10539.118235665268
2023-11-13 14:00:00+00:00,10539.118235665268
2023-11-13 16:00:00+00:00,10539.118235665268
2023-11-13 18:00:00+00:00,10539.118235665268
2023-11-13 20:00:00+00:00,10539.118235665268
2023-11-13 22:00:00+00:00,10539.118235665268
2023-11-14 00:00:00+00:00,10539.118235665268
2023-11-14 02:00:00+00:00,10539.118235665268
2023-11-14 04:00:00+00:00,10539.118235665268
2023-11-14 06:00:00+00:00,10539.118235665268
2023-11-14 08:00:00+00:00,10539.118235665268
2023-11-14 10:00:00+00:00,10539.118235665268
2023-11-14 12:00:00+00:00,10539.118235665268
2023-11-14 14:00:00+00:00,10539.118235665268
2023-11-14 16:00:00+00:00,10539.118235665268
2023-11-14 18:00:00+00:00,10539.118235665268
2023-11-14 20:00:00+00:00,10539.118235665268
2023-11-14 22:00:00+00:00,10539.118235665268
2023-11-15 00:00:00+00:00,10539.118235665268
2023-11-15 02:00:00+00:00,10539.118235665268
2023-11-15 04:00:00+00:00,10539.118235665268
2023-11-15 06:00:00+00:00,10539.118235665268
2023-11-15 08:00:00+00:00,10539.118235665268
2023-11-15 10:00:00+00:00,10539.118235665268
2023-11-15 12:00:00+00:00,10539.118235665268
2023-11-15 14:00:00+00:00,10539.118235665268
2023-11-15 16:00:00+00:00,10539.118235665268
2023-11-15 18:00:00+00:00,10539.118235665268
2023-11-15 20:00:00+00:00,10539.118235665268
2023-11-15 22:00:00+00:00,10539.118235665268
2023-11-16 00:00:00+00:00,10539.118235665268
2023-11-16 02:00:00+00:00,10539.118235665268
2023-11-16 04:00:00+00:00,10539.118235665268
2023-11-16 06:00:00+00:00,10539.118235665268
2023-11-16 08:00:00+00:00,10539.118235665268
2023-11-16 10:00:00+00:00,10539.118235665268
2023-11-16 12:00:00+00:00,10539.118235665268
2023-11-16 14:00:00+00:00,10539.118235665268
2023-11-16 16:00:00+00:00,10539.118235665268
2023-11-16 18:00:00+00:00,10539.118235665268
2023-11-16 20:00:00+00:00,10539.118235665268
2023-11-16 22:00:00+00:00,10539.118235665268
2023-11-17 00:00:00+00:00,10539.118235665268
2023-11-17 02:00:00+00:00,10539.118235665268
2023-11-17 04:00:00+00:00,10539.118235665268
2023-11-17 06:00:00+00:00,10539.118235665268
2023-11-17 08:00:00+00:00,10539.118235665268
2023-11-17 10:00:00+00:00,10539.118235665268
2023-11-17 12:00:00+00:00,10539.118235665268
2023-11-17 14:00:00+00:00,10539.118235665268
2023-11-17 16:00:00+00:00,10539.118235665268
2023-11-17 18:00:00+00:00,10539.118235665268
2023-11-17 20:00:00+00:00,10539.118235665268
2023-11-17 22:00:00+00:00,10539.118235665268
2023-11-18 00:00:00+00:00,10208.253334143796
2023-11-18 02:00:00+00:00,9922.637821437098
2023-11-18 04:00:00+00:00,9922.637821437098
2023-11-18 06:00:00+00:00,9922.637821437098
2023-11-18 08:00:00+00:00,9922.637821437098
2023-11-18 10:00:00+00:00,9922.637821437098
2023-11-18 12:00:00+00:00,9922.637821437098
2023-11-18 14:00:00+00:00,9922.637821437098
2023-11-18 16:00:00+00:00,9922.637821437098
2023-11-18 18:00:00+00:00,9922.637821437098
2023-11-18 20:00:00+00:00,9922.637821437098
2023-11-18 22:00:00+00:00,9922.637821437098
2023-11-19 00:00:00+00:00,9922.637821437098
2023-11-19 02:00:00+00:00,9922.637821437098
2023-11-19 04:00:00+00:00,9922.637821437098
2023-11-19 06:00:00+00:00,9922.637821437098
2023-11-19 08:00:00+00:00,9922.637821437098
2023-11-19 10:00:00+00:00,9922.637821437098
2023-11-19 12:00:00+00:00,9922.637821437098
2023-11-19 14:00:00+00:00,9922.637821437098
2023-11-19 16:00:00+00:00,9922.637821437098
2023-11-19 18:00:00+00:00,9922.637821437098
2023-11-19 20:00:00+00:00,9922.637821437098
2023-11-19 22:00:00+00:00,9922.637821437098
2023-11-20 00:00:00+00:00,9922.637821437098
2023-11-20 02:00:00+00:00,9922.637821437098
2023-11-20 04:00:00+00:00,9922.637821437098
2023-11-20 06:00:00+00:00,9922.637821437098
2023-11-20 08:00:00+00:00,9922.637821437098
2023-11-20 10:00:00+00:00,9922.637821437098
2023-11-20 12:00:00+00:00,9922.637821437098
2023-11-20 14:00:00+00:00,9922.637821437098
2023-11-20 16:00:00+00:00,9922.637821437098
2023-11-20 18:00:00+00:00,9922.637821437098
2023-11-20 20:00:00+00:00,9922.637821437098
2023-11-20 22:00:00+00:00,9922.637821437098
2023-11-21 00:00:00+00:00,9922.637821437098
2023-11-21 02:00:00+00:00,9922.637821437098
2023-11-21 04:00:00+00:00,9922.637821437098
2023-11-21 06:00:00+00:00,9922.637821437098
2023-11-21 08:00:00+00:00,9922.637821437098
2023-11-21 10:00:00+00:00,9922.637821437098
2023-11-21 12:00:00+00:00,9922.637821437098
2023-11-21 14:00:00+00:00,9922.637821437098
2023-11-21 16:00:00+00:00,9922.637821437098
2023-11-21 18:00:00+00:00,9922.637821437098
2023-11-21 20:00:00+00:00,9922.637821437098
2023-11-21 22:00:00+00:00,9922.637821437098
2023-11-22 00:00:00+00:00,9922.637821437098
2023-11-22 02:00:00+00:00,9922.637821437098
2023-11-22 04:00:00+00:00,9922.637821437098
2023-11-22 06:00:00+00:00,9922.637821437098
2023-11-22 08:00:00+00:00,9922.637821437098
2023-11-22 10:00:00+00:00,9922.637821437098
2023-11-22 12:00:00+00:00,9922.637821437098
2023-11-22 14:00:00+00:00,9922.637821437098
2023-11-22 16:00:00+00:00,9922.637821437098
2023-11-22 18:00:00+00:00,9922.637821437098
2023-11-22 20:00:00+00:00,9922.637821437098
2023-11-22 22:00:00+00:00,9922.637821437098
2023-11-23 00:00:00+00:00,9922.637821437098
2023-11-23 02:00:00+00:00,9922.637821437098
2023-11-23 04:00:00+00:00,9922.637821437098
2023-11-23 06:00:00+00:00,9922.637821437098
2023-11-23 08:00:00+00:00,9922.637821437098
2023-11-23 10:00:00+00:00,9922.637821437098
2023-11-23 12:00:00+00:00,9922.637821437098
2023-11-23 14:00:00+00:00,9922.637821437098
2023-11-23 16:00:00+00:00,9922.637821437098
2023-11-23 18:00:00+00:00,9922.637821437098
2023-11-23 20:00:00+00:00,9922.637821437098
2023-11-23 22:00:00+00:00,9922.637821437098
2023-11-24 00:00:00+00:00,9922.637821437098
2023-11-24 02:00:00+00:00,9922.637821437098
2023-11-24 04:00:00+00:00,9922.637821437098
2023-11-24 06:00:00+00:00,9922.637821437098
2023-11-24 08:00:00+00:00,9922.637821437098
2023-11-24 10:00:00+00:00,9922.637821437098
2023-11-24 12:00:00+00:00,9922.637821437098
2023-11-24 14:00:00+00:00,9922.637821437098
2023-11-24 16:00:00+00:00,9922.637821437098
2023-11-24 18:00:00+00:00,9922.637821437098
2023-11-24 20:00:00+00:00,9922.637821437098
2023-11-24 22:00:00+00:00,9922.637821437098
2023-11-25 00:00:00+00:00,9922.637821437098
2023-11-25 02:00:00+00:00,9922.637821437098
2023-11-25 04:00:00+00:00,9922.637821437098
2023-11-25 06:00:00+00:00,9922.637821437098
2023-11-25 08:00:00+00:00,9922.637821437098
2023-11-25 10:00:00+00:00,9922.637821437098
2023-11-25 12:00:00+00:00,9922.637821437098
2023-11-25 14:00:00+00:00,9922.637821437098
2023-11-25 16:00:00+00:00,9922.637821437098
2023-11-25 18:00:00+00:00,9922.637821437098
2023-11-25 20:00:00+00:00,9922.637821437098
2023-11-25 22:00:00+00:00,9922.637821437098
2023-11-26 00:00:00+00:00,9922.637821437098
2023-11-26 02:00:00+00:00,9922.637821437098
2023-11-26 04:00:00+00:00,9922.637821437098
2023-11-26 06:00:00+00:00,9922.637821437098
2023-11-26 08:00:00+00:00,9922.637821437098
2023-11-26 10:00:00+00:00,9922.637821437098
2023-11-26 12:00:00+00:00,9922.637821437098
2023-11-26 14:00:00+00:00,9922.637821437098
2023-11-26 16:00:00+00:00,9922.637821437098
2023-11-26 18:00:00+00:00,9922.637821437098
2023-11-26 20:00:00+00:00,9922.637821437098
2023-11-26 22:00:00+00:00,9922.637821437098
2023-11-27 00:00:00+00:00,9922.637821437098
2023-11-27 02:00:00+00:00,9922.637821437098
2023-11-27 04:00:00+00:00,9922.637821437098
2023-11-27 06:00:00+00:00,9922.637821437098
2023-11-27 08:00:00+00:00,9922.637821437098
2023-11-27 10:00:00+00:00,9922.637821437098
2023-11-27 12:00:00+00:00,9922.637821437098
2023-11-27 14:00:00+00:00,9922.637821437098
2023-11-27 16:00:00+00:00,9922.637821437098
2023-11-27 18:00:00+00:00,9922.637821437098
2023-11-27 20:00:00+00:00,9922.637821437098
2023-11-27 22:00:00+00:00,9922.637821437098
2023-11-28 00:00:00+00:00,9922.637821437098
2023-11-28 02:00:00+00:00,9922.637821437098
2023-11-28 04:00:00+00:00,9922.637821437098
2023-11-28 06:00:00+00:00,9922.637821437098
2023-11-28 08:00:00+00:00,9922.637821437098
2023-11-28 10:00:00+00:00,9922.637821437098
2023-11-28 12:00:00+00:00,9922.637821437098
2023-11-28 14:00:00+00:00,9922.637821437098
2023-11-28 16:00:00+00:00,9922.637821437098
2023-11-28 18:00:00+00:00,9922.637821437098
2023-11-28 20:00:00+00:00,9922.637821437098
2023-11-28 22:00:00+00:00,9922.637821437098
2023-11-29 00:00:00+00:00,9922.637821437098
2023-11-29 02:00:00+00:00,9922.637821437098
2023-11-29 04:00:00+00:00,9922.637821437098
2023-11-29 06:00:00+00:00,9922.637821437098
2023-11-29 08:00:00+00:00,9922.637821437098
2023-11-29 10:00:00+00:00,9922.637821437098
2023-11-29 12:00:00+00:00,9922.637821437098
2023-11-29 14:00:00+00:00,9922.637821437098
2023-11-29 16:00:00+00:00,9922.637821437098
2023-11-29 18:00:00+00:00,9922.637821437098
2023-11-29 20:00:00+00:00,9922.637821437098
2023-11-29 22:00:00+00:00,9922.637821437098
2023-11-30 00:00:00+00:00,9922.637821437098
2023-11-30 02:00:00+00:00,9922.637821437098
2023-11-30 04:00:00+00:00,9922.637821437098
2023-11-30 06:00:00+00:00,9922.637821437098
2023-11-30 08:00:00+00:00,9922.637821437098
2023-11-30 10:00:00+00:00,9922.637821437098
2023-11-30 12:00:00+00:00,9922.637821437098
2023-11-30 14:00:00+00:00,9922.637821437098
2023-11-30 16:00:00+00:00,9922.637821437098
2023-11-30 18:00:00+00:00,9922.637821437098
2023-11-30 20:00:00+00:00,9922.637821437098
2023-11-30 22:00:00+00:00,9922.637821437098
2023-12-01 00:00:00+00:00,9922.637821437098
2023-12-01 02:00:00+00:00,9922.637821437098
2023-12-01 04:00:00+00:00,9922.637821437098
2023-12-01 06:00:00+00:00,9922.637821437098
2023-12-01 08:00:00+00:00,9922.637821437098
2023-12-01 10:00:00+00:00,9922.637821437098
2023-12-01 12:00:00+00:00,9922.637821437098
2023-12-01 14:00:00+00:00,9922.637821437098
2023-12-01 16:00:00+00:00,9922.637821437098
2023-12-01 18:00:00+00:00,9922.637821437098
2023-12-01 20:00:00+00:00,9922.637821437098
2023-12-01 22:00:00+00:00,9922.637821437098
2023-12-02 00:00:00+00:00,9922.637821437098
2023-12-02 02:00:00+00:00,9922.637821437098
2023-12-02 04:00:00+00:00,9922.637821437098
2023-12-02 06:00:00+00:00,9922.637821437098
2023-12-02 08:00:00+00:00,9922.637821437098
2023-12-02 10:00:00+00:00,9922.637821437098
2023-12-02 12:00:00+00:00,9922.637821437098
2023-12-02 14:00:00+00:00,9922.637821437098
2023-12-02 16:00:00+00:00,9922.637821437098
2023-12-02 18:00:00+00:00,9922.637821437098
2023-12-02 20:00:00+00:00,9910.250008925941
2023-12-02 22:00:00+00:00,9839.780416796602
2023-12-03 00:00:00+00:00,9923.1541636363
2023-12-03 02:00:00+00:00,9886.06490462086
2023-12-03 04:00:00+00:00,9986.205903962551
2023-12-03 06:00:00+00:00,10023.295162977993
2023-12-03 08:00:00+00:00,10045.989721137532
2023-12-03 10:00:00+00:00,9912.468388681942
2023-12-03 12:00:00+00:00,9761.019396764337
2023-12-03 14:00:00+00:00,9761.019396764337
2023-12-03 16:00:00+00:00,9761.019396764337
2023-12-03 18:00:00+00:00,9761.019396764337
2023-12-03 20:00:00+00:00,9761.019396764337
2023-12-03 22:00:00+00:00,9761.019396764337
2023-12-04 00:00:00+00:00,9761.019396764337
2023-12-04 02:00:00+00:00,9761.019396764337
2023-12-04 04:00:00+00:00,9761.019396764337
2023-12-04 06:00:00+00:00,9761.019396764337
2023-12-04 08:00:00+00:00,9761.019396764337
2023-12-04 10:00:00+00:00,9761.019396764337
2023-12-04 12:00:00+00:00,9761.019396764337
2023-12-04 14:00:00+00:00,9761.019396764337
2023-12-04 16:00:00+00:00,9761.019396764337
2023-12-04 18:00:00+00:00,9761.019396764337
2023-12-04 20:00:00+00:00,9761.019396764337
2023-12-04 22:00:00+00:00,9761.019396764337
2023-12-05 00:00:00+00:00,9761.019396764337
2023-12-05 02:00:00+00:00,9761.019396764337
2023-12-05 04:00:00+00:00,9761.019396764337
2023-12-05 06:00:00+00:00,9761.019396764337
2023-12-05 08:00:00+00:00,9761.019396764337
2023-12-05 10:00:00+00:00,9761.019396764337
2023-12-05 12:00:00+00:00,9761.019396764337
2023-12-05 14:00:00+00:00,9761.019396764337
2023-12-05 16:00:00+00:00,9761.019396764337
2023-12-05 18:00:00+00:00,9761.019396764337
2023-12-05 20:00:00+00:00,9761.019396764337
2023-12-05 22:00:00+00:00,9761.019396764337
2023-12-06 00:00:00+00:00,9761.019396764337
2023-12-06 02:00:00+00:00,9761.019396764337
2023-12-06 04:00:00+00:00,9761.019396764337
2023-12-06 06:00:00+00:00,9761.019396764337
2023-12-06 08:00:00+00:00,9761.019396764337
2023-12-06 10:00:00+00:00,9761.019396764337
2023-12-06 12:00:00+00:00,9761.019396764337
2023-12-06 14:00:00+00:00,9761.019396764337
2023-12-06 16:00:00+00:00,9761.019396764337
2023-12-06 18:00:00+00:00,9761.019396764337
2023-12-06 20:00:00+00:00,9761.019396764337
2023-12-06 22:00:00+00:00,9761.019396764337
2023-12-07 00:00:00+00:00,9761.019396764337
2023-12-07 02:00:00+00:00,9761.019396764337
2023-12-07 04:00:00+00:00,9761.019396764337
2023-12-07 06:00:00+00:00,9761.019396764337
2023-12-07 08:00:00+00:00,9761.019396764337
2023-12-07 10:00:00+00:00,9761.019396764337
2023-12-07 12:00:00+00:00,9761.019396764337
2023-12-07 14:00:00+00:00,9761.019396764337
2023-12-07 16:00:00+00:00,9761.019396764337
2023-12-07 18:00:00+00:00,9761.019396764337
2023-12-07 20:00:00+00:00,9761.019396764337
2023-12-07 22:00:00+00:00,9761.019396764337
2023-12-08 00:00:00+00:00,9761.019396764337
2023-12-08 02:00:00+00:00,9761.019396764337
2023-12-08 04:00:00+00:00,9761.019396764337
2023-12-08 06:00:00+00:00,9761.019396764337
2023-12-08 08:00:00+00:00,9761.019396764337
2023-12-08 10:00:00+00:00,9761.019396764337
2023-12-08 12:00:00+00:00,9761.019396764337
2023-12-08 14:00:00+00:00,9761.019396764337
2023-12-08 16:00:00+00:00,9761.019396764337
2023-12-08 18:00:00+00:00,9761.019396764337
2023-12-08 20:00:00+00:00,9761.019396764337
2023-12-08 22:00:00+00:00,9761.019396764337
2023-12-09 00:00:00+00:00,9761.019396764337
2023-12-09 02:00:00+00:00,9761.019396764337
2023-12-09 04:00:00+00:00,9761.019396764337
2023-12-09 06:00:00+00:00,9761.019396764337
2023-12-09 08:00:00+00:00,9761.019396764337
2023-12-09 10:00:00+00:00,9761.019396764337
2023-12-09 12:00:00+00:00,9761.019396764337
2023-12-09 14:00:00+00:00,9761.019396764337
2023-12-09 16:00:00+00:00,9761.019396764337
2023-12-09 18:00:00+00:00,9761.019396764337
2023-12-09 20:00:00+00:00,9761.019396764337
2023-12-09 22:00:00+00:00,9761.019396764337
2023-12-10 00:00:00+00:00,9761.019396764337
2023-12-10 02:00:00+00:00,9761.019396764337
2023-12-10 04:00:00+00:00,9761.019396764337
2023-12-10 06:00:00+00:00,9761.019396764337
2023-12-10 08:00:00+00:00,9761.019396764337
2023-12-10 10:00:00+00:00,9761.019396764337
2023-12-10 12:00:00+00:00,9761.019396764337
2023-12-10 14:00:00+00:00,9761.019396764337
2023-12-10 16:00:00+00:00,9761.019396764337
2023-12-10 18:00:00+00:00,9761.019396764337
2023-12-10 20:00:00+00:00,9761.019396764337
2023-12-10 22:00:00+00:00,9761.019396764337
2023-12-11 00:00:00+00:00,9761.019396764337
2023-12-11 02:00:00+00:00,9761.019396764337
2023-12-11 04:00:00+00:00,9761.019396764337
2023-12-11 06:00:00+00:00,9761.019396764337
2023-12-11 08:00:00+00:00,9761.019396764337
2023-12-11 10:00:00+00:00,9761.019396764337
2023-12-11 12:00:00+00:00,9761.019396764337
2023-12-11 14:00:00+00:00,9761.019396764337
2023-12-11 16:00:00+00:00,9761.019396764337
2023-12-11 18:00:00+00:00,9761.019396764337
2023-12-11 20:00:00+00:00,9761.019396764337
2023-12-11 22:00:00+00:00,9761.019396764337
2023-12-12 00:00:00+00:00,9761.019396764337
2023-12-12 02:00:00+00:00,9761.019396764337
2023-12-12 04:00:00+00:00,9761.019396764337
2023-12-12 06:00:00+00:00,9761.019396764337
2023-12-12 08:00:00+00:00,9761.019396764337
2023-12-12 10:00:00+00:00,9761.019396764337
2023-12-12 12:00:00+00:00,9761.019396764337
2023-12-12 14:00:00+00:00,9761.019396764337
2023-12-12 16:00:00+00:00,9761.019396764337
2023-12-12 18:00:00+00:00,9761.019396764337
2023-12-12 20:00:00+00:00,9761.019396764337
2023-12-12 22:00:00+00:00,9761.019396764337
2023-12-13 00:00:00+00:00,9761.019396764337
2023-12-13 02:00:00+00:00,9761.019396764337
2023-12-13 04:00:00+00:00,9761.019396764337
2023-12-13 06:00:00+00:00,9761.019396764337
2023-12-13 08:00:00+00:00,9761.019396764337
2023-12-13 10:00:00+00:00,9761.019396764337
2023-12-13 12:00:00+00:00,9761.019396764337
2023-12-13 14:00:00+00:00,9761.019396764337
2023-12-13 16:00:00+00:00,9761.019396764337
2023-12-13 18:00:00+00:00,9761.019396764337
2023-12-13 20:00:00+00:00,9761.019396764337
2023-12-13 22:00:00+00:00,9761.019396764337
2023-12-14 00:00:00+00:00,9761.019396764337
2023-12-14 02:00:00+00:00,9761.019396764337
2023-12-14 04:00:00+00:00,9761.019396764337
2023-12-14 06:00:00+00:00,9761.019396764337
2023-12-14 08:00:00+00:00,9761.019396764337
2023-12-14 10:00:00+00:00,9761.019396764337
2023-12-14 12:00:00+00:00,9761.019396764337
2023-12-14 14:00:00+00:00,9761.019396764337
2023-12-14 16:00:00+00:00,9761.019396764337
2023-12-14 18:00:00+00:00,9761.019396764337
2023-12-14 20:00:00+00:00,9761.019396764337
2023-12-14 22:00:00+00:00,9761.019396764337
2023-12-15 00:00:00+00:00,9761.019396764337
2023-12-15 02:00:00+00:00,9761.019396764337
2023-12-15 04:00:00+00:00,9761.019396764337
2023-12-15 06:00:00+00:00,9761.019396764337
2023-12-15 08:00:00+00:00,9761.019396764337
2023-12-15 10:00:00+00:00,9761.019396764337
2023-12-15 12:00:00+00:00,9761.019396764337
2023-12-15 14:00:00+00:00,9761.019396764337
2023-12-15 16:00:00+00:00,9761.019396764337
2023-12-15 18:00:00+00:00,9761.019396764337
2023-12-15 20:00:00+00:00,9761.019396764337
2023-12-15 22:00:00+00:00,9761.019396764337
2023-12-16 00:00:00+00:00,9761.019396764337
2023-12-16 02:00:00+00:00,9761.019396764337
2023-12-16 04:00:00+00:00,9761.019396764337
2023-12-16 06:00:00+00:00,9761.019396764337
2023-12-16 08:00:00+00:00,9761.019396764337
2023-12-16 10:00:00+00:00,9761.019396764337
2023-12-16 12:00:00+00:00,9761.019396764337
2023-12-16 14:00:00+00:00,9761.019396764337
2023-12-16 16:00:00+00:00,9761.019396764337
2023-12-16 18:00:00+00:00,9761.019396764337
2023-12-16 20:00:00+00:00,9761.019396764337
2023-12-16 22:00:00+00:00,9761.019396764337
2023-12-17 00:00:00+00:00,9761.019396764337
2023-12-17 02:00:00+00:00,9761.019396764337
2023-12-17 04:00:00+00:00,9761.019396764337
2023-12-17 06:00:00+00:00,9761.019396764337
2023-12-17 08:00:00+00:00,9761.019396764337
2023-12-17 10:00:00+00:00,9761.019396764337
2023-12-17 12:00:00+00:00,9761.019396764337
2023-12-17 14:00:00+00:00,9761.019396764337
2023-12-17 16:00:00+00:00,9761.019396764337
2023-12-17 18:00:00+00:00,9761.019396764337
2023-12-17 20:00:00+00:00,9761.019396764337
2023-12-17 22:00:00+00:00,9761.019396764337
2023-12-18 00:00:00+00:00,9761.019396764337
2023-12-18 02:00:00+00:00,9761.019396764337
2023-12-18 04:00:00+00:00,9761.019396764337
2023-12-18 06:00:00+00:00,9761.019396764337
2023-12-18 08:00:00+00:00,9761.019396764337
2023-12-18 10:00:00+00:00,9761.019396764337
2023-12-18 12:00:00+00:00,9761.019396764337
2023-12-18 14:00:00+00:00,9761.019396764337
2023-12-18 16:00:00+00:00,9761.019396764337
2023-12-18 18:00:00+00:00,9761.019396764337
2023-12-18 20:00:00+00:00,9761.019396764337
2023-12-18 22:00:00+00:00,9761.019396764337
2023-12-19 00:00:00+00:00,9761.019396764337
2023-12-19 02:00:00+00:00,9761.019396764337
2023-12-19 04:00:00+00:00,9761.019396764337
2023-12-19 06:00:00+00:00,9761.019396764337
2023-12-19 08:00:00+00:00,9761.019396764337
2023-12-19 10:00:00+00:00,9761.019396764337
2023-12-19 12:00:00+00:00,9761.019396764337
2023-12-19 14:00:00+00:00,9761.019396764337
2023-12-19 16:00:00+00:00,9761.019396764337
2023-12-19 18:00:00+00:00,9761.019396764337
2023-12-19 20:00:00+00:00,9761.019396764337
2023-12-19 22:00:00+00:00,9761.019396764337
2023-12-20 00:00:00+00:00,9761.019396764337
2023-12-20 02:00:00+00:00,9761.019396764337
2023-12-20 04:00:00+00:00,9761.019396764337
2023-12-20 06:00:00+00:00,9761.019396764337
2023-12-20 08:00:00+00:00,9761.019396764337
2023-12-20 10:00:00+00:00,9761.019396764337
2023-12-20 12:00:00+00:00,9761.019396764337
2023-12-20 14:00:00+00:00,9761.019396764337
2023-12-20 16:00:00+00:00,9761.019396764337
2023-12-20 18:00:00+00:00,9510.116199562462
2023-12-20 20:00:00+00:00,9435.164884077529
2023-12-20 22:00:00+00:00,9435.164884077529
2023-12-21 00:00:00+00:00,9435.164884077529
2023-12-21 02:00:00+00:00,9435.164884077529
2023-12-21 04:00:00+00:00,9435.164884077529
2023-12-21 06:00:00+00:00,9435.164884077529
2023-12-21 08:00:00+00:00,9435.164884077529
2023-12-21 10:00:00+00:00,9435.164884077529
2023-12-21 12:00:00+00:00,9435.164884077529
2023-12-21 14:00:00+00:00,9435.164884077529
2023-12-21 16:00:00+00:00,9435.164884077529
2023-12-21 18:00:00+00:00,9435.164884077529
2023-12-21 20:00:00+00:00,9435.164884077529
2023-12-21 22:00:00+00:00,9435.164884077529
2023-12-22 00:00:00+00:00,9435.164884077529
2023-12-22 02:00:00+00:00,9435.164884077529
2023-12-22 04:00:00+00:00,9435.164884077529
2023-12-22 06:00:00+00:00,9435.164884077529
2023-12-22 08:00:00+00:00,9435.164884077529
2023-12-22 10:00:00+00:00,9435.164884077529
2023-12-22 12:00:00+00:00,9435.164884077529
2023-12-22 14:00:00+00:00,9435.164884077529
2023-12-22 16:00:00+00:00,9435.164884077529
2023-12-22 18:00:00+00:00,9435.164884077529
2023-12-22 20:00:00+00:00,9435.164884077529
2023-12-22 22:00:00+00:00,9435.164884077529
2023-12-23 00:00:00+00:00,9435.164884077529
2023-12-23 02:00:00+00:00,9435.164884077529
2023-12-23 04:00:00+00:00,9435.164884077529
2023-12-23 06:00:00+00:00,9435.164884077529
2023-12-23 08:00:00+00:00,9435.164884077529
2023-12-23 10:00:00+00:00,9435.164884077529
2023-12-23 12:00:00+00:00,9435.164884077529
2023-12-23 14:00:00+00:00,9435.164884077529
2023-12-23 16:00:00+00:00,9435.164884077529
2023-12-23 18:00:00+00:00,9435.164884077529
2023-12-23 20:00:00+00:00,9435.164884077529
2023-12-23 22:00:00+00:00,9435.164884077529
2023-12-24 00:00:00+00:00,9435.164884077529
2023-12-24 02:00:00+00:00,9435.164884077529
2023-12-24 04:00:00+00:00,9435.164884077529
2023-12-24 06:00:00+00:00,9435.164884077529
2023-12-24 08:00:00+00:00,9435.164884077529
2023-12-24 10:00:00+00:00,9435.164884077529
2023-12-24 12:00:00+00:00,9435.164884077529
2023-12-24 14:00:00+00:00,9435.164884077529
2023-12-24 16:00:00+00:00,9435.164884077529
2023-12-24 18:00:00+00:00,9435.164884077529
2023-12-24 20:00:00+00:00,9435.164884077529
2023-12-24 22:00:00+00:00,9435.164884077529
2023-12-25 00:00:00+00:00,9435.164884077529
2023-12-25 02:00:00+00:00,9435.164884077529
2023-12-25 04:00:00+00:00,9435.164884077529
2023-12-25 06:00:00+00:00,9435.164884077529
2023-12-25 08:00:00+00:00,9435.164884077529
2023-12-25 10:00:00+00:00,9435.164884077529
2023-12-25 12:00:00+00:00,9435.164884077529
2023-12-25 14:00:00+00:00,9435.164884077529
2023-12-25 16:00:00+00:00,9435.164884077529
2023-12-25 18:00:00+00:00,9435.164884077529
2023-12-25 20:00:00+00:00,9435.164884077529
2023-12-25 22:00:00+00:00,9435.164884077529
2023-12-26 00:00:00+00:00,9435.164884077529
2023-12-26 02:00:00+00:00,9435.164884077529
2023-12-26 04:00:00+00:00,9435.164884077529
2023-12-26 06:00:00+00:00,9435.164884077529
2023-12-26 08:00:00+00:00,9435.164884077529
2023-12-26 10:00:00+00:00,9435.164884077529
2023-12-26 12:00:00+00:00,9435.164884077529
2023-12-26 14:00:00+00:00,9435.164884077529
2023-12-26 16:00:00+00:00,9435.164884077529
2023-12-26 18:00:00+00:00,9435.164884077529
2023-12-26 20:00:00+00:00,9435.164884077529
2023-12-26 22:00:00+00:00,9435.164884077529
2023-12-27 00:00:00+00:00,9435.164884077529
2023-12-27 02:00:00+00:00,9435.164884077529
2023-12-27 04:00:00+00:00,9435.164884077529
2023-12-27 06:00:00+00:00,9435.164884077529
2023-12-27 08:00:00+00:00,9435.164884077529
2023-12-27 10:00:00+00:00,9435.164884077529
2023-12-27 12:00:00+00:00,9435.164884077529
2023-12-27 14:00:00+00:00,9435.164884077529
2023-12-27 16:00:00+00:00,9435.164884077529
2023-12-27 18:00:00+00:00,9435.164884077529
2023-12-27 20:00:00+00:00,9435.164884077529
2023-12-27 22:00:00+00:00,9435.164884077529
2023-12-28 00:00:00+00:00,9435.164884077529
2023-12-28 02:00:00+00:00,9435.164884077529
2023-12-28 04:00:00+00:00,9435.164884077529
2023-12-28 06:00:00+00:00,9435.164884077529
2023-12-28 08:00:00+00:00,9435.164884077529
2023-12-28 10:00:00+00:00,9435.164884077529
2023-12-28 12:00:00+00:00,9435.164884077529
2023-12-28 14:00:00+00:00,9435.164884077529
2023-12-28 16:00:00+00:00,9435.164884077529
2023-12-28 18:00:00+00:00,9435.164884077529
2023-12-28 20:00:00+00:00,9435.164884077529
2023-12-28 22:00:00+00:00,9435.164884077529
2023-12-29 00:00:00+00:00,9435.164884077529
2023-12-29 02:00:00+00:00,9435.164884077529
2023-12-29 04:00:00+00:00,9435.164884077529
2023-12-29 06:00:00+00:00,9435.164884077529
2023-12-29 08:00:00+00:00,9435.164884077529
2023-12-29 10:00:00+00:00,9435.164884077529
2023-12-29 12:00:00+00:00,9435.164884077529
2023-12-29 14:00:00+00:00,9435.164884077529
2023-12-29 16:00:00+00:00,9435.164884077529
2023-12-29 18:00:00+00:00,9435.164884077529
2023-12-29 20:00:00+00:00,9435.164884077529
2023-12-29 22:00:00+00:00,9435.164884077529
2023-12-30 00:00:00+00:00,9435.164884077529
2023-12-30 02:00:00+00:00,9435.164884077529
2023-12-30 04:00:00+00:00,9435.164884077529
2023-12-30 06:00:00+00:00,9435.164884077529
2023-12-30 08:00:00+00:00,9435.164884077529
2023-12-30 10:00:00+00:00,9435.164884077529
2023-12-30 12:00:00+00:00,9435.164884077529
2023-12-30 14:00:00+00:00,9435.164884077529
2023-12-30 16:00:00+00:00,9435.164884077529
2023-12-30 18:00:00+00:00,9435.164884077529
2023-12-30 20:00:00+00:00,9435.164884077529
2023-12-30 22:00:00+00:00,9435.164884077529
2023-12-31 00:00:00+00:00,9435.164884077529
2023-12-31 02:00:00+00:00,9435.164884077529
2023-12-31 04:00:00+00:00,9435.164884077529
2023-12-31 06:00:00+00:00,9435.164884077529
2023-12-31 08:00:00+00:00,9435.164884077529
2023-12-31 10:00:00+00:00,9435.164884077529
2023-12-31 12:00:00+00:00,9435.164884077529
2023-12-31 14:00:00+00:00,9435.164884077529
2023-12-31 16:00:00+00:00,9435.164884077529
2023-12-31 18:00:00+00:00,9435.164884077529
2023-12-31 20:00:00+00:00,9435.164884077529
2023-12-31 22:00:00+00:00,9435.164884077529
2024-01-01 00:00:00+00:00,9435.164884077529
2024-01-01 02:00:00+00:00,9435.164884077529
2024-01-01 04:00:00+00:00,9435.164884077529
2024-01-01 06:00:00+00:00,9435.164884077529
2024-01-01 08:00:00+00:00,9435.164884077529
2024-01-01 10:00:00+00:00,9435.164884077529
2024-01-01 12:00:00+00:00,9435.164884077529
2024-01-01 14:00:00+00:00,9435.164884077529
2024-01-01 16:00:00+00:00,9435.164884077529
2024-01-01 18:00:00+00:00,9435.164884077529
2024-01-01 20:00:00+00:00,9435.164884077529
2024-01-01 22:00:00+00:00,9435.164884077529
2024-01-02 00:00:00+00:00,9435.164884077529
2024-01-02 02:00:00+00:00,9435.164884077529
2024-01-02 04:00:00+00:00,9435.164884077529
2024-01-02 06:00:00+00:00,9435.164884077529
2024-01-02 08:00:00+00:00,9435.164884077529
2024-01-02 10:00:00+00:00,9435.164884077529
2024-01-02 12:00:00+00:00,9435.164884077529
2024-01-02 14:00:00+00:00,9435.164884077529
2024-01-02 16:00:00+00:00,9435.164884077529
2024-01-02 18:00:00+00:00,9435.164884077529
2024-01-02 20:00:00+00:00,9435.164884077529
2024-01-02 22:00:00+00:00,9435.164884077529
2024-01-03 00:00:00+00:00,9435.164884077529
2024-01-03 02:00:00+00:00,9435.164884077529
2024-01-03 04:00:00+00:00,9435.164884077529
2024-01-03 06:00:00+00:00,9435.164884077529
2024-01-03 08:00:00+00:00,9435.164884077529
2024-01-03 10:00:00+00:00,9435.164884077529
2024-01-03 12:00:00+00:00,9435.164884077529
2024-01-03 14:00:00+00:00,9435.164884077529
2024-01-03 16:00:00+00:00,9435.164884077529
2024-01-03 18:00:00+00:00,9435.164884077529
2024-01-03 20:00:00+00:00,9435.164884077529
2024-01-03 22:00:00+00:00,9435.164884077529
2024-01-04 00:00:00+00:00,9435.164884077529
2024-01-04 02:00:00+00:00,9435.164884077529
2024-01-04 04:00:00+00:00,9435.164884077529
2024-01-04 06:00:00+00:00,9435.164884077529
2024-01-04 08:00:00+00:00,9435.164884077529
2024-01-04 10:00:00+00:00,9435.164884077529
2024-01-04 12:00:00+00:00,9435.164884077529
2024-01-04 14:00:00+00:00,9435.164884077529
2024-01-04 16:00:00+00:00,9435.164884077529
2024-01-04 18:00:00+00:00,9435.164884077529
2024-01-04 20:00:00+00:00,9435.164884077529
2024-01-04 22:00:00+00:00,9435.164884077529
2024-01-05 00:00:00+00:00,9435.164884077529
2024-01-05 02:00:00+00:00,9435.164884077529
2024-01-05 04:00:00+00:00,9435.164884077529
2024-01-05 06:00:00+00:00,9435.164884077529
2024-01-05 08:00:00+00:00,9435.164884077529
2024-01-05 10:00:00+00:00,9435.164884077529
2024-01-05 12:00:00+00:00,9435.164884077529
2024-01-05 14:00:00+00:00,9435.164884077529
2024-01-05 16:00:00+00:00,9435.164884077529
2024-01-05 18:00:00+00:00,9435.164884077529
2024-01-05 20:00:00+00:00,9435.164884077529
2024-01-05 22:00:00+00:00,9435.164884077529
2024-01-06 00:00:00+00:00,9435.164884077529
2024-01-06 02:00:00+00:00,9435.164884077529
2024-01-06 04:00:00+00:00,9435.164884077529
2024-01-06 06:00:00+00:00,9435.164884077529
2024-01-06 08:00:00+00:00,9435.164884077529
2024-01-06 10:00:00+00:00,9435.164884077529
2024-01-06 12:00:00+00:00,9435.164884077529
2024-01-06 14:00:00+00:00,9435.164884077529
2024-01-06 16:00:00+00:00,9435.164884077529
2024-01-06 18:00:00+00:00,9435.164884077529
2024-01-06 20:00:00+00:00,9435.164884077529
2024-01-06 22:00:00+00:00,9435.164884077529
2024-01-07 00:00:00+00:00,9435.164884077529
2024-01-07 02:00:00+00:00,9435.164884077529
2024-01-07 04:00:00+00:00,9435.164884077529
2024-01-07 06:00:00+00:00,9435.164884077529
2024-01-07 08:00:00+00:00,9435.164884077529
2024-01-07 10:00:00+00:00,9435.164884077529
2024-01-07 12:00:00+00:00,9435.164884077529
2024-01-07 14:00:00+00:00,9435.164884077529
2024-01-07 16:00:00+00:00,9435.164884077529
2024-01-07 18:00:00+00:00,9435.164884077529
2024-01-07 20:00:00+00:00,9435.164884077529
2024-01-07 22:00:00+00:00,9435.164884077529
2024-01-08 00:00:00+00:00,9435.164884077529
2024-01-08 02:00:00+00:00,9435.164884077529
2024-01-08 04:00:00+00:00,9435.164884077529
2024-01-08 06:00:00+00:00,9435.164884077529
2024-01-08 08:00:00+00:00,9435.164884077529
2024-01-08 10:00:00+00:00,9435.164884077529
2024-01-08 12:00:00+00:00,9435.164884077529
2024-01-08 14:00:00+00:00,9435.164884077529
2024-01-08 16:00:00+00:00,9435.164884077529
2024-01-08 18:00:00+00:00,9435.164884077529
2024-01-08 20:00:00+00:00,9435.164884077529
2024-01-08 22:00:00+00:00,9435.164884077529
2024-01-09 00:00:00+00:00,9435.164884077529
2024-01-09 02:00:00+00:00,9435.164884077529
2024-01-09 04:00:00+00:00,9435.164884077529
2024-01-09 06:00:00+00:00,9435.164884077529
2024-01-09 08:00:00+00:00,9435.164884077529
2024-01-09 10:00:00+00:00,9435.164884077529
2024-01-09 12:00:00+00:00,9435.164884077529
2024-01-09 14:00:00+00:00,9435.164884077529
2024-01-09 16:00:00+00:00,9435.164884077529
2024-01-09 18:00:00+00:00,9435.164884077529
2024-01-09 20:00:00+00:00,9435.164884077529
2024-01-09 22:00:00+00:00,9435.164884077529
2024-01-10 00:00:00+00:00,9435.164884077529
2024-01-10 02:00:00+00:00,9435.164884077529
2024-01-10 04:00:00+00:00,9435.164884077529
2024-01-10 06:00:00+00:00,9435.164884077529
2024-01-10 08:00:00+00:00,9435.164884077529
2024-01-10 10:00:00+00:00,9435.164884077529
2024-01-10 12:00:00+00:00,9435.164884077529
2024-01-10 14:00:00+00:00,9435.164884077529
2024-01-10 16:00:00+00:00,9435.164884077529
2024-01-10 18:00:00+00:00,9435.164884077529
2024-01-10 20:00:00+00:00,9435.164884077529
2024-01-10 22:00:00+00:00,9435.164884077529
2024-01-11 00:00:00+00:00,9361.26594934797
2024-01-11 02:00:00+00:00,9526.464760218816
2024-01-11 04:00:00+00:00,9316.524604737115
2024-01-11 06:00:00+00:00,9350.941023668542
2024-01-11 08:00:00+00:00,9442.930604845214
2024-01-11 10:00:00+00:00,9783.653152266335
2024-01-11 12:00:00+00:00,9701.053746830912
2024-01-11 14:00:00+00:00,9570.271354891493
2024-01-11 16:00:00+00:00,9672.5631469111
2024-01-11 18:00:00+00:00,9676.00478880424
2024-01-11 20:00:00+00:00,9510.805977933396
2024-01-11 22:00:00+00:00,9624.380160407101
2024-01-12 00:00:00+00:00,9578.676532722926
2024-01-12 02:00:00+00:00,9551.143397577784
2024-01-12 04:00:00+00:00,9657.834296265206
2024-01-12 06:00:00+00:00,9533.935188112071
2024-01-12 08:00:00+00:00,9526.098225357195
2024-01-12 10:00:00+00:00,9639.672407830903
2024-01-12 12:00:00+00:00,9687.8553943349
2024-01-12 14:00:00+00:00,9298.94986040978
2024-01-12 16:00:00+00:00,9165.790017725296
2024-01-12 18:00:00+00:00,9165.790017725296
2024-01-12 20:00:00+00:00,9165.790017725296
2024-01-12 22:00:00+00:00,9165.790017725296
2024-01-13 00:00:00+00:00,9165.790017725296
2024-01-13 02:00:00+00:00,9165.790017725296
2024-01-13 04:00:00+00:00,9165.790017725296
2024-01-13 06:00:00+00:00,9165.790017725296
2024-01-13 08:00:00+00:00,9165.790017725296
2024-01-13 10:00:00+00:00,9165.790017725296
2024-01-13 12:00:00+00:00,9165.790017725296
2024-01-13 14:00:00+00:00,9165.790017725296
2024-01-13 16:00:00+00:00,9165.790017725296
2024-01-13 18:00:00+00:00,9165.790017725296
2024-01-13 20:00:00+00:00,9165.790017725296
2024-01-13 22:00:00+00:00,9165.790017725296
2024-01-14 00:00:00+00:00,9165.790017725296
2024-01-14 02:00:00+00:00,9165.790017725296
2024-01-14 04:00:00+00:00,9165.790017725296
2024-01-14 06:00:00+00:00,9165.790017725296
2024-01-14 08:00:00+00:00,9165.790017725296
2024-01-14 10:00:00+00:00,9165.790017725296
2024-01-14 12:00:00+00:00,9165.790017725296
2024-01-14 14:00:00+00:00,9165.790017725296
2024-01-14 16:00:00+00:00,9165.790017725296
2024-01-14 18:00:00+00:00,9165.790017725296
2024-01-14 20:00:00+00:00,9165.790017725296
2024-01-14 22:00:00+00:00,9165.790017725296
2024-01-15 00:00:00+00:00,9165.790017725296
2024-01-15 02:00:00+00:00,9165.790017725296
2024-01-15 04:00:00+00:00,9165.790017725296
2024-01-15 06:00:00+00:00,9165.790017725296
2024-01-15 08:00:00+00:00,9165.790017725296
2024-01-15 10:00:00+00:00,9165.790017725296
2024-01-15 12:00:00+00:00,9165.790017725296
2024-01-15 14:00:00+00:00,9165.790017725296
2024-01-15 16:00:00+00:00,9165.790017725296
2024-01-15 18:00:00+00:00,9165.790017725296
2024-01-15 20:00:00+00:00,9165.790017725296
2024-01-15 22:00:00+00:00,9165.790017725296
2024-01-16 00:00:00+00:00,9165.790017725296
2024-01-16 02:00:00+00:00,9165.790017725296
2024-01-16 04:00:00+00:00,9165.790017725296
2024-01-16 06:00:00+00:00,9165.790017725296
2024-01-16 08:00:00+00:00,9165.790017725296
2024-01-16 10:00:00+00:00,9165.790017725296
2024-01-16 12:00:00+00:00,9165.790017725296
2024-01-16 14:00:00+00:00,9165.790017725296
2024-01-16 16:00:00+00:00,9165.790017725296
2024-01-16 18:00:00+00:00,9165.790017725296
2024-01-16 20:00:00+00:00,9165.790017725296
2024-01-16 22:00:00+00:00,9165.790017725296
2024-01-17 00:00:00+00:00,9165.790017725296
2024-01-17 02:00:00+00:00,9165.790017725296
2024-01-17 04:00:00+00:00,9165.790017725296
2024-01-17 06:00:00+00:00,9165.790017725296
2024-01-17 08:00:00+00:00,9165.790017725296
2024-01-17 10:00:00+00:00,9165.790017725296
2024-01-17 12:00:00+00:00,9165.790017725296
2024-01-17 14:00:00+00:00,9165.790017725296
2024-01-17 16:00:00+00:00,9165.790017725296
2024-01-17 18:00:00+00:00,9165.790017725296
2024-01-17 20:00:00+00:00,9165.790017725296
2024-01-17 22:00:00+00:00,9165.790017725296
2024-01-18 00:00:00+00:00,9165.790017725296
2024-01-18 02:00:00+00:00,9165.790017725296
2024-01-18 04:00:00+00:00,9165.790017725296
2024-01-18 06:00:00+00:00,9165.790017725296
2024-01-18 08:00:00+00:00,9165.790017725296
2024-01-18 10:00:00+00:00,9165.790017725296
2024-01-18 12:00:00+00:00,9165.790017725296
2024-01-18 14:00:00+00:00,9165.790017725296
2024-01-18 16:00:00+00:00,9165.790017725296
2024-01-18 18:00:00+00:00,9165.790017725296
2024-01-18 20:00:00+00:00,9165.790017725296
2024-01-18 22:00:00+00:00,9165.790017725296
2024-01-19 00:00:00+00:00,9165.790017725296
2024-01-19 02:00:00+00:00,9165.790017725296
2024-01-19 04:00:00+00:00,9165.790017725296
2024-01-19 06:00:00+00:00,9165.790017725296
2024-01-19 08:00:00+00:00,9165.790017725296
2024-01-19 10:00:00+00:00,9165.790017725296
2024-01-19 12:00:00+00:00,9165.790017725296
2024-01-19 14:00:00+00:00,9165.790017725296
2024-01-19 16:00:00+00:00,9165.790017725296
2024-01-19 18:00:00+00:00,9165.790017725296
2024-01-19 20:00:00+00:00,9165.790017725296
2024-01-19 22:00:00+00:00,9165.790017725296
2024-01-20 00:00:00+00:00,9165.790017725296
2024-01-20 02:00:00+00:00,9165.790017725296
2024-01-20 04:00:00+00:00,9165.790017725296
2024-01-20 06:00:00+00:00,9165.790017725296
2024-01-20 08:00:00+00:00,9165.790017725296
2024-01-20 10:00:00+00:00,9165.790017725296
2024-01-20 12:00:00+00:00,9165.790017725296
2024-01-20 14:00:00+00:00,9165.790017725296
2024-01-20 16:00:00+00:00,9165.790017725296
2024-01-20 18:00:00+00:00,9165.790017725296
2024-01-20 20:00:00+00:00,9165.790017725296
2024-01-20 22:00:00+00:00,9165.790017725296
2024-01-21 00:00:00+00:00,9165.790017725296
2024-01-21 02:00:00+00:00,9165.790017725296
2024-01-21 04:00:00+00:00,9165.790017725296
2024-01-21 06:00:00+00:00,9165.790017725296
2024-01-21 08:00:00+00:00,9165.790017725296
2024-01-21 10:00:00+00:00,9165.790017725296
2024-01-21 12:00:00+00:00,9165.790017725296
2024-01-21 14:00:00+00:00,9165.790017725296
2024-01-21 16:00:00+00:00,9165.790017725296
2024-01-21 18:00:00+00:00,9165.790017725296
2024-01-21 20:00:00+00:00,9165.790017725296
2024-01-21 22:00:00+00:00,9165.790017725296
2024-01-22 00:00:00+00:00,9165.790017725296
2024-01-22 02:00:00+00:00,9165.790017725296
2024-01-22 04:00:00+00:00,9165.790017725296
2024-01-22 06:00:00+00:00,9165.790017725296
2024-01-22 08:00:00+00:00,9165.790017725296
2024-01-22 10:00:00+00:00,9165.790017725296
2024-01-22 12:00:00+00:00,9165.790017725296
2024-01-22 14:00:00+00:00,9165.790017725296
2024-01-22 16:00:00+00:00,9165.790017725296
2024-01-22 18:00:00+00:00,9165.790017725296
2024-01-22 20:00:00+00:00,9165.790017725296
2024-01-22 22:00:00+00:00,9165.790017725296
2024-01-23 00:00:00+00:00,9165.790017725296
2024-01-23 02:00:00+00:00,9165.790017725296
2024-01-23 04:00:00+00:00,9165.790017725296
2024-01-23 06:00:00+00:00,9165.790017725296
2024-01-23 08:00:00+00:00,9165.790017725296
2024-01-23 10:00:00+00:00,9165.790017725296
2024-01-23 12:00:00+00:00,9165.790017725296
2024-01-23 14:00:00+00:00,9165.790017725296
2024-01-23 16:00:00+00:00,9165.790017725296
2024-01-23 18:00:00+00:00,9165.790017725296
2024-01-23 20:00:00+00:00,9165.790017725296
2024-01-23 22:00:00+00:00,9165.790017725296
2024-01-24 00:00:00+00:00,9165.790017725296
2024-01-24 02:00:00+00:00,9165.790017725296
2024-01-24 04:00:00+00:00,9165.790017725296
2024-01-24 06:00:00+00:00,9165.790017725296
2024-01-24 08:00:00+00:00,9165.790017725296
2024-01-24 10:00:00+00:00,9165.790017725296
2024-01-24 12:00:00+00:00,9165.790017725296
2024-01-24 14:00:00+00:00,9165.790017725296
2024-01-24 16:00:00+00:00,9165.790017725296
2024-01-24 18:00:00+00:00,9165.790017725296
2024-01-24 20:00:00+00:00,9165.790017725296
2024-01-24 22:00:00+00:00,9165.790017725296
2024-01-25 00:00:00+00:00,9165.790017725296
2024-01-25 02:00:00+00:00,9165.790017725296
2024-01-25 04:00:00+00:00,9165.790017725296
2024-01-25 06:00:00+00:00,9165.790017725296
2024-01-25 08:00:00+00:00,9165.790017725296
2024-01-25 10:00:00+00:00,9165.790017725296
2024-01-25 12:00:00+00:00,9165.790017725296
2024-01-25 14:00:00+00:00,9165.790017725296
2024-01-25 16:00:00+00:00,9165.790017725296
2024-01-25 18:00:00+00:00,9165.790017725296
2024-01-25 20:00:00+00:00,9165.790017725296
2024-01-25 22:00:00+00:00,9165.790017725296
2024-01-26 00:00:00+00:00,9165.790017725296
2024-01-26 02:00:00+00:00,9165.790017725296
2024-01-26 04:00:00+00:00,9165.790017725296
2024-01-26 06:00:00+00:00,9165.790017725296
2024-01-26 08:00:00+00:00,9165.790017725296
2024-01-26 10:00:00+00:00,9165.790017725296
2024-01-26 12:00:00+00:00,9165.790017725296
2024-01-26 14:00:00+00:00,9165.790017725296
2024-01-26 16:00:00+00:00,9165.790017725296
2024-01-26 18:00:00+00:00,9195.117561436567
2024-01-26 20:00:00+00:00,9143.526483189406
2024-01-26 22:00:00+00:00,9135.589394228302
2024-01-27 00:00:00+00:00,9166.423794278839
2024-01-27 02:00:00+00:00,9198.172150123248
2024-01-27 04:00:00+00:00,9019.587648498455
2024-01-27 06:00:00+00:00,8991.807837134596
2024-01-27 08:00:00+00:00,8893.545012341114
2024-01-27 10:00:00+00:00,8893.545012341114
2024-01-27 12:00:00+00:00,8893.545012341114
2024-01-27 14:00:00+00:00,8893.545012341114
2024-01-27 16:00:00+00:00,8893.545012341114
2024-01-27 18:00:00+00:00,8893.545012341114
2024-01-27 20:00:00+00:00,8893.545012341114
2024-01-27 22:00:00+00:00,8893.545012341114
2024-01-28 00:00:00+00:00,8893.545012341114
2024-01-28 02:00:00+00:00,8893.545012341114
2024-01-28 04:00:00+00:00,8893.545012341114
2024-01-28 06:00:00+00:00,8893.545012341114
2024-01-28 08:00:00+00:00,8893.545012341114
2024-01-28 10:00:00+00:00,8893.545012341114
2024-01-28 12:00:00+00:00,8893.545012341114
2024-01-28 14:00:00+00:00,8893.545012341114
2024-01-28 16:00:00+00:00,8893.545012341114
2024-01-28 18:00:00+00:00,8893.545012341114
2024-01-28 20:00:00+00:00,8893.545012341114
2024-01-28 22:00:00+00:00,8893.545012341114
2024-01-29 00:00:00+00:00,8893.545012341114
2024-01-29 02:00:00+00:00,8893.545012341114
2024-01-29 04:00:00+00:00,8893.545012341114
2024-01-29 06:00:00+00:00,8893.545012341114
2024-01-29 08:00:00+00:00,8893.545012341114
2024-01-29 10:00:00+00:00,8893.545012341114
2024-01-29 12:00:00+00:00,8893.545012341114
2024-01-29 14:00:00+00:00,8893.545012341114
2024-01-29 16:00:00+00:00,8893.545012341114
2024-01-29 18:00:00+00:00,8893.545012341114
2024-01-29 20:00:00+00:00,8893.545012341114
2024-01-29 22:00:00+00:00,8893.545012341114
2024-01-30 00:00:00+00:00,8893.545012341114
2024-01-30 02:00:00+00:00,8893.545012341114
2024-01-30 04:00:00+00:00,8893.545012341114
2024-01-30 06:00:00+00:00,8893.545012341114
2024-01-30 08:00:00+00:00,8893.545012341114
2024-01-30 10:00:00+00:00,8893.545012341114
2024-01-30 12:00:00+00:00,8893.545012341114
2024-01-30 14:00:00+00:00,8893.545012341114
2024-01-30 16:00:00+00:00,8893.545012341114
2024-01-30 18:00:00+00:00,8893.545012341114
2024-01-30 20:00:00+00:00,8893.545012341114
2024-01-30 22:00:00+00:00,8893.545012341114
2024-01-31 00:00:00+00:00,8893.545012341114
2024-01-31 02:00:00+00:00,8893.545012341114
2024-01-31 04:00:00+00:00,8893.545012341114
2024-01-31 06:00:00+00:00,8893.545012341114
2024-01-31 08:00:00+00:00,8893.545012341114
2024-01-31 10:00:00+00:00,8893.545012341114
2024-01-31 12:00:00+00:00,8893.545012341114
2024-01-31 14:00:00+00:00,8893.545012341114
2024-01-31 16:00:00+00:00,8893.545012341114
2024-01-31 18:00:00+00:00,8893.545012341114
2024-01-31 20:00:00+00:00,8893.545012341114
2024-01-31 22:00:00+00:00,8893.545012341114
2024-02-01 00:00:00+00:00,8893.545012341114
2024-02-01 02:00:00+00:00,8893.545012341114
2024-02-01 04:00:00+00:00,8893.545012341114
2024-02-01 06:00:00+00:00,8893.545012341114
2024-02-01 08:00:00+00:00,8893.545012341114
2024-02-01 10:00:00+00:00,8893.545012341114
2024-02-01 12:00:00+00:00,8893.545012341114
2024-02-01 14:00:00+00:00,8893.545012341114
2024-02-01 16:00:00+00:00,8893.545012341114
2024-02-01 18:00:00+00:00,8893.545012341114
2024-02-01 20:00:00+00:00,8893.545012341114
2024-02-01 22:00:00+00:00,8893.545012341114
2024-02-02 00:00:00+00:00,8893.545012341114
2024-02-02 02:00:00+00:00,8893.545012341114
2024-02-02 04:00:00+00:00,8893.545012341114
2024-02-02 06:00:00+00:00,8893.545012341114
2024-02-02 08:00:00+00:00,8893.545012341114
2024-02-02 10:00:00+00:00,8893.545012341114
2024-02-02 12:00:00+00:00,8893.545012341114
2024-02-02 14:00:00+00:00,8893.545012341114
2024-02-02 16:00:00+00:00,8893.545012341114
2024-02-02 18:00:00+00:00,8893.545012341114
2024-02-02 20:00:00+00:00,8893.545012341114
2024-02-02 22:00:00+00:00,8893.545012341114
2024-02-03 00:00:00+00:00,8893.545012341114
2024-02-03 02:00:00+00:00,8893.545012341114
2024-02-03 04:00:00+00:00,8893.545012341114
2024-02-03 06:00:00+00:00,8893.545012341114
2024-02-03 08:00:00+00:00,8893.545012341114
2024-02-03 10:00:00+00:00,8893.545012341114
2024-02-03 12:00:00+00:00,8893.545012341114
2024-02-03 14:00:00+00:00,8893.545012341114
2024-02-03 16:00:00+00:00,8893.545012341114
2024-02-03 18:00:00+00:00,8893.545012341114
2024-02-03 20:00:00+00:00,8893.545012341114
2024-02-03 22:00:00+00:00,8893.545012341114
2024-02-04 00:00:00+00:00,8893.545012341114
2024-02-04 02:00:00+00:00,8893.545012341114
2024-02-04 04:00:00+00:00,8893.545012341114
2024-02-04 06:00:00+00:00,8893.545012341114
2024-02-04 08:00:00+00:00,8893.545012341114
2024-02-04 10:00:00+00:00,8893.545012341114
2024-02-04 12:00:00+00:00,8893.545012341114
2024-02-04 14:00:00+00:00,8893.545012341114
2024-02-04 16:00:00+00:00,8893.545012341114
2024-02-04 18:00:00+00:00,8893.545012341114
2024-02-04 20:00:00+00:00,8893.545012341114
2024-02-04 22:00:00+00:00,8893.545012341114
2024-02-05 00:00:00+00:00,8893.545012341114
2024-02-05 02:00:00+00:00,8893.545012341114
2024-02-05 04:00:00+00:00,8893.545012341114
2024-02-05 06:00:00+00:00,8893.545012341114
2024-02-05 08:00:00+00:00,8893.545012341114
2024-02-05 10:00:00+00:00,8893.545012341114
2024-02-05 12:00:00+00:00,8893.545012341114
2024-02-05 14:00:00+00:00,8893.545012341114
2024-02-05 16:00:00+00:00,8893.545012341114
2024-02-05 18:00:00+00:00,8893.545012341114
2024-02-05 20:00:00+00:00,8893.545012341114
2024-02-05 22:00:00+00:00,8893.545012341114
2024-02-06 00:00:00+00:00,8893.545012341114
2024-02-06 02:00:00+00:00,8893.545012341114
2024-02-06 04:00:00+00:00,8893.545012341114
2024-02-06 06:00:00+00:00,8893.545012341114
2024-02-06 08:00:00+00:00,8893.545012341114
2024-02-06 10:00:00+00:00,8893.545012341114
2024-02-06 12:00:00+00:00,8893.545012341114
2024-02-06 14:00:00+00:00,8893.545012341114
2024-02-06 16:00:00+00:00,8893.545012341114
2024-02-06 18:00:00+00:00,8893.545012341114
2024-02-06 20:00:00+00:00,8893.545012341114
2024-02-06 22:00:00+00:00,8893.545012341114
2024-02-07 00:00:00+00:00,8893.545012341114
2024-02-07 02:00:00+00:00,8893.545012341114
2024-02-07 04:00:00+00:00,8893.545012341114
2024-02-07 06:00:00+00:00,8893.545012341114
2024-02-07 08:00:00+00:00,8893.545012341114
2024-02-07 10:00:00+00:00,8893.545012341114
2024-02-07 12:00:00+00:00,8893.545012341114
2024-02-07 14:00:00+00:00,8893.545012341114
2024-02-07 16:00:00+00:00,8893.545012341114
2024-02-07 18:00:00+00:00,8947.372404727957
2024-02-07 20:00:00+00:00,9090.530363203605
2024-02-07 22:00:00+00:00,9110.41341299189
2024-02-08 00:00:00+00:00,9125.408811481218
2024-02-08 02:00:00+00:00,9073.712882031678
2024-02-08 04:00:00+00:00,9014.063732666824
2024-02-08 06:00:00+00:00,8986.227462963227
2024-02-08 08:00:00+00:00,9009.188011197743
2024-02-08 10:00:00+00:00,8993.281571367115
2024-02-08 12:00:00+00:00,9064.860550604939
2024-02-08 14:00:00+00:00,9140.416139800418
2024-02-08 16:00:00+00:00,9052.016895763698
2024-02-08 18:00:00+00:00,9016.227406144786
2024-02-08 20:00:00+00:00,9000.320966314159
2024-02-08 22:00:00+00:00,8972.484696610562
2024-02-09 00:00:00+00:00,9082.931856896514
2024-02-09 02:00:00+00:00,9130.651176388397
2024-02-09 04:00:00+00:00,9210.183375541534
2024-02-09 06:00:00+00:00,9273.809134864045
2024-02-09 08:00:00+00:00,9304.694271422179
2024-02-09 10:00:00+00:00,9348.436980956405
2024-02-09 12:00:00+00:00,9447.852229897826
2024-02-09 14:00:00+00:00,9455.805449813139
2024-02-09 16:00:00+00:00,9474.742464092498
2024-02-09 18:00:00+00:00,9590.064152864546
2024-02-09 20:00:00+00:00,9586.08754290689
2024-02-09 22:00:00+00:00,9586.08754290689
2024-02-10 00:00:00+00:00,9569.221944754474
2024-02-10 02:00:00+00:00,9656.707363822925
2024-02-10 04:00:00+00:00,9577.175164669789
2024-02-10 06:00:00+00:00,9561.268724839161
2024-02-10 08:00:00+00:00,9524.522462864437
2024-02-10 10:00:00+00:00,9377.811066991495
2024-02-10 12:00:00+00:00,9377.811066991495
2024-02-10 14:00:00+00:00,9377.811066991495
2024-02-10 16:00:00+00:00,9377.811066991495
2024-02-10 18:00:00+00:00,9377.811066991495
2024-02-10 20:00:00+00:00,9377.811066991495
2024-02-10 22:00:00+00:00,9377.811066991495
2024-02-11 00:00:00+00:00,9377.811066991495
2024-02-11 02:00:00+00:00,9377.811066991495
2024-02-11 04:00:00+00:00,9377.811066991495
2024-02-11 06:00:00+00:00,9377.811066991495
2024-02-11 08:00:00+00:00,9377.811066991495
2024-02-11 10:00:00+00:00,9377.811066991495
2024-02-11 12:00:00+00:00,9377.811066991495
2024-02-11 14:00:00+00:00,9377.811066991495
2024-02-11 16:00:00+00:00,9377.811066991495
2024-02-11 18:00:00+00:00,9377.811066991495
2024-02-11 20:00:00+00:00,9377.811066991495
2024-02-11 22:00:00+00:00,9377.811066991495
2024-02-12 00:00:00+00:00,9377.811066991495
2024-02-12 02:00:00+00:00,9377.811066991495
2024-02-12 04:00:00+00:00,9377.811066991495
2024-02-12 06:00:00+00:00,9377.811066991495
2024-02-12 08:00:00+00:00,9377.811066991495
2024-02-12 10:00:00+00:00,9377.811066991495
2024-02-12 12:00:00+00:00,9377.811066991495
2024-02-12 14:00:00+00:00,9377.811066991495
2024-02-12 16:00:00+00:00,9377.811066991495
2024-02-12 18:00:00+00:00,9377.811066991495
2024-02-12 20:00:00+00:00,9377.811066991495
2024-02-12 22:00:00+00:00,9377.811066991495
2024-02-13 00:00:00+00:00,9377.811066991495
2024-02-13 02:00:00+00:00,9377.811066991495
2024-02-13 04:00:00+00:00,9377.811066991495
2024-02-13 06:00:00+00:00,9377.811066991495
2024-02-13 08:00:00+00:00,9377.811066991495
2024-02-13 10:00:00+00:00,9377.811066991495
2024-02-13 12:00:00+00:00,9377.811066991495
2024-02-13 14:00:00+00:00,9377.811066991495
2024-02-13 16:00:00+00:00,9377.811066991495
2024-02-13 18:00:00+00:00,9377.811066991495
2024-02-13 20:00:00+00:00,9377.811066991495
2024-02-13 22:00:00+00:00,9377.811066991495
2024-02-14 00:00:00+00:00,9377.811066991495
2024-02-14 02:00:00+00:00,9377.811066991495
2024-02-14 04:00:00+00:00,9377.811066991495
2024-02-14 06:00:00+00:00,9377.811066991495
2024-02-14 08:00:00+00:00,9377.811066991495
2024-02-14 10:00:00+00:00,9377.811066991495
2024-02-14 12:00:00+00:00,9377.811066991495
2024-02-14 14:00:00+00:00,9377.811066991495
2024-02-14 16:00:00+00:00,9377.811066991495
2024-02-14 18:00:00+00:00,9377.811066991495
2024-02-14 20:00:00+00:00,9377.811066991495
2024-02-14 22:00:00+00:00,9377.811066991495
2024-02-15 00:00:00+00:00,9377.811066991495
2024-02-15 02:00:00+00:00,9377.811066991495
2024-02-15 04:00:00+00:00,9377.811066991495
2024-02-15 06:00:00+00:00,9377.811066991495
2024-02-15 08:00:00+00:00,9377.811066991495
2024-02-15 10:00:00+00:00,9377.811066991495
2024-02-15 12:00:00+00:00,9377.811066991495
2024-02-15 14:00:00+00:00,9377.811066991495
2024-02-15 16:00:00+00:00,9377.811066991495
2024-02-15 18:00:00+00:00,9377.811066991495
2024-02-15 20:00:00+00:00,9377.811066991495
2024-02-15 22:00:00+00:00,9377.811066991495
2024-02-16 00:00:00+00:00,9377.811066991495
2024-02-16 02:00:00+00:00,9377.811066991495
2024-02-16 04:00:00+00:00,9377.811066991495
2024-02-16 06:00:00+00:00,9377.811066991495
2024-02-16 08:00:00+00:00,9377.811066991495
2024-02-16 10:00:00+00:00,9377.811066991495
2024-02-16 12:00:00+00:00,9377.811066991495
2024-02-16 14:00:00+00:00,9377.811066991495
2024-02-16 16:00:00+00:00,9377.811066991495
2024-02-16 18:00:00+00:00,9377.811066991495
2024-02-16 20:00:00+00:00,9377.811066991495
2024-02-16 22:00:00+00:00,9377.811066991495
2024-02-17 00:00:00+00:00,9377.811066991495
2024-02-17 02:00:00+00:00,9377.811066991495
2024-02-17 04:00:00+00:00,9377.811066991495
2024-02-17 06:00:00+00:00,9377.811066991495
2024-02-17 08:00:00+00:00,9377.811066991495
2024-02-17 10:00:00+00:00,9377.811066991495
2024-02-17 12:00:00+00:00,9377.811066991495
2024-02-17 14:00:00+00:00,9377.811066991495
2024-02-17 16:00:00+00:00,9377.811066991495
2024-02-17 18:00:00+00:00,9377.811066991495
2024-02-17 20:00:00+00:00,9377.811066991495
2024-02-17 22:00:00+00:00,9377.811066991495
2024-02-18 00:00:00+00:00,9377.811066991495
2024-02-18 02:00:00+00:00,9377.811066991495
2024-02-18 04:00:00+00:00,9377.811066991495
2024-02-18 06:00:00+00:00,9377.811066991495
2024-02-18 08:00:00+00:00,9377.811066991495
2024-02-18 10:00:00+00:00,9377.811066991495
2024-02-18 12:00:00+00:00,9377.811066991495
2024-02-18 14:00:00+00:00,9377.811066991495
2024-02-18 16:00:00+00:00,9377.811066991495
2024-02-18 18:00:00+00:00,9377.811066991495
2024-02-18 20:00:00+00:00,9377.811066991495
2024-02-18 22:00:00+00:00,9377.811066991495
2024-02-19 00:00:00+00:00,9377.811066991495
2024-02-19 02:00:00+00:00,9377.811066991495
2024-02-19 04:00:00+00:00,9377.811066991495
2024-02-19 06:00:00+00:00,9377.811066991495
2024-02-19 08:00:00+00:00,9377.811066991495
2024-02-19 10:00:00+00:00,9377.811066991495
2024-02-19 12:00:00+00:00,9377.811066991495
2024-02-19 14:00:00+00:00,9377.811066991495
2024-02-19 16:00:00+00:00,9377.811066991495
2024-02-19 18:00:00+00:00,9377.811066991495
2024-02-19 20:00:00+00:00,9377.811066991495
2024-02-19 22:00:00+00:00,9377.811066991495
2024-02-20 00:00:00+00:00,9377.811066991495
2024-02-20 02:00:00+00:00,9377.811066991495
2024-02-20 04:00:00+00:00,9377.811066991495
2024-02-20 06:00:00+00:00,9377.811066991495
2024-02-20 08:00:00+00:00,9377.811066991495
2024-02-20 10:00:00+00:00,9377.811066991495
2024-02-20 12:00:00+00:00,9377.811066991495
2024-02-20 14:00:00+00:00,9377.811066991495
2024-02-20 16:00:00+00:00,9377.811066991495
2024-02-20 18:00:00+00:00,9377.811066991495
2024-02-20 20:00:00+00:00,9377.811066991495
2024-02-20 22:00:00+00:00,9377.811066991495
2024-02-21 00:00:00+00:00,9377.811066991495
2024-02-21 02:00:00+00:00,9377.811066991495
2024-02-21 04:00:00+00:00,9377.811066991495
2024-02-21 06:00:00+00:00,9377.811066991495
2024-02-21 08:00:00+00:00,9377.811066991495
2024-02-21 10:00:00+00:00,9377.811066991495
2024-02-21 12:00:00+00:00,9377.811066991495
2024-02-21 14:00:00+00:00,9377.811066991495
2024-02-21 16:00:00+00:00,9377.811066991495
2024-02-21 18:00:00+00:00,9377.811066991495
2024-02-21 20:00:00+00:00,9377.811066991495
2024-02-21 22:00:00+00:00,9377.811066991495
2024-02-22 00:00:00+00:00,9377.811066991495
2024-02-22 02:00:00+00:00,9377.811066991495
2024-02-22 04:00:00+00:00,9377.811066991495
2024-02-22 06:00:00+00:00,9377.811066991495
2024-02-22 08:00:00+00:00,9377.811066991495
2024-02-22 10:00:00+00:00,9377.811066991495
2024-02-22 12:00:00+00:00,9377.811066991495
2024-02-22 14:00:00+00:00,9377.811066991495
2024-02-22 16:00:00+00:00,9377.811066991495
2024-02-22 18:00:00+00:00,9377.811066991495
2024-02-22 20:00:00+00:00,9377.811066991495
2024-02-22 22:00:00+00:00,9377.811066991495
2024-02-23 00:00:00+00:00,9377.811066991495
2024-02-23 02:00:00+00:00,9377.811066991495
2024-02-23 04:00:00+00:00,9377.811066991495
2024-02-23 06:00:00+00:00,9377.811066991495
2024-02-23 08:00:00+00:00,9377.811066991495
2024-02-23 10:00:00+00:00,9377.811066991495
2024-02-23 12:00:00+00:00,9377.811066991495
2024-02-23 14:00:00+00:00,9377.811066991495
2024-02-23 16:00:00+00:00,9377.811066991495
2024-02-23 18:00:00+00:00,9377.811066991495
2024-02-23 20:00:00+00:00,9377.811066991495
2024-02-23 22:00:00+00:00,9377.811066991495
2024-02-24 00:00:00+00:00,9377.811066991495
2024-02-24 02:00:00+00:00,9377.811066991495
2024-02-24 04:00:00+00:00,9377.811066991495
2024-02-24 06:00:00+00:00,9377.811066991495
2024-02-24 08:00:00+00:00,9377.811066991495
2024-02-24 10:00:00+00:00,9377.811066991495
2024-02-24 12:00:00+00:00,9377.811066991495
2024-02-24 14:00:00+00:00,9377.811066991495
2024-02-24 16:00:00+00:00,9377.811066991495
2024-02-24 18:00:00+00:00,9377.811066991495
2024-02-24 20:00:00+00:00,9377.811066991495
2024-02-24 22:00:00+00:00,9377.811066991495
2024-02-25 00:00:00+00:00,9377.811066991495
2024-02-25 02:00:00+00:00,9377.811066991495
2024-02-25 04:00:00+00:00,9377.811066991495
2024-02-25 06:00:00+00:00,9377.811066991495
2024-02-25 08:00:00+00:00,9377.811066991495
2024-02-25 10:00:00+00:00,9377.811066991495
2024-02-25 12:00:00+00:00,9377.811066991495
2024-02-25 14:00:00+00:00,9377.811066991495
2024-02-25 16:00:00+00:00,9377.811066991495
2024-02-25 18:00:00+00:00,9377.811066991495
2024-02-25 20:00:00+00:00,9377.811066991495
2024-02-25 22:00:00+00:00,9377.811066991495
2024-02-26 00:00:00+00:00,9377.811066991495
2024-02-26 02:00:00+00:00,9377.811066991495
2024-02-26 04:00:00+00:00,9377.811066991495
2024-02-26 06:00:00+00:00,9377.811066991495
2024-02-26 08:00:00+00:00,9377.811066991495
2024-02-26 10:00:00+00:00,9377.811066991495
2024-02-26 12:00:00+00:00,9377.811066991495
2024-02-26 14:00:00+00:00,9377.811066991495
2024-02-26 16:00:00+00:00,9377.811066991495
2024-02-26 18:00:00+00:00,9377.811066991495
2024-02-26 20:00:00+00:00,9377.811066991495
2024-02-26 22:00:00+00:00,9377.811066991495
2024-02-27 00:00:00+00:00,9377.811066991495
2024-02-27 02:00:00+00:00,9377.811066991495
2024-02-27 04:00:00+00:00,9377.811066991495
2024-02-27 06:00:00+00:00,9377.811066991495
2024-02-27 08:00:00+00:00,9377.811066991495
2024-02-27 10:00:00+00:00,9377.811066991495
2024-02-27 12:00:00+00:00,9377.811066991495
2024-02-27 14:00:00+00:00,9377.811066991495
2024-02-27 16:00:00+00:00,9377.811066991495
2024-02-27 18:00:00+00:00,9377.811066991495
2024-02-27 20:00:00+00:00,9377.811066991495
2024-02-27 22:00:00+00:00,9377.811066991495
2024-02-28 00:00:00+00:00,9377.811066991495
2024-02-28 02:00:00+00:00,9377.811066991495
2024-02-28 04:00:00+00:00,9377.811066991495
2024-02-28 06:00:00+00:00,9377.811066991495
2024-02-28 08:00:00+00:00,9377.811066991495
2024-02-28 10:00:00+00:00,9377.811066991495
2024-02-28 12:00:00+00:00,9377.811066991495
2024-02-28 14:00:00+00:00,9377.811066991495
2024-02-28 16:00:00+00:00,9377.811066991495
2024-02-28 18:00:00+00:00,9377.811066991495
2024-02-28 20:00:00+00:00,9377.811066991495
2024-02-28 22:00:00+00:00,9377.811066991495
2024-02-29 00:00:00+00:00,9377.811066991495
2024-02-29 02:00:00+00:00,9377.811066991495
2024-02-29 04:00:00+00:00,9377.811066991495
2024-02-29 06:00:00+00:00,9377.811066991495
2024-02-29 08:00:00+00:00,9377.811066991495
2024-02-29 10:00:00+00:00,9377.811066991495
2024-02-29 12:00:00+00:00,9377.811066991495
2024-02-29 14:00:00+00:00,9377.811066991495
2024-02-29 16:00:00+00:00,9377.811066991495
2024-02-29 18:00:00+00:00,9377.811066991495
2024-02-29 20:00:00+00:00,9377.811066991495
2024-02-29 22:00:00+00:00,9377.811066991495
2024-03-01 00:00:00+00:00,9377.811066991495
2024-03-01 02:00:00+00:00,9377.811066991495
2024-03-01 04:00:00+00:00,9377.811066991495
2024-03-01 06:00:00+00:00,9377.811066991495
2024-03-01 08:00:00+00:00,9377.811066991495
2024-03-01 10:00:00+00:00,9377.811066991495
2024-03-01 12:00:00+00:00,9377.811066991495
2024-03-01 14:00:00+00:00,9377.811066991495
2024-03-01 16:00:00+00:00,9377.811066991495
2024-03-01 18:00:00+00:00,9377.811066991495
2024-03-01 20:00:00+00:00,9377.811066991495
2024-03-01 22:00:00+00:00,9377.811066991495
2024-03-02 00:00:00+00:00,9377.811066991495
2024-03-02 02:00:00+00:00,9377.811066991495
2024-03-02 04:00:00+00:00,9377.811066991495
2024-03-02 06:00:00+00:00,9377.811066991495
2024-03-02 08:00:00+00:00,9377.811066991495
2024-03-02 10:00:00+00:00,9377.811066991495
2024-03-02 12:00:00+00:00,9377.811066991495
2024-03-02 14:00:00+00:00,9377.811066991495
2024-03-02 16:00:00+00:00,9377.811066991495
2024-03-02 18:00:00+00:00,9377.811066991495
2024-03-02 20:00:00+00:00,9377.811066991495
2024-03-02 22:00:00+00:00,9377.811066991495
2024-03-03 00:00:00+00:00,9377.811066991495
2024-03-03 02:00:00+00:00,9377.811066991495
2024-03-03 04:00:00+00:00,9377.811066991495
2024-03-03 06:00:00+00:00,9377.811066991495
2024-03-03 08:00:00+00:00,9377.811066991495
2024-03-03 10:00:00+00:00,9377.811066991495
2024-03-03 12:00:00+00:00,9377.811066991495
2024-03-03 14:00:00+00:00,9377.811066991495
2024-03-03 16:00:00+00:00,9377.811066991495
2024-03-03 18:00:00+00:00,9377.811066991495
2024-03-03 20:00:00+00:00,9377.811066991495
2024-03-03 22:00:00+00:00,9377.811066991495
2024-03-04 00:00:00+00:00,9377.811066991495
2024-03-04 02:00:00+00:00,9377.811066991495
2024-03-04 04:00:00+00:00,9377.811066991495
2024-03-04 06:00:00+00:00,9377.811066991495
2024-03-04 08:00:00+00:00,9377.811066991495
2024-03-04 10:00:00+00:00,9377.811066991495
2024-03-04 12:00:00+00:00,9377.811066991495
2024-03-04 14:00:00+00:00,9377.811066991495
2024-03-04 16:00:00+00:00,9377.811066991495
2024-03-04 18:00:00+00:00,9377.811066991495
2024-03-04 20:00:00+00:00,9377.811066991495
2024-03-04 22:00:00+00:00,9377.811066991495
2024-03-05 00:00:00+00:00,9377.811066991495
2024-03-05 02:00:00+00:00,9377.811066991495
2024-03-05 04:00:00+00:00,9377.811066991495
2024-03-05 06:00:00+00:00,9377.811066991495
2024-03-05 08:00:00+00:00,9377.811066991495
2024-03-05 10:00:00+00:00,9377.811066991495
2024-03-05 12:00:00+00:00,9377.811066991495
2024-03-05 14:00:00+00:00,9377.811066991495
2024-03-05 16:00:00+00:00,9377.811066991495
2024-03-05 18:00:00+00:00,9377.811066991495
2024-03-05 20:00:00+00:00,9377.811066991495
2024-03-05 22:00:00+00:00,9377.811066991495
2024-03-06 00:00:00+00:00,9377.811066991495
2024-03-06 02:00:00+00:00,9377.811066991495
2024-03-06 04:00:00+00:00,9377.811066991495
2024-03-06 06:00:00+00:00,9377.811066991495
2024-03-06 08:00:00+00:00,9377.811066991495
2024-03-06 10:00:00+00:00,9377.811066991495
2024-03-06 12:00:00+00:00,9377.811066991495
2024-03-06 14:00:00+00:00,9377.811066991495
2024-03-06 16:00:00+00:00,9377.811066991495
2024-03-06 18:00:00+00:00,9377.811066991495
2024-03-06 20:00:00+00:00,9377.811066991495
2024-03-06 22:00:00+00:00,9377.811066991495
2024-03-07 00:00:00+00:00,9377.811066991495
2024-03-07 02:00:00+00:00,9377.811066991495
2024-03-07 04:00:00+00:00,9377.811066991495
2024-03-07 06:00:00+00:00,9377.811066991495
2024-03-07 08:00:00+00:00,9377.811066991495
2024-03-07 10:00:00+00:00,9377.811066991495
2024-03-07 12:00:00+00:00,9377.811066991495
2024-03-07 14:00:00+00:00,9377.811066991495
2024-03-07 16:00:00+00:00,9377.811066991495
2024-03-07 18:00:00+00:00,9377.811066991495
2024-03-07 20:00:00+00:00,9377.811066991495
2024-03-07 22:00:00+00:00,9377.811066991495
2024-03-08 00:00:00+00:00,9377.811066991495
2024-03-08 02:00:00+00:00,9377.811066991495
2024-03-08 04:00:00+00:00,9377.811066991495
2024-03-08 06:00:00+00:00,9377.811066991495
2024-03-08 08:00:00+00:00,9377.811066991495
2024-03-08 10:00:00+00:00,9377.811066991495
2024-03-08 12:00:00+00:00,9377.811066991495
2024-03-08 14:00:00+00:00,9377.811066991495
2024-03-08 16:00:00+00:00,9377.811066991495
2024-03-08 18:00:00+00:00,9377.811066991495
2024-03-08 20:00:00+00:00,9377.811066991495
2024-03-08 22:00:00+00:00,9377.811066991495
2024-03-09 00:00:00+00:00,9377.811066991495
2024-03-09 02:00:00+00:00,9377.811066991495
2024-03-09 04:00:00+00:00,9261.903891963071
2024-03-09 06:00:00+00:00,9385.974942089837
2024-03-09 08:00:00+00:00,10011.404317093336
2024-03-09 10:00:00+00:00,10797.187634562852
2024-03-09 12:00:00+00:00,11305.878940082594
2024-03-09 14:00:00+00:00,11843.520157298579
2024-03-09 16:00:00+00:00,11473.056279649818
2024-03-09 18:00:00+00:00,11667.434258181751
2024-03-09 20:00:00+00:00,11793.573159143963
2024-03-09 22:00:00+00:00,11636.41649565006
2024-03-10 00:00:00+00:00,11488.898135335054
2024-03-10 02:00:00+00:00,12572.45197310881
2024-03-10 04:00:00+00:00,12752.35499579262
2024-03-10 06:00:00+00:00,13823.501728553698
2024-03-10 08:00:00+00:00,14245.228805351146
2024-03-10 10:00:00+00:00,14857.312652643192
2024-03-10 12:00:00+00:00,14787.005724238026
2024-03-10 14:00:00+00:00,16768.006824595384
2024-03-10 16:00:00+00:00,16185.431011658971
2024-03-10 18:00:00+00:00,16212.313072519772
2024-03-10 20:00:00+00:00,16599.001178748193
2024-03-10 22:00:00+00:00,17058.064064217226
2024-03-11 00:00:00+00:00,15150.29983787556
2024-03-11 02:00:00+00:00,15150.29983787556
2024-03-11 04:00:00+00:00,15150.29983787556
2024-03-11 06:00:00+00:00,15150.29983787556
2024-03-11 08:00:00+00:00,15150.29983787556
2024-03-11 10:00:00+00:00,15150.29983787556
2024-03-11 12:00:00+00:00,15150.29983787556
2024-03-11 14:00:00+00:00,15150.29983787556
2024-03-11 16:00:00+00:00,15150.29983787556
2024-03-11 18:00:00+00:00,15150.29983787556
2024-03-11 20:00:00+00:00,15150.29983787556
2024-03-11 22:00:00+00:00,15150.29983787556
2024-03-12 00:00:00+00:00,15150.29983787556
2024-03-12 02:00:00+00:00,15150.29983787556
2024-03-12 04:00:00+00:00,15150.29983787556
2024-03-12 06:00:00+00:00,15150.29983787556
2024-03-12 08:00:00+00:00,15150.29983787556
2024-03-12 10:00:00+00:00,15150.29983787556
2024-03-12 12:00:00+00:00,15150.29983787556
2024-03-12 14:00:00+00:00,15150.29983787556
2024-03-12 16:00:00+00:00,15150.29983787556
2024-03-12 18:00:00+00:00,15150.29983787556
2024-03-12 20:00:00+00:00,15150.29983787556
2024-03-12 22:00:00+00:00,15150.29983787556
2024-03-13 00:00:00+00:00,15150.29983787556
2024-03-13 02:00:00+00:00,15150.29983787556
2024-03-13 04:00:00+00:00,15150.29983787556
2024-03-13 06:00:00+00:00,15150.29983787556
2024-03-13 08:00:00+00:00,15150.29983787556
2024-03-13 10:00:00+00:00,15150.29983787556
2024-03-13 12:00:00+00:00,15150.29983787556
2024-03-13 14:00:00+00:00,15150.29983787556
2024-03-13 16:00:00+00:00,15150.29983787556
2024-03-13 18:00:00+00:00,15150.29983787556
2024-03-13 20:00:00+00:00,15150.29983787556
2024-03-13 22:00:00+00:00,15150.29983787556
2024-03-14 00:00:00+00:00,15150.29983787556
2024-03-14 02:00:00+00:00,15150.29983787556
2024-03-14 04:00:00+00:00,15150.29983787556
2024-03-14 06:00:00+00:00,15150.29983787556
2024-03-14 08:00:00+00:00,15150.29983787556
2024-03-14 10:00:00+00:00,15150.29983787556
2024-03-14 12:00:00+00:00,15150.29983787556
2024-03-14 14:00:00+00:00,15150.29983787556
2024-03-14 16:00:00+00:00,15150.29983787556
2024-03-14 18:00:00+00:00,15150.29983787556
2024-03-14 20:00:00+00:00,15150.29983787556
2024-03-14 22:00:00+00:00,15150.29983787556
2024-03-15 00:00:00+00:00,15150.29983787556
2024-03-15 02:00:00+00:00,15150.29983787556
2024-03-15 04:00:00+00:00,15150.29983787556
2024-03-15 06:00:00+00:00,15150.29983787556
2024-03-15 08:00:00+00:00,15150.29983787556
2024-03-15 10:00:00+00:00,15150.29983787556
2024-03-15 12:00:00+00:00,15150.29983787556
2024-03-15 14:00:00+00:00,15150.29983787556
2024-03-15 16:00:00+00:00,15150.29983787556
2024-03-15 18:00:00+00:00,15150.29983787556
2024-03-15 20:00:00+00:00,15150.29983787556
2024-03-15 22:00:00+00:00,15150.29983787556
2024-03-16 00:00:00+00:00,15150.29983787556
2024-03-16 02:00:00+00:00,15150.29983787556
2024-03-16 04:00:00+00:00,15150.29983787556
2024-03-16 06:00:00+00:00,15150.29983787556
2024-03-16 08:00:00+00:00,15150.29983787556
2024-03-16 10:00:00+00:00,15150.29983787556
2024-03-16 12:00:00+00:00,15150.29983787556
2024-03-16 14:00:00+00:00,15150.29983787556
2024-03-16 16:00:00+00:00,15150.29983787556
2024-03-16 18:00:00+00:00,15150.29983787556
2024-03-16 20:00:00+00:00,15150.29983787556
2024-03-16 22:00:00+00:00,15150.29983787556
2024-03-17 00:00:00+00:00,15150.29983787556
2024-03-17 02:00:00+00:00,15150.29983787556
2024-03-17 04:00:00+00:00,15150.29983787556
2024-03-17 06:00:00+00:00,15150.29983787556
2024-03-17 08:00:00+00:00,15150.29983787556
2024-03-17 10:00:00+00:00,15150.29983787556
2024-03-17 12:00:00+00:00,15150.29983787556
2024-03-17 14:00:00+00:00,15150.29983787556
2024-03-17 16:00:00+00:00,15150.29983787556
2024-03-17 18:00:00+00:00,15150.29983787556
2024-03-17 20:00:00+00:00,15150.29983787556
2024-03-17 22:00:00+00:00,15150.29983787556
2024-03-18 00:00:00+00:00,15150.29983787556
2024-03-18 02:00:00+00:00,15150.29983787556
2024-03-18 04:00:00+00:00,15150.29983787556
2024-03-18 06:00:00+00:00,15150.29983787556
2024-03-18 08:00:00+00:00,15150.29983787556
2024-03-18 10:00:00+00:00,15150.29983787556
2024-03-18 12:00:00+00:00,15150.29983787556
2024-03-18 14:00:00+00:00,15150.29983787556
2024-03-18 16:00:00+00:00,15150.29983787556
2024-03-18 18:00:00+00:00,15150.29983787556
2024-03-18 20:00:00+00:00,15150.29983787556
2024-03-18 22:00:00+00:00,15150.29983787556
2024-03-19 00:00:00+00:00,15150.29983787556
2024-03-19 02:00:00+00:00,15150.29983787556
2024-03-19 04:00:00+00:00,15150.29983787556
2024-03-19 06:00:00+00:00,15150.29983787556
2024-03-19 08:00:00+00:00,15150.29983787556
2024-03-19 10:00:00+00:00,15150.29983787556
2024-03-19 12:00:00+00:00,15150.29983787556
2024-03-19 14:00:00+00:00,15150.29983787556
2024-03-19 16:00:00+00:00,15150.29983787556
2024-03-19 18:00:00+00:00,15150.29983787556
2024-03-19 20:00:00+00:00,15150.29983787556
2024-03-19 22:00:00+00:00,15150.29983787556
2024-03-20 00:00:00+00:00,15150.29983787556
2024-03-20 02:00:00+00:00,15150.29983787556
2024-03-20 04:00:00+00:00,15150.29983787556
2024-03-20 06:00:00+00:00,15150.29983787556
2024-03-20 08:00:00+00:00,15150.29983787556
2024-03-20 10:00:00+00:00,15150.29983787556
2024-03-20 12:00:00+00:00,15150.29983787556
2024-03-20 14:00:00+00:00,15150.29983787556
2024-03-20 16:00:00+00:00,15150.29983787556
2024-03-20 18:00:00+00:00,15150.29983787556
2024-03-20 20:00:00+00:00,15150.29983787556
2024-03-20 22:00:00+00:00,15150.29983787556
2024-03-21 00:00:00+00:00,15150.29983787556
2024-03-21 02:00:00+00:00,15150.29983787556
2024-03-21 04:00:00+00:00,15150.29983787556
2024-03-21 06:00:00+00:00,15150.29983787556
2024-03-21 08:00:00+00:00,15150.29983787556
2024-03-21 10:00:00+00:00,15150.29983787556
2024-03-21 12:00:00+00:00,15150.29983787556
2024-03-21 14:00:00+00:00,15150.29983787556
2024-03-21 16:00:00+00:00,15150.29983787556
2024-03-21 18:00:00+00:00,15150.29983787556
2024-03-21 20:00:00+00:00,15150.29983787556
2024-03-21 22:00:00+00:00,15150.29983787556
2024-03-22 00:00:00+00:00,15150.29983787556
2024-03-22 02:00:00+00:00,15150.29983787556
2024-03-22 04:00:00+00:00,15150.29983787556
2024-03-22 06:00:00+00:00,15150.29983787556
2024-03-22 08:00:00+00:00,15150.29983787556
2024-03-22 10:00:00+00:00,15150.29983787556
2024-03-22 12:00:00+00:00,15150.29983787556
2024-03-22 14:00:00+00:00,15150.29983787556
2024-03-22 16:00:00+00:00,15150.29983787556
2024-03-22 18:00:00+00:00,15150.29983787556
2024-03-22 20:00:00+00:00,15150.29983787556
2024-03-22 22:00:00+00:00,15150.29983787556
2024-03-23 00:00:00+00:00,15150.29983787556
2024-03-23 02:00:00+00:00,15150.29983787556
2024-03-23 04:00:00+00:00,15150.29983787556
2024-03-23 06:00:00+00:00,15150.29983787556
2024-03-23 08:00:00+00:00,14441.74968970822
2024-03-23 10:00:00+00:00,14314.958957410385
2024-03-23 12:00:00+00:00,14314.958957410385
2024-03-23 14:00:00+00:00,14314.958957410385
2024-03-23 16:00:00+00:00,14314.958957410385
2024-03-23 18:00:00+00:00,14314.958957410385
2024-03-23 20:00:00+00:00,14314.958957410385
2024-03-23 22:00:00+00:00,14314.958957410385
2024-03-24 00:00:00+00:00,14314.958957410385
2024-03-24 02:00:00+00:00,14314.958957410385
2024-03-24 04:00:00+00:00,14314.958957410385
2024-03-24 06:00:00+00:00,14314.958957410385
2024-03-24 08:00:00+00:00,14314.958957410385
2024-03-24 10:00:00+00:00,14314.958957410385
2024-03-24 12:00:00+00:00,14314.958957410385
2024-03-24 14:00:00+00:00,14314.958957410385
2024-03-24 16:00:00+00:00,14314.958957410385
2024-03-24 18:00:00+00:00,14314.958957410385
2024-03-24 20:00:00+00:00,14314.958957410385
2024-03-24 22:00:00+00:00,14314.958957410385
2024-03-25 00:00:00+00:00,14314.958957410385
2024-03-25 02:00:00+00:00,14314.958957410385
2024-03-25 04:00:00+00:00,14314.958957410385
2024-03-25 06:00:00+00:00,14314.958957410385
2024-03-25 08:00:00+00:00,14314.958957410385
2024-03-25 10:00:00+00:00,14314.958957410385
2024-03-25 12:00:00+00:00,14314.958957410385
2024-03-25 14:00:00+00:00,14314.958957410385
2024-03-25 16:00:00+00:00,14314.958957410385
2024-03-25 18:00:00+00:00,14314.958957410385
2024-03-25 20:00:00+00:00,14314.958957410385
2024-03-25 22:00:00+00:00,14314.958957410385
2024-03-26 00:00:00+00:00,14314.958957410385
2024-03-26 02:00:00+00:00,14314.958957410385
2024-03-26 04:00:00+00:00,14314.958957410385
2024-03-26 06:00:00+00:00,14314.958957410385
2024-03-26 08:00:00+00:00,14314.958957410385
2024-03-26 10:00:00+00:00,14314.958957410385
2024-03-26 12:00:00+00:00,14314.958957410385
2024-03-26 14:00:00+00:00,14314.958957410385
2024-03-26 16:00:00+00:00,14314.958957410385
2024-03-26 18:00:00+00:00,14314.958957410385
2024-03-26 20:00:00+00:00,14314.958957410385
2024-03-26 22:00:00+00:00,14314.958957410385
2024-03-27 00:00:00+00:00,14314.958957410385
2024-03-27 02:00:00+00:00,14314.958957410385
2024-03-27 04:00:00+00:00,14314.958957410385
2024-03-27 06:00:00+00:00,14314.958957410385
2024-03-27 08:00:00+00:00,14314.958957410385
2024-03-27 10:00:00+00:00,14314.958957410385
2024-03-27 12:00:00+00:00,14314.958957410385
2024-03-27 14:00:00+00:00,14314.958957410385
2024-03-27 16:00:00+00:00,14314.958957410385
2024-03-27 18:00:00+00:00,14314.958957410385
2024-03-27 20:00:00+00:00,14314.958957410385
2024-03-27 22:00:00+00:00,14314.958957410385
2024-03-28 00:00:00+00:00,14314.958957410385
2024-03-28 02:00:00+00:00,14314.958957410385
2024-03-28 04:00:00+00:00,14314.958957410385
2024-03-28 06:00:00+00:00,14314.958957410385
2024-03-28 08:00:00+00:00,14314.958957410385
2024-03-28 10:00:00+00:00,14314.958957410385
2024-03-28 12:00:00+00:00,14314.958957410385
2024-03-28 14:00:00+00:00,14314.958957410385
2024-03-28 16:00:00+00:00,14314.958957410385
2024-03-28 18:00:00+00:00,14314.958957410385
2024-03-28 20:00:00+00:00,14314.958957410385
2024-03-28 22:00:00+00:00,14314.958957410385
2024-03-29 00:00:00+00:00,14314.958957410385
2024-03-29 02:00:00+00:00,14314.958957410385
2024-03-29 04:00:00+00:00,14314.958957410385
2024-03-29 06:00:00+00:00,14314.958957410385
2024-03-29 08:00:00+00:00,14314.958957410385
2024-03-29 10:00:00+00:00,14314.958957410385
2024-03-29 12:00:00+00:00,14314.958957410385
2024-03-29 14:00:00+00:00,14314.958957410385
2024-03-29 16:00:00+00:00,14314.958957410385
2024-03-29 18:00:00+00:00,14314.958957410385
2024-03-29 20:00:00+00:00,14314.958957410385
2024-03-29 22:00:00+00:00,14314.958957410385
2024-03-30 00:00:00+00:00,14314.958957410385
2024-03-30 02:00:00+00:00,14314.958957410385
2024-03-30 04:00:00+00:00,14314.958957410385
2024-03-30 06:00:00+00:00,14314.958957410385
2024-03-30 08:00:00+00:00,14314.958957410385
2024-03-30 10:00:00+00:00,14314.958957410385
2024-03-30 12:00:00+00:00,14314.958957410385
2024-03-30 14:00:00+00:00,14314.958957410385
2024-03-30 16:00:00+00:00,14314.958957410385
2024-03-30 18:00:00+00:00,14314.958957410385
2024-03-30 20:00:00+00:00,14314.958957410385
2024-03-30 22:00:00+00:00,14314.958957410385
2024-03-31 00:00:00+00:00,14314.958957410385
2024-03-31 02:00:00+00:00,14314.958957410385
2024-03-31 04:00:00+00:00,14314.958957410385
2024-03-31 06:00:00+00:00,14314.958957410385
2024-03-31 08:00:00+00:00,14314.958957410385
2024-03-31 10:00:00+00:00,14314.958957410385
2024-03-31 12:00:00+00:00,14314.958957410385
2024-03-31 14:00:00+00:00,14314.958957410385
2024-03-31 16:00:00+00:00,14314.958957410385
2024-03-31 18:00:00+00:00,14314.958957410385
2024-03-31 20:00:00+00:00,14314.958957410385
2024-03-31 22:00:00+00:00,14314.958957410385
2024-04-01 00:00:00+00:00,14314.958957410385
2024-04-01 02:00:00+00:00,14314.958957410385
2024-04-01 04:00:00+00:00,14314.958957410385
2024-04-01 06:00:00+00:00,14314.958957410385
2024-04-01 08:00:00+00:00,14314.958957410385
2024-04-01 10:00:00+00:00,14314.958957410385
2024-04-01 12:00:00+00:00,14314.958957410385
2024-04-01 14:00:00+00:00,14314.958957410385
2024-04-01 16:00:00+00:00,14314.958957410385
2024-04-01 18:00:00+00:00,14314.958957410385
2024-04-01 20:00:00+00:00,14314.958957410385
2024-04-01 22:00:00+00:00,14314.958957410385
2024-04-02 00:00:00+00:00,14314.958957410385
2024-04-02 02:00:00+00:00,14314.958957410385
2024-04-02 04:00:00+00:00,14314.958957410385
2024-04-02 06:00:00+00:00,14314.958957410385
2024-04-02 08:00:00+00:00,14314.958957410385
2024-04-02 10:00:00+00:00,14314.958957410385
2024-04-02 12:00:00+00:00,14314.958957410385
2024-04-02 14:00:00+00:00,14314.958957410385
2024-04-02 16:00:00+00:00,14314.958957410385
2024-04-02 18:00:00+00:00,14314.958957410385
2024-04-02 20:00:00+00:00,14314.958957410385
2024-04-02 22:00:00+00:00,14314.958957410385
2024-04-03 00:00:00+00:00,14314.958957410385
2024-04-03 02:00:00+00:00,14314.958957410385
2024-04-03 04:00:00+00:00,14314.958957410385
2024-04-03 06:00:00+00:00,14314.958957410385
2024-04-03 08:00:00+00:00,14314.958957410385
2024-04-03 10:00:00+00:00,14314.958957410385
2024-04-03 12:00:00+00:00,14314.958957410385
2024-04-03 14:00:00+00:00,14314.958957410385
2024-04-03 16:00:00+00:00,14314.958957410385
2024-04-03 18:00:00+00:00,14314.958957410385
2024-04-03 20:00:00+00:00,14314.958957410385
2024-04-03 22:00:00+00:00,14314.958957410385
2024-04-04 00:00:00+00:00,14314.958957410385
2024-04-04 02:00:00+00:00,14314.958957410385
2024-04-04 04:00:00+00:00,14314.958957410385
2024-04-04 06:00:00+00:00,14314.958957410385
2024-04-04 08:00:00+00:00,14314.958957410385
2024-04-04 10:00:00+00:00,14314.958957410385
2024-04-04 12:00:00+00:00,14314.958957410385
2024-04-04 14:00:00+00:00,14314.958957410385
2024-04-04 16:00:00+00:00,14314.958957410385
2024-04-04 18:00:00+00:00,14314.958957410385
2024-04-04 20:00:00+00:00,14314.958957410385
2024-04-04 22:00:00+00:00,14314.958957410385
2024-04-05 00:00:00+00:00,14314.958957410385
2024-04-05 02:00:00+00:00,14314.958957410385
2024-04-05 04:00:00+00:00,14314.958957410385
2024-04-05 06:00:00+00:00,14314.958957410385
2024-04-05 08:00:00+00:00,14314.958957410385
2024-04-05 10:00:00+00:00,14314.958957410385
2024-04-05 12:00:00+00:00,14314.958957410385
2024-04-05 14:00:00+00:00,14314.958957410385
2024-04-05 16:00:00+00:00,14314.958957410385
2024-04-05 18:00:00+00:00,14314.958957410385
2024-04-05 20:00:00+00:00,14314.958957410385
2024-04-05 22:00:00+00:00,14314.958957410385
2024-04-06 00:00:00+00:00,14314.958957410385
2024-04-06 02:00:00+00:00,14314.958957410385
2024-04-06 04:00:00+00:00,14314.958957410385
2024-04-06 06:00:00+00:00,14314.958957410385
2024-04-06 08:00:00+00:00,14314.958957410385
2024-04-06 10:00:00+00:00,14314.958957410385
2024-04-06 12:00:00+00:00,14314.958957410385
2024-04-06 14:00:00+00:00,14314.958957410385
2024-04-06 16:00:00+00:00,14314.958957410385
2024-04-06 18:00:00+00:00,14314.958957410385
2024-04-06 20:00:00+00:00,14314.958957410385
2024-04-06 22:00:00+00:00,14314.958957410385
2024-04-07 00:00:00+00:00,14314.958957410385
2024-04-07 02:00:00+00:00,14314.958957410385
2024-04-07 04:00:00+00:00,14314.958957410385
2024-04-07 06:00:00+00:00,14314.958957410385
2024-04-07 08:00:00+00:00,14314.958957410385
2024-04-07 10:00:00+00:00,14314.958957410385
2024-04-07 12:00:00+00:00,14346.190731942745
2024-04-07 14:00:00+00:00,14422.096503011226
2024-04-07 16:00:00+00:00,14472.969064364366
2024-04-07 18:00:00+00:00,14169.345980090446
2024-04-07 20:00:00+00:00,14006.033563549172
2024-04-07 22:00:00+00:00,14160.145280566994
2024-04-08 00:00:00+00:00,14017.725581474007
2024-04-08 02:00:00+00:00,13873.698240713797
2024-04-08 04:00:00+00:00,13873.698240713797
2024-04-08 06:00:00+00:00,13873.698240713797
2024-04-08 08:00:00+00:00,13873.698240713797
2024-04-08 10:00:00+00:00,13873.698240713797
2024-04-08 12:00:00+00:00,13873.698240713797
2024-04-08 14:00:00+00:00,13873.698240713797
2024-04-08 16:00:00+00:00,13873.698240713797
2024-04-08 18:00:00+00:00,13873.698240713797
2024-04-08 20:00:00+00:00,13873.698240713797
2024-04-08 22:00:00+00:00,13873.698240713797
2024-04-09 00:00:00+00:00,13873.698240713797
2024-04-09 02:00:00+00:00,13873.698240713797
2024-04-09 04:00:00+00:00,13873.698240713797
2024-04-09 06:00:00+00:00,13873.698240713797
2024-04-09 08:00:00+00:00,13873.698240713797
2024-04-09 10:00:00+00:00,13873.698240713797
2024-04-09 12:00:00+00:00,13873.698240713797
2024-04-09 14:00:00+00:00,13873.698240713797
2024-04-09 16:00:00+00:00,13873.698240713797
2024-04-09 18:00:00+00:00,13873.698240713797
2024-04-09 20:00:00+00:00,13873.698240713797
2024-04-09 22:00:00+00:00,13873.698240713797
2024-04-10 00:00:00+00:00,13873.698240713797
2024-04-10 02:00:00+00:00,13873.698240713797
2024-04-10 04:00:00+00:00,13873.698240713797
2024-04-10 06:00:00+00:00,13873.698240713797
2024-04-10 08:00:00+00:00,13873.698240713797
2024-04-10 10:00:00+00:00,13873.698240713797
2024-04-10 12:00:00+00:00,13873.698240713797
2024-04-10 14:00:00+00:00,13873.698240713797
2024-04-10 16:00:00+00:00,13873.698240713797
2024-04-10 18:00:00+00:00,13873.698240713797
2024-04-10 20:00:00+00:00,13873.698240713797
2024-04-10 22:00:00+00:00,13873.698240713797
2024-04-11 00:00:00+00:00,13873.698240713797
2024-04-11 02:00:00+00:00,13873.698240713797
2024-04-11 04:00:00+00:00,13873.698240713797
2024-04-11 06:00:00+00:00,13873.698240713797
2024-04-11 08:00:00+00:00,13873.698240713797
2024-04-11 10:00:00+00:00,13873.698240713797
2024-04-11 12:00:00+00:00,13873.698240713797
2024-04-11 14:00:00+00:00,13873.698240713797
2024-04-11 16:00:00+00:00,13873.698240713797
2024-04-11 18:00:00+00:00,13873.698240713797
2024-04-11 20:00:00+00:00,13873.698240713797
2024-04-11 22:00:00+00:00,13873.698240713797
2024-04-12 00:00:00+00:00,13873.698240713797
2024-04-12 02:00:00+00:00,13873.698240713797
2024-04-12 04:00:00+00:00,13873.698240713797
2024-04-12 06:00:00+00:00,13873.698240713797
2024-04-12 08:00:00+00:00,13873.698240713797
2024-04-12 10:00:00+00:00,13873.698240713797
2024-04-12 12:00:00+00:00,13873.698240713797
2024-04-12 14:00:00+00:00,13873.698240713797
2024-04-12 16:00:00+00:00,13873.698240713797
2024-04-12 18:00:00+00:00,13873.698240713797
2024-04-12 20:00:00+00:00,13873.698240713797
2024-04-12 22:00:00+00:00,13873.698240713797
2024-04-13 00:00:00+00:00,13873.698240713797
2024-04-13 02:00:00+00:00,13873.698240713797
2024-04-13 04:00:00+00:00,13873.698240713797
2024-04-13 06:00:00+00:00,13873.698240713797
2024-04-13 08:00:00+00:00,13873.698240713797
2024-04-13 10:00:00+00:00,13873.698240713797
2024-04-13 12:00:00+00:00,13873.698240713797
2024-04-13 14:00:00+00:00,13873.698240713797
2024-04-13 16:00:00+00:00,13873.698240713797
2024-04-13 18:00:00+00:00,13873.698240713797
2024-04-13 20:00:00+00:00,13873.698240713797
2024-04-13 22:00:00+00:00,13873.698240713797
2024-04-14 00:00:00+00:00,13873.698240713797
2024-04-14 02:00:00+00:00,13873.698240713797
2024-04-14 04:00:00+00:00,13873.698240713797
2024-04-14 06:00:00+00:00,13873.698240713797
2024-04-14 08:00:00+00:00,13873.698240713797
2024-04-14 10:00:00+00:00,13873.698240713797
2024-04-14 12:00:00+00:00,13873.698240713797
2024-04-14 14:00:00+00:00,13873.698240713797
2024-04-14 16:00:00+00:00,13873.698240713797
2024-04-14 18:00:00+00:00,13873.698240713797
2024-04-14 20:00:00+00:00,13873.698240713797
2024-04-14 22:00:00+00:00,13873.698240713797
2024-04-15 00:00:00+00:00,13873.698240713797
2024-04-15 02:00:00+00:00,13873.698240713797
2024-04-15 04:00:00+00:00,13873.698240713797
2024-04-15 06:00:00+00:00,13873.698240713797
2024-04-15 08:00:00+00:00,13873.698240713797
2024-04-15 10:00:00+00:00,13873.698240713797
2024-04-15 12:00:00+00:00,13873.698240713797
2024-04-15 14:00:00+00:00,13873.698240713797
2024-04-15 16:00:00+00:00,13873.698240713797
2024-04-15 18:00:00+00:00,13873.698240713797
2024-04-15 20:00:00+00:00,13873.698240713797
2024-04-15 22:00:00+00:00,13873.698240713797
2024-04-16 00:00:00+00:00,13873.698240713797
2024-04-16 02:00:00+00:00,13873.698240713797
2024-04-16 04:00:00+00:00,13873.698240713797
2024-04-16 06:00:00+00:00,13873.698240713797
2024-04-16 08:00:00+00:00,13873.698240713797
2024-04-16 10:00:00+00:00,13873.698240713797
2024-04-16 12:00:00+00:00,13873.698240713797
2024-04-16 14:00:00+00:00,13873.698240713797
2024-04-16 16:00:00+00:00,13873.698240713797
2024-04-16 18:00:00+00:00,13873.698240713797
2024-04-16 20:00:00+00:00,13873.698240713797
2024-04-16 22:00:00+00:00,13873.698240713797
2024-04-17 00:00:00+00:00,13873.698240713797
2024-04-17 02:00:00+00:00,13873.698240713797
2024-04-17 04:00:00+00:00,13873.698240713797
2024-04-17 06:00:00+00:00,13873.698240713797
2024-04-17 08:00:00+00:00,13873.698240713797
2024-04-17 10:00:00+00:00,13873.698240713797
2024-04-17 12:00:00+00:00,13873.698240713797
2024-04-17 14:00:00+00:00,13873.698240713797
2024-04-17 16:00:00+00:00,13873.698240713797
2024-04-17 18:00:00+00:00,13873.698240713797
2024-04-17 20:00:00+00:00,13873.698240713797
2024-04-17 22:00:00+00:00,13873.698240713797
2024-04-18 00:00:00+00:00,13873.698240713797
2024-04-18 02:00:00+00:00,13873.698240713797
2024-04-18 04:00:00+00:00,13873.698240713797
2024-04-18 06:00:00+00:00,13873.698240713797
2024-04-18 08:00:00+00:00,13873.698240713797
2024-04-18 10:00:00+00:00,13873.698240713797
2024-04-18 12:00:00+00:00,13873.698240713797
2024-04-18 14:00:00+00:00,13873.698240713797
2024-04-18 16:00:00+00:00,13873.698240713797
2024-04-18 18:00:00+00:00,13873.698240713797
2024-04-18 20:00:00+00:00,13873.698240713797
2024-04-18 22:00:00+00:00,13873.698240713797
2024-04-19 00:00:00+00:00,13873.698240713797
2024-04-19 02:00:00+00:00,13873.698240713797
2024-04-19 04:00:00+00:00,13873.698240713797
2024-04-19 06:00:00+00:00,13873.698240713797
2024-04-19 08:00:00+00:00,13745.185794556379
2024-04-19 10:00:00+00:00,13604.648220306635
2024-04-19 12:00:00+00:00,13580.206903045811
2024-04-19 14:00:00+00:00,13702.413489349936
2024-04-19 16:00:00+00:00,13702.211241726833
2024-04-19 18:00:00+00:00,13757.204205563688
2024-04-19 20:00:00+00:00,13680.825089123611
2024-04-19 22:00:00+00:00,13485.29455103701
2024-04-20 00:00:00+00:00,13732.073218640979
2024-04-20 02:00:00+00:00,13664.85959617371
2024-04-20 04:00:00+00:00,13738.183547956185
2024-04-20 06:00:00+00:00,13906.217604124355
2024-04-20 08:00:00+00:00,13714.36958040587
2024-04-20 10:00:00+00:00,13644.100793280999
2024-04-20 12:00:00+00:00,13876.293307258837
2024-04-20 14:00:00+00:00,14398.726463708967
2024-04-20 16:00:00+00:00,15384.104749011642
2024-04-20 18:00:00+00:00,15182.463881609838
2024-04-20 20:00:00+00:00,15188.574210925042
2024-04-20 22:00:00+00:00,15167.18805832182
2024-04-21 00:00:00+00:00,15156.505980612978
2024-04-21 02:00:00+00:00,15248.160920341072
2024-04-21 04:00:00+00:00,15416.194976509243
2024-04-21 06:00:00+00:00,15428.415635139656
2024-04-21 08:00:00+00:00,15177.265732806452
2024-04-21 10:00:00+00:00,15293.361989795372
2024-04-21 12:00:00+00:00,14951.183548143823
2024-04-21 14:00:00+00:00,15030.617829241502
2024-04-21 16:00:00+00:00,14809.142221849606
2024-04-21 18:00:00+00:00,14809.142221849606
2024-04-21 20:00:00+00:00,14827.473209795226
2024-04-21 22:00:00+00:00,14928.293643496127
2024-04-22 00:00:00+00:00,14762.085909675652
2024-04-22 02:00:00+00:00,15226.470937631326
2024-04-22 04:00:00+00:00,15379.22917051148
2024-04-22 06:00:00+00:00,15165.367644479264
2024-04-22 08:00:00+00:00,15170.916915168908
2024-04-22 10:00:00+00:00,15085.37230475602
2024-04-22 12:00:00+00:00,15155.64109188089
2024-04-22 14:00:00+00:00,15161.751421196097
2024-04-22 16:00:00+00:00,15289.293817501437
2024-04-22 18:00:00+00:00,15258.742170925405
2024-04-22 20:00:00+00:00,15280.128323528626
2024-04-22 22:00:00+00:00,15228.190524349373
2024-04-23 00:00:00+00:00,15428.978931612226
2024-04-23 02:00:00+00:00,14995.145550232586
2024-04-23 04:00:00+00:00,14979.869726944571
2024-04-23 06:00:00+00:00,14699.137968189523
2024-04-23 08:00:00+00:00,14699.137968189523
2024-04-23 10:00:00+00:00,14699.137968189523
2024-04-23 12:00:00+00:00,14699.137968189523
2024-04-23 14:00:00+00:00,14699.137968189523
2024-04-23 16:00:00+00:00,14699.137968189523
2024-04-23 18:00:00+00:00,14699.137968189523
2024-04-23 20:00:00+00:00,14699.137968189523
2024-04-23 22:00:00+00:00,14699.137968189523
2024-04-24 00:00:00+00:00,14699.137968189523
2024-04-24 02:00:00+00:00,14699.137968189523
2024-04-24 04:00:00+00:00,14699.137968189523
2024-04-24 06:00:00+00:00,14699.137968189523
2024-04-24 08:00:00+00:00,14699.137968189523
2024-04-24 10:00:00+00:00,14699.137968189523
2024-04-24 12:00:00+00:00,14699.137968189523
2024-04-24 14:00:00+00:00,14699.137968189523
2024-04-24 16:00:00+00:00,14699.137968189523
2024-04-24 18:00:00+00:00,14699.137968189523
2024-04-24 20:00:00+00:00,14699.137968189523
2024-04-24 22:00:00+00:00,14699.137968189523
2024-04-25 00:00:00+00:00,14699.137968189523
2024-04-25 02:00:00+00:00,14699.137968189523
2024-04-25 04:00:00+00:00,14699.137968189523
2024-04-25 06:00:00+00:00,14699.137968189523
2024-04-25 08:00:00+00:00,14699.137968189523
2024-04-25 10:00:00+00:00,14699.137968189523
2024-04-25 12:00:00+00:00,14699.137968189523
2024-04-25 14:00:00+00:00,14699.137968189523
2024-04-25 16:00:00+00:00,14699.137968189523
2024-04-25 18:00:00+00:00,14699.137968189523
2024-04-25 20:00:00+00:00,14699.137968189523
2024-04-25 22:00:00+00:00,14699.137968189523
2024-04-26 00:00:00+00:00,14699.137968189523
2024-04-26 02:00:00+00:00,14699.137968189523
2024-04-26 04:00:00+00:00,14699.137968189523
2024-04-26 06:00:00+00:00,14699.137968189523
2024-04-26 08:00:00+00:00,14699.137968189523
2024-04-26 10:00:00+00:00,14699.137968189523
2024-04-26 12:00:00+00:00,14699.137968189523
2024-04-26 14:00:00+00:00,14699.137968189523
2024-04-26 16:00:00+00:00,14699.137968189523
2024-04-26 18:00:00+00:00,14699.137968189523
2024-04-26 20:00:00+00:00,14699.137968189523
2024-04-26 22:00:00+00:00,14699.137968189523
2024-04-27 00:00:00+00:00,14699.137968189523
2024-04-27 02:00:00+00:00,14699.137968189523
2024-04-27 04:00:00+00:00,14699.137968189523
2024-04-27 06:00:00+00:00,14699.137968189523
2024-04-27 08:00:00+00:00,14699.137968189523
2024-04-27 10:00:00+00:00,14699.137968189523
2024-04-27 12:00:00+00:00,14699.137968189523
2024-04-27 14:00:00+00:00,14699.137968189523
2024-04-27 16:00:00+00:00,14699.137968189523
2024-04-27 18:00:00+00:00,14699.137968189523
2024-04-27 20:00:00+00:00,14699.137968189523
2024-04-27 22:00:00+00:00,14699.137968189523
2024-04-28 00:00:00+00:00,14699.137968189523
2024-04-28 02:00:00+00:00,14699.137968189523
2024-04-28 04:00:00+00:00,14699.137968189523
2024-04-28 06:00:00+00:00,14699.137968189523
2024-04-28 08:00:00+00:00,14699.137968189523
2024-04-28 10:00:00+00:00,14699.137968189523
2024-04-28 12:00:00+00:00,14699.137968189523
2024-04-28 14:00:00+00:00,14699.137968189523
2024-04-28 16:00:00+00:00,14699.137968189523
2024-04-28 18:00:00+00:00,14699.137968189523
2024-04-28 20:00:00+00:00,14699.137968189523
2024-04-28 22:00:00+00:00,14699.137968189523
2024-04-29 00:00:00+00:00,14699.137968189523
2024-04-29 02:00:00+00:00,14699.137968189523
2024-04-29 04:00:00+00:00,14699.137968189523
2024-04-29 06:00:00+00:00,14699.137968189523
2024-04-29 08:00:00+00:00,14699.137968189523
2024-04-29 10:00:00+00:00,14699.137968189523
2024-04-29 12:00:00+00:00,14699.137968189523
2024-04-29 14:00:00+00:00,14699.137968189523
2024-04-29 16:00:00+00:00,14699.137968189523
2024-04-29 18:00:00+00:00,14699.137968189523
2024-04-29 20:00:00+00:00,14699.137968189523
2024-04-29 22:00:00+00:00,14699.137968189523
2024-04-30 00:00:00+00:00,14699.137968189523
2024-04-30 02:00:00+00:00,14699.137968189523
2024-04-30 04:00:00+00:00,14699.137968189523
2024-04-30 06:00:00+00:00,14699.137968189523
2024-04-30 08:00:00+00:00,14699.137968189523
2024-04-30 10:00:00+00:00,14699.137968189523
2024-04-30 12:00:00+00:00,14699.137968189523
2024-04-30 14:00:00+00:00,14699.137968189523
2024-04-30 16:00:00+00:00,14699.137968189523
2024-04-30 18:00:00+00:00,14699.137968189523
2024-04-30 20:00:00+00:00,14699.137968189523
2024-04-30 22:00:00+00:00,14699.137968189523
2024-05-01 00:00:00+00:00,14699.137968189523
2024-05-01 02:00:00+00:00,14699.137968189523
2024-05-01 04:00:00+00:00,14699.137968189523
2024-05-01 06:00:00+00:00,14699.137968189523
2024-05-01 08:00:00+00:00,14699.137968189523
2024-05-01 10:00:00+00:00,14699.137968189523
2024-05-01 12:00:00+00:00,14699.137968189523
2024-05-01 14:00:00+00:00,14699.137968189523
2024-05-01 16:00:00+00:00,14699.137968189523
2024-05-01 18:00:00+00:00,14699.137968189523
2024-05-01 20:00:00+00:00,14699.137968189523
2024-05-01 22:00:00+00:00,14699.137968189523
2024-05-02 00:00:00+00:00,14699.137968189523
2024-05-02 02:00:00+00:00,14699.137968189523
2024-05-02 04:00:00+00:00,14699.137968189523
2024-05-02 06:00:00+00:00,14699.137968189523
2024-05-02 08:00:00+00:00,14699.137968189523
2024-05-02 10:00:00+00:00,14699.137968189523
2024-05-02 12:00:00+00:00,14699.137968189523
2024-05-02 14:00:00+00:00,14699.137968189523
2024-05-02 16:00:00+00:00,14699.137968189523
2024-05-02 18:00:00+00:00,14699.137968189523
2024-05-02 20:00:00+00:00,14699.137968189523
2024-05-02 22:00:00+00:00,14699.137968189523
2024-05-03 00:00:00+00:00,14699.137968189523
2024-05-03 02:00:00+00:00,14699.137968189523
2024-05-03 04:00:00+00:00,14699.137968189523
2024-05-03 06:00:00+00:00,14699.137968189523
2024-05-03 08:00:00+00:00,14699.137968189523
2024-05-03 10:00:00+00:00,14699.137968189523
2024-05-03 12:00:00+00:00,14699.137968189523
2024-05-03 14:00:00+00:00,14699.137968189523
2024-05-03 16:00:00+00:00,14699.137968189523
2024-05-03 18:00:00+00:00,14656.720770937207
2024-05-03 20:00:00+00:00,14829.998977687077
2024-05-03 22:00:00+00:00,14754.802774757889
2024-05-04 00:00:00+00:00,14658.514690787088
2024-05-04 02:00:00+00:00,14707.55569269743
2024-05-04 04:00:00+00:00,14802.368296390754
2024-05-04 06:00:00+00:00,14704.286292570072
2024-05-04 08:00:00+00:00,14807.436193528167
2024-05-04 10:00:00+00:00,15029.755402188379
2024-05-04 12:00:00+00:00,14840.130194801728
2024-05-04 14:00:00+00:00,14902.248797221493
2024-05-04 16:00:00+00:00,14816.215709854165
2024-05-04 18:00:00+00:00,14973.146915967254
2024-05-04 20:00:00+00:00,14881.603712401286
2024-05-04 22:00:00+00:00,14721.403106160837
2024-05-05 00:00:00+00:00,14409.334412946704
2024-05-05 02:00:00+00:00,14409.334412946704
2024-05-05 04:00:00+00:00,14409.334412946704
2024-05-05 06:00:00+00:00,14409.334412946704
2024-05-05 08:00:00+00:00,14409.334412946704
2024-05-05 10:00:00+00:00,14409.334412946704
2024-05-05 12:00:00+00:00,14409.334412946704
2024-05-05 14:00:00+00:00,14409.334412946704
2024-05-05 16:00:00+00:00,14409.334412946704
2024-05-05 18:00:00+00:00,14409.334412946704
2024-05-05 20:00:00+00:00,14409.334412946704
2024-05-05 22:00:00+00:00,14409.334412946704
2024-05-06 00:00:00+00:00,14409.334412946704
2024-05-06 02:00:00+00:00,14409.334412946704
2024-05-06 04:00:00+00:00,14409.334412946704
2024-05-06 06:00:00+00:00,14409.334412946704
2024-05-06 08:00:00+00:00,14409.334412946704
2024-05-06 10:00:00+00:00,14409.334412946704
2024-05-06 12:00:00+00:00,14409.334412946704
2024-05-06 14:00:00+00:00,14409.334412946704
2024-05-06 16:00:00+00:00,14409.334412946704
2024-05-06 18:00:00+00:00,14409.334412946704
2024-05-06 20:00:00+00:00,14409.334412946704
2024-05-06 22:00:00+00:00,14409.334412946704
2024-05-07 00:00:00+00:00,14409.334412946704
2024-05-07 02:00:00+00:00,14409.334412946704
2024-05-07 04:00:00+00:00,14409.334412946704
2024-05-07 06:00:00+00:00,14409.334412946704
2024-05-07 08:00:00+00:00,14409.334412946704
2024-05-07 10:00:00+00:00,14409.334412946704
2024-05-07 12:00:00+00:00,14409.334412946704
2024-05-07 14:00:00+00:00,14409.334412946704
2024-05-07 16:00:00+00:00,14409.334412946704
2024-05-07 18:00:00+00:00,14409.334412946704
2024-05-07 20:00:00+00:00,14409.334412946704
2024-05-07 22:00:00+00:00,14409.334412946704
2024-05-08 00:00:00+00:00,14409.334412946704
2024-05-08 02:00:00+00:00,14409.334412946704
2024-05-08 04:00:00+00:00,14409.334412946704
2024-05-08 06:00:00+00:00,14409.334412946704
2024-05-08 08:00:00+00:00,14409.334412946704
2024-05-08 10:00:00+00:00,14409.334412946704
2024-05-08 12:00:00+00:00,14409.334412946704
2024-05-08 14:00:00+00:00,14409.334412946704
2024-05-08 16:00:00+00:00,14409.334412946704
2024-05-08 18:00:00+00:00,14409.334412946704
2024-05-08 20:00:00+00:00,14409.334412946704
2024-05-08 22:00:00+00:00,14409.334412946704
2024-05-09 00:00:00+00:00,14409.334412946704
2024-05-09 02:00:00+00:00,14409.334412946704
2024-05-09 04:00:00+00:00,14409.334412946704
2024-05-09 06:00:00+00:00,14409.334412946704
2024-05-09 08:00:00+00:00,14409.334412946704
2024-05-09 10:00:00+00:00,14409.334412946704
2024-05-09 12:00:00+00:00,14409.334412946704
2024-05-09 14:00:00+00:00,14409.334412946704
2024-05-09 16:00:00+00:00,14409.334412946704
2024-05-09 18:00:00+00:00,14409.334412946704
2024-05-09 20:00:00+00:00,14409.334412946704
2024-05-09 22:00:00+00:00,14409.334412946704
2024-05-10 00:00:00+00:00,14409.334412946704
2024-05-10 02:00:00+00:00,14409.334412946704
2024-05-10 04:00:00+00:00,14409.334412946704
2024-05-10 06:00:00+00:00,14409.334412946704
2024-05-10 08:00:00+00:00,14409.334412946704
2024-05-10 10:00:00+00:00,14409.334412946704
2024-05-10 12:00:00+00:00,14409.334412946704
2024-05-10 14:00:00+00:00,14409.334412946704
2024-05-10 16:00:00+00:00,14409.334412946704
2024-05-10 18:00:00+00:00,14409.334412946704
2024-05-10 20:00:00+00:00,14409.334412946704
2024-05-10 22:00:00+00:00,14409.334412946704
2024-05-11 00:00:00+00:00,14409.334412946704
2024-05-11 02:00:00+00:00,14409.334412946704
2024-05-11 04:00:00+00:00,14409.334412946704
2024-05-11 06:00:00+00:00,14409.334412946704
2024-05-11 08:00:00+00:00,14409.334412946704
2024-05-11 10:00:00+00:00,14409.334412946704
2024-05-11 12:00:00+00:00,14409.334412946704
2024-05-11 14:00:00+00:00,14409.334412946704
2024-05-11 16:00:00+00:00,14409.334412946704
2024-05-11 18:00:00+00:00,14409.334412946704
2024-05-11 20:00:00+00:00,14409.334412946704
2024-05-11 22:00:00+00:00,14409.334412946704
2024-05-12 00:00:00+00:00,14409.334412946704
2024-05-12 02:00:00+00:00,14409.334412946704
2024-05-12 04:00:00+00:00,14409.334412946704
2024-05-12 06:00:00+00:00,14409.334412946704
2024-05-12 08:00:00+00:00,14409.334412946704
2024-05-12 10:00:00+00:00,14409.334412946704
2024-05-12 12:00:00+00:00,14409.334412946704
2024-05-12 14:00:00+00:00,14409.334412946704
2024-05-12 16:00:00+00:00,14409.334412946704
2024-05-12 18:00:00+00:00,14409.334412946704
2024-05-12 20:00:00+00:00,14409.334412946704
2024-05-12 22:00:00+00:00,14409.334412946704
2024-05-13 00:00:00+00:00,14409.334412946704
2024-05-13 02:00:00+00:00,14409.334412946704
2024-05-13 04:00:00+00:00,14409.334412946704
2024-05-13 06:00:00+00:00,14409.334412946704
2024-05-13 08:00:00+00:00,14409.334412946704
2024-05-13 10:00:00+00:00,14409.334412946704
2024-05-13 12:00:00+00:00,14409.334412946704
2024-05-13 14:00:00+00:00,14409.334412946704
2024-05-13 16:00:00+00:00,14409.334412946704
2024-05-13 18:00:00+00:00,14409.334412946704
2024-05-13 20:00:00+00:00,14409.334412946704
2024-05-13 22:00:00+00:00,14409.334412946704
2024-05-14 00:00:00+00:00,14409.334412946704
2024-05-14 02:00:00+00:00,14409.334412946704
2024-05-14 04:00:00+00:00,14409.334412946704
2024-05-14 06:00:00+00:00,14409.334412946704
2024-05-14 08:00:00+00:00,14409.334412946704
2024-05-14 10:00:00+00:00,14409.334412946704
2024-05-14 12:00:00+00:00,14409.334412946704
2024-05-14 14:00:00+00:00,14409.334412946704
2024-05-14 16:00:00+00:00,14409.334412946704
2024-05-14 18:00:00+00:00,14409.334412946704
2024-05-14 20:00:00+00:00,14409.334412946704
2024-05-14 22:00:00+00:00,14409.334412946704
2024-05-15 00:00:00+00:00,14409.334412946704
2024-05-15 02:00:00+00:00,14409.334412946704
2024-05-15 04:00:00+00:00,14409.334412946704
2024-05-15 06:00:00+00:00,14409.334412946704
2024-05-15 08:00:00+00:00,14409.334412946704
2024-05-15 10:00:00+00:00,14409.334412946704
2024-05-15 12:00:00+00:00,14409.334412946704
2024-05-15 14:00:00+00:00,14409.334412946704
2024-05-15 16:00:00+00:00,14409.334412946704
2024-05-15 18:00:00+00:00,14409.334412946704
2024-05-15 20:00:00+00:00,14288.1361563451
2024-05-15 22:00:00+00:00,14307.944108502694
2024-05-16 00:00:00+00:00,14408.85440023942
2024-05-16 02:00:00+00:00,14511.195486386992
2024-05-16 04:00:00+00:00,14560.71536678098
2024-05-16 06:00:00+00:00,14923.861156336885
2024-05-16 08:00:00+00:00,14704.481153408266
2024-05-16 10:00:00+00:00,14592.236091181896
2024-05-16 12:00:00+00:00,14325.033455401672
2024-05-16 14:00:00+00:00,14325.033455401672
2024-05-16 16:00:00+00:00,14325.033455401672
2024-05-16 18:00:00+00:00,14325.033455401672
2024-05-16 20:00:00+00:00,14325.033455401672
2024-05-16 22:00:00+00:00,14325.033455401672
2024-05-17 00:00:00+00:00,14325.033455401672
2024-05-17 02:00:00+00:00,14325.033455401672
2024-05-17 04:00:00+00:00,14325.033455401672
2024-05-17 06:00:00+00:00,14325.033455401672
2024-05-17 08:00:00+00:00,14325.033455401672
2024-05-17 10:00:00+00:00,14325.033455401672
2024-05-17 12:00:00+00:00,14325.033455401672
2024-05-17 14:00:00+00:00,14325.033455401672
2024-05-17 16:00:00+00:00,14325.033455401672
2024-05-17 18:00:00+00:00,14325.033455401672
2024-05-17 20:00:00+00:00,14325.033455401672
2024-05-17 22:00:00+00:00,14325.033455401672
2024-05-18 00:00:00+00:00,14325.033455401672
2024-05-18 02:00:00+00:00,14325.033455401672
2024-05-18 04:00:00+00:00,14325.033455401672
2024-05-18 06:00:00+00:00,14325.033455401672
2024-05-18 08:00:00+00:00,14325.033455401672
2024-05-18 10:00:00+00:00,14325.033455401672
2024-05-18 12:00:00+00:00,14325.033455401672
2024-05-18 14:00:00+00:00,14325.033455401672
2024-05-18 16:00:00+00:00,14325.033455401672
2024-05-18 18:00:00+00:00,14325.033455401672
2024-05-18 20:00:00+00:00,14325.033455401672
2024-05-18 22:00:00+00:00,14325.033455401672
2024-05-19 00:00:00+00:00,14325.033455401672
2024-05-19 02:00:00+00:00,14325.033455401672
2024-05-19 04:00:00+00:00,14325.033455401672
2024-05-19 06:00:00+00:00,14325.033455401672
2024-05-19 08:00:00+00:00,14325.033455401672
2024-05-19 10:00:00+00:00,14325.033455401672
2024-05-19 12:00:00+00:00,14325.033455401672
2024-05-19 14:00:00+00:00,14325.033455401672
2024-05-19 16:00:00+00:00,14325.033455401672
2024-05-19 18:00:00+00:00,14325.033455401672
2024-05-19 20:00:00+00:00,14325.033455401672
2024-05-19 22:00:00+00:00,14325.033455401672
2024-05-20 00:00:00+00:00,14325.033455401672
2024-05-20 02:00:00+00:00,14325.033455401672
2024-05-20 04:00:00+00:00,14325.033455401672
2024-05-20 06:00:00+00:00,14325.033455401672
2024-05-20 08:00:00+00:00,14325.033455401672
2024-05-20 10:00:00+00:00,14325.033455401672
2024-05-20 12:00:00+00:00,14325.033455401672
2024-05-20 14:00:00+00:00,14325.033455401672
2024-05-20 16:00:00+00:00,14325.033455401672
2024-05-20 18:00:00+00:00,14325.033455401672
2024-05-20 20:00:00+00:00,14325.033455401672
2024-05-20 22:00:00+00:00,14325.033455401672
2024-05-21 00:00:00+00:00,14325.033455401672
2024-05-21 02:00:00+00:00,14325.033455401672
2024-05-21 04:00:00+00:00,14325.033455401672
2024-05-21 06:00:00+00:00,14325.033455401672
2024-05-21 08:00:00+00:00,14325.033455401672
2024-05-21 10:00:00+00:00,14325.033455401672
2024-05-21 12:00:00+00:00,14325.033455401672
2024-05-21 14:00:00+00:00,14325.033455401672
2024-05-21 16:00:00+00:00,14325.033455401672
2024-05-21 18:00:00+00:00,14325.033455401672
2024-05-21 20:00:00+00:00,14325.033455401672
2024-05-21 22:00:00+00:00,14325.033455401672
2024-05-22 00:00:00+00:00,14325.033455401672
2024-05-22 02:00:00+00:00,14325.033455401672
2024-05-22 04:00:00+00:00,14325.033455401672
2024-05-22 06:00:00+00:00,14325.033455401672
2024-05-22 08:00:00+00:00,14325.033455401672
2024-05-22 10:00:00+00:00,14325.033455401672
2024-05-22 12:00:00+00:00,14325.033455401672
2024-05-22 14:00:00+00:00,14325.033455401672
2024-05-22 16:00:00+00:00,14325.033455401672
2024-05-22 18:00:00+00:00,14325.033455401672
2024-05-22 20:00:00+00:00,14325.033455401672
2024-05-22 22:00:00+00:00,14325.033455401672
2024-05-23 00:00:00+00:00,14325.033455401672
2024-05-23 02:00:00+00:00,14325.033455401672
2024-05-23 04:00:00+00:00,14325.033455401672
2024-05-23 06:00:00+00:00,14325.033455401672
2024-05-23 08:00:00+00:00,14325.033455401672
2024-05-23 10:00:00+00:00,14325.033455401672
2024-05-23 12:00:00+00:00,14325.033455401672
2024-05-23 14:00:00+00:00,14325.033455401672
2024-05-23 16:00:00+00:00,14325.033455401672
2024-05-23 18:00:00+00:00,14325.033455401672
2024-05-23 20:00:00+00:00,14325.033455401672
2024-05-23 22:00:00+00:00,14325.033455401672
2024-05-24 00:00:00+00:00,14325.033455401672
2024-05-24 02:00:00+00:00,14325.033455401672
2024-05-24 04:00:00+00:00,14325.033455401672
2024-05-24 06:00:00+00:00,14325.033455401672
2024-05-24 08:00:00+00:00,14325.033455401672
2024-05-24 10:00:00+00:00,14325.033455401672
2024-05-24 12:00:00+00:00,14325.033455401672
2024-05-24 14:00:00+00:00,14325.033455401672
2024-05-24 16:00:00+00:00,14325.033455401672
2024-05-24 18:00:00+00:00,14325.033455401672
2024-05-24 20:00:00+00:00,14325.033455401672
2024-05-24 22:00:00+00:00,14325.033455401672
2024-05-25 00:00:00+00:00,14325.033455401672
2024-05-25 02:00:00+00:00,14325.033455401672
2024-05-25 04:00:00+00:00,14325.033455401672
2024-05-25 06:00:00+00:00,14325.033455401672
2024-05-25 08:00:00+00:00,14325.033455401672
2024-05-25 10:00:00+00:00,14325.033455401672
2024-05-25 12:00:00+00:00,14325.033455401672
2024-05-25 14:00:00+00:00,14325.033455401672
2024-05-25 16:00:00+00:00,14325.033455401672
2024-05-25 18:00:00+00:00,14325.033455401672
2024-05-25 20:00:00+00:00,14325.033455401672
2024-05-25 22:00:00+00:00,14325.033455401672
2024-05-26 00:00:00+00:00,14325.033455401672
2024-05-26 02:00:00+00:00,14325.033455401672
2024-05-26 04:00:00+00:00,14325.033455401672
2024-05-26 06:00:00+00:00,14325.033455401672
2024-05-26 08:00:00+00:00,14325.033455401672
2024-05-26 10:00:00+00:00,14325.033455401672
2024-05-26 12:00:00+00:00,14325.033455401672
2024-05-26 14:00:00+00:00,14325.033455401672
2024-05-26 16:00:00+00:00,14325.033455401672
2024-05-26 18:00:00+00:00,14325.033455401672
2024-05-26 20:00:00+00:00,14325.033455401672
2024-05-26 22:00:00+00:00,14325.033455401672
2024-05-27 00:00:00+00:00,14325.033455401672
2024-05-27 02:00:00+00:00,14325.033455401672
2024-05-27 04:00:00+00:00,14325.033455401672
2024-05-27 06:00:00+00:00,14325.033455401672
2024-05-27 08:00:00+00:00,14325.033455401672
2024-05-27 10:00:00+00:00,14325.033455401672
2024-05-27 12:00:00+00:00,14325.033455401672
2024-05-27 14:00:00+00:00,14325.033455401672
2024-05-27 16:00:00+00:00,14325.033455401672
2024-05-27 18:00:00+00:00,14325.033455401672
2024-05-27 20:00:00+00:00,14325.033455401672
2024-05-27 22:00:00+00:00,14325.033455401672
2024-05-28 00:00:00+00:00,14325.033455401672
2024-05-28 02:00:00+00:00,14325.033455401672
2024-05-28 04:00:00+00:00,14325.033455401672
2024-05-28 06:00:00+00:00,14325.033455401672
2024-05-28 08:00:00+00:00,14325.033455401672
2024-05-28 10:00:00+00:00,14325.033455401672
2024-05-28 12:00:00+00:00,14325.033455401672
2024-05-28 14:00:00+00:00,14325.033455401672
2024-05-28 16:00:00+00:00,14325.033455401672
2024-05-28 18:00:00+00:00,14325.033455401672
2024-05-28 20:00:00+00:00,14325.033455401672
2024-05-28 22:00:00+00:00,14325.033455401672
2024-05-29 00:00:00+00:00,14325.033455401672
2024-05-29 02:00:00+00:00,14325.033455401672
2024-05-29 04:00:00+00:00,14325.033455401672
2024-05-29 06:00:00+00:00,14325.033455401672
2024-05-29 08:00:00+00:00,14325.033455401672
2024-05-29 10:00:00+00:00,14325.033455401672
2024-05-29 12:00:00+00:00,14325.033455401672
2024-05-29 14:00:00+00:00,14325.033455401672
2024-05-29 16:00:00+00:00,14325.033455401672
2024-05-29 18:00:00+00:00,14325.033455401672
2024-05-29 20:00:00+00:00,14325.033455401672
2024-05-29 22:00:00+00:00,14325.033455401672
2024-05-30 00:00:00+00:00,14325.033455401672
2024-05-30 02:00:00+00:00,14325.033455401672
2024-05-30 04:00:00+00:00,14325.033455401672
2024-05-30 06:00:00+00:00,14325.033455401672
2024-05-30 08:00:00+00:00,14325.033455401672
2024-05-30 10:00:00+00:00,14325.033455401672
2024-05-30 12:00:00+00:00,14325.033455401672
2024-05-30 14:00:00+00:00,14325.033455401672
2024-05-30 16:00:00+00:00,14325.033455401672
2024-05-30 18:00:00+00:00,14325.033455401672
2024-05-30 20:00:00+00:00,14325.033455401672
2024-05-30 22:00:00+00:00,14325.033455401672
2024-05-31 00:00:00+00:00,14325.033455401672
2024-05-31 02:00:00+00:00,14325.033455401672
2024-05-31 04:00:00+00:00,14325.033455401672
2024-05-31 06:00:00+00:00,14325.033455401672
2024-05-31 08:00:00+00:00,14325.033455401672
2024-05-31 10:00:00+00:00,14325.033455401672
2024-05-31 12:00:00+00:00,14325.033455401672
2024-05-31 14:00:00+00:00,14325.033455401672
2024-05-31 16:00:00+00:00,14325.033455401672
2024-05-31 18:00:00+00:00,14325.033455401672
2024-05-31 20:00:00+00:00,14325.033455401672
2024-05-31 22:00:00+00:00,14325.033455401672
2024-06-01 00:00:00+00:00,14325.033455401672
2024-06-01 02:00:00+00:00,14325.033455401672
2024-06-01 04:00:00+00:00,14325.033455401672
2024-06-01 06:00:00+00:00,14325.033455401672
2024-06-01 08:00:00+00:00,14325.033455401672
2024-06-01 10:00:00+00:00,14325.033455401672
2024-06-01 12:00:00+00:00,14325.033455401672
2024-06-01 14:00:00+00:00,14325.033455401672
2024-06-01 16:00:00+00:00,14325.033455401672
2024-06-01 18:00:00+00:00,14325.033455401672
2024-06-01 20:00:00+00:00,14325.033455401672
2024-06-01 22:00:00+00:00,14325.033455401672
2024-06-02 00:00:00+00:00,14325.033455401672
2024-06-02 02:00:00+00:00,14325.033455401672
2024-06-02 04:00:00+00:00,14325.033455401672
2024-06-02 06:00:00+00:00,14113.482084641035
2024-06-02 08:00:00+00:00,14330.336683761974
2024-06-02 10:00:00+00:00,14433.050221789837
2024-06-02 12:00:00+00:00,14519.714769500846
2024-06-02 14:00:00+00:00,14622.42830752871
2024-06-02 16:00:00+00:00,14312.825309447448
2024-06-02 18:00:00+00:00,14299.986117193966
2024-06-02 20:00:00+00:00,14122.59097044998
2024-06-02 22:00:00+00:00,14122.59097044998
2024-06-03 00:00:00+00:00,14122.59097044998
2024-06-03 02:00:00+00:00,14122.59097044998
2024-06-03 04:00:00+00:00,14122.59097044998
2024-06-03 06:00:00+00:00,14122.59097044998
2024-06-03 08:00:00+00:00,14122.59097044998
2024-06-03 10:00:00+00:00,14122.59097044998
2024-06-03 12:00:00+00:00,14122.59097044998
2024-06-03 14:00:00+00:00,14122.59097044998
2024-06-03 16:00:00+00:00,14122.59097044998
2024-06-03 18:00:00+00:00,14122.59097044998
2024-06-03 20:00:00+00:00,14122.59097044998
2024-06-03 22:00:00+00:00,14122.59097044998
2024-06-04 00:00:00+00:00,14122.59097044998
2024-06-04 02:00:00+00:00,14122.59097044998
2024-06-04 04:00:00+00:00,14122.59097044998
2024-06-04 06:00:00+00:00,14122.59097044998
2024-06-04 08:00:00+00:00,14122.59097044998
2024-06-04 10:00:00+00:00,14122.59097044998
2024-06-04 12:00:00+00:00,14122.59097044998
2024-06-04 14:00:00+00:00,14122.59097044998
2024-06-04 16:00:00+00:00,14122.59097044998
2024-06-04 18:00:00+00:00,14122.59097044998
2024-06-04 20:00:00+00:00,14122.59097044998
2024-06-04 22:00:00+00:00,14122.59097044998
2024-06-05 00:00:00+00:00,14122.59097044998
2024-06-05 02:00:00+00:00,14122.59097044998
2024-06-05 04:00:00+00:00,14122.59097044998
2024-06-05 06:00:00+00:00,14122.59097044998
2024-06-05 08:00:00+00:00,14122.59097044998
2024-06-05 10:00:00+00:00,14122.59097044998
2024-06-05 12:00:00+00:00,14122.59097044998
2024-06-05 14:00:00+00:00,14122.59097044998
2024-06-05 16:00:00+00:00,14122.59097044998
2024-06-05 18:00:00+00:00,14122.59097044998
2024-06-05 20:00:00+00:00,14122.59097044998
2024-06-05 22:00:00+00:00,14122.59097044998
2024-06-06 00:00:00+00:00,14122.59097044998
2024-06-06 02:00:00+00:00,14122.59097044998
2024-06-06 04:00:00+00:00,14122.59097044998
2024-06-06 06:00:00+00:00,14122.59097044998
2024-06-06 08:00:00+00:00,14122.59097044998
2024-06-06 10:00:00+00:00,14122.59097044998
2024-06-06 12:00:00+00:00,14122.59097044998
2024-06-06 14:00:00+00:00,14122.59097044998
2024-06-06 16:00:00+00:00,14122.59097044998
2024-06-06 18:00:00+00:00,14122.59097044998
2024-06-06 20:00:00+00:00,14122.59097044998
2024-06-06 22:00:00+00:00,14122.59097044998
2024-06-07 00:00:00+00:00,14122.59097044998
2024-06-07 02:00:00+00:00,14122.59097044998
2024-06-07 04:00:00+00:00,14122.59097044998
2024-06-07 06:00:00+00:00,14122.59097044998
2024-06-07 08:00:00+00:00,14122.59097044998
2024-06-07 10:00:00+00:00,14122.59097044998
2024-06-07 12:00:00+00:00,14122.59097044998
2024-06-07 14:00:00+00:00,14122.59097044998
2024-06-07 16:00:00+00:00,14122.59097044998
2024-06-07 18:00:00+00:00,14122.59097044998
2024-06-07 20:00:00+00:00,14122.59097044998
2024-06-07 22:00:00+00:00,14122.59097044998
2024-06-08 00:00:00+00:00,14122.59097044998
2024-06-08 02:00:00+00:00,14122.59097044998
2024-06-08 04:00:00+00:00,14122.59097044998
2024-06-08 06:00:00+00:00,14122.59097044998
2024-06-08 08:00:00+00:00,14122.59097044998
2024-06-08 10:00:00+00:00,14122.59097044998
2024-06-08 12:00:00+00:00,14122.59097044998
2024-06-08 14:00:00+00:00,14122.59097044998
2024-06-08 16:00:00+00:00,14122.59097044998
2024-06-08 18:00:00+00:00,14122.59097044998
2024-06-08 20:00:00+00:00,14122.59097044998
2024-06-08 22:00:00+00:00,14122.59097044998
2024-06-09 00:00:00+00:00,14122.59097044998
2024-06-09 02:00:00+00:00,14122.59097044998
2024-06-09 04:00:00+00:00,14122.59097044998
2024-06-09 06:00:00+00:00,14122.59097044998
2024-06-09 08:00:00+00:00,14122.59097044998
2024-06-09 10:00:00+00:00,14122.59097044998
2024-06-09 12:00:00+00:00,14122.59097044998
2024-06-09 14:00:00+00:00,14122.59097044998
2024-06-09 16:00:00+00:00,14122.59097044998
2024-06-09 18:00:00+00:00,14122.59097044998
2024-06-09 20:00:00+00:00,14122.59097044998
2024-06-09 22:00:00+00:00,14122.59097044998
2024-06-10 00:00:00+00:00,14122.59097044998
2024-06-10 02:00:00+00:00,14122.59097044998
2024-06-10 04:00:00+00:00,14122.59097044998
2024-06-10 06:00:00+00:00,14122.59097044998
2024-06-10 08:00:00+00:00,14122.59097044998
2024-06-10 10:00:00+00:00,14122.59097044998
2024-06-10 12:00:00+00:00,14122.59097044998
2024-06-10 14:00:00+00:00,14122.59097044998
2024-06-10 16:00:00+00:00,14122.59097044998
2024-06-10 18:00:00+00:00,14122.59097044998
2024-06-10 20:00:00+00:00,14122.59097044998
2024-06-10 22:00:00+00:00,14122.59097044998
2024-06-11 00:00:00+00:00,14122.59097044998
2024-06-11 02:00:00+00:00,14122.59097044998
2024-06-11 04:00:00+00:00,14122.59097044998
2024-06-11 06:00:00+00:00,14122.59097044998
2024-06-11 08:00:00+00:00,14122.59097044998
2024-06-11 10:00:00+00:00,14122.59097044998
2024-06-11 12:00:00+00:00,14122.59097044998
2024-06-11 14:00:00+00:00,14122.59097044998
2024-06-11 16:00:00+00:00,14122.59097044998
2024-06-11 18:00:00+00:00,14122.59097044998
2024-06-11 20:00:00+00:00,14122.59097044998
2024-06-11 22:00:00+00:00,14122.59097044998
2024-06-12 00:00:00+00:00,14122.59097044998
2024-06-12 02:00:00+00:00,14122.59097044998
2024-06-12 04:00:00+00:00,14122.59097044998
2024-06-12 06:00:00+00:00,14122.59097044998
2024-06-12 08:00:00+00:00,14122.59097044998
2024-06-12 10:00:00+00:00,14122.59097044998
2024-06-12 12:00:00+00:00,14122.59097044998
2024-06-12 14:00:00+00:00,14122.59097044998
2024-06-12 16:00:00+00:00,14122.59097044998
2024-06-12 18:00:00+00:00,14122.59097044998
2024-06-12 20:00:00+00:00,14122.59097044998
2024-06-12 22:00:00+00:00,14122.59097044998
2024-06-13 00:00:00+00:00,14122.59097044998
2024-06-13 02:00:00+00:00,14122.59097044998
2024-06-13 04:00:00+00:00,14122.59097044998
2024-06-13 06:00:00+00:00,14122.59097044998
2024-06-13 08:00:00+00:00,14122.59097044998
2024-06-13 10:00:00+00:00,14122.59097044998
2024-06-13 12:00:00+00:00,14122.59097044998
2024-06-13 14:00:00+00:00,14122.59097044998
2024-06-13 16:00:00+00:00,14122.59097044998
2024-06-13 18:00:00+00:00,14122.59097044998
2024-06-13 20:00:00+00:00,14122.59097044998
2024-06-13 22:00:00+00:00,14122.59097044998
2024-06-14 00:00:00+00:00,14122.59097044998
2024-06-14 02:00:00+00:00,14122.59097044998
2024-06-14 04:00:00+00:00,14122.59097044998
2024-06-14 06:00:00+00:00,14122.59097044998
2024-06-14 08:00:00+00:00,14122.59097044998
2024-06-14 10:00:00+00:00,14122.59097044998
2024-06-14 12:00:00+00:00,14122.59097044998
2024-06-14 14:00:00+00:00,14122.59097044998
2024-06-14 16:00:00+00:00,14122.59097044998
2024-06-14 18:00:00+00:00,14122.59097044998
2024-06-14 20:00:00+00:00,14122.59097044998
2024-06-14 22:00:00+00:00,14122.59097044998
2024-06-15 00:00:00+00:00,14122.59097044998
2024-06-15 02:00:00+00:00,14122.59097044998
2024-06-15 04:00:00+00:00,14122.59097044998
2024-06-15 06:00:00+00:00,14122.59097044998
2024-06-15 08:00:00+00:00,14122.59097044998
2024-06-15 10:00:00+00:00,14122.59097044998
2024-06-15 12:00:00+00:00,14122.59097044998
2024-06-15 14:00:00+00:00,14122.59097044998
2024-06-15 16:00:00+00:00,14122.59097044998
2024-06-15 18:00:00+00:00,14122.59097044998
2024-06-15 20:00:00+00:00,14122.59097044998
2024-06-15 22:00:00+00:00,14122.59097044998
2024-06-16 00:00:00+00:00,14122.59097044998
2024-06-16 02:00:00+00:00,14122.59097044998
2024-06-16 04:00:00+00:00,14122.59097044998
2024-06-16 06:00:00+00:00,14122.59097044998
2024-06-16 08:00:00+00:00,14122.59097044998
2024-06-16 10:00:00+00:00,14122.59097044998
2024-06-16 12:00:00+00:00,14122.59097044998
2024-06-16 14:00:00+00:00,14122.59097044998
2024-06-16 16:00:00+00:00,14122.59097044998
2024-06-16 18:00:00+00:00,14122.59097044998
2024-06-16 20:00:00+00:00,14122.59097044998
2024-06-16 22:00:00+00:00,14122.59097044998
2024-06-17 00:00:00+00:00,14122.59097044998
2024-06-17 02:00:00+00:00,14122.59097044998
2024-06-17 04:00:00+00:00,14122.59097044998
2024-06-17 06:00:00+00:00,14122.59097044998
2024-06-17 08:00:00+00:00,14122.59097044998
2024-06-17 10:00:00+00:00,14122.59097044998
2024-06-17 12:00:00+00:00,14122.59097044998
2024-06-17 14:00:00+00:00,14122.59097044998
2024-06-17 16:00:00+00:00,14122.59097044998
2024-06-17 18:00:00+00:00,14122.59097044998
2024-06-17 20:00:00+00:00,14122.59097044998
2024-06-17 22:00:00+00:00,14122.59097044998
2024-06-18 00:00:00+00:00,14122.59097044998
2024-06-18 02:00:00+00:00,14122.59097044998
2024-06-18 04:00:00+00:00,14122.59097044998
2024-06-18 06:00:00+00:00,14122.59097044998
2024-06-18 08:00:00+00:00,14122.59097044998
2024-06-18 10:00:00+00:00,14122.59097044998
2024-06-18 12:00:00+00:00,14122.59097044998
2024-06-18 14:00:00+00:00,14122.59097044998
2024-06-18 16:00:00+00:00,14122.59097044998
2024-06-18 18:00:00+00:00,14122.59097044998
2024-06-18 20:00:00+00:00,14122.59097044998
2024-06-18 22:00:00+00:00,14122.59097044998
2024-06-19 00:00:00+00:00,14122.59097044998
2024-06-19 02:00:00+00:00,14122.59097044998
2024-06-19 04:00:00+00:00,14122.59097044998
2024-06-19 06:00:00+00:00,14122.59097044998
2024-06-19 08:00:00+00:00,14122.59097044998
2024-06-19 10:00:00+00:00,14122.59097044998
2024-06-19 12:00:00+00:00,14122.59097044998
2024-06-19 14:00:00+00:00,14122.59097044998
2024-06-19 16:00:00+00:00,14122.59097044998
2024-06-19 18:00:00+00:00,14122.59097044998
2024-06-19 20:00:00+00:00,14122.59097044998
2024-06-19 22:00:00+00:00,14122.59097044998
2024-06-20 00:00:00+00:00,14122.59097044998
2024-06-20 02:00:00+00:00,14122.59097044998
2024-06-20 04:00:00+00:00,14122.59097044998
2024-06-20 06:00:00+00:00,14122.59097044998
2024-06-20 08:00:00+00:00,14122.59097044998
2024-06-20 10:00:00+00:00,14122.59097044998
2024-06-20 12:00:00+00:00,14122.59097044998
2024-06-20 14:00:00+00:00,14122.59097044998
2024-06-20 16:00:00+00:00,14122.59097044998
2024-06-20 18:00:00+00:00,14122.59097044998
2024-06-20 20:00:00+00:00,14122.59097044998
2024-06-20 22:00:00+00:00,14122.59097044998
2024-06-21 00:00:00+00:00,14122.59097044998
2024-06-21 02:00:00+00:00,14122.59097044998
2024-06-21 04:00:00+00:00,14122.59097044998
2024-06-21 06:00:00+00:00,14122.59097044998
2024-06-21 08:00:00+00:00,14122.59097044998
2024-06-21 10:00:00+00:00,14122.59097044998
2024-06-21 12:00:00+00:00,14122.59097044998
2024-06-21 14:00:00+00:00,14122.59097044998
2024-06-21 16:00:00+00:00,14122.59097044998
2024-06-21 18:00:00+00:00,14122.59097044998
2024-06-21 20:00:00+00:00,14122.59097044998
2024-06-21 22:00:00+00:00,14122.59097044998
2024-06-22 00:00:00+00:00,14122.59097044998
2024-06-22 02:00:00+00:00,14122.59097044998
2024-06-22 04:00:00+00:00,14122.59097044998
2024-06-22 06:00:00+00:00,14122.59097044998
2024-06-22 08:00:00+00:00,14122.59097044998
2024-06-22 10:00:00+00:00,14122.59097044998
2024-06-22 12:00:00+00:00,14122.59097044998
2024-06-22 14:00:00+00:00,14122.59097044998
2024-06-22 16:00:00+00:00,14122.59097044998
2024-06-22 18:00:00+00:00,14122.59097044998
2024-06-22 20:00:00+00:00,14122.59097044998
2024-06-22 22:00:00+00:00,14122.59097044998
2024-06-23 00:00:00+00:00,14122.59097044998
2024-06-23 02:00:00+00:00,14122.59097044998
2024-06-23 04:00:00+00:00,14122.59097044998
2024-06-23 06:00:00+00:00,14122.59097044998
2024-06-23 08:00:00+00:00,14122.59097044998
2024-06-23 10:00:00+00:00,14122.59097044998
2024-06-23 12:00:00+00:00,14122.59097044998
2024-06-23 14:00:00+00:00,14122.59097044998
2024-06-23 16:00:00+00:00,14122.59097044998
2024-06-23 18:00:00+00:00,14122.59097044998
2024-06-23 20:00:00+00:00,14122.59097044998
2024-06-23 22:00:00+00:00,14122.59097044998
2024-06-24 00:00:00+00:00,14122.59097044998
2024-06-24 02:00:00+00:00,14122.59097044998
2024-06-24 04:00:00+00:00,14122.59097044998
2024-06-24 06:00:00+00:00,14122.59097044998
2024-06-24 08:00:00+00:00,14122.59097044998
2024-06-24 10:00:00+00:00,14122.59097044998
2024-06-24 12:00:00+00:00,14122.59097044998
2024-06-24 14:00:00+00:00,14122.59097044998
2024-06-24 16:00:00+00:00,14122.59097044998
2024-06-24 18:00:00+00:00,14122.59097044998
2024-06-24 20:00:00+00:00,14122.59097044998
2024-06-24 22:00:00+00:00,14122.59097044998
2024-06-25 00:00:00+00:00,14122.59097044998
2024-06-25 02:00:00+00:00,14122.59097044998
2024-06-25 04:00:00+00:00,14122.59097044998
2024-06-25 06:00:00+00:00,14122.59097044998
2024-06-25 08:00:00+00:00,14122.59097044998
2024-06-25 10:00:00+00:00,14122.59097044998
2024-06-25 12:00:00+00:00,14122.59097044998
2024-06-25 14:00:00+00:00,14122.59097044998
2024-06-25 16:00:00+00:00,13824.191100967935
2024-06-25 18:00:00+00:00,13944.821040766958
2024-06-25 20:00:00+00:00,13833.84149615186
2024-06-25 22:00:00+00:00,13795.239915416172
2024-06-26 00:00:00+00:00,14048.751613161974
2024-06-26 02:00:00+00:00,13918.471278179028
2024-06-26 04:00:00+00:00,13836.442919115692
2024-06-26 06:00:00+00:00,13981.19884687452
2024-06-26 08:00:00+00:00,13664.526194012034
2024-06-26 10:00:00+00:00,13664.526194012034
2024-06-26 12:00:00+00:00,13664.526194012034
2024-06-26 14:00:00+00:00,13664.526194012034
2024-06-26 16:00:00+00:00,13664.526194012034
2024-06-26 18:00:00+00:00,13664.526194012034
2024-06-26 20:00:00+00:00,13664.526194012034
2024-06-26 22:00:00+00:00,13664.526194012034
2024-06-27 00:00:00+00:00,13664.526194012034
2024-06-27 02:00:00+00:00,13664.526194012034
2024-06-27 04:00:00+00:00,13664.526194012034
2024-06-27 06:00:00+00:00,13664.526194012034
2024-06-27 08:00:00+00:00,13664.526194012034
2024-06-27 10:00:00+00:00,13664.526194012034
2024-06-27 12:00:00+00:00,13664.526194012034
2024-06-27 14:00:00+00:00,13664.526194012034
2024-06-27 16:00:00+00:00,13664.526194012034
2024-06-27 18:00:00+00:00,13664.526194012034
2024-06-27 20:00:00+00:00,13664.526194012034
2024-06-27 22:00:00+00:00,13664.526194012034
2024-06-28 00:00:00+00:00,13664.526194012034
2024-06-28 02:00:00+00:00,13664.526194012034
2024-06-28 04:00:00+00:00,13664.526194012034
2024-06-28 06:00:00+00:00,13664.526194012034
2024-06-28 08:00:00+00:00,13664.526194012034
2024-06-28 10:00:00+00:00,13664.526194012034
2024-06-28 12:00:00+00:00,13664.526194012034
2024-06-28 14:00:00+00:00,13664.526194012034
2024-06-28 16:00:00+00:00,13664.526194012034
2024-06-28 18:00:00+00:00,13664.526194012034
2024-06-28 20:00:00+00:00,13664.526194012034
2024-06-28 22:00:00+00:00,13664.526194012034
2024-06-29 00:00:00+00:00,13664.526194012034
2024-06-29 02:00:00+00:00,13664.526194012034
2024-06-29 04:00:00+00:00,13664.526194012034
2024-06-29 06:00:00+00:00,13664.526194012034
2024-06-29 08:00:00+00:00,13664.526194012034
2024-06-29 10:00:00+00:00,13664.526194012034
2024-06-29 12:00:00+00:00,13664.526194012034
2024-06-29 14:00:00+00:00,13664.526194012034
2024-06-29 16:00:00+00:00,13664.526194012034
2024-06-29 18:00:00+00:00,13664.526194012034
2024-06-29 20:00:00+00:00,13664.526194012034
2024-06-29 22:00:00+00:00,13664.526194012034
2024-06-30 00:00:00+00:00,13664.526194012034
2024-06-30 02:00:00+00:00,13664.526194012034
2024-06-30 04:00:00+00:00,13664.526194012034
2024-06-30 06:00:00+00:00,13664.526194012034
2024-06-30 08:00:00+00:00,13664.526194012034
2024-06-30 10:00:00+00:00,13664.526194012034
2024-06-30 12:00:00+00:00,13664.526194012034
2024-06-30 14:00:00+00:00,13664.526194012034
2024-06-30 16:00:00+00:00,13664.526194012034
2024-06-30 18:00:00+00:00,13664.526194012034
2024-06-30 20:00:00+00:00,13664.526194012034
2024-06-30 22:00:00+00:00,13664.526194012034
2024-07-01 00:00:00+00:00,13664.526194012034
2024-07-01 02:00:00+00:00,13664.526194012034
2024-07-01 04:00:00+00:00,13664.526194012034
2024-07-01 06:00:00+00:00,13664.526194012034
2024-07-01 08:00:00+00:00,13664.526194012034
2024-07-01 10:00:00+00:00,13664.526194012034
2024-07-01 12:00:00+00:00,13664.526194012034
2024-07-01 14:00:00+00:00,13664.526194012034
2024-07-01 16:00:00+00:00,13664.526194012034
2024-07-01 18:00:00+00:00,13664.526194012034
2024-07-01 20:00:00+00:00,13664.526194012034
2024-07-01 22:00:00+00:00,13664.526194012034
2024-07-02 00:00:00+00:00,13664.526194012034
2024-07-02 02:00:00+00:00,13664.526194012034
2024-07-02 04:00:00+00:00,13664.526194012034
2024-07-02 06:00:00+00:00,13664.526194012034
2024-07-02 08:00:00+00:00,13664.526194012034
2024-07-02 10:00:00+00:00,13664.526194012034
2024-07-02 12:00:00+00:00,13664.526194012034
2024-07-02 14:00:00+00:00,13664.526194012034
2024-07-02 16:00:00+00:00,13664.526194012034
2024-07-02 18:00:00+00:00,13664.526194012034
2024-07-02 20:00:00+00:00,13664.526194012034
2024-07-02 22:00:00+00:00,13664.526194012034
2024-07-03 00:00:00+00:00,13664.526194012034
2024-07-03 02:00:00+00:00,13664.526194012034
2024-07-03 04:00:00+00:00,13664.526194012034
2024-07-03 06:00:00+00:00,13664.526194012034
2024-07-03 08:00:00+00:00,13664.526194012034
2024-07-03 10:00:00+00:00,13664.526194012034
2024-07-03 12:00:00+00:00,13664.526194012034
2024-07-03 14:00:00+00:00,13664.526194012034
2024-07-03 16:00:00+00:00,13664.526194012034
2024-07-03 18:00:00+00:00,13664.526194012034
2024-07-03 20:00:00+00:00,13664.526194012034
2024-07-03 22:00:00+00:00,13664.526194012034
2024-07-04 00:00:00+00:00,13664.526194012034
2024-07-04 02:00:00+00:00,13664.526194012034
2024-07-04 04:00:00+00:00,13664.526194012034
2024-07-04 06:00:00+00:00,13664.526194012034
2024-07-04 08:00:00+00:00,13664.526194012034
2024-07-04 10:00:00+00:00,13664.526194012034
2024-07-04 12:00:00+00:00,13664.526194012034
2024-07-04 14:00:00+00:00,13664.526194012034
2024-07-04 16:00:00+00:00,13664.526194012034
2024-07-04 18:00:00+00:00,13664.526194012034
2024-07-04 20:00:00+00:00,13664.526194012034
2024-07-04 22:00:00+00:00,13664.526194012034
2024-07-05 00:00:00+00:00,13664.526194012034
2024-07-05 02:00:00+00:00,13664.526194012034
2024-07-05 04:00:00+00:00,13664.526194012034
2024-07-05 06:00:00+00:00,13664.526194012034
2024-07-05 08:00:00+00:00,13664.526194012034
2024-07-05 10:00:00+00:00,13664.526194012034
2024-07-05 12:00:00+00:00,13664.526194012034
2024-07-05 14:00:00+00:00,13664.526194012034
2024-07-05 16:00:00+00:00,13664.526194012034
2024-07-05 18:00:00+00:00,13664.526194012034
2024-07-05 20:00:00+00:00,13664.526194012034
2024-07-05 22:00:00+00:00,13664.526194012034
2024-07-06 00:00:00+00:00,13664.526194012034
2024-07-06 02:00:00+00:00,13664.526194012034
2024-07-06 04:00:00+00:00,13664.526194012034
2024-07-06 06:00:00+00:00,13664.526194012034
2024-07-06 08:00:00+00:00,13664.526194012034
2024-07-06 10:00:00+00:00,13664.526194012034
2024-07-06 12:00:00+00:00,13664.526194012034
2024-07-06 14:00:00+00:00,13664.526194012034
2024-07-06 16:00:00+00:00,13664.526194012034
2024-07-06 18:00:00+00:00,13664.526194012034
2024-07-06 20:00:00+00:00,13664.526194012034
2024-07-06 22:00:00+00:00,13664.526194012034
2024-07-07 00:00:00+00:00,13664.526194012034
2024-07-07 02:00:00+00:00,13664.526194012034
2024-07-07 04:00:00+00:00,13664.526194012034
2024-07-07 06:00:00+00:00,13664.526194012034
2024-07-07 08:00:00+00:00,13664.526194012034
2024-07-07 10:00:00+00:00,13664.526194012034
2024-07-07 12:00:00+00:00,13664.526194012034
2024-07-07 14:00:00+00:00,13664.526194012034
2024-07-07 16:00:00+00:00,13664.526194012034
2024-07-07 18:00:00+00:00,13664.526194012034
2024-07-07 20:00:00+00:00,13664.526194012034
2024-07-07 22:00:00+00:00,13664.526194012034
2024-07-08 00:00:00+00:00,13664.526194012034
2024-07-08 02:00:00+00:00,13664.526194012034
2024-07-08 04:00:00+00:00,13664.526194012034
2024-07-08 06:00:00+00:00,13664.526194012034
2024-07-08 08:00:00+00:00,13664.526194012034
2024-07-08 10:00:00+00:00,13664.526194012034
2024-07-08 12:00:00+00:00,13664.526194012034
2024-07-08 14:00:00+00:00,13664.526194012034
2024-07-08 16:00:00+00:00,13664.526194012034
2024-07-08 18:00:00+00:00,13664.526194012034
2024-07-08 20:00:00+00:00,13664.526194012034
2024-07-08 22:00:00+00:00,13664.526194012034
2024-07-09 00:00:00+00:00,13664.526194012034
2024-07-09 02:00:00+00:00,13664.526194012034
2024-07-09 04:00:00+00:00,13664.526194012034
2024-07-09 06:00:00+00:00,13664.526194012034
2024-07-09 08:00:00+00:00,13664.526194012034
2024-07-09 10:00:00+00:00,13664.526194012034
2024-07-09 12:00:00+00:00,13664.526194012034
2024-07-09 14:00:00+00:00,13664.526194012034
2024-07-09 16:00:00+00:00,13664.526194012034
2024-07-09 18:00:00+00:00,13664.526194012034
2024-07-09 20:00:00+00:00,13664.526194012034
2024-07-09 22:00:00+00:00,13664.526194012034
2024-07-10 00:00:00+00:00,13664.526194012034
2024-07-10 02:00:00+00:00,13664.526194012034
2024-07-10 04:00:00+00:00,13664.526194012034
2024-07-10 06:00:00+00:00,13664.526194012034
2024-07-10 08:00:00+00:00,13664.526194012034
2024-07-10 10:00:00+00:00,13664.526194012034
2024-07-10 12:00:00+00:00,13664.526194012034
2024-07-10 14:00:00+00:00,13664.526194012034
2024-07-10 16:00:00+00:00,13664.526194012034
2024-07-10 18:00:00+00:00,13664.526194012034
2024-07-10 20:00:00+00:00,13664.526194012034
2024-07-10 22:00:00+00:00,13664.526194012034
2024-07-11 00:00:00+00:00,13664.526194012034
2024-07-11 02:00:00+00:00,13664.526194012034
2024-07-11 04:00:00+00:00,13664.526194012034
2024-07-11 06:00:00+00:00,13664.526194012034
2024-07-11 08:00:00+00:00,13664.526194012034
2024-07-11 10:00:00+00:00,13664.526194012034
2024-07-11 12:00:00+00:00,13664.526194012034
2024-07-11 14:00:00+00:00,13664.526194012034
2024-07-11 16:00:00+00:00,13664.526194012034
2024-07-11 18:00:00+00:00,13664.526194012034
2024-07-11 20:00:00+00:00,13664.526194012034
2024-07-11 22:00:00+00:00,13664.526194012034
2024-07-12 00:00:00+00:00,13664.526194012034
2024-07-12 02:00:00+00:00,13664.526194012034
2024-07-12 04:00:00+00:00,13664.526194012034
2024-07-12 06:00:00+00:00,13664.526194012034
2024-07-12 08:00:00+00:00,13664.526194012034
2024-07-12 10:00:00+00:00,13664.526194012034
2024-07-12 12:00:00+00:00,13664.526194012034
2024-07-12 14:00:00+00:00,13664.526194012034
2024-07-12 16:00:00+00:00,13664.526194012034
2024-07-12 18:00:00+00:00,13664.526194012034
2024-07-12 20:00:00+00:00,13664.526194012034
2024-07-12 22:00:00+00:00,13664.526194012034
2024-07-13 00:00:00+00:00,13664.526194012034
2024-07-13 02:00:00+00:00,13664.526194012034
2024-07-13 04:00:00+00:00,13664.526194012034
2024-07-13 06:00:00+00:00,13664.526194012034
2024-07-13 08:00:00+00:00,13664.526194012034
2024-07-13 10:00:00+00:00,13664.526194012034
2024-07-13 12:00:00+00:00,13664.526194012034
2024-07-13 14:00:00+00:00,13664.526194012034
2024-07-13 16:00:00+00:00,13664.526194012034
2024-07-13 18:00:00+00:00,13664.526194012034
2024-07-13 20:00:00+00:00,13664.526194012034
2024-07-13 22:00:00+00:00,13664.526194012034
2024-07-14 00:00:00+00:00,13664.526194012034
2024-07-14 02:00:00+00:00,13664.526194012034
2024-07-14 04:00:00+00:00,13664.526194012034
2024-07-14 06:00:00+00:00,13664.526194012034
2024-07-14 08:00:00+00:00,13664.526194012034
2024-07-14 10:00:00+00:00,13664.526194012034
2024-07-14 12:00:00+00:00,13664.526194012034
2024-07-14 14:00:00+00:00,13664.526194012034
2024-07-14 16:00:00+00:00,13664.526194012034
2024-07-14 18:00:00+00:00,13664.526194012034
2024-07-14 20:00:00+00:00,13664.526194012034
2024-07-14 22:00:00+00:00,13664.526194012034
2024-07-15 00:00:00+00:00,13704.6718113485
2024-07-15 02:00:00+00:00,13882.415765967957
2024-07-15 04:00:00+00:00,13784.350135833083
2024-07-15 06:00:00+00:00,14041.772414937124
2024-07-15 08:00:00+00:00,13899.39889437675
2024-07-15 10:00:00+00:00,13874.882486843035
2024-07-15 12:00:00+00:00,14040.368237695631
2024-07-15 14:00:00+00:00,14058.75554334592
2024-07-15 16:00:00+00:00,14290.256011854372
2024-07-15 18:00:00+00:00,14798.971468179026
2024-07-15 20:00:00+00:00,14786.713264412167
2024-07-15 22:00:00+00:00,14854.133385129893
2024-07-16 00:00:00+00:00,15110.06996993739
2024-07-16 02:00:00+00:00,15281.684822673418
2024-07-16 04:00:00+00:00,14669.356451839345
2024-07-16 06:00:00+00:00,14669.356451839345
2024-07-16 08:00:00+00:00,14669.356451839345
2024-07-16 10:00:00+00:00,14669.356451839345
2024-07-16 12:00:00+00:00,14669.356451839345
2024-07-16 14:00:00+00:00,14669.356451839345
2024-07-16 16:00:00+00:00,14669.356451839345
2024-07-16 18:00:00+00:00,14669.356451839345
2024-07-16 20:00:00+00:00,14669.356451839345
2024-07-16 22:00:00+00:00,14669.356451839345
2024-07-17 00:00:00+00:00,14669.356451839345
2024-07-17 02:00:00+00:00,14669.356451839345
2024-07-17 04:00:00+00:00,14669.356451839345
2024-07-17 06:00:00+00:00,14669.356451839345
2024-07-17 08:00:00+00:00,14669.356451839345
2024-07-17 10:00:00+00:00,14669.356451839345
2024-07-17 12:00:00+00:00,14669.356451839345
2024-07-17 14:00:00+00:00,14669.356451839345
2024-07-17 16:00:00+00:00,14669.356451839345
2024-07-17 18:00:00+00:00,14669.356451839345
2024-07-17 20:00:00+00:00,14669.356451839345
2024-07-17 22:00:00+00:00,14669.356451839345
2024-07-18 00:00:00+00:00,14669.356451839345
2024-07-18 02:00:00+00:00,14669.356451839345
2024-07-18 04:00:00+00:00,14669.356451839345
2024-07-18 06:00:00+00:00,14669.356451839345
2024-07-18 08:00:00+00:00,14669.356451839345
2024-07-18 10:00:00+00:00,14669.356451839345
2024-07-18 12:00:00+00:00,14669.356451839345
2024-07-18 14:00:00+00:00,14669.356451839345
2024-07-18 16:00:00+00:00,14669.356451839345
2024-07-18 18:00:00+00:00,14669.356451839345
2024-07-18 20:00:00+00:00,14669.356451839345
2024-07-18 22:00:00+00:00,14669.356451839345
2024-07-19 00:00:00+00:00,14669.356451839345
2024-07-19 02:00:00+00:00,14669.356451839345
2024-07-19 04:00:00+00:00,14669.356451839345
2024-07-19 06:00:00+00:00,14669.356451839345
2024-07-19 08:00:00+00:00,14669.356451839345
2024-07-19 10:00:00+00:00,14669.356451839345
2024-07-19 12:00:00+00:00,14669.356451839345
2024-07-19 14:00:00+00:00,14669.356451839345
2024-07-19 16:00:00+00:00,14669.356451839345
2024-07-19 18:00:00+00:00,14669.356451839345
2024-07-19 20:00:00+00:00,14669.356451839345
2024-07-19 22:00:00+00:00,14669.356451839345
2024-07-20 00:00:00+00:00,14669.356451839345
2024-07-20 02:00:00+00:00,14669.356451839345
2024-07-20 04:00:00+00:00,14669.356451839345
2024-07-20 06:00:00+00:00,14669.356451839345
2024-07-20 08:00:00+00:00,14669.356451839345
2024-07-20 10:00:00+00:00,14669.356451839345
2024-07-20 12:00:00+00:00,14669.356451839345
2024-07-20 14:00:00+00:00,14669.356451839345
2024-07-20 16:00:00+00:00,14669.356451839345
2024-07-20 18:00:00+00:00,14669.356451839345
2024-07-20 20:00:00+00:00,14669.356451839345
2024-07-20 22:00:00+00:00,14669.356451839345
2024-07-21 00:00:00+00:00,14669.356451839345
2024-07-21 02:00:00+00:00,14669.356451839345
2024-07-21 04:00:00+00:00,14669.356451839345
2024-07-21 06:00:00+00:00,14669.356451839345
2024-07-21 08:00:00+00:00,14669.356451839345
2024-07-21 10:00:00+00:00,14669.356451839345
2024-07-21 12:00:00+00:00,14669.356451839345
2024-07-21 14:00:00+00:00,14669.356451839345
2024-07-21 16:00:00+00:00,14669.356451839345
2024-07-21 18:00:00+00:00,14669.356451839345
2024-07-21 20:00:00+00:00,14669.356451839345
2024-07-21 22:00:00+00:00,14669.356451839345
2024-07-22 00:00:00+00:00,14669.356451839345
2024-07-22 02:00:00+00:00,14669.356451839345
2024-07-22 04:00:00+00:00,14669.356451839345
2024-07-22 06:00:00+00:00,14669.356451839345
2024-07-22 08:00:00+00:00,14669.356451839345
2024-07-22 10:00:00+00:00,14669.356451839345
2024-07-22 12:00:00+00:00,14669.356451839345
2024-07-22 14:00:00+00:00,14669.356451839345
2024-07-22 16:00:00+00:00,14669.356451839345
2024-07-22 18:00:00+00:00,14669.356451839345
2024-07-22 20:00:00+00:00,14669.356451839345
2024-07-22 22:00:00+00:00,14669.356451839345
2024-07-23 00:00:00+00:00,14669.356451839345
2024-07-23 02:00:00+00:00,14669.356451839345
2024-07-23 04:00:00+00:00,14669.356451839345
2024-07-23 06:00:00+00:00,14669.356451839345
2024-07-23 08:00:00+00:00,14669.356451839345
2024-07-23 10:00:00+00:00,14669.356451839345
2024-07-23 12:00:00+00:00,14669.356451839345
2024-07-23 14:00:00+00:00,14669.356451839345
2024-07-23 16:00:00+00:00,14669.356451839345
2024-07-23 18:00:00+00:00,14669.356451839345
2024-07-23 20:00:00+00:00,14669.356451839345
2024-07-23 22:00:00+00:00,14669.356451839345
2024-07-24 00:00:00+00:00,14669.356451839345
2024-07-24 02:00:00+00:00,14669.356451839345
2024-07-24 04:00:00+00:00,14669.356451839345
2024-07-24 06:00:00+00:00,14669.356451839345
2024-07-24 08:00:00+00:00,14669.356451839345
2024-07-24 10:00:00+00:00,14669.356451839345
2024-07-24 12:00:00+00:00,14669.356451839345
2024-07-24 14:00:00+00:00,14669.356451839345
2024-07-24 16:00:00+00:00,14669.356451839345
2024-07-24 18:00:00+00:00,14669.356451839345
2024-07-24 20:00:00+00:00,14669.356451839345
2024-07-24 22:00:00+00:00,14669.356451839345
2024-07-25 00:00:00+00:00,14669.356451839345
2024-07-25 02:00:00+00:00,14669.356451839345
2024-07-25 04:00:00+00:00,14669.356451839345
2024-07-25 06:00:00+00:00,14669.356451839345
2024-07-25 08:00:00+00:00,14669.356451839345
2024-07-25 10:00:00+00:00,14669.356451839345
2024-07-25 12:00:00+00:00,14669.356451839345
2024-07-25 14:00:00+00:00,14669.356451839345
2024-07-25 16:00:00+00:00,14669.356451839345
2024-07-25 18:00:00+00:00,14669.356451839345
2024-07-25 20:00:00+00:00,14669.356451839345
2024-07-25 22:00:00+00:00,14669.356451839345
2024-07-26 00:00:00+00:00,14669.356451839345
2024-07-26 02:00:00+00:00,14669.356451839345
2024-07-26 04:00:00+00:00,14669.356451839345
2024-07-26 06:00:00+00:00,14669.356451839345
2024-07-26 08:00:00+00:00,14669.356451839345
2024-07-26 10:00:00+00:00,14669.356451839345
2024-07-26 12:00:00+00:00,14669.356451839345
2024-07-26 14:00:00+00:00,14669.356451839345
2024-07-26 16:00:00+00:00,14669.356451839345
2024-07-26 18:00:00+00:00,14669.356451839345
2024-07-26 20:00:00+00:00,14669.356451839345
2024-07-26 22:00:00+00:00,14669.356451839345
2024-07-27 00:00:00+00:00,14669.356451839345
2024-07-27 02:00:00+00:00,14669.356451839345
2024-07-27 04:00:00+00:00,14669.356451839345
2024-07-27 06:00:00+00:00,14669.356451839345
2024-07-27 08:00:00+00:00,14669.356451839345
2024-07-27 10:00:00+00:00,14669.356451839345
2024-07-27 12:00:00+00:00,14669.356451839345
2024-07-27 14:00:00+00:00,14669.356451839345
2024-07-27 16:00:00+00:00,14669.356451839345
2024-07-27 18:00:00+00:00,14669.356451839345
2024-07-27 20:00:00+00:00,14669.356451839345
2024-07-27 22:00:00+00:00,14669.356451839345
2024-07-28 00:00:00+00:00,14669.356451839345
2024-07-28 02:00:00+00:00,14669.356451839345
2024-07-28 04:00:00+00:00,14669.356451839345
2024-07-28 06:00:00+00:00,14669.356451839345
2024-07-28 08:00:00+00:00,14669.356451839345
2024-07-28 10:00:00+00:00,14669.356451839345
2024-07-28 12:00:00+00:00,14669.356451839345
2024-07-28 14:00:00+00:00,14669.356451839345
2024-07-28 16:00:00+00:00,14669.356451839345
2024-07-28 18:00:00+00:00,14669.356451839345
2024-07-28 20:00:00+00:00,14669.356451839345
2024-07-28 22:00:00+00:00,14669.356451839345
2024-07-29 00:00:00+00:00,14669.356451839345
2024-07-29 02:00:00+00:00,14669.356451839345
2024-07-29 04:00:00+00:00,14669.356451839345
2024-07-29 06:00:00+00:00,14669.356451839345
2024-07-29 08:00:00+00:00,14484.011525243215
2024-07-29 10:00:00+00:00,14435.9915947824
2024-07-29 12:00:00+00:00,14435.9915947824
2024-07-29 14:00:00+00:00,14260.095233661514
2024-07-29 16:00:00+00:00,14260.095233661514
2024-07-29 18:00:00+00:00,14260.095233661514
2024-07-29 20:00:00+00:00,14260.095233661514
2024-07-29 22:00:00+00:00,14260.095233661514
2024-07-30 00:00:00+00:00,14260.095233661514
2024-07-30 02:00:00+00:00,14260.095233661514
2024-07-30 04:00:00+00:00,14260.095233661514
2024-07-30 06:00:00+00:00,14260.095233661514
2024-07-30 08:00:00+00:00,14260.095233661514
2024-07-30 10:00:00+00:00,14260.095233661514
2024-07-30 12:00:00+00:00,14260.095233661514
2024-07-30 14:00:00+00:00,14260.095233661514
2024-07-30 16:00:00+00:00,14260.095233661514
2024-07-30 18:00:00+00:00,14260.095233661514
2024-07-30 20:00:00+00:00,14260.095233661514
2024-07-30 22:00:00+00:00,14260.095233661514
2024-07-31 00:00:00+00:00,14260.095233661514
2024-07-31 02:00:00+00:00,14260.095233661514
2024-07-31 04:00:00+00:00,14260.095233661514
2024-07-31 06:00:00+00:00,14260.095233661514
2024-07-31 08:00:00+00:00,14260.095233661514
2024-07-31 10:00:00+00:00,14260.095233661514
2024-07-31 12:00:00+00:00,14260.095233661514
2024-07-31 14:00:00+00:00,14260.095233661514
2024-07-31 16:00:00+00:00,14260.095233661514
2024-07-31 18:00:00+00:00,14260.095233661514
2024-07-31 20:00:00+00:00,14260.095233661514
2024-07-31 22:00:00+00:00,14260.095233661514
2024-08-01 00:00:00+00:00,14260.095233661514
2024-08-01 02:00:00+00:00,14260.095233661514
2024-08-01 04:00:00+00:00,14260.095233661514
2024-08-01 06:00:00+00:00,14260.095233661514
2024-08-01 08:00:00+00:00,14260.095233661514
2024-08-01 10:00:00+00:00,14260.095233661514
2024-08-01 12:00:00+00:00,14260.095233661514
2024-08-01 14:00:00+00:00,14260.095233661514
2024-08-01 16:00:00+00:00,14260.095233661514
2024-08-01 18:00:00+00:00,14260.095233661514
2024-08-01 20:00:00+00:00,14260.095233661514
2024-08-01 22:00:00+00:00,14260.095233661514
2024-08-02 00:00:00+00:00,14260.095233661514
2024-08-02 02:00:00+00:00,14260.095233661514
2024-08-02 04:00:00+00:00,14260.095233661514
2024-08-02 06:00:00+00:00,14260.095233661514
2024-08-02 08:00:00+00:00,14260.095233661514
2024-08-02 10:00:00+00:00,14260.095233661514
2024-08-02 12:00:00+00:00,14260.095233661514
2024-08-02 14:00:00+00:00,14260.095233661514
2024-08-02 16:00:00+00:00,14260.095233661514
2024-08-02 18:00:00+00:00,14260.095233661514
2024-08-02 20:00:00+00:00,14260.095233661514
2024-08-02 22:00:00+00:00,14260.095233661514
2024-08-03 00:00:00+00:00,14260.095233661514
2024-08-03 02:00:00+00:00,14260.095233661514
2024-08-03 04:00:00+00:00,14260.095233661514
2024-08-03 06:00:00+00:00,14260.095233661514
2024-08-03 08:00:00+00:00,14260.095233661514
2024-08-03 10:00:00+00:00,14260.095233661514
2024-08-03 12:00:00+00:00,14260.095233661514
2024-08-03 14:00:00+00:00,14260.095233661514
2024-08-03 16:00:00+00:00,14260.095233661514
2024-08-03 18:00:00+00:00,14260.095233661514
2024-08-03 20:00:00+00:00,14260.095233661514
2024-08-03 22:00:00+00:00,14260.095233661514
2024-08-04 00:00:00+00:00,14260.095233661514
2024-08-04 02:00:00+00:00,14260.095233661514
2024-08-04 04:00:00+00:00,14260.095233661514
2024-08-04 06:00:00+00:00,14260.095233661514
2024-08-04 08:00:00+00:00,14260.095233661514
2024-08-04 10:00:00+00:00,14260.095233661514
2024-08-04 12:00:00+00:00,14260.095233661514
2024-08-04 14:00:00+00:00,14260.095233661514
2024-08-04 16:00:00+00:00,14260.095233661514
2024-08-04 18:00:00+00:00,14260.095233661514
2024-08-04 20:00:00+00:00,14260.095233661514
2024-08-04 22:00:00+00:00,14260.095233661514
2024-08-05 00:00:00+00:00,14260.095233661514
2024-08-05 02:00:00+00:00,14260.095233661514
2024-08-05 04:00:00+00:00,14260.095233661514
2024-08-05 06:00:00+00:00,14260.095233661514
2024-08-05 08:00:00+00:00,14260.095233661514
2024-08-05 10:00:00+00:00,14260.095233661514
2024-08-05 12:00:00+00:00,14260.095233661514
2024-08-05 14:00:00+00:00,14260.095233661514
2024-08-05 16:00:00+00:00,14260.095233661514
2024-08-05 18:00:00+00:00,14260.095233661514
2024-08-05 20:00:00+00:00,14260.095233661514
2024-08-05 22:00:00+00:00,14260.095233661514
2024-08-06 00:00:00+00:00,14260.095233661514
2024-08-06 02:00:00+00:00,14260.095233661514
2024-08-06 04:00:00+00:00,14260.095233661514
2024-08-06 06:00:00+00:00,14260.095233661514
2024-08-06 08:00:00+00:00,14260.095233661514
2024-08-06 10:00:00+00:00,14260.095233661514
2024-08-06 12:00:00+00:00,14260.095233661514
2024-08-06 14:00:00+00:00,14260.095233661514
2024-08-06 16:00:00+00:00,14260.095233661514
2024-08-06 18:00:00+00:00,14260.095233661514
2024-08-06 20:00:00+00:00,14260.095233661514
2024-08-06 22:00:00+00:00,14260.095233661514
2024-08-07 00:00:00+00:00,14260.095233661514
2024-08-07 02:00:00+00:00,14260.095233661514
2024-08-07 04:00:00+00:00,14260.095233661514
2024-08-07 06:00:00+00:00,14260.095233661514
2024-08-07 08:00:00+00:00,14260.095233661514
2024-08-07 10:00:00+00:00,14260.095233661514
2024-08-07 12:00:00+00:00,14260.095233661514
2024-08-07 14:00:00+00:00,14260.095233661514
2024-08-07 16:00:00+00:00,14260.095233661514
2024-08-07 18:00:00+00:00,14260.095233661514
2024-08-07 20:00:00+00:00,14260.095233661514
2024-08-07 22:00:00+00:00,14260.095233661514
2024-08-08 00:00:00+00:00,14260.095233661514
2024-08-08 02:00:00+00:00,14260.095233661514
2024-08-08 04:00:00+00:00,14260.095233661514
2024-08-08 06:00:00+00:00,14260.095233661514
2024-08-08 08:00:00+00:00,14260.095233661514
2024-08-08 10:00:00+00:00,14260.095233661514
2024-08-08 12:00:00+00:00,14260.095233661514
2024-08-08 14:00:00+00:00,14260.095233661514
2024-08-08 16:00:00+00:00,14260.095233661514
2024-08-08 18:00:00+00:00,14260.095233661514
2024-08-08 20:00:00+00:00,14260.095233661514
2024-08-08 22:00:00+00:00,14260.095233661514
2024-08-09 00:00:00+00:00,14260.095233661514
2024-08-09 02:00:00+00:00,14260.095233661514
2024-08-09 04:00:00+00:00,14260.095233661514
2024-08-09 06:00:00+00:00,14260.095233661514
2024-08-09 08:00:00+00:00,14260.095233661514
2024-08-09 10:00:00+00:00,14260.095233661514
2024-08-09 12:00:00+00:00,14260.095233661514
2024-08-09 14:00:00+00:00,14260.095233661514
2024-08-09 16:00:00+00:00,14260.095233661514
2024-08-09 18:00:00+00:00,14260.095233661514
2024-08-09 20:00:00+00:00,14260.095233661514
2024-08-09 22:00:00+00:00,14260.095233661514
2024-08-10 00:00:00+00:00,14260.095233661514
2024-08-10 02:00:00+00:00,14260.095233661514
2024-08-10 04:00:00+00:00,14260.095233661514
2024-08-10 06:00:00+00:00,14260.095233661514
2024-08-10 08:00:00+00:00,14260.095233661514
2024-08-10 10:00:00+00:00,14260.095233661514
2024-08-10 12:00:00+00:00,14260.095233661514
2024-08-10 14:00:00+00:00,14260.095233661514
2024-08-10 16:00:00+00:00,14260.095233661514
2024-08-10 18:00:00+00:00,14260.095233661514
2024-08-10 20:00:00+00:00,14260.095233661514
2024-08-10 22:00:00+00:00,14260.095233661514
2024-08-11 00:00:00+00:00,14260.095233661514
2024-08-11 02:00:00+00:00,14260.095233661514
2024-08-11 04:00:00+00:00,14260.095233661514
2024-08-11 06:00:00+00:00,14260.095233661514
2024-08-11 08:00:00+00:00,14260.095233661514
2024-08-11 10:00:00+00:00,14260.095233661514
2024-08-11 12:00:00+00:00,14260.095233661514
2024-08-11 14:00:00+00:00,14260.095233661514
2024-08-11 16:00:00+00:00,14260.095233661514
2024-08-11 18:00:00+00:00,14260.095233661514
2024-08-11 20:00:00+00:00,14260.095233661514
2024-08-11 22:00:00+00:00,14260.095233661514
2024-08-12 00:00:00+00:00,14260.095233661514
2024-08-12 02:00:00+00:00,14260.095233661514
2024-08-12 04:00:00+00:00,14260.095233661514
2024-08-12 06:00:00+00:00,14260.095233661514
2024-08-12 08:00:00+00:00,14260.095233661514
2024-08-12 10:00:00+00:00,14260.095233661514
2024-08-12 12:00:00+00:00,14260.095233661514
2024-08-12 14:00:00+00:00,14260.095233661514
2024-08-12 16:00:00+00:00,14260.095233661514
2024-08-12 18:00:00+00:00,14260.095233661514
2024-08-12 20:00:00+00:00,14260.095233661514
2024-08-12 22:00:00+00:00,14260.095233661514
2024-08-13 00:00:00+00:00,14260.095233661514
2024-08-13 02:00:00+00:00,14260.095233661514
2024-08-13 04:00:00+00:00,14260.095233661514
2024-08-13 06:00:00+00:00,14260.095233661514
2024-08-13 08:00:00+00:00,14260.095233661514
2024-08-13 10:00:00+00:00,14260.095233661514
2024-08-13 12:00:00+00:00,14260.095233661514
2024-08-13 14:00:00+00:00,14260.095233661514
2024-08-13 16:00:00+00:00,14260.095233661514
2024-08-13 18:00:00+00:00,14260.095233661514
2024-08-13 20:00:00+00:00,14260.095233661514
2024-08-13 22:00:00+00:00,14260.095233661514
2024-08-14 00:00:00+00:00,14260.095233661514
2024-08-14 02:00:00+00:00,14260.095233661514
2024-08-14 04:00:00+00:00,14260.095233661514
2024-08-14 06:00:00+00:00,14260.095233661514
2024-08-14 08:00:00+00:00,14260.095233661514
2024-08-14 10:00:00+00:00,14260.095233661514
2024-08-14 12:00:00+00:00,14260.095233661514
2024-08-14 14:00:00+00:00,14260.095233661514
2024-08-14 16:00:00+00:00,14260.095233661514
2024-08-14 18:00:00+00:00,14260.095233661514
2024-08-14 20:00:00+00:00,14260.095233661514
2024-08-14 22:00:00+00:00,14260.095233661514
2024-08-15 00:00:00+00:00,14260.095233661514
2024-08-15 02:00:00+00:00,14260.095233661514
2024-08-15 04:00:00+00:00,14260.095233661514
2024-08-15 06:00:00+00:00,14260.095233661514
2024-08-15 08:00:00+00:00,14260.095233661514
2024-08-15 10:00:00+00:00,14260.095233661514
2024-08-15 12:00:00+00:00,14260.095233661514
2024-08-15 14:00:00+00:00,14260.095233661514
2024-08-15 16:00:00+00:00,14260.095233661514
2024-08-15 18:00:00+00:00,14260.095233661514
2024-08-15 20:00:00+00:00,14260.095233661514
2024-08-15 22:00:00+00:00,14260.095233661514
2024-08-16 00:00:00+00:00,14260.095233661514
2024-08-16 02:00:00+00:00,14260.095233661514
2024-08-16 04:00:00+00:00,14260.095233661514
2024-08-16 06:00:00+00:00,14260.095233661514
2024-08-16 08:00:00+00:00,14260.095233661514
2024-08-16 10:00:00+00:00,14260.095233661514
2024-08-16 12:00:00+00:00,14260.095233661514
2024-08-16 14:00:00+00:00,14260.095233661514
2024-08-16 16:00:00+00:00,14260.095233661514
2024-08-16 18:00:00+00:00,14260.095233661514
2024-08-16 20:00:00+00:00,14260.095233661514
2024-08-16 22:00:00+00:00,14260.095233661514
2024-08-17 00:00:00+00:00,14260.095233661514
2024-08-17 02:00:00+00:00,14260.095233661514
2024-08-17 04:00:00+00:00,14260.095233661514
2024-08-17 06:00:00+00:00,14260.095233661514
2024-08-17 08:00:00+00:00,14260.095233661514
2024-08-17 10:00:00+00:00,14260.095233661514
2024-08-17 12:00:00+00:00,14260.095233661514
2024-08-17 14:00:00+00:00,14260.095233661514
2024-08-17 16:00:00+00:00,14260.095233661514
2024-08-17 18:00:00+00:00,14260.095233661514
2024-08-17 20:00:00+00:00,14260.095233661514
2024-08-17 22:00:00+00:00,14260.095233661514
2024-08-18 00:00:00+00:00,14260.095233661514
2024-08-18 02:00:00+00:00,14260.095233661514
2024-08-18 04:00:00+00:00,14260.095233661514
2024-08-18 06:00:00+00:00,14260.095233661514
2024-08-18 08:00:00+00:00,14260.095233661514
2024-08-18 10:00:00+00:00,14260.095233661514
2024-08-18 12:00:00+00:00,14006.625930675082
2024-08-18 14:00:00+00:00,13982.518140777187
2024-08-18 16:00:00+00:00,13765.837867309607
2024-08-18 18:00:00+00:00,13765.837867309607
2024-08-18 20:00:00+00:00,13765.837867309607
2024-08-18 22:00:00+00:00,13765.837867309607
2024-08-19 00:00:00+00:00,13765.837867309607
2024-08-19 02:00:00+00:00,13765.837867309607
2024-08-19 04:00:00+00:00,13765.837867309607
2024-08-19 06:00:00+00:00,13765.837867309607
2024-08-19 08:00:00+00:00,13765.837867309607
2024-08-19 10:00:00+00:00,13765.837867309607
2024-08-19 12:00:00+00:00,13765.837867309607
2024-08-19 14:00:00+00:00,13765.837867309607
2024-08-19 16:00:00+00:00,13765.837867309607
2024-08-19 18:00:00+00:00,13765.837867309607
2024-08-19 20:00:00+00:00,13765.837867309607
2024-08-19 22:00:00+00:00,13765.837867309607
2024-08-20 00:00:00+00:00,13765.837867309607
2024-08-20 02:00:00+00:00,13765.837867309607
2024-08-20 04:00:00+00:00,13765.837867309607
2024-08-20 06:00:00+00:00,13765.837867309607
2024-08-20 08:00:00+00:00,13765.837867309607
2024-08-20 10:00:00+00:00,13765.837867309607
2024-08-20 12:00:00+00:00,13765.837867309607
2024-08-20 14:00:00+00:00,13765.837867309607
2024-08-20 16:00:00+00:00,13765.837867309607
2024-08-20 18:00:00+00:00,13765.837867309607
2024-08-20 20:00:00+00:00,13765.837867309607
2024-08-20 22:00:00+00:00,13765.837867309607
2024-08-21 00:00:00+00:00,13765.837867309607
2024-08-21 02:00:00+00:00,13765.837867309607
2024-08-21 04:00:00+00:00,13765.837867309607
2024-08-21 06:00:00+00:00,13765.837867309607
2024-08-21 08:00:00+00:00,13765.837867309607
2024-08-21 10:00:00+00:00,13765.837867309607
2024-08-21 12:00:00+00:00,13765.837867309607
2024-08-21 14:00:00+00:00,13765.837867309607
2024-08-21 16:00:00+00:00,13765.837867309607
2024-08-21 18:00:00+00:00,13765.837867309607
2024-08-21 20:00:00+00:00,13765.837867309607
2024-08-21 22:00:00+00:00,13765.837867309607
2024-08-22 00:00:00+00:00,13765.837867309607
2024-08-22 02:00:00+00:00,13765.837867309607
2024-08-22 04:00:00+00:00,13765.837867309607
2024-08-22 06:00:00+00:00,13765.837867309607
2024-08-22 08:00:00+00:00,13765.837867309607
2024-08-22 10:00:00+00:00,13765.837867309607
2024-08-22 12:00:00+00:00,13765.837867309607
2024-08-22 14:00:00+00:00,13765.837867309607
2024-08-22 16:00:00+00:00,13765.837867309607
2024-08-22 18:00:00+00:00,13765.837867309607
2024-08-22 20:00:00+00:00,13765.837867309607
2024-08-22 22:00:00+00:00,13765.837867309607
2024-08-23 00:00:00+00:00,13765.837867309607
2024-08-23 02:00:00+00:00,13765.837867309607
2024-08-23 04:00:00+00:00,13765.837867309607
2024-08-23 06:00:00+00:00,13765.837867309607
2024-08-23 08:00:00+00:00,13765.837867309607
2024-08-23 10:00:00+00:00,13765.837867309607
2024-08-23 12:00:00+00:00,13765.837867309607
2024-08-23 14:00:00+00:00,13765.837867309607
2024-08-23 16:00:00+00:00,13765.837867309607
2024-08-23 18:00:00+00:00,13765.837867309607
2024-08-23 20:00:00+00:00,13765.837867309607
2024-08-23 22:00:00+00:00,13765.837867309607
2024-08-24 00:00:00+00:00,13765.837867309607
2024-08-24 02:00:00+00:00,13765.837867309607
2024-08-24 04:00:00+00:00,13765.837867309607
2024-08-24 06:00:00+00:00,13765.837867309607
2024-08-24 08:00:00+00:00,13765.837867309607
2024-08-24 10:00:00+00:00,13765.837867309607
2024-08-24 12:00:00+00:00,13765.837867309607
2024-08-24 14:00:00+00:00,13765.837867309607
2024-08-24 16:00:00+00:00,13765.837867309607
2024-08-24 18:00:00+00:00,13765.837867309607
2024-08-24 20:00:00+00:00,13765.837867309607
2024-08-24 22:00:00+00:00,13765.837867309607
2024-08-25 00:00:00+00:00,13765.837867309607
2024-08-25 02:00:00+00:00,13765.837867309607
2024-08-25 04:00:00+00:00,13765.837867309607
2024-08-25 06:00:00+00:00,13765.837867309607
2024-08-25 08:00:00+00:00,13765.837867309607
2024-08-25 10:00:00+00:00,13765.837867309607
2024-08-25 12:00:00+00:00,13765.837867309607
2024-08-25 14:00:00+00:00,13765.837867309607
2024-08-25 16:00:00+00:00,13765.837867309607
2024-08-25 18:00:00+00:00,13765.837867309607
2024-08-25 20:00:00+00:00,13765.837867309607
2024-08-25 22:00:00+00:00,13765.837867309607
2024-08-26 00:00:00+00:00,13765.837867309607
2024-08-26 02:00:00+00:00,13765.837867309607
2024-08-26 04:00:00+00:00,13765.837867309607
2024-08-26 06:00:00+00:00,13765.837867309607
2024-08-26 08:00:00+00:00,13765.837867309607
2024-08-26 10:00:00+00:00,13765.837867309607
2024-08-26 12:00:00+00:00,13765.837867309607
2024-08-26 14:00:00+00:00,13765.837867309607
2024-08-26 16:00:00+00:00,13765.837867309607
2024-08-26 18:00:00+00:00,13765.837867309607
2024-08-26 20:00:00+00:00,13765.837867309607
2024-08-26 22:00:00+00:00,13765.837867309607
2024-08-27 00:00:00+00:00,13765.837867309607
2024-08-27 02:00:00+00:00,13765.837867309607
2024-08-27 04:00:00+00:00,13765.837867309607
2024-08-27 06:00:00+00:00,13765.837867309607
2024-08-27 08:00:00+00:00,13765.837867309607
2024-08-27 10:00:00+00:00,13765.837867309607
2024-08-27 12:00:00+00:00,13765.837867309607
2024-08-27 14:00:00+00:00,13765.837867309607
2024-08-27 16:00:00+00:00,13765.837867309607
2024-08-27 18:00:00+00:00,13765.837867309607
2024-08-27 20:00:00+00:00,13765.837867309607
2024-08-27 22:00:00+00:00,13765.837867309607
2024-08-28 00:00:00+00:00,13765.837867309607
2024-08-28 02:00:00+00:00,13765.837867309607
2024-08-28 04:00:00+00:00,13765.837867309607
2024-08-28 06:00:00+00:00,13765.837867309607
2024-08-28 08:00:00+00:00,13765.837867309607
2024-08-28 10:00:00+00:00,13765.837867309607
2024-08-28 12:00:00+00:00,13765.837867309607
2024-08-28 14:00:00+00:00,13765.837867309607
2024-08-28 16:00:00+00:00,13765.837867309607
2024-08-28 18:00:00+00:00,13765.837867309607
2024-08-28 20:00:00+00:00,13765.837867309607
2024-08-28 22:00:00+00:00,13765.837867309607
2024-08-29 00:00:00+00:00,13765.837867309607
2024-08-29 02:00:00+00:00,13765.837867309607
2024-08-29 04:00:00+00:00,13765.837867309607
2024-08-29 06:00:00+00:00,13765.837867309607
2024-08-29 08:00:00+00:00,13765.837867309607
2024-08-29 10:00:00+00:00,13765.837867309607
2024-08-29 12:00:00+00:00,13765.837867309607
2024-08-29 14:00:00+00:00,13765.837867309607
2024-08-29 16:00:00+00:00,13765.837867309607
2024-08-29 18:00:00+00:00,13765.837867309607
2024-08-29 20:00:00+00:00,13765.837867309607
2024-08-29 22:00:00+00:00,13765.837867309607
2024-08-30 00:00:00+00:00,13765.837867309607
2024-08-30 02:00:00+00:00,13765.837867309607
2024-08-30 04:00:00+00:00,13765.837867309607
2024-08-30 06:00:00+00:00,13765.837867309607
2024-08-30 08:00:00+00:00,13765.837867309607
2024-08-30 10:00:00+00:00,13765.837867309607
2024-08-30 12:00:00+00:00,13765.837867309607
2024-08-30 14:00:00+00:00,13765.837867309607
2024-08-30 16:00:00+00:00,13765.837867309607
2024-08-30 18:00:00+00:00,13765.837867309607
2024-08-30 20:00:00+00:00,13765.837867309607
2024-08-30 22:00:00+00:00,13765.837867309607
2024-08-31 00:00:00+00:00,13765.837867309607
2024-08-31 02:00:00+00:00,13765.837867309607
2024-08-31 04:00:00+00:00,13765.837867309607
2024-08-31 06:00:00+00:00,13765.837867309607
2024-08-31 08:00:00+00:00,13765.837867309607
2024-08-31 10:00:00+00:00,13765.837867309607
2024-08-31 12:00:00+00:00,13765.837867309607
2024-08-31 14:00:00+00:00,13765.837867309607
2024-08-31 16:00:00+00:00,13765.837867309607
2024-08-31 18:00:00+00:00,13765.837867309607
2024-08-31 20:00:00+00:00,13765.837867309607
2024-08-31 22:00:00+00:00,13765.837867309607
2024-09-01 00:00:00+00:00,13765.837867309607
2024-09-01 02:00:00+00:00,13765.837867309607
2024-09-01 04:00:00+00:00,13765.837867309607
2024-09-01 06:00:00+00:00,13765.837867309607
2024-09-01 08:00:00+00:00,13765.837867309607
2024-09-01 10:00:00+00:00,13765.837867309607
2024-09-01 12:00:00+00:00,13765.837867309607
2024-09-01 14:00:00+00:00,13765.837867309607
2024-09-01 16:00:00+00:00,13765.837867309607
2024-09-01 18:00:00+00:00,13765.837867309607
2024-09-01 20:00:00+00:00,13765.837867309607
2024-09-01 22:00:00+00:00,13765.837867309607
2024-09-02 00:00:00+00:00,13765.837867309607
2024-09-02 02:00:00+00:00,13765.837867309607
2024-09-02 04:00:00+00:00,13765.837867309607
2024-09-02 06:00:00+00:00,13765.837867309607
2024-09-02 08:00:00+00:00,13765.837867309607
2024-09-02 10:00:00+00:00,13765.837867309607
2024-09-02 12:00:00+00:00,13765.837867309607
2024-09-02 14:00:00+00:00,13765.837867309607
2024-09-02 16:00:00+00:00,13765.837867309607
2024-09-02 18:00:00+00:00,13765.837867309607
2024-09-02 20:00:00+00:00,13765.837867309607
2024-09-02 22:00:00+00:00,13765.837867309607
2024-09-03 00:00:00+00:00,13765.837867309607
2024-09-03 02:00:00+00:00,13765.837867309607
2024-09-03 04:00:00+00:00,13765.837867309607
2024-09-03 06:00:00+00:00,13765.837867309607
2024-09-03 08:00:00+00:00,13765.837867309607
2024-09-03 10:00:00+00:00,13765.837867309607
2024-09-03 12:00:00+00:00,13765.837867309607
2024-09-03 14:00:00+00:00,13765.837867309607
2024-09-03 16:00:00+00:00,13765.837867309607
2024-09-03 18:00:00+00:00,13765.837867309607
2024-09-03 20:00:00+00:00,13765.837867309607
2024-09-03 22:00:00+00:00,13765.837867309607
2024-09-04 00:00:00+00:00,13765.837867309607
2024-09-04 02:00:00+00:00,13765.837867309607
2024-09-04 04:00:00+00:00,13765.837867309607
2024-09-04 06:00:00+00:00,13765.837867309607
2024-09-04 08:00:00+00:00,13765.837867309607
2024-09-04 10:00:00+00:00,13765.837867309607
2024-09-04 12:00:00+00:00,13765.837867309607
2024-09-04 14:00:00+00:00,13765.837867309607
2024-09-04 16:00:00+00:00,13765.837867309607
2024-09-04 18:00:00+00:00,13765.837867309607
2024-09-04 20:00:00+00:00,13765.837867309607
2024-09-04 22:00:00+00:00,13765.837867309607
2024-09-05 00:00:00+00:00,13765.837867309607
2024-09-05 02:00:00+00:00,13765.837867309607
2024-09-05 04:00:00+00:00,13765.837867309607
2024-09-05 06:00:00+00:00,13765.837867309607
2024-09-05 08:00:00+00:00,13765.837867309607
2024-09-05 10:00:00+00:00,13765.837867309607
2024-09-05 12:00:00+00:00,13765.837867309607
2024-09-05 14:00:00+00:00,13765.837867309607
2024-09-05 16:00:00+00:00,13765.837867309607
2024-09-05 18:00:00+00:00,13765.837867309607
2024-09-05 20:00:00+00:00,13765.837867309607
2024-09-05 22:00:00+00:00,13765.837867309607
2024-09-06 00:00:00+00:00,13765.837867309607
2024-09-06 02:00:00+00:00,13765.837867309607
2024-09-06 04:00:00+00:00,13765.837867309607
2024-09-06 06:00:00+00:00,13765.837867309607
2024-09-06 08:00:00+00:00,13765.837867309607
2024-09-06 10:00:00+00:00,13765.837867309607
2024-09-06 12:00:00+00:00,13765.837867309607
2024-09-06 14:00:00+00:00,13765.837867309607
2024-09-06 16:00:00+00:00,13765.837867309607
2024-09-06 18:00:00+00:00,13765.837867309607
2024-09-06 20:00:00+00:00,13765.837867309607
2024-09-06 22:00:00+00:00,13765.837867309607
2024-09-07 00:00:00+00:00,13765.837867309607
2024-09-07 02:00:00+00:00,13765.837867309607
2024-09-07 04:00:00+00:00,13765.837867309607
2024-09-07 06:00:00+00:00,13765.837867309607
2024-09-07 08:00:00+00:00,13765.837867309607
2024-09-07 10:00:00+00:00,13765.837867309607
2024-09-07 12:00:00+00:00,13765.837867309607
2024-09-07 14:00:00+00:00,13765.837867309607
2024-09-07 16:00:00+00:00,13765.837867309607
2024-09-07 18:00:00+00:00,13765.837867309607
2024-09-07 20:00:00+00:00,13540.42317761534
2024-09-07 22:00:00+00:00,13489.105926806833
2024-09-08 00:00:00+00:00,13480.538884200974
2024-09-08 02:00:00+00:00,13722.463066583923
2024-09-08 04:00:00+00:00,13832.42860403072
2024-09-08 06:00:00+00:00,13707.800994924351
2024-09-08 08:00:00+00:00,13669.912413716374
2024-09-08 10:00:00+00:00,13567.277912099365
2024-09-08 12:00:00+00:00,13287.605733307411
2024-09-08 14:00:00+00:00,13287.605733307411
2024-09-08 16:00:00+00:00,13287.605733307411
2024-09-08 18:00:00+00:00,13287.605733307411
2024-09-08 20:00:00+00:00,13287.605733307411
2024-09-08 22:00:00+00:00,13287.605733307411
2024-09-09 00:00:00+00:00,13287.605733307411
2024-09-09 02:00:00+00:00,13287.605733307411
2024-09-09 04:00:00+00:00,13287.605733307411
2024-09-09 06:00:00+00:00,13287.605733307411
2024-09-09 08:00:00+00:00,13287.605733307411
2024-09-09 10:00:00+00:00,13287.605733307411
2024-09-09 12:00:00+00:00,13287.605733307411
2024-09-09 14:00:00+00:00,13287.605733307411
2024-09-09 16:00:00+00:00,13287.605733307411
2024-09-09 18:00:00+00:00,13287.605733307411
2024-09-09 20:00:00+00:00,13287.605733307411
2024-09-09 22:00:00+00:00,13287.605733307411
2024-09-10 00:00:00+00:00,13287.605733307411
2024-09-10 02:00:00+00:00,13287.605733307411
2024-09-10 04:00:00+00:00,13287.605733307411
2024-09-10 06:00:00+00:00,13287.605733307411
2024-09-10 08:00:00+00:00,13287.605733307411
2024-09-10 10:00:00+00:00,13287.605733307411
2024-09-10 12:00:00+00:00,13287.605733307411
2024-09-10 14:00:00+00:00,13287.605733307411
2024-09-10 16:00:00+00:00,13287.605733307411
2024-09-10 18:00:00+00:00,13287.605733307411
2024-09-10 20:00:00+00:00,13287.605733307411
2024-09-10 22:00:00+00:00,13287.605733307411
2024-09-11 00:00:00+00:00,13287.605733307411
2024-09-11 02:00:00+00:00,13287.605733307411
2024-09-11 04:00:00+00:00,13287.605733307411
2024-09-11 06:00:00+00:00,13287.605733307411
2024-09-11 08:00:00+00:00,13287.605733307411
2024-09-11 10:00:00+00:00,13287.605733307411
2024-09-11 12:00:00+00:00,13287.605733307411
2024-09-11 14:00:00+00:00,13287.605733307411
2024-09-11 16:00:00+00:00,13287.605733307411
2024-09-11 18:00:00+00:00,13287.605733307411
2024-09-11 20:00:00+00:00,13287.605733307411
2024-09-11 22:00:00+00:00,13287.605733307411
2024-09-12 00:00:00+00:00,13287.605733307411
2024-09-12 02:00:00+00:00,13287.605733307411
2024-09-12 04:00:00+00:00,13287.605733307411
2024-09-12 06:00:00+00:00,13287.605733307411
2024-09-12 08:00:00+00:00,13287.605733307411
2024-09-12 10:00:00+00:00,13287.605733307411
2024-09-12 12:00:00+00:00,13287.605733307411
2024-09-12 14:00:00+00:00,13287.605733307411
2024-09-12 16:00:00+00:00,13287.605733307411
2024-09-12 18:00:00+00:00,13287.605733307411
2024-09-12 20:00:00+00:00,13287.605733307411
2024-09-12 22:00:00+00:00,13287.605733307411
2024-09-13 00:00:00+00:00,13287.605733307411
2024-09-13 02:00:00+00:00,13287.605733307411
2024-09-13 04:00:00+00:00,13287.605733307411
2024-09-13 06:00:00+00:00,13287.605733307411
2024-09-13 08:00:00+00:00,13287.605733307411
2024-09-13 10:00:00+00:00,13287.605733307411
2024-09-13 12:00:00+00:00,13287.605733307411
2024-09-13 14:00:00+00:00,13287.605733307411
2024-09-13 16:00:00+00:00,13287.605733307411
2024-09-13 18:00:00+00:00,13287.605733307411
2024-09-13 20:00:00+00:00,13287.605733307411
2024-09-13 22:00:00+00:00,13287.605733307411
2024-09-14 00:00:00+00:00,13287.605733307411
2024-09-14 02:00:00+00:00,13287.605733307411
2024-09-14 04:00:00+00:00,13287.605733307411
2024-09-14 06:00:00+00:00,13287.605733307411
2024-09-14 08:00:00+00:00,13287.605733307411
2024-09-14 10:00:00+00:00,13287.605733307411
2024-09-14 12:00:00+00:00,13287.605733307411
2024-09-14 14:00:00+00:00,13287.605733307411
2024-09-14 16:00:00+00:00,13287.605733307411
2024-09-14 18:00:00+00:00,13287.605733307411
2024-09-14 20:00:00+00:00,13287.605733307411
2024-09-14 22:00:00+00:00,13287.605733307411
2024-09-15 00:00:00+00:00,13287.605733307411
2024-09-15 02:00:00+00:00,13287.605733307411
2024-09-15 04:00:00+00:00,13287.605733307411
2024-09-15 06:00:00+00:00,13287.605733307411
2024-09-15 08:00:00+00:00,13287.605733307411
2024-09-15 10:00:00+00:00,13287.605733307411
2024-09-15 12:00:00+00:00,13287.605733307411
2024-09-15 14:00:00+00:00,13287.605733307411
2024-09-15 16:00:00+00:00,13287.605733307411
2024-09-15 18:00:00+00:00,13287.605733307411
2024-09-15 20:00:00+00:00,13287.605733307411
2024-09-15 22:00:00+00:00,13287.605733307411
2024-09-16 00:00:00+00:00,13287.605733307411
2024-09-16 02:00:00+00:00,13287.605733307411
2024-09-16 04:00:00+00:00,13287.605733307411
2024-09-16 06:00:00+00:00,13287.605733307411
2024-09-16 08:00:00+00:00,13287.605733307411
2024-09-16 10:00:00+00:00,13287.605733307411
2024-09-16 12:00:00+00:00,13287.605733307411
2024-09-16 14:00:00+00:00,13287.605733307411
2024-09-16 16:00:00+00:00,13287.605733307411
2024-09-16 18:00:00+00:00,13287.605733307411
2024-09-16 20:00:00+00:00,13287.605733307411
2024-09-16 22:00:00+00:00,13287.605733307411
2024-09-17 00:00:00+00:00,13287.605733307411
2024-09-17 02:00:00+00:00,13287.605733307411
2024-09-17 04:00:00+00:00,13287.605733307411
2024-09-17 06:00:00+00:00,13287.605733307411
2024-09-17 08:00:00+00:00,13287.605733307411
2024-09-17 10:00:00+00:00,13287.605733307411
2024-09-17 12:00:00+00:00,13287.605733307411
2024-09-17 14:00:00+00:00,13287.605733307411
2024-09-17 16:00:00+00:00,13287.605733307411
2024-09-17 18:00:00+00:00,13287.605733307411
2024-09-17 20:00:00+00:00,13287.605733307411
2024-09-17 22:00:00+00:00,13287.605733307411
2024-09-18 00:00:00+00:00,13287.605733307411
2024-09-18 02:00:00+00:00,13287.605733307411
2024-09-18 04:00:00+00:00,13111.923011868863
2024-09-18 06:00:00+00:00,13119.025895407252
2024-09-18 08:00:00+00:00,12898.131962895042
2024-09-18 10:00:00+00:00,12898.131962895042
2024-09-18 12:00:00+00:00,12898.131962895042
2024-09-18 14:00:00+00:00,12898.131962895042
2024-09-18 16:00:00+00:00,12898.131962895042
2024-09-18 18:00:00+00:00,12898.131962895042
2024-09-18 20:00:00+00:00,12898.131962895042
2024-09-18 22:00:00+00:00,12898.131962895042
2024-09-19 00:00:00+00:00,12898.131962895042
2024-09-19 02:00:00+00:00,12898.131962895042
2024-09-19 04:00:00+00:00,12898.131962895042
2024-09-19 06:00:00+00:00,12898.131962895042
2024-09-19 08:00:00+00:00,12898.131962895042
2024-09-19 10:00:00+00:00,12898.131962895042
2024-09-19 12:00:00+00:00,12898.131962895042
2024-09-19 14:00:00+00:00,12898.131962895042
2024-09-19 16:00:00+00:00,12898.131962895042
2024-09-19 18:00:00+00:00,12898.131962895042
2024-09-19 20:00:00+00:00,12898.131962895042
2024-09-19 22:00:00+00:00,12898.131962895042
2024-09-20 00:00:00+00:00,12898.131962895042
2024-09-20 02:00:00+00:00,12898.131962895042
2024-09-20 04:00:00+00:00,12898.131962895042
2024-09-20 06:00:00+00:00,12898.131962895042
2024-09-20 08:00:00+00:00,12898.131962895042
2024-09-20 10:00:00+00:00,12898.131962895042
2024-09-20 12:00:00+00:00,12898.131962895042
2024-09-20 14:00:00+00:00,12898.131962895042
2024-09-20 16:00:00+00:00,12898.131962895042
2024-09-20 18:00:00+00:00,12898.131962895042
2024-09-20 20:00:00+00:00,12898.131962895042
2024-09-20 22:00:00+00:00,12898.131962895042
2024-09-21 00:00:00+00:00,12898.131962895042
2024-09-21 02:00:00+00:00,12898.131962895042
2024-09-21 04:00:00+00:00,12898.131962895042
2024-09-21 06:00:00+00:00,12898.131962895042
2024-09-21 08:00:00+00:00,12898.131962895042
2024-09-21 10:00:00+00:00,12898.131962895042
2024-09-21 12:00:00+00:00,12898.131962895042
2024-09-21 14:00:00+00:00,12898.131962895042
2024-09-21 16:00:00+00:00,12898.131962895042
2024-09-21 18:00:00+00:00,12898.131962895042
2024-09-21 20:00:00+00:00,12898.131962895042
2024-09-21 22:00:00+00:00,12898.131962895042
2024-09-22 00:00:00+00:00,12898.131962895042
2024-09-22 02:00:00+00:00,12898.131962895042
2024-09-22 04:00:00+00:00,12898.131962895042
2024-09-22 06:00:00+00:00,12898.131962895042
2024-09-22 08:00:00+00:00,12898.131962895042
2024-09-22 10:00:00+00:00,12898.131962895042
2024-09-22 12:00:00+00:00,12898.131962895042
2024-09-22 14:00:00+00:00,12898.131962895042
2024-09-22 16:00:00+00:00,12898.131962895042
2024-09-22 18:00:00+00:00,12898.131962895042
2024-09-22 20:00:00+00:00,12898.131962895042
2024-09-22 22:00:00+00:00,12898.131962895042
2024-09-23 00:00:00+00:00,12898.131962895042
2024-09-23 02:00:00+00:00,12898.131962895042
2024-09-23 04:00:00+00:00,12898.131962895042
2024-09-23 06:00:00+00:00,12898.131962895042
2024-09-23 08:00:00+00:00,12898.131962895042
2024-09-23 10:00:00+00:00,12898.131962895042
2024-09-23 12:00:00+00:00,12898.131962895042
2024-09-23 14:00:00+00:00,12898.131962895042
2024-09-23 16:00:00+00:00,12898.131962895042
2024-09-23 18:00:00+00:00,12898.131962895042
2024-09-23 20:00:00+00:00,12898.131962895042
2024-09-23 22:00:00+00:00,12898.131962895042
2024-09-24 00:00:00+00:00,12898.131962895042
2024-09-24 02:00:00+00:00,12898.131962895042
2024-09-24 04:00:00+00:00,12898.131962895042
2024-09-24 06:00:00+00:00,12898.131962895042
2024-09-24 08:00:00+00:00,12898.131962895042
2024-09-24 10:00:00+00:00,12898.131962895042
2024-09-24 12:00:00+00:00,12898.131962895042
2024-09-24 14:00:00+00:00,12898.131962895042
2024-09-24 16:00:00+00:00,12898.131962895042
2024-09-24 18:00:00+00:00,12898.131962895042
2024-09-24 20:00:00+00:00,12898.131962895042
2024-09-24 22:00:00+00:00,12898.131962895042
2024-09-25 00:00:00+00:00,12898.131962895042
2024-09-25 02:00:00+00:00,12898.131962895042
2024-09-25 04:00:00+00:00,12898.131962895042
2024-09-25 06:00:00+00:00,12898.131962895042
2024-09-25 08:00:00+00:00,12898.131962895042
2024-09-25 10:00:00+00:00,12898.131962895042
2024-09-25 12:00:00+00:00,12898.131962895042
2024-09-25 14:00:00+00:00,12898.131962895042
2024-09-25 16:00:00+00:00,12898.131962895042
2024-09-25 18:00:00+00:00,12898.131962895042
2024-09-25 20:00:00+00:00,12898.131962895042
2024-09-25 22:00:00+00:00,12898.131962895042
2024-09-26 00:00:00+00:00,12898.131962895042
2024-09-26 02:00:00+00:00,12898.131962895042
2024-09-26 04:00:00+00:00,12898.131962895042
2024-09-26 06:00:00+00:00,12898.131962895042
2024-09-26 08:00:00+00:00,12898.131962895042
2024-09-26 10:00:00+00:00,12898.131962895042
2024-09-26 12:00:00+00:00,12898.131962895042
2024-09-26 14:00:00+00:00,12898.131962895042
2024-09-26 16:00:00+00:00,12898.131962895042
2024-09-26 18:00:00+00:00,12898.131962895042
2024-09-26 20:00:00+00:00,12898.131962895042
2024-09-26 22:00:00+00:00,12898.131962895042
2024-09-27 00:00:00+00:00,12898.131962895042
2024-09-27 02:00:00+00:00,12898.131962895042
2024-09-27 04:00:00+00:00,12898.131962895042
2024-09-27 06:00:00+00:00,12898.131962895042
2024-09-27 08:00:00+00:00,12898.131962895042
2024-09-27 10:00:00+00:00,12898.131962895042
2024-09-27 12:00:00+00:00,12898.131962895042
2024-09-27 14:00:00+00:00,12898.131962895042
2024-09-27 16:00:00+00:00,12898.131962895042
2024-09-27 18:00:00+00:00,12898.131962895042
2024-09-27 20:00:00+00:00,12898.131962895042
2024-09-27 22:00:00+00:00,12898.131962895042
2024-09-28 00:00:00+00:00,12898.131962895042
2024-09-28 02:00:00+00:00,12898.131962895042
2024-09-28 04:00:00+00:00,12898.131962895042
2024-09-28 06:00:00+00:00,12898.131962895042
2024-09-28 08:00:00+00:00,12898.131962895042
2024-09-28 10:00:00+00:00,12898.131962895042
2024-09-28 12:00:00+00:00,12898.131962895042
2024-09-28 14:00:00+00:00,12898.131962895042
2024-09-28 16:00:00+00:00,12898.131962895042
2024-09-28 18:00:00+00:00,12898.131962895042
2024-09-28 20:00:00+00:00,12898.131962895042
2024-09-28 22:00:00+00:00,12898.131962895042
2024-09-29 00:00:00+00:00,12898.131962895042
2024-09-29 02:00:00+00:00,12898.131962895042
2024-09-29 04:00:00+00:00,12898.131962895042
2024-09-29 06:00:00+00:00,12898.131962895042
2024-09-29 08:00:00+00:00,12898.131962895042
2024-09-29 10:00:00+00:00,12898.131962895042
2024-09-29 12:00:00+00:00,12898.131962895042
2024-09-29 14:00:00+00:00,12898.131962895042
2024-09-29 16:00:00+00:00,12898.131962895042
2024-09-29 18:00:00+00:00,12898.131962895042
2024-09-29 20:00:00+00:00,12898.131962895042
2024-09-29 22:00:00+00:00,12898.131962895042
2024-09-30 00:00:00+00:00,12898.131962895042
2024-09-30 02:00:00+00:00,12898.131962895042
2024-09-30 04:00:00+00:00,12898.131962895042
2024-09-30 06:00:00+00:00,12898.131962895042
2024-09-30 08:00:00+00:00,12898.131962895042
2024-09-30 10:00:00+00:00,12898.131962895042
2024-09-30 12:00:00+00:00,12898.131962895042
2024-09-30 14:00:00+00:00,12898.131962895042
2024-09-30 16:00:00+00:00,12898.131962895042
2024-09-30 18:00:00+00:00,12898.131962895042
2024-09-30 20:00:00+00:00,12898.131962895042
2024-09-30 22:00:00+00:00,12898.131962895042
2024-10-01 00:00:00+00:00,12898.131962895042
2024-10-01 02:00:00+00:00,12898.131962895042
2024-10-01 04:00:00+00:00,12898.131962895042
2024-10-01 06:00:00+00:00,12898.131962895042
2024-10-01 08:00:00+00:00,12898.131962895042
2024-10-01 10:00:00+00:00,12898.131962895042
2024-10-01 12:00:00+00:00,12898.131962895042
2024-10-01 14:00:00+00:00,12898.131962895042
2024-10-01 16:00:00+00:00,12898.131962895042
2024-10-01 18:00:00+00:00,12898.131962895042
2024-10-01 20:00:00+00:00,12898.131962895042
2024-10-01 22:00:00+00:00,12898.131962895042
2024-10-02 00:00:00+00:00,12898.131962895042
2024-10-02 02:00:00+00:00,12898.131962895042
2024-10-02 04:00:00+00:00,12898.131962895042
2024-10-02 06:00:00+00:00,12898.131962895042
2024-10-02 08:00:00+00:00,12898.131962895042
2024-10-02 10:00:00+00:00,12898.131962895042
2024-10-02 12:00:00+00:00,12898.131962895042
2024-10-02 14:00:00+00:00,12898.131962895042
2024-10-02 16:00:00+00:00,12898.131962895042
2024-10-02 18:00:00+00:00,12898.131962895042
2024-10-02 20:00:00+00:00,12898.131962895042
2024-10-02 22:00:00+00:00,12898.131962895042
2024-10-03 00:00:00+00:00,12898.131962895042
2024-10-03 02:00:00+00:00,12898.131962895042
2024-10-03 04:00:00+00:00,12898.131962895042
2024-10-03 06:00:00+00:00,12898.131962895042
2024-10-03 08:00:00+00:00,12898.131962895042
2024-10-03 10:00:00+00:00,12898.131962895042
2024-10-03 12:00:00+00:00,12898.131962895042
2024-10-03 14:00:00+00:00,12898.131962895042
2024-10-03 16:00:00+00:00,12898.131962895042
2024-10-03 18:00:00+00:00,12898.131962895042
2024-10-03 20:00:00+00:00,12898.131962895042
2024-10-03 22:00:00+00:00,12898.131962895042
2024-10-04 00:00:00+00:00,12898.131962895042
2024-10-04 02:00:00+00:00,12898.131962895042
2024-10-04 04:00:00+00:00,12898.131962895042
2024-10-04 06:00:00+00:00,12898.131962895042
2024-10-04 08:00:00+00:00,12898.131962895042
2024-10-04 10:00:00+00:00,12898.131962895042
2024-10-04 12:00:00+00:00,12898.131962895042
2024-10-04 14:00:00+00:00,12898.131962895042
2024-10-04 16:00:00+00:00,12898.131962895042
2024-10-04 18:00:00+00:00,12898.131962895042
2024-10-04 20:00:00+00:00,12898.131962895042
2024-10-04 22:00:00+00:00,12898.131962895042
2024-10-05 00:00:00+00:00,12898.131962895042
2024-10-05 02:00:00+00:00,12898.131962895042
2024-10-05 04:00:00+00:00,12898.131962895042
2024-10-05 06:00:00+00:00,12898.131962895042
2024-10-05 08:00:00+00:00,12898.131962895042
2024-10-05 10:00:00+00:00,12898.131962895042
2024-10-05 12:00:00+00:00,12898.131962895042
2024-10-05 14:00:00+00:00,12898.131962895042
2024-10-05 16:00:00+00:00,12898.131962895042
2024-10-05 18:00:00+00:00,12898.131962895042
2024-10-05 20:00:00+00:00,12898.131962895042
2024-10-05 22:00:00+00:00,12898.131962895042
2024-10-06 00:00:00+00:00,12898.131962895042
2024-10-06 02:00:00+00:00,12898.131962895042
2024-10-06 04:00:00+00:00,12898.131962895042
2024-10-06 06:00:00+00:00,12898.131962895042
2024-10-06 08:00:00+00:00,12898.131962895042
2024-10-06 10:00:00+00:00,12898.131962895042
2024-10-06 12:00:00+00:00,12898.131962895042
2024-10-06 14:00:00+00:00,12898.131962895042
2024-10-06 16:00:00+00:00,12716.923575130108
2024-10-06 18:00:00+00:00,12735.579208736657
2024-10-06 20:00:00+00:00,12660.956674310464
2024-10-06 22:00:00+00:00,13002.976623763841
2024-10-07 00:00:00+00:00,13449.412154513067
2024-10-07 02:00:00+00:00,13381.008164622392
2024-10-07 04:00:00+00:00,13262.855818447588
2024-10-07 06:00:00+00:00,13337.47835287378
2024-10-07 08:00:00+00:00,13168.243772611982
2024-10-07 10:00:00+00:00,12883.336391169718
2024-10-07 12:00:00+00:00,12883.336391169718
2024-10-07 14:00:00+00:00,12883.336391169718
2024-10-07 16:00:00+00:00,12883.336391169718
2024-10-07 18:00:00+00:00,12883.336391169718
2024-10-07 20:00:00+00:00,12883.336391169718
2024-10-07 22:00:00+00:00,12883.336391169718
2024-10-08 00:00:00+00:00,12883.336391169718
2024-10-08 02:00:00+00:00,12883.336391169718
2024-10-08 04:00:00+00:00,12883.336391169718
2024-10-08 06:00:00+00:00,12883.336391169718
2024-10-08 08:00:00+00:00,12883.336391169718
2024-10-08 10:00:00+00:00,12883.336391169718
2024-10-08 12:00:00+00:00,12883.336391169718
2024-10-08 14:00:00+00:00,12883.336391169718
2024-10-08 16:00:00+00:00,12883.336391169718
2024-10-08 18:00:00+00:00,12883.336391169718
2024-10-08 20:00:00+00:00,12883.336391169718
2024-10-08 22:00:00+00:00,12883.336391169718
2024-10-09 00:00:00+00:00,12883.336391169718
2024-10-09 02:00:00+00:00,12883.336391169718
2024-10-09 04:00:00+00:00,12883.336391169718
2024-10-09 06:00:00+00:00,12883.336391169718
2024-10-09 08:00:00+00:00,12883.336391169718
2024-10-09 10:00:00+00:00,12883.336391169718
2024-10-09 12:00:00+00:00,12883.336391169718
2024-10-09 14:00:00+00:00,12883.336391169718
2024-10-09 16:00:00+00:00,12883.336391169718
2024-10-09 18:00:00+00:00,12883.336391169718
2024-10-09 20:00:00+00:00,12883.336391169718
2024-10-09 22:00:00+00:00,12883.336391169718
2024-10-10 00:00:00+00:00,12883.336391169718
2024-10-10 02:00:00+00:00,12883.336391169718
2024-10-10 04:00:00+00:00,12883.336391169718
2024-10-10 06:00:00+00:00,12883.336391169718
2024-10-10 08:00:00+00:00,12883.336391169718
2024-10-10 10:00:00+00:00,12883.336391169718
2024-10-10 12:00:00+00:00,12883.336391169718
2024-10-10 14:00:00+00:00,12883.336391169718
2024-10-10 16:00:00+00:00,12883.336391169718
2024-10-10 18:00:00+00:00,12883.336391169718
2024-10-10 20:00:00+00:00,12883.336391169718
2024-10-10 22:00:00+00:00,12883.336391169718
2024-10-11 00:00:00+00:00,12883.336391169718
2024-10-11 02:00:00+00:00,12883.336391169718
2024-10-11 04:00:00+00:00,12883.336391169718
2024-10-11 06:00:00+00:00,12883.336391169718
2024-10-11 08:00:00+00:00,12883.336391169718
2024-10-11 10:00:00+00:00,12883.336391169718
2024-10-11 12:00:00+00:00,12883.336391169718
2024-10-11 14:00:00+00:00,12883.336391169718
2024-10-11 16:00:00+00:00,12883.336391169718
2024-10-11 18:00:00+00:00,12883.336391169718
2024-10-11 20:00:00+00:00,12883.336391169718
2024-10-11 22:00:00+00:00,12883.336391169718
2024-10-12 00:00:00+00:00,12883.336391169718
2024-10-12 02:00:00+00:00,12883.336391169718
2024-10-12 04:00:00+00:00,12883.336391169718
2024-10-12 06:00:00+00:00,12883.336391169718
2024-10-12 08:00:00+00:00,12942.29033799907
2024-10-12 10:00:00+00:00,13051.150724019622
2024-10-12 12:00:00+00:00,13147.915511593446
2024-10-12 14:00:00+00:00,13202.345704603724
2024-10-12 16:00:00+00:00,13140.5468730197
2024-10-12 18:00:00+00:00,13049.82988466924
2024-10-12 20:00:00+00:00,13225.216062146797
2024-10-12 22:00:00+00:00,13128.451274572973
2024-10-13 00:00:00+00:00,13048.516302677925
2024-10-13 02:00:00+00:00,12933.608117434007
2024-10-13 04:00:00+00:00,13223.902480155482
2024-10-13 06:00:00+00:00,13102.9464956882
2024-10-13 08:00:00+00:00,13150.018331383411
2024-10-13 10:00:00+00:00,12920.201960895578
2024-10-13 12:00:00+00:00,13047.205744586223
2024-10-13 14:00:00+00:00,12754.672389286143
2024-10-13 16:00:00+00:00,12754.672389286143
2024-10-13 18:00:00+00:00,12754.672389286143
2024-10-13 20:00:00+00:00,12754.672389286143
2024-10-13 22:00:00+00:00,12754.672389286143
2024-10-14 00:00:00+00:00,12754.672389286143
2024-10-14 02:00:00+00:00,12754.672389286143
2024-10-14 04:00:00+00:00,12754.672389286143
2024-10-14 06:00:00+00:00,12754.672389286143
2024-10-14 08:00:00+00:00,12754.672389286143
2024-10-14 10:00:00+00:00,12754.672389286143
2024-10-14 12:00:00+00:00,12754.672389286143
2024-10-14 14:00:00+00:00,12754.672389286143
2024-10-14 16:00:00+00:00,12754.672389286143
2024-10-14 18:00:00+00:00,12754.672389286143
2024-10-14 20:00:00+00:00,12754.672389286143
2024-10-14 22:00:00+00:00,12754.672389286143
2024-10-15 00:00:00+00:00,12754.672389286143
2024-10-15 02:00:00+00:00,12754.672389286143
2024-10-15 04:00:00+00:00,12754.672389286143
2024-10-15 06:00:00+00:00,12754.672389286143
2024-10-15 08:00:00+00:00,12754.672389286143
2024-10-15 10:00:00+00:00,12754.672389286143
2024-10-15 12:00:00+00:00,12754.672389286143
2024-10-15 14:00:00+00:00,12754.672389286143
2024-10-15 16:00:00+00:00,12754.672389286143
2024-10-15 18:00:00+00:00,12754.672389286143
2024-10-15 20:00:00+00:00,12754.672389286143
2024-10-15 22:00:00+00:00,12754.672389286143
2024-10-16 00:00:00+00:00,12754.672389286143
2024-10-16 02:00:00+00:00,12754.672389286143
2024-10-16 04:00:00+00:00,12754.672389286143
2024-10-16 06:00:00+00:00,12754.672389286143
2024-10-16 08:00:00+00:00,12754.672389286143
2024-10-16 10:00:00+00:00,12754.672389286143
2024-10-16 12:00:00+00:00,12754.672389286143
2024-10-16 14:00:00+00:00,12754.672389286143
2024-10-16 16:00:00+00:00,12754.672389286143
2024-10-16 18:00:00+00:00,12754.672389286143
2024-10-16 20:00:00+00:00,12754.672389286143
2024-10-16 22:00:00+00:00,12754.672389286143
2024-10-17 00:00:00+00:00,12754.672389286143
2024-10-17 02:00:00+00:00,12754.672389286143
2024-10-17 04:00:00+00:00,12754.672389286143
2024-10-17 06:00:00+00:00,12754.672389286143
2024-10-17 08:00:00+00:00,12754.672389286143
2024-10-17 10:00:00+00:00,12754.672389286143
2024-10-17 12:00:00+00:00,12754.672389286143
2024-10-17 14:00:00+00:00,12754.672389286143
2024-10-17 16:00:00+00:00,12754.672389286143
2024-10-17 18:00:00+00:00,12754.672389286143
2024-10-17 20:00:00+00:00,12754.672389286143
2024-10-17 22:00:00+00:00,12754.672389286143
2024-10-18 00:00:00+00:00,12754.672389286143
2024-10-18 02:00:00+00:00,12754.672389286143
2024-10-18 04:00:00+00:00,12754.672389286143
2024-10-18 06:00:00+00:00,12754.672389286143
2024-10-18 08:00:00+00:00,12754.672389286143
2024-10-18 10:00:00+00:00,12754.672389286143
2024-10-18 12:00:00+00:00,12754.672389286143
2024-10-18 14:00:00+00:00,12754.672389286143
2024-10-18 16:00:00+00:00,12754.672389286143
2024-10-18 18:00:00+00:00,12754.672389286143
2024-10-18 20:00:00+00:00,12754.672389286143
2024-10-18 22:00:00+00:00,12754.672389286143
2024-10-19 00:00:00+00:00,12754.672389286143
2024-10-19 02:00:00+00:00,12883.574286577003
2024-10-19 04:00:00+00:00,12916.651499122772
2024-10-19 06:00:00+00:00,12828.44559900072
2024-10-19 08:00:00+00:00,12727.93166809039
2024-10-19 10:00:00+00:00,12457.801098966609
2024-10-19 12:00:00+00:00,12562.545605361547
2024-10-19 14:00:00+00:00,12722.418799332761
2024-10-19 16:00:00+00:00,12594.349896511178
2024-10-19 18:00:00+00:00,12588.83702775355
2024-10-19 20:00:00+00:00,12632.939977814576
2024-10-19 22:00:00+00:00,12765.248827997651
2024-10-20 00:00:00+00:00,12631.66319741031
2024-10-20 02:00:00+00:00,12637.176066167936
2024-10-20 04:00:00+00:00,12934.870979079858
2024-10-20 06:00:00+00:00,12901.793766534089
2024-10-20 08:00:00+00:00,13308.455492022415
2024-10-20 10:00:00+00:00,13297.429754507157
2024-10-20 12:00:00+00:00,13495.893029781771
2024-10-20 14:00:00+00:00,13308.455492022415
2024-10-20 16:00:00+00:00,13196.866207778006
2024-10-20 18:00:00+00:00,13235.456289081403
2024-10-20 20:00:00+00:00,13263.020632869546
2024-10-20 22:00:00+00:00,13340.200795476338
2024-10-21 00:00:00+00:00,13322.328074964107
2024-10-21 02:00:00+00:00,13316.81520620648
2024-10-21 04:00:00+00:00,13344.379549994619
2024-10-21 06:00:00+00:00,13167.96774975052
2024-10-21 08:00:00+00:00,13227.291730451356
2024-10-21 10:00:00+00:00,13249.343205481868
2024-10-21 12:00:00+00:00,12903.39475542661
2024-10-21 14:00:00+00:00,12903.39475542661
2024-10-21 16:00:00+00:00,12903.39475542661
2024-10-21 18:00:00+00:00,12903.39475542661
2024-10-21 20:00:00+00:00,12903.39475542661
2024-10-21 22:00:00+00:00,12903.39475542661
2024-10-22 00:00:00+00:00,12903.39475542661
2024-10-22 02:00:00+00:00,12903.39475542661
2024-10-22 04:00:00+00:00,12903.39475542661
2024-10-22 06:00:00+00:00,12903.39475542661
2024-10-22 08:00:00+00:00,12903.39475542661
2024-10-22 10:00:00+00:00,12903.39475542661
2024-10-22 12:00:00+00:00,12903.39475542661
2024-10-22 14:00:00+00:00,12903.39475542661
2024-10-22 16:00:00+00:00,12903.39475542661
2024-10-22 18:00:00+00:00,12903.39475542661
2024-10-22 20:00:00+00:00,12903.39475542661
2024-10-22 22:00:00+00:00,12903.39475542661
2024-10-23 00:00:00+00:00,12903.39475542661
2024-10-23 02:00:00+00:00,12903.39475542661
2024-10-23 04:00:00+00:00,12903.39475542661
2024-10-23 06:00:00+00:00,12903.39475542661
2024-10-23 08:00:00+00:00,12903.39475542661
2024-10-23 10:00:00+00:00,12903.39475542661
2024-10-23 12:00:00+00:00,12903.39475542661
2024-10-23 14:00:00+00:00,12903.39475542661
2024-10-23 16:00:00+00:00,12903.39475542661
2024-10-23 18:00:00+00:00,12903.39475542661
2024-10-23 20:00:00+00:00,12903.39475542661
2024-10-23 22:00:00+00:00,12903.39475542661
2024-10-24 00:00:00+00:00,12903.39475542661
2024-10-24 02:00:00+00:00,12903.39475542661
2024-10-24 04:00:00+00:00,12903.39475542661
2024-10-24 06:00:00+00:00,12903.39475542661
2024-10-24 08:00:00+00:00,12903.39475542661
2024-10-24 10:00:00+00:00,12903.39475542661
2024-10-24 12:00:00+00:00,12903.39475542661
2024-10-24 14:00:00+00:00,12903.39475542661
2024-10-24 16:00:00+00:00,12903.39475542661
2024-10-24 18:00:00+00:00,12903.39475542661
2024-10-24 20:00:00+00:00,12903.39475542661
2024-10-24 22:00:00+00:00,12903.39475542661
2024-10-25 00:00:00+00:00,12903.39475542661
2024-10-25 02:00:00+00:00,12903.39475542661
2024-10-25 04:00:00+00:00,12903.39475542661
2024-10-25 06:00:00+00:00,12903.39475542661
2024-10-25 08:00:00+00:00,12903.39475542661
2024-10-25 10:00:00+00:00,12903.39475542661
2024-10-25 12:00:00+00:00,12903.39475542661
2024-10-25 14:00:00+00:00,12903.39475542661
2024-10-25 16:00:00+00:00,12903.39475542661
2024-10-25 18:00:00+00:00,12903.39475542661
2024-10-25 20:00:00+00:00,12903.39475542661
2024-10-25 22:00:00+00:00,12903.39475542661
2024-10-26 00:00:00+00:00,12903.39475542661
2024-10-26 02:00:00+00:00,12903.39475542661
2024-10-26 04:00:00+00:00,12903.39475542661
2024-10-26 06:00:00+00:00,12903.39475542661
2024-10-26 08:00:00+00:00,12903.39475542661
2024-10-26 10:00:00+00:00,12903.39475542661
2024-10-26 12:00:00+00:00,12903.39475542661
2024-10-26 14:00:00+00:00,12903.39475542661
2024-10-26 16:00:00+00:00,12903.39475542661
2024-10-26 18:00:00+00:00,12903.39475542661
2024-10-26 20:00:00+00:00,12903.39475542661
2024-10-26 22:00:00+00:00,12903.39475542661
2024-10-27 00:00:00+00:00,12903.39475542661
2024-10-27 02:00:00+00:00,12903.39475542661
2024-10-27 04:00:00+00:00,12903.39475542661
2024-10-27 06:00:00+00:00,12903.39475542661
2024-10-27 08:00:00+00:00,12903.39475542661
2024-10-27 10:00:00+00:00,12903.39475542661
2024-10-27 12:00:00+00:00,12903.39475542661
2024-10-27 14:00:00+00:00,12903.39475542661
2024-10-27 16:00:00+00:00,12903.39475542661
2024-10-27 18:00:00+00:00,12903.39475542661
2024-10-27 20:00:00+00:00,12903.39475542661
2024-10-27 22:00:00+00:00,12903.39475542661
2024-10-28 00:00:00+00:00,12903.39475542661
2024-10-28 02:00:00+00:00,12903.39475542661
2024-10-28 04:00:00+00:00,12903.39475542661
2024-10-28 06:00:00+00:00,12903.39475542661
2024-10-28 08:00:00+00:00,12903.39475542661
2024-10-28 10:00:00+00:00,12903.39475542661
2024-10-28 12:00:00+00:00,12903.39475542661
2024-10-28 14:00:00+00:00,12903.39475542661
2024-10-28 16:00:00+00:00,12903.39475542661
2024-10-28 18:00:00+00:00,12903.39475542661
2024-10-28 20:00:00+00:00,12903.39475542661
2024-10-28 22:00:00+00:00,12903.39475542661
2024-10-29 00:00:00+00:00,12903.39475542661
2024-10-29 02:00:00+00:00,12903.39475542661
2024-10-29 04:00:00+00:00,12903.39475542661
2024-10-29 06:00:00+00:00,12903.39475542661
2024-10-29 08:00:00+00:00,12903.39475542661
2024-10-29 10:00:00+00:00,12903.39475542661
2024-10-29 12:00:00+00:00,12903.39475542661
2024-10-29 14:00:00+00:00,12903.39475542661
2024-10-29 16:00:00+00:00,12903.39475542661
2024-10-29 18:00:00+00:00,12630.34054507534
2024-10-29 20:00:00+00:00,12517.433909331909
2024-10-29 22:00:00+00:00,12517.433909331909
2024-10-30 00:00:00+00:00,12517.433909331909
2024-10-30 02:00:00+00:00,12517.433909331909
2024-10-30 04:00:00+00:00,12517.433909331909
2024-10-30 06:00:00+00:00,12517.433909331909
2024-10-30 08:00:00+00:00,12517.433909331909
2024-10-30 10:00:00+00:00,12517.433909331909
2024-10-30 12:00:00+00:00,12517.433909331909
2024-10-30 14:00:00+00:00,12517.433909331909
2024-10-30 16:00:00+00:00,12517.433909331909
2024-10-30 18:00:00+00:00,12517.433909331909
2024-10-30 20:00:00+00:00,12517.433909331909
2024-10-30 22:00:00+00:00,12517.433909331909
2024-10-31 00:00:00+00:00,12517.433909331909
2024-10-31 02:00:00+00:00,12517.433909331909
2024-10-31 04:00:00+00:00,12517.433909331909
2024-10-31 06:00:00+00:00,12517.433909331909
2024-10-31 08:00:00+00:00,12517.433909331909
2024-10-31 10:00:00+00:00,12517.433909331909
2024-10-31 12:00:00+00:00,12517.433909331909
2024-10-31 14:00:00+00:00,12517.433909331909
2024-10-31 16:00:00+00:00,12517.433909331909
2024-10-31 18:00:00+00:00,12517.433909331909
2024-10-31 20:00:00+00:00,12517.433909331909
2024-10-31 22:00:00+00:00,12517.433909331909
2024-11-01 00:00:00+00:00,12517.433909331909
2024-11-01 02:00:00+00:00,12517.433909331909
2024-11-01 04:00:00+00:00,12517.433909331909
2024-11-01 06:00:00+00:00,12517.433909331909
2024-11-01 08:00:00+00:00,12517.433909331909
2024-11-01 10:00:00+00:00,12517.433909331909
2024-11-01 12:00:00+00:00,12517.433909331909
2024-11-01 14:00:00+00:00,12517.433909331909
2024-11-01 16:00:00+00:00,12517.433909331909
2024-11-01 18:00:00+00:00,12517.433909331909
2024-11-01 20:00:00+00:00,12517.433909331909
2024-11-01 22:00:00+00:00,12517.433909331909
2024-11-02 00:00:00+00:00,12517.433909331909
2024-11-02 02:00:00+00:00,12517.433909331909
2024-11-02 04:00:00+00:00,12517.433909331909
2024-11-02 06:00:00+00:00,12517.433909331909
2024-11-02 08:00:00+00:00,12517.433909331909
2024-11-02 10:00:00+00:00,12517.433909331909
2024-11-02 12:00:00+00:00,12517.433909331909
2024-11-02 14:00:00+00:00,12517.433909331909
2024-11-02 16:00:00+00:00,12517.433909331909
2024-11-02 18:00:00+00:00,12517.433909331909
2024-11-02 20:00:00+00:00,12517.433909331909
2024-11-02 22:00:00+00:00,12517.433909331909
2024-11-03 00:00:00+00:00,12517.433909331909
2024-11-03 02:00:00+00:00,12517.433909331909
2024-11-03 04:00:00+00:00,12517.433909331909
2024-11-03 06:00:00+00:00,12517.433909331909
2024-11-03 08:00:00+00:00,12517.433909331909
2024-11-03 10:00:00+00:00,12517.433909331909
2024-11-03 12:00:00+00:00,12517.433909331909
2024-11-03 14:00:00+00:00,12517.433909331909
2024-11-03 16:00:00+00:00,12517.433909331909
2024-11-03 18:00:00+00:00,12517.433909331909
2024-11-03 20:00:00+00:00,12517.433909331909
2024-11-03 22:00:00+00:00,12517.433909331909
2024-11-04 00:00:00+00:00,12517.433909331909
2024-11-04 02:00:00+00:00,12517.433909331909
2024-11-04 04:00:00+00:00,12517.433909331909
2024-11-04 06:00:00+00:00,12517.433909331909
2024-11-04 08:00:00+00:00,12517.433909331909
2024-11-04 10:00:00+00:00,12517.433909331909
2024-11-04 12:00:00+00:00,12517.433909331909
2024-11-04 14:00:00+00:00,12517.433909331909
2024-11-04 16:00:00+00:00,12517.433909331909
2024-11-04 18:00:00+00:00,12517.433909331909
2024-11-04 20:00:00+00:00,12517.433909331909
2024-11-04 22:00:00+00:00,12517.433909331909
2024-11-05 00:00:00+00:00,12517.433909331909
2024-11-05 02:00:00+00:00,12517.433909331909
2024-11-05 04:00:00+00:00,12517.433909331909
2024-11-05 06:00:00+00:00,12517.433909331909
2024-11-05 08:00:00+00:00,12517.433909331909
2024-11-05 10:00:00+00:00,12517.433909331909
2024-11-05 12:00:00+00:00,12517.433909331909
2024-11-05 14:00:00+00:00,12517.433909331909
2024-11-05 16:00:00+00:00,12517.433909331909
2024-11-05 18:00:00+00:00,12517.433909331909
2024-11-05 20:00:00+00:00,12517.433909331909
2024-11-05 22:00:00+00:00,12517.433909331909
2024-11-06 00:00:00+00:00,12517.433909331909
2024-11-06 02:00:00+00:00,12975.371760474858
2024-11-06 04:00:00+00:00,13083.393954367157
2024-11-06 06:00:00+00:00,12975.371760474858
2024-11-06 08:00:00+00:00,12955.01148320017
2024-11-06 10:00:00+00:00,13005.845456796545
2024-11-06 12:00:00+00:00,12929.594496401982
2024-11-06 14:00:00+00:00,12929.594496401982
2024-11-06 16:00:00+00:00,12985.489627494546
2024-11-06 18:00:00+00:00,13195.179768579595
2024-11-06 20:00:00+00:00,13328.618949270081
2024-11-06 22:00:00+00:00,13570.080323852866
2024-11-07 00:00:00+00:00,13861.018404937
2024-11-07 02:00:00+00:00,13899.143885134283
2024-11-07 04:00:00+00:00,13695.80799074878
2024-11-07 06:00:00+00:00,13543.306069959654
2024-11-07 08:00:00+00:00,13516.534993189794
2024-11-07 10:00:00+00:00,13472.055266292966
2024-11-07 12:00:00+00:00,13325.907592203386
2024-11-07 14:00:00+00:00,13719.870887575298
2024-11-07 16:00:00+00:00,13756.623850485474
2024-11-07 18:00:00+00:00,13820.166317480946
2024-11-07 20:00:00+00:00,13921.834264673695
2024-11-07 22:00:00+00:00,13794.749330682756
2024-11-08 00:00:00+00:00,13742.534579278568
2024-11-08 02:00:00+00:00,13539.198684893066
2024-11-08 04:00:00+00:00,13698.05485238174
2024-11-08 06:00:00+00:00,13685.346358982646
2024-11-08 08:00:00+00:00,13645.851538621611
2024-11-08 10:00:00+00:00,13760.227979213458
2024-11-08 12:00:00+00:00,13963.56387359896
2024-11-08 14:00:00+00:00,13791.999212711193
2024-11-08 16:00:00+00:00,13378.016453172517
2024-11-08 18:00:00+00:00,13378.016453172517
2024-11-08 20:00:00+00:00,13378.016453172517
2024-11-08 22:00:00+00:00,13378.016453172517
2024-11-09 00:00:00+00:00,13378.016453172517
2024-11-09 02:00:00+00:00,13378.016453172517
2024-11-09 04:00:00+00:00,13378.016453172517
2024-11-09 06:00:00+00:00,13378.016453172517
2024-11-09 08:00:00+00:00,13378.016453172517
2024-11-09 10:00:00+00:00,13378.016453172517
2024-11-09 12:00:00+00:00,13378.016453172517
2024-11-09 14:00:00+00:00,13378.016453172517
2024-11-09 16:00:00+00:00,13378.016453172517
2024-11-09 18:00:00+00:00,13378.016453172517
2024-11-09 20:00:00+00:00,13378.016453172517
2024-11-09 22:00:00+00:00,13378.016453172517
2024-11-10 00:00:00+00:00,13378.016453172517
2024-11-10 02:00:00+00:00,13378.016453172517
2024-11-10 04:00:00+00:00,13378.016453172517
2024-11-10 06:00:00+00:00,13378.016453172517
2024-11-10 08:00:00+00:00,13378.016453172517
2024-11-10 10:00:00+00:00,13378.016453172517
2024-11-10 12:00:00+00:00,13378.016453172517
2024-11-10 14:00:00+00:00,13378.016453172517
2024-11-10 16:00:00+00:00,13378.016453172517
2024-11-10 18:00:00+00:00,13378.016453172517
2024-11-10 20:00:00+00:00,13378.016453172517
2024-11-10 22:00:00+00:00,13378.016453172517
2024-11-11 00:00:00+00:00,13378.016453172517
2024-11-11 02:00:00+00:00,13378.016453172517
2024-11-11 04:00:00+00:00,13378.016453172517
2024-11-11 06:00:00+00:00,13378.016453172517
2024-11-11 08:00:00+00:00,13378.016453172517
2024-11-11 10:00:00+00:00,13378.016453172517
2024-11-11 12:00:00+00:00,13378.016453172517
2024-11-11 14:00:00+00:00,13378.016453172517
2024-11-11 16:00:00+00:00,13378.016453172517
2024-11-11 18:00:00+00:00,13378.016453172517
2024-11-11 20:00:00+00:00,13378.016453172517
2024-11-11 22:00:00+00:00,13378.016453172517
2024-11-12 00:00:00+00:00,13378.016453172517
2024-11-12 02:00:00+00:00,13378.016453172517
2024-11-12 04:00:00+00:00,13378.016453172517
2024-11-12 06:00:00+00:00,13378.016453172517
2024-11-12 08:00:00+00:00,13378.016453172517
2024-11-12 10:00:00+00:00,13378.016453172517
2024-11-12 12:00:00+00:00,13378.016453172517
2024-11-12 14:00:00+00:00,13378.016453172517
2024-11-12 16:00:00+00:00,13378.016453172517
2024-11-12 18:00:00+00:00,13378.016453172517
2024-11-12 20:00:00+00:00,13378.016453172517
2024-11-12 22:00:00+00:00,13378.016453172517
2024-11-13 00:00:00+00:00,13378.016453172517
2024-11-13 02:00:00+00:00,13378.016453172517
2024-11-13 04:00:00+00:00,13378.016453172517
2024-11-13 06:00:00+00:00,13378.016453172517
2024-11-13 08:00:00+00:00,13378.016453172517
2024-11-13 10:00:00+00:00,13378.016453172517
2024-11-13 12:00:00+00:00,13378.016453172517
2024-11-13 14:00:00+00:00,13378.016453172517
2024-11-13 16:00:00+00:00,13378.016453172517
2024-11-13 18:00:00+00:00,13378.016453172517
2024-11-13 20:00:00+00:00,13378.016453172517
2024-11-13 22:00:00+00:00,13378.016453172517
2024-11-14 00:00:00+00:00,13378.016453172517
2024-11-14 02:00:00+00:00,13378.016453172517
2024-11-14 04:00:00+00:00,13378.016453172517
2024-11-14 06:00:00+00:00,13378.016453172517
2024-11-14 08:00:00+00:00,13378.016453172517
2024-11-14 10:00:00+00:00,13378.016453172517
2024-11-14 12:00:00+00:00,13378.016453172517
2024-11-14 14:00:00+00:00,13378.016453172517
2024-11-14 16:00:00+00:00,13378.016453172517
2024-11-14 18:00:00+00:00,13378.016453172517
2024-11-14 20:00:00+00:00,13378.016453172517
2024-11-14 22:00:00+00:00,13378.016453172517
2024-11-15 00:00:00+00:00,13378.016453172517
2024-11-15 02:00:00+00:00,13378.016453172517
2024-11-15 04:00:00+00:00,13378.016453172517
2024-11-15 06:00:00+00:00,13378.016453172517
2024-11-15 08:00:00+00:00,13378.016453172517
2024-11-15 10:00:00+00:00,13378.016453172517
2024-11-15 12:00:00+00:00,13378.016453172517
2024-11-15 14:00:00+00:00,13378.016453172517
2024-11-15 16:00:00+00:00,13378.016453172517
2024-11-15 18:00:00+00:00,13378.016453172517
2024-11-15 20:00:00+00:00,13378.016453172517
2024-11-15 22:00:00+00:00,13378.016453172517
2024-11-16 00:00:00+00:00,13378.016453172517
2024-11-16 02:00:00+00:00,13378.016453172517
2024-11-16 04:00:00+00:00,13378.016453172517
2024-11-16 06:00:00+00:00,13378.016453172517
2024-11-16 08:00:00+00:00,13378.016453172517
2024-11-16 10:00:00+00:00,13378.016453172517
2024-11-16 12:00:00+00:00,13378.016453172517
2024-11-16 14:00:00+00:00,13378.016453172517
2024-11-16 16:00:00+00:00,13378.016453172517
2024-11-16 18:00:00+00:00,13378.016453172517
2024-11-16 20:00:00+00:00,13378.016453172517
2024-11-16 22:00:00+00:00,13378.016453172517
2024-11-17 00:00:00+00:00,13378.016453172517
2024-11-17 02:00:00+00:00,13378.016453172517
2024-11-17 04:00:00+00:00,13378.016453172517
2024-11-17 06:00:00+00:00,13378.016453172517
2024-11-17 08:00:00+00:00,13378.016453172517
2024-11-17 10:00:00+00:00,13378.016453172517
2024-11-17 12:00:00+00:00,13378.016453172517
2024-11-17 14:00:00+00:00,13378.016453172517
2024-11-17 16:00:00+00:00,13378.016453172517
2024-11-17 18:00:00+00:00,13378.016453172517
2024-11-17 20:00:00+00:00,13378.016453172517
2024-11-17 22:00:00+00:00,13378.016453172517
2024-11-18 00:00:00+00:00,13378.016453172517
2024-11-18 02:00:00+00:00,13378.016453172517
2024-11-18 04:00:00+00:00,13378.016453172517
2024-11-18 06:00:00+00:00,13378.016453172517
2024-11-18 08:00:00+00:00,13378.016453172517
2024-11-18 10:00:00+00:00,13378.016453172517
2024-11-18 12:00:00+00:00,13378.016453172517
2024-11-18 14:00:00+00:00,13378.016453172517
2024-11-18 16:00:00+00:00,13378.016453172517
2024-11-18 18:00:00+00:00,13378.016453172517
2024-11-18 20:00:00+00:00,13378.016453172517
2024-11-18 22:00:00+00:00,13378.016453172517
2024-11-19 00:00:00+00:00,13378.016453172517
2024-11-19 02:00:00+00:00,13378.016453172517
2024-11-19 04:00:00+00:00,13378.016453172517
2024-11-19 06:00:00+00:00,13378.016453172517
2024-11-19 08:00:00+00:00,13378.016453172517
2024-11-19 10:00:00+00:00,13378.016453172517
2024-11-19 12:00:00+00:00,13378.016453172517
2024-11-19 14:00:00+00:00,13378.016453172517
2024-11-19 16:00:00+00:00,13378.016453172517
2024-11-19 18:00:00+00:00,13378.016453172517
2024-11-19 20:00:00+00:00,13378.016453172517
2024-11-19 22:00:00+00:00,13378.016453172517
2024-11-20 00:00:00+00:00,13378.016453172517
2024-11-20 02:00:00+00:00,13378.016453172517
2024-11-20 04:00:00+00:00,13378.016453172517
2024-11-20 06:00:00+00:00,13378.016453172517
2024-11-20 08:00:00+00:00,13378.016453172517
2024-11-20 10:00:00+00:00,13378.016453172517
2024-11-20 12:00:00+00:00,13378.016453172517
2024-11-20 14:00:00+00:00,13378.016453172517
2024-11-20 16:00:00+00:00,13378.016453172517
2024-11-20 18:00:00+00:00,13378.016453172517
2024-11-20 20:00:00+00:00,13378.016453172517
2024-11-20 22:00:00+00:00,13378.016453172517
2024-11-21 00:00:00+00:00,13378.016453172517
2024-11-21 02:00:00+00:00,13378.016453172517
2024-11-21 04:00:00+00:00,13378.016453172517
2024-11-21 06:00:00+00:00,13378.016453172517
2024-11-21 08:00:00+00:00,13378.016453172517
2024-11-21 10:00:00+00:00,13378.016453172517
2024-11-21 12:00:00+00:00,13378.016453172517
2024-11-21 14:00:00+00:00,13378.016453172517
2024-11-21 16:00:00+00:00,13378.016453172517
2024-11-21 18:00:00+00:00,13378.016453172517
2024-11-21 20:00:00+00:00,13378.016453172517
2024-11-21 22:00:00+00:00,13378.016453172517
2024-11-22 00:00:00+00:00,13378.016453172517
2024-11-22 02:00:00+00:00,13378.016453172517
2024-11-22 04:00:00+00:00,13378.016453172517
2024-11-22 06:00:00+00:00,13378.016453172517
2024-11-22 08:00:00+00:00,13378.016453172517
2024-11-22 10:00:00+00:00,13378.016453172517
2024-11-22 12:00:00+00:00,13378.016453172517
2024-11-22 14:00:00+00:00,13378.016453172517
2024-11-22 16:00:00+00:00,13378.016453172517
2024-11-22 18:00:00+00:00,13378.016453172517
2024-11-22 20:00:00+00:00,13378.016453172517
2024-11-22 22:00:00+00:00,13378.016453172517
2024-11-23 00:00:00+00:00,13378.016453172517
2024-11-23 02:00:00+00:00,13378.016453172517
2024-11-23 04:00:00+00:00,13378.016453172517
2024-11-23 06:00:00+00:00,13378.016453172517
2024-11-23 08:00:00+00:00,13378.016453172517
2024-11-23 10:00:00+00:00,13378.016453172517
2024-11-23 12:00:00+00:00,13378.016453172517
2024-11-23 14:00:00+00:00,13378.016453172517
2024-11-23 16:00:00+00:00,13378.016453172517
2024-11-23 18:00:00+00:00,13378.016453172517
2024-11-23 20:00:00+00:00,13378.016453172517
2024-11-23 22:00:00+00:00,13378.016453172517
2024-11-24 00:00:00+00:00,13378.016453172517
2024-11-24 02:00:00+00:00,13378.016453172517
2024-11-24 04:00:00+00:00,13378.016453172517
2024-11-24 06:00:00+00:00,13378.016453172517
2024-11-24 08:00:00+00:00,13378.016453172517
2024-11-24 10:00:00+00:00,13378.016453172517
2024-11-24 12:00:00+00:00,13378.016453172517
2024-11-24 14:00:00+00:00,13378.016453172517
2024-11-24 16:00:00+00:00,13378.016453172517
2024-11-24 18:00:00+00:00,13378.016453172517
2024-11-24 20:00:00+00:00,13378.016453172517
2024-11-24 22:00:00+00:00,13378.016453172517
2024-11-25 00:00:00+00:00,13378.016453172517
2024-11-25 02:00:00+00:00,13378.016453172517
2024-11-25 04:00:00+00:00,13378.016453172517
2024-11-25 06:00:00+00:00,13378.016453172517
2024-11-25 08:00:00+00:00,13378.016453172517
2024-11-25 10:00:00+00:00,13378.016453172517
2024-11-25 12:00:00+00:00,13378.016453172517
2024-11-25 14:00:00+00:00,13378.016453172517
2024-11-25 16:00:00+00:00,13378.016453172517
2024-11-25 18:00:00+00:00,13378.016453172517
2024-11-25 20:00:00+00:00,13378.016453172517
2024-11-25 22:00:00+00:00,13378.016453172517
2024-11-26 00:00:00+00:00,13378.016453172517
2024-11-26 02:00:00+00:00,13378.016453172517
2024-11-26 04:00:00+00:00,13378.016453172517
2024-11-26 06:00:00+00:00,13378.016453172517
2024-11-26 08:00:00+00:00,13378.016453172517
2024-11-26 10:00:00+00:00,13378.016453172517
2024-11-26 12:00:00+00:00,13378.016453172517
2024-11-26 14:00:00+00:00,13378.016453172517
2024-11-26 16:00:00+00:00,13378.016453172517
2024-11-26 18:00:00+00:00,13378.016453172517
2024-11-26 20:00:00+00:00,13378.016453172517
2024-11-26 22:00:00+00:00,13378.016453172517
2024-11-27 00:00:00+00:00,13378.016453172517
2024-11-27 02:00:00+00:00,13378.016453172517
2024-11-27 04:00:00+00:00,13378.016453172517
2024-11-27 06:00:00+00:00,13378.016453172517
2024-11-27 08:00:00+00:00,13378.016453172517
2024-11-27 10:00:00+00:00,13378.016453172517
2024-11-27 12:00:00+00:00,13378.016453172517
2024-11-27 14:00:00+00:00,13378.016453172517
2024-11-27 16:00:00+00:00,13378.016453172517
2024-11-27 18:00:00+00:00,13378.016453172517
2024-11-27 20:00:00+00:00,13378.016453172517
2024-11-27 22:00:00+00:00,13378.016453172517
2024-11-28 00:00:00+00:00,13378.016453172517
2024-11-28 02:00:00+00:00,13378.016453172517
2024-11-28 04:00:00+00:00,13378.016453172517
2024-11-28 06:00:00+00:00,13378.016453172517
2024-11-28 08:00:00+00:00,13378.016453172517
2024-11-28 10:00:00+00:00,13378.016453172517
2024-11-28 12:00:00+00:00,13378.016453172517
2024-11-28 14:00:00+00:00,13378.016453172517
2024-11-28 16:00:00+00:00,13378.016453172517
2024-11-28 18:00:00+00:00,13378.016453172517
2024-11-28 20:00:00+00:00,13378.016453172517
2024-11-28 22:00:00+00:00,13378.016453172517
2024-11-29 00:00:00+00:00,13378.016453172517
2024-11-29 02:00:00+00:00,13378.016453172517
2024-11-29 04:00:00+00:00,13378.016453172517
2024-11-29 06:00:00+00:00,13378.016453172517
2024-11-29 08:00:00+00:00,13378.016453172517
2024-11-29 10:00:00+00:00,13378.016453172517
2024-11-29 12:00:00+00:00,13378.016453172517
2024-11-29 14:00:00+00:00,13378.016453172517
2024-11-29 16:00:00+00:00,13378.016453172517
2024-11-29 18:00:00+00:00,13378.016453172517
2024-11-29 20:00:00+00:00,13378.016453172517
2024-11-29 22:00:00+00:00,13378.016453172517
2024-11-30 00:00:00+00:00,13378.016453172517
2024-11-30 02:00:00+00:00,13378.016453172517
2024-11-30 04:00:00+00:00,13378.016453172517
2024-11-30 06:00:00+00:00,13378.016453172517
2024-11-30 08:00:00+00:00,13378.016453172517
2024-11-30 10:00:00+00:00,13378.016453172517
2024-11-30 12:00:00+00:00,13378.016453172517
2024-11-30 14:00:00+00:00,13378.016453172517
2024-11-30 16:00:00+00:00,13378.016453172517
2024-11-30 18:00:00+00:00,13378.016453172517
2024-11-30 20:00:00+00:00,13378.016453172517
2024-11-30 22:00:00+00:00,13378.016453172517
2024-12-01 00:00:00+00:00,13378.016453172517
2024-12-01 02:00:00+00:00,13378.016453172517
2024-12-01 04:00:00+00:00,13378.016453172517
2024-12-01 06:00:00+00:00,13378.016453172517
2024-12-01 08:00:00+00:00,13378.016453172517
2024-12-01 10:00:00+00:00,13378.016453172517
2024-12-01 12:00:00+00:00,13378.016453172517
2024-12-01 14:00:00+00:00,13378.016453172517
2024-12-01 16:00:00+00:00,13378.016453172517
2024-12-01 18:00:00+00:00,13378.016453172517
2024-12-01 20:00:00+00:00,13378.016453172517
2024-12-01 22:00:00+00:00,13378.016453172517
2024-12-02 00:00:00+00:00,13378.016453172517
2024-12-02 02:00:00+00:00,13378.016453172517
2024-12-02 04:00:00+00:00,13378.016453172517
2024-12-02 06:00:00+00:00,13378.016453172517
2024-12-02 08:00:00+00:00,13378.016453172517
2024-12-02 10:00:00+00:00,13378.016453172517
2024-12-02 12:00:00+00:00,13378.016453172517
2024-12-02 14:00:00+00:00,13378.016453172517
2024-12-02 16:00:00+00:00,13378.016453172517
2024-12-02 18:00:00+00:00,13378.016453172517
2024-12-02 20:00:00+00:00,13378.016453172517
2024-12-02 22:00:00+00:00,13378.016453172517
2024-12-03 00:00:00+00:00,13378.016453172517
2024-12-03 02:00:00+00:00,13378.016453172517
2024-12-03 04:00:00+00:00,13378.016453172517
2024-12-03 06:00:00+00:00,13378.016453172517
2024-12-03 08:00:00+00:00,13378.016453172517
2024-12-03 10:00:00+00:00,13378.016453172517
2024-12-03 12:00:00+00:00,13378.016453172517
2024-12-03 14:00:00+00:00,13378.016453172517
2024-12-03 16:00:00+00:00,13378.016453172517
2024-12-03 18:00:00+00:00,13378.016453172517
2024-12-03 20:00:00+00:00,13378.016453172517
2024-12-03 22:00:00+00:00,13378.016453172517
2024-12-04 00:00:00+00:00,13378.016453172517
2024-12-04 02:00:00+00:00,13378.016453172517
2024-12-04 04:00:00+00:00,13378.016453172517
2024-12-04 06:00:00+00:00,13378.016453172517
2024-12-04 08:00:00+00:00,13378.016453172517
2024-12-04 10:00:00+00:00,13378.016453172517
2024-12-04 12:00:00+00:00,13378.016453172517
2024-12-04 14:00:00+00:00,13378.016453172517
2024-12-04 16:00:00+00:00,13378.016453172517
2024-12-04 18:00:00+00:00,13378.016453172517
2024-12-04 20:00:00+00:00,13378.016453172517
2024-12-04 22:00:00+00:00,13378.016453172517
2024-12-05 00:00:00+00:00,13378.016453172517
2024-12-05 02:00:00+00:00,13378.016453172517
2024-12-05 04:00:00+00:00,13378.016453172517
2024-12-05 06:00:00+00:00,13378.016453172517
2024-12-05 08:00:00+00:00,13378.016453172517
2024-12-05 10:00:00+00:00,13378.016453172517
2024-12-05 12:00:00+00:00,13378.016453172517
2024-12-05 14:00:00+00:00,13378.016453172517
2024-12-05 16:00:00+00:00,13378.016453172517
2024-12-05 18:00:00+00:00,13378.016453172517
2024-12-05 20:00:00+00:00,13378.016453172517
2024-12-05 22:00:00+00:00,13378.016453172517
2024-12-06 00:00:00+00:00,13378.016453172517
2024-12-06 02:00:00+00:00,13378.016453172517
2024-12-06 04:00:00+00:00,13378.016453172517
2024-12-06 06:00:00+00:00,13378.016453172517
2024-12-06 08:00:00+00:00,13378.016453172517
2024-12-06 10:00:00+00:00,13378.016453172517
2024-12-06 12:00:00+00:00,13378.016453172517
2024-12-06 14:00:00+00:00,13378.016453172517
2024-12-06 16:00:00+00:00,13378.016453172517
2024-12-06 18:00:00+00:00,13378.016453172517
2024-12-06 20:00:00+00:00,13378.016453172517
2024-12-06 22:00:00+00:00,13378.016453172517
2024-12-07 00:00:00+00:00,13378.016453172517
2024-12-07 02:00:00+00:00,13378.016453172517
2024-12-07 04:00:00+00:00,13378.016453172517
2024-12-07 06:00:00+00:00,13378.016453172517
2024-12-07 08:00:00+00:00,13378.016453172517
2024-12-07 10:00:00+00:00,13378.016453172517
2024-12-07 12:00:00+00:00,13378.016453172517
2024-12-07 14:00:00+00:00,13378.016453172517
2024-12-07 16:00:00+00:00,13378.016453172517
2024-12-07 18:00:00+00:00,13378.016453172517
2024-12-07 20:00:00+00:00,13378.016453172517
2024-12-07 22:00:00+00:00,13378.016453172517
2024-12-08 00:00:00+00:00,13378.016453172517
2024-12-08 02:00:00+00:00,13378.016453172517
2024-12-08 04:00:00+00:00,13378.016453172517
2024-12-08 06:00:00+00:00,13378.016453172517
2024-12-08 08:00:00+00:00,13378.016453172517
2024-12-08 10:00:00+00:00,13378.016453172517
2024-12-08 12:00:00+00:00,13378.016453172517
2024-12-08 14:00:00+00:00,13378.016453172517
2024-12-08 16:00:00+00:00,13378.016453172517
2024-12-08 18:00:00+00:00,13378.016453172517
2024-12-08 20:00:00+00:00,13378.016453172517
2024-12-08 22:00:00+00:00,13378.016453172517
2024-12-09 00:00:00+00:00,13378.016453172517
2024-12-09 02:00:00+00:00,13378.016453172517
2024-12-09 04:00:00+00:00,13378.016453172517
2024-12-09 06:00:00+00:00,13378.016453172517
2024-12-09 08:00:00+00:00,13378.016453172517
2024-12-09 10:00:00+00:00,13378.016453172517
2024-12-09 12:00:00+00:00,13378.016453172517
2024-12-09 14:00:00+00:00,13378.016453172517
2024-12-09 16:00:00+00:00,13378.016453172517
2024-12-09 18:00:00+00:00,13378.016453172517
2024-12-09 20:00:00+00:00,13378.016453172517
2024-12-09 22:00:00+00:00,13378.016453172517
2024-12-10 00:00:00+00:00,13378.016453172517
2024-12-10 02:00:00+00:00,13378.016453172517
2024-12-10 04:00:00+00:00,13378.016453172517
2024-12-10 06:00:00+00:00,13378.016453172517
2024-12-10 08:00:00+00:00,13378.016453172517
2024-12-10 10:00:00+00:00,13378.016453172517
2024-12-10 12:00:00+00:00,13378.016453172517
2024-12-10 14:00:00+00:00,13378.016453172517
2024-12-10 16:00:00+00:00,13378.016453172517
2024-12-10 18:00:00+00:00,13378.016453172517
2024-12-10 20:00:00+00:00,13378.016453172517
2024-12-10 22:00:00+00:00,13378.016453172517
2024-12-11 00:00:00+00:00,13378.016453172517
2024-12-11 02:00:00+00:00,13378.016453172517
2024-12-11 04:00:00+00:00,13378.016453172517
2024-12-11 06:00:00+00:00,13378.016453172517
2024-12-11 08:00:00+00:00,13378.016453172517
2024-12-11 10:00:00+00:00,13378.016453172517
2024-12-11 12:00:00+00:00,13378.016453172517
2024-12-11 14:00:00+00:00,13378.016453172517
2024-12-11 16:00:00+00:00,13378.016453172517
2024-12-11 18:00:00+00:00,13378.016453172517
2024-12-11 20:00:00+00:00,13378.016453172517
2024-12-11 22:00:00+00:00,13378.016453172517
2024-12-12 00:00:00+00:00,13378.016453172517
2024-12-12 02:00:00+00:00,13378.016453172517
2024-12-12 04:00:00+00:00,13378.016453172517
2024-12-12 06:00:00+00:00,13378.016453172517
2024-12-12 08:00:00+00:00,13378.016453172517
2024-12-12 10:00:00+00:00,13378.016453172517
2024-12-12 12:00:00+00:00,13378.016453172517
2024-12-12 14:00:00+00:00,13378.016453172517
2024-12-12 16:00:00+00:00,13378.016453172517
2024-12-12 18:00:00+00:00,13378.016453172517
2024-12-12 20:00:00+00:00,13378.016453172517
2024-12-12 22:00:00+00:00,13378.016453172517
2024-12-13 00:00:00+00:00,13378.016453172517
2024-12-13 02:00:00+00:00,13378.016453172517
2024-12-13 04:00:00+00:00,13378.016453172517
2024-12-13 06:00:00+00:00,13378.016453172517
2024-12-13 08:00:00+00:00,13378.016453172517
2024-12-13 10:00:00+00:00,13378.016453172517
2024-12-13 12:00:00+00:00,13378.016453172517
2024-12-13 14:00:00+00:00,13378.016453172517
2024-12-13 16:00:00+00:00,13378.016453172517
2024-12-13 18:00:00+00:00,13378.016453172517
2024-12-13 20:00:00+00:00,13378.016453172517
2024-12-13 22:00:00+00:00,13378.016453172517
2024-12-14 00:00:00+00:00,13378.016453172517
2024-12-14 02:00:00+00:00,13378.016453172517
2024-12-14 04:00:00+00:00,13378.016453172517
2024-12-14 06:00:00+00:00,13378.016453172517
2024-12-14 08:00:00+00:00,13378.016453172517
2024-12-14 10:00:00+00:00,13378.016453172517
2024-12-14 12:00:00+00:00,13378.016453172517
2024-12-14 14:00:00+00:00,13378.016453172517
2024-12-14 16:00:00+00:00,13378.016453172517
2024-12-14 18:00:00+00:00,13378.016453172517
2024-12-14 20:00:00+00:00,13378.016453172517
2024-12-14 22:00:00+00:00,13378.016453172517
2024-12-15 00:00:00+00:00,13378.016453172517
2024-12-15 02:00:00+00:00,13378.016453172517
2024-12-15 04:00:00+00:00,13378.016453172517
2024-12-15 06:00:00+00:00,13378.016453172517
2024-12-15 08:00:00+00:00,13378.016453172517
2024-12-15 10:00:00+00:00,13378.016453172517
2024-12-15 12:00:00+00:00,13378.016453172517
2024-12-15 14:00:00+00:00,13378.016453172517
2024-12-15 16:00:00+00:00,13378.016453172517
2024-12-15 18:00:00+00:00,13378.016453172517
2024-12-15 20:00:00+00:00,13378.016453172517
2024-12-15 22:00:00+00:00,13378.016453172517
2024-12-16 00:00:00+00:00,13378.016453172517
2024-12-16 02:00:00+00:00,13378.016453172517
2024-12-16 04:00:00+00:00,13378.016453172517
2024-12-16 06:00:00+00:00,13378.016453172517
2024-12-16 08:00:00+00:00,13378.016453172517
2024-12-16 10:00:00+00:00,13378.016453172517
2024-12-16 12:00:00+00:00,13378.016453172517
2024-12-16 14:00:00+00:00,13378.016453172517
2024-12-16 16:00:00+00:00,13378.016453172517
2024-12-16 18:00:00+00:00,13378.016453172517
2024-12-16 20:00:00+00:00,13378.016453172517
2024-12-16 22:00:00+00:00,13378.016453172517
2024-12-17 00:00:00+00:00,13378.016453172517
2024-12-17 02:00:00+00:00,13378.016453172517
2024-12-17 04:00:00+00:00,13378.016453172517
2024-12-17 06:00:00+00:00,13378.016453172517
2024-12-17 08:00:00+00:00,13378.016453172517
2024-12-17 10:00:00+00:00,13378.016453172517
2024-12-17 12:00:00+00:00,13378.016453172517
2024-12-17 14:00:00+00:00,13378.016453172517
2024-12-17 16:00:00+00:00,13378.016453172517
2024-12-17 18:00:00+00:00,13378.016453172517
2024-12-17 20:00:00+00:00,13378.016453172517
2024-12-17 22:00:00+00:00,13378.016453172517
2024-12-18 00:00:00+00:00,13378.016453172517
2024-12-18 02:00:00+00:00,13378.016453172517
2024-12-18 04:00:00+00:00,13378.016453172517
2024-12-18 06:00:00+00:00,13378.016453172517
2024-12-18 08:00:00+00:00,13378.016453172517
2024-12-18 10:00:00+00:00,13378.016453172517
2024-12-18 12:00:00+00:00,13378.016453172517
2024-12-18 14:00:00+00:00,13378.016453172517
2024-12-18 16:00:00+00:00,13378.016453172517
2024-12-18 18:00:00+00:00,13378.016453172517
2024-12-18 20:00:00+00:00,13378.016453172517
2024-12-18 22:00:00+00:00,13378.016453172517
2024-12-19 00:00:00+00:00,13378.016453172517
2024-12-19 02:00:00+00:00,13378.016453172517
2024-12-19 04:00:00+00:00,13378.016453172517
2024-12-19 06:00:00+00:00,13378.016453172517
2024-12-19 08:00:00+00:00,13378.016453172517
2024-12-19 10:00:00+00:00,13378.016453172517
2024-12-19 12:00:00+00:00,13378.016453172517
2024-12-19 14:00:00+00:00,13378.016453172517
2024-12-19 16:00:00+00:00,13378.016453172517
2024-12-19 18:00:00+00:00,13378.016453172517
2024-12-19 20:00:00+00:00,13378.016453172517
2024-12-19 22:00:00+00:00,13378.016453172517
2024-12-20 00:00:00+00:00,13378.016453172517
2024-12-20 02:00:00+00:00,13378.016453172517
2024-12-20 04:00:00+00:00,13378.016453172517
2024-12-20 06:00:00+00:00,13378.016453172517
2024-12-20 08:00:00+00:00,13378.016453172517
2024-12-20 10:00:00+00:00,13378.016453172517
2024-12-20 12:00:00+00:00,13378.016453172517
2024-12-20 14:00:00+00:00,13378.016453172517
2024-12-20 16:00:00+00:00,13378.016453172517
2024-12-20 18:00:00+00:00,13378.016453172517
2024-12-20 20:00:00+00:00,13378.016453172517
2024-12-20 22:00:00+00:00,13378.016453172517
2024-12-21 00:00:00+00:00,13378.016453172517
2024-12-21 02:00:00+00:00,13378.016453172517
2024-12-21 04:00:00+00:00,13378.016453172517
2024-12-21 06:00:00+00:00,13378.016453172517
2024-12-21 08:00:00+00:00,13378.016453172517
2024-12-21 10:00:00+00:00,13378.016453172517
2024-12-21 12:00:00+00:00,13378.016453172517
2024-12-21 14:00:00+00:00,13378.016453172517
2024-12-21 16:00:00+00:00,13378.016453172517
2024-12-21 18:00:00+00:00,13378.016453172517
2024-12-21 20:00:00+00:00,13378.016453172517
2024-12-21 22:00:00+00:00,13378.016453172517
2024-12-22 00:00:00+00:00,13378.016453172517
2024-12-22 02:00:00+00:00,13378.016453172517
2024-12-22 04:00:00+00:00,13378.016453172517
2024-12-22 06:00:00+00:00,13378.016453172517
2024-12-22 08:00:00+00:00,13378.016453172517
2024-12-22 10:00:00+00:00,13378.016453172517
2024-12-22 12:00:00+00:00,13378.016453172517
2024-12-22 14:00:00+00:00,13378.016453172517
2024-12-22 16:00:00+00:00,13378.016453172517
2024-12-22 18:00:00+00:00,13378.016453172517
2024-12-22 20:00:00+00:00,13378.016453172517
2024-12-22 22:00:00+00:00,13378.016453172517
2024-12-23 00:00:00+00:00,13378.016453172517
2024-12-23 02:00:00+00:00,13378.016453172517
2024-12-23 04:00:00+00:00,13378.016453172517
2024-12-23 06:00:00+00:00,13378.016453172517
2024-12-23 08:00:00+00:00,13378.016453172517
2024-12-23 10:00:00+00:00,13378.016453172517
2024-12-23 12:00:00+00:00,13378.016453172517
2024-12-23 14:00:00+00:00,13378.016453172517
2024-12-23 16:00:00+00:00,13378.016453172517
2024-12-23 18:00:00+00:00,13378.016453172517
2024-12-23 20:00:00+00:00,13378.016453172517
2024-12-23 22:00:00+00:00,13378.016453172517
2024-12-24 00:00:00+00:00,13378.016453172517
2024-12-24 02:00:00+00:00,13378.016453172517
2024-12-24 04:00:00+00:00,13378.016453172517
2024-12-24 06:00:00+00:00,13378.016453172517
2024-12-24 08:00:00+00:00,13378.016453172517
2024-12-24 10:00:00+00:00,13378.016453172517
2024-12-24 12:00:00+00:00,13378.016453172517
2024-12-24 14:00:00+00:00,13378.016453172517
2024-12-24 16:00:00+00:00,13378.016453172517
2024-12-24 18:00:00+00:00,13378.016453172517
2024-12-24 20:00:00+00:00,13378.016453172517
2024-12-24 22:00:00+00:00,13378.016453172517
2024-12-25 00:00:00+00:00,13378.016453172517
2024-12-25 02:00:00+00:00,13378.016453172517
2024-12-25 04:00:00+00:00,13378.016453172517
2024-12-25 06:00:00+00:00,13378.016453172517
2024-12-25 08:00:00+00:00,13378.016453172517
2024-12-25 10:00:00+00:00,13378.016453172517
2024-12-25 12:00:00+00:00,13378.016453172517
2024-12-25 14:00:00+00:00,13378.016453172517
2024-12-25 16:00:00+00:00,13378.016453172517
2024-12-25 18:00:00+00:00,13378.016453172517
2024-12-25 20:00:00+00:00,13378.016453172517
2024-12-25 22:00:00+00:00,13378.016453172517
2024-12-26 00:00:00+00:00,13378.016453172517
2024-12-26 02:00:00+00:00,13378.016453172517
2024-12-26 04:00:00+00:00,13378.016453172517
2024-12-26 06:00:00+00:00,13378.016453172517
2024-12-26 08:00:00+00:00,13378.016453172517
2024-12-26 10:00:00+00:00,13378.016453172517
2024-12-26 12:00:00+00:00,13378.016453172517
2024-12-26 14:00:00+00:00,13378.016453172517
2024-12-26 16:00:00+00:00,13378.016453172517
2024-12-26 18:00:00+00:00,13378.016453172517
2024-12-26 20:00:00+00:00,13378.016453172517
2024-12-26 22:00:00+00:00,13378.016453172517
2024-12-27 00:00:00+00:00,13378.016453172517
2024-12-27 02:00:00+00:00,13378.016453172517
2024-12-27 04:00:00+00:00,13378.016453172517
2024-12-27 06:00:00+00:00,13378.016453172517
2024-12-27 08:00:00+00:00,13378.016453172517
2024-12-27 10:00:00+00:00,13378.016453172517
2024-12-27 12:00:00+00:00,13378.016453172517
2024-12-27 14:00:00+00:00,13378.016453172517
2024-12-27 16:00:00+00:00,13378.016453172517
2024-12-27 18:00:00+00:00,13378.016453172517
2024-12-27 20:00:00+00:00,13378.016453172517
2024-12-27 22:00:00+00:00,13378.016453172517
2024-12-28 00:00:00+00:00,13378.016453172517
2024-12-28 02:00:00+00:00,13378.016453172517
2024-12-28 04:00:00+00:00,13378.016453172517
2024-12-28 06:00:00+00:00,13378.016453172517
2024-12-28 08:00:00+00:00,13378.016453172517
2024-12-28 10:00:00+00:00,13378.016453172517
2024-12-28 12:00:00+00:00,13378.016453172517
2024-12-28 14:00:00+00:00,13378.016453172517
2024-12-28 16:00:00+00:00,13378.016453172517
2024-12-28 18:00:00+00:00,13378.016453172517
2024-12-28 20:00:00+00:00,13378.016453172517
2024-12-28 22:00:00+00:00,13378.016453172517
2024-12-29 00:00:00+00:00,13378.016453172517
2024-12-29 02:00:00+00:00,13378.016453172517
2024-12-29 04:00:00+00:00,13378.016453172517
2024-12-29 06:00:00+00:00,13378.016453172517
2024-12-29 08:00:00+00:00,13378.016453172517
2024-12-29 10:00:00+00:00,13378.016453172517
2024-12-29 12:00:00+00:00,13378.016453172517
2024-12-29 14:00:00+00:00,13378.016453172517
2024-12-29 16:00:00+00:00,13378.016453172517
2024-12-29 18:00:00+00:00,13378.016453172517
2024-12-29 20:00:00+00:00,13378.016453172517
2024-12-29 22:00:00+00:00,13378.016453172517
2024-12-30 00:00:00+00:00,13378.016453172517
2024-12-30 02:00:00+00:00,13378.016453172517
2024-12-30 04:00:00+00:00,13378.016453172517
2024-12-30 06:00:00+00:00,13378.016453172517
2024-12-30 08:00:00+00:00,13378.016453172517
2024-12-30 10:00:00+00:00,13378.016453172517
2024-12-30 12:00:00+00:00,13378.016453172517
2024-12-30 14:00:00+00:00,13378.016453172517
2024-12-30 16:00:00+00:00,13378.016453172517
2024-12-30 18:00:00+00:00,13378.016453172517
2024-12-30 20:00:00+00:00,13378.016453172517
2024-12-30 22:00:00+00:00,13378.016453172517
2024-12-31 00:00:00+00:00,13378.016453172517
2024-12-31 02:00:00+00:00,13378.016453172517
2024-12-31 04:00:00+00:00,13378.016453172517
2024-12-31 06:00:00+00:00,13378.016453172517
2024-12-31 08:00:00+00:00,13378.016453172517
2024-12-31 10:00:00+00:00,13378.016453172517
2024-12-31 12:00:00+00:00,13378.016453172517
2024-12-31 14:00:00+00:00,13378.016453172517
2024-12-31 16:00:00+00:00,13378.016453172517
2024-12-31 18:00:00+00:00,13378.016453172517
2024-12-31 20:00:00+00:00,13378.016453172517
2024-12-31 22:00:00+00:00,13378.016453172517
2025-01-01 00:00:00+00:00,13378.016453172517
2025-01-01 02:00:00+00:00,13378.016453172517
2025-01-01 04:00:00+00:00,13378.016453172517
2025-01-01 06:00:00+00:00,13378.016453172517
2025-01-01 08:00:00+00:00,13378.016453172517
2025-01-01 10:00:00+00:00,13378.016453172517
2025-01-01 12:00:00+00:00,13378.016453172517
2025-01-01 14:00:00+00:00,13378.016453172517
2025-01-01 16:00:00+00:00,13378.016453172517
2025-01-01 18:00:00+00:00,13378.016453172517
2025-01-01 20:00:00+00:00,13297.607816569256
2025-01-01 22:00:00+00:00,13279.705813585184
2025-01-02 00:00:00+00:00,13378.629059714633
2025-01-02 02:00:00+00:00,13435.915469263666
2025-01-02 04:00:00+00:00,13342.825053746486
2025-01-02 06:00:00+00:00,13418.013466279594
2025-01-02 08:00:00+00:00,13767.550790623734
2025-01-02 10:00:00+00:00,14218.681265822368
2025-01-02 12:00:00+00:00,14118.430049111561
2025-01-02 14:00:00+00:00,13917.927615689945
2025-01-02 16:00:00+00:00,14091.975185181816
2025-01-02 18:00:00+00:00,14038.269176229596
2025-01-02 20:00:00+00:00,13912.95515534109
2025-01-02 22:00:00+00:00,14031.108375035968
2025-01-03 00:00:00+00:00,14291.07374352942
2025-01-03 02:00:00+00:00,14434.289767402
2025-01-03 04:00:00+00:00,14044.026102349215
2025-01-03 06:00:00+00:00,14040.445701752402
2025-01-03 08:00:00+00:00,14597.583603701343
2025-01-03 10:00:00+00:00,15109.580889045825
2025-01-03 12:00:00+00:00,14909.07845562421
2025-01-03 14:00:00+00:00,15732.570592891556
2025-01-03 16:00:00+00:00,15530.494215367582
2025-01-03 18:00:00+00:00,15569.878621932541
2025-01-03 20:00:00+00:00,15394.438992688629
2025-01-03 22:00:00+00:00,15534.074615964395
2025-01-04 00:00:00+00:00,15539.680807218889
2025-01-04 02:00:00+00:00,15400.04518394312
2025-01-04 04:00:00+00:00,15235.346756489651
2025-01-04 06:00:00+00:00,15385.723581555862
2025-01-04 08:00:00+00:00,15097.751961554068
2025-01-04 10:00:00+00:00,15044.045952601848
2025-01-04 12:00:00+00:00,15473.694024219594
2025-01-04 14:00:00+00:00,15011.822347230518
2025-01-04 16:00:00+00:00,15207.241685924835
2025-01-04 18:00:00+00:00,15160.696478166246
2025-01-04 20:00:00+00:00,15139.21407458536
2025-01-04 22:00:00+00:00,15189.339682940761
2025-01-05 00:00:00+00:00,14965.834607844854
2025-01-05 02:00:00+00:00,15055.344622765218
2025-01-05 04:00:00+00:00,14994.477812619369
2025-01-05 06:00:00+00:00,15041.023020377957
2025-01-05 08:00:00+00:00,14833.346990339189
2025-01-05 10:00:00+00:00,14833.346990339189
2025-01-05 12:00:00+00:00,14833.346990339189
2025-01-05 14:00:00+00:00,14833.346990339189
2025-01-05 16:00:00+00:00,14833.346990339189
2025-01-05 18:00:00+00:00,14833.346990339189
2025-01-05 20:00:00+00:00,14833.346990339189
2025-01-05 22:00:00+00:00,14833.346990339189
2025-01-06 00:00:00+00:00,14833.346990339189
2025-01-06 02:00:00+00:00,14833.346990339189
2025-01-06 04:00:00+00:00,14833.346990339189
2025-01-06 06:00:00+00:00,14833.346990339189
2025-01-06 08:00:00+00:00,14833.346990339189
2025-01-06 10:00:00+00:00,14833.346990339189
2025-01-06 12:00:00+00:00,14833.346990339189
2025-01-06 14:00:00+00:00,14833.346990339189
2025-01-06 16:00:00+00:00,14833.346990339189
2025-01-06 18:00:00+00:00,14833.346990339189
2025-01-06 20:00:00+00:00,14833.346990339189
2025-01-06 22:00:00+00:00,14833.346990339189
2025-01-07 00:00:00+00:00,14833.346990339189
2025-01-07 02:00:00+00:00,14833.346990339189
2025-01-07 04:00:00+00:00,14833.346990339189
2025-01-07 06:00:00+00:00,14833.346990339189
2025-01-07 08:00:00+00:00,14833.346990339189
2025-01-07 10:00:00+00:00,14833.346990339189
2025-01-07 12:00:00+00:00,14833.346990339189
2025-01-07 14:00:00+00:00,14833.346990339189
2025-01-07 16:00:00+00:00,14833.346990339189
2025-01-07 18:00:00+00:00,14833.346990339189
2025-01-07 20:00:00+00:00,14833.346990339189
2025-01-07 22:00:00+00:00,14833.346990339189
2025-01-08 00:00:00+00:00,14833.346990339189
2025-01-08 02:00:00+00:00,14833.346990339189
2025-01-08 04:00:00+00:00,14833.346990339189
2025-01-08 06:00:00+00:00,14833.346990339189
2025-01-08 08:00:00+00:00,14833.346990339189
2025-01-08 10:00:00+00:00,14833.346990339189
2025-01-08 12:00:00+00:00,14833.346990339189
2025-01-08 14:00:00+00:00,14833.346990339189
2025-01-08 16:00:00+00:00,14833.346990339189
2025-01-08 18:00:00+00:00,14833.346990339189
2025-01-08 20:00:00+00:00,14833.346990339189
2025-01-08 22:00:00+00:00,14833.346990339189
2025-01-09 00:00:00+00:00,14833.346990339189
2025-01-09 02:00:00+00:00,14833.346990339189
2025-01-09 04:00:00+00:00,14833.346990339189
2025-01-09 06:00:00+00:00,14833.346990339189
2025-01-09 08:00:00+00:00,14833.346990339189
2025-01-09 10:00:00+00:00,14833.346990339189
2025-01-09 12:00:00+00:00,14833.346990339189
2025-01-09 14:00:00+00:00,14833.346990339189
2025-01-09 16:00:00+00:00,14833.346990339189
2025-01-09 18:00:00+00:00,14833.346990339189
2025-01-09 20:00:00+00:00,14833.346990339189
2025-01-09 22:00:00+00:00,14833.346990339189
2025-01-10 00:00:00+00:00,14833.346990339189
2025-01-10 02:00:00+00:00,14833.346990339189
2025-01-10 04:00:00+00:00,14833.346990339189
2025-01-10 06:00:00+00:00,14833.346990339189
2025-01-10 08:00:00+00:00,14833.346990339189
2025-01-10 10:00:00+00:00,14833.346990339189
2025-01-10 12:00:00+00:00,14833.346990339189
2025-01-10 14:00:00+00:00,14833.346990339189
2025-01-10 16:00:00+00:00,14833.346990339189
2025-01-10 18:00:00+00:00,14833.346990339189
2025-01-10 20:00:00+00:00,14833.346990339189
2025-01-10 22:00:00+00:00,14833.346990339189
2025-01-11 00:00:00+00:00,14833.346990339189
2025-01-11 02:00:00+00:00,14833.346990339189
2025-01-11 04:00:00+00:00,14833.346990339189
2025-01-11 06:00:00+00:00,14833.346990339189
2025-01-11 08:00:00+00:00,14833.346990339189
2025-01-11 10:00:00+00:00,14833.346990339189
2025-01-11 12:00:00+00:00,14833.346990339189
2025-01-11 14:00:00+00:00,14833.346990339189
2025-01-11 16:00:00+00:00,14833.346990339189
2025-01-11 18:00:00+00:00,14833.346990339189
2025-01-11 20:00:00+00:00,14833.346990339189
2025-01-11 22:00:00+00:00,14575.063860328739
2025-01-12 00:00:00+00:00,14533.487818681684
2025-01-12 02:00:00+00:00,14429.179627003034
2025-01-12 04:00:00+00:00,14381.037384689807
2025-01-12 06:00:00+00:00,14240.023054038475
2025-01-12 08:00:00+00:00,14240.023054038475
2025-01-12 10:00:00+00:00,14240.023054038475
2025-01-12 12:00:00+00:00,14240.023054038475
2025-01-12 14:00:00+00:00,14240.023054038475
2025-01-12 16:00:00+00:00,14240.023054038475
2025-01-12 18:00:00+00:00,14240.023054038475
2025-01-12 20:00:00+00:00,14240.023054038475
2025-01-12 22:00:00+00:00,14240.023054038475
2025-01-13 00:00:00+00:00,14240.023054038475
2025-01-13 02:00:00+00:00,14240.023054038475
2025-01-13 04:00:00+00:00,14240.023054038475
2025-01-13 06:00:00+00:00,14240.023054038475
2025-01-13 08:00:00+00:00,14240.023054038475
2025-01-13 10:00:00+00:00,14240.023054038475
2025-01-13 12:00:00+00:00,14240.023054038475
2025-01-13 14:00:00+00:00,14240.023054038475
2025-01-13 16:00:00+00:00,14240.023054038475
2025-01-13 18:00:00+00:00,14240.023054038475
2025-01-13 20:00:00+00:00,14240.023054038475
2025-01-13 22:00:00+00:00,14240.023054038475
2025-01-14 00:00:00+00:00,14240.023054038475
2025-01-14 02:00:00+00:00,14240.023054038475
2025-01-14 04:00:00+00:00,14240.023054038475
2025-01-14 06:00:00+00:00,14240.023054038475
2025-01-14 08:00:00+00:00,14240.023054038475
2025-01-14 10:00:00+00:00,14240.023054038475
2025-01-14 12:00:00+00:00,14240.023054038475
2025-01-14 14:00:00+00:00,14240.023054038475
2025-01-14 16:00:00+00:00,14240.023054038475
2025-01-14 18:00:00+00:00,14240.023054038475
2025-01-14 20:00:00+00:00,14240.023054038475
2025-01-14 22:00:00+00:00,14240.023054038475
2025-01-15 00:00:00+00:00,14240.023054038475
2025-01-15 02:00:00+00:00,14240.023054038475
2025-01-15 04:00:00+00:00,14240.023054038475
2025-01-15 06:00:00+00:00,14240.023054038475
2025-01-15 08:00:00+00:00,14240.023054038475
2025-01-15 10:00:00+00:00,14240.023054038475
2025-01-15 12:00:00+00:00,14240.023054038475
2025-01-15 14:00:00+00:00,14465.778915375167
2025-01-15 16:00:00+00:00,14236.318768016476
2025-01-15 18:00:00+00:00,14412.001354327233
2025-01-15 20:00:00+00:00,14374.622080644094
2025-01-15 22:00:00+00:00,14613.84943221619
2025-01-16 00:00:00+00:00,14474.084963780298
2025-01-16 02:00:00+00:00,14384.374706940764
2025-01-16 04:00:00+00:00,14451.657399570415
2025-01-16 06:00:00+00:00,14631.077913249484
2025-01-16 08:00:00+00:00,14506.307614973755
2025-01-16 10:00:00+00:00,14603.49372654992
2025-01-16 12:00:00+00:00,14756.748748650793
2025-01-16 14:00:00+00:00,14659.56263707463
2025-01-16 16:00:00+00:00,14800.137114371235
2025-01-16 18:00:00+00:00,14856.206024895944
2025-01-16 20:00:00+00:00,14669.309656480245
2025-01-16 22:00:00+00:00,14388.965103856695
2025-01-17 00:00:00+00:00,15004.28327000623
2025-01-17 02:00:00+00:00,14798.69726474896
2025-01-17 04:00:00+00:00,15019.234979479486
2025-01-17 06:00:00+00:00,15299.579532103036
2025-01-17 08:00:00+00:00,15129.842119271583
2025-01-17 10:00:00+00:00,15163.483465586409
2025-01-17 12:00:00+00:00,15144.793828744838
2025-01-17 14:00:00+00:00,15088.724918220129
2025-01-17 16:00:00+00:00,15105.9044324049
2025-01-17 18:00:00+00:00,15176.925052402865
2025-01-17 20:00:00+00:00,15472.221314499671
2025-01-17 22:00:00+00:00,15378.77313029182
2025-01-18 00:00:00+00:00,15250.145068864347
2025-01-18 02:00:00+00:00,14588.613805820749
2025-01-18 04:00:00+00:00,14588.613805820749
2025-01-18 06:00:00+00:00,14588.613805820749
2025-01-18 08:00:00+00:00,14588.613805820749
2025-01-18 10:00:00+00:00,14588.613805820749
2025-01-18 12:00:00+00:00,14588.613805820749
2025-01-18 14:00:00+00:00,14588.613805820749
2025-01-18 16:00:00+00:00,14588.613805820749
2025-01-18 18:00:00+00:00,14588.613805820749
2025-01-18 20:00:00+00:00,14588.613805820749
2025-01-18 22:00:00+00:00,14588.613805820749
2025-01-19 00:00:00+00:00,14588.613805820749
2025-01-19 02:00:00+00:00,14588.613805820749
2025-01-19 04:00:00+00:00,14588.613805820749
2025-01-19 06:00:00+00:00,14588.613805820749
2025-01-19 08:00:00+00:00,14588.613805820749
2025-01-19 10:00:00+00:00,14588.613805820749
2025-01-19 12:00:00+00:00,14588.613805820749
2025-01-19 14:00:00+00:00,14588.613805820749
2025-01-19 16:00:00+00:00,14588.613805820749
2025-01-19 18:00:00+00:00,14588.613805820749
2025-01-19 20:00:00+00:00,14588.613805820749
2025-01-19 22:00:00+00:00,14588.613805820749
2025-01-20 00:00:00+00:00,14588.613805820749
2025-01-20 02:00:00+00:00,14588.613805820749
2025-01-20 04:00:00+00:00,14588.613805820749
2025-01-20 06:00:00+00:00,14588.613805820749
2025-01-20 08:00:00+00:00,14588.613805820749
2025-01-20 10:00:00+00:00,14588.613805820749
2025-01-20 12:00:00+00:00,14588.613805820749
2025-01-20 14:00:00+00:00,14588.613805820749
2025-01-20 16:00:00+00:00,14588.613805820749
2025-01-20 18:00:00+00:00,14588.613805820749
2025-01-20 20:00:00+00:00,14588.613805820749
2025-01-20 22:00:00+00:00,14588.613805820749
2025-01-21 00:00:00+00:00,14588.613805820749
2025-01-21 02:00:00+00:00,14588.613805820749
2025-01-21 04:00:00+00:00,14588.613805820749
2025-01-21 06:00:00+00:00,14588.613805820749
2025-01-21 08:00:00+00:00,14588.613805820749
2025-01-21 10:00:00+00:00,14588.613805820749
2025-01-21 12:00:00+00:00,14588.613805820749
2025-01-21 14:00:00+00:00,14588.613805820749
2025-01-21 16:00:00+00:00,14588.613805820749
2025-01-21 18:00:00+00:00,14588.613805820749
2025-01-21 20:00:00+00:00,14588.613805820749
2025-01-21 22:00:00+00:00,14588.613805820749
2025-01-22 00:00:00+00:00,14588.613805820749
2025-01-22 02:00:00+00:00,14588.613805820749
2025-01-22 04:00:00+00:00,14588.613805820749
2025-01-22 06:00:00+00:00,14588.613805820749
2025-01-22 08:00:00+00:00,14588.613805820749
2025-01-22 10:00:00+00:00,14588.613805820749
2025-01-22 12:00:00+00:00,14588.613805820749
2025-01-22 14:00:00+00:00,14588.613805820749
2025-01-22 16:00:00+00:00,14588.613805820749
2025-01-22 18:00:00+00:00,14588.613805820749
2025-01-22 20:00:00+00:00,14588.613805820749
2025-01-22 22:00:00+00:00,14588.613805820749
2025-01-23 00:00:00+00:00,14588.613805820749
2025-01-23 02:00:00+00:00,14588.613805820749
2025-01-23 04:00:00+00:00,14588.613805820749
2025-01-23 06:00:00+00:00,14588.613805820749
2025-01-23 08:00:00+00:00,14588.613805820749
2025-01-23 10:00:00+00:00,14588.613805820749
2025-01-23 12:00:00+00:00,14588.613805820749
2025-01-23 14:00:00+00:00,14588.613805820749
2025-01-23 16:00:00+00:00,14588.613805820749
2025-01-23 18:00:00+00:00,14588.613805820749
2025-01-23 20:00:00+00:00,14588.613805820749
2025-01-23 22:00:00+00:00,14588.613805820749
2025-01-24 00:00:00+00:00,14588.613805820749
2025-01-24 02:00:00+00:00,14588.613805820749
2025-01-24 04:00:00+00:00,14588.613805820749
2025-01-24 06:00:00+00:00,14588.613805820749
2025-01-24 08:00:00+00:00,14588.613805820749
2025-01-24 10:00:00+00:00,14588.613805820749
2025-01-24 12:00:00+00:00,14588.613805820749
2025-01-24 14:00:00+00:00,14588.613805820749
2025-01-24 16:00:00+00:00,14588.613805820749
2025-01-24 18:00:00+00:00,14588.613805820749
2025-01-24 20:00:00+00:00,14588.613805820749
2025-01-24 22:00:00+00:00,14588.613805820749
2025-01-25 00:00:00+00:00,14588.613805820749
2025-01-25 02:00:00+00:00,14588.613805820749
2025-01-25 04:00:00+00:00,14588.613805820749
2025-01-25 06:00:00+00:00,14588.613805820749
2025-01-25 08:00:00+00:00,14588.613805820749
2025-01-25 10:00:00+00:00,14588.613805820749
2025-01-25 12:00:00+00:00,14588.613805820749
2025-01-25 14:00:00+00:00,14588.613805820749
2025-01-25 16:00:00+00:00,14588.613805820749
2025-01-25 18:00:00+00:00,14588.613805820749
2025-01-25 20:00:00+00:00,14588.613805820749
2025-01-25 22:00:00+00:00,14588.613805820749
2025-01-26 00:00:00+00:00,14588.613805820749
2025-01-26 02:00:00+00:00,14588.613805820749
2025-01-26 04:00:00+00:00,14588.613805820749
2025-01-26 06:00:00+00:00,14588.613805820749
2025-01-26 08:00:00+00:00,14588.613805820749
2025-01-26 10:00:00+00:00,14588.613805820749
2025-01-26 12:00:00+00:00,14588.613805820749
2025-01-26 14:00:00+00:00,14588.613805820749
2025-01-26 16:00:00+00:00,14588.613805820749
2025-01-26 18:00:00+00:00,14588.613805820749
2025-01-26 20:00:00+00:00,14588.613805820749
2025-01-26 22:00:00+00:00,14588.613805820749
2025-01-27 00:00:00+00:00,14588.613805820749
2025-01-27 02:00:00+00:00,14588.613805820749
2025-01-27 04:00:00+00:00,14588.613805820749
2025-01-27 06:00:00+00:00,14588.613805820749
2025-01-27 08:00:00+00:00,14588.613805820749
2025-01-27 10:00:00+00:00,14588.613805820749
2025-01-27 12:00:00+00:00,14588.613805820749
2025-01-27 14:00:00+00:00,14588.613805820749
2025-01-27 16:00:00+00:00,14588.613805820749
2025-01-27 18:00:00+00:00,14588.613805820749
2025-01-27 20:00:00+00:00,14588.613805820749
2025-01-27 22:00:00+00:00,14588.613805820749
2025-01-28 00:00:00+00:00,14588.613805820749
2025-01-28 02:00:00+00:00,14588.613805820749
2025-01-28 04:00:00+00:00,14588.613805820749
2025-01-28 06:00:00+00:00,14588.613805820749
2025-01-28 08:00:00+00:00,14588.613805820749
2025-01-28 10:00:00+00:00,14588.613805820749
2025-01-28 12:00:00+00:00,14588.613805820749
2025-01-28 14:00:00+00:00,14588.613805820749
2025-01-28 16:00:00+00:00,14588.613805820749
2025-01-28 18:00:00+00:00,14588.613805820749
2025-01-28 20:00:00+00:00,14588.613805820749
2025-01-28 22:00:00+00:00,14588.613805820749
2025-01-29 00:00:00+00:00,14588.613805820749
2025-01-29 02:00:00+00:00,14588.613805820749
2025-01-29 04:00:00+00:00,14588.613805820749
2025-01-29 06:00:00+00:00,14588.613805820749
2025-01-29 08:00:00+00:00,14588.613805820749
2025-01-29 10:00:00+00:00,14588.613805820749
2025-01-29 12:00:00+00:00,14588.613805820749
2025-01-29 14:00:00+00:00,14588.613805820749
2025-01-29 16:00:00+00:00,14588.613805820749
2025-01-29 18:00:00+00:00,14588.613805820749
2025-01-29 20:00:00+00:00,14588.613805820749
2025-01-29 22:00:00+00:00,14588.613805820749
2025-01-30 00:00:00+00:00,14588.613805820749
2025-01-30 02:00:00+00:00,14588.613805820749
2025-01-30 04:00:00+00:00,14588.613805820749
2025-01-30 06:00:00+00:00,14588.613805820749
2025-01-30 08:00:00+00:00,14588.613805820749
2025-01-30 10:00:00+00:00,14588.613805820749
2025-01-30 12:00:00+00:00,14588.613805820749
2025-01-30 14:00:00+00:00,14588.613805820749
2025-01-30 16:00:00+00:00,14744.436001532147
2025-01-30 18:00:00+00:00,14633.471290325882
2025-01-30 20:00:00+00:00,14559.494816188373
2025-01-30 22:00:00+00:00,14342.188923409443
2025-01-31 00:00:00+00:00,14363.871890332111
2025-01-31 02:00:00+00:00,14141.942467919585
2025-01-31 04:00:00+00:00,14178.93070498834
2025-01-31 06:00:00+00:00,14340.75424216414
2025-01-31 08:00:00+00:00,14339.320023271797
2025-01-31 10:00:00+00:00,14829.41416443279
2025-01-31 12:00:00+00:00,15083.708294280475
2025-01-31 14:00:00+00:00,15721.755383716485
2025-01-31 16:00:00+00:00,15230.088780127107
2025-01-31 18:00:00+00:00,14830.927863205468
2025-01-31 20:00:00+00:00,14830.927863205468
2025-01-31 22:00:00+00:00,14830.927863205468
2025-02-01 00:00:00+00:00,14830.927863205468
2025-02-01 02:00:00+00:00,14830.927863205468
2025-02-01 04:00:00+00:00,14830.927863205468
2025-02-01 06:00:00+00:00,14830.927863205468
2025-02-01 08:00:00+00:00,14830.927863205468
2025-02-01 10:00:00+00:00,14830.927863205468
2025-02-01 12:00:00+00:00,14830.927863205468
2025-02-01 14:00:00+00:00,14830.927863205468
2025-02-01 16:00:00+00:00,14830.927863205468
2025-02-01 18:00:00+00:00,14830.927863205468
2025-02-01 20:00:00+00:00,14830.927863205468
2025-02-01 22:00:00+00:00,14830.927863205468
2025-02-02 00:00:00+00:00,14830.927863205468
2025-02-02 02:00:00+00:00,14830.927863205468
2025-02-02 04:00:00+00:00,14830.927863205468
2025-02-02 06:00:00+00:00,14830.927863205468
2025-02-02 08:00:00+00:00,14830.927863205468
2025-02-02 10:00:00+00:00,14830.927863205468
2025-02-02 12:00:00+00:00,14830.927863205468
2025-02-02 14:00:00+00:00,14830.927863205468
2025-02-02 16:00:00+00:00,14830.927863205468
2025-02-02 18:00:00+00:00,14830.927863205468
2025-02-02 20:00:00+00:00,14830.927863205468
2025-02-02 22:00:00+00:00,14830.927863205468
2025-02-03 00:00:00+00:00,14830.927863205468
2025-02-03 02:00:00+00:00,14830.927863205468
2025-02-03 04:00:00+00:00,14830.927863205468
2025-02-03 06:00:00+00:00,14830.927863205468
2025-02-03 08:00:00+00:00,14830.927863205468
2025-02-03 10:00:00+00:00,14830.927863205468
2025-02-03 12:00:00+00:00,14830.927863205468
2025-02-03 14:00:00+00:00,14830.927863205468
2025-02-03 16:00:00+00:00,14830.927863205468
2025-02-03 18:00:00+00:00,14830.927863205468
2025-02-03 20:00:00+00:00,14830.927863205468
2025-02-03 22:00:00+00:00,14830.927863205468
2025-02-04 00:00:00+00:00,14830.927863205468
2025-02-04 02:00:00+00:00,14830.927863205468
2025-02-04 04:00:00+00:00,14830.927863205468
2025-02-04 06:00:00+00:00,14830.927863205468
2025-02-04 08:00:00+00:00,14830.927863205468
2025-02-04 10:00:00+00:00,14830.927863205468
2025-02-04 12:00:00+00:00,14830.927863205468
2025-02-04 14:00:00+00:00,14830.927863205468
2025-02-04 16:00:00+00:00,14830.927863205468
2025-02-04 18:00:00+00:00,14830.927863205468
2025-02-04 20:00:00+00:00,14830.927863205468
2025-02-04 22:00:00+00:00,14830.927863205468
2025-02-05 00:00:00+00:00,14830.927863205468
2025-02-05 02:00:00+00:00,14830.927863205468
2025-02-05 04:00:00+00:00,14830.927863205468
2025-02-05 06:00:00+00:00,14830.927863205468
2025-02-05 08:00:00+00:00,14830.927863205468
2025-02-05 10:00:00+00:00,14830.927863205468
2025-02-05 12:00:00+00:00,14830.927863205468
2025-02-05 14:00:00+00:00,14830.927863205468
2025-02-05 16:00:00+00:00,14830.927863205468
2025-02-05 18:00:00+00:00,14830.927863205468
2025-02-05 20:00:00+00:00,14830.927863205468
2025-02-05 22:00:00+00:00,14830.927863205468
2025-02-06 00:00:00+00:00,14830.927863205468
2025-02-06 02:00:00+00:00,14830.927863205468
2025-02-06 04:00:00+00:00,14830.927863205468
2025-02-06 06:00:00+00:00,14830.927863205468
2025-02-06 08:00:00+00:00,14830.927863205468
2025-02-06 10:00:00+00:00,14830.927863205468
2025-02-06 12:00:00+00:00,14830.927863205468
2025-02-06 14:00:00+00:00,14830.927863205468
2025-02-06 16:00:00+00:00,14830.927863205468
2025-02-06 18:00:00+00:00,14830.927863205468
2025-02-06 20:00:00+00:00,14830.927863205468
2025-02-06 22:00:00+00:00,14830.927863205468
2025-02-07 00:00:00+00:00,14830.927863205468
2025-02-07 02:00:00+00:00,14830.927863205468
2025-02-07 04:00:00+00:00,14830.927863205468
2025-02-07 06:00:00+00:00,14830.927863205468
2025-02-07 08:00:00+00:00,14830.927863205468
2025-02-07 10:00:00+00:00,14830.927863205468
2025-02-07 12:00:00+00:00,14830.927863205468
2025-02-07 14:00:00+00:00,14830.927863205468
2025-02-07 16:00:00+00:00,14830.927863205468
2025-02-07 18:00:00+00:00,14830.927863205468
2025-02-07 20:00:00+00:00,14830.927863205468
2025-02-07 22:00:00+00:00,14830.927863205468
2025-02-08 00:00:00+00:00,14830.927863205468
2025-02-08 02:00:00+00:00,14830.927863205468
2025-02-08 04:00:00+00:00,14830.927863205468
2025-02-08 06:00:00+00:00,14830.927863205468
2025-02-08 08:00:00+00:00,14830.927863205468
2025-02-08 10:00:00+00:00,14830.927863205468
2025-02-08 12:00:00+00:00,14830.927863205468
2025-02-08 14:00:00+00:00,14830.927863205468
2025-02-08 16:00:00+00:00,14830.927863205468
2025-02-08 18:00:00+00:00,14830.927863205468
2025-02-08 20:00:00+00:00,14830.927863205468
2025-02-08 22:00:00+00:00,14830.927863205468
2025-02-09 00:00:00+00:00,14830.927863205468
2025-02-09 02:00:00+00:00,14830.927863205468
2025-02-09 04:00:00+00:00,14830.927863205468
2025-02-09 06:00:00+00:00,14830.927863205468
2025-02-09 08:00:00+00:00,14830.927863205468
2025-02-09 10:00:00+00:00,14830.927863205468
2025-02-09 12:00:00+00:00,14830.927863205468
2025-02-09 14:00:00+00:00,14830.927863205468
2025-02-09 16:00:00+00:00,14830.927863205468
2025-02-09 18:00:00+00:00,14830.927863205468
2025-02-09 20:00:00+00:00,14830.927863205468
2025-02-09 22:00:00+00:00,14830.927863205468
2025-02-10 00:00:00+00:00,14830.927863205468
2025-02-10 02:00:00+00:00,14830.927863205468
2025-02-10 04:00:00+00:00,14830.927863205468
2025-02-10 06:00:00+00:00,14830.927863205468
2025-02-10 08:00:00+00:00,14830.927863205468
2025-02-10 10:00:00+00:00,14830.927863205468
2025-02-10 12:00:00+00:00,14830.927863205468
2025-02-10 14:00:00+00:00,14830.927863205468
2025-02-10 16:00:00+00:00,14830.927863205468
2025-02-10 18:00:00+00:00,14830.927863205468
2025-02-10 20:00:00+00:00,14830.927863205468
2025-02-10 22:00:00+00:00,14830.927863205468
2025-02-11 00:00:00+00:00,14830.927863205468
2025-02-11 02:00:00+00:00,14775.937004867763
2025-02-11 04:00:00+00:00,15537.583242232082
2025-02-11 06:00:00+00:00,15397.948098715291
2025-02-11 08:00:00+00:00,15218.69148322561
2025-02-11 10:00:00+00:00,15199.6503272915
2025-02-11 12:00:00+00:00,14710.92732498273
2025-02-11 14:00:00+00:00,14914.032988279881
2025-02-11 16:00:00+00:00,14636.363819024826
2025-02-11 18:00:00+00:00,14636.363819024826
2025-02-11 20:00:00+00:00,14636.363819024826
2025-02-11 22:00:00+00:00,14636.363819024826
2025-02-12 00:00:00+00:00,14636.363819024826
2025-02-12 02:00:00+00:00,14636.363819024826
2025-02-12 04:00:00+00:00,14636.363819024826
2025-02-12 06:00:00+00:00,14636.363819024826
2025-02-12 08:00:00+00:00,14636.363819024826
2025-02-12 10:00:00+00:00,14636.363819024826
2025-02-12 12:00:00+00:00,14636.363819024826
2025-02-12 14:00:00+00:00,14636.363819024826
2025-02-12 16:00:00+00:00,14636.363819024826
2025-02-12 18:00:00+00:00,14636.363819024826
2025-02-12 20:00:00+00:00,14636.363819024826
2025-02-12 22:00:00+00:00,14636.363819024826
2025-02-13 00:00:00+00:00,14636.363819024826
2025-02-13 02:00:00+00:00,14636.363819024826
2025-02-13 04:00:00+00:00,14636.363819024826
2025-02-13 06:00:00+00:00,14636.363819024826
2025-02-13 08:00:00+00:00,14636.363819024826
2025-02-13 10:00:00+00:00,14636.363819024826
2025-02-13 12:00:00+00:00,14636.363819024826
2025-02-13 14:00:00+00:00,14636.363819024826
2025-02-13 16:00:00+00:00,14636.363819024826
2025-02-13 18:00:00+00:00,14636.363819024826
2025-02-13 20:00:00+00:00,14636.363819024826
2025-02-13 22:00:00+00:00,14636.363819024826
2025-02-14 00:00:00+00:00,14636.363819024826
2025-02-14 02:00:00+00:00,14636.363819024826
2025-02-14 04:00:00+00:00,14636.363819024826
2025-02-14 06:00:00+00:00,14636.363819024826
2025-02-14 08:00:00+00:00,14636.363819024826
2025-02-14 10:00:00+00:00,14636.363819024826
2025-02-14 12:00:00+00:00,14636.363819024826
2025-02-14 14:00:00+00:00,14636.363819024826
2025-02-14 16:00:00+00:00,14636.363819024826
2025-02-14 18:00:00+00:00,14636.363819024826
2025-02-14 20:00:00+00:00,14636.363819024826
2025-02-14 22:00:00+00:00,14636.363819024826
2025-02-15 00:00:00+00:00,14636.363819024826
2025-02-15 02:00:00+00:00,14636.363819024826
2025-02-15 04:00:00+00:00,14636.363819024826
2025-02-15 06:00:00+00:00,14636.363819024826
2025-02-15 08:00:00+00:00,14636.363819024826
2025-02-15 10:00:00+00:00,14636.363819024826
2025-02-15 12:00:00+00:00,14636.363819024826
2025-02-15 14:00:00+00:00,14636.363819024826
2025-02-15 16:00:00+00:00,14636.363819024826
2025-02-15 18:00:00+00:00,14636.363819024826
2025-02-15 20:00:00+00:00,14636.363819024826
2025-02-15 22:00:00+00:00,14636.363819024826
2025-02-16 00:00:00+00:00,14636.363819024826
2025-02-16 02:00:00+00:00,14636.363819024826
2025-02-16 04:00:00+00:00,14636.363819024826
2025-02-16 06:00:00+00:00,14636.363819024826
2025-02-16 08:00:00+00:00,14636.363819024826
2025-02-16 10:00:00+00:00,14636.363819024826
2025-02-16 12:00:00+00:00,14636.363819024826
2025-02-16 14:00:00+00:00,14636.363819024826
2025-02-16 16:00:00+00:00,14636.363819024826
2025-02-16 18:00:00+00:00,14636.363819024826
2025-02-16 20:00:00+00:00,14636.363819024826
2025-02-16 22:00:00+00:00,14636.363819024826
2025-02-17 00:00:00+00:00,14636.363819024826
2025-02-17 02:00:00+00:00,14636.363819024826
2025-02-17 04:00:00+00:00,14636.363819024826
2025-02-17 06:00:00+00:00,14636.363819024826
2025-02-17 08:00:00+00:00,14636.363819024826
2025-02-17 10:00:00+00:00,14636.363819024826
2025-02-17 12:00:00+00:00,14636.363819024826
2025-02-17 14:00:00+00:00,14636.363819024826
2025-02-17 16:00:00+00:00,14636.363819024826
2025-02-17 18:00:00+00:00,14636.363819024826
2025-02-17 20:00:00+00:00,14636.363819024826
2025-02-17 22:00:00+00:00,14636.363819024826
2025-02-18 00:00:00+00:00,14636.363819024826
2025-02-18 02:00:00+00:00,14636.363819024826
2025-02-18 04:00:00+00:00,14636.363819024826
2025-02-18 06:00:00+00:00,14636.363819024826
2025-02-18 08:00:00+00:00,14636.363819024826
2025-02-18 10:00:00+00:00,14636.363819024826
2025-02-18 12:00:00+00:00,14636.363819024826
2025-02-18 14:00:00+00:00,14636.363819024826
2025-02-18 16:00:00+00:00,14636.363819024826
2025-02-18 18:00:00+00:00,14636.363819024826
2025-02-18 20:00:00+00:00,14636.363819024826
2025-02-18 22:00:00+00:00,14636.363819024826
2025-02-19 00:00:00+00:00,14636.363819024826
2025-02-19 02:00:00+00:00,14636.363819024826
2025-02-19 04:00:00+00:00,14636.363819024826
2025-02-19 06:00:00+00:00,14636.363819024826
2025-02-19 08:00:00+00:00,14636.363819024826
2025-02-19 10:00:00+00:00,14636.363819024826
2025-02-19 12:00:00+00:00,14636.363819024826
2025-02-19 14:00:00+00:00,14636.363819024826
2025-02-19 16:00:00+00:00,14636.363819024826
2025-02-19 18:00:00+00:00,14636.363819024826
2025-02-19 20:00:00+00:00,14636.363819024826
2025-02-19 22:00:00+00:00,14636.363819024826
2025-02-20 00:00:00+00:00,14636.363819024826
2025-02-20 02:00:00+00:00,14636.363819024826
2025-02-20 04:00:00+00:00,14636.363819024826
2025-02-20 06:00:00+00:00,14636.363819024826
2025-02-20 08:00:00+00:00,14636.363819024826
2025-02-20 10:00:00+00:00,14636.363819024826
2025-02-20 12:00:00+00:00,14636.363819024826
2025-02-20 14:00:00+00:00,14636.363819024826
2025-02-20 16:00:00+00:00,14636.363819024826
2025-02-20 18:00:00+00:00,14636.363819024826
2025-02-20 20:00:00+00:00,14636.363819024826
2025-02-20 22:00:00+00:00,14636.363819024826
2025-02-21 00:00:00+00:00,14636.363819024826
2025-02-21 02:00:00+00:00,14636.363819024826
2025-02-21 04:00:00+00:00,14636.363819024826
2025-02-21 06:00:00+00:00,14783.215032924834
2025-02-21 08:00:00+00:00,15247.052709905778
2025-02-21 10:00:00+00:00,15177.8841155365
2025-02-21 12:00:00+00:00,15397.966006711476
2025-02-21 14:00:00+00:00,14754.436091528194
2025-02-21 16:00:00+00:00,14754.436091528194
2025-02-21 18:00:00+00:00,14754.436091528194
2025-02-21 20:00:00+00:00,14754.436091528194
2025-02-21 22:00:00+00:00,14754.436091528194
2025-02-22 00:00:00+00:00,14754.436091528194
2025-02-22 02:00:00+00:00,14754.436091528194
2025-02-22 04:00:00+00:00,14754.436091528194
2025-02-22 06:00:00+00:00,14754.436091528194
2025-02-22 08:00:00+00:00,14754.436091528194
2025-02-22 10:00:00+00:00,14754.436091528194
2025-02-22 12:00:00+00:00,14754.436091528194
2025-02-22 14:00:00+00:00,14754.436091528194
2025-02-22 16:00:00+00:00,14754.436091528194
2025-02-22 18:00:00+00:00,14754.436091528194
2025-02-22 20:00:00+00:00,14754.436091528194
2025-02-22 22:00:00+00:00,14754.436091528194
2025-02-23 00:00:00+00:00,14754.436091528194
2025-02-23 02:00:00+00:00,14754.436091528194
2025-02-23 04:00:00+00:00,14754.436091528194
2025-02-23 06:00:00+00:00,14754.436091528194
2025-02-23 08:00:00+00:00,14754.436091528194
2025-02-23 10:00:00+00:00,14754.436091528194
2025-02-23 12:00:00+00:00,14754.436091528194
2025-02-23 14:00:00+00:00,14754.436091528194
2025-02-23 16:00:00+00:00,14754.436091528194
2025-02-23 18:00:00+00:00,14754.436091528194
2025-02-23 20:00:00+00:00,14754.436091528194
2025-02-23 22:00:00+00:00,14754.436091528194
2025-02-24 00:00:00+00:00,14754.436091528194
2025-02-24 02:00:00+00:00,14754.436091528194
2025-02-24 04:00:00+00:00,14754.436091528194
2025-02-24 06:00:00+00:00,14754.436091528194
2025-02-24 08:00:00+00:00,14754.436091528194
2025-02-24 10:00:00+00:00,14754.436091528194
2025-02-24 12:00:00+00:00,14754.436091528194
2025-02-24 14:00:00+00:00,14754.436091528194
2025-02-24 16:00:00+00:00,14754.436091528194
2025-02-24 18:00:00+00:00,14754.436091528194
2025-02-24 20:00:00+00:00,14754.436091528194
2025-02-24 22:00:00+00:00,14754.436091528194
2025-02-25 00:00:00+00:00,14754.436091528194
2025-02-25 02:00:00+00:00,14754.436091528194
2025-02-25 04:00:00+00:00,14754.436091528194
2025-02-25 06:00:00+00:00,14754.436091528194
2025-02-25 08:00:00+00:00,14754.436091528194
2025-02-25 10:00:00+00:00,14754.436091528194
2025-02-25 12:00:00+00:00,14754.436091528194
2025-02-25 14:00:00+00:00,14754.436091528194
2025-02-25 16:00:00+00:00,14754.436091528194
2025-02-25 18:00:00+00:00,14754.436091528194
2025-02-25 20:00:00+00:00,14754.436091528194
2025-02-25 22:00:00+00:00,14754.436091528194
2025-02-26 00:00:00+00:00,14754.436091528194
2025-02-26 02:00:00+00:00,14754.436091528194
2025-02-26 04:00:00+00:00,14754.436091528194
2025-02-26 06:00:00+00:00,14754.436091528194
2025-02-26 08:00:00+00:00,14754.436091528194
2025-02-26 10:00:00+00:00,14754.436091528194
2025-02-26 12:00:00+00:00,14754.436091528194
2025-02-26 14:00:00+00:00,14754.436091528194
2025-02-26 16:00:00+00:00,14754.436091528194
2025-02-26 18:00:00+00:00,14754.436091528194
2025-02-26 20:00:00+00:00,14754.436091528194
2025-02-26 22:00:00+00:00,14754.436091528194
2025-02-27 00:00:00+00:00,14754.436091528194
2025-02-27 02:00:00+00:00,14754.436091528194
2025-02-27 04:00:00+00:00,14754.436091528194
2025-02-27 06:00:00+00:00,14754.436091528194
2025-02-27 08:00:00+00:00,14754.436091528194
2025-02-27 10:00:00+00:00,14754.436091528194
2025-02-27 12:00:00+00:00,14754.436091528194
2025-02-27 14:00:00+00:00,14754.436091528194
2025-02-27 16:00:00+00:00,14754.436091528194
2025-02-27 18:00:00+00:00,14754.436091528194
2025-02-27 20:00:00+00:00,14754.436091528194
2025-02-27 22:00:00+00:00,14754.436091528194
2025-02-28 00:00:00+00:00,14754.436091528194
2025-02-28 02:00:00+00:00,14754.436091528194
2025-02-28 04:00:00+00:00,14754.436091528194
2025-02-28 06:00:00+00:00,14754.436091528194
2025-02-28 08:00:00+00:00,14754.436091528194
2025-02-28 10:00:00+00:00,14754.436091528194
2025-02-28 12:00:00+00:00,14754.436091528194
2025-02-28 14:00:00+00:00,14754.436091528194
2025-02-28 16:00:00+00:00,14754.436091528194
2025-02-28 18:00:00+00:00,14754.436091528194
2025-02-28 20:00:00+00:00,14754.436091528194
2025-02-28 22:00:00+00:00,14754.436091528194
2025-03-01 00:00:00+00:00,14754.436091528194
2025-03-01 02:00:00+00:00,14754.436091528194
2025-03-01 04:00:00+00:00,14754.436091528194
2025-03-01 06:00:00+00:00,14754.436091528194
2025-03-01 08:00:00+00:00,14754.436091528194
2025-03-01 10:00:00+00:00,14754.436091528194
2025-03-01 12:00:00+00:00,14754.436091528194
2025-03-01 14:00:00+00:00,14754.436091528194
2025-03-01 16:00:00+00:00,14754.436091528194
2025-03-01 18:00:00+00:00,14754.436091528194
2025-03-01 20:00:00+00:00,14754.436091528194
2025-03-01 22:00:00+00:00,14754.436091528194
2025-03-02 00:00:00+00:00,14754.436091528194
2025-03-02 02:00:00+00:00,14754.436091528194
2025-03-02 04:00:00+00:00,14754.436091528194
2025-03-02 06:00:00+00:00,14754.436091528194
2025-03-02 08:00:00+00:00,14754.436091528194
2025-03-02 10:00:00+00:00,14754.436091528194
2025-03-02 12:00:00+00:00,14754.436091528194
2025-03-02 14:00:00+00:00,14754.436091528194
2025-03-02 16:00:00+00:00,14754.436091528194
2025-03-02 18:00:00+00:00,14604.945471578014
2025-03-02 20:00:00+00:00,14738.32396903535
2025-03-02 22:00:00+00:00,14805.013217764015
2025-03-03 00:00:00+00:00,14430.072923561705
2025-03-03 02:00:00+00:00,14138.773956943582
2025-03-03 04:00:00+00:00,14138.773956943582
2025-03-03 06:00:00+00:00,14138.773956943582
2025-03-03 08:00:00+00:00,14138.773956943582
2025-03-03 10:00:00+00:00,14138.773956943582
2025-03-03 12:00:00+00:00,14138.773956943582
2025-03-03 14:00:00+00:00,14138.773956943582
2025-03-03 16:00:00+00:00,14138.773956943582
2025-03-03 18:00:00+00:00,14138.773956943582
2025-03-03 20:00:00+00:00,14138.773956943582
2025-03-03 22:00:00+00:00,14138.773956943582
2025-03-04 00:00:00+00:00,14138.773956943582
2025-03-04 02:00:00+00:00,14138.773956943582
2025-03-04 04:00:00+00:00,14138.773956943582
2025-03-04 06:00:00+00:00,14138.773956943582
2025-03-04 08:00:00+00:00,14138.773956943582
2025-03-04 10:00:00+00:00,14138.773956943582
2025-03-04 12:00:00+00:00,14138.773956943582
2025-03-04 14:00:00+00:00,14138.773956943582
2025-03-04 16:00:00+00:00,14138.773956943582
2025-03-04 18:00:00+00:00,14138.773956943582
2025-03-04 20:00:00+00:00,14138.773956943582
2025-03-04 22:00:00+00:00,14138.773956943582
2025-03-05 00:00:00+00:00,14138.773956943582
2025-03-05 02:00:00+00:00,14138.773956943582
2025-03-05 04:00:00+00:00,14138.773956943582
2025-03-05 06:00:00+00:00,14138.773956943582
2025-03-05 08:00:00+00:00,14138.773956943582
2025-03-05 10:00:00+00:00,14138.773956943582
2025-03-05 12:00:00+00:00,14138.773956943582
2025-03-05 14:00:00+00:00,14138.773956943582
2025-03-05 16:00:00+00:00,14138.773956943582
2025-03-05 18:00:00+00:00,14138.773956943582
2025-03-05 20:00:00+00:00,14138.773956943582
2025-03-05 22:00:00+00:00,14138.773956943582
2025-03-06 00:00:00+00:00,14138.773956943582
2025-03-06 02:00:00+00:00,14138.773956943582
2025-03-06 04:00:00+00:00,14138.773956943582
2025-03-06 06:00:00+00:00,14138.773956943582
2025-03-06 08:00:00+00:00,14138.773956943582
2025-03-06 10:00:00+00:00,14138.773956943582
2025-03-06 12:00:00+00:00,14138.773956943582
2025-03-06 14:00:00+00:00,14138.773956943582
2025-03-06 16:00:00+00:00,14138.773956943582
2025-03-06 18:00:00+00:00,14138.773956943582
2025-03-06 20:00:00+00:00,14138.773956943582
2025-03-06 22:00:00+00:00,14138.773956943582
2025-03-07 00:00:00+00:00,14138.773956943582
2025-03-07 02:00:00+00:00,14138.773956943582
2025-03-07 04:00:00+00:00,14138.773956943582
2025-03-07 06:00:00+00:00,14138.773956943582
2025-03-07 08:00:00+00:00,14138.773956943582
2025-03-07 10:00:00+00:00,14138.773956943582
2025-03-07 12:00:00+00:00,14138.773956943582
2025-03-07 14:00:00+00:00,14138.773956943582
2025-03-07 16:00:00+00:00,14138.773956943582
2025-03-07 18:00:00+00:00,14138.773956943582
2025-03-07 20:00:00+00:00,14138.773956943582
2025-03-07 22:00:00+00:00,14138.773956943582
2025-03-08 00:00:00+00:00,14138.773956943582
2025-03-08 02:00:00+00:00,14138.773956943582
2025-03-08 04:00:00+00:00,14138.773956943582
2025-03-08 06:00:00+00:00,14138.773956943582
2025-03-08 08:00:00+00:00,14138.773956943582
2025-03-08 10:00:00+00:00,14138.773956943582
2025-03-08 12:00:00+00:00,14138.773956943582
2025-03-08 14:00:00+00:00,14138.773956943582
2025-03-08 16:00:00+00:00,14138.773956943582
2025-03-08 18:00:00+00:00,14138.773956943582
2025-03-08 20:00:00+00:00,14138.773956943582
2025-03-08 22:00:00+00:00,14138.773956943582
2025-03-09 00:00:00+00:00,14138.773956943582
2025-03-09 02:00:00+00:00,14138.773956943582
2025-03-09 04:00:00+00:00,14138.773956943582
2025-03-09 06:00:00+00:00,14138.773956943582
2025-03-09 08:00:00+00:00,14138.773956943582
2025-03-09 10:00:00+00:00,14138.773956943582
2025-03-09 12:00:00+00:00,14138.773956943582
2025-03-09 14:00:00+00:00,14138.773956943582
2025-03-09 16:00:00+00:00,14138.773956943582
2025-03-09 18:00:00+00:00,14138.773956943582
2025-03-09 20:00:00+00:00,14138.773956943582
2025-03-09 22:00:00+00:00,14138.773956943582
2025-03-10 00:00:00+00:00,14138.773956943582
2025-03-10 02:00:00+00:00,14138.773956943582
2025-03-10 04:00:00+00:00,14138.773956943582
2025-03-10 06:00:00+00:00,14138.773956943582
2025-03-10 08:00:00+00:00,14138.773956943582
2025-03-10 10:00:00+00:00,14138.773956943582
2025-03-10 12:00:00+00:00,14138.773956943582
2025-03-10 14:00:00+00:00,14138.773956943582
2025-03-10 16:00:00+00:00,14138.773956943582
2025-03-10 18:00:00+00:00,14138.773956943582
2025-03-10 20:00:00+00:00,14138.773956943582
2025-03-10 22:00:00+00:00,14138.773956943582
2025-03-11 00:00:00+00:00,14138.773956943582
2025-03-11 02:00:00+00:00,14138.773956943582
2025-03-11 04:00:00+00:00,14138.773956943582
2025-03-11 06:00:00+00:00,14138.773956943582
2025-03-11 08:00:00+00:00,14138.773956943582
2025-03-11 10:00:00+00:00,14138.773956943582
2025-03-11 12:00:00+00:00,14138.773956943582
2025-03-11 14:00:00+00:00,14138.773956943582
2025-03-11 16:00:00+00:00,14138.773956943582
2025-03-11 18:00:00+00:00,14138.773956943582
2025-03-11 20:00:00+00:00,14138.773956943582
2025-03-11 22:00:00+00:00,14138.773956943582
2025-03-12 00:00:00+00:00,14138.773956943582
2025-03-12 02:00:00+00:00,14138.773956943582
2025-03-12 04:00:00+00:00,14138.773956943582
2025-03-12 06:00:00+00:00,14138.773956943582
2025-03-12 08:00:00+00:00,14138.773956943582
2025-03-12 10:00:00+00:00,14138.773956943582
2025-03-12 12:00:00+00:00,14138.773956943582
2025-03-12 14:00:00+00:00,14138.773956943582
2025-03-12 16:00:00+00:00,14138.773956943582
2025-03-12 18:00:00+00:00,14138.773956943582
2025-03-12 20:00:00+00:00,14138.773956943582
2025-03-12 22:00:00+00:00,14138.773956943582
2025-03-13 00:00:00+00:00,14138.773956943582
2025-03-13 02:00:00+00:00,14138.773956943582
2025-03-13 04:00:00+00:00,14138.773956943582
2025-03-13 06:00:00+00:00,14138.773956943582
2025-03-13 08:00:00+00:00,14138.773956943582
2025-03-13 10:00:00+00:00,14138.773956943582
2025-03-13 12:00:00+00:00,14138.773956943582
2025-03-13 14:00:00+00:00,14138.773956943582
2025-03-13 16:00:00+00:00,14138.773956943582
2025-03-13 18:00:00+00:00,14138.773956943582
2025-03-13 20:00:00+00:00,14138.773956943582
2025-03-13 22:00:00+00:00,14138.773956943582
2025-03-14 00:00:00+00:00,14138.773956943582
2025-03-14 02:00:00+00:00,14138.773956943582
2025-03-14 04:00:00+00:00,14138.773956943582
2025-03-14 06:00:00+00:00,14138.773956943582
2025-03-14 08:00:00+00:00,14138.773956943582
2025-03-14 10:00:00+00:00,14138.773956943582
2025-03-14 12:00:00+00:00,14138.773956943582
2025-03-14 14:00:00+00:00,14138.773956943582
2025-03-14 16:00:00+00:00,14138.773956943582
2025-03-14 18:00:00+00:00,14138.773956943582
2025-03-14 20:00:00+00:00,14138.773956943582
2025-03-14 22:00:00+00:00,14138.773956943582
2025-03-15 00:00:00+00:00,14138.773956943582
2025-03-15 02:00:00+00:00,14138.773956943582
2025-03-15 04:00:00+00:00,14138.773956943582
2025-03-15 06:00:00+00:00,14138.773956943582
2025-03-15 08:00:00+00:00,14138.773956943582
2025-03-15 10:00:00+00:00,14138.773956943582
2025-03-15 12:00:00+00:00,14138.773956943582
2025-03-15 14:00:00+00:00,14138.773956943582
2025-03-15 16:00:00+00:00,14138.773956943582
2025-03-15 18:00:00+00:00,14151.90851610406
2025-03-15 20:00:00+00:00,14218.077579884792
2025-03-15 22:00:00+00:00,14160.179649076652
2025-03-16 00:00:00+00:00,14019.673534864289
2025-03-16 02:00:00+00:00,14242.994125124258
2025-03-16 04:00:00+00:00,14325.705454850173
2025-03-16 06:00:00+00:00,14276.078657014627
2025-03-16 08:00:00+00:00,14126.234908108398
2025-03-16 10:00:00+00:00,13855.409061150376
2025-03-16 12:00:00+00:00,13855.409061150376
2025-03-16 14:00:00+00:00,13855.409061150376
2025-03-16 16:00:00+00:00,13855.409061150376
2025-03-16 18:00:00+00:00,13855.409061150376
2025-03-16 20:00:00+00:00,13855.409061150376
2025-03-16 22:00:00+00:00,13855.409061150376
2025-03-17 00:00:00+00:00,13855.409061150376
2025-03-17 02:00:00+00:00,13855.409061150376
2025-03-17 04:00:00+00:00,13855.409061150376
2025-03-17 06:00:00+00:00,13855.409061150376
2025-03-17 08:00:00+00:00,13855.409061150376
2025-03-17 10:00:00+00:00,13855.409061150376
2025-03-17 12:00:00+00:00,13855.409061150376
2025-03-17 14:00:00+00:00,13855.409061150376
2025-03-17 16:00:00+00:00,13855.409061150376
2025-03-17 18:00:00+00:00,13855.409061150376
2025-03-17 20:00:00+00:00,13855.409061150376
2025-03-17 22:00:00+00:00,13855.409061150376
2025-03-18 00:00:00+00:00,13855.409061150376
2025-03-18 02:00:00+00:00,13855.409061150376
2025-03-18 04:00:00+00:00,13855.409061150376
2025-03-18 06:00:00+00:00,13855.409061150376
2025-03-18 08:00:00+00:00,13855.409061150376
2025-03-18 10:00:00+00:00,13855.409061150376
2025-03-18 12:00:00+00:00,13855.409061150376
2025-03-18 14:00:00+00:00,13855.409061150376
2025-03-18 16:00:00+00:00,13855.409061150376
2025-03-18 18:00:00+00:00,13855.409061150376
2025-03-18 20:00:00+00:00,13855.409061150376
2025-03-18 22:00:00+00:00,13855.409061150376
2025-03-19 00:00:00+00:00,13855.409061150376
2025-03-19 02:00:00+00:00,13855.409061150376
2025-03-19 04:00:00+00:00,13855.409061150376
2025-03-19 06:00:00+00:00,13855.409061150376
2025-03-19 08:00:00+00:00,13855.409061150376
2025-03-19 10:00:00+00:00,13855.409061150376
2025-03-19 12:00:00+00:00,13855.409061150376
2025-03-19 14:00:00+00:00,13855.409061150376
2025-03-19 16:00:00+00:00,13855.409061150376
2025-03-19 18:00:00+00:00,13855.409061150376
2025-03-19 20:00:00+00:00,13855.409061150376
2025-03-19 22:00:00+00:00,13855.409061150376
2025-03-20 00:00:00+00:00,13855.409061150376
2025-03-20 02:00:00+00:00,13855.409061150376
2025-03-20 04:00:00+00:00,13855.409061150376
2025-03-20 06:00:00+00:00,13855.409061150376
2025-03-20 08:00:00+00:00,13855.409061150376
2025-03-20 10:00:00+00:00,13855.409061150376
2025-03-20 12:00:00+00:00,13855.409061150376
2025-03-20 14:00:00+00:00,13855.409061150376
2025-03-20 16:00:00+00:00,13855.409061150376
2025-03-20 18:00:00+00:00,13855.409061150376
2025-03-20 20:00:00+00:00,13855.409061150376
2025-03-20 22:00:00+00:00,13855.409061150376
2025-03-21 00:00:00+00:00,13855.409061150376
2025-03-21 02:00:00+00:00,13855.409061150376
2025-03-21 04:00:00+00:00,13855.409061150376
2025-03-21 06:00:00+00:00,13855.409061150376
2025-03-21 08:00:00+00:00,13855.409061150376
2025-03-21 10:00:00+00:00,13855.409061150376
2025-03-21 12:00:00+00:00,13855.409061150376
2025-03-21 14:00:00+00:00,13855.409061150376
2025-03-21 16:00:00+00:00,13855.409061150376
2025-03-21 18:00:00+00:00,13855.409061150376
2025-03-21 20:00:00+00:00,13855.409061150376
2025-03-21 22:00:00+00:00,13855.409061150376
2025-03-22 00:00:00+00:00,13855.409061150376
2025-03-22 02:00:00+00:00,13855.409061150376
2025-03-22 04:00:00+00:00,13855.409061150376
2025-03-22 06:00:00+00:00,13855.409061150376
2025-03-22 08:00:00+00:00,13855.409061150376
2025-03-22 10:00:00+00:00,13855.409061150376
2025-03-22 12:00:00+00:00,13855.409061150376
2025-03-22 14:00:00+00:00,13855.409061150376
2025-03-22 16:00:00+00:00,13855.409061150376
2025-03-22 18:00:00+00:00,13855.409061150376
2025-03-22 20:00:00+00:00,13855.409061150376
2025-03-22 22:00:00+00:00,13855.409061150376
2025-03-23 00:00:00+00:00,13855.409061150376
2025-03-23 02:00:00+00:00,13855.409061150376
2025-03-23 04:00:00+00:00,13855.409061150376
2025-03-23 06:00:00+00:00,13855.409061150376
2025-03-23 08:00:00+00:00,13855.409061150376
2025-03-23 10:00:00+00:00,13855.409061150376
2025-03-23 12:00:00+00:00,13855.409061150376
2025-03-23 14:00:00+00:00,13855.409061150376
2025-03-23 16:00:00+00:00,13855.409061150376
2025-03-23 18:00:00+00:00,13855.409061150376
2025-03-23 20:00:00+00:00,13855.409061150376
2025-03-23 22:00:00+00:00,13855.409061150376
2025-03-24 00:00:00+00:00,13855.409061150376
2025-03-24 02:00:00+00:00,13855.409061150376
2025-03-24 04:00:00+00:00,13855.409061150376
2025-03-24 06:00:00+00:00,13855.409061150376
2025-03-24 08:00:00+00:00,13855.409061150376
2025-03-24 10:00:00+00:00,13855.409061150376
2025-03-24 12:00:00+00:00,13855.409061150376
2025-03-24 14:00:00+00:00,13855.409061150376
2025-03-24 16:00:00+00:00,13855.409061150376
2025-03-24 18:00:00+00:00,13855.409061150376
2025-03-24 20:00:00+00:00,13855.409061150376
2025-03-24 22:00:00+00:00,13855.409061150376
2025-03-25 00:00:00+00:00,13855.409061150376
2025-03-25 02:00:00+00:00,13855.409061150376
2025-03-25 04:00:00+00:00,13855.409061150376
2025-03-25 06:00:00+00:00,13855.409061150376
2025-03-25 08:00:00+00:00,13855.409061150376
2025-03-25 10:00:00+00:00,13855.409061150376
2025-03-25 12:00:00+00:00,13855.409061150376
2025-03-25 14:00:00+00:00,13855.409061150376
2025-03-25 16:00:00+00:00,13855.409061150376
2025-03-25 18:00:00+00:00,13855.409061150376
2025-03-25 20:00:00+00:00,13855.409061150376
2025-03-25 22:00:00+00:00,13855.409061150376
2025-03-26 00:00:00+00:00,13855.409061150376
2025-03-26 02:00:00+00:00,13855.409061150376
2025-03-26 04:00:00+00:00,13855.409061150376
2025-03-26 06:00:00+00:00,13855.409061150376
2025-03-26 08:00:00+00:00,13855.409061150376
2025-03-26 10:00:00+00:00,13855.409061150376
2025-03-26 12:00:00+00:00,13855.409061150376
2025-03-26 14:00:00+00:00,13855.409061150376
2025-03-26 16:00:00+00:00,13855.409061150376
2025-03-26 18:00:00+00:00,13855.409061150376
2025-03-26 20:00:00+00:00,13855.409061150376
2025-03-26 22:00:00+00:00,13855.409061150376
2025-03-27 00:00:00+00:00,13855.409061150376
2025-03-27 02:00:00+00:00,13855.409061150376
2025-03-27 04:00:00+00:00,13855.409061150376
2025-03-27 06:00:00+00:00,13855.409061150376
2025-03-27 08:00:00+00:00,13855.409061150376
2025-03-27 10:00:00+00:00,13855.409061150376
2025-03-27 12:00:00+00:00,13855.409061150376
2025-03-27 14:00:00+00:00,13855.409061150376
2025-03-27 16:00:00+00:00,13855.409061150376
2025-03-27 18:00:00+00:00,13855.409061150376
2025-03-27 20:00:00+00:00,13855.409061150376
2025-03-27 22:00:00+00:00,13855.409061150376
2025-03-28 00:00:00+00:00,13855.409061150376
2025-03-28 02:00:00+00:00,13855.409061150376
2025-03-28 04:00:00+00:00,13855.409061150376
2025-03-28 06:00:00+00:00,13855.409061150376
2025-03-28 08:00:00+00:00,13855.409061150376
2025-03-28 10:00:00+00:00,13855.409061150376
2025-03-28 12:00:00+00:00,13855.409061150376
2025-03-28 14:00:00+00:00,13855.409061150376
2025-03-28 16:00:00+00:00,13855.409061150376
2025-03-28 18:00:00+00:00,13855.409061150376
2025-03-28 20:00:00+00:00,13855.409061150376
2025-03-28 22:00:00+00:00,13855.409061150376
2025-03-29 00:00:00+00:00,13855.409061150376
2025-03-29 02:00:00+00:00,13855.409061150376
2025-03-29 04:00:00+00:00,13855.409061150376
2025-03-29 06:00:00+00:00,13855.409061150376
2025-03-29 08:00:00+00:00,13855.409061150376
2025-03-29 10:00:00+00:00,13855.409061150376
2025-03-29 12:00:00+00:00,13855.409061150376
2025-03-29 14:00:00+00:00,13855.409061150376
2025-03-29 16:00:00+00:00,13855.409061150376
2025-03-29 18:00:00+00:00,13855.409061150376
2025-03-29 20:00:00+00:00,13855.409061150376
2025-03-29 22:00:00+00:00,13855.409061150376
2025-03-30 00:00:00+00:00,13855.409061150376
2025-03-30 02:00:00+00:00,13855.409061150376
2025-03-30 04:00:00+00:00,13855.409061150376
2025-03-30 06:00:00+00:00,13855.409061150376
2025-03-30 08:00:00+00:00,13855.409061150376
2025-03-30 10:00:00+00:00,13855.409061150376
2025-03-30 12:00:00+00:00,13855.409061150376
2025-03-30 14:00:00+00:00,13855.409061150376
2025-03-30 16:00:00+00:00,13855.409061150376
2025-03-30 18:00:00+00:00,13855.409061150376
2025-03-30 20:00:00+00:00,13855.409061150376
2025-03-30 22:00:00+00:00,13855.409061150376
2025-03-31 00:00:00+00:00,13855.409061150376
2025-03-31 02:00:00+00:00,13855.409061150376
2025-03-31 04:00:00+00:00,13855.409061150376
2025-03-31 06:00:00+00:00,13855.409061150376
2025-03-31 08:00:00+00:00,13855.409061150376
2025-03-31 10:00:00+00:00,13855.409061150376
2025-03-31 12:00:00+00:00,13855.409061150376
2025-03-31 14:00:00+00:00,13855.409061150376
2025-03-31 16:00:00+00:00,13855.409061150376
2025-03-31 18:00:00+00:00,13855.409061150376
2025-03-31 20:00:00+00:00,13855.409061150376
2025-03-31 22:00:00+00:00,13855.409061150376
2025-04-01 00:00:00+00:00,13855.409061150376
2025-04-01 02:00:00+00:00,13855.409061150376
2025-04-01 04:00:00+00:00,13855.409061150376
2025-04-01 06:00:00+00:00,13855.409061150376
2025-04-01 08:00:00+00:00,13855.409061150376
2025-04-01 10:00:00+00:00,13855.409061150376
2025-04-01 12:00:00+00:00,13855.409061150376
2025-04-01 14:00:00+00:00,13855.409061150376
2025-04-01 16:00:00+00:00,13855.409061150376
2025-04-01 18:00:00+00:00,13855.409061150376
2025-04-01 20:00:00+00:00,13855.409061150376
2025-04-01 22:00:00+00:00,13855.409061150376
2025-04-02 00:00:00+00:00,13855.409061150376
2025-04-02 02:00:00+00:00,13855.409061150376
2025-04-02 04:00:00+00:00,13855.409061150376
2025-04-02 06:00:00+00:00,13855.409061150376
2025-04-02 08:00:00+00:00,13855.409061150376
2025-04-02 10:00:00+00:00,13855.409061150376
2025-04-02 12:00:00+00:00,13855.409061150376
2025-04-02 14:00:00+00:00,13855.409061150376
2025-04-02 16:00:00+00:00,13855.409061150376
2025-04-02 18:00:00+00:00,13855.409061150376
2025-04-02 20:00:00+00:00,13855.409061150376
2025-04-02 22:00:00+00:00,13855.409061150376
2025-04-03 00:00:00+00:00,13855.409061150376
2025-04-03 02:00:00+00:00,13855.409061150376
2025-04-03 04:00:00+00:00,13855.409061150376
2025-04-03 06:00:00+00:00,13855.409061150376
2025-04-03 08:00:00+00:00,13855.409061150376
2025-04-03 10:00:00+00:00,13855.409061150376
2025-04-03 12:00:00+00:00,13855.409061150376
2025-04-03 14:00:00+00:00,13855.409061150376
2025-04-03 16:00:00+00:00,13855.409061150376
2025-04-03 18:00:00+00:00,13855.409061150376
2025-04-03 20:00:00+00:00,13855.409061150376
2025-04-03 22:00:00+00:00,13855.409061150376
2025-04-04 00:00:00+00:00,13855.409061150376
2025-04-04 02:00:00+00:00,13855.409061150376
2025-04-04 04:00:00+00:00,13855.409061150376
2025-04-04 06:00:00+00:00,13855.409061150376
2025-04-04 08:00:00+00:00,13855.409061150376
2025-04-04 10:00:00+00:00,13855.409061150376
2025-04-04 12:00:00+00:00,13855.409061150376
2025-04-04 14:00:00+00:00,13855.409061150376
2025-04-04 16:00:00+00:00,13855.409061150376
2025-04-04 18:00:00+00:00,13855.409061150376
2025-04-04 20:00:00+00:00,13855.409061150376
2025-04-04 22:00:00+00:00,13855.409061150376
2025-04-05 00:00:00+00:00,13855.409061150376
2025-04-05 02:00:00+00:00,13855.409061150376
2025-04-05 04:00:00+00:00,13855.409061150376
2025-04-05 06:00:00+00:00,13855.409061150376
2025-04-05 08:00:00+00:00,13855.409061150376
2025-04-05 10:00:00+00:00,13855.409061150376
2025-04-05 12:00:00+00:00,13855.409061150376
2025-04-05 14:00:00+00:00,13855.409061150376
2025-04-05 16:00:00+00:00,13855.409061150376
2025-04-05 18:00:00+00:00,13855.409061150376
2025-04-05 20:00:00+00:00,13855.409061150376
2025-04-05 22:00:00+00:00,13855.409061150376
2025-04-06 00:00:00+00:00,13855.409061150376
2025-04-06 02:00:00+00:00,13855.409061150376
2025-04-06 04:00:00+00:00,13855.409061150376
2025-04-06 06:00:00+00:00,13855.409061150376
2025-04-06 08:00:00+00:00,13855.409061150376
2025-04-06 10:00:00+00:00,13855.409061150376
2025-04-06 12:00:00+00:00,13855.409061150376
2025-04-06 14:00:00+00:00,13855.409061150376
2025-04-06 16:00:00+00:00,13855.409061150376
2025-04-06 18:00:00+00:00,13855.409061150376
2025-04-06 20:00:00+00:00,13855.409061150376
2025-04-06 22:00:00+00:00,13855.409061150376
2025-04-07 00:00:00+00:00,13855.409061150376
2025-04-07 02:00:00+00:00,13855.409061150376
2025-04-07 04:00:00+00:00,13855.409061150376
2025-04-07 06:00:00+00:00,13855.409061150376
2025-04-07 08:00:00+00:00,13855.409061150376
2025-04-07 10:00:00+00:00,13855.409061150376
2025-04-07 12:00:00+00:00,13855.409061150376
2025-04-07 14:00:00+00:00,13855.409061150376
2025-04-07 16:00:00+00:00,13855.409061150376
2025-04-07 18:00:00+00:00,13855.409061150376
2025-04-07 20:00:00+00:00,13855.409061150376
2025-04-07 22:00:00+00:00,13855.409061150376
2025-04-08 00:00:00+00:00,13855.409061150376
2025-04-08 02:00:00+00:00,13855.409061150376
2025-04-08 04:00:00+00:00,13855.409061150376
2025-04-08 06:00:00+00:00,13855.409061150376
2025-04-08 08:00:00+00:00,13855.409061150376
2025-04-08 10:00:00+00:00,13855.409061150376
2025-04-08 12:00:00+00:00,13855.409061150376
2025-04-08 14:00:00+00:00,13855.409061150376
2025-04-08 16:00:00+00:00,13855.409061150376
2025-04-08 18:00:00+00:00,13855.409061150376
2025-04-08 20:00:00+00:00,13855.409061150376
2025-04-08 22:00:00+00:00,13855.409061150376
2025-04-09 00:00:00+00:00,13855.409061150376
2025-04-09 02:00:00+00:00,13855.409061150376
2025-04-09 04:00:00+00:00,13855.409061150376
2025-04-09 06:00:00+00:00,13855.409061150376
2025-04-09 08:00:00+00:00,13855.409061150376
2025-04-09 10:00:00+00:00,13855.409061150376
2025-04-09 12:00:00+00:00,13855.409061150376
2025-04-09 14:00:00+00:00,13855.409061150376
2025-04-09 16:00:00+00:00,13855.409061150376
2025-04-09 18:00:00+00:00,13855.409061150376
2025-04-09 20:00:00+00:00,13855.409061150376
2025-04-09 22:00:00+00:00,13855.409061150376
2025-04-10 00:00:00+00:00,13855.409061150376
2025-04-10 02:00:00+00:00,13855.409061150376
2025-04-10 04:00:00+00:00,13855.409061150376
2025-04-10 06:00:00+00:00,13855.409061150376
2025-04-10 08:00:00+00:00,13855.409061150376
2025-04-10 10:00:00+00:00,13855.409061150376
2025-04-10 12:00:00+00:00,13855.409061150376
2025-04-10 14:00:00+00:00,13855.409061150376
2025-04-10 16:00:00+00:00,13855.409061150376
2025-04-10 18:00:00+00:00,13855.409061150376
2025-04-10 20:00:00+00:00,13855.409061150376
2025-04-10 22:00:00+00:00,13855.409061150376
2025-04-11 00:00:00+00:00,13855.409061150376
2025-04-11 02:00:00+00:00,13855.409061150376
2025-04-11 04:00:00+00:00,13855.409061150376
2025-04-11 06:00:00+00:00,13855.409061150376
2025-04-11 08:00:00+00:00,13855.409061150376
2025-04-11 10:00:00+00:00,13855.409061150376
2025-04-11 12:00:00+00:00,13855.409061150376
2025-04-11 14:00:00+00:00,13855.409061150376
2025-04-11 16:00:00+00:00,13855.409061150376
2025-04-11 18:00:00+00:00,13770.88822071518
2025-04-11 20:00:00+00:00,13827.75355404229
2025-04-11 22:00:00+00:00,13524.471776297702
2025-04-12 00:00:00+00:00,13589.461270246147
2025-04-12 02:00:00+00:00,13589.461270246147
2025-04-12 04:00:00+00:00,13750.579714672958
2025-04-12 06:00:00+00:00,13760.057270227477
2025-04-12 08:00:00+00:00,13739.726018051924
2025-04-12 10:00:00+00:00,13749.203573606443
2025-04-12 12:00:00+00:00,14175.693573559769
2025-04-12 14:00:00+00:00,14308.379351323027
2025-04-12 16:00:00+00:00,14165.50951741746
2025-04-12 18:00:00+00:00,14326.627961844273
2025-04-12 20:00:00+00:00,14421.403517389455
2025-04-12 22:00:00+00:00,14411.925961834937
2025-04-13 00:00:00+00:00,14317.900870035393
2025-04-13 02:00:00+00:00,14289.468203371838
2025-04-13 04:00:00+00:00,14033.574203399841
2025-04-13 06:00:00+00:00,14024.096647845325
2025-04-13 08:00:00+00:00,14250.155302931695
2025-04-13 10:00:00+00:00,14117.469525168437
2025-04-13 12:00:00+00:00,13898.042653917611
2025-04-13 14:00:00+00:00,13898.042653917611
2025-04-13 16:00:00+00:00,13898.042653917611
2025-04-13 18:00:00+00:00,13898.042653917611
2025-04-13 20:00:00+00:00,13898.042653917611
2025-04-13 22:00:00+00:00,13898.042653917611
2025-04-14 00:00:00+00:00,13898.042653917611
2025-04-14 02:00:00+00:00,13898.042653917611
2025-04-14 04:00:00+00:00,13898.042653917611
2025-04-14 06:00:00+00:00,13898.042653917611
2025-04-14 08:00:00+00:00,13898.042653917611
2025-04-14 10:00:00+00:00,13898.042653917611
2025-04-14 12:00:00+00:00,13898.042653917611
2025-04-14 14:00:00+00:00,13898.042653917611
2025-04-14 16:00:00+00:00,13898.042653917611
2025-04-14 18:00:00+00:00,13898.042653917611
2025-04-14 20:00:00+00:00,13898.042653917611
2025-04-14 22:00:00+00:00,13898.042653917611
2025-04-15 00:00:00+00:00,13898.042653917611
2025-04-15 02:00:00+00:00,13898.042653917611
2025-04-15 04:00:00+00:00,13898.042653917611
2025-04-15 06:00:00+00:00,13898.042653917611
2025-04-15 08:00:00+00:00,13898.042653917611
2025-04-15 10:00:00+00:00,13898.042653917611
2025-04-15 12:00:00+00:00,13898.042653917611
2025-04-15 14:00:00+00:00,13898.042653917611
2025-04-15 16:00:00+00:00,13898.042653917611
2025-04-15 18:00:00+00:00,13898.042653917611
2025-04-15 20:00:00+00:00,13898.042653917611
2025-04-15 22:00:00+00:00,13898.042653917611
2025-04-16 00:00:00+00:00,13898.042653917611
2025-04-16 02:00:00+00:00,13898.042653917611
2025-04-16 04:00:00+00:00,13898.042653917611
2025-04-16 06:00:00+00:00,13898.042653917611
2025-04-16 08:00:00+00:00,13898.042653917611
2025-04-16 10:00:00+00:00,13898.042653917611
2025-04-16 12:00:00+00:00,13898.042653917611
2025-04-16 14:00:00+00:00,13898.042653917611
2025-04-16 16:00:00+00:00,13898.042653917611
2025-04-16 18:00:00+00:00,13898.042653917611
2025-04-16 20:00:00+00:00,13898.042653917611
2025-04-16 22:00:00+00:00,13898.042653917611
2025-04-17 00:00:00+00:00,13898.042653917611
2025-04-17 02:00:00+00:00,13898.042653917611
2025-04-17 04:00:00+00:00,13898.042653917611
2025-04-17 06:00:00+00:00,13898.042653917611
2025-04-17 08:00:00+00:00,13898.042653917611
2025-04-17 10:00:00+00:00,13898.042653917611
2025-04-17 12:00:00+00:00,13898.042653917611
2025-04-17 14:00:00+00:00,13898.042653917611
2025-04-17 16:00:00+00:00,13898.042653917611
2025-04-17 18:00:00+00:00,13898.042653917611
2025-04-17 20:00:00+00:00,13898.042653917611
2025-04-17 22:00:00+00:00,13898.042653917611
2025-04-18 00:00:00+00:00,13898.042653917611
2025-04-18 02:00:00+00:00,13898.042653917611
2025-04-18 04:00:00+00:00,13898.042653917611
2025-04-18 06:00:00+00:00,13898.042653917611
2025-04-18 08:00:00+00:00,13898.042653917611
2025-04-18 10:00:00+00:00,13898.042653917611
2025-04-18 12:00:00+00:00,13898.042653917611
2025-04-18 14:00:00+00:00,13898.042653917611
2025-04-18 16:00:00+00:00,13898.042653917611
2025-04-18 18:00:00+00:00,13898.042653917611
2025-04-18 20:00:00+00:00,13898.042653917611
2025-04-18 22:00:00+00:00,13898.042653917611
2025-04-19 00:00:00+00:00,13898.042653917611
2025-04-19 02:00:00+00:00,13898.042653917611
2025-04-19 04:00:00+00:00,13803.663673463325
2025-04-19 06:00:00+00:00,13822.703209564654
2025-04-19 08:00:00+00:00,13859.39905946955
2025-04-19 10:00:00+00:00,13992.67581217885
2025-04-19 12:00:00+00:00,14106.913028786823
2025-04-19 14:00:00+00:00,14144.99210098948
2025-04-19 16:00:00+00:00,14295.89375226778
2025-04-19 18:00:00+00:00,14448.210041078411
2025-04-19 20:00:00+00:00,14657.644938193027
2025-04-19 22:00:00+00:00,14581.486793787712
2025-04-20 00:00:00+00:00,14599.06790142368
2025-04-20 02:00:00+00:00,14665.70627777833
2025-04-20 04:00:00+00:00,14818.02256658896
2025-04-20 06:00:00+00:00,14608.587669474344
2025-04-20 08:00:00+00:00,14445.289376240467
2025-04-20 10:00:00+00:00,14297.20994219593
2025-04-20 12:00:00+00:00,14297.20994219593
2025-04-20 14:00:00+00:00,14297.20994219593
2025-04-20 16:00:00+00:00,14297.20994219593
2025-04-20 18:00:00+00:00,14297.20994219593
2025-04-20 20:00:00+00:00,14297.20994219593
2025-04-20 22:00:00+00:00,14297.20994219593
2025-04-21 00:00:00+00:00,14297.20994219593
2025-04-21 02:00:00+00:00,14297.20994219593
2025-04-21 04:00:00+00:00,14297.20994219593
2025-04-21 06:00:00+00:00,14297.20994219593
2025-04-21 08:00:00+00:00,14297.20994219593
2025-04-21 10:00:00+00:00,14297.20994219593
2025-04-21 12:00:00+00:00,14297.20994219593
2025-04-21 14:00:00+00:00,14297.20994219593
2025-04-21 16:00:00+00:00,14297.20994219593
2025-04-21 18:00:00+00:00,14297.20994219593
2025-04-21 20:00:00+00:00,14297.20994219593
2025-04-21 22:00:00+00:00,14297.20994219593
2025-04-22 00:00:00+00:00,14297.20994219593
2025-04-22 02:00:00+00:00,14297.20994219593
2025-04-22 04:00:00+00:00,14297.20994219593
2025-04-22 06:00:00+00:00,14297.20994219593
2025-04-22 08:00:00+00:00,14297.20994219593
2025-04-22 10:00:00+00:00,14297.20994219593
2025-04-22 12:00:00+00:00,14297.20994219593
2025-04-22 14:00:00+00:00,14297.20994219593
2025-04-22 16:00:00+00:00,14297.20994219593
2025-04-22 18:00:00+00:00,14297.20994219593
2025-04-22 20:00:00+00:00,14297.20994219593
2025-04-22 22:00:00+00:00,14297.20994219593
2025-04-23 00:00:00+00:00,14297.20994219593
2025-04-23 02:00:00+00:00,14297.20994219593
2025-04-23 04:00:00+00:00,14297.20994219593
2025-04-23 06:00:00+00:00,14297.20994219593
2025-04-23 08:00:00+00:00,14297.20994219593
2025-04-23 10:00:00+00:00,14297.20994219593
2025-04-23 12:00:00+00:00,14297.20994219593
2025-04-23 14:00:00+00:00,14297.20994219593
2025-04-23 16:00:00+00:00,14297.20994219593
2025-04-23 18:00:00+00:00,14297.20994219593
2025-04-23 20:00:00+00:00,14297.20994219593
2025-04-23 22:00:00+00:00,14297.20994219593
2025-04-24 00:00:00+00:00,14297.20994219593
2025-04-24 02:00:00+00:00,14297.20994219593
2025-04-24 04:00:00+00:00,14297.20994219593
2025-04-24 06:00:00+00:00,14297.20994219593
2025-04-24 08:00:00+00:00,14297.20994219593
2025-04-24 10:00:00+00:00,14297.20994219593
2025-04-24 12:00:00+00:00,14297.20994219593
2025-04-24 14:00:00+00:00,14297.20994219593
2025-04-24 16:00:00+00:00,14297.20994219593
2025-04-24 18:00:00+00:00,14297.20994219593
2025-04-24 20:00:00+00:00,14297.20994219593
2025-04-24 22:00:00+00:00,14297.20994219593
2025-04-25 00:00:00+00:00,14297.20994219593
2025-04-25 02:00:00+00:00,14297.20994219593
2025-04-25 04:00:00+00:00,14297.20994219593
2025-04-25 06:00:00+00:00,14297.20994219593
2025-04-25 08:00:00+00:00,14297.20994219593
2025-04-25 10:00:00+00:00,14297.20994219593
2025-04-25 12:00:00+00:00,14297.20994219593
2025-04-25 14:00:00+00:00,14297.20994219593
2025-04-25 16:00:00+00:00,14297.20994219593
2025-04-25 18:00:00+00:00,14297.20994219593
2025-04-25 20:00:00+00:00,14297.20994219593
2025-04-25 22:00:00+00:00,14297.20994219593
2025-04-26 00:00:00+00:00,14297.20994219593
2025-04-26 02:00:00+00:00,14297.20994219593
2025-04-26 04:00:00+00:00,14297.20994219593
2025-04-26 06:00:00+00:00,14297.20994219593
2025-04-26 08:00:00+00:00,14297.20994219593
2025-04-26 10:00:00+00:00,14297.20994219593
2025-04-26 12:00:00+00:00,14297.20994219593
2025-04-26 14:00:00+00:00,14297.20994219593
2025-04-26 16:00:00+00:00,14297.20994219593
2025-04-26 18:00:00+00:00,14297.20994219593
2025-04-26 20:00:00+00:00,14297.20994219593
2025-04-26 22:00:00+00:00,14297.20994219593
2025-04-27 00:00:00+00:00,14297.20994219593
2025-04-27 02:00:00+00:00,14297.20994219593
2025-04-27 04:00:00+00:00,14297.20994219593
2025-04-27 06:00:00+00:00,14297.20994219593
2025-04-27 08:00:00+00:00,14297.20994219593
2025-04-27 10:00:00+00:00,14297.20994219593
2025-04-27 12:00:00+00:00,14297.20994219593
2025-04-27 14:00:00+00:00,14297.20994219593
2025-04-27 16:00:00+00:00,14297.20994219593
2025-04-27 18:00:00+00:00,14297.20994219593
2025-04-27 20:00:00+00:00,14297.20994219593
2025-04-27 22:00:00+00:00,14297.20994219593
2025-04-28 00:00:00+00:00,14297.20994219593
2025-04-28 02:00:00+00:00,14297.20994219593
2025-04-28 04:00:00+00:00,14297.20994219593
2025-04-28 06:00:00+00:00,14297.20994219593
2025-04-28 08:00:00+00:00,14297.20994219593
2025-04-28 10:00:00+00:00,14297.20994219593
2025-04-28 12:00:00+00:00,14297.20994219593
2025-04-28 14:00:00+00:00,14297.20994219593
2025-04-28 16:00:00+00:00,14297.20994219593
2025-04-28 18:00:00+00:00,14297.20994219593
2025-04-28 20:00:00+00:00,14297.20994219593
2025-04-28 22:00:00+00:00,14297.20994219593
2025-04-29 00:00:00+00:00,14297.20994219593
2025-04-29 02:00:00+00:00,14297.20994219593
2025-04-29 04:00:00+00:00,14297.20994219593
2025-04-29 06:00:00+00:00,14297.20994219593
2025-04-29 08:00:00+00:00,14297.20994219593
2025-04-29 10:00:00+00:00,14297.20994219593
2025-04-29 12:00:00+00:00,14297.20994219593
2025-04-29 14:00:00+00:00,14297.20994219593
2025-04-29 16:00:00+00:00,14297.20994219593
2025-04-29 18:00:00+00:00,14297.20994219593
2025-04-29 20:00:00+00:00,14297.20994219593
2025-04-29 22:00:00+00:00,14297.20994219593
2025-04-30 00:00:00+00:00,14297.20994219593
2025-04-30 02:00:00+00:00,14297.20994219593
2025-04-30 04:00:00+00:00,14297.20994219593
2025-04-30 06:00:00+00:00,14297.20994219593
2025-04-30 08:00:00+00:00,14297.20994219593
2025-04-30 10:00:00+00:00,14297.20994219593
2025-04-30 12:00:00+00:00,14297.20994219593
2025-04-30 14:00:00+00:00,14297.20994219593
2025-04-30 16:00:00+00:00,14297.20994219593
2025-04-30 18:00:00+00:00,14297.20994219593
2025-04-30 20:00:00+00:00,14297.20994219593
2025-04-30 22:00:00+00:00,14297.20994219593
2025-05-01 00:00:00+00:00,14297.20994219593
2025-05-01 02:00:00+00:00,14297.20994219593
2025-05-01 04:00:00+00:00,14297.20994219593
2025-05-01 06:00:00+00:00,14297.20994219593
2025-05-01 08:00:00+00:00,14297.20994219593
2025-05-01 10:00:00+00:00,14297.20994219593
2025-05-01 12:00:00+00:00,14297.20994219593
2025-05-01 14:00:00+00:00,14297.20994219593
2025-05-01 16:00:00+00:00,14297.20994219593
2025-05-01 18:00:00+00:00,14297.20994219593
2025-05-01 20:00:00+00:00,14297.20994219593
2025-05-01 22:00:00+00:00,14297.20994219593
2025-05-02 00:00:00+00:00,14297.20994219593
2025-05-02 02:00:00+00:00,14297.20994219593
2025-05-02 04:00:00+00:00,14297.20994219593
2025-05-02 06:00:00+00:00,14297.20994219593
2025-05-02 08:00:00+00:00,14297.20994219593
2025-05-02 10:00:00+00:00,14297.20994219593
2025-05-02 12:00:00+00:00,14297.20994219593
2025-05-02 14:00:00+00:00,14297.20994219593
2025-05-02 16:00:00+00:00,14297.20994219593
2025-05-02 18:00:00+00:00,14297.20994219593
2025-05-02 20:00:00+00:00,14297.20994219593
2025-05-02 22:00:00+00:00,14297.20994219593
2025-05-03 00:00:00+00:00,14297.20994219593
2025-05-03 02:00:00+00:00,14297.20994219593
2025-05-03 04:00:00+00:00,14297.20994219593
2025-05-03 06:00:00+00:00,14297.20994219593
2025-05-03 08:00:00+00:00,14297.20994219593
2025-05-03 10:00:00+00:00,14297.20994219593
2025-05-03 12:00:00+00:00,14297.20994219593
2025-05-03 14:00:00+00:00,14297.20994219593
2025-05-03 16:00:00+00:00,14297.20994219593
2025-05-03 18:00:00+00:00,14297.20994219593
2025-05-03 20:00:00+00:00,14297.20994219593
2025-05-03 22:00:00+00:00,14297.20994219593
2025-05-04 00:00:00+00:00,14297.20994219593
2025-05-04 02:00:00+00:00,14297.20994219593
2025-05-04 04:00:00+00:00,14297.20994219593
2025-05-04 06:00:00+00:00,14297.20994219593
2025-05-04 08:00:00+00:00,14297.20994219593
2025-05-04 10:00:00+00:00,14297.20994219593
2025-05-04 12:00:00+00:00,14297.20994219593
2025-05-04 14:00:00+00:00,14297.20994219593
2025-05-04 16:00:00+00:00,14297.20994219593
2025-05-04 18:00:00+00:00,14297.20994219593
2025-05-04 20:00:00+00:00,14297.20994219593
2025-05-04 22:00:00+00:00,14297.20994219593
2025-05-05 00:00:00+00:00,14297.20994219593
2025-05-05 02:00:00+00:00,14297.20994219593
2025-05-05 04:00:00+00:00,14297.20994219593
2025-05-05 06:00:00+00:00,14297.20994219593
2025-05-05 08:00:00+00:00,14297.20994219593
2025-05-05 10:00:00+00:00,14297.20994219593
2025-05-05 12:00:00+00:00,14297.20994219593
2025-05-05 14:00:00+00:00,14297.20994219593
2025-05-05 16:00:00+00:00,14297.20994219593
2025-05-05 18:00:00+00:00,14297.20994219593
2025-05-05 20:00:00+00:00,14297.20994219593
2025-05-05 22:00:00+00:00,14297.20994219593
2025-05-06 00:00:00+00:00,14297.20994219593
2025-05-06 02:00:00+00:00,14297.20994219593
2025-05-06 04:00:00+00:00,14297.20994219593
2025-05-06 06:00:00+00:00,14297.20994219593
2025-05-06 08:00:00+00:00,14297.20994219593
2025-05-06 10:00:00+00:00,14297.20994219593
2025-05-06 12:00:00+00:00,14297.20994219593
2025-05-06 14:00:00+00:00,14297.20994219593
2025-05-06 16:00:00+00:00,14297.20994219593
2025-05-06 18:00:00+00:00,14297.20994219593
2025-05-06 20:00:00+00:00,14297.20994219593
2025-05-06 22:00:00+00:00,14297.20994219593
2025-05-07 00:00:00+00:00,14297.20994219593
2025-05-07 02:00:00+00:00,14297.20994219593
2025-05-07 04:00:00+00:00,14297.20994219593
2025-05-07 06:00:00+00:00,14297.20994219593
2025-05-07 08:00:00+00:00,14297.20994219593
2025-05-07 10:00:00+00:00,14297.20994219593
2025-05-07 12:00:00+00:00,14297.20994219593
2025-05-07 14:00:00+00:00,14297.20994219593
2025-05-07 16:00:00+00:00,14297.20994219593
2025-05-07 18:00:00+00:00,14297.20994219593
2025-05-07 20:00:00+00:00,14297.20994219593
2025-05-07 22:00:00+00:00,14297.20994219593
2025-05-08 00:00:00+00:00,14297.20994219593
2025-05-08 02:00:00+00:00,14297.20994219593
2025-05-08 04:00:00+00:00,14375.754567711132
2025-05-08 06:00:00+00:00,14411.448557947537
2025-05-08 08:00:00+00:00,14588.857025542542
2025-05-08 10:00:00+00:00,14562.086532865242
2025-05-08 12:00:00+00:00,14517.469045069736
2025-05-08 14:00:00+00:00,15026.108405938474
2025-05-08 16:00:00+00:00,15238.769630367939
2025-05-08 18:00:00+00:00,15363.698596195345
2025-05-08 20:00:00+00:00,15792.026479032176
2025-05-08 22:00:00+00:00,15899.108449741383
2025-05-09 00:00:00+00:00,16209.84158939463
2025-05-09 02:00:00+00:00,16120.606613803624
2025-05-09 04:00:00+00:00,16424.005530813043
2025-05-09 06:00:00+00:00,16879.10390632718
2025-05-09 08:00:00+00:00,16868.492083029894
2025-05-09 10:00:00+00:00,17198.66149271662
2025-05-09 12:00:00+00:00,17386.054941457733
2025-05-09 14:00:00+00:00,17064.80902933011
2025-05-09 16:00:00+00:00,17321.882501111217
2025-05-09 18:00:00+00:00,17205.87703284291
2025-05-09 20:00:00+00:00,17321.882501111217
2025-05-09 22:00:00+00:00,17491.428954734125
2025-05-10 00:00:00+00:00,17400.44318892203
2025-05-10 02:00:00+00:00,17569.98964254494
2025-05-10 04:00:00+00:00,17721.68910104965
2025-05-10 06:00:00+00:00,18042.935013177277
2025-05-10 08:00:00+00:00,18085.74727741657
2025-05-10 10:00:00+00:00,17657.41939457974
2025-05-10 12:00:00+00:00,18005.435799384664
2025-05-10 14:00:00+00:00,17853.736340879954
2025-05-10 16:00:00+00:00,18315.972622091613
2025-05-10 18:00:00+00:00,18378.437105005316
2025-05-10 20:00:00+00:00,18904.923460992257
2025-05-10 22:00:00+00:00,19922.20218272973
2025-05-11 00:00:00+00:00,19563.269663360756
2025-05-11 02:00:00+00:00,20223.608482734202
2025-05-11 04:00:00+00:00,20277.149468088806
2025-05-11 06:00:00+00:00,19304.488234146836
2025-05-11 08:00:00+00:00,19605.956106284466
2025-05-11 10:00:00+00:00,20052.1309842395
2025-05-11 12:00:00+00:00,19275.786696597745
2025-05-11 14:00:00+00:00,19356.09817462965
2025-05-11 16:00:00+00:00,18943.5330758051
2025-05-11 18:00:00+00:00,18943.5330758051
2025-05-11 20:00:00+00:00,18943.5330758051
2025-05-11 22:00:00+00:00,18943.5330758051
2025-05-12 00:00:00+00:00,18943.5330758051
2025-05-12 02:00:00+00:00,18943.5330758051
2025-05-12 04:00:00+00:00,18943.5330758051
2025-05-12 06:00:00+00:00,18943.5330758051
2025-05-12 08:00:00+00:00,18943.5330758051
2025-05-12 10:00:00+00:00,18943.5330758051
2025-05-12 12:00:00+00:00,18943.5330758051
2025-05-12 14:00:00+00:00,18943.5330758051
2025-05-12 16:00:00+00:00,18943.5330758051
2025-05-12 18:00:00+00:00,18943.5330758051
2025-05-12 20:00:00+00:00,18943.5330758051
2025-05-12 22:00:00+00:00,18943.5330758051
2025-05-13 00:00:00+00:00,18943.5330758051
2025-05-13 02:00:00+00:00,18943.5330758051
2025-05-13 04:00:00+00:00,18943.5330758051
2025-05-13 06:00:00+00:00,18943.5330758051
2025-05-13 08:00:00+00:00,18943.5330758051
2025-05-13 10:00:00+00:00,18943.5330758051
2025-05-13 12:00:00+00:00,18943.5330758051
2025-05-13 14:00:00+00:00,18943.5330758051
2025-05-13 16:00:00+00:00,18943.5330758051
2025-05-13 18:00:00+00:00,18943.5330758051
2025-05-13 20:00:00+00:00,18943.5330758051
2025-05-13 22:00:00+00:00,18943.5330758051
2025-05-14 00:00:00+00:00,18943.5330758051
2025-05-14 02:00:00+00:00,18943.5330758051
2025-05-14 04:00:00+00:00,18943.5330758051
2025-05-14 06:00:00+00:00,18943.5330758051
2025-05-14 08:00:00+00:00,18943.5330758051
2025-05-14 10:00:00+00:00,18943.5330758051
2025-05-14 12:00:00+00:00,18943.5330758051
2025-05-14 14:00:00+00:00,18943.5330758051
2025-05-14 16:00:00+00:00,18943.5330758051
2025-05-14 18:00:00+00:00,18943.5330758051
2025-05-14 20:00:00+00:00,18943.5330758051
2025-05-14 22:00:00+00:00,18943.5330758051
2025-05-15 00:00:00+00:00,18943.5330758051
2025-05-15 02:00:00+00:00,18943.5330758051
2025-05-15 04:00:00+00:00,18943.5330758051
2025-05-15 06:00:00+00:00,18943.5330758051
2025-05-15 08:00:00+00:00,18943.5330758051
2025-05-15 10:00:00+00:00,18943.5330758051
2025-05-15 12:00:00+00:00,18943.5330758051
2025-05-15 14:00:00+00:00,18943.5330758051
2025-05-15 16:00:00+00:00,18943.5330758051
2025-05-15 18:00:00+00:00,18943.5330758051
2025-05-15 20:00:00+00:00,18943.5330758051
2025-05-15 22:00:00+00:00,18943.5330758051
2025-05-16 00:00:00+00:00,18943.5330758051
2025-05-16 02:00:00+00:00,18943.5330758051
2025-05-16 04:00:00+00:00,18943.5330758051
2025-05-16 06:00:00+00:00,18943.5330758051
2025-05-16 08:00:00+00:00,18943.5330758051
2025-05-16 10:00:00+00:00,18943.5330758051
2025-05-16 12:00:00+00:00,18943.5330758051
2025-05-16 14:00:00+00:00,18943.5330758051
2025-05-16 16:00:00+00:00,18943.5330758051
2025-05-16 18:00:00+00:00,18943.5330758051
2025-05-16 20:00:00+00:00,18943.5330758051
2025-05-16 22:00:00+00:00,18943.5330758051
2025-05-17 00:00:00+00:00,18943.5330758051
2025-05-17 02:00:00+00:00,18943.5330758051
2025-05-17 04:00:00+00:00,18943.5330758051
2025-05-17 06:00:00+00:00,18943.5330758051
2025-05-17 08:00:00+00:00,18943.5330758051
2025-05-17 10:00:00+00:00,18943.5330758051
2025-05-17 12:00:00+00:00,18943.5330758051
2025-05-17 14:00:00+00:00,18943.5330758051
2025-05-17 16:00:00+00:00,18943.5330758051
2025-05-17 18:00:00+00:00,18943.5330758051
2025-05-17 20:00:00+00:00,18943.5330758051
2025-05-17 22:00:00+00:00,18943.5330758051
2025-05-18 00:00:00+00:00,18943.5330758051
2025-05-18 02:00:00+00:00,18943.5330758051
2025-05-18 04:00:00+00:00,18943.5330758051
2025-05-18 06:00:00+00:00,18943.5330758051
2025-05-18 08:00:00+00:00,18943.5330758051
2025-05-18 10:00:00+00:00,18943.5330758051
2025-05-18 12:00:00+00:00,18943.5330758051
2025-05-18 14:00:00+00:00,18943.5330758051
2025-05-18 16:00:00+00:00,18943.5330758051
2025-05-18 18:00:00+00:00,18943.5330758051
2025-05-18 20:00:00+00:00,18943.5330758051
2025-05-18 22:00:00+00:00,18943.5330758051
2025-05-19 00:00:00+00:00,18943.5330758051
2025-05-19 02:00:00+00:00,18943.5330758051
2025-05-19 04:00:00+00:00,18943.5330758051
2025-05-19 06:00:00+00:00,18943.5330758051
2025-05-19 08:00:00+00:00,18943.5330758051
2025-05-19 10:00:00+00:00,18943.5330758051
2025-05-19 12:00:00+00:00,18943.5330758051
2025-05-19 14:00:00+00:00,18943.5330758051
2025-05-19 16:00:00+00:00,18943.5330758051
2025-05-19 18:00:00+00:00,18943.5330758051
2025-05-19 20:00:00+00:00,18943.5330758051
2025-05-19 22:00:00+00:00,18943.5330758051
2025-05-20 00:00:00+00:00,18943.5330758051
2025-05-20 02:00:00+00:00,18943.5330758051
2025-05-20 04:00:00+00:00,18943.5330758051
2025-05-20 06:00:00+00:00,18943.5330758051
2025-05-20 08:00:00+00:00,18943.5330758051
2025-05-20 10:00:00+00:00,18943.5330758051
2025-05-20 12:00:00+00:00,18943.5330758051
2025-05-20 14:00:00+00:00,18943.5330758051
2025-05-20 16:00:00+00:00,18943.5330758051
2025-05-20 18:00:00+00:00,18943.5330758051
2025-05-20 20:00:00+00:00,18943.5330758051
2025-05-20 22:00:00+00:00,18943.5330758051
2025-05-21 00:00:00+00:00,18943.5330758051
2025-05-21 02:00:00+00:00,18943.5330758051
2025-05-21 04:00:00+00:00,18943.5330758051
2025-05-21 06:00:00+00:00,18943.5330758051
2025-05-21 08:00:00+00:00,18943.5330758051
2025-05-21 10:00:00+00:00,18943.5330758051
2025-05-21 12:00:00+00:00,18943.5330758051
2025-05-21 14:00:00+00:00,18943.5330758051
2025-05-21 16:00:00+00:00,18943.5330758051
2025-05-21 18:00:00+00:00,18943.5330758051
2025-05-21 20:00:00+00:00,18943.5330758051
2025-05-21 22:00:00+00:00,18943.5330758051
2025-05-22 00:00:00+00:00,18943.5330758051
2025-05-22 02:00:00+00:00,18943.5330758051
2025-05-22 04:00:00+00:00,18943.5330758051
2025-05-22 06:00:00+00:00,18943.5330758051
2025-05-22 08:00:00+00:00,18943.5330758051
2025-05-22 10:00:00+00:00,18643.89454211802
2025-05-22 12:00:00+00:00,18427.210053492923
2025-05-22 14:00:00+00:00,18932.807193618155
2025-05-22 16:00:00+00:00,19021.199116492582
2025-05-22 18:00:00+00:00,18813.543148226865
2025-05-22 20:00:00+00:00,18759.37202607059
2025-05-22 22:00:00+00:00,19021.199116492582
2025-05-23 00:00:00+00:00,19190.837791229034
2025-05-23 02:00:00+00:00,19714.491972073025
2025-05-23 04:00:00+00:00,19199.866311588412
2025-05-23 06:00:00+00:00,18677.96592078072
2025-05-23 08:00:00+00:00,18677.96592078072
2025-05-23 10:00:00+00:00,18677.96592078072
2025-05-23 12:00:00+00:00,18677.96592078072
2025-05-23 14:00:00+00:00,18677.96592078072
2025-05-23 16:00:00+00:00,18677.96592078072
2025-05-23 18:00:00+00:00,18677.96592078072
2025-05-23 20:00:00+00:00,18677.96592078072
2025-05-23 22:00:00+00:00,18677.96592078072
2025-05-24 00:00:00+00:00,18677.96592078072
2025-05-24 02:00:00+00:00,18677.96592078072
2025-05-24 04:00:00+00:00,18677.96592078072
2025-05-24 06:00:00+00:00,18677.96592078072
2025-05-24 08:00:00+00:00,18677.96592078072
2025-05-24 10:00:00+00:00,18677.96592078072
2025-05-24 12:00:00+00:00,18677.96592078072
2025-05-24 14:00:00+00:00,18677.96592078072
2025-05-24 16:00:00+00:00,18677.96592078072
2025-05-24 18:00:00+00:00,18677.96592078072
2025-05-24 20:00:00+00:00,18677.96592078072
2025-05-24 22:00:00+00:00,18677.96592078072
2025-05-25 00:00:00+00:00,18677.96592078072
2025-05-25 02:00:00+00:00,18677.96592078072
2025-05-25 04:00:00+00:00,18677.96592078072
2025-05-25 06:00:00+00:00,18677.96592078072
2025-05-25 08:00:00+00:00,18677.96592078072
2025-05-25 10:00:00+00:00,18677.96592078072
2025-05-25 12:00:00+00:00,18677.96592078072
2025-05-25 14:00:00+00:00,18677.96592078072
2025-05-25 16:00:00+00:00,18677.96592078072
2025-05-25 18:00:00+00:00,18677.96592078072
2025-05-25 20:00:00+00:00,18677.96592078072
2025-05-25 22:00:00+00:00,18677.96592078072
2025-05-26 00:00:00+00:00,18677.96592078072
2025-05-26 02:00:00+00:00,18677.96592078072
2025-05-26 04:00:00+00:00,18677.96592078072
2025-05-26 06:00:00+00:00,18677.96592078072
2025-05-26 08:00:00+00:00,18677.96592078072
2025-05-26 10:00:00+00:00,18677.96592078072
2025-05-26 12:00:00+00:00,18677.96592078072
2025-05-26 14:00:00+00:00,18677.96592078072
2025-05-26 16:00:00+00:00,18677.96592078072
2025-05-26 18:00:00+00:00,18677.96592078072
2025-05-26 20:00:00+00:00,18677.96592078072
2025-05-26 22:00:00+00:00,18677.96592078072
2025-05-27 00:00:00+00:00,18677.96592078072
2025-05-27 02:00:00+00:00,18677.96592078072
2025-05-27 04:00:00+00:00,18677.96592078072
2025-05-27 06:00:00+00:00,18677.96592078072
2025-05-27 08:00:00+00:00,18677.96592078072
2025-05-27 10:00:00+00:00,18677.96592078072
2025-05-27 12:00:00+00:00,18677.96592078072
2025-05-27 14:00:00+00:00,18677.96592078072
2025-05-27 16:00:00+00:00,18677.96592078072
2025-05-27 18:00:00+00:00,18677.96592078072
2025-05-27 20:00:00+00:00,18677.96592078072
2025-05-27 22:00:00+00:00,18677.96592078072
2025-05-28 00:00:00+00:00,18677.96592078072
2025-05-28 02:00:00+00:00,18677.96592078072
2025-05-28 04:00:00+00:00,18677.96592078072
2025-05-28 06:00:00+00:00,18677.96592078072
2025-05-28 08:00:00+00:00,18677.96592078072
2025-05-28 10:00:00+00:00,18677.96592078072
2025-05-28 12:00:00+00:00,18677.96592078072
2025-05-28 14:00:00+00:00,18677.96592078072
2025-05-28 16:00:00+00:00,18677.96592078072
2025-05-28 18:00:00+00:00,18677.96592078072
2025-05-28 20:00:00+00:00,18677.96592078072
2025-05-28 22:00:00+00:00,18677.96592078072
2025-05-29 00:00:00+00:00,18677.96592078072
2025-05-29 02:00:00+00:00,18677.96592078072
2025-05-29 04:00:00+00:00,18677.96592078072
2025-05-29 06:00:00+00:00,18677.96592078072
2025-05-29 08:00:00+00:00,18677.96592078072
2025-05-29 10:00:00+00:00,18677.96592078072
2025-05-29 12:00:00+00:00,18677.96592078072
2025-05-29 14:00:00+00:00,18677.96592078072
2025-05-29 16:00:00+00:00,18677.96592078072
2025-05-29 18:00:00+00:00,18677.96592078072
2025-05-29 20:00:00+00:00,18677.96592078072
2025-05-29 22:00:00+00:00,18677.96592078072
2025-05-30 00:00:00+00:00,18677.96592078072
2025-05-30 02:00:00+00:00,18677.96592078072
2025-05-30 04:00:00+00:00,18677.96592078072
2025-05-30 06:00:00+00:00,18677.96592078072
2025-05-30 08:00:00+00:00,18677.96592078072
2025-05-30 10:00:00+00:00,18677.96592078072
2025-05-30 12:00:00+00:00,18677.96592078072
2025-05-30 14:00:00+00:00,18677.96592078072
2025-05-30 16:00:00+00:00,18677.96592078072
2025-05-30 18:00:00+00:00,18677.96592078072
2025-05-30 20:00:00+00:00,18677.96592078072
2025-05-30 22:00:00+00:00,18677.96592078072
2025-05-31 00:00:00+00:00,18677.96592078072
2025-05-31 02:00:00+00:00,18677.96592078072
2025-05-31 04:00:00+00:00,18677.96592078072
2025-05-31 06:00:00+00:00,18677.96592078072
2025-05-31 08:00:00+00:00,18677.96592078072
2025-05-31 10:00:00+00:00,18677.96592078072
2025-05-31 12:00:00+00:00,18677.96592078072
2025-05-31 14:00:00+00:00,18677.96592078072
2025-05-31 16:00:00+00:00,18677.96592078072
2025-05-31 18:00:00+00:00,18677.96592078072
2025-05-31 20:00:00+00:00,18677.96592078072
2025-05-31 22:00:00+00:00,18677.96592078072
2025-06-01 00:00:00+00:00,18677.96592078072
2025-06-01 02:00:00+00:00,18677.96592078072
2025-06-01 04:00:00+00:00,18677.96592078072
2025-06-01 06:00:00+00:00,18677.96592078072
2025-06-01 08:00:00+00:00,18677.96592078072
2025-06-01 10:00:00+00:00,18677.96592078072
2025-06-01 12:00:00+00:00,18677.96592078072
2025-06-01 14:00:00+00:00,18677.96592078072
2025-06-01 16:00:00+00:00,18677.96592078072
2025-06-01 18:00:00+00:00,18677.96592078072
2025-06-01 20:00:00+00:00,18677.96592078072
2025-06-01 22:00:00+00:00,18677.96592078072
2025-06-02 00:00:00+00:00,18677.96592078072
2025-06-02 02:00:00+00:00,18677.96592078072
2025-06-02 04:00:00+00:00,18677.96592078072
2025-06-02 06:00:00+00:00,18677.96592078072
2025-06-02 08:00:00+00:00,18677.96592078072
2025-06-02 10:00:00+00:00,18677.96592078072
2025-06-02 12:00:00+00:00,18677.96592078072
2025-06-02 14:00:00+00:00,18677.96592078072
2025-06-02 16:00:00+00:00,18677.96592078072
2025-06-02 18:00:00+00:00,18677.96592078072
2025-06-02 20:00:00+00:00,18677.96592078072
2025-06-02 22:00:00+00:00,18677.96592078072
2025-06-03 00:00:00+00:00,18677.96592078072
2025-06-03 02:00:00+00:00,18295.0988268429
2025-06-03 04:00:00+00:00,18049.385460331127
2025-06-03 06:00:00+00:00,18049.385460331127
2025-06-03 08:00:00+00:00,18049.385460331127
2025-06-03 10:00:00+00:00,18049.385460331127
2025-06-03 12:00:00+00:00,18049.385460331127
2025-06-03 14:00:00+00:00,18049.385460331127
2025-06-03 16:00:00+00:00,18049.385460331127
2025-06-03 18:00:00+00:00,18049.385460331127
2025-06-03 20:00:00+00:00,18049.385460331127
2025-06-03 22:00:00+00:00,18049.385460331127
2025-06-04 00:00:00+00:00,18049.385460331127
2025-06-04 02:00:00+00:00,18049.385460331127
2025-06-04 04:00:00+00:00,18049.385460331127
2025-06-04 06:00:00+00:00,18049.385460331127
2025-06-04 08:00:00+00:00,18049.385460331127
2025-06-04 10:00:00+00:00,18049.385460331127
2025-06-04 12:00:00+00:00,18049.385460331127
2025-06-04 14:00:00+00:00,18049.385460331127
2025-06-04 16:00:00+00:00,18049.385460331127
2025-06-04 18:00:00+00:00,18049.385460331127
2025-06-04 20:00:00+00:00,18049.385460331127
2025-06-04 22:00:00+00:00,18049.385460331127
2025-06-05 00:00:00+00:00,18049.385460331127
2025-06-05 02:00:00+00:00,18049.385460331127
2025-06-05 04:00:00+00:00,18049.385460331127
2025-06-05 06:00:00+00:00,18049.385460331127
2025-06-05 08:00:00+00:00,18049.385460331127
2025-06-05 10:00:00+00:00,18049.385460331127
2025-06-05 12:00:00+00:00,18049.385460331127
2025-06-05 14:00:00+00:00,18049.385460331127
2025-06-05 16:00:00+00:00,18049.385460331127
2025-06-05 18:00:00+00:00,18049.385460331127
2025-06-05 20:00:00+00:00,18049.385460331127
2025-06-05 22:00:00+00:00,18049.385460331127
2025-06-06 00:00:00+00:00,18049.385460331127
2025-06-06 02:00:00+00:00,18049.385460331127
2025-06-06 04:00:00+00:00,18049.385460331127
2025-06-06 06:00:00+00:00,18049.385460331127
2025-06-06 08:00:00+00:00,18049.385460331127
2025-06-06 10:00:00+00:00,18049.385460331127
2025-06-06 12:00:00+00:00,18049.385460331127
2025-06-06 14:00:00+00:00,18049.385460331127
2025-06-06 16:00:00+00:00,18049.385460331127
2025-06-06 18:00:00+00:00,18049.385460331127
2025-06-06 20:00:00+00:00,18049.385460331127
2025-06-06 22:00:00+00:00,18049.385460331127
2025-06-07 00:00:00+00:00,18049.385460331127
2025-06-07 02:00:00+00:00,18049.385460331127
2025-06-07 04:00:00+00:00,18049.385460331127
2025-06-07 06:00:00+00:00,18049.385460331127
2025-06-07 08:00:00+00:00,18049.385460331127
2025-06-07 10:00:00+00:00,18049.385460331127
2025-06-07 12:00:00+00:00,18049.385460331127
2025-06-07 14:00:00+00:00,18049.385460331127
2025-06-07 16:00:00+00:00,18049.385460331127
2025-06-07 18:00:00+00:00,18049.385460331127
2025-06-07 20:00:00+00:00,18049.385460331127
2025-06-07 22:00:00+00:00,18049.385460331127
2025-06-08 00:00:00+00:00,18049.385460331127
2025-06-08 02:00:00+00:00,18049.385460331127
2025-06-08 04:00:00+00:00,18049.385460331127
2025-06-08 06:00:00+00:00,18049.385460331127
2025-06-08 08:00:00+00:00,18049.385460331127
2025-06-08 10:00:00+00:00,18049.385460331127
2025-06-08 12:00:00+00:00,18049.385460331127
2025-06-08 14:00:00+00:00,18049.385460331127
2025-06-08 16:00:00+00:00,18049.385460331127
2025-06-08 18:00:00+00:00,18049.385460331127
2025-06-08 20:00:00+00:00,18049.385460331127
2025-06-08 22:00:00+00:00,17636.07598096074
2025-06-09 00:00:00+00:00,17636.07598096074
2025-06-09 02:00:00+00:00,17636.07598096074
2025-06-09 04:00:00+00:00,17636.07598096074
2025-06-09 06:00:00+00:00,17636.07598096074
2025-06-09 08:00:00+00:00,17636.07598096074
2025-06-09 10:00:00+00:00,17636.07598096074
2025-06-09 12:00:00+00:00,17636.07598096074
2025-06-09 14:00:00+00:00,17636.07598096074
2025-06-09 16:00:00+00:00,17636.07598096074
2025-06-09 18:00:00+00:00,17636.07598096074
2025-06-09 20:00:00+00:00,17636.07598096074
2025-06-09 22:00:00+00:00,17636.07598096074
2025-06-10 00:00:00+00:00,17636.07598096074
2025-06-10 02:00:00+00:00,17636.07598096074
2025-06-10 04:00:00+00:00,17636.07598096074
2025-06-10 06:00:00+00:00,17636.07598096074
2025-06-10 08:00:00+00:00,17636.07598096074
2025-06-10 10:00:00+00:00,17636.07598096074
2025-06-10 12:00:00+00:00,17636.07598096074
2025-06-10 14:00:00+00:00,17636.07598096074
2025-06-10 16:00:00+00:00,17636.07598096074
2025-06-10 18:00:00+00:00,17636.07598096074
2025-06-10 20:00:00+00:00,17636.07598096074
2025-06-10 22:00:00+00:00,17636.07598096074
2025-06-11 00:00:00+00:00,17636.07598096074
2025-06-11 02:00:00+00:00,17636.07598096074
2025-06-11 04:00:00+00:00,17636.07598096074
2025-06-11 06:00:00+00:00,17636.07598096074
2025-06-11 08:00:00+00:00,17636.07598096074
2025-06-11 10:00:00+00:00,17636.07598096074
2025-06-11 12:00:00+00:00,17636.07598096074
2025-06-11 14:00:00+00:00,17636.07598096074
2025-06-11 16:00:00+00:00,17636.07598096074
2025-06-11 18:00:00+00:00,17636.07598096074
2025-06-11 20:00:00+00:00,17636.07598096074
2025-06-11 22:00:00+00:00,17636.07598096074
2025-06-12 00:00:00+00:00,17636.07598096074
2025-06-12 02:00:00+00:00,17636.07598096074
2025-06-12 04:00:00+00:00,17636.07598096074
2025-06-12 06:00:00+00:00,17636.07598096074
2025-06-12 08:00:00+00:00,17636.07598096074
2025-06-12 10:00:00+00:00,17636.07598096074
2025-06-12 12:00:00+00:00,17636.07598096074
2025-06-12 14:00:00+00:00,17636.07598096074
2025-06-12 16:00:00+00:00,17636.07598096074
2025-06-12 18:00:00+00:00,17636.07598096074
2025-06-12 20:00:00+00:00,17636.07598096074
2025-06-12 22:00:00+00:00,17636.07598096074
2025-06-13 00:00:00+00:00,17636.07598096074
2025-06-13 02:00:00+00:00,17636.07598096074
2025-06-13 04:00:00+00:00,17636.07598096074
2025-06-13 06:00:00+00:00,17636.07598096074
2025-06-13 08:00:00+00:00,17636.07598096074
2025-06-13 10:00:00+00:00,17636.07598096074
2025-06-13 12:00:00+00:00,17636.07598096074
2025-06-13 14:00:00+00:00,17636.07598096074
2025-06-13 16:00:00+00:00,17636.07598096074
2025-06-13 18:00:00+00:00,17636.07598096074
2025-06-13 20:00:00+00:00,17636.07598096074
2025-06-13 22:00:00+00:00,17636.07598096074
2025-06-14 00:00:00+00:00,17636.07598096074
2025-06-14 02:00:00+00:00,17636.07598096074
2025-06-14 04:00:00+00:00,17636.07598096074
2025-06-14 06:00:00+00:00,17636.07598096074
2025-06-14 08:00:00+00:00,17636.07598096074
2025-06-14 10:00:00+00:00,17636.07598096074
2025-06-14 12:00:00+00:00,17636.07598096074
2025-06-14 14:00:00+00:00,17636.07598096074
2025-06-14 16:00:00+00:00,17636.07598096074
2025-06-14 18:00:00+00:00,17636.07598096074
2025-06-14 20:00:00+00:00,17636.07598096074
2025-06-14 22:00:00+00:00,17636.07598096074
2025-06-15 00:00:00+00:00,17636.07598096074
2025-06-15 02:00:00+00:00,17636.07598096074
2025-06-15 04:00:00+00:00,17636.07598096074
2025-06-15 06:00:00+00:00,17636.07598096074
2025-06-15 08:00:00+00:00,17636.07598096074
2025-06-15 10:00:00+00:00,17636.07598096074
2025-06-15 12:00:00+00:00,17636.07598096074
2025-06-15 14:00:00+00:00,17636.07598096074
2025-06-15 16:00:00+00:00,17636.07598096074
2025-06-15 18:00:00+00:00,17636.07598096074
2025-06-15 20:00:00+00:00,17636.07598096074
2025-06-15 22:00:00+00:00,17636.07598096074
2025-06-16 00:00:00+00:00,17636.07598096074
2025-06-16 02:00:00+00:00,17636.07598096074
2025-06-16 04:00:00+00:00,17636.07598096074
2025-06-16 06:00:00+00:00,17636.07598096074
2025-06-16 08:00:00+00:00,17636.07598096074
2025-06-16 10:00:00+00:00,17636.07598096074
2025-06-16 12:00:00+00:00,17636.07598096074
2025-06-16 14:00:00+00:00,17636.07598096074
2025-06-16 16:00:00+00:00,17636.07598096074
2025-06-16 18:00:00+00:00,17636.07598096074
2025-06-16 20:00:00+00:00,17636.07598096074
2025-06-16 22:00:00+00:00,17636.07598096074
2025-06-17 00:00:00+00:00,17636.07598096074
2025-06-17 02:00:00+00:00,17636.07598096074
2025-06-17 04:00:00+00:00,17636.07598096074
2025-06-17 06:00:00+00:00,17636.07598096074
2025-06-17 08:00:00+00:00,17636.07598096074
2025-06-17 10:00:00+00:00,17636.07598096074
2025-06-17 12:00:00+00:00,17636.07598096074
2025-06-17 14:00:00+00:00,17636.07598096074
2025-06-17 16:00:00+00:00,17636.07598096074
2025-06-17 18:00:00+00:00,17636.07598096074
2025-06-17 20:00:00+00:00,17636.07598096074
2025-06-17 22:00:00+00:00,17636.07598096074
2025-06-18 00:00:00+00:00,17636.07598096074
2025-06-18 02:00:00+00:00,17636.07598096074
2025-06-18 04:00:00+00:00,17636.07598096074
2025-06-18 06:00:00+00:00,17636.07598096074
2025-06-18 08:00:00+00:00,17636.07598096074
2025-06-18 10:00:00+00:00,17636.07598096074
2025-06-18 12:00:00+00:00,17636.07598096074
2025-06-18 14:00:00+00:00,17636.07598096074
2025-06-18 16:00:00+00:00,17636.07598096074
2025-06-18 18:00:00+00:00,17636.07598096074
2025-06-18 20:00:00+00:00,17636.07598096074
2025-06-18 22:00:00+00:00,17636.07598096074
2025-06-19 00:00:00+00:00,17636.07598096074
2025-06-19 02:00:00+00:00,17636.07598096074
2025-06-19 04:00:00+00:00,17636.07598096074
2025-06-19 06:00:00+00:00,17636.07598096074
2025-06-19 08:00:00+00:00,17636.07598096074
2025-06-19 10:00:00+00:00,17636.07598096074
2025-06-19 12:00:00+00:00,17636.07598096074
2025-06-19 14:00:00+00:00,17636.07598096074
2025-06-19 16:00:00+00:00,17636.07598096074
2025-06-19 18:00:00+00:00,17636.07598096074
2025-06-19 20:00:00+00:00,17636.07598096074
2025-06-19 22:00:00+00:00,17636.07598096074
2025-06-20 00:00:00+00:00,17636.07598096074
2025-06-20 02:00:00+00:00,17636.07598096074
2025-06-20 04:00:00+00:00,17636.07598096074
2025-06-20 06:00:00+00:00,17636.07598096074
2025-06-20 08:00:00+00:00,17636.07598096074
2025-06-20 10:00:00+00:00,17636.07598096074
2025-06-20 12:00:00+00:00,17636.07598096074
2025-06-20 14:00:00+00:00,17636.07598096074
2025-06-20 16:00:00+00:00,17636.07598096074
2025-06-20 18:00:00+00:00,17636.07598096074
2025-06-20 20:00:00+00:00,17636.07598096074
2025-06-20 22:00:00+00:00,17636.07598096074
2025-06-21 00:00:00+00:00,17636.07598096074
2025-06-21 02:00:00+00:00,17636.07598096074
2025-06-21 04:00:00+00:00,17636.07598096074
2025-06-21 06:00:00+00:00,17636.07598096074
2025-06-21 08:00:00+00:00,17636.07598096074
2025-06-21 10:00:00+00:00,17636.07598096074
2025-06-21 12:00:00+00:00,17636.07598096074
2025-06-21 14:00:00+00:00,17636.07598096074
2025-06-21 16:00:00+00:00,17636.07598096074
2025-06-21 18:00:00+00:00,17636.07598096074
2025-06-21 20:00:00+00:00,17636.07598096074
2025-06-21 22:00:00+00:00,17636.07598096074
2025-06-22 00:00:00+00:00,17636.07598096074
2025-06-22 02:00:00+00:00,17636.07598096074
2025-06-22 04:00:00+00:00,17636.07598096074
2025-06-22 06:00:00+00:00,17636.07598096074
2025-06-22 08:00:00+00:00,17636.07598096074
2025-06-22 10:00:00+00:00,17636.07598096074
2025-06-22 12:00:00+00:00,17636.07598096074
2025-06-22 14:00:00+00:00,17636.07598096074
2025-06-22 16:00:00+00:00,17636.07598096074
2025-06-22 18:00:00+00:00,17636.07598096074
2025-06-22 20:00:00+00:00,17636.07598096074
2025-06-22 22:00:00+00:00,17636.07598096074
2025-06-23 00:00:00+00:00,17636.07598096074
2025-06-23 02:00:00+00:00,17636.07598096074
2025-06-23 04:00:00+00:00,17636.07598096074
2025-06-23 06:00:00+00:00,17636.07598096074
2025-06-23 08:00:00+00:00,17636.07598096074
2025-06-23 10:00:00+00:00,17636.07598096074
2025-06-23 12:00:00+00:00,17636.07598096074
2025-06-23 14:00:00+00:00,17636.07598096074
2025-06-23 16:00:00+00:00,17636.07598096074
2025-06-23 18:00:00+00:00,17636.07598096074
2025-06-23 20:00:00+00:00,17636.07598096074
2025-06-23 22:00:00+00:00,17636.07598096074
2025-06-24 00:00:00+00:00,17636.07598096074
2025-06-24 02:00:00+00:00,17636.07598096074
2025-06-24 04:00:00+00:00,17636.07598096074
2025-06-24 06:00:00+00:00,17489.083217610456
2025-06-24 08:00:00+00:00,17474.914327534934
2025-06-24 10:00:00+00:00,17437.650655906506
2025-06-24 12:00:00+00:00,17450.07187978265
2025-06-24 14:00:00+00:00,17462.49310365879
2025-06-24 16:00:00+00:00,17584.958918343247
2025-06-24 18:00:00+00:00,17435.90423182952
2025-06-24 20:00:00+00:00,17671.90748547625
2025-06-24 22:00:00+00:00,17647.065037723965
2025-06-25 00:00:00+00:00,17583.35261312432
2025-06-25 02:00:00+00:00,17558.51016537203
2025-06-25 04:00:00+00:00,17421.87670273445
2025-06-25 06:00:00+00:00,17508.825269867455
2025-06-25 08:00:00+00:00,17134.438403138993
2025-06-25 10:00:00+00:00,17333.177985157294
2025-06-25 12:00:00+00:00,17432.547776166444
2025-06-25 14:00:00+00:00,16963.140217131157
2025-06-25 16:00:00+00:00,16963.140217131157
2025-06-25 18:00:00+00:00,16963.140217131157
2025-06-25 20:00:00+00:00,16963.140217131157
2025-06-25 22:00:00+00:00,16963.140217131157
2025-06-26 00:00:00+00:00,16963.140217131157
2025-06-26 02:00:00+00:00,16963.140217131157
2025-06-26 04:00:00+00:00,16963.140217131157
2025-06-26 06:00:00+00:00,16963.140217131157
2025-06-26 08:00:00+00:00,16963.140217131157
2025-06-26 10:00:00+00:00,16963.140217131157
2025-06-26 12:00:00+00:00,16963.140217131157
2025-06-26 14:00:00+00:00,16963.140217131157
2025-06-26 16:00:00+00:00,16963.140217131157
2025-06-26 18:00:00+00:00,16963.140217131157
2025-06-26 20:00:00+00:00,16963.140217131157
2025-06-26 22:00:00+00:00,16963.140217131157
2025-06-27 00:00:00+00:00,16963.140217131157
2025-06-27 02:00:00+00:00,16963.140217131157
2025-06-27 04:00:00+00:00,16963.140217131157
2025-06-27 06:00:00+00:00,16963.140217131157
2025-06-27 08:00:00+00:00,16963.140217131157
2025-06-27 10:00:00+00:00,16963.140217131157
2025-06-27 12:00:00+00:00,16963.140217131157
2025-06-27 14:00:00+00:00,16963.140217131157
2025-06-27 16:00:00+00:00,16963.140217131157
2025-06-27 18:00:00+00:00,16963.140217131157
2025-06-27 20:00:00+00:00,16963.140217131157
2025-06-27 22:00:00+00:00,16963.140217131157
2025-06-28 00:00:00+00:00,16963.140217131157
2025-06-28 02:00:00+00:00,16963.140217131157
2025-06-28 04:00:00+00:00,16963.140217131157
2025-06-28 06:00:00+00:00,16963.140217131157
2025-06-28 08:00:00+00:00,16963.140217131157
2025-06-28 10:00:00+00:00,16963.140217131157
2025-06-28 12:00:00+00:00,16963.140217131157
2025-06-28 14:00:00+00:00,16963.140217131157
2025-06-28 16:00:00+00:00,16963.140217131157
2025-06-28 18:00:00+00:00,16963.140217131157
2025-06-28 20:00:00+00:00,16963.140217131157
2025-06-28 22:00:00+00:00,16963.140217131157
2025-06-29 00:00:00+00:00,16963.140217131157
2025-06-29 02:00:00+00:00,16963.140217131157
2025-06-29 04:00:00+00:00,16963.140217131157
2025-06-29 06:00:00+00:00,16963.140217131157
2025-06-29 08:00:00+00:00,16963.140217131157
2025-06-29 10:00:00+00:00,16963.140217131157
2025-06-29 12:00:00+00:00,16963.140217131157
2025-06-29 14:00:00+00:00,16963.140217131157
2025-06-29 16:00:00+00:00,16963.140217131157
2025-06-29 18:00:00+00:00,16963.140217131157
2025-06-29 20:00:00+00:00,16963.140217131157
2025-06-29 22:00:00+00:00,16963.140217131157
2025-06-30 00:00:00+00:00,16963.140217131157
2025-06-30 02:00:00+00:00,16963.140217131157
2025-06-30 04:00:00+00:00,16963.140217131157
2025-06-30 06:00:00+00:00,16963.140217131157
2025-06-30 08:00:00+00:00,16963.140217131157
2025-06-30 10:00:00+00:00,16963.140217131157
2025-06-30 12:00:00+00:00,16963.140217131157
2025-06-30 14:00:00+00:00,16963.140217131157
2025-06-30 16:00:00+00:00,16963.140217131157
2025-06-30 18:00:00+00:00,16963.140217131157
2025-06-30 20:00:00+00:00,16963.140217131157
2025-06-30 22:00:00+00:00,16963.140217131157
2025-07-01 00:00:00+00:00,16963.140217131157
2025-07-01 02:00:00+00:00,16963.140217131157
2025-07-01 04:00:00+00:00,16963.140217131157
2025-07-01 06:00:00+00:00,16963.140217131157
2025-07-01 08:00:00+00:00,16963.140217131157
2025-07-01 10:00:00+00:00,16963.140217131157
2025-07-01 12:00:00+00:00,16963.140217131157
2025-07-01 14:00:00+00:00,16963.140217131157
2025-07-01 16:00:00+00:00,16963.140217131157
2025-07-01 18:00:00+00:00,16963.140217131157
2025-07-01 20:00:00+00:00,16963.140217131157
2025-07-01 22:00:00+00:00,16963.140217131157
2025-07-02 00:00:00+00:00,16963.140217131157
2025-07-02 02:00:00+00:00,16963.140217131157
2025-07-02 04:00:00+00:00,16963.140217131157
2025-07-02 06:00:00+00:00,16963.140217131157
2025-07-02 08:00:00+00:00,16963.140217131157
2025-07-02 10:00:00+00:00,16963.140217131157
2025-07-02 12:00:00+00:00,16963.140217131157
2025-07-02 14:00:00+00:00,16963.140217131157
2025-07-02 16:00:00+00:00,16963.140217131157
2025-07-02 18:00:00+00:00,16963.140217131157
2025-07-02 20:00:00+00:00,16963.140217131157
2025-07-02 22:00:00+00:00,16963.140217131157
2025-07-03 00:00:00+00:00,16963.140217131157
2025-07-03 02:00:00+00:00,16963.140217131157
2025-07-03 04:00:00+00:00,16963.140217131157
2025-07-03 06:00:00+00:00,16963.140217131157
2025-07-03 08:00:00+00:00,16963.140217131157
2025-07-03 10:00:00+00:00,16963.140217131157
2025-07-03 12:00:00+00:00,16963.140217131157
2025-07-03 14:00:00+00:00,16963.140217131157
2025-07-03 16:00:00+00:00,16963.140217131157
2025-07-03 18:00:00+00:00,16963.140217131157
2025-07-03 20:00:00+00:00,16963.140217131157
2025-07-03 22:00:00+00:00,16963.140217131157
2025-07-04 00:00:00+00:00,16963.140217131157
2025-07-04 02:00:00+00:00,16963.140217131157
2025-07-04 04:00:00+00:00,16963.140217131157
2025-07-04 06:00:00+00:00,16963.140217131157
2025-07-04 08:00:00+00:00,16963.140217131157
2025-07-04 10:00:00+00:00,16963.140217131157
2025-07-04 12:00:00+00:00,16963.140217131157
2025-07-04 14:00:00+00:00,16963.140217131157
2025-07-04 16:00:00+00:00,16963.140217131157
2025-07-04 18:00:00+00:00,16963.140217131157
2025-07-04 20:00:00+00:00,16963.140217131157
2025-07-04 22:00:00+00:00,16963.140217131157
2025-07-05 00:00:00+00:00,16963.140217131157
2025-07-05 02:00:00+00:00,16963.140217131157
2025-07-05 04:00:00+00:00,16963.140217131157
2025-07-05 06:00:00+00:00,16963.140217131157
2025-07-05 08:00:00+00:00,16963.140217131157
2025-07-05 10:00:00+00:00,16963.140217131157
2025-07-05 12:00:00+00:00,16963.140217131157
2025-07-05 14:00:00+00:00,16963.140217131157
2025-07-05 16:00:00+00:00,16963.140217131157
2025-07-05 18:00:00+00:00,16963.140217131157
2025-07-05 20:00:00+00:00,16963.140217131157
2025-07-05 22:00:00+00:00,16963.140217131157
2025-07-06 00:00:00+00:00,16963.140217131157
2025-07-06 02:00:00+00:00,16963.140217131157
2025-07-06 04:00:00+00:00,16963.140217131157
2025-07-06 06:00:00+00:00,16963.140217131157
2025-07-06 08:00:00+00:00,16963.140217131157
2025-07-06 10:00:00+00:00,16963.140217131157
2025-07-06 12:00:00+00:00,16963.140217131157
2025-07-06 14:00:00+00:00,16963.140217131157
2025-07-06 16:00:00+00:00,16963.140217131157
2025-07-06 18:00:00+00:00,16963.140217131157
2025-07-06 20:00:00+00:00,16963.140217131157
2025-07-06 22:00:00+00:00,16963.140217131157
2025-07-07 00:00:00+00:00,16963.140217131157
2025-07-07 02:00:00+00:00,16963.140217131157
2025-07-07 04:00:00+00:00,16963.140217131157
2025-07-07 06:00:00+00:00,16963.140217131157
2025-07-07 08:00:00+00:00,16963.140217131157
2025-07-07 10:00:00+00:00,16963.140217131157
2025-07-07 12:00:00+00:00,16963.140217131157
2025-07-07 14:00:00+00:00,16963.140217131157
2025-07-07 16:00:00+00:00,16963.140217131157
2025-07-07 18:00:00+00:00,16963.140217131157
2025-07-07 20:00:00+00:00,16963.140217131157
2025-07-07 22:00:00+00:00,16963.140217131157
2025-07-08 00:00:00+00:00,16963.140217131157
2025-07-08 02:00:00+00:00,16963.140217131157
2025-07-08 04:00:00+00:00,16963.140217131157
2025-07-08 06:00:00+00:00,16963.140217131157
2025-07-08 08:00:00+00:00,16963.140217131157
2025-07-08 10:00:00+00:00,16963.140217131157
2025-07-08 12:00:00+00:00,16963.140217131157
2025-07-08 14:00:00+00:00,16963.140217131157
2025-07-08 16:00:00+00:00,16963.140217131157
2025-07-08 18:00:00+00:00,16963.140217131157
2025-07-08 20:00:00+00:00,16963.140217131157
2025-07-08 22:00:00+00:00,16963.140217131157
2025-07-09 00:00:00+00:00,16963.140217131157
2025-07-09 02:00:00+00:00,16963.140217131157
2025-07-09 04:00:00+00:00,16963.140217131157
2025-07-09 06:00:00+00:00,16963.140217131157
2025-07-09 08:00:00+00:00,16963.996517091775
2025-07-09 10:00:00+00:00,16998.711380360037
2025-07-09 12:00:00+00:00,17137.570833433096
2025-07-09 14:00:00+00:00,17079.71272798599
2025-07-09 16:00:00+00:00,17124.290083908767
2025-07-09 18:00:00+00:00,17691.299517290416
2025-07-09 20:00:00+00:00,17807.015728184626
2025-07-09 22:00:00+00:00,17772.300864916364
2025-07-10 00:00:00+00:00,17701.092580218392
2025-07-10 02:00:00+00:00,17839.952033291447
2025-07-10 04:00:00+00:00,17747.37906457608
2025-07-10 06:00:00+00:00,17909.38175982798
2025-07-10 08:00:00+00:00,17907.591630045445
2025-07-10 10:00:00+00:00,17930.734872224286
2025-07-10 12:00:00+00:00,17977.021356581972
2025-07-10 14:00:00+00:00,17826.590282419493
2025-07-10 16:00:00+00:00,18565.389688170475
2025-07-10 18:00:00+00:00,18484.388340544527
2025-07-10 20:00:00+00:00,19294.401816804024
2025-07-10 22:00:00+00:00,19583.69234403956
2025-07-11 00:00:00+00:00,19790.022448198706
2025-07-11 02:00:00+00:00,19986.74000671887
2025-07-11 04:00:00+00:00,20426.461608116882
2025-07-11 06:00:00+00:00,19905.73865909292
2025-07-11 08:00:00+00:00,20250.89465862396
2025-07-11 10:00:00+00:00,20065.74872119322
2025-07-11 12:00:00+00:00,20459.183838233548
2025-07-11 14:00:00+00:00,20019.462236835534
2025-07-11 16:00:00+00:00,20561.325380427763
2025-07-11 18:00:00+00:00,20630.75510696429
2025-07-11 20:00:00+00:00,19982.74432595669
2025-07-11 22:00:00+00:00,19660.94414776768
2025-07-12 00:00:00+00:00,19660.94414776768
2025-07-12 02:00:00+00:00,19660.94414776768
2025-07-12 04:00:00+00:00,19660.94414776768
2025-07-12 06:00:00+00:00,19660.94414776768
2025-07-12 08:00:00+00:00,19660.94414776768
2025-07-12 10:00:00+00:00,19660.94414776768
2025-07-12 12:00:00+00:00,19660.94414776768
2025-07-12 14:00:00+00:00,19660.94414776768
2025-07-12 16:00:00+00:00,19660.94414776768
2025-07-12 18:00:00+00:00,19660.94414776768
2025-07-12 20:00:00+00:00,19660.94414776768
2025-07-12 22:00:00+00:00,19660.94414776768
2025-07-13 00:00:00+00:00,19660.94414776768
2025-07-13 02:00:00+00:00,19660.94414776768
2025-07-13 04:00:00+00:00,19660.94414776768
2025-07-13 06:00:00+00:00,19660.94414776768
2025-07-13 08:00:00+00:00,19660.94414776768
2025-07-13 10:00:00+00:00,19660.94414776768
2025-07-13 12:00:00+00:00,19660.94414776768
2025-07-13 14:00:00+00:00,19660.94414776768
2025-07-13 16:00:00+00:00,19660.94414776768
2025-07-13 18:00:00+00:00,19660.94414776768
2025-07-13 20:00:00+00:00,19660.94414776768
2025-07-13 22:00:00+00:00,19660.94414776768
2025-07-14 00:00:00+00:00,19660.94414776768
2025-07-14 02:00:00+00:00,19660.94414776768
2025-07-14 04:00:00+00:00,19660.94414776768
2025-07-14 06:00:00+00:00,19660.94414776768
2025-07-14 08:00:00+00:00,19660.94414776768
2025-07-14 10:00:00+00:00,19660.94414776768
2025-07-14 12:00:00+00:00,19660.94414776768
2025-07-14 14:00:00+00:00,19660.94414776768
2025-07-14 16:00:00+00:00,19660.94414776768
2025-07-14 18:00:00+00:00,19660.94414776768
2025-07-14 20:00:00+00:00,19660.94414776768
2025-07-14 22:00:00+00:00,19660.94414776768
2025-07-15 00:00:00+00:00,19660.94414776768
2025-07-15 02:00:00+00:00,19660.94414776768
2025-07-15 04:00:00+00:00,19660.94414776768
2025-07-15 06:00:00+00:00,19660.94414776768
2025-07-15 08:00:00+00:00,19660.94414776768
2025-07-15 10:00:00+00:00,19660.94414776768
2025-07-15 12:00:00+00:00,19660.94414776768
2025-07-15 14:00:00+00:00,19660.94414776768
2025-07-15 16:00:00+00:00,19660.94414776768
2025-07-15 18:00:00+00:00,19660.94414776768
2025-07-15 20:00:00+00:00,19660.94414776768
2025-07-15 22:00:00+00:00,19660.94414776768
2025-07-16 00:00:00+00:00,19660.94414776768
2025-07-16 02:00:00+00:00,19660.94414776768
2025-07-16 04:00:00+00:00,19660.94414776768
2025-07-16 06:00:00+00:00,19660.94414776768
2025-07-16 08:00:00+00:00,19660.94414776768
2025-07-16 10:00:00+00:00,19660.94414776768
2025-07-16 12:00:00+00:00,19660.94414776768
2025-07-16 14:00:00+00:00,19660.94414776768
2025-07-16 16:00:00+00:00,19660.94414776768
2025-07-16 18:00:00+00:00,19660.94414776768
2025-07-16 20:00:00+00:00,19660.94414776768
2025-07-16 22:00:00+00:00,19660.94414776768
2025-07-17 00:00:00+00:00,19660.94414776768
2025-07-17 02:00:00+00:00,19660.94414776768
2025-07-17 04:00:00+00:00,19660.94414776768
2025-07-17 06:00:00+00:00,19660.94414776768
2025-07-17 08:00:00+00:00,19660.94414776768
2025-07-17 10:00:00+00:00,19660.94414776768
2025-07-17 12:00:00+00:00,19660.94414776768
2025-07-17 14:00:00+00:00,19660.94414776768
2025-07-17 16:00:00+00:00,19660.94414776768
2025-07-17 18:00:00+00:00,19660.94414776768
2025-07-17 20:00:00+00:00,19660.94414776768
2025-07-17 22:00:00+00:00,19660.94414776768
2025-07-18 00:00:00+00:00,19660.94414776768
2025-07-18 02:00:00+00:00,19660.94414776768
2025-07-18 04:00:00+00:00,19660.94414776768
2025-07-18 06:00:00+00:00,19660.94414776768
2025-07-18 08:00:00+00:00,19660.94414776768
2025-07-18 10:00:00+00:00,19660.94414776768
2025-07-18 12:00:00+00:00,19660.94414776768
2025-07-18 14:00:00+00:00,19660.94414776768
2025-07-18 16:00:00+00:00,19660.94414776768
2025-07-18 18:00:00+00:00,19660.94414776768
2025-07-18 20:00:00+00:00,19660.94414776768
2025-07-18 22:00:00+00:00,19660.94414776768
2025-07-19 00:00:00+00:00,19660.94414776768
2025-07-19 02:00:00+00:00,19660.94414776768
2025-07-19 04:00:00+00:00,19660.94414776768
2025-07-19 06:00:00+00:00,19660.94414776768
2025-07-19 08:00:00+00:00,19660.94414776768
2025-07-19 10:00:00+00:00,19660.94414776768
2025-07-19 12:00:00+00:00,19660.94414776768
2025-07-19 14:00:00+00:00,19660.94414776768
2025-07-19 16:00:00+00:00,19660.94414776768
2025-07-19 18:00:00+00:00,19660.94414776768
2025-07-19 20:00:00+00:00,19660.94414776768
2025-07-19 22:00:00+00:00,19660.94414776768
2025-07-20 00:00:00+00:00,19660.94414776768
2025-07-20 02:00:00+00:00,19660.94414776768
2025-07-20 04:00:00+00:00,19660.94414776768
2025-07-20 06:00:00+00:00,19660.94414776768
2025-07-20 08:00:00+00:00,19660.94414776768
2025-07-20 10:00:00+00:00,19660.94414776768
2025-07-20 12:00:00+00:00,19660.94414776768
2025-07-20 14:00:00+00:00,19660.94414776768
2025-07-20 16:00:00+00:00,19660.94414776768
2025-07-20 18:00:00+00:00,19660.94414776768
2025-07-20 20:00:00+00:00,19660.94414776768
2025-07-20 22:00:00+00:00,19660.94414776768
2025-07-21 00:00:00+00:00,19660.94414776768
2025-07-21 02:00:00+00:00,19660.94414776768
2025-07-21 04:00:00+00:00,19660.94414776768
2025-07-21 06:00:00+00:00,19660.94414776768
2025-07-21 08:00:00+00:00,19660.94414776768
2025-07-21 10:00:00+00:00,19660.94414776768
2025-07-21 12:00:00+00:00,19660.94414776768
2025-07-21 14:00:00+00:00,19660.94414776768
2025-07-21 16:00:00+00:00,19660.94414776768
2025-07-21 18:00:00+00:00,19660.94414776768
2025-07-21 20:00:00+00:00,19660.94414776768
2025-07-21 22:00:00+00:00,19660.94414776768
2025-07-22 00:00:00+00:00,19660.94414776768
2025-07-22 02:00:00+00:00,19660.94414776768
2025-07-22 04:00:00+00:00,19660.94414776768
2025-07-22 06:00:00+00:00,19660.94414776768
2025-07-22 08:00:00+00:00,19660.94414776768
2025-07-22 10:00:00+00:00,19660.94414776768
2025-07-22 12:00:00+00:00,19660.94414776768
2025-07-22 14:00:00+00:00,19660.94414776768
2025-07-22 16:00:00+00:00,19660.94414776768
2025-07-22 18:00:00+00:00,19660.94414776768
2025-07-22 20:00:00+00:00,19660.94414776768
2025-07-22 22:00:00+00:00,19660.94414776768
2025-07-23 00:00:00+00:00,19660.94414776768
2025-07-23 02:00:00+00:00,19660.94414776768
2025-07-23 04:00:00+00:00,19660.94414776768
2025-07-23 06:00:00+00:00,19660.94414776768
2025-07-23 08:00:00+00:00,19660.94414776768
2025-07-23 10:00:00+00:00,19660.94414776768
2025-07-23 12:00:00+00:00,19660.94414776768
2025-07-23 14:00:00+00:00,19660.94414776768
2025-07-23 16:00:00+00:00,19660.94414776768
2025-07-23 18:00:00+00:00,19660.94414776768
2025-07-23 20:00:00+00:00,19660.94414776768
2025-07-23 22:00:00+00:00,19660.94414776768
2025-07-24 00:00:00+00:00,19660.94414776768
2025-07-24 02:00:00+00:00,19660.94414776768
2025-07-24 04:00:00+00:00,19660.94414776768
2025-07-24 06:00:00+00:00,19660.94414776768
2025-07-24 08:00:00+00:00,19660.94414776768
2025-07-24 10:00:00+00:00,19660.94414776768
2025-07-24 12:00:00+00:00,19660.94414776768
2025-07-24 14:00:00+00:00,19660.94414776768
2025-07-24 16:00:00+00:00,19660.94414776768
2025-07-24 18:00:00+00:00,19660.94414776768
2025-07-24 20:00:00+00:00,19660.94414776768
2025-07-24 22:00:00+00:00,19660.94414776768
2025-07-25 00:00:00+00:00,19660.94414776768
2025-07-25 02:00:00+00:00,19660.94414776768
2025-07-25 04:00:00+00:00,19660.94414776768
2025-07-25 06:00:00+00:00,19660.94414776768
2025-07-25 08:00:00+00:00,19660.94414776768
2025-07-25 10:00:00+00:00,19660.94414776768
2025-07-25 12:00:00+00:00,19660.94414776768
2025-07-25 14:00:00+00:00,19660.94414776768
2025-07-25 16:00:00+00:00,19660.94414776768
2025-07-25 18:00:00+00:00,19660.94414776768
2025-07-25 20:00:00+00:00,19660.94414776768
2025-07-25 22:00:00+00:00,19660.94414776768
2025-07-26 00:00:00+00:00,19660.94414776768
2025-07-26 02:00:00+00:00,19660.94414776768
2025-07-26 04:00:00+00:00,19660.94414776768
2025-07-26 06:00:00+00:00,19660.94414776768
2025-07-26 08:00:00+00:00,19660.94414776768
2025-07-26 10:00:00+00:00,19660.94414776768
2025-07-26 12:00:00+00:00,19660.94414776768
2025-07-26 14:00:00+00:00,19660.94414776768
2025-07-26 16:00:00+00:00,19660.94414776768
2025-07-26 18:00:00+00:00,19660.94414776768
2025-07-26 20:00:00+00:00,19660.94414776768
2025-07-26 22:00:00+00:00,19660.94414776768
2025-07-27 00:00:00+00:00,19660.94414776768
2025-07-27 02:00:00+00:00,19660.94414776768
2025-07-27 04:00:00+00:00,19660.94414776768
2025-07-27 06:00:00+00:00,19660.94414776768
2025-07-27 08:00:00+00:00,19660.94414776768
2025-07-27 10:00:00+00:00,19660.94414776768
2025-07-27 12:00:00+00:00,19660.94414776768
2025-07-27 14:00:00+00:00,19660.94414776768
2025-07-27 16:00:00+00:00,19660.94414776768
2025-07-27 18:00:00+00:00,19660.94414776768
2025-07-27 20:00:00+00:00,19660.94414776768
2025-07-27 22:00:00+00:00,19660.94414776768
2025-07-28 00:00:00+00:00,19364.928217425295
2025-07-28 02:00:00+00:00,19653.797312381364
2025-07-28 04:00:00+00:00,19942.66640733743
2025-07-28 06:00:00+00:00,19792.882432175025
2025-07-28 08:00:00+00:00,19940.687119094215
2025-07-28 10:00:00+00:00,19726.71001171935
2025-07-28 12:00:00+00:00,19277.358086232136
2025-07-28 14:00:00+00:00,19139.3860774132
2025-07-28 16:00:00+00:00,19139.3860774132
2025-07-28 18:00:00+00:00,19139.3860774132
2025-07-28 20:00:00+00:00,19139.3860774132
2025-07-28 22:00:00+00:00,19139.3860774132
2025-07-29 00:00:00+00:00,19139.3860774132
2025-07-29 02:00:00+00:00,19139.3860774132
2025-07-29 04:00:00+00:00,19139.3860774132
2025-07-29 06:00:00+00:00,19139.3860774132
2025-07-29 08:00:00+00:00,19139.3860774132
2025-07-29 10:00:00+00:00,19139.3860774132
2025-07-29 12:00:00+00:00,19139.3860774132
2025-07-29 14:00:00+00:00,19139.3860774132
2025-07-29 16:00:00+00:00,19139.3860774132
2025-07-29 18:00:00+00:00,19139.3860774132
2025-07-29 20:00:00+00:00,19139.3860774132
2025-07-29 22:00:00+00:00,19139.3860774132
2025-07-30 00:00:00+00:00,19139.3860774132
2025-07-30 02:00:00+00:00,19139.3860774132
2025-07-30 04:00:00+00:00,19139.3860774132
2025-07-30 06:00:00+00:00,19139.3860774132
2025-07-30 08:00:00+00:00,19139.3860774132
2025-07-30 10:00:00+00:00,19139.3860774132
2025-07-30 12:00:00+00:00,19139.3860774132
2025-07-30 14:00:00+00:00,19139.3860774132
2025-07-30 16:00:00+00:00,19139.3860774132
2025-07-30 18:00:00+00:00,19139.3860774132
2025-07-30 20:00:00+00:00,19139.3860774132
2025-07-30 22:00:00+00:00,19139.3860774132
2025-07-31 00:00:00+00:00,19139.3860774132
2025-07-31 02:00:00+00:00,19139.3860774132
2025-07-31 04:00:00+00:00,19139.3860774132
2025-07-31 06:00:00+00:00,19139.3860774132
2025-07-31 08:00:00+00:00,19139.3860774132
2025-07-31 10:00:00+00:00,19139.3860774132
2025-07-31 12:00:00+00:00,19139.3860774132
2025-07-31 14:00:00+00:00,19139.3860774132
2025-07-31 16:00:00+00:00,19139.3860774132
2025-07-31 18:00:00+00:00,19139.3860774132
2025-07-31 20:00:00+00:00,19139.3860774132
2025-07-31 22:00:00+00:00,19139.3860774132
2025-08-01 00:00:00+00:00,19139.3860774132
2025-08-01 02:00:00+00:00,19139.3860774132
2025-08-01 04:00:00+00:00,19139.3860774132
2025-08-01 06:00:00+00:00,19139.3860774132
2025-08-01 08:00:00+00:00,19139.3860774132
2025-08-01 10:00:00+00:00,19139.3860774132
2025-08-01 12:00:00+00:00,19139.3860774132
2025-08-01 14:00:00+00:00,19139.3860774132
2025-08-01 16:00:00+00:00,19139.3860774132
2025-08-01 18:00:00+00:00,19139.3860774132
2025-08-01 20:00:00+00:00,19139.3860774132
2025-08-01 22:00:00+00:00,19139.3860774132
2025-08-02 00:00:00+00:00,19139.3860774132
2025-08-02 02:00:00+00:00,19139.3860774132
2025-08-02 04:00:00+00:00,19139.3860774132
2025-08-02 06:00:00+00:00,19139.3860774132
2025-08-02 08:00:00+00:00,19139.3860774132
2025-08-02 10:00:00+00:00,19139.3860774132
2025-08-02 12:00:00+00:00,19139.3860774132
2025-08-02 14:00:00+00:00,19139.3860774132
2025-08-02 16:00:00+00:00,19139.3860774132
2025-08-02 18:00:00+00:00,19139.3860774132
2025-08-02 20:00:00+00:00,19139.3860774132
2025-08-02 22:00:00+00:00,19139.3860774132
2025-08-03 00:00:00+00:00,19139.3860774132
2025-08-03 02:00:00+00:00,19139.3860774132
2025-08-03 04:00:00+00:00,19139.3860774132
2025-08-03 06:00:00+00:00,19139.3860774132
2025-08-03 08:00:00+00:00,19139.3860774132
2025-08-03 10:00:00+00:00,19139.3860774132
2025-08-03 12:00:00+00:00,19139.3860774132
2025-08-03 14:00:00+00:00,19139.3860774132
2025-08-03 16:00:00+00:00,19139.3860774132
2025-08-03 18:00:00+00:00,19139.3860774132
2025-08-03 20:00:00+00:00,19139.3860774132
2025-08-03 22:00:00+00:00,19139.3860774132
2025-08-04 00:00:00+00:00,19139.3860774132
2025-08-04 02:00:00+00:00,19139.3860774132
2025-08-04 04:00:00+00:00,19139.3860774132
2025-08-04 06:00:00+00:00,19139.3860774132
2025-08-04 08:00:00+00:00,19139.3860774132
2025-08-04 10:00:00+00:00,19139.3860774132
2025-08-04 12:00:00+00:00,19139.3860774132
2025-08-04 14:00:00+00:00,19088.90788498679
2025-08-04 16:00:00+00:00,19369.34419692851
2025-08-04 18:00:00+00:00,19099.276046787214
2025-08-04 20:00:00+00:00,19418.4474969542
2025-08-04 22:00:00+00:00,19442.999146967042
2025-08-05 00:00:00+00:00,19281.470158785032
2025-08-05 02:00:00+00:00,19023.677833650163
2025-08-05 04:00:00+00:00,19109.60860869512
2025-08-05 06:00:00+00:00,18821.549387656887
2025-08-05 08:00:00+00:00,18821.549387656887
2025-08-05 10:00:00+00:00,18821.549387656887
2025-08-05 12:00:00+00:00,18821.549387656887
2025-08-05 14:00:00+00:00,18821.549387656887
2025-08-05 16:00:00+00:00,18821.549387656887
2025-08-05 18:00:00+00:00,18821.549387656887
2025-08-05 20:00:00+00:00,18821.549387656887
2025-08-05 22:00:00+00:00,18821.549387656887
2025-08-06 00:00:00+00:00,18821.549387656887
2025-08-06 02:00:00+00:00,18821.549387656887
2025-08-06 04:00:00+00:00,18821.549387656887
2025-08-06 06:00:00+00:00,18821.549387656887
2025-08-06 08:00:00+00:00,18821.549387656887
2025-08-06 10:00:00+00:00,18821.549387656887
2025-08-06 12:00:00+00:00,18821.549387656887
2025-08-06 14:00:00+00:00,18821.549387656887
2025-08-06 16:00:00+00:00,18821.549387656887
2025-08-06 18:00:00+00:00,18821.549387656887
2025-08-06 20:00:00+00:00,18821.549387656887
2025-08-06 22:00:00+00:00,18821.549387656887
2025-08-07 00:00:00+00:00,18821.549387656887
2025-08-07 02:00:00+00:00,18821.549387656887
2025-08-07 04:00:00+00:00,18821.549387656887
2025-08-07 06:00:00+00:00,18821.549387656887
2025-08-07 08:00:00+00:00,18821.549387656887
2025-08-07 10:00:00+00:00,18821.549387656887
2025-08-07 12:00:00+00:00,18821.549387656887
2025-08-07 14:00:00+00:00,18821.549387656887
2025-08-07 16:00:00+00:00,18821.549387656887
2025-08-07 18:00:00+00:00,18821.549387656887
2025-08-07 20:00:00+00:00,18821.549387656887
2025-08-07 22:00:00+00:00,18821.549387656887
2025-08-08 00:00:00+00:00,18821.549387656887
2025-08-08 02:00:00+00:00,18821.549387656887
2025-08-08 04:00:00+00:00,18821.549387656887
2025-08-08 06:00:00+00:00,18821.549387656887
2025-08-08 08:00:00+00:00,18821.549387656887
2025-08-08 10:00:00+00:00,18821.549387656887
2025-08-08 12:00:00+00:00,18821.549387656887
2025-08-08 14:00:00+00:00,18821.549387656887
2025-08-08 16:00:00+00:00,18821.549387656887
2025-08-08 18:00:00+00:00,18821.549387656887
2025-08-08 20:00:00+00:00,18821.549387656887
2025-08-08 22:00:00+00:00,18821.549387656887
2025-08-09 00:00:00+00:00,18821.549387656887
2025-08-09 02:00:00+00:00,18821.549387656887
2025-08-09 04:00:00+00:00,18821.549387656887
2025-08-09 06:00:00+00:00,18821.549387656887
2025-08-09 08:00:00+00:00,18821.549387656887
2025-08-09 10:00:00+00:00,18821.549387656887
2025-08-09 12:00:00+00:00,18821.549387656887
2025-08-09 14:00:00+00:00,18821.549387656887
2025-08-09 16:00:00+00:00,18821.549387656887
2025-08-09 18:00:00+00:00,18821.549387656887
2025-08-09 20:00:00+00:00,18821.549387656887
2025-08-09 22:00:00+00:00,18821.549387656887
2025-08-10 00:00:00+00:00,18821.549387656887
2025-08-10 02:00:00+00:00,18821.549387656887
2025-08-10 04:00:00+00:00,18821.549387656887
2025-08-10 06:00:00+00:00,18821.549387656887
2025-08-10 08:00:00+00:00,18821.549387656887
2025-08-10 10:00:00+00:00,18821.549387656887
2025-08-10 12:00:00+00:00,18821.549387656887
2025-08-10 14:00:00+00:00,18821.549387656887
2025-08-10 16:00:00+00:00,18821.549387656887
2025-08-10 18:00:00+00:00,18821.549387656887
2025-08-10 20:00:00+00:00,18821.549387656887
2025-08-10 22:00:00+00:00,18821.549387656887
2025-08-11 00:00:00+00:00,18821.549387656887
2025-08-11 02:00:00+00:00,18821.549387656887
2025-08-11 04:00:00+00:00,18821.549387656887
2025-08-11 06:00:00+00:00,18821.549387656887
2025-08-11 08:00:00+00:00,18821.549387656887
2025-08-11 10:00:00+00:00,18821.549387656887
2025-08-11 12:00:00+00:00,18821.549387656887
2025-08-11 14:00:00+00:00,18821.549387656887
2025-08-11 16:00:00+00:00,18821.549387656887
2025-08-11 18:00:00+00:00,18821.549387656887
2025-08-11 20:00:00+00:00,18821.549387656887
2025-08-11 22:00:00+00:00,18821.549387656887
2025-08-12 00:00:00+00:00,18821.549387656887
2025-08-12 02:00:00+00:00,18821.549387656887
2025-08-12 04:00:00+00:00,18821.549387656887
2025-08-12 06:00:00+00:00,18821.549387656887
2025-08-12 08:00:00+00:00,18821.549387656887
2025-08-12 10:00:00+00:00,18821.549387656887
2025-08-12 12:00:00+00:00,18821.549387656887
2025-08-12 14:00:00+00:00,18821.549387656887
2025-08-12 16:00:00+00:00,18821.549387656887
2025-08-12 18:00:00+00:00,18821.549387656887
2025-08-12 20:00:00+00:00,18821.549387656887
2025-08-12 22:00:00+00:00,18821.549387656887
2025-08-13 00:00:00+00:00,18821.549387656887
2025-08-13 02:00:00+00:00,18821.549387656887
2025-08-13 04:00:00+00:00,18821.549387656887
2025-08-13 06:00:00+00:00,18821.549387656887
2025-08-13 08:00:00+00:00,18821.549387656887
2025-08-13 10:00:00+00:00,18821.549387656887
2025-08-13 12:00:00+00:00,18821.549387656887
2025-08-13 14:00:00+00:00,18821.549387656887
2025-08-13 16:00:00+00:00,18821.549387656887
2025-08-13 18:00:00+00:00,18821.549387656887
2025-08-13 20:00:00+00:00,18821.549387656887
2025-08-13 22:00:00+00:00,18821.549387656887
2025-08-14 00:00:00+00:00,18821.549387656887
2025-08-14 02:00:00+00:00,18821.549387656887
2025-08-14 04:00:00+00:00,18821.549387656887
2025-08-14 06:00:00+00:00,18821.549387656887
2025-08-14 08:00:00+00:00,18821.549387656887
2025-08-14 10:00:00+00:00,18821.549387656887
2025-08-14 12:00:00+00:00,18821.549387656887
2025-08-14 14:00:00+00:00,18821.549387656887
2025-08-14 16:00:00+00:00,18821.549387656887
2025-08-14 18:00:00+00:00,18821.549387656887
2025-08-14 20:00:00+00:00,18821.549387656887
2025-08-14 22:00:00+00:00,18821.549387656887
2025-08-15 00:00:00+00:00,18821.549387656887
2025-08-15 02:00:00+00:00,18821.549387656887
2025-08-15 04:00:00+00:00,18821.549387656887
2025-08-15 06:00:00+00:00,18821.549387656887
2025-08-15 08:00:00+00:00,18821.549387656887
2025-08-15 10:00:00+00:00,18821.549387656887
2025-08-15 12:00:00+00:00,18821.549387656887
2025-08-15 14:00:00+00:00,18821.549387656887
2025-08-15 16:00:00+00:00,18821.549387656887
2025-08-15 18:00:00+00:00,18821.549387656887
2025-08-15 20:00:00+00:00,18821.549387656887
2025-08-15 22:00:00+00:00,18821.549387656887
2025-08-16 00:00:00+00:00,18821.549387656887
2025-08-16 02:00:00+00:00,18821.549387656887
2025-08-16 04:00:00+00:00,18821.549387656887
2025-08-16 06:00:00+00:00,18821.549387656887
2025-08-16 08:00:00+00:00,18821.549387656887
2025-08-16 10:00:00+00:00,18821.549387656887
2025-08-16 12:00:00+00:00,18821.549387656887
2025-08-16 14:00:00+00:00,18821.549387656887
2025-08-16 16:00:00+00:00,18821.549387656887
2025-08-16 18:00:00+00:00,18821.549387656887
2025-08-16 20:00:00+00:00,18821.549387656887
2025-08-16 22:00:00+00:00,18821.549387656887
2025-08-17 00:00:00+00:00,18821.549387656887
2025-08-17 02:00:00+00:00,18821.549387656887
2025-08-17 04:00:00+00:00,18821.549387656887
2025-08-17 06:00:00+00:00,18821.549387656887
2025-08-17 08:00:00+00:00,18821.549387656887
2025-08-17 10:00:00+00:00,18821.549387656887
2025-08-17 12:00:00+00:00,18821.549387656887
2025-08-17 14:00:00+00:00,18821.549387656887
2025-08-17 16:00:00+00:00,18821.549387656887
2025-08-17 18:00:00+00:00,18821.549387656887
2025-08-17 20:00:00+00:00,18821.549387656887
2025-08-17 22:00:00+00:00,18821.549387656887
2025-08-18 00:00:00+00:00,18821.549387656887
2025-08-18 02:00:00+00:00,18821.549387656887
2025-08-18 04:00:00+00:00,18821.549387656887
2025-08-18 06:00:00+00:00,18821.549387656887
2025-08-18 08:00:00+00:00,18821.549387656887
2025-08-18 10:00:00+00:00,18821.549387656887
2025-08-18 12:00:00+00:00,18821.549387656887
2025-08-18 14:00:00+00:00,18821.549387656887
2025-08-18 16:00:00+00:00,18821.549387656887
2025-08-18 18:00:00+00:00,18821.549387656887
2025-08-18 20:00:00+00:00,18821.549387656887
2025-08-18 22:00:00+00:00,18821.549387656887
2025-08-19 00:00:00+00:00,18821.549387656887
2025-08-19 02:00:00+00:00,18821.549387656887
2025-08-19 04:00:00+00:00,18821.549387656887
2025-08-19 06:00:00+00:00,18821.549387656887
2025-08-19 08:00:00+00:00,18821.549387656887
2025-08-19 10:00:00+00:00,18821.549387656887
2025-08-19 12:00:00+00:00,18821.549387656887
2025-08-19 14:00:00+00:00,18821.549387656887
2025-08-19 16:00:00+00:00,18821.549387656887
2025-08-19 18:00:00+00:00,18821.549387656887
2025-08-19 20:00:00+00:00,18821.549387656887
2025-08-19 22:00:00+00:00,18821.549387656887
2025-08-20 00:00:00+00:00,18821.549387656887
2025-08-20 02:00:00+00:00,18821.549387656887
2025-08-20 04:00:00+00:00,18821.549387656887
2025-08-20 06:00:00+00:00,18821.549387656887
2025-08-20 08:00:00+00:00,18821.549387656887
2025-08-20 10:00:00+00:00,18821.549387656887
2025-08-20 12:00:00+00:00,18821.549387656887
2025-08-20 14:00:00+00:00,18821.549387656887
2025-08-20 16:00:00+00:00,18821.549387656887
2025-08-20 18:00:00+00:00,18821.549387656887
2025-08-20 20:00:00+00:00,18821.549387656887
2025-08-20 22:00:00+00:00,18821.549387656887
2025-08-21 00:00:00+00:00,18821.549387656887
2025-08-21 02:00:00+00:00,18821.549387656887
2025-08-21 04:00:00+00:00,18821.549387656887
2025-08-21 06:00:00+00:00,18821.549387656887
2025-08-21 08:00:00+00:00,18821.549387656887
2025-08-21 10:00:00+00:00,18821.549387656887
2025-08-21 12:00:00+00:00,18821.549387656887
2025-08-21 14:00:00+00:00,18821.549387656887
2025-08-21 16:00:00+00:00,18821.549387656887
2025-08-21 18:00:00+00:00,18821.549387656887
2025-08-21 20:00:00+00:00,18821.549387656887
2025-08-21 22:00:00+00:00,18821.549387656887
2025-08-22 00:00:00+00:00,18821.549387656887
2025-08-22 02:00:00+00:00,18821.549387656887
2025-08-22 04:00:00+00:00,18821.549387656887
2025-08-22 06:00:00+00:00,18821.549387656887
2025-08-22 08:00:00+00:00,18821.549387656887
2025-08-22 10:00:00+00:00,18821.549387656887
2025-08-22 12:00:00+00:00,18821.549387656887
2025-08-22 14:00:00+00:00,18821.549387656887
2025-08-22 16:00:00+00:00,19583.066881690094
2025-08-22 18:00:00+00:00,19889.565413097203
2025-08-22 20:00:00+00:00,20163.22481613927
2025-08-22 22:00:00+00:00,20644.8653654933
2025-08-23 00:00:00+00:00,20161.16032960272
2025-08-23 02:00:00+00:00,19652.513000462157
2025-08-23 04:00:00+00:00,19652.513000462157
2025-08-23 06:00:00+00:00,19652.513000462157
2025-08-23 08:00:00+00:00,19652.513000462157
2025-08-23 10:00:00+00:00,19652.513000462157
2025-08-23 12:00:00+00:00,19652.513000462157
2025-08-23 14:00:00+00:00,19652.513000462157
2025-08-23 16:00:00+00:00,19652.513000462157
2025-08-23 18:00:00+00:00,19652.513000462157
2025-08-23 20:00:00+00:00,19652.513000462157
2025-08-23 22:00:00+00:00,19652.513000462157
2025-08-24 00:00:00+00:00,19652.513000462157
2025-08-24 02:00:00+00:00,19652.513000462157
2025-08-24 04:00:00+00:00,19652.513000462157
2025-08-24 06:00:00+00:00,19652.513000462157
2025-08-24 08:00:00+00:00,19652.513000462157
2025-08-24 10:00:00+00:00,19652.513000462157
2025-08-24 12:00:00+00:00,19652.513000462157
2025-08-24 14:00:00+00:00,19652.513000462157
2025-08-24 16:00:00+00:00,19652.513000462157
2025-08-24 18:00:00+00:00,19652.513000462157
2025-08-24 20:00:00+00:00,19652.513000462157
2025-08-24 22:00:00+00:00,19652.513000462157
2025-08-25 00:00:00+00:00,19652.513000462157
2025-08-25 02:00:00+00:00,19652.513000462157
2025-08-25 04:00:00+00:00,19652.513000462157
2025-08-25 06:00:00+00:00,19652.513000462157
2025-08-25 08:00:00+00:00,19652.513000462157
2025-08-25 10:00:00+00:00,19652.513000462157
2025-08-25 12:00:00+00:00,19652.513000462157
2025-08-25 14:00:00+00:00,19652.513000462157
2025-08-25 16:00:00+00:00,19652.513000462157
2025-08-25 18:00:00+00:00,19652.513000462157
2025-08-25 20:00:00+00:00,19652.513000462157
2025-08-25 22:00:00+00:00,19652.513000462157
2025-08-26 00:00:00+00:00,19652.513000462157
2025-08-26 02:00:00+00:00,19652.513000462157
2025-08-26 04:00:00+00:00,19652.513000462157
2025-08-26 06:00:00+00:00,19652.513000462157
2025-08-26 08:00:00+00:00,19652.513000462157
2025-08-26 10:00:00+00:00,19652.513000462157
2025-08-26 12:00:00+00:00,19652.513000462157
2025-08-26 14:00:00+00:00,19652.513000462157
2025-08-26 16:00:00+00:00,19652.513000462157
2025-08-26 18:00:00+00:00,19652.513000462157
2025-08-26 20:00:00+00:00,19652.513000462157
2025-08-26 22:00:00+00:00,19652.513000462157
2025-08-27 00:00:00+00:00,19652.513000462157
2025-08-27 02:00:00+00:00,19652.513000462157
2025-08-27 04:00:00+00:00,19652.513000462157
2025-08-27 06:00:00+00:00,19652.513000462157
2025-08-27 08:00:00+00:00,19652.513000462157
2025-08-27 10:00:00+00:00,19652.513000462157
2025-08-27 12:00:00+00:00,19652.513000462157
2025-08-27 14:00:00+00:00,19652.513000462157
2025-08-27 16:00:00+00:00,19652.513000462157
2025-08-27 18:00:00+00:00,19652.513000462157
2025-08-27 20:00:00+00:00,19652.513000462157
2025-08-27 22:00:00+00:00,19652.513000462157
2025-08-28 00:00:00+00:00,19652.513000462157
2025-08-28 02:00:00+00:00,19652.513000462157
2025-08-28 04:00:00+00:00,19652.513000462157
2025-08-28 06:00:00+00:00,19652.513000462157
2025-08-28 08:00:00+00:00,19652.513000462157
2025-08-28 10:00:00+00:00,19652.513000462157
2025-08-28 12:00:00+00:00,19652.513000462157
2025-08-28 14:00:00+00:00,19652.513000462157
2025-08-28 16:00:00+00:00,19652.513000462157
2025-08-28 18:00:00+00:00,19652.513000462157
2025-08-28 20:00:00+00:00,19652.513000462157
2025-08-28 22:00:00+00:00,19652.513000462157
2025-08-29 00:00:00+00:00,19652.513000462157
2025-08-29 02:00:00+00:00,19652.513000462157
2025-08-29 04:00:00+00:00,19652.513000462157
2025-08-29 06:00:00+00:00,19652.513000462157
2025-08-29 08:00:00+00:00,19652.513000462157
2025-08-29 10:00:00+00:00,19652.513000462157
2025-08-29 12:00:00+00:00,19652.513000462157
2025-08-29 14:00:00+00:00,19652.513000462157
2025-08-29 16:00:00+00:00,19652.513000462157
2025-08-29 18:00:00+00:00,19652.513000462157
2025-08-29 20:00:00+00:00,19652.513000462157
2025-08-29 22:00:00+00:00,19652.513000462157
2025-08-30 00:00:00+00:00,19652.513000462157
2025-08-30 02:00:00+00:00,19652.513000462157
2025-08-30 04:00:00+00:00,19652.513000462157
2025-08-30 06:00:00+00:00,19652.513000462157
2025-08-30 08:00:00+00:00,19652.513000462157
2025-08-30 10:00:00+00:00,19652.513000462157
2025-08-30 12:00:00+00:00,19652.513000462157
2025-08-30 14:00:00+00:00,19652.513000462157
2025-08-30 16:00:00+00:00,19652.513000462157
2025-08-30 18:00:00+00:00,19652.513000462157
2025-08-30 20:00:00+00:00,19652.513000462157
2025-08-30 22:00:00+00:00,19652.513000462157
2025-08-31 00:00:00+00:00,19652.513000462157
2025-08-31 02:00:00+00:00,19652.513000462157
2025-08-31 04:00:00+00:00,19652.513000462157
2025-08-31 06:00:00+00:00,19652.513000462157
2025-08-31 08:00:00+00:00,19652.513000462157
2025-08-31 10:00:00+00:00,19652.513000462157
2025-08-31 12:00:00+00:00,19652.513000462157
2025-08-31 14:00:00+00:00,19652.513000462157
2025-08-31 16:00:00+00:00,19652.513000462157
2025-08-31 18:00:00+00:00,19652.513000462157
2025-08-31 20:00:00+00:00,19652.513000462157
2025-08-31 22:00:00+00:00,19652.513000462157
2025-09-01 00:00:00+00:00,19652.513000462157
2025-09-01 02:00:00+00:00,19652.513000462157
2025-09-01 04:00:00+00:00,19652.513000462157
2025-09-01 06:00:00+00:00,19652.513000462157
2025-09-01 08:00:00+00:00,19652.513000462157
2025-09-01 10:00:00+00:00,19652.513000462157
2025-09-01 12:00:00+00:00,19652.513000462157
2025-09-01 14:00:00+00:00,19652.513000462157
2025-09-01 16:00:00+00:00,19652.513000462157
2025-09-01 18:00:00+00:00,19652.513000462157
2025-09-01 20:00:00+00:00,19652.513000462157
2025-09-01 22:00:00+00:00,19652.513000462157
2025-09-02 00:00:00+00:00,19652.513000462157
2025-09-02 02:00:00+00:00,19652.513000462157
2025-09-02 04:00:00+00:00,19652.513000462157
2025-09-02 06:00:00+00:00,19652.513000462157
2025-09-02 08:00:00+00:00,19652.513000462157
2025-09-02 10:00:00+00:00,19652.513000462157
2025-09-02 12:00:00+00:00,19652.513000462157
2025-09-02 14:00:00+00:00,19652.513000462157
2025-09-02 16:00:00+00:00,19652.513000462157
2025-09-02 18:00:00+00:00,19652.513000462157
2025-09-02 20:00:00+00:00,19652.513000462157
2025-09-02 22:00:00+00:00,19652.513000462157
2025-09-03 00:00:00+00:00,19652.513000462157
2025-09-03 02:00:00+00:00,19652.513000462157
2025-09-03 04:00:00+00:00,19652.513000462157
2025-09-03 06:00:00+00:00,19652.513000462157
2025-09-03 08:00:00+00:00,19652.513000462157
2025-09-03 10:00:00+00:00,19652.513000462157
2025-09-03 12:00:00+00:00,19652.513000462157
2025-09-03 14:00:00+00:00,19652.513000462157
2025-09-03 16:00:00+00:00,19652.513000462157
2025-09-03 18:00:00+00:00,19652.513000462157
2025-09-03 20:00:00+00:00,19652.513000462157
2025-09-03 22:00:00+00:00,19652.513000462157
2025-09-04 00:00:00+00:00,19652.513000462157
2025-09-04 02:00:00+00:00,19652.513000462157
2025-09-04 04:00:00+00:00,19652.513000462157
2025-09-04 06:00:00+00:00,19652.513000462157
2025-09-04 08:00:00+00:00,19652.513000462157
2025-09-04 10:00:00+00:00,19652.513000462157
2025-09-04 12:00:00+00:00,19652.513000462157
2025-09-04 14:00:00+00:00,19652.513000462157
2025-09-04 16:00:00+00:00,19652.513000462157
2025-09-04 18:00:00+00:00,19652.513000462157
2025-09-04 20:00:00+00:00,19652.513000462157
2025-09-04 22:00:00+00:00,19652.513000462157
2025-09-05 00:00:00+00:00,19652.513000462157
2025-09-05 02:00:00+00:00,19652.513000462157
2025-09-05 04:00:00+00:00,19652.513000462157
2025-09-05 06:00:00+00:00,19652.513000462157
2025-09-05 08:00:00+00:00,19652.513000462157
2025-09-05 10:00:00+00:00,19652.513000462157
2025-09-05 12:00:00+00:00,19652.513000462157
2025-09-05 14:00:00+00:00,19215.91181074156
2025-09-05 16:00:00+00:00,19215.91181074156
2025-09-05 18:00:00+00:00,19215.91181074156
2025-09-05 20:00:00+00:00,19215.91181074156
2025-09-05 22:00:00+00:00,19215.91181074156
2025-09-06 00:00:00+00:00,19215.91181074156
2025-09-06 02:00:00+00:00,19215.91181074156
2025-09-06 04:00:00+00:00,19215.91181074156
2025-09-06 06:00:00+00:00,19215.91181074156
2025-09-06 08:00:00+00:00,19215.91181074156
2025-09-06 10:00:00+00:00,19215.91181074156
2025-09-06 12:00:00+00:00,19215.91181074156
2025-09-06 14:00:00+00:00,19215.91181074156
2025-09-06 16:00:00+00:00,19215.91181074156
2025-09-06 18:00:00+00:00,19215.91181074156
2025-09-06 20:00:00+00:00,19215.91181074156
2025-09-06 22:00:00+00:00,19215.91181074156
2025-09-07 00:00:00+00:00,19215.91181074156
2025-09-07 02:00:00+00:00,19215.91181074156
2025-09-07 04:00:00+00:00,19215.91181074156
2025-09-07 06:00:00+00:00,19215.91181074156
2025-09-07 08:00:00+00:00,19215.91181074156
2025-09-07 10:00:00+00:00,19215.91181074156
2025-09-07 12:00:00+00:00,19215.91181074156
2025-09-07 14:00:00+00:00,19215.91181074156
2025-09-07 16:00:00+00:00,19215.91181074156
2025-09-07 18:00:00+00:00,19215.91181074156
2025-09-07 20:00:00+00:00,19215.91181074156
2025-09-07 22:00:00+00:00,19215.91181074156
2025-09-08 00:00:00+00:00,19215.91181074156
2025-09-08 02:00:00+00:00,19215.91181074156
2025-09-08 04:00:00+00:00,19215.91181074156
2025-09-08 06:00:00+00:00,19215.91181074156
2025-09-08 08:00:00+00:00,19215.91181074156
2025-09-08 10:00:00+00:00,19215.91181074156
2025-09-08 12:00:00+00:00,19215.91181074156
2025-09-08 14:00:00+00:00,19215.91181074156
2025-09-08 16:00:00+00:00,19215.91181074156
2025-09-08 18:00:00+00:00,19215.91181074156
2025-09-08 20:00:00+00:00,19215.91181074156
2025-09-08 22:00:00+00:00,19215.91181074156
2025-09-09 00:00:00+00:00,19215.91181074156
2025-09-09 02:00:00+00:00,19215.91181074156
2025-09-09 04:00:00+00:00,19215.91181074156
2025-09-09 06:00:00+00:00,19215.91181074156
2025-09-09 08:00:00+00:00,19215.91181074156
2025-09-09 10:00:00+00:00,19215.91181074156
2025-09-09 12:00:00+00:00,19215.91181074156
2025-09-09 14:00:00+00:00,19215.91181074156
2025-09-09 16:00:00+00:00,19215.91181074156
2025-09-09 18:00:00+00:00,19215.91181074156
2025-09-09 20:00:00+00:00,19215.91181074156
2025-09-09 22:00:00+00:00,19215.91181074156
2025-09-10 00:00:00+00:00,19215.91181074156
2025-09-10 02:00:00+00:00,19215.91181074156
2025-09-10 04:00:00+00:00,19215.91181074156
2025-09-10 06:00:00+00:00,19215.91181074156
2025-09-10 08:00:00+00:00,19215.91181074156
2025-09-10 10:00:00+00:00,19215.91181074156
2025-09-10 12:00:00+00:00,19215.91181074156
2025-09-10 14:00:00+00:00,19215.91181074156
2025-09-10 16:00:00+00:00,19215.91181074156
2025-09-10 18:00:00+00:00,19215.91181074156
2025-09-10 20:00:00+00:00,19215.91181074156
2025-09-10 22:00:00+00:00,19215.91181074156
2025-09-11 00:00:00+00:00,19215.91181074156
2025-09-11 02:00:00+00:00,19215.91181074156
2025-09-11 04:00:00+00:00,19215.91181074156
2025-09-11 06:00:00+00:00,19215.91181074156
2025-09-11 08:00:00+00:00,19215.91181074156
2025-09-11 10:00:00+00:00,19215.91181074156
2025-09-11 12:00:00+00:00,19215.91181074156
2025-09-11 14:00:00+00:00,19215.91181074156
2025-09-11 16:00:00+00:00,19215.91181074156
2025-09-11 18:00:00+00:00,19215.91181074156
2025-09-11 20:00:00+00:00,19215.91181074156
2025-09-11 22:00:00+00:00,19215.91181074156
2025-09-12 00:00:00+00:00,19215.91181074156
2025-09-12 02:00:00+00:00,19215.91181074156
2025-09-12 04:00:00+00:00,19215.91181074156
2025-09-12 06:00:00+00:00,19215.91181074156
2025-09-12 08:00:00+00:00,19215.91181074156
2025-09-12 10:00:00+00:00,19215.91181074156
2025-09-12 12:00:00+00:00,19215.91181074156
2025-09-12 14:00:00+00:00,19215.91181074156
2025-09-12 16:00:00+00:00,19215.91181074156
2025-09-12 18:00:00+00:00,19215.91181074156
2025-09-12 20:00:00+00:00,19215.91181074156
2025-09-12 22:00:00+00:00,19215.91181074156
2025-09-13 00:00:00+00:00,19215.91181074156
2025-09-13 02:00:00+00:00,19215.91181074156
2025-09-13 04:00:00+00:00,19215.91181074156
2025-09-13 06:00:00+00:00,19215.91181074156
2025-09-13 08:00:00+00:00,19215.91181074156
2025-09-13 10:00:00+00:00,19215.91181074156
2025-09-13 12:00:00+00:00,19215.91181074156
2025-09-13 14:00:00+00:00,19215.91181074156
2025-09-13 16:00:00+00:00,19215.91181074156
2025-09-13 18:00:00+00:00,19215.91181074156
2025-09-13 20:00:00+00:00,19215.91181074156
2025-09-13 22:00:00+00:00,19215.91181074156
2025-09-14 00:00:00+00:00,19215.91181074156
2025-09-14 02:00:00+00:00,19215.91181074156
2025-09-14 04:00:00+00:00,19215.91181074156
2025-09-14 06:00:00+00:00,19215.91181074156
2025-09-14 08:00:00+00:00,19215.91181074156
2025-09-14 10:00:00+00:00,19215.91181074156
2025-09-14 12:00:00+00:00,19215.91181074156
2025-09-14 14:00:00+00:00,19215.91181074156
2025-09-14 16:00:00+00:00,19215.91181074156
2025-09-14 18:00:00+00:00,19215.91181074156
2025-09-14 20:00:00+00:00,19215.91181074156
2025-09-14 22:00:00+00:00,19215.91181074156
2025-09-15 00:00:00+00:00,19215.91181074156
2025-09-15 02:00:00+00:00,19215.91181074156
2025-09-15 04:00:00+00:00,19215.91181074156
2025-09-15 06:00:00+00:00,19215.91181074156
2025-09-15 08:00:00+00:00,19215.91181074156
2025-09-15 10:00:00+00:00,19215.91181074156
2025-09-15 12:00:00+00:00,19215.91181074156
2025-09-15 14:00:00+00:00,19215.91181074156
2025-09-15 16:00:00+00:00,19215.91181074156
2025-09-15 18:00:00+00:00,19215.91181074156
2025-09-15 20:00:00+00:00,19215.91181074156
2025-09-15 22:00:00+00:00,19215.91181074156
2025-09-16 00:00:00+00:00,19215.91181074156
2025-09-16 02:00:00+00:00,19215.91181074156
2025-09-16 04:00:00+00:00,19215.91181074156
2025-09-16 06:00:00+00:00,19215.91181074156
2025-09-16 08:00:00+00:00,19215.91181074156
2025-09-16 10:00:00+00:00,19215.91181074156
2025-09-16 12:00:00+00:00,19215.91181074156
2025-09-16 14:00:00+00:00,19215.91181074156
2025-09-16 16:00:00+00:00,19215.91181074156
2025-09-16 18:00:00+00:00,19215.91181074156
2025-09-16 20:00:00+00:00,19215.91181074156
2025-09-16 22:00:00+00:00,19215.91181074156
2025-09-17 00:00:00+00:00,19215.91181074156
2025-09-17 02:00:00+00:00,19215.91181074156
2025-09-17 04:00:00+00:00,19215.91181074156
2025-09-17 06:00:00+00:00,19215.91181074156
2025-09-17 08:00:00+00:00,19215.91181074156
2025-09-17 10:00:00+00:00,19215.91181074156
2025-09-17 12:00:00+00:00,19215.91181074156
2025-09-17 14:00:00+00:00,19215.91181074156
2025-09-17 16:00:00+00:00,19215.91181074156
2025-09-17 18:00:00+00:00,19215.91181074156
2025-09-17 20:00:00+00:00,19215.91181074156
2025-09-17 22:00:00+00:00,19215.91181074156
2025-09-18 00:00:00+00:00,19113.56040136017
2025-09-18 02:00:00+00:00,19284.217190658026
2025-09-18 04:00:00+00:00,19166.89064801575
2025-09-18 06:00:00+00:00,19006.899908049007
2025-09-18 08:00:00+00:00,19068.9955140449
2025-09-18 10:00:00+00:00,19026.331316720436
2025-09-18 12:00:00+00:00,19250.318352673876
2025-09-18 14:00:00+00:00,19420.975141971732
2025-09-18 16:00:00+00:00,19771.011415710436
2025-09-18 18:00:00+00:00,19664.350922399277
2025-09-18 20:00:00+00:00,19653.684873068156
2025-09-18 22:00:00+00:00,19536.35833042588
2025-09-19 00:00:00+00:00,19865.051839453023
2025-09-19 02:00:00+00:00,19385.0796195528
2025-09-19 04:00:00+00:00,19169.388776036667
2025-09-19 06:00:00+00:00,19169.388776036667
2025-09-19 08:00:00+00:00,19169.388776036667
2025-09-19 10:00:00+00:00,19169.388776036667
2025-09-19 12:00:00+00:00,19169.388776036667
2025-09-19 14:00:00+00:00,19169.388776036667
2025-09-19 16:00:00+00:00,19169.388776036667
2025-09-19 18:00:00+00:00,19169.388776036667
2025-09-19 20:00:00+00:00,19169.388776036667
2025-09-19 22:00:00+00:00,19169.388776036667
2025-09-20 00:00:00+00:00,19169.388776036667
2025-09-20 02:00:00+00:00,19169.388776036667
2025-09-20 04:00:00+00:00,19169.388776036667
2025-09-20 06:00:00+00:00,19169.388776036667
2025-09-20 08:00:00+00:00,19169.388776036667
2025-09-20 10:00:00+00:00,19169.388776036667
2025-09-20 12:00:00+00:00,19169.388776036667
2025-09-20 14:00:00+00:00,19169.388776036667
2025-09-20 16:00:00+00:00,19169.388776036667
2025-09-20 18:00:00+00:00,19169.388776036667
2025-09-20 20:00:00+00:00,19169.388776036667
2025-09-20 22:00:00+00:00,19169.388776036667
2025-09-21 00:00:00+00:00,19169.388776036667
2025-09-21 02:00:00+00:00,19169.388776036667
2025-09-21 04:00:00+00:00,19169.388776036667
2025-09-21 06:00:00+00:00,19169.388776036667
2025-09-21 08:00:00+00:00,19169.388776036667
2025-09-21 10:00:00+00:00,19169.388776036667
2025-09-21 12:00:00+00:00,19169.388776036667
2025-09-21 14:00:00+00:00,19169.388776036667
2025-09-21 16:00:00+00:00,19169.388776036667
2025-09-21 18:00:00+00:00,19169.388776036667
2025-09-21 20:00:00+00:00,19169.388776036667
2025-09-21 22:00:00+00:00,19169.388776036667
2025-09-22 00:00:00+00:00,19169.388776036667
2025-09-22 02:00:00+00:00,19169.388776036667
2025-09-22 04:00:00+00:00,19169.388776036667
2025-09-22 06:00:00+00:00,19169.388776036667
2025-09-22 08:00:00+00:00,19169.388776036667
2025-09-22 10:00:00+00:00,19169.388776036667
2025-09-22 12:00:00+00:00,19169.388776036667
2025-09-22 14:00:00+00:00,19169.388776036667
2025-09-22 16:00:00+00:00,19169.388776036667
2025-09-22 18:00:00+00:00,19169.388776036667
2025-09-22 20:00:00+00:00,19169.388776036667
2025-09-22 22:00:00+00:00,19169.388776036667
2025-09-23 00:00:00+00:00,19169.388776036667
2025-09-23 02:00:00+00:00,19169.388776036667
2025-09-23 04:00:00+00:00,19169.388776036667
2025-09-23 06:00:00+00:00,19169.388776036667
2025-09-23 08:00:00+00:00,19169.388776036667
2025-09-23 10:00:00+00:00,19169.388776036667
2025-09-23 12:00:00+00:00,19169.388776036667
2025-09-23 14:00:00+00:00,19169.388776036667
2025-09-23 16:00:00+00:00,19169.388776036667
2025-09-23 18:00:00+00:00,19169.388776036667
2025-09-23 20:00:00+00:00,19169.388776036667
2025-09-23 22:00:00+00:00,19169.388776036667
2025-09-24 00:00:00+00:00,19169.388776036667
2025-09-24 02:00:00+00:00,19169.388776036667
2025-09-24 04:00:00+00:00,19169.388776036667
2025-09-24 06:00:00+00:00,19169.388776036667
2025-09-24 08:00:00+00:00,19169.388776036667
2025-09-24 10:00:00+00:00,19169.388776036667
2025-09-24 12:00:00+00:00,19169.388776036667
2025-09-24 14:00:00+00:00,19169.388776036667
2025-09-24 16:00:00+00:00,19169.388776036667
2025-09-24 18:00:00+00:00,19169.388776036667
2025-09-24 20:00:00+00:00,19169.388776036667
2025-09-24 22:00:00+00:00,19169.388776036667
2025-09-25 00:00:00+00:00,19169.388776036667
2025-09-25 02:00:00+00:00,19169.388776036667
2025-09-25 04:00:00+00:00,19169.388776036667
2025-09-25 06:00:00+00:00,19169.388776036667
2025-09-25 08:00:00+00:00,19169.388776036667
2025-09-25 10:00:00+00:00,19169.388776036667
2025-09-25 12:00:00+00:00,19169.388776036667
2025-09-25 14:00:00+00:00,19169.388776036667
2025-09-25 16:00:00+00:00,19169.388776036667
2025-09-25 18:00:00+00:00,19169.388776036667
2025-09-25 20:00:00+00:00,19169.388776036667
2025-09-25 22:00:00+00:00,19169.388776036667
2025-09-26 00:00:00+00:00,19169.388776036667
2025-09-26 02:00:00+00:00,19169.388776036667
2025-09-26 04:00:00+00:00,19169.388776036667
2025-09-26 06:00:00+00:00,19169.388776036667
2025-09-26 08:00:00+00:00,19169.388776036667
2025-09-26 10:00:00+00:00,19169.388776036667
2025-09-26 12:00:00+00:00,19169.388776036667
2025-09-26 14:00:00+00:00,19169.388776036667
2025-09-26 16:00:00+00:00,19169.388776036667
2025-09-26 18:00:00+00:00,19169.388776036667
2025-09-26 20:00:00+00:00,19169.388776036667
2025-09-26 22:00:00+00:00,19169.388776036667
2025-09-27 00:00:00+00:00,19169.388776036667
2025-09-27 02:00:00+00:00,19169.388776036667
2025-09-27 04:00:00+00:00,19169.388776036667
2025-09-27 06:00:00+00:00,19169.388776036667
2025-09-27 08:00:00+00:00,19169.388776036667
2025-09-27 10:00:00+00:00,19169.388776036667
2025-09-27 12:00:00+00:00,19169.388776036667
2025-09-27 14:00:00+00:00,19169.388776036667
2025-09-27 16:00:00+00:00,19169.388776036667
2025-09-27 18:00:00+00:00,19169.388776036667
2025-09-27 20:00:00+00:00,19169.388776036667
2025-09-27 22:00:00+00:00,19169.388776036667
2025-09-28 00:00:00+00:00,19169.388776036667
2025-09-28 02:00:00+00:00,19169.388776036667
2025-09-28 04:00:00+00:00,19169.388776036667
2025-09-28 06:00:00+00:00,19169.388776036667
2025-09-28 08:00:00+00:00,19169.388776036667
2025-09-28 10:00:00+00:00,19169.388776036667
2025-09-28 12:00:00+00:00,19169.388776036667
2025-09-28 14:00:00+00:00,19169.388776036667
2025-09-28 16:00:00+00:00,19169.388776036667
2025-09-28 18:00:00+00:00,19169.388776036667
2025-09-28 20:00:00+00:00,19169.388776036667
2025-09-28 22:00:00+00:00,19169.388776036667
2025-09-29 00:00:00+00:00,19169.388776036667
2025-09-29 02:00:00+00:00,19169.388776036667
2025-09-29 04:00:00+00:00,19169.388776036667
2025-09-29 06:00:00+00:00,19169.388776036667
2025-09-29 08:00:00+00:00,19169.388776036667
2025-09-29 10:00:00+00:00,19169.388776036667
2025-09-29 12:00:00+00:00,19169.388776036667
2025-09-29 14:00:00+00:00,19169.388776036667
2025-09-29 16:00:00+00:00,19169.388776036667
2025-09-29 18:00:00+00:00,19169.388776036667
2025-09-29 20:00:00+00:00,19169.388776036667
2025-09-29 22:00:00+00:00,19169.388776036667
2025-09-30 00:00:00+00:00,19169.388776036667
2025-09-30 02:00:00+00:00,19169.388776036667
2025-09-30 04:00:00+00:00,19169.388776036667
2025-09-30 06:00:00+00:00,19169.388776036667
2025-09-30 08:00:00+00:00,19169.388776036667
2025-09-30 10:00:00+00:00,19169.388776036667
2025-09-30 12:00:00+00:00,19169.388776036667
2025-09-30 14:00:00+00:00,19169.388776036667
2025-09-30 16:00:00+00:00,19169.388776036667
2025-09-30 18:00:00+00:00,19169.388776036667
2025-09-30 20:00:00+00:00,19169.388776036667
2025-09-30 22:00:00+00:00,19169.388776036667
2025-10-01 00:00:00+00:00,19169.388776036667
2025-10-01 02:00:00+00:00,19169.388776036667
2025-10-01 04:00:00+00:00,19169.388776036667
2025-10-01 06:00:00+00:00,19169.388776036667
2025-10-01 08:00:00+00:00,19169.388776036667
2025-10-01 10:00:00+00:00,18930.274800964537
2025-10-01 12:00:00+00:00,18867.508637831364
2025-10-01 14:00:00+00:00,19005.59419672434
2025-10-01 16:00:00+00:00,19028.798847234677
2025-10-01 18:00:00+00:00,19279.86349976736
2025-10-01 20:00:00+00:00,19217.097336634193
2025-10-01 22:00:00+00:00,19355.182895527167
2025-10-02 00:00:00+00:00,19641.970282145467
2025-10-02 02:00:00+00:00,19616.8638168922
2025-10-02 04:00:00+00:00,19780.055841038444
2025-10-02 06:00:00+00:00,19692.183212652002
2025-10-02 08:00:00+00:00,19702.765587756254
2025-10-02 10:00:00+00:00,19765.53175088943
2025-10-02 12:00:00+00:00,19840.851146649235
2025-10-02 14:00:00+00:00,19815.744681395965
2025-10-02 16:00:00+00:00,20202.91273738988
2025-10-02 18:00:00+00:00,20529.296785682374
2025-10-02 20:00:00+00:00,20391.211226789397
2025-10-02 22:00:00+00:00,20290.785365776323
2025-10-03 00:00:00+00:00,19862.67854644925
2025-10-03 02:00:00+00:00,19862.67854644925
2025-10-03 04:00:00+00:00,19862.67854644925
2025-10-03 06:00:00+00:00,19862.67854644925
2025-10-03 08:00:00+00:00,19862.67854644925
2025-10-03 10:00:00+00:00,19862.67854644925
2025-10-03 12:00:00+00:00,19862.67854644925
2025-10-03 14:00:00+00:00,19862.67854644925
2025-10-03 16:00:00+00:00,19862.67854644925
2025-10-03 18:00:00+00:00,19862.67854644925
2025-10-03 20:00:00+00:00,19862.67854644925
2025-10-03 22:00:00+00:00,19862.67854644925
2025-10-04 00:00:00+00:00,19862.67854644925
2025-10-04 02:00:00+00:00,19862.67854644925
2025-10-04 04:00:00+00:00,19862.67854644925
2025-10-04 06:00:00+00:00,19862.67854644925
2025-10-04 08:00:00+00:00,19862.67854644925
2025-10-04 10:00:00+00:00,19862.67854644925
2025-10-04 12:00:00+00:00,19862.67854644925
2025-10-04 14:00:00+00:00,19862.67854644925
2025-10-04 16:00:00+00:00,19862.67854644925
2025-10-04 18:00:00+00:00,19862.67854644925
2025-10-04 20:00:00+00:00,19862.67854644925
2025-10-04 22:00:00+00:00,19862.67854644925
2025-10-05 00:00:00+00:00,19862.67854644925
2025-10-05 02:00:00+00:00,19862.67854644925
2025-10-05 04:00:00+00:00,19862.67854644925
2025-10-05 06:00:00+00:00,19862.67854644925
2025-10-05 08:00:00+00:00,19862.67854644925
2025-10-05 10:00:00+00:00,19862.67854644925
2025-10-05 12:00:00+00:00,19862.67854644925
2025-10-05 14:00:00+00:00,19862.67854644925
2025-10-05 16:00:00+00:00,19862.67854644925
2025-10-05 18:00:00+00:00,19862.67854644925
2025-10-05 20:00:00+00:00,19862.67854644925
2025-10-05 22:00:00+00:00,19862.67854644925
2025-10-06 00:00:00+00:00,19862.67854644925
2025-10-06 02:00:00+00:00,19862.67854644925
2025-10-06 04:00:00+00:00,19862.67854644925
2025-10-06 06:00:00+00:00,19862.67854644925
2025-10-06 08:00:00+00:00,19862.67854644925
2025-10-06 10:00:00+00:00,19862.67854644925
2025-10-06 12:00:00+00:00,19862.67854644925
2025-10-06 14:00:00+00:00,19862.67854644925
2025-10-06 16:00:00+00:00,19862.67854644925
2025-10-06 18:00:00+00:00,19862.67854644925
2025-10-06 20:00:00+00:00,19862.67854644925
2025-10-06 22:00:00+00:00,19862.67854644925
2025-10-07 00:00:00+00:00,19862.67854644925
2025-10-07 02:00:00+00:00,19862.67854644925
2025-10-07 04:00:00+00:00,19862.67854644925
2025-10-07 06:00:00+00:00,19862.67854644925
2025-10-07 08:00:00+00:00,19862.67854644925
2025-10-07 10:00:00+00:00,19862.67854644925
2025-10-07 12:00:00+00:00,19862.67854644925
2025-10-07 14:00:00+00:00,19862.67854644925
2025-10-07 16:00:00+00:00,19862.67854644925
2025-10-07 18:00:00+00:00,19862.67854644925
2025-10-07 20:00:00+00:00,19862.67854644925
2025-10-07 22:00:00+00:00,19862.67854644925
2025-10-08 00:00:00+00:00,19862.67854644925
2025-10-08 02:00:00+00:00,19862.67854644925
2025-10-08 04:00:00+00:00,19862.67854644925
2025-10-08 06:00:00+00:00,19862.67854644925
2025-10-08 08:00:00+00:00,19862.67854644925
2025-10-08 10:00:00+00:00,19862.67854644925
2025-10-08 12:00:00+00:00,19862.67854644925
2025-10-08 14:00:00+00:00,19862.67854644925
2025-10-08 16:00:00+00:00,19862.67854644925
2025-10-08 18:00:00+00:00,19862.67854644925
2025-10-08 20:00:00+00:00,19862.67854644925
2025-10-08 22:00:00+00:00,19862.67854644925
2025-10-09 00:00:00+00:00,19862.67854644925
2025-10-09 02:00:00+00:00,19862.67854644925
2025-10-09 04:00:00+00:00,19862.67854644925
2025-10-09 06:00:00+00:00,19862.67854644925
2025-10-09 08:00:00+00:00,19862.67854644925
2025-10-09 10:00:00+00:00,19862.67854644925
2025-10-09 12:00:00+00:00,19862.67854644925
2025-10-09 14:00:00+00:00,19862.67854644925
2025-10-09 16:00:00+00:00,19862.67854644925
2025-10-09 18:00:00+00:00,19862.67854644925
2025-10-09 20:00:00+00:00,19862.67854644925
2025-10-09 22:00:00+00:00,19862.67854644925
2025-10-10 00:00:00+00:00,19862.67854644925
2025-10-10 02:00:00+00:00,19862.67854644925
2025-10-10 04:00:00+00:00,19862.67854644925
2025-10-10 06:00:00+00:00,19862.67854644925
2025-10-10 08:00:00+00:00,19862.67854644925
2025-10-10 10:00:00+00:00,19862.67854644925
2025-10-10 12:00:00+00:00,19862.67854644925
2025-10-10 14:00:00+00:00,19862.67854644925
2025-10-10 16:00:00+00:00,19862.67854644925
2025-10-10 18:00:00+00:00,19862.67854644925
2025-10-10 20:00:00+00:00,19862.67854644925
2025-10-10 22:00:00+00:00,19862.67854644925
2025-10-11 00:00:00+00:00,19862.67854644925
2025-10-11 02:00:00+00:00,19862.67854644925
2025-10-11 04:00:00+00:00,19862.67854644925
2025-10-11 06:00:00+00:00,19862.67854644925
2025-10-11 08:00:00+00:00,19862.67854644925
2025-10-11 10:00:00+00:00,19862.67854644925
2025-10-11 12:00:00+00:00,19862.67854644925
2025-10-11 14:00:00+00:00,19862.67854644925
2025-10-11 16:00:00+00:00,19862.67854644925
2025-10-11 18:00:00+00:00,19862.67854644925
2025-10-11 20:00:00+00:00,19862.67854644925
2025-10-11 22:00:00+00:00,19862.67854644925
2025-10-12 00:00:00+00:00,19862.67854644925
2025-10-12 02:00:00+00:00,19862.67854644925
2025-10-12 04:00:00+00:00,19862.67854644925
2025-10-12 06:00:00+00:00,19862.67854644925
2025-10-12 08:00:00+00:00,19862.67854644925
2025-10-12 10:00:00+00:00,19862.67854644925
2025-10-12 12:00:00+00:00,19862.67854644925
2025-10-12 14:00:00+00:00,19862.67854644925
2025-10-12 16:00:00+00:00,19862.67854644925
2025-10-12 18:00:00+00:00,19862.67854644925
2025-10-12 20:00:00+00:00,19862.67854644925
2025-10-12 22:00:00+00:00,19862.67854644925
2025-10-13 00:00:00+00:00,19862.67854644925
2025-10-13 02:00:00+00:00,19862.67854644925
2025-10-13 04:00:00+00:00,19862.67854644925
2025-10-13 06:00:00+00:00,19862.67854644925
2025-10-13 08:00:00+00:00,19862.67854644925
2025-10-13 10:00:00+00:00,19862.67854644925
2025-10-13 12:00:00+00:00,19862.67854644925
2025-10-13 14:00:00+00:00,19862.67854644925
2025-10-13 16:00:00+00:00,19862.67854644925
2025-10-13 18:00:00+00:00,19862.67854644925
2025-10-13 20:00:00+00:00,19862.67854644925
2025-10-13 22:00:00+00:00,19862.67854644925
2025-10-14 00:00:00+00:00,19862.67854644925
2025-10-14 02:00:00+00:00,19862.67854644925
2025-10-14 04:00:00+00:00,19862.67854644925
2025-10-14 06:00:00+00:00,19862.67854644925
2025-10-14 08:00:00+00:00,19862.67854644925
2025-10-14 10:00:00+00:00,19862.67854644925
2025-10-14 12:00:00+00:00,19862.67854644925
2025-10-14 14:00:00+00:00,19862.67854644925
2025-10-14 16:00:00+00:00,19862.67854644925
2025-10-14 18:00:00+00:00,19862.67854644925
2025-10-14 20:00:00+00:00,19862.67854644925
2025-10-14 22:00:00+00:00,19862.67854644925
2025-10-15 00:00:00+00:00,19862.67854644925
2025-10-15 02:00:00+00:00,19862.67854644925
2025-10-15 04:00:00+00:00,19862.67854644925
2025-10-15 06:00:00+00:00,19862.67854644925
2025-10-15 08:00:00+00:00,19862.67854644925
2025-10-15 10:00:00+00:00,19862.67854644925
2025-10-15 12:00:00+00:00,19862.67854644925
2025-10-15 14:00:00+00:00,19862.67854644925
2025-10-15 16:00:00+00:00,19862.67854644925
2025-10-15 18:00:00+00:00,19862.67854644925
2025-10-15 20:00:00+00:00,19862.67854644925
2025-10-15 22:00:00+00:00,19862.67854644925
2025-10-16 00:00:00+00:00,19862.67854644925
2025-10-16 02:00:00+00:00,19862.67854644925
2025-10-16 04:00:00+00:00,19862.67854644925
2025-10-16 06:00:00+00:00,19862.67854644925
2025-10-16 08:00:00+00:00,19862.67854644925
2025-10-16 10:00:00+00:00,19862.67854644925
2025-10-16 12:00:00+00:00,19862.67854644925
2025-10-16 14:00:00+00:00,19862.67854644925
2025-10-16 16:00:00+00:00,19862.67854644925
2025-10-16 18:00:00+00:00,19862.67854644925
2025-10-16 20:00:00+00:00,19862.67854644925
2025-10-16 22:00:00+00:00,19862.67854644925
2025-10-17 00:00:00+00:00,19862.67854644925
2025-10-17 02:00:00+00:00,19862.67854644925
2025-10-17 04:00:00+00:00,19862.67854644925
2025-10-17 06:00:00+00:00,19862.67854644925
2025-10-17 08:00:00+00:00,19862.67854644925
2025-10-17 10:00:00+00:00,19862.67854644925
2025-10-17 12:00:00+00:00,19862.67854644925
2025-10-17 14:00:00+00:00,19862.67854644925
2025-10-17 16:00:00+00:00,19862.67854644925
2025-10-17 18:00:00+00:00,19862.67854644925
2025-10-17 20:00:00+00:00,19862.67854644925
2025-10-17 22:00:00+00:00,19862.67854644925
2025-10-18 00:00:00+00:00,19862.67854644925
2025-10-18 02:00:00+00:00,19862.67854644925
2025-10-18 04:00:00+00:00,19862.67854644925
2025-10-18 06:00:00+00:00,19862.67854644925
2025-10-18 08:00:00+00:00,19862.67854644925
2025-10-18 10:00:00+00:00,19862.67854644925
2025-10-18 12:00:00+00:00,19862.67854644925
2025-10-18 14:00:00+00:00,19862.67854644925
2025-10-18 16:00:00+00:00,19862.67854644925
2025-10-18 18:00:00+00:00,19862.67854644925
2025-10-18 20:00:00+00:00,19862.67854644925
2025-10-18 22:00:00+00:00,19862.67854644925
2025-10-19 00:00:00+00:00,19862.67854644925
2025-10-19 02:00:00+00:00,19862.67854644925
2025-10-19 04:00:00+00:00,19862.67854644925
2025-10-19 06:00:00+00:00,19862.67854644925
2025-10-19 08:00:00+00:00,19862.67854644925
2025-10-19 10:00:00+00:00,19862.67854644925
2025-10-19 12:00:00+00:00,19862.67854644925
2025-10-19 14:00:00+00:00,19862.67854644925
2025-10-19 16:00:00+00:00,19862.67854644925
2025-10-19 18:00:00+00:00,19862.67854644925
2025-10-19 20:00:00+00:00,19862.67854644925
2025-10-19 22:00:00+00:00,19862.67854644925
2025-10-20 00:00:00+00:00,19862.67854644925
2025-10-20 02:00:00+00:00,19862.67854644925
2025-10-20 04:00:00+00:00,19978.98291184762
2025-10-20 06:00:00+00:00,19996.310737443324
2025-10-20 08:00:00+00:00,20030.61265389779
2025-10-20 10:00:00+00:00,19978.629177110673
2025-10-20 12:00:00+00:00,20117.25178187631
2025-10-20 14:00:00+00:00,19788.02309555792
2025-10-20 16:00:00+00:00,19648.373078267254
2025-10-20 18:00:00+00:00,19977.601764585645
2025-10-20 20:00:00+00:00,19752.340031841482
2025-10-20 22:00:00+00:00,19631.04525267155
2025-10-21 00:00:00+00:00,19473.516571551914
2025-10-21 02:00:00+00:00,19292.113725745312
2025-10-21 04:00:00+00:00,19292.113725745312
2025-10-21 06:00:00+00:00,19292.113725745312
2025-10-21 08:00:00+00:00,19292.113725745312
2025-10-21 10:00:00+00:00,19292.113725745312
2025-10-21 12:00:00+00:00,19292.113725745312
2025-10-21 14:00:00+00:00,19292.113725745312
2025-10-21 16:00:00+00:00,19292.113725745312
2025-10-21 18:00:00+00:00,19292.113725745312
2025-10-21 20:00:00+00:00,19292.113725745312
2025-10-21 22:00:00+00:00,19292.113725745312
2025-10-22 00:00:00+00:00,19292.113725745312
2025-10-22 02:00:00+00:00,19292.113725745312
2025-10-22 04:00:00+00:00,19292.113725745312
2025-10-22 06:00:00+00:00,19292.113725745312
2025-10-22 08:00:00+00:00,19292.113725745312
2025-10-22 10:00:00+00:00,19292.113725745312
2025-10-22 12:00:00+00:00,19292.113725745312
2025-10-22 14:00:00+00:00,19292.113725745312
2025-10-22 16:00:00+00:00,19292.113725745312
2025-10-22 18:00:00+00:00,19292.113725745312
2025-10-22 20:00:00+00:00,19292.113725745312
2025-10-22 22:00:00+00:00,19292.113725745312
2025-10-23 00:00:00+00:00,19292.113725745312
2025-10-23 02:00:00+00:00,19292.113725745312
2025-10-23 04:00:00+00:00,19292.113725745312
2025-10-23 06:00:00+00:00,19292.113725745312
2025-10-23 08:00:00+00:00,19292.113725745312
2025-10-23 10:00:00+00:00,19292.113725745312
2025-10-23 12:00:00+00:00,19292.113725745312
2025-10-23 14:00:00+00:00,19292.113725745312
2025-10-23 16:00:00+00:00,19292.113725745312
2025-10-23 18:00:00+00:00,19292.113725745312
2025-10-23 20:00:00+00:00,19292.113725745312
2025-10-23 22:00:00+00:00,19292.113725745312
2025-10-24 00:00:00+00:00,19292.113725745312
2025-10-24 02:00:00+00:00,19292.113725745312
2025-10-24 04:00:00+00:00,19292.113725745312
2025-10-24 06:00:00+00:00,19292.113725745312
2025-10-24 08:00:00+00:00,19292.113725745312
2025-10-24 10:00:00+00:00,19292.113725745312
2025-10-24 12:00:00+00:00,19292.113725745312
2025-10-24 14:00:00+00:00,19292.113725745312
2025-10-24 16:00:00+00:00,19292.113725745312
2025-10-24 18:00:00+00:00,19292.113725745312
2025-10-24 20:00:00+00:00,19292.113725745312
2025-10-24 22:00:00+00:00,19292.113725745312
2025-10-25 00:00:00+00:00,19292.113725745312
2025-10-25 02:00:00+00:00,19292.113725745312
2025-10-25 04:00:00+00:00,19292.113725745312
2025-10-25 06:00:00+00:00,19292.113725745312
2025-10-25 08:00:00+00:00,19292.113725745312
2025-10-25 10:00:00+00:00,19292.113725745312
2025-10-25 12:00:00+00:00,19292.113725745312
2025-10-25 14:00:00+00:00,19292.113725745312
2025-10-25 16:00:00+00:00,19292.113725745312
2025-10-25 18:00:00+00:00,19292.113725745312
2025-10-25 20:00:00+00:00,19292.113725745312
2025-10-25 22:00:00+00:00,19292.113725745312
2025-10-26 00:00:00+00:00,19292.113725745312
2025-10-26 02:00:00+00:00,19292.113725745312
2025-10-26 04:00:00+00:00,19292.113725745312
2025-10-26 06:00:00+00:00,19292.113725745312
2025-10-26 08:00:00+00:00,19292.113725745312
2025-10-26 10:00:00+00:00,19292.113725745312
2025-10-26 12:00:00+00:00,19287.50370728452
2025-10-26 14:00:00+00:00,19456.98968010776
2025-10-26 16:00:00+00:00,19336.925831196597
2025-10-26 18:00:00+00:00,19336.925831196597
2025-10-26 20:00:00+00:00,19286.080039349625
2025-10-26 22:00:00+00:00,19421.668817608213
2025-10-27 00:00:00+00:00,19640.449648343456
2025-10-27 02:00:00+00:00,19572.65525921416
2025-10-27 04:00:00+00:00,19572.65525921416
2025-10-27 06:00:00+00:00,19420.117883673243
2025-10-27 08:00:00+00:00,19033.023610786546
2025-10-27 10:00:00+00:00,19033.023610786546
2025-10-27 12:00:00+00:00,19033.023610786546
2025-10-27 14:00:00+00:00,19033.023610786546
2025-10-27 16:00:00+00:00,19033.023610786546
2025-10-27 18:00:00+00:00,19033.023610786546
2025-10-27 20:00:00+00:00,19033.023610786546
2025-10-27 22:00:00+00:00,19033.023610786546
2025-10-28 00:00:00+00:00,19033.023610786546
2025-10-28 02:00:00+00:00,19033.023610786546
2025-10-28 04:00:00+00:00,19033.023610786546
2025-10-28 06:00:00+00:00,19033.023610786546
2025-10-28 08:00:00+00:00,19033.023610786546
2025-10-28 10:00:00+00:00,19033.023610786546
2025-10-28 12:00:00+00:00,19033.023610786546
2025-10-28 14:00:00+00:00,19033.023610786546
2025-10-28 16:00:00+00:00,19033.023610786546
2025-10-28 18:00:00+00:00,19033.023610786546
2025-10-28 20:00:00+00:00,19033.023610786546
2025-10-28 22:00:00+00:00,19033.023610786546
2025-10-29 00:00:00+00:00,19033.023610786546
2025-10-29 02:00:00+00:00,19033.023610786546
2025-10-29 04:00:00+00:00,19033.023610786546
2025-10-29 06:00:00+00:00,19033.023610786546
2025-10-29 08:00:00+00:00,19033.023610786546
2025-10-29 10:00:00+00:00,19033.023610786546
2025-10-29 12:00:00+00:00,19033.023610786546
2025-10-29 14:00:00+00:00,19033.023610786546
2025-10-29 16:00:00+00:00,19033.023610786546
2025-10-29 18:00:00+00:00,19033.023610786546
2025-10-29 20:00:00+00:00,19033.023610786546
2025-10-29 22:00:00+00:00,19033.023610786546
2025-10-30 00:00:00+00:00,19033.023610786546
2025-10-30 02:00:00+00:00,19033.023610786546
2025-10-30 04:00:00+00:00,19033.023610786546
2025-10-30 06:00:00+00:00,19033.023610786546
2025-10-30 08:00:00+00:00,19033.023610786546
2025-10-30 10:00:00+00:00,19033.023610786546
2025-10-30 12:00:00+00:00,19033.023610786546
2025-10-30 14:00:00+00:00,19033.023610786546
2025-10-30 16:00:00+00:00,19033.023610786546
2025-10-30 18:00:00+00:00,19033.023610786546
2025-10-30 20:00:00+00:00,19033.023610786546
2025-10-30 22:00:00+00:00,19033.023610786546
2025-10-31 00:00:00+00:00,19033.023610786546
2025-10-31 02:00:00+00:00,19033.023610786546
2025-10-31 04:00:00+00:00,19033.023610786546
2025-10-31 06:00:00+00:00,19033.023610786546
2025-10-31 08:00:00+00:00,19033.023610786546
2025-10-31 10:00:00+00:00,19033.023610786546
2025-10-31 12:00:00+00:00,19033.023610786546
2025-10-31 14:00:00+00:00,19033.023610786546
2025-10-31 16:00:00+00:00,19033.023610786546
2025-10-31 18:00:00+00:00,19033.023610786546
2025-10-31 20:00:00+00:00,19033.023610786546
2025-10-31 22:00:00+00:00,19033.023610786546
2025-11-01 00:00:00+00:00,19033.023610786546
2025-11-01 02:00:00+00:00,19033.023610786546
2025-11-01 04:00:00+00:00,19033.023610786546
2025-11-01 06:00:00+00:00,19033.023610786546
2025-11-01 08:00:00+00:00,19033.023610786546
2025-11-01 10:00:00+00:00,19033.023610786546
2025-11-01 12:00:00+00:00,19033.023610786546
2025-11-01 14:00:00+00:00,19033.023610786546
2025-11-01 16:00:00+00:00,19033.023610786546
2025-11-01 18:00:00+00:00,19033.023610786546
2025-11-01 20:00:00+00:00,19033.023610786546
2025-11-01 22:00:00+00:00,19033.023610786546
2025-11-02 00:00:00+00:00,19033.023610786546
2025-11-02 02:00:00+00:00,19033.023610786546
2025-11-02 04:00:00+00:00,19033.023610786546
2025-11-02 06:00:00+00:00,19033.023610786546
2025-11-02 08:00:00+00:00,19033.023610786546
2025-11-02 10:00:00+00:00,19033.023610786546
2025-11-02 12:00:00+00:00,19033.023610786546
2025-11-02 14:00:00+00:00,19033.023610786546
2025-11-02 16:00:00+00:00,19033.023610786546
2025-11-02 18:00:00+00:00,19033.023610786546
2025-11-02 20:00:00+00:00,19033.023610786546
2025-11-02 22:00:00+00:00,19033.023610786546
2025-11-03 00:00:00+00:00,19033.023610786546
2025-11-03 02:00:00+00:00,19033.023610786546
2025-11-03 04:00:00+00:00,19033.023610786546
2025-11-03 06:00:00+00:00,19033.023610786546
2025-11-03 08:00:00+00:00,19033.023610786546
2025-11-03 10:00:00+00:00,19033.023610786546
2025-11-03 12:00:00+00:00,19033.023610786546
2025-11-03 14:00:00+00:00,19033.023610786546
2025-11-03 16:00:00+00:00,19033.023610786546
2025-11-03 18:00:00+00:00,19033.023610786546
2025-11-03 20:00:00+00:00,19033.023610786546
2025-11-03 22:00:00+00:00,19033.023610786546
2025-11-04 00:00:00+00:00,19033.023610786546
2025-11-04 02:00:00+00:00,19033.023610786546
2025-11-04 04:00:00+00:00,19033.023610786546
2025-11-04 06:00:00+00:00,19033.023610786546
2025-11-04 08:00:00+00:00,19033.023610786546
2025-11-04 10:00:00+00:00,19033.023610786546
2025-11-04 12:00:00+00:00,19033.023610786546
2025-11-04 14:00:00+00:00,19033.023610786546
2025-11-04 16:00:00+00:00,19033.023610786546
2025-11-04 18:00:00+00:00,19033.023610786546
2025-11-04 20:00:00+00:00,19033.023610786546
2025-11-04 22:00:00+00:00,19033.023610786546
2025-11-05 00:00:00+00:00,19033.023610786546
2025-11-05 02:00:00+00:00,19033.023610786546
2025-11-05 04:00:00+00:00,19033.023610786546
2025-11-05 06:00:00+00:00,19033.023610786546
2025-11-05 08:00:00+00:00,19033.023610786546
2025-11-05 10:00:00+00:00,19033.023610786546
2025-11-05 12:00:00+00:00,19033.023610786546
2025-11-05 14:00:00+00:00,19033.023610786546
2025-11-05 16:00:00+00:00,19033.023610786546
2025-11-05 18:00:00+00:00,19033.023610786546
2025-11-05 20:00:00+00:00,19033.023610786546
2025-11-05 22:00:00+00:00,19033.023610786546
2025-11-06 00:00:00+00:00,19033.023610786546
2025-11-06 02:00:00+00:00,19033.023610786546
2025-11-06 04:00:00+00:00,19033.023610786546
2025-11-06 06:00:00+00:00,19033.023610786546
2025-11-06 08:00:00+00:00,19033.023610786546
2025-11-06 10:00:00+00:00,19033.023610786546
2025-11-06 12:00:00+00:00,19033.023610786546
2025-11-06 14:00:00+00:00,19033.023610786546
2025-11-06 16:00:00+00:00,19033.023610786546
2025-11-06 18:00:00+00:00,19033.023610786546
2025-11-06 20:00:00+00:00,19033.023610786546
2025-11-06 22:00:00+00:00,19033.023610786546
2025-11-07 00:00:00+00:00,19033.023610786546
2025-11-07 02:00:00+00:00,19033.023610786546
2025-11-07 04:00:00+00:00,19033.023610786546
2025-11-07 06:00:00+00:00,19076.7326127043
2025-11-07 08:00:00+00:00,18851.30583522361
2025-11-07 10:00:00+00:00,18585.78386095685
2025-11-07 12:00:00+00:00,18248.980474776155
2025-11-07 14:00:00+00:00,18248.980474776155
2025-11-07 16:00:00+00:00,18248.980474776155
2025-11-07 18:00:00+00:00,18248.980474776155
2025-11-07 20:00:00+00:00,18248.980474776155
2025-11-07 22:00:00+00:00,18248.980474776155
2025-11-08 00:00:00+00:00,18248.980474776155
2025-11-08 02:00:00+00:00,18248.980474776155
2025-11-08 04:00:00+00:00,18248.980474776155
2025-11-08 06:00:00+00:00,18248.980474776155
2025-11-08 08:00:00+00:00,18248.980474776155
2025-11-08 10:00:00+00:00,18248.980474776155
2025-11-08 12:00:00+00:00,18248.980474776155
2025-11-08 14:00:00+00:00,18248.980474776155
2025-11-08 16:00:00+00:00,18248.980474776155
2025-11-08 18:00:00+00:00,18248.980474776155
2025-11-08 20:00:00+00:00,18248.980474776155
2025-11-08 22:00:00+00:00,18248.980474776155
2025-11-09 00:00:00+00:00,18248.980474776155
2025-11-09 02:00:00+00:00,18248.980474776155
2025-11-09 04:00:00+00:00,18248.980474776155
2025-11-09 06:00:00+00:00,18248.980474776155
2025-11-09 08:00:00+00:00,18248.980474776155
2025-11-09 10:00:00+00:00,18248.980474776155
2025-11-09 12:00:00+00:00,18248.980474776155
2025-11-09 14:00:00+00:00,18248.980474776155
2025-11-09 16:00:00+00:00,18248.980474776155
2025-11-09 18:00:00+00:00,18248.980474776155
2025-11-09 20:00:00+00:00,18248.980474776155
2025-11-09 22:00:00+00:00,18248.980474776155
2025-11-10 00:00:00+00:00,18248.980474776155
2025-11-10 02:00:00+00:00,18248.980474776155
2025-11-10 04:00:00+00:00,18248.980474776155
2025-11-10 06:00:00+00:00,18248.980474776155
2025-11-10 08:00:00+00:00,18248.980474776155
2025-11-10 10:00:00+00:00,18248.980474776155
2025-11-10 12:00:00+00:00,18248.980474776155
2025-11-10 14:00:00+00:00,18248.980474776155
2025-11-10 16:00:00+00:00,18248.980474776155
2025-11-10 18:00:00+00:00,18248.980474776155
2025-11-10 20:00:00+00:00,18248.980474776155
2025-11-10 22:00:00+00:00,18248.980474776155
2025-11-11 00:00:00+00:00,18248.980474776155
2025-11-11 02:00:00+00:00,18248.980474776155
2025-11-11 04:00:00+00:00,18248.980474776155
2025-11-11 06:00:00+00:00,18248.980474776155
2025-11-11 08:00:00+00:00,18248.980474776155
2025-11-11 10:00:00+00:00,18248.980474776155
2025-11-11 12:00:00+00:00,18248.980474776155
2025-11-11 14:00:00+00:00,18248.980474776155
2025-11-11 16:00:00+00:00,18248.980474776155
2025-11-11 18:00:00+00:00,18248.980474776155
2025-11-11 20:00:00+00:00,18248.980474776155
2025-11-11 22:00:00+00:00,18248.980474776155
2025-11-12 00:00:00+00:00,18248.980474776155
2025-11-12 02:00:00+00:00,18248.980474776155
2025-11-12 04:00:00+00:00,18248.980474776155
2025-11-12 06:00:00+00:00,18248.980474776155
2025-11-12 08:00:00+00:00,18248.980474776155
2025-11-12 10:00:00+00:00,18248.980474776155
2025-11-12 12:00:00+00:00,18248.980474776155
2025-11-12 14:00:00+00:00,18248.980474776155
2025-11-12 16:00:00+00:00,18248.980474776155
2025-11-12 18:00:00+00:00,18248.980474776155
2025-11-12 20:00:00+00:00,18248.980474776155
2025-11-12 22:00:00+00:00,18248.980474776155
2025-11-13 00:00:00+00:00,18248.980474776155
2025-11-13 02:00:00+00:00,18248.980474776155
2025-11-13 04:00:00+00:00,18248.980474776155
2025-11-13 06:00:00+00:00,18248.980474776155
2025-11-13 08:00:00+00:00,18248.980474776155
2025-11-13 10:00:00+00:00,18248.980474776155
2025-11-13 12:00:00+00:00,18248.980474776155
2025-11-13 14:00:00+00:00,18248.980474776155
2025-11-13 16:00:00+00:00,18248.980474776155
2025-11-13 18:00:00+00:00,18248.980474776155
2025-11-13 20:00:00+00:00,18248.980474776155
2025-11-13 22:00:00+00:00,18248.980474776155
2025-11-14 00:00:00+00:00,18248.980474776155
2025-11-14 02:00:00+00:00,18248.980474776155
2025-11-14 04:00:00+00:00,18248.980474776155
2025-11-14 06:00:00+00:00,18248.980474776155
2025-11-14 08:00:00+00:00,18248.980474776155
2025-11-14 10:00:00+00:00,18248.980474776155
2025-11-14 12:00:00+00:00,18248.980474776155
2025-11-14 14:00:00+00:00,18248.980474776155
2025-11-14 16:00:00+00:00,18248.980474776155
2025-11-14 18:00:00+00:00,18248.980474776155
2025-11-14 20:00:00+00:00,18248.980474776155
2025-11-14 22:00:00+00:00,18248.980474776155
2025-11-15 00:00:00+00:00,18248.980474776155
2025-11-15 02:00:00+00:00,18248.980474776155
2025-11-15 04:00:00+00:00,18248.980474776155
2025-11-15 06:00:00+00:00,18248.980474776155
2025-11-15 08:00:00+00:00,18248.980474776155
2025-11-15 10:00:00+00:00,18248.980474776155
2025-11-15 12:00:00+00:00,18248.980474776155
2025-11-15 14:00:00+00:00,18248.980474776155
2025-11-15 16:00:00+00:00,18248.980474776155
2025-11-15 18:00:00+00:00,18248.980474776155
2025-11-15 20:00:00+00:00,18248.980474776155
2025-11-15 22:00:00+00:00,18248.980474776155
2025-11-16 00:00:00+00:00,18248.980474776155
2025-11-16 02:00:00+00:00,18248.980474776155
2025-11-16 04:00:00+00:00,18248.980474776155
2025-11-16 06:00:00+00:00,18248.980474776155
2025-11-16 08:00:00+00:00,18248.980474776155
2025-11-16 10:00:00+00:00,18248.980474776155
2025-11-16 12:00:00+00:00,18248.980474776155
2025-11-16 14:00:00+00:00,18248.980474776155
2025-11-16 16:00:00+00:00,18248.980474776155
2025-11-16 18:00:00+00:00,18248.980474776155
2025-11-16 20:00:00+00:00,18248.980474776155
2025-11-16 22:00:00+00:00,18248.980474776155
2025-11-17 00:00:00+00:00,18248.980474776155
2025-11-17 02:00:00+00:00,18248.980474776155
2025-11-17 04:00:00+00:00,18248.980474776155
2025-11-17 06:00:00+00:00,18248.980474776155
2025-11-17 08:00:00+00:00,18248.980474776155
2025-11-17 10:00:00+00:00,18248.980474776155
2025-11-17 12:00:00+00:00,18248.980474776155
2025-11-17 14:00:00+00:00,18248.980474776155
2025-11-17 16:00:00+00:00,18248.980474776155
2025-11-17 18:00:00+00:00,18248.980474776155
2025-11-17 20:00:00+00:00,18248.980474776155
2025-11-17 22:00:00+00:00,18248.980474776155
2025-11-18 00:00:00+00:00,18248.980474776155
2025-11-18 02:00:00+00:00,18248.980474776155
2025-11-18 04:00:00+00:00,18248.980474776155
2025-11-18 06:00:00+00:00,18248.980474776155
2025-11-18 08:00:00+00:00,18248.980474776155
2025-11-18 10:00:00+00:00,18248.980474776155
2025-11-18 12:00:00+00:00,18248.980474776155
2025-11-18 14:00:00+00:00,18248.980474776155
2025-11-18 16:00:00+00:00,18248.980474776155
2025-11-18 18:00:00+00:00,18248.980474776155
2025-11-18 20:00:00+00:00,18248.980474776155
2025-11-18 22:00:00+00:00,18248.980474776155
2025-11-19 00:00:00+00:00,18248.980474776155
2025-11-19 02:00:00+00:00,18248.980474776155
2025-11-19 04:00:00+00:00,18248.980474776155
2025-11-19 06:00:00+00:00,18248.980474776155
2025-11-19 08:00:00+00:00,18248.980474776155
2025-11-19 10:00:00+00:00,18248.980474776155
2025-11-19 12:00:00+00:00,18248.980474776155
2025-11-19 14:00:00+00:00,18248.980474776155
2025-11-19 16:00:00+00:00,18248.980474776155
2025-11-19 18:00:00+00:00,18248.980474776155
2025-11-19 20:00:00+00:00,18248.980474776155
2025-11-19 22:00:00+00:00,18248.980474776155
2025-11-20 00:00:00+00:00,18248.980474776155
2025-11-20 02:00:00+00:00,18248.980474776155
2025-11-20 04:00:00+00:00,18248.980474776155
2025-11-20 06:00:00+00:00,18248.980474776155
2025-11-20 08:00:00+00:00,18248.980474776155
2025-11-20 10:00:00+00:00,18248.980474776155
2025-11-20 12:00:00+00:00,18248.980474776155
2025-11-20 14:00:00+00:00,18248.980474776155
2025-11-20 16:00:00+00:00,18248.980474776155
2025-11-20 18:00:00+00:00,18248.980474776155
2025-11-20 20:00:00+00:00,18248.980474776155
2025-11-20 22:00:00+00:00,18248.980474776155
2025-11-21 00:00:00+00:00,18248.980474776155
2025-11-21 02:00:00+00:00,18248.980474776155
2025-11-21 04:00:00+00:00,18248.980474776155
2025-11-21 06:00:00+00:00,18248.980474776155
2025-11-21 08:00:00+00:00,18248.980474776155
2025-11-21 10:00:00+00:00,18248.980474776155
2025-11-21 12:00:00+00:00,18248.980474776155
2025-11-21 14:00:00+00:00,18248.980474776155
2025-11-21 16:00:00+00:00,18248.980474776155
2025-11-21 18:00:00+00:00,18248.980474776155
2025-11-21 20:00:00+00:00,18248.980474776155
2025-11-21 22:00:00+00:00,18248.980474776155
2025-11-22 00:00:00+00:00,18248.980474776155
2025-11-22 02:00:00+00:00,18248.980474776155
2025-11-22 04:00:00+00:00,18248.980474776155
2025-11-22 06:00:00+00:00,18248.980474776155
2025-11-22 08:00:00+00:00,18248.980474776155
2025-11-22 10:00:00+00:00,18248.980474776155
2025-11-22 12:00:00+00:00,18248.980474776155
2025-11-22 14:00:00+00:00,18248.980474776155
2025-11-22 16:00:00+00:00,18248.980474776155
2025-11-22 18:00:00+00:00,18248.980474776155
2025-11-22 20:00:00+00:00,18248.980474776155
2025-11-22 22:00:00+00:00,18248.980474776155
2025-11-23 00:00:00+00:00,18248.980474776155
2025-11-23 02:00:00+00:00,18248.980474776155
2025-11-23 04:00:00+00:00,18248.980474776155
2025-11-23 06:00:00+00:00,18248.980474776155
2025-11-23 08:00:00+00:00,18248.980474776155
2025-11-23 10:00:00+00:00,18248.980474776155
2025-11-23 12:00:00+00:00,18248.980474776155
2025-11-23 14:00:00+00:00,18248.980474776155
2025-11-23 16:00:00+00:00,18248.980474776155
2025-11-23 18:00:00+00:00,18248.980474776155
2025-11-23 20:00:00+00:00,18248.980474776155
2025-11-23 22:00:00+00:00,18248.980474776155
2025-11-24 00:00:00+00:00,18248.980474776155
2025-11-24 02:00:00+00:00,18248.980474776155
2025-11-24 04:00:00+00:00,18248.980474776155
2025-11-24 06:00:00+00:00,18248.980474776155
2025-11-24 08:00:00+00:00,18248.980474776155
2025-11-24 10:00:00+00:00,18248.980474776155
2025-11-24 12:00:00+00:00,18248.980474776155
2025-11-24 14:00:00+00:00,18248.980474776155
2025-11-24 16:00:00+00:00,18248.980474776155
2025-11-24 18:00:00+00:00,18248.980474776155
2025-11-24 20:00:00+00:00,18248.980474776155
2025-11-24 22:00:00+00:00,18248.980474776155
2025-11-25 00:00:00+00:00,18248.980474776155
2025-11-25 02:00:00+00:00,18248.980474776155
2025-11-25 04:00:00+00:00,18248.980474776155
2025-11-25 06:00:00+00:00,18248.980474776155
2025-11-25 08:00:00+00:00,18248.980474776155
2025-11-25 10:00:00+00:00,18248.980474776155
2025-11-25 12:00:00+00:00,18248.980474776155
2025-11-25 14:00:00+00:00,18248.980474776155
2025-11-25 16:00:00+00:00,18248.980474776155
2025-11-25 18:00:00+00:00,18248.980474776155
2025-11-25 20:00:00+00:00,18248.980474776155
2025-11-25 22:00:00+00:00,18248.980474776155
2025-11-26 00:00:00+00:00,18248.980474776155
2025-11-26 02:00:00+00:00,18248.980474776155
2025-11-26 04:00:00+00:00,18248.980474776155
2025-11-26 06:00:00+00:00,18248.980474776155
2025-11-26 08:00:00+00:00,18248.980474776155
2025-11-26 10:00:00+00:00,18248.980474776155
2025-11-26 12:00:00+00:00,18248.980474776155
2025-11-26 14:00:00+00:00,18248.980474776155
2025-11-26 16:00:00+00:00,18248.980474776155
2025-11-26 18:00:00+00:00,18248.980474776155
2025-11-26 20:00:00+00:00,18248.980474776155
2025-11-26 22:00:00+00:00,18248.980474776155
2025-11-27 00:00:00+00:00,18248.980474776155
2025-11-27 02:00:00+00:00,18248.980474776155
2025-11-27 04:00:00+00:00,18248.980474776155
2025-11-27 06:00:00+00:00,18248.980474776155
2025-11-27 08:00:00+00:00,18248.980474776155
2025-11-27 10:00:00+00:00,18248.980474776155
2025-11-27 12:00:00+00:00,18248.980474776155
2025-11-27 14:00:00+00:00,18248.980474776155
2025-11-27 16:00:00+00:00,18419.25523577118
2025-11-27 18:00:00+00:00,18580.02180266694
2025-11-27 20:00:00+00:00,18534.08849783958
2025-11-27 22:00:00+00:00,18212.55536404806
2025-11-28 00:00:00+00:00,18050.137205923274
2025-11-28 02:00:00+00:00,17953.22095054003
2025-11-28 04:00:00+00:00,17953.22095054003
2025-11-28 06:00:00+00:00,17953.22095054003
2025-11-28 08:00:00+00:00,17953.22095054003
2025-11-28 10:00:00+00:00,17953.22095054003
2025-11-28 12:00:00+00:00,17953.22095054003
2025-11-28 14:00:00+00:00,17953.22095054003
2025-11-28 16:00:00+00:00,17953.22095054003
2025-11-28 18:00:00+00:00,17953.22095054003
2025-11-28 20:00:00+00:00,17953.22095054003
2025-11-28 22:00:00+00:00,17953.22095054003
2025-11-29 00:00:00+00:00,17953.22095054003
2025-11-29 02:00:00+00:00,17953.22095054003
2025-11-29 04:00:00+00:00,17953.22095054003
2025-11-29 06:00:00+00:00,17953.22095054003
2025-11-29 08:00:00+00:00,17953.22095054003
2025-11-29 10:00:00+00:00,17953.22095054003
2025-11-29 12:00:00+00:00,17953.22095054003
2025-11-29 14:00:00+00:00,17953.22095054003
2025-11-29 16:00:00+00:00,17953.22095054003
2025-11-29 18:00:00+00:00,17953.22095054003
2025-11-29 20:00:00+00:00,17953.22095054003
2025-11-29 22:00:00+00:00,17953.22095054003
2025-11-30 00:00:00+00:00,17953.22095054003
2025-11-30 02:00:00+00:00,17953.22095054003
2025-11-30 04:00:00+00:00,17953.22095054003
2025-11-30 06:00:00+00:00,17953.22095054003
2025-11-30 08:00:00+00:00,17953.22095054003
2025-11-30 10:00:00+00:00,17953.22095054003
2025-11-30 12:00:00+00:00,17953.22095054003
2025-11-30 14:00:00+00:00,17953.22095054003
2025-11-30 16:00:00+00:00,17953.22095054003
2025-11-30 18:00:00+00:00,17953.22095054003
2025-11-30 20:00:00+00:00,17953.22095054003
2025-11-30 22:00:00+00:00,17953.22095054003
2025-12-01 00:00:00+00:00,17953.22095054003
2025-12-01 02:00:00+00:00,17953.22095054003
2025-12-01 04:00:00+00:00,17953.22095054003
2025-12-01 06:00:00+00:00,17953.22095054003
2025-12-01 08:00:00+00:00,17953.22095054003
2025-12-01 10:00:00+00:00,17953.22095054003
2025-12-01 12:00:00+00:00,17953.22095054003
2025-12-01 14:00:00+00:00,17953.22095054003
2025-12-01 16:00:00+00:00,17953.22095054003
2025-12-01 18:00:00+00:00,17953.22095054003
2025-12-01 20:00:00+00:00,17953.22095054003
2025-12-01 22:00:00+00:00,17953.22095054003
2025-12-02 00:00:00+00:00,17953.22095054003
2025-12-02 02:00:00+00:00,17953.22095054003
2025-12-02 04:00:00+00:00,17953.22095054003
2025-12-02 06:00:00+00:00,17953.22095054003
2025-12-02 08:00:00+00:00,17953.22095054003
2025-12-02 10:00:00+00:00,17953.22095054003
2025-12-02 12:00:00+00:00,17953.22095054003
2025-12-02 14:00:00+00:00,17953.22095054003
2025-12-02 16:00:00+00:00,17953.22095054003
2025-12-02 18:00:00+00:00,17953.22095054003
2025-12-02 20:00:00+00:00,17953.22095054003
2025-12-02 22:00:00+00:00,17953.22095054003
2025-12-03 00:00:00+00:00,17953.22095054003
2025-12-03 02:00:00+00:00,17953.22095054003
2025-12-03 04:00:00+00:00,17953.22095054003
2025-12-03 06:00:00+00:00,17953.22095054003
2025-12-03 08:00:00+00:00,17953.22095054003
2025-12-03 10:00:00+00:00,17953.22095054003
2025-12-03 12:00:00+00:00,17953.22095054003
2025-12-03 14:00:00+00:00,17953.22095054003
2025-12-03 16:00:00+00:00,17953.22095054003
2025-12-03 18:00:00+00:00,17953.22095054003
2025-12-03 20:00:00+00:00,17953.22095054003
2025-12-03 22:00:00+00:00,17953.22095054003
2025-12-04 00:00:00+00:00,17953.22095054003
2025-12-04 02:00:00+00:00,17953.22095054003
2025-12-04 04:00:00+00:00,17953.22095054003
2025-12-04 06:00:00+00:00,17953.22095054003
2025-12-04 08:00:00+00:00,17953.22095054003
2025-12-04 10:00:00+00:00,17953.22095054003
2025-12-04 12:00:00+00:00,17953.22095054003
2025-12-04 14:00:00+00:00,17953.22095054003
2025-12-04 16:00:00+00:00,17953.22095054003
2025-12-04 18:00:00+00:00,17953.22095054003
2025-12-04 20:00:00+00:00,17953.22095054003
2025-12-04 22:00:00+00:00,17953.22095054003
2025-12-05 00:00:00+00:00,17953.22095054003
2025-12-05 02:00:00+00:00,17953.22095054003
2025-12-05 04:00:00+00:00,17953.22095054003
2025-12-05 06:00:00+00:00,17953.22095054003
2025-12-05 08:00:00+00:00,17953.22095054003
2025-12-05 10:00:00+00:00,17953.22095054003
2025-12-05 12:00:00+00:00,17953.22095054003
2025-12-05 14:00:00+00:00,17953.22095054003
2025-12-05 16:00:00+00:00,17953.22095054003
2025-12-05 18:00:00+00:00,17953.22095054003
2025-12-05 20:00:00+00:00,17953.22095054003
2025-12-05 22:00:00+00:00,17953.22095054003
2025-12-06 00:00:00+00:00,17953.22095054003
2025-12-06 02:00:00+00:00,17953.22095054003
2025-12-06 04:00:00+00:00,17953.22095054003
2025-12-06 06:00:00+00:00,17953.22095054003
2025-12-06 08:00:00+00:00,17953.22095054003
2025-12-06 10:00:00+00:00,17953.22095054003
2025-12-06 12:00:00+00:00,17953.22095054003
2025-12-06 14:00:00+00:00,17953.22095054003
2025-12-06 16:00:00+00:00,17953.22095054003
2025-12-06 18:00:00+00:00,17953.22095054003
2025-12-06 20:00:00+00:00,17953.22095054003
2025-12-06 22:00:00+00:00,17953.22095054003
2025-12-07 00:00:00+00:00,17953.22095054003
2025-12-07 02:00:00+00:00,17953.22095054003
2025-12-07 04:00:00+00:00,17953.22095054003
2025-12-07 06:00:00+00:00,17953.22095054003
2025-12-07 08:00:00+00:00,17953.22095054003
2025-12-07 10:00:00+00:00,17953.22095054003
2025-12-07 12:00:00+00:00,17953.22095054003
2025-12-07 14:00:00+00:00,17953.22095054003
2025-12-07 16:00:00+00:00,17953.22095054003
2025-12-07 18:00:00+00:00,17953.22095054003
2025-12-07 20:00:00+00:00,17953.22095054003
2025-12-07 22:00:00+00:00,17953.22095054003
2025-12-08 00:00:00+00:00,17953.22095054003
2025-12-08 02:00:00+00:00,17953.22095054003
2025-12-08 04:00:00+00:00,17953.22095054003
2025-12-08 06:00:00+00:00,17953.22095054003
2025-12-08 08:00:00+00:00,17953.22095054003
2025-12-08 10:00:00+00:00,17953.22095054003
2025-12-08 12:00:00+00:00,17953.22095054003
2025-12-08 14:00:00+00:00,17953.22095054003
2025-12-08 16:00:00+00:00,17953.22095054003
2025-12-08 18:00:00+00:00,17953.22095054003
2025-12-08 20:00:00+00:00,17953.22095054003
2025-12-08 22:00:00+00:00,17953.22095054003
2025-12-09 00:00:00+00:00,17953.22095054003
2025-12-09 02:00:00+00:00,17953.22095054003
2025-12-09 04:00:00+00:00,17953.22095054003
2025-12-09 06:00:00+00:00,17953.22095054003
2025-12-09 08:00:00+00:00,17953.22095054003
2025-12-09 10:00:00+00:00,17953.22095054003
2025-12-09 12:00:00+00:00,17953.22095054003
2025-12-09 14:00:00+00:00,17953.22095054003
2025-12-09 16:00:00+00:00,18648.226930188524
2025-12-09 18:00:00+00:00,18530.34938954258
2025-12-09 20:00:00+00:00,18129.565751346367
2025-12-09 22:00:00+00:00,18365.320832638256
2025-12-10 00:00:00+00:00,17962.698304807967
2025-12-10 02:00:00+00:00,17962.698304807967
2025-12-10 04:00:00+00:00,17915.547288549587
2025-12-10 06:00:00+00:00,17806.863286265012
2025-12-10 08:00:00+00:00,17806.863286265012
2025-12-10 10:00:00+00:00,17806.863286265012
2025-12-10 12:00:00+00:00,17806.863286265012
2025-12-10 14:00:00+00:00,17806.863286265012
2025-12-10 16:00:00+00:00,17806.863286265012
2025-12-10 18:00:00+00:00,17806.863286265012
2025-12-10 20:00:00+00:00,17806.863286265012
2025-12-10 22:00:00+00:00,17806.863286265012
2025-12-11 00:00:00+00:00,17806.863286265012
2025-12-11 02:00:00+00:00,17806.863286265012
2025-12-11 04:00:00+00:00,17806.863286265012
2025-12-11 06:00:00+00:00,17806.863286265012
2025-12-11 08:00:00+00:00,17806.863286265012
2025-12-11 10:00:00+00:00,17806.863286265012
2025-12-11 12:00:00+00:00,17806.863286265012
2025-12-11 14:00:00+00:00,17806.863286265012
2025-12-11 16:00:00+00:00,17806.863286265012
2025-12-11 18:00:00+00:00,17806.863286265012
2025-12-11 20:00:00+00:00,17806.863286265012
2025-12-11 22:00:00+00:00,17806.863286265012
2025-12-12 00:00:00+00:00,17806.863286265012
2025-12-12 02:00:00+00:00,17806.863286265012
2025-12-12 04:00:00+00:00,17806.863286265012
2025-12-12 06:00:00+00:00,17806.863286265012
2025-12-12 08:00:00+00:00,17806.863286265012
2025-12-12 10:00:00+00:00,17806.863286265012
2025-12-12 12:00:00+00:00,17806.863286265012
2025-12-12 14:00:00+00:00,17806.863286265012
2025-12-12 16:00:00+00:00,17806.863286265012
2025-12-12 18:00:00+00:00,17806.863286265012
2025-12-12 20:00:00+00:00,17806.863286265012
2025-12-12 22:00:00+00:00,17806.863286265012
2025-12-13 00:00:00+00:00,17806.863286265012
2025-12-13 02:00:00+00:00,17806.863286265012
2025-12-13 04:00:00+00:00,17806.863286265012
2025-12-13 06:00:00+00:00,17806.863286265012
2025-12-13 08:00:00+00:00,17806.863286265012
2025-12-13 10:00:00+00:00,17806.863286265012
2025-12-13 12:00:00+00:00,17806.863286265012
2025-12-13 14:00:00+00:00,17806.863286265012
2025-12-13 16:00:00+00:00,17806.863286265012
2025-12-13 18:00:00+00:00,17806.863286265012
2025-12-13 20:00:00+00:00,17806.863286265012
2025-12-13 22:00:00+00:00,17806.863286265012
2025-12-14 00:00:00+00:00,17806.863286265012
2025-12-14 02:00:00+00:00,17806.863286265012
2025-12-14 04:00:00+00:00,17806.863286265012
2025-12-14 06:00:00+00:00,17806.863286265012
2025-12-14 08:00:00+00:00,17806.863286265012
2025-12-14 10:00:00+00:00,17806.863286265012
2025-12-14 12:00:00+00:00,17806.863286265012
2025-12-14 14:00:00+00:00,17806.863286265012
2025-12-14 16:00:00+00:00,17806.863286265012
2025-12-14 18:00:00+00:00,17806.863286265012
2025-12-14 20:00:00+00:00,17806.863286265012
2025-12-14 22:00:00+00:00,17806.863286265012
2025-12-15 00:00:00+00:00,17806.863286265012
2025-12-15 02:00:00+00:00,17806.863286265012
2025-12-15 04:00:00+00:00,17806.863286265012
2025-12-15 06:00:00+00:00,17806.863286265012
2025-12-15 08:00:00+00:00,17806.863286265012
2025-12-15 10:00:00+00:00,17806.863286265012
2025-12-15 12:00:00+00:00,17806.863286265012
2025-12-15 14:00:00+00:00,17806.863286265012
2025-12-15 16:00:00+00:00,17806.863286265012
2025-12-15 18:00:00+00:00,17806.863286265012
2025-12-15 20:00:00+00:00,17806.863286265012
2025-12-15 22:00:00+00:00,17806.863286265012
2025-12-16 00:00:00+00:00,17806.863286265012
2025-12-16 02:00:00+00:00,17806.863286265012
2025-12-16 04:00:00+00:00,17806.863286265012
2025-12-16 06:00:00+00:00,17806.863286265012
2025-12-16 08:00:00+00:00,17806.863286265012
2025-12-16 10:00:00+00:00,17806.863286265012
2025-12-16 12:00:00+00:00,17806.863286265012
2025-12-16 14:00:00+00:00,17806.863286265012
2025-12-16 16:00:00+00:00,17806.863286265012
2025-12-16 18:00:00+00:00,17806.863286265012
2025-12-16 20:00:00+00:00,17806.863286265012
2025-12-16 22:00:00+00:00,17806.863286265012
2025-12-17 00:00:00+00:00,17806.863286265012
2025-12-17 02:00:00+00:00,17806.863286265012
2025-12-17 04:00:00+00:00,17806.863286265012
2025-12-17 06:00:00+00:00,17806.863286265012
2025-12-17 08:00:00+00:00,17806.863286265012
2025-12-17 10:00:00+00:00,17806.863286265012
2025-12-17 12:00:00+00:00,17806.863286265012
2025-12-17 14:00:00+00:00,17806.863286265012
2025-12-17 16:00:00+00:00,17806.863286265012
2025-12-17 18:00:00+00:00,17806.863286265012
2025-12-17 20:00:00+00:00,17806.863286265012
2025-12-17 22:00:00+00:00,17806.863286265012
2025-12-18 00:00:00+00:00,17806.863286265012
2025-12-18 02:00:00+00:00,17806.863286265012
2025-12-18 04:00:00+00:00,17806.863286265012
2025-12-18 06:00:00+00:00,17806.863286265012
2025-12-18 08:00:00+00:00,17806.863286265012
2025-12-18 10:00:00+00:00,17806.863286265012
2025-12-18 12:00:00+00:00,17806.863286265012
2025-12-18 14:00:00+00:00,17806.863286265012
2025-12-18 16:00:00+00:00,17806.863286265012
2025-12-18 18:00:00+00:00,17806.863286265012
2025-12-18 20:00:00+00:00,17806.863286265012
2025-12-18 22:00:00+00:00,17806.863286265012
2025-12-19 00:00:00+00:00,17806.863286265012
2025-12-19 02:00:00+00:00,17806.863286265012
2025-12-19 04:00:00+00:00,17806.863286265012
2025-12-19 06:00:00+00:00,17806.863286265012
2025-12-19 08:00:00+00:00,17806.863286265012
2025-12-19 10:00:00+00:00,17806.863286265012
2025-12-19 12:00:00+00:00,17806.863286265012
2025-12-19 14:00:00+00:00,17806.863286265012
2025-12-19 16:00:00+00:00,17806.863286265012
2025-12-19 18:00:00+00:00,17806.863286265012
2025-12-19 20:00:00+00:00,17806.863286265012
2025-12-19 22:00:00+00:00,17806.863286265012
2025-12-20 00:00:00+00:00,17806.863286265012
2025-12-20 02:00:00+00:00,17806.863286265012
2025-12-20 04:00:00+00:00,17806.863286265012
2025-12-20 06:00:00+00:00,17806.863286265012
2025-12-20 08:00:00+00:00,17806.863286265012
2025-12-20 10:00:00+00:00,17806.863286265012
2025-12-20 12:00:00+00:00,17806.863286265012
2025-12-20 14:00:00+00:00,17806.863286265012
2025-12-20 16:00:00+00:00,17806.863286265012
2025-12-20 18:00:00+00:00,17806.863286265012
2025-12-20 20:00:00+00:00,17806.863286265012
2025-12-20 22:00:00+00:00,17806.863286265012
2025-12-21 00:00:00+00:00,17806.863286265012
2025-12-21 02:00:00+00:00,17806.863286265012
2025-12-21 04:00:00+00:00,17806.863286265012
2025-12-21 06:00:00+00:00,17806.863286265012
2025-12-21 08:00:00+00:00,17806.863286265012
2025-12-21 10:00:00+00:00,17806.863286265012
2025-12-21 12:00:00+00:00,17806.863286265012
2025-12-21 14:00:00+00:00,17806.863286265012
2025-12-21 16:00:00+00:00,17806.863286265012
2025-12-21 18:00:00+00:00,17806.863286265012
2025-12-21 20:00:00+00:00,17806.863286265012
2025-12-21 22:00:00+00:00,17806.863286265012
2025-12-22 00:00:00+00:00,17806.863286265012
2025-12-22 02:00:00+00:00,17806.863286265012
2025-12-22 04:00:00+00:00,17806.863286265012
2025-12-22 06:00:00+00:00,17806.863286265012
2025-12-22 08:00:00+00:00,17806.863286265012
2025-12-22 10:00:00+00:00,17806.863286265012
2025-12-22 12:00:00+00:00,17806.863286265012
2025-12-22 14:00:00+00:00,17806.863286265012
2025-12-22 16:00:00+00:00,17806.863286265012
2025-12-22 18:00:00+00:00,17806.863286265012
2025-12-22 20:00:00+00:00,17806.863286265012
2025-12-22 22:00:00+00:00,17806.863286265012
2025-12-23 00:00:00+00:00,17806.863286265012
2025-12-23 02:00:00+00:00,17806.863286265012
2025-12-23 04:00:00+00:00,17806.863286265012
2025-12-23 06:00:00+00:00,17806.863286265012
2025-12-23 08:00:00+00:00,17806.863286265012
2025-12-23 10:00:00+00:00,17806.863286265012
2025-12-23 12:00:00+00:00,17806.863286265012
2025-12-23 14:00:00+00:00,17806.863286265012
2025-12-23 16:00:00+00:00,17806.863286265012
2025-12-23 18:00:00+00:00,17806.863286265012
2025-12-23 20:00:00+00:00,17806.863286265012
2025-12-23 22:00:00+00:00,17806.863286265012
2025-12-24 00:00:00+00:00,17806.863286265012
2025-12-24 02:00:00+00:00,17806.863286265012
2025-12-24 04:00:00+00:00,17806.863286265012
2025-12-24 06:00:00+00:00,17806.863286265012
2025-12-24 08:00:00+00:00,17806.863286265012
2025-12-24 10:00:00+00:00,17806.863286265012
2025-12-24 12:00:00+00:00,17806.863286265012
2025-12-24 14:00:00+00:00,17806.863286265012
2025-12-24 16:00:00+00:00,17806.863286265012
2025-12-24 18:00:00+00:00,17806.863286265012
2025-12-24 20:00:00+00:00,17806.863286265012
2025-12-24 22:00:00+00:00,17806.863286265012
2025-12-25 00:00:00+00:00,17806.863286265012
2025-12-25 02:00:00+00:00,17806.863286265012
2025-12-25 04:00:00+00:00,17806.863286265012
2025-12-25 06:00:00+00:00,17806.863286265012
2025-12-25 08:00:00+00:00,17806.863286265012
2025-12-25 10:00:00+00:00,17806.863286265012
2025-12-25 12:00:00+00:00,17806.863286265012
2025-12-25 14:00:00+00:00,17806.863286265012
2025-12-25 16:00:00+00:00,17806.863286265012
2025-12-25 18:00:00+00:00,17806.863286265012
2025-12-25 20:00:00+00:00,17806.863286265012
2025-12-25 22:00:00+00:00,17806.863286265012
2025-12-26 00:00:00+00:00,17806.863286265012
2025-12-26 02:00:00+00:00,17806.863286265012
2025-12-26 04:00:00+00:00,17806.863286265012
2025-12-26 06:00:00+00:00,17806.863286265012
2025-12-26 08:00:00+00:00,17806.863286265012
2025-12-26 10:00:00+00:00,17806.863286265012
2025-12-26 12:00:00+00:00,17806.863286265012
2025-12-26 14:00:00+00:00,17806.863286265012
2025-12-26 16:00:00+00:00,17806.863286265012
2025-12-26 18:00:00+00:00,17806.863286265012
2025-12-26 20:00:00+00:00,17806.863286265012
2025-12-26 22:00:00+00:00,17806.863286265012
2025-12-27 00:00:00+00:00,17806.863286265012
2025-12-27 02:00:00+00:00,17806.863286265012
2025-12-27 04:00:00+00:00,17806.863286265012
2025-12-27 06:00:00+00:00,17806.863286265012
2025-12-27 08:00:00+00:00,17806.863286265012
2025-12-27 10:00:00+00:00,17806.863286265012
2025-12-27 12:00:00+00:00,17806.863286265012
2025-12-27 14:00:00+00:00,17806.863286265012
2025-12-27 16:00:00+00:00,17806.863286265012
2025-12-27 18:00:00+00:00,17806.863286265012
2025-12-27 20:00:00+00:00,17806.863286265012
2025-12-27 22:00:00+00:00,17806.863286265012
2025-12-28 00:00:00+00:00,17806.863286265012
2025-12-28 02:00:00+00:00,17806.863286265012
2025-12-28 04:00:00+00:00,17806.863286265012
2025-12-28 06:00:00+00:00,17806.863286265012
2025-12-28 08:00:00+00:00,17806.863286265012
2025-12-28 10:00:00+00:00,17806.863286265012
2025-12-28 12:00:00+00:00,17806.863286265012
2025-12-28 14:00:00+00:00,17806.863286265012
2025-12-28 16:00:00+00:00,17806.863286265012
2025-12-28 18:00:00+00:00,17806.863286265012
2025-12-28 20:00:00+00:00,17806.863286265012
2025-12-28 22:00:00+00:00,17806.863286265012
2025-12-29 00:00:00+00:00,17806.863286265012
2025-12-29 02:00:00+00:00,17806.863286265012
2025-12-29 04:00:00+00:00,17806.863286265012
2025-12-29 06:00:00+00:00,17806.863286265012
2025-12-29 08:00:00+00:00,17806.863286265012
2025-12-29 10:00:00+00:00,17806.863286265012
2025-12-29 12:00:00+00:00,17806.863286265012
2025-12-29 14:00:00+00:00,17806.863286265012
2025-12-29 16:00:00+00:00,17806.863286265012
2025-12-29 18:00:00+00:00,17806.863286265012
2025-12-29 20:00:00+00:00,17806.863286265012
2025-12-29 22:00:00+00:00,17806.863286265012
2025-12-30 00:00:00+00:00,17806.863286265012
2025-12-30 02:00:00+00:00,17806.863286265012
2025-12-30 04:00:00+00:00,17806.863286265012
2025-12-30 06:00:00+00:00,17806.863286265012
2025-12-30 08:00:00+00:00,17806.863286265012
2025-12-30 10:00:00+00:00,17806.863286265012
2025-12-30 12:00:00+00:00,17806.863286265012
2025-12-30 14:00:00+00:00,17806.863286265012
2025-12-30 16:00:00+00:00,17806.863286265012
2025-12-30 18:00:00+00:00,17806.863286265012
2025-12-30 20:00:00+00:00,17806.863286265012
2025-12-30 22:00:00+00:00,17806.863286265012
2025-12-31 00:00:00+00:00,17806.863286265012
2025-12-31 02:00:00+00:00,17806.863286265012
2025-12-31 04:00:00+00:00,17806.863286265012
2025-12-31 06:00:00+00:00,17806.863286265012
2025-12-31 08:00:00+00:00,17806.863286265012
2025-12-31 10:00:00+00:00,17806.863286265012
2025-12-31 12:00:00+00:00,17806.863286265012
2025-12-31 14:00:00+00:00,17806.863286265012
2025-12-31 16:00:00+00:00,17806.863286265012
2025-12-31 18:00:00+00:00,17806.863286265012
2025-12-31 20:00:00+00:00,17806.863286265012
2025-12-31 22:00:00+00:00,17806.863286265012
2026-01-01 00:00:00+00:00,17806.863286265012
2026-01-01 02:00:00+00:00,17806.863286265012
2026-01-01 04:00:00+00:00,17806.863286265012
2026-01-01 06:00:00+00:00,17806.863286265012
2026-01-01 08:00:00+00:00,17806.863286265012
2026-01-01 10:00:00+00:00,17806.863286265012
2026-01-01 12:00:00+00:00,17806.863286265012
2026-01-01 14:00:00+00:00,17806.863286265012
2026-01-01 16:00:00+00:00,17806.863286265012
2026-01-01 18:00:00+00:00,17806.863286265012
2026-01-01 20:00:00+00:00,17714.45241891114
2026-01-01 22:00:00+00:00,17913.49121013486
2026-01-02 00:00:00+00:00,17854.83163494993
2026-01-02 02:00:00+00:00,18110.738652237567
2026-01-02 04:00:00+00:00,18025.43631314169
2026-01-02 06:00:00+00:00,17826.39752191797
2026-01-02 08:00:00+00:00,18194.258172446345
2026-01-02 10:00:00+00:00,17966.785268190662
2026-01-02 12:00:00+00:00,18165.824059414383
2026-01-02 14:00:00+00:00,18307.994624574185
2026-01-02 16:00:00+00:00,18874.84572833413
2026-01-02 18:00:00+00:00,19017.01629349393
2026-01-02 20:00:00+00:00,19102.31863258981
2026-01-02 22:00:00+00:00,19329.79153684549
2026-01-03 00:00:00+00:00,19299.42674753866
2026-01-03 02:00:00+00:00,19725.93844301806
2026-01-03 04:00:00+00:00,19669.07021695414
2026-01-03 06:00:00+00:00,19071.95384328298
2026-01-03 08:00:00+00:00,19155.35109680572
2026-01-03 10:00:00+00:00,18926.765859175284
2026-01-03 12:00:00+00:00,18926.765859175284
2026-01-03 14:00:00+00:00,18926.765859175284
2026-01-03 16:00:00+00:00,18926.765859175284
2026-01-03 18:00:00+00:00,18926.765859175284
2026-01-03 20:00:00+00:00,18926.765859175284
2026-01-03 22:00:00+00:00,18926.765859175284
2026-01-04 00:00:00+00:00,18926.765859175284
2026-01-04 02:00:00+00:00,18926.765859175284
2026-01-04 04:00:00+00:00,18926.765859175284
2026-01-04 06:00:00+00:00,18926.765859175284
2026-01-04 08:00:00+00:00,18926.765859175284
2026-01-04 10:00:00+00:00,18926.765859175284
2026-01-04 12:00:00+00:00,18926.765859175284
2026-01-04 14:00:00+00:00,18926.765859175284
2026-01-04 16:00:00+00:00,18926.765859175284
2026-01-04 18:00:00+00:00,18926.765859175284
2026-01-04 20:00:00+00:00,18926.765859175284
2026-01-04 22:00:00+00:00,18926.765859175284
2026-01-05 00:00:00+00:00,18926.765859175284
2026-01-05 02:00:00+00:00,18926.765859175284
2026-01-05 04:00:00+00:00,18926.765859175284
2026-01-05 06:00:00+00:00,18926.765859175284
2026-01-05 08:00:00+00:00,18926.765859175284
2026-01-05 10:00:00+00:00,18926.765859175284
2026-01-05 12:00:00+00:00,18926.765859175284
2026-01-05 14:00:00+00:00,18926.765859175284
2026-01-05 16:00:00+00:00,18926.765859175284
2026-01-05 18:00:00+00:00,18926.765859175284
2026-01-05 20:00:00+00:00,18926.765859175284
2026-01-05 22:00:00+00:00,18926.765859175284
2026-01-06 00:00:00+00:00,18926.765859175284
2026-01-06 02:00:00+00:00,18926.765859175284
2026-01-06 04:00:00+00:00,18926.765859175284
2026-01-06 06:00:00+00:00,18926.765859175284
2026-01-06 08:00:00+00:00,18926.765859175284
2026-01-06 10:00:00+00:00,18926.765859175284
2026-01-06 12:00:00+00:00,18926.765859175284
2026-01-06 14:00:00+00:00,18926.765859175284
2026-01-06 16:00:00+00:00,18926.765859175284
2026-01-06 18:00:00+00:00,18926.765859175284
2026-01-06 20:00:00+00:00,18926.765859175284
2026-01-06 22:00:00+00:00,18926.765859175284
2026-01-07 00:00:00+00:00,18926.765859175284
2026-01-07 02:00:00+00:00,18926.765859175284
2026-01-07 04:00:00+00:00,18926.765859175284
2026-01-07 06:00:00+00:00,18926.765859175284
2026-01-07 08:00:00+00:00,18926.765859175284
2026-01-07 10:00:00+00:00,18926.765859175284
2026-01-07 12:00:00+00:00,18926.765859175284
2026-01-07 14:00:00+00:00,18926.765859175284
2026-01-07 16:00:00+00:00,18926.765859175284
2026-01-07 18:00:00+00:00,18926.765859175284
2026-01-07 20:00:00+00:00,18926.765859175284
2026-01-07 22:00:00+00:00,18926.765859175284
2026-01-08 00:00:00+00:00,18926.765859175284
2026-01-08 02:00:00+00:00,18926.765859175284
2026-01-08 04:00:00+00:00,18926.765859175284
2026-01-08 06:00:00+00:00,18926.765859175284
2026-01-08 08:00:00+00:00,18926.765859175284
2026-01-08 10:00:00+00:00,18926.765859175284
2026-01-08 12:00:00+00:00,18926.765859175284
2026-01-08 14:00:00+00:00,18926.765859175284
2026-01-08 16:00:00+00:00,18926.765859175284
2026-01-08 18:00:00+00:00,18926.765859175284
2026-01-08 20:00:00+00:00,18926.765859175284
2026-01-08 22:00:00+00:00,18926.765859175284
2026-01-09 00:00:00+00:00,18926.765859175284
2026-01-09 02:00:00+00:00,18926.765859175284
2026-01-09 04:00:00+00:00,18926.765859175284
2026-01-09 06:00:00+00:00,18926.765859175284
2026-01-09 08:00:00+00:00,18926.765859175284
2026-01-09 10:00:00+00:00,18926.765859175284
2026-01-09 12:00:00+00:00,18926.765859175284
2026-01-09 14:00:00+00:00,18926.765859175284
2026-01-09 16:00:00+00:00,18926.765859175284
2026-01-09 18:00:00+00:00,18926.765859175284
2026-01-09 20:00:00+00:00,18926.765859175284
2026-01-09 22:00:00+00:00,18926.765859175284
2026-01-10 00:00:00+00:00,18926.765859175284
2026-01-10 02:00:00+00:00,18926.765859175284
2026-01-10 04:00:00+00:00,18926.765859175284
2026-01-10 06:00:00+00:00,18926.765859175284
2026-01-10 08:00:00+00:00,18926.765859175284
2026-01-10 10:00:00+00:00,18926.765859175284
2026-01-10 12:00:00+00:00,18926.765859175284
2026-01-10 14:00:00+00:00,18926.765859175284
2026-01-10 16:00:00+00:00,18926.765859175284
2026-01-10 18:00:00+00:00,18926.765859175284
2026-01-10 20:00:00+00:00,18926.765859175284
2026-01-10 22:00:00+00:00,18926.765859175284
2026-01-11 00:00:00+00:00,18926.765859175284
2026-01-11 02:00:00+00:00,18926.765859175284
2026-01-11 04:00:00+00:00,18926.765859175284
2026-01-11 06:00:00+00:00,18926.765859175284
2026-01-11 08:00:00+00:00,18926.765859175284
2026-01-11 10:00:00+00:00,18926.765859175284
2026-01-11 12:00:00+00:00,18926.765859175284
2026-01-11 14:00:00+00:00,18926.765859175284
2026-01-11 16:00:00+00:00,18926.765859175284
2026-01-11 18:00:00+00:00,18926.765859175284
2026-01-11 20:00:00+00:00,18926.765859175284
2026-01-11 22:00:00+00:00,18926.765859175284
2026-01-12 00:00:00+00:00,18926.765859175284
2026-01-12 02:00:00+00:00,18926.765859175284
2026-01-12 04:00:00+00:00,18926.765859175284
2026-01-12 06:00:00+00:00,18926.765859175284
2026-01-12 08:00:00+00:00,18926.765859175284
2026-01-12 10:00:00+00:00,18926.765859175284
2026-01-12 12:00:00+00:00,18926.765859175284
2026-01-12 14:00:00+00:00,18926.765859175284
2026-01-12 16:00:00+00:00,18926.765859175284
2026-01-12 18:00:00+00:00,18926.765859175284
2026-01-12 20:00:00+00:00,18926.765859175284
2026-01-12 22:00:00+00:00,18926.765859175284
2026-01-13 00:00:00+00:00,18926.765859175284
2026-01-13 02:00:00+00:00,18926.765859175284
2026-01-13 04:00:00+00:00,18926.765859175284
2026-01-13 06:00:00+00:00,18926.765859175284
2026-01-13 08:00:00+00:00,18926.765859175284
2026-01-13 10:00:00+00:00,18926.765859175284
2026-01-13 12:00:00+00:00,18926.765859175284
2026-01-13 14:00:00+00:00,18926.765859175284
2026-01-13 16:00:00+00:00,19094.86241074807
2026-01-13 18:00:00+00:00,19043.393778913167
2026-01-13 20:00:00+00:00,19043.393778913167
2026-01-13 22:00:00+00:00,19532.345781344724
2026-01-14 00:00:00+00:00,19504.658230849138
2026-01-14 02:00:00+00:00,19556.12686268404
2026-01-14 04:00:00+00:00,19453.189599014237
2026-01-14 06:00:00+00:00,19478.92391493169
2026-01-14 08:00:00+00:00,19657.113465207294
2026-01-14 10:00:00+00:00,19476.973253785145
2026-01-14 12:00:00+00:00,19219.630094610642
2026-01-14 14:00:00+00:00,19605.644833372397
2026-01-14 16:00:00+00:00,19372.075035242433
2026-01-14 18:00:00+00:00,19346.340719324984
2026-01-14 20:00:00+00:00,19294.872087490083
2026-01-14 22:00:00+00:00,19114.73187606793
2026-01-15 00:00:00+00:00,19061.351184560364
2026-01-15 02:00:00+00:00,18913.243217188516
2026-01-15 04:00:00+00:00,18913.243217188516
2026-01-15 06:00:00+00:00,18913.243217188516
2026-01-15 08:00:00+00:00,18913.243217188516
2026-01-15 10:00:00+00:00,18913.243217188516
2026-01-15 12:00:00+00:00,18913.243217188516
2026-01-15 14:00:00+00:00,18913.243217188516
2026-01-15 16:00:00+00:00,18913.243217188516
2026-01-15 18:00:00+00:00,18913.243217188516
2026-01-15 20:00:00+00:00,18913.243217188516
2026-01-15 22:00:00+00:00,18913.243217188516
2026-01-16 00:00:00+00:00,18913.243217188516
2026-01-16 02:00:00+00:00,18913.243217188516
2026-01-16 04:00:00+00:00,18913.243217188516
2026-01-16 06:00:00+00:00,18913.243217188516
2026-01-16 08:00:00+00:00,18913.243217188516
2026-01-16 10:00:00+00:00,18913.243217188516
2026-01-16 12:00:00+00:00,18913.243217188516
2026-01-16 14:00:00+00:00,18913.243217188516
2026-01-16 16:00:00+00:00,18913.243217188516
2026-01-16 18:00:00+00:00,18913.243217188516
2026-01-16 20:00:00+00:00,18913.243217188516
2026-01-16 22:00:00+00:00,18913.243217188516
2026-01-17 00:00:00+00:00,18913.243217188516
2026-01-17 02:00:00+00:00,18913.243217188516
2026-01-17 04:00:00+00:00,18913.243217188516
2026-01-17 06:00:00+00:00,18913.243217188516
2026-01-17 08:00:00+00:00,18913.243217188516
2026-01-17 10:00:00+00:00,18913.243217188516
2026-01-17 12:00:00+00:00,18913.243217188516
2026-01-17 14:00:00+00:00,19506.29274435649
2026-01-17 16:00:00+00:00,19237.467401700655
2026-01-17 18:00:00+00:00,19334.51363425964
2026-01-17 20:00:00+00:00,19019.113378442933
2026-01-17 22:00:00+00:00,18897.8055877442
2026-01-18 00:00:00+00:00,18548.90950645626
2026-01-18 02:00:00+00:00,18548.90950645626
2026-01-18 04:00:00+00:00,18548.90950645626
2026-01-18 06:00:00+00:00,18548.90950645626
2026-01-18 08:00:00+00:00,18548.90950645626
2026-01-18 10:00:00+00:00,18548.90950645626
2026-01-18 12:00:00+00:00,18548.90950645626
2026-01-18 14:00:00+00:00,18548.90950645626
2026-01-18 16:00:00+00:00,18548.90950645626
2026-01-18 18:00:00+00:00,18548.90950645626
2026-01-18 20:00:00+00:00,18548.90950645626
2026-01-18 22:00:00+00:00,18548.90950645626
2026-01-19 00:00:00+00:00,18548.90950645626
2026-01-19 02:00:00+00:00,18548.90950645626
2026-01-19 04:00:00+00:00,18548.90950645626
2026-01-19 06:00:00+00:00,18548.90950645626
2026-01-19 08:00:00+00:00,18548.90950645626
2026-01-19 10:00:00+00:00,18548.90950645626
2026-01-19 12:00:00+00:00,18548.90950645626
2026-01-19 14:00:00+00:00,18548.90950645626
2026-01-19 16:00:00+00:00,18548.90950645626
2026-01-19 18:00:00+00:00,18548.90950645626
2026-01-19 20:00:00+00:00,18548.90950645626
2026-01-19 22:00:00+00:00,18548.90950645626
2026-01-20 00:00:00+00:00,18548.90950645626
2026-01-20 02:00:00+00:00,18548.90950645626
2026-01-20 04:00:00+00:00,18548.90950645626
2026-01-20 06:00:00+00:00,18548.90950645626
2026-01-20 08:00:00+00:00,18548.90950645626
2026-01-20 10:00:00+00:00,18548.90950645626
2026-01-20 12:00:00+00:00,18548.90950645626
2026-01-20 14:00:00+00:00,18548.90950645626
2026-01-20 16:00:00+00:00,18548.90950645626
2026-01-20 18:00:00+00:00,18548.90950645626
2026-01-20 20:00:00+00:00,18548.90950645626
2026-01-20 22:00:00+00:00,18548.90950645626
2026-01-21 00:00:00+00:00,18548.90950645626
2026-01-21 02:00:00+00:00,18548.90950645626
2026-01-21 04:00:00+00:00,18548.90950645626
2026-01-21 06:00:00+00:00,18548.90950645626
2026-01-21 08:00:00+00:00,18548.90950645626
2026-01-21 10:00:00+00:00,18548.90950645626
2026-01-21 12:00:00+00:00,18548.90950645626
2026-01-21 14:00:00+00:00,18548.90950645626
2026-01-21 16:00:00+00:00,18548.90950645626
2026-01-21 18:00:00+00:00,18548.90950645626
2026-01-21 20:00:00+00:00,18548.90950645626
2026-01-21 22:00:00+00:00,18548.90950645626
2026-01-22 00:00:00+00:00,18548.90950645626
2026-01-22 02:00:00+00:00,18548.90950645626
2026-01-22 04:00:00+00:00,18548.90950645626
2026-01-22 06:00:00+00:00,18548.90950645626
2026-01-22 08:00:00+00:00,18548.90950645626
2026-01-22 10:00:00+00:00,18548.90950645626
2026-01-22 12:00:00+00:00,18548.90950645626
2026-01-22 14:00:00+00:00,18548.90950645626
2026-01-22 16:00:00+00:00,18548.90950645626
2026-01-22 18:00:00+00:00,18548.90950645626
2026-01-22 20:00:00+00:00,18548.90950645626
2026-01-22 22:00:00+00:00,18548.90950645626
2026-01-23 00:00:00+00:00,18548.90950645626
2026-01-23 02:00:00+00:00,18548.90950645626
2026-01-23 04:00:00+00:00,18548.90950645626
2026-01-23 06:00:00+00:00,18548.90950645626
2026-01-23 08:00:00+00:00,18548.90950645626
2026-01-23 10:00:00+00:00,18548.90950645626
2026-01-23 12:00:00+00:00,18548.90950645626
2026-01-23 14:00:00+00:00,18548.90950645626
2026-01-23 16:00:00+00:00,18548.90950645626
2026-01-23 18:00:00+00:00,18548.90950645626
2026-01-23 20:00:00+00:00,18548.90950645626
2026-01-23 22:00:00+00:00,18548.90950645626
2026-01-24 00:00:00+00:00,18548.90950645626
2026-01-24 02:00:00+00:00,18548.90950645626
2026-01-24 04:00:00+00:00,18548.90950645626
2026-01-24 06:00:00+00:00,18548.90950645626
2026-01-24 08:00:00+00:00,18548.90950645626
2026-01-24 10:00:00+00:00,18548.90950645626
2026-01-24 12:00:00+00:00,18548.90950645626
2026-01-24 14:00:00+00:00,18548.90950645626
2026-01-24 16:00:00+00:00,18548.90950645626
2026-01-24 18:00:00+00:00,18548.90950645626
2026-01-24 20:00:00+00:00,18548.90950645626
2026-01-24 22:00:00+00:00,18548.90950645626
2026-01-25 00:00:00+00:00,18548.90950645626
2026-01-25 02:00:00+00:00,18548.90950645626
2026-01-25 04:00:00+00:00,18548.90950645626
2026-01-25 06:00:00+00:00,18548.90950645626
2026-01-25 08:00:00+00:00,18548.90950645626
2026-01-25 10:00:00+00:00,18548.90950645626
2026-01-25 12:00:00+00:00,18548.90950645626
2026-01-25 14:00:00+00:00,18548.90950645626
2026-01-25 16:00:00+00:00,18548.90950645626
2026-01-25 18:00:00+00:00,18548.90950645626
2026-01-25 20:00:00+00:00,18548.90950645626
2026-01-25 22:00:00+00:00,18548.90950645626
2026-01-26 00:00:00+00:00,18548.90950645626
2026-01-26 02:00:00+00:00,18548.90950645626
2026-01-26 04:00:00+00:00,18548.90950645626
2026-01-26 06:00:00+00:00,18548.90950645626
2026-01-26 08:00:00+00:00,18548.90950645626
2026-01-26 10:00:00+00:00,18548.90950645626
2026-01-26 12:00:00+00:00,18548.90950645626
2026-01-26 14:00:00+00:00,18548.90950645626
2026-01-26 16:00:00+00:00,18548.90950645626
2026-01-26 18:00:00+00:00,18548.90950645626
2026-01-26 20:00:00+00:00,18548.90950645626
2026-01-26 22:00:00+00:00,18548.90950645626
2026-01-27 00:00:00+00:00,18548.90950645626
2026-01-27 02:00:00+00:00,18548.90950645626
2026-01-27 04:00:00+00:00,18548.90950645626
2026-01-27 06:00:00+00:00,18548.90950645626
2026-01-27 08:00:00+00:00,18548.90950645626
2026-01-27 10:00:00+00:00,18548.90950645626
2026-01-27 12:00:00+00:00,18548.90950645626
2026-01-27 14:00:00+00:00,18548.90950645626
2026-01-27 16:00:00+00:00,18548.90950645626
2026-01-27 18:00:00+00:00,18548.90950645626
2026-01-27 20:00:00+00:00,18548.90950645626
2026-01-27 22:00:00+00:00,18548.90950645626
2026-01-28 00:00:00+00:00,18548.90950645626
2026-01-28 02:00:00+00:00,18548.90950645626
2026-01-28 04:00:00+00:00,18548.90950645626
2026-01-28 06:00:00+00:00,18548.90950645626
2026-01-28 08:00:00+00:00,18548.90950645626
2026-01-28 10:00:00+00:00,18548.90950645626
2026-01-28 12:00:00+00:00,18548.90950645626
2026-01-28 14:00:00+00:00,18548.90950645626
2026-01-28 16:00:00+00:00,18548.90950645626
2026-01-28 18:00:00+00:00,18548.90950645626
2026-01-28 20:00:00+00:00,18548.90950645626
2026-01-28 22:00:00+00:00,18548.90950645626
2026-01-29 00:00:00+00:00,18548.90950645626
2026-01-29 02:00:00+00:00,18548.90950645626
2026-01-29 04:00:00+00:00,18548.90950645626
2026-01-29 06:00:00+00:00,18548.90950645626
2026-01-29 08:00:00+00:00,18548.90950645626
2026-01-29 10:00:00+00:00,18548.90950645626
2026-01-29 12:00:00+00:00,18548.90950645626
2026-01-29 14:00:00+00:00,18548.90950645626
2026-01-29 16:00:00+00:00,18548.90950645626
2026-01-29 18:00:00+00:00,18548.90950645626
2026-01-29 20:00:00+00:00,18548.90950645626
2026-01-29 22:00:00+00:00,18548.90950645626
2026-01-30 00:00:00+00:00,18548.90950645626
2026-01-30 02:00:00+00:00,18548.90950645626
2026-01-30 04:00:00+00:00,18548.90950645626
2026-01-30 06:00:00+00:00,18548.90950645626
2026-01-30 08:00:00+00:00,18548.90950645626
2026-01-30 10:00:00+00:00,18548.90950645626
2026-01-30 12:00:00+00:00,18548.90950645626
2026-01-30 14:00:00+00:00,18548.90950645626
2026-01-30 16:00:00+00:00,18548.90950645626
2026-01-30 18:00:00+00:00,18548.90950645626
2026-01-30 20:00:00+00:00,18548.90950645626
2026-01-30 22:00:00+00:00,18548.90950645626
2026-01-31 00:00:00+00:00,18548.90950645626
2026-01-31 02:00:00+00:00,18548.90950645626
2026-01-31 04:00:00+00:00,18548.90950645626
2026-01-31 06:00:00+00:00,18548.90950645626
2026-01-31 08:00:00+00:00,18548.90950645626
2026-01-31 10:00:00+00:00,18548.90950645626
2026-01-31 12:00:00+00:00,18548.90950645626
2026-01-31 14:00:00+00:00,18548.90950645626
2026-01-31 16:00:00+00:00,18548.90950645626
2026-01-31 18:00:00+00:00,18548.90950645626
2026-01-31 20:00:00+00:00,18548.90950645626
2026-01-31 22:00:00+00:00,18548.90950645626
2026-02-01 00:00:00+00:00,18548.90950645626
2026-02-01 02:00:00+00:00,18548.90950645626
2026-02-01 04:00:00+00:00,18548.90950645626
2026-02-01 06:00:00+00:00,18548.90950645626
2026-02-01 08:00:00+00:00,18548.90950645626
2026-02-01 10:00:00+00:00,18548.90950645626
2026-02-01 12:00:00+00:00,18548.90950645626
2026-02-01 14:00:00+00:00,18548.90950645626
2026-02-01 16:00:00+00:00,18548.90950645626
2026-02-01 18:00:00+00:00,18548.90950645626
2026-02-01 20:00:00+00:00,18548.90950645626
2026-02-01 22:00:00+00:00,18548.90950645626
2026-02-02 00:00:00+00:00,18548.90950645626
2026-02-02 02:00:00+00:00,18548.90950645626
2026-02-02 04:00:00+00:00,18548.90950645626
2026-02-02 06:00:00+00:00,18548.90950645626
2026-02-02 08:00:00+00:00,18548.90950645626
2026-02-02 10:00:00+00:00,18548.90950645626
2026-02-02 12:00:00+00:00,18548.90950645626
2026-02-02 14:00:00+00:00,18548.90950645626
2026-02-02 16:00:00+00:00,18548.90950645626
2026-02-02 18:00:00+00:00,18548.90950645626
2026-02-02 20:00:00+00:00,18548.90950645626
2026-02-02 22:00:00+00:00,18548.90950645626
2026-02-03 00:00:00+00:00,18548.90950645626
2026-02-03 02:00:00+00:00,18548.90950645626
2026-02-03 04:00:00+00:00,18548.90950645626
2026-02-03 06:00:00+00:00,18548.90950645626
2026-02-03 08:00:00+00:00,18548.90950645626
2026-02-03 10:00:00+00:00,18548.90950645626
2026-02-03 12:00:00+00:00,18548.90950645626
2026-02-03 14:00:00+00:00,18548.90950645626
2026-02-03 16:00:00+00:00,18548.90950645626
2026-02-03 18:00:00+00:00,18548.90950645626
2026-02-03 20:00:00+00:00,18548.90950645626
2026-02-03 22:00:00+00:00,18548.90950645626
2026-02-04 00:00:00+00:00,18548.90950645626
2026-02-04 02:00:00+00:00,18548.90950645626
2026-02-04 04:00:00+00:00,18548.90950645626
2026-02-04 06:00:00+00:00,18548.90950645626
2026-02-04 08:00:00+00:00,18548.90950645626
2026-02-04 10:00:00+00:00,18548.90950645626
2026-02-04 12:00:00+00:00,18548.90950645626
2026-02-04 14:00:00+00:00,18548.90950645626
2026-02-04 16:00:00+00:00,18548.90950645626
2026-02-04 18:00:00+00:00,18548.90950645626
2026-02-04 20:00:00+00:00,18548.90950645626
2026-02-04 22:00:00+00:00,18548.90950645626
2026-02-05 00:00:00+00:00,18548.90950645626
2026-02-05 02:00:00+00:00,18548.90950645626
2026-02-05 04:00:00+00:00,18548.90950645626
2026-02-05 06:00:00+00:00,18548.90950645626
2026-02-05 08:00:00+00:00,18548.90950645626
2026-02-05 10:00:00+00:00,18548.90950645626
2026-02-05 12:00:00+00:00,18548.90950645626
2026-02-05 14:00:00+00:00,18548.90950645626
2026-02-05 16:00:00+00:00,18548.90950645626
2026-02-05 18:00:00+00:00,18548.90950645626
2026-02-05 20:00:00+00:00,18548.90950645626
2026-02-05 22:00:00+00:00,18548.90950645626
2026-02-06 00:00:00+00:00,18548.90950645626
2026-02-06 02:00:00+00:00,18548.90950645626
2026-02-06 04:00:00+00:00,18548.90950645626
2026-02-06 06:00:00+00:00,18548.90950645626
2026-02-06 08:00:00+00:00,18548.90950645626
2026-02-06 10:00:00+00:00,18548.90950645626
2026-02-06 12:00:00+00:00,18548.90950645626
2026-02-06 14:00:00+00:00,18548.90950645626
2026-02-06 16:00:00+00:00,18548.90950645626
2026-02-06 18:00:00+00:00,18548.90950645626
2026-02-06 20:00:00+00:00,18548.90950645626
2026-02-06 22:00:00+00:00,18548.90950645626
2026-02-07 00:00:00+00:00,18548.90950645626
2026-02-07 02:00:00+00:00,18548.90950645626
2026-02-07 04:00:00+00:00,18548.90950645626
2026-02-07 06:00:00+00:00,18548.90950645626
2026-02-07 08:00:00+00:00,18548.90950645626
2026-02-07 10:00:00+00:00,18548.90950645626
2026-02-07 12:00:00+00:00,18548.90950645626
2026-02-07 14:00:00+00:00,18548.90950645626
2026-02-07 16:00:00+00:00,18548.90950645626
2026-02-07 18:00:00+00:00,18548.90950645626
2026-02-07 20:00:00+00:00,18548.90950645626
2026-02-07 22:00:00+00:00,18548.90950645626
2026-02-08 00:00:00+00:00,18548.90950645626
2026-02-08 02:00:00+00:00,18548.90950645626
2026-02-08 04:00:00+00:00,18548.90950645626
2026-02-08 06:00:00+00:00,18548.90950645626
2026-02-08 08:00:00+00:00,18548.90950645626
2026-02-08 10:00:00+00:00,18548.90950645626
2026-02-08 12:00:00+00:00,18548.90950645626
2026-02-08 14:00:00+00:00,18548.90950645626
2026-02-08 16:00:00+00:00,18548.90950645626
2026-02-08 18:00:00+00:00,18548.90950645626
2026-02-08 20:00:00+00:00,18548.90950645626
2026-02-08 22:00:00+00:00,18548.90950645626
2026-02-09 00:00:00+00:00,18548.90950645626
2026-02-09 02:00:00+00:00,18548.90950645626
2026-02-09 04:00:00+00:00,18548.90950645626
2026-02-09 06:00:00+00:00,18548.90950645626
2026-02-09 08:00:00+00:00,18548.90950645626
2026-02-09 10:00:00+00:00,18548.90950645626
2026-02-09 12:00:00+00:00,18548.90950645626
2026-02-09 14:00:00+00:00,18548.90950645626
2026-02-09 16:00:00+00:00,18548.90950645626
2026-02-09 18:00:00+00:00,18548.90950645626
2026-02-09 20:00:00+00:00,18548.90950645626
2026-02-09 22:00:00+00:00,18548.90950645626
2026-02-10 00:00:00+00:00,18548.90950645626
2026-02-10 02:00:00+00:00,18548.90950645626
2026-02-10 04:00:00+00:00,18548.90950645626
2026-02-10 06:00:00+00:00,18548.90950645626
2026-02-10 08:00:00+00:00,18548.90950645626
2026-02-10 10:00:00+00:00,18548.90950645626
2026-02-10 12:00:00+00:00,18548.90950645626
2026-02-10 14:00:00+00:00,18548.90950645626
2026-02-10 16:00:00+00:00,18548.90950645626
2026-02-10 18:00:00+00:00,18548.90950645626
2026-02-10 20:00:00+00:00,18548.90950645626
2026-02-10 22:00:00+00:00,18548.90950645626
2026-02-11 00:00:00+00:00,18548.90950645626
2026-02-11 02:00:00+00:00,18548.90950645626
2026-02-11 04:00:00+00:00,18548.90950645626
2026-02-11 06:00:00+00:00,18548.90950645626
2026-02-11 08:00:00+00:00,18548.90950645626
2026-02-11 10:00:00+00:00,18548.90950645626
2026-02-11 12:00:00+00:00,18548.90950645626
2026-02-11 14:00:00+00:00,18548.90950645626
2026-02-11 16:00:00+00:00,18548.90950645626
2026-02-11 18:00:00+00:00,18548.90950645626
2026-02-11 20:00:00+00:00,18548.90950645626
2026-02-11 22:00:00+00:00,18548.90950645626
2026-02-12 00:00:00+00:00,18548.90950645626
2026-02-12 02:00:00+00:00,18548.90950645626
2026-02-12 04:00:00+00:00,18548.90950645626
2026-02-12 06:00:00+00:00,18548.90950645626
2026-02-12 08:00:00+00:00,18548.90950645626
2026-02-12 10:00:00+00:00,18548.90950645626
2026-02-12 12:00:00+00:00,18548.90950645626
2026-02-12 14:00:00+00:00,18548.90950645626
2026-02-12 16:00:00+00:00,18548.90950645626
2026-02-12 18:00:00+00:00,18548.90950645626
2026-02-12 20:00:00+00:00,18548.90950645626
2026-02-12 22:00:00+00:00,18548.90950645626
2026-02-13 00:00:00+00:00,18548.90950645626
2026-02-13 02:00:00+00:00,18548.90950645626
2026-02-13 04:00:00+00:00,18548.90950645626
2026-02-13 06:00:00+00:00,18548.90950645626
2026-02-13 08:00:00+00:00,18548.90950645626
2026-02-13 10:00:00+00:00,18548.90950645626
2026-02-13 12:00:00+00:00,18548.90950645626
2026-02-13 14:00:00+00:00,18548.90950645626
2026-02-13 16:00:00+00:00,18548.90950645626
2026-02-13 18:00:00+00:00,18548.90950645626
2026-02-13 20:00:00+00:00,18548.90950645626
2026-02-13 22:00:00+00:00,18548.90950645626
2026-02-14 00:00:00+00:00,18548.90950645626
2026-02-14 02:00:00+00:00,18548.90950645626
2026-02-14 04:00:00+00:00,18422.671827829727
2026-02-14 06:00:00+00:00,18422.671827829727
2026-02-14 08:00:00+00:00,18646.422941465058
2026-02-14 10:00:00+00:00,18824.850755778178
2026-02-14 12:00:00+00:00,18735.63684862162
2026-02-14 14:00:00+00:00,19092.492477247863
2026-02-14 16:00:00+00:00,19135.190253212993
2026-02-14 18:00:00+00:00,19358.225021104394
2026-02-14 20:00:00+00:00,19179.79720679127
2026-02-14 22:00:00+00:00,19313.61806752611
2026-02-15 00:00:00+00:00,19267.075172162535
2026-02-15 02:00:00+00:00,19222.468218584254
2026-02-15 04:00:00+00:00,19356.289079319096
2026-02-15 06:00:00+00:00,19400.896032897374
2026-02-15 08:00:00+00:00,19176.31470980841
2026-02-15 10:00:00+00:00,18997.88689549529
2026-02-15 12:00:00+00:00,18723.30292912059
2026-02-15 14:00:00+00:00,18723.30292912059
2026-02-15 16:00:00+00:00,18723.30292912059
2026-02-15 18:00:00+00:00,18723.30292912059
2026-02-15 20:00:00+00:00,18723.30292912059
2026-02-15 22:00:00+00:00,18723.30292912059
2026-02-16 00:00:00+00:00,18723.30292912059
2026-02-16 02:00:00+00:00,18723.30292912059
2026-02-16 04:00:00+00:00,18723.30292912059
2026-02-16 06:00:00+00:00,18723.30292912059
2026-02-16 08:00:00+00:00,18723.30292912059
2026-02-16 10:00:00+00:00,18723.30292912059
2026-02-16 12:00:00+00:00,18723.30292912059
2026-02-16 14:00:00+00:00,18723.30292912059
2026-02-16 16:00:00+00:00,18723.30292912059
2026-02-16 18:00:00+00:00,18723.30292912059
2026-02-16 20:00:00+00:00,18723.30292912059
2026-02-16 22:00:00+00:00,18723.30292912059
2026-02-17 00:00:00+00:00,18723.30292912059
2026-02-17 02:00:00+00:00,18723.30292912059
2026-02-17 04:00:00+00:00,18723.30292912059
2026-02-17 06:00:00+00:00,18723.30292912059
2026-02-17 08:00:00+00:00,18723.30292912059
2026-02-17 10:00:00+00:00,18723.30292912059
2026-02-17 12:00:00+00:00,18723.30292912059
2026-02-17 14:00:00+00:00,18723.30292912059
2026-02-17 16:00:00+00:00,18723.30292912059
2026-02-17 18:00:00+00:00,18723.30292912059
2026-02-17 20:00:00+00:00,18723.30292912059
2026-02-17 22:00:00+00:00,18723.30292912059
2026-02-18 00:00:00+00:00,18723.30292912059
2026-02-18 02:00:00+00:00,18723.30292912059
2026-02-18 04:00:00+00:00,18723.30292912059
2026-02-18 06:00:00+00:00,18723.30292912059
2026-02-18 08:00:00+00:00,18723.30292912059
2026-02-18 10:00:00+00:00,18723.30292912059
2026-02-18 12:00:00+00:00,18723.30292912059
2026-02-18 14:00:00+00:00,18723.30292912059
2026-02-18 16:00:00+00:00,18723.30292912059
2026-02-18 18:00:00+00:00,18723.30292912059
2026-02-18 20:00:00+00:00,18723.30292912059
2026-02-18 22:00:00+00:00,18723.30292912059
2026-02-19 00:00:00+00:00,18723.30292912059
2026-02-19 02:00:00+00:00,18723.30292912059
2026-02-19 04:00:00+00:00,18723.30292912059
2026-02-19 06:00:00+00:00,18723.30292912059
2026-02-19 08:00:00+00:00,18723.30292912059
2026-02-19 10:00:00+00:00,18723.30292912059
2026-02-19 12:00:00+00:00,18723.30292912059
2026-02-19 14:00:00+00:00,18723.30292912059
2026-02-19 16:00:00+00:00,18723.30292912059
2026-02-19 18:00:00+00:00,18723.30292912059
2026-02-19 20:00:00+00:00,18723.30292912059
2026-02-19 22:00:00+00:00,18723.30292912059
2026-02-20 00:00:00+00:00,18723.30292912059
2026-02-20 02:00:00+00:00,18723.30292912059
2026-02-20 04:00:00+00:00,18723.30292912059
2026-02-20 06:00:00+00:00,18723.30292912059
2026-02-20 08:00:00+00:00,18723.30292912059
2026-02-20 10:00:00+00:00,18723.30292912059
2026-02-20 12:00:00+00:00,18723.30292912059
2026-02-20 14:00:00+00:00,18723.30292912059
2026-02-20 16:00:00+00:00,18723.30292912059
2026-02-20 18:00:00+00:00,18723.30292912059
2026-02-20 20:00:00+00:00,18723.30292912059
2026-02-20 22:00:00+00:00,18723.30292912059
2026-02-21 00:00:00+00:00,18723.30292912059
2026-02-21 02:00:00+00:00,18723.30292912059
2026-02-21 04:00:00+00:00,18723.30292912059
2026-02-21 06:00:00+00:00,18723.30292912059
2026-02-21 08:00:00+00:00,18723.30292912059
2026-02-21 10:00:00+00:00,18723.30292912059
2026-02-21 12:00:00+00:00,18723.30292912059
2026-02-21 14:00:00+00:00,18723.30292912059
2026-02-21 16:00:00+00:00,18723.30292912059
2026-02-21 18:00:00+00:00,18723.30292912059
2026-02-21 20:00:00+00:00,18723.30292912059
2026-02-21 22:00:00+00:00,18723.30292912059
2026-02-22 00:00:00+00:00,18723.30292912059
2026-02-22 02:00:00+00:00,18723.30292912059
2026-02-22 04:00:00+00:00,18723.30292912059
2026-02-22 06:00:00+00:00,18723.30292912059
2026-02-22 08:00:00+00:00,18723.30292912059
2026-02-22 10:00:00+00:00,18723.30292912059
2026-02-22 12:00:00+00:00,18723.30292912059
2026-02-22 14:00:00+00:00,18723.30292912059
2026-02-22 16:00:00+00:00,18723.30292912059
2026-02-22 18:00:00+00:00,18723.30292912059
2026-02-22 20:00:00+00:00,18723.30292912059
2026-02-22 22:00:00+00:00,18723.30292912059
2026-02-23 00:00:00+00:00,18723.30292912059
2026-02-23 02:00:00+00:00,18723.30292912059
2026-02-23 04:00:00+00:00,18723.30292912059
2026-02-23 06:00:00+00:00,18723.30292912059
2026-02-23 08:00:00+00:00,18723.30292912059
2026-02-23 10:00:00+00:00,18723.30292912059
2026-02-23 12:00:00+00:00,18723.30292912059
2026-02-23 14:00:00+00:00,18723.30292912059
2026-02-23 16:00:00+00:00,18723.30292912059
2026-02-23 18:00:00+00:00,18723.30292912059
2026-02-23 20:00:00+00:00,18723.30292912059
2026-02-23 22:00:00+00:00,18723.30292912059
2026-02-24 00:00:00+00:00,18723.30292912059
2026-02-24 02:00:00+00:00,18723.30292912059
2026-02-24 04:00:00+00:00,18723.30292912059
2026-02-24 06:00:00+00:00,18723.30292912059
2026-02-24 08:00:00+00:00,18723.30292912059
2026-02-24 10:00:00+00:00,18723.30292912059
2026-02-24 12:00:00+00:00,18723.30292912059
2026-02-24 14:00:00+00:00,18723.30292912059
2026-02-24 16:00:00+00:00,18723.30292912059
2026-02-24 18:00:00+00:00,18723.30292912059
2026-02-24 20:00:00+00:00,18723.30292912059
2026-02-24 22:00:00+00:00,18723.30292912059
2026-02-25 00:00:00+00:00,18723.30292912059
2026-02-25 02:00:00+00:00,18723.30292912059
2026-02-25 04:00:00+00:00,18723.30292912059
2026-02-25 06:00:00+00:00,18723.30292912059
2026-02-25 08:00:00+00:00,18723.30292912059
2026-02-25 10:00:00+00:00,18723.30292912059
2026-02-25 12:00:00+00:00,18723.30292912059
2026-02-25 14:00:00+00:00,18723.30292912059
2026-02-25 16:00:00+00:00,18723.30292912059
2026-02-25 18:00:00+00:00,19413.954355310772
2026-02-25 20:00:00+00:00,20093.442757746645
2026-02-25 22:00:00+00:00,19069.67902921919
2026-02-26 00:00:00+00:00,19069.67902921919
2026-02-26 02:00:00+00:00,19069.67902921919
2026-02-26 04:00:00+00:00,19069.67902921919
2026-02-26 06:00:00+00:00,19069.67902921919
2026-02-26 08:00:00+00:00,19069.67902921919
2026-02-26 10:00:00+00:00,19069.67902921919
2026-02-26 12:00:00+00:00,19069.67902921919
2026-02-26 14:00:00+00:00,19069.67902921919
2026-02-26 16:00:00+00:00,19069.67902921919
2026-02-26 18:00:00+00:00,19069.67902921919
2026-02-26 20:00:00+00:00,19069.67902921919
2026-02-26 22:00:00+00:00,19069.67902921919
2026-02-27 00:00:00+00:00,19069.67902921919
2026-02-27 02:00:00+00:00,19069.67902921919
2026-02-27 04:00:00+00:00,19069.67902921919
2026-02-27 06:00:00+00:00,19069.67902921919
2026-02-27 08:00:00+00:00,19069.67902921919
2026-02-27 10:00:00+00:00,19069.67902921919
2026-02-27 12:00:00+00:00,19069.67902921919
2026-02-27 14:00:00+00:00,19069.67902921919
2026-02-27 16:00:00+00:00,19069.67902921919
2026-02-27 18:00:00+00:00,19069.67902921919
2026-02-27 20:00:00+00:00,19069.67902921919
2026-02-27 22:00:00+00:00,19069.67902921919
2026-02-28 00:00:00+00:00,19069.67902921919
2026-02-28 02:00:00+00:00,19069.67902921919
2026-02-28 04:00:00+00:00,19069.67902921919
2026-02-28 06:00:00+00:00,19069.67902921919
2026-02-28 08:00:00+00:00,19069.67902921919
2026-02-28 10:00:00+00:00,19069.67902921919
2026-02-28 12:00:00+00:00,19069.67902921919
2026-02-28 14:00:00+00:00,19069.67902921919
2026-02-28 16:00:00+00:00,19069.67902921919
2026-02-28 18:00:00+00:00,19069.67902921919
2026-02-28 20:00:00+00:00,19069.67902921919
2026-02-28 22:00:00+00:00,19069.67902921919
2026-03-01 00:00:00+00:00,19069.67902921919
2026-03-01 02:00:00+00:00,19069.67902921919
2026-03-01 04:00:00+00:00,19069.67902921919
2026-03-01 06:00:00+00:00,19069.67902921919
2026-03-01 08:00:00+00:00,19069.67902921919
2026-03-01 10:00:00+00:00,19069.67902921919
2026-03-01 12:00:00+00:00,19069.67902921919
2026-03-01 14:00:00+00:00,19069.67902921919
2026-03-01 16:00:00+00:00,19069.67902921919
2026-03-01 18:00:00+00:00,19069.67902921919
2026-03-01 20:00:00+00:00,19069.67902921919
2026-03-01 22:00:00+00:00,19069.67902921919
2026-03-02 00:00:00+00:00,19069.67902921919
2026-03-02 02:00:00+00:00,19069.67902921919
2026-03-02 04:00:00+00:00,19069.67902921919
2026-03-02 06:00:00+00:00,19069.67902921919
2026-03-02 08:00:00+00:00,19069.67902921919
2026-03-02 10:00:00+00:00,19069.67902921919
2026-03-02 12:00:00+00:00,19069.67902921919
2026-03-02 14:00:00+00:00,19069.67902921919
2026-03-02 16:00:00+00:00,19069.67902921919
2026-03-02 18:00:00+00:00,19069.67902921919
2026-03-02 20:00:00+00:00,19069.67902921919
2026-03-02 22:00:00+00:00,19069.67902921919
2026-03-03 00:00:00+00:00,19069.67902921919
2026-03-03 02:00:00+00:00,19069.67902921919
2026-03-03 04:00:00+00:00,19069.67902921919
2026-03-03 06:00:00+00:00,19069.67902921919
2026-03-03 08:00:00+00:00,19069.67902921919
2026-03-03 10:00:00+00:00,19069.67902921919
2026-03-03 12:00:00+00:00,19069.67902921919
2026-03-03 14:00:00+00:00,19069.67902921919
2026-03-03 16:00:00+00:00,19069.67902921919
2026-03-03 18:00:00+00:00,19069.67902921919
2026-03-03 20:00:00+00:00,19069.67902921919
2026-03-03 22:00:00+00:00,19069.67902921919
2026-03-04 00:00:00+00:00,19069.67902921919
2026-03-04 02:00:00+00:00,19069.67902921919
2026-03-04 04:00:00+00:00,19069.67902921919
2026-03-04 06:00:00+00:00,19069.67902921919
2026-03-04 08:00:00+00:00,19069.67902921919
2026-03-04 10:00:00+00:00,19069.67902921919
2026-03-04 12:00:00+00:00,19069.67902921919
2026-03-04 14:00:00+00:00,19069.67902921919
2026-03-04 16:00:00+00:00,19069.67902921919
2026-03-04 18:00:00+00:00,19069.67902921919
2026-03-04 20:00:00+00:00,19069.67902921919
2026-03-04 22:00:00+00:00,19069.67902921919
2026-03-05 00:00:00+00:00,19069.67902921919
2026-03-05 02:00:00+00:00,19069.67902921919
2026-03-05 04:00:00+00:00,19069.67902921919
2026-03-05 06:00:00+00:00,19069.67902921919
2026-03-05 08:00:00+00:00,19069.67902921919
2026-03-05 10:00:00+00:00,19069.67902921919
2026-03-05 12:00:00+00:00,19069.67902921919
2026-03-05 14:00:00+00:00,19069.67902921919
2026-03-05 16:00:00+00:00,19069.67902921919
2026-03-05 18:00:00+00:00,19069.67902921919
2026-03-05 20:00:00+00:00,19069.67902921919
2026-03-05 22:00:00+00:00,19069.67902921919
2026-03-06 00:00:00+00:00,19069.67902921919
2026-03-06 02:00:00+00:00,19069.67902921919
2026-03-06 04:00:00+00:00,19069.67902921919
2026-03-06 06:00:00+00:00,19069.67902921919
2026-03-06 08:00:00+00:00,19069.67902921919
2026-03-06 10:00:00+00:00,19069.67902921919
2026-03-06 12:00:00+00:00,19069.67902921919
2026-03-06 14:00:00+00:00,19069.67902921919
2026-03-06 16:00:00+00:00,19069.67902921919
2026-03-06 18:00:00+00:00,19069.67902921919
2026-03-06 20:00:00+00:00,19069.67902921919
2026-03-06 22:00:00+00:00,19069.67902921919
2026-03-07 00:00:00+00:00,19069.67902921919
2026-03-07 02:00:00+00:00,19069.67902921919
2026-03-07 04:00:00+00:00,19069.67902921919
2026-03-07 06:00:00+00:00,19069.67902921919
2026-03-07 08:00:00+00:00,19069.67902921919
2026-03-07 10:00:00+00:00,19069.67902921919
2026-03-07 12:00:00+00:00,19069.67902921919
2026-03-07 14:00:00+00:00,19069.67902921919
2026-03-07 16:00:00+00:00,19069.67902921919
2026-03-07 18:00:00+00:00,19069.67902921919
2026-03-07 20:00:00+00:00,19069.67902921919
2026-03-07 22:00:00+00:00,19069.67902921919
2026-03-08 00:00:00+00:00,19069.67902921919
2026-03-08 02:00:00+00:00,19069.67902921919
2026-03-08 04:00:00+00:00,19069.67902921919
2026-03-08 06:00:00+00:00,19069.67902921919
2026-03-08 08:00:00+00:00,19069.67902921919
2026-03-08 10:00:00+00:00,19069.67902921919
2026-03-08 12:00:00+00:00,19069.67902921919
2026-03-08 14:00:00+00:00,19069.67902921919
2026-03-08 16:00:00+00:00,19069.67902921919
2026-03-08 18:00:00+00:00,19069.67902921919
2026-03-08 20:00:00+00:00,19069.67902921919
2026-03-08 22:00:00+00:00,19069.67902921919
2026-03-09 00:00:00+00:00,19069.67902921919
2026-03-09 02:00:00+00:00,19069.67902921919
2026-03-09 04:00:00+00:00,19069.67902921919
2026-03-09 06:00:00+00:00,19069.67902921919
2026-03-09 08:00:00+00:00,19069.67902921919
2026-03-09 10:00:00+00:00,19069.67902921919
2026-03-09 12:00:00+00:00,19069.67902921919
2026-03-09 14:00:00+00:00,19069.67902921919
2026-03-09 16:00:00+00:00,19069.67902921919
2026-03-09 18:00:00+00:00,19069.67902921919
2026-03-09 20:00:00+00:00,19069.67902921919
2026-03-09 22:00:00+00:00,19069.67902921919
2026-03-10 00:00:00+00:00,19069.67902921919
2026-03-10 02:00:00+00:00,19069.67902921919
2026-03-10 04:00:00+00:00,19069.67902921919
2026-03-10 06:00:00+00:00,19069.67902921919
2026-03-10 08:00:00+00:00,19069.67902921919
2026-03-10 10:00:00+00:00,19069.67902921919
2026-03-10 12:00:00+00:00,19069.67902921919
2026-03-10 14:00:00+00:00,19069.67902921919
2026-03-10 16:00:00+00:00,18758.173041910955
2026-03-10 18:00:00+00:00,18410.739676866735
2026-03-10 20:00:00+00:00,18410.739676866735
2026-03-10 22:00:00+00:00,18410.739676866735
2026-03-11 00:00:00+00:00,18410.739676866735
2026-03-11 02:00:00+00:00,18410.739676866735
2026-03-11 04:00:00+00:00,18410.739676866735
2026-03-11 06:00:00+00:00,18410.739676866735
2026-03-11 08:00:00+00:00,18410.739676866735
2026-03-11 10:00:00+00:00,18410.739676866735
2026-03-11 12:00:00+00:00,18410.739676866735
2026-03-11 14:00:00+00:00,18410.739676866735
2026-03-11 16:00:00+00:00,18410.739676866735
2026-03-11 18:00:00+00:00,18410.739676866735
2026-03-11 20:00:00+00:00,18410.739676866735
2026-03-11 22:00:00+00:00,18410.739676866735
2026-03-12 00:00:00+00:00,18410.739676866735
2026-03-12 02:00:00+00:00,18410.739676866735
2026-03-12 04:00:00+00:00,18410.739676866735
2026-03-12 06:00:00+00:00,18410.739676866735
2026-03-12 08:00:00+00:00,18410.739676866735
2026-03-12 10:00:00+00:00,18410.739676866735
2026-03-12 12:00:00+00:00,18410.739676866735
2026-03-12 14:00:00+00:00,18410.739676866735
2026-03-12 16:00:00+00:00,18410.739676866735
2026-03-12 18:00:00+00:00,18410.739676866735
2026-03-12 20:00:00+00:00,18410.739676866735
2026-03-12 22:00:00+00:00,18410.739676866735
2026-03-13 00:00:00+00:00,18410.739676866735
2026-03-13 02:00:00+00:00,18410.739676866735
2026-03-13 04:00:00+00:00,18410.739676866735
2026-03-13 06:00:00+00:00,18410.739676866735
2026-03-13 08:00:00+00:00,18410.739676866735
2026-03-13 10:00:00+00:00,18410.739676866735
2026-03-13 12:00:00+00:00,18410.739676866735
2026-03-13 14:00:00+00:00,18410.739676866735
2026-03-13 16:00:00+00:00,18410.739676866735
2026-03-13 18:00:00+00:00,18410.739676866735
2026-03-13 20:00:00+00:00,18410.739676866735
2026-03-13 22:00:00+00:00,18410.739676866735
2026-03-14 00:00:00+00:00,18410.739676866735
2026-03-14 02:00:00+00:00,18410.739676866735
2026-03-14 04:00:00+00:00,18410.739676866735
2026-03-14 06:00:00+00:00,18410.739676866735
2026-03-14 08:00:00+00:00,18410.739676866735
2026-03-14 10:00:00+00:00,18410.739676866735
2026-03-14 12:00:00+00:00,18410.739676866735
2026-03-14 14:00:00+00:00,18410.739676866735
2026-03-14 16:00:00+00:00,18410.739676866735
2026-03-14 18:00:00+00:00,18410.739676866735
2026-03-14 20:00:00+00:00,18410.739676866735
2026-03-14 22:00:00+00:00,18410.739676866735
2026-03-15 00:00:00+00:00,18410.739676866735
2026-03-15 02:00:00+00:00,18410.739676866735
2026-03-15 04:00:00+00:00,18410.739676866735
2026-03-15 06:00:00+00:00,18410.739676866735
2026-03-15 08:00:00+00:00,18410.739676866735
2026-03-15 10:00:00+00:00,18410.739676866735
2026-03-15 12:00:00+00:00,18410.739676866735
2026-03-15 14:00:00+00:00,18410.739676866735
2026-03-15 16:00:00+00:00,18410.739676866735
2026-03-15 18:00:00+00:00,18410.739676866735
2026-03-15 20:00:00+00:00,18410.739676866735
2026-03-15 22:00:00+00:00,18410.739676866735
2026-03-16 00:00:00+00:00,18410.739676866735
2026-03-16 02:00:00+00:00,18410.739676866735
2026-03-16 04:00:00+00:00,18410.739676866735
2026-03-16 06:00:00+00:00,18410.739676866735
2026-03-16 08:00:00+00:00,18410.739676866735
2026-03-16 10:00:00+00:00,18410.739676866735
2026-03-16 12:00:00+00:00,18410.739676866735
2026-03-16 14:00:00+00:00,18410.739676866735
2026-03-16 16:00:00+00:00,18410.739676866735
2026-03-16 18:00:00+00:00,18410.739676866735
2026-03-16 20:00:00+00:00,18410.739676866735
2026-03-16 22:00:00+00:00,18410.739676866735
2026-03-17 00:00:00+00:00,18410.739676866735
2026-03-17 02:00:00+00:00,18410.739676866735
2026-03-17 04:00:00+00:00,18410.739676866735
2026-03-17 06:00:00+00:00,18410.739676866735
2026-03-17 08:00:00+00:00,18410.739676866735
2026-03-17 10:00:00+00:00,18410.739676866735
2026-03-17 12:00:00+00:00,18410.739676866735
2026-03-17 14:00:00+00:00,18410.739676866735
2026-03-17 16:00:00+00:00,18410.739676866735
2026-03-17 18:00:00+00:00,18410.739676866735
2026-03-17 20:00:00+00:00,18410.739676866735
2026-03-17 22:00:00+00:00,18410.739676866735
2026-03-18 00:00:00+00:00,18410.739676866735
2026-03-18 02:00:00+00:00,18410.739676866735
2026-03-18 04:00:00+00:00,18410.739676866735
2026-03-18 06:00:00+00:00,18410.739676866735
2026-03-18 08:00:00+00:00,18410.739676866735
2026-03-18 10:00:00+00:00,18410.739676866735
2026-03-18 12:00:00+00:00,18410.739676866735
2026-03-18 14:00:00+00:00,18410.739676866735
2026-03-18 16:00:00+00:00,18410.739676866735
2026-03-18 18:00:00+00:00,18410.739676866735
2026-03-18 20:00:00+00:00,18410.739676866735
2026-03-18 22:00:00+00:00,18410.739676866735
2026-03-19 00:00:00+00:00,18410.739676866735
2026-03-19 02:00:00+00:00,18410.739676866735
2026-03-19 04:00:00+00:00,18410.739676866735
2026-03-19 06:00:00+00:00,18410.739676866735
2026-03-19 08:00:00+00:00,18410.739676866735
2026-03-19 10:00:00+00:00,18410.739676866735
2026-03-19 12:00:00+00:00,18410.739676866735
2026-03-19 14:00:00+00:00,18410.739676866735
2026-03-19 16:00:00+00:00,18410.739676866735
2026-03-19 18:00:00+00:00,18410.739676866735
2026-03-19 20:00:00+00:00,18410.739676866735
2026-03-19 22:00:00+00:00,18410.739676866735
2026-03-20 00:00:00+00:00,18410.739676866735
2026-03-20 02:00:00+00:00,18410.739676866735
2026-03-20 04:00:00+00:00,18410.739676866735
2026-03-20 06:00:00+00:00,18410.739676866735
2026-03-20 08:00:00+00:00,18410.739676866735
2026-03-20 10:00:00+00:00,18410.739676866735
2026-03-20 12:00:00+00:00,18410.739676866735
2026-03-20 14:00:00+00:00,18410.739676866735
2026-03-20 16:00:00+00:00,18410.739676866735
2026-03-20 18:00:00+00:00,18410.739676866735
2026-03-20 20:00:00+00:00,18410.739676866735
2026-03-20 22:00:00+00:00,18410.739676866735
2026-03-21 00:00:00+00:00,18410.739676866735
2026-03-21 02:00:00+00:00,18410.739676866735
2026-03-21 04:00:00+00:00,18410.739676866735
2026-03-21 06:00:00+00:00,18410.739676866735
2026-03-21 08:00:00+00:00,18410.739676866735
2026-03-21 10:00:00+00:00,18410.739676866735
2026-03-21 12:00:00+00:00,18410.739676866735
2026-03-21 14:00:00+00:00,18410.739676866735
2026-03-21 16:00:00+00:00,18410.739676866735
2026-03-21 18:00:00+00:00,18410.739676866735
2026-03-21 20:00:00+00:00,18410.739676866735
2026-03-21 22:00:00+00:00,18410.739676866735
2026-03-22 00:00:00+00:00,18410.739676866735
2026-03-22 02:00:00+00:00,18410.739676866735
2026-03-22 04:00:00+00:00,18410.739676866735
2026-03-22 06:00:00+00:00,18410.739676866735
2026-03-22 08:00:00+00:00,18410.739676866735
2026-03-22 10:00:00+00:00,18410.739676866735
2026-03-22 12:00:00+00:00,18410.739676866735
2026-03-22 14:00:00+00:00,18410.739676866735
2026-03-22 16:00:00+00:00,18410.739676866735
2026-03-22 18:00:00+00:00,18410.739676866735
2026-03-22 20:00:00+00:00,18410.739676866735
2026-03-22 22:00:00+00:00,18410.739676866735
2026-03-23 00:00:00+00:00,18410.739676866735
2026-03-23 02:00:00+00:00,18410.739676866735
2026-03-23 04:00:00+00:00,18410.739676866735
2026-03-23 06:00:00+00:00,18410.739676866735
2026-03-23 08:00:00+00:00,18410.739676866735
2026-03-23 10:00:00+00:00,18410.739676866735
2026-03-23 12:00:00+00:00,18410.739676866735
2026-03-23 14:00:00+00:00,18410.739676866735
2026-03-23 16:00:00+00:00,18410.739676866735
2026-03-23 18:00:00+00:00,18410.739676866735
2026-03-23 20:00:00+00:00,18410.739676866735
2026-03-23 22:00:00+00:00,18410.739676866735
2026-03-24 00:00:00+00:00,18410.739676866735
2026-03-24 02:00:00+00:00,18410.739676866735
2026-03-24 04:00:00+00:00,18410.739676866735
2026-03-24 06:00:00+00:00,18410.739676866735
2026-03-24 08:00:00+00:00,18410.739676866735
2026-03-24 10:00:00+00:00,18410.739676866735
2026-03-24 12:00:00+00:00,18410.739676866735
2026-03-24 14:00:00+00:00,18410.739676866735
2026-03-24 16:00:00+00:00,18410.739676866735
2026-03-24 18:00:00+00:00,18410.739676866735
2026-03-24 20:00:00+00:00,18410.739676866735
2026-03-24 22:00:00+00:00,18410.739676866735
2026-03-25 00:00:00+00:00,18410.739676866735
2026-03-25 02:00:00+00:00,18410.739676866735
2026-03-25 04:00:00+00:00,18410.739676866735
2026-03-25 06:00:00+00:00,18410.739676866735
2026-03-25 08:00:00+00:00,18410.739676866735
2026-03-25 10:00:00+00:00,18410.739676866735
2026-03-25 12:00:00+00:00,18410.739676866735
2026-03-25 14:00:00+00:00,18410.739676866735
2026-03-25 16:00:00+00:00,18410.739676866735
2026-03-25 18:00:00+00:00,18410.739676866735
2026-03-25 20:00:00+00:00,18410.739676866735
2026-03-25 22:00:00+00:00,18410.739676866735
2026-03-26 00:00:00+00:00,18410.739676866735
2026-03-26 02:00:00+00:00,18410.739676866735
2026-03-26 04:00:00+00:00,18410.739676866735
2026-03-26 06:00:00+00:00,18410.739676866735
2026-03-26 08:00:00+00:00,18410.739676866735
2026-03-26 10:00:00+00:00,18410.739676866735
2026-03-26 12:00:00+00:00,18410.739676866735
2026-03-26 14:00:00+00:00,18410.739676866735
2026-03-26 16:00:00+00:00,18410.739676866735
2026-03-26 18:00:00+00:00,18410.739676866735
2026-03-26 20:00:00+00:00,18410.739676866735
2026-03-26 22:00:00+00:00,18410.739676866735
2026-03-27 00:00:00+00:00,18410.739676866735
2026-03-27 02:00:00+00:00,18410.739676866735
2026-03-27 04:00:00+00:00,18410.739676866735
2026-03-27 06:00:00+00:00,18410.739676866735
2026-03-27 08:00:00+00:00,18410.739676866735
2026-03-27 10:00:00+00:00,18410.739676866735
2026-03-27 12:00:00+00:00,18410.739676866735
2026-03-27 14:00:00+00:00,18410.739676866735
2026-03-27 16:00:00+00:00,18410.739676866735
2026-03-27 18:00:00+00:00,18410.739676866735
2026-03-27 20:00:00+00:00,18410.739676866735
2026-03-27 22:00:00+00:00,18410.739676866735
2026-03-28 00:00:00+00:00,18410.739676866735
2026-03-28 02:00:00+00:00,18410.739676866735
2026-03-28 04:00:00+00:00,18410.739676866735
2026-03-28 06:00:00+00:00,18410.739676866735
2026-03-28 08:00:00+00:00,18410.739676866735
2026-03-28 10:00:00+00:00,18410.739676866735
2026-03-28 12:00:00+00:00,18410.739676866735
2026-03-28 14:00:00+00:00,18410.739676866735
2026-03-28 16:00:00+00:00,18410.739676866735
2026-03-28 18:00:00+00:00,18410.739676866735
2026-03-28 20:00:00+00:00,18410.739676866735
2026-03-28 22:00:00+00:00,18410.739676866735
2026-03-29 00:00:00+00:00,18410.739676866735
2026-03-29 02:00:00+00:00,18410.739676866735
2026-03-29 04:00:00+00:00,18410.739676866735
2026-03-29 06:00:00+00:00,18410.739676866735
2026-03-29 08:00:00+00:00,18410.739676866735
2026-03-29 10:00:00+00:00,18410.739676866735
2026-03-29 12:00:00+00:00,18410.739676866735
2026-03-29 14:00:00+00:00,18410.739676866735
2026-03-29 16:00:00+00:00,18410.739676866735
2026-03-29 18:00:00+00:00,18410.739676866735
2026-03-29 20:00:00+00:00,18410.739676866735
2026-03-29 22:00:00+00:00,18410.739676866735
2026-03-30 00:00:00+00:00,18410.739676866735
2026-03-30 02:00:00+00:00,18410.739676866735
2026-03-30 04:00:00+00:00,18410.739676866735
2026-03-30 06:00:00+00:00,18410.739676866735
2026-03-30 08:00:00+00:00,18410.739676866735
2026-03-30 10:00:00+00:00,18410.739676866735
2026-03-30 12:00:00+00:00,18410.739676866735
2026-03-30 14:00:00+00:00,18410.739676866735
2026-03-30 16:00:00+00:00,18410.739676866735
2026-03-30 18:00:00+00:00,18410.739676866735
2026-03-30 20:00:00+00:00,18410.739676866735
2026-03-30 22:00:00+00:00,18410.739676866735
2026-03-31 00:00:00+00:00,18410.739676866735
2026-03-31 02:00:00+00:00,18410.739676866735
2026-03-31 04:00:00+00:00,18410.739676866735
2026-03-31 06:00:00+00:00,18410.739676866735
2026-03-31 08:00:00+00:00,18410.739676866735
2026-03-31 10:00:00+00:00,18410.739676866735
2026-03-31 12:00:00+00:00,18410.739676866735
2026-03-31 14:00:00+00:00,18410.739676866735
2026-03-31 16:00:00+00:00,18410.739676866735
2026-03-31 18:00:00+00:00,18410.739676866735
2026-03-31 20:00:00+00:00,18410.739676866735
2026-03-31 22:00:00+00:00,18410.739676866735
2026-04-01 00:00:00+00:00,18410.739676866735
2026-04-01 02:00:00+00:00,18410.739676866735
2026-04-01 04:00:00+00:00,18410.739676866735
2026-04-01 06:00:00+00:00,18410.739676866735
2026-04-01 08:00:00+00:00,18410.739676866735
2026-04-01 10:00:00+00:00,18410.739676866735
2026-04-01 12:00:00+00:00,18410.739676866735
2026-04-01 14:00:00+00:00,18410.739676866735
2026-04-01 16:00:00+00:00,18410.739676866735
2026-04-01 18:00:00+00:00,18410.739676866735
2026-04-01 20:00:00+00:00,18410.739676866735
2026-04-01 22:00:00+00:00,18410.739676866735
2026-04-02 00:00:00+00:00,18410.739676866735
2026-04-02 02:00:00+00:00,18410.739676866735
2026-04-02 04:00:00+00:00,18410.739676866735
2026-04-02 06:00:00+00:00,18410.739676866735
2026-04-02 08:00:00+00:00,18410.739676866735
2026-04-02 10:00:00+00:00,18410.739676866735
2026-04-02 12:00:00+00:00,18410.739676866735
2026-04-02 14:00:00+00:00,18410.739676866735
2026-04-02 16:00:00+00:00,18410.739676866735
2026-04-02 18:00:00+00:00,18410.739676866735
2026-04-02 20:00:00+00:00,18410.739676866735
2026-04-02 22:00:00+00:00,18410.739676866735
2026-04-03 00:00:00+00:00,18410.739676866735
2026-04-03 02:00:00+00:00,18410.739676866735
2026-04-03 04:00:00+00:00,18410.739676866735
2026-04-03 06:00:00+00:00,18410.739676866735
2026-04-03 08:00:00+00:00,18410.739676866735
2026-04-03 10:00:00+00:00,18410.739676866735
2026-04-03 12:00:00+00:00,18410.739676866735
2026-04-03 14:00:00+00:00,18410.739676866735
2026-04-03 16:00:00+00:00,18410.739676866735
2026-04-03 18:00:00+00:00,18410.739676866735
2026-04-03 20:00:00+00:00,18410.739676866735
2026-04-03 22:00:00+00:00,18410.739676866735
2026-04-04 00:00:00+00:00,18410.739676866735
2026-04-04 02:00:00+00:00,18410.739676866735
2026-04-04 04:00:00+00:00,18410.739676866735
2026-04-04 06:00:00+00:00,18410.739676866735
2026-04-04 08:00:00+00:00,18410.739676866735
2026-04-04 10:00:00+00:00,18410.739676866735
2026-04-04 12:00:00+00:00,18410.739676866735
2026-04-04 14:00:00+00:00,18410.739676866735
2026-04-04 16:00:00+00:00,18410.739676866735
2026-04-04 18:00:00+00:00,18410.739676866735
2026-04-04 20:00:00+00:00,18410.739676866735
2026-04-04 22:00:00+00:00,18410.739676866735
2026-04-05 00:00:00+00:00,18410.739676866735
2026-04-05 02:00:00+00:00,18410.739676866735
2026-04-05 04:00:00+00:00,18410.739676866735
2026-04-05 06:00:00+00:00,18410.739676866735
2026-04-05 08:00:00+00:00,18410.739676866735
2026-04-05 10:00:00+00:00,18410.739676866735
2026-04-05 12:00:00+00:00,18410.739676866735
2026-04-05 14:00:00+00:00,18410.739676866735
2026-04-05 16:00:00+00:00,18410.739676866735
2026-04-05 18:00:00+00:00,18410.739676866735
2026-04-05 20:00:00+00:00,18410.739676866735
2026-04-05 22:00:00+00:00,18410.739676866735
2026-04-06 00:00:00+00:00,18410.739676866735
2026-04-06 02:00:00+00:00,18410.739676866735
2026-04-06 04:00:00+00:00,18410.739676866735
2026-04-06 06:00:00+00:00,18410.739676866735
2026-04-06 08:00:00+00:00,18410.739676866735
2026-04-06 10:00:00+00:00,18410.739676866735
2026-04-06 12:00:00+00:00,18251.08873900834
2026-04-06 14:00:00+00:00,18251.08873900834
2026-04-06 16:00:00+00:00,18126.360675663
2026-04-06 18:00:00+00:00,18064.90919842728
2026-04-06 20:00:00+00:00,17951.610281470967
2026-04-06 22:00:00+00:00,17951.610281470967
2026-04-07 00:00:00+00:00,17951.610281470967
2026-04-07 02:00:00+00:00,17951.610281470967
2026-04-07 04:00:00+00:00,17951.610281470967
2026-04-07 06:00:00+00:00,17951.610281470967
2026-04-07 08:00:00+00:00,17951.610281470967
2026-04-07 10:00:00+00:00,17951.610281470967
2026-04-07 12:00:00+00:00,17951.610281470967
2026-04-07 14:00:00+00:00,17951.610281470967
2026-04-07 16:00:00+00:00,17951.610281470967
2026-04-07 18:00:00+00:00,17951.610281470967
2026-04-07 20:00:00+00:00,17951.610281470967
2026-04-07 22:00:00+00:00,17951.610281470967
2026-04-08 00:00:00+00:00,17951.610281470967
2026-04-08 02:00:00+00:00,17951.610281470967
2026-04-08 04:00:00+00:00,17951.610281470967
2026-04-08 06:00:00+00:00,17951.610281470967
2026-04-08 08:00:00+00:00,17951.610281470967
2026-04-08 10:00:00+00:00,17951.610281470967
2026-04-08 12:00:00+00:00,17951.610281470967
2026-04-08 14:00:00+00:00,17951.610281470967
2026-04-08 16:00:00+00:00,17951.610281470967
2026-04-08 18:00:00+00:00,17951.610281470967
2026-04-08 20:00:00+00:00,17951.610281470967
2026-04-08 22:00:00+00:00,17951.610281470967
2026-04-09 00:00:00+00:00,17951.610281470967
2026-04-09 02:00:00+00:00,17951.610281470967
2026-04-09 04:00:00+00:00,17951.610281470967
2026-04-09 06:00:00+00:00,17951.610281470967
2026-04-09 08:00:00+00:00,17951.610281470967
2026-04-09 10:00:00+00:00,17951.610281470967
2026-04-09 12:00:00+00:00,17951.610281470967
2026-04-09 14:00:00+00:00,17951.610281470967
2026-04-09 16:00:00+00:00,17951.610281470967
2026-04-09 18:00:00+00:00,17951.610281470967
2026-04-09 20:00:00+00:00,17951.610281470967
2026-04-09 22:00:00+00:00,17951.610281470967
2026-04-10 00:00:00+00:00,17951.610281470967
2026-04-10 02:00:00+00:00,17951.610281470967
2026-04-10 04:00:00+00:00,17951.610281470967
2026-04-10 06:00:00+00:00,17951.610281470967
2026-04-10 08:00:00+00:00,17951.610281470967
2026-04-10 10:00:00+00:00,17951.610281470967
2026-04-10 12:00:00+00:00,17951.610281470967
2026-04-10 14:00:00+00:00,17951.610281470967
2026-04-10 16:00:00+00:00,17951.610281470967
2026-04-10 18:00:00+00:00,17951.610281470967
2026-04-10 20:00:00+00:00,17951.610281470967
2026-04-10 22:00:00+00:00,17951.610281470967
2026-04-11 00:00:00+00:00,17951.610281470967
2026-04-11 02:00:00+00:00,17951.610281470967
2026-04-11 04:00:00+00:00,17951.610281470967
2026-04-11 06:00:00+00:00,17951.610281470967
2026-04-11 08:00:00+00:00,17951.610281470967
2026-04-11 10:00:00+00:00,17951.610281470967
2026-04-11 12:00:00+00:00,17951.610281470967
2026-04-11 14:00:00+00:00,17951.610281470967
2026-04-11 16:00:00+00:00,17951.610281470967
2026-04-11 18:00:00+00:00,17951.610281470967
2026-04-11 20:00:00+00:00,17951.610281470967
2026-04-11 22:00:00+00:00,17951.610281470967
2026-04-12 00:00:00+00:00,17951.610281470967
2026-04-12 02:00:00+00:00,17951.610281470967
2026-04-12 04:00:00+00:00,17951.610281470967
2026-04-12 06:00:00+00:00,17951.610281470967
2026-04-12 08:00:00+00:00,17951.610281470967
2026-04-12 10:00:00+00:00,17951.610281470967
2026-04-12 12:00:00+00:00,17951.610281470967
2026-04-12 14:00:00+00:00,17951.610281470967
2026-04-12 16:00:00+00:00,17951.610281470967
2026-04-12 18:00:00+00:00,17951.610281470967
2026-04-12 20:00:00+00:00,17951.610281470967
2026-04-12 22:00:00+00:00,17951.610281470967
2026-04-13 00:00:00+00:00,17951.610281470967
2026-04-13 02:00:00+00:00,17951.610281470967
2026-04-13 04:00:00+00:00,17951.610281470967
2026-04-13 06:00:00+00:00,17951.610281470967
2026-04-13 08:00:00+00:00,17951.610281470967
2026-04-13 10:00:00+00:00,17951.610281470967
2026-04-13 12:00:00+00:00,17951.610281470967
2026-04-13 14:00:00+00:00,17951.610281470967
2026-04-13 16:00:00+00:00,17951.610281470967
2026-04-13 18:00:00+00:00,17951.610281470967
2026-04-13 20:00:00+00:00,17951.610281470967
2026-04-13 22:00:00+00:00,17951.610281470967
2026-04-14 00:00:00+00:00,17951.610281470967
2026-04-14 02:00:00+00:00,17951.610281470967
2026-04-14 04:00:00+00:00,17951.610281470967
2026-04-14 06:00:00+00:00,17951.610281470967
2026-04-14 08:00:00+00:00,17951.610281470967
2026-04-14 10:00:00+00:00,17951.610281470967
2026-04-14 12:00:00+00:00,17951.610281470967
2026-04-14 14:00:00+00:00,17951.610281470967
2026-04-14 16:00:00+00:00,17951.610281470967
2026-04-14 18:00:00+00:00,17951.610281470967
2026-04-14 20:00:00+00:00,17951.610281470967
2026-04-14 22:00:00+00:00,17951.610281470967
2026-04-15 00:00:00+00:00,17951.610281470967
2026-04-15 02:00:00+00:00,17951.610281470967
2026-04-15 04:00:00+00:00,17951.610281470967
2026-04-15 06:00:00+00:00,17951.610281470967
2026-04-15 08:00:00+00:00,17951.610281470967
2026-04-15 10:00:00+00:00,17951.610281470967
2026-04-15 12:00:00+00:00,17951.610281470967
2026-04-15 14:00:00+00:00,17951.610281470967
2026-04-15 16:00:00+00:00,17915.778724022923
2026-04-15 18:00:00+00:00,17742.400220242056
2026-04-15 20:00:00+00:00,18146.950062397413
2026-04-15 22:00:00+00:00,18089.15722780379
2026-04-16 00:00:00+00:00,18087.34831208101
2026-04-16 02:00:00+00:00,18087.34831208101
2026-04-16 04:00:00+00:00,18145.141146674632
2026-04-16 06:00:00+00:00,18434.105319642742
2026-04-16 08:00:00+00:00,18374.468893625584
2026-04-16 10:00:00+00:00,18779.018735780937
2026-04-16 12:00:00+00:00,19010.190074155427
2026-04-16 14:00:00+00:00,19299.15424712354
2026-04-16 16:00:00+00:00,19355.01680104174
2026-04-16 18:00:00+00:00,19759.566643197093
2026-04-16 20:00:00+00:00,19586.188139416226
2026-04-16 22:00:00+00:00,19817.359477790716
2026-04-17 00:00:00+00:00,19699.791514376906
2026-04-17 02:00:00+00:00,19526.413010596043
2026-04-17 04:00:00+00:00,19121.863168440686
2026-04-17 06:00:00+00:00,19295.241672221553
2026-04-17 08:00:00+00:00,19524.476950637156
2026-04-17 10:00:00+00:00,19351.09844685629
2026-04-17 12:00:00+00:00,19813.441123605266
2026-04-17 14:00:00+00:00,19755.648289011642
2026-04-17 16:00:00+00:00,20042.635947036655
2026-04-17 18:00:00+00:00,19984.84311244303
2026-04-17 20:00:00+00:00,19869.25744325579
2026-04-17 22:00:00+00:00,19638.0861048813
2026-04-18 00:00:00+00:00,19462.74842400771
2026-04-18 02:00:00+00:00,19578.334093194953
2026-04-18 04:00:00+00:00,19867.298266163067
2026-04-18 06:00:00+00:00,20156.262439131177
2026-04-18 08:00:00+00:00,19749.689847765043
2026-04-18 10:00:00+00:00,19157.892027470934
2026-04-18 12:00:00+00:00,19157.892027470934
2026-04-18 14:00:00+00:00,19157.892027470934
2026-04-18 16:00:00+00:00,19157.892027470934
2026-04-18 18:00:00+00:00,19157.892027470934
2026-04-18 20:00:00+00:00,19157.892027470934
2026-04-18 22:00:00+00:00,19157.892027470934
2026-04-19 00:00:00+00:00,19157.892027470934
2026-04-19 02:00:00+00:00,19157.892027470934
2026-04-19 04:00:00+00:00,19157.892027470934
2026-04-19 06:00:00+00:00,19157.892027470934
2026-04-19 08:00:00+00:00,19157.892027470934
2026-04-19 10:00:00+00:00,19157.892027470934
2026-04-19 12:00:00+00:00,19157.892027470934
2026-04-19 14:00:00+00:00,19157.892027470934
2026-04-19 16:00:00+00:00,19157.892027470934
2026-04-19 18:00:00+00:00,19157.892027470934
2026-04-19 20:00:00+00:00,19157.892027470934
2026-04-19 22:00:00+00:00,19157.892027470934
2026-04-20 00:00:00+00:00,19157.892027470934
2026-04-20 02:00:00+00:00,19157.892027470934
2026-04-20 04:00:00+00:00,19157.892027470934
2026-04-20 06:00:00+00:00,19157.892027470934
2026-04-20 08:00:00+00:00,19157.892027470934
2026-04-20 10:00:00+00:00,19157.892027470934
2026-04-20 12:00:00+00:00,19157.892027470934
2026-04-20 14:00:00+00:00,19157.892027470934
2026-04-20 16:00:00+00:00,19157.892027470934
2026-04-20 18:00:00+00:00,19157.892027470934
2026-04-20 20:00:00+00:00,19157.892027470934
2026-04-20 22:00:00+00:00,19157.892027470934
2026-04-21 00:00:00+00:00,19157.892027470934
2026-04-21 02:00:00+00:00,19157.892027470934
2026-04-21 04:00:00+00:00,19157.892027470934
2026-04-21 06:00:00+00:00,19157.892027470934
2026-04-21 08:00:00+00:00,19157.892027470934
2026-04-21 10:00:00+00:00,19157.892027470934
2026-04-21 12:00:00+00:00,19157.892027470934
2026-04-21 14:00:00+00:00,19157.892027470934
2026-04-21 16:00:00+00:00,19157.892027470934
2026-04-21 18:00:00+00:00,19157.892027470934
2026-04-21 20:00:00+00:00,19157.892027470934
2026-04-21 22:00:00+00:00,19157.892027470934
2026-04-22 00:00:00+00:00,19157.892027470934
2026-04-22 02:00:00+00:00,19157.892027470934
2026-04-22 04:00:00+00:00,19157.892027470934
2026-04-22 06:00:00+00:00,19157.892027470934
2026-04-22 08:00:00+00:00,19157.892027470934
2026-04-22 10:00:00+00:00,19157.892027470934
2026-04-22 12:00:00+00:00,19157.892027470934
2026-04-22 14:00:00+00:00,19157.892027470934
2026-04-22 16:00:00+00:00,19157.892027470934
2026-04-22 18:00:00+00:00,19157.892027470934
2026-04-22 20:00:00+00:00,19157.892027470934
2026-04-22 22:00:00+00:00,19157.892027470934
2026-04-23 00:00:00+00:00,19157.892027470934
2026-04-23 02:00:00+00:00,19157.892027470934
2026-04-23 04:00:00+00:00,19157.892027470934
2026-04-23 06:00:00+00:00,19157.892027470934
2026-04-23 08:00:00+00:00,19157.892027470934
2026-04-23 10:00:00+00:00,19157.892027470934
2026-04-23 12:00:00+00:00,19157.892027470934
2026-04-23 14:00:00+00:00,19157.892027470934
2026-04-23 16:00:00+00:00,19157.892027470934
2026-04-23 18:00:00+00:00,19157.892027470934
2026-04-23 20:00:00+00:00,19157.892027470934
2026-04-23 22:00:00+00:00,19157.892027470934
2026-04-24 00:00:00+00:00,19157.892027470934
2026-04-24 02:00:00+00:00,19157.892027470934
2026-04-24 04:00:00+00:00,19157.892027470934
2026-04-24 06:00:00+00:00,19157.892027470934
2026-04-24 08:00:00+00:00,19157.892027470934
2026-04-24 10:00:00+00:00,19157.892027470934
2026-04-24 12:00:00+00:00,19157.892027470934
2026-04-24 14:00:00+00:00,19157.892027470934
2026-04-24 16:00:00+00:00,19157.892027470934
2026-04-24 18:00:00+00:00,19157.892027470934
2026-04-24 20:00:00+00:00,19157.892027470934
2026-04-24 22:00:00+00:00,19157.892027470934
2026-04-25 00:00:00+00:00,19157.892027470934
2026-04-25 02:00:00+00:00,19157.892027470934
2026-04-25 04:00:00+00:00,19157.892027470934
2026-04-25 06:00:00+00:00,19157.892027470934
2026-04-25 08:00:00+00:00,19157.892027470934
2026-04-25 10:00:00+00:00,19157.892027470934
2026-04-25 12:00:00+00:00,19157.892027470934
2026-04-25 14:00:00+00:00,19157.892027470934
2026-04-25 16:00:00+00:00,19157.892027470934
2026-04-25 18:00:00+00:00,19157.892027470934
2026-04-25 20:00:00+00:00,19157.892027470934
2026-04-25 22:00:00+00:00,19157.892027470934
2026-04-26 00:00:00+00:00,19157.892027470934
2026-04-26 02:00:00+00:00,19157.892027470934
2026-04-26 04:00:00+00:00,19157.892027470934
2026-04-26 06:00:00+00:00,19157.892027470934
2026-04-26 08:00:00+00:00,19157.892027470934
2026-04-26 10:00:00+00:00,19157.892027470934
2026-04-26 12:00:00+00:00,19157.892027470934
2026-04-26 14:00:00+00:00,19157.892027470934
2026-04-26 16:00:00+00:00,19157.892027470934
2026-04-26 18:00:00+00:00,19157.892027470934
2026-04-26 20:00:00+00:00,19157.892027470934
2026-04-26 22:00:00+00:00,19157.892027470934
2026-04-27 00:00:00+00:00,19157.892027470934
2026-04-27 02:00:00+00:00,19157.892027470934
2026-04-27 04:00:00+00:00,19157.892027470934
2026-04-27 06:00:00+00:00,19157.892027470934
2026-04-27 08:00:00+00:00,19157.892027470934
2026-04-27 10:00:00+00:00,19157.892027470934
2026-04-27 12:00:00+00:00,19157.892027470934
2026-04-27 14:00:00+00:00,19157.892027470934
2026-04-27 16:00:00+00:00,19157.892027470934
2026-04-27 18:00:00+00:00,19157.892027470934
2026-04-27 20:00:00+00:00,19157.892027470934
2026-04-27 22:00:00+00:00,19157.892027470934
2026-04-28 00:00:00+00:00,19157.892027470934
2026-04-28 02:00:00+00:00,19157.892027470934
2026-04-28 04:00:00+00:00,19157.892027470934
2026-04-28 06:00:00+00:00,19157.892027470934
2026-04-28 08:00:00+00:00,19157.892027470934
2026-04-28 10:00:00+00:00,19157.892027470934
2026-04-28 12:00:00+00:00,19157.892027470934
2026-04-28 14:00:00+00:00,19157.892027470934
2026-04-28 16:00:00+00:00,19157.892027470934
2026-04-28 18:00:00+00:00,19157.892027470934
2026-04-28 20:00:00+00:00,19157.892027470934
2026-04-28 22:00:00+00:00,19157.892027470934
2026-04-29 00:00:00+00:00,19157.892027470934
2026-04-29 02:00:00+00:00,19157.892027470934
2026-04-29 04:00:00+00:00,19157.892027470934
2026-04-29 06:00:00+00:00,19157.892027470934
2026-04-29 08:00:00+00:00,19157.892027470934
2026-04-29 10:00:00+00:00,19157.892027470934
2026-04-29 12:00:00+00:00,19157.892027470934
2026-04-29 14:00:00+00:00,19157.892027470934
2026-04-29 16:00:00+00:00,19157.892027470934
2026-04-29 18:00:00+00:00,19157.892027470934
2026-04-29 20:00:00+00:00,19157.892027470934
2026-04-29 22:00:00+00:00,19157.892027470934
2026-04-30 00:00:00+00:00,19157.892027470934
2026-04-30 02:00:00+00:00,19157.892027470934
2026-04-30 04:00:00+00:00,19157.892027470934
2026-04-30 06:00:00+00:00,19157.892027470934
2026-04-30 08:00:00+00:00,19157.892027470934
2026-04-30 10:00:00+00:00,19157.892027470934
2026-04-30 12:00:00+00:00,19157.892027470934
2026-04-30 14:00:00+00:00,19157.892027470934
2026-04-30 16:00:00+00:00,19157.892027470934
2026-04-30 18:00:00+00:00,19157.892027470934
2026-04-30 20:00:00+00:00,19157.892027470934
2026-04-30 22:00:00+00:00,19157.892027470934
2026-05-01 00:00:00+00:00,19157.892027470934
2026-05-01 02:00:00+00:00,19157.892027470934
2026-05-01 04:00:00+00:00,19157.892027470934
2026-05-01 06:00:00+00:00,19157.892027470934
2026-05-01 08:00:00+00:00,19157.892027470934
2026-05-01 10:00:00+00:00,19157.892027470934
2026-05-01 12:00:00+00:00,19157.892027470934
2026-05-01 14:00:00+00:00,19157.892027470934
2026-05-01 16:00:00+00:00,19157.892027470934
2026-05-01 18:00:00+00:00,19157.892027470934
2026-05-01 20:00:00+00:00,19157.892027470934
2026-05-01 22:00:00+00:00,19157.892027470934
2026-05-02 00:00:00+00:00,19157.892027470934
2026-05-02 02:00:00+00:00,19157.892027470934
2026-05-02 04:00:00+00:00,19157.892027470934
2026-05-02 06:00:00+00:00,19157.892027470934
2026-05-02 08:00:00+00:00,19157.892027470934
2026-05-02 10:00:00+00:00,19157.892027470934
2026-05-02 12:00:00+00:00,19157.892027470934
2026-05-02 14:00:00+00:00,19157.892027470934
2026-05-02 16:00:00+00:00,19157.892027470934
2026-05-02 18:00:00+00:00,19157.892027470934
2026-05-02 20:00:00+00:00,19157.892027470934
2026-05-02 22:00:00+00:00,19157.892027470934
2026-05-03 00:00:00+00:00,19157.892027470934
2026-05-03 02:00:00+00:00,19157.892027470934
2026-05-03 04:00:00+00:00,19157.892027470934
2026-05-03 06:00:00+00:00,19157.892027470934
2026-05-03 08:00:00+00:00,19157.892027470934
2026-05-03 10:00:00+00:00,19157.892027470934
2026-05-03 12:00:00+00:00,19157.892027470934
2026-05-03 14:00:00+00:00,19157.892027470934
2026-05-03 16:00:00+00:00,19157.892027470934
2026-05-03 18:00:00+00:00,19157.892027470934
2026-05-03 20:00:00+00:00,19157.892027470934
2026-05-03 22:00:00+00:00,19157.892027470934
2026-05-04 00:00:00+00:00,19157.892027470934
2026-05-04 02:00:00+00:00,19157.892027470934
2026-05-04 04:00:00+00:00,19157.892027470934
2026-05-04 06:00:00+00:00,19157.892027470934
2026-05-04 08:00:00+00:00,19157.892027470934
2026-05-04 10:00:00+00:00,19157.892027470934
2026-05-04 12:00:00+00:00,19157.892027470934
2026-05-04 14:00:00+00:00,19157.892027470934
2026-05-04 16:00:00+00:00,19157.892027470934
2026-05-04 18:00:00+00:00,19157.892027470934
2026-05-04 20:00:00+00:00,19157.892027470934
2026-05-04 22:00:00+00:00,19157.892027470934
2026-05-05 00:00:00+00:00,19157.892027470934
2026-05-05 02:00:00+00:00,19157.892027470934
2026-05-05 04:00:00+00:00,19157.892027470934
2026-05-05 06:00:00+00:00,19157.892027470934
2026-05-05 08:00:00+00:00,19157.892027470934
2026-05-05 10:00:00+00:00,19157.892027470934
2026-05-05 12:00:00+00:00,19254.587368423512
2026-05-05 14:00:00+00:00,19319.121329743637
2026-05-05 16:00:00+00:00,19312.47377110354
2026-05-05 18:00:00+00:00,19887.412699228313
2026-05-05 20:00:00+00:00,20937.55625161948
2026-05-05 22:00:00+00:00,20409.55111354571
2026-05-06 00:00:00+00:00,20824.046880381135
2026-05-06 02:00:00+00:00,21287.518057134777
2026-05-06 04:00:00+00:00,21316.851675916656
2026-05-06 06:00:00+00:00,20859.247222919388
2026-05-06 08:00:00+00:00,21379.30001694139
2026-05-06 10:00:00+00:00,21784.103956131283
2026-05-06 12:00:00+00:00,21267.83226557026
2026-05-06 14:00:00+00:00,21520.101387094397
2026-05-06 16:00:00+00:00,21400.61499769305
2026-05-06 18:00:00+00:00,21318.4808651038
2026-05-06 20:00:00+00:00,22087.021677188954
2026-05-06 22:00:00+00:00,21787.818765613818
2026-05-07 00:00:00+00:00,21462.970644482437
2026-05-07 02:00:00+00:00,21597.90529087907
2026-05-07 04:00:00+00:00,22166.977495247465
2026-05-07 06:00:00+00:00,22243.244904080344
2026-05-07 08:00:00+00:00,21941.81733085679
2026-05-07 10:00:00+00:00,22076.751977253418
2026-05-07 12:00:00+00:00,21953.55077836954
2026-05-07 14:00:00+00:00,21302.344441411886
2026-05-07 16:00:00+00:00,21546.614871766582
2026-05-07 18:00:00+00:00,21892.75157339272
2026-05-07 20:00:00+00:00,21845.81778334172
2026-05-07 22:00:00+00:00,21951.418810956475
2026-05-08 00:00:00+00:00,22142.823606870093
2026-05-08 02:00:00+00:00,21990.288789204336
2026-05-08 04:00:00+00:00,21702.81932514195
2026-05-08 06:00:00+00:00,22113.48998808822
2026-05-08 08:00:00+00:00,22439.813003571948
2026-05-08 10:00:00+00:00,22879.81728530009
2026-05-08 12:00:00+00:00,24745.435439827415
2026-05-08 14:00:00+00:00,23959.294456473137
2026-05-08 16:00:00+00:00,23355.568747541307
2026-05-08 18:00:00+00:00,23355.568747541307
2026-05-08 20:00:00+00:00,23355.568747541307
2026-05-08 22:00:00+00:00,23355.568747541307
2026-05-09 00:00:00+00:00,23355.568747541307
2026-05-09 02:00:00+00:00,23355.568747541307
2026-05-09 04:00:00+00:00,23355.568747541307
2026-05-09 06:00:00+00:00,23355.568747541307
2026-05-09 08:00:00+00:00,23355.568747541307
2026-05-09 10:00:00+00:00,23355.568747541307
2026-05-09 12:00:00+00:00,23355.568747541307
2026-05-09 14:00:00+00:00,23355.568747541307
2026-05-09 16:00:00+00:00,23355.568747541307
2026-05-09 18:00:00+00:00,23355.568747541307
2026-05-09 20:00:00+00:00,23355.568747541307
2026-05-09 22:00:00+00:00,23355.568747541307
2026-05-10 00:00:00+00:00,23355.568747541307
2026-05-10 02:00:00+00:00,23355.568747541307
2026-05-10 04:00:00+00:00,23355.568747541307
2026-05-10 06:00:00+00:00,23355.568747541307
2026-05-10 08:00:00+00:00,23355.568747541307
2026-05-10 10:00:00+00:00,23355.568747541307
2026-05-10 12:00:00+00:00,23355.568747541307
2026-05-10 14:00:00+00:00,23355.568747541307
2026-05-10 16:00:00+00:00,23355.568747541307
2026-05-10 18:00:00+00:00,23355.568747541307
2026-05-10 20:00:00+00:00,23355.568747541307
2026-05-10 22:00:00+00:00,23355.568747541307
2026-05-11 00:00:00+00:00,23355.568747541307
2026-05-11 02:00:00+00:00,23355.568747541307
2026-05-11 04:00:00+00:00,23355.568747541307
2026-05-11 06:00:00+00:00,23355.568747541307
2026-05-11 08:00:00+00:00,23355.568747541307
2026-05-11 10:00:00+00:00,23355.568747541307
2026-05-11 12:00:00+00:00,23355.568747541307
2026-05-11 14:00:00+00:00,23355.568747541307
2026-05-11 16:00:00+00:00,23355.568747541307
2026-05-11 18:00:00+00:00,23355.568747541307
2026-05-11 20:00:00+00:00,23355.568747541307
2026-05-11 22:00:00+00:00,23355.568747541307
2026-05-12 00:00:00+00:00,23355.568747541307
2026-05-12 02:00:00+00:00,23355.568747541307
2026-05-12 04:00:00+00:00,23355.568747541307
2026-05-12 06:00:00+00:00,23355.568747541307
2026-05-12 08:00:00+00:00,23355.568747541307
2026-05-12 10:00:00+00:00,23355.568747541307
2026-05-12 12:00:00+00:00,23355.568747541307
2026-05-12 14:00:00+00:00,23355.568747541307
2026-05-12 16:00:00+00:00,23355.568747541307
2026-05-12 18:00:00+00:00,23355.568747541307
2026-05-12 20:00:00+00:00,23355.568747541307
2026-05-12 22:00:00+00:00,23355.568747541307
2026-05-13 00:00:00+00:00,23355.568747541307
2026-05-13 02:00:00+00:00,23355.568747541307
2026-05-13 04:00:00+00:00,23355.568747541307
2026-05-13 06:00:00+00:00,23355.568747541307
2026-05-13 08:00:00+00:00,23355.568747541307
2026-05-13 10:00:00+00:00,23355.568747541307
2026-05-13 12:00:00+00:00,23355.568747541307
2026-05-13 14:00:00+00:00,23355.568747541307
2026-05-13 16:00:00+00:00,23355.568747541307
2026-05-13 18:00:00+00:00,23355.568747541307
2026-05-13 20:00:00+00:00,23355.568747541307
2026-05-13 22:00:00+00:00,23355.568747541307
2026-05-14 00:00:00+00:00,23355.568747541307
2026-05-14 02:00:00+00:00,23355.568747541307
2026-05-14 04:00:00+00:00,23355.568747541307
2026-05-14 06:00:00+00:00,23355.568747541307
2026-05-14 08:00:00+00:00,23355.568747541307
2026-05-14 10:00:00+00:00,23355.568747541307
2026-05-14 12:00:00+00:00,23355.568747541307
2026-05-14 14:00:00+00:00,23355.568747541307
2026-05-14 16:00:00+00:00,23355.568747541307
2026-05-14 18:00:00+00:00,23355.568747541307
2026-05-14 20:00:00+00:00,23355.568747541307
2026-05-14 22:00:00+00:00,23355.568747541307
2026-05-15 00:00:00+00:00,23355.568747541307
2026-05-15 02:00:00+00:00,23355.568747541307
2026-05-15 04:00:00+00:00,23355.568747541307
2026-05-15 06:00:00+00:00,23355.568747541307
2026-05-15 08:00:00+00:00,23355.568747541307
2026-05-15 10:00:00+00:00,23355.568747541307
2026-05-15 12:00:00+00:00,23355.568747541307
2026-05-15 14:00:00+00:00,23355.568747541307
2026-05-15 16:00:00+00:00,23355.568747541307
2026-05-15 18:00:00+00:00,23355.568747541307
2026-05-15 20:00:00+00:00,23355.568747541307
2026-05-15 22:00:00+00:00,23355.568747541307
2026-05-16 00:00:00+00:00,23355.568747541307
2026-05-16 02:00:00+00:00,23355.568747541307
2026-05-16 04:00:00+00:00,23355.568747541307
2026-05-16 06:00:00+00:00,23355.568747541307
2026-05-16 08:00:00+00:00,23355.568747541307
2026-05-16 10:00:00+00:00,23355.568747541307
2026-05-16 12:00:00+00:00,23355.568747541307
2026-05-16 14:00:00+00:00,23355.568747541307
2026-05-16 16:00:00+00:00,23355.568747541307
2026-05-16 18:00:00+00:00,23355.568747541307
2026-05-16 20:00:00+00:00,23355.568747541307
2026-05-16 22:00:00+00:00,23355.568747541307
2026-05-17 00:00:00+00:00,23355.568747541307
2026-05-17 02:00:00+00:00,23355.568747541307
2026-05-17 04:00:00+00:00,23355.568747541307
2026-05-17 06:00:00+00:00,23355.568747541307
2026-05-17 08:00:00+00:00,23355.568747541307
2026-05-17 10:00:00+00:00,23355.568747541307
2026-05-17 12:00:00+00:00,23355.568747541307
2026-05-17 14:00:00+00:00,23355.568747541307
2026-05-17 16:00:00+00:00,23355.568747541307
2026-05-17 18:00:00+00:00,23355.568747541307
2026-05-17 20:00:00+00:00,23355.568747541307
2026-05-17 22:00:00+00:00,23355.568747541307
2026-05-18 00:00:00+00:00,23355.568747541307
2026-05-18 02:00:00+00:00,23355.568747541307
2026-05-18 04:00:00+00:00,23355.568747541307
2026-05-18 06:00:00+00:00,23355.568747541307
2026-05-18 08:00:00+00:00,23355.568747541307
2026-05-18 10:00:00+00:00,23355.568747541307
2026-05-18 12:00:00+00:00,23355.568747541307
2026-05-18 14:00:00+00:00,23355.568747541307
2026-05-18 16:00:00+00:00,23355.568747541307
2026-05-18 18:00:00+00:00,23355.568747541307
2026-05-18 20:00:00+00:00,23355.568747541307
2026-05-18 22:00:00+00:00,23355.568747541307
2026-05-19 00:00:00+00:00,23355.568747541307
2026-05-19 02:00:00+00:00,23355.568747541307
2026-05-19 04:00:00+00:00,23355.568747541307
2026-05-19 06:00:00+00:00,23355.568747541307
2026-05-19 08:00:00+00:00,23355.568747541307
2026-05-19 10:00:00+00:00,23355.568747541307
2026-05-19 12:00:00+00:00,23355.568747541307
2026-05-19 14:00:00+00:00,23355.568747541307
2026-05-19 16:00:00+00:00,23355.568747541307
2026-05-19 18:00:00+00:00,23355.568747541307
2026-05-19 20:00:00+00:00,23355.568747541307
2026-05-19 22:00:00+00:00,23355.568747541307
2026-05-20 00:00:00+00:00,23355.568747541307
2026-05-20 02:00:00+00:00,23355.568747541307
2026-05-20 04:00:00+00:00,23355.568747541307
2026-05-20 06:00:00+00:00,23355.568747541307
2026-05-20 08:00:00+00:00,23355.568747541307
2026-05-20 10:00:00+00:00,23355.568747541307
2026-05-20 12:00:00+00:00,23355.568747541307
2026-05-20 14:00:00+00:00,23355.568747541307
2026-05-20 16:00:00+00:00,23355.568747541307
2026-05-20 18:00:00+00:00,23355.568747541307
2026-05-20 20:00:00+00:00,23355.568747541307
2026-05-20 22:00:00+00:00,23355.568747541307
2026-05-21 00:00:00+00:00,23355.568747541307
2026-05-21 02:00:00+00:00,23355.568747541307
2026-05-21 04:00:00+00:00,23355.568747541307
2026-05-21 06:00:00+00:00,23355.568747541307
2026-05-21 08:00:00+00:00,23355.568747541307
2026-05-21 10:00:00+00:00,23355.568747541307
2026-05-21 12:00:00+00:00,23355.568747541307
2026-05-21 14:00:00+00:00,23355.568747541307
2026-05-21 16:00:00+00:00,23355.568747541307
2026-05-21 18:00:00+00:00,23355.568747541307
2026-05-21 20:00:00+00:00,23355.568747541307
2026-05-21 22:00:00+00:00,23355.568747541307
2026-05-22 00:00:00+00:00,23355.568747541307
2026-05-22 02:00:00+00:00,23355.568747541307
2026-05-22 04:00:00+00:00,23355.568747541307
2026-05-22 06:00:00+00:00,23355.568747541307
2026-05-22 08:00:00+00:00,23355.568747541307
2026-05-22 10:00:00+00:00,23355.568747541307
2026-05-22 12:00:00+00:00,23355.568747541307
2026-05-22 14:00:00+00:00,23355.568747541307
2026-05-22 16:00:00+00:00,23355.568747541307
2026-05-22 18:00:00+00:00,23355.568747541307
2026-05-22 20:00:00+00:00,23355.568747541307
2026-05-22 22:00:00+00:00,23355.568747541307
2026-05-23 00:00:00+00:00,23355.568747541307
2026-05-23 02:00:00+00:00,23355.568747541307
2026-05-23 04:00:00+00:00,23355.568747541307
2026-05-23 06:00:00+00:00,23355.568747541307
2026-05-23 08:00:00+00:00,23355.568747541307
2026-05-23 10:00:00+00:00,23355.568747541307
2026-05-23 12:00:00+00:00,23355.568747541307
2026-05-23 14:00:00+00:00,23355.568747541307
2026-05-23 16:00:00+00:00,23355.568747541307
2026-05-23 18:00:00+00:00,23355.568747541307
2026-05-23 20:00:00+00:00,23355.568747541307
2026-05-23 22:00:00+00:00,23355.568747541307
2026-05-24 00:00:00+00:00,23355.568747541307
2026-05-24 02:00:00+00:00,23355.568747541307
2026-05-24 04:00:00+00:00,23355.568747541307
2026-05-24 06:00:00+00:00,23355.568747541307
2026-05-24 08:00:00+00:00,23355.568747541307
2026-05-24 10:00:00+00:00,23355.568747541307
2026-05-24 12:00:00+00:00,23355.568747541307
2026-05-24 14:00:00+00:00,23355.568747541307
2026-05-24 16:00:00+00:00,23355.568747541307
2026-05-24 18:00:00+00:00,23355.568747541307
2026-05-24 20:00:00+00:00,23355.568747541307
2026-05-24 22:00:00+00:00,23355.568747541307
2026-05-25 00:00:00+00:00,23355.568747541307
2026-05-25 02:00:00+00:00,23355.568747541307
2026-05-25 04:00:00+00:00,23355.568747541307
2026-05-25 06:00:00+00:00,23355.568747541307
2026-05-25 08:00:00+00:00,23355.568747541307
2026-05-25 10:00:00+00:00,23355.568747541307
2026-05-25 12:00:00+00:00,23355.568747541307
2026-05-25 14:00:00+00:00,23355.568747541307
2026-05-25 16:00:00+00:00,23355.568747541307
2026-05-25 18:00:00+00:00,23355.568747541307
2026-05-25 20:00:00+00:00,23355.568747541307
2026-05-25 22:00:00+00:00,23355.568747541307
2026-05-26 00:00:00+00:00,23355.568747541307
2026-05-26 02:00:00+00:00,23355.568747541307
2026-05-26 04:00:00+00:00,23355.568747541307
2026-05-26 06:00:00+00:00,23355.568747541307
2026-05-26 08:00:00+00:00,23355.568747541307
2026-05-26 10:00:00+00:00,23355.568747541307
2026-05-26 12:00:00+00:00,23355.568747541307
2026-05-26 14:00:00+00:00,23355.568747541307
2026-05-26 16:00:00+00:00,23355.568747541307
2026-05-26 18:00:00+00:00,23355.568747541307
2026-05-26 20:00:00+00:00,23355.568747541307
2026-05-26 22:00:00+00:00,23355.568747541307
2026-05-27 00:00:00+00:00,23355.568747541307
2026-05-27 02:00:00+00:00,23355.568747541307
2026-05-27 04:00:00+00:00,23355.568747541307
2026-05-27 06:00:00+00:00,23355.568747541307
2026-05-27 08:00:00+00:00,23355.568747541307
2026-05-27 10:00:00+00:00,23355.568747541307
2026-05-27 12:00:00+00:00,23355.568747541307
2026-05-27 14:00:00+00:00,23355.568747541307
2026-05-27 16:00:00+00:00,23355.568747541307
2026-05-27 18:00:00+00:00,23355.568747541307
2026-05-27 20:00:00+00:00,23355.568747541307
2026-05-27 22:00:00+00:00,23355.568747541307
2026-05-28 00:00:00+00:00,23355.568747541307
2026-05-28 02:00:00+00:00,23355.568747541307
2026-05-28 04:00:00+00:00,23355.568747541307
2026-05-28 06:00:00+00:00,23355.568747541307
2026-05-28 08:00:00+00:00,23355.568747541307
2026-05-28 10:00:00+00:00,23355.568747541307
2026-05-28 12:00:00+00:00,23355.568747541307
2026-05-28 14:00:00+00:00,23355.568747541307
2026-05-28 16:00:00+00:00,23355.568747541307
2026-05-28 18:00:00+00:00,23355.568747541307
2026-05-28 20:00:00+00:00,23355.568747541307
2026-05-28 22:00:00+00:00,23355.568747541307
2026-05-29 00:00:00+00:00,23355.568747541307
2026-05-29 02:00:00+00:00,23355.568747541307
2026-05-29 04:00:00+00:00,23355.568747541307
2026-05-29 06:00:00+00:00,23355.568747541307
2026-05-29 08:00:00+00:00,23355.568747541307
2026-05-29 10:00:00+00:00,23355.568747541307
2026-05-29 12:00:00+00:00,23355.568747541307
2026-05-29 14:00:00+00:00,23355.568747541307
2026-05-29 16:00:00+00:00,23355.568747541307
2026-05-29 18:00:00+00:00,23355.568747541307
2026-05-29 20:00:00+00:00,23355.568747541307
2026-05-29 22:00:00+00:00,23355.568747541307
2026-05-30 00:00:00+00:00,23355.568747541307
2026-05-30 02:00:00+00:00,23355.568747541307
2026-05-30 04:00:00+00:00,23355.568747541307
2026-05-30 06:00:00+00:00,23355.568747541307
2026-05-30 08:00:00+00:00,23355.568747541307
2026-05-30 10:00:00+00:00,23355.568747541307
2026-05-30 12:00:00+00:00,23355.568747541307
2026-05-30 14:00:00+00:00,23355.568747541307
2026-05-30 16:00:00+00:00,23355.568747541307
2026-05-30 18:00:00+00:00,23355.568747541307
2026-05-30 20:00:00+00:00,23355.568747541307
2026-05-30 22:00:00+00:00,23355.568747541307
2026-05-31 00:00:00+00:00,23355.568747541307
2026-05-31 02:00:00+00:00,23355.568747541307
2026-05-31 04:00:00+00:00,23355.568747541307
2026-05-31 06:00:00+00:00,23355.568747541307
2026-05-31 08:00:00+00:00,23355.568747541307
2026-05-31 10:00:00+00:00,23355.568747541307
2026-05-31 12:00:00+00:00,23355.568747541307
2026-05-31 14:00:00+00:00,23355.568747541307
2026-05-31 16:00:00+00:00,23355.568747541307
2026-05-31 18:00:00+00:00,23355.568747541307
2026-05-31 20:00:00+00:00,23355.568747541307
2026-05-31 22:00:00+00:00,23355.568747541307
2026-06-01 00:00:00+00:00,23355.568747541307
2026-06-01 02:00:00+00:00,23355.568747541307
2026-06-01 04:00:00+00:00,23355.568747541307
2026-06-01 06:00:00+00:00,23355.568747541307
2026-06-01 08:00:00+00:00,23355.568747541307
2026-06-01 10:00:00+00:00,23355.568747541307
2026-06-01 12:00:00+00:00,23355.568747541307
2026-06-01 14:00:00+00:00,23355.568747541307
2026-06-01 16:00:00+00:00,23355.568747541307
2026-06-01 18:00:00+00:00,23355.568747541307
2026-06-01 20:00:00+00:00,23355.568747541307
2026-06-01 22:00:00+00:00,23355.568747541307
2026-06-02 00:00:00+00:00,23355.568747541307
2026-06-02 02:00:00+00:00,23355.568747541307
2026-06-02 04:00:00+00:00,23355.568747541307
2026-06-02 06:00:00+00:00,23355.568747541307
2026-06-02 08:00:00+00:00,23355.568747541307
2026-06-02 10:00:00+00:00,23355.568747541307
2026-06-02 12:00:00+00:00,23355.568747541307
2026-06-02 14:00:00+00:00,23355.568747541307
2026-06-02 16:00:00+00:00,23355.568747541307
2026-06-02 18:00:00+00:00,23355.568747541307
2026-06-02 20:00:00+00:00,23355.568747541307
2026-06-02 22:00:00+00:00,23355.568747541307
2026-06-03 00:00:00+00:00,23355.568747541307
2026-06-03 02:00:00+00:00,23355.568747541307
2026-06-03 04:00:00+00:00,23355.568747541307
2026-06-03 06:00:00+00:00,23355.568747541307
2026-06-03 08:00:00+00:00,23355.568747541307
2026-06-03 10:00:00+00:00,23355.568747541307
2026-06-03 12:00:00+00:00,23355.568747541307
2026-06-03 14:00:00+00:00,23355.568747541307
2026-06-03 16:00:00+00:00,23355.568747541307
2026-06-03 18:00:00+00:00,23355.568747541307
2026-06-03 20:00:00+00:00,23355.568747541307
2026-06-03 22:00:00+00:00,23355.568747541307
2026-06-04 00:00:00+00:00,23355.568747541307
2026-06-04 02:00:00+00:00,23355.568747541307
2026-06-04 04:00:00+00:00,23355.568747541307
2026-06-04 06:00:00+00:00,23355.568747541307
2026-06-04 08:00:00+00:00,23355.568747541307
2026-06-04 10:00:00+00:00,23355.568747541307
2026-06-04 12:00:00+00:00,23355.568747541307
2026-06-04 14:00:00+00:00,23355.568747541307
2026-06-04 16:00:00+00:00,23355.568747541307
2026-06-04 18:00:00+00:00,23355.568747541307
2026-06-04 20:00:00+00:00,23355.568747541307
2026-06-04 22:00:00+00:00,23355.568747541307
2026-06-05 00:00:00+00:00,23355.568747541307
2026-06-05 02:00:00+00:00,23355.568747541307
2026-06-05 04:00:00+00:00,23355.568747541307
2026-06-05 06:00:00+00:00,23355.568747541307
2026-06-05 08:00:00+00:00,23355.568747541307
2026-06-05 10:00:00+00:00,23355.568747541307
2026-06-05 12:00:00+00:00,23355.568747541307
2026-06-05 14:00:00+00:00,23355.568747541307
2026-06-05 16:00:00+00:00,23355.568747541307
2026-06-05 18:00:00+00:00,23355.568747541307
2026-06-05 20:00:00+00:00,23355.568747541307
2026-06-05 22:00:00+00:00,23355.568747541307
2026-06-06 00:00:00+00:00,23355.568747541307
2026-06-06 02:00:00+00:00,23355.568747541307
2026-06-06 04:00:00+00:00,23355.568747541307
2026-06-06 06:00:00+00:00,23355.568747541307
2026-06-06 08:00:00+00:00,23355.568747541307
2026-06-06 10:00:00+00:00,23355.568747541307
2026-06-06 12:00:00+00:00,23355.568747541307
2026-06-06 14:00:00+00:00,23355.568747541307
2026-06-06 16:00:00+00:00,23355.568747541307
2026-06-06 18:00:00+00:00,23355.568747541307
2026-06-06 20:00:00+00:00,23355.568747541307
2026-06-06 22:00:00+00:00,23355.568747541307
2026-06-07 00:00:00+00:00,23355.568747541307
2026-06-07 02:00:00+00:00,23355.568747541307
2026-06-07 04:00:00+00:00,23355.568747541307
2026-06-07 06:00:00+00:00,23355.568747541307
2026-06-07 08:00:00+00:00,23355.568747541307
2026-06-07 10:00:00+00:00,23355.568747541307
2026-06-07 12:00:00+00:00,23355.568747541307
2026-06-07 14:00:00+00:00,23355.568747541307
2026-06-07 16:00:00+00:00,23355.568747541307
2026-06-07 18:00:00+00:00,23355.568747541307
2026-06-07 20:00:00+00:00,23355.568747541307
2026-06-07 22:00:00+00:00,23355.568747541307
2026-06-08 00:00:00+00:00,23355.568747541307
2026-06-08 02:00:00+00:00,23355.568747541307
2026-06-08 04:00:00+00:00,23355.568747541307
2026-06-08 06:00:00+00:00,23355.568747541307
2026-06-08 08:00:00+00:00,23355.568747541307
2026-06-08 10:00:00+00:00,23355.568747541307
2026-06-08 12:00:00+00:00,23355.568747541307
2026-06-08 14:00:00+00:00,23355.568747541307
2026-06-08 16:00:00+00:00,23355.568747541307
2026-06-08 18:00:00+00:00,23355.568747541307
2026-06-08 20:00:00+00:00,23355.568747541307
2026-06-08 22:00:00+00:00,23355.568747541307
2026-06-09 00:00:00+00:00,23355.568747541307
2026-06-09 02:00:00+00:00,23355.568747541307
2026-06-09 04:00:00+00:00,23355.568747541307
2026-06-09 06:00:00+00:00,23355.568747541307
2026-06-09 08:00:00+00:00,23355.568747541307
2026-06-09 10:00:00+00:00,23355.568747541307
2026-06-09 12:00:00+00:00,23355.568747541307
2026-06-09 14:00:00+00:00,23355.568747541307
2026-06-09 16:00:00+00:00,23355.568747541307
2026-06-09 18:00:00+00:00,23355.568747541307
2026-06-09 20:00:00+00:00,23355.568747541307
2026-06-09 22:00:00+00:00,23355.568747541307
2026-06-10 00:00:00+00:00,23355.568747541307
2026-06-10 02:00:00+00:00,23355.568747541307
2026-06-10 04:00:00+00:00,23355.568747541307
2026-06-10 06:00:00+00:00,23355.568747541307
2026-06-10 08:00:00+00:00,23355.568747541307
2026-06-10 10:00:00+00:00,23355.568747541307
2026-06-10 12:00:00+00:00,23355.568747541307
2026-06-10 14:00:00+00:00,23355.568747541307
2026-06-10 16:00:00+00:00,23355.568747541307
2026-06-10 18:00:00+00:00,23355.568747541307
2026-06-10 20:00:00+00:00,23355.568747541307
2026-06-10 22:00:00+00:00,23355.568747541307
2026-06-11 00:00:00+00:00,23355.568747541307
2026-06-11 02:00:00+00:00,23355.568747541307
2026-06-11 04:00:00+00:00,23355.568747541307
2026-06-11 06:00:00+00:00,23355.568747541307
2026-06-11 08:00:00+00:00,23355.568747541307
2026-06-11 10:00:00+00:00,23355.568747541307
2026-06-11 12:00:00+00:00,23355.568747541307
2026-06-11 14:00:00+00:00,23355.568747541307
2026-06-11 16:00:00+00:00,23355.568747541307
2026-06-11 18:00:00+00:00,23355.568747541307
2026-06-11 20:00:00+00:00,23355.568747541307
2026-06-11 22:00:00+00:00,23355.568747541307
2026-06-12 00:00:00+00:00,23355.568747541307
2026-06-12 02:00:00+00:00,23355.568747541307
2026-06-12 04:00:00+00:00,23355.568747541307
2026-06-12 06:00:00+00:00,23355.568747541307
2026-06-12 08:00:00+00:00,23355.568747541307
2026-06-12 10:00:00+00:00,23355.568747541307
2026-06-12 12:00:00+00:00,23355.568747541307
2026-06-12 14:00:00+00:00,23355.568747541307
2026-06-12 16:00:00+00:00,23355.568747541307
2026-06-12 18:00:00+00:00,23355.568747541307
2026-06-12 20:00:00+00:00,23355.568747541307
2026-06-12 22:00:00+00:00,23355.568747541307
2026-06-13 00:00:00+00:00,23355.568747541307
2026-06-13 02:00:00+00:00,23355.568747541307
2026-06-13 04:00:00+00:00,23355.568747541307
2026-06-13 06:00:00+00:00,23355.568747541307
2026-06-13 08:00:00+00:00,23355.568747541307
2026-06-13 10:00:00+00:00,23355.568747541307
2026-06-13 12:00:00+00:00,23355.568747541307
2026-06-13 14:00:00+00:00,23355.568747541307
2026-06-13 16:00:00+00:00,23355.568747541307
2026-06-13 18:00:00+00:00,23355.568747541307
2026-06-13 20:00:00+00:00,23355.568747541307
2026-06-13 22:00:00+00:00,23355.568747541307
2026-06-14 00:00:00+00:00,23355.568747541307
2026-06-14 02:00:00+00:00,23355.568747541307
2026-06-14 04:00:00+00:00,23355.568747541307
2026-06-14 06:00:00+00:00,23355.568747541307
2026-06-14 08:00:00+00:00,23355.568747541307
2026-06-14 10:00:00+00:00,23355.568747541307
2026-06-14 12:00:00+00:00,23355.568747541307
2026-06-14 14:00:00+00:00,23355.568747541307
2026-06-14 16:00:00+00:00,23355.568747541307
2026-06-14 18:00:00+00:00,23355.568747541307
2026-06-14 20:00:00+00:00,23355.568747541307
2026-06-14 22:00:00+00:00,23355.568747541307
2026-06-15 00:00:00+00:00,23355.568747541307
2026-06-15 02:00:00+00:00,23355.568747541307
2026-06-15 04:00:00+00:00,23355.568747541307
2026-06-15 06:00:00+00:00,23355.568747541307
2026-06-15 08:00:00+00:00,23355.568747541307
2026-06-15 10:00:00+00:00,23355.568747541307
2026-06-15 12:00:00+00:00,23384.65656855356
2026-06-15 14:00:00+00:00,23468.774038224616
2026-06-15 16:00:00+00:00,23373.897103007934
2026-06-15 18:00:00+00:00,23003.780236455288
2026-06-15 20:00:00+00:00,23138.36818792898
2026-06-15 22:00:00+00:00,23071.074212192136
2026-06-16 00:00:00+00:00,22960.21457643346
2026-06-16 02:00:00+00:00,22779.56193435162
2026-06-16 04:00:00+00:00,22779.56193435162
2026-06-16 06:00:00+00:00,22779.56193435162
2026-06-16 08:00:00+00:00,22779.56193435162
2026-06-16 10:00:00+00:00,22779.56193435162
2026-06-16 12:00:00+00:00,22779.56193435162
2026-06-16 14:00:00+00:00,22779.56193435162
2026-06-16 16:00:00+00:00,22779.56193435162
2026-06-16 18:00:00+00:00,22779.56193435162
2026-06-16 20:00:00+00:00,22779.56193435162
2026-06-16 22:00:00+00:00,22779.56193435162
2026-06-17 00:00:00+00:00,22779.56193435162
2026-06-17 02:00:00+00:00,22779.56193435162
2026-06-17 04:00:00+00:00,22779.56193435162
2026-06-17 06:00:00+00:00,22779.56193435162
2026-06-17 08:00:00+00:00,22779.56193435162
2026-06-17 10:00:00+00:00,22779.56193435162
2026-06-17 12:00:00+00:00,22779.56193435162
2026-06-17 14:00:00+00:00,22779.56193435162
2026-06-17 16:00:00+00:00,22779.56193435162
2026-06-17 18:00:00+00:00,22779.56193435162
2026-06-17 20:00:00+00:00,22779.56193435162
2026-06-17 22:00:00+00:00,22779.56193435162
2026-06-18 00:00:00+00:00,22779.56193435162
2026-06-18 02:00:00+00:00,22779.56193435162
2026-06-18 04:00:00+00:00,22779.56193435162
2026-06-18 06:00:00+00:00,22779.56193435162
2026-06-18 08:00:00+00:00,22779.56193435162
2026-06-18 10:00:00+00:00,22779.56193435162
2026-06-18 12:00:00+00:00,22779.56193435162
2026-06-18 14:00:00+00:00,22779.56193435162
2026-06-18 16:00:00+00:00,22779.56193435162
2026-06-18 18:00:00+00:00,22779.56193435162
2026-06-18 20:00:00+00:00,22779.56193435162
2026-06-18 22:00:00+00:00,22779.56193435162
2026-06-19 00:00:00+00:00,22779.56193435162
2026-06-19 02:00:00+00:00,22779.56193435162
2026-06-19 04:00:00+00:00,22779.56193435162
2026-06-19 06:00:00+00:00,22779.56193435162
2026-06-19 08:00:00+00:00,22779.56193435162
2026-06-19 10:00:00+00:00,22779.56193435162
2026-06-19 12:00:00+00:00,22779.56193435162
2026-06-19 14:00:00+00:00,22779.56193435162
2026-06-19 16:00:00+00:00,22779.56193435162
2026-06-19 18:00:00+00:00,22779.56193435162
2026-06-19 20:00:00+00:00,22779.56193435162
2026-06-19 22:00:00+00:00,22779.56193435162
2026-06-20 00:00:00+00:00,22779.56193435162
2026-06-20 02:00:00+00:00,22779.56193435162
2026-06-20 04:00:00+00:00,22779.56193435162
2026-06-20 06:00:00+00:00,22779.56193435162
2026-06-20 08:00:00+00:00,22779.56193435162
2026-06-20 10:00:00+00:00,22779.56193435162
2026-06-20 12:00:00+00:00,22779.56193435162
2026-06-20 14:00:00+00:00,22779.56193435162
2026-06-20 16:00:00+00:00,22779.56193435162
2026-06-20 18:00:00+00:00,22779.56193435162
2026-06-20 20:00:00+00:00,22779.56193435162
2026-06-20 22:00:00+00:00,22779.56193435162
2026-06-21 00:00:00+00:00,22779.56193435162
2026-06-21 02:00:00+00:00,22779.56193435162
2026-06-21 04:00:00+00:00,22779.56193435162
2026-06-21 06:00:00+00:00,22779.56193435162
2026-06-21 08:00:00+00:00,22779.56193435162
2026-06-21 10:00:00+00:00,22779.56193435162
2026-06-21 12:00:00+00:00,22779.56193435162
2026-06-21 14:00:00+00:00,22779.56193435162
2026-06-21 16:00:00+00:00,22779.56193435162
2026-06-21 18:00:00+00:00,22779.56193435162
2026-06-21 20:00:00+00:00,22779.56193435162
2026-06-21 22:00:00+00:00,22779.56193435162
2026-06-22 00:00:00+00:00,22779.56193435162
2026-06-22 02:00:00+00:00,22779.56193435162
2026-06-22 04:00:00+00:00,22779.56193435162
2026-06-22 06:00:00+00:00,22779.56193435162
2026-06-22 08:00:00+00:00,22779.56193435162
2026-06-22 10:00:00+00:00,22779.56193435162
2026-06-22 12:00:00+00:00,22779.56193435162
2026-06-22 14:00:00+00:00,22779.56193435162
2026-06-22 16:00:00+00:00,22779.56193435162
2026-06-22 18:00:00+00:00,22779.56193435162
2026-06-22 20:00:00+00:00,22779.56193435162
2026-06-22 22:00:00+00:00,22779.56193435162
2026-06-23 00:00:00+00:00,22779.56193435162
2026-06-23 02:00:00+00:00,22779.56193435162
2026-06-23 04:00:00+00:00,22779.56193435162
2026-06-23 06:00:00+00:00,22779.56193435162
2026-06-23 08:00:00+00:00,22779.56193435162
2026-06-23 10:00:00+00:00,22779.56193435162
2026-06-23 12:00:00+00:00,22779.56193435162
2026-06-23 14:00:00+00:00,22779.56193435162
2026-06-23 16:00:00+00:00,22779.56193435162
2026-06-23 18:00:00+00:00,22779.56193435162
2026-06-23 20:00:00+00:00,22779.56193435162
2026-06-23 22:00:00+00:00,22779.56193435162
2026-06-24 00:00:00+00:00,22779.56193435162
2026-06-24 02:00:00+00:00,22779.56193435162
2026-06-24 04:00:00+00:00,22779.56193435162
2026-06-24 06:00:00+00:00,22779.56193435162
2026-06-24 08:00:00+00:00,22779.56193435162
2026-06-24 10:00:00+00:00,22779.56193435162
2026-06-24 12:00:00+00:00,22779.56193435162
2026-06-24 14:00:00+00:00,22779.56193435162
2026-06-24 16:00:00+00:00,22779.56193435162
2026-06-24 18:00:00+00:00,22779.56193435162
2026-06-24 20:00:00+00:00,22779.56193435162
2026-06-24 22:00:00+00:00,22779.56193435162
2026-06-25 00:00:00+00:00,22779.56193435162
2026-06-25 02:00:00+00:00,22779.56193435162
2026-06-25 04:00:00+00:00,22779.56193435162
2026-06-25 06:00:00+00:00,22779.56193435162
2026-06-25 08:00:00+00:00,22779.56193435162
2026-06-25 10:00:00+00:00,22779.56193435162
2026-06-25 12:00:00+00:00,22779.56193435162
2026-06-25 14:00:00+00:00,22779.56193435162
2026-06-25 16:00:00+00:00,22779.56193435162
2026-06-25 18:00:00+00:00,22779.56193435162
2026-06-25 20:00:00+00:00,22779.56193435162
2026-06-25 22:00:00+00:00,22779.56193435162
2026-06-26 00:00:00+00:00,22779.56193435162
2026-06-26 02:00:00+00:00,22779.56193435162
2026-06-26 04:00:00+00:00,22779.56193435162
2026-06-26 06:00:00+00:00,22779.56193435162
2026-06-26 08:00:00+00:00,22779.56193435162
2026-06-26 10:00:00+00:00,22779.56193435162
2026-06-26 12:00:00+00:00,22779.56193435162
2026-06-26 14:00:00+00:00,22779.56193435162
2026-06-26 16:00:00+00:00,22779.56193435162
2026-06-26 18:00:00+00:00,22779.56193435162
2026-06-26 20:00:00+00:00,22779.56193435162
2026-06-26 22:00:00+00:00,22779.56193435162
2026-06-27 00:00:00+00:00,22779.56193435162
2026-06-27 02:00:00+00:00,22779.56193435162
2026-06-27 04:00:00+00:00,22779.56193435162
2026-06-27 06:00:00+00:00,22779.56193435162
2026-06-27 08:00:00+00:00,22779.56193435162
2026-06-27 10:00:00+00:00,22779.56193435162
2026-06-27 12:00:00+00:00,22779.56193435162
2026-06-27 14:00:00+00:00,22779.56193435162
2026-06-27 16:00:00+00:00,22779.56193435162
2026-06-27 18:00:00+00:00,22779.56193435162
2026-06-27 20:00:00+00:00,22779.56193435162
2026-06-27 22:00:00+00:00,22779.56193435162
2026-06-28 00:00:00+00:00,22779.56193435162
2026-06-28 02:00:00+00:00,22779.56193435162
2026-06-28 04:00:00+00:00,22779.56193435162
2026-06-28 06:00:00+00:00,22779.56193435162
2026-06-28 08:00:00+00:00,22779.56193435162
2026-06-28 10:00:00+00:00,22779.56193435162
2026-06-28 12:00:00+00:00,22779.56193435162
2026-06-28 14:00:00+00:00,22779.56193435162
2026-06-28 16:00:00+00:00,22779.56193435162
2026-06-28 18:00:00+00:00,22779.56193435162
2026-06-28 20:00:00+00:00,22779.56193435162
2026-06-28 22:00:00+00:00,22779.56193435162
2026-06-29 00:00:00+00:00,22779.56193435162
2026-06-29 02:00:00+00:00,22779.56193435162
2026-06-29 04:00:00+00:00,22779.56193435162
2026-06-29 06:00:00+00:00,22779.56193435162
2026-06-29 08:00:00+00:00,22779.56193435162
2026-06-29 10:00:00+00:00,22779.56193435162
2026-06-29 12:00:00+00:00,22779.56193435162
2026-06-29 14:00:00+00:00,22779.56193435162
2026-06-29 16:00:00+00:00,22779.56193435162
2026-06-29 18:00:00+00:00,22779.56193435162
2026-06-29 20:00:00+00:00,22779.56193435162
2026-06-29 22:00:00+00:00,22779.56193435162
2026-06-30 00:00:00+00:00,22779.56193435162
2026-06-30 02:00:00+00:00,22779.56193435162
2026-06-30 04:00:00+00:00,22779.56193435162
2026-06-30 06:00:00+00:00,22779.56193435162
2026-06-30 08:00:00+00:00,22779.56193435162
2026-06-30 10:00:00+00:00,22779.56193435162
2026-06-30 12:00:00+00:00,22779.56193435162
2026-06-30 14:00:00+00:00,22779.56193435162
2026-06-30 16:00:00+00:00,22779.56193435162
2026-06-30 18:00:00+00:00,22779.56193435162
2026-06-30 20:00:00+00:00,22779.56193435162
2026-06-30 22:00:00+00:00,22779.56193435162
2026-07-01 00:00:00+00:00,22779.56193435162
2026-07-01 02:00:00+00:00,22779.56193435162
2026-07-01 04:00:00+00:00,22779.56193435162
2026-07-01 06:00:00+00:00,22779.56193435162
2026-07-01 08:00:00+00:00,22779.56193435162
2026-07-01 10:00:00+00:00,22779.56193435162
2026-07-01 12:00:00+00:00,22779.56193435162
2026-07-01 14:00:00+00:00,22779.56193435162
2026-07-01 16:00:00+00:00,22704.847485605515
2026-07-01 18:00:00+00:00,22451.3798880848
2026-07-01 20:00:00+00:00,22880.325053119857
2026-07-01 22:00:00+00:00,22441.631134334002
2026-07-02 00:00:00+00:00,22527.124780102367
2026-07-02 02:00:00+00:00,22751.346116370692
2026-07-02 04:00:00+00:00,22497.878518849975
2026-07-02 06:00:00+00:00,22458.883503846788
2026-07-02 08:00:00+00:00,22758.847782381923
2026-07-02 10:00:00+00:00,22700.355259877146
2026-07-02 12:00:00+00:00,23041.561641155033
2026-07-02 14:00:00+00:00,22446.887662356432
2026-07-02 16:00:00+00:00,22425.14501686603
2026-07-02 18:00:00+00:00,22356.903740610454
2026-07-02 20:00:00+00:00,22551.878815626387
2026-07-02 22:00:00+00:00,22590.873830629575
2026-07-03 00:00:00+00:00,22618.866150436792
2026-07-03 02:00:00+00:00,22375.14730666687
2026-07-03 04:00:00+00:00,22531.127366679615
2026-07-03 06:00:00+00:00,22940.57502421308
2026-07-03 08:00:00+00:00,23415.968126493808
2026-07-03 10:00:00+00:00,24156.873411554352
2026-07-03 12:00:00+00:00,24517.577300333833
2026-07-03 14:00:00+00:00,25053.758756627652
2026-07-03 16:00:00+00:00,24554.064935872317
2026-07-03 18:00:00+00:00,24505.32116711833
2026-07-03 20:00:00+00:00,24583.31119712471
2026-07-03 22:00:00+00:00,24378.587368357974
2026-07-04 00:00:00+00:00,23976.903019587913
2026-07-04 02:00:00+00:00,23976.903019587913
2026-07-04 04:00:00+00:00,23976.903019587913
2026-07-04 06:00:00+00:00,23976.903019587913
2026-07-04 08:00:00+00:00,23976.903019587913
2026-07-04 10:00:00+00:00,23976.903019587913
2026-07-04 12:00:00+00:00,23976.903019587913
2026-07-04 14:00:00+00:00,23976.903019587913
2026-07-04 16:00:00+00:00,23976.903019587913
2026-07-04 18:00:00+00:00,23976.903019587913
2026-07-04 20:00:00+00:00,23976.903019587913
2026-07-04 22:00:00+00:00,23976.903019587913
2026-07-05 00:00:00+00:00,23976.903019587913
2026-07-05 02:00:00+00:00,23976.903019587913
2026-07-05 04:00:00+00:00,23976.903019587913
2026-07-05 06:00:00+00:00,23976.903019587913
2026-07-05 08:00:00+00:00,23976.903019587913
2026-07-05 10:00:00+00:00,23976.903019587913
2026-07-05 12:00:00+00:00,23976.903019587913
2026-07-05 14:00:00+00:00,23976.903019587913
2026-07-05 16:00:00+00:00,23976.903019587913
2026-07-05 18:00:00+00:00,23976.903019587913
2026-07-05 20:00:00+00:00,23976.903019587913
2026-07-05 22:00:00+00:00,23976.903019587913
2026-07-06 00:00:00+00:00,23976.903019587913
2026-07-06 02:00:00+00:00,23976.903019587913
2026-07-06 04:00:00+00:00,23976.903019587913
2026-07-06 06:00:00+00:00,23976.903019587913
2026-07-06 08:00:00+00:00,23976.903019587913
2026-07-06 10:00:00+00:00,23976.903019587913
2026-07-06 12:00:00+00:00,23976.903019587913
2026-07-06 14:00:00+00:00,23976.903019587913
2026-07-06 16:00:00+00:00,23976.903019587913
2026-07-06 18:00:00+00:00,23976.903019587913
2026-07-06 20:00:00+00:00,23976.903019587913
2026-07-06 22:00:00+00:00,23976.903019587913
2026-07-07 00:00:00+00:00,23976.903019587913
2026-07-07 02:00:00+00:00,23976.903019587913
2026-07-07 04:00:00+00:00,23976.903019587913
2026-07-07 06:00:00+00:00,23976.903019587913
2026-07-07 08:00:00+00:00,23976.903019587913
2026-07-07 10:00:00+00:00,23976.903019587913
2026-07-07 12:00:00+00:00,23976.903019587913
2026-07-07 14:00:00+00:00,23976.903019587913
2026-07-07 16:00:00+00:00,23976.903019587913
2026-07-07 18:00:00+00:00,23976.903019587913
2026-07-07 20:00:00+00:00,23976.903019587913
2026-07-07 22:00:00+00:00,23976.903019587913
2026-07-08 00:00:00+00:00,23976.903019587913
2026-07-08 02:00:00+00:00,23976.903019587913
2026-07-08 04:00:00+00:00,23976.903019587913
2026-07-08 06:00:00+00:00,23976.903019587913
2026-07-08 08:00:00+00:00,23976.903019587913
2026-07-08 10:00:00+00:00,23976.903019587913
2026-07-08 12:00:00+00:00,23976.903019587913
2026-07-08 14:00:00+00:00,23976.903019587913
2026-07-08 16:00:00+00:00,23976.903019587913
2026-07-08 18:00:00+00:00,23976.903019587913
2026-07-08 20:00:00+00:00,23976.903019587913
2026-07-08 22:00:00+00:00,23976.903019587913
2026-07-09 00:00:00+00:00,23976.903019587913
2026-07-09 02:00:00+00:00,23976.903019587913
2026-07-09 04:00:00+00:00,23976.903019587913
2026-07-09 06:00:00+00:00,23976.903019587913
2026-07-09 08:00:00+00:00,23976.903019587913
2026-07-09 10:00:00+00:00,23976.903019587913
2026-07-09 12:00:00+00:00,23976.903019587913
2026-07-09 14:00:00+00:00,23976.903019587913
2026-07-09 16:00:00+00:00,23976.903019587913
2026-07-09 18:00:00+00:00,23976.903019587913
2026-07-09 20:00:00+00:00,23976.903019587913
2026-07-09 22:00:00+00:00,23976.903019587913
2026-07-10 00:00:00+00:00,23976.903019587913
2026-07-10 02:00:00+00:00,23976.903019587913
2026-07-10 04:00:00+00:00,23976.903019587913
2026-07-10 06:00:00+00:00,23976.903019587913
2026-07-10 08:00:00+00:00,23976.903019587913
2026-07-10 10:00:00+00:00,23976.903019587913
2026-07-10 12:00:00+00:00,23976.903019587913
2026-07-10 14:00:00+00:00,23976.903019587913
2026-07-10 16:00:00+00:00,23976.903019587913
2026-07-10 18:00:00+00:00,23976.903019587913
2026-07-10 20:00:00+00:00,23976.903019587913
2026-07-10 22:00:00+00:00,23976.903019587913
2026-07-11 00:00:00+00:00,23976.903019587913
2026-07-11 02:00:00+00:00,23976.903019587913
2026-07-11 04:00:00+00:00,23976.903019587913
2026-07-11 06:00:00+00:00,23976.903019587913
2026-07-11 08:00:00+00:00,23976.903019587913
2026-07-11 10:00:00+00:00,23976.903019587913
2026-07-11 12:00:00+00:00,23976.903019587913
2026-07-11 14:00:00+00:00,23976.903019587913
2026-07-11 16:00:00+00:00,23976.903019587913
2026-07-11 18:00:00+00:00,23976.903019587913
2026-07-11 20:00:00+00:00,23976.903019587913
2026-07-11 22:00:00+00:00,23976.903019587913
2026-07-12 00:00:00+00:00,23976.903019587913
2026-07-12 02:00:00+00:00,23976.903019587913
2026-07-12 04:00:00+00:00,23976.903019587913
2026-07-12 06:00:00+00:00,23976.903019587913
2026-07-12 08:00:00+00:00,23976.903019587913
2026-07-12 10:00:00+00:00,23976.903019587913
2026-07-12 12:00:00+00:00,23976.903019587913
2026-07-12 14:00:00+00:00,23976.903019587913
2026-07-12 16:00:00+00:00,23976.903019587913
2026-07-12 18:00:00+00:00,23976.903019587913
2026-07-12 20:00:00+00:00,23976.903019587913
2026-07-12 22:00:00+00:00,23976.903019587913
2026-07-13 00:00:00+00:00,23976.903019587913
2026-07-13 02:00:00+00:00,23976.903019587913
2026-07-13 04:00:00+00:00,23976.903019587913
2026-07-13 06:00:00+00:00,23976.903019587913
2026-07-13 08:00:00+00:00,23976.903019587913
2026-07-13 10:00:00+00:00,23976.903019587913
2026-07-13 12:00:00+00:00,23976.903019587913
2026-07-13 14:00:00+00:00,23976.903019587913
2026-07-13 16:00:00+00:00,23976.903019587913
2026-07-13 18:00:00+00:00,23976.903019587913
2026-07-13 20:00:00+00:00,23976.903019587913
2026-07-13 22:00:00+00:00,23976.903019587913
2026-07-14 00:00:00+00:00,23976.903019587913
2026-07-14 02:00:00+00:00,23976.903019587913
2026-07-14 04:00:00+00:00,23976.903019587913
2026-07-14 06:00:00+00:00,23976.903019587913
2026-07-14 08:00:00+00:00,23976.903019587913
2026-07-14 10:00:00+00:00,23976.903019587913
2026-07-14 12:00:00+00:00,23976.903019587913
2026-07-14 14:00:00+00:00,23976.903019587913
2026-07-14 16:00:00+00:00,23976.903019587913
2026-07-14 18:00:00+00:00,23976.903019587913
2026-07-14 20:00:00+00:00,23976.903019587913
2026-07-14 22:00:00+00:00,23976.903019587913
2026-07-15 00:00:00+00:00,23976.903019587913
2026-07-15 02:00:00+00:00,23976.903019587913
2026-07-15 04:00:00+00:00,23976.903019587913
2026-07-15 06:00:00+00:00,23976.903019587913
2026-07-15 08:00:00+00:00,23976.903019587913
2026-07-15 10:00:00+00:00,23976.903019587913
2026-07-15 12:00:00+00:00,23976.903019587913
2026-07-15 14:00:00+00:00,23976.903019587913
2026-07-15 16:00:00+00:00,23976.903019587913
2026-07-15 18:00:00+00:00,23976.903019587913
2026-07-15 20:00:00+00:00,23976.903019587913
2026-07-15 22:00:00+00:00,23976.903019587913
2026-07-16 00:00:00+00:00,23976.903019587913
2026-07-16 02:00:00+00:00,23976.903019587913
2026-07-16 04:00:00+00:00,23976.903019587913
2026-07-16 06:00:00+00:00,23976.903019587913
2026-07-16 08:00:00+00:00,23976.903019587913
2026-07-16 10:00:00+00:00,23976.903019587913
2026-07-16 12:00:00+00:00,23976.903019587913
2026-07-16 14:00:00+00:00,23976.903019587913
2026-07-16 16:00:00+00:00,23976.903019587913
2026-07-16 18:00:00+00:00,23976.903019587913
2026-07-16 20:00:00+00:00,23976.903019587913
2026-07-16 22:00:00+00:00,23976.903019587913
2026-07-17 00:00:00+00:00,23976.903019587913
2026-07-17 02:00:00+00:00,23976.903019587913
2026-07-17 04:00:00+00:00,23976.903019587913
2026-07-17 06:00:00+00:00,23976.903019587913
2026-07-17 08:00:00+00:00,23976.903019587913
2026-07-17 10:00:00+00:00,23976.903019587913
2026-07-17 12:00:00+00:00,23976.903019587913
2026-07-17 14:00:00+00:00,23976.903019587913
2026-07-17 16:00:00+00:00,23976.903019587913
2026-07-17 18:00:00+00:00,23973.876864023026
2026-07-17 20:00:00+00:00,23402.269701767218
2026-07-17 22:00:00+00:00,23514.349537503655
2026-07-18 00:00:00+00:00,23582.849342914888
2026-07-18 02:00:00+00:00,23963.920784418762
2026-07-18 04:00:00+00:00,23851.84094868233
2026-07-18 06:00:00+00:00,24019.96070228698
2026-07-18 08:00:00+00:00,23275.757405738717
2026-07-18 10:00:00+00:00,23275.757405738717
2026-07-18 12:00:00+00:00,23275.757405738717
2026-07-18 14:00:00+00:00,23275.757405738717
2026-07-18 16:00:00+00:00,23275.757405738717
2026-07-18 18:00:00+00:00,23275.757405738717
2026-07-18 20:00:00+00:00,23275.757405738717
2026-07-18 22:00:00+00:00,23275.757405738717
2026-07-19 00:00:00+00:00,23275.757405738717
2026-07-19 02:00:00+00:00,23275.757405738717
2026-07-19 04:00:00+00:00,23275.757405738717
2026-07-19 06:00:00+00:00,23275.757405738717
2026-07-19 08:00:00+00:00,23275.757405738717
2026-07-19 10:00:00+00:00,23275.757405738717
2026-07-19 12:00:00+00:00,23275.757405738717
2026-07-19 14:00:00+00:00,23275.757405738717
2026-07-19 16:00:00+00:00,23275.757405738717
2026-07-19 18:00:00+00:00,23275.757405738717
2026-07-19 20:00:00+00:00,23275.757405738717
2026-07-19 22:00:00+00:00,23275.757405738717
2026-07-20 00:00:00+00:00,23275.757405738717
2026-07-20 02:00:00+00:00,23275.757405738717
2026-07-20 04:00:00+00:00,23275.757405738717
2026-07-20 06:00:00+00:00,23275.757405738717
2026-07-20 08:00:00+00:00,23275.757405738717
2026-07-20 10:00:00+00:00,23275.757405738717
2026-07-20 12:00:00+00:00,23275.757405738717
2026-07-20 14:00:00+00:00,23275.757405738717
2026-07-20 16:00:00+00:00,23275.757405738717
2026-07-20 18:00:00+00:00,23275.757405738717
2026-07-20 20:00:00+00:00,23275.757405738717
2026-07-20 22:00:00+00:00,23275.757405738717
2026-07-21 00:00:00+00:00,23275.757405738717
2026-07-21 02:00:00+00:00,23275.757405738717
2026-07-21 04:00:00+00:00,23275.757405738717
2026-07-21 06:00:00+00:00,23275.757405738717
2026-07-21 08:00:00+00:00,23275.757405738717
2026-07-21 10:00:00+00:00,23275.757405738717
2026-07-21 12:00:00+00:00,23275.757405738717
2026-07-21 14:00:00+00:00,23275.757405738717
2026-07-21 16:00:00+00:00,23275.757405738717
2026-07-21 18:00:00+00:00,23275.757405738717
2026-07-21 20:00:00+00:00,23275.757405738717
2026-07-21 22:00:00+00:00,23275.757405738717
2026-07-22 00:00:00+00:00,23275.757405738717
2026-07-22 02:00:00+00:00,23275.757405738717
2026-07-22 04:00:00+00:00,23275.757405738717
2026-07-22 06:00:00+00:00,23275.757405738717
2026-07-22 08:00:00+00:00,23275.757405738717
2026-07-22 10:00:00+00:00,23275.757405738717
2026-07-22 12:00:00+00:00,23275.757405738717
2026-07-22 14:00:00+00:00,23275.757405738717
2026-07-22 16:00:00+00:00,23275.757405738717
2026-07-22 18:00:00+00:00,23275.757405738717
2026-07-22 20:00:00+00:00,23275.757405738717
2026-07-22 22:00:00+00:00,23275.757405738717
2026-07-23 00:00:00+00:00,23275.757405738717
2026-07-23 02:00:00+00:00,23275.757405738717
2026-07-23 04:00:00+00:00,23275.757405738717
2026-07-23 06:00:00+00:00,23275.757405738717
2026-07-23 08:00:00+00:00,23275.757405738717
2026-07-23 10:00:00+00:00,23275.757405738717
2026-07-23 12:00:00+00:00,23275.757405738717
2026-07-23 14:00:00+00:00,23275.757405738717
2026-07-23 16:00:00+00:00,23275.757405738717
2026-07-23 18:00:00+00:00,23275.757405738717
2026-07-23 20:00:00+00:00,23275.757405738717
2026-07-23 22:00:00+00:00,23275.757405738717
2026-07-24 00:00:00+00:00,23275.757405738717
2026-07-24 02:00:00+00:00,23275.757405738717
2026-07-24 04:00:00+00:00,23275.757405738717
2026-07-24 06:00:00+00:00,23275.757405738717
2026-07-24 08:00:00+00:00,23275.757405738717
2026-07-24 10:00:00+00:00,23275.757405738717
2026-07-24 12:00:00+00:00,23275.757405738717
2026-07-24 14:00:00+00:00,23275.757405738717
2026-07-24 16:00:00+00:00,23275.757405738717
2026-07-24 18:00:00+00:00,23275.757405738717
2026-07-24 20:00:00+00:00,23275.757405738717
2026-07-24 22:00:00+00:00,23275.757405738717
2026-07-25 00:00:00+00:00,23275.757405738717
2026-07-25 02:00:00+00:00,23275.757405738717
2026-07-25 04:00:00+00:00,23275.757405738717
2026-07-25 06:00:00+00:00,23275.757405738717
2026-07-25 08:00:00+00:00,23275.757405738717
2026-07-25 10:00:00+00:00,23275.757405738717
2026-07-25 12:00:00+00:00,23275.757405738717
2026-07-25 14:00:00+00:00,23275.757405738717
2026-07-25 16:00:00+00:00,23275.757405738717
2026-07-25 18:00:00+00:00,23275.757405738717
2026-07-25 20:00:00+00:00,23275.757405738717
2026-07-25 22:00:00+00:00,23275.757405738717
2026-07-26 00:00:00+00:00,23275.757405738717
2026-07-26 02:00:00+00:00,23275.757405738717
2026-07-26 04:00:00+00:00,23275.757405738717
2026-07-26 06:00:00+00:00,23275.757405738717
2026-07-26 08:00:00+00:00,23275.757405738717
2026-07-26 10:00:00+00:00,23275.757405738717
2026-07-26 12:00:00+00:00,23275.757405738717
2026-07-26 14:00:00+00:00,23275.757405738717
2026-07-26 16:00:00+00:00,23275.757405738717
2026-07-26 18:00:00+00:00,23275.757405738717
2026-07-26 20:00:00+00:00,23275.757405738717
2026-07-26 22:00:00+00:00,23275.757405738717
2026-07-27 00:00:00+00:00,23275.757405738717
2026-07-27 02:00:00+00:00,23275.757405738717
2026-07-27 04:00:00+00:00,23275.757405738717
2026-07-27 06:00:00+00:00,23275.757405738717
2026-07-27 08:00:00+00:00,23275.757405738717
2026-07-27 10:00:00+00:00,23275.757405738717
2026-07-27 12:00:00+00:00,23275.757405738717
2026-07-27 14:00:00+00:00,23275.757405738717
2026-07-27 16:00:00+00:00,23275.757405738717
2026-07-27 18:00:00+00:00,23275.757405738717
2026-07-27 20:00:00+00:00,23275.757405738717
2026-07-27 22:00:00+00:00,23275.757405738717
2026-07-28 00:00:00+00:00,23275.757405738717
2026-07-28 02:00:00+00:00,23275.757405738717
2026-07-28 04:00:00+00:00,23275.757405738717
2026-07-28 06:00:00+00:00,23275.757405738717
2026-07-28 08:00:00+00:00,23275.757405738717
2026-07-28 10:00:00+00:00,23275.757405738717
2026-07-28 12:00:00+00:00,23275.757405738717
2026-07-28 14:00:00+00:00,23275.757405738717
2026-07-28 16:00:00+00:00,23275.757405738717
2026-07-28 18:00:00+00:00,23275.757405738717
2026-07-28 20:00:00+00:00,23275.757405738717
2026-07-28 22:00:00+00:00,23275.757405738717
2026-07-29 00:00:00+00:00,23275.757405738717
2026-07-29 02:00:00+00:00,23275.757405738717
2026-07-29 04:00:00+00:00,23275.757405738717
2026-07-29 06:00:00+00:00,23275.757405738717
2026-07-29 08:00:00+00:00,23275.757405738717
2026-07-29 10:00:00+00:00,23275.757405738717
2026-07-29 12:00:00+00:00,23275.757405738717
2026-07-29 14:00:00+00:00,23275.757405738717
2026-07-29 16:00:00+00:00,23275.757405738717
2026-07-29 18:00:00+00:00,23275.757405738717
2026-07-29 20:00:00+00:00,23275.757405738717
2026-07-29 22:00:00+00:00,23275.757405738717
2026-07-30 00:00:00+00:00,23275.757405738717
2026-07-30 02:00:00+00:00,23275.757405738717
2026-07-30 04:00:00+00:00,23275.757405738717
2026-07-30 06:00:00+00:00,23275.757405738717
2026-07-30 08:00:00+00:00,23275.757405738717
2026-07-30 10:00:00+00:00,23275.757405738717
2026-07-30 12:00:00+00:00,23275.757405738717
2026-07-30 14:00:00+00:00,23275.757405738717
2026-07-30 16:00:00+00:00,23275.757405738717
2026-07-30 18:00:00+00:00,23275.757405738717
2026-07-30 20:00:00+00:00,23275.757405738717
2026-07-30 22:00:00+00:00,23275.757405738717
2026-07-31 00:00:00+00:00,23275.757405738717
2026-07-31 02:00:00+00:00,23275.757405738717
2026-07-31 04:00:00+00:00,23275.757405738717
2026-07-31 06:00:00+00:00,23275.757405738717
2026-07-31 08:00:00+00:00,23275.757405738717
2026-07-31 10:00:00+00:00,23275.757405738717
2026-07-31 12:00:00+00:00,23275.757405738717
2026-07-31 14:00:00+00:00,23275.757405738717
2026-07-31 16:00:00+00:00,23275.757405738717
2026-07-31 18:00:00+00:00,23275.757405738717
2026-07-31 20:00:00+00:00,23275.757405738717
2026-07-31 22:00:00+00:00,23275.757405738717
2026-08-01 00:00:00+00:00,23275.757405738717
2026-08-01 02:00:00+00:00,23275.757405738717
2026-08-01 04:00:00+00:00,23275.757405738717
2026-08-01 06:00:00+00:00,23275.757405738717
2026-08-01 08:00:00+00:00,23275.757405738717
2026-08-01 10:00:00+00:00,23275.757405738717
2026-08-01 12:00:00+00:00,23275.757405738717
2026-08-01 14:00:00+00:00,23275.757405738717
2026-08-01 16:00:00+00:00,23275.757405738717
2026-08-01 18:00:00+00:00,23275.757405738717
2026-08-01 20:00:00+00:00,23275.757405738717
2026-08-01 22:00:00+00:00,23275.757405738717
2026-08-02 00:00:00+00:00,23275.757405738717
2026-08-02 02:00:00+00:00,23275.757405738717
2026-08-02 04:00:00+00:00,23275.757405738717
2026-08-02 06:00:00+00:00,23275.757405738717
2026-08-02 08:00:00+00:00,23275.757405738717
2026-08-02 10:00:00+00:00,23275.757405738717
2026-08-02 12:00:00+00:00,23275.757405738717
2026-08-02 14:00:00+00:00,23275.757405738717
2026-08-02 16:00:00+00:00,23275.757405738717
2026-08-02 18:00:00+00:00,23275.757405738717
2026-08-02 20:00:00+00:00,23275.757405738717
2026-08-02 22:00:00+00:00,23275.757405738717
2026-08-03 00:00:00+00:00,23275.757405738717
2026-08-03 02:00:00+00:00,23275.757405738717
2026-08-03 04:00:00+00:00,23275.757405738717
2026-08-03 06:00:00+00:00,23275.757405738717
2026-08-03 08:00:00+00:00,23275.757405738717
2026-08-03 10:00:00+00:00,23275.757405738717
2026-08-03 12:00:00+00:00,23275.757405738717
2026-08-03 14:00:00+00:00,23275.757405738717
2026-08-03 16:00:00+00:00,23275.757405738717
2026-08-03 18:00:00+00:00,23275.757405738717
2026-08-03 20:00:00+00:00,23275.757405738717
2026-08-03 22:00:00+00:00,23275.757405738717
2026-08-04 00:00:00+00:00,23275.757405738717
2026-08-04 02:00:00+00:00,23275.757405738717
2026-08-04 04:00:00+00:00,23275.757405738717
2026-08-04 06:00:00+00:00,23275.757405738717
2026-08-04 08:00:00+00:00,23275.757405738717
2026-08-04 10:00:00+00:00,23275.757405738717
2026-08-04 12:00:00+00:00,23275.757405738717
2026-08-04 14:00:00+00:00,23275.757405738717
2026-08-04 16:00:00+00:00,23275.757405738717
2026-08-04 18:00:00+00:00,23275.757405738717
2026-08-04 20:00:00+00:00,23275.757405738717
2026-08-04 22:00:00+00:00,23275.757405738717
2026-08-05 00:00:00+00:00,23275.757405738717
2026-08-05 02:00:00+00:00,23275.757405738717
2026-08-05 04:00:00+00:00,23275.757405738717
2026-08-05 06:00:00+00:00,23275.757405738717
2026-08-05 08:00:00+00:00,23275.757405738717
2026-08-05 10:00:00+00:00,23275.757405738717
2026-08-05 12:00:00+00:00,23275.757405738717
2026-08-05 14:00:00+00:00,23275.757405738717
2026-08-05 16:00:00+00:00,23275.757405738717
2026-08-05 18:00:00+00:00,23275.757405738717
2026-08-05 20:00:00+00:00,23275.757405738717
2026-08-05 22:00:00+00:00,23275.757405738717
2026-08-06 00:00:00+00:00,23275.757405738717
2026-08-06 02:00:00+00:00,23275.757405738717
2026-08-06 04:00:00+00:00,23275.757405738717
2026-08-06 06:00:00+00:00,23275.757405738717
2026-08-06 08:00:00+00:00,23275.757405738717
2026-08-06 10:00:00+00:00,23275.757405738717
2026-08-06 12:00:00+00:00,23275.757405738717
2026-08-06 14:00:00+00:00,23275.757405738717
2026-08-06 16:00:00+00:00,23275.757405738717
2026-08-06 18:00:00+00:00,23275.757405738717
2026-08-06 20:00:00+00:00,23275.757405738717
2026-08-06 22:00:00+00:00,23275.757405738717
2026-08-07 00:00:00+00:00,23275.757405738717
2026-08-07 02:00:00+00:00,23275.757405738717
2026-08-07 04:00:00+00:00,23275.757405738717
2026-08-07 06:00:00+00:00,23275.757405738717
2026-08-07 08:00:00+00:00,23275.757405738717
2026-08-07 10:00:00+00:00,23275.757405738717
2026-08-07 12:00:00+00:00,23275.757405738717
2026-08-07 14:00:00+00:00,23275.757405738717
2026-08-07 16:00:00+00:00,23275.757405738717
2026-08-07 18:00:00+00:00,23275.757405738717
2026-08-07 20:00:00+00:00,23275.757405738717
2026-08-07 22:00:00+00:00,23275.757405738717
2026-08-08 00:00:00+00:00,23275.757405738717
2026-08-08 02:00:00+00:00,23275.757405738717
2026-08-08 04:00:00+00:00,23275.757405738717
2026-08-08 06:00:00+00:00,23275.757405738717
2026-08-08 08:00:00+00:00,23275.757405738717
2026-08-08 10:00:00+00:00,23275.757405738717
2026-08-08 12:00:00+00:00,23275.757405738717
2026-08-08 14:00:00+00:00,23275.757405738717
2026-08-08 16:00:00+00:00,23275.757405738717
2026-08-08 18:00:00+00:00,23275.757405738717
2026-08-08 20:00:00+00:00,23275.757405738717
2026-08-08 22:00:00+00:00,23275.757405738717
2026-08-09 00:00:00+00:00,23275.757405738717
2026-08-09 02:00:00+00:00,23275.757405738717
2026-08-09 04:00:00+00:00,23275.757405738717
2026-08-09 06:00:00+00:00,23275.757405738717
2026-08-09 08:00:00+00:00,23275.757405738717
2026-08-09 10:00:00+00:00,23275.757405738717
2026-08-09 12:00:00+00:00,23275.757405738717
2026-08-09 14:00:00+00:00,23275.757405738717
2026-08-09 16:00:00+00:00,23275.757405738717
2026-08-09 18:00:00+00:00,23275.757405738717
2026-08-09 20:00:00+00:00,23275.757405738717
2026-08-09 22:00:00+00:00,23275.757405738717
2026-08-10 00:00:00+00:00,23275.757405738717
2026-08-10 02:00:00+00:00,23275.757405738717
2026-08-10 04:00:00+00:00,23275.757405738717
2026-08-10 06:00:00+00:00,23275.757405738717
2026-08-10 08:00:00+00:00,23275.757405738717
2026-08-10 10:00:00+00:00,23275.757405738717
2026-08-10 12:00:00+00:00,23275.757405738717
2026-08-10 14:00:00+00:00,23275.757405738717
2026-08-10 16:00:00+00:00,23275.757405738717
2026-08-10 18:00:00+00:00,23275.757405738717
2026-08-10 20:00:00+00:00,23275.757405738717
2026-08-10 22:00:00+00:00,23275.757405738717
2026-08-11 00:00:00+00:00,23275.757405738717
2026-08-11 02:00:00+00:00,23275.757405738717
2026-08-11 04:00:00+00:00,23275.757405738717
2026-08-11 06:00:00+00:00,23275.757405738717
2026-08-11 08:00:00+00:00,23275.757405738717
2026-08-11 10:00:00+00:00,23275.757405738717
2026-08-11 12:00:00+00:00,23275.757405738717
2026-08-11 14:00:00+00:00,23275.757405738717
2026-08-11 16:00:00+00:00,23275.757405738717
2026-08-11 18:00:00+00:00,23275.757405738717
2026-08-11 20:00:00+00:00,23275.757405738717
2026-08-11 22:00:00+00:00,23275.757405738717
2026-08-12 00:00:00+00:00,23275.757405738717
2026-08-12 02:00:00+00:00,23275.757405738717
2026-08-12 04:00:00+00:00,23275.757405738717
2026-08-12 06:00:00+00:00,23275.757405738717
2026-08-12 08:00:00+00:00,23275.757405738717
2026-08-12 10:00:00+00:00,23275.757405738717
2026-08-12 12:00:00+00:00,23275.757405738717
2026-08-12 14:00:00+00:00,23275.757405738717
2026-08-12 16:00:00+00:00,23275.757405738717
2026-08-12 18:00:00+00:00,23275.757405738717
2026-08-12 20:00:00+00:00,23275.757405738717
2026-08-12 22:00:00+00:00,23275.757405738717
2026-08-13 00:00:00+00:00,23275.757405738717
2026-08-13 02:00:00+00:00,23275.757405738717
2026-08-13 04:00:00+00:00,23275.757405738717
2026-08-13 06:00:00+00:00,23275.757405738717
2026-08-13 08:00:00+00:00,23275.757405738717
2026-08-13 10:00:00+00:00,23275.757405738717
2026-08-13 12:00:00+00:00,23275.757405738717
2026-08-13 14:00:00+00:00,23275.757405738717
2026-08-13 16:00:00+00:00,23275.757405738717
2026-08-13 18:00:00+00:00,23275.757405738717
2026-08-13 20:00:00+00:00,23275.757405738717
2026-08-13 22:00:00+00:00,23275.757405738717
2026-08-14 00:00:00+00:00,23275.757405738717
2026-08-14 02:00:00+00:00,23275.757405738717
2026-08-14 04:00:00+00:00,23275.757405738717
2026-08-14 06:00:00+00:00,23275.757405738717
2026-08-14 08:00:00+00:00,23275.757405738717
2026-08-14 10:00:00+00:00,23275.757405738717
2026-08-14 12:00:00+00:00,23275.757405738717
2026-08-14 14:00:00+00:00,23275.757405738717
2026-08-14 16:00:00+00:00,23275.757405738717
2026-08-14 18:00:00+00:00,23275.757405738717
2026-08-14 20:00:00+00:00,23275.757405738717
2026-08-14 22:00:00+00:00,23275.757405738717
2026-08-15 00:00:00+00:00,23275.757405738717
2026-08-15 02:00:00+00:00,23275.757405738717
2026-08-15 04:00:00+00:00,23275.757405738717
2026-08-15 06:00:00+00:00,23275.757405738717
2026-08-15 08:00:00+00:00,23275.757405738717
2026-08-15 10:00:00+00:00,23275.757405738717
2026-08-15 12:00:00+00:00,23275.757405738717
2026-08-15 14:00:00+00:00,23275.757405738717
2026-08-15 16:00:00+00:00,23275.757405738717
2026-08-15 18:00:00+00:00,23275.757405738717
2026-08-15 20:00:00+00:00,23275.757405738717
2026-08-15 22:00:00+00:00,23275.757405738717
2026-08-16 00:00:00+00:00,23275.757405738717
2026-08-16 02:00:00+00:00,23275.757405738717
2026-08-16 04:00:00+00:00,23275.757405738717
2026-08-16 06:00:00+00:00,23275.757405738717
2026-08-16 08:00:00+00:00,23275.757405738717
2026-08-16 10:00:00+00:00,23275.757405738717
2026-08-16 12:00:00+00:00,23275.757405738717
2026-08-16 14:00:00+00:00,23275.757405738717
2026-08-16 16:00:00+00:00,23275.757405738717
2026-08-16 18:00:00+00:00,23275.757405738717
2026-08-16 20:00:00+00:00,23275.757405738717
2026-08-16 22:00:00+00:00,23275.757405738717
2026-08-17 00:00:00+00:00,23275.757405738717
2026-08-17 02:00:00+00:00,23275.757405738717
2026-08-17 04:00:00+00:00,23275.757405738717
2026-08-17 06:00:00+00:00,23275.757405738717
2026-08-17 08:00:00+00:00,23275.757405738717
2026-08-17 10:00:00+00:00,23275.757405738717
2026-08-17 12:00:00+00:00,23275.757405738717
2026-08-17 14:00:00+00:00,23275.757405738717
2026-08-17 16:00:00+00:00,23275.757405738717
2026-08-17 18:00:00+00:00,23275.757405738717
2026-08-17 20:00:00+00:00,23275.757405738717
2026-08-17 22:00:00+00:00,23275.757405738717
2026-08-18 00:00:00+00:00,23275.757405738717
2026-08-18 02:00:00+00:00,23275.757405738717
2026-08-18 04:00:00+00:00,23275.757405738717
2026-08-18 06:00:00+00:00,23275.757405738717
2026-08-18 08:00:00+00:00,23275.757405738717
2026-08-18 10:00:00+00:00,23275.757405738717
2026-08-18 12:00:00+00:00,23275.757405738717
2026-08-18 14:00:00+00:00,23275.757405738717
2026-08-18 16:00:00+00:00,23275.757405738717
2026-08-18 18:00:00+00:00,23275.757405738717
2026-08-18 20:00:00+00:00,23275.757405738717
2026-08-18 22:00:00+00:00,23275.757405738717
2026-08-19 00:00:00+00:00,23275.757405738717
2026-08-19 02:00:00+00:00,23275.757405738717
2026-08-19 04:00:00+00:00,23275.757405738717
2026-08-19 06:00:00+00:00,23275.757405738717
2026-08-19 08:00:00+00:00,23275.757405738717
2026-08-19 10:00:00+00:00,23275.757405738717
2026-08-19 12:00:00+00:00,23275.757405738717
2026-08-19 14:00:00+00:00,23275.757405738717
2026-08-19 16:00:00+00:00,23275.757405738717
2026-08-19 18:00:00+00:00,23275.757405738717
2026-08-19 20:00:00+00:00,23275.757405738717
2026-08-19 22:00:00+00:00,23275.757405738717
2026-08-20 00:00:00+00:00,23275.757405738717
2026-08-20 02:00:00+00:00,23275.757405738717
2026-08-20 04:00:00+00:00,23275.757405738717
2026-08-20 06:00:00+00:00,23275.757405738717
2026-08-20 08:00:00+00:00,23275.757405738717
2026-08-20 10:00:00+00:00,23275.757405738717
2026-08-20 12:00:00+00:00,23275.757405738717
2026-08-20 14:00:00+00:00,23275.757405738717
2026-08-20 16:00:00+00:00,23275.757405738717
2026-08-20 18:00:00+00:00,23275.757405738717
2026-08-20 20:00:00+00:00,23275.757405738717
2026-08-20 22:00:00+00:00,23275.757405738717
2026-08-21 00:00:00+00:00,23275.757405738717
2026-08-21 02:00:00+00:00,22865.68546133669
2026-08-21 04:00:00+00:00,23313.209580457653
2026-08-21 06:00:00+00:00,24907.514254826085
2026-08-21 08:00:00+00:00,25772.10148419747
2026-08-21 10:00:00+00:00,26191.655345873372
2026-08-21 12:00:00+00:00,28247.469268085293
2026-08-21 14:00:00+00:00,28065.662594692403
2026-08-21 16:00:00+00:00,29671.14558244875
2026-08-21 18:00:00+00:00,29195.651205882725
2026-08-21 20:00:00+00:00,30426.34253346537
2026-08-21 22:00:00+00:00,30734.015365361032
2026-08-22 00:00:00+00:00,29626.117663500812
2026-08-22 02:00:00+00:00,30241.46332729214
2026-08-22 04:00:00+00:00,27934.452485809437
2026-08-22 06:00:00+00:00,27934.452485809437
2026-08-22 08:00:00+00:00,27934.452485809437
2026-08-22 10:00:00+00:00,27934.452485809437
2026-08-22 12:00:00+00:00,27934.452485809437
2026-08-22 14:00:00+00:00,27934.452485809437
2026-08-22 16:00:00+00:00,27934.452485809437
2026-08-22 18:00:00+00:00,27934.452485809437
2026-08-22 20:00:00+00:00,27934.452485809437
2026-08-22 22:00:00+00:00,27934.452485809437
2026-08-23 00:00:00+00:00,27934.452485809437
2026-08-23 02:00:00+00:00,27934.452485809437
2026-08-23 04:00:00+00:00,27934.452485809437
2026-08-23 06:00:00+00:00,27934.452485809437
2026-08-23 08:00:00+00:00,27934.452485809437
2026-08-23 10:00:00+00:00,27934.452485809437
2026-08-23 12:00:00+00:00,27934.452485809437
2026-08-23 14:00:00+00:00,27934.452485809437
2026-08-23 16:00:00+00:00,27934.452485809437
2026-08-23 18:00:00+00:00,27934.452485809437
2026-08-23 20:00:00+00:00,27934.452485809437
2026-08-23 22:00:00+00:00,27934.452485809437
2026-08-24 00:00:00+00:00,27934.452485809437
2026-08-24 02:00:00+00:00,27934.452485809437
2026-08-24 04:00:00+00:00,27934.452485809437
2026-08-24 06:00:00+00:00,27934.452485809437
2026-08-24 08:00:00+00:00,27934.452485809437
2026-08-24 10:00:00+00:00,27934.452485809437
2026-08-24 12:00:00+00:00,27934.452485809437
2026-08-24 14:00:00+00:00,27934.452485809437
2026-08-24 16:00:00+00:00,27934.452485809437
2026-08-24 18:00:00+00:00,27934.452485809437
2026-08-24 20:00:00+00:00,27934.452485809437
2026-08-24 22:00:00+00:00,27934.452485809437
2026-08-25 00:00:00+00:00,27934.452485809437
2026-08-25 02:00:00+00:00,27934.452485809437
2026-08-25 04:00:00+00:00,27934.452485809437
2026-08-25 06:00:00+00:00,27934.452485809437
2026-08-25 08:00:00+00:00,27934.452485809437
2026-08-25 10:00:00+00:00,27934.452485809437
2026-08-25 12:00:00+00:00,27934.452485809437
2026-08-25 14:00:00+00:00,27934.452485809437
2026-08-25 16:00:00+00:00,27934.452485809437
2026-08-25 18:00:00+00:00,27934.452485809437
2026-08-25 20:00:00+00:00,27934.452485809437
2026-08-25 22:00:00+00:00,27934.452485809437
2026-08-26 00:00:00+00:00,27934.452485809437
2026-08-26 02:00:00+00:00,27934.452485809437
2026-08-26 04:00:00+00:00,27934.452485809437
2026-08-26 06:00:00+00:00,27934.452485809437
2026-08-26 08:00:00+00:00,27934.452485809437
2026-08-26 10:00:00+00:00,27934.452485809437
2026-08-26 12:00:00+00:00,27934.452485809437
2026-08-26 14:00:00+00:00,27934.452485809437
2026-08-26 16:00:00+00:00,27934.452485809437
2026-08-26 18:00:00+00:00,27934.452485809437
2026-08-26 20:00:00+00:00,27934.452485809437
2026-08-26 22:00:00+00:00,27934.452485809437
2026-08-27 00:00:00+00:00,27934.452485809437
2026-08-27 02:00:00+00:00,27934.452485809437
2026-08-27 04:00:00+00:00,27934.452485809437
2026-08-27 06:00:00+00:00,27934.452485809437
2026-08-27 08:00:00+00:00,27934.452485809437
2026-08-27 10:00:00+00:00,27934.452485809437
2026-08-27 12:00:00+00:00,27934.452485809437
2026-08-27 14:00:00+00:00,27934.452485809437
2026-08-27 16:00:00+00:00,27934.452485809437
2026-08-27 18:00:00+00:00,27934.452485809437
2026-08-27 20:00:00+00:00,27934.452485809437
2026-08-27 22:00:00+00:00,27934.452485809437
2026-08-28 00:00:00+00:00,27934.452485809437
2026-08-28 02:00:00+00:00,27934.452485809437
2026-08-28 04:00:00+00:00,27934.452485809437
2026-08-28 06:00:00+00:00,27934.452485809437
2026-08-28 08:00:00+00:00,27934.452485809437
2026-08-28 10:00:00+00:00,27934.452485809437
2026-08-28 12:00:00+00:00,27934.452485809437
2026-08-28 14:00:00+00:00,27934.452485809437
2026-08-28 16:00:00+00:00,27934.452485809437
2026-08-28 18:00:00+00:00,27934.452485809437
2026-08-28 20:00:00+00:00,27934.452485809437
2026-08-28 22:00:00+00:00,27934.452485809437
2026-08-29 00:00:00+00:00,27934.452485809437
2026-08-29 02:00:00+00:00,27934.452485809437
2026-08-29 04:00:00+00:00,27934.452485809437
2026-08-29 06:00:00+00:00,27934.452485809437
2026-08-29 08:00:00+00:00,27934.452485809437
2026-08-29 10:00:00+00:00,27934.452485809437
2026-08-29 12:00:00+00:00,27934.452485809437
2026-08-29 14:00:00+00:00,27934.452485809437
2026-08-29 16:00:00+00:00,27934.452485809437
2026-08-29 18:00:00+00:00,27934.452485809437
2026-08-29 20:00:00+00:00,27934.452485809437
2026-08-29 22:00:00+00:00,27934.452485809437
2026-08-30 00:00:00+00:00,27934.452485809437
2026-08-30 02:00:00+00:00,27934.452485809437
2026-08-30 04:00:00+00:00,27934.452485809437
2026-08-30 06:00:00+00:00,27934.452485809437
2026-08-30 08:00:00+00:00,27934.452485809437
2026-08-30 10:00:00+00:00,27934.452485809437
2026-08-30 12:00:00+00:00,27934.452485809437
2026-08-30 14:00:00+00:00,27934.452485809437
2026-08-30 16:00:00+00:00,27934.452485809437
2026-08-30 18:00:00+00:00,27934.452485809437
2026-08-30 20:00:00+00:00,27934.452485809437
2026-08-30 22:00:00+00:00,27934.452485809437
2026-08-31 00:00:00+00:00,27934.452485809437
2026-08-31 02:00:00+00:00,27934.452485809437
2026-08-31 04:00:00+00:00,27934.452485809437
2026-08-31 06:00:00+00:00,27934.452485809437
2026-08-31 08:00:00+00:00,27934.452485809437
2026-08-31 10:00:00+00:00,27934.452485809437
2026-08-31 12:00:00+00:00,27934.452485809437
2026-08-31 14:00:00+00:00,27934.452485809437
2026-08-31 16:00:00+00:00,27934.452485809437
2026-08-31 18:00:00+00:00,27934.452485809437
2026-08-31 20:00:00+00:00,27934.452485809437
2026-08-31 22:00:00+00:00,27934.452485809437
2026-09-01 00:00:00+00:00,27934.452485809437
2026-09-01 02:00:00+00:00,27934.452485809437
2026-09-01 04:00:00+00:00,27934.452485809437
2026-09-01 06:00:00+00:00,27934.452485809437
2026-09-01 08:00:00+00:00,27934.452485809437
2026-09-01 10:00:00+00:00,27934.452485809437
2026-09-01 12:00:00+00:00,27934.452485809437
2026-09-01 14:00:00+00:00,27934.452485809437
2026-09-01 16:00:00+00:00,27934.452485809437
2026-09-01 18:00:00+00:00,27934.452485809437
2026-09-01 20:00:00+00:00,27934.452485809437
2026-09-01 22:00:00+00:00,27934.452485809437
2026-09-02 00:00:00+00:00,27934.452485809437
2026-09-02 02:00:00+00:00,27934.452485809437
2026-09-02 04:00:00+00:00,27934.452485809437
2026-09-02 06:00:00+00:00,27934.452485809437
2026-09-02 08:00:00+00:00,27934.452485809437
2026-09-02 10:00:00+00:00,27934.452485809437
2026-09-02 12:00:00+00:00,27934.452485809437
2026-09-02 14:00:00+00:00,27934.452485809437
2026-09-02 16:00:00+00:00,27934.452485809437
2026-09-02 18:00:00+00:00,27934.452485809437
2026-09-02 20:00:00+00:00,27934.452485809437
2026-09-02 22:00:00+00:00,27934.452485809437
2026-09-03 00:00:00+00:00,27934.452485809437
2026-09-03 02:00:00+00:00,27934.452485809437
2026-09-03 04:00:00+00:00,27934.452485809437
2026-09-03 06:00:00+00:00,27934.452485809437
2026-09-03 08:00:00+00:00,27934.452485809437
2026-09-03 10:00:00+00:00,27934.452485809437
2026-09-03 12:00:00+00:00,27934.452485809437
2026-09-03 14:00:00+00:00,27934.452485809437
2026-09-03 16:00:00+00:00,27934.452485809437
2026-09-03 18:00:00+00:00,27934.452485809437
2026-09-03 20:00:00+00:00,27934.452485809437
2026-09-03 22:00:00+00:00,27934.452485809437
2026-09-04 00:00:00+00:00,27934.452485809437
2026-09-04 02:00:00+00:00,27934.452485809437
2026-09-04 04:00:00+00:00,27934.452485809437
2026-09-04 06:00:00+00:00,27934.452485809437
2026-09-04 08:00:00+00:00,27934.452485809437
2026-09-04 10:00:00+00:00,27934.452485809437
2026-09-04 12:00:00+00:00,27934.452485809437
2026-09-04 14:00:00+00:00,27934.452485809437
2026-09-04 16:00:00+00:00,27934.452485809437
2026-09-04 18:00:00+00:00,27934.452485809437
2026-09-04 20:00:00+00:00,27934.452485809437
2026-09-04 22:00:00+00:00,27934.452485809437
2026-09-05 00:00:00+00:00,27934.452485809437
2026-09-05 02:00:00+00:00,27934.452485809437
2026-09-05 04:00:00+00:00,27934.452485809437
2026-09-05 06:00:00+00:00,28759.232039216415
2026-09-05 08:00:00+00:00,28801.129180941218
2026-09-05 10:00:00+00:00,27935.51659231924
2026-09-05 12:00:00+00:00,27920.592237343
2026-09-05 14:00:00+00:00,27786.27304255683
2026-09-05 16:00:00+00:00,27887.96610492944
2026-09-05 18:00:00+00:00,27917.814814881924
2026-09-05 20:00:00+00:00,28470.015949002838
2026-09-05 22:00:00+00:00,28096.907074596813
2026-09-06 00:00:00+00:00,28482.130047937055
2026-09-06 02:00:00+00:00,28452.281337984572
2026-09-06 04:00:00+00:00,28213.491658364717
2026-09-06 06:00:00+00:00,28049.323753626064
2026-09-06 08:00:00+00:00,28180.837169676703
2026-09-06 10:00:00+00:00,28359.929429391592
2026-09-06 12:00:00+00:00,28195.761524652942
2026-09-06 14:00:00+00:00,27422.31358070501
2026-09-06 16:00:00+00:00,27422.31358070501
2026-09-06 18:00:00+00:00,27422.31358070501
2026-09-06 20:00:00+00:00,27422.31358070501
2026-09-06 22:00:00+00:00,27422.31358070501
2026-09-07 00:00:00+00:00,27422.31358070501
2026-09-07 02:00:00+00:00,27422.31358070501
2026-09-07 04:00:00+00:00,27422.31358070501
2026-09-07 06:00:00+00:00,27422.31358070501
2026-09-07 08:00:00+00:00,27422.31358070501
2026-09-07 10:00:00+00:00,27422.31358070501
2026-09-07 12:00:00+00:00,27422.31358070501
2026-09-07 14:00:00+00:00,27422.31358070501
2026-09-07 16:00:00+00:00,27422.31358070501
2026-09-07 18:00:00+00:00,27422.31358070501
2026-09-07 20:00:00+00:00,27422.31358070501
2026-09-07 22:00:00+00:00,27422.31358070501
2026-09-08 00:00:00+00:00,27422.31358070501
2026-09-08 02:00:00+00:00,27422.31358070501
2026-09-08 04:00:00+00:00,27422.31358070501
2026-09-08 06:00:00+00:00,27422.31358070501
2026-09-08 08:00:00+00:00,27422.31358070501
2026-09-08 10:00:00+00:00,27422.31358070501
2026-09-08 12:00:00+00:00,27422.31358070501
2026-09-08 14:00:00+00:00,27422.31358070501
2026-09-08 16:00:00+00:00,27422.31358070501
2026-09-08 18:00:00+00:00,27422.31358070501
2026-09-08 20:00:00+00:00,27422.31358070501
2026-09-08 22:00:00+00:00,27422.31358070501
2026-09-09 00:00:00+00:00,27422.31358070501
2026-09-09 02:00:00+00:00,27422.31358070501
2026-09-09 04:00:00+00:00,27422.31358070501
2026-09-09 06:00:00+00:00,27422.31358070501
2026-09-09 08:00:00+00:00,27422.31358070501
2026-09-09 10:00:00+00:00,27422.31358070501
2026-09-09 12:00:00+00:00,27422.31358070501
2026-09-09 14:00:00+00:00,27422.31358070501
2026-09-09 16:00:00+00:00,27422.31358070501
2026-09-09 18:00:00+00:00,27422.31358070501
2026-09-09 20:00:00+00:00,27422.31358070501
2026-09-09 22:00:00+00:00,27422.31358070501
2026-09-10 00:00:00+00:00,27422.31358070501
2026-09-10 02:00:00+00:00,27422.31358070501
2026-09-10 04:00:00+00:00,27422.31358070501
2026-09-10 06:00:00+00:00,27422.31358070501
2026-09-10 08:00:00+00:00,27422.31358070501
2026-09-10 10:00:00+00:00,27422.31358070501
2026-09-10 12:00:00+00:00,27422.31358070501
2026-09-10 14:00:00+00:00,27422.31358070501
2026-09-10 16:00:00+00:00,27422.31358070501
2026-09-10 18:00:00+00:00,27422.31358070501
2026-09-10 20:00:00+00:00,27422.31358070501
2026-09-10 22:00:00+00:00,27422.31358070501
2026-09-11 00:00:00+00:00,27422.31358070501
2026-09-11 02:00:00+00:00,27422.31358070501
2026-09-11 04:00:00+00:00,27422.31358070501
2026-09-11 06:00:00+00:00,27422.31358070501
2026-09-11 08:00:00+00:00,27422.31358070501
2026-09-11 10:00:00+00:00,27422.31358070501
2026-09-11 12:00:00+00:00,27422.31358070501
2026-09-11 14:00:00+00:00,27422.31358070501
2026-09-11 16:00:00+00:00,27422.31358070501
2026-09-11 18:00:00+00:00,27422.31358070501
2026-09-11 20:00:00+00:00,27422.31358070501
2026-09-11 22:00:00+00:00,27422.31358070501
2026-09-12 00:00:00+00:00,27422.31358070501
2026-09-12 02:00:00+00:00,27422.31358070501
2026-09-12 04:00:00+00:00,27422.31358070501
2026-09-12 06:00:00+00:00,27422.31358070501
2026-09-12 08:00:00+00:00,27422.31358070501
2026-09-12 10:00:00+00:00,27422.31358070501
2026-09-12 12:00:00+00:00,27422.31358070501
2026-09-12 14:00:00+00:00,27422.31358070501
2026-09-12 16:00:00+00:00,27422.31358070501
2026-09-12 18:00:00+00:00,27422.31358070501
2026-09-12 20:00:00+00:00,27422.31358070501
2026-09-12 22:00:00+00:00,27422.31358070501
2026-09-13 00:00:00+00:00,27422.31358070501
2026-09-13 02:00:00+00:00,27422.31358070501
2026-09-13 04:00:00+00:00,27422.31358070501
2026-09-13 06:00:00+00:00,27422.31358070501
2026-09-13 08:00:00+00:00,27422.31358070501
2026-09-13 10:00:00+00:00,27422.31358070501
2026-09-13 12:00:00+00:00,27422.31358070501
2026-09-13 14:00:00+00:00,27422.31358070501
2026-09-13 16:00:00+00:00,27422.31358070501
2026-09-13 18:00:00+00:00,27422.31358070501
2026-09-13 20:00:00+00:00,27422.31358070501
2026-09-13 22:00:00+00:00,27422.31358070501
2026-09-14 00:00:00+00:00,27422.31358070501
2026-09-14 02:00:00+00:00,27422.31358070501
2026-09-14 04:00:00+00:00,27422.31358070501
2026-09-14 06:00:00+00:00,27422.31358070501
2026-09-14 08:00:00+00:00,27422.31358070501
2026-09-14 10:00:00+00:00,27422.31358070501
2026-09-14 12:00:00+00:00,27422.31358070501
2026-09-14 14:00:00+00:00,27422.31358070501
2026-09-14 16:00:00+00:00,27422.31358070501
2026-09-14 18:00:00+00:00,27422.31358070501
2026-09-14 20:00:00+00:00,27422.31358070501
2026-09-14 22:00:00+00:00,27422.31358070501
2026-09-15 00:00:00+00:00,27422.31358070501
2026-09-15 02:00:00+00:00,27422.31358070501
2026-09-15 04:00:00+00:00,27422.31358070501
2026-09-15 06:00:00+00:00,27422.31358070501
2026-09-15 08:00:00+00:00,27422.31358070501
2026-09-15 10:00:00+00:00,27422.31358070501
2026-09-15 12:00:00+00:00,27422.31358070501
2026-09-15 14:00:00+00:00,27422.31358070501
2026-09-15 16:00:00+00:00,27422.31358070501
2026-09-15 18:00:00+00:00,27422.31358070501
2026-09-15 20:00:00+00:00,27422.31358070501
2026-09-15 22:00:00+00:00,27422.31358070501
2026-09-16 00:00:00+00:00,27422.31358070501
2026-09-16 02:00:00+00:00,27422.31358070501
2026-09-16 04:00:00+00:00,27422.31358070501
2026-09-16 06:00:00+00:00,27422.31358070501
2026-09-16 08:00:00+00:00,27422.31358070501
2026-09-16 10:00:00+00:00,27422.31358070501
2026-09-16 12:00:00+00:00,27422.31358070501
2026-09-16 14:00:00+00:00,27422.31358070501
2026-09-16 16:00:00+00:00,27422.31358070501
2026-09-16 18:00:00+00:00,27422.31358070501
2026-09-16 20:00:00+00:00,27422.31358070501
2026-09-16 22:00:00+00:00,27422.31358070501
2026-09-17 00:00:00+00:00,27422.31358070501
2026-09-17 02:00:00+00:00,27422.31358070501
2026-09-17 04:00:00+00:00,27422.31358070501
2026-09-17 06:00:00+00:00,27422.31358070501
2026-09-17 08:00:00+00:00,27422.31358070501
2026-09-17 10:00:00+00:00,27422.31358070501
2026-09-17 12:00:00+00:00,27422.31358070501
2026-09-17 14:00:00+00:00,27422.31358070501
2026-09-17 16:00:00+00:00,27422.31358070501
2026-09-17 18:00:00+00:00,27943.737969622714
2026-09-17 20:00:00+00:00,27883.089596384245
2026-09-17 22:00:00+00:00,27852.765409765016
2026-09-18 00:00:00+00:00,28335.16711913176
2026-09-18 02:00:00+00:00,28623.246892014464
2026-09-18 04:00:00+00:00,28289.68083920291
2026-09-18 06:00:00+00:00,28183.546186035594
2026-09-18 08:00:00+00:00,27179.3541541717
2026-09-18 10:00:00+00:00,27179.3541541717
2026-09-18 12:00:00+00:00,27179.3541541717
2026-09-18 14:00:00+00:00,27179.3541541717
2026-09-18 16:00:00+00:00,27179.3541541717
2026-09-18 18:00:00+00:00,27179.3541541717
2026-09-18 20:00:00+00:00,27179.3541541717
2026-09-18 22:00:00+00:00,27179.3541541717
2026-09-19 00:00:00+00:00,27179.3541541717
2026-09-19 02:00:00+00:00,27179.3541541717
2026-09-19 04:00:00+00:00,27179.3541541717
2026-09-19 06:00:00+00:00,27179.3541541717
2026-09-19 08:00:00+00:00,27179.3541541717
2026-09-19 10:00:00+00:00,27179.3541541717
2026-09-19 12:00:00+00:00,27179.3541541717
2026-09-19 14:00:00+00:00,27179.3541541717
2026-09-19 16:00:00+00:00,27179.3541541717
2026-09-19 18:00:00+00:00,27179.3541541717
2026-09-19 20:00:00+00:00,27179.3541541717
2026-09-19 22:00:00+00:00,27179.3541541717
2026-09-20 00:00:00+00:00,27179.3541541717
2026-09-20 02:00:00+00:00,27179.3541541717
2026-09-20 04:00:00+00:00,27179.3541541717
2026-09-20 06:00:00+00:00,27179.3541541717
2026-09-20 08:00:00+00:00,27179.3541541717
2026-09-20 10:00:00+00:00,27179.3541541717
2026-09-20 12:00:00+00:00,27179.3541541717
2026-09-20 14:00:00+00:00,27179.3541541717
2026-09-20 16:00:00+00:00,27179.3541541717
2026-09-20 18:00:00+00:00,27179.3541541717
2026-09-20 20:00:00+00:00,27179.3541541717
2026-09-20 22:00:00+00:00,27179.3541541717
2026-09-21 00:00:00+00:00,27179.3541541717
2026-09-21 02:00:00+00:00,27179.3541541717
2026-09-21 04:00:00+00:00,27179.3541541717
2026-09-21 06:00:00+00:00,27179.3541541717
2026-09-21 08:00:00+00:00,27179.3541541717
2026-09-21 10:00:00+00:00,27179.3541541717
2026-09-21 12:00:00+00:00,27179.3541541717
2026-09-21 14:00:00+00:00,27179.3541541717
2026-09-21 16:00:00+00:00,27179.3541541717
2026-09-21 18:00:00+00:00,27179.3541541717
2026-09-21 20:00:00+00:00,27179.3541541717
2026-09-21 22:00:00+00:00,27179.3541541717
2026-09-22 00:00:00+00:00,27179.3541541717
2026-09-22 02:00:00+00:00,27179.3541541717
2026-09-22 04:00:00+00:00,27179.3541541717
2026-09-22 06:00:00+00:00,27179.3541541717
2026-09-22 08:00:00+00:00,27179.3541541717
2026-09-22 10:00:00+00:00,27179.3541541717
2026-09-22 12:00:00+00:00,27179.3541541717
2026-09-22 14:00:00+00:00,27179.3541541717
2026-09-22 16:00:00+00:00,27179.3541541717
2026-09-22 18:00:00+00:00,27179.3541541717
2026-09-22 20:00:00+00:00,27179.3541541717
2026-09-22 22:00:00+00:00,27179.3541541717
2026-09-23 00:00:00+00:00,27179.3541541717
2026-09-23 02:00:00+00:00,27179.3541541717
2026-09-23 04:00:00+00:00,27179.3541541717
2026-09-23 06:00:00+00:00,27179.3541541717
2026-09-23 08:00:00+00:00,27179.3541541717
2026-09-23 10:00:00+00:00,27179.3541541717
2026-09-23 12:00:00+00:00,27179.3541541717
2026-09-23 14:00:00+00:00,27179.3541541717
2026-09-23 16:00:00+00:00,27179.3541541717
2026-09-23 18:00:00+00:00,27179.3541541717
2026-09-23 20:00:00+00:00,27179.3541541717
2026-09-23 22:00:00+00:00,27179.3541541717
2026-09-24 00:00:00+00:00,27179.3541541717
2026-09-24 02:00:00+00:00,27179.3541541717
2026-09-24 04:00:00+00:00,27179.3541541717
2026-09-24 06:00:00+00:00,27179.3541541717
2026-09-24 08:00:00+00:00,27179.3541541717
2026-09-24 10:00:00+00:00,27179.3541541717
2026-09-24 12:00:00+00:00,27179.3541541717
2026-09-24 14:00:00+00:00,27179.3541541717
2026-09-24 16:00:00+00:00,27179.3541541717
2026-09-24 18:00:00+00:00,27179.3541541717
2026-09-24 20:00:00+00:00,27179.3541541717
2026-09-24 22:00:00+00:00,27179.3541541717
