ts,equity
2023-09-24 00:00:00+00:00,10000.0
2023-09-24 02:00:00+00:00,10000.0
2023-09-24 04:00:00+00:00,10000.0
2023-09-24 06:00:00+00:00,10000.0
2023-09-24 08:00:00+00:00,10000.0
2023-09-24 10:00:00+00:00,10000.0
2023-09-24 12:00:00+00:00,10000.0
2023-09-24 14:00:00+00:00,10000.0
2023-09-24 16:00:00+00:00,10000.0
2023-09-24 18:00:00+00:00,10000.0
2023-09-24 20:00:00+00:00,10000.0
2023-09-24 22:00:00+00:00,10000.0
2023-09-25 00:00:00+00:00,10000.0
2023-09-25 02:00:00+00:00,10000.0
2023-09-25 04:00:00+00:00,10000.0
2023-09-25 06:00:00+00:00,10000.0
2023-09-25 08:00:00+00:00,10000.0
2023-09-25 10:00:00+00:00,10000.0
2023-09-25 12:00:00+00:00,10000.0
2023-09-25 14:00:00+00:00,10000.0
2023-09-25 16:00:00+00:00,10000.0
2023-09-25 18:00:00+00:00,10000.0
2023-09-25 20:00:00+00:00,10000.0
2023-09-25 22:00:00+00:00,10000.0
2023-09-26 00:00:00+00:00,10000.0
2023-09-26 02:00:00+00:00,10000.0
2023-09-26 04:00:00+00:00,10000.0
2023-09-26 06:00:00+00:00,10000.0
2023-09-26 08:00:00+00:00,10000.0
2023-09-26 10:00:00+00:00,10000.0
2023-09-26 12:00:00+00:00,10000.0
2023-09-26 14:00:00+00:00,10000.0
2023-09-26 16:00:00+00:00,10000.0
2023-09-26 18:00:00+00:00,10000.0
2023-09-26 20:00:00+00:00,10000.0
2023-09-26 22:00:00+00:00,10000.0
2023-09-27 00:00:00+00:00,10000.0
2023-09-27 02:00:00+00:00,10000.0
2023-09-27 04:00:00+00:00,10000.0
2023-09-27 06:00:00+00:00,10000.0
2023-09-27 08:00:00+00:00,10000.0
2023-09-27 10:00:00+00:00,10000.0
2023-09-27 12:00:00+00:00,10000.0
2023-09-27 14:00:00+00:00,10000.0
2023-09-27 16:00:00+00:00,10000.0
2023-09-27 18:00:00+00:00,10000.0
2023-09-27 20:00:00+00:00,10000.0
2023-09-27 22:00:00+00:00,10000.0
2023-09-28 00:00:00+00:00,10000.0
2023-09-28 02:00:00+00:00,10000.0
2023-09-28 04:00:00+00:00,10000.0
2023-09-28 06:00:00+00:00,10000.0
2023-09-28 08:00:00+00:00,10000.0
2023-09-28 10:00:00+00:00,10000.0
2023-09-28 12:00:00+00:00,10000.0
2023-09-28 14:00:00+00:00,10000.0
2023-09-28 16:00:00+00:00,10000.0
2023-09-28 18:00:00+00:00,10000.0
2023-09-28 20:00:00+00:00,10000.0
2023-09-28 22:00:00+00:00,10000.0
2023-09-29 00:00:00+00:00,10000.0
2023-09-29 02:00:00+00:00,10000.0
2023-09-29 04:00:00+00:00,10000.0
2023-09-29 06:00:00+00:00,10000.0
2023-09-29 08:00:00+00:00,10000.0
2023-09-29 10:00:00+00:00,10000.0
2023-09-29 12:00:00+00:00,10000.0
2023-09-29 14:00:00+00:00,10000.0
2023-09-29 16:00:00+00:00,10000.0
2023-09-29 18:00:00+00:00,10000.0
2023-09-29 20:00:00+00:00,10000.0
2023-09-29 22:00:00+00:00,10000.0
2023-09-30 00:00:00+00:00,10000.0
2023-09-30 02:00:00+00:00,10000.0
2023-09-30 04:00:00+00:00,10000.0
2023-09-30 06:00:00+00:00,10000.0
2023-09-30 08:00:00+00:00,10000.0
2023-09-30 10:00:00+00:00,10000.0
2023-09-30 12:00:00+00:00,10000.0
2023-09-30 14:00:00+00:00,10000.0
2023-09-30 16:00:00+00:00,10000.0
2023-09-30 18:00:00+00:00,10000.0
2023-09-30 20:00:00+00:00,10000.0
2023-09-30 22:00:00+00:00,10000.0
2023-10-01 00:00:00+00:00,10000.0
2023-10-01 02:00:00+00:00,10000.0
2023-10-01 04:00:00+00:00,10000.0
2023-10-01 06:00:00+00:00,10000.0
2023-10-01 08:00:00+00:00,10000.0
2023-10-01 10:00:00+00:00,10000.0
2023-10-01 12:00:00+00:00,10000.0
2023-10-01 14:00:00+00:00,10000.0
2023-10-01 16:00:00+00:00,10000.0
2023-10-01 18:00:00+00:00,10000.0
2023-10-01 20:00:00+00:00,10000.0
2023-10-01 22:00:00+00:00,10000.0
2023-10-02 00:00:00+00:00,10000.0
2023-10-02 02:00:00+00:00,10000.0
2023-10-02 04:00:00+00:00,10000.0
2023-10-02 06:00:00+00:00,10000.0
2023-10-02 08:00:00+00:00,10000.0
2023-10-02 10:00:00+00:00,10000.0
2023-10-02 12:00:00+00:00,10000.0
2023-10-02 14:00:00+00:00,10000.0
2023-10-02 16:00:00+00:00,10000.0
2023-10-02 18:00:00+00:00,10000.0
2023-10-02 20:00:00+00:00,10000.0
2023-10-02 22:00:00+00:00,10000.0
2023-10-03 00:00:00+00:00,10000.0
2023-10-03 02:00:00+00:00,10000.0
2023-10-03 04:00:00+00:00,10000.0
2023-10-03 06:00:00+00:00,10000.0
2023-10-03 08:00:00+00:00,10000.0
2023-10-03 10:00:00+00:00,10000.0
2023-10-03 12:00:00+00:00,10000.0
2023-10-03 14:00:00+00:00,10000.0
2023-10-03 16:00:00+00:00,10000.0
2023-10-03 18:00:00+00:00,10000.0
2023-10-03 20:00:00+00:00,10000.0
2023-10-03 22:00:00+00:00,10000.0
2023-10-04 00:00:00+00:00,10000.0
2023-10-04 02:00:00+00:00,10000.0
2023-10-04 04:00:00+00:00,10000.0
2023-10-04 06:00:00+00:00,10000.0
2023-10-04 08:00:00+00:00,10000.0
2023-10-04 10:00:00+00:00,10000.0
2023-10-04 12:00:00+00:00,10000.0
2023-10-04 14:00:00+00:00,10000.0
2023-10-04 16:00:00+00:00,10000.0
2023-10-04 18:00:00+00:00,10000.0
2023-10-04 20:00:00+00:00,10000.0
2023-10-04 22:00:00+00:00,10000.0
2023-10-05 00:00:00+00:00,10000.0
2023-10-05 02:00:00+00:00,10000.0
2023-10-05 04:00:00+00:00,10000.0
2023-10-05 06:00:00+00:00,10000.0
2023-10-05 08:00:00+00:00,10000.0
2023-10-05 10:00:00+00:00,10000.0
2023-10-05 12:00:00+00:00,10000.0
2023-10-05 14:00:00+00:00,10000.0
2023-10-05 16:00:00+00:00,10000.0
2023-10-05 18:00:00+00:00,10000.0
2023-10-05 20:00:00+00:00,10000.0
2023-10-05 22:00:00+00:00,10000.0
2023-10-06 00:00:00+00:00,10000.0
2023-10-06 02:00:00+00:00,9962.683988666991
2023-10-06 04:00:00+00:00,10023.149747771406
2023-10-06 06:00:00+00:00,10023.149747771406
2023-10-06 08:00:00+00:00,10032.786262179534
2023-10-06 10:00:00+00:00,10006.872365420499
2023-10-06 12:00:00+00:00,9998.234399834153
2023-10-06 14:00:00+00:00,9903.216778384356
2023-10-06 16:00:00+00:00,9895.589454771616
2023-10-06 18:00:00+00:00,9912.865385944306
2023-10-06 20:00:00+00:00,9852.399626839891
2023-10-06 22:00:00+00:00,9895.589454771616
2023-10-07 00:00:00+00:00,9800.333277392227
2023-10-07 02:00:00+00:00,9800.333277392227
2023-10-07 04:00:00+00:00,9800.333277392227
2023-10-07 06:00:00+00:00,9800.333277392227
2023-10-07 08:00:00+00:00,9800.333277392227
2023-10-07 10:00:00+00:00,9800.333277392227
2023-10-07 12:00:00+00:00,9800.333277392227
2023-10-07 14:00:00+00:00,9800.333277392227
2023-10-07 16:00:00+00:00,9800.333277392227
2023-10-07 18:00:00+00:00,9800.333277392227
2023-10-07 20:00:00+00:00,9800.333277392227
2023-10-07 22:00:00+00:00,9800.333277392227
2023-10-08 00:00:00+00:00,9800.333277392227
2023-10-08 02:00:00+00:00,9800.333277392227
2023-10-08 04:00:00+00:00,9800.333277392227
2023-10-08 06:00:00+00:00,9800.333277392227
2023-10-08 08:00:00+00:00,9800.333277392227
2023-10-08 10:00:00+00:00,9800.333277392227
2023-10-08 12:00:00+00:00,9800.333277392227
2023-10-08 14:00:00+00:00,9800.333277392227
2023-10-08 16:00:00+00:00,9800.333277392227
2023-10-08 18:00:00+00:00,9800.333277392227
2023-10-08 20:00:00+00:00,9800.333277392227
2023-10-08 22:00:00+00:00,9800.333277392227
2023-10-09 00:00:00+00:00,9800.333277392227
2023-10-09 02:00:00+00:00,9800.333277392227
2023-10-09 04:00:00+00:00,9800.333277392227
2023-10-09 06:00:00+00:00,9800.333277392227
2023-10-09 08:00:00+00:00,9800.333277392227
2023-10-09 10:00:00+00:00,9800.333277392227
2023-10-09 12:00:00+00:00,9800.333277392227
2023-10-09 14:00:00+00:00,9800.333277392227
2023-10-09 16:00:00+00:00,9800.333277392227
2023-10-09 18:00:00+00:00,9800.333277392227
2023-10-09 20:00:00+00:00,9800.333277392227
2023-10-09 22:00:00+00:00,9800.333277392227
2023-10-10 00:00:00+00:00,9800.333277392227
2023-10-10 02:00:00+00:00,9800.333277392227
2023-10-10 04:00:00+00:00,9800.333277392227
2023-10-10 06:00:00+00:00,9800.333277392227
2023-10-10 08:00:00+00:00,9800.333277392227
2023-10-10 10:00:00+00:00,9800.333277392227
2023-10-10 12:00:00+00:00,9800.333277392227
2023-10-10 14:00:00+00:00,9800.333277392227
2023-10-10 16:00:00+00:00,9800.333277392227
2023-10-10 18:00:00+00:00,9800.333277392227
2023-10-10 20:00:00+00:00,9800.333277392227
2023-10-10 22:00:00+00:00,9800.333277392227
2023-10-11 00:00:00+00:00,9800.333277392227
2023-10-11 02:00:00+00:00,9800.333277392227
2023-10-11 04:00:00+00:00,9800.333277392227
2023-10-11 06:00:00+00:00,9800.333277392227
2023-10-11 08:00:00+00:00,9800.333277392227
2023-10-11 10:00:00+00:00,9800.333277392227
2023-10-11 12:00:00+00:00,9800.333277392227
2023-10-11 14:00:00+00:00,9800.333277392227
2023-10-11 16:00:00+00:00,9800.333277392227
2023-10-11 18:00:00+00:00,9800.333277392227
2023-10-11 20:00:00+00:00,9800.333277392227
2023-10-11 22:00:00+00:00,9800.333277392227
2023-10-12 00:00:00+00:00,9800.333277392227
2023-10-12 02:00:00+00:00,9800.333277392227
2023-10-12 04:00:00+00:00,9800.333277392227
2023-10-12 06:00:00+00:00,9800.333277392227
2023-10-12 08:00:00+00:00,9800.333277392227
2023-10-12 10:00:00+00:00,9800.333277392227
2023-10-12 12:00:00+00:00,9800.333277392227
2023-10-12 14:00:00+00:00,9800.333277392227
2023-10-12 16:00:00+00:00,9800.333277392227
2023-10-12 18:00:00+00:00,9800.333277392227
2023-10-12 20:00:00+00:00,9800.333277392227
2023-10-12 22:00:00+00:00,9800.333277392227
2023-10-13 00:00:00+00:00,9800.333277392227
2023-10-13 02:00:00+00:00,9800.333277392227
2023-10-13 04:00:00+00:00,9800.333277392227
2023-10-13 06:00:00+00:00,9800.333277392227
2023-10-13 08:00:00+00:00,9800.333277392227
2023-10-13 10:00:00+00:00,9800.333277392227
2023-10-13 12:00:00+00:00,9800.333277392227
2023-10-13 14:00:00+00:00,9800.333277392227
2023-10-13 16:00:00+00:00,9800.333277392227
2023-10-13 18:00:00+00:00,9800.333277392227
2023-10-13 20:00:00+00:00,9800.333277392227
2023-10-13 22:00:00+00:00,9800.333277392227
2023-10-14 00:00:00+00:00,9800.333277392227
2023-10-14 02:00:00+00:00,9800.333277392227
2023-10-14 04:00:00+00:00,9800.333277392227
2023-10-14 06:00:00+00:00,9800.333277392227
2023-10-14 08:00:00+00:00,9800.333277392227
2023-10-14 10:00:00+00:00,9800.333277392227
2023-10-14 12:00:00+00:00,9800.333277392227
2023-10-14 14:00:00+00:00,9800.333277392227
2023-10-14 16:00:00+00:00,9800.333277392227
2023-10-14 18:00:00+00:00,9800.333277392227
2023-10-14 20:00:00+00:00,9800.333277392227
2023-10-14 22:00:00+00:00,9800.333277392227
2023-10-15 00:00:00+00:00,9800.333277392227
2023-10-15 02:00:00+00:00,9800.333277392227
2023-10-15 04:00:00+00:00,9800.333277392227
2023-10-15 06:00:00+00:00,9800.333277392227
2023-10-15 08:00:00+00:00,9800.333277392227
2023-10-15 10:00:00+00:00,9800.333277392227
2023-10-15 12:00:00+00:00,9800.333277392227
2023-10-15 14:00:00+00:00,9800.333277392227
2023-10-15 16:00:00+00:00,9800.333277392227
2023-10-15 18:00:00+00:00,9800.333277392227
2023-10-15 20:00:00+00:00,9800.333277392227
2023-10-15 22:00:00+00:00,9800.333277392227
2023-10-16 00:00:00+00:00,9800.333277392227
2023-10-16 02:00:00+00:00,9800.333277392227
2023-10-16 04:00:00+00:00,9800.333277392227
2023-10-16 06:00:00+00:00,9800.333277392227
2023-10-16 08:00:00+00:00,9800.333277392227
2023-10-16 10:00:00+00:00,9800.333277392227
2023-10-16 12:00:00+00:00,9800.333277392227
2023-10-16 14:00:00+00:00,9800.333277392227
2023-10-16 16:00:00+00:00,9800.333277392227
2023-10-16 18:00:00+00:00,9800.333277392227
2023-10-16 20:00:00+00:00,9800.333277392227
2023-10-16 22:00:00+00:00,9800.333277392227
2023-10-17 00:00:00+00:00,9800.333277392227
2023-10-17 02:00:00+00:00,9800.333277392227
2023-10-17 04:00:00+00:00,9800.333277392227
2023-10-17 06:00:00+00:00,9800.333277392227
2023-10-17 08:00:00+00:00,9800.333277392227
2023-10-17 10:00:00+00:00,9800.333277392227
2023-10-17 12:00:00+00:00,9800.333277392227
2023-10-17 14:00:00+00:00,9800.333277392227
2023-10-17 16:00:00+00:00,9800.333277392227
2023-10-17 18:00:00+00:00,9800.333277392227
2023-10-17 20:00:00+00:00,9800.333277392227
2023-10-17 22:00:00+00:00,9800.333277392227
2023-10-18 00:00:00+00:00,9800.333277392227
2023-10-18 02:00:00+00:00,9800.333277392227
2023-10-18 04:00:00+00:00,9800.333277392227
2023-10-18 06:00:00+00:00,9800.333277392227
2023-10-18 08:00:00+00:00,9800.333277392227
2023-10-18 10:00:00+00:00,9800.333277392227
2023-10-18 12:00:00+00:00,9800.333277392227
2023-10-18 14:00:00+00:00,9800.333277392227
2023-10-18 16:00:00+00:00,9800.333277392227
2023-10-18 18:00:00+00:00,9800.333277392227
2023-10-18 20:00:00+00:00,9800.333277392227
2023-10-18 22:00:00+00:00,9800.333277392227
2023-10-19 00:00:00+00:00,9800.333277392227
2023-10-19 02:00:00+00:00,9800.333277392227
2023-10-19 04:00:00+00:00,9800.333277392227
2023-10-19 06:00:00+00:00,9800.333277392227
2023-10-19 08:00:00+00:00,9800.333277392227
2023-10-19 10:00:00+00:00,9800.333277392227
2023-10-19 12:00:00+00:00,9800.333277392227
2023-10-19 14:00:00+00:00,9800.333277392227
2023-10-19 16:00:00+00:00,9800.333277392227
2023-10-19 18:00:00+00:00,9800.333277392227
2023-10-19 20:00:00+00:00,9800.333277392227
2023-10-19 22:00:00+00:00,9800.333277392227
2023-10-20 00:00:00+00:00,9800.333277392227
2023-10-20 02:00:00+00:00,9800.333277392227
2023-10-20 04:00:00+00:00,9800.333277392227
2023-10-20 06:00:00+00:00,9800.333277392227
2023-10-20 08:00:00+00:00,9800.333277392227
2023-10-20 10:00:00+00:00,9800.333277392227
2023-10-20 12:00:00+00:00,9800.333277392227
2023-10-20 14:00:00+00:00,9800.333277392227
2023-10-20 16:00:00+00:00,9800.333277392227
2023-10-20 18:00:00+00:00,9800.333277392227
2023-10-20 20:00:00+00:00,9800.333277392227
2023-10-20 22:00:00+00:00,9800.333277392227
2023-10-21 00:00:00+00:00,9800.333277392227
2023-10-21 02:00:00+00:00,9800.333277392227
2023-10-21 04:00:00+00:00,9800.333277392227
2023-10-21 06:00:00+00:00,9800.333277392227
2023-10-21 08:00:00+00:00,9800.333277392227
2023-10-21 10:00:00+00:00,9800.333277392227
2023-10-21 12:00:00+00:00,9800.333277392227
2023-10-21 14:00:00+00:00,9800.333277392227
2023-10-21 16:00:00+00:00,9800.333277392227
2023-10-21 18:00:00+00:00,9800.333277392227
2023-10-21 20:00:00+00:00,9800.333277392227
2023-10-21 22:00:00+00:00,9800.333277392227
2023-10-22 00:00:00+00:00,9800.333277392227
2023-10-22 02:00:00+00:00,9800.333277392227
2023-10-22 04:00:00+00:00,9800.333277392227
2023-10-22 06:00:00+00:00,9800.333277392227
2023-10-22 08:00:00+00:00,9800.333277392227
2023-10-22 10:00:00+00:00,9800.333277392227
2023-10-22 12:00:00+00:00,9800.333277392227
2023-10-22 14:00:00+00:00,9800.333277392227
2023-10-22 16:00:00+00:00,9800.333277392227
2023-10-22 18:00:00+00:00,9800.333277392227
2023-10-22 20:00:00+00:00,9800.333277392227
2023-10-22 22:00:00+00:00,9800.333277392227
2023-10-23 00:00:00+00:00,9800.333277392227
2023-10-23 02:00:00+00:00,9800.333277392227
2023-10-23 04:00:00+00:00,9800.333277392227
2023-10-23 06:00:00+00:00,9800.333277392227
2023-10-23 08:00:00+00:00,9800.333277392227
2023-10-23 10:00:00+00:00,9800.333277392227
2023-10-23 12:00:00+00:00,9800.333277392227
2023-10-23 14:00:00+00:00,9800.333277392227
2023-10-23 16:00:00+00:00,9800.333277392227
2023-10-23 18:00:00+00:00,9800.333277392227
2023-10-23 20:00:00+00:00,9800.333277392227
2023-10-23 22:00:00+00:00,9800.333277392227
2023-10-24 00:00:00+00:00,9800.333277392227
2023-10-24 02:00:00+00:00,9800.333277392227
2023-10-24 04:00:00+00:00,9800.333277392227
2023-10-24 06:00:00+00:00,9800.333277392227
2023-10-24 08:00:00+00:00,9800.333277392227
2023-10-24 10:00:00+00:00,9800.333277392227
2023-10-24 12:00:00+00:00,9800.333277392227
2023-10-24 14:00:00+00:00,9800.333277392227
2023-10-24 16:00:00+00:00,9800.333277392227
2023-10-24 18:00:00+00:00,9800.333277392227
2023-10-24 20:00:00+00:00,9800.333277392227
2023-10-24 22:00:00+00:00,9800.333277392227
2023-10-25 00:00:00+00:00,9800.333277392227
2023-10-25 02:00:00+00:00,9800.333277392227
2023-10-25 04:00:00+00:00,9800.333277392227
2023-10-25 06:00:00+00:00,9800.333277392227
2023-10-25 08:00:00+00:00,9800.333277392227
2023-10-25 10:00:00+00:00,9800.333277392227
2023-10-25 12:00:00+00:00,9800.333277392227
2023-10-25 14:00:00+00:00,9800.333277392227
2023-10-25 16:00:00+00:00,9800.333277392227
2023-10-25 18:00:00+00:00,9800.333277392227
2023-10-25 20:00:00+00:00,9800.333277392227
2023-10-25 22:00:00+00:00,9800.333277392227
2023-10-26 00:00:00+00:00,9800.333277392227
2023-10-26 02:00:00+00:00,9800.333277392227
2023-10-26 04:00:00+00:00,9800.333277392227
2023-10-26 06:00:00+00:00,9800.333277392227
2023-10-26 08:00:00+00:00,9800.333277392227
2023-10-26 10:00:00+00:00,9800.333277392227
2023-10-26 12:00:00+00:00,9800.333277392227
2023-10-26 14:00:00+00:00,9800.333277392227
2023-10-26 16:00:00+00:00,9800.333277392227
2023-10-26 18:00:00+00:00,9800.333277392227
2023-10-26 20:00:00+00:00,9800.333277392227
2023-10-26 22:00:00+00:00,9800.333277392227
2023-10-27 00:00:00+00:00,9800.333277392227
2023-10-27 02:00:00+00:00,9800.333277392227
2023-10-27 04:00:00+00:00,9800.333277392227
2023-10-27 06:00:00+00:00,9800.333277392227
2023-10-27 08:00:00+00:00,9800.333277392227
2023-10-27 10:00:00+00:00,9800.333277392227
2023-10-27 12:00:00+00:00,9800.333277392227
2023-10-27 14:00:00+00:00,9800.333277392227
2023-10-27 16:00:00+00:00,9800.333277392227
2023-10-27 18:00:00+00:00,9800.333277392227
2023-10-27 20:00:00+00:00,9800.333277392227
2023-10-27 22:00:00+00:00,9800.333277392227
2023-10-28 00:00:00+00:00,9800.333277392227
2023-10-28 02:00:00+00:00,9800.333277392227
2023-10-28 04:00:00+00:00,9800.333277392227
2023-10-28 06:00:00+00:00,9800.333277392227
2023-10-28 08:00:00+00:00,9800.333277392227
2023-10-28 10:00:00+00:00,9800.333277392227
2023-10-28 12:00:00+00:00,9800.333277392227
2023-10-28 14:00:00+00:00,9800.333277392227
2023-10-28 16:00:00+00:00,9800.333277392227
2023-10-28 18:00:00+00:00,9800.333277392227
2023-10-28 20:00:00+00:00,9800.333277392227
2023-10-28 22:00:00+00:00,9800.333277392227
2023-10-29 00:00:00+00:00,9800.333277392227
2023-10-29 02:00:00+00:00,9800.333277392227
2023-10-29 04:00:00+00:00,9800.333277392227
2023-10-29 06:00:00+00:00,9800.333277392227
2023-10-29 08:00:00+00:00,9800.333277392227
2023-10-29 10:00:00+00:00,9800.333277392227
2023-10-29 12:00:00+00:00,9800.333277392227
2023-10-29 14:00:00+00:00,9800.333277392227
2023-10-29 16:00:00+00:00,9800.333277392227
2023-10-29 18:00:00+00:00,9800.333277392227
2023-10-29 20:00:00+00:00,9800.333277392227
2023-10-29 22:00:00+00:00,9800.333277392227
2023-10-30 00:00:00+00:00,9800.333277392227
2023-10-30 02:00:00+00:00,9800.333277392227
2023-10-30 04:00:00+00:00,9800.333277392227
2023-10-30 06:00:00+00:00,9800.333277392227
2023-10-30 08:00:00+00:00,9800.333277392227
2023-10-30 10:00:00+00:00,9800.333277392227
2023-10-30 12:00:00+00:00,9800.333277392227
2023-10-30 14:00:00+00:00,9800.333277392227
2023-10-30 16:00:00+00:00,9800.333277392227
2023-10-30 18:00:00+00:00,9800.333277392227
2023-10-30 20:00:00+00:00,9800.333277392227
2023-10-30 22:00:00+00:00,9800.333277392227
2023-10-31 00:00:00+00:00,9800.333277392227
2023-10-31 02:00:00+00:00,9800.333277392227
2023-10-31 04:00:00+00:00,9800.333277392227
2023-10-31 06:00:00+00:00,9800.333277392227
2023-10-31 08:00:00+00:00,9800.333277392227
2023-10-31 10:00:00+00:00,9800.333277392227
2023-10-31 12:00:00+00:00,9800.333277392227
2023-10-31 14:00:00+00:00,9800.333277392227
2023-10-31 16:00:00+00:00,9800.333277392227
2023-10-31 18:00:00+00:00,9800.333277392227
2023-10-31 20:00:00+00:00,9800.333277392227
2023-10-31 22:00:00+00:00,9800.333277392227
2023-11-01 00:00:00+00:00,9800.333277392227
2023-11-01 02:00:00+00:00,9800.333277392227
2023-11-01 04:00:00+00:00,9800.333277392227
2023-11-01 06:00:00+00:00,9800.333277392227
2023-11-01 08:00:00+00:00,9800.333277392227
2023-11-01 10:00:00+00:00,9800.333277392227
2023-11-01 12:00:00+00:00,9800.333277392227
2023-11-01 14:00:00+00:00,9800.333277392227
2023-11-01 16:00:00+00:00,9800.333277392227
2023-11-01 18:00:00+00:00,9800.333277392227
2023-11-01 20:00:00+00:00,9800.333277392227
2023-11-01 22:00:00+00:00,9800.333277392227
2023-11-02 00:00:00+00:00,9800.333277392227
2023-11-02 02:00:00+00:00,9800.333277392227
2023-11-02 04:00:00+00:00,9800.333277392227
2023-11-02 06:00:00+00:00,9800.333277392227
2023-11-02 08:00:00+00:00,9800.333277392227
2023-11-02 10:00:00+00:00,9800.333277392227
2023-11-02 12:00:00+00:00,9800.333277392227
2023-11-02 14:00:00+00:00,9800.333277392227
2023-11-02 16:00:00+00:00,9800.333277392227
2023-11-02 18:00:00+00:00,9800.333277392227
2023-11-02 20:00:00+00:00,9800.333277392227
2023-11-02 22:00:00+00:00,9800.333277392227
2023-11-03 00:00:00+00:00,9800.333277392227
2023-11-03 02:00:00+00:00,9800.333277392227
2023-11-03 04:00:00+00:00,9800.333277392227
2023-11-03 06:00:00+00:00,9800.333277392227
2023-11-03 08:00:00+00:00,9800.333277392227
2023-11-03 10:00:00+00:00,9800.333277392227
2023-11-03 12:00:00+00:00,9800.333277392227
2023-11-03 14:00:00+00:00,9800.333277392227
2023-11-03 16:00:00+00:00,9800.333277392227
2023-11-03 18:00:00+00:00,9800.333277392227
2023-11-03 20:00:00+00:00,9800.333277392227
2023-11-03 22:00:00+00:00,9800.333277392227
2023-11-04 00:00:00+00:00,9800.333277392227
2023-11-04 02:00:00+00:00,9800.333277392227
2023-11-04 04:00:00+00:00,9800.333277392227
2023-11-04 06:00:00+00:00,9800.333277392227
2023-11-04 08:00:00+00:00,9800.333277392227
2023-11-04 10:00:00+00:00,9800.333277392227
2023-11-04 12:00:00+00:00,9800.333277392227
2023-11-04 14:00:00+00:00,9800.333277392227
2023-11-04 16:00:00+00:00,9800.333277392227
2023-11-04 18:00:00+00:00,9800.333277392227
2023-11-04 20:00:00+00:00,9800.333277392227
2023-11-04 22:00:00+00:00,9800.333277392227
2023-11-05 00:00:00+00:00,9800.333277392227
2023-11-05 02:00:00+00:00,9800.333277392227
2023-11-05 04:00:00+00:00,9800.333277392227
2023-11-05 06:00:00+00:00,9800.333277392227
2023-11-05 08:00:00+00:00,9800.333277392227
2023-11-05 10:00:00+00:00,9800.333277392227
2023-11-05 12:00:00+00:00,9800.333277392227
2023-11-05 14:00:00+00:00,9800.333277392227
2023-11-05 16:00:00+00:00,9800.333277392227
2023-11-05 18:00:00+00:00,9800.333277392227
2023-11-05 20:00:00+00:00,9800.333277392227
2023-11-05 22:00:00+00:00,9800.333277392227
2023-11-06 00:00:00+00:00,9800.333277392227
2023-11-06 02:00:00+00:00,9800.333277392227
2023-11-06 04:00:00+00:00,9800.333277392227
2023-11-06 06:00:00+00:00,9800.333277392227
2023-11-06 08:00:00+00:00,9800.333277392227
2023-11-06 10:00:00+00:00,9800.333277392227
2023-11-06 12:00:00+00:00,9800.333277392227
2023-11-06 14:00:00+00:00,9800.333277392227
2023-11-06 16:00:00+00:00,9800.333277392227
2023-11-06 18:00:00+00:00,9800.333277392227
2023-11-06 20:00:00+00:00,9800.333277392227
2023-11-06 22:00:00+00:00,9800.333277392227
2023-11-07 00:00:00+00:00,9800.333277392227
2023-11-07 02:00:00+00:00,9800.333277392227
2023-11-07 04:00:00+00:00,9800.333277392227
2023-11-07 06:00:00+00:00,9800.333277392227
2023-11-07 08:00:00+00:00,9800.333277392227
2023-11-07 10:00:00+00:00,9800.333277392227
2023-11-07 12:00:00+00:00,9800.333277392227
2023-11-07 14:00:00+00:00,9800.333277392227
2023-11-07 16:00:00+00:00,9800.333277392227
2023-11-07 18:00:00+00:00,9800.333277392227
2023-11-07 20:00:00+00:00,9800.333277392227
2023-11-07 22:00:00+00:00,9800.333277392227
2023-11-08 00:00:00+00:00,9800.333277392227
2023-11-08 02:00:00+00:00,9800.333277392227
2023-11-08 04:00:00+00:00,9800.333277392227
2023-11-08 06:00:00+00:00,9800.333277392227
2023-11-08 08:00:00+00:00,9800.333277392227
2023-11-08 10:00:00+00:00,9800.333277392227
2023-11-08 12:00:00+00:00,9800.333277392227
2023-11-08 14:00:00+00:00,9800.333277392227
2023-11-08 16:00:00+00:00,9800.333277392227
2023-11-08 18:00:00+00:00,9800.333277392227
2023-11-08 20:00:00+00:00,9800.333277392227
2023-11-08 22:00:00+00:00,9800.333277392227
2023-11-09 00:00:00+00:00,9800.333277392227
2023-11-09 02:00:00+00:00,9800.333277392227
2023-11-09 04:00:00+00:00,9800.333277392227
2023-11-09 06:00:00+00:00,9800.333277392227
2023-11-09 08:00:00+00:00,9800.333277392227
2023-11-09 10:00:00+00:00,9800.333277392227
2023-11-09 12:00:00+00:00,9800.333277392227
2023-11-09 14:00:00+00:00,9800.333277392227
2023-11-09 16:00:00+00:00,9800.333277392227
2023-11-09 18:00:00+00:00,9800.333277392227
2023-11-09 20:00:00+00:00,9800.333277392227
2023-11-09 22:00:00+00:00,9800.333277392227
2023-11-10 00:00:00+00:00,9800.333277392227
2023-11-10 02:00:00+00:00,9800.333277392227
2023-11-10 04:00:00+00:00,9800.333277392227
2023-11-10 06:00:00+00:00,9800.333277392227
2023-11-10 08:00:00+00:00,9800.333277392227
2023-11-10 10:00:00+00:00,9800.333277392227
2023-11-10 12:00:00+00:00,9800.333277392227
2023-11-10 14:00:00+00:00,9800.333277392227
2023-11-10 16:00:00+00:00,9800.333277392227
2023-11-10 18:00:00+00:00,9800.333277392227
2023-11-10 20:00:00+00:00,9800.333277392227
2023-11-10 22:00:00+00:00,9800.333277392227
2023-11-11 00:00:00+00:00,9800.333277392227
2023-11-11 02:00:00+00:00,9800.333277392227
2023-11-11 04:00:00+00:00,9800.333277392227
2023-11-11 06:00:00+00:00,9800.333277392227
2023-11-11 08:00:00+00:00,9800.333277392227
2023-11-11 10:00:00+00:00,9800.333277392227
2023-11-11 12:00:00+00:00,9800.333277392227
2023-11-11 14:00:00+00:00,9800.333277392227
2023-11-11 16:00:00+00:00,9800.333277392227
2023-11-11 18:00:00+00:00,9800.333277392227
2023-11-11 20:00:00+00:00,9800.333277392227
2023-11-11 22:00:00+00:00,9800.333277392227
2023-11-12 00:00:00+00:00,9800.333277392227
2023-11-12 02:00:00+00:00,9800.333277392227
2023-11-12 04:00:00+00:00,9800.333277392227
2023-11-12 06:00:00+00:00,9800.333277392227
2023-11-12 08:00:00+00:00,9800.333277392227
2023-11-12 10:00:00+00:00,9800.333277392227
2023-11-12 12:00:00+00:00,9800.333277392227
2023-11-12 14:00:00+00:00,9800.333277392227
2023-11-12 16:00:00+00:00,9800.333277392227
2023-11-12 18:00:00+00:00,9800.333277392227
2023-11-12 20:00:00+00:00,9800.333277392227
2023-11-12 22:00:00+00:00,9800.333277392227
2023-11-13 00:00:00+00:00,9800.333277392227
2023-11-13 02:00:00+00:00,9800.333277392227
2023-11-13 04:00:00+00:00,9800.333277392227
2023-11-13 06:00:00+00:00,9800.333277392227
2023-11-13 08:00:00+00:00,9800.333277392227
2023-11-13 10:00:00+00:00,9800.333277392227
2023-11-13 12:00:00+00:00,9800.333277392227
2023-11-13 14:00:00+00:00,9800.333277392227
2023-11-13 16:00:00+00:00,9800.333277392227
2023-11-13 18:00:00+00:00,9800.333277392227
2023-11-13 20:00:00+00:00,9800.333277392227
2023-11-13 22:00:00+00:00,9800.333277392227
2023-11-14 00:00:00+00:00,9800.333277392227
2023-11-14 02:00:00+00:00,9800.333277392227
2023-11-14 04:00:00+00:00,9800.333277392227
2023-11-14 06:00:00+00:00,9800.333277392227
2023-11-14 08:00:00+00:00,9800.333277392227
2023-11-14 10:00:00+00:00,9800.333277392227
2023-11-14 12:00:00+00:00,9800.333277392227
2023-11-14 14:00:00+00:00,9800.333277392227
2023-11-14 16:00:00+00:00,9800.333277392227
2023-11-14 18:00:00+00:00,9800.333277392227
2023-11-14 20:00:00+00:00,9800.333277392227
2023-11-14 22:00:00+00:00,9800.333277392227
2023-11-15 00:00:00+00:00,9800.333277392227
2023-11-15 02:00:00+00:00,9800.333277392227
2023-11-15 04:00:00+00:00,9800.333277392227
2023-11-15 06:00:00+00:00,9800.333277392227
2023-11-15 08:00:00+00:00,9800.333277392227
2023-11-15 10:00:00+00:00,9800.333277392227
2023-11-15 12:00:00+00:00,9800.333277392227
2023-11-15 14:00:00+00:00,9800.333277392227
2023-11-15 16:00:00+00:00,9800.333277392227
2023-11-15 18:00:00+00:00,9800.333277392227
2023-11-15 20:00:00+00:00,9800.333277392227
2023-11-15 22:00:00+00:00,9800.333277392227
2023-11-16 00:00:00+00:00,9800.333277392227
2023-11-16 02:00:00+00:00,9800.333277392227
2023-11-16 04:00:00+00:00,9800.333277392227
2023-11-16 06:00:00+00:00,9800.333277392227
2023-11-16 08:00:00+00:00,9800.333277392227
2023-11-16 10:00:00+00:00,9800.333277392227
2023-11-16 12:00:00+00:00,9800.333277392227
2023-11-16 14:00:00+00:00,9800.333277392227
2023-11-16 16:00:00+00:00,9800.333277392227
2023-11-16 18:00:00+00:00,9800.333277392227
2023-11-16 20:00:00+00:00,9800.333277392227
2023-11-16 22:00:00+00:00,9800.333277392227
2023-11-17 00:00:00+00:00,9800.333277392227
2023-11-17 02:00:00+00:00,9800.333277392227
2023-11-17 04:00:00+00:00,9800.333277392227
2023-11-17 06:00:00+00:00,9800.333277392227
2023-11-17 08:00:00+00:00,9800.333277392227
2023-11-17 10:00:00+00:00,9800.333277392227
2023-11-17 12:00:00+00:00,9800.333277392227
2023-11-17 14:00:00+00:00,9800.333277392227
2023-11-17 16:00:00+00:00,9800.333277392227
2023-11-17 18:00:00+00:00,9800.333277392227
2023-11-17 20:00:00+00:00,9800.333277392227
2023-11-17 22:00:00+00:00,9800.333277392227
2023-11-18 00:00:00+00:00,9800.333277392227
2023-11-18 02:00:00+00:00,9800.333277392227
2023-11-18 04:00:00+00:00,9800.333277392227
2023-11-18 06:00:00+00:00,9800.333277392227
2023-11-18 08:00:00+00:00,9800.333277392227
2023-11-18 10:00:00+00:00,9800.333277392227
2023-11-18 12:00:00+00:00,9800.333277392227
2023-11-18 14:00:00+00:00,9800.333277392227
2023-11-18 16:00:00+00:00,9800.333277392227
2023-11-18 18:00:00+00:00,9800.333277392227
2023-11-18 20:00:00+00:00,9800.333277392227
2023-11-18 22:00:00+00:00,9800.333277392227
2023-11-19 00:00:00+00:00,9800.333277392227
2023-11-19 02:00:00+00:00,9800.333277392227
2023-11-19 04:00:00+00:00,9800.333277392227
2023-11-19 06:00:00+00:00,9800.333277392227
2023-11-19 08:00:00+00:00,9800.333277392227
2023-11-19 10:00:00+00:00,9800.333277392227
2023-11-19 12:00:00+00:00,9800.333277392227
2023-11-19 14:00:00+00:00,9800.333277392227
2023-11-19 16:00:00+00:00,9800.333277392227
2023-11-19 18:00:00+00:00,9800.333277392227
2023-11-19 20:00:00+00:00,9800.333277392227
2023-11-19 22:00:00+00:00,9800.333277392227
2023-11-20 00:00:00+00:00,9800.333277392227
2023-11-20 02:00:00+00:00,9800.333277392227
2023-11-20 04:00:00+00:00,9800.333277392227
2023-11-20 06:00:00+00:00,9800.333277392227
2023-11-20 08:00:00+00:00,9800.333277392227
2023-11-20 10:00:00+00:00,9800.333277392227
2023-11-20 12:00:00+00:00,9800.333277392227
2023-11-20 14:00:00+00:00,9800.333277392227
2023-11-20 16:00:00+00:00,9800.333277392227
2023-11-20 18:00:00+00:00,9800.333277392227
2023-11-20 20:00:00+00:00,9800.333277392227
2023-11-20 22:00:00+00:00,9800.333277392227
2023-11-21 00:00:00+00:00,9800.333277392227
2023-11-21 02:00:00+00:00,9800.333277392227
2023-11-21 04:00:00+00:00,9800.333277392227
2023-11-21 06:00:00+00:00,9800.333277392227
2023-11-21 08:00:00+00:00,9800.333277392227
2023-11-21 10:00:00+00:00,9800.333277392227
2023-11-21 12:00:00+00:00,9800.333277392227
2023-11-21 14:00:00+00:00,9800.333277392227
2023-11-21 16:00:00+00:00,9800.333277392227
2023-11-21 18:00:00+00:00,9800.333277392227
2023-11-21 20:00:00+00:00,9800.333277392227
2023-11-21 22:00:00+00:00,9800.333277392227
2023-11-22 00:00:00+00:00,9800.333277392227
2023-11-22 02:00:00+00:00,9800.333277392227
2023-11-22 04:00:00+00:00,9800.333277392227
2023-11-22 06:00:00+00:00,9800.333277392227
2023-11-22 08:00:00+00:00,9800.333277392227
2023-11-22 10:00:00+00:00,9800.333277392227
2023-11-22 12:00:00+00:00,9800.333277392227
2023-11-22 14:00:00+00:00,9800.333277392227
2023-11-22 16:00:00+00:00,9800.333277392227
2023-11-22 18:00:00+00:00,9800.333277392227
2023-11-22 20:00:00+00:00,9800.333277392227
2023-11-22 22:00:00+00:00,9800.333277392227
2023-11-23 00:00:00+00:00,9800.333277392227
2023-11-23 02:00:00+00:00,9800.333277392227
2023-11-23 04:00:00+00:00,9800.333277392227
2023-11-23 06:00:00+00:00,9800.333277392227
2023-11-23 08:00:00+00:00,9800.333277392227
2023-11-23 10:00:00+00:00,9800.333277392227
2023-11-23 12:00:00+00:00,9800.333277392227
2023-11-23 14:00:00+00:00,9800.333277392227
2023-11-23 16:00:00+00:00,9800.333277392227
2023-11-23 18:00:00+00:00,9800.333277392227
2023-11-23 20:00:00+00:00,9800.333277392227
2023-11-23 22:00:00+00:00,9800.333277392227
2023-11-24 00:00:00+00:00,9800.333277392227
2023-11-24 02:00:00+00:00,9800.333277392227
2023-11-24 04:00:00+00:00,9800.333277392227
2023-11-24 06:00:00+00:00,9800.333277392227
2023-11-24 08:00:00+00:00,9800.333277392227
2023-11-24 10:00:00+00:00,9800.333277392227
2023-11-24 12:00:00+00:00,9800.333277392227
2023-11-24 14:00:00+00:00,9800.333277392227
2023-11-24 16:00:00+00:00,9800.333277392227
2023-11-24 18:00:00+00:00,9800.333277392227
2023-11-24 20:00:00+00:00,9800.333277392227
2023-11-24 22:00:00+00:00,9800.333277392227
2023-11-25 00:00:00+00:00,9800.333277392227
2023-11-25 02:00:00+00:00,9800.333277392227
2023-11-25 04:00:00+00:00,9800.333277392227
2023-11-25 06:00:00+00:00,9800.333277392227
2023-11-25 08:00:00+00:00,9800.333277392227
2023-11-25 10:00:00+00:00,9800.333277392227
2023-11-25 12:00:00+00:00,9800.333277392227
2023-11-25 14:00:00+00:00,9800.333277392227
2023-11-25 16:00:00+00:00,9800.333277392227
2023-11-25 18:00:00+00:00,9800.333277392227
2023-11-25 20:00:00+00:00,9800.333277392227
2023-11-25 22:00:00+00:00,9800.333277392227
2023-11-26 00:00:00+00:00,9800.333277392227
2023-11-26 02:00:00+00:00,9800.333277392227
2023-11-26 04:00:00+00:00,9800.333277392227
2023-11-26 06:00:00+00:00,9800.333277392227
2023-11-26 08:00:00+00:00,9800.333277392227
2023-11-26 10:00:00+00:00,9800.333277392227
2023-11-26 12:00:00+00:00,9800.333277392227
2023-11-26 14:00:00+00:00,9800.333277392227
2023-11-26 16:00:00+00:00,9800.333277392227
2023-11-26 18:00:00+00:00,9800.333277392227
2023-11-26 20:00:00+00:00,9800.333277392227
2023-11-26 22:00:00+00:00,9800.333277392227
2023-11-27 00:00:00+00:00,9800.333277392227
2023-11-27 02:00:00+00:00,9800.333277392227
2023-11-27 04:00:00+00:00,9800.333277392227
2023-11-27 06:00:00+00:00,9800.333277392227
2023-11-27 08:00:00+00:00,9800.333277392227
2023-11-27 10:00:00+00:00,9800.333277392227
2023-11-27 12:00:00+00:00,9800.333277392227
2023-11-27 14:00:00+00:00,9800.333277392227
2023-11-27 16:00:00+00:00,9800.333277392227
2023-11-27 18:00:00+00:00,9800.333277392227
2023-11-27 20:00:00+00:00,9800.333277392227
2023-11-27 22:00:00+00:00,9800.333277392227
2023-11-28 00:00:00+00:00,9800.333277392227
2023-11-28 02:00:00+00:00,9800.333277392227
2023-11-28 04:00:00+00:00,9800.333277392227
2023-11-28 06:00:00+00:00,9800.333277392227
2023-11-28 08:00:00+00:00,9800.333277392227
2023-11-28 10:00:00+00:00,9800.333277392227
2023-11-28 12:00:00+00:00,9800.333277392227
2023-11-28 14:00:00+00:00,9800.333277392227
2023-11-28 16:00:00+00:00,9800.333277392227
2023-11-28 18:00:00+00:00,9800.333277392227
2023-11-28 20:00:00+00:00,9800.333277392227
2023-11-28 22:00:00+00:00,9800.333277392227
2023-11-29 00:00:00+00:00,9800.333277392227
2023-11-29 02:00:00+00:00,9800.333277392227
2023-11-29 04:00:00+00:00,9800.333277392227
2023-11-29 06:00:00+00:00,9800.333277392227
2023-11-29 08:00:00+00:00,9800.333277392227
2023-11-29 10:00:00+00:00,9800.333277392227
2023-11-29 12:00:00+00:00,9800.333277392227
2023-11-29 14:00:00+00:00,9800.333277392227
2023-11-29 16:00:00+00:00,9800.333277392227
2023-11-29 18:00:00+00:00,9800.333277392227
2023-11-29 20:00:00+00:00,9800.333277392227
2023-11-29 22:00:00+00:00,9800.333277392227
2023-11-30 00:00:00+00:00,9800.333277392227
2023-11-30 02:00:00+00:00,9800.333277392227
2023-11-30 04:00:00+00:00,9800.333277392227
2023-11-30 06:00:00+00:00,9800.333277392227
2023-11-30 08:00:00+00:00,9800.333277392227
2023-11-30 10:00:00+00:00,9800.333277392227
2023-11-30 12:00:00+00:00,9800.333277392227
2023-11-30 14:00:00+00:00,9800.333277392227
2023-11-30 16:00:00+00:00,9800.333277392227
2023-11-30 18:00:00+00:00,9800.333277392227
2023-11-30 20:00:00+00:00,9800.333277392227
2023-11-30 22:00:00+00:00,9800.333277392227
2023-12-01 00:00:00+00:00,9800.333277392227
2023-12-01 02:00:00+00:00,9800.333277392227
2023-12-01 04:00:00+00:00,9800.333277392227
2023-12-01 06:00:00+00:00,9800.333277392227
2023-12-01 08:00:00+00:00,9800.333277392227
2023-12-01 10:00:00+00:00,9800.333277392227
2023-12-01 12:00:00+00:00,9800.333277392227
2023-12-01 14:00:00+00:00,9800.333277392227
2023-12-01 16:00:00+00:00,9800.333277392227
2023-12-01 18:00:00+00:00,9800.333277392227
2023-12-01 20:00:00+00:00,9800.333277392227
2023-12-01 22:00:00+00:00,9800.333277392227
2023-12-02 00:00:00+00:00,9800.333277392227
2023-12-02 02:00:00+00:00,9800.333277392227
2023-12-02 04:00:00+00:00,9800.333277392227
2023-12-02 06:00:00+00:00,9800.333277392227
2023-12-02 08:00:00+00:00,9800.333277392227
2023-12-02 10:00:00+00:00,9800.333277392227
2023-12-02 12:00:00+00:00,9800.333277392227
2023-12-02 14:00:00+00:00,9800.333277392227
2023-12-02 16:00:00+00:00,9800.333277392227
2023-12-02 18:00:00+00:00,9800.333277392227
2023-12-02 20:00:00+00:00,9800.333277392227
2023-12-02 22:00:00+00:00,9800.333277392227
2023-12-03 00:00:00+00:00,9800.333277392227
2023-12-03 02:00:00+00:00,9800.333277392227
2023-12-03 04:00:00+00:00,9800.333277392227
2023-12-03 06:00:00+00:00,9800.333277392227
2023-12-03 08:00:00+00:00,9800.333277392227
2023-12-03 10:00:00+00:00,9800.333277392227
2023-12-03 12:00:00+00:00,9800.333277392227
2023-12-03 14:00:00+00:00,9800.333277392227
2023-12-03 16:00:00+00:00,9800.333277392227
2023-12-03 18:00:00+00:00,9800.333277392227
2023-12-03 20:00:00+00:00,9800.333277392227
2023-12-03 22:00:00+00:00,9800.333277392227
2023-12-04 00:00:00+00:00,9800.333277392227
2023-12-04 02:00:00+00:00,9800.333277392227
2023-12-04 04:00:00+00:00,9800.333277392227
2023-12-04 06:00:00+00:00,9800.333277392227
2023-12-04 08:00:00+00:00,9800.333277392227
2023-12-04 10:00:00+00:00,9800.333277392227
2023-12-04 12:00:00+00:00,9800.333277392227
2023-12-04 14:00:00+00:00,9800.333277392227
2023-12-04 16:00:00+00:00,9800.333277392227
2023-12-04 18:00:00+00:00,9800.333277392227
2023-12-04 20:00:00+00:00,9800.333277392227
2023-12-04 22:00:00+00:00,9800.333277392227
2023-12-05 00:00:00+00:00,9800.333277392227
2023-12-05 02:00:00+00:00,9800.333277392227
2023-12-05 04:00:00+00:00,9800.333277392227
2023-12-05 06:00:00+00:00,9800.333277392227
2023-12-05 08:00:00+00:00,9800.333277392227
2023-12-05 10:00:00+00:00,9800.333277392227
2023-12-05 12:00:00+00:00,9800.333277392227
2023-12-05 14:00:00+00:00,9800.333277392227
2023-12-05 16:00:00+00:00,9800.333277392227
2023-12-05 18:00:00+00:00,9800.333277392227
2023-12-05 20:00:00+00:00,9800.333277392227
2023-12-05 22:00:00+00:00,9800.333277392227
2023-12-06 00:00:00+00:00,9800.333277392227
2023-12-06 02:00:00+00:00,9800.333277392227
2023-12-06 04:00:00+00:00,9800.333277392227
2023-12-06 06:00:00+00:00,9800.333277392227
2023-12-06 08:00:00+00:00,9800.333277392227
2023-12-06 10:00:00+00:00,9800.333277392227
2023-12-06 12:00:00+00:00,9800.333277392227
2023-12-06 14:00:00+00:00,9800.333277392227
2023-12-06 16:00:00+00:00,9800.333277392227
2023-12-06 18:00:00+00:00,9800.333277392227
2023-12-06 20:00:00+00:00,9800.333277392227
2023-12-06 22:00:00+00:00,9800.333277392227
2023-12-07 00:00:00+00:00,9800.333277392227
2023-12-07 02:00:00+00:00,9800.333277392227
2023-12-07 04:00:00+00:00,9800.333277392227
2023-12-07 06:00:00+00:00,9800.333277392227
2023-12-07 08:00:00+00:00,9800.333277392227
2023-12-07 10:00:00+00:00,9800.333277392227
2023-12-07 12:00:00+00:00,9800.333277392227
2023-12-07 14:00:00+00:00,9800.333277392227
2023-12-07 16:00:00+00:00,9800.333277392227
2023-12-07 18:00:00+00:00,9800.333277392227
2023-12-07 20:00:00+00:00,9800.333277392227
2023-12-07 22:00:00+00:00,9800.333277392227
2023-12-08 00:00:00+00:00,9800.333277392227
2023-12-08 02:00:00+00:00,9800.333277392227
2023-12-08 04:00:00+00:00,9800.333277392227
2023-12-08 06:00:00+00:00,9800.333277392227
2023-12-08 08:00:00+00:00,9800.333277392227
2023-12-08 10:00:00+00:00,9800.333277392227
2023-12-08 12:00:00+00:00,9800.333277392227
2023-12-08 14:00:00+00:00,9800.333277392227
2023-12-08 16:00:00+00:00,9800.333277392227
2023-12-08 18:00:00+00:00,9800.333277392227
2023-12-08 20:00:00+00:00,9800.333277392227
2023-12-08 22:00:00+00:00,9800.333277392227
2023-12-09 00:00:00+00:00,9800.333277392227
2023-12-09 02:00:00+00:00,9800.333277392227
2023-12-09 04:00:00+00:00,9800.333277392227
2023-12-09 06:00:00+00:00,9800.333277392227
2023-12-09 08:00:00+00:00,9800.333277392227
2023-12-09 10:00:00+00:00,9800.333277392227
2023-12-09 12:00:00+00:00,9800.333277392227
2023-12-09 14:00:00+00:00,9800.333277392227
2023-12-09 16:00:00+00:00,9800.333277392227
2023-12-09 18:00:00+00:00,9800.333277392227
2023-12-09 20:00:00+00:00,9800.333277392227
2023-12-09 22:00:00+00:00,9800.333277392227
2023-12-10 00:00:00+00:00,9800.333277392227
2023-12-10 02:00:00+00:00,9800.333277392227
2023-12-10 04:00:00+00:00,9800.333277392227
2023-12-10 06:00:00+00:00,9800.333277392227
2023-12-10 08:00:00+00:00,9800.333277392227
2023-12-10 10:00:00+00:00,9800.333277392227
2023-12-10 12:00:00+00:00,9800.333277392227
2023-12-10 14:00:00+00:00,9800.333277392227
2023-12-10 16:00:00+00:00,9800.333277392227
2023-12-10 18:00:00+00:00,9800.333277392227
2023-12-10 20:00:00+00:00,9800.333277392227
2023-12-10 22:00:00+00:00,9800.333277392227
2023-12-11 00:00:00+00:00,9800.333277392227
2023-12-11 02:00:00+00:00,9800.333277392227
2023-12-11 04:00:00+00:00,9800.333277392227
2023-12-11 06:00:00+00:00,9800.333277392227
2023-12-11 08:00:00+00:00,9800.333277392227
2023-12-11 10:00:00+00:00,9800.333277392227
2023-12-11 12:00:00+00:00,9800.333277392227
2023-12-11 14:00:00+00:00,9800.333277392227
2023-12-11 16:00:00+00:00,9800.333277392227
2023-12-11 18:00:00+00:00,9800.333277392227
2023-12-11 20:00:00+00:00,9800.333277392227
2023-12-11 22:00:00+00:00,9800.333277392227
2023-12-12 00:00:00+00:00,9800.333277392227
2023-12-12 02:00:00+00:00,9800.333277392227
2023-12-12 04:00:00+00:00,9800.333277392227
2023-12-12 06:00:00+00:00,9800.333277392227
2023-12-12 08:00:00+00:00,9800.333277392227
2023-12-12 10:00:00+00:00,9800.333277392227
2023-12-12 12:00:00+00:00,9800.333277392227
2023-12-12 14:00:00+00:00,9800.333277392227
2023-12-12 16:00:00+00:00,9800.333277392227
2023-12-12 18:00:00+00:00,9800.333277392227
2023-12-12 20:00:00+00:00,9800.333277392227
2023-12-12 22:00:00+00:00,9800.333277392227
2023-12-13 00:00:00+00:00,9800.333277392227
2023-12-13 02:00:00+00:00,9800.333277392227
2023-12-13 04:00:00+00:00,9800.333277392227
2023-12-13 06:00:00+00:00,9800.333277392227
2023-12-13 08:00:00+00:00,9800.333277392227
2023-12-13 10:00:00+00:00,9800.333277392227
2023-12-13 12:00:00+00:00,9800.333277392227
2023-12-13 14:00:00+00:00,9800.333277392227
2023-12-13 16:00:00+00:00,9800.333277392227
2023-12-13 18:00:00+00:00,9800.333277392227
2023-12-13 20:00:00+00:00,9800.333277392227
2023-12-13 22:00:00+00:00,9800.333277392227
2023-12-14 00:00:00+00:00,9800.333277392227
2023-12-14 02:00:00+00:00,9800.333277392227
2023-12-14 04:00:00+00:00,9800.333277392227
2023-12-14 06:00:00+00:00,9800.333277392227
2023-12-14 08:00:00+00:00,9800.333277392227
2023-12-14 10:00:00+00:00,9800.333277392227
2023-12-14 12:00:00+00:00,9800.333277392227
2023-12-14 14:00:00+00:00,9800.333277392227
2023-12-14 16:00:00+00:00,9800.333277392227
2023-12-14 18:00:00+00:00,9800.333277392227
2023-12-14 20:00:00+00:00,9800.333277392227
2023-12-14 22:00:00+00:00,9800.333277392227
2023-12-15 00:00:00+00:00,9800.333277392227
2023-12-15 02:00:00+00:00,9800.333277392227
2023-12-15 04:00:00+00:00,9800.333277392227
2023-12-15 06:00:00+00:00,9800.333277392227
2023-12-15 08:00:00+00:00,9800.333277392227
2023-12-15 10:00:00+00:00,9800.333277392227
2023-12-15 12:00:00+00:00,9800.333277392227
2023-12-15 14:00:00+00:00,9800.333277392227
2023-12-15 16:00:00+00:00,9800.333277392227
2023-12-15 18:00:00+00:00,9800.333277392227
2023-12-15 20:00:00+00:00,9800.333277392227
2023-12-15 22:00:00+00:00,9800.333277392227
2023-12-16 00:00:00+00:00,9800.333277392227
2023-12-16 02:00:00+00:00,9800.333277392227
2023-12-16 04:00:00+00:00,9800.333277392227
2023-12-16 06:00:00+00:00,9800.333277392227
2023-12-16 08:00:00+00:00,9800.333277392227
2023-12-16 10:00:00+00:00,9800.333277392227
2023-12-16 12:00:00+00:00,9800.333277392227
2023-12-16 14:00:00+00:00,9800.333277392227
2023-12-16 16:00:00+00:00,9800.333277392227
2023-12-16 18:00:00+00:00,9800.333277392227
2023-12-16 20:00:00+00:00,9800.333277392227
2023-12-16 22:00:00+00:00,9800.333277392227
2023-12-17 00:00:00+00:00,9800.333277392227
2023-12-17 02:00:00+00:00,9800.333277392227
2023-12-17 04:00:00+00:00,9800.333277392227
2023-12-17 06:00:00+00:00,9800.333277392227
2023-12-17 08:00:00+00:00,9800.333277392227
2023-12-17 10:00:00+00:00,9800.333277392227
2023-12-17 12:00:00+00:00,9800.333277392227
2023-12-17 14:00:00+00:00,9800.333277392227
2023-12-17 16:00:00+00:00,9800.333277392227
2023-12-17 18:00:00+00:00,9800.333277392227
2023-12-17 20:00:00+00:00,9800.333277392227
2023-12-17 22:00:00+00:00,9800.333277392227
2023-12-18 00:00:00+00:00,9800.333277392227
2023-12-18 02:00:00+00:00,9800.333277392227
2023-12-18 04:00:00+00:00,9800.333277392227
2023-12-18 06:00:00+00:00,9800.333277392227
2023-12-18 08:00:00+00:00,9800.333277392227
2023-12-18 10:00:00+00:00,9800.333277392227
2023-12-18 12:00:00+00:00,9800.333277392227
2023-12-18 14:00:00+00:00,9800.333277392227
2023-12-18 16:00:00+00:00,9800.333277392227
2023-12-18 18:00:00+00:00,9800.333277392227
2023-12-18 20:00:00+00:00,9800.333277392227
2023-12-18 22:00:00+00:00,9800.333277392227
2023-12-19 00:00:00+00:00,9800.333277392227
2023-12-19 02:00:00+00:00,9800.333277392227
2023-12-19 04:00:00+00:00,9800.333277392227
2023-12-19 06:00:00+00:00,9800.333277392227
2023-12-19 08:00:00+00:00,9800.333277392227
2023-12-19 10:00:00+00:00,9800.333277392227
2023-12-19 12:00:00+00:00,9800.333277392227
2023-12-19 14:00:00+00:00,9800.333277392227
2023-12-19 16:00:00+00:00,9800.333277392227
2023-12-19 18:00:00+00:00,9800.333277392227
2023-12-19 20:00:00+00:00,9800.333277392227
2023-12-19 22:00:00+00:00,9800.333277392227
2023-12-20 00:00:00+00:00,9800.333277392227
2023-12-20 02:00:00+00:00,9800.333277392227
2023-12-20 04:00:00+00:00,9800.333277392227
2023-12-20 06:00:00+00:00,9800.333277392227
2023-12-20 08:00:00+00:00,9800.333277392227
2023-12-20 10:00:00+00:00,9800.333277392227
2023-12-20 12:00:00+00:00,9800.333277392227
2023-12-20 14:00:00+00:00,9800.333277392227
2023-12-20 16:00:00+00:00,9800.333277392227
2023-12-20 18:00:00+00:00,9800.333277392227
2023-12-20 20:00:00+00:00,9800.333277392227
2023-12-20 22:00:00+00:00,9800.333277392227
2023-12-21 00:00:00+00:00,9800.333277392227
2023-12-21 02:00:00+00:00,9800.333277392227
2023-12-21 04:00:00+00:00,9800.333277392227
2023-12-21 06:00:00+00:00,9800.333277392227
2023-12-21 08:00:00+00:00,9800.333277392227
2023-12-21 10:00:00+00:00,9800.333277392227
2023-12-21 12:00:00+00:00,9800.333277392227
2023-12-21 14:00:00+00:00,9800.333277392227
2023-12-21 16:00:00+00:00,9800.333277392227
2023-12-21 18:00:00+00:00,9800.333277392227
2023-12-21 20:00:00+00:00,9800.333277392227
2023-12-21 22:00:00+00:00,9800.333277392227
2023-12-22 00:00:00+00:00,9800.333277392227
2023-12-22 02:00:00+00:00,9800.333277392227
2023-12-22 04:00:00+00:00,9800.333277392227
2023-12-22 06:00:00+00:00,9800.333277392227
2023-12-22 08:00:00+00:00,9800.333277392227
2023-12-22 10:00:00+00:00,9800.333277392227
2023-12-22 12:00:00+00:00,9800.333277392227
2023-12-22 14:00:00+00:00,9800.333277392227
2023-12-22 16:00:00+00:00,9800.333277392227
2023-12-22 18:00:00+00:00,9800.333277392227
2023-12-22 20:00:00+00:00,9800.333277392227
2023-12-22 22:00:00+00:00,9800.333277392227
2023-12-23 00:00:00+00:00,9800.333277392227
2023-12-23 02:00:00+00:00,9800.333277392227
2023-12-23 04:00:00+00:00,9800.333277392227
2023-12-23 06:00:00+00:00,9800.333277392227
2023-12-23 08:00:00+00:00,9800.333277392227
2023-12-23 10:00:00+00:00,9800.333277392227
2023-12-23 12:00:00+00:00,9800.333277392227
2023-12-23 14:00:00+00:00,9800.333277392227
2023-12-23 16:00:00+00:00,9800.333277392227
2023-12-23 18:00:00+00:00,9800.333277392227
2023-12-23 20:00:00+00:00,9800.333277392227
2023-12-23 22:00:00+00:00,9800.333277392227
2023-12-24 00:00:00+00:00,9800.333277392227
2023-12-24 02:00:00+00:00,9800.333277392227
2023-12-24 04:00:00+00:00,9800.333277392227
2023-12-24 06:00:00+00:00,9800.333277392227
2023-12-24 08:00:00+00:00,9800.333277392227
2023-12-24 10:00:00+00:00,9800.333277392227
2023-12-24 12:00:00+00:00,9800.333277392227
2023-12-24 14:00:00+00:00,9800.333277392227
2023-12-24 16:00:00+00:00,9800.333277392227
2023-12-24 18:00:00+00:00,9800.333277392227
2023-12-24 20:00:00+00:00,9800.333277392227
2023-12-24 22:00:00+00:00,9800.333277392227
2023-12-25 00:00:00+00:00,9800.333277392227
2023-12-25 02:00:00+00:00,9800.333277392227
2023-12-25 04:00:00+00:00,9800.333277392227
2023-12-25 06:00:00+00:00,9800.333277392227
2023-12-25 08:00:00+00:00,9800.333277392227
2023-12-25 10:00:00+00:00,9800.333277392227
2023-12-25 12:00:00+00:00,9800.333277392227
2023-12-25 14:00:00+00:00,9800.333277392227
2023-12-25 16:00:00+00:00,9800.333277392227
2023-12-25 18:00:00+00:00,9800.333277392227
2023-12-25 20:00:00+00:00,9800.333277392227
2023-12-25 22:00:00+00:00,9800.333277392227
2023-12-26 00:00:00+00:00,9800.333277392227
2023-12-26 02:00:00+00:00,9800.333277392227
2023-12-26 04:00:00+00:00,9800.333277392227
2023-12-26 06:00:00+00:00,9800.333277392227
2023-12-26 08:00:00+00:00,9800.333277392227
2023-12-26 10:00:00+00:00,9800.333277392227
2023-12-26 12:00:00+00:00,9800.333277392227
2023-12-26 14:00:00+00:00,9800.333277392227
2023-12-26 16:00:00+00:00,9800.333277392227
2023-12-26 18:00:00+00:00,9800.333277392227
2023-12-26 20:00:00+00:00,9800.333277392227
2023-12-26 22:00:00+00:00,9800.333277392227
2023-12-27 00:00:00+00:00,9800.333277392227
2023-12-27 02:00:00+00:00,9800.333277392227
2023-12-27 04:00:00+00:00,9800.333277392227
2023-12-27 06:00:00+00:00,9800.333277392227
2023-12-27 08:00:00+00:00,9800.333277392227
2023-12-27 10:00:00+00:00,9800.333277392227
2023-12-27 12:00:00+00:00,9800.333277392227
2023-12-27 14:00:00+00:00,9800.333277392227
2023-12-27 16:00:00+00:00,9800.333277392227
2023-12-27 18:00:00+00:00,9800.333277392227
2023-12-27 20:00:00+00:00,9800.333277392227
2023-12-27 22:00:00+00:00,9800.333277392227
2023-12-28 00:00:00+00:00,9800.333277392227
2023-12-28 02:00:00+00:00,9800.333277392227
2023-12-28 04:00:00+00:00,9800.333277392227
2023-12-28 06:00:00+00:00,9800.333277392227
2023-12-28 08:00:00+00:00,9800.333277392227
2023-12-28 10:00:00+00:00,9800.333277392227
2023-12-28 12:00:00+00:00,9800.333277392227
2023-12-28 14:00:00+00:00,9800.333277392227
2023-12-28 16:00:00+00:00,9800.333277392227
2023-12-28 18:00:00+00:00,9800.333277392227
2023-12-28 20:00:00+00:00,9800.333277392227
2023-12-28 22:00:00+00:00,9800.333277392227
2023-12-29 00:00:00+00:00,9800.333277392227
2023-12-29 02:00:00+00:00,9800.333277392227
2023-12-29 04:00:00+00:00,9800.333277392227
2023-12-29 06:00:00+00:00,9800.333277392227
2023-12-29 08:00:00+00:00,9800.333277392227
2023-12-29 10:00:00+00:00,9800.333277392227
2023-12-29 12:00:00+00:00,9800.333277392227
2023-12-29 14:00:00+00:00,9800.333277392227
2023-12-29 16:00:00+00:00,9800.333277392227
2023-12-29 18:00:00+00:00,9800.333277392227
2023-12-29 20:00:00+00:00,9800.333277392227
2023-12-29 22:00:00+00:00,9800.333277392227
2023-12-30 00:00:00+00:00,9800.333277392227
2023-12-30 02:00:00+00:00,9800.333277392227
2023-12-30 04:00:00+00:00,9800.333277392227
2023-12-30 06:00:00+00:00,9800.333277392227
2023-12-30 08:00:00+00:00,9800.333277392227
2023-12-30 10:00:00+00:00,9800.333277392227
2023-12-30 12:00:00+00:00,9800.333277392227
2023-12-30 14:00:00+00:00,9800.333277392227
2023-12-30 16:00:00+00:00,9800.333277392227
2023-12-30 18:00:00+00:00,9800.333277392227
2023-12-30 20:00:00+00:00,9800.333277392227
2023-12-30 22:00:00+00:00,9800.333277392227
2023-12-31 00:00:00+00:00,9800.333277392227
2023-12-31 02:00:00+00:00,9800.333277392227
2023-12-31 04:00:00+00:00,9800.333277392227
2023-12-31 06:00:00+00:00,9800.333277392227
2023-12-31 08:00:00+00:00,9800.333277392227
2023-12-31 10:00:00+00:00,9800.333277392227
2023-12-31 12:00:00+00:00,9800.333277392227
2023-12-31 14:00:00+00:00,9800.333277392227
2023-12-31 16:00:00+00:00,9800.333277392227
2023-12-31 18:00:00+00:00,9800.333277392227
2023-12-31 20:00:00+00:00,9800.333277392227
2023-12-31 22:00:00+00:00,9800.333277392227
2024-01-01 00:00:00+00:00,9800.333277392227
2024-01-01 02:00:00+00:00,9800.333277392227
2024-01-01 04:00:00+00:00,9800.333277392227
2024-01-01 06:00:00+00:00,9800.333277392227
2024-01-01 08:00:00+00:00,9800.333277392227
2024-01-01 10:00:00+00:00,9800.333277392227
2024-01-01 12:00:00+00:00,9800.333277392227
2024-01-01 14:00:00+00:00,9800.333277392227
2024-01-01 16:00:00+00:00,9800.333277392227
2024-01-01 18:00:00+00:00,9800.333277392227
2024-01-01 20:00:00+00:00,9800.333277392227
2024-01-01 22:00:00+00:00,9800.333277392227
2024-01-02 00:00:00+00:00,9800.333277392227
2024-01-02 02:00:00+00:00,9800.333277392227
2024-01-02 04:00:00+00:00,9800.333277392227
2024-01-02 06:00:00+00:00,9800.333277392227
2024-01-02 08:00:00+00:00,9800.333277392227
2024-01-02 10:00:00+00:00,9800.333277392227
2024-01-02 12:00:00+00:00,9800.333277392227
2024-01-02 14:00:00+00:00,9800.333277392227
2024-01-02 16:00:00+00:00,9800.333277392227
2024-01-02 18:00:00+00:00,9800.333277392227
2024-01-02 20:00:00+00:00,9800.333277392227
2024-01-02 22:00:00+00:00,9800.333277392227
2024-01-03 00:00:00+00:00,9800.333277392227
2024-01-03 02:00:00+00:00,9800.333277392227
2024-01-03 04:00:00+00:00,9800.333277392227
2024-01-03 06:00:00+00:00,9800.333277392227
2024-01-03 08:00:00+00:00,9800.333277392227
2024-01-03 10:00:00+00:00,9800.333277392227
2024-01-03 12:00:00+00:00,9800.333277392227
2024-01-03 14:00:00+00:00,9800.333277392227
2024-01-03 16:00:00+00:00,9800.333277392227
2024-01-03 18:00:00+00:00,9800.333277392227
2024-01-03 20:00:00+00:00,9800.333277392227
2024-01-03 22:00:00+00:00,9800.333277392227
2024-01-04 00:00:00+00:00,9800.333277392227
2024-01-04 02:00:00+00:00,9800.333277392227
2024-01-04 04:00:00+00:00,9800.333277392227
2024-01-04 06:00:00+00:00,9800.333277392227
2024-01-04 08:00:00+00:00,9800.333277392227
2024-01-04 10:00:00+00:00,9800.333277392227
2024-01-04 12:00:00+00:00,9800.333277392227
2024-01-04 14:00:00+00:00,9800.333277392227
2024-01-04 16:00:00+00:00,9800.333277392227
2024-01-04 18:00:00+00:00,9800.333277392227
2024-01-04 20:00:00+00:00,9800.333277392227
2024-01-04 22:00:00+00:00,9800.333277392227
2024-01-05 00:00:00+00:00,9800.333277392227
2024-01-05 02:00:00+00:00,9800.333277392227
2024-01-05 04:00:00+00:00,9800.333277392227
2024-01-05 06:00:00+00:00,9800.333277392227
2024-01-05 08:00:00+00:00,9800.333277392227
2024-01-05 10:00:00+00:00,9800.333277392227
2024-01-05 12:00:00+00:00,9800.333277392227
2024-01-05 14:00:00+00:00,9800.333277392227
2024-01-05 16:00:00+00:00,9800.333277392227
2024-01-05 18:00:00+00:00,9800.333277392227
2024-01-05 20:00:00+00:00,9800.333277392227
2024-01-05 22:00:00+00:00,9800.333277392227
2024-01-06 00:00:00+00:00,9800.333277392227
2024-01-06 02:00:00+00:00,9800.333277392227
2024-01-06 04:00:00+00:00,9800.333277392227
2024-01-06 06:00:00+00:00,9800.333277392227
2024-01-06 08:00:00+00:00,9800.333277392227
2024-01-06 10:00:00+00:00,9800.333277392227
2024-01-06 12:00:00+00:00,9800.333277392227
2024-01-06 14:00:00+00:00,9800.333277392227
2024-01-06 16:00:00+00:00,9800.333277392227
2024-01-06 18:00:00+00:00,9800.333277392227
2024-01-06 20:00:00+00:00,9800.333277392227
2024-01-06 22:00:00+00:00,9800.333277392227
2024-01-07 00:00:00+00:00,9800.333277392227
2024-01-07 02:00:00+00:00,9800.333277392227
2024-01-07 04:00:00+00:00,9800.333277392227
2024-01-07 06:00:00+00:00,9800.333277392227
2024-01-07 08:00:00+00:00,9800.333277392227
2024-01-07 10:00:00+00:00,9800.333277392227
2024-01-07 12:00:00+00:00,9800.333277392227
2024-01-07 14:00:00+00:00,9800.333277392227
2024-01-07 16:00:00+00:00,9800.333277392227
2024-01-07 18:00:00+00:00,9800.333277392227
2024-01-07 20:00:00+00:00,9800.333277392227
2024-01-07 22:00:00+00:00,9800.333277392227
2024-01-08 00:00:00+00:00,9800.333277392227
2024-01-08 02:00:00+00:00,9800.333277392227
2024-01-08 04:00:00+00:00,9800.333277392227
2024-01-08 06:00:00+00:00,9800.333277392227
2024-01-08 08:00:00+00:00,9800.333277392227
2024-01-08 10:00:00+00:00,9800.333277392227
2024-01-08 12:00:00+00:00,9800.333277392227
2024-01-08 14:00:00+00:00,9800.333277392227
2024-01-08 16:00:00+00:00,9800.333277392227
2024-01-08 18:00:00+00:00,9800.333277392227
2024-01-08 20:00:00+00:00,9800.333277392227
2024-01-08 22:00:00+00:00,9800.333277392227
2024-01-09 00:00:00+00:00,9800.333277392227
2024-01-09 02:00:00+00:00,9800.333277392227
2024-01-09 04:00:00+00:00,9800.333277392227
2024-01-09 06:00:00+00:00,9800.333277392227
2024-01-09 08:00:00+00:00,9800.333277392227
2024-01-09 10:00:00+00:00,9800.333277392227
2024-01-09 12:00:00+00:00,9800.333277392227
2024-01-09 14:00:00+00:00,9800.333277392227
2024-01-09 16:00:00+00:00,9800.333277392227
2024-01-09 18:00:00+00:00,9800.333277392227
2024-01-09 20:00:00+00:00,9800.333277392227
2024-01-09 22:00:00+00:00,9800.333277392227
2024-01-10 00:00:00+00:00,9800.333277392227
2024-01-10 02:00:00+00:00,9800.333277392227
2024-01-10 04:00:00+00:00,9800.333277392227
2024-01-10 06:00:00+00:00,9800.333277392227
2024-01-10 08:00:00+00:00,9800.333277392227
2024-01-10 10:00:00+00:00,9800.333277392227
2024-01-10 12:00:00+00:00,9800.333277392227
2024-01-10 14:00:00+00:00,9800.333277392227
2024-01-10 16:00:00+00:00,9800.333277392227
2024-01-10 18:00:00+00:00,9800.333277392227
2024-01-10 20:00:00+00:00,9800.333277392227
2024-01-10 22:00:00+00:00,9800.333277392227
2024-01-11 00:00:00+00:00,9800.333277392227
2024-01-11 02:00:00+00:00,9800.333277392227
2024-01-11 04:00:00+00:00,9800.333277392227
2024-01-11 06:00:00+00:00,9800.333277392227
2024-01-11 08:00:00+00:00,9800.333277392227
2024-01-11 10:00:00+00:00,9800.333277392227
2024-01-11 12:00:00+00:00,9800.333277392227
2024-01-11 14:00:00+00:00,9800.333277392227
2024-01-11 16:00:00+00:00,9800.333277392227
2024-01-11 18:00:00+00:00,9800.333277392227
2024-01-11 20:00:00+00:00,9800.333277392227
2024-01-11 22:00:00+00:00,9800.333277392227
2024-01-12 00:00:00+00:00,9800.333277392227
2024-01-12 02:00:00+00:00,9800.333277392227
2024-01-12 04:00:00+00:00,9800.333277392227
2024-01-12 06:00:00+00:00,9800.333277392227
2024-01-12 08:00:00+00:00,9800.333277392227
2024-01-12 10:00:00+00:00,9800.333277392227
2024-01-12 12:00:00+00:00,9800.333277392227
2024-01-12 14:00:00+00:00,9800.333277392227
2024-01-12 16:00:00+00:00,9800.333277392227
2024-01-12 18:00:00+00:00,9800.333277392227
2024-01-12 20:00:00+00:00,9800.333277392227
2024-01-12 22:00:00+00:00,9800.333277392227
2024-01-13 00:00:00+00:00,9800.333277392227
2024-01-13 02:00:00+00:00,9800.333277392227
2024-01-13 04:00:00+00:00,9800.333277392227
2024-01-13 06:00:00+00:00,9800.333277392227
2024-01-13 08:00:00+00:00,9800.333277392227
2024-01-13 10:00:00+00:00,9800.333277392227
2024-01-13 12:00:00+00:00,9800.333277392227
2024-01-13 14:00:00+00:00,9800.333277392227
2024-01-13 16:00:00+00:00,9800.333277392227
2024-01-13 18:00:00+00:00,9800.333277392227
2024-01-13 20:00:00+00:00,9800.333277392227
2024-01-13 22:00:00+00:00,9800.333277392227
2024-01-14 00:00:00+00:00,9800.333277392227
2024-01-14 02:00:00+00:00,9800.333277392227
2024-01-14 04:00:00+00:00,9800.333277392227
2024-01-14 06:00:00+00:00,9800.333277392227
2024-01-14 08:00:00+00:00,9800.333277392227
2024-01-14 10:00:00+00:00,9800.333277392227
2024-01-14 12:00:00+00:00,9800.333277392227
2024-01-14 14:00:00+00:00,9800.333277392227
2024-01-14 16:00:00+00:00,9800.333277392227
2024-01-14 18:00:00+00:00,9800.333277392227
2024-01-14 20:00:00+00:00,9800.333277392227
2024-01-14 22:00:00+00:00,9800.333277392227
2024-01-15 00:00:00+00:00,9800.333277392227
2024-01-15 02:00:00+00:00,9800.333277392227
2024-01-15 04:00:00+00:00,9800.333277392227
2024-01-15 06:00:00+00:00,9800.333277392227
2024-01-15 08:00:00+00:00,9800.333277392227
2024-01-15 10:00:00+00:00,9800.333277392227
2024-01-15 12:00:00+00:00,9800.333277392227
2024-01-15 14:00:00+00:00,9800.333277392227
2024-01-15 16:00:00+00:00,9800.333277392227
2024-01-15 18:00:00+00:00,9800.333277392227
2024-01-15 20:00:00+00:00,9800.333277392227
2024-01-15 22:00:00+00:00,9800.333277392227
2024-01-16 00:00:00+00:00,9800.333277392227
2024-01-16 02:00:00+00:00,9800.333277392227
2024-01-16 04:00:00+00:00,9800.333277392227
2024-01-16 06:00:00+00:00,9800.333277392227
2024-01-16 08:00:00+00:00,9800.333277392227
2024-01-16 10:00:00+00:00,9800.333277392227
2024-01-16 12:00:00+00:00,9800.333277392227
2024-01-16 14:00:00+00:00,9800.333277392227
2024-01-16 16:00:00+00:00,9800.333277392227
2024-01-16 18:00:00+00:00,9800.333277392227
2024-01-16 20:00:00+00:00,9800.333277392227
2024-01-16 22:00:00+00:00,9800.333277392227
2024-01-17 00:00:00+00:00,9800.333277392227
2024-01-17 02:00:00+00:00,9800.333277392227
2024-01-17 04:00:00+00:00,9800.333277392227
2024-01-17 06:00:00+00:00,9800.333277392227
2024-01-17 08:00:00+00:00,9800.333277392227
2024-01-17 10:00:00+00:00,9800.333277392227
2024-01-17 12:00:00+00:00,9800.333277392227
2024-01-17 14:00:00+00:00,9800.333277392227
2024-01-17 16:00:00+00:00,9800.333277392227
2024-01-17 18:00:00+00:00,9800.333277392227
2024-01-17 20:00:00+00:00,9800.333277392227
2024-01-17 22:00:00+00:00,9800.333277392227
2024-01-18 00:00:00+00:00,9800.333277392227
2024-01-18 02:00:00+00:00,9800.333277392227
2024-01-18 04:00:00+00:00,9800.333277392227
2024-01-18 06:00:00+00:00,9800.333277392227
2024-01-18 08:00:00+00:00,9800.333277392227
2024-01-18 10:00:00+00:00,9800.333277392227
2024-01-18 12:00:00+00:00,9800.333277392227
2024-01-18 14:00:00+00:00,9800.333277392227
2024-01-18 16:00:00+00:00,9800.333277392227
2024-01-18 18:00:00+00:00,9800.333277392227
2024-01-18 20:00:00+00:00,9800.333277392227
2024-01-18 22:00:00+00:00,9800.333277392227
2024-01-19 00:00:00+00:00,9800.333277392227
2024-01-19 02:00:00+00:00,9800.333277392227
2024-01-19 04:00:00+00:00,9800.333277392227
2024-01-19 06:00:00+00:00,9800.333277392227
2024-01-19 08:00:00+00:00,9800.333277392227
2024-01-19 10:00:00+00:00,9800.333277392227
2024-01-19 12:00:00+00:00,9800.333277392227
2024-01-19 14:00:00+00:00,9800.333277392227
2024-01-19 16:00:00+00:00,9800.333277392227
2024-01-19 18:00:00+00:00,9800.333277392227
2024-01-19 20:00:00+00:00,9800.333277392227
2024-01-19 22:00:00+00:00,9800.333277392227
2024-01-20 00:00:00+00:00,9800.333277392227
2024-01-20 02:00:00+00:00,9800.333277392227
2024-01-20 04:00:00+00:00,9800.333277392227
2024-01-20 06:00:00+00:00,9800.333277392227
2024-01-20 08:00:00+00:00,9800.333277392227
2024-01-20 10:00:00+00:00,9800.333277392227
2024-01-20 12:00:00+00:00,9800.333277392227
2024-01-20 14:00:00+00:00,9800.333277392227
2024-01-20 16:00:00+00:00,9800.333277392227
2024-01-20 18:00:00+00:00,9800.333277392227
2024-01-20 20:00:00+00:00,9800.333277392227
2024-01-20 22:00:00+00:00,9800.333277392227
2024-01-21 00:00:00+00:00,9800.333277392227
2024-01-21 02:00:00+00:00,9800.333277392227
2024-01-21 04:00:00+00:00,9800.333277392227
2024-01-21 06:00:00+00:00,9800.333277392227
2024-01-21 08:00:00+00:00,9800.333277392227
2024-01-21 10:00:00+00:00,9800.333277392227
2024-01-21 12:00:00+00:00,9800.333277392227
2024-01-21 14:00:00+00:00,9800.333277392227
2024-01-21 16:00:00+00:00,9800.333277392227
2024-01-21 18:00:00+00:00,9800.333277392227
2024-01-21 20:00:00+00:00,9800.333277392227
2024-01-21 22:00:00+00:00,9800.333277392227
2024-01-22 00:00:00+00:00,9800.333277392227
2024-01-22 02:00:00+00:00,9800.333277392227
2024-01-22 04:00:00+00:00,9800.333277392227
2024-01-22 06:00:00+00:00,9800.333277392227
2024-01-22 08:00:00+00:00,9800.333277392227
2024-01-22 10:00:00+00:00,9800.333277392227
2024-01-22 12:00:00+00:00,9800.333277392227
2024-01-22 14:00:00+00:00,9800.333277392227
2024-01-22 16:00:00+00:00,9800.333277392227
2024-01-22 18:00:00+00:00,9800.333277392227
2024-01-22 20:00:00+00:00,9800.333277392227
2024-01-22 22:00:00+00:00,9800.333277392227
2024-01-23 00:00:00+00:00,9800.333277392227
2024-01-23 02:00:00+00:00,9800.333277392227
2024-01-23 04:00:00+00:00,9800.333277392227
2024-01-23 06:00:00+00:00,9800.333277392227
2024-01-23 08:00:00+00:00,9800.333277392227
2024-01-23 10:00:00+00:00,9800.333277392227
2024-01-23 12:00:00+00:00,9800.333277392227
2024-01-23 14:00:00+00:00,9800.333277392227
2024-01-23 16:00:00+00:00,9800.333277392227
2024-01-23 18:00:00+00:00,9800.333277392227
2024-01-23 20:00:00+00:00,9800.333277392227
2024-01-23 22:00:00+00:00,9800.333277392227
2024-01-24 00:00:00+00:00,9800.333277392227
2024-01-24 02:00:00+00:00,9800.333277392227
2024-01-24 04:00:00+00:00,9800.333277392227
2024-01-24 06:00:00+00:00,9800.333277392227
2024-01-24 08:00:00+00:00,9800.333277392227
2024-01-24 10:00:00+00:00,9800.333277392227
2024-01-24 12:00:00+00:00,9800.333277392227
2024-01-24 14:00:00+00:00,9800.333277392227
2024-01-24 16:00:00+00:00,9800.333277392227
2024-01-24 18:00:00+00:00,9800.333277392227
2024-01-24 20:00:00+00:00,9800.333277392227
2024-01-24 22:00:00+00:00,9800.333277392227
2024-01-25 00:00:00+00:00,9800.333277392227
2024-01-25 02:00:00+00:00,9800.333277392227
2024-01-25 04:00:00+00:00,9800.333277392227
2024-01-25 06:00:00+00:00,9800.333277392227
2024-01-25 08:00:00+00:00,9800.333277392227
2024-01-25 10:00:00+00:00,9800.333277392227
2024-01-25 12:00:00+00:00,9800.333277392227
2024-01-25 14:00:00+00:00,9800.333277392227
2024-01-25 16:00:00+00:00,9800.333277392227
2024-01-25 18:00:00+00:00,9800.333277392227
2024-01-25 20:00:00+00:00,9800.333277392227
2024-01-25 22:00:00+00:00,9800.333277392227
2024-01-26 00:00:00+00:00,9800.333277392227
2024-01-26 02:00:00+00:00,9800.333277392227
2024-01-26 04:00:00+00:00,9800.333277392227
2024-01-26 06:00:00+00:00,9800.333277392227
2024-01-26 08:00:00+00:00,9800.333277392227
2024-01-26 10:00:00+00:00,9800.333277392227
2024-01-26 12:00:00+00:00,9800.333277392227
2024-01-26 14:00:00+00:00,9800.333277392227
2024-01-26 16:00:00+00:00,9800.333277392227
2024-01-26 18:00:00+00:00,9800.333277392227
2024-01-26 20:00:00+00:00,9800.333277392227
2024-01-26 22:00:00+00:00,9800.333277392227
2024-01-27 00:00:00+00:00,9800.333277392227
2024-01-27 02:00:00+00:00,9800.333277392227
2024-01-27 04:00:00+00:00,9800.333277392227
2024-01-27 06:00:00+00:00,9800.333277392227
2024-01-27 08:00:00+00:00,9800.333277392227
2024-01-27 10:00:00+00:00,9800.333277392227
2024-01-27 12:00:00+00:00,9800.333277392227
2024-01-27 14:00:00+00:00,9800.333277392227
2024-01-27 16:00:00+00:00,9800.333277392227
2024-01-27 18:00:00+00:00,9800.333277392227
2024-01-27 20:00:00+00:00,9800.333277392227
2024-01-27 22:00:00+00:00,9800.333277392227
2024-01-28 00:00:00+00:00,9800.333277392227
2024-01-28 02:00:00+00:00,9800.333277392227
2024-01-28 04:00:00+00:00,9800.333277392227
2024-01-28 06:00:00+00:00,9800.333277392227
2024-01-28 08:00:00+00:00,9800.333277392227
2024-01-28 10:00:00+00:00,9800.333277392227
2024-01-28 12:00:00+00:00,9800.333277392227
2024-01-28 14:00:00+00:00,9800.333277392227
2024-01-28 16:00:00+00:00,9800.333277392227
2024-01-28 18:00:00+00:00,9800.333277392227
2024-01-28 20:00:00+00:00,9800.333277392227
2024-01-28 22:00:00+00:00,9800.333277392227
2024-01-29 00:00:00+00:00,9800.333277392227
2024-01-29 02:00:00+00:00,9800.333277392227
2024-01-29 04:00:00+00:00,9800.333277392227
2024-01-29 06:00:00+00:00,9800.333277392227
2024-01-29 08:00:00+00:00,9800.333277392227
2024-01-29 10:00:00+00:00,9800.333277392227
2024-01-29 12:00:00+00:00,9800.333277392227
2024-01-29 14:00:00+00:00,9800.333277392227
2024-01-29 16:00:00+00:00,9800.333277392227
2024-01-29 18:00:00+00:00,9800.333277392227
2024-01-29 20:00:00+00:00,9800.333277392227
2024-01-29 22:00:00+00:00,9800.333277392227
2024-01-30 00:00:00+00:00,9800.333277392227
2024-01-30 02:00:00+00:00,9800.333277392227
2024-01-30 04:00:00+00:00,9800.333277392227
2024-01-30 06:00:00+00:00,9800.333277392227
2024-01-30 08:00:00+00:00,9800.333277392227
2024-01-30 10:00:00+00:00,9800.333277392227
2024-01-30 12:00:00+00:00,9800.333277392227
2024-01-30 14:00:00+00:00,9800.333277392227
2024-01-30 16:00:00+00:00,9800.333277392227
2024-01-30 18:00:00+00:00,9800.333277392227
2024-01-30 20:00:00+00:00,9800.333277392227
2024-01-30 22:00:00+00:00,9800.333277392227
2024-01-31 00:00:00+00:00,9800.333277392227
2024-01-31 02:00:00+00:00,9800.333277392227
2024-01-31 04:00:00+00:00,9800.333277392227
2024-01-31 06:00:00+00:00,9800.333277392227
2024-01-31 08:00:00+00:00,9800.333277392227
2024-01-31 10:00:00+00:00,9800.333277392227
2024-01-31 12:00:00+00:00,9800.333277392227
2024-01-31 14:00:00+00:00,9800.333277392227
2024-01-31 16:00:00+00:00,9800.333277392227
2024-01-31 18:00:00+00:00,9800.333277392227
2024-01-31 20:00:00+00:00,9800.333277392227
2024-01-31 22:00:00+00:00,9800.333277392227
2024-02-01 00:00:00+00:00,9800.333277392227
2024-02-01 02:00:00+00:00,9800.333277392227
2024-02-01 04:00:00+00:00,9800.333277392227
2024-02-01 06:00:00+00:00,9800.333277392227
2024-02-01 08:00:00+00:00,9800.333277392227
2024-02-01 10:00:00+00:00,9800.333277392227
2024-02-01 12:00:00+00:00,9800.333277392227
2024-02-01 14:00:00+00:00,9800.333277392227
2024-02-01 16:00:00+00:00,9800.333277392227
2024-02-01 18:00:00+00:00,9800.333277392227
2024-02-01 20:00:00+00:00,9800.333277392227
2024-02-01 22:00:00+00:00,9800.333277392227
2024-02-02 00:00:00+00:00,9800.333277392227
2024-02-02 02:00:00+00:00,9800.333277392227
2024-02-02 04:00:00+00:00,9800.333277392227
2024-02-02 06:00:00+00:00,9800.333277392227
2024-02-02 08:00:00+00:00,9800.333277392227
2024-02-02 10:00:00+00:00,9800.333277392227
2024-02-02 12:00:00+00:00,9800.333277392227
2024-02-02 14:00:00+00:00,9800.333277392227
2024-02-02 16:00:00+00:00,9800.333277392227
2024-02-02 18:00:00+00:00,9800.333277392227
2024-02-02 20:00:00+00:00,9800.333277392227
2024-02-02 22:00:00+00:00,9800.333277392227
2024-02-03 00:00:00+00:00,9800.333277392227
2024-02-03 02:00:00+00:00,9800.333277392227
2024-02-03 04:00:00+00:00,9800.333277392227
2024-02-03 06:00:00+00:00,9800.333277392227
2024-02-03 08:00:00+00:00,9800.333277392227
2024-02-03 10:00:00+00:00,9800.333277392227
2024-02-03 12:00:00+00:00,9800.333277392227
2024-02-03 14:00:00+00:00,9800.333277392227
2024-02-03 16:00:00+00:00,9800.333277392227
2024-02-03 18:00:00+00:00,9800.333277392227
2024-02-03 20:00:00+00:00,9800.333277392227
2024-02-03 22:00:00+00:00,9800.333277392227
2024-02-04 00:00:00+00:00,9800.333277392227
2024-02-04 02:00:00+00:00,9800.333277392227
2024-02-04 04:00:00+00:00,9800.333277392227
2024-02-04 06:00:00+00:00,9800.333277392227
2024-02-04 08:00:00+00:00,9800.333277392227
2024-02-04 10:00:00+00:00,9800.333277392227
2024-02-04 12:00:00+00:00,9800.333277392227
2024-02-04 14:00:00+00:00,9800.333277392227
2024-02-04 16:00:00+00:00,9800.333277392227
2024-02-04 18:00:00+00:00,9800.333277392227
2024-02-04 20:00:00+00:00,9800.333277392227
2024-02-04 22:00:00+00:00,9800.333277392227
2024-02-05 00:00:00+00:00,9800.333277392227
2024-02-05 02:00:00+00:00,9622.548313778114
2024-02-05 04:00:00+00:00,9504.795477396106
2024-02-05 06:00:00+00:00,9504.795477396106
2024-02-05 08:00:00+00:00,9504.795477396106
2024-02-05 10:00:00+00:00,9504.795477396106
2024-02-05 12:00:00+00:00,9504.795477396106
2024-02-05 14:00:00+00:00,9504.795477396106
2024-02-05 16:00:00+00:00,9504.795477396106
2024-02-05 18:00:00+00:00,9504.795477396106
2024-02-05 20:00:00+00:00,9504.795477396106
2024-02-05 22:00:00+00:00,9504.795477396106
2024-02-06 00:00:00+00:00,9504.795477396106
2024-02-06 02:00:00+00:00,9504.795477396106
2024-02-06 04:00:00+00:00,9504.795477396106
2024-02-06 06:00:00+00:00,9504.795477396106
2024-02-06 08:00:00+00:00,9504.795477396106
2024-02-06 10:00:00+00:00,9504.795477396106
2024-02-06 12:00:00+00:00,9504.795477396106
2024-02-06 14:00:00+00:00,9504.795477396106
2024-02-06 16:00:00+00:00,9504.795477396106
2024-02-06 18:00:00+00:00,9504.795477396106
2024-02-06 20:00:00+00:00,9504.795477396106
2024-02-06 22:00:00+00:00,9504.795477396106
2024-02-07 00:00:00+00:00,9504.795477396106
2024-02-07 02:00:00+00:00,9504.795477396106
2024-02-07 04:00:00+00:00,9504.795477396106
2024-02-07 06:00:00+00:00,9504.795477396106
2024-02-07 08:00:00+00:00,9504.795477396106
2024-02-07 10:00:00+00:00,9504.795477396106
2024-02-07 12:00:00+00:00,9504.795477396106
2024-02-07 14:00:00+00:00,9504.795477396106
2024-02-07 16:00:00+00:00,9504.795477396106
2024-02-07 18:00:00+00:00,9504.795477396106
2024-02-07 20:00:00+00:00,9504.795477396106
2024-02-07 22:00:00+00:00,9504.795477396106
2024-02-08 00:00:00+00:00,9504.795477396106
2024-02-08 02:00:00+00:00,9504.795477396106
2024-02-08 04:00:00+00:00,9504.795477396106
2024-02-08 06:00:00+00:00,9504.795477396106
2024-02-08 08:00:00+00:00,9504.795477396106
2024-02-08 10:00:00+00:00,9504.795477396106
2024-02-08 12:00:00+00:00,9504.795477396106
2024-02-08 14:00:00+00:00,9504.795477396106
2024-02-08 16:00:00+00:00,9504.795477396106
2024-02-08 18:00:00+00:00,9504.795477396106
2024-02-08 20:00:00+00:00,9504.795477396106
2024-02-08 22:00:00+00:00,9504.795477396106
2024-02-09 00:00:00+00:00,9504.795477396106
2024-02-09 02:00:00+00:00,9504.795477396106
2024-02-09 04:00:00+00:00,9504.795477396106
2024-02-09 06:00:00+00:00,9504.795477396106
2024-02-09 08:00:00+00:00,9504.795477396106
2024-02-09 10:00:00+00:00,9504.795477396106
2024-02-09 12:00:00+00:00,9504.795477396106
2024-02-09 14:00:00+00:00,9504.795477396106
2024-02-09 16:00:00+00:00,9504.795477396106
2024-02-09 18:00:00+00:00,9504.795477396106
2024-02-09 20:00:00+00:00,9504.795477396106
2024-02-09 22:00:00+00:00,9504.795477396106
2024-02-10 00:00:00+00:00,9504.795477396106
2024-02-10 02:00:00+00:00,9504.795477396106
2024-02-10 04:00:00+00:00,9504.795477396106
2024-02-10 06:00:00+00:00,9504.795477396106
2024-02-10 08:00:00+00:00,9504.795477396106
2024-02-10 10:00:00+00:00,9504.795477396106
2024-02-10 12:00:00+00:00,9504.795477396106
2024-02-10 14:00:00+00:00,9504.795477396106
2024-02-10 16:00:00+00:00,9504.795477396106
2024-02-10 18:00:00+00:00,9504.795477396106
2024-02-10 20:00:00+00:00,9504.795477396106
2024-02-10 22:00:00+00:00,9504.795477396106
2024-02-11 00:00:00+00:00,9504.795477396106
2024-02-11 02:00:00+00:00,9504.795477396106
2024-02-11 04:00:00+00:00,9504.795477396106
2024-02-11 06:00:00+00:00,9504.795477396106
2024-02-11 08:00:00+00:00,9504.795477396106
2024-02-11 10:00:00+00:00,9504.795477396106
2024-02-11 12:00:00+00:00,9504.795477396106
2024-02-11 14:00:00+00:00,9504.795477396106
2024-02-11 16:00:00+00:00,9504.795477396106
2024-02-11 18:00:00+00:00,9504.795477396106
2024-02-11 20:00:00+00:00,9504.795477396106
2024-02-11 22:00:00+00:00,9504.795477396106
2024-02-12 00:00:00+00:00,9504.795477396106
2024-02-12 02:00:00+00:00,9504.795477396106
2024-02-12 04:00:00+00:00,9504.795477396106
2024-02-12 06:00:00+00:00,9504.795477396106
2024-02-12 08:00:00+00:00,9504.795477396106
2024-02-12 10:00:00+00:00,9504.795477396106
2024-02-12 12:00:00+00:00,9504.795477396106
2024-02-12 14:00:00+00:00,9504.795477396106
2024-02-12 16:00:00+00:00,9504.795477396106
2024-02-12 18:00:00+00:00,9504.795477396106
2024-02-12 20:00:00+00:00,9504.795477396106
2024-02-12 22:00:00+00:00,9504.795477396106
2024-02-13 00:00:00+00:00,9504.795477396106
2024-02-13 02:00:00+00:00,9504.795477396106
2024-02-13 04:00:00+00:00,9504.795477396106
2024-02-13 06:00:00+00:00,9504.795477396106
2024-02-13 08:00:00+00:00,9504.795477396106
2024-02-13 10:00:00+00:00,9504.795477396106
2024-02-13 12:00:00+00:00,9504.795477396106
2024-02-13 14:00:00+00:00,9504.795477396106
2024-02-13 16:00:00+00:00,9504.795477396106
2024-02-13 18:00:00+00:00,9504.795477396106
2024-02-13 20:00:00+00:00,9504.795477396106
2024-02-13 22:00:00+00:00,9504.795477396106
2024-02-14 00:00:00+00:00,9504.795477396106
2024-02-14 02:00:00+00:00,9504.795477396106
2024-02-14 04:00:00+00:00,9504.795477396106
2024-02-14 06:00:00+00:00,9504.795477396106
2024-02-14 08:00:00+00:00,9504.795477396106
2024-02-14 10:00:00+00:00,9504.795477396106
2024-02-14 12:00:00+00:00,9504.795477396106
2024-02-14 14:00:00+00:00,9504.795477396106
2024-02-14 16:00:00+00:00,9504.795477396106
2024-02-14 18:00:00+00:00,9504.795477396106
2024-02-14 20:00:00+00:00,9504.795477396106
2024-02-14 22:00:00+00:00,9504.795477396106
2024-02-15 00:00:00+00:00,9504.795477396106
2024-02-15 02:00:00+00:00,9504.795477396106
2024-02-15 04:00:00+00:00,9504.795477396106
2024-02-15 06:00:00+00:00,9504.795477396106
2024-02-15 08:00:00+00:00,9504.795477396106
2024-02-15 10:00:00+00:00,9504.795477396106
2024-02-15 12:00:00+00:00,9504.795477396106
2024-02-15 14:00:00+00:00,9504.795477396106
2024-02-15 16:00:00+00:00,9504.795477396106
2024-02-15 18:00:00+00:00,9504.795477396106
2024-02-15 20:00:00+00:00,9504.795477396106
2024-02-15 22:00:00+00:00,9504.795477396106
2024-02-16 00:00:00+00:00,9504.795477396106
2024-02-16 02:00:00+00:00,9504.795477396106
2024-02-16 04:00:00+00:00,9504.795477396106
2024-02-16 06:00:00+00:00,9504.795477396106
2024-02-16 08:00:00+00:00,9504.795477396106
2024-02-16 10:00:00+00:00,9504.795477396106
2024-02-16 12:00:00+00:00,9504.795477396106
2024-02-16 14:00:00+00:00,9504.795477396106
2024-02-16 16:00:00+00:00,9504.795477396106
2024-02-16 18:00:00+00:00,9504.795477396106
2024-02-16 20:00:00+00:00,9504.795477396106
2024-02-16 22:00:00+00:00,9504.795477396106
2024-02-17 00:00:00+00:00,9504.795477396106
2024-02-17 02:00:00+00:00,9504.795477396106
2024-02-17 04:00:00+00:00,9504.795477396106
2024-02-17 06:00:00+00:00,9504.795477396106
2024-02-17 08:00:00+00:00,9504.795477396106
2024-02-17 10:00:00+00:00,9504.795477396106
2024-02-17 12:00:00+00:00,9504.795477396106
2024-02-17 14:00:00+00:00,9504.795477396106
2024-02-17 16:00:00+00:00,9504.795477396106
2024-02-17 18:00:00+00:00,9504.795477396106
2024-02-17 20:00:00+00:00,9504.795477396106
2024-02-17 22:00:00+00:00,9504.795477396106
2024-02-18 00:00:00+00:00,9504.795477396106
2024-02-18 02:00:00+00:00,9504.795477396106
2024-02-18 04:00:00+00:00,9504.795477396106
2024-02-18 06:00:00+00:00,9504.795477396106
2024-02-18 08:00:00+00:00,9504.795477396106
2024-02-18 10:00:00+00:00,9504.795477396106
2024-02-18 12:00:00+00:00,9504.795477396106
2024-02-18 14:00:00+00:00,9504.795477396106
2024-02-18 16:00:00+00:00,9504.795477396106
2024-02-18 18:00:00+00:00,9504.795477396106
2024-02-18 20:00:00+00:00,9504.795477396106
2024-02-18 22:00:00+00:00,9504.795477396106
2024-02-19 00:00:00+00:00,9504.795477396106
2024-02-19 02:00:00+00:00,9504.795477396106
2024-02-19 04:00:00+00:00,9504.795477396106
2024-02-19 06:00:00+00:00,9504.795477396106
2024-02-19 08:00:00+00:00,9504.795477396106
2024-02-19 10:00:00+00:00,9504.795477396106
2024-02-19 12:00:00+00:00,9504.795477396106
2024-02-19 14:00:00+00:00,9504.795477396106
2024-02-19 16:00:00+00:00,9504.795477396106
2024-02-19 18:00:00+00:00,9504.795477396106
2024-02-19 20:00:00+00:00,9504.795477396106
2024-02-19 22:00:00+00:00,9504.795477396106
2024-02-20 00:00:00+00:00,9504.795477396106
2024-02-20 02:00:00+00:00,9504.795477396106
2024-02-20 04:00:00+00:00,9504.795477396106
2024-02-20 06:00:00+00:00,9504.795477396106
2024-02-20 08:00:00+00:00,9504.795477396106
2024-02-20 10:00:00+00:00,9504.795477396106
2024-02-20 12:00:00+00:00,9504.795477396106
2024-02-20 14:00:00+00:00,9504.795477396106
2024-02-20 16:00:00+00:00,9504.795477396106
2024-02-20 18:00:00+00:00,9504.795477396106
2024-02-20 20:00:00+00:00,9504.795477396106
2024-02-20 22:00:00+00:00,9504.795477396106
2024-02-21 00:00:00+00:00,9504.795477396106
2024-02-21 02:00:00+00:00,9504.795477396106
2024-02-21 04:00:00+00:00,9504.795477396106
2024-02-21 06:00:00+00:00,9504.795477396106
2024-02-21 08:00:00+00:00,9504.795477396106
2024-02-21 10:00:00+00:00,9504.795477396106
2024-02-21 12:00:00+00:00,9504.795477396106
2024-02-21 14:00:00+00:00,9504.795477396106
2024-02-21 16:00:00+00:00,9504.795477396106
2024-02-21 18:00:00+00:00,9504.795477396106
2024-02-21 20:00:00+00:00,9504.795477396106
2024-02-21 22:00:00+00:00,9504.795477396106
2024-02-22 00:00:00+00:00,9504.795477396106
2024-02-22 02:00:00+00:00,9504.795477396106
2024-02-22 04:00:00+00:00,9504.795477396106
2024-02-22 06:00:00+00:00,9504.795477396106
2024-02-22 08:00:00+00:00,9504.795477396106
2024-02-22 10:00:00+00:00,9504.795477396106
2024-02-22 12:00:00+00:00,9504.795477396106
2024-02-22 14:00:00+00:00,9504.795477396106
2024-02-22 16:00:00+00:00,9504.795477396106
2024-02-22 18:00:00+00:00,9504.795477396106
2024-02-22 20:00:00+00:00,9504.795477396106
2024-02-22 22:00:00+00:00,9504.795477396106
2024-02-23 00:00:00+00:00,9504.795477396106
2024-02-23 02:00:00+00:00,9504.795477396106
2024-02-23 04:00:00+00:00,9504.795477396106
2024-02-23 06:00:00+00:00,9504.795477396106
2024-02-23 08:00:00+00:00,9504.795477396106
2024-02-23 10:00:00+00:00,9504.795477396106
2024-02-23 12:00:00+00:00,9504.795477396106
2024-02-23 14:00:00+00:00,9504.795477396106
2024-02-23 16:00:00+00:00,9504.795477396106
2024-02-23 18:00:00+00:00,9504.795477396106
2024-02-23 20:00:00+00:00,9504.795477396106
2024-02-23 22:00:00+00:00,9504.795477396106
2024-02-24 00:00:00+00:00,9504.795477396106
2024-02-24 02:00:00+00:00,9504.795477396106
2024-02-24 04:00:00+00:00,9504.795477396106
2024-02-24 06:00:00+00:00,9504.795477396106
2024-02-24 08:00:00+00:00,9504.795477396106
2024-02-24 10:00:00+00:00,9504.795477396106
2024-02-24 12:00:00+00:00,9504.795477396106
2024-02-24 14:00:00+00:00,9504.795477396106
2024-02-24 16:00:00+00:00,9504.795477396106
2024-02-24 18:00:00+00:00,9504.795477396106
2024-02-24 20:00:00+00:00,9504.795477396106
2024-02-24 22:00:00+00:00,9504.795477396106
2024-02-25 00:00:00+00:00,9504.795477396106
2024-02-25 02:00:00+00:00,9504.795477396106
2024-02-25 04:00:00+00:00,9504.795477396106
2024-02-25 06:00:00+00:00,9504.795477396106
2024-02-25 08:00:00+00:00,9504.795477396106
2024-02-25 10:00:00+00:00,9504.795477396106
2024-02-25 12:00:00+00:00,9504.795477396106
2024-02-25 14:00:00+00:00,9504.795477396106
2024-02-25 16:00:00+00:00,9504.795477396106
2024-02-25 18:00:00+00:00,9504.795477396106
2024-02-25 20:00:00+00:00,9504.795477396106
2024-02-25 22:00:00+00:00,9504.795477396106
2024-02-26 00:00:00+00:00,9504.795477396106
2024-02-26 02:00:00+00:00,9504.795477396106
2024-02-26 04:00:00+00:00,9504.795477396106
2024-02-26 06:00:00+00:00,9504.795477396106
2024-02-26 08:00:00+00:00,9504.795477396106
2024-02-26 10:00:00+00:00,9504.795477396106
2024-02-26 12:00:00+00:00,9504.795477396106
2024-02-26 14:00:00+00:00,9504.795477396106
2024-02-26 16:00:00+00:00,9504.795477396106
2024-02-26 18:00:00+00:00,9504.795477396106
2024-02-26 20:00:00+00:00,9504.795477396106
2024-02-26 22:00:00+00:00,9504.795477396106
2024-02-27 00:00:00+00:00,9504.795477396106
2024-02-27 02:00:00+00:00,9504.795477396106
2024-02-27 04:00:00+00:00,9504.795477396106
2024-02-27 06:00:00+00:00,9504.795477396106
2024-02-27 08:00:00+00:00,9504.795477396106
2024-02-27 10:00:00+00:00,9504.795477396106
2024-02-27 12:00:00+00:00,9504.795477396106
2024-02-27 14:00:00+00:00,9504.795477396106
2024-02-27 16:00:00+00:00,9504.795477396106
2024-02-27 18:00:00+00:00,9504.795477396106
2024-02-27 20:00:00+00:00,9504.795477396106
2024-02-27 22:00:00+00:00,9504.795477396106
2024-02-28 00:00:00+00:00,9504.795477396106
2024-02-28 02:00:00+00:00,9504.795477396106
2024-02-28 04:00:00+00:00,9504.795477396106
2024-02-28 06:00:00+00:00,9504.795477396106
2024-02-28 08:00:00+00:00,9504.795477396106
2024-02-28 10:00:00+00:00,9504.795477396106
2024-02-28 12:00:00+00:00,9504.795477396106
2024-02-28 14:00:00+00:00,9504.795477396106
2024-02-28 16:00:00+00:00,9504.795477396106
2024-02-28 18:00:00+00:00,9504.795477396106
2024-02-28 20:00:00+00:00,9504.795477396106
2024-02-28 22:00:00+00:00,9504.795477396106
2024-02-29 00:00:00+00:00,9504.795477396106
2024-02-29 02:00:00+00:00,9504.795477396106
2024-02-29 04:00:00+00:00,9504.795477396106
2024-02-29 06:00:00+00:00,9504.795477396106
2024-02-29 08:00:00+00:00,9504.795477396106
2024-02-29 10:00:00+00:00,9504.795477396106
2024-02-29 12:00:00+00:00,9504.795477396106
2024-02-29 14:00:00+00:00,9504.795477396106
2024-02-29 16:00:00+00:00,9504.795477396106
2024-02-29 18:00:00+00:00,9504.795477396106
2024-02-29 20:00:00+00:00,9504.795477396106
2024-02-29 22:00:00+00:00,9504.795477396106
2024-03-01 00:00:00+00:00,9504.795477396106
2024-03-01 02:00:00+00:00,9504.795477396106
2024-03-01 04:00:00+00:00,9504.795477396106
2024-03-01 06:00:00+00:00,9504.795477396106
2024-03-01 08:00:00+00:00,9504.795477396106
2024-03-01 10:00:00+00:00,9504.795477396106
2024-03-01 12:00:00+00:00,9504.795477396106
2024-03-01 14:00:00+00:00,9504.795477396106
2024-03-01 16:00:00+00:00,9504.795477396106
2024-03-01 18:00:00+00:00,9504.795477396106
2024-03-01 20:00:00+00:00,9504.795477396106
2024-03-01 22:00:00+00:00,9504.795477396106
2024-03-02 00:00:00+00:00,9504.795477396106
2024-03-02 02:00:00+00:00,9504.795477396106
2024-03-02 04:00:00+00:00,9504.795477396106
2024-03-02 06:00:00+00:00,9504.795477396106
2024-03-02 08:00:00+00:00,9504.795477396106
2024-03-02 10:00:00+00:00,9504.795477396106
2024-03-02 12:00:00+00:00,9504.795477396106
2024-03-02 14:00:00+00:00,9504.795477396106
2024-03-02 16:00:00+00:00,9504.795477396106
2024-03-02 18:00:00+00:00,9504.795477396106
2024-03-02 20:00:00+00:00,9504.795477396106
2024-03-02 22:00:00+00:00,9504.795477396106
2024-03-03 00:00:00+00:00,9504.795477396106
2024-03-03 02:00:00+00:00,9504.795477396106
2024-03-03 04:00:00+00:00,9504.795477396106
2024-03-03 06:00:00+00:00,9504.795477396106
2024-03-03 08:00:00+00:00,9504.795477396106
2024-03-03 10:00:00+00:00,9504.795477396106
2024-03-03 12:00:00+00:00,9504.795477396106
2024-03-03 14:00:00+00:00,9504.795477396106
2024-03-03 16:00:00+00:00,9504.795477396106
2024-03-03 18:00:00+00:00,9504.795477396106
2024-03-03 20:00:00+00:00,9504.795477396106
2024-03-03 22:00:00+00:00,9504.795477396106
2024-03-04 00:00:00+00:00,9504.795477396106
2024-03-04 02:00:00+00:00,9504.795477396106
2024-03-04 04:00:00+00:00,9504.795477396106
2024-03-04 06:00:00+00:00,9504.795477396106
2024-03-04 08:00:00+00:00,9504.795477396106
2024-03-04 10:00:00+00:00,9504.795477396106
2024-03-04 12:00:00+00:00,9504.795477396106
2024-03-04 14:00:00+00:00,9504.795477396106
2024-03-04 16:00:00+00:00,9504.795477396106
2024-03-04 18:00:00+00:00,9504.795477396106
2024-03-04 20:00:00+00:00,9504.795477396106
2024-03-04 22:00:00+00:00,9504.795477396106
2024-03-05 00:00:00+00:00,9504.795477396106
2024-03-05 02:00:00+00:00,9504.795477396106
2024-03-05 04:00:00+00:00,9504.795477396106
2024-03-05 06:00:00+00:00,9504.795477396106
2024-03-05 08:00:00+00:00,9504.795477396106
2024-03-05 10:00:00+00:00,9504.795477396106
2024-03-05 12:00:00+00:00,9504.795477396106
2024-03-05 14:00:00+00:00,9504.795477396106
2024-03-05 16:00:00+00:00,9504.795477396106
2024-03-05 18:00:00+00:00,9504.795477396106
2024-03-05 20:00:00+00:00,9504.795477396106
2024-03-05 22:00:00+00:00,9504.795477396106
2024-03-06 00:00:00+00:00,9504.795477396106
2024-03-06 02:00:00+00:00,9433.935902704809
2024-03-06 04:00:00+00:00,8993.534851612081
2024-03-06 06:00:00+00:00,8846.280010999033
2024-03-06 08:00:00+00:00,9212.535704434094
2024-03-06 10:00:00+00:00,9100.731103227892
2024-03-06 12:00:00+00:00,9220.716528912599
2024-03-06 14:00:00+00:00,9220.716528912599
2024-03-06 16:00:00+00:00,9072.903480021827
2024-03-06 18:00:00+00:00,8916.104344183857
2024-03-06 20:00:00+00:00,8650.683937352022
2024-03-06 22:00:00+00:00,8650.683937352022
2024-03-07 00:00:00+00:00,8650.683937352022
2024-03-07 02:00:00+00:00,8650.683937352022
2024-03-07 04:00:00+00:00,8650.683937352022
2024-03-07 06:00:00+00:00,8650.683937352022
2024-03-07 08:00:00+00:00,8650.683937352022
2024-03-07 10:00:00+00:00,8650.683937352022
2024-03-07 12:00:00+00:00,8650.683937352022
2024-03-07 14:00:00+00:00,8650.683937352022
2024-03-07 16:00:00+00:00,8650.683937352022
2024-03-07 18:00:00+00:00,8650.683937352022
2024-03-07 20:00:00+00:00,8650.683937352022
2024-03-07 22:00:00+00:00,8650.683937352022
2024-03-08 00:00:00+00:00,8650.683937352022
2024-03-08 02:00:00+00:00,8650.683937352022
2024-03-08 04:00:00+00:00,8650.683937352022
2024-03-08 06:00:00+00:00,8650.683937352022
2024-03-08 08:00:00+00:00,8650.683937352022
2024-03-08 10:00:00+00:00,8650.683937352022
2024-03-08 12:00:00+00:00,8650.683937352022
2024-03-08 14:00:00+00:00,8650.683937352022
2024-03-08 16:00:00+00:00,8650.683937352022
2024-03-08 18:00:00+00:00,8650.683937352022
2024-03-08 20:00:00+00:00,8650.683937352022
2024-03-08 22:00:00+00:00,8650.683937352022
2024-03-09 00:00:00+00:00,8650.683937352022
2024-03-09 02:00:00+00:00,8650.683937352022
2024-03-09 04:00:00+00:00,8650.683937352022
2024-03-09 06:00:00+00:00,8650.683937352022
2024-03-09 08:00:00+00:00,8650.683937352022
2024-03-09 10:00:00+00:00,8650.683937352022
2024-03-09 12:00:00+00:00,8650.683937352022
2024-03-09 14:00:00+00:00,8650.683937352022
2024-03-09 16:00:00+00:00,8650.683937352022
2024-03-09 18:00:00+00:00,8650.683937352022
2024-03-09 20:00:00+00:00,8650.683937352022
2024-03-09 22:00:00+00:00,8650.683937352022
2024-03-10 00:00:00+00:00,8650.683937352022
2024-03-10 02:00:00+00:00,8650.683937352022
2024-03-10 04:00:00+00:00,8650.683937352022
2024-03-10 06:00:00+00:00,8650.683937352022
2024-03-10 08:00:00+00:00,8650.683937352022
2024-03-10 10:00:00+00:00,8650.683937352022
2024-03-10 12:00:00+00:00,8650.683937352022
2024-03-10 14:00:00+00:00,8650.683937352022
2024-03-10 16:00:00+00:00,8650.683937352022
2024-03-10 18:00:00+00:00,8650.683937352022
2024-03-10 20:00:00+00:00,8650.683937352022
2024-03-10 22:00:00+00:00,8650.683937352022
2024-03-11 00:00:00+00:00,8650.683937352022
2024-03-11 02:00:00+00:00,8650.683937352022
2024-03-11 04:00:00+00:00,8650.683937352022
2024-03-11 06:00:00+00:00,8650.683937352022
2024-03-11 08:00:00+00:00,8650.683937352022
2024-03-11 10:00:00+00:00,8650.683937352022
2024-03-11 12:00:00+00:00,8650.683937352022
2024-03-11 14:00:00+00:00,8650.683937352022
2024-03-11 16:00:00+00:00,8650.683937352022
2024-03-11 18:00:00+00:00,8650.683937352022
2024-03-11 20:00:00+00:00,8650.683937352022
2024-03-11 22:00:00+00:00,8650.683937352022
2024-03-12 00:00:00+00:00,8650.683937352022
2024-03-12 02:00:00+00:00,8650.683937352022
2024-03-12 04:00:00+00:00,8650.683937352022
2024-03-12 06:00:00+00:00,8650.683937352022
2024-03-12 08:00:00+00:00,8650.683937352022
2024-03-12 10:00:00+00:00,8650.683937352022
2024-03-12 12:00:00+00:00,8650.683937352022
2024-03-12 14:00:00+00:00,8650.683937352022
2024-03-12 16:00:00+00:00,8650.683937352022
2024-03-12 18:00:00+00:00,8650.683937352022
2024-03-12 20:00:00+00:00,8650.683937352022
2024-03-12 22:00:00+00:00,8650.683937352022
2024-03-13 00:00:00+00:00,8650.683937352022
2024-03-13 02:00:00+00:00,8650.683937352022
2024-03-13 04:00:00+00:00,8650.683937352022
2024-03-13 06:00:00+00:00,8650.683937352022
2024-03-13 08:00:00+00:00,8650.683937352022
2024-03-13 10:00:00+00:00,8650.683937352022
2024-03-13 12:00:00+00:00,8650.683937352022
2024-03-13 14:00:00+00:00,8650.683937352022
2024-03-13 16:00:00+00:00,8650.683937352022
2024-03-13 18:00:00+00:00,8650.683937352022
2024-03-13 20:00:00+00:00,8650.683937352022
2024-03-13 22:00:00+00:00,8650.683937352022
2024-03-14 00:00:00+00:00,8650.683937352022
2024-03-14 02:00:00+00:00,8650.683937352022
2024-03-14 04:00:00+00:00,8650.683937352022
2024-03-14 06:00:00+00:00,8650.683937352022
2024-03-14 08:00:00+00:00,8650.683937352022
2024-03-14 10:00:00+00:00,8650.683937352022
2024-03-14 12:00:00+00:00,8650.683937352022
2024-03-14 14:00:00+00:00,8650.683937352022
2024-03-14 16:00:00+00:00,8650.683937352022
2024-03-14 18:00:00+00:00,8650.683937352022
2024-03-14 20:00:00+00:00,8650.683937352022
2024-03-14 22:00:00+00:00,8650.683937352022
2024-03-15 00:00:00+00:00,8650.683937352022
2024-03-15 02:00:00+00:00,8650.683937352022
2024-03-15 04:00:00+00:00,8650.683937352022
2024-03-15 06:00:00+00:00,8650.683937352022
2024-03-15 08:00:00+00:00,8650.683937352022
2024-03-15 10:00:00+00:00,8650.683937352022
2024-03-15 12:00:00+00:00,8650.683937352022
2024-03-15 14:00:00+00:00,8650.683937352022
2024-03-15 16:00:00+00:00,8650.683937352022
2024-03-15 18:00:00+00:00,8650.683937352022
2024-03-15 20:00:00+00:00,8650.683937352022
2024-03-15 22:00:00+00:00,8650.683937352022
2024-03-16 00:00:00+00:00,8650.683937352022
2024-03-16 02:00:00+00:00,8650.683937352022
2024-03-16 04:00:00+00:00,8650.683937352022
2024-03-16 06:00:00+00:00,8650.683937352022
2024-03-16 08:00:00+00:00,8650.683937352022
2024-03-16 10:00:00+00:00,8650.683937352022
2024-03-16 12:00:00+00:00,8650.683937352022
2024-03-16 14:00:00+00:00,8650.683937352022
2024-03-16 16:00:00+00:00,8650.683937352022
2024-03-16 18:00:00+00:00,8650.683937352022
2024-03-16 20:00:00+00:00,8650.683937352022
2024-03-16 22:00:00+00:00,8650.683937352022
2024-03-17 00:00:00+00:00,8650.683937352022
2024-03-17 02:00:00+00:00,8650.683937352022
2024-03-17 04:00:00+00:00,8650.683937352022
2024-03-17 06:00:00+00:00,8650.683937352022
2024-03-17 08:00:00+00:00,8650.683937352022
2024-03-17 10:00:00+00:00,8650.683937352022
2024-03-17 12:00:00+00:00,8650.683937352022
2024-03-17 14:00:00+00:00,8650.683937352022
2024-03-17 16:00:00+00:00,8650.683937352022
2024-03-17 18:00:00+00:00,8650.683937352022
2024-03-17 20:00:00+00:00,8650.683937352022
2024-03-17 22:00:00+00:00,8650.683937352022
2024-03-18 00:00:00+00:00,8650.683937352022
2024-03-18 02:00:00+00:00,8650.683937352022
2024-03-18 04:00:00+00:00,8650.683937352022
2024-03-18 06:00:00+00:00,8650.683937352022
2024-03-18 08:00:00+00:00,8650.683937352022
2024-03-18 10:00:00+00:00,8650.683937352022
2024-03-18 12:00:00+00:00,8650.683937352022
2024-03-18 14:00:00+00:00,8650.683937352022
2024-03-18 16:00:00+00:00,8650.683937352022
2024-03-18 18:00:00+00:00,8650.683937352022
2024-03-18 20:00:00+00:00,8650.683937352022
2024-03-18 22:00:00+00:00,8650.683937352022
2024-03-19 00:00:00+00:00,8650.683937352022
2024-03-19 02:00:00+00:00,8650.683937352022
2024-03-19 04:00:00+00:00,8650.683937352022
2024-03-19 06:00:00+00:00,8650.683937352022
2024-03-19 08:00:00+00:00,8650.683937352022
2024-03-19 10:00:00+00:00,8650.683937352022
2024-03-19 12:00:00+00:00,8650.683937352022
2024-03-19 14:00:00+00:00,8650.683937352022
2024-03-19 16:00:00+00:00,8650.683937352022
2024-03-19 18:00:00+00:00,8650.683937352022
2024-03-19 20:00:00+00:00,8650.683937352022
2024-03-19 22:00:00+00:00,8650.683937352022
2024-03-20 00:00:00+00:00,8650.683937352022
2024-03-20 02:00:00+00:00,8650.683937352022
2024-03-20 04:00:00+00:00,8650.683937352022
2024-03-20 06:00:00+00:00,8650.683937352022
2024-03-20 08:00:00+00:00,8650.683937352022
2024-03-20 10:00:00+00:00,8650.683937352022
2024-03-20 12:00:00+00:00,8650.683937352022
2024-03-20 14:00:00+00:00,8650.683937352022
2024-03-20 16:00:00+00:00,8650.683937352022
2024-03-20 18:00:00+00:00,8650.683937352022
2024-03-20 20:00:00+00:00,8650.683937352022
2024-03-20 22:00:00+00:00,8650.683937352022
2024-03-21 00:00:00+00:00,8650.683937352022
2024-03-21 02:00:00+00:00,8650.683937352022
2024-03-21 04:00:00+00:00,8650.683937352022
2024-03-21 06:00:00+00:00,8650.683937352022
2024-03-21 08:00:00+00:00,8650.683937352022
2024-03-21 10:00:00+00:00,8650.683937352022
2024-03-21 12:00:00+00:00,8650.683937352022
2024-03-21 14:00:00+00:00,8650.683937352022
2024-03-21 16:00:00+00:00,8650.683937352022
2024-03-21 18:00:00+00:00,8650.683937352022
2024-03-21 20:00:00+00:00,8650.683937352022
2024-03-21 22:00:00+00:00,8650.683937352022
2024-03-22 00:00:00+00:00,8650.683937352022
2024-03-22 02:00:00+00:00,8650.683937352022
2024-03-22 04:00:00+00:00,8650.683937352022
2024-03-22 06:00:00+00:00,8650.683937352022
2024-03-22 08:00:00+00:00,8650.683937352022
2024-03-22 10:00:00+00:00,8650.683937352022
2024-03-22 12:00:00+00:00,8650.683937352022
2024-03-22 14:00:00+00:00,8650.683937352022
2024-03-22 16:00:00+00:00,8650.683937352022
2024-03-22 18:00:00+00:00,8650.683937352022
2024-03-22 20:00:00+00:00,8650.683937352022
2024-03-22 22:00:00+00:00,8650.683937352022
2024-03-23 00:00:00+00:00,8650.683937352022
2024-03-23 02:00:00+00:00,8722.8200598295
2024-03-23 04:00:00+00:00,8647.361609585569
2024-03-23 06:00:00+00:00,8598.852605857324
2024-03-23 08:00:00+00:00,8613.736677370156
2024-03-23 10:00:00+00:00,8568.461607223795
2024-03-23 12:00:00+00:00,8526.42047065932
2024-03-23 14:00:00+00:00,8501.626979864885
2024-03-23 16:00:00+00:00,8489.685484353002
2024-03-23 18:00:00+00:00,8545.740333105638
2024-03-23 20:00:00+00:00,8512.323019426181
2024-03-23 22:00:00+00:00,8642.758340562123
2024-03-24 00:00:00+00:00,8597.271339968362
2024-03-24 02:00:00+00:00,8767.591841947524
2024-03-24 04:00:00+00:00,8697.52328100673
2024-03-24 06:00:00+00:00,8659.794055884764
2024-03-24 08:00:00+00:00,8655.813188209318
2024-03-24 10:00:00+00:00,8637.487564578649
2024-03-24 12:00:00+00:00,8687.07454616752
2024-03-24 14:00:00+00:00,8574.964848662248
2024-03-24 16:00:00+00:00,8660.791309610451
2024-03-24 18:00:00+00:00,8571.31914717836
2024-03-24 20:00:00+00:00,8508.796431261959
2024-03-24 22:00:00+00:00,8487.236874049406
2024-03-25 00:00:00+00:00,8470.614218887067
2024-03-25 02:00:00+00:00,8330.585225576744
2024-03-25 04:00:00+00:00,8330.585225576744
2024-03-25 06:00:00+00:00,8330.585225576744
2024-03-25 08:00:00+00:00,8330.585225576744
2024-03-25 10:00:00+00:00,8330.585225576744
2024-03-25 12:00:00+00:00,8330.585225576744
2024-03-25 14:00:00+00:00,8330.585225576744
2024-03-25 16:00:00+00:00,8330.585225576744
2024-03-25 18:00:00+00:00,8330.585225576744
2024-03-25 20:00:00+00:00,8330.585225576744
2024-03-25 22:00:00+00:00,8330.585225576744
2024-03-26 00:00:00+00:00,8330.585225576744
2024-03-26 02:00:00+00:00,8330.585225576744
2024-03-26 04:00:00+00:00,8330.585225576744
2024-03-26 06:00:00+00:00,8330.585225576744
2024-03-26 08:00:00+00:00,8330.585225576744
2024-03-26 10:00:00+00:00,8330.585225576744
2024-03-26 12:00:00+00:00,8330.585225576744
2024-03-26 14:00:00+00:00,8330.585225576744
2024-03-26 16:00:00+00:00,8330.585225576744
2024-03-26 18:00:00+00:00,8330.585225576744
2024-03-26 20:00:00+00:00,8330.585225576744
2024-03-26 22:00:00+00:00,8330.585225576744
2024-03-27 00:00:00+00:00,8330.585225576744
2024-03-27 02:00:00+00:00,8330.585225576744
2024-03-27 04:00:00+00:00,8330.585225576744
2024-03-27 06:00:00+00:00,8330.585225576744
2024-03-27 08:00:00+00:00,8330.585225576744
2024-03-27 10:00:00+00:00,8330.585225576744
2024-03-27 12:00:00+00:00,8330.585225576744
2024-03-27 14:00:00+00:00,8330.585225576744
2024-03-27 16:00:00+00:00,8330.585225576744
2024-03-27 18:00:00+00:00,8330.585225576744
2024-03-27 20:00:00+00:00,8330.585225576744
2024-03-27 22:00:00+00:00,8330.585225576744
2024-03-28 00:00:00+00:00,8330.585225576744
2024-03-28 02:00:00+00:00,8330.585225576744
2024-03-28 04:00:00+00:00,8330.585225576744
2024-03-28 06:00:00+00:00,8330.585225576744
2024-03-28 08:00:00+00:00,8330.585225576744
2024-03-28 10:00:00+00:00,8330.585225576744
2024-03-28 12:00:00+00:00,8330.585225576744
2024-03-28 14:00:00+00:00,8330.585225576744
2024-03-28 16:00:00+00:00,8330.585225576744
2024-03-28 18:00:00+00:00,8330.585225576744
2024-03-28 20:00:00+00:00,8330.585225576744
2024-03-28 22:00:00+00:00,8330.585225576744
2024-03-29 00:00:00+00:00,8330.585225576744
2024-03-29 02:00:00+00:00,8330.585225576744
2024-03-29 04:00:00+00:00,8330.585225576744
2024-03-29 06:00:00+00:00,8330.585225576744
2024-03-29 08:00:00+00:00,8330.585225576744
2024-03-29 10:00:00+00:00,8330.585225576744
2024-03-29 12:00:00+00:00,8330.585225576744
2024-03-29 14:00:00+00:00,8330.585225576744
2024-03-29 16:00:00+00:00,8330.585225576744
2024-03-29 18:00:00+00:00,8330.585225576744
2024-03-29 20:00:00+00:00,8330.585225576744
2024-03-29 22:00:00+00:00,8330.585225576744
2024-03-30 00:00:00+00:00,8330.585225576744
2024-03-30 02:00:00+00:00,8330.585225576744
2024-03-30 04:00:00+00:00,8218.943388682657
2024-03-30 06:00:00+00:00,8292.679040221346
2024-03-30 08:00:00+00:00,8228.933026774908
2024-03-30 10:00:00+00:00,8216.81209775485
2024-03-30 12:00:00+00:00,8168.328381674615
2024-03-30 14:00:00+00:00,8223.882639683217
2024-03-30 16:00:00+00:00,8243.958152003828
2024-03-30 18:00:00+00:00,8286.381403574034
2024-03-30 20:00:00+00:00,8367.187597041091
2024-03-30 22:00:00+00:00,8401.53022926459
2024-03-31 00:00:00+00:00,8363.284771247521
2024-03-31 02:00:00+00:00,8389.546784124315
2024-03-31 04:00:00+00:00,8314.801055167287
2024-03-31 06:00:00+00:00,8309.750668075596
2024-03-31 08:00:00+00:00,8367.942194961865
2024-03-31 10:00:00+00:00,8354.811188523467
2024-03-31 12:00:00+00:00,8338.649949830056
2024-03-31 14:00:00+00:00,8412.385601368745
2024-03-31 16:00:00+00:00,8418.095738687418
2024-03-31 18:00:00+00:00,8476.680228951034
2024-03-31 20:00:00+00:00,8539.305028888004
2024-03-31 22:00:00+00:00,8357.491093587123
2024-04-01 00:00:00+00:00,8415.886135346282
2024-04-01 02:00:00+00:00,8439.117915968061
2024-04-01 04:00:00+00:00,8836.078341374981
2024-04-01 06:00:00+00:00,8744.161296306203
2024-04-01 08:00:00+00:00,8837.443030026036
2024-04-01 10:00:00+00:00,8823.3019461693
2024-04-01 12:00:00+00:00,8771.78799783405
2024-04-01 14:00:00+00:00,8994.005029868458
2024-04-01 16:00:00+00:00,8980.585411726544
2024-04-01 18:00:00+00:00,8973.514869798177
2024-04-01 20:00:00+00:00,8876.547437637708
2024-04-01 22:00:00+00:00,8830.08387639415
2024-04-02 00:00:00+00:00,8918.38032002711
2024-04-02 02:00:00+00:00,9328.471751872425
2024-04-02 04:00:00+00:00,9271.907416445487
2024-04-02 06:00:00+00:00,9319.381055107384
2024-04-02 08:00:00+00:00,9478.04597706546
2024-04-02 10:00:00+00:00,9444.713422260298
2024-04-02 12:00:00+00:00,9476.025822228785
2024-04-02 14:00:00+00:00,9536.630467329076
2024-04-02 16:00:00+00:00,9489.641922478553
2024-04-02 18:00:00+00:00,9455.299290255054
2024-04-02 20:00:00+00:00,9515.903935355349
2024-04-02 22:00:00+00:00,9567.417883690598
2024-04-03 00:00:00+00:00,9513.240792708264
2024-04-03 02:00:00+00:00,9448.595837934618
2024-04-03 04:00:00+00:00,9446.57568309794
2024-04-03 06:00:00+00:00,9426.374134731177
2024-04-03 08:00:00+00:00,9274.719406131195
2024-04-03 10:00:00+00:00,9404.009315678486
2024-04-03 12:00:00+00:00,9493.906205910587
2024-04-03 14:00:00+00:00,9483.805431727205
2024-04-03 16:00:00+00:00,9495.018623403275
2024-04-03 18:00:00+00:00,9589.96590072707
2024-04-03 20:00:00+00:00,9578.855049125348
2024-04-03 22:00:00+00:00,9602.086829747128
2024-04-04 00:00:00+00:00,9563.403793849287
2024-04-04 02:00:00+00:00,9704.814632416637
2024-04-04 04:00:00+00:00,9662.391380846431
2024-04-04 06:00:00+00:00,9477.547213290538
2024-04-04 08:00:00+00:00,9494.959216568583
2024-04-04 10:00:00+00:00,9472.737513365144
2024-04-04 12:00:00+00:00,9342.437526399513
2024-04-04 14:00:00+00:00,9360.6189199296
2024-04-04 16:00:00+00:00,9180.917432663296
2024-04-04 18:00:00+00:00,9374.852296984234
2024-04-04 20:00:00+00:00,9477.880193654733
2024-04-04 22:00:00+00:00,9440.50732917622
2024-04-05 00:00:00+00:00,9601.836086371266
2024-04-05 02:00:00+00:00,9590.725234769545
2024-04-05 04:00:00+00:00,9724.05545399019
2024-04-05 06:00:00+00:00,9769.50893781541
2024-04-05 08:00:00+00:00,9806.565244031015
2024-04-05 10:00:00+00:00,9890.401669753088
2024-04-05 12:00:00+00:00,9738.890057002354
2024-04-05 14:00:00+00:00,9624.751308730138
2024-04-05 16:00:00+00:00,9681.013732016734
2024-04-05 18:00:00+00:00,9672.933112670027
2024-04-05 20:00:00+00:00,9647.681177211573
2024-04-05 22:00:00+00:00,9686.064119108425
2024-04-06 00:00:00+00:00,9682.725813240817
2024-04-06 02:00:00+00:00,9573.63745206029
2024-04-06 04:00:00+00:00,9481.720406991511
2024-04-06 06:00:00+00:00,9505.96226503163
2024-04-06 08:00:00+00:00,9518.8685221032
2024-04-06 10:00:00+00:00,9530.98945112326
2024-04-06 12:00:00+00:00,9572.402625275125
2024-04-06 14:00:00+00:00,9524.928986613228
2024-04-06 16:00:00+00:00,9463.49734659623
2024-04-06 18:00:00+00:00,9528.142301369877
2024-04-06 20:00:00+00:00,9517.031449768157
2024-04-06 22:00:00+00:00,9491.7795143097
2024-04-07 00:00:00+00:00,9438.265055204214
2024-04-07 02:00:00+00:00,9443.315442295905
2024-04-07 04:00:00+00:00,9455.436371315964
2024-04-07 06:00:00+00:00,9473.61776484605
2024-04-07 08:00:00+00:00,9492.992117422014
2024-04-07 10:00:00+00:00,9409.155691699943
2024-04-07 12:00:00+00:00,9359.66189820137
2024-04-07 14:00:00+00:00,9416.22623362831
2024-04-07 16:00:00+00:00,9379.945913581398
2024-04-07 18:00:00+00:00,9384.996300673089
2024-04-07 20:00:00+00:00,9311.260649134398
2024-04-07 22:00:00+00:00,9303.180029787694
2024-04-08 00:00:00+00:00,9341.201607104515
2024-04-08 02:00:00+00:00,9446.24965861169
2024-04-08 04:00:00+00:00,9395.74578769478
2024-04-08 06:00:00+00:00,9295.748123279296
2024-04-08 08:00:00+00:00,9155.880885729703
2024-04-08 10:00:00+00:00,9123.55840834288
2024-04-08 12:00:00+00:00,9205.374679228276
2024-04-08 14:00:00+00:00,9209.41498890163
2024-04-08 16:00:00+00:00,9178.765498217654
2024-04-08 18:00:00+00:00,9154.523640177536
2024-04-08 20:00:00+00:00,9201.997278839433
2024-04-08 22:00:00+00:00,9227.249214297888
2024-04-09 00:00:00+00:00,9266.84108577669
2024-04-09 02:00:00+00:00,9332.496117968676
2024-04-09 04:00:00+00:00,9299.163563163513
2024-04-09 06:00:00+00:00,9285.335603306463
2024-04-09 08:00:00+00:00,9285.335603306463
2024-04-09 10:00:00+00:00,9285.335603306463
2024-04-09 12:00:00+00:00,9285.335603306463
2024-04-09 14:00:00+00:00,9285.335603306463
2024-04-09 16:00:00+00:00,9285.335603306463
2024-04-09 18:00:00+00:00,9285.335603306463
2024-04-09 20:00:00+00:00,9285.335603306463
2024-04-09 22:00:00+00:00,9285.335603306463
2024-04-10 00:00:00+00:00,9285.335603306463
2024-04-10 02:00:00+00:00,9285.335603306463
2024-04-10 04:00:00+00:00,9285.335603306463
2024-04-10 06:00:00+00:00,9285.335603306463
2024-04-10 08:00:00+00:00,9285.335603306463
2024-04-10 10:00:00+00:00,9285.335603306463
2024-04-10 12:00:00+00:00,9285.335603306463
2024-04-10 14:00:00+00:00,9285.335603306463
2024-04-10 16:00:00+00:00,9285.335603306463
2024-04-10 18:00:00+00:00,9285.335603306463
2024-04-10 20:00:00+00:00,9285.335603306463
2024-04-10 22:00:00+00:00,9285.335603306463
2024-04-11 00:00:00+00:00,9285.335603306463
2024-04-11 02:00:00+00:00,9285.335603306463
2024-04-11 04:00:00+00:00,9285.335603306463
2024-04-11 06:00:00+00:00,9285.335603306463
2024-04-11 08:00:00+00:00,9285.335603306463
2024-04-11 10:00:00+00:00,9285.335603306463
2024-04-11 12:00:00+00:00,9285.335603306463
2024-04-11 14:00:00+00:00,9285.335603306463
2024-04-11 16:00:00+00:00,9285.335603306463
2024-04-11 18:00:00+00:00,9285.335603306463
2024-04-11 20:00:00+00:00,9285.335603306463
2024-04-11 22:00:00+00:00,9285.335603306463
2024-04-12 00:00:00+00:00,9285.335603306463
2024-04-12 02:00:00+00:00,9285.335603306463
2024-04-12 04:00:00+00:00,9285.335603306463
2024-04-12 06:00:00+00:00,9285.335603306463
2024-04-12 08:00:00+00:00,9285.335603306463
2024-04-12 10:00:00+00:00,9285.335603306463
2024-04-12 12:00:00+00:00,9285.335603306463
2024-04-12 14:00:00+00:00,9285.335603306463
2024-04-12 16:00:00+00:00,9285.335603306463
2024-04-12 18:00:00+00:00,9285.335603306463
2024-04-12 20:00:00+00:00,9285.335603306463
2024-04-12 22:00:00+00:00,9285.335603306463
2024-04-13 00:00:00+00:00,9285.335603306463
2024-04-13 02:00:00+00:00,9285.335603306463
2024-04-13 04:00:00+00:00,9285.335603306463
2024-04-13 06:00:00+00:00,9285.335603306463
2024-04-13 08:00:00+00:00,9285.335603306463
2024-04-13 10:00:00+00:00,9285.335603306463
2024-04-13 12:00:00+00:00,9285.335603306463
2024-04-13 14:00:00+00:00,9285.335603306463
2024-04-13 16:00:00+00:00,9285.335603306463
2024-04-13 18:00:00+00:00,9285.335603306463
2024-04-13 20:00:00+00:00,9285.335603306463
2024-04-13 22:00:00+00:00,9285.335603306463
2024-04-14 00:00:00+00:00,9285.335603306463
2024-04-14 02:00:00+00:00,9285.335603306463
2024-04-14 04:00:00+00:00,9285.335603306463
2024-04-14 06:00:00+00:00,9285.335603306463
2024-04-14 08:00:00+00:00,9285.335603306463
2024-04-14 10:00:00+00:00,9285.335603306463
2024-04-14 12:00:00+00:00,9285.335603306463
2024-04-14 14:00:00+00:00,9285.335603306463
2024-04-14 16:00:00+00:00,9285.335603306463
2024-04-14 18:00:00+00:00,9285.335603306463
2024-04-14 20:00:00+00:00,9285.335603306463
2024-04-14 22:00:00+00:00,9285.335603306463
2024-04-15 00:00:00+00:00,9285.335603306463
2024-04-15 02:00:00+00:00,9285.335603306463
2024-04-15 04:00:00+00:00,9285.335603306463
2024-04-15 06:00:00+00:00,9285.335603306463
2024-04-15 08:00:00+00:00,9285.335603306463
2024-04-15 10:00:00+00:00,9285.335603306463
2024-04-15 12:00:00+00:00,9285.335603306463
2024-04-15 14:00:00+00:00,9285.335603306463
2024-04-15 16:00:00+00:00,9285.335603306463
2024-04-15 18:00:00+00:00,9285.335603306463
2024-04-15 20:00:00+00:00,9285.335603306463
2024-04-15 22:00:00+00:00,9285.335603306463
2024-04-16 00:00:00+00:00,9285.335603306463
2024-04-16 02:00:00+00:00,9285.335603306463
2024-04-16 04:00:00+00:00,9285.335603306463
2024-04-16 06:00:00+00:00,9285.335603306463
2024-04-16 08:00:00+00:00,9285.335603306463
2024-04-16 10:00:00+00:00,9285.335603306463
2024-04-16 12:00:00+00:00,9285.335603306463
2024-04-16 14:00:00+00:00,9285.335603306463
2024-04-16 16:00:00+00:00,9285.335603306463
2024-04-16 18:00:00+00:00,9285.335603306463
2024-04-16 20:00:00+00:00,9285.335603306463
2024-04-16 22:00:00+00:00,9285.335603306463
2024-04-17 00:00:00+00:00,9285.335603306463
2024-04-17 02:00:00+00:00,9285.335603306463
2024-04-17 04:00:00+00:00,9285.335603306463
2024-04-17 06:00:00+00:00,9285.335603306463
2024-04-17 08:00:00+00:00,9285.335603306463
2024-04-17 10:00:00+00:00,9285.335603306463
2024-04-17 12:00:00+00:00,9285.335603306463
2024-04-17 14:00:00+00:00,9285.335603306463
2024-04-17 16:00:00+00:00,9285.335603306463
2024-04-17 18:00:00+00:00,9285.335603306463
2024-04-17 20:00:00+00:00,9285.335603306463
2024-04-17 22:00:00+00:00,9285.335603306463
2024-04-18 00:00:00+00:00,9285.335603306463
2024-04-18 02:00:00+00:00,9285.335603306463
2024-04-18 04:00:00+00:00,9285.335603306463
2024-04-18 06:00:00+00:00,9285.335603306463
2024-04-18 08:00:00+00:00,9285.335603306463
2024-04-18 10:00:00+00:00,9285.335603306463
2024-04-18 12:00:00+00:00,9285.335603306463
2024-04-18 14:00:00+00:00,9285.335603306463
2024-04-18 16:00:00+00:00,9285.335603306463
2024-04-18 18:00:00+00:00,9285.335603306463
2024-04-18 20:00:00+00:00,9285.335603306463
2024-04-18 22:00:00+00:00,9285.335603306463
2024-04-19 00:00:00+00:00,9285.335603306463
2024-04-19 02:00:00+00:00,9285.335603306463
2024-04-19 04:00:00+00:00,9285.335603306463
2024-04-19 06:00:00+00:00,9285.335603306463
2024-04-19 08:00:00+00:00,9285.335603306463
2024-04-19 10:00:00+00:00,9285.335603306463
2024-04-19 12:00:00+00:00,9285.335603306463
2024-04-19 14:00:00+00:00,9285.335603306463
2024-04-19 16:00:00+00:00,9285.335603306463
2024-04-19 18:00:00+00:00,9285.335603306463
2024-04-19 20:00:00+00:00,9285.335603306463
2024-04-19 22:00:00+00:00,9285.335603306463
2024-04-20 00:00:00+00:00,9285.335603306463
2024-04-20 02:00:00+00:00,9285.335603306463
2024-04-20 04:00:00+00:00,9285.335603306463
2024-04-20 06:00:00+00:00,9285.335603306463
2024-04-20 08:00:00+00:00,9285.335603306463
2024-04-20 10:00:00+00:00,9285.335603306463
2024-04-20 12:00:00+00:00,9285.335603306463
2024-04-20 14:00:00+00:00,9285.335603306463
2024-04-20 16:00:00+00:00,9285.335603306463
2024-04-20 18:00:00+00:00,9285.335603306463
2024-04-20 20:00:00+00:00,9285.335603306463
2024-04-20 22:00:00+00:00,9285.335603306463
2024-04-21 00:00:00+00:00,9285.335603306463
2024-04-21 02:00:00+00:00,9285.335603306463
2024-04-21 04:00:00+00:00,9285.335603306463
2024-04-21 06:00:00+00:00,9285.335603306463
2024-04-21 08:00:00+00:00,9285.335603306463
2024-04-21 10:00:00+00:00,9285.335603306463
2024-04-21 12:00:00+00:00,9285.335603306463
2024-04-21 14:00:00+00:00,9285.335603306463
2024-04-21 16:00:00+00:00,9285.335603306463
2024-04-21 18:00:00+00:00,9285.335603306463
2024-04-21 20:00:00+00:00,9285.335603306463
2024-04-21 22:00:00+00:00,9285.335603306463
2024-04-22 00:00:00+00:00,9285.335603306463
2024-04-22 02:00:00+00:00,9285.335603306463
2024-04-22 04:00:00+00:00,9285.335603306463
2024-04-22 06:00:00+00:00,9285.335603306463
2024-04-22 08:00:00+00:00,9285.335603306463
2024-04-22 10:00:00+00:00,9285.335603306463
2024-04-22 12:00:00+00:00,9285.335603306463
2024-04-22 14:00:00+00:00,9285.335603306463
2024-04-22 16:00:00+00:00,9285.335603306463
2024-04-22 18:00:00+00:00,9285.335603306463
2024-04-22 20:00:00+00:00,9285.335603306463
2024-04-22 22:00:00+00:00,9285.335603306463
2024-04-23 00:00:00+00:00,9285.335603306463
2024-04-23 02:00:00+00:00,9285.335603306463
2024-04-23 04:00:00+00:00,9285.335603306463
2024-04-23 06:00:00+00:00,9285.335603306463
2024-04-23 08:00:00+00:00,9285.335603306463
2024-04-23 10:00:00+00:00,9285.335603306463
2024-04-23 12:00:00+00:00,9285.335603306463
2024-04-23 14:00:00+00:00,9285.335603306463
2024-04-23 16:00:00+00:00,9285.335603306463
2024-04-23 18:00:00+00:00,9285.335603306463
2024-04-23 20:00:00+00:00,9285.335603306463
2024-04-23 22:00:00+00:00,9285.335603306463
2024-04-24 00:00:00+00:00,9285.335603306463
2024-04-24 02:00:00+00:00,9285.335603306463
2024-04-24 04:00:00+00:00,9285.335603306463
2024-04-24 06:00:00+00:00,9285.335603306463
2024-04-24 08:00:00+00:00,9285.335603306463
2024-04-24 10:00:00+00:00,9285.335603306463
2024-04-24 12:00:00+00:00,9285.335603306463
2024-04-24 14:00:00+00:00,9285.335603306463
2024-04-24 16:00:00+00:00,9285.335603306463
2024-04-24 18:00:00+00:00,9285.335603306463
2024-04-24 20:00:00+00:00,9285.335603306463
2024-04-24 22:00:00+00:00,9285.335603306463
2024-04-25 00:00:00+00:00,9285.335603306463
2024-04-25 02:00:00+00:00,9285.335603306463
2024-04-25 04:00:00+00:00,9285.335603306463
2024-04-25 06:00:00+00:00,9285.335603306463
2024-04-25 08:00:00+00:00,9285.335603306463
2024-04-25 10:00:00+00:00,9285.335603306463
2024-04-25 12:00:00+00:00,9285.335603306463
2024-04-25 14:00:00+00:00,9285.335603306463
2024-04-25 16:00:00+00:00,9285.335603306463
2024-04-25 18:00:00+00:00,9285.335603306463
2024-04-25 20:00:00+00:00,9285.335603306463
2024-04-25 22:00:00+00:00,9285.335603306463
2024-04-26 00:00:00+00:00,9285.335603306463
2024-04-26 02:00:00+00:00,9285.335603306463
2024-04-26 04:00:00+00:00,9285.335603306463
2024-04-26 06:00:00+00:00,9285.335603306463
2024-04-26 08:00:00+00:00,9285.335603306463
2024-04-26 10:00:00+00:00,9285.335603306463
2024-04-26 12:00:00+00:00,9285.335603306463
2024-04-26 14:00:00+00:00,9285.335603306463
2024-04-26 16:00:00+00:00,9285.335603306463
2024-04-26 18:00:00+00:00,9312.028985838704
2024-04-26 20:00:00+00:00,9299.532083904134
2024-04-26 22:00:00+00:00,9441.684343409863
2024-04-27 00:00:00+00:00,9922.313058795324
2024-04-27 02:00:00+00:00,9778.598686547773
2024-04-27 04:00:00+00:00,9839.5210834788
2024-04-27 06:00:00+00:00,9822.337843318768
2024-04-27 08:00:00+00:00,9832.47199902515
2024-04-27 10:00:00+00:00,9826.223548057866
2024-04-27 12:00:00+00:00,9615.338327912006
2024-04-27 14:00:00+00:00,9651.266920973892
2024-04-27 16:00:00+00:00,9355.716836656911
2024-04-27 18:00:00+00:00,9491.620645195355
2024-04-27 20:00:00+00:00,9558.791493093666
2024-04-27 22:00:00+00:00,9419.76345907158
2024-04-28 00:00:00+00:00,9063.837763474883
2024-04-28 02:00:00+00:00,9001.353253802035
2024-04-28 04:00:00+00:00,9009.16381751114
2024-04-28 06:00:00+00:00,8887.319023649086
2024-04-28 08:00:00+00:00,8970.31476976197
2024-04-28 10:00:00+00:00,9231.187597646107
2024-04-28 12:00:00+00:00,9104.656465558592
2024-04-28 14:00:00+00:00,9153.081960555048
2024-04-28 16:00:00+00:00,9149.446104283095
2024-04-28 18:00:00+00:00,9157.256667992202
2024-04-28 20:00:00+00:00,9138.511315090345
2024-04-28 22:00:00+00:00,9293.160476530644
2024-04-29 00:00:00+00:00,9035.306200952235
2024-04-29 02:00:00+00:00,9325.859170930977
2024-04-29 04:00:00+00:00,8781.325139553166
2024-04-29 06:00:00+00:00,8781.325139553166
2024-04-29 08:00:00+00:00,8781.325139553166
2024-04-29 10:00:00+00:00,8781.325139553166
2024-04-29 12:00:00+00:00,8781.325139553166
2024-04-29 14:00:00+00:00,8781.325139553166
2024-04-29 16:00:00+00:00,8781.325139553166
2024-04-29 18:00:00+00:00,8781.325139553166
2024-04-29 20:00:00+00:00,8781.325139553166
2024-04-29 22:00:00+00:00,8781.325139553166
2024-04-30 00:00:00+00:00,8781.325139553166
2024-04-30 02:00:00+00:00,8781.325139553166
2024-04-30 04:00:00+00:00,8781.325139553166
2024-04-30 06:00:00+00:00,8781.325139553166
2024-04-30 08:00:00+00:00,8781.325139553166
2024-04-30 10:00:00+00:00,8781.325139553166
2024-04-30 12:00:00+00:00,8781.325139553166
2024-04-30 14:00:00+00:00,8781.325139553166
2024-04-30 16:00:00+00:00,8781.325139553166
2024-04-30 18:00:00+00:00,8781.325139553166
2024-04-30 20:00:00+00:00,8781.325139553166
2024-04-30 22:00:00+00:00,8781.325139553166
2024-05-01 00:00:00+00:00,8781.325139553166
2024-05-01 02:00:00+00:00,8781.325139553166
2024-05-01 04:00:00+00:00,8781.325139553166
2024-05-01 06:00:00+00:00,8781.325139553166
2024-05-01 08:00:00+00:00,8781.325139553166
2024-05-01 10:00:00+00:00,8781.325139553166
2024-05-01 12:00:00+00:00,8781.325139553166
2024-05-01 14:00:00+00:00,8781.325139553166
2024-05-01 16:00:00+00:00,8781.325139553166
2024-05-01 18:00:00+00:00,8781.325139553166
2024-05-01 20:00:00+00:00,8781.325139553166
2024-05-01 22:00:00+00:00,8781.325139553166
2024-05-02 00:00:00+00:00,8781.325139553166
2024-05-02 02:00:00+00:00,8781.325139553166
2024-05-02 04:00:00+00:00,8781.325139553166
2024-05-02 06:00:00+00:00,8781.325139553166
2024-05-02 08:00:00+00:00,8781.325139553166
2024-05-02 10:00:00+00:00,8781.325139553166
2024-05-02 12:00:00+00:00,8781.325139553166
2024-05-02 14:00:00+00:00,8781.325139553166
2024-05-02 16:00:00+00:00,8781.325139553166
2024-05-02 18:00:00+00:00,8781.325139553166
2024-05-02 20:00:00+00:00,8781.325139553166
2024-05-02 22:00:00+00:00,8781.325139553166
2024-05-03 00:00:00+00:00,8781.325139553166
2024-05-03 02:00:00+00:00,8781.325139553166
2024-05-03 04:00:00+00:00,8781.325139553166
2024-05-03 06:00:00+00:00,8781.325139553166
2024-05-03 08:00:00+00:00,8781.325139553166
2024-05-03 10:00:00+00:00,8781.325139553166
2024-05-03 12:00:00+00:00,8781.325139553166
2024-05-03 14:00:00+00:00,8781.325139553166
2024-05-03 16:00:00+00:00,8781.325139553166
2024-05-03 18:00:00+00:00,8781.325139553166
2024-05-03 20:00:00+00:00,8781.325139553166
2024-05-03 22:00:00+00:00,8781.325139553166
2024-05-04 00:00:00+00:00,8781.325139553166
2024-05-04 02:00:00+00:00,8781.325139553166
2024-05-04 04:00:00+00:00,8781.325139553166
2024-05-04 06:00:00+00:00,8781.325139553166
2024-05-04 08:00:00+00:00,8781.325139553166
2024-05-04 10:00:00+00:00,8781.325139553166
2024-05-04 12:00:00+00:00,8781.325139553166
2024-05-04 14:00:00+00:00,8781.325139553166
2024-05-04 16:00:00+00:00,8781.325139553166
2024-05-04 18:00:00+00:00,8781.325139553166
2024-05-04 20:00:00+00:00,8781.325139553166
2024-05-04 22:00:00+00:00,8781.325139553166
2024-05-05 00:00:00+00:00,8781.325139553166
2024-05-05 02:00:00+00:00,8781.325139553166
2024-05-05 04:00:00+00:00,8781.325139553166
2024-05-05 06:00:00+00:00,8781.325139553166
2024-05-05 08:00:00+00:00,8781.325139553166
2024-05-05 10:00:00+00:00,8781.325139553166
2024-05-05 12:00:00+00:00,8781.325139553166
2024-05-05 14:00:00+00:00,8781.325139553166
2024-05-05 16:00:00+00:00,8781.325139553166
2024-05-05 18:00:00+00:00,8781.325139553166
2024-05-05 20:00:00+00:00,8781.325139553166
2024-05-05 22:00:00+00:00,8781.325139553166
2024-05-06 00:00:00+00:00,8781.325139553166
2024-05-06 02:00:00+00:00,8781.325139553166
2024-05-06 04:00:00+00:00,8781.325139553166
2024-05-06 06:00:00+00:00,8781.325139553166
2024-05-06 08:00:00+00:00,8781.325139553166
2024-05-06 10:00:00+00:00,8781.325139553166
2024-05-06 12:00:00+00:00,8781.325139553166
2024-05-06 14:00:00+00:00,8781.325139553166
2024-05-06 16:00:00+00:00,8781.325139553166
2024-05-06 18:00:00+00:00,8781.325139553166
2024-05-06 20:00:00+00:00,8781.325139553166
2024-05-06 22:00:00+00:00,8781.325139553166
2024-05-07 00:00:00+00:00,8781.325139553166
2024-05-07 02:00:00+00:00,8781.325139553166
2024-05-07 04:00:00+00:00,8781.325139553166
2024-05-07 06:00:00+00:00,8781.325139553166
2024-05-07 08:00:00+00:00,8781.325139553166
2024-05-07 10:00:00+00:00,8781.325139553166
2024-05-07 12:00:00+00:00,8781.325139553166
2024-05-07 14:00:00+00:00,8781.325139553166
2024-05-07 16:00:00+00:00,8781.325139553166
2024-05-07 18:00:00+00:00,8781.325139553166
2024-05-07 20:00:00+00:00,8781.325139553166
2024-05-07 22:00:00+00:00,8781.325139553166
2024-05-08 00:00:00+00:00,8781.325139553166
2024-05-08 02:00:00+00:00,8781.325139553166
2024-05-08 04:00:00+00:00,8781.325139553166
2024-05-08 06:00:00+00:00,8781.325139553166
2024-05-08 08:00:00+00:00,8781.325139553166
2024-05-08 10:00:00+00:00,8781.325139553166
2024-05-08 12:00:00+00:00,8781.325139553166
2024-05-08 14:00:00+00:00,8781.325139553166
2024-05-08 16:00:00+00:00,8781.325139553166
2024-05-08 18:00:00+00:00,8781.325139553166
2024-05-08 20:00:00+00:00,8781.325139553166
2024-05-08 22:00:00+00:00,8781.325139553166
2024-05-09 00:00:00+00:00,8781.325139553166
2024-05-09 02:00:00+00:00,8781.325139553166
2024-05-09 04:00:00+00:00,8781.325139553166
2024-05-09 06:00:00+00:00,8781.325139553166
2024-05-09 08:00:00+00:00,8781.325139553166
2024-05-09 10:00:00+00:00,8781.325139553166
2024-05-09 12:00:00+00:00,8781.325139553166
2024-05-09 14:00:00+00:00,8781.325139553166
2024-05-09 16:00:00+00:00,8781.325139553166
2024-05-09 18:00:00+00:00,8781.325139553166
2024-05-09 20:00:00+00:00,8781.325139553166
2024-05-09 22:00:00+00:00,8781.325139553166
2024-05-10 00:00:00+00:00,8781.325139553166
2024-05-10 02:00:00+00:00,8781.325139553166
2024-05-10 04:00:00+00:00,8781.325139553166
2024-05-10 06:00:00+00:00,8781.325139553166
2024-05-10 08:00:00+00:00,8781.325139553166
2024-05-10 10:00:00+00:00,8781.325139553166
2024-05-10 12:00:00+00:00,8781.325139553166
2024-05-10 14:00:00+00:00,8781.325139553166
2024-05-10 16:00:00+00:00,8781.325139553166
2024-05-10 18:00:00+00:00,8781.325139553166
2024-05-10 20:00:00+00:00,8781.325139553166
2024-05-10 22:00:00+00:00,8781.325139553166
2024-05-11 00:00:00+00:00,8781.325139553166
2024-05-11 02:00:00+00:00,8781.325139553166
2024-05-11 04:00:00+00:00,8781.325139553166
2024-05-11 06:00:00+00:00,8781.325139553166
2024-05-11 08:00:00+00:00,8781.325139553166
2024-05-11 10:00:00+00:00,8781.325139553166
2024-05-11 12:00:00+00:00,8781.325139553166
2024-05-11 14:00:00+00:00,8781.325139553166
2024-05-11 16:00:00+00:00,8781.325139553166
2024-05-11 18:00:00+00:00,8781.325139553166
2024-05-11 20:00:00+00:00,8781.325139553166
2024-05-11 22:00:00+00:00,8781.325139553166
2024-05-12 00:00:00+00:00,8781.325139553166
2024-05-12 02:00:00+00:00,8781.325139553166
2024-05-12 04:00:00+00:00,8781.325139553166
2024-05-12 06:00:00+00:00,8781.325139553166
2024-05-12 08:00:00+00:00,8781.325139553166
2024-05-12 10:00:00+00:00,8781.325139553166
2024-05-12 12:00:00+00:00,8781.325139553166
2024-05-12 14:00:00+00:00,8781.325139553166
2024-05-12 16:00:00+00:00,8781.325139553166
2024-05-12 18:00:00+00:00,8781.325139553166
2024-05-12 20:00:00+00:00,8781.325139553166
2024-05-12 22:00:00+00:00,8781.325139553166
2024-05-13 00:00:00+00:00,8781.325139553166
2024-05-13 02:00:00+00:00,8781.325139553166
2024-05-13 04:00:00+00:00,8781.325139553166
2024-05-13 06:00:00+00:00,8781.325139553166
2024-05-13 08:00:00+00:00,8781.325139553166
2024-05-13 10:00:00+00:00,8781.325139553166
2024-05-13 12:00:00+00:00,8781.325139553166
2024-05-13 14:00:00+00:00,8781.325139553166
2024-05-13 16:00:00+00:00,8781.325139553166
2024-05-13 18:00:00+00:00,8781.325139553166
2024-05-13 20:00:00+00:00,8781.325139553166
2024-05-13 22:00:00+00:00,8781.325139553166
2024-05-14 00:00:00+00:00,8781.325139553166
2024-05-14 02:00:00+00:00,8781.325139553166
2024-05-14 04:00:00+00:00,8781.325139553166
2024-05-14 06:00:00+00:00,8781.325139553166
2024-05-14 08:00:00+00:00,8781.325139553166
2024-05-14 10:00:00+00:00,8781.325139553166
2024-05-14 12:00:00+00:00,8781.325139553166
2024-05-14 14:00:00+00:00,8781.325139553166
2024-05-14 16:00:00+00:00,8781.325139553166
2024-05-14 18:00:00+00:00,8781.325139553166
2024-05-14 20:00:00+00:00,8781.325139553166
2024-05-14 22:00:00+00:00,8781.325139553166
2024-05-15 00:00:00+00:00,8781.325139553166
2024-05-15 02:00:00+00:00,8781.325139553166
2024-05-15 04:00:00+00:00,8781.325139553166
2024-05-15 06:00:00+00:00,8781.325139553166
2024-05-15 08:00:00+00:00,8781.325139553166
2024-05-15 10:00:00+00:00,8781.325139553166
2024-05-15 12:00:00+00:00,8781.325139553166
2024-05-15 14:00:00+00:00,8781.325139553166
2024-05-15 16:00:00+00:00,8781.325139553166
2024-05-15 18:00:00+00:00,8781.325139553166
2024-05-15 20:00:00+00:00,8781.325139553166
2024-05-15 22:00:00+00:00,8781.325139553166
2024-05-16 00:00:00+00:00,8781.325139553166
2024-05-16 02:00:00+00:00,8781.325139553166
2024-05-16 04:00:00+00:00,8781.325139553166
2024-05-16 06:00:00+00:00,8781.325139553166
2024-05-16 08:00:00+00:00,8781.325139553166
2024-05-16 10:00:00+00:00,8781.325139553166
2024-05-16 12:00:00+00:00,8781.325139553166
2024-05-16 14:00:00+00:00,8781.325139553166
2024-05-16 16:00:00+00:00,8781.325139553166
2024-05-16 18:00:00+00:00,8781.325139553166
2024-05-16 20:00:00+00:00,8781.325139553166
2024-05-16 22:00:00+00:00,8781.325139553166
2024-05-17 00:00:00+00:00,8781.325139553166
2024-05-17 02:00:00+00:00,8781.325139553166
2024-05-17 04:00:00+00:00,8781.325139553166
2024-05-17 06:00:00+00:00,8781.325139553166
2024-05-17 08:00:00+00:00,8781.325139553166
2024-05-17 10:00:00+00:00,8781.325139553166
2024-05-17 12:00:00+00:00,8781.325139553166
2024-05-17 14:00:00+00:00,8781.325139553166
2024-05-17 16:00:00+00:00,8781.325139553166
2024-05-17 18:00:00+00:00,8781.325139553166
2024-05-17 20:00:00+00:00,8781.325139553166
2024-05-17 22:00:00+00:00,8781.325139553166
2024-05-18 00:00:00+00:00,8781.325139553166
2024-05-18 02:00:00+00:00,8781.325139553166
2024-05-18 04:00:00+00:00,8781.325139553166
2024-05-18 06:00:00+00:00,8781.325139553166
2024-05-18 08:00:00+00:00,8781.325139553166
2024-05-18 10:00:00+00:00,8781.325139553166
2024-05-18 12:00:00+00:00,8781.325139553166
2024-05-18 14:00:00+00:00,8781.325139553166
2024-05-18 16:00:00+00:00,8781.325139553166
2024-05-18 18:00:00+00:00,8781.325139553166
2024-05-18 20:00:00+00:00,8781.325139553166
2024-05-18 22:00:00+00:00,8781.325139553166
2024-05-19 00:00:00+00:00,8781.325139553166
2024-05-19 02:00:00+00:00,8781.325139553166
2024-05-19 04:00:00+00:00,8781.325139553166
2024-05-19 06:00:00+00:00,8781.325139553166
2024-05-19 08:00:00+00:00,8781.325139553166
2024-05-19 10:00:00+00:00,8781.325139553166
2024-05-19 12:00:00+00:00,8781.325139553166
2024-05-19 14:00:00+00:00,8781.325139553166
2024-05-19 16:00:00+00:00,8781.325139553166
2024-05-19 18:00:00+00:00,8781.325139553166
2024-05-19 20:00:00+00:00,8781.325139553166
2024-05-19 22:00:00+00:00,8781.325139553166
2024-05-20 00:00:00+00:00,8781.325139553166
2024-05-20 02:00:00+00:00,8781.325139553166
2024-05-20 04:00:00+00:00,8781.325139553166
2024-05-20 06:00:00+00:00,8781.325139553166
2024-05-20 08:00:00+00:00,8781.325139553166
2024-05-20 10:00:00+00:00,8686.57318429235
2024-05-20 12:00:00+00:00,8740.2456081461
2024-05-20 14:00:00+00:00,8656.382445874615
2024-05-20 16:00:00+00:00,8499.536665803904
2024-05-20 18:00:00+00:00,8499.536665803904
2024-05-20 20:00:00+00:00,8499.536665803904
2024-05-20 22:00:00+00:00,8499.536665803904
2024-05-21 00:00:00+00:00,8499.536665803904
2024-05-21 02:00:00+00:00,8499.536665803904
2024-05-21 04:00:00+00:00,8499.536665803904
2024-05-21 06:00:00+00:00,8499.536665803904
2024-05-21 08:00:00+00:00,8499.536665803904
2024-05-21 10:00:00+00:00,8499.536665803904
2024-05-21 12:00:00+00:00,8499.536665803904
2024-05-21 14:00:00+00:00,8499.536665803904
2024-05-21 16:00:00+00:00,8499.536665803904
2024-05-21 18:00:00+00:00,8499.536665803904
2024-05-21 20:00:00+00:00,8499.536665803904
2024-05-21 22:00:00+00:00,8499.536665803904
2024-05-22 00:00:00+00:00,8499.536665803904
2024-05-22 02:00:00+00:00,8499.536665803904
2024-05-22 04:00:00+00:00,8499.536665803904
2024-05-22 06:00:00+00:00,8499.536665803904
2024-05-22 08:00:00+00:00,8499.536665803904
2024-05-22 10:00:00+00:00,8499.536665803904
2024-05-22 12:00:00+00:00,8499.536665803904
2024-05-22 14:00:00+00:00,8499.536665803904
2024-05-22 16:00:00+00:00,8499.536665803904
2024-05-22 18:00:00+00:00,8499.536665803904
2024-05-22 20:00:00+00:00,8499.536665803904
2024-05-22 22:00:00+00:00,8499.536665803904
2024-05-23 00:00:00+00:00,8499.536665803904
2024-05-23 02:00:00+00:00,8499.536665803904
2024-05-23 04:00:00+00:00,8499.536665803904
2024-05-23 06:00:00+00:00,8499.536665803904
2024-05-23 08:00:00+00:00,8499.536665803904
2024-05-23 10:00:00+00:00,8499.536665803904
2024-05-23 12:00:00+00:00,8499.536665803904
2024-05-23 14:00:00+00:00,8499.536665803904
2024-05-23 16:00:00+00:00,8499.536665803904
2024-05-23 18:00:00+00:00,8499.536665803904
2024-05-23 20:00:00+00:00,8499.536665803904
2024-05-23 22:00:00+00:00,8499.536665803904
2024-05-24 00:00:00+00:00,8499.536665803904
2024-05-24 02:00:00+00:00,8499.536665803904
2024-05-24 04:00:00+00:00,8499.536665803904
2024-05-24 06:00:00+00:00,8499.536665803904
2024-05-24 08:00:00+00:00,8499.536665803904
2024-05-24 10:00:00+00:00,8499.536665803904
2024-05-24 12:00:00+00:00,8546.097484260625
2024-05-24 14:00:00+00:00,8378.74496303023
2024-05-24 16:00:00+00:00,8432.891475519084
2024-05-24 18:00:00+00:00,8399.420971273004
2024-05-24 20:00:00+00:00,8360.929891390015
2024-05-24 22:00:00+00:00,8357.582840965406
2024-05-25 00:00:00+00:00,8224.564865048205
2024-05-25 02:00:00+00:00,8249.667743232763
2024-05-25 04:00:00+00:00,8246.320692808156
2024-05-25 06:00:00+00:00,8172.685583466784
2024-05-25 08:00:00+00:00,8113.454097287557
2024-05-25 10:00:00+00:00,8113.454097287557
2024-05-25 12:00:00+00:00,8113.454097287557
2024-05-25 14:00:00+00:00,8113.454097287557
2024-05-25 16:00:00+00:00,8113.454097287557
2024-05-25 18:00:00+00:00,8113.454097287557
2024-05-25 20:00:00+00:00,8113.454097287557
2024-05-25 22:00:00+00:00,8113.454097287557
2024-05-26 00:00:00+00:00,8113.454097287557
2024-05-26 02:00:00+00:00,8113.454097287557
2024-05-26 04:00:00+00:00,8113.454097287557
2024-05-26 06:00:00+00:00,8113.454097287557
2024-05-26 08:00:00+00:00,8113.454097287557
2024-05-26 10:00:00+00:00,8113.454097287557
2024-05-26 12:00:00+00:00,8113.454097287557
2024-05-26 14:00:00+00:00,8113.454097287557
2024-05-26 16:00:00+00:00,8113.454097287557
2024-05-26 18:00:00+00:00,8113.454097287557
2024-05-26 20:00:00+00:00,8113.454097287557
2024-05-26 22:00:00+00:00,8113.454097287557
2024-05-27 00:00:00+00:00,8113.454097287557
2024-05-27 02:00:00+00:00,8113.454097287557
2024-05-27 04:00:00+00:00,8113.454097287557
2024-05-27 06:00:00+00:00,8113.454097287557
2024-05-27 08:00:00+00:00,8113.454097287557
2024-05-27 10:00:00+00:00,8113.454097287557
2024-05-27 12:00:00+00:00,8113.454097287557
2024-05-27 14:00:00+00:00,8113.454097287557
2024-05-27 16:00:00+00:00,8113.454097287557
2024-05-27 18:00:00+00:00,8113.454097287557
2024-05-27 20:00:00+00:00,8113.454097287557
2024-05-27 22:00:00+00:00,8113.454097287557
2024-05-28 00:00:00+00:00,8113.454097287557
2024-05-28 02:00:00+00:00,8113.454097287557
2024-05-28 04:00:00+00:00,8113.454097287557
2024-05-28 06:00:00+00:00,8113.454097287557
2024-05-28 08:00:00+00:00,8113.454097287557
2024-05-28 10:00:00+00:00,8113.454097287557
2024-05-28 12:00:00+00:00,8113.454097287557
2024-05-28 14:00:00+00:00,8113.454097287557
2024-05-28 16:00:00+00:00,8113.454097287557
2024-05-28 18:00:00+00:00,8113.454097287557
2024-05-28 20:00:00+00:00,8113.454097287557
2024-05-28 22:00:00+00:00,8113.454097287557
2024-05-29 00:00:00+00:00,8113.454097287557
2024-05-29 02:00:00+00:00,8113.454097287557
2024-05-29 04:00:00+00:00,8113.454097287557
2024-05-29 06:00:00+00:00,8113.454097287557
2024-05-29 08:00:00+00:00,8113.454097287557
2024-05-29 10:00:00+00:00,8113.454097287557
2024-05-29 12:00:00+00:00,8113.454097287557
2024-05-29 14:00:00+00:00,8113.454097287557
2024-05-29 16:00:00+00:00,8113.454097287557
2024-05-29 18:00:00+00:00,8113.454097287557
2024-05-29 20:00:00+00:00,8049.800304570387
2024-05-29 22:00:00+00:00,8076.657111782535
2024-05-30 00:00:00+00:00,8061.673857020097
2024-05-30 02:00:00+00:00,7979.523623194702
2024-05-30 04:00:00+00:00,8031.6574254300485
2024-05-30 06:00:00+00:00,8260.730192827785
2024-05-30 08:00:00+00:00,8168.318130947847
2024-05-30 10:00:00+00:00,8094.0669580672
2024-05-30 12:00:00+00:00,7989.799353596507
2024-05-30 14:00:00+00:00,8100.386206823001
2024-05-30 16:00:00+00:00,7949.537050055023
2024-05-30 18:00:00+00:00,8038.006532636219
2024-05-30 20:00:00+00:00,8148.593385862713
2024-05-30 22:00:00+00:00,8159.652071185361
2024-05-31 00:00:00+00:00,8212.592683505605
2024-05-31 02:00:00+00:00,8146.240571569708
2024-05-31 04:00:00+00:00,8206.273434749804
2024-05-31 06:00:00+00:00,8171.517566592906
2024-05-31 08:00:00+00:00,8208.659109136337
2024-05-31 10:00:00+00:00,8107.551129043544
2024-05-31 12:00:00+00:00,8137.567560633593
2024-05-31 14:00:00+00:00,8235.515916348486
2024-05-31 16:00:00+00:00,8212.618276463065
2024-05-31 18:00:00+00:00,8198.399966762518
2024-05-31 20:00:00+00:00,8196.820154573565
2024-05-31 22:00:00+00:00,8223.676961785714
2024-06-01 00:00:00+00:00,8207.099992487063
2024-06-01 02:00:00+00:00,8235.536611888161
2024-06-01 04:00:00+00:00,8268.712667856109
2024-06-01 06:00:00+00:00,8316.107033524608
2024-06-01 08:00:00+00:00,8269.504311743991
2024-06-01 10:00:00+00:00,8326.377550546189
2024-06-01 12:00:00+00:00,8315.318865223539
2024-06-01 14:00:00+00:00,8348.494921191486
2024-06-01 16:00:00+00:00,8415.635517390889
2024-06-01 18:00:00+00:00,8396.67777112349
2024-06-01 20:00:00+00:00,8436.173075847237
2024-06-01 22:00:00+00:00,8444.072136791987
2024-06-02 00:00:00+00:00,8436.951923256389
2024-06-02 02:00:00+00:00,8452.750045145887
2024-06-02 04:00:00+00:00,8459.069293901688
2024-06-02 06:00:00+00:00,8457.489481712737
2024-06-02 08:00:00+00:00,8480.384593898656
2024-06-02 10:00:00+00:00,8369.797740672162
2024-06-02 12:00:00+00:00,8379.276613805861
2024-06-02 14:00:00+00:00,8298.706192169417
2024-06-02 16:00:00+00:00,8484.337915920285
2024-06-02 18:00:00+00:00,8531.732281588782
2024-06-02 20:00:00+00:00,8648.638383571075
2024-06-02 22:00:00+00:00,8662.856693271624
2024-06-03 00:00:00+00:00,8500.893399773166
2024-06-03 02:00:00+00:00,8511.952085095814
2024-06-03 04:00:00+00:00,8519.851146040564
2024-06-03 06:00:00+00:00,8414.003729380922
2024-06-03 08:00:00+00:00,8025.332105681693
2024-06-03 10:00:00+00:00,8025.332105681693
2024-06-03 12:00:00+00:00,8025.332105681693
2024-06-03 14:00:00+00:00,8025.332105681693
2024-06-03 16:00:00+00:00,8025.332105681693
2024-06-03 18:00:00+00:00,8025.332105681693
2024-06-03 20:00:00+00:00,8025.332105681693
2024-06-03 22:00:00+00:00,8025.332105681693
2024-06-04 00:00:00+00:00,8025.332105681693
2024-06-04 02:00:00+00:00,8025.332105681693
2024-06-04 04:00:00+00:00,8025.332105681693
2024-06-04 06:00:00+00:00,8025.332105681693
2024-06-04 08:00:00+00:00,8025.332105681693
2024-06-04 10:00:00+00:00,8025.332105681693
2024-06-04 12:00:00+00:00,8025.332105681693
2024-06-04 14:00:00+00:00,8025.332105681693
2024-06-04 16:00:00+00:00,8025.332105681693
2024-06-04 18:00:00+00:00,8025.332105681693
2024-06-04 20:00:00+00:00,8025.332105681693
2024-06-04 22:00:00+00:00,8025.332105681693
2024-06-05 00:00:00+00:00,8025.332105681693
2024-06-05 02:00:00+00:00,8025.332105681693
2024-06-05 04:00:00+00:00,8025.332105681693
2024-06-05 06:00:00+00:00,8025.332105681693
2024-06-05 08:00:00+00:00,8025.332105681693
2024-06-05 10:00:00+00:00,8025.332105681693
2024-06-05 12:00:00+00:00,8025.332105681693
2024-06-05 14:00:00+00:00,8025.332105681693
2024-06-05 16:00:00+00:00,8025.332105681693
2024-06-05 18:00:00+00:00,8025.332105681693
2024-06-05 20:00:00+00:00,8025.332105681693
2024-06-05 22:00:00+00:00,8025.332105681693
2024-06-06 00:00:00+00:00,8025.332105681693
2024-06-06 02:00:00+00:00,8025.332105681693
2024-06-06 04:00:00+00:00,8025.332105681693
2024-06-06 06:00:00+00:00,8025.332105681693
2024-06-06 08:00:00+00:00,8025.332105681693
2024-06-06 10:00:00+00:00,8025.332105681693
2024-06-06 12:00:00+00:00,8025.332105681693
2024-06-06 14:00:00+00:00,8025.332105681693
2024-06-06 16:00:00+00:00,8025.332105681693
2024-06-06 18:00:00+00:00,8025.332105681693
2024-06-06 20:00:00+00:00,8025.332105681693
2024-06-06 22:00:00+00:00,8025.332105681693
2024-06-07 00:00:00+00:00,8025.332105681693
2024-06-07 02:00:00+00:00,8025.332105681693
2024-06-07 04:00:00+00:00,8025.332105681693
2024-06-07 06:00:00+00:00,8025.332105681693
2024-06-07 08:00:00+00:00,8025.332105681693
2024-06-07 10:00:00+00:00,8025.332105681693
2024-06-07 12:00:00+00:00,8025.332105681693
2024-06-07 14:00:00+00:00,8025.332105681693
2024-06-07 16:00:00+00:00,8025.332105681693
2024-06-07 18:00:00+00:00,8025.332105681693
2024-06-07 20:00:00+00:00,8025.332105681693
2024-06-07 22:00:00+00:00,8025.332105681693
2024-06-08 00:00:00+00:00,8025.332105681693
2024-06-08 02:00:00+00:00,8025.332105681693
2024-06-08 04:00:00+00:00,8025.332105681693
2024-06-08 06:00:00+00:00,8025.332105681693
2024-06-08 08:00:00+00:00,8025.332105681693
2024-06-08 10:00:00+00:00,8025.332105681693
2024-06-08 12:00:00+00:00,8025.332105681693
2024-06-08 14:00:00+00:00,7983.644770543154
2024-06-08 16:00:00+00:00,8016.457264099684
2024-06-08 18:00:00+00:00,8094.8710614811935
2024-06-08 20:00:00+00:00,8149.280635174486
2024-06-08 22:00:00+00:00,8160.482606228988
2024-06-09 00:00:00+00:00,8162.287321555555
2024-06-09 02:00:00+00:00,8242.301400516279
2024-06-09 04:00:00+00:00,8202.294361035916
2024-06-09 06:00:00+00:00,8192.69267156063
2024-06-09 08:00:00+00:00,8191.503875856841
2024-06-09 10:00:00+00:00,8169.099933747838
2024-06-09 12:00:00+00:00,8146.695991638835
2024-06-09 14:00:00+00:00,8209.106973228201
2024-06-09 16:00:00+00:00,8249.68902108476
2024-06-09 18:00:00+00:00,8187.278039495395
2024-06-09 20:00:00+00:00,8067.256921054308
2024-06-09 22:00:00+00:00,8019.248473677873
2024-06-10 00:00:00+00:00,8029.144952271088
2024-06-10 02:00:00+00:00,8200.375081247039
2024-06-10 04:00:00+00:00,8297.99225757912
2024-06-10 06:00:00+00:00,8435.616473391568
2024-06-10 08:00:00+00:00,8150.9299801546995
2024-06-10 10:00:00+00:00,8131.726601204125
2024-06-10 12:00:00+00:00,8224.542932798566
2024-06-10 14:00:00+00:00,8096.520406461406
2024-06-10 16:00:00+00:00,8151.725320099568
2024-06-10 18:00:00+00:00,8270.14615696144
2024-06-10 20:00:00+00:00,8327.756293813163
2024-06-10 22:00:00+00:00,8343.759109605307
2024-06-11 00:00:00+00:00,8523.109694224499
2024-06-11 02:00:00+00:00,8537.51222843743
2024-06-11 04:00:00+00:00,8505.50659685314
2024-06-11 06:00:00+00:00,8585.520675813863
2024-06-11 08:00:00+00:00,8474.748509837857
2024-06-11 10:00:00+00:00,8373.930770347342
2024-06-11 12:00:00+00:00,8621.974415125587
2024-06-11 14:00:00+00:00,8759.598630938035
2024-06-11 16:00:00+00:00,8718.246945019004
2024-06-11 18:00:00+00:00,8563.0196318352
2024-06-11 20:00:00+00:00,8630.231458162209
2024-06-11 22:00:00+00:00,8748.65229502408
2024-06-12 00:00:00+00:00,8900.74293829186
2024-06-12 02:00:00+00:00,8751.916751424911
2024-06-12 04:00:00+00:00,8777.521256692344
2024-06-12 06:00:00+00:00,8700.707740890048
2024-06-12 08:00:00+00:00,8658.261736323042
2024-06-12 10:00:00+00:00,8591.049909996033
2024-06-12 12:00:00+00:00,8339.805702059357
2024-06-12 14:00:00+00:00,8277.394720469993
2024-06-12 16:00:00+00:00,8194.410409823053
2024-06-12 18:00:00+00:00,8495.263346715376
2024-06-12 20:00:00+00:00,8332.034625635499
2024-06-12 22:00:00+00:00,8367.240820378218
2024-06-13 00:00:00+00:00,8333.934403112826
2024-06-13 02:00:00+00:00,8546.771853148353
2024-06-13 04:00:00+00:00,8580.377766311856
2024-06-13 06:00:00+00:00,8633.187058425934
2024-06-13 08:00:00+00:00,8672.335546839047
2024-06-13 10:00:00+00:00,8672.335546839047
2024-06-13 12:00:00+00:00,8673.935828418264
2024-06-13 14:00:00+00:00,8888.373560033004
2024-06-13 16:00:00+00:00,8797.100636906613
2024-06-13 18:00:00+00:00,8886.716405342622
2024-06-13 20:00:00+00:00,8921.922600085341
2024-06-13 22:00:00+00:00,8976.332173778634
2024-06-14 00:00:00+00:00,8975.872629431029
2024-06-14 02:00:00+00:00,8963.070376797314
2024-06-14 04:00:00+00:00,8926.26390047538
2024-06-14 06:00:00+00:00,8881.456016257374
2024-06-14 08:00:00+00:00,8919.2035195987
2024-06-14 10:00:00+00:00,8925.604645915557
2024-06-14 12:00:00+00:00,8997.61731698021
2024-06-14 14:00:00+00:00,9210.454767015735
2024-06-14 16:00:00+00:00,9375.508108252558
2024-06-14 18:00:00+00:00,9450.721342475637
2024-06-14 20:00:00+00:00,9308.296281925548
2024-06-14 22:00:00+00:00,9343.502476668267
2024-06-15 00:00:00+00:00,9415.860885815626
2024-06-15 02:00:00+00:00,9356.65046738469
2024-06-15 04:00:00+00:00,9324.6448358004
2024-06-15 06:00:00+00:00,9332.646243696472
2024-06-15 08:00:00+00:00,9347.870026365032
2024-06-15 10:00:00+00:00,9322.265521097599
2024-06-15 12:00:00+00:00,9288.659607934092
2024-06-15 14:00:00+00:00,9293.460452671738
2024-06-15 16:00:00+00:00,9320.361625071586
2024-06-15 18:00:00+00:00,9363.569227710377
2024-06-15 20:00:00+00:00,9377.971761923309
2024-06-15 22:00:00+00:00,9389.17373297781
2024-06-16 00:00:00+00:00,9458.459267722346
2024-06-16 02:00:00+00:00,9562.477570371288
2024-06-16 04:00:00+00:00,9479.262928252134
2024-06-16 06:00:00+00:00,9461.659830880773
2024-06-16 08:00:00+00:00,9455.91674034929
2024-06-16 10:00:00+00:00,9444.714769294787
2024-06-16 12:00:00+00:00,9372.702098230136
2024-06-16 14:00:00+00:00,9398.306603497567
2024-06-16 16:00:00+00:00,9420.923497636768
2024-06-16 18:00:00+00:00,9403.32040026541
2024-06-16 20:00:00+00:00,9427.324623953626
2024-06-16 22:00:00+00:00,9420.923497636768
2024-06-17 00:00:00+00:00,9524.791710292468
2024-06-17 02:00:00+00:00,9686.420149793132
2024-06-17 04:00:00+00:00,9721.626344535849
2024-06-17 06:00:00+00:00,9836.846618239291
2024-06-17 08:00:00+00:00,10026.300753839338
2024-06-17 10:00:00+00:00,9928.683577507254
2024-06-17 12:00:00+00:00,9994.295122255047
2024-06-17 14:00:00+00:00,9983.093151200545
2024-06-17 16:00:00+00:00,9825.158609919596
2024-06-17 18:00:00+00:00,9797.95382307295
2024-06-17 20:00:00+00:00,9919.575223093252
2024-06-17 22:00:00+00:00,9988.387330999474
2024-06-18 00:00:00+00:00,10533.127726243925
2024-06-18 02:00:00+00:00,10411.506326223625
2024-06-18 04:00:00+00:00,10392.302947273049
2024-06-18 06:00:00+00:00,10385.901820956193
2024-06-18 08:00:00+00:00,10381.388212599526
2024-06-18 10:00:00+00:00,10472.604262614752
2024-06-18 12:00:00+00:00,10624.631012640126
2024-06-18 14:00:00+00:00,10464.60285471868
2024-06-18 16:00:00+00:00,10452.683339888015
2024-06-18 18:00:00+00:00,10452.683339888015
2024-06-18 20:00:00+00:00,10452.683339888015
2024-06-18 22:00:00+00:00,10452.683339888015
2024-06-19 00:00:00+00:00,10452.683339888015
2024-06-19 02:00:00+00:00,10452.683339888015
2024-06-19 04:00:00+00:00,10452.683339888015
2024-06-19 06:00:00+00:00,10452.683339888015
2024-06-19 08:00:00+00:00,10452.683339888015
2024-06-19 10:00:00+00:00,10452.683339888015
2024-06-19 12:00:00+00:00,10452.683339888015
2024-06-19 14:00:00+00:00,10452.683339888015
2024-06-19 16:00:00+00:00,10452.683339888015
2024-06-19 18:00:00+00:00,10452.683339888015
2024-06-19 20:00:00+00:00,10452.683339888015
2024-06-19 22:00:00+00:00,10452.683339888015
2024-06-20 00:00:00+00:00,10452.683339888015
2024-06-20 02:00:00+00:00,10452.683339888015
2024-06-20 04:00:00+00:00,10452.683339888015
2024-06-20 06:00:00+00:00,10452.683339888015
2024-06-20 08:00:00+00:00,10452.683339888015
2024-06-20 10:00:00+00:00,10452.683339888015
2024-06-20 12:00:00+00:00,10452.683339888015
2024-06-20 14:00:00+00:00,10452.683339888015
2024-06-20 16:00:00+00:00,10452.683339888015
2024-06-20 18:00:00+00:00,10452.683339888015
2024-06-20 20:00:00+00:00,10452.683339888015
2024-06-20 22:00:00+00:00,10452.683339888015
2024-06-21 00:00:00+00:00,10452.683339888015
2024-06-21 02:00:00+00:00,10452.683339888015
2024-06-21 04:00:00+00:00,10452.683339888015
2024-06-21 06:00:00+00:00,10452.683339888015
2024-06-21 08:00:00+00:00,10452.683339888015
2024-06-21 10:00:00+00:00,10452.683339888015
2024-06-21 12:00:00+00:00,10452.683339888015
2024-06-21 14:00:00+00:00,10452.683339888015
2024-06-21 16:00:00+00:00,10452.683339888015
2024-06-21 18:00:00+00:00,10452.683339888015
2024-06-21 20:00:00+00:00,10452.683339888015
2024-06-21 22:00:00+00:00,10452.683339888015
2024-06-22 00:00:00+00:00,10452.683339888015
2024-06-22 02:00:00+00:00,10452.683339888015
2024-06-22 04:00:00+00:00,10452.683339888015
2024-06-22 06:00:00+00:00,10452.683339888015
2024-06-22 08:00:00+00:00,10452.683339888015
2024-06-22 10:00:00+00:00,10452.683339888015
2024-06-22 12:00:00+00:00,10452.683339888015
2024-06-22 14:00:00+00:00,10452.683339888015
2024-06-22 16:00:00+00:00,10452.683339888015
2024-06-22 18:00:00+00:00,10452.683339888015
2024-06-22 20:00:00+00:00,10452.683339888015
2024-06-22 22:00:00+00:00,10452.683339888015
2024-06-23 00:00:00+00:00,10452.683339888015
2024-06-23 02:00:00+00:00,10452.683339888015
2024-06-23 04:00:00+00:00,10452.683339888015
2024-06-23 06:00:00+00:00,10452.683339888015
2024-06-23 08:00:00+00:00,10452.683339888015
2024-06-23 10:00:00+00:00,10452.683339888015
2024-06-23 12:00:00+00:00,10452.683339888015
2024-06-23 14:00:00+00:00,10452.683339888015
2024-06-23 16:00:00+00:00,10452.683339888015
2024-06-23 18:00:00+00:00,10452.683339888015
2024-06-23 20:00:00+00:00,10452.683339888015
2024-06-23 22:00:00+00:00,10452.683339888015
2024-06-24 00:00:00+00:00,10452.683339888015
2024-06-24 02:00:00+00:00,10452.683339888015
2024-06-24 04:00:00+00:00,10452.683339888015
2024-06-24 06:00:00+00:00,10452.683339888015
2024-06-24 08:00:00+00:00,10452.683339888015
2024-06-24 10:00:00+00:00,10452.683339888015
2024-06-24 12:00:00+00:00,10452.683339888015
2024-06-24 14:00:00+00:00,10452.683339888015
2024-06-24 16:00:00+00:00,10452.683339888015
2024-06-24 18:00:00+00:00,10452.683339888015
2024-06-24 20:00:00+00:00,10452.683339888015
2024-06-24 22:00:00+00:00,10452.683339888015
2024-06-25 00:00:00+00:00,10452.683339888015
2024-06-25 02:00:00+00:00,10452.683339888015
2024-06-25 04:00:00+00:00,10452.683339888015
2024-06-25 06:00:00+00:00,10452.683339888015
2024-06-25 08:00:00+00:00,10452.683339888015
2024-06-25 10:00:00+00:00,10452.683339888015
2024-06-25 12:00:00+00:00,10452.683339888015
2024-06-25 14:00:00+00:00,10452.683339888015
2024-06-25 16:00:00+00:00,10452.683339888015
2024-06-25 18:00:00+00:00,10452.683339888015
2024-06-25 20:00:00+00:00,10452.683339888015
2024-06-25 22:00:00+00:00,10452.683339888015
2024-06-26 00:00:00+00:00,10452.683339888015
2024-06-26 02:00:00+00:00,10452.683339888015
2024-06-26 04:00:00+00:00,10452.683339888015
2024-06-26 06:00:00+00:00,10452.683339888015
2024-06-26 08:00:00+00:00,10452.683339888015
2024-06-26 10:00:00+00:00,10452.683339888015
2024-06-26 12:00:00+00:00,10452.683339888015
2024-06-26 14:00:00+00:00,10452.683339888015
2024-06-26 16:00:00+00:00,10452.683339888015
2024-06-26 18:00:00+00:00,10452.683339888015
2024-06-26 20:00:00+00:00,10452.683339888015
2024-06-26 22:00:00+00:00,10452.683339888015
2024-06-27 00:00:00+00:00,10452.683339888015
2024-06-27 02:00:00+00:00,10452.683339888015
2024-06-27 04:00:00+00:00,10452.683339888015
2024-06-27 06:00:00+00:00,10452.683339888015
2024-06-27 08:00:00+00:00,10452.683339888015
2024-06-27 10:00:00+00:00,10452.683339888015
2024-06-27 12:00:00+00:00,10452.683339888015
2024-06-27 14:00:00+00:00,10452.683339888015
2024-06-27 16:00:00+00:00,10452.683339888015
2024-06-27 18:00:00+00:00,10452.683339888015
2024-06-27 20:00:00+00:00,10452.683339888015
2024-06-27 22:00:00+00:00,10452.683339888015
2024-06-28 00:00:00+00:00,10452.683339888015
2024-06-28 02:00:00+00:00,10452.683339888015
2024-06-28 04:00:00+00:00,10452.683339888015
2024-06-28 06:00:00+00:00,10452.683339888015
2024-06-28 08:00:00+00:00,10452.683339888015
2024-06-28 10:00:00+00:00,10452.683339888015
2024-06-28 12:00:00+00:00,10452.683339888015
2024-06-28 14:00:00+00:00,10452.683339888015
2024-06-28 16:00:00+00:00,10452.683339888015
2024-06-28 18:00:00+00:00,10452.683339888015
2024-06-28 20:00:00+00:00,10452.683339888015
2024-06-28 22:00:00+00:00,10452.683339888015
2024-06-29 00:00:00+00:00,10452.683339888015
2024-06-29 02:00:00+00:00,10452.683339888015
2024-06-29 04:00:00+00:00,10452.683339888015
2024-06-29 06:00:00+00:00,10452.683339888015
2024-06-29 08:00:00+00:00,10452.683339888015
2024-06-29 10:00:00+00:00,10452.683339888015
2024-06-29 12:00:00+00:00,10452.683339888015
2024-06-29 14:00:00+00:00,10452.683339888015
2024-06-29 16:00:00+00:00,10452.683339888015
2024-06-29 18:00:00+00:00,10452.683339888015
2024-06-29 20:00:00+00:00,10452.683339888015
2024-06-29 22:00:00+00:00,10452.683339888015
2024-06-30 00:00:00+00:00,10452.683339888015
2024-06-30 02:00:00+00:00,10452.683339888015
2024-06-30 04:00:00+00:00,10452.683339888015
2024-06-30 06:00:00+00:00,10452.683339888015
2024-06-30 08:00:00+00:00,10452.683339888015
2024-06-30 10:00:00+00:00,10452.683339888015
2024-06-30 12:00:00+00:00,10452.683339888015
2024-06-30 14:00:00+00:00,10452.683339888015
2024-06-30 16:00:00+00:00,10452.683339888015
2024-06-30 18:00:00+00:00,10452.683339888015
2024-06-30 20:00:00+00:00,10452.683339888015
2024-06-30 22:00:00+00:00,10452.683339888015
2024-07-01 00:00:00+00:00,10452.683339888015
2024-07-01 02:00:00+00:00,10452.683339888015
2024-07-01 04:00:00+00:00,10452.683339888015
2024-07-01 06:00:00+00:00,10452.683339888015
2024-07-01 08:00:00+00:00,10452.683339888015
2024-07-01 10:00:00+00:00,10452.683339888015
2024-07-01 12:00:00+00:00,10452.683339888015
2024-07-01 14:00:00+00:00,10452.683339888015
2024-07-01 16:00:00+00:00,10452.683339888015
2024-07-01 18:00:00+00:00,10452.683339888015
2024-07-01 20:00:00+00:00,10452.683339888015
2024-07-01 22:00:00+00:00,10452.683339888015
2024-07-02 00:00:00+00:00,10452.683339888015
2024-07-02 02:00:00+00:00,10452.683339888015
2024-07-02 04:00:00+00:00,10452.683339888015
2024-07-02 06:00:00+00:00,10452.683339888015
2024-07-02 08:00:00+00:00,10452.683339888015
2024-07-02 10:00:00+00:00,10452.683339888015
2024-07-02 12:00:00+00:00,10452.683339888015
2024-07-02 14:00:00+00:00,10452.683339888015
2024-07-02 16:00:00+00:00,10452.683339888015
2024-07-02 18:00:00+00:00,10452.683339888015
2024-07-02 20:00:00+00:00,10452.683339888015
2024-07-02 22:00:00+00:00,10452.683339888015
2024-07-03 00:00:00+00:00,10452.683339888015
2024-07-03 02:00:00+00:00,10452.683339888015
2024-07-03 04:00:00+00:00,10452.683339888015
2024-07-03 06:00:00+00:00,10452.683339888015
2024-07-03 08:00:00+00:00,10452.683339888015
2024-07-03 10:00:00+00:00,10452.683339888015
2024-07-03 12:00:00+00:00,10452.683339888015
2024-07-03 14:00:00+00:00,10452.683339888015
2024-07-03 16:00:00+00:00,10452.683339888015
2024-07-03 18:00:00+00:00,10452.683339888015
2024-07-03 20:00:00+00:00,10452.683339888015
2024-07-03 22:00:00+00:00,10452.683339888015
2024-07-04 00:00:00+00:00,10452.683339888015
2024-07-04 02:00:00+00:00,10452.683339888015
2024-07-04 04:00:00+00:00,10452.683339888015
2024-07-04 06:00:00+00:00,10452.683339888015
2024-07-04 08:00:00+00:00,10452.683339888015
2024-07-04 10:00:00+00:00,10452.683339888015
2024-07-04 12:00:00+00:00,10452.683339888015
2024-07-04 14:00:00+00:00,10452.683339888015
2024-07-04 16:00:00+00:00,10452.683339888015
2024-07-04 18:00:00+00:00,10452.683339888015
2024-07-04 20:00:00+00:00,10452.683339888015
2024-07-04 22:00:00+00:00,10452.683339888015
2024-07-05 00:00:00+00:00,10452.683339888015
2024-07-05 02:00:00+00:00,10452.683339888015
2024-07-05 04:00:00+00:00,10452.683339888015
2024-07-05 06:00:00+00:00,10452.683339888015
2024-07-05 08:00:00+00:00,10452.683339888015
2024-07-05 10:00:00+00:00,10452.683339888015
2024-07-05 12:00:00+00:00,10452.683339888015
2024-07-05 14:00:00+00:00,10452.683339888015
2024-07-05 16:00:00+00:00,10452.683339888015
2024-07-05 18:00:00+00:00,10452.683339888015
2024-07-05 20:00:00+00:00,10452.683339888015
2024-07-05 22:00:00+00:00,10452.683339888015
2024-07-06 00:00:00+00:00,10452.683339888015
2024-07-06 02:00:00+00:00,10452.683339888015
2024-07-06 04:00:00+00:00,10452.683339888015
2024-07-06 06:00:00+00:00,10452.683339888015
2024-07-06 08:00:00+00:00,10452.683339888015
2024-07-06 10:00:00+00:00,10452.683339888015
2024-07-06 12:00:00+00:00,10452.683339888015
2024-07-06 14:00:00+00:00,10452.683339888015
2024-07-06 16:00:00+00:00,10452.683339888015
2024-07-06 18:00:00+00:00,10452.683339888015
2024-07-06 20:00:00+00:00,10452.683339888015
2024-07-06 22:00:00+00:00,10452.683339888015
2024-07-07 00:00:00+00:00,10452.683339888015
2024-07-07 02:00:00+00:00,10452.683339888015
2024-07-07 04:00:00+00:00,10452.683339888015
2024-07-07 06:00:00+00:00,10452.683339888015
2024-07-07 08:00:00+00:00,10452.683339888015
2024-07-07 10:00:00+00:00,10452.683339888015
2024-07-07 12:00:00+00:00,10452.683339888015
2024-07-07 14:00:00+00:00,10452.683339888015
2024-07-07 16:00:00+00:00,10452.683339888015
2024-07-07 18:00:00+00:00,10452.683339888015
2024-07-07 20:00:00+00:00,10452.683339888015
2024-07-07 22:00:00+00:00,10452.683339888015
2024-07-08 00:00:00+00:00,10452.683339888015
2024-07-08 02:00:00+00:00,10452.683339888015
2024-07-08 04:00:00+00:00,10452.683339888015
2024-07-08 06:00:00+00:00,10452.683339888015
2024-07-08 08:00:00+00:00,10452.683339888015
2024-07-08 10:00:00+00:00,10452.683339888015
2024-07-08 12:00:00+00:00,10452.683339888015
2024-07-08 14:00:00+00:00,10452.683339888015
2024-07-08 16:00:00+00:00,10452.683339888015
2024-07-08 18:00:00+00:00,10452.683339888015
2024-07-08 20:00:00+00:00,10452.683339888015
2024-07-08 22:00:00+00:00,10452.683339888015
2024-07-09 00:00:00+00:00,10452.683339888015
2024-07-09 02:00:00+00:00,10452.683339888015
2024-07-09 04:00:00+00:00,10452.683339888015
2024-07-09 06:00:00+00:00,10452.683339888015
2024-07-09 08:00:00+00:00,10452.683339888015
2024-07-09 10:00:00+00:00,10452.683339888015
2024-07-09 12:00:00+00:00,10452.683339888015
2024-07-09 14:00:00+00:00,10452.683339888015
2024-07-09 16:00:00+00:00,10452.683339888015
2024-07-09 18:00:00+00:00,10452.683339888015
2024-07-09 20:00:00+00:00,10452.683339888015
2024-07-09 22:00:00+00:00,10452.683339888015
2024-07-10 00:00:00+00:00,10452.683339888015
2024-07-10 02:00:00+00:00,10452.683339888015
2024-07-10 04:00:00+00:00,10452.683339888015
2024-07-10 06:00:00+00:00,10452.683339888015
2024-07-10 08:00:00+00:00,10452.683339888015
2024-07-10 10:00:00+00:00,10452.683339888015
2024-07-10 12:00:00+00:00,10452.683339888015
2024-07-10 14:00:00+00:00,10452.683339888015
2024-07-10 16:00:00+00:00,10452.683339888015
2024-07-10 18:00:00+00:00,10452.683339888015
2024-07-10 20:00:00+00:00,10452.683339888015
2024-07-10 22:00:00+00:00,10452.683339888015
2024-07-11 00:00:00+00:00,10452.683339888015
2024-07-11 02:00:00+00:00,10452.683339888015
2024-07-11 04:00:00+00:00,10452.683339888015
2024-07-11 06:00:00+00:00,10452.683339888015
2024-07-11 08:00:00+00:00,10452.683339888015
2024-07-11 10:00:00+00:00,10452.683339888015
2024-07-11 12:00:00+00:00,10452.683339888015
2024-07-11 14:00:00+00:00,10452.683339888015
2024-07-11 16:00:00+00:00,10452.683339888015
2024-07-11 18:00:00+00:00,10452.683339888015
2024-07-11 20:00:00+00:00,10452.683339888015
2024-07-11 22:00:00+00:00,10452.683339888015
2024-07-12 00:00:00+00:00,10452.683339888015
2024-07-12 02:00:00+00:00,10452.683339888015
2024-07-12 04:00:00+00:00,10452.683339888015
2024-07-12 06:00:00+00:00,10452.683339888015
2024-07-12 08:00:00+00:00,10452.683339888015
2024-07-12 10:00:00+00:00,10452.683339888015
2024-07-12 12:00:00+00:00,10452.683339888015
2024-07-12 14:00:00+00:00,10452.683339888015
2024-07-12 16:00:00+00:00,10452.683339888015
2024-07-12 18:00:00+00:00,10452.683339888015
2024-07-12 20:00:00+00:00,10452.683339888015
2024-07-12 22:00:00+00:00,10452.683339888015
2024-07-13 00:00:00+00:00,10452.683339888015
2024-07-13 02:00:00+00:00,10452.683339888015
2024-07-13 04:00:00+00:00,10452.683339888015
2024-07-13 06:00:00+00:00,10452.683339888015
2024-07-13 08:00:00+00:00,10452.683339888015
2024-07-13 10:00:00+00:00,10452.683339888015
2024-07-13 12:00:00+00:00,10452.683339888015
2024-07-13 14:00:00+00:00,10452.683339888015
2024-07-13 16:00:00+00:00,10452.683339888015
2024-07-13 18:00:00+00:00,10452.683339888015
2024-07-13 20:00:00+00:00,10452.683339888015
2024-07-13 22:00:00+00:00,10452.683339888015
2024-07-14 00:00:00+00:00,10452.683339888015
2024-07-14 02:00:00+00:00,10452.683339888015
2024-07-14 04:00:00+00:00,10452.683339888015
2024-07-14 06:00:00+00:00,10452.683339888015
2024-07-14 08:00:00+00:00,10452.683339888015
2024-07-14 10:00:00+00:00,10452.683339888015
2024-07-14 12:00:00+00:00,10452.683339888015
2024-07-14 14:00:00+00:00,10452.683339888015
2024-07-14 16:00:00+00:00,10452.683339888015
2024-07-14 18:00:00+00:00,10452.683339888015
2024-07-14 20:00:00+00:00,10452.683339888015
2024-07-14 22:00:00+00:00,10452.683339888015
2024-07-15 00:00:00+00:00,10452.683339888015
2024-07-15 02:00:00+00:00,10452.683339888015
2024-07-15 04:00:00+00:00,10452.683339888015
2024-07-15 06:00:00+00:00,10452.683339888015
2024-07-15 08:00:00+00:00,10452.683339888015
2024-07-15 10:00:00+00:00,10452.683339888015
2024-07-15 12:00:00+00:00,10452.683339888015
2024-07-15 14:00:00+00:00,10452.683339888015
2024-07-15 16:00:00+00:00,10452.683339888015
2024-07-15 18:00:00+00:00,10452.683339888015
2024-07-15 20:00:00+00:00,10452.683339888015
2024-07-15 22:00:00+00:00,10452.683339888015
2024-07-16 00:00:00+00:00,10452.683339888015
2024-07-16 02:00:00+00:00,10452.683339888015
2024-07-16 04:00:00+00:00,10452.683339888015
2024-07-16 06:00:00+00:00,10452.683339888015
2024-07-16 08:00:00+00:00,10452.683339888015
2024-07-16 10:00:00+00:00,10452.683339888015
2024-07-16 12:00:00+00:00,10452.683339888015
2024-07-16 14:00:00+00:00,10452.683339888015
2024-07-16 16:00:00+00:00,10452.683339888015
2024-07-16 18:00:00+00:00,10452.683339888015
2024-07-16 20:00:00+00:00,10452.683339888015
2024-07-16 22:00:00+00:00,10452.683339888015
2024-07-17 00:00:00+00:00,10452.683339888015
2024-07-17 02:00:00+00:00,10452.683339888015
2024-07-17 04:00:00+00:00,10452.683339888015
2024-07-17 06:00:00+00:00,10452.683339888015
2024-07-17 08:00:00+00:00,10452.683339888015
2024-07-17 10:00:00+00:00,10452.683339888015
2024-07-17 12:00:00+00:00,10452.683339888015
2024-07-17 14:00:00+00:00,10452.683339888015
2024-07-17 16:00:00+00:00,10452.683339888015
2024-07-17 18:00:00+00:00,10452.683339888015
2024-07-17 20:00:00+00:00,10452.683339888015
2024-07-17 22:00:00+00:00,10452.683339888015
2024-07-18 00:00:00+00:00,10452.683339888015
2024-07-18 02:00:00+00:00,10452.683339888015
2024-07-18 04:00:00+00:00,10452.683339888015
2024-07-18 06:00:00+00:00,10452.683339888015
2024-07-18 08:00:00+00:00,10452.683339888015
2024-07-18 10:00:00+00:00,10452.683339888015
2024-07-18 12:00:00+00:00,10452.683339888015
2024-07-18 14:00:00+00:00,10452.683339888015
2024-07-18 16:00:00+00:00,10452.683339888015
2024-07-18 18:00:00+00:00,10452.683339888015
2024-07-18 20:00:00+00:00,10452.683339888015
2024-07-18 22:00:00+00:00,10452.683339888015
2024-07-19 00:00:00+00:00,10452.683339888015
2024-07-19 02:00:00+00:00,10452.683339888015
2024-07-19 04:00:00+00:00,10452.683339888015
2024-07-19 06:00:00+00:00,10452.683339888015
2024-07-19 08:00:00+00:00,10452.683339888015
2024-07-19 10:00:00+00:00,10452.683339888015
2024-07-19 12:00:00+00:00,10452.683339888015
2024-07-19 14:00:00+00:00,10452.683339888015
2024-07-19 16:00:00+00:00,10452.683339888015
2024-07-19 18:00:00+00:00,10452.683339888015
2024-07-19 20:00:00+00:00,10452.683339888015
2024-07-19 22:00:00+00:00,10452.683339888015
2024-07-20 00:00:00+00:00,10452.683339888015
2024-07-20 02:00:00+00:00,10452.683339888015
2024-07-20 04:00:00+00:00,10452.683339888015
2024-07-20 06:00:00+00:00,10452.683339888015
2024-07-20 08:00:00+00:00,10452.683339888015
2024-07-20 10:00:00+00:00,10452.683339888015
2024-07-20 12:00:00+00:00,10452.683339888015
2024-07-20 14:00:00+00:00,10452.683339888015
2024-07-20 16:00:00+00:00,10452.683339888015
2024-07-20 18:00:00+00:00,10452.683339888015
2024-07-20 20:00:00+00:00,10452.683339888015
2024-07-20 22:00:00+00:00,10452.683339888015
2024-07-21 00:00:00+00:00,10452.683339888015
2024-07-21 02:00:00+00:00,10452.683339888015
2024-07-21 04:00:00+00:00,10452.683339888015
2024-07-21 06:00:00+00:00,10452.683339888015
2024-07-21 08:00:00+00:00,10452.683339888015
2024-07-21 10:00:00+00:00,10452.683339888015
2024-07-21 12:00:00+00:00,10452.683339888015
2024-07-21 14:00:00+00:00,10452.683339888015
2024-07-21 16:00:00+00:00,10452.683339888015
2024-07-21 18:00:00+00:00,10452.683339888015
2024-07-21 20:00:00+00:00,10452.683339888015
2024-07-21 22:00:00+00:00,10452.683339888015
2024-07-22 00:00:00+00:00,10452.683339888015
2024-07-22 02:00:00+00:00,10452.683339888015
2024-07-22 04:00:00+00:00,10452.683339888015
2024-07-22 06:00:00+00:00,10452.683339888015
2024-07-22 08:00:00+00:00,10452.683339888015
2024-07-22 10:00:00+00:00,10452.683339888015
2024-07-22 12:00:00+00:00,10452.683339888015
2024-07-22 14:00:00+00:00,10452.683339888015
2024-07-22 16:00:00+00:00,10452.683339888015
2024-07-22 18:00:00+00:00,10452.683339888015
2024-07-22 20:00:00+00:00,10452.683339888015
2024-07-22 22:00:00+00:00,10452.683339888015
2024-07-23 00:00:00+00:00,10452.683339888015
2024-07-23 02:00:00+00:00,10452.683339888015
2024-07-23 04:00:00+00:00,10452.683339888015
2024-07-23 06:00:00+00:00,10452.683339888015
2024-07-23 08:00:00+00:00,10452.683339888015
2024-07-23 10:00:00+00:00,10452.683339888015
2024-07-23 12:00:00+00:00,10452.683339888015
2024-07-23 14:00:00+00:00,10452.683339888015
2024-07-23 16:00:00+00:00,10452.683339888015
2024-07-23 18:00:00+00:00,10452.683339888015
2024-07-23 20:00:00+00:00,10452.683339888015
2024-07-23 22:00:00+00:00,10452.683339888015
2024-07-24 00:00:00+00:00,10452.683339888015
2024-07-24 02:00:00+00:00,10452.683339888015
2024-07-24 04:00:00+00:00,10452.683339888015
2024-07-24 06:00:00+00:00,10452.683339888015
2024-07-24 08:00:00+00:00,10452.683339888015
2024-07-24 10:00:00+00:00,10452.683339888015
2024-07-24 12:00:00+00:00,10452.683339888015
2024-07-24 14:00:00+00:00,10452.683339888015
2024-07-24 16:00:00+00:00,10452.683339888015
2024-07-24 18:00:00+00:00,10452.683339888015
2024-07-24 20:00:00+00:00,10452.683339888015
2024-07-24 22:00:00+00:00,10452.683339888015
2024-07-25 00:00:00+00:00,10452.683339888015
2024-07-25 02:00:00+00:00,10452.683339888015
2024-07-25 04:00:00+00:00,10452.683339888015
2024-07-25 06:00:00+00:00,10452.683339888015
2024-07-25 08:00:00+00:00,10452.683339888015
2024-07-25 10:00:00+00:00,10452.683339888015
2024-07-25 12:00:00+00:00,10452.683339888015
2024-07-25 14:00:00+00:00,10452.683339888015
2024-07-25 16:00:00+00:00,10452.683339888015
2024-07-25 18:00:00+00:00,10452.683339888015
2024-07-25 20:00:00+00:00,10452.683339888015
2024-07-25 22:00:00+00:00,10452.683339888015
2024-07-26 00:00:00+00:00,10452.683339888015
2024-07-26 02:00:00+00:00,10452.683339888015
2024-07-26 04:00:00+00:00,10452.683339888015
2024-07-26 06:00:00+00:00,10452.683339888015
2024-07-26 08:00:00+00:00,10452.683339888015
2024-07-26 10:00:00+00:00,10452.683339888015
2024-07-26 12:00:00+00:00,10452.683339888015
2024-07-26 14:00:00+00:00,10452.683339888015
2024-07-26 16:00:00+00:00,10452.683339888015
2024-07-26 18:00:00+00:00,10452.683339888015
2024-07-26 20:00:00+00:00,10452.683339888015
2024-07-26 22:00:00+00:00,10452.683339888015
2024-07-27 00:00:00+00:00,10452.683339888015
2024-07-27 02:00:00+00:00,10452.683339888015
2024-07-27 04:00:00+00:00,10452.683339888015
2024-07-27 06:00:00+00:00,10452.683339888015
2024-07-27 08:00:00+00:00,10452.683339888015
2024-07-27 10:00:00+00:00,10452.683339888015
2024-07-27 12:00:00+00:00,10452.683339888015
2024-07-27 14:00:00+00:00,10452.683339888015
2024-07-27 16:00:00+00:00,10452.683339888015
2024-07-27 18:00:00+00:00,10452.683339888015
2024-07-27 20:00:00+00:00,10452.683339888015
2024-07-27 22:00:00+00:00,10452.683339888015
2024-07-28 00:00:00+00:00,10452.683339888015
2024-07-28 02:00:00+00:00,10452.683339888015
2024-07-28 04:00:00+00:00,10452.683339888015
2024-07-28 06:00:00+00:00,10452.683339888015
2024-07-28 08:00:00+00:00,10452.683339888015
2024-07-28 10:00:00+00:00,10452.683339888015
2024-07-28 12:00:00+00:00,10452.683339888015
2024-07-28 14:00:00+00:00,10452.683339888015
2024-07-28 16:00:00+00:00,10452.683339888015
2024-07-28 18:00:00+00:00,10452.683339888015
2024-07-28 20:00:00+00:00,10452.683339888015
2024-07-28 22:00:00+00:00,10452.683339888015
2024-07-29 00:00:00+00:00,10452.683339888015
2024-07-29 02:00:00+00:00,10452.683339888015
2024-07-29 04:00:00+00:00,10452.683339888015
2024-07-29 06:00:00+00:00,10452.683339888015
2024-07-29 08:00:00+00:00,10452.683339888015
2024-07-29 10:00:00+00:00,10452.683339888015
2024-07-29 12:00:00+00:00,10452.683339888015
2024-07-29 14:00:00+00:00,10452.683339888015
2024-07-29 16:00:00+00:00,10452.683339888015
2024-07-29 18:00:00+00:00,10452.683339888015
2024-07-29 20:00:00+00:00,10452.683339888015
2024-07-29 22:00:00+00:00,10452.683339888015
2024-07-30 00:00:00+00:00,10452.683339888015
2024-07-30 02:00:00+00:00,10452.683339888015
2024-07-30 04:00:00+00:00,10452.683339888015
2024-07-30 06:00:00+00:00,10452.683339888015
2024-07-30 08:00:00+00:00,10452.683339888015
2024-07-30 10:00:00+00:00,10452.683339888015
2024-07-30 12:00:00+00:00,10452.683339888015
2024-07-30 14:00:00+00:00,10468.474917391793
2024-07-30 16:00:00+00:00,10605.106563630585
2024-07-30 18:00:00+00:00,10703.076800179806
2024-07-30 20:00:00+00:00,10742.877208777927
2024-07-30 22:00:00+00:00,10718.38464964062
2024-07-31 00:00:00+00:00,10769.246579817995
2024-07-31 02:00:00+00:00,10830.477977661258
2024-07-31 04:00:00+00:00,10772.30814971016
2024-07-31 06:00:00+00:00,10793.7391389553
2024-07-31 08:00:00+00:00,10803.30909858499
2024-07-31 10:00:00+00:00,10809.432238369316
2024-07-31 12:00:00+00:00,10668.600023329811
2024-07-31 14:00:00+00:00,10812.493808261479
2024-07-31 16:00:00+00:00,10847.788567976882
2024-07-31 18:00:00+00:00,11006.990202369367
2024-07-31 20:00:00+00:00,11092.714159349935
2024-07-31 22:00:00+00:00,11209.053815252135
2024-08-01 00:00:00+00:00,11147.102072569069
2024-08-01 02:00:00+00:00,11098.116954294457
2024-08-01 04:00:00+00:00,11104.240094078783
2024-08-01 06:00:00+00:00,11269.564868255595
2024-08-01 08:00:00+00:00,11294.37488356504
2024-08-01 10:00:00+00:00,11248.451335182592
2024-08-01 12:00:00+00:00,11300.498023349366
2024-08-01 14:00:00+00:00,11612.778152350009
2024-08-01 16:00:00+00:00,11743.299111678778
2024-08-01 18:00:00+00:00,11982.101563267504
2024-08-01 20:00:00+00:00,11657.575154698208
2024-08-01 22:00:00+00:00,11590.22061707062
2024-08-02 00:00:00+00:00,11773.483844183418
2024-08-02 02:00:00+00:00,11791.853263536395
2024-08-02 04:00:00+00:00,12033.717285017286
2024-08-02 06:00:00+00:00,12024.532575340796
2024-08-02 08:00:00+00:00,11947.418483326333
2024-08-02 10:00:00+00:00,11978.034182247966
2024-08-02 12:00:00+00:00,11818.832547855482
2024-08-02 14:00:00+00:00,12183.159365022897
2024-08-02 16:00:00+00:00,12285.854094011836
2024-08-02 18:00:00+00:00,12285.854094011836
2024-08-02 20:00:00+00:00,12273.607814443183
2024-08-02 22:00:00+00:00,12337.900782178609
2024-08-03 00:00:00+00:00,12272.215747391974
2024-08-03 02:00:00+00:00,12183.430220519243
2024-08-03 04:00:00+00:00,12226.292199009527
2024-08-03 06:00:00+00:00,12259.969467823323
2024-08-03 08:00:00+00:00,12205.886020688353
2024-08-03 10:00:00+00:00,12251.8095690708
2024-08-03 12:00:00+00:00,12245.686429286474
2024-08-03 14:00:00+00:00,12585.520687316586
2024-08-03 16:00:00+00:00,12737.322626772786
2024-08-03 18:00:00+00:00,12829.169723537681
2024-08-03 20:00:00+00:00,12648.537099900053
2024-08-03 22:00:00+00:00,12712.830067635481
2024-08-04 00:00:00+00:00,12736.990828217253
2024-08-04 02:00:00+00:00,12663.513150805336
2024-08-04 04:00:00+00:00,12736.990828217253
2024-08-04 06:00:00+00:00,12834.961064766474
2024-08-04 08:00:00+00:00,12779.746762805022
2024-08-04 10:00:00+00:00,12733.823214422575
2024-08-04 12:00:00+00:00,12804.239321942328
2024-08-04 14:00:00+00:00,13281.844225119783
2024-08-04 16:00:00+00:00,13269.871943810198
2024-08-04 18:00:00+00:00,13009.63850297633
2024-08-04 20:00:00+00:00,13110.670309417714
2024-08-04 22:00:00+00:00,13233.13310510424
2024-08-05 00:00:00+00:00,13973.459970153011
2024-08-05 02:00:00+00:00,14068.368636810068
2024-08-05 04:00:00+00:00,14123.476894869007
2024-08-05 06:00:00+00:00,14013.260378751133
2024-08-05 08:00:00+00:00,14439.478659045853
2024-08-05 10:00:00+00:00,14323.139003143653
2024-08-05 12:00:00+00:00,14078.213411770601
2024-08-05 14:00:00+00:00,13738.379153740487
2024-08-05 16:00:00+00:00,13774.47945232554
2024-08-05 18:00:00+00:00,14007.158764129941
2024-08-05 20:00:00+00:00,13933.681086718027
2024-08-05 22:00:00+00:00,13933.681086718027
2024-08-06 00:00:00+00:00,13607.874447184113
2024-08-06 02:00:00+00:00,13595.628167615461
2024-08-06 04:00:00+00:00,13463.980662252445
2024-08-06 06:00:00+00:00,13381.318275164038
2024-08-06 08:00:00+00:00,13602.372551977594
2024-08-06 10:00:00+00:00,13584.003132624617
2024-08-06 12:00:00+00:00,13645.23453046788
2024-08-06 14:00:00+00:00,13418.678358447807
2024-08-06 16:00:00+00:00,13414.435109066617
2024-08-06 18:00:00+00:00,13383.819410144984
2024-08-06 20:00:00+00:00,13316.464872517397
2024-08-06 22:00:00+00:00,13429.742958527433
2024-08-07 00:00:00+00:00,13219.880431332229
2024-08-07 02:00:00+00:00,13180.080022734106
2024-08-07 04:00:00+00:00,13173.95688294978
2024-08-07 06:00:00+00:00,13207.634151763574
2024-08-07 08:00:00+00:00,13074.679977983913
2024-08-07 10:00:00+00:00,13105.295676905545
2024-08-07 12:00:00+00:00,12955.278752189552
2024-08-07 14:00:00+00:00,13307.359289788315
2024-08-07 16:00:00+00:00,13365.633715907392
2024-08-07 18:00:00+00:00,13481.973371809592
2024-08-07 20:00:00+00:00,13583.005178250976
2024-08-07 22:00:00+00:00,13662.605995447218
2024-08-08 00:00:00+00:00,13310.81172133821
2024-08-08 02:00:00+00:00,13289.380732093066
2024-08-08 04:00:00+00:00,13218.964624573313
2024-08-08 06:00:00+00:00,13277.134452524413
2024-08-08 08:00:00+00:00,13243.042668272054
2024-08-08 10:00:00+00:00,13325.705055360457
2024-08-08 12:00:00+00:00,13246.104238164215
2024-08-08 14:00:00+00:00,12878.715851104636
2024-08-08 16:00:00+00:00,12970.80485169142
2024-08-08 18:00:00+00:00,12777.925948485143
2024-08-08 20:00:00+00:00,12564.740526918396
2024-08-08 22:00:00+00:00,12564.740526918396
2024-08-09 00:00:00+00:00,12564.740526918396
2024-08-09 02:00:00+00:00,12564.740526918396
2024-08-09 04:00:00+00:00,12564.740526918396
2024-08-09 06:00:00+00:00,12564.740526918396
2024-08-09 08:00:00+00:00,12564.740526918396
2024-08-09 10:00:00+00:00,12564.740526918396
2024-08-09 12:00:00+00:00,12564.740526918396
2024-08-09 14:00:00+00:00,12564.740526918396
2024-08-09 16:00:00+00:00,12564.740526918396
2024-08-09 18:00:00+00:00,12564.740526918396
2024-08-09 20:00:00+00:00,12564.740526918396
2024-08-09 22:00:00+00:00,12564.740526918396
2024-08-10 00:00:00+00:00,12564.740526918396
2024-08-10 02:00:00+00:00,12564.740526918396
2024-08-10 04:00:00+00:00,12564.740526918396
2024-08-10 06:00:00+00:00,12564.740526918396
2024-08-10 08:00:00+00:00,12564.740526918396
2024-08-10 10:00:00+00:00,12564.740526918396
2024-08-10 12:00:00+00:00,12564.740526918396
2024-08-10 14:00:00+00:00,12564.740526918396
2024-08-10 16:00:00+00:00,12564.740526918396
2024-08-10 18:00:00+00:00,12564.740526918396
2024-08-10 20:00:00+00:00,12564.740526918396
2024-08-10 22:00:00+00:00,12564.740526918396
2024-08-11 00:00:00+00:00,12564.740526918396
2024-08-11 02:00:00+00:00,12564.740526918396
2024-08-11 04:00:00+00:00,12564.740526918396
2024-08-11 06:00:00+00:00,12564.740526918396
2024-08-11 08:00:00+00:00,12564.740526918396
2024-08-11 10:00:00+00:00,12564.740526918396
2024-08-11 12:00:00+00:00,12564.740526918396
2024-08-11 14:00:00+00:00,12564.740526918396
2024-08-11 16:00:00+00:00,12564.740526918396
2024-08-11 18:00:00+00:00,12564.740526918396
2024-08-11 20:00:00+00:00,12564.740526918396
2024-08-11 22:00:00+00:00,12564.740526918396
2024-08-12 00:00:00+00:00,12564.740526918396
2024-08-12 02:00:00+00:00,12564.740526918396
2024-08-12 04:00:00+00:00,12564.740526918396
2024-08-12 06:00:00+00:00,12564.740526918396
2024-08-12 08:00:00+00:00,12564.740526918396
2024-08-12 10:00:00+00:00,12564.740526918396
2024-08-12 12:00:00+00:00,12564.740526918396
2024-08-12 14:00:00+00:00,12564.740526918396
2024-08-12 16:00:00+00:00,12564.740526918396
2024-08-12 18:00:00+00:00,12564.740526918396
2024-08-12 20:00:00+00:00,12564.740526918396
2024-08-12 22:00:00+00:00,12564.740526918396
2024-08-13 00:00:00+00:00,12564.740526918396
2024-08-13 02:00:00+00:00,12564.740526918396
2024-08-13 04:00:00+00:00,12564.740526918396
2024-08-13 06:00:00+00:00,12564.740526918396
2024-08-13 08:00:00+00:00,12564.740526918396
2024-08-13 10:00:00+00:00,12564.740526918396
2024-08-13 12:00:00+00:00,12564.740526918396
2024-08-13 14:00:00+00:00,12564.740526918396
2024-08-13 16:00:00+00:00,12564.740526918396
2024-08-13 18:00:00+00:00,12564.740526918396
2024-08-13 20:00:00+00:00,12564.740526918396
2024-08-13 22:00:00+00:00,12564.740526918396
2024-08-14 00:00:00+00:00,12564.740526918396
2024-08-14 02:00:00+00:00,12564.740526918396
2024-08-14 04:00:00+00:00,12564.740526918396
2024-08-14 06:00:00+00:00,12564.740526918396
2024-08-14 08:00:00+00:00,12564.740526918396
2024-08-14 10:00:00+00:00,12564.740526918396
2024-08-14 12:00:00+00:00,12564.740526918396
2024-08-14 14:00:00+00:00,12564.740526918396
2024-08-14 16:00:00+00:00,12564.740526918396
2024-08-14 18:00:00+00:00,12564.740526918396
2024-08-14 20:00:00+00:00,12564.740526918396
2024-08-14 22:00:00+00:00,12564.740526918396
2024-08-15 00:00:00+00:00,12564.740526918396
2024-08-15 02:00:00+00:00,12564.740526918396
2024-08-15 04:00:00+00:00,12564.740526918396
2024-08-15 06:00:00+00:00,12564.740526918396
2024-08-15 08:00:00+00:00,12564.740526918396
2024-08-15 10:00:00+00:00,12564.740526918396
2024-08-15 12:00:00+00:00,12564.740526918396
2024-08-15 14:00:00+00:00,12564.740526918396
2024-08-15 16:00:00+00:00,12564.740526918396
2024-08-15 18:00:00+00:00,12564.740526918396
2024-08-15 20:00:00+00:00,12564.740526918396
2024-08-15 22:00:00+00:00,12564.740526918396
2024-08-16 00:00:00+00:00,12564.740526918396
2024-08-16 02:00:00+00:00,12564.740526918396
2024-08-16 04:00:00+00:00,12564.740526918396
2024-08-16 06:00:00+00:00,12564.740526918396
2024-08-16 08:00:00+00:00,12564.740526918396
2024-08-16 10:00:00+00:00,12564.740526918396
2024-08-16 12:00:00+00:00,12564.740526918396
2024-08-16 14:00:00+00:00,12564.740526918396
2024-08-16 16:00:00+00:00,12564.740526918396
2024-08-16 18:00:00+00:00,12564.740526918396
2024-08-16 20:00:00+00:00,12564.740526918396
2024-08-16 22:00:00+00:00,12564.740526918396
2024-08-17 00:00:00+00:00,12564.740526918396
2024-08-17 02:00:00+00:00,12564.740526918396
2024-08-17 04:00:00+00:00,12564.740526918396
2024-08-17 06:00:00+00:00,12564.740526918396
2024-08-17 08:00:00+00:00,12564.740526918396
2024-08-17 10:00:00+00:00,12564.740526918396
2024-08-17 12:00:00+00:00,12564.740526918396
2024-08-17 14:00:00+00:00,12564.740526918396
2024-08-17 16:00:00+00:00,12564.740526918396
2024-08-17 18:00:00+00:00,12564.740526918396
2024-08-17 20:00:00+00:00,12564.740526918396
2024-08-17 22:00:00+00:00,12564.740526918396
2024-08-18 00:00:00+00:00,12564.740526918396
2024-08-18 02:00:00+00:00,12564.740526918396
2024-08-18 04:00:00+00:00,12564.740526918396
2024-08-18 06:00:00+00:00,12564.740526918396
2024-08-18 08:00:00+00:00,12564.740526918396
2024-08-18 10:00:00+00:00,12564.740526918396
2024-08-18 12:00:00+00:00,12564.740526918396
2024-08-18 14:00:00+00:00,12564.740526918396
2024-08-18 16:00:00+00:00,12564.740526918396
2024-08-18 18:00:00+00:00,12564.740526918396
2024-08-18 20:00:00+00:00,12564.740526918396
2024-08-18 22:00:00+00:00,12564.740526918396
2024-08-19 00:00:00+00:00,12564.740526918396
2024-08-19 02:00:00+00:00,12564.740526918396
2024-08-19 04:00:00+00:00,12564.740526918396
2024-08-19 06:00:00+00:00,12564.740526918396
2024-08-19 08:00:00+00:00,12564.740526918396
2024-08-19 10:00:00+00:00,12564.740526918396
2024-08-19 12:00:00+00:00,12564.740526918396
2024-08-19 14:00:00+00:00,12564.740526918396
2024-08-19 16:00:00+00:00,12564.740526918396
2024-08-19 18:00:00+00:00,12564.740526918396
2024-08-19 20:00:00+00:00,12564.740526918396
2024-08-19 22:00:00+00:00,12564.740526918396
2024-08-20 00:00:00+00:00,12564.740526918396
2024-08-20 02:00:00+00:00,12564.740526918396
2024-08-20 04:00:00+00:00,12564.740526918396
2024-08-20 06:00:00+00:00,12564.740526918396
2024-08-20 08:00:00+00:00,12564.740526918396
2024-08-20 10:00:00+00:00,12564.740526918396
2024-08-20 12:00:00+00:00,12564.740526918396
2024-08-20 14:00:00+00:00,12564.740526918396
2024-08-20 16:00:00+00:00,12564.740526918396
2024-08-20 18:00:00+00:00,12564.740526918396
2024-08-20 20:00:00+00:00,12564.740526918396
2024-08-20 22:00:00+00:00,12564.740526918396
2024-08-21 00:00:00+00:00,12564.740526918396
2024-08-21 02:00:00+00:00,12564.740526918396
2024-08-21 04:00:00+00:00,12564.740526918396
2024-08-21 06:00:00+00:00,12564.740526918396
2024-08-21 08:00:00+00:00,12564.740526918396
2024-08-21 10:00:00+00:00,12564.740526918396
2024-08-21 12:00:00+00:00,12564.740526918396
2024-08-21 14:00:00+00:00,12564.740526918396
2024-08-21 16:00:00+00:00,12564.740526918396
2024-08-21 18:00:00+00:00,12564.740526918396
2024-08-21 20:00:00+00:00,12564.740526918396
2024-08-21 22:00:00+00:00,12564.740526918396
2024-08-22 00:00:00+00:00,12564.740526918396
2024-08-22 02:00:00+00:00,12564.740526918396
2024-08-22 04:00:00+00:00,12564.740526918396
2024-08-22 06:00:00+00:00,12564.740526918396
2024-08-22 08:00:00+00:00,12564.740526918396
2024-08-22 10:00:00+00:00,12564.740526918396
2024-08-22 12:00:00+00:00,12564.740526918396
2024-08-22 14:00:00+00:00,12564.740526918396
2024-08-22 16:00:00+00:00,12564.740526918396
2024-08-22 18:00:00+00:00,12564.740526918396
2024-08-22 20:00:00+00:00,12564.740526918396
2024-08-22 22:00:00+00:00,12564.740526918396
2024-08-23 00:00:00+00:00,12564.740526918396
2024-08-23 02:00:00+00:00,12564.740526918396
2024-08-23 04:00:00+00:00,12564.740526918396
2024-08-23 06:00:00+00:00,12564.740526918396
2024-08-23 08:00:00+00:00,12564.740526918396
2024-08-23 10:00:00+00:00,12564.740526918396
2024-08-23 12:00:00+00:00,12564.740526918396
2024-08-23 14:00:00+00:00,12564.740526918396
2024-08-23 16:00:00+00:00,12564.740526918396
2024-08-23 18:00:00+00:00,12564.740526918396
2024-08-23 20:00:00+00:00,12564.740526918396
2024-08-23 22:00:00+00:00,12564.740526918396
2024-08-24 00:00:00+00:00,12564.740526918396
2024-08-24 02:00:00+00:00,12564.740526918396
2024-08-24 04:00:00+00:00,12564.740526918396
2024-08-24 06:00:00+00:00,12564.740526918396
2024-08-24 08:00:00+00:00,12564.740526918396
2024-08-24 10:00:00+00:00,12564.740526918396
2024-08-24 12:00:00+00:00,12564.740526918396
2024-08-24 14:00:00+00:00,12564.740526918396
2024-08-24 16:00:00+00:00,12564.740526918396
2024-08-24 18:00:00+00:00,12564.740526918396
2024-08-24 20:00:00+00:00,12564.740526918396
2024-08-24 22:00:00+00:00,12564.740526918396
2024-08-25 00:00:00+00:00,12564.740526918396
2024-08-25 02:00:00+00:00,12564.740526918396
2024-08-25 04:00:00+00:00,12564.740526918396
2024-08-25 06:00:00+00:00,12564.740526918396
2024-08-25 08:00:00+00:00,12564.740526918396
2024-08-25 10:00:00+00:00,12564.740526918396
2024-08-25 12:00:00+00:00,12564.740526918396
2024-08-25 14:00:00+00:00,12564.740526918396
2024-08-25 16:00:00+00:00,12564.740526918396
2024-08-25 18:00:00+00:00,12564.740526918396
2024-08-25 20:00:00+00:00,12564.740526918396
2024-08-25 22:00:00+00:00,12564.740526918396
2024-08-26 00:00:00+00:00,12564.740526918396
2024-08-26 02:00:00+00:00,12564.740526918396
2024-08-26 04:00:00+00:00,12564.740526918396
2024-08-26 06:00:00+00:00,12564.740526918396
2024-08-26 08:00:00+00:00,12564.740526918396
2024-08-26 10:00:00+00:00,12564.740526918396
2024-08-26 12:00:00+00:00,12564.740526918396
2024-08-26 14:00:00+00:00,12564.740526918396
2024-08-26 16:00:00+00:00,12564.740526918396
2024-08-26 18:00:00+00:00,12564.740526918396
2024-08-26 20:00:00+00:00,12564.740526918396
2024-08-26 22:00:00+00:00,12564.740526918396
2024-08-27 00:00:00+00:00,12564.740526918396
2024-08-27 02:00:00+00:00,12564.740526918396
2024-08-27 04:00:00+00:00,12564.740526918396
2024-08-27 06:00:00+00:00,12564.740526918396
2024-08-27 08:00:00+00:00,12564.740526918396
2024-08-27 10:00:00+00:00,12564.740526918396
2024-08-27 12:00:00+00:00,12564.740526918396
2024-08-27 14:00:00+00:00,12564.740526918396
2024-08-27 16:00:00+00:00,12564.740526918396
2024-08-27 18:00:00+00:00,12564.740526918396
2024-08-27 20:00:00+00:00,12564.740526918396
2024-08-27 22:00:00+00:00,12564.740526918396
2024-08-28 00:00:00+00:00,12564.740526918396
2024-08-28 02:00:00+00:00,12564.740526918396
2024-08-28 04:00:00+00:00,12564.740526918396
2024-08-28 06:00:00+00:00,12564.740526918396
2024-08-28 08:00:00+00:00,12564.740526918396
2024-08-28 10:00:00+00:00,12564.740526918396
2024-08-28 12:00:00+00:00,12564.740526918396
2024-08-28 14:00:00+00:00,12564.740526918396
2024-08-28 16:00:00+00:00,12564.740526918396
2024-08-28 18:00:00+00:00,12564.740526918396
2024-08-28 20:00:00+00:00,12564.740526918396
2024-08-28 22:00:00+00:00,12564.740526918396
2024-08-29 00:00:00+00:00,12564.740526918396
2024-08-29 02:00:00+00:00,12564.740526918396
2024-08-29 04:00:00+00:00,12564.740526918396
2024-08-29 06:00:00+00:00,12564.740526918396
2024-08-29 08:00:00+00:00,12564.740526918396
2024-08-29 10:00:00+00:00,12564.740526918396
2024-08-29 12:00:00+00:00,12564.740526918396
2024-08-29 14:00:00+00:00,12564.740526918396
2024-08-29 16:00:00+00:00,12564.740526918396
2024-08-29 18:00:00+00:00,12564.740526918396
2024-08-29 20:00:00+00:00,12564.740526918396
2024-08-29 22:00:00+00:00,12564.740526918396
2024-08-30 00:00:00+00:00,12564.740526918396
2024-08-30 02:00:00+00:00,12564.740526918396
2024-08-30 04:00:00+00:00,12564.740526918396
2024-08-30 06:00:00+00:00,12564.740526918396
2024-08-30 08:00:00+00:00,12564.740526918396
2024-08-30 10:00:00+00:00,12564.740526918396
2024-08-30 12:00:00+00:00,12564.740526918396
2024-08-30 14:00:00+00:00,12564.740526918396
2024-08-30 16:00:00+00:00,12564.740526918396
2024-08-30 18:00:00+00:00,12564.740526918396
2024-08-30 20:00:00+00:00,12564.740526918396
2024-08-30 22:00:00+00:00,12564.740526918396
2024-08-31 00:00:00+00:00,12564.740526918396
2024-08-31 02:00:00+00:00,12564.740526918396
2024-08-31 04:00:00+00:00,12564.740526918396
2024-08-31 06:00:00+00:00,12564.740526918396
2024-08-31 08:00:00+00:00,12564.740526918396
2024-08-31 10:00:00+00:00,12564.740526918396
2024-08-31 12:00:00+00:00,12564.740526918396
2024-08-31 14:00:00+00:00,12564.740526918396
2024-08-31 16:00:00+00:00,12564.740526918396
2024-08-31 18:00:00+00:00,12570.548535189268
2024-08-31 20:00:00+00:00,12499.719166032286
2024-08-31 22:00:00+00:00,12548.41435732771
2024-09-01 00:00:00+00:00,12764.083081348492
2024-09-01 02:00:00+00:00,12728.66839677
2024-09-01 04:00:00+00:00,12919.022326379392
2024-09-01 06:00:00+00:00,12750.802574631556
2024-09-01 08:00:00+00:00,12844.22235380321
2024-09-01 10:00:00+00:00,12866.35653166477
2024-09-01 12:00:00+00:00,12990.307927689488
2024-09-01 14:00:00+00:00,12897.344380670947
2024-09-01 16:00:00+00:00,13109.451619588546
2024-09-01 18:00:00+00:00,12843.841485249859
2024-09-01 20:00:00+00:00,12963.366045702267
2024-09-01 22:00:00+00:00,13339.647069348739
2024-09-02 00:00:00+00:00,13263.224899079298
2024-09-02 02:00:00+00:00,13205.67603663925
2024-09-02 04:00:00+00:00,13218.956543356186
2024-09-02 06:00:00+00:00,13413.737308537888
2024-09-02 08:00:00+00:00,12948.607411150653
2024-09-02 10:00:00+00:00,12944.180575578343
2024-09-02 12:00:00+00:00,13045.997793741508
2024-09-02 14:00:00+00:00,12908.765890999854
2024-09-02 16:00:00+00:00,12818.970441882831
2024-09-02 18:00:00+00:00,12934.068166762929
2024-09-02 20:00:00+00:00,12588.774992122637
2024-09-02 22:00:00+00:00,12535.6529652549
2024-09-03 00:00:00+00:00,12430.374695643528
2024-09-03 02:00:00+00:00,12594.167611819052
2024-09-03 04:00:00+00:00,12611.874954108298
2024-09-03 06:00:00+00:00,12514.484571517445
2024-09-03 08:00:00+00:00,12643.551025179417
2024-09-03 10:00:00+00:00,12652.40469632404
2024-09-03 12:00:00+00:00,12979.990528675085
2024-09-03 14:00:00+00:00,13298.722689881506
2024-09-03 16:00:00+00:00,13270.132293548922
2024-09-03 18:00:00+00:00,13234.717608970434
2024-09-03 20:00:00+00:00,13243.571280115055
2024-09-03 22:00:00+00:00,13464.913058730626
2024-09-04 00:00:00+00:00,13629.121815106377
2024-09-04 02:00:00+00:00,13522.8777613709
2024-09-04 04:00:00+00:00,13602.560801672505
2024-09-04 06:00:00+00:00,13394.49952977387
2024-09-04 08:00:00+00:00,13353.909171518395
2024-09-04 10:00:00+00:00,13508.848416549294
2024-09-04 12:00:00+00:00,13376.043349379952
2024-09-04 14:00:00+00:00,12951.067134438053
2024-09-04 16:00:00+00:00,13039.707742608456
2024-09-04 18:00:00+00:00,13083.97609833157
2024-09-04 20:00:00+00:00,13008.719893602276
2024-09-04 22:00:00+00:00,13030.854071463835
2024-09-05 00:00:00+00:00,13051.737278936025
2024-09-05 02:00:00+00:00,13277.505893123907
2024-09-05 04:00:00+00:00,13184.542346105367
2024-09-05 06:00:00+00:00,13118.139812520696
2024-09-05 08:00:00+00:00,13003.396198407674
2024-09-05 10:00:00+00:00,12998.969362835362
2024-09-05 12:00:00+00:00,12892.72530909989
2024-09-05 14:00:00+00:00,13122.920758860082
2024-09-05 16:00:00+00:00,13104.134906620353
2024-09-05 18:00:00+00:00,13334.330356380548
2024-09-05 20:00:00+00:00,13290.062000657432
2024-09-05 22:00:00+00:00,13352.037698669794
2024-09-06 00:00:00+00:00,13211.553842516721
2024-09-06 02:00:00+00:00,13154.004980076672
2024-09-06 04:00:00+00:00,13198.273335799786
2024-09-06 06:00:00+00:00,13300.09055396295
2024-09-06 08:00:00+00:00,13233.181126899122
2024-09-06 10:00:00+00:00,13135.790744308271
2024-09-06 12:00:00+00:00,13038.400361717418
2024-09-06 14:00:00+00:00,13131.363908735957
2024-09-06 16:00:00+00:00,13281.20502266664
2024-09-06 18:00:00+00:00,13462.705281131408
2024-09-06 20:00:00+00:00,13533.534650288391
2024-09-06 22:00:00+00:00,13462.705281131408
2024-09-07 00:00:00+00:00,13462.042837592448
2024-09-07 02:00:00+00:00,13395.640304007777
2024-09-07 04:00:00+00:00,13346.94511271235
2024-09-07 06:00:00+00:00,13165.444854247582
2024-09-07 08:00:00+00:00,13263.329876880995
2024-09-07 10:00:00+00:00,13214.63468558557
2024-09-07 12:00:00+00:00,13121.67113856703
2024-09-07 14:00:00+00:00,13090.683289560851
2024-09-07 16:00:00+00:00,13363.916456800696
2024-09-07 18:00:00+00:00,13186.843033908239
2024-09-07 20:00:00+00:00,13359.489621228386
2024-09-07 22:00:00+00:00,13301.940758788336
2024-09-08 00:00:00+00:00,13242.08013162891
2024-09-08 02:00:00+00:00,13157.970255754995
2024-09-08 04:00:00+00:00,13069.433544308768
2024-09-08 06:00:00+00:00,12874.652779127064
2024-09-08 08:00:00+00:00,12595.921088029503
2024-09-08 10:00:00+00:00,12799.555524355828
2024-09-08 12:00:00+00:00,12865.958057940501
2024-09-08 14:00:00+00:00,13184.690219146922
2024-09-08 16:00:00+00:00,13015.11338235239
2024-09-08 18:00:00+00:00,12957.564519912343
2024-09-08 20:00:00+00:00,12811.478946026065
2024-09-08 22:00:00+00:00,12660.966536567475
2024-09-09 00:00:00+00:00,12668.439427408246
2024-09-09 02:00:00+00:00,12686.146769697492
2024-09-09 04:00:00+00:00,12885.354370451507
2024-09-09 06:00:00+00:00,12703.854111986735
2024-09-09 08:00:00+00:00,12667.801573524304
2024-09-09 10:00:00+00:00,12703.216258102793
2024-09-09 12:00:00+00:00,12654.521066807369
2024-09-09 14:00:00+00:00,12774.045627259778
2024-09-09 16:00:00+00:00,12250.982800098354
2024-09-09 18:00:00+00:00,12250.982800098354
2024-09-09 20:00:00+00:00,12250.982800098354
2024-09-09 22:00:00+00:00,12250.982800098354
2024-09-10 00:00:00+00:00,12250.982800098354
2024-09-10 02:00:00+00:00,12250.982800098354
2024-09-10 04:00:00+00:00,12250.982800098354
2024-09-10 06:00:00+00:00,12250.982800098354
2024-09-10 08:00:00+00:00,12250.982800098354
2024-09-10 10:00:00+00:00,12250.982800098354
2024-09-10 12:00:00+00:00,12250.982800098354
2024-09-10 14:00:00+00:00,12250.982800098354
2024-09-10 16:00:00+00:00,12250.982800098354
2024-09-10 18:00:00+00:00,12250.982800098354
2024-09-10 20:00:00+00:00,12250.982800098354
2024-09-10 22:00:00+00:00,12250.982800098354
2024-09-11 00:00:00+00:00,12250.982800098354
2024-09-11 02:00:00+00:00,12250.982800098354
2024-09-11 04:00:00+00:00,12250.982800098354
2024-09-11 06:00:00+00:00,12250.982800098354
2024-09-11 08:00:00+00:00,12250.982800098354
2024-09-11 10:00:00+00:00,12250.982800098354
2024-09-11 12:00:00+00:00,12250.982800098354
2024-09-11 14:00:00+00:00,12250.982800098354
2024-09-11 16:00:00+00:00,12250.982800098354
2024-09-11 18:00:00+00:00,12250.982800098354
2024-09-11 20:00:00+00:00,12250.982800098354
2024-09-11 22:00:00+00:00,12250.982800098354
2024-09-12 00:00:00+00:00,12250.982800098354
2024-09-12 02:00:00+00:00,12250.982800098354
2024-09-12 04:00:00+00:00,12250.982800098354
2024-09-12 06:00:00+00:00,12250.982800098354
2024-09-12 08:00:00+00:00,12250.982800098354
2024-09-12 10:00:00+00:00,12250.982800098354
2024-09-12 12:00:00+00:00,12250.982800098354
2024-09-12 14:00:00+00:00,12250.982800098354
2024-09-12 16:00:00+00:00,12250.982800098354
2024-09-12 18:00:00+00:00,12250.982800098354
2024-09-12 20:00:00+00:00,12250.982800098354
2024-09-12 22:00:00+00:00,12250.982800098354
2024-09-13 00:00:00+00:00,12250.982800098354
2024-09-13 02:00:00+00:00,12250.982800098354
2024-09-13 04:00:00+00:00,12250.982800098354
2024-09-13 06:00:00+00:00,12250.982800098354
2024-09-13 08:00:00+00:00,12250.982800098354
2024-09-13 10:00:00+00:00,12250.982800098354
2024-09-13 12:00:00+00:00,12250.982800098354
2024-09-13 14:00:00+00:00,12250.982800098354
2024-09-13 16:00:00+00:00,12250.982800098354
2024-09-13 18:00:00+00:00,12250.982800098354
2024-09-13 20:00:00+00:00,12250.982800098354
2024-09-13 22:00:00+00:00,12250.982800098354
2024-09-14 00:00:00+00:00,12250.982800098354
2024-09-14 02:00:00+00:00,12250.982800098354
2024-09-14 04:00:00+00:00,12250.982800098354
2024-09-14 06:00:00+00:00,12250.982800098354
2024-09-14 08:00:00+00:00,12250.982800098354
2024-09-14 10:00:00+00:00,12250.982800098354
2024-09-14 12:00:00+00:00,12250.982800098354
2024-09-14 14:00:00+00:00,12250.982800098354
2024-09-14 16:00:00+00:00,12250.982800098354
2024-09-14 18:00:00+00:00,12250.982800098354
2024-09-14 20:00:00+00:00,12250.982800098354
2024-09-14 22:00:00+00:00,12250.982800098354
2024-09-15 00:00:00+00:00,12250.982800098354
2024-09-15 02:00:00+00:00,12250.982800098354
2024-09-15 04:00:00+00:00,12250.982800098354
2024-09-15 06:00:00+00:00,12250.982800098354
2024-09-15 08:00:00+00:00,12250.982800098354
2024-09-15 10:00:00+00:00,12250.982800098354
2024-09-15 12:00:00+00:00,12250.982800098354
2024-09-15 14:00:00+00:00,12250.982800098354
2024-09-15 16:00:00+00:00,12250.982800098354
2024-09-15 18:00:00+00:00,12250.982800098354
2024-09-15 20:00:00+00:00,12250.982800098354
2024-09-15 22:00:00+00:00,12250.982800098354
2024-09-16 00:00:00+00:00,12250.982800098354
2024-09-16 02:00:00+00:00,12250.982800098354
2024-09-16 04:00:00+00:00,12250.982800098354
2024-09-16 06:00:00+00:00,12250.982800098354
2024-09-16 08:00:00+00:00,12250.982800098354
2024-09-16 10:00:00+00:00,12250.982800098354
2024-09-16 12:00:00+00:00,12250.982800098354
2024-09-16 14:00:00+00:00,12250.982800098354
2024-09-16 16:00:00+00:00,12250.982800098354
2024-09-16 18:00:00+00:00,12250.982800098354
2024-09-16 20:00:00+00:00,12250.982800098354
2024-09-16 22:00:00+00:00,12250.982800098354
2024-09-17 00:00:00+00:00,12250.982800098354
2024-09-17 02:00:00+00:00,12250.982800098354
2024-09-17 04:00:00+00:00,12250.982800098354
2024-09-17 06:00:00+00:00,12250.982800098354
2024-09-17 08:00:00+00:00,12250.982800098354
2024-09-17 10:00:00+00:00,12250.982800098354
2024-09-17 12:00:00+00:00,12296.778631318755
2024-09-17 14:00:00+00:00,11788.450793812704
2024-09-17 16:00:00+00:00,11788.450793812704
2024-09-17 18:00:00+00:00,11788.450793812704
2024-09-17 20:00:00+00:00,11788.450793812704
2024-09-17 22:00:00+00:00,11788.450793812704
2024-09-18 00:00:00+00:00,11788.450793812704
2024-09-18 02:00:00+00:00,11788.450793812704
2024-09-18 04:00:00+00:00,11788.450793812704
2024-09-18 06:00:00+00:00,11788.450793812704
2024-09-18 08:00:00+00:00,11788.450793812704
2024-09-18 10:00:00+00:00,11788.450793812704
2024-09-18 12:00:00+00:00,11788.450793812704
2024-09-18 14:00:00+00:00,11788.450793812704
2024-09-18 16:00:00+00:00,11788.450793812704
2024-09-18 18:00:00+00:00,11788.450793812704
2024-09-18 20:00:00+00:00,11788.450793812704
2024-09-18 22:00:00+00:00,11788.450793812704
2024-09-19 00:00:00+00:00,11788.450793812704
2024-09-19 02:00:00+00:00,11788.450793812704
2024-09-19 04:00:00+00:00,11788.450793812704
2024-09-19 06:00:00+00:00,11788.450793812704
2024-09-19 08:00:00+00:00,11788.450793812704
2024-09-19 10:00:00+00:00,11788.450793812704
2024-09-19 12:00:00+00:00,11788.450793812704
2024-09-19 14:00:00+00:00,11788.450793812704
2024-09-19 16:00:00+00:00,11788.450793812704
2024-09-19 18:00:00+00:00,11788.450793812704
2024-09-19 20:00:00+00:00,11788.450793812704
2024-09-19 22:00:00+00:00,11788.450793812704
2024-09-20 00:00:00+00:00,11788.450793812704
2024-09-20 02:00:00+00:00,11788.450793812704
2024-09-20 04:00:00+00:00,11788.450793812704
2024-09-20 06:00:00+00:00,11788.450793812704
2024-09-20 08:00:00+00:00,11788.450793812704
2024-09-20 10:00:00+00:00,11788.450793812704
2024-09-20 12:00:00+00:00,11788.450793812704
2024-09-20 14:00:00+00:00,11788.450793812704
2024-09-20 16:00:00+00:00,11788.450793812704
2024-09-20 18:00:00+00:00,11788.450793812704
2024-09-20 20:00:00+00:00,11788.450793812704
2024-09-20 22:00:00+00:00,11788.450793812704
2024-09-21 00:00:00+00:00,11788.450793812704
2024-09-21 02:00:00+00:00,11788.450793812704
2024-09-21 04:00:00+00:00,11788.450793812704
2024-09-21 06:00:00+00:00,11788.450793812704
2024-09-21 08:00:00+00:00,11788.450793812704
2024-09-21 10:00:00+00:00,11788.450793812704
2024-09-21 12:00:00+00:00,11788.450793812704
2024-09-21 14:00:00+00:00,11788.450793812704
2024-09-21 16:00:00+00:00,11788.450793812704
2024-09-21 18:00:00+00:00,11788.450793812704
2024-09-21 20:00:00+00:00,11788.450793812704
2024-09-21 22:00:00+00:00,11788.450793812704
2024-09-22 00:00:00+00:00,11788.450793812704
2024-09-22 02:00:00+00:00,11788.450793812704
2024-09-22 04:00:00+00:00,11788.450793812704
2024-09-22 06:00:00+00:00,11788.450793812704
2024-09-22 08:00:00+00:00,11788.450793812704
2024-09-22 10:00:00+00:00,11788.450793812704
2024-09-22 12:00:00+00:00,11788.450793812704
2024-09-22 14:00:00+00:00,11788.450793812704
2024-09-22 16:00:00+00:00,11788.450793812704
2024-09-22 18:00:00+00:00,11788.450793812704
2024-09-22 20:00:00+00:00,11788.450793812704
2024-09-22 22:00:00+00:00,11788.450793812704
2024-09-23 00:00:00+00:00,11788.450793812704
2024-09-23 02:00:00+00:00,11788.450793812704
2024-09-23 04:00:00+00:00,11788.450793812704
2024-09-23 06:00:00+00:00,11788.450793812704
2024-09-23 08:00:00+00:00,11788.450793812704
2024-09-23 10:00:00+00:00,11788.450793812704
2024-09-23 12:00:00+00:00,11788.450793812704
2024-09-23 14:00:00+00:00,11788.450793812704
2024-09-23 16:00:00+00:00,11788.450793812704
2024-09-23 18:00:00+00:00,11788.450793812704
2024-09-23 20:00:00+00:00,11788.450793812704
2024-09-23 22:00:00+00:00,11788.450793812704
2024-09-24 00:00:00+00:00,11788.450793812704
2024-09-24 02:00:00+00:00,11788.450793812704
2024-09-24 04:00:00+00:00,11788.450793812704
2024-09-24 06:00:00+00:00,11788.450793812704
2024-09-24 08:00:00+00:00,11788.450793812704
2024-09-24 10:00:00+00:00,11788.450793812704
2024-09-24 12:00:00+00:00,11788.450793812704
2024-09-24 14:00:00+00:00,11788.450793812704
2024-09-24 16:00:00+00:00,11788.450793812704
2024-09-24 18:00:00+00:00,11788.450793812704
2024-09-24 20:00:00+00:00,11788.450793812704
2024-09-24 22:00:00+00:00,11788.450793812704
2024-09-25 00:00:00+00:00,11788.450793812704
2024-09-25 02:00:00+00:00,11788.450793812704
2024-09-25 04:00:00+00:00,11788.450793812704
2024-09-25 06:00:00+00:00,11788.450793812704
2024-09-25 08:00:00+00:00,11788.450793812704
2024-09-25 10:00:00+00:00,11788.450793812704
2024-09-25 12:00:00+00:00,11788.450793812704
2024-09-25 14:00:00+00:00,11788.450793812704
2024-09-25 16:00:00+00:00,11788.450793812704
2024-09-25 18:00:00+00:00,11788.450793812704
2024-09-25 20:00:00+00:00,11788.450793812704
2024-09-25 22:00:00+00:00,11788.450793812704
2024-09-26 00:00:00+00:00,11788.450793812704
2024-09-26 02:00:00+00:00,11788.450793812704
2024-09-26 04:00:00+00:00,11788.450793812704
2024-09-26 06:00:00+00:00,11788.450793812704
2024-09-26 08:00:00+00:00,11788.450793812704
2024-09-26 10:00:00+00:00,11788.450793812704
2024-09-26 12:00:00+00:00,11788.450793812704
2024-09-26 14:00:00+00:00,11788.450793812704
2024-09-26 16:00:00+00:00,11788.450793812704
2024-09-26 18:00:00+00:00,11788.450793812704
2024-09-26 20:00:00+00:00,11788.450793812704
2024-09-26 22:00:00+00:00,11788.450793812704
2024-09-27 00:00:00+00:00,11788.450793812704
2024-09-27 02:00:00+00:00,11788.450793812704
2024-09-27 04:00:00+00:00,11788.450793812704
2024-09-27 06:00:00+00:00,11788.450793812704
2024-09-27 08:00:00+00:00,11788.450793812704
2024-09-27 10:00:00+00:00,11788.450793812704
2024-09-27 12:00:00+00:00,11788.450793812704
2024-09-27 14:00:00+00:00,11788.450793812704
2024-09-27 16:00:00+00:00,11788.450793812704
2024-09-27 18:00:00+00:00,11788.450793812704
2024-09-27 20:00:00+00:00,11788.450793812704
2024-09-27 22:00:00+00:00,11788.450793812704
2024-09-28 00:00:00+00:00,11788.450793812704
2024-09-28 02:00:00+00:00,11788.450793812704
2024-09-28 04:00:00+00:00,11788.450793812704
2024-09-28 06:00:00+00:00,11788.450793812704
2024-09-28 08:00:00+00:00,11788.450793812704
2024-09-28 10:00:00+00:00,11788.450793812704
2024-09-28 12:00:00+00:00,11788.450793812704
2024-09-28 14:00:00+00:00,11788.450793812704
2024-09-28 16:00:00+00:00,11788.450793812704
2024-09-28 18:00:00+00:00,11788.450793812704
2024-09-28 20:00:00+00:00,11788.450793812704
2024-09-28 22:00:00+00:00,11788.450793812704
2024-09-29 00:00:00+00:00,11788.450793812704
2024-09-29 02:00:00+00:00,11788.450793812704
2024-09-29 04:00:00+00:00,11788.450793812704
2024-09-29 06:00:00+00:00,11788.450793812704
2024-09-29 08:00:00+00:00,11788.450793812704
2024-09-29 10:00:00+00:00,11788.450793812704
2024-09-29 12:00:00+00:00,11788.450793812704
2024-09-29 14:00:00+00:00,11788.450793812704
2024-09-29 16:00:00+00:00,11788.450793812704
2024-09-29 18:00:00+00:00,11788.450793812704
2024-09-29 20:00:00+00:00,11788.450793812704
2024-09-29 22:00:00+00:00,11788.450793812704
2024-09-30 00:00:00+00:00,11788.450793812704
2024-09-30 02:00:00+00:00,11788.450793812704
2024-09-30 04:00:00+00:00,11788.450793812704
2024-09-30 06:00:00+00:00,11788.450793812704
2024-09-30 08:00:00+00:00,11788.450793812704
2024-09-30 10:00:00+00:00,11788.450793812704
2024-09-30 12:00:00+00:00,11788.450793812704
2024-09-30 14:00:00+00:00,11788.450793812704
2024-09-30 16:00:00+00:00,11788.450793812704
2024-09-30 18:00:00+00:00,11788.450793812704
2024-09-30 20:00:00+00:00,11788.450793812704
2024-09-30 22:00:00+00:00,11788.450793812704
2024-10-01 00:00:00+00:00,11788.450793812704
2024-10-01 02:00:00+00:00,11788.450793812704
2024-10-01 04:00:00+00:00,11788.450793812704
2024-10-01 06:00:00+00:00,11788.450793812704
2024-10-01 08:00:00+00:00,11788.450793812704
2024-10-01 10:00:00+00:00,11788.450793812704
2024-10-01 12:00:00+00:00,11788.450793812704
2024-10-01 14:00:00+00:00,11788.450793812704
2024-10-01 16:00:00+00:00,11788.450793812704
2024-10-01 18:00:00+00:00,11788.450793812704
2024-10-01 20:00:00+00:00,11788.450793812704
2024-10-01 22:00:00+00:00,11788.450793812704
2024-10-02 00:00:00+00:00,11788.450793812704
2024-10-02 02:00:00+00:00,11788.450793812704
2024-10-02 04:00:00+00:00,11788.450793812704
2024-10-02 06:00:00+00:00,11788.450793812704
2024-10-02 08:00:00+00:00,11788.450793812704
2024-10-02 10:00:00+00:00,11788.450793812704
2024-10-02 12:00:00+00:00,11788.450793812704
2024-10-02 14:00:00+00:00,11788.450793812704
2024-10-02 16:00:00+00:00,11788.450793812704
2024-10-02 18:00:00+00:00,11788.450793812704
2024-10-02 20:00:00+00:00,11788.450793812704
2024-10-02 22:00:00+00:00,11788.450793812704
2024-10-03 00:00:00+00:00,11788.450793812704
2024-10-03 02:00:00+00:00,11788.450793812704
2024-10-03 04:00:00+00:00,11788.450793812704
2024-10-03 06:00:00+00:00,11788.450793812704
2024-10-03 08:00:00+00:00,11788.450793812704
2024-10-03 10:00:00+00:00,11788.450793812704
2024-10-03 12:00:00+00:00,11788.450793812704
2024-10-03 14:00:00+00:00,11788.450793812704
2024-10-03 16:00:00+00:00,11788.450793812704
2024-10-03 18:00:00+00:00,11788.450793812704
2024-10-03 20:00:00+00:00,11788.450793812704
2024-10-03 22:00:00+00:00,11788.450793812704
2024-10-04 00:00:00+00:00,11788.450793812704
2024-10-04 02:00:00+00:00,11788.450793812704
2024-10-04 04:00:00+00:00,11788.450793812704
2024-10-04 06:00:00+00:00,11788.450793812704
2024-10-04 08:00:00+00:00,11788.450793812704
2024-10-04 10:00:00+00:00,11788.450793812704
2024-10-04 12:00:00+00:00,11788.450793812704
2024-10-04 14:00:00+00:00,11788.450793812704
2024-10-04 16:00:00+00:00,11788.450793812704
2024-10-04 18:00:00+00:00,11788.450793812704
2024-10-04 20:00:00+00:00,11788.450793812704
2024-10-04 22:00:00+00:00,11788.450793812704
2024-10-05 00:00:00+00:00,11788.450793812704
2024-10-05 02:00:00+00:00,11788.450793812704
2024-10-05 04:00:00+00:00,11788.450793812704
2024-10-05 06:00:00+00:00,11788.450793812704
2024-10-05 08:00:00+00:00,11788.450793812704
2024-10-05 10:00:00+00:00,11788.450793812704
2024-10-05 12:00:00+00:00,11788.450793812704
2024-10-05 14:00:00+00:00,11788.450793812704
2024-10-05 16:00:00+00:00,11788.450793812704
2024-10-05 18:00:00+00:00,11788.450793812704
2024-10-05 20:00:00+00:00,11788.450793812704
2024-10-05 22:00:00+00:00,11788.450793812704
2024-10-06 00:00:00+00:00,11788.450793812704
2024-10-06 02:00:00+00:00,11788.450793812704
2024-10-06 04:00:00+00:00,11788.450793812704
2024-10-06 06:00:00+00:00,11788.450793812704
2024-10-06 08:00:00+00:00,11788.450793812704
2024-10-06 10:00:00+00:00,11788.450793812704
2024-10-06 12:00:00+00:00,11788.450793812704
2024-10-06 14:00:00+00:00,11788.450793812704
2024-10-06 16:00:00+00:00,11788.450793812704
2024-10-06 18:00:00+00:00,11788.450793812704
2024-10-06 20:00:00+00:00,11788.450793812704
2024-10-06 22:00:00+00:00,11788.450793812704
2024-10-07 00:00:00+00:00,11788.450793812704
2024-10-07 02:00:00+00:00,11788.450793812704
2024-10-07 04:00:00+00:00,11788.450793812704
2024-10-07 06:00:00+00:00,11788.450793812704
2024-10-07 08:00:00+00:00,11788.450793812704
2024-10-07 10:00:00+00:00,11788.450793812704
2024-10-07 12:00:00+00:00,11788.450793812704
2024-10-07 14:00:00+00:00,11788.450793812704
2024-10-07 16:00:00+00:00,11788.450793812704
2024-10-07 18:00:00+00:00,11788.450793812704
2024-10-07 20:00:00+00:00,11788.450793812704
2024-10-07 22:00:00+00:00,11788.450793812704
2024-10-08 00:00:00+00:00,11788.450793812704
2024-10-08 02:00:00+00:00,11788.450793812704
2024-10-08 04:00:00+00:00,11788.450793812704
2024-10-08 06:00:00+00:00,11788.450793812704
2024-10-08 08:00:00+00:00,11788.450793812704
2024-10-08 10:00:00+00:00,11788.450793812704
2024-10-08 12:00:00+00:00,11788.450793812704
2024-10-08 14:00:00+00:00,11788.450793812704
2024-10-08 16:00:00+00:00,11788.450793812704
2024-10-08 18:00:00+00:00,11788.450793812704
2024-10-08 20:00:00+00:00,11788.450793812704
2024-10-08 22:00:00+00:00,11788.450793812704
2024-10-09 00:00:00+00:00,11788.450793812704
2024-10-09 02:00:00+00:00,11788.450793812704
2024-10-09 04:00:00+00:00,11788.450793812704
2024-10-09 06:00:00+00:00,11788.450793812704
2024-10-09 08:00:00+00:00,11788.450793812704
2024-10-09 10:00:00+00:00,11788.450793812704
2024-10-09 12:00:00+00:00,11788.450793812704
2024-10-09 14:00:00+00:00,11788.450793812704
2024-10-09 16:00:00+00:00,11788.450793812704
2024-10-09 18:00:00+00:00,11788.450793812704
2024-10-09 20:00:00+00:00,11788.450793812704
2024-10-09 22:00:00+00:00,11788.450793812704
2024-10-10 00:00:00+00:00,11788.450793812704
2024-10-10 02:00:00+00:00,11788.450793812704
2024-10-10 04:00:00+00:00,11788.450793812704
2024-10-10 06:00:00+00:00,11788.450793812704
2024-10-10 08:00:00+00:00,11788.450793812704
2024-10-10 10:00:00+00:00,11788.450793812704
2024-10-10 12:00:00+00:00,11788.450793812704
2024-10-10 14:00:00+00:00,11788.450793812704
2024-10-10 16:00:00+00:00,11788.450793812704
2024-10-10 18:00:00+00:00,11788.450793812704
2024-10-10 20:00:00+00:00,11788.450793812704
2024-10-10 22:00:00+00:00,11788.450793812704
2024-10-11 00:00:00+00:00,11788.450793812704
2024-10-11 02:00:00+00:00,11788.450793812704
2024-10-11 04:00:00+00:00,11788.450793812704
2024-10-11 06:00:00+00:00,11788.450793812704
2024-10-11 08:00:00+00:00,11788.450793812704
2024-10-11 10:00:00+00:00,11788.450793812704
2024-10-11 12:00:00+00:00,11788.450793812704
2024-10-11 14:00:00+00:00,11788.450793812704
2024-10-11 16:00:00+00:00,11788.450793812704
2024-10-11 18:00:00+00:00,11788.450793812704
2024-10-11 20:00:00+00:00,11788.450793812704
2024-10-11 22:00:00+00:00,11788.450793812704
2024-10-12 00:00:00+00:00,11788.450793812704
2024-10-12 02:00:00+00:00,11788.450793812704
2024-10-12 04:00:00+00:00,11788.450793812704
2024-10-12 06:00:00+00:00,11788.450793812704
2024-10-12 08:00:00+00:00,11788.450793812704
2024-10-12 10:00:00+00:00,11788.450793812704
2024-10-12 12:00:00+00:00,11788.450793812704
2024-10-12 14:00:00+00:00,11788.450793812704
2024-10-12 16:00:00+00:00,11788.450793812704
2024-10-12 18:00:00+00:00,11788.450793812704
2024-10-12 20:00:00+00:00,11788.450793812704
2024-10-12 22:00:00+00:00,11788.450793812704
2024-10-13 00:00:00+00:00,11788.450793812704
2024-10-13 02:00:00+00:00,11788.450793812704
2024-10-13 04:00:00+00:00,11788.450793812704
2024-10-13 06:00:00+00:00,11788.450793812704
2024-10-13 08:00:00+00:00,11788.450793812704
2024-10-13 10:00:00+00:00,11788.450793812704
2024-10-13 12:00:00+00:00,11788.450793812704
2024-10-13 14:00:00+00:00,11788.450793812704
2024-10-13 16:00:00+00:00,11788.450793812704
2024-10-13 18:00:00+00:00,11788.450793812704
2024-10-13 20:00:00+00:00,11788.450793812704
2024-10-13 22:00:00+00:00,11788.450793812704
2024-10-14 00:00:00+00:00,11788.450793812704
2024-10-14 02:00:00+00:00,11788.450793812704
2024-10-14 04:00:00+00:00,11788.450793812704
2024-10-14 06:00:00+00:00,11788.450793812704
2024-10-14 08:00:00+00:00,11788.450793812704
2024-10-14 10:00:00+00:00,11788.450793812704
2024-10-14 12:00:00+00:00,11788.450793812704
2024-10-14 14:00:00+00:00,11788.450793812704
2024-10-14 16:00:00+00:00,11788.450793812704
2024-10-14 18:00:00+00:00,11788.450793812704
2024-10-14 20:00:00+00:00,11788.450793812704
2024-10-14 22:00:00+00:00,11788.450793812704
2024-10-15 00:00:00+00:00,11788.450793812704
2024-10-15 02:00:00+00:00,11788.450793812704
2024-10-15 04:00:00+00:00,11788.450793812704
2024-10-15 06:00:00+00:00,11788.450793812704
2024-10-15 08:00:00+00:00,11788.450793812704
2024-10-15 10:00:00+00:00,11788.450793812704
2024-10-15 12:00:00+00:00,11788.450793812704
2024-10-15 14:00:00+00:00,11788.450793812704
2024-10-15 16:00:00+00:00,11788.450793812704
2024-10-15 18:00:00+00:00,11788.450793812704
2024-10-15 20:00:00+00:00,11788.450793812704
2024-10-15 22:00:00+00:00,11788.450793812704
2024-10-16 00:00:00+00:00,11788.450793812704
2024-10-16 02:00:00+00:00,11788.450793812704
2024-10-16 04:00:00+00:00,11788.450793812704
2024-10-16 06:00:00+00:00,11788.450793812704
2024-10-16 08:00:00+00:00,11788.450793812704
2024-10-16 10:00:00+00:00,11788.450793812704
2024-10-16 12:00:00+00:00,11788.450793812704
2024-10-16 14:00:00+00:00,11788.450793812704
2024-10-16 16:00:00+00:00,11788.450793812704
2024-10-16 18:00:00+00:00,11788.450793812704
2024-10-16 20:00:00+00:00,11788.450793812704
2024-10-16 22:00:00+00:00,11788.450793812704
2024-10-17 00:00:00+00:00,11788.450793812704
2024-10-17 02:00:00+00:00,11788.450793812704
2024-10-17 04:00:00+00:00,11788.450793812704
2024-10-17 06:00:00+00:00,11788.450793812704
2024-10-17 08:00:00+00:00,11788.450793812704
2024-10-17 10:00:00+00:00,11788.450793812704
2024-10-17 12:00:00+00:00,11788.450793812704
2024-10-17 14:00:00+00:00,11788.450793812704
2024-10-17 16:00:00+00:00,11788.450793812704
2024-10-17 18:00:00+00:00,11788.450793812704
2024-10-17 20:00:00+00:00,11788.450793812704
2024-10-17 22:00:00+00:00,11788.450793812704
2024-10-18 00:00:00+00:00,11788.450793812704
2024-10-18 02:00:00+00:00,11788.450793812704
2024-10-18 04:00:00+00:00,11788.450793812704
2024-10-18 06:00:00+00:00,11788.450793812704
2024-10-18 08:00:00+00:00,11788.450793812704
2024-10-18 10:00:00+00:00,11788.450793812704
2024-10-18 12:00:00+00:00,11788.450793812704
2024-10-18 14:00:00+00:00,11788.450793812704
2024-10-18 16:00:00+00:00,11788.450793812704
2024-10-18 18:00:00+00:00,11788.450793812704
2024-10-18 20:00:00+00:00,11788.450793812704
2024-10-18 22:00:00+00:00,11788.450793812704
2024-10-19 00:00:00+00:00,11788.450793812704
2024-10-19 02:00:00+00:00,11788.450793812704
2024-10-19 04:00:00+00:00,11788.450793812704
2024-10-19 06:00:00+00:00,11788.450793812704
2024-10-19 08:00:00+00:00,11788.450793812704
2024-10-19 10:00:00+00:00,11788.450793812704
2024-10-19 12:00:00+00:00,11788.450793812704
2024-10-19 14:00:00+00:00,11788.450793812704
2024-10-19 16:00:00+00:00,11788.450793812704
2024-10-19 18:00:00+00:00,11788.450793812704
2024-10-19 20:00:00+00:00,11788.450793812704
2024-10-19 22:00:00+00:00,11788.450793812704
2024-10-20 00:00:00+00:00,11788.450793812704
2024-10-20 02:00:00+00:00,11788.450793812704
2024-10-20 04:00:00+00:00,11788.450793812704
2024-10-20 06:00:00+00:00,11788.450793812704
2024-10-20 08:00:00+00:00,11788.450793812704
2024-10-20 10:00:00+00:00,11788.450793812704
2024-10-20 12:00:00+00:00,11788.450793812704
2024-10-20 14:00:00+00:00,11788.450793812704
2024-10-20 16:00:00+00:00,11788.450793812704
2024-10-20 18:00:00+00:00,11788.450793812704
2024-10-20 20:00:00+00:00,11788.450793812704
2024-10-20 22:00:00+00:00,11788.450793812704
2024-10-21 00:00:00+00:00,11788.450793812704
2024-10-21 02:00:00+00:00,11788.450793812704
2024-10-21 04:00:00+00:00,11788.450793812704
2024-10-21 06:00:00+00:00,11788.450793812704
2024-10-21 08:00:00+00:00,11788.450793812704
2024-10-21 10:00:00+00:00,11788.450793812704
2024-10-21 12:00:00+00:00,11788.450793812704
2024-10-21 14:00:00+00:00,11788.450793812704
2024-10-21 16:00:00+00:00,11788.450793812704
2024-10-21 18:00:00+00:00,11788.450793812704
2024-10-21 20:00:00+00:00,11788.450793812704
2024-10-21 22:00:00+00:00,11788.450793812704
2024-10-22 00:00:00+00:00,11788.450793812704
2024-10-22 02:00:00+00:00,11788.450793812704
2024-10-22 04:00:00+00:00,11788.450793812704
2024-10-22 06:00:00+00:00,11788.450793812704
2024-10-22 08:00:00+00:00,11788.450793812704
2024-10-22 10:00:00+00:00,11788.450793812704
2024-10-22 12:00:00+00:00,11788.450793812704
2024-10-22 14:00:00+00:00,11788.450793812704
2024-10-22 16:00:00+00:00,11788.450793812704
2024-10-22 18:00:00+00:00,11788.450793812704
2024-10-22 20:00:00+00:00,11788.450793812704
2024-10-22 22:00:00+00:00,11788.450793812704
2024-10-23 00:00:00+00:00,11788.450793812704
2024-10-23 02:00:00+00:00,11788.450793812704
2024-10-23 04:00:00+00:00,11788.450793812704
2024-10-23 06:00:00+00:00,11788.450793812704
2024-10-23 08:00:00+00:00,11788.450793812704
2024-10-23 10:00:00+00:00,11788.450793812704
2024-10-23 12:00:00+00:00,11788.450793812704
2024-10-23 14:00:00+00:00,11788.450793812704
2024-10-23 16:00:00+00:00,11788.450793812704
2024-10-23 18:00:00+00:00,11788.450793812704
2024-10-23 20:00:00+00:00,11788.450793812704
2024-10-23 22:00:00+00:00,11788.450793812704
2024-10-24 00:00:00+00:00,11788.450793812704
2024-10-24 02:00:00+00:00,11788.450793812704
2024-10-24 04:00:00+00:00,11788.450793812704
2024-10-24 06:00:00+00:00,11788.450793812704
2024-10-24 08:00:00+00:00,11788.450793812704
2024-10-24 10:00:00+00:00,11788.450793812704
2024-10-24 12:00:00+00:00,11788.450793812704
2024-10-24 14:00:00+00:00,11788.450793812704
2024-10-24 16:00:00+00:00,11788.450793812704
2024-10-24 18:00:00+00:00,11788.450793812704
2024-10-24 20:00:00+00:00,11788.450793812704
2024-10-24 22:00:00+00:00,11788.450793812704
2024-10-25 00:00:00+00:00,11788.450793812704
2024-10-25 02:00:00+00:00,11788.450793812704
2024-10-25 04:00:00+00:00,11788.450793812704
2024-10-25 06:00:00+00:00,11788.450793812704
2024-10-25 08:00:00+00:00,11788.450793812704
2024-10-25 10:00:00+00:00,11788.450793812704
2024-10-25 12:00:00+00:00,11788.450793812704
2024-10-25 14:00:00+00:00,11788.450793812704
2024-10-25 16:00:00+00:00,11788.450793812704
2024-10-25 18:00:00+00:00,11788.450793812704
2024-10-25 20:00:00+00:00,11788.450793812704
2024-10-25 22:00:00+00:00,11788.450793812704
2024-10-26 00:00:00+00:00,11788.450793812704
2024-10-26 02:00:00+00:00,11687.728520822558
2024-10-26 04:00:00+00:00,11707.003051598245
2024-10-26 06:00:00+00:00,11517.470165637324
2024-10-26 08:00:00+00:00,11520.893442447661
2024-10-26 10:00:00+00:00,11357.059930854322
2024-10-26 12:00:00+00:00,11556.230082203088
2024-10-26 14:00:00+00:00,11720.063593796427
2024-10-26 16:00:00+00:00,11585.804155355969
2024-10-26 18:00:00+00:00,11502.281188661325
2024-10-26 20:00:00+00:00,11483.006657885639
2024-10-26 22:00:00+00:00,11441.245174538317
2024-10-27 00:00:00+00:00,11487.432732636096
2024-10-27 02:00:00+00:00,11423.18429671714
2024-10-27 04:00:00+00:00,11436.033983900932
2024-10-27 06:00:00+00:00,11445.671249288775
2024-10-27 08:00:00+00:00,11597.868405410652
2024-10-27 10:00:00+00:00,11613.930514390391
2024-10-27 12:00:00+00:00,11443.672159205156
2024-10-27 14:00:00+00:00,11417.972784837575
2024-10-27 16:00:00+00:00,11396.702376400062
2024-10-27 18:00:00+00:00,11570.173153381245
2024-10-27 20:00:00+00:00,11486.650186686602
2024-10-27 22:00:00+00:00,11547.68620080961
2024-10-28 00:00:00+00:00,11789.821208710457
2024-10-28 02:00:00+00:00,12072.514326753864
2024-10-28 04:00:00+00:00,11992.203781855169
2024-10-28 06:00:00+00:00,11725.572772791502
2024-10-28 08:00:00+00:00,11746.03300845207
2024-10-28 10:00:00+00:00,11858.467771310245
2024-10-28 12:00:00+00:00,11945.203159800834
2024-10-28 14:00:00+00:00,12096.186984210382
2024-10-28 16:00:00+00:00,12148.7341737376
2024-10-28 18:00:00+00:00,12026.66214549158
2024-10-28 20:00:00+00:00,11792.15535438739
2024-10-28 22:00:00+00:00,11631.53426459
2024-10-29 00:00:00+00:00,11264.051180503264
2024-10-29 02:00:00+00:00,11264.051180503264
2024-10-29 04:00:00+00:00,11264.051180503264
2024-10-29 06:00:00+00:00,11264.051180503264
2024-10-29 08:00:00+00:00,11264.051180503264
2024-10-29 10:00:00+00:00,11264.051180503264
2024-10-29 12:00:00+00:00,11264.051180503264
2024-10-29 14:00:00+00:00,11264.051180503264
2024-10-29 16:00:00+00:00,11264.051180503264
2024-10-29 18:00:00+00:00,11264.051180503264
2024-10-29 20:00:00+00:00,11264.051180503264
2024-10-29 22:00:00+00:00,11264.051180503264
2024-10-30 00:00:00+00:00,11264.051180503264
2024-10-30 02:00:00+00:00,11264.051180503264
2024-10-30 04:00:00+00:00,11264.051180503264
2024-10-30 06:00:00+00:00,11264.051180503264
2024-10-30 08:00:00+00:00,11264.051180503264
2024-10-30 10:00:00+00:00,11264.051180503264
2024-10-30 12:00:00+00:00,11264.051180503264
2024-10-30 14:00:00+00:00,11264.051180503264
2024-10-30 16:00:00+00:00,11264.051180503264
2024-10-30 18:00:00+00:00,11264.051180503264
2024-10-30 20:00:00+00:00,11264.051180503264
2024-10-30 22:00:00+00:00,11264.051180503264
2024-10-31 00:00:00+00:00,11264.051180503264
2024-10-31 02:00:00+00:00,11264.051180503264
2024-10-31 04:00:00+00:00,11264.051180503264
2024-10-31 06:00:00+00:00,11264.051180503264
2024-10-31 08:00:00+00:00,11264.051180503264
2024-10-31 10:00:00+00:00,11264.051180503264
2024-10-31 12:00:00+00:00,11264.051180503264
2024-10-31 14:00:00+00:00,11264.051180503264
2024-10-31 16:00:00+00:00,11264.051180503264
2024-10-31 18:00:00+00:00,11264.051180503264
2024-10-31 20:00:00+00:00,11264.051180503264
2024-10-31 22:00:00+00:00,11264.051180503264
2024-11-01 00:00:00+00:00,11264.051180503264
2024-11-01 02:00:00+00:00,11068.199024194017
2024-11-01 04:00:00+00:00,11100.505261176317
2024-11-01 06:00:00+00:00,11185.676249584201
2024-11-01 08:00:00+00:00,11098.702279459641
2024-11-01 10:00:00+00:00,11063.459111842585
2024-11-01 12:00:00+00:00,10926.72594438003
2024-11-01 14:00:00+00:00,10926.72594438003
2024-11-01 16:00:00+00:00,10926.72594438003
2024-11-01 18:00:00+00:00,10926.72594438003
2024-11-01 20:00:00+00:00,10926.72594438003
2024-11-01 22:00:00+00:00,10926.72594438003
2024-11-02 00:00:00+00:00,10926.72594438003
2024-11-02 02:00:00+00:00,10926.72594438003
2024-11-02 04:00:00+00:00,10926.72594438003
2024-11-02 06:00:00+00:00,10926.72594438003
2024-11-02 08:00:00+00:00,10926.72594438003
2024-11-02 10:00:00+00:00,10926.72594438003
2024-11-02 12:00:00+00:00,10926.72594438003
2024-11-02 14:00:00+00:00,10926.72594438003
2024-11-02 16:00:00+00:00,10926.72594438003
2024-11-02 18:00:00+00:00,10926.72594438003
2024-11-02 20:00:00+00:00,10926.72594438003
2024-11-02 22:00:00+00:00,10926.72594438003
2024-11-03 00:00:00+00:00,10926.72594438003
2024-11-03 02:00:00+00:00,10926.72594438003
2024-11-03 04:00:00+00:00,10926.72594438003
2024-11-03 06:00:00+00:00,10926.72594438003
2024-11-03 08:00:00+00:00,10926.72594438003
2024-11-03 10:00:00+00:00,10926.72594438003
2024-11-03 12:00:00+00:00,10926.72594438003
2024-11-03 14:00:00+00:00,10926.72594438003
2024-11-03 16:00:00+00:00,10926.72594438003
2024-11-03 18:00:00+00:00,10926.72594438003
2024-11-03 20:00:00+00:00,10926.72594438003
2024-11-03 22:00:00+00:00,10926.72594438003
2024-11-04 00:00:00+00:00,10926.72594438003
2024-11-04 02:00:00+00:00,10926.72594438003
2024-11-04 04:00:00+00:00,10926.72594438003
2024-11-04 06:00:00+00:00,10926.72594438003
2024-11-04 08:00:00+00:00,10926.72594438003
2024-11-04 10:00:00+00:00,10926.72594438003
2024-11-04 12:00:00+00:00,10926.72594438003
2024-11-04 14:00:00+00:00,10926.72594438003
2024-11-04 16:00:00+00:00,10926.72594438003
2024-11-04 18:00:00+00:00,10926.72594438003
2024-11-04 20:00:00+00:00,10926.72594438003
2024-11-04 22:00:00+00:00,10926.72594438003
2024-11-05 00:00:00+00:00,10926.72594438003
2024-11-05 02:00:00+00:00,10926.72594438003
2024-11-05 04:00:00+00:00,10926.72594438003
2024-11-05 06:00:00+00:00,10926.72594438003
2024-11-05 08:00:00+00:00,10926.72594438003
2024-11-05 10:00:00+00:00,10926.72594438003
2024-11-05 12:00:00+00:00,10926.72594438003
2024-11-05 14:00:00+00:00,10926.72594438003
2024-11-05 16:00:00+00:00,10926.72594438003
2024-11-05 18:00:00+00:00,10926.72594438003
2024-11-05 20:00:00+00:00,10926.72594438003
2024-11-05 22:00:00+00:00,10926.72594438003
2024-11-06 00:00:00+00:00,10926.72594438003
2024-11-06 02:00:00+00:00,10926.72594438003
2024-11-06 04:00:00+00:00,10926.72594438003
2024-11-06 06:00:00+00:00,10926.72594438003
2024-11-06 08:00:00+00:00,10926.72594438003
2024-11-06 10:00:00+00:00,10926.72594438003
2024-11-06 12:00:00+00:00,10926.72594438003
2024-11-06 14:00:00+00:00,10926.72594438003
2024-11-06 16:00:00+00:00,10926.72594438003
2024-11-06 18:00:00+00:00,10926.72594438003
2024-11-06 20:00:00+00:00,10926.72594438003
2024-11-06 22:00:00+00:00,10926.72594438003
2024-11-07 00:00:00+00:00,10926.72594438003
2024-11-07 02:00:00+00:00,10926.72594438003
2024-11-07 04:00:00+00:00,10926.72594438003
2024-11-07 06:00:00+00:00,10926.72594438003
2024-11-07 08:00:00+00:00,10926.72594438003
2024-11-07 10:00:00+00:00,10926.72594438003
2024-11-07 12:00:00+00:00,10926.72594438003
2024-11-07 14:00:00+00:00,10926.72594438003
2024-11-07 16:00:00+00:00,10926.72594438003
2024-11-07 18:00:00+00:00,10926.72594438003
2024-11-07 20:00:00+00:00,10926.72594438003
2024-11-07 22:00:00+00:00,10926.72594438003
2024-11-08 00:00:00+00:00,10926.72594438003
2024-11-08 02:00:00+00:00,10926.72594438003
2024-11-08 04:00:00+00:00,10926.72594438003
2024-11-08 06:00:00+00:00,10926.72594438003
2024-11-08 08:00:00+00:00,10926.72594438003
2024-11-08 10:00:00+00:00,10926.72594438003
2024-11-08 12:00:00+00:00,10926.72594438003
2024-11-08 14:00:00+00:00,10926.72594438003
2024-11-08 16:00:00+00:00,10926.72594438003
2024-11-08 18:00:00+00:00,10926.72594438003
2024-11-08 20:00:00+00:00,10926.72594438003
2024-11-08 22:00:00+00:00,10926.72594438003
2024-11-09 00:00:00+00:00,10926.72594438003
2024-11-09 02:00:00+00:00,10926.72594438003
2024-11-09 04:00:00+00:00,10926.72594438003
2024-11-09 06:00:00+00:00,10926.72594438003
2024-11-09 08:00:00+00:00,10926.72594438003
2024-11-09 10:00:00+00:00,10926.72594438003
2024-11-09 12:00:00+00:00,10926.72594438003
2024-11-09 14:00:00+00:00,10926.72594438003
2024-11-09 16:00:00+00:00,10926.72594438003
2024-11-09 18:00:00+00:00,10926.72594438003
2024-11-09 20:00:00+00:00,10926.72594438003
2024-11-09 22:00:00+00:00,10926.72594438003
2024-11-10 00:00:00+00:00,10926.72594438003
2024-11-10 02:00:00+00:00,10926.72594438003
2024-11-10 04:00:00+00:00,10926.72594438003
2024-11-10 06:00:00+00:00,10926.72594438003
2024-11-10 08:00:00+00:00,10926.72594438003
2024-11-10 10:00:00+00:00,10926.72594438003
2024-11-10 12:00:00+00:00,10926.72594438003
2024-11-10 14:00:00+00:00,10926.72594438003
2024-11-10 16:00:00+00:00,10926.72594438003
2024-11-10 18:00:00+00:00,10926.72594438003
2024-11-10 20:00:00+00:00,10926.72594438003
2024-11-10 22:00:00+00:00,10926.72594438003
2024-11-11 00:00:00+00:00,10926.72594438003
2024-11-11 02:00:00+00:00,10926.72594438003
2024-11-11 04:00:00+00:00,10926.72594438003
2024-11-11 06:00:00+00:00,10926.72594438003
2024-11-11 08:00:00+00:00,10926.72594438003
2024-11-11 10:00:00+00:00,10926.72594438003
2024-11-11 12:00:00+00:00,10926.72594438003
2024-11-11 14:00:00+00:00,10926.72594438003
2024-11-11 16:00:00+00:00,10926.72594438003
2024-11-11 18:00:00+00:00,10926.72594438003
2024-11-11 20:00:00+00:00,10926.72594438003
2024-11-11 22:00:00+00:00,10926.72594438003
2024-11-12 00:00:00+00:00,10926.72594438003
2024-11-12 02:00:00+00:00,10926.72594438003
2024-11-12 04:00:00+00:00,10926.72594438003
2024-11-12 06:00:00+00:00,10926.72594438003
2024-11-12 08:00:00+00:00,10926.72594438003
2024-11-12 10:00:00+00:00,10926.72594438003
2024-11-12 12:00:00+00:00,10926.72594438003
2024-11-12 14:00:00+00:00,10926.72594438003
2024-11-12 16:00:00+00:00,10926.72594438003
2024-11-12 18:00:00+00:00,10926.72594438003
2024-11-12 20:00:00+00:00,10926.72594438003
2024-11-12 22:00:00+00:00,10926.72594438003
2024-11-13 00:00:00+00:00,10926.72594438003
2024-11-13 02:00:00+00:00,10926.72594438003
2024-11-13 04:00:00+00:00,10926.72594438003
2024-11-13 06:00:00+00:00,10926.72594438003
2024-11-13 08:00:00+00:00,10926.72594438003
2024-11-13 10:00:00+00:00,10926.72594438003
2024-11-13 12:00:00+00:00,10926.72594438003
2024-11-13 14:00:00+00:00,10926.72594438003
2024-11-13 16:00:00+00:00,10926.72594438003
2024-11-13 18:00:00+00:00,10926.72594438003
2024-11-13 20:00:00+00:00,10926.72594438003
2024-11-13 22:00:00+00:00,10926.72594438003
2024-11-14 00:00:00+00:00,10926.72594438003
2024-11-14 02:00:00+00:00,10926.72594438003
2024-11-14 04:00:00+00:00,10926.72594438003
2024-11-14 06:00:00+00:00,10926.72594438003
2024-11-14 08:00:00+00:00,10926.72594438003
2024-11-14 10:00:00+00:00,10926.72594438003
2024-11-14 12:00:00+00:00,10926.72594438003
2024-11-14 14:00:00+00:00,10926.72594438003
2024-11-14 16:00:00+00:00,10926.72594438003
2024-11-14 18:00:00+00:00,10926.72594438003
2024-11-14 20:00:00+00:00,10926.72594438003
2024-11-14 22:00:00+00:00,10926.72594438003
2024-11-15 00:00:00+00:00,10926.72594438003
2024-11-15 02:00:00+00:00,10926.72594438003
2024-11-15 04:00:00+00:00,10926.72594438003
2024-11-15 06:00:00+00:00,10926.72594438003
2024-11-15 08:00:00+00:00,10926.72594438003
2024-11-15 10:00:00+00:00,10926.72594438003
2024-11-15 12:00:00+00:00,10926.72594438003
2024-11-15 14:00:00+00:00,10926.72594438003
2024-11-15 16:00:00+00:00,10926.72594438003
2024-11-15 18:00:00+00:00,10926.72594438003
2024-11-15 20:00:00+00:00,10926.72594438003
2024-11-15 22:00:00+00:00,10926.72594438003
2024-11-16 00:00:00+00:00,10926.72594438003
2024-11-16 02:00:00+00:00,10926.72594438003
2024-11-16 04:00:00+00:00,10926.72594438003
2024-11-16 06:00:00+00:00,10926.72594438003
2024-11-16 08:00:00+00:00,10926.72594438003
2024-11-16 10:00:00+00:00,10926.72594438003
2024-11-16 12:00:00+00:00,10926.72594438003
2024-11-16 14:00:00+00:00,10926.72594438003
2024-11-16 16:00:00+00:00,10926.72594438003
2024-11-16 18:00:00+00:00,10926.72594438003
2024-11-16 20:00:00+00:00,10926.72594438003
2024-11-16 22:00:00+00:00,10926.72594438003
2024-11-17 00:00:00+00:00,10926.72594438003
2024-11-17 02:00:00+00:00,10926.72594438003
2024-11-17 04:00:00+00:00,10926.72594438003
2024-11-17 06:00:00+00:00,10926.72594438003
2024-11-17 08:00:00+00:00,10926.72594438003
2024-11-17 10:00:00+00:00,10926.72594438003
2024-11-17 12:00:00+00:00,10926.72594438003
2024-11-17 14:00:00+00:00,10926.72594438003
2024-11-17 16:00:00+00:00,10926.72594438003
2024-11-17 18:00:00+00:00,10926.72594438003
2024-11-17 20:00:00+00:00,10926.72594438003
2024-11-17 22:00:00+00:00,10926.72594438003
2024-11-18 00:00:00+00:00,10926.72594438003
2024-11-18 02:00:00+00:00,10926.72594438003
2024-11-18 04:00:00+00:00,10926.72594438003
2024-11-18 06:00:00+00:00,10926.72594438003
2024-11-18 08:00:00+00:00,10926.72594438003
2024-11-18 10:00:00+00:00,10926.72594438003
2024-11-18 12:00:00+00:00,10926.72594438003
2024-11-18 14:00:00+00:00,10926.72594438003
2024-11-18 16:00:00+00:00,10926.72594438003
2024-11-18 18:00:00+00:00,10926.72594438003
2024-11-18 20:00:00+00:00,10926.72594438003
2024-11-18 22:00:00+00:00,10926.72594438003
2024-11-19 00:00:00+00:00,10926.72594438003
2024-11-19 02:00:00+00:00,10926.72594438003
2024-11-19 04:00:00+00:00,10926.72594438003
2024-11-19 06:00:00+00:00,10926.72594438003
2024-11-19 08:00:00+00:00,10926.72594438003
2024-11-19 10:00:00+00:00,10926.72594438003
2024-11-19 12:00:00+00:00,10926.72594438003
2024-11-19 14:00:00+00:00,10926.72594438003
2024-11-19 16:00:00+00:00,10926.72594438003
2024-11-19 18:00:00+00:00,10926.72594438003
2024-11-19 20:00:00+00:00,10926.72594438003
2024-11-19 22:00:00+00:00,10926.72594438003
2024-11-20 00:00:00+00:00,10926.72594438003
2024-11-20 02:00:00+00:00,10926.72594438003
2024-11-20 04:00:00+00:00,10926.72594438003
2024-11-20 06:00:00+00:00,10926.72594438003
2024-11-20 08:00:00+00:00,10926.72594438003
2024-11-20 10:00:00+00:00,10926.72594438003
2024-11-20 12:00:00+00:00,10926.72594438003
2024-11-20 14:00:00+00:00,10926.72594438003
2024-11-20 16:00:00+00:00,10926.72594438003
2024-11-20 18:00:00+00:00,10926.72594438003
2024-11-20 20:00:00+00:00,10926.72594438003
2024-11-20 22:00:00+00:00,10926.72594438003
2024-11-21 00:00:00+00:00,10926.72594438003
2024-11-21 02:00:00+00:00,10926.72594438003
2024-11-21 04:00:00+00:00,10926.72594438003
2024-11-21 06:00:00+00:00,10926.72594438003
2024-11-21 08:00:00+00:00,10926.72594438003
2024-11-21 10:00:00+00:00,10926.72594438003
2024-11-21 12:00:00+00:00,10926.72594438003
2024-11-21 14:00:00+00:00,10926.72594438003
2024-11-21 16:00:00+00:00,10926.72594438003
2024-11-21 18:00:00+00:00,10926.72594438003
2024-11-21 20:00:00+00:00,10926.72594438003
2024-11-21 22:00:00+00:00,10926.72594438003
2024-11-22 00:00:00+00:00,10926.72594438003
2024-11-22 02:00:00+00:00,10926.72594438003
2024-11-22 04:00:00+00:00,10926.72594438003
2024-11-22 06:00:00+00:00,10926.72594438003
2024-11-22 08:00:00+00:00,10926.72594438003
2024-11-22 10:00:00+00:00,10926.72594438003
2024-11-22 12:00:00+00:00,10926.72594438003
2024-11-22 14:00:00+00:00,10926.72594438003
2024-11-22 16:00:00+00:00,10926.72594438003
2024-11-22 18:00:00+00:00,10926.72594438003
2024-11-22 20:00:00+00:00,10926.72594438003
2024-11-22 22:00:00+00:00,10926.72594438003
2024-11-23 00:00:00+00:00,10926.72594438003
2024-11-23 02:00:00+00:00,10926.72594438003
2024-11-23 04:00:00+00:00,10926.72594438003
2024-11-23 06:00:00+00:00,10926.72594438003
2024-11-23 08:00:00+00:00,10926.72594438003
2024-11-23 10:00:00+00:00,10926.72594438003
2024-11-23 12:00:00+00:00,10926.72594438003
2024-11-23 14:00:00+00:00,10926.72594438003
2024-11-23 16:00:00+00:00,10926.72594438003
2024-11-23 18:00:00+00:00,10926.72594438003
2024-11-23 20:00:00+00:00,10926.72594438003
2024-11-23 22:00:00+00:00,10926.72594438003
2024-11-24 00:00:00+00:00,10926.72594438003
2024-11-24 02:00:00+00:00,10926.72594438003
2024-11-24 04:00:00+00:00,10926.72594438003
2024-11-24 06:00:00+00:00,10926.72594438003
2024-11-24 08:00:00+00:00,10926.72594438003
2024-11-24 10:00:00+00:00,10926.72594438003
2024-11-24 12:00:00+00:00,10926.72594438003
2024-11-24 14:00:00+00:00,10926.72594438003
2024-11-24 16:00:00+00:00,10926.72594438003
2024-11-24 18:00:00+00:00,10926.72594438003
2024-11-24 20:00:00+00:00,10926.72594438003
2024-11-24 22:00:00+00:00,10926.72594438003
2024-11-25 00:00:00+00:00,10926.72594438003
2024-11-25 02:00:00+00:00,10926.72594438003
2024-11-25 04:00:00+00:00,10926.72594438003
2024-11-25 06:00:00+00:00,10926.72594438003
2024-11-25 08:00:00+00:00,10926.72594438003
2024-11-25 10:00:00+00:00,10926.72594438003
2024-11-25 12:00:00+00:00,10926.72594438003
2024-11-25 14:00:00+00:00,10926.72594438003
2024-11-25 16:00:00+00:00,10926.72594438003
2024-11-25 18:00:00+00:00,10926.72594438003
2024-11-25 20:00:00+00:00,10926.72594438003
2024-11-25 22:00:00+00:00,10926.72594438003
2024-11-26 00:00:00+00:00,10926.72594438003
2024-11-26 02:00:00+00:00,10926.72594438003
2024-11-26 04:00:00+00:00,10926.72594438003
2024-11-26 06:00:00+00:00,10926.72594438003
2024-11-26 08:00:00+00:00,10926.72594438003
2024-11-26 10:00:00+00:00,10926.72594438003
2024-11-26 12:00:00+00:00,10926.72594438003
2024-11-26 14:00:00+00:00,10926.72594438003
2024-11-26 16:00:00+00:00,10926.72594438003
2024-11-26 18:00:00+00:00,10926.72594438003
2024-11-26 20:00:00+00:00,10926.72594438003
2024-11-26 22:00:00+00:00,10926.72594438003
2024-11-27 00:00:00+00:00,10926.72594438003
2024-11-27 02:00:00+00:00,10926.72594438003
2024-11-27 04:00:00+00:00,10926.72594438003
2024-11-27 06:00:00+00:00,10926.72594438003
2024-11-27 08:00:00+00:00,10926.72594438003
2024-11-27 10:00:00+00:00,10926.72594438003
2024-11-27 12:00:00+00:00,10926.72594438003
2024-11-27 14:00:00+00:00,10926.72594438003
2024-11-27 16:00:00+00:00,10926.72594438003
2024-11-27 18:00:00+00:00,10926.72594438003
2024-11-27 20:00:00+00:00,10926.72594438003
2024-11-27 22:00:00+00:00,10926.72594438003
2024-11-28 00:00:00+00:00,10926.72594438003
2024-11-28 02:00:00+00:00,10926.72594438003
2024-11-28 04:00:00+00:00,10926.72594438003
2024-11-28 06:00:00+00:00,10926.72594438003
2024-11-28 08:00:00+00:00,10926.72594438003
2024-11-28 10:00:00+00:00,10926.72594438003
2024-11-28 12:00:00+00:00,10926.72594438003
2024-11-28 14:00:00+00:00,10926.72594438003
2024-11-28 16:00:00+00:00,10926.72594438003
2024-11-28 18:00:00+00:00,10926.72594438003
2024-11-28 20:00:00+00:00,10926.72594438003
2024-11-28 22:00:00+00:00,10926.72594438003
2024-11-29 00:00:00+00:00,10926.72594438003
2024-11-29 02:00:00+00:00,10926.72594438003
2024-11-29 04:00:00+00:00,10926.72594438003
2024-11-29 06:00:00+00:00,10926.72594438003
2024-11-29 08:00:00+00:00,10926.72594438003
2024-11-29 10:00:00+00:00,10926.72594438003
2024-11-29 12:00:00+00:00,10926.72594438003
2024-11-29 14:00:00+00:00,10926.72594438003
2024-11-29 16:00:00+00:00,10926.72594438003
2024-11-29 18:00:00+00:00,10926.72594438003
2024-11-29 20:00:00+00:00,10926.72594438003
2024-11-29 22:00:00+00:00,10926.72594438003
2024-11-30 00:00:00+00:00,10926.72594438003
2024-11-30 02:00:00+00:00,10926.72594438003
2024-11-30 04:00:00+00:00,10926.72594438003
2024-11-30 06:00:00+00:00,10926.72594438003
2024-11-30 08:00:00+00:00,10926.72594438003
2024-11-30 10:00:00+00:00,10926.72594438003
2024-11-30 12:00:00+00:00,10926.72594438003
2024-11-30 14:00:00+00:00,10926.72594438003
2024-11-30 16:00:00+00:00,10926.72594438003
2024-11-30 18:00:00+00:00,10926.72594438003
2024-11-30 20:00:00+00:00,10926.72594438003
2024-11-30 22:00:00+00:00,10926.72594438003
2024-12-01 00:00:00+00:00,10926.72594438003
2024-12-01 02:00:00+00:00,10926.72594438003
2024-12-01 04:00:00+00:00,10926.72594438003
2024-12-01 06:00:00+00:00,10926.72594438003
2024-12-01 08:00:00+00:00,10926.72594438003
2024-12-01 10:00:00+00:00,10926.72594438003
2024-12-01 12:00:00+00:00,10926.72594438003
2024-12-01 14:00:00+00:00,10926.72594438003
2024-12-01 16:00:00+00:00,10926.72594438003
2024-12-01 18:00:00+00:00,10926.72594438003
2024-12-01 20:00:00+00:00,10926.72594438003
2024-12-01 22:00:00+00:00,10926.72594438003
2024-12-02 00:00:00+00:00,10926.72594438003
2024-12-02 02:00:00+00:00,10926.72594438003
2024-12-02 04:00:00+00:00,10926.72594438003
2024-12-02 06:00:00+00:00,10926.72594438003
2024-12-02 08:00:00+00:00,10926.72594438003
2024-12-02 10:00:00+00:00,10926.72594438003
2024-12-02 12:00:00+00:00,10926.72594438003
2024-12-02 14:00:00+00:00,10926.72594438003
2024-12-02 16:00:00+00:00,10926.72594438003
2024-12-02 18:00:00+00:00,10926.72594438003
2024-12-02 20:00:00+00:00,10926.72594438003
2024-12-02 22:00:00+00:00,10926.72594438003
2024-12-03 00:00:00+00:00,10926.72594438003
2024-12-03 02:00:00+00:00,10926.72594438003
2024-12-03 04:00:00+00:00,10926.72594438003
2024-12-03 06:00:00+00:00,10926.72594438003
2024-12-03 08:00:00+00:00,10926.72594438003
2024-12-03 10:00:00+00:00,10926.72594438003
2024-12-03 12:00:00+00:00,10926.72594438003
2024-12-03 14:00:00+00:00,10926.72594438003
2024-12-03 16:00:00+00:00,10926.72594438003
2024-12-03 18:00:00+00:00,10926.72594438003
2024-12-03 20:00:00+00:00,10926.72594438003
2024-12-03 22:00:00+00:00,10926.72594438003
2024-12-04 00:00:00+00:00,10926.72594438003
2024-12-04 02:00:00+00:00,10926.72594438003
2024-12-04 04:00:00+00:00,10926.72594438003
2024-12-04 06:00:00+00:00,10926.72594438003
2024-12-04 08:00:00+00:00,10926.72594438003
2024-12-04 10:00:00+00:00,10926.72594438003
2024-12-04 12:00:00+00:00,10926.72594438003
2024-12-04 14:00:00+00:00,10926.72594438003
2024-12-04 16:00:00+00:00,10926.72594438003
2024-12-04 18:00:00+00:00,10926.72594438003
2024-12-04 20:00:00+00:00,10926.72594438003
2024-12-04 22:00:00+00:00,10926.72594438003
2024-12-05 00:00:00+00:00,10926.72594438003
2024-12-05 02:00:00+00:00,10926.72594438003
2024-12-05 04:00:00+00:00,10926.72594438003
2024-12-05 06:00:00+00:00,10926.72594438003
2024-12-05 08:00:00+00:00,10926.72594438003
2024-12-05 10:00:00+00:00,10926.72594438003
2024-12-05 12:00:00+00:00,10926.72594438003
2024-12-05 14:00:00+00:00,10926.72594438003
2024-12-05 16:00:00+00:00,10926.72594438003
2024-12-05 18:00:00+00:00,10926.72594438003
2024-12-05 20:00:00+00:00,10926.72594438003
2024-12-05 22:00:00+00:00,10926.72594438003
2024-12-06 00:00:00+00:00,10926.72594438003
2024-12-06 02:00:00+00:00,10926.72594438003
2024-12-06 04:00:00+00:00,10926.72594438003
2024-12-06 06:00:00+00:00,10926.72594438003
2024-12-06 08:00:00+00:00,10926.72594438003
2024-12-06 10:00:00+00:00,10926.72594438003
2024-12-06 12:00:00+00:00,10926.72594438003
2024-12-06 14:00:00+00:00,10926.72594438003
2024-12-06 16:00:00+00:00,10926.72594438003
2024-12-06 18:00:00+00:00,10926.72594438003
2024-12-06 20:00:00+00:00,10926.72594438003
2024-12-06 22:00:00+00:00,10926.72594438003
2024-12-07 00:00:00+00:00,10926.72594438003
2024-12-07 02:00:00+00:00,10926.72594438003
2024-12-07 04:00:00+00:00,10926.72594438003
2024-12-07 06:00:00+00:00,10926.72594438003
2024-12-07 08:00:00+00:00,10926.72594438003
2024-12-07 10:00:00+00:00,10926.72594438003
2024-12-07 12:00:00+00:00,10926.72594438003
2024-12-07 14:00:00+00:00,10926.72594438003
2024-12-07 16:00:00+00:00,10926.72594438003
2024-12-07 18:00:00+00:00,10926.72594438003
2024-12-07 20:00:00+00:00,10926.72594438003
2024-12-07 22:00:00+00:00,10926.72594438003
2024-12-08 00:00:00+00:00,10926.72594438003
2024-12-08 02:00:00+00:00,10926.72594438003
2024-12-08 04:00:00+00:00,10926.72594438003
2024-12-08 06:00:00+00:00,10926.72594438003
2024-12-08 08:00:00+00:00,10926.72594438003
2024-12-08 10:00:00+00:00,10926.72594438003
2024-12-08 12:00:00+00:00,10926.72594438003
2024-12-08 14:00:00+00:00,10926.72594438003
2024-12-08 16:00:00+00:00,10926.72594438003
2024-12-08 18:00:00+00:00,10926.72594438003
2024-12-08 20:00:00+00:00,10926.72594438003
2024-12-08 22:00:00+00:00,10926.72594438003
2024-12-09 00:00:00+00:00,10926.72594438003
2024-12-09 02:00:00+00:00,10926.72594438003
2024-12-09 04:00:00+00:00,10926.72594438003
2024-12-09 06:00:00+00:00,10926.72594438003
2024-12-09 08:00:00+00:00,10926.72594438003
2024-12-09 10:00:00+00:00,10926.72594438003
2024-12-09 12:00:00+00:00,10926.72594438003
2024-12-09 14:00:00+00:00,10926.72594438003
2024-12-09 16:00:00+00:00,10926.72594438003
2024-12-09 18:00:00+00:00,10926.72594438003
2024-12-09 20:00:00+00:00,10926.72594438003
2024-12-09 22:00:00+00:00,10926.72594438003
2024-12-10 00:00:00+00:00,10926.72594438003
2024-12-10 02:00:00+00:00,10926.72594438003
2024-12-10 04:00:00+00:00,10926.72594438003
2024-12-10 06:00:00+00:00,10926.72594438003
2024-12-10 08:00:00+00:00,10926.72594438003
2024-12-10 10:00:00+00:00,10926.72594438003
2024-12-10 12:00:00+00:00,10926.72594438003
2024-12-10 14:00:00+00:00,10926.72594438003
2024-12-10 16:00:00+00:00,10926.72594438003
2024-12-10 18:00:00+00:00,10926.72594438003
2024-12-10 20:00:00+00:00,10926.72594438003
2024-12-10 22:00:00+00:00,10926.72594438003
2024-12-11 00:00:00+00:00,10926.72594438003
2024-12-11 02:00:00+00:00,10926.72594438003
2024-12-11 04:00:00+00:00,10926.72594438003
2024-12-11 06:00:00+00:00,10926.72594438003
2024-12-11 08:00:00+00:00,10926.72594438003
2024-12-11 10:00:00+00:00,10926.72594438003
2024-12-11 12:00:00+00:00,10926.72594438003
2024-12-11 14:00:00+00:00,10926.72594438003
2024-12-11 16:00:00+00:00,10926.72594438003
2024-12-11 18:00:00+00:00,10926.72594438003
2024-12-11 20:00:00+00:00,10926.72594438003
2024-12-11 22:00:00+00:00,10926.72594438003
2024-12-12 00:00:00+00:00,10926.72594438003
2024-12-12 02:00:00+00:00,10926.72594438003
2024-12-12 04:00:00+00:00,10926.72594438003
2024-12-12 06:00:00+00:00,10926.72594438003
2024-12-12 08:00:00+00:00,10926.72594438003
2024-12-12 10:00:00+00:00,10926.72594438003
2024-12-12 12:00:00+00:00,10926.72594438003
2024-12-12 14:00:00+00:00,10926.72594438003
2024-12-12 16:00:00+00:00,10926.72594438003
2024-12-12 18:00:00+00:00,10926.72594438003
2024-12-12 20:00:00+00:00,10926.72594438003
2024-12-12 22:00:00+00:00,10926.72594438003
2024-12-13 00:00:00+00:00,10926.72594438003
2024-12-13 02:00:00+00:00,10926.72594438003
2024-12-13 04:00:00+00:00,10926.72594438003
2024-12-13 06:00:00+00:00,10926.72594438003
2024-12-13 08:00:00+00:00,10926.72594438003
2024-12-13 10:00:00+00:00,10926.72594438003
2024-12-13 12:00:00+00:00,10926.72594438003
2024-12-13 14:00:00+00:00,10926.72594438003
2024-12-13 16:00:00+00:00,10926.72594438003
2024-12-13 18:00:00+00:00,10926.72594438003
2024-12-13 20:00:00+00:00,10926.72594438003
2024-12-13 22:00:00+00:00,10926.72594438003
2024-12-14 00:00:00+00:00,10926.72594438003
2024-12-14 02:00:00+00:00,10926.72594438003
2024-12-14 04:00:00+00:00,10926.72594438003
2024-12-14 06:00:00+00:00,10926.72594438003
2024-12-14 08:00:00+00:00,10926.72594438003
2024-12-14 10:00:00+00:00,10926.72594438003
2024-12-14 12:00:00+00:00,10926.72594438003
2024-12-14 14:00:00+00:00,10926.72594438003
2024-12-14 16:00:00+00:00,10926.72594438003
2024-12-14 18:00:00+00:00,10926.72594438003
2024-12-14 20:00:00+00:00,10926.72594438003
2024-12-14 22:00:00+00:00,10926.72594438003
2024-12-15 00:00:00+00:00,10926.72594438003
2024-12-15 02:00:00+00:00,10926.72594438003
2024-12-15 04:00:00+00:00,10926.72594438003
2024-12-15 06:00:00+00:00,10926.72594438003
2024-12-15 08:00:00+00:00,10926.72594438003
2024-12-15 10:00:00+00:00,10926.72594438003
2024-12-15 12:00:00+00:00,10926.72594438003
2024-12-15 14:00:00+00:00,10926.72594438003
2024-12-15 16:00:00+00:00,10926.72594438003
2024-12-15 18:00:00+00:00,10926.72594438003
2024-12-15 20:00:00+00:00,10926.72594438003
2024-12-15 22:00:00+00:00,10926.72594438003
2024-12-16 00:00:00+00:00,10926.72594438003
2024-12-16 02:00:00+00:00,10926.72594438003
2024-12-16 04:00:00+00:00,10926.72594438003
2024-12-16 06:00:00+00:00,10926.72594438003
2024-12-16 08:00:00+00:00,10926.72594438003
2024-12-16 10:00:00+00:00,10926.72594438003
2024-12-16 12:00:00+00:00,10926.72594438003
2024-12-16 14:00:00+00:00,10926.72594438003
2024-12-16 16:00:00+00:00,10926.72594438003
2024-12-16 18:00:00+00:00,10926.72594438003
2024-12-16 20:00:00+00:00,10926.72594438003
2024-12-16 22:00:00+00:00,10926.72594438003
2024-12-17 00:00:00+00:00,10926.72594438003
2024-12-17 02:00:00+00:00,10926.72594438003
2024-12-17 04:00:00+00:00,10926.72594438003
2024-12-17 06:00:00+00:00,10926.72594438003
2024-12-17 08:00:00+00:00,10926.72594438003
2024-12-17 10:00:00+00:00,10926.72594438003
2024-12-17 12:00:00+00:00,10926.72594438003
2024-12-17 14:00:00+00:00,10926.72594438003
2024-12-17 16:00:00+00:00,10926.72594438003
2024-12-17 18:00:00+00:00,10926.72594438003
2024-12-17 20:00:00+00:00,10926.72594438003
2024-12-17 22:00:00+00:00,10926.72594438003
2024-12-18 00:00:00+00:00,10926.72594438003
2024-12-18 02:00:00+00:00,10953.386031856493
2024-12-18 04:00:00+00:00,11018.832873143345
2024-12-18 06:00:00+00:00,10991.38742357144
2024-12-18 08:00:00+00:00,10897.470150730593
2024-12-18 10:00:00+00:00,10815.133802014876
2024-12-18 12:00:00+00:00,11005.140760589606
2024-12-18 14:00:00+00:00,10986.140064732132
2024-12-18 16:00:00+00:00,10873.222729390343
2024-12-18 18:00:00+00:00,11196.23455896738
2024-12-18 20:00:00+00:00,11550.91421497354
2024-12-18 22:00:00+00:00,11861.258913978929
2024-12-19 00:00:00+00:00,12070.82775206321
2024-12-19 02:00:00+00:00,11802.706821629981
2024-12-19 04:00:00+00:00,11832.263459630496
2024-12-19 06:00:00+00:00,11847.041778630752
2024-12-19 08:00:00+00:00,11875.897323888663
2024-12-19 10:00:00+00:00,11707.002249600017
2024-12-19 12:00:00+00:00,11821.006424744854
2024-12-19 14:00:00+00:00,12040.570021320094
2024-12-19 16:00:00+00:00,12490.619566708114
2024-12-19 18:00:00+00:00,12798.853077284895
2024-12-19 20:00:00+00:00,12648.95869885372
2024-12-19 22:00:00+00:00,12729.183859140827
2024-12-20 00:00:00+00:00,12738.990054683873
2024-12-20 02:00:00+00:00,12660.876082825374
2024-12-20 04:00:00+00:00,12893.106809972263
2024-12-20 06:00:00+00:00,12905.773940543912
2024-12-20 08:00:00+00:00,13525.82784679124
2024-12-20 10:00:00+00:00,13956.51028622729
2024-12-20 12:00:00+00:00,13228.1502783575
2024-12-20 14:00:00+00:00,13002.253116496435
2024-12-20 16:00:00+00:00,12863.120695337584
2024-12-20 18:00:00+00:00,12692.114432620328
2024-12-20 20:00:00+00:00,12774.450781336045
2024-12-20 22:00:00+00:00,12542.220054189154
2024-12-21 00:00:00+00:00,12572.257462257894
2024-12-21 02:00:00+00:00,12561.701520114853
2024-12-21 04:00:00+00:00,12086.684123678033
2024-12-21 06:00:00+00:00,11733.974206475767
2024-12-21 08:00:00+00:00,11733.974206475767
2024-12-21 10:00:00+00:00,11733.974206475767
2024-12-21 12:00:00+00:00,11733.974206475767
2024-12-21 14:00:00+00:00,11733.974206475767
2024-12-21 16:00:00+00:00,11733.974206475767
2024-12-21 18:00:00+00:00,11733.974206475767
2024-12-21 20:00:00+00:00,11733.974206475767
2024-12-21 22:00:00+00:00,11733.974206475767
2024-12-22 00:00:00+00:00,11733.974206475767
2024-12-22 02:00:00+00:00,11733.974206475767
2024-12-22 04:00:00+00:00,11733.974206475767
2024-12-22 06:00:00+00:00,11733.974206475767
2024-12-22 08:00:00+00:00,11733.974206475767
2024-12-22 10:00:00+00:00,11733.974206475767
2024-12-22 12:00:00+00:00,11733.974206475767
2024-12-22 14:00:00+00:00,11733.974206475767
2024-12-22 16:00:00+00:00,11733.974206475767
2024-12-22 18:00:00+00:00,11733.974206475767
2024-12-22 20:00:00+00:00,11733.974206475767
2024-12-22 22:00:00+00:00,11733.974206475767
2024-12-23 00:00:00+00:00,11733.974206475767
2024-12-23 02:00:00+00:00,11733.974206475767
2024-12-23 04:00:00+00:00,11733.974206475767
2024-12-23 06:00:00+00:00,11733.974206475767
2024-12-23 08:00:00+00:00,11733.974206475767
2024-12-23 10:00:00+00:00,11733.974206475767
2024-12-23 12:00:00+00:00,11733.974206475767
2024-12-23 14:00:00+00:00,11733.974206475767
2024-12-23 16:00:00+00:00,11733.974206475767
2024-12-23 18:00:00+00:00,11733.974206475767
2024-12-23 20:00:00+00:00,11733.974206475767
2024-12-23 22:00:00+00:00,11733.974206475767
2024-12-24 00:00:00+00:00,11733.974206475767
2024-12-24 02:00:00+00:00,11733.974206475767
2024-12-24 04:00:00+00:00,11733.974206475767
2024-12-24 06:00:00+00:00,11733.974206475767
2024-12-24 08:00:00+00:00,11733.974206475767
2024-12-24 10:00:00+00:00,11733.974206475767
2024-12-24 12:00:00+00:00,11733.974206475767
2024-12-24 14:00:00+00:00,11733.974206475767
2024-12-24 16:00:00+00:00,11733.974206475767
2024-12-24 18:00:00+00:00,11733.974206475767
2024-12-24 20:00:00+00:00,11733.974206475767
2024-12-24 22:00:00+00:00,11733.974206475767
2024-12-25 00:00:00+00:00,11733.974206475767
2024-12-25 02:00:00+00:00,11733.974206475767
2024-12-25 04:00:00+00:00,11733.974206475767
2024-12-25 06:00:00+00:00,11733.974206475767
2024-12-25 08:00:00+00:00,11733.974206475767
2024-12-25 10:00:00+00:00,11733.974206475767
2024-12-25 12:00:00+00:00,11733.974206475767
2024-12-25 14:00:00+00:00,11733.974206475767
2024-12-25 16:00:00+00:00,11733.974206475767
2024-12-25 18:00:00+00:00,11733.974206475767
2024-12-25 20:00:00+00:00,11733.974206475767
2024-12-25 22:00:00+00:00,11733.974206475767
2024-12-26 00:00:00+00:00,11733.974206475767
2024-12-26 02:00:00+00:00,11733.974206475767
2024-12-26 04:00:00+00:00,11733.974206475767
2024-12-26 06:00:00+00:00,11733.974206475767
2024-12-26 08:00:00+00:00,11733.974206475767
2024-12-26 10:00:00+00:00,11733.974206475767
2024-12-26 12:00:00+00:00,11733.974206475767
2024-12-26 14:00:00+00:00,11733.974206475767
2024-12-26 16:00:00+00:00,11733.974206475767
2024-12-26 18:00:00+00:00,11733.974206475767
2024-12-26 20:00:00+00:00,11733.974206475767
2024-12-26 22:00:00+00:00,11733.974206475767
2024-12-27 00:00:00+00:00,11733.974206475767
2024-12-27 02:00:00+00:00,11733.974206475767
2024-12-27 04:00:00+00:00,11733.974206475767
2024-12-27 06:00:00+00:00,11733.974206475767
2024-12-27 08:00:00+00:00,11733.974206475767
2024-12-27 10:00:00+00:00,11733.974206475767
2024-12-27 12:00:00+00:00,11733.974206475767
2024-12-27 14:00:00+00:00,11733.974206475767
2024-12-27 16:00:00+00:00,11733.974206475767
2024-12-27 18:00:00+00:00,11733.974206475767
2024-12-27 20:00:00+00:00,11733.974206475767
2024-12-27 22:00:00+00:00,11733.974206475767
2024-12-28 00:00:00+00:00,11733.974206475767
2024-12-28 02:00:00+00:00,11733.974206475767
2024-12-28 04:00:00+00:00,11733.974206475767
2024-12-28 06:00:00+00:00,11733.974206475767
2024-12-28 08:00:00+00:00,11733.974206475767
2024-12-28 10:00:00+00:00,11733.974206475767
2024-12-28 12:00:00+00:00,11733.974206475767
2024-12-28 14:00:00+00:00,11733.974206475767
2024-12-28 16:00:00+00:00,11733.974206475767
2024-12-28 18:00:00+00:00,11733.974206475767
2024-12-28 20:00:00+00:00,11733.974206475767
2024-12-28 22:00:00+00:00,11733.974206475767
2024-12-29 00:00:00+00:00,11733.974206475767
2024-12-29 02:00:00+00:00,11733.974206475767
2024-12-29 04:00:00+00:00,11733.974206475767
2024-12-29 06:00:00+00:00,11733.974206475767
2024-12-29 08:00:00+00:00,11733.974206475767
2024-12-29 10:00:00+00:00,11733.974206475767
2024-12-29 12:00:00+00:00,11733.974206475767
2024-12-29 14:00:00+00:00,11733.974206475767
2024-12-29 16:00:00+00:00,11733.974206475767
2024-12-29 18:00:00+00:00,11733.974206475767
2024-12-29 20:00:00+00:00,11733.974206475767
2024-12-29 22:00:00+00:00,11733.974206475767
2024-12-30 00:00:00+00:00,11733.974206475767
2024-12-30 02:00:00+00:00,11733.974206475767
2024-12-30 04:00:00+00:00,11733.974206475767
2024-12-30 06:00:00+00:00,11733.974206475767
2024-12-30 08:00:00+00:00,11733.974206475767
2024-12-30 10:00:00+00:00,11733.974206475767
2024-12-30 12:00:00+00:00,11733.974206475767
2024-12-30 14:00:00+00:00,11733.974206475767
2024-12-30 16:00:00+00:00,11733.974206475767
2024-12-30 18:00:00+00:00,11733.974206475767
2024-12-30 20:00:00+00:00,11733.974206475767
2024-12-30 22:00:00+00:00,11733.974206475767
2024-12-31 00:00:00+00:00,11733.974206475767
2024-12-31 02:00:00+00:00,11733.974206475767
2024-12-31 04:00:00+00:00,11733.974206475767
2024-12-31 06:00:00+00:00,11733.974206475767
2024-12-31 08:00:00+00:00,11733.974206475767
2024-12-31 10:00:00+00:00,11733.974206475767
2024-12-31 12:00:00+00:00,11733.974206475767
2024-12-31 14:00:00+00:00,11733.974206475767
2024-12-31 16:00:00+00:00,11733.974206475767
2024-12-31 18:00:00+00:00,11733.974206475767
2024-12-31 20:00:00+00:00,11733.974206475767
2024-12-31 22:00:00+00:00,11733.974206475767
2025-01-01 00:00:00+00:00,11733.974206475767
2025-01-01 02:00:00+00:00,11733.974206475767
2025-01-01 04:00:00+00:00,11733.974206475767
2025-01-01 06:00:00+00:00,11733.974206475767
2025-01-01 08:00:00+00:00,11733.974206475767
2025-01-01 10:00:00+00:00,11733.974206475767
2025-01-01 12:00:00+00:00,11733.974206475767
2025-01-01 14:00:00+00:00,11733.974206475767
2025-01-01 16:00:00+00:00,11733.974206475767
2025-01-01 18:00:00+00:00,11733.974206475767
2025-01-01 20:00:00+00:00,11733.974206475767
2025-01-01 22:00:00+00:00,11733.974206475767
2025-01-02 00:00:00+00:00,11733.974206475767
2025-01-02 02:00:00+00:00,11733.974206475767
2025-01-02 04:00:00+00:00,11733.974206475767
2025-01-02 06:00:00+00:00,11733.974206475767
2025-01-02 08:00:00+00:00,11733.974206475767
2025-01-02 10:00:00+00:00,11733.974206475767
2025-01-02 12:00:00+00:00,11733.974206475767
2025-01-02 14:00:00+00:00,11733.974206475767
2025-01-02 16:00:00+00:00,11733.974206475767
2025-01-02 18:00:00+00:00,11733.974206475767
2025-01-02 20:00:00+00:00,11733.974206475767
2025-01-02 22:00:00+00:00,11733.974206475767
2025-01-03 00:00:00+00:00,11733.974206475767
2025-01-03 02:00:00+00:00,11733.974206475767
2025-01-03 04:00:00+00:00,11733.974206475767
2025-01-03 06:00:00+00:00,11733.974206475767
2025-01-03 08:00:00+00:00,11733.974206475767
2025-01-03 10:00:00+00:00,11733.974206475767
2025-01-03 12:00:00+00:00,11733.974206475767
2025-01-03 14:00:00+00:00,11733.974206475767
2025-01-03 16:00:00+00:00,11733.974206475767
2025-01-03 18:00:00+00:00,11733.974206475767
2025-01-03 20:00:00+00:00,11733.974206475767
2025-01-03 22:00:00+00:00,11733.974206475767
2025-01-04 00:00:00+00:00,11733.974206475767
2025-01-04 02:00:00+00:00,11733.974206475767
2025-01-04 04:00:00+00:00,11733.974206475767
2025-01-04 06:00:00+00:00,11733.974206475767
2025-01-04 08:00:00+00:00,11733.974206475767
2025-01-04 10:00:00+00:00,11733.974206475767
2025-01-04 12:00:00+00:00,11733.974206475767
2025-01-04 14:00:00+00:00,11733.974206475767
2025-01-04 16:00:00+00:00,11733.974206475767
2025-01-04 18:00:00+00:00,11733.974206475767
2025-01-04 20:00:00+00:00,11733.974206475767
2025-01-04 22:00:00+00:00,11733.974206475767
2025-01-05 00:00:00+00:00,11733.974206475767
2025-01-05 02:00:00+00:00,11733.974206475767
2025-01-05 04:00:00+00:00,11733.974206475767
2025-01-05 06:00:00+00:00,11733.974206475767
2025-01-05 08:00:00+00:00,11733.974206475767
2025-01-05 10:00:00+00:00,11733.974206475767
2025-01-05 12:00:00+00:00,11733.974206475767
2025-01-05 14:00:00+00:00,11733.974206475767
2025-01-05 16:00:00+00:00,11733.974206475767
2025-01-05 18:00:00+00:00,11733.974206475767
2025-01-05 20:00:00+00:00,11733.974206475767
2025-01-05 22:00:00+00:00,11733.974206475767
2025-01-06 00:00:00+00:00,11733.974206475767
2025-01-06 02:00:00+00:00,11733.974206475767
2025-01-06 04:00:00+00:00,11733.974206475767
2025-01-06 06:00:00+00:00,11733.974206475767
2025-01-06 08:00:00+00:00,11733.974206475767
2025-01-06 10:00:00+00:00,11733.974206475767
2025-01-06 12:00:00+00:00,11733.974206475767
2025-01-06 14:00:00+00:00,11733.974206475767
2025-01-06 16:00:00+00:00,11733.974206475767
2025-01-06 18:00:00+00:00,11733.974206475767
2025-01-06 20:00:00+00:00,11733.974206475767
2025-01-06 22:00:00+00:00,11733.974206475767
2025-01-07 00:00:00+00:00,11733.974206475767
2025-01-07 02:00:00+00:00,11733.974206475767
2025-01-07 04:00:00+00:00,11733.974206475767
2025-01-07 06:00:00+00:00,11733.974206475767
2025-01-07 08:00:00+00:00,11733.974206475767
2025-01-07 10:00:00+00:00,11733.974206475767
2025-01-07 12:00:00+00:00,11733.974206475767
2025-01-07 14:00:00+00:00,11733.974206475767
2025-01-07 16:00:00+00:00,11733.974206475767
2025-01-07 18:00:00+00:00,12002.825331470814
2025-01-07 20:00:00+00:00,12150.374579897876
2025-01-07 22:00:00+00:00,12172.233727812998
2025-01-08 00:00:00+00:00,12146.834663443673
2025-01-08 02:00:00+00:00,12400.94725795695
2025-01-08 04:00:00+00:00,12521.172571490113
2025-01-08 06:00:00+00:00,12605.876769661205
2025-01-08 08:00:00+00:00,12640.337065356644
2025-01-08 10:00:00+00:00,12681.322967697493
2025-01-08 12:00:00+00:00,12689.520148165664
2025-01-08 14:00:00+00:00,12615.745523952131
2025-01-08 16:00:00+00:00,12915.240644401047
2025-01-08 18:00:00+00:00,12874.254742060197
2025-01-08 20:00:00+00:00,12841.466020187516
2025-01-08 22:00:00+00:00,12677.522410824113
2025-01-09 00:00:00+00:00,12644.21077354064
2025-01-09 02:00:00+00:00,12786.295234988924
2025-01-09 04:00:00+00:00,12846.407891755503
2025-01-09 06:00:00+00:00,13070.464157885492
2025-01-09 08:00:00+00:00,12914.25323821818
2025-01-09 10:00:00+00:00,12963.436321027202
2025-01-09 12:00:00+00:00,13315.91508115852
2025-01-09 14:00:00+00:00,12870.53494238794
2025-01-09 16:00:00+00:00,13080.092473708499
2025-01-09 18:00:00+00:00,13246.768476561296
2025-01-09 20:00:00+00:00,13416.17687290348
2025-01-09 22:00:00+00:00,13230.374115624954
2025-01-10 00:00:00+00:00,13173.476249751277
2025-01-10 02:00:00+00:00,13091.504445069573
2025-01-10 04:00:00+00:00,13012.265033877264
2025-01-10 06:00:00+00:00,12769.082013321546
2025-01-10 08:00:00+00:00,12766.478390842947
2025-01-10 10:00:00+00:00,12791.069932247456
2025-01-10 12:00:00+00:00,13086.168429101584
2025-01-10 14:00:00+00:00,13031.520559313783
2025-01-10 16:00:00+00:00,12771.457184041905
2025-01-10 18:00:00+00:00,12744.133249148004
2025-01-10 20:00:00+00:00,12869.823349659948
2025-01-10 22:00:00+00:00,12837.034627787267
2025-01-11 00:00:00+00:00,12902.12894884259
2025-01-11 02:00:00+00:00,12981.368360034901
2025-01-11 04:00:00+00:00,12926.7204902471
2025-01-11 06:00:00+00:00,12962.241605609172
2025-01-11 08:00:00+00:00,12977.585888054304
2025-01-11 10:00:00+00:00,12846.431000563582
2025-01-11 12:00:00+00:00,12974.853494564913
2025-01-11 14:00:00+00:00,12983.050675033084
2025-01-11 16:00:00+00:00,12991.999014953733
2025-01-11 18:00:00+00:00,13011.125769379465
2025-01-11 20:00:00+00:00,12672.308976695096
2025-01-11 22:00:00+00:00,12833.52019256911
2025-01-12 00:00:00+00:00,12785.619443583242
2025-01-12 02:00:00+00:00,12782.887050093852
2025-01-12 04:00:00+00:00,12793.816624051413
2025-01-12 06:00:00+00:00,12889.450396180066
2025-01-12 08:00:00+00:00,13001.436225727928
2025-01-12 10:00:00+00:00,12870.281338237206
2025-01-12 12:00:00+00:00,12856.619370790255
2025-01-12 14:00:00+00:00,12739.126450746482
2025-01-12 16:00:00+00:00,12808.063683124134
2025-01-12 18:00:00+00:00,12879.105913848274
2025-01-12 20:00:00+00:00,13053.979097169238
2025-01-12 22:00:00+00:00,13004.79601436022
2025-01-13 00:00:00+00:00,12997.736759052528
2025-01-13 02:00:00+00:00,13339.285945226287
2025-01-13 04:00:00+00:00,13391.201421524698
2025-01-13 06:00:00+00:00,13500.497161100302
2025-01-13 08:00:00+00:00,13765.828632606754
2025-01-13 10:00:00+00:00,14077.321490397222
2025-01-13 12:00:00+00:00,13937.96942243833
2025-01-13 14:00:00+00:00,13795.884960990044
2025-01-13 16:00:00+00:00,14027.308106079707
2025-01-13 18:00:00+00:00,13994.519384207028
2025-01-13 20:00:00+00:00,13622.913869649978
2025-01-13 22:00:00+00:00,13494.491375648646
2025-01-14 00:00:00+00:00,13514.612994543864
2025-01-14 02:00:00+00:00,13479.091879181793
2025-01-14 04:00:00+00:00,13440.838370330333
2025-01-14 06:00:00+00:00,13449.035550798502
2025-01-14 08:00:00+00:00,13081.161939269261
2025-01-14 10:00:00+00:00,13220.514007228156
2025-01-14 12:00:00+00:00,13201.387252802424
2025-01-14 14:00:00+00:00,13193.190072334255
2025-01-14 16:00:00+00:00,13187.86774934638
2025-01-14 18:00:00+00:00,13193.33253632516
2025-01-14 20:00:00+00:00,13155.0790274737
2025-01-14 22:00:00+00:00,13144.149453516138
2025-01-15 00:00:00+00:00,13087.40081660246
2025-01-15 02:00:00+00:00,13065.54166868734
2025-01-15 04:00:00+00:00,13101.06278404941
2025-01-15 06:00:00+00:00,13079.203636134289
2025-01-15 08:00:00+00:00,13321.528190188581
2025-01-15 10:00:00+00:00,13335.190157635532
2025-01-15 12:00:00+00:00,12785.585991947586
2025-01-15 14:00:00+00:00,12785.585991947586
2025-01-15 16:00:00+00:00,12785.585991947586
2025-01-15 18:00:00+00:00,12785.585991947586
2025-01-15 20:00:00+00:00,12785.585991947586
2025-01-15 22:00:00+00:00,12785.585991947586
2025-01-16 00:00:00+00:00,12785.585991947586
2025-01-16 02:00:00+00:00,12785.585991947586
2025-01-16 04:00:00+00:00,12785.585991947586
2025-01-16 06:00:00+00:00,12785.585991947586
2025-01-16 08:00:00+00:00,12785.585991947586
2025-01-16 10:00:00+00:00,12785.585991947586
2025-01-16 12:00:00+00:00,12785.585991947586
2025-01-16 14:00:00+00:00,12785.585991947586
2025-01-16 16:00:00+00:00,12785.585991947586
2025-01-16 18:00:00+00:00,12785.585991947586
2025-01-16 20:00:00+00:00,12785.585991947586
2025-01-16 22:00:00+00:00,12785.585991947586
2025-01-17 00:00:00+00:00,12785.585991947586
2025-01-17 02:00:00+00:00,12785.585991947586
2025-01-17 04:00:00+00:00,12785.585991947586
2025-01-17 06:00:00+00:00,12785.585991947586
2025-01-17 08:00:00+00:00,12785.585991947586
2025-01-17 10:00:00+00:00,12785.585991947586
2025-01-17 12:00:00+00:00,12785.585991947586
2025-01-17 14:00:00+00:00,12785.585991947586
2025-01-17 16:00:00+00:00,12785.585991947586
2025-01-17 18:00:00+00:00,12785.585991947586
2025-01-17 20:00:00+00:00,12785.585991947586
2025-01-17 22:00:00+00:00,12785.585991947586
2025-01-18 00:00:00+00:00,12785.585991947586
2025-01-18 02:00:00+00:00,12785.585991947586
2025-01-18 04:00:00+00:00,12785.585991947586
2025-01-18 06:00:00+00:00,12785.585991947586
2025-01-18 08:00:00+00:00,12785.585991947586
2025-01-18 10:00:00+00:00,12785.585991947586
2025-01-18 12:00:00+00:00,12785.585991947586
2025-01-18 14:00:00+00:00,12785.585991947586
2025-01-18 16:00:00+00:00,12785.585991947586
2025-01-18 18:00:00+00:00,12785.585991947586
2025-01-18 20:00:00+00:00,12785.585991947586
2025-01-18 22:00:00+00:00,12785.585991947586
2025-01-19 00:00:00+00:00,12785.585991947586
2025-01-19 02:00:00+00:00,12785.585991947586
2025-01-19 04:00:00+00:00,12785.585991947586
2025-01-19 06:00:00+00:00,12785.585991947586
2025-01-19 08:00:00+00:00,12785.585991947586
2025-01-19 10:00:00+00:00,12785.585991947586
2025-01-19 12:00:00+00:00,12785.585991947586
2025-01-19 14:00:00+00:00,12785.585991947586
2025-01-19 16:00:00+00:00,12785.585991947586
2025-01-19 18:00:00+00:00,12785.585991947586
2025-01-19 20:00:00+00:00,12785.585991947586
2025-01-19 22:00:00+00:00,12785.585991947586
2025-01-20 00:00:00+00:00,12785.585991947586
2025-01-20 02:00:00+00:00,12785.585991947586
2025-01-20 04:00:00+00:00,12785.585991947586
2025-01-20 06:00:00+00:00,12785.585991947586
2025-01-20 08:00:00+00:00,12785.585991947586
2025-01-20 10:00:00+00:00,12785.585991947586
2025-01-20 12:00:00+00:00,12785.585991947586
2025-01-20 14:00:00+00:00,12785.585991947586
2025-01-20 16:00:00+00:00,12785.585991947586
2025-01-20 18:00:00+00:00,12785.585991947586
2025-01-20 20:00:00+00:00,12785.585991947586
2025-01-20 22:00:00+00:00,12785.585991947586
2025-01-21 00:00:00+00:00,12785.585991947586
2025-01-21 02:00:00+00:00,12785.585991947586
2025-01-21 04:00:00+00:00,12785.585991947586
2025-01-21 06:00:00+00:00,12785.585991947586
2025-01-21 08:00:00+00:00,12785.585991947586
2025-01-21 10:00:00+00:00,12785.585991947586
2025-01-21 12:00:00+00:00,12785.585991947586
2025-01-21 14:00:00+00:00,12785.585991947586
2025-01-21 16:00:00+00:00,12785.585991947586
2025-01-21 18:00:00+00:00,12785.585991947586
2025-01-21 20:00:00+00:00,12785.585991947586
2025-01-21 22:00:00+00:00,12785.585991947586
2025-01-22 00:00:00+00:00,12785.585991947586
2025-01-22 02:00:00+00:00,12785.585991947586
2025-01-22 04:00:00+00:00,12785.585991947586
2025-01-22 06:00:00+00:00,12785.585991947586
2025-01-22 08:00:00+00:00,12785.585991947586
2025-01-22 10:00:00+00:00,12785.585991947586
2025-01-22 12:00:00+00:00,12785.585991947586
2025-01-22 14:00:00+00:00,12785.585991947586
2025-01-22 16:00:00+00:00,12785.585991947586
2025-01-22 18:00:00+00:00,12785.585991947586
2025-01-22 20:00:00+00:00,12785.585991947586
2025-01-22 22:00:00+00:00,12785.585991947586
2025-01-23 00:00:00+00:00,12785.585991947586
2025-01-23 02:00:00+00:00,12785.585991947586
2025-01-23 04:00:00+00:00,12785.585991947586
2025-01-23 06:00:00+00:00,12785.585991947586
2025-01-23 08:00:00+00:00,12785.585991947586
2025-01-23 10:00:00+00:00,12785.585991947586
2025-01-23 12:00:00+00:00,12785.585991947586
2025-01-23 14:00:00+00:00,12785.585991947586
2025-01-23 16:00:00+00:00,12785.585991947586
2025-01-23 18:00:00+00:00,12785.585991947586
2025-01-23 20:00:00+00:00,12785.585991947586
2025-01-23 22:00:00+00:00,12785.585991947586
2025-01-24 00:00:00+00:00,12785.585991947586
2025-01-24 02:00:00+00:00,12785.585991947586
2025-01-24 04:00:00+00:00,12785.585991947586
2025-01-24 06:00:00+00:00,12785.585991947586
2025-01-24 08:00:00+00:00,12785.585991947586
2025-01-24 10:00:00+00:00,12785.585991947586
2025-01-24 12:00:00+00:00,12785.585991947586
2025-01-24 14:00:00+00:00,12785.585991947586
2025-01-24 16:00:00+00:00,12785.585991947586
2025-01-24 18:00:00+00:00,12785.585991947586
2025-01-24 20:00:00+00:00,12785.585991947586
2025-01-24 22:00:00+00:00,12785.585991947586
2025-01-25 00:00:00+00:00,12785.585991947586
2025-01-25 02:00:00+00:00,12785.585991947586
2025-01-25 04:00:00+00:00,12785.585991947586
2025-01-25 06:00:00+00:00,12785.585991947586
2025-01-25 08:00:00+00:00,12785.585991947586
2025-01-25 10:00:00+00:00,12785.585991947586
2025-01-25 12:00:00+00:00,12785.585991947586
2025-01-25 14:00:00+00:00,12785.585991947586
2025-01-25 16:00:00+00:00,12785.585991947586
2025-01-25 18:00:00+00:00,12785.585991947586
2025-01-25 20:00:00+00:00,12785.585991947586
2025-01-25 22:00:00+00:00,12785.585991947586
2025-01-26 00:00:00+00:00,12785.585991947586
2025-01-26 02:00:00+00:00,12785.585991947586
2025-01-26 04:00:00+00:00,12785.585991947586
2025-01-26 06:00:00+00:00,12785.585991947586
2025-01-26 08:00:00+00:00,12785.585991947586
2025-01-26 10:00:00+00:00,12785.585991947586
2025-01-26 12:00:00+00:00,12785.585991947586
2025-01-26 14:00:00+00:00,12785.585991947586
2025-01-26 16:00:00+00:00,12785.585991947586
2025-01-26 18:00:00+00:00,12785.585991947586
2025-01-26 20:00:00+00:00,12785.585991947586
2025-01-26 22:00:00+00:00,12785.585991947586
2025-01-27 00:00:00+00:00,12785.585991947586
2025-01-27 02:00:00+00:00,12785.585991947586
2025-01-27 04:00:00+00:00,12785.585991947586
2025-01-27 06:00:00+00:00,12785.585991947586
2025-01-27 08:00:00+00:00,12785.585991947586
2025-01-27 10:00:00+00:00,12785.585991947586
2025-01-27 12:00:00+00:00,12785.585991947586
2025-01-27 14:00:00+00:00,12785.585991947586
2025-01-27 16:00:00+00:00,12785.585991947586
2025-01-27 18:00:00+00:00,12785.585991947586
2025-01-27 20:00:00+00:00,12785.585991947586
2025-01-27 22:00:00+00:00,12785.585991947586
2025-01-28 00:00:00+00:00,12785.585991947586
2025-01-28 02:00:00+00:00,12785.585991947586
2025-01-28 04:00:00+00:00,12785.585991947586
2025-01-28 06:00:00+00:00,12785.585991947586
2025-01-28 08:00:00+00:00,12785.585991947586
2025-01-28 10:00:00+00:00,12785.585991947586
2025-01-28 12:00:00+00:00,12785.585991947586
2025-01-28 14:00:00+00:00,12785.585991947586
2025-01-28 16:00:00+00:00,12785.585991947586
2025-01-28 18:00:00+00:00,12785.585991947586
2025-01-28 20:00:00+00:00,12785.585991947586
2025-01-28 22:00:00+00:00,12785.585991947586
2025-01-29 00:00:00+00:00,12785.585991947586
2025-01-29 02:00:00+00:00,12785.585991947586
2025-01-29 04:00:00+00:00,12785.585991947586
2025-01-29 06:00:00+00:00,12785.585991947586
2025-01-29 08:00:00+00:00,12785.585991947586
2025-01-29 10:00:00+00:00,12785.585991947586
2025-01-29 12:00:00+00:00,12785.585991947586
2025-01-29 14:00:00+00:00,12785.585991947586
2025-01-29 16:00:00+00:00,12785.585991947586
2025-01-29 18:00:00+00:00,12785.585991947586
2025-01-29 20:00:00+00:00,12785.585991947586
2025-01-29 22:00:00+00:00,12785.585991947586
2025-01-30 00:00:00+00:00,12785.585991947586
2025-01-30 02:00:00+00:00,12785.585991947586
2025-01-30 04:00:00+00:00,12785.585991947586
2025-01-30 06:00:00+00:00,12785.585991947586
2025-01-30 08:00:00+00:00,12785.585991947586
2025-01-30 10:00:00+00:00,12785.585991947586
2025-01-30 12:00:00+00:00,12785.585991947586
2025-01-30 14:00:00+00:00,12785.585991947586
2025-01-30 16:00:00+00:00,12785.585991947586
2025-01-30 18:00:00+00:00,12785.585991947586
2025-01-30 20:00:00+00:00,12785.585991947586
2025-01-30 22:00:00+00:00,12785.585991947586
2025-01-31 00:00:00+00:00,12785.585991947586
2025-01-31 02:00:00+00:00,12785.585991947586
2025-01-31 04:00:00+00:00,12785.585991947586
2025-01-31 06:00:00+00:00,12785.585991947586
2025-01-31 08:00:00+00:00,12785.585991947586
2025-01-31 10:00:00+00:00,12785.585991947586
2025-01-31 12:00:00+00:00,12785.585991947586
2025-01-31 14:00:00+00:00,12785.585991947586
2025-01-31 16:00:00+00:00,12785.585991947586
2025-01-31 18:00:00+00:00,12785.585991947586
2025-01-31 20:00:00+00:00,12785.585991947586
2025-01-31 22:00:00+00:00,12785.585991947586
2025-02-01 00:00:00+00:00,12785.585991947586
2025-02-01 02:00:00+00:00,12785.585991947586
2025-02-01 04:00:00+00:00,12785.585991947586
2025-02-01 06:00:00+00:00,12785.585991947586
2025-02-01 08:00:00+00:00,12785.585991947586
2025-02-01 10:00:00+00:00,12785.585991947586
2025-02-01 12:00:00+00:00,12785.585991947586
2025-02-01 14:00:00+00:00,12785.585991947586
2025-02-01 16:00:00+00:00,12785.585991947586
2025-02-01 18:00:00+00:00,12785.585991947586
2025-02-01 20:00:00+00:00,12785.585991947586
2025-02-01 22:00:00+00:00,12785.585991947586
2025-02-02 00:00:00+00:00,12785.585991947586
2025-02-02 02:00:00+00:00,12785.585991947586
2025-02-02 04:00:00+00:00,12785.585991947586
2025-02-02 06:00:00+00:00,12785.585991947586
2025-02-02 08:00:00+00:00,12785.585991947586
2025-02-02 10:00:00+00:00,12785.585991947586
2025-02-02 12:00:00+00:00,12785.585991947586
2025-02-02 14:00:00+00:00,12785.585991947586
2025-02-02 16:00:00+00:00,12785.585991947586
2025-02-02 18:00:00+00:00,12785.585991947586
2025-02-02 20:00:00+00:00,12785.585991947586
2025-02-02 22:00:00+00:00,12785.585991947586
2025-02-03 00:00:00+00:00,12785.585991947586
2025-02-03 02:00:00+00:00,12785.585991947586
2025-02-03 04:00:00+00:00,12785.585991947586
2025-02-03 06:00:00+00:00,12785.585991947586
2025-02-03 08:00:00+00:00,12785.585991947586
2025-02-03 10:00:00+00:00,12785.585991947586
2025-02-03 12:00:00+00:00,12785.585991947586
2025-02-03 14:00:00+00:00,12785.585991947586
2025-02-03 16:00:00+00:00,12785.585991947586
2025-02-03 18:00:00+00:00,12785.585991947586
2025-02-03 20:00:00+00:00,12785.585991947586
2025-02-03 22:00:00+00:00,12785.585991947586
2025-02-04 00:00:00+00:00,12785.585991947586
2025-02-04 02:00:00+00:00,12785.585991947586
2025-02-04 04:00:00+00:00,12785.585991947586
2025-02-04 06:00:00+00:00,12785.585991947586
2025-02-04 08:00:00+00:00,12785.585991947586
2025-02-04 10:00:00+00:00,12785.585991947586
2025-02-04 12:00:00+00:00,12785.585991947586
2025-02-04 14:00:00+00:00,12785.585991947586
2025-02-04 16:00:00+00:00,12785.585991947586
2025-02-04 18:00:00+00:00,12785.585991947586
2025-02-04 20:00:00+00:00,12785.585991947586
2025-02-04 22:00:00+00:00,12785.585991947586
2025-02-05 00:00:00+00:00,12785.585991947586
2025-02-05 02:00:00+00:00,12785.585991947586
2025-02-05 04:00:00+00:00,12785.585991947586
2025-02-05 06:00:00+00:00,12785.585991947586
2025-02-05 08:00:00+00:00,12785.585991947586
2025-02-05 10:00:00+00:00,12785.585991947586
2025-02-05 12:00:00+00:00,12785.585991947586
2025-02-05 14:00:00+00:00,12785.585991947586
2025-02-05 16:00:00+00:00,12785.585991947586
2025-02-05 18:00:00+00:00,12785.585991947586
2025-02-05 20:00:00+00:00,12785.585991947586
2025-02-05 22:00:00+00:00,12785.585991947586
2025-02-06 00:00:00+00:00,12785.585991947586
2025-02-06 02:00:00+00:00,12785.585991947586
2025-02-06 04:00:00+00:00,12785.585991947586
2025-02-06 06:00:00+00:00,12785.585991947586
2025-02-06 08:00:00+00:00,12785.585991947586
2025-02-06 10:00:00+00:00,12785.585991947586
2025-02-06 12:00:00+00:00,12785.585991947586
2025-02-06 14:00:00+00:00,12785.585991947586
2025-02-06 16:00:00+00:00,12785.585991947586
2025-02-06 18:00:00+00:00,12785.585991947586
2025-02-06 20:00:00+00:00,12785.585991947586
2025-02-06 22:00:00+00:00,12785.585991947586
2025-02-07 00:00:00+00:00,12785.585991947586
2025-02-07 02:00:00+00:00,12785.585991947586
2025-02-07 04:00:00+00:00,12785.585991947586
2025-02-07 06:00:00+00:00,12785.585991947586
2025-02-07 08:00:00+00:00,12785.585991947586
2025-02-07 10:00:00+00:00,12785.585991947586
2025-02-07 12:00:00+00:00,12785.585991947586
2025-02-07 14:00:00+00:00,12785.585991947586
2025-02-07 16:00:00+00:00,12785.585991947586
2025-02-07 18:00:00+00:00,12785.585991947586
2025-02-07 20:00:00+00:00,12785.585991947586
2025-02-07 22:00:00+00:00,12785.585991947586
2025-02-08 00:00:00+00:00,12785.585991947586
2025-02-08 02:00:00+00:00,12785.585991947586
2025-02-08 04:00:00+00:00,12785.585991947586
2025-02-08 06:00:00+00:00,12785.585991947586
2025-02-08 08:00:00+00:00,12785.585991947586
2025-02-08 10:00:00+00:00,12785.585991947586
2025-02-08 12:00:00+00:00,12785.585991947586
2025-02-08 14:00:00+00:00,12785.585991947586
2025-02-08 16:00:00+00:00,12785.585991947586
2025-02-08 18:00:00+00:00,12785.585991947586
2025-02-08 20:00:00+00:00,12785.585991947586
2025-02-08 22:00:00+00:00,12785.585991947586
2025-02-09 00:00:00+00:00,12785.585991947586
2025-02-09 02:00:00+00:00,12785.585991947586
2025-02-09 04:00:00+00:00,12785.585991947586
2025-02-09 06:00:00+00:00,12785.585991947586
2025-02-09 08:00:00+00:00,12785.585991947586
2025-02-09 10:00:00+00:00,12785.585991947586
2025-02-09 12:00:00+00:00,12785.585991947586
2025-02-09 14:00:00+00:00,12785.585991947586
2025-02-09 16:00:00+00:00,12785.585991947586
2025-02-09 18:00:00+00:00,12785.585991947586
2025-02-09 20:00:00+00:00,12785.585991947586
2025-02-09 22:00:00+00:00,12785.585991947586
2025-02-10 00:00:00+00:00,12785.585991947586
2025-02-10 02:00:00+00:00,12785.585991947586
2025-02-10 04:00:00+00:00,12785.585991947586
2025-02-10 06:00:00+00:00,12785.585991947586
2025-02-10 08:00:00+00:00,12785.585991947586
2025-02-10 10:00:00+00:00,12785.585991947586
2025-02-10 12:00:00+00:00,12785.585991947586
2025-02-10 14:00:00+00:00,12785.585991947586
2025-02-10 16:00:00+00:00,12785.585991947586
2025-02-10 18:00:00+00:00,12785.585991947586
2025-02-10 20:00:00+00:00,12785.585991947586
2025-02-10 22:00:00+00:00,12785.585991947586
2025-02-11 00:00:00+00:00,12785.585991947586
2025-02-11 02:00:00+00:00,12785.585991947586
2025-02-11 04:00:00+00:00,12785.585991947586
2025-02-11 06:00:00+00:00,12785.585991947586
2025-02-11 08:00:00+00:00,12785.585991947586
2025-02-11 10:00:00+00:00,12785.585991947586
2025-02-11 12:00:00+00:00,12785.585991947586
2025-02-11 14:00:00+00:00,12785.585991947586
2025-02-11 16:00:00+00:00,12785.585991947586
2025-02-11 18:00:00+00:00,12785.585991947586
2025-02-11 20:00:00+00:00,12785.585991947586
2025-02-11 22:00:00+00:00,12785.585991947586
2025-02-12 00:00:00+00:00,12785.585991947586
2025-02-12 02:00:00+00:00,12785.585991947586
2025-02-12 04:00:00+00:00,12785.585991947586
2025-02-12 06:00:00+00:00,12785.585991947586
2025-02-12 08:00:00+00:00,12785.585991947586
2025-02-12 10:00:00+00:00,12785.585991947586
2025-02-12 12:00:00+00:00,12785.585991947586
2025-02-12 14:00:00+00:00,12785.585991947586
2025-02-12 16:00:00+00:00,12785.585991947586
2025-02-12 18:00:00+00:00,12785.585991947586
2025-02-12 20:00:00+00:00,12785.585991947586
2025-02-12 22:00:00+00:00,12785.585991947586
2025-02-13 00:00:00+00:00,12785.585991947586
2025-02-13 02:00:00+00:00,12785.585991947586
2025-02-13 04:00:00+00:00,12785.585991947586
2025-02-13 06:00:00+00:00,12785.585991947586
2025-02-13 08:00:00+00:00,12785.585991947586
2025-02-13 10:00:00+00:00,12785.585991947586
2025-02-13 12:00:00+00:00,12785.585991947586
2025-02-13 14:00:00+00:00,12785.585991947586
2025-02-13 16:00:00+00:00,12785.585991947586
2025-02-13 18:00:00+00:00,12785.585991947586
2025-02-13 20:00:00+00:00,12785.585991947586
2025-02-13 22:00:00+00:00,12785.585991947586
2025-02-14 00:00:00+00:00,12785.585991947586
2025-02-14 02:00:00+00:00,12785.585991947586
2025-02-14 04:00:00+00:00,12785.585991947586
2025-02-14 06:00:00+00:00,12785.585991947586
2025-02-14 08:00:00+00:00,12785.585991947586
2025-02-14 10:00:00+00:00,12785.585991947586
2025-02-14 12:00:00+00:00,12785.585991947586
2025-02-14 14:00:00+00:00,12785.585991947586
2025-02-14 16:00:00+00:00,12785.585991947586
2025-02-14 18:00:00+00:00,12785.585991947586
2025-02-14 20:00:00+00:00,12785.585991947586
2025-02-14 22:00:00+00:00,12785.585991947586
2025-02-15 00:00:00+00:00,12785.585991947586
2025-02-15 02:00:00+00:00,12785.585991947586
2025-02-15 04:00:00+00:00,12785.585991947586
2025-02-15 06:00:00+00:00,12785.585991947586
2025-02-15 08:00:00+00:00,12785.585991947586
2025-02-15 10:00:00+00:00,12785.585991947586
2025-02-15 12:00:00+00:00,12785.585991947586
2025-02-15 14:00:00+00:00,12785.585991947586
2025-02-15 16:00:00+00:00,12785.585991947586
2025-02-15 18:00:00+00:00,12785.585991947586
2025-02-15 20:00:00+00:00,12785.585991947586
2025-02-15 22:00:00+00:00,12785.585991947586
2025-02-16 00:00:00+00:00,12785.585991947586
2025-02-16 02:00:00+00:00,12785.585991947586
2025-02-16 04:00:00+00:00,12785.585991947586
2025-02-16 06:00:00+00:00,12785.585991947586
2025-02-16 08:00:00+00:00,12785.585991947586
2025-02-16 10:00:00+00:00,12785.585991947586
2025-02-16 12:00:00+00:00,12785.585991947586
2025-02-16 14:00:00+00:00,12785.585991947586
2025-02-16 16:00:00+00:00,12785.585991947586
2025-02-16 18:00:00+00:00,12785.585991947586
2025-02-16 20:00:00+00:00,12785.585991947586
2025-02-16 22:00:00+00:00,12785.585991947586
2025-02-17 00:00:00+00:00,12785.585991947586
2025-02-17 02:00:00+00:00,12785.585991947586
2025-02-17 04:00:00+00:00,12785.585991947586
2025-02-17 06:00:00+00:00,12785.585991947586
2025-02-17 08:00:00+00:00,12785.585991947586
2025-02-17 10:00:00+00:00,12785.585991947586
2025-02-17 12:00:00+00:00,12785.585991947586
2025-02-17 14:00:00+00:00,12785.585991947586
2025-02-17 16:00:00+00:00,12785.585991947586
2025-02-17 18:00:00+00:00,12785.585991947586
2025-02-17 20:00:00+00:00,12785.585991947586
2025-02-17 22:00:00+00:00,12785.585991947586
2025-02-18 00:00:00+00:00,12785.585991947586
2025-02-18 02:00:00+00:00,12785.585991947586
2025-02-18 04:00:00+00:00,12785.585991947586
2025-02-18 06:00:00+00:00,12785.585991947586
2025-02-18 08:00:00+00:00,12785.585991947586
2025-02-18 10:00:00+00:00,12785.585991947586
2025-02-18 12:00:00+00:00,12785.585991947586
2025-02-18 14:00:00+00:00,12785.585991947586
2025-02-18 16:00:00+00:00,12785.585991947586
2025-02-18 18:00:00+00:00,12785.585991947586
2025-02-18 20:00:00+00:00,12785.585991947586
2025-02-18 22:00:00+00:00,12785.585991947586
2025-02-19 00:00:00+00:00,12785.585991947586
2025-02-19 02:00:00+00:00,12785.585991947586
2025-02-19 04:00:00+00:00,12785.585991947586
2025-02-19 06:00:00+00:00,12785.585991947586
2025-02-19 08:00:00+00:00,12785.585991947586
2025-02-19 10:00:00+00:00,12785.585991947586
2025-02-19 12:00:00+00:00,12785.585991947586
2025-02-19 14:00:00+00:00,12785.585991947586
2025-02-19 16:00:00+00:00,12785.585991947586
2025-02-19 18:00:00+00:00,12785.585991947586
2025-02-19 20:00:00+00:00,12785.585991947586
2025-02-19 22:00:00+00:00,12785.585991947586
2025-02-20 00:00:00+00:00,12785.585991947586
2025-02-20 02:00:00+00:00,12785.585991947586
2025-02-20 04:00:00+00:00,12785.585991947586
2025-02-20 06:00:00+00:00,12785.585991947586
2025-02-20 08:00:00+00:00,12785.585991947586
2025-02-20 10:00:00+00:00,12785.585991947586
2025-02-20 12:00:00+00:00,12785.585991947586
2025-02-20 14:00:00+00:00,12785.585991947586
2025-02-20 16:00:00+00:00,12785.585991947586
2025-02-20 18:00:00+00:00,12785.585991947586
2025-02-20 20:00:00+00:00,12785.585991947586
2025-02-20 22:00:00+00:00,12785.585991947586
2025-02-21 00:00:00+00:00,12785.585991947586
2025-02-21 02:00:00+00:00,12785.585991947586
2025-02-21 04:00:00+00:00,12785.585991947586
2025-02-21 06:00:00+00:00,12785.585991947586
2025-02-21 08:00:00+00:00,12785.585991947586
2025-02-21 10:00:00+00:00,12785.585991947586
2025-02-21 12:00:00+00:00,12785.585991947586
2025-02-21 14:00:00+00:00,12785.585991947586
2025-02-21 16:00:00+00:00,12785.585991947586
2025-02-21 18:00:00+00:00,12785.585991947586
2025-02-21 20:00:00+00:00,12785.585991947586
2025-02-21 22:00:00+00:00,12785.585991947586
2025-02-22 00:00:00+00:00,12785.585991947586
2025-02-22 02:00:00+00:00,12785.585991947586
2025-02-22 04:00:00+00:00,12785.585991947586
2025-02-22 06:00:00+00:00,12785.585991947586
2025-02-22 08:00:00+00:00,12785.585991947586
2025-02-22 10:00:00+00:00,12785.585991947586
2025-02-22 12:00:00+00:00,12785.585991947586
2025-02-22 14:00:00+00:00,12785.585991947586
2025-02-22 16:00:00+00:00,12785.585991947586
2025-02-22 18:00:00+00:00,12785.585991947586
2025-02-22 20:00:00+00:00,12785.585991947586
2025-02-22 22:00:00+00:00,12785.585991947586
2025-02-23 00:00:00+00:00,12785.585991947586
2025-02-23 02:00:00+00:00,12785.585991947586
2025-02-23 04:00:00+00:00,12785.585991947586
2025-02-23 06:00:00+00:00,12785.585991947586
2025-02-23 08:00:00+00:00,12785.585991947586
2025-02-23 10:00:00+00:00,12785.585991947586
2025-02-23 12:00:00+00:00,12785.585991947586
2025-02-23 14:00:00+00:00,12785.585991947586
2025-02-23 16:00:00+00:00,12785.585991947586
2025-02-23 18:00:00+00:00,12785.585991947586
2025-02-23 20:00:00+00:00,12785.585991947586
2025-02-23 22:00:00+00:00,12785.585991947586
2025-02-24 00:00:00+00:00,12785.585991947586
2025-02-24 02:00:00+00:00,12785.585991947586
2025-02-24 04:00:00+00:00,12785.585991947586
2025-02-24 06:00:00+00:00,12785.585991947586
2025-02-24 08:00:00+00:00,12785.585991947586
2025-02-24 10:00:00+00:00,12785.585991947586
2025-02-24 12:00:00+00:00,12785.585991947586
2025-02-24 14:00:00+00:00,12785.585991947586
2025-02-24 16:00:00+00:00,12785.585991947586
2025-02-24 18:00:00+00:00,12785.585991947586
2025-02-24 20:00:00+00:00,12785.585991947586
2025-02-24 22:00:00+00:00,12785.585991947586
2025-02-25 00:00:00+00:00,12785.585991947586
2025-02-25 02:00:00+00:00,12785.585991947586
2025-02-25 04:00:00+00:00,12785.585991947586
2025-02-25 06:00:00+00:00,12785.585991947586
2025-02-25 08:00:00+00:00,12785.585991947586
2025-02-25 10:00:00+00:00,12785.585991947586
2025-02-25 12:00:00+00:00,12785.585991947586
2025-02-25 14:00:00+00:00,12785.585991947586
2025-02-25 16:00:00+00:00,12785.585991947586
2025-02-25 18:00:00+00:00,12785.585991947586
2025-02-25 20:00:00+00:00,12785.585991947586
2025-02-25 22:00:00+00:00,12785.585991947586
2025-02-26 00:00:00+00:00,12785.585991947586
2025-02-26 02:00:00+00:00,12785.585991947586
2025-02-26 04:00:00+00:00,12785.585991947586
2025-02-26 06:00:00+00:00,12785.585991947586
2025-02-26 08:00:00+00:00,12785.585991947586
2025-02-26 10:00:00+00:00,12785.585991947586
2025-02-26 12:00:00+00:00,12785.585991947586
2025-02-26 14:00:00+00:00,12785.585991947586
2025-02-26 16:00:00+00:00,12785.585991947586
2025-02-26 18:00:00+00:00,12785.585991947586
2025-02-26 20:00:00+00:00,12785.585991947586
2025-02-26 22:00:00+00:00,12785.585991947586
2025-02-27 00:00:00+00:00,12785.585991947586
2025-02-27 02:00:00+00:00,12785.585991947586
2025-02-27 04:00:00+00:00,12785.585991947586
2025-02-27 06:00:00+00:00,12785.585991947586
2025-02-27 08:00:00+00:00,12785.585991947586
2025-02-27 10:00:00+00:00,12785.585991947586
2025-02-27 12:00:00+00:00,12785.585991947586
2025-02-27 14:00:00+00:00,12785.585991947586
2025-02-27 16:00:00+00:00,12785.585991947586
2025-02-27 18:00:00+00:00,12785.585991947586
2025-02-27 20:00:00+00:00,12785.585991947586
2025-02-27 22:00:00+00:00,12785.585991947586
2025-02-28 00:00:00+00:00,12785.585991947586
2025-02-28 02:00:00+00:00,12785.585991947586
2025-02-28 04:00:00+00:00,12785.585991947586
2025-02-28 06:00:00+00:00,12785.585991947586
2025-02-28 08:00:00+00:00,12785.585991947586
2025-02-28 10:00:00+00:00,12785.585991947586
2025-02-28 12:00:00+00:00,12785.585991947586
2025-02-28 14:00:00+00:00,12785.585991947586
2025-02-28 16:00:00+00:00,12785.585991947586
2025-02-28 18:00:00+00:00,12785.585991947586
2025-02-28 20:00:00+00:00,12785.585991947586
2025-02-28 22:00:00+00:00,12785.585991947586
2025-03-01 00:00:00+00:00,12785.585991947586
2025-03-01 02:00:00+00:00,12785.585991947586
2025-03-01 04:00:00+00:00,12785.585991947586
2025-03-01 06:00:00+00:00,12785.585991947586
2025-03-01 08:00:00+00:00,12754.832934998392
2025-03-01 10:00:00+00:00,12903.621498816648
2025-03-01 12:00:00+00:00,13057.54070276657
2025-03-01 14:00:00+00:00,12980.581100791609
2025-03-01 16:00:00+00:00,13018.248166310985
2025-03-01 18:00:00+00:00,12864.328962361065
2025-03-01 20:00:00+00:00,12787.369360386105
2025-03-01 22:00:00+00:00,12838.675761702745
2025-03-02 00:00:00+00:00,12720.78258751302
2025-03-02 02:00:00+00:00,12787.480909224654
2025-03-02 04:00:00+00:00,12777.219628961326
2025-03-02 06:00:00+00:00,12813.134109882974
2025-03-02 08:00:00+00:00,12713.834009818373
2025-03-02 10:00:00+00:00,12806.185532188327
2025-03-02 12:00:00+00:00,12975.49665653324
2025-03-02 14:00:00+00:00,12790.793611793333
2025-03-02 16:00:00+00:00,12244.670365627378
2025-03-02 18:00:00+00:00,12244.670365627378
2025-03-02 20:00:00+00:00,12244.670365627378
2025-03-02 22:00:00+00:00,12244.670365627378
2025-03-03 00:00:00+00:00,12244.670365627378
2025-03-03 02:00:00+00:00,12244.670365627378
2025-03-03 04:00:00+00:00,12244.670365627378
2025-03-03 06:00:00+00:00,12244.670365627378
2025-03-03 08:00:00+00:00,12244.670365627378
2025-03-03 10:00:00+00:00,12244.670365627378
2025-03-03 12:00:00+00:00,12244.670365627378
2025-03-03 14:00:00+00:00,12244.670365627378
2025-03-03 16:00:00+00:00,12244.670365627378
2025-03-03 18:00:00+00:00,12244.670365627378
2025-03-03 20:00:00+00:00,12244.670365627378
2025-03-03 22:00:00+00:00,12244.670365627378
2025-03-04 00:00:00+00:00,12244.670365627378
2025-03-04 02:00:00+00:00,12244.670365627378
2025-03-04 04:00:00+00:00,12244.670365627378
2025-03-04 06:00:00+00:00,12244.670365627378
2025-03-04 08:00:00+00:00,12244.670365627378
2025-03-04 10:00:00+00:00,12244.670365627378
2025-03-04 12:00:00+00:00,12244.670365627378
2025-03-04 14:00:00+00:00,12244.670365627378
2025-03-04 16:00:00+00:00,12244.670365627378
2025-03-04 18:00:00+00:00,12244.670365627378
2025-03-04 20:00:00+00:00,12244.670365627378
2025-03-04 22:00:00+00:00,12244.670365627378
2025-03-05 00:00:00+00:00,12244.670365627378
2025-03-05 02:00:00+00:00,12244.670365627378
2025-03-05 04:00:00+00:00,12244.670365627378
2025-03-05 06:00:00+00:00,12244.670365627378
2025-03-05 08:00:00+00:00,12244.670365627378
2025-03-05 10:00:00+00:00,12244.670365627378
2025-03-05 12:00:00+00:00,12244.670365627378
2025-03-05 14:00:00+00:00,12244.670365627378
2025-03-05 16:00:00+00:00,12244.670365627378
2025-03-05 18:00:00+00:00,12244.670365627378
2025-03-05 20:00:00+00:00,12244.670365627378
2025-03-05 22:00:00+00:00,12244.670365627378
2025-03-06 00:00:00+00:00,12244.670365627378
2025-03-06 02:00:00+00:00,12244.670365627378
2025-03-06 04:00:00+00:00,12244.670365627378
2025-03-06 06:00:00+00:00,12244.670365627378
2025-03-06 08:00:00+00:00,12244.670365627378
2025-03-06 10:00:00+00:00,12244.670365627378
2025-03-06 12:00:00+00:00,12244.670365627378
2025-03-06 14:00:00+00:00,12244.670365627378
2025-03-06 16:00:00+00:00,12244.670365627378
2025-03-06 18:00:00+00:00,12244.670365627378
2025-03-06 20:00:00+00:00,12244.670365627378
2025-03-06 22:00:00+00:00,12244.670365627378
2025-03-07 00:00:00+00:00,12244.670365627378
2025-03-07 02:00:00+00:00,12244.670365627378
2025-03-07 04:00:00+00:00,12244.670365627378
2025-03-07 06:00:00+00:00,12244.670365627378
2025-03-07 08:00:00+00:00,12244.670365627378
2025-03-07 10:00:00+00:00,12244.670365627378
2025-03-07 12:00:00+00:00,12244.670365627378
2025-03-07 14:00:00+00:00,12244.670365627378
2025-03-07 16:00:00+00:00,12244.670365627378
2025-03-07 18:00:00+00:00,12244.670365627378
2025-03-07 20:00:00+00:00,12244.670365627378
2025-03-07 22:00:00+00:00,12244.670365627378
2025-03-08 00:00:00+00:00,12244.670365627378
2025-03-08 02:00:00+00:00,12244.670365627378
2025-03-08 04:00:00+00:00,12244.670365627378
2025-03-08 06:00:00+00:00,12244.670365627378
2025-03-08 08:00:00+00:00,12244.670365627378
2025-03-08 10:00:00+00:00,12244.670365627378
2025-03-08 12:00:00+00:00,12244.670365627378
2025-03-08 14:00:00+00:00,12244.670365627378
2025-03-08 16:00:00+00:00,12244.670365627378
2025-03-08 18:00:00+00:00,12244.670365627378
2025-03-08 20:00:00+00:00,12244.670365627378
2025-03-08 22:00:00+00:00,12244.670365627378
2025-03-09 00:00:00+00:00,12244.670365627378
2025-03-09 02:00:00+00:00,12244.670365627378
2025-03-09 04:00:00+00:00,12244.670365627378
2025-03-09 06:00:00+00:00,12244.670365627378
2025-03-09 08:00:00+00:00,12244.670365627378
2025-03-09 10:00:00+00:00,12244.670365627378
2025-03-09 12:00:00+00:00,12244.670365627378
2025-03-09 14:00:00+00:00,12244.670365627378
2025-03-09 16:00:00+00:00,12244.670365627378
2025-03-09 18:00:00+00:00,12244.670365627378
2025-03-09 20:00:00+00:00,12244.670365627378
2025-03-09 22:00:00+00:00,12244.670365627378
2025-03-10 00:00:00+00:00,12244.670365627378
2025-03-10 02:00:00+00:00,12244.670365627378
2025-03-10 04:00:00+00:00,12244.670365627378
2025-03-10 06:00:00+00:00,12244.670365627378
2025-03-10 08:00:00+00:00,12244.670365627378
2025-03-10 10:00:00+00:00,12244.670365627378
2025-03-10 12:00:00+00:00,12244.670365627378
2025-03-10 14:00:00+00:00,12244.670365627378
2025-03-10 16:00:00+00:00,12244.670365627378
2025-03-10 18:00:00+00:00,12244.670365627378
2025-03-10 20:00:00+00:00,12244.670365627378
2025-03-10 22:00:00+00:00,12244.670365627378
2025-03-11 00:00:00+00:00,12244.670365627378
2025-03-11 02:00:00+00:00,12244.670365627378
2025-03-11 04:00:00+00:00,12244.670365627378
2025-03-11 06:00:00+00:00,12244.670365627378
2025-03-11 08:00:00+00:00,12244.670365627378
2025-03-11 10:00:00+00:00,12244.670365627378
2025-03-11 12:00:00+00:00,12244.670365627378
2025-03-11 14:00:00+00:00,12244.670365627378
2025-03-11 16:00:00+00:00,12244.670365627378
2025-03-11 18:00:00+00:00,12244.670365627378
2025-03-11 20:00:00+00:00,12244.670365627378
2025-03-11 22:00:00+00:00,12244.670365627378
2025-03-12 00:00:00+00:00,12244.670365627378
2025-03-12 02:00:00+00:00,12244.670365627378
2025-03-12 04:00:00+00:00,12244.670365627378
2025-03-12 06:00:00+00:00,12244.670365627378
2025-03-12 08:00:00+00:00,12244.670365627378
2025-03-12 10:00:00+00:00,12244.670365627378
2025-03-12 12:00:00+00:00,12244.670365627378
2025-03-12 14:00:00+00:00,12244.670365627378
2025-03-12 16:00:00+00:00,12244.670365627378
2025-03-12 18:00:00+00:00,12244.670365627378
2025-03-12 20:00:00+00:00,12244.670365627378
2025-03-12 22:00:00+00:00,12244.670365627378
2025-03-13 00:00:00+00:00,12244.670365627378
2025-03-13 02:00:00+00:00,12244.670365627378
2025-03-13 04:00:00+00:00,12244.670365627378
2025-03-13 06:00:00+00:00,12244.670365627378
2025-03-13 08:00:00+00:00,12244.670365627378
2025-03-13 10:00:00+00:00,12244.670365627378
2025-03-13 12:00:00+00:00,12244.670365627378
2025-03-13 14:00:00+00:00,12244.670365627378
2025-03-13 16:00:00+00:00,12244.670365627378
2025-03-13 18:00:00+00:00,12244.670365627378
2025-03-13 20:00:00+00:00,12244.670365627378
2025-03-13 22:00:00+00:00,12244.670365627378
2025-03-14 00:00:00+00:00,12244.670365627378
2025-03-14 02:00:00+00:00,12244.670365627378
2025-03-14 04:00:00+00:00,12244.670365627378
2025-03-14 06:00:00+00:00,12244.670365627378
2025-03-14 08:00:00+00:00,12244.670365627378
2025-03-14 10:00:00+00:00,12244.670365627378
2025-03-14 12:00:00+00:00,12244.670365627378
2025-03-14 14:00:00+00:00,12244.670365627378
2025-03-14 16:00:00+00:00,12244.670365627378
2025-03-14 18:00:00+00:00,12244.670365627378
2025-03-14 20:00:00+00:00,12244.670365627378
2025-03-14 22:00:00+00:00,12244.670365627378
2025-03-15 00:00:00+00:00,12244.670365627378
2025-03-15 02:00:00+00:00,12244.670365627378
2025-03-15 04:00:00+00:00,12244.670365627378
2025-03-15 06:00:00+00:00,12244.670365627378
2025-03-15 08:00:00+00:00,12244.670365627378
2025-03-15 10:00:00+00:00,12244.670365627378
2025-03-15 12:00:00+00:00,12244.670365627378
2025-03-15 14:00:00+00:00,12244.670365627378
2025-03-15 16:00:00+00:00,12244.670365627378
2025-03-15 18:00:00+00:00,12244.670365627378
2025-03-15 20:00:00+00:00,12244.670365627378
2025-03-15 22:00:00+00:00,12244.670365627378
2025-03-16 00:00:00+00:00,12244.670365627378
2025-03-16 02:00:00+00:00,12244.670365627378
2025-03-16 04:00:00+00:00,12244.670365627378
2025-03-16 06:00:00+00:00,12244.670365627378
2025-03-16 08:00:00+00:00,12244.670365627378
2025-03-16 10:00:00+00:00,12244.670365627378
2025-03-16 12:00:00+00:00,12244.670365627378
2025-03-16 14:00:00+00:00,12244.670365627378
2025-03-16 16:00:00+00:00,12244.670365627378
2025-03-16 18:00:00+00:00,12244.670365627378
2025-03-16 20:00:00+00:00,12244.670365627378
2025-03-16 22:00:00+00:00,12244.670365627378
2025-03-17 00:00:00+00:00,12244.670365627378
2025-03-17 02:00:00+00:00,12244.670365627378
2025-03-17 04:00:00+00:00,12244.670365627378
2025-03-17 06:00:00+00:00,12244.670365627378
2025-03-17 08:00:00+00:00,12244.670365627378
2025-03-17 10:00:00+00:00,12244.670365627378
2025-03-17 12:00:00+00:00,12244.670365627378
2025-03-17 14:00:00+00:00,12244.670365627378
2025-03-17 16:00:00+00:00,12244.670365627378
2025-03-17 18:00:00+00:00,12244.670365627378
2025-03-17 20:00:00+00:00,12244.670365627378
2025-03-17 22:00:00+00:00,12244.670365627378
2025-03-18 00:00:00+00:00,12244.670365627378
2025-03-18 02:00:00+00:00,12244.670365627378
2025-03-18 04:00:00+00:00,12244.670365627378
2025-03-18 06:00:00+00:00,12244.670365627378
2025-03-18 08:00:00+00:00,12244.670365627378
2025-03-18 10:00:00+00:00,12244.670365627378
2025-03-18 12:00:00+00:00,12244.670365627378
2025-03-18 14:00:00+00:00,12244.670365627378
2025-03-18 16:00:00+00:00,12244.670365627378
2025-03-18 18:00:00+00:00,12244.670365627378
2025-03-18 20:00:00+00:00,12244.670365627378
2025-03-18 22:00:00+00:00,12244.670365627378
2025-03-19 00:00:00+00:00,12244.670365627378
2025-03-19 02:00:00+00:00,12244.670365627378
2025-03-19 04:00:00+00:00,12244.670365627378
2025-03-19 06:00:00+00:00,12244.670365627378
2025-03-19 08:00:00+00:00,12244.670365627378
2025-03-19 10:00:00+00:00,12244.670365627378
2025-03-19 12:00:00+00:00,12244.670365627378
2025-03-19 14:00:00+00:00,12244.670365627378
2025-03-19 16:00:00+00:00,12244.670365627378
2025-03-19 18:00:00+00:00,12244.670365627378
2025-03-19 20:00:00+00:00,12244.670365627378
2025-03-19 22:00:00+00:00,12244.670365627378
2025-03-20 00:00:00+00:00,12244.670365627378
2025-03-20 02:00:00+00:00,12244.670365627378
2025-03-20 04:00:00+00:00,12244.670365627378
2025-03-20 06:00:00+00:00,12244.670365627378
2025-03-20 08:00:00+00:00,12244.670365627378
2025-03-20 10:00:00+00:00,12244.670365627378
2025-03-20 12:00:00+00:00,12244.670365627378
2025-03-20 14:00:00+00:00,12244.670365627378
2025-03-20 16:00:00+00:00,12244.670365627378
2025-03-20 18:00:00+00:00,12244.670365627378
2025-03-20 20:00:00+00:00,12244.670365627378
2025-03-20 22:00:00+00:00,12244.670365627378
2025-03-21 00:00:00+00:00,12244.670365627378
2025-03-21 02:00:00+00:00,12244.670365627378
2025-03-21 04:00:00+00:00,12244.670365627378
2025-03-21 06:00:00+00:00,12244.670365627378
2025-03-21 08:00:00+00:00,12244.670365627378
2025-03-21 10:00:00+00:00,12244.670365627378
2025-03-21 12:00:00+00:00,12244.670365627378
2025-03-21 14:00:00+00:00,12244.670365627378
2025-03-21 16:00:00+00:00,12244.670365627378
2025-03-21 18:00:00+00:00,12244.670365627378
2025-03-21 20:00:00+00:00,12244.670365627378
2025-03-21 22:00:00+00:00,12244.670365627378
2025-03-22 00:00:00+00:00,12244.670365627378
2025-03-22 02:00:00+00:00,12244.670365627378
2025-03-22 04:00:00+00:00,12244.670365627378
2025-03-22 06:00:00+00:00,12244.670365627378
2025-03-22 08:00:00+00:00,12244.670365627378
2025-03-22 10:00:00+00:00,12244.670365627378
2025-03-22 12:00:00+00:00,12244.670365627378
2025-03-22 14:00:00+00:00,12244.670365627378
2025-03-22 16:00:00+00:00,12244.670365627378
2025-03-22 18:00:00+00:00,12244.670365627378
2025-03-22 20:00:00+00:00,12244.670365627378
2025-03-22 22:00:00+00:00,12244.670365627378
2025-03-23 00:00:00+00:00,12244.670365627378
2025-03-23 02:00:00+00:00,12244.670365627378
2025-03-23 04:00:00+00:00,12244.670365627378
2025-03-23 06:00:00+00:00,12244.670365627378
2025-03-23 08:00:00+00:00,12244.670365627378
2025-03-23 10:00:00+00:00,12244.670365627378
2025-03-23 12:00:00+00:00,12244.670365627378
2025-03-23 14:00:00+00:00,12244.670365627378
2025-03-23 16:00:00+00:00,12244.670365627378
2025-03-23 18:00:00+00:00,12244.670365627378
2025-03-23 20:00:00+00:00,12244.670365627378
2025-03-23 22:00:00+00:00,12244.670365627378
2025-03-24 00:00:00+00:00,12244.670365627378
2025-03-24 02:00:00+00:00,12244.670365627378
2025-03-24 04:00:00+00:00,12244.670365627378
2025-03-24 06:00:00+00:00,12244.670365627378
2025-03-24 08:00:00+00:00,12244.670365627378
2025-03-24 10:00:00+00:00,12244.670365627378
2025-03-24 12:00:00+00:00,12244.670365627378
2025-03-24 14:00:00+00:00,12244.670365627378
2025-03-24 16:00:00+00:00,12244.670365627378
2025-03-24 18:00:00+00:00,12244.670365627378
2025-03-24 20:00:00+00:00,12244.670365627378
2025-03-24 22:00:00+00:00,12244.670365627378
2025-03-25 00:00:00+00:00,12244.670365627378
2025-03-25 02:00:00+00:00,12244.670365627378
2025-03-25 04:00:00+00:00,12244.670365627378
2025-03-25 06:00:00+00:00,12244.670365627378
2025-03-25 08:00:00+00:00,12244.670365627378
2025-03-25 10:00:00+00:00,12244.670365627378
2025-03-25 12:00:00+00:00,12244.670365627378
2025-03-25 14:00:00+00:00,12244.670365627378
2025-03-25 16:00:00+00:00,12244.670365627378
2025-03-25 18:00:00+00:00,12244.670365627378
2025-03-25 20:00:00+00:00,12244.670365627378
2025-03-25 22:00:00+00:00,12244.670365627378
2025-03-26 00:00:00+00:00,12244.670365627378
2025-03-26 02:00:00+00:00,12244.670365627378
2025-03-26 04:00:00+00:00,12244.670365627378
2025-03-26 06:00:00+00:00,12244.670365627378
2025-03-26 08:00:00+00:00,12244.670365627378
2025-03-26 10:00:00+00:00,12244.670365627378
2025-03-26 12:00:00+00:00,12244.670365627378
2025-03-26 14:00:00+00:00,12244.670365627378
2025-03-26 16:00:00+00:00,12244.670365627378
2025-03-26 18:00:00+00:00,12244.670365627378
2025-03-26 20:00:00+00:00,12244.670365627378
2025-03-26 22:00:00+00:00,12244.670365627378
2025-03-27 00:00:00+00:00,12244.670365627378
2025-03-27 02:00:00+00:00,12244.670365627378
2025-03-27 04:00:00+00:00,12244.670365627378
2025-03-27 06:00:00+00:00,12244.670365627378
2025-03-27 08:00:00+00:00,12244.670365627378
2025-03-27 10:00:00+00:00,12244.670365627378
2025-03-27 12:00:00+00:00,12244.670365627378
2025-03-27 14:00:00+00:00,12244.670365627378
2025-03-27 16:00:00+00:00,12244.670365627378
2025-03-27 18:00:00+00:00,12244.670365627378
2025-03-27 20:00:00+00:00,12244.670365627378
2025-03-27 22:00:00+00:00,12244.670365627378
2025-03-28 00:00:00+00:00,12244.670365627378
2025-03-28 02:00:00+00:00,12244.670365627378
2025-03-28 04:00:00+00:00,12244.670365627378
2025-03-28 06:00:00+00:00,12244.670365627378
2025-03-28 08:00:00+00:00,12244.670365627378
2025-03-28 10:00:00+00:00,12244.670365627378
2025-03-28 12:00:00+00:00,12244.670365627378
2025-03-28 14:00:00+00:00,12244.670365627378
2025-03-28 16:00:00+00:00,12244.670365627378
2025-03-28 18:00:00+00:00,12265.0271187261
2025-03-28 20:00:00+00:00,12232.959139679593
2025-03-28 22:00:00+00:00,12162.409585777275
2025-03-29 00:00:00+00:00,12278.98865135233
2025-03-29 02:00:00+00:00,12304.643034589537
2025-03-29 04:00:00+00:00,12413.674163347663
2025-03-29 06:00:00+00:00,12625.32282505461
2025-03-29 08:00:00+00:00,12684.330708792604
2025-03-29 10:00:00+00:00,12979.356116020474
2025-03-29 12:00:00+00:00,12857.497795643745
2025-03-29 14:00:00+00:00,12979.356116020474
2025-03-29 16:00:00+00:00,13139.670188769427
2025-03-29 18:00:00+00:00,13049.879847439206
2025-03-29 20:00:00+00:00,13049.879847439206
2025-03-29 22:00:00+00:00,12960.089506108985
2025-03-30 00:00:00+00:00,12930.615882686303
2025-03-30 02:00:00+00:00,12872.893520402591
2025-03-30 04:00:00+00:00,12834.41194554678
2025-03-30 06:00:00+00:00,12847.239137165385
2025-03-30 08:00:00+00:00,12896.405123588804
2025-03-30 10:00:00+00:00,12973.368273300423
2025-03-30 12:00:00+00:00,13127.294572723657
2025-03-30 14:00:00+00:00,13088.81299786785
2025-03-30 16:00:00+00:00,13142.998656755419
2025-03-30 18:00:00+00:00,13098.103486090307
2025-03-30 20:00:00+00:00,13207.134614848434
2025-03-30 22:00:00+00:00,13226.375402276337
2025-03-31 00:00:00+00:00,13248.717454711834
2025-03-31 02:00:00+00:00,13466.779712228084
2025-03-31 04:00:00+00:00,13338.507796042055
2025-03-31 06:00:00+00:00,13537.3292661304
2025-03-31 08:00:00+00:00,13656.598543841937
2025-03-31 10:00:00+00:00,13534.740223465207
2025-03-31 12:00:00+00:00,13515.499436037304
2025-03-31 14:00:00+00:00,13323.09156175826
2025-03-31 16:00:00+00:00,13461.677169820754
2025-03-31 18:00:00+00:00,13436.022786583548
2025-03-31 20:00:00+00:00,13480.91795724866
2025-03-31 22:00:00+00:00,13410.368403346343
2025-04-01 00:00:00+00:00,13416.750431052254
2025-04-01 02:00:00+00:00,13275.65132324762
2025-04-01 04:00:00+00:00,13378.268856196446
2025-04-01 06:00:00+00:00,13275.65132324762
2025-04-01 08:00:00+00:00,13019.086821780347
2025-04-01 10:00:00+00:00,13365.420995482627
2025-04-01 12:00:00+00:00,13237.149079296598
2025-04-01 14:00:00+00:00,13025.500417589648
2025-04-01 16:00:00+00:00,13135.151021136406
2025-04-01 18:00:00+00:00,13218.527766657324
2025-04-01 20:00:00+00:00,13115.9102337085
2025-04-01 22:00:00+00:00,13147.978212755008
2025-04-02 00:00:00+00:00,13333.31964656126
2025-04-02 02:00:00+00:00,13346.146838179864
2025-04-02 04:00:00+00:00,13538.554712458908
2025-04-02 06:00:00+00:00,13461.59156274729
2025-04-02 08:00:00+00:00,13315.977229875247
2025-04-02 10:00:00+00:00,13412.18116701477
2025-04-02 12:00:00+00:00,13418.59476282407
2025-04-02 14:00:00+00:00,13174.878122070613
2025-04-02 16:00:00+00:00,13308.615736288493
2025-04-02 18:00:00+00:00,13225.238990767573
2025-04-02 20:00:00+00:00,13468.95563152103
2025-04-02 22:00:00+00:00,13924.320933981437
2025-04-03 00:00:00+00:00,13764.367961491953
2025-04-03 02:00:00+00:00,13757.95436568265
2025-04-03 04:00:00+00:00,13732.299982445445
2025-04-03 06:00:00+00:00,13809.263132157064
2025-04-03 08:00:00+00:00,13891.46159340558
2025-04-03 10:00:00+00:00,14071.042276066022
2025-04-03 12:00:00+00:00,14109.52385092183
2025-04-03 14:00:00+00:00,14160.832617396243
2025-04-03 16:00:00+00:00,14119.202693722607
2025-04-03 18:00:00+00:00,13997.344373345877
2025-04-03 20:00:00+00:00,13862.658861350546
2025-04-03 22:00:00+00:00,13856.245265541245
2025-04-04 00:00:00+00:00,14011.229166913434
2025-04-04 02:00:00+00:00,13934.266017201815
2025-04-04 04:00:00+00:00,13882.957250727404
2025-04-04 06:00:00+00:00,13876.543654918103
2025-04-04 08:00:00+00:00,13800.148671036231
2025-04-04 10:00:00+00:00,14095.1740782641
2025-04-04 12:00:00+00:00,13947.661374650166
2025-04-04 14:00:00+00:00,14024.624524361785
2025-04-04 16:00:00+00:00,13791.506328107342
2025-04-04 18:00:00+00:00,13836.401498772451
2025-04-04 20:00:00+00:00,13823.574307153849
2025-04-04 22:00:00+00:00,13868.469477818959
2025-04-05 00:00:00+00:00,13868.658127454364
2025-04-05 02:00:00+00:00,13939.207681356682
2025-04-05 04:00:00+00:00,13919.966893928779
2025-04-05 06:00:00+00:00,13887.89891488227
2025-04-05 08:00:00+00:00,13818.262150862216
2025-04-05 10:00:00+00:00,13908.052492192437
2025-04-05 12:00:00+00:00,14029.910812569164
2025-04-05 14:00:00+00:00,14029.910812569164
2025-04-05 16:00:00+00:00,14028.057127529897
2025-04-05 18:00:00+00:00,14072.952298195009
2025-04-05 20:00:00+00:00,14066.538702385707
2025-04-05 22:00:00+00:00,13989.57555267409
2025-04-06 00:00:00+00:00,14020.72484133019
2025-04-06 02:00:00+00:00,14052.792820376697
2025-04-06 04:00:00+00:00,14007.897649711585
2025-04-06 06:00:00+00:00,14104.101586851108
2025-04-06 08:00:00+00:00,14095.515417721792
2025-04-06 10:00:00+00:00,14153.237780005506
2025-04-06 12:00:00+00:00,14486.744762089183
2025-04-06 14:00:00+00:00,14416.195208186868
2025-04-06 16:00:00+00:00,14737.275263470086
2025-04-06 18:00:00+00:00,14936.096733558432
2025-04-06 20:00:00+00:00,15000.232691651447
2025-04-06 22:00:00+00:00,15134.918203646777
2025-04-07 00:00:00+00:00,15142.149581665093
2025-04-07 02:00:00+00:00,15571.860500888293
2025-04-07 04:00:00+00:00,15578.274096697594
2025-04-07 06:00:00+00:00,15834.817929069655
2025-04-07 08:00:00+00:00,15574.712819929788
2025-04-07 10:00:00+00:00,15510.576861836773
2025-04-07 12:00:00+00:00,15068.03875099497
2025-04-07 14:00:00+00:00,15042.384367757764
2025-04-07 16:00:00+00:00,14835.302282470975
2025-04-07 18:00:00+00:00,14886.611048945388
2025-04-07 20:00:00+00:00,14861.13624639084
2025-04-07 22:00:00+00:00,14861.13624639084
2025-04-08 00:00:00+00:00,14861.13624639084
2025-04-08 02:00:00+00:00,14861.13624639084
2025-04-08 04:00:00+00:00,14861.13624639084
2025-04-08 06:00:00+00:00,14861.13624639084
2025-04-08 08:00:00+00:00,14861.13624639084
2025-04-08 10:00:00+00:00,14861.13624639084
2025-04-08 12:00:00+00:00,14861.13624639084
2025-04-08 14:00:00+00:00,14861.13624639084
2025-04-08 16:00:00+00:00,14861.13624639084
2025-04-08 18:00:00+00:00,14861.13624639084
2025-04-08 20:00:00+00:00,14861.13624639084
2025-04-08 22:00:00+00:00,14861.13624639084
2025-04-09 00:00:00+00:00,14861.13624639084
2025-04-09 02:00:00+00:00,14861.13624639084
2025-04-09 04:00:00+00:00,14861.13624639084
2025-04-09 06:00:00+00:00,14861.13624639084
2025-04-09 08:00:00+00:00,14861.13624639084
2025-04-09 10:00:00+00:00,14861.13624639084
2025-04-09 12:00:00+00:00,14861.13624639084
2025-04-09 14:00:00+00:00,14861.13624639084
2025-04-09 16:00:00+00:00,14861.13624639084
2025-04-09 18:00:00+00:00,14861.13624639084
2025-04-09 20:00:00+00:00,14861.13624639084
2025-04-09 22:00:00+00:00,14861.13624639084
2025-04-10 00:00:00+00:00,14861.13624639084
2025-04-10 02:00:00+00:00,14861.13624639084
2025-04-10 04:00:00+00:00,14861.13624639084
2025-04-10 06:00:00+00:00,14861.13624639084
2025-04-10 08:00:00+00:00,14861.13624639084
2025-04-10 10:00:00+00:00,14861.13624639084
2025-04-10 12:00:00+00:00,14861.13624639084
2025-04-10 14:00:00+00:00,14861.13624639084
2025-04-10 16:00:00+00:00,14861.13624639084
2025-04-10 18:00:00+00:00,14861.13624639084
2025-04-10 20:00:00+00:00,14861.13624639084
2025-04-10 22:00:00+00:00,14861.13624639084
2025-04-11 00:00:00+00:00,14861.13624639084
2025-04-11 02:00:00+00:00,14861.13624639084
2025-04-11 04:00:00+00:00,14861.13624639084
2025-04-11 06:00:00+00:00,14861.13624639084
2025-04-11 08:00:00+00:00,14861.13624639084
2025-04-11 10:00:00+00:00,14861.13624639084
2025-04-11 12:00:00+00:00,14861.13624639084
2025-04-11 14:00:00+00:00,14861.13624639084
2025-04-11 16:00:00+00:00,14861.13624639084
2025-04-11 18:00:00+00:00,14861.13624639084
2025-04-11 20:00:00+00:00,14861.13624639084
2025-04-11 22:00:00+00:00,14861.13624639084
2025-04-12 00:00:00+00:00,14861.13624639084
2025-04-12 02:00:00+00:00,14861.13624639084
2025-04-12 04:00:00+00:00,14861.13624639084
2025-04-12 06:00:00+00:00,14861.13624639084
2025-04-12 08:00:00+00:00,14861.13624639084
2025-04-12 10:00:00+00:00,14861.13624639084
2025-04-12 12:00:00+00:00,14861.13624639084
2025-04-12 14:00:00+00:00,14861.13624639084
2025-04-12 16:00:00+00:00,14861.13624639084
2025-04-12 18:00:00+00:00,14861.13624639084
2025-04-12 20:00:00+00:00,14861.13624639084
2025-04-12 22:00:00+00:00,14861.13624639084
2025-04-13 00:00:00+00:00,14861.13624639084
2025-04-13 02:00:00+00:00,14861.13624639084
2025-04-13 04:00:00+00:00,14861.13624639084
2025-04-13 06:00:00+00:00,14861.13624639084
2025-04-13 08:00:00+00:00,14861.13624639084
2025-04-13 10:00:00+00:00,14861.13624639084
2025-04-13 12:00:00+00:00,14861.13624639084
2025-04-13 14:00:00+00:00,14861.13624639084
2025-04-13 16:00:00+00:00,14861.13624639084
2025-04-13 18:00:00+00:00,14861.13624639084
2025-04-13 20:00:00+00:00,14861.13624639084
2025-04-13 22:00:00+00:00,14861.13624639084
2025-04-14 00:00:00+00:00,14861.13624639084
2025-04-14 02:00:00+00:00,14861.13624639084
2025-04-14 04:00:00+00:00,14861.13624639084
2025-04-14 06:00:00+00:00,14861.13624639084
2025-04-14 08:00:00+00:00,14861.13624639084
2025-04-14 10:00:00+00:00,14861.13624639084
2025-04-14 12:00:00+00:00,14861.13624639084
2025-04-14 14:00:00+00:00,14861.13624639084
2025-04-14 16:00:00+00:00,14861.13624639084
2025-04-14 18:00:00+00:00,14861.13624639084
2025-04-14 20:00:00+00:00,14861.13624639084
2025-04-14 22:00:00+00:00,14861.13624639084
2025-04-15 00:00:00+00:00,14861.13624639084
2025-04-15 02:00:00+00:00,14861.13624639084
2025-04-15 04:00:00+00:00,14861.13624639084
2025-04-15 06:00:00+00:00,14861.13624639084
2025-04-15 08:00:00+00:00,14861.13624639084
2025-04-15 10:00:00+00:00,14861.13624639084
2025-04-15 12:00:00+00:00,14861.13624639084
2025-04-15 14:00:00+00:00,14861.13624639084
2025-04-15 16:00:00+00:00,14861.13624639084
2025-04-15 18:00:00+00:00,14861.13624639084
2025-04-15 20:00:00+00:00,14861.13624639084
2025-04-15 22:00:00+00:00,14861.13624639084
2025-04-16 00:00:00+00:00,14861.13624639084
2025-04-16 02:00:00+00:00,14861.13624639084
2025-04-16 04:00:00+00:00,14861.13624639084
2025-04-16 06:00:00+00:00,14861.13624639084
2025-04-16 08:00:00+00:00,14861.13624639084
2025-04-16 10:00:00+00:00,14861.13624639084
2025-04-16 12:00:00+00:00,14861.13624639084
2025-04-16 14:00:00+00:00,14861.13624639084
2025-04-16 16:00:00+00:00,14861.13624639084
2025-04-16 18:00:00+00:00,14861.13624639084
2025-04-16 20:00:00+00:00,14861.13624639084
2025-04-16 22:00:00+00:00,14861.13624639084
2025-04-17 00:00:00+00:00,14861.13624639084
2025-04-17 02:00:00+00:00,14861.13624639084
2025-04-17 04:00:00+00:00,14861.13624639084
2025-04-17 06:00:00+00:00,14861.13624639084
2025-04-17 08:00:00+00:00,14861.13624639084
2025-04-17 10:00:00+00:00,14861.13624639084
2025-04-17 12:00:00+00:00,14861.13624639084
2025-04-17 14:00:00+00:00,14861.13624639084
2025-04-17 16:00:00+00:00,14861.13624639084
2025-04-17 18:00:00+00:00,14861.13624639084
2025-04-17 20:00:00+00:00,14861.13624639084
2025-04-17 22:00:00+00:00,14861.13624639084
2025-04-18 00:00:00+00:00,14861.13624639084
2025-04-18 02:00:00+00:00,14861.13624639084
2025-04-18 04:00:00+00:00,14861.13624639084
2025-04-18 06:00:00+00:00,14861.13624639084
2025-04-18 08:00:00+00:00,14861.13624639084
2025-04-18 10:00:00+00:00,14861.13624639084
2025-04-18 12:00:00+00:00,14861.13624639084
2025-04-18 14:00:00+00:00,14861.13624639084
2025-04-18 16:00:00+00:00,14861.13624639084
2025-04-18 18:00:00+00:00,14861.13624639084
2025-04-18 20:00:00+00:00,14861.13624639084
2025-04-18 22:00:00+00:00,14861.13624639084
2025-04-19 00:00:00+00:00,14861.13624639084
2025-04-19 02:00:00+00:00,14861.13624639084
2025-04-19 04:00:00+00:00,14861.13624639084
2025-04-19 06:00:00+00:00,14861.13624639084
2025-04-19 08:00:00+00:00,14861.13624639084
2025-04-19 10:00:00+00:00,14861.13624639084
2025-04-19 12:00:00+00:00,14861.13624639084
2025-04-19 14:00:00+00:00,14861.13624639084
2025-04-19 16:00:00+00:00,14861.13624639084
2025-04-19 18:00:00+00:00,14861.13624639084
2025-04-19 20:00:00+00:00,14861.13624639084
2025-04-19 22:00:00+00:00,14861.13624639084
2025-04-20 00:00:00+00:00,14861.13624639084
2025-04-20 02:00:00+00:00,14861.13624639084
2025-04-20 04:00:00+00:00,14861.13624639084
2025-04-20 06:00:00+00:00,14861.13624639084
2025-04-20 08:00:00+00:00,14861.13624639084
2025-04-20 10:00:00+00:00,14861.13624639084
2025-04-20 12:00:00+00:00,14861.13624639084
2025-04-20 14:00:00+00:00,14861.13624639084
2025-04-20 16:00:00+00:00,14861.13624639084
2025-04-20 18:00:00+00:00,14861.13624639084
2025-04-20 20:00:00+00:00,14861.13624639084
2025-04-20 22:00:00+00:00,14861.13624639084
2025-04-21 00:00:00+00:00,14861.13624639084
2025-04-21 02:00:00+00:00,14861.13624639084
2025-04-21 04:00:00+00:00,14861.13624639084
2025-04-21 06:00:00+00:00,14861.13624639084
2025-04-21 08:00:00+00:00,14861.13624639084
2025-04-21 10:00:00+00:00,14861.13624639084
2025-04-21 12:00:00+00:00,14861.13624639084
2025-04-21 14:00:00+00:00,14861.13624639084
2025-04-21 16:00:00+00:00,14861.13624639084
2025-04-21 18:00:00+00:00,14861.13624639084
2025-04-21 20:00:00+00:00,14861.13624639084
2025-04-21 22:00:00+00:00,14861.13624639084
2025-04-22 00:00:00+00:00,14861.13624639084
2025-04-22 02:00:00+00:00,14861.13624639084
2025-04-22 04:00:00+00:00,14861.13624639084
2025-04-22 06:00:00+00:00,14861.13624639084
2025-04-22 08:00:00+00:00,14861.13624639084
2025-04-22 10:00:00+00:00,14861.13624639084
2025-04-22 12:00:00+00:00,14861.13624639084
2025-04-22 14:00:00+00:00,14861.13624639084
2025-04-22 16:00:00+00:00,14861.13624639084
2025-04-22 18:00:00+00:00,14861.13624639084
2025-04-22 20:00:00+00:00,14861.13624639084
2025-04-22 22:00:00+00:00,14861.13624639084
2025-04-23 00:00:00+00:00,14861.13624639084
2025-04-23 02:00:00+00:00,14861.13624639084
2025-04-23 04:00:00+00:00,14861.13624639084
2025-04-23 06:00:00+00:00,14861.13624639084
2025-04-23 08:00:00+00:00,14861.13624639084
2025-04-23 10:00:00+00:00,14861.13624639084
2025-04-23 12:00:00+00:00,14861.13624639084
2025-04-23 14:00:00+00:00,14861.13624639084
2025-04-23 16:00:00+00:00,14861.13624639084
2025-04-23 18:00:00+00:00,14861.13624639084
2025-04-23 20:00:00+00:00,14861.13624639084
2025-04-23 22:00:00+00:00,14861.13624639084
2025-04-24 00:00:00+00:00,14861.13624639084
2025-04-24 02:00:00+00:00,14861.13624639084
2025-04-24 04:00:00+00:00,14861.13624639084
2025-04-24 06:00:00+00:00,14861.13624639084
2025-04-24 08:00:00+00:00,14861.13624639084
2025-04-24 10:00:00+00:00,14861.13624639084
2025-04-24 12:00:00+00:00,14861.13624639084
2025-04-24 14:00:00+00:00,14861.13624639084
2025-04-24 16:00:00+00:00,14861.13624639084
2025-04-24 18:00:00+00:00,14861.13624639084
2025-04-24 20:00:00+00:00,14861.13624639084
2025-04-24 22:00:00+00:00,14861.13624639084
2025-04-25 00:00:00+00:00,14861.13624639084
2025-04-25 02:00:00+00:00,14861.13624639084
2025-04-25 04:00:00+00:00,14861.13624639084
2025-04-25 06:00:00+00:00,14861.13624639084
2025-04-25 08:00:00+00:00,14861.13624639084
2025-04-25 10:00:00+00:00,14861.13624639084
2025-04-25 12:00:00+00:00,14861.13624639084
2025-04-25 14:00:00+00:00,14861.13624639084
2025-04-25 16:00:00+00:00,14861.13624639084
2025-04-25 18:00:00+00:00,14861.13624639084
2025-04-25 20:00:00+00:00,14861.13624639084
2025-04-25 22:00:00+00:00,14861.13624639084
2025-04-26 00:00:00+00:00,14861.13624639084
2025-04-26 02:00:00+00:00,14861.13624639084
2025-04-26 04:00:00+00:00,14861.13624639084
2025-04-26 06:00:00+00:00,14861.13624639084
2025-04-26 08:00:00+00:00,14861.13624639084
2025-04-26 10:00:00+00:00,14861.13624639084
2025-04-26 12:00:00+00:00,14861.13624639084
2025-04-26 14:00:00+00:00,14861.13624639084
2025-04-26 16:00:00+00:00,14861.13624639084
2025-04-26 18:00:00+00:00,14861.13624639084
2025-04-26 20:00:00+00:00,14861.13624639084
2025-04-26 22:00:00+00:00,14861.13624639084
2025-04-27 00:00:00+00:00,14861.13624639084
2025-04-27 02:00:00+00:00,14861.13624639084
2025-04-27 04:00:00+00:00,14861.13624639084
2025-04-27 06:00:00+00:00,14861.13624639084
2025-04-27 08:00:00+00:00,14861.13624639084
2025-04-27 10:00:00+00:00,14861.13624639084
2025-04-27 12:00:00+00:00,14861.13624639084
2025-04-27 14:00:00+00:00,14861.13624639084
2025-04-27 16:00:00+00:00,14861.13624639084
2025-04-27 18:00:00+00:00,14861.13624639084
2025-04-27 20:00:00+00:00,14861.13624639084
2025-04-27 22:00:00+00:00,14861.13624639084
2025-04-28 00:00:00+00:00,14861.13624639084
2025-04-28 02:00:00+00:00,14861.13624639084
2025-04-28 04:00:00+00:00,14861.13624639084
2025-04-28 06:00:00+00:00,14861.13624639084
2025-04-28 08:00:00+00:00,14861.13624639084
2025-04-28 10:00:00+00:00,14861.13624639084
2025-04-28 12:00:00+00:00,14861.13624639084
2025-04-28 14:00:00+00:00,14861.13624639084
2025-04-28 16:00:00+00:00,14861.13624639084
2025-04-28 18:00:00+00:00,14861.13624639084
2025-04-28 20:00:00+00:00,14861.13624639084
2025-04-28 22:00:00+00:00,14861.13624639084
2025-04-29 00:00:00+00:00,14861.13624639084
2025-04-29 02:00:00+00:00,14861.13624639084
2025-04-29 04:00:00+00:00,14861.13624639084
2025-04-29 06:00:00+00:00,14861.13624639084
2025-04-29 08:00:00+00:00,14861.13624639084
2025-04-29 10:00:00+00:00,14861.13624639084
2025-04-29 12:00:00+00:00,14861.13624639084
2025-04-29 14:00:00+00:00,14861.13624639084
2025-04-29 16:00:00+00:00,14861.13624639084
2025-04-29 18:00:00+00:00,14861.13624639084
2025-04-29 20:00:00+00:00,14861.13624639084
2025-04-29 22:00:00+00:00,14861.13624639084
2025-04-30 00:00:00+00:00,14861.13624639084
2025-04-30 02:00:00+00:00,14861.13624639084
2025-04-30 04:00:00+00:00,14861.13624639084
2025-04-30 06:00:00+00:00,14861.13624639084
2025-04-30 08:00:00+00:00,14861.13624639084
2025-04-30 10:00:00+00:00,14861.13624639084
2025-04-30 12:00:00+00:00,14861.13624639084
2025-04-30 14:00:00+00:00,14861.13624639084
2025-04-30 16:00:00+00:00,14861.13624639084
2025-04-30 18:00:00+00:00,14861.13624639084
2025-04-30 20:00:00+00:00,14861.13624639084
2025-04-30 22:00:00+00:00,14861.13624639084
2025-05-01 00:00:00+00:00,14861.13624639084
2025-05-01 02:00:00+00:00,14861.13624639084
2025-05-01 04:00:00+00:00,14861.13624639084
2025-05-01 06:00:00+00:00,14861.13624639084
2025-05-01 08:00:00+00:00,14861.13624639084
2025-05-01 10:00:00+00:00,14861.13624639084
2025-05-01 12:00:00+00:00,14861.13624639084
2025-05-01 14:00:00+00:00,14861.13624639084
2025-05-01 16:00:00+00:00,14861.13624639084
2025-05-01 18:00:00+00:00,14861.13624639084
2025-05-01 20:00:00+00:00,14861.13624639084
2025-05-01 22:00:00+00:00,14861.13624639084
2025-05-02 00:00:00+00:00,14861.13624639084
2025-05-02 02:00:00+00:00,14861.13624639084
2025-05-02 04:00:00+00:00,14861.13624639084
2025-05-02 06:00:00+00:00,14861.13624639084
2025-05-02 08:00:00+00:00,14861.13624639084
2025-05-02 10:00:00+00:00,14861.13624639084
2025-05-02 12:00:00+00:00,14861.13624639084
2025-05-02 14:00:00+00:00,14861.13624639084
2025-05-02 16:00:00+00:00,14861.13624639084
2025-05-02 18:00:00+00:00,14861.13624639084
2025-05-02 20:00:00+00:00,14861.13624639084
2025-05-02 22:00:00+00:00,14861.13624639084
2025-05-03 00:00:00+00:00,14861.13624639084
2025-05-03 02:00:00+00:00,14861.13624639084
2025-05-03 04:00:00+00:00,14861.13624639084
2025-05-03 06:00:00+00:00,14861.13624639084
2025-05-03 08:00:00+00:00,14861.13624639084
2025-05-03 10:00:00+00:00,14861.13624639084
2025-05-03 12:00:00+00:00,14861.13624639084
2025-05-03 14:00:00+00:00,14861.13624639084
2025-05-03 16:00:00+00:00,14861.13624639084
2025-05-03 18:00:00+00:00,14861.13624639084
2025-05-03 20:00:00+00:00,14861.13624639084
2025-05-03 22:00:00+00:00,14861.13624639084
2025-05-04 00:00:00+00:00,14861.13624639084
2025-05-04 02:00:00+00:00,14861.13624639084
2025-05-04 04:00:00+00:00,14861.13624639084
2025-05-04 06:00:00+00:00,14861.13624639084
2025-05-04 08:00:00+00:00,14861.13624639084
2025-05-04 10:00:00+00:00,14861.13624639084
2025-05-04 12:00:00+00:00,14861.13624639084
2025-05-04 14:00:00+00:00,14861.13624639084
2025-05-04 16:00:00+00:00,14861.13624639084
2025-05-04 18:00:00+00:00,14861.13624639084
2025-05-04 20:00:00+00:00,14861.13624639084
2025-05-04 22:00:00+00:00,14861.13624639084
2025-05-05 00:00:00+00:00,14861.13624639084
2025-05-05 02:00:00+00:00,14861.13624639084
2025-05-05 04:00:00+00:00,14861.13624639084
2025-05-05 06:00:00+00:00,14861.13624639084
2025-05-05 08:00:00+00:00,14861.13624639084
2025-05-05 10:00:00+00:00,14861.13624639084
2025-05-05 12:00:00+00:00,14861.13624639084
2025-05-05 14:00:00+00:00,14861.13624639084
2025-05-05 16:00:00+00:00,14861.13624639084
2025-05-05 18:00:00+00:00,14861.13624639084
2025-05-05 20:00:00+00:00,14861.13624639084
2025-05-05 22:00:00+00:00,14861.13624639084
2025-05-06 00:00:00+00:00,14861.13624639084
2025-05-06 02:00:00+00:00,14861.13624639084
2025-05-06 04:00:00+00:00,14861.13624639084
2025-05-06 06:00:00+00:00,14861.13624639084
2025-05-06 08:00:00+00:00,14861.13624639084
2025-05-06 10:00:00+00:00,14861.13624639084
2025-05-06 12:00:00+00:00,14861.13624639084
2025-05-06 14:00:00+00:00,14861.13624639084
2025-05-06 16:00:00+00:00,14861.13624639084
2025-05-06 18:00:00+00:00,14861.13624639084
2025-05-06 20:00:00+00:00,14861.13624639084
2025-05-06 22:00:00+00:00,14861.13624639084
2025-05-07 00:00:00+00:00,14861.13624639084
2025-05-07 02:00:00+00:00,14861.13624639084
2025-05-07 04:00:00+00:00,14861.13624639084
2025-05-07 06:00:00+00:00,14861.13624639084
2025-05-07 08:00:00+00:00,14861.13624639084
2025-05-07 10:00:00+00:00,14861.13624639084
2025-05-07 12:00:00+00:00,14861.13624639084
2025-05-07 14:00:00+00:00,14861.13624639084
2025-05-07 16:00:00+00:00,14861.13624639084
2025-05-07 18:00:00+00:00,14861.13624639084
2025-05-07 20:00:00+00:00,14861.13624639084
2025-05-07 22:00:00+00:00,14861.13624639084
2025-05-08 00:00:00+00:00,14861.13624639084
2025-05-08 02:00:00+00:00,14861.13624639084
2025-05-08 04:00:00+00:00,14861.13624639084
2025-05-08 06:00:00+00:00,14861.13624639084
2025-05-08 08:00:00+00:00,14861.13624639084
2025-05-08 10:00:00+00:00,14861.13624639084
2025-05-08 12:00:00+00:00,14861.13624639084
2025-05-08 14:00:00+00:00,14861.13624639084
2025-05-08 16:00:00+00:00,14861.13624639084
2025-05-08 18:00:00+00:00,14861.13624639084
2025-05-08 20:00:00+00:00,14861.13624639084
2025-05-08 22:00:00+00:00,14861.13624639084
2025-05-09 00:00:00+00:00,14861.13624639084
2025-05-09 02:00:00+00:00,14861.13624639084
2025-05-09 04:00:00+00:00,14861.13624639084
2025-05-09 06:00:00+00:00,14861.13624639084
2025-05-09 08:00:00+00:00,14861.13624639084
2025-05-09 10:00:00+00:00,14861.13624639084
2025-05-09 12:00:00+00:00,14861.13624639084
2025-05-09 14:00:00+00:00,14861.13624639084
2025-05-09 16:00:00+00:00,14861.13624639084
2025-05-09 18:00:00+00:00,14861.13624639084
2025-05-09 20:00:00+00:00,14861.13624639084
2025-05-09 22:00:00+00:00,14861.13624639084
2025-05-10 00:00:00+00:00,14861.13624639084
2025-05-10 02:00:00+00:00,14861.13624639084
2025-05-10 04:00:00+00:00,14861.13624639084
2025-05-10 06:00:00+00:00,14861.13624639084
2025-05-10 08:00:00+00:00,14861.13624639084
2025-05-10 10:00:00+00:00,14861.13624639084
2025-05-10 12:00:00+00:00,14861.13624639084
2025-05-10 14:00:00+00:00,14861.13624639084
2025-05-10 16:00:00+00:00,14861.13624639084
2025-05-10 18:00:00+00:00,14861.13624639084
2025-05-10 20:00:00+00:00,14861.13624639084
2025-05-10 22:00:00+00:00,14861.13624639084
2025-05-11 00:00:00+00:00,14861.13624639084
2025-05-11 02:00:00+00:00,14861.13624639084
2025-05-11 04:00:00+00:00,14861.13624639084
2025-05-11 06:00:00+00:00,14861.13624639084
2025-05-11 08:00:00+00:00,14861.13624639084
2025-05-11 10:00:00+00:00,14861.13624639084
2025-05-11 12:00:00+00:00,14861.13624639084
2025-05-11 14:00:00+00:00,14861.13624639084
2025-05-11 16:00:00+00:00,14861.13624639084
2025-05-11 18:00:00+00:00,14861.13624639084
2025-05-11 20:00:00+00:00,14861.13624639084
2025-05-11 22:00:00+00:00,14861.13624639084
2025-05-12 00:00:00+00:00,14861.13624639084
2025-05-12 02:00:00+00:00,14861.13624639084
2025-05-12 04:00:00+00:00,14861.13624639084
2025-05-12 06:00:00+00:00,14861.13624639084
2025-05-12 08:00:00+00:00,14861.13624639084
2025-05-12 10:00:00+00:00,14861.13624639084
2025-05-12 12:00:00+00:00,14861.13624639084
2025-05-12 14:00:00+00:00,14861.13624639084
2025-05-12 16:00:00+00:00,14861.13624639084
2025-05-12 18:00:00+00:00,14861.13624639084
2025-05-12 20:00:00+00:00,14861.13624639084
2025-05-12 22:00:00+00:00,14861.13624639084
2025-05-13 00:00:00+00:00,14861.13624639084
2025-05-13 02:00:00+00:00,14861.13624639084
2025-05-13 04:00:00+00:00,14861.13624639084
2025-05-13 06:00:00+00:00,14861.13624639084
2025-05-13 08:00:00+00:00,14861.13624639084
2025-05-13 10:00:00+00:00,14861.13624639084
2025-05-13 12:00:00+00:00,14861.13624639084
2025-05-13 14:00:00+00:00,14861.13624639084
2025-05-13 16:00:00+00:00,14861.13624639084
2025-05-13 18:00:00+00:00,14861.13624639084
2025-05-13 20:00:00+00:00,14861.13624639084
2025-05-13 22:00:00+00:00,14861.13624639084
2025-05-14 00:00:00+00:00,14861.13624639084
2025-05-14 02:00:00+00:00,14861.13624639084
2025-05-14 04:00:00+00:00,14861.13624639084
2025-05-14 06:00:00+00:00,14861.13624639084
2025-05-14 08:00:00+00:00,14861.13624639084
2025-05-14 10:00:00+00:00,14861.13624639084
2025-05-14 12:00:00+00:00,14861.13624639084
2025-05-14 14:00:00+00:00,14861.13624639084
2025-05-14 16:00:00+00:00,14861.13624639084
2025-05-14 18:00:00+00:00,14861.13624639084
2025-05-14 20:00:00+00:00,14861.13624639084
2025-05-14 22:00:00+00:00,14861.13624639084
2025-05-15 00:00:00+00:00,14861.13624639084
2025-05-15 02:00:00+00:00,14861.13624639084
2025-05-15 04:00:00+00:00,14861.13624639084
2025-05-15 06:00:00+00:00,14861.13624639084
2025-05-15 08:00:00+00:00,14861.13624639084
2025-05-15 10:00:00+00:00,14861.13624639084
2025-05-15 12:00:00+00:00,14861.13624639084
2025-05-15 14:00:00+00:00,14861.13624639084
2025-05-15 16:00:00+00:00,14861.13624639084
2025-05-15 18:00:00+00:00,14861.13624639084
2025-05-15 20:00:00+00:00,14861.13624639084
2025-05-15 22:00:00+00:00,14861.13624639084
2025-05-16 00:00:00+00:00,14861.13624639084
2025-05-16 02:00:00+00:00,14861.13624639084
2025-05-16 04:00:00+00:00,14861.13624639084
2025-05-16 06:00:00+00:00,14861.13624639084
2025-05-16 08:00:00+00:00,14861.13624639084
2025-05-16 10:00:00+00:00,14861.13624639084
2025-05-16 12:00:00+00:00,14861.13624639084
2025-05-16 14:00:00+00:00,14861.13624639084
2025-05-16 16:00:00+00:00,14861.13624639084
2025-05-16 18:00:00+00:00,14861.13624639084
2025-05-16 20:00:00+00:00,14861.13624639084
2025-05-16 22:00:00+00:00,14861.13624639084
2025-05-17 00:00:00+00:00,14861.13624639084
2025-05-17 02:00:00+00:00,14861.13624639084
2025-05-17 04:00:00+00:00,14861.13624639084
2025-05-17 06:00:00+00:00,14861.13624639084
2025-05-17 08:00:00+00:00,14861.13624639084
2025-05-17 10:00:00+00:00,14861.13624639084
2025-05-17 12:00:00+00:00,14861.13624639084
2025-05-17 14:00:00+00:00,14861.13624639084
2025-05-17 16:00:00+00:00,14861.13624639084
2025-05-17 18:00:00+00:00,14861.13624639084
2025-05-17 20:00:00+00:00,14861.13624639084
2025-05-17 22:00:00+00:00,14861.13624639084
2025-05-18 00:00:00+00:00,14861.13624639084
2025-05-18 02:00:00+00:00,14861.13624639084
2025-05-18 04:00:00+00:00,14861.13624639084
2025-05-18 06:00:00+00:00,14861.13624639084
2025-05-18 08:00:00+00:00,14861.13624639084
2025-05-18 10:00:00+00:00,14861.13624639084
2025-05-18 12:00:00+00:00,14861.13624639084
2025-05-18 14:00:00+00:00,14861.13624639084
2025-05-18 16:00:00+00:00,14861.13624639084
2025-05-18 18:00:00+00:00,14861.13624639084
2025-05-18 20:00:00+00:00,14861.13624639084
2025-05-18 22:00:00+00:00,14861.13624639084
2025-05-19 00:00:00+00:00,14861.13624639084
2025-05-19 02:00:00+00:00,14861.13624639084
2025-05-19 04:00:00+00:00,14861.13624639084
2025-05-19 06:00:00+00:00,14861.13624639084
2025-05-19 08:00:00+00:00,14861.13624639084
2025-05-19 10:00:00+00:00,14861.13624639084
2025-05-19 12:00:00+00:00,14861.13624639084
2025-05-19 14:00:00+00:00,14861.13624639084
2025-05-19 16:00:00+00:00,14861.13624639084
2025-05-19 18:00:00+00:00,14861.13624639084
2025-05-19 20:00:00+00:00,14861.13624639084
2025-05-19 22:00:00+00:00,14861.13624639084
2025-05-20 00:00:00+00:00,14861.13624639084
2025-05-20 02:00:00+00:00,14861.13624639084
2025-05-20 04:00:00+00:00,14861.13624639084
2025-05-20 06:00:00+00:00,14861.13624639084
2025-05-20 08:00:00+00:00,14861.13624639084
2025-05-20 10:00:00+00:00,14861.13624639084
2025-05-20 12:00:00+00:00,14861.13624639084
2025-05-20 14:00:00+00:00,14861.13624639084
2025-05-20 16:00:00+00:00,14861.13624639084
2025-05-20 18:00:00+00:00,14861.13624639084
2025-05-20 20:00:00+00:00,14861.13624639084
2025-05-20 22:00:00+00:00,14861.13624639084
2025-05-21 00:00:00+00:00,14861.13624639084
2025-05-21 02:00:00+00:00,14861.13624639084
2025-05-21 04:00:00+00:00,14861.13624639084
2025-05-21 06:00:00+00:00,14861.13624639084
2025-05-21 08:00:00+00:00,14861.13624639084
2025-05-21 10:00:00+00:00,14861.13624639084
2025-05-21 12:00:00+00:00,14861.13624639084
2025-05-21 14:00:00+00:00,14861.13624639084
2025-05-21 16:00:00+00:00,14861.13624639084
2025-05-21 18:00:00+00:00,14861.13624639084
2025-05-21 20:00:00+00:00,14861.13624639084
2025-05-21 22:00:00+00:00,14861.13624639084
2025-05-22 00:00:00+00:00,14861.13624639084
2025-05-22 02:00:00+00:00,14861.13624639084
2025-05-22 04:00:00+00:00,14861.13624639084
2025-05-22 06:00:00+00:00,14861.13624639084
2025-05-22 08:00:00+00:00,14861.13624639084
2025-05-22 10:00:00+00:00,14861.13624639084
2025-05-22 12:00:00+00:00,14861.13624639084
2025-05-22 14:00:00+00:00,14861.13624639084
2025-05-22 16:00:00+00:00,14861.13624639084
2025-05-22 18:00:00+00:00,14861.13624639084
2025-05-22 20:00:00+00:00,14861.13624639084
2025-05-22 22:00:00+00:00,14861.13624639084
2025-05-23 00:00:00+00:00,14861.13624639084
2025-05-23 02:00:00+00:00,14861.13624639084
2025-05-23 04:00:00+00:00,14861.13624639084
2025-05-23 06:00:00+00:00,14861.13624639084
2025-05-23 08:00:00+00:00,14861.13624639084
2025-05-23 10:00:00+00:00,14861.13624639084
2025-05-23 12:00:00+00:00,14861.13624639084
2025-05-23 14:00:00+00:00,14861.13624639084
2025-05-23 16:00:00+00:00,14861.13624639084
2025-05-23 18:00:00+00:00,14861.13624639084
2025-05-23 20:00:00+00:00,14861.13624639084
2025-05-23 22:00:00+00:00,14861.13624639084
2025-05-24 00:00:00+00:00,14861.13624639084
2025-05-24 02:00:00+00:00,14861.13624639084
2025-05-24 04:00:00+00:00,14861.13624639084
2025-05-24 06:00:00+00:00,14861.13624639084
2025-05-24 08:00:00+00:00,14861.13624639084
2025-05-24 10:00:00+00:00,14861.13624639084
2025-05-24 12:00:00+00:00,14861.13624639084
2025-05-24 14:00:00+00:00,14861.13624639084
2025-05-24 16:00:00+00:00,14861.13624639084
2025-05-24 18:00:00+00:00,14861.13624639084
2025-05-24 20:00:00+00:00,14861.13624639084
2025-05-24 22:00:00+00:00,14861.13624639084
2025-05-25 00:00:00+00:00,14861.13624639084
2025-05-25 02:00:00+00:00,14861.13624639084
2025-05-25 04:00:00+00:00,14861.13624639084
2025-05-25 06:00:00+00:00,14861.13624639084
2025-05-25 08:00:00+00:00,14861.13624639084
2025-05-25 10:00:00+00:00,14861.13624639084
2025-05-25 12:00:00+00:00,14861.13624639084
2025-05-25 14:00:00+00:00,14861.13624639084
2025-05-25 16:00:00+00:00,14861.13624639084
2025-05-25 18:00:00+00:00,14861.13624639084
2025-05-25 20:00:00+00:00,14861.13624639084
2025-05-25 22:00:00+00:00,14861.13624639084
2025-05-26 00:00:00+00:00,14861.13624639084
2025-05-26 02:00:00+00:00,14861.13624639084
2025-05-26 04:00:00+00:00,14861.13624639084
2025-05-26 06:00:00+00:00,14861.13624639084
2025-05-26 08:00:00+00:00,14861.13624639084
2025-05-26 10:00:00+00:00,14861.13624639084
2025-05-26 12:00:00+00:00,14861.13624639084
2025-05-26 14:00:00+00:00,14861.13624639084
2025-05-26 16:00:00+00:00,14861.13624639084
2025-05-26 18:00:00+00:00,14861.13624639084
2025-05-26 20:00:00+00:00,14861.13624639084
2025-05-26 22:00:00+00:00,14861.13624639084
2025-05-27 00:00:00+00:00,14861.13624639084
2025-05-27 02:00:00+00:00,14861.13624639084
2025-05-27 04:00:00+00:00,14861.13624639084
2025-05-27 06:00:00+00:00,14861.13624639084
2025-05-27 08:00:00+00:00,14861.13624639084
2025-05-27 10:00:00+00:00,14861.13624639084
2025-05-27 12:00:00+00:00,14861.13624639084
2025-05-27 14:00:00+00:00,14861.13624639084
2025-05-27 16:00:00+00:00,14861.13624639084
2025-05-27 18:00:00+00:00,14861.13624639084
2025-05-27 20:00:00+00:00,14861.13624639084
2025-05-27 22:00:00+00:00,14861.13624639084
2025-05-28 00:00:00+00:00,14861.13624639084
2025-05-28 02:00:00+00:00,14861.13624639084
2025-05-28 04:00:00+00:00,14861.13624639084
2025-05-28 06:00:00+00:00,14861.13624639084
2025-05-28 08:00:00+00:00,14861.13624639084
2025-05-28 10:00:00+00:00,14861.13624639084
2025-05-28 12:00:00+00:00,14861.13624639084
2025-05-28 14:00:00+00:00,14861.13624639084
2025-05-28 16:00:00+00:00,14861.13624639084
2025-05-28 18:00:00+00:00,14861.13624639084
2025-05-28 20:00:00+00:00,14861.13624639084
2025-05-28 22:00:00+00:00,14861.13624639084
2025-05-29 00:00:00+00:00,14861.13624639084
2025-05-29 02:00:00+00:00,14861.13624639084
2025-05-29 04:00:00+00:00,14861.13624639084
2025-05-29 06:00:00+00:00,14861.13624639084
2025-05-29 08:00:00+00:00,14861.13624639084
2025-05-29 10:00:00+00:00,14861.13624639084
2025-05-29 12:00:00+00:00,14861.13624639084
2025-05-29 14:00:00+00:00,14861.13624639084
2025-05-29 16:00:00+00:00,14861.13624639084
2025-05-29 18:00:00+00:00,14861.13624639084
2025-05-29 20:00:00+00:00,14861.13624639084
2025-05-29 22:00:00+00:00,14861.13624639084
2025-05-30 00:00:00+00:00,14861.13624639084
2025-05-30 02:00:00+00:00,14861.13624639084
2025-05-30 04:00:00+00:00,14861.13624639084
2025-05-30 06:00:00+00:00,14861.13624639084
2025-05-30 08:00:00+00:00,14861.13624639084
2025-05-30 10:00:00+00:00,14861.13624639084
2025-05-30 12:00:00+00:00,14861.13624639084
2025-05-30 14:00:00+00:00,14861.13624639084
2025-05-30 16:00:00+00:00,14861.13624639084
2025-05-30 18:00:00+00:00,14861.13624639084
2025-05-30 20:00:00+00:00,14861.13624639084
2025-05-30 22:00:00+00:00,14861.13624639084
2025-05-31 00:00:00+00:00,14861.13624639084
2025-05-31 02:00:00+00:00,14760.257188611402
2025-05-31 04:00:00+00:00,14736.55811473996
2025-05-31 06:00:00+00:00,14665.460893125637
2025-05-31 08:00:00+00:00,14803.659107987623
2025-05-31 10:00:00+00:00,14898.45540347339
2025-05-31 12:00:00+00:00,14653.56497346849
2025-05-31 14:00:00+00:00,14582.467751854167
2025-05-31 16:00:00+00:00,14538.029270219435
2025-05-31 18:00:00+00:00,14380.035444409823
2025-05-31 20:00:00+00:00,14316.837914085978
2025-05-31 22:00:00+00:00,14411.634209571743
2025-06-01 00:00:00+00:00,14580.437253281372
2025-06-01 02:00:00+00:00,14556.738179409931
2025-06-01 04:00:00+00:00,14311.847749405033
2025-06-01 06:00:00+00:00,14438.242810052721
2025-06-01 08:00:00+00:00,14743.114108356374
2025-06-01 10:00:00+00:00,14656.217504161088
2025-06-01 12:00:00+00:00,14640.418121580127
2025-06-01 14:00:00+00:00,14411.32707415619
2025-06-01 16:00:00+00:00,14328.614684911301
2025-06-01 18:00:00+00:00,14407.611597816107
2025-06-01 20:00:00+00:00,14257.517463296976
2025-06-01 22:00:00+00:00,14166.85640792576
2025-06-02 00:00:00+00:00,14166.85640792576
2025-06-02 02:00:00+00:00,14166.85640792576
2025-06-02 04:00:00+00:00,14166.85640792576
2025-06-02 06:00:00+00:00,14166.85640792576
2025-06-02 08:00:00+00:00,14166.85640792576
2025-06-02 10:00:00+00:00,14166.85640792576
2025-06-02 12:00:00+00:00,14166.85640792576
2025-06-02 14:00:00+00:00,14166.85640792576
2025-06-02 16:00:00+00:00,14166.85640792576
2025-06-02 18:00:00+00:00,14166.85640792576
2025-06-02 20:00:00+00:00,14166.85640792576
2025-06-02 22:00:00+00:00,14166.85640792576
2025-06-03 00:00:00+00:00,14166.85640792576
2025-06-03 02:00:00+00:00,14166.85640792576
2025-06-03 04:00:00+00:00,14166.85640792576
2025-06-03 06:00:00+00:00,14166.85640792576
2025-06-03 08:00:00+00:00,14166.85640792576
2025-06-03 10:00:00+00:00,14166.85640792576
2025-06-03 12:00:00+00:00,14166.85640792576
2025-06-03 14:00:00+00:00,14166.85640792576
2025-06-03 16:00:00+00:00,14166.85640792576
2025-06-03 18:00:00+00:00,14166.85640792576
2025-06-03 20:00:00+00:00,14166.85640792576
2025-06-03 22:00:00+00:00,14166.85640792576
2025-06-04 00:00:00+00:00,14166.85640792576
2025-06-04 02:00:00+00:00,14166.85640792576
2025-06-04 04:00:00+00:00,14166.85640792576
2025-06-04 06:00:00+00:00,14166.85640792576
2025-06-04 08:00:00+00:00,14166.85640792576
2025-06-04 10:00:00+00:00,14166.85640792576
2025-06-04 12:00:00+00:00,14166.85640792576
2025-06-04 14:00:00+00:00,14166.85640792576
2025-06-04 16:00:00+00:00,14166.85640792576
2025-06-04 18:00:00+00:00,14166.85640792576
2025-06-04 20:00:00+00:00,14166.85640792576
2025-06-04 22:00:00+00:00,14166.85640792576
2025-06-05 00:00:00+00:00,14166.85640792576
2025-06-05 02:00:00+00:00,14166.85640792576
2025-06-05 04:00:00+00:00,14166.85640792576
2025-06-05 06:00:00+00:00,14166.85640792576
2025-06-05 08:00:00+00:00,14166.85640792576
2025-06-05 10:00:00+00:00,14166.85640792576
2025-06-05 12:00:00+00:00,14166.85640792576
2025-06-05 14:00:00+00:00,14166.85640792576
2025-06-05 16:00:00+00:00,14166.85640792576
2025-06-05 18:00:00+00:00,14166.85640792576
2025-06-05 20:00:00+00:00,14166.85640792576
2025-06-05 22:00:00+00:00,14166.85640792576
2025-06-06 00:00:00+00:00,14166.85640792576
2025-06-06 02:00:00+00:00,14166.85640792576
2025-06-06 04:00:00+00:00,14166.85640792576
2025-06-06 06:00:00+00:00,14166.85640792576
2025-06-06 08:00:00+00:00,14166.85640792576
2025-06-06 10:00:00+00:00,14166.85640792576
2025-06-06 12:00:00+00:00,14166.85640792576
2025-06-06 14:00:00+00:00,14166.85640792576
2025-06-06 16:00:00+00:00,14166.85640792576
2025-06-06 18:00:00+00:00,14166.85640792576
2025-06-06 20:00:00+00:00,14166.85640792576
2025-06-06 22:00:00+00:00,14166.85640792576
2025-06-07 00:00:00+00:00,14166.85640792576
2025-06-07 02:00:00+00:00,14166.85640792576
2025-06-07 04:00:00+00:00,14166.85640792576
2025-06-07 06:00:00+00:00,14166.85640792576
2025-06-07 08:00:00+00:00,14166.85640792576
2025-06-07 10:00:00+00:00,14166.85640792576
2025-06-07 12:00:00+00:00,14166.85640792576
2025-06-07 14:00:00+00:00,14166.85640792576
2025-06-07 16:00:00+00:00,14166.85640792576
2025-06-07 18:00:00+00:00,14166.85640792576
2025-06-07 20:00:00+00:00,14166.85640792576
2025-06-07 22:00:00+00:00,14166.85640792576
2025-06-08 00:00:00+00:00,14166.85640792576
2025-06-08 02:00:00+00:00,14166.85640792576
2025-06-08 04:00:00+00:00,14166.85640792576
2025-06-08 06:00:00+00:00,14166.85640792576
2025-06-08 08:00:00+00:00,14166.85640792576
2025-06-08 10:00:00+00:00,14166.85640792576
2025-06-08 12:00:00+00:00,14166.85640792576
2025-06-08 14:00:00+00:00,14166.85640792576
2025-06-08 16:00:00+00:00,14166.85640792576
2025-06-08 18:00:00+00:00,14166.85640792576
2025-06-08 20:00:00+00:00,14166.85640792576
2025-06-08 22:00:00+00:00,14166.85640792576
2025-06-09 00:00:00+00:00,14166.85640792576
2025-06-09 02:00:00+00:00,14166.85640792576
2025-06-09 04:00:00+00:00,14166.85640792576
2025-06-09 06:00:00+00:00,14166.85640792576
2025-06-09 08:00:00+00:00,14166.85640792576
2025-06-09 10:00:00+00:00,14166.85640792576
2025-06-09 12:00:00+00:00,14166.85640792576
2025-06-09 14:00:00+00:00,14166.85640792576
2025-06-09 16:00:00+00:00,14166.85640792576
2025-06-09 18:00:00+00:00,14166.85640792576
2025-06-09 20:00:00+00:00,14166.85640792576
2025-06-09 22:00:00+00:00,14166.85640792576
2025-06-10 00:00:00+00:00,14166.85640792576
2025-06-10 02:00:00+00:00,14166.85640792576
2025-06-10 04:00:00+00:00,14166.85640792576
2025-06-10 06:00:00+00:00,14166.85640792576
2025-06-10 08:00:00+00:00,14166.85640792576
2025-06-10 10:00:00+00:00,14166.85640792576
2025-06-10 12:00:00+00:00,14166.85640792576
2025-06-10 14:00:00+00:00,14166.85640792576
2025-06-10 16:00:00+00:00,14166.85640792576
2025-06-10 18:00:00+00:00,14166.85640792576
2025-06-10 20:00:00+00:00,14166.85640792576
2025-06-10 22:00:00+00:00,14166.85640792576
2025-06-11 00:00:00+00:00,14166.85640792576
2025-06-11 02:00:00+00:00,14166.85640792576
2025-06-11 04:00:00+00:00,14166.85640792576
2025-06-11 06:00:00+00:00,14166.85640792576
2025-06-11 08:00:00+00:00,14166.85640792576
2025-06-11 10:00:00+00:00,14166.85640792576
2025-06-11 12:00:00+00:00,14166.85640792576
2025-06-11 14:00:00+00:00,14166.85640792576
2025-06-11 16:00:00+00:00,14166.85640792576
2025-06-11 18:00:00+00:00,14166.85640792576
2025-06-11 20:00:00+00:00,14166.85640792576
2025-06-11 22:00:00+00:00,14166.85640792576
2025-06-12 00:00:00+00:00,14166.85640792576
2025-06-12 02:00:00+00:00,14166.85640792576
2025-06-12 04:00:00+00:00,14166.85640792576
2025-06-12 06:00:00+00:00,14166.85640792576
2025-06-12 08:00:00+00:00,14166.85640792576
2025-06-12 10:00:00+00:00,14166.85640792576
2025-06-12 12:00:00+00:00,14166.85640792576
2025-06-12 14:00:00+00:00,14166.85640792576
2025-06-12 16:00:00+00:00,14166.85640792576
2025-06-12 18:00:00+00:00,14166.85640792576
2025-06-12 20:00:00+00:00,14166.85640792576
2025-06-12 22:00:00+00:00,14166.85640792576
2025-06-13 00:00:00+00:00,14166.85640792576
2025-06-13 02:00:00+00:00,14166.85640792576
2025-06-13 04:00:00+00:00,14166.85640792576
2025-06-13 06:00:00+00:00,14166.85640792576
2025-06-13 08:00:00+00:00,14166.85640792576
2025-06-13 10:00:00+00:00,14166.85640792576
2025-06-13 12:00:00+00:00,14166.85640792576
2025-06-13 14:00:00+00:00,14166.85640792576
2025-06-13 16:00:00+00:00,14166.85640792576
2025-06-13 18:00:00+00:00,14166.85640792576
2025-06-13 20:00:00+00:00,14166.85640792576
2025-06-13 22:00:00+00:00,14166.85640792576
2025-06-14 00:00:00+00:00,14166.85640792576
2025-06-14 02:00:00+00:00,14166.85640792576
2025-06-14 04:00:00+00:00,14166.85640792576
2025-06-14 06:00:00+00:00,14166.85640792576
2025-06-14 08:00:00+00:00,14166.85640792576
2025-06-14 10:00:00+00:00,14166.85640792576
2025-06-14 12:00:00+00:00,14166.85640792576
2025-06-14 14:00:00+00:00,14166.85640792576
2025-06-14 16:00:00+00:00,14166.85640792576
2025-06-14 18:00:00+00:00,14166.85640792576
2025-06-14 20:00:00+00:00,14166.85640792576
2025-06-14 22:00:00+00:00,14166.85640792576
2025-06-15 00:00:00+00:00,14166.85640792576
2025-06-15 02:00:00+00:00,14166.85640792576
2025-06-15 04:00:00+00:00,14166.85640792576
2025-06-15 06:00:00+00:00,14166.85640792576
2025-06-15 08:00:00+00:00,14166.85640792576
2025-06-15 10:00:00+00:00,14166.85640792576
2025-06-15 12:00:00+00:00,14166.85640792576
2025-06-15 14:00:00+00:00,14166.85640792576
2025-06-15 16:00:00+00:00,14166.85640792576
2025-06-15 18:00:00+00:00,14166.85640792576
2025-06-15 20:00:00+00:00,14166.85640792576
2025-06-15 22:00:00+00:00,14166.85640792576
2025-06-16 00:00:00+00:00,14166.85640792576
2025-06-16 02:00:00+00:00,14166.85640792576
2025-06-16 04:00:00+00:00,14166.85640792576
2025-06-16 06:00:00+00:00,14166.85640792576
2025-06-16 08:00:00+00:00,14166.85640792576
2025-06-16 10:00:00+00:00,14166.85640792576
2025-06-16 12:00:00+00:00,14166.85640792576
2025-06-16 14:00:00+00:00,14166.85640792576
2025-06-16 16:00:00+00:00,14166.85640792576
2025-06-16 18:00:00+00:00,14166.85640792576
2025-06-16 20:00:00+00:00,14166.85640792576
2025-06-16 22:00:00+00:00,14166.85640792576
2025-06-17 00:00:00+00:00,14166.85640792576
2025-06-17 02:00:00+00:00,14166.85640792576
2025-06-17 04:00:00+00:00,14166.85640792576
2025-06-17 06:00:00+00:00,14166.85640792576
2025-06-17 08:00:00+00:00,14166.85640792576
2025-06-17 10:00:00+00:00,14166.85640792576
2025-06-17 12:00:00+00:00,14166.85640792576
2025-06-17 14:00:00+00:00,14166.85640792576
2025-06-17 16:00:00+00:00,14166.85640792576
2025-06-17 18:00:00+00:00,14166.85640792576
2025-06-17 20:00:00+00:00,14166.85640792576
2025-06-17 22:00:00+00:00,14166.85640792576
2025-06-18 00:00:00+00:00,14166.85640792576
2025-06-18 02:00:00+00:00,14166.85640792576
2025-06-18 04:00:00+00:00,14166.85640792576
2025-06-18 06:00:00+00:00,14166.85640792576
2025-06-18 08:00:00+00:00,14166.85640792576
2025-06-18 10:00:00+00:00,14166.85640792576
2025-06-18 12:00:00+00:00,14166.85640792576
2025-06-18 14:00:00+00:00,14166.85640792576
2025-06-18 16:00:00+00:00,14166.85640792576
2025-06-18 18:00:00+00:00,14166.85640792576
2025-06-18 20:00:00+00:00,14166.85640792576
2025-06-18 22:00:00+00:00,14166.85640792576
2025-06-19 00:00:00+00:00,14166.85640792576
2025-06-19 02:00:00+00:00,14166.85640792576
2025-06-19 04:00:00+00:00,14166.85640792576
2025-06-19 06:00:00+00:00,14166.85640792576
2025-06-19 08:00:00+00:00,14166.85640792576
2025-06-19 10:00:00+00:00,14166.85640792576
2025-06-19 12:00:00+00:00,14166.85640792576
2025-06-19 14:00:00+00:00,14166.85640792576
2025-06-19 16:00:00+00:00,14166.85640792576
2025-06-19 18:00:00+00:00,14166.85640792576
2025-06-19 20:00:00+00:00,14166.85640792576
2025-06-19 22:00:00+00:00,14166.85640792576
2025-06-20 00:00:00+00:00,14166.85640792576
2025-06-20 02:00:00+00:00,14166.85640792576
2025-06-20 04:00:00+00:00,14166.85640792576
2025-06-20 06:00:00+00:00,14166.85640792576
2025-06-20 08:00:00+00:00,14166.85640792576
2025-06-20 10:00:00+00:00,14166.85640792576
2025-06-20 12:00:00+00:00,14166.85640792576
2025-06-20 14:00:00+00:00,14166.85640792576
2025-06-20 16:00:00+00:00,14166.85640792576
2025-06-20 18:00:00+00:00,14166.85640792576
2025-06-20 20:00:00+00:00,14166.85640792576
2025-06-20 22:00:00+00:00,14166.85640792576
2025-06-21 00:00:00+00:00,14166.85640792576
2025-06-21 02:00:00+00:00,14166.85640792576
2025-06-21 04:00:00+00:00,14166.85640792576
2025-06-21 06:00:00+00:00,14166.85640792576
2025-06-21 08:00:00+00:00,14166.85640792576
2025-06-21 10:00:00+00:00,14166.85640792576
2025-06-21 12:00:00+00:00,14166.85640792576
2025-06-21 14:00:00+00:00,14166.85640792576
2025-06-21 16:00:00+00:00,14166.85640792576
2025-06-21 18:00:00+00:00,14166.85640792576
2025-06-21 20:00:00+00:00,14166.85640792576
2025-06-21 22:00:00+00:00,14166.85640792576
2025-06-22 00:00:00+00:00,14166.85640792576
2025-06-22 02:00:00+00:00,14166.85640792576
2025-06-22 04:00:00+00:00,14166.85640792576
2025-06-22 06:00:00+00:00,14166.85640792576
2025-06-22 08:00:00+00:00,14166.85640792576
2025-06-22 10:00:00+00:00,14166.85640792576
2025-06-22 12:00:00+00:00,14166.85640792576
2025-06-22 14:00:00+00:00,14166.85640792576
2025-06-22 16:00:00+00:00,14166.85640792576
2025-06-22 18:00:00+00:00,14166.85640792576
2025-06-22 20:00:00+00:00,14166.85640792576
2025-06-22 22:00:00+00:00,14166.85640792576
2025-06-23 00:00:00+00:00,14166.85640792576
2025-06-23 02:00:00+00:00,14166.85640792576
2025-06-23 04:00:00+00:00,14166.85640792576
2025-06-23 06:00:00+00:00,14166.85640792576
2025-06-23 08:00:00+00:00,14166.85640792576
2025-06-23 10:00:00+00:00,14166.85640792576
2025-06-23 12:00:00+00:00,14166.85640792576
2025-06-23 14:00:00+00:00,14166.85640792576
2025-06-23 16:00:00+00:00,14166.85640792576
2025-06-23 18:00:00+00:00,14166.85640792576
2025-06-23 20:00:00+00:00,14166.85640792576
2025-06-23 22:00:00+00:00,14166.85640792576
2025-06-24 00:00:00+00:00,14166.85640792576
2025-06-24 02:00:00+00:00,14166.85640792576
2025-06-24 04:00:00+00:00,14166.85640792576
2025-06-24 06:00:00+00:00,14166.85640792576
2025-06-24 08:00:00+00:00,14166.85640792576
2025-06-24 10:00:00+00:00,14166.85640792576
2025-06-24 12:00:00+00:00,14166.85640792576
2025-06-24 14:00:00+00:00,14166.85640792576
2025-06-24 16:00:00+00:00,14166.85640792576
2025-06-24 18:00:00+00:00,14166.85640792576
2025-06-24 20:00:00+00:00,14166.85640792576
2025-06-24 22:00:00+00:00,14166.85640792576
2025-06-25 00:00:00+00:00,14166.85640792576
2025-06-25 02:00:00+00:00,14166.85640792576
2025-06-25 04:00:00+00:00,14166.85640792576
2025-06-25 06:00:00+00:00,14166.85640792576
2025-06-25 08:00:00+00:00,14166.85640792576
2025-06-25 10:00:00+00:00,14166.85640792576
2025-06-25 12:00:00+00:00,14166.85640792576
2025-06-25 14:00:00+00:00,14166.85640792576
2025-06-25 16:00:00+00:00,14166.85640792576
2025-06-25 18:00:00+00:00,14166.85640792576
2025-06-25 20:00:00+00:00,14166.85640792576
2025-06-25 22:00:00+00:00,14166.85640792576
2025-06-26 00:00:00+00:00,14166.85640792576
2025-06-26 02:00:00+00:00,14166.85640792576
2025-06-26 04:00:00+00:00,14166.85640792576
2025-06-26 06:00:00+00:00,14166.85640792576
2025-06-26 08:00:00+00:00,14166.85640792576
2025-06-26 10:00:00+00:00,14166.85640792576
2025-06-26 12:00:00+00:00,14166.85640792576
2025-06-26 14:00:00+00:00,14166.85640792576
2025-06-26 16:00:00+00:00,14166.85640792576
2025-06-26 18:00:00+00:00,14166.85640792576
2025-06-26 20:00:00+00:00,14166.85640792576
2025-06-26 22:00:00+00:00,14166.85640792576
2025-06-27 00:00:00+00:00,14166.85640792576
2025-06-27 02:00:00+00:00,14166.85640792576
2025-06-27 04:00:00+00:00,14166.85640792576
2025-06-27 06:00:00+00:00,14166.85640792576
2025-06-27 08:00:00+00:00,14166.85640792576
2025-06-27 10:00:00+00:00,14166.85640792576
2025-06-27 12:00:00+00:00,14166.85640792576
2025-06-27 14:00:00+00:00,14166.85640792576
2025-06-27 16:00:00+00:00,14166.85640792576
2025-06-27 18:00:00+00:00,14166.85640792576
2025-06-27 20:00:00+00:00,14166.85640792576
2025-06-27 22:00:00+00:00,14166.85640792576
2025-06-28 00:00:00+00:00,14166.85640792576
2025-06-28 02:00:00+00:00,14166.85640792576
2025-06-28 04:00:00+00:00,14166.85640792576
2025-06-28 06:00:00+00:00,14166.85640792576
2025-06-28 08:00:00+00:00,14166.85640792576
2025-06-28 10:00:00+00:00,14166.85640792576
2025-06-28 12:00:00+00:00,14166.85640792576
2025-06-28 14:00:00+00:00,14166.85640792576
2025-06-28 16:00:00+00:00,14166.85640792576
2025-06-28 18:00:00+00:00,14166.85640792576
2025-06-28 20:00:00+00:00,14166.85640792576
2025-06-28 22:00:00+00:00,14166.85640792576
2025-06-29 00:00:00+00:00,14166.85640792576
2025-06-29 02:00:00+00:00,14166.85640792576
2025-06-29 04:00:00+00:00,14166.85640792576
2025-06-29 06:00:00+00:00,14166.85640792576
2025-06-29 08:00:00+00:00,14166.85640792576
2025-06-29 10:00:00+00:00,14166.85640792576
2025-06-29 12:00:00+00:00,14166.85640792576
2025-06-29 14:00:00+00:00,14166.85640792576
2025-06-29 16:00:00+00:00,14166.85640792576
2025-06-29 18:00:00+00:00,14166.85640792576
2025-06-29 20:00:00+00:00,14166.85640792576
2025-06-29 22:00:00+00:00,14166.85640792576
2025-06-30 00:00:00+00:00,14166.85640792576
2025-06-30 02:00:00+00:00,14166.85640792576
2025-06-30 04:00:00+00:00,14166.85640792576
2025-06-30 06:00:00+00:00,14166.85640792576
2025-06-30 08:00:00+00:00,14166.85640792576
2025-06-30 10:00:00+00:00,14166.85640792576
2025-06-30 12:00:00+00:00,14166.85640792576
2025-06-30 14:00:00+00:00,14166.85640792576
2025-06-30 16:00:00+00:00,14166.85640792576
2025-06-30 18:00:00+00:00,14166.85640792576
2025-06-30 20:00:00+00:00,14166.85640792576
2025-06-30 22:00:00+00:00,14166.85640792576
2025-07-01 00:00:00+00:00,14166.85640792576
2025-07-01 02:00:00+00:00,14166.85640792576
2025-07-01 04:00:00+00:00,14166.85640792576
2025-07-01 06:00:00+00:00,14166.85640792576
2025-07-01 08:00:00+00:00,14166.85640792576
2025-07-01 10:00:00+00:00,14166.85640792576
2025-07-01 12:00:00+00:00,14166.85640792576
2025-07-01 14:00:00+00:00,14166.85640792576
2025-07-01 16:00:00+00:00,14166.85640792576
2025-07-01 18:00:00+00:00,14166.85640792576
2025-07-01 20:00:00+00:00,14166.85640792576
2025-07-01 22:00:00+00:00,14166.85640792576
2025-07-02 00:00:00+00:00,14166.85640792576
2025-07-02 02:00:00+00:00,14166.85640792576
2025-07-02 04:00:00+00:00,14166.85640792576
2025-07-02 06:00:00+00:00,14166.85640792576
2025-07-02 08:00:00+00:00,14166.85640792576
2025-07-02 10:00:00+00:00,14166.85640792576
2025-07-02 12:00:00+00:00,14166.85640792576
2025-07-02 14:00:00+00:00,14166.85640792576
2025-07-02 16:00:00+00:00,14166.85640792576
2025-07-02 18:00:00+00:00,14166.85640792576
2025-07-02 20:00:00+00:00,14166.85640792576
2025-07-02 22:00:00+00:00,14166.85640792576
2025-07-03 00:00:00+00:00,14166.85640792576
2025-07-03 02:00:00+00:00,14166.85640792576
2025-07-03 04:00:00+00:00,14166.85640792576
2025-07-03 06:00:00+00:00,14166.85640792576
2025-07-03 08:00:00+00:00,14166.85640792576
2025-07-03 10:00:00+00:00,14166.85640792576
2025-07-03 12:00:00+00:00,14166.85640792576
2025-07-03 14:00:00+00:00,14166.85640792576
2025-07-03 16:00:00+00:00,14166.85640792576
2025-07-03 18:00:00+00:00,14166.85640792576
2025-07-03 20:00:00+00:00,14166.85640792576
2025-07-03 22:00:00+00:00,14166.85640792576
2025-07-04 00:00:00+00:00,14166.85640792576
2025-07-04 02:00:00+00:00,14166.85640792576
2025-07-04 04:00:00+00:00,14166.85640792576
2025-07-04 06:00:00+00:00,14166.85640792576
2025-07-04 08:00:00+00:00,14166.85640792576
2025-07-04 10:00:00+00:00,14166.85640792576
2025-07-04 12:00:00+00:00,14166.85640792576
2025-07-04 14:00:00+00:00,14166.85640792576
2025-07-04 16:00:00+00:00,14166.85640792576
2025-07-04 18:00:00+00:00,14166.85640792576
2025-07-04 20:00:00+00:00,14166.85640792576
2025-07-04 22:00:00+00:00,14166.85640792576
2025-07-05 00:00:00+00:00,14166.85640792576
2025-07-05 02:00:00+00:00,14166.85640792576
2025-07-05 04:00:00+00:00,14166.85640792576
2025-07-05 06:00:00+00:00,14166.85640792576
2025-07-05 08:00:00+00:00,14166.85640792576
2025-07-05 10:00:00+00:00,14166.85640792576
2025-07-05 12:00:00+00:00,14166.85640792576
2025-07-05 14:00:00+00:00,14166.85640792576
2025-07-05 16:00:00+00:00,14166.85640792576
2025-07-05 18:00:00+00:00,14166.85640792576
2025-07-05 20:00:00+00:00,14166.85640792576
2025-07-05 22:00:00+00:00,14166.85640792576
2025-07-06 00:00:00+00:00,14166.85640792576
2025-07-06 02:00:00+00:00,14166.85640792576
2025-07-06 04:00:00+00:00,14166.85640792576
2025-07-06 06:00:00+00:00,14166.85640792576
2025-07-06 08:00:00+00:00,14166.85640792576
2025-07-06 10:00:00+00:00,14166.85640792576
2025-07-06 12:00:00+00:00,14166.85640792576
2025-07-06 14:00:00+00:00,14166.85640792576
2025-07-06 16:00:00+00:00,14166.85640792576
2025-07-06 18:00:00+00:00,14166.85640792576
2025-07-06 20:00:00+00:00,14166.85640792576
2025-07-06 22:00:00+00:00,14166.85640792576
2025-07-07 00:00:00+00:00,14166.85640792576
2025-07-07 02:00:00+00:00,14166.85640792576
2025-07-07 04:00:00+00:00,14166.85640792576
2025-07-07 06:00:00+00:00,14166.85640792576
2025-07-07 08:00:00+00:00,14166.85640792576
2025-07-07 10:00:00+00:00,14166.85640792576
2025-07-07 12:00:00+00:00,14166.85640792576
2025-07-07 14:00:00+00:00,14166.85640792576
2025-07-07 16:00:00+00:00,14166.85640792576
2025-07-07 18:00:00+00:00,14166.85640792576
2025-07-07 20:00:00+00:00,14166.85640792576
2025-07-07 22:00:00+00:00,14166.85640792576
2025-07-08 00:00:00+00:00,14166.85640792576
2025-07-08 02:00:00+00:00,14166.85640792576
2025-07-08 04:00:00+00:00,14166.85640792576
2025-07-08 06:00:00+00:00,14166.85640792576
2025-07-08 08:00:00+00:00,14166.85640792576
2025-07-08 10:00:00+00:00,14166.85640792576
2025-07-08 12:00:00+00:00,14166.85640792576
2025-07-08 14:00:00+00:00,14166.85640792576
2025-07-08 16:00:00+00:00,14166.85640792576
2025-07-08 18:00:00+00:00,14166.85640792576
2025-07-08 20:00:00+00:00,14166.85640792576
2025-07-08 22:00:00+00:00,14166.85640792576
2025-07-09 00:00:00+00:00,14166.85640792576
2025-07-09 02:00:00+00:00,14166.85640792576
2025-07-09 04:00:00+00:00,14166.85640792576
2025-07-09 06:00:00+00:00,14166.85640792576
2025-07-09 08:00:00+00:00,14166.85640792576
2025-07-09 10:00:00+00:00,14166.85640792576
2025-07-09 12:00:00+00:00,14166.85640792576
2025-07-09 14:00:00+00:00,14166.85640792576
2025-07-09 16:00:00+00:00,14166.85640792576
2025-07-09 18:00:00+00:00,14166.85640792576
2025-07-09 20:00:00+00:00,14166.85640792576
2025-07-09 22:00:00+00:00,14166.85640792576
2025-07-10 00:00:00+00:00,14166.85640792576
2025-07-10 02:00:00+00:00,14166.85640792576
2025-07-10 04:00:00+00:00,14166.85640792576
2025-07-10 06:00:00+00:00,14166.85640792576
2025-07-10 08:00:00+00:00,14166.85640792576
2025-07-10 10:00:00+00:00,14166.85640792576
2025-07-10 12:00:00+00:00,14166.85640792576
2025-07-10 14:00:00+00:00,14166.85640792576
2025-07-10 16:00:00+00:00,14166.85640792576
2025-07-10 18:00:00+00:00,14166.85640792576
2025-07-10 20:00:00+00:00,14166.85640792576
2025-07-10 22:00:00+00:00,14166.85640792576
2025-07-11 00:00:00+00:00,14166.85640792576
2025-07-11 02:00:00+00:00,14166.85640792576
2025-07-11 04:00:00+00:00,14166.85640792576
2025-07-11 06:00:00+00:00,14166.85640792576
2025-07-11 08:00:00+00:00,14166.85640792576
2025-07-11 10:00:00+00:00,14166.85640792576
2025-07-11 12:00:00+00:00,14166.85640792576
2025-07-11 14:00:00+00:00,14166.85640792576
2025-07-11 16:00:00+00:00,14166.85640792576
2025-07-11 18:00:00+00:00,14166.85640792576
2025-07-11 20:00:00+00:00,14166.85640792576
2025-07-11 22:00:00+00:00,14166.85640792576
2025-07-12 00:00:00+00:00,14166.85640792576
2025-07-12 02:00:00+00:00,14166.85640792576
2025-07-12 04:00:00+00:00,14166.85640792576
2025-07-12 06:00:00+00:00,14166.85640792576
2025-07-12 08:00:00+00:00,14166.85640792576
2025-07-12 10:00:00+00:00,14166.85640792576
2025-07-12 12:00:00+00:00,14166.85640792576
2025-07-12 14:00:00+00:00,14166.85640792576
2025-07-12 16:00:00+00:00,14166.85640792576
2025-07-12 18:00:00+00:00,14166.85640792576
2025-07-12 20:00:00+00:00,14166.85640792576
2025-07-12 22:00:00+00:00,14166.85640792576
2025-07-13 00:00:00+00:00,14166.85640792576
2025-07-13 02:00:00+00:00,14166.85640792576
2025-07-13 04:00:00+00:00,14166.85640792576
2025-07-13 06:00:00+00:00,14166.85640792576
2025-07-13 08:00:00+00:00,14166.85640792576
2025-07-13 10:00:00+00:00,14166.85640792576
2025-07-13 12:00:00+00:00,14166.85640792576
2025-07-13 14:00:00+00:00,14166.85640792576
2025-07-13 16:00:00+00:00,14166.85640792576
2025-07-13 18:00:00+00:00,14166.85640792576
2025-07-13 20:00:00+00:00,14166.85640792576
2025-07-13 22:00:00+00:00,14166.85640792576
2025-07-14 00:00:00+00:00,14166.85640792576
2025-07-14 02:00:00+00:00,14166.85640792576
2025-07-14 04:00:00+00:00,14166.85640792576
2025-07-14 06:00:00+00:00,14166.85640792576
2025-07-14 08:00:00+00:00,14166.85640792576
2025-07-14 10:00:00+00:00,14166.85640792576
2025-07-14 12:00:00+00:00,14166.85640792576
2025-07-14 14:00:00+00:00,14166.85640792576
2025-07-14 16:00:00+00:00,14166.85640792576
2025-07-14 18:00:00+00:00,14166.85640792576
2025-07-14 20:00:00+00:00,14166.85640792576
2025-07-14 22:00:00+00:00,14166.85640792576
2025-07-15 00:00:00+00:00,14166.85640792576
2025-07-15 02:00:00+00:00,14166.85640792576
2025-07-15 04:00:00+00:00,14166.85640792576
2025-07-15 06:00:00+00:00,14166.85640792576
2025-07-15 08:00:00+00:00,14166.85640792576
2025-07-15 10:00:00+00:00,14166.85640792576
2025-07-15 12:00:00+00:00,14166.85640792576
2025-07-15 14:00:00+00:00,14166.85640792576
2025-07-15 16:00:00+00:00,14166.85640792576
2025-07-15 18:00:00+00:00,14166.85640792576
2025-07-15 20:00:00+00:00,14166.85640792576
2025-07-15 22:00:00+00:00,14166.85640792576
2025-07-16 00:00:00+00:00,14166.85640792576
2025-07-16 02:00:00+00:00,14166.85640792576
2025-07-16 04:00:00+00:00,14166.85640792576
2025-07-16 06:00:00+00:00,14166.85640792576
2025-07-16 08:00:00+00:00,14166.85640792576
2025-07-16 10:00:00+00:00,14166.85640792576
2025-07-16 12:00:00+00:00,14166.85640792576
2025-07-16 14:00:00+00:00,14166.85640792576
2025-07-16 16:00:00+00:00,14166.85640792576
2025-07-16 18:00:00+00:00,14166.85640792576
2025-07-16 20:00:00+00:00,14166.85640792576
2025-07-16 22:00:00+00:00,14166.85640792576
2025-07-17 00:00:00+00:00,14166.85640792576
2025-07-17 02:00:00+00:00,14166.85640792576
2025-07-17 04:00:00+00:00,14166.85640792576
2025-07-17 06:00:00+00:00,14166.85640792576
2025-07-17 08:00:00+00:00,14166.85640792576
2025-07-17 10:00:00+00:00,14166.85640792576
2025-07-17 12:00:00+00:00,14166.85640792576
2025-07-17 14:00:00+00:00,14166.85640792576
2025-07-17 16:00:00+00:00,14166.85640792576
2025-07-17 18:00:00+00:00,14166.85640792576
2025-07-17 20:00:00+00:00,14166.85640792576
2025-07-17 22:00:00+00:00,14166.85640792576
2025-07-18 00:00:00+00:00,14166.85640792576
2025-07-18 02:00:00+00:00,14166.85640792576
2025-07-18 04:00:00+00:00,14166.85640792576
2025-07-18 06:00:00+00:00,14166.85640792576
2025-07-18 08:00:00+00:00,14166.85640792576
2025-07-18 10:00:00+00:00,14166.85640792576
2025-07-18 12:00:00+00:00,14166.85640792576
2025-07-18 14:00:00+00:00,14166.85640792576
2025-07-18 16:00:00+00:00,14166.85640792576
2025-07-18 18:00:00+00:00,14166.85640792576
2025-07-18 20:00:00+00:00,14166.85640792576
2025-07-18 22:00:00+00:00,14166.85640792576
2025-07-19 00:00:00+00:00,14166.85640792576
2025-07-19 02:00:00+00:00,14166.85640792576
2025-07-19 04:00:00+00:00,14166.85640792576
2025-07-19 06:00:00+00:00,14166.85640792576
2025-07-19 08:00:00+00:00,14166.85640792576
2025-07-19 10:00:00+00:00,14166.85640792576
2025-07-19 12:00:00+00:00,14166.85640792576
2025-07-19 14:00:00+00:00,14166.85640792576
2025-07-19 16:00:00+00:00,14166.85640792576
2025-07-19 18:00:00+00:00,14166.85640792576
2025-07-19 20:00:00+00:00,14166.85640792576
2025-07-19 22:00:00+00:00,14166.85640792576
2025-07-20 00:00:00+00:00,14166.85640792576
2025-07-20 02:00:00+00:00,14166.85640792576
2025-07-20 04:00:00+00:00,14166.85640792576
2025-07-20 06:00:00+00:00,14166.85640792576
2025-07-20 08:00:00+00:00,14166.85640792576
2025-07-20 10:00:00+00:00,14166.85640792576
2025-07-20 12:00:00+00:00,14166.85640792576
2025-07-20 14:00:00+00:00,14166.85640792576
2025-07-20 16:00:00+00:00,14166.85640792576
2025-07-20 18:00:00+00:00,14166.85640792576
2025-07-20 20:00:00+00:00,14166.85640792576
2025-07-20 22:00:00+00:00,14166.85640792576
2025-07-21 00:00:00+00:00,14166.85640792576
2025-07-21 02:00:00+00:00,14166.85640792576
2025-07-21 04:00:00+00:00,14166.85640792576
2025-07-21 06:00:00+00:00,14166.85640792576
2025-07-21 08:00:00+00:00,14166.85640792576
2025-07-21 10:00:00+00:00,14166.85640792576
2025-07-21 12:00:00+00:00,14166.85640792576
2025-07-21 14:00:00+00:00,14166.85640792576
2025-07-21 16:00:00+00:00,14166.85640792576
2025-07-21 18:00:00+00:00,14166.85640792576
2025-07-21 20:00:00+00:00,14166.85640792576
2025-07-21 22:00:00+00:00,14166.85640792576
2025-07-22 00:00:00+00:00,14166.85640792576
2025-07-22 02:00:00+00:00,14166.85640792576
2025-07-22 04:00:00+00:00,14166.85640792576
2025-07-22 06:00:00+00:00,14166.85640792576
2025-07-22 08:00:00+00:00,14166.85640792576
2025-07-22 10:00:00+00:00,14166.85640792576
2025-07-22 12:00:00+00:00,14166.85640792576
2025-07-22 14:00:00+00:00,14166.85640792576
2025-07-22 16:00:00+00:00,14166.85640792576
2025-07-22 18:00:00+00:00,14166.85640792576
2025-07-22 20:00:00+00:00,14166.85640792576
2025-07-22 22:00:00+00:00,14166.85640792576
2025-07-23 00:00:00+00:00,14166.85640792576
2025-07-23 02:00:00+00:00,14166.85640792576
2025-07-23 04:00:00+00:00,14166.85640792576
2025-07-23 06:00:00+00:00,14166.85640792576
2025-07-23 08:00:00+00:00,14166.85640792576
2025-07-23 10:00:00+00:00,14166.85640792576
2025-07-23 12:00:00+00:00,14166.85640792576
2025-07-23 14:00:00+00:00,14166.85640792576
2025-07-23 16:00:00+00:00,14166.85640792576
2025-07-23 18:00:00+00:00,14166.85640792576
2025-07-23 20:00:00+00:00,14166.85640792576
2025-07-23 22:00:00+00:00,14166.85640792576
2025-07-24 00:00:00+00:00,14166.85640792576
2025-07-24 02:00:00+00:00,14166.85640792576
2025-07-24 04:00:00+00:00,14166.85640792576
2025-07-24 06:00:00+00:00,14166.85640792576
2025-07-24 08:00:00+00:00,14166.85640792576
2025-07-24 10:00:00+00:00,14166.85640792576
2025-07-24 12:00:00+00:00,14166.85640792576
2025-07-24 14:00:00+00:00,14166.85640792576
2025-07-24 16:00:00+00:00,14166.85640792576
2025-07-24 18:00:00+00:00,14166.85640792576
2025-07-24 20:00:00+00:00,14166.85640792576
2025-07-24 22:00:00+00:00,14166.85640792576
2025-07-25 00:00:00+00:00,14166.85640792576
2025-07-25 02:00:00+00:00,14166.85640792576
2025-07-25 04:00:00+00:00,14166.85640792576
2025-07-25 06:00:00+00:00,14166.85640792576
2025-07-25 08:00:00+00:00,14166.85640792576
2025-07-25 10:00:00+00:00,14166.85640792576
2025-07-25 12:00:00+00:00,14166.85640792576
2025-07-25 14:00:00+00:00,14166.85640792576
2025-07-25 16:00:00+00:00,14166.85640792576
2025-07-25 18:00:00+00:00,14166.85640792576
2025-07-25 20:00:00+00:00,14166.85640792576
2025-07-25 22:00:00+00:00,14166.85640792576
2025-07-26 00:00:00+00:00,14166.85640792576
2025-07-26 02:00:00+00:00,14166.85640792576
2025-07-26 04:00:00+00:00,14166.85640792576
2025-07-26 06:00:00+00:00,14166.85640792576
2025-07-26 08:00:00+00:00,14166.85640792576
2025-07-26 10:00:00+00:00,14166.85640792576
2025-07-26 12:00:00+00:00,14166.85640792576
2025-07-26 14:00:00+00:00,14166.85640792576
2025-07-26 16:00:00+00:00,14166.85640792576
2025-07-26 18:00:00+00:00,14166.85640792576
2025-07-26 20:00:00+00:00,14166.85640792576
2025-07-26 22:00:00+00:00,14166.85640792576
2025-07-27 00:00:00+00:00,14166.85640792576
2025-07-27 02:00:00+00:00,14166.85640792576
2025-07-27 04:00:00+00:00,14166.85640792576
2025-07-27 06:00:00+00:00,14166.85640792576
2025-07-27 08:00:00+00:00,14166.85640792576
2025-07-27 10:00:00+00:00,14166.85640792576
2025-07-27 12:00:00+00:00,14166.85640792576
2025-07-27 14:00:00+00:00,14166.85640792576
2025-07-27 16:00:00+00:00,14166.85640792576
2025-07-27 18:00:00+00:00,14166.85640792576
2025-07-27 20:00:00+00:00,14166.85640792576
2025-07-27 22:00:00+00:00,14166.85640792576
2025-07-28 00:00:00+00:00,14166.85640792576
2025-07-28 02:00:00+00:00,14166.85640792576
2025-07-28 04:00:00+00:00,14166.85640792576
2025-07-28 06:00:00+00:00,14166.85640792576
2025-07-28 08:00:00+00:00,14166.85640792576
2025-07-28 10:00:00+00:00,14166.85640792576
2025-07-28 12:00:00+00:00,14166.85640792576
2025-07-28 14:00:00+00:00,14166.85640792576
2025-07-28 16:00:00+00:00,14166.85640792576
2025-07-28 18:00:00+00:00,14166.85640792576
2025-07-28 20:00:00+00:00,14166.85640792576
2025-07-28 22:00:00+00:00,14166.85640792576
2025-07-29 00:00:00+00:00,14166.85640792576
2025-07-29 02:00:00+00:00,14166.85640792576
2025-07-29 04:00:00+00:00,14166.85640792576
2025-07-29 06:00:00+00:00,14166.85640792576
2025-07-29 08:00:00+00:00,14166.85640792576
2025-07-29 10:00:00+00:00,14166.85640792576
2025-07-29 12:00:00+00:00,14166.85640792576
2025-07-29 14:00:00+00:00,14166.85640792576
2025-07-29 16:00:00+00:00,14166.85640792576
2025-07-29 18:00:00+00:00,14166.85640792576
2025-07-29 20:00:00+00:00,14166.85640792576
2025-07-29 22:00:00+00:00,14166.85640792576
2025-07-30 00:00:00+00:00,14166.85640792576
2025-07-30 02:00:00+00:00,14166.85640792576
2025-07-30 04:00:00+00:00,14166.85640792576
2025-07-30 06:00:00+00:00,14166.85640792576
2025-07-30 08:00:00+00:00,14166.85640792576
2025-07-30 10:00:00+00:00,14166.85640792576
2025-07-30 12:00:00+00:00,14166.85640792576
2025-07-30 14:00:00+00:00,14166.85640792576
2025-07-30 16:00:00+00:00,14166.85640792576
2025-07-30 18:00:00+00:00,14166.85640792576
2025-07-30 20:00:00+00:00,14166.85640792576
2025-07-30 22:00:00+00:00,14166.85640792576
2025-07-31 00:00:00+00:00,14166.85640792576
2025-07-31 02:00:00+00:00,14166.85640792576
2025-07-31 04:00:00+00:00,14166.85640792576
2025-07-31 06:00:00+00:00,14166.85640792576
2025-07-31 08:00:00+00:00,14166.85640792576
2025-07-31 10:00:00+00:00,14166.85640792576
2025-07-31 12:00:00+00:00,14166.85640792576
2025-07-31 14:00:00+00:00,14166.85640792576
2025-07-31 16:00:00+00:00,14166.85640792576
2025-07-31 18:00:00+00:00,14166.85640792576
2025-07-31 20:00:00+00:00,14166.85640792576
2025-07-31 22:00:00+00:00,14166.85640792576
2025-08-01 00:00:00+00:00,14166.85640792576
2025-08-01 02:00:00+00:00,14166.85640792576
2025-08-01 04:00:00+00:00,14166.85640792576
2025-08-01 06:00:00+00:00,14166.85640792576
2025-08-01 08:00:00+00:00,14166.85640792576
2025-08-01 10:00:00+00:00,14166.85640792576
2025-08-01 12:00:00+00:00,14166.85640792576
2025-08-01 14:00:00+00:00,14166.85640792576
2025-08-01 16:00:00+00:00,14166.85640792576
2025-08-01 18:00:00+00:00,14166.85640792576
2025-08-01 20:00:00+00:00,14166.85640792576
2025-08-01 22:00:00+00:00,14166.85640792576
2025-08-02 00:00:00+00:00,14166.85640792576
2025-08-02 02:00:00+00:00,14166.85640792576
2025-08-02 04:00:00+00:00,14166.85640792576
2025-08-02 06:00:00+00:00,14166.85640792576
2025-08-02 08:00:00+00:00,14166.85640792576
2025-08-02 10:00:00+00:00,14166.85640792576
2025-08-02 12:00:00+00:00,14166.85640792576
2025-08-02 14:00:00+00:00,14166.85640792576
2025-08-02 16:00:00+00:00,14166.85640792576
2025-08-02 18:00:00+00:00,14166.85640792576
2025-08-02 20:00:00+00:00,14166.85640792576
2025-08-02 22:00:00+00:00,14166.85640792576
2025-08-03 00:00:00+00:00,14166.85640792576
2025-08-03 02:00:00+00:00,13958.712322070609
2025-08-03 04:00:00+00:00,13953.425451716146
2025-08-03 06:00:00+00:00,13858.26178533584
2025-08-03 08:00:00+00:00,13790.98001583089
2025-08-03 10:00:00+00:00,13628.010107301126
2025-08-03 12:00:00+00:00,13628.010107301126
2025-08-03 14:00:00+00:00,13628.010107301126
2025-08-03 16:00:00+00:00,13628.010107301126
2025-08-03 18:00:00+00:00,13628.010107301126
2025-08-03 20:00:00+00:00,13628.010107301126
2025-08-03 22:00:00+00:00,13628.010107301126
2025-08-04 00:00:00+00:00,13628.010107301126
2025-08-04 02:00:00+00:00,13628.010107301126
2025-08-04 04:00:00+00:00,13628.010107301126
2025-08-04 06:00:00+00:00,13628.010107301126
2025-08-04 08:00:00+00:00,13628.010107301126
2025-08-04 10:00:00+00:00,13628.010107301126
2025-08-04 12:00:00+00:00,13628.010107301126
2025-08-04 14:00:00+00:00,13628.010107301126
2025-08-04 16:00:00+00:00,13628.010107301126
2025-08-04 18:00:00+00:00,13628.010107301126
2025-08-04 20:00:00+00:00,13628.010107301126
2025-08-04 22:00:00+00:00,13628.010107301126
2025-08-05 00:00:00+00:00,13628.010107301126
2025-08-05 02:00:00+00:00,13628.010107301126
2025-08-05 04:00:00+00:00,13628.010107301126
2025-08-05 06:00:00+00:00,13628.010107301126
2025-08-05 08:00:00+00:00,13628.010107301126
2025-08-05 10:00:00+00:00,13628.010107301126
2025-08-05 12:00:00+00:00,13628.010107301126
2025-08-05 14:00:00+00:00,13628.010107301126
2025-08-05 16:00:00+00:00,13628.010107301126
2025-08-05 18:00:00+00:00,13628.010107301126
2025-08-05 20:00:00+00:00,13628.010107301126
2025-08-05 22:00:00+00:00,13628.010107301126
2025-08-06 00:00:00+00:00,13628.010107301126
2025-08-06 02:00:00+00:00,13806.871794524855
2025-08-06 04:00:00+00:00,13495.215948783314
2025-08-06 06:00:00+00:00,13490.421243464212
2025-08-06 08:00:00+00:00,13560.778871102208
2025-08-06 10:00:00+00:00,13603.931218974116
2025-08-06 12:00:00+00:00,13579.957692378612
2025-08-06 14:00:00+00:00,13167.613034935954
2025-08-06 16:00:00+00:00,13200.864900798497
2025-08-06 18:00:00+00:00,13215.249016755797
2025-08-06 20:00:00+00:00,13239.222543351301
2025-08-06 22:00:00+00:00,13287.169596542308
2025-08-07 00:00:00+00:00,13326.187208034857
2025-08-07 02:00:00+00:00,13369.339555906763
2025-08-07 04:00:00+00:00,13239.882512291044
2025-08-07 06:00:00+00:00,13187.140753780937
2025-08-07 08:00:00+00:00,13035.642300266452
2025-08-07 10:00:00+00:00,13035.642300266452
2025-08-07 12:00:00+00:00,13035.642300266452
2025-08-07 14:00:00+00:00,13035.642300266452
2025-08-07 16:00:00+00:00,13035.642300266452
2025-08-07 18:00:00+00:00,13035.642300266452
2025-08-07 20:00:00+00:00,13035.642300266452
2025-08-07 22:00:00+00:00,13035.642300266452
2025-08-08 00:00:00+00:00,13035.642300266452
2025-08-08 02:00:00+00:00,13035.642300266452
2025-08-08 04:00:00+00:00,13035.642300266452
2025-08-08 06:00:00+00:00,13035.642300266452
2025-08-08 08:00:00+00:00,13035.642300266452
2025-08-08 10:00:00+00:00,13035.642300266452
2025-08-08 12:00:00+00:00,13035.642300266452
2025-08-08 14:00:00+00:00,13035.642300266452
2025-08-08 16:00:00+00:00,13035.642300266452
2025-08-08 18:00:00+00:00,13035.642300266452
2025-08-08 20:00:00+00:00,13035.642300266452
2025-08-08 22:00:00+00:00,13035.642300266452
2025-08-09 00:00:00+00:00,13035.642300266452
2025-08-09 02:00:00+00:00,13035.642300266452
2025-08-09 04:00:00+00:00,13035.642300266452
2025-08-09 06:00:00+00:00,13035.642300266452
2025-08-09 08:00:00+00:00,13035.642300266452
2025-08-09 10:00:00+00:00,13035.642300266452
2025-08-09 12:00:00+00:00,13035.642300266452
2025-08-09 14:00:00+00:00,13035.642300266452
2025-08-09 16:00:00+00:00,13035.642300266452
2025-08-09 18:00:00+00:00,13035.642300266452
2025-08-09 20:00:00+00:00,13035.642300266452
2025-08-09 22:00:00+00:00,13035.642300266452
2025-08-10 00:00:00+00:00,13035.642300266452
2025-08-10 02:00:00+00:00,13035.642300266452
2025-08-10 04:00:00+00:00,13035.642300266452
2025-08-10 06:00:00+00:00,13035.642300266452
2025-08-10 08:00:00+00:00,13035.642300266452
2025-08-10 10:00:00+00:00,13035.642300266452
2025-08-10 12:00:00+00:00,13035.642300266452
2025-08-10 14:00:00+00:00,13035.642300266452
2025-08-10 16:00:00+00:00,13035.642300266452
2025-08-10 18:00:00+00:00,13035.642300266452
2025-08-10 20:00:00+00:00,13035.642300266452
2025-08-10 22:00:00+00:00,13035.642300266452
2025-08-11 00:00:00+00:00,13035.642300266452
2025-08-11 02:00:00+00:00,13035.642300266452
2025-08-11 04:00:00+00:00,13035.642300266452
2025-08-11 06:00:00+00:00,13035.642300266452
2025-08-11 08:00:00+00:00,13035.642300266452
2025-08-11 10:00:00+00:00,13035.642300266452
2025-08-11 12:00:00+00:00,13035.642300266452
2025-08-11 14:00:00+00:00,13035.642300266452
2025-08-11 16:00:00+00:00,13035.642300266452
2025-08-11 18:00:00+00:00,13035.642300266452
2025-08-11 20:00:00+00:00,13035.642300266452
2025-08-11 22:00:00+00:00,13035.642300266452
2025-08-12 00:00:00+00:00,13035.642300266452
2025-08-12 02:00:00+00:00,13035.642300266452
2025-08-12 04:00:00+00:00,13035.642300266452
2025-08-12 06:00:00+00:00,13035.642300266452
2025-08-12 08:00:00+00:00,13035.642300266452
2025-08-12 10:00:00+00:00,13035.642300266452
2025-08-12 12:00:00+00:00,13035.642300266452
2025-08-12 14:00:00+00:00,13035.642300266452
2025-08-12 16:00:00+00:00,13035.642300266452
2025-08-12 18:00:00+00:00,13035.642300266452
2025-08-12 20:00:00+00:00,13035.642300266452
2025-08-12 22:00:00+00:00,13035.642300266452
2025-08-13 00:00:00+00:00,13035.642300266452
2025-08-13 02:00:00+00:00,13035.642300266452
2025-08-13 04:00:00+00:00,13035.642300266452
2025-08-13 06:00:00+00:00,13035.642300266452
2025-08-13 08:00:00+00:00,13035.642300266452
2025-08-13 10:00:00+00:00,13035.642300266452
2025-08-13 12:00:00+00:00,13035.642300266452
2025-08-13 14:00:00+00:00,13035.642300266452
2025-08-13 16:00:00+00:00,13035.642300266452
2025-08-13 18:00:00+00:00,13035.642300266452
2025-08-13 20:00:00+00:00,13035.642300266452
2025-08-13 22:00:00+00:00,13035.642300266452
2025-08-14 00:00:00+00:00,13035.642300266452
2025-08-14 02:00:00+00:00,13035.642300266452
2025-08-14 04:00:00+00:00,13035.642300266452
2025-08-14 06:00:00+00:00,13035.642300266452
2025-08-14 08:00:00+00:00,13035.642300266452
2025-08-14 10:00:00+00:00,13035.642300266452
2025-08-14 12:00:00+00:00,13035.642300266452
2025-08-14 14:00:00+00:00,13035.642300266452
2025-08-14 16:00:00+00:00,13035.642300266452
2025-08-14 18:00:00+00:00,13035.642300266452
2025-08-14 20:00:00+00:00,13035.642300266452
2025-08-14 22:00:00+00:00,13035.642300266452
2025-08-15 00:00:00+00:00,13035.642300266452
2025-08-15 02:00:00+00:00,13035.642300266452
2025-08-15 04:00:00+00:00,13035.642300266452
2025-08-15 06:00:00+00:00,13035.642300266452
2025-08-15 08:00:00+00:00,13035.642300266452
2025-08-15 10:00:00+00:00,13035.642300266452
2025-08-15 12:00:00+00:00,13035.642300266452
2025-08-15 14:00:00+00:00,13035.642300266452
2025-08-15 16:00:00+00:00,13035.642300266452
2025-08-15 18:00:00+00:00,13035.642300266452
2025-08-15 20:00:00+00:00,13035.642300266452
2025-08-15 22:00:00+00:00,13035.642300266452
2025-08-16 00:00:00+00:00,13035.642300266452
2025-08-16 02:00:00+00:00,13035.642300266452
2025-08-16 04:00:00+00:00,13035.642300266452
2025-08-16 06:00:00+00:00,13035.642300266452
2025-08-16 08:00:00+00:00,13035.642300266452
2025-08-16 10:00:00+00:00,13035.642300266452
2025-08-16 12:00:00+00:00,13035.642300266452
2025-08-16 14:00:00+00:00,13035.642300266452
2025-08-16 16:00:00+00:00,13035.642300266452
2025-08-16 18:00:00+00:00,13035.642300266452
2025-08-16 20:00:00+00:00,13035.642300266452
2025-08-16 22:00:00+00:00,13035.642300266452
2025-08-17 00:00:00+00:00,13035.642300266452
2025-08-17 02:00:00+00:00,13035.642300266452
2025-08-17 04:00:00+00:00,13035.642300266452
2025-08-17 06:00:00+00:00,13035.642300266452
2025-08-17 08:00:00+00:00,13035.642300266452
2025-08-17 10:00:00+00:00,13035.642300266452
2025-08-17 12:00:00+00:00,13035.642300266452
2025-08-17 14:00:00+00:00,13035.642300266452
2025-08-17 16:00:00+00:00,13035.642300266452
2025-08-17 18:00:00+00:00,13035.642300266452
2025-08-17 20:00:00+00:00,13035.642300266452
2025-08-17 22:00:00+00:00,13035.642300266452
2025-08-18 00:00:00+00:00,13035.642300266452
2025-08-18 02:00:00+00:00,13035.642300266452
2025-08-18 04:00:00+00:00,13035.642300266452
2025-08-18 06:00:00+00:00,13035.642300266452
2025-08-18 08:00:00+00:00,13035.642300266452
2025-08-18 10:00:00+00:00,13035.642300266452
2025-08-18 12:00:00+00:00,13035.642300266452
2025-08-18 14:00:00+00:00,13035.642300266452
2025-08-18 16:00:00+00:00,13035.642300266452
2025-08-18 18:00:00+00:00,13035.642300266452
2025-08-18 20:00:00+00:00,13035.642300266452
2025-08-18 22:00:00+00:00,13035.642300266452
2025-08-19 00:00:00+00:00,13035.642300266452
2025-08-19 02:00:00+00:00,13035.642300266452
2025-08-19 04:00:00+00:00,13035.642300266452
2025-08-19 06:00:00+00:00,13035.642300266452
2025-08-19 08:00:00+00:00,13035.642300266452
2025-08-19 10:00:00+00:00,13035.642300266452
2025-08-19 12:00:00+00:00,13035.642300266452
2025-08-19 14:00:00+00:00,13035.642300266452
2025-08-19 16:00:00+00:00,13035.642300266452
2025-08-19 18:00:00+00:00,13035.642300266452
2025-08-19 20:00:00+00:00,13035.642300266452
2025-08-19 22:00:00+00:00,13035.642300266452
2025-08-20 00:00:00+00:00,13035.642300266452
2025-08-20 02:00:00+00:00,13035.642300266452
2025-08-20 04:00:00+00:00,13035.642300266452
2025-08-20 06:00:00+00:00,13035.642300266452
2025-08-20 08:00:00+00:00,12935.179960720832
2025-08-20 10:00:00+00:00,13031.383123861931
2025-08-20 12:00:00+00:00,13315.619742233366
2025-08-20 14:00:00+00:00,12869.58689494281
2025-08-20 16:00:00+00:00,12614.012149315926
2025-08-20 18:00:00+00:00,12614.012149315926
2025-08-20 20:00:00+00:00,12614.012149315926
2025-08-20 22:00:00+00:00,12614.012149315926
2025-08-21 00:00:00+00:00,12614.012149315926
2025-08-21 02:00:00+00:00,12614.012149315926
2025-08-21 04:00:00+00:00,12614.012149315926
2025-08-21 06:00:00+00:00,12614.012149315926
2025-08-21 08:00:00+00:00,12614.012149315926
2025-08-21 10:00:00+00:00,12614.012149315926
2025-08-21 12:00:00+00:00,12614.012149315926
2025-08-21 14:00:00+00:00,12614.012149315926
2025-08-21 16:00:00+00:00,12614.012149315926
2025-08-21 18:00:00+00:00,12614.012149315926
2025-08-21 20:00:00+00:00,12614.012149315926
2025-08-21 22:00:00+00:00,12614.012149315926
2025-08-22 00:00:00+00:00,12614.012149315926
2025-08-22 02:00:00+00:00,12614.012149315926
2025-08-22 04:00:00+00:00,12614.012149315926
2025-08-22 06:00:00+00:00,12614.012149315926
2025-08-22 08:00:00+00:00,12614.012149315926
2025-08-22 10:00:00+00:00,12614.012149315926
2025-08-22 12:00:00+00:00,12614.012149315926
2025-08-22 14:00:00+00:00,12614.012149315926
2025-08-22 16:00:00+00:00,12614.012149315926
2025-08-22 18:00:00+00:00,12614.012149315926
2025-08-22 20:00:00+00:00,12614.012149315926
2025-08-22 22:00:00+00:00,12614.012149315926
2025-08-23 00:00:00+00:00,12614.012149315926
2025-08-23 02:00:00+00:00,12614.012149315926
2025-08-23 04:00:00+00:00,12614.012149315926
2025-08-23 06:00:00+00:00,12614.012149315926
2025-08-23 08:00:00+00:00,12614.012149315926
2025-08-23 10:00:00+00:00,12614.012149315926
2025-08-23 12:00:00+00:00,12614.012149315926
2025-08-23 14:00:00+00:00,12614.012149315926
2025-08-23 16:00:00+00:00,12614.012149315926
2025-08-23 18:00:00+00:00,12614.012149315926
2025-08-23 20:00:00+00:00,12614.012149315926
2025-08-23 22:00:00+00:00,12614.012149315926
2025-08-24 00:00:00+00:00,12614.012149315926
2025-08-24 02:00:00+00:00,12614.012149315926
2025-08-24 04:00:00+00:00,12614.012149315926
2025-08-24 06:00:00+00:00,12614.012149315926
2025-08-24 08:00:00+00:00,12614.012149315926
2025-08-24 10:00:00+00:00,12614.012149315926
2025-08-24 12:00:00+00:00,12614.012149315926
2025-08-24 14:00:00+00:00,12614.012149315926
2025-08-24 16:00:00+00:00,12614.012149315926
2025-08-24 18:00:00+00:00,12614.012149315926
2025-08-24 20:00:00+00:00,12614.012149315926
2025-08-24 22:00:00+00:00,12614.012149315926
2025-08-25 00:00:00+00:00,12614.012149315926
2025-08-25 02:00:00+00:00,12572.340194662702
2025-08-25 04:00:00+00:00,12752.66729977107
2025-08-25 06:00:00+00:00,13072.338077008635
2025-08-25 08:00:00+00:00,13040.766899247457
2025-08-25 10:00:00+00:00,13098.143705418302
2025-08-25 12:00:00+00:00,13110.438735312053
2025-08-25 14:00:00+00:00,13139.127138397476
2025-08-25 16:00:00+00:00,13212.776574418916
2025-08-25 18:00:00+00:00,13520.152321762727
2025-08-25 20:00:00+00:00,13720.971143360684
2025-08-25 22:00:00+00:00,13614.41421761483
2025-08-26 00:00:00+00:00,13434.924257485469
2025-08-26 02:00:00+00:00,13439.022600783386
2025-08-26 04:00:00+00:00,13430.82591418755
2025-08-26 06:00:00+00:00,13344.760704931283
2025-08-26 08:00:00+00:00,13351.293622836018
2025-08-26 10:00:00+00:00,13355.391966133935
2025-08-26 12:00:00+00:00,13314.40853315476
2025-08-26 14:00:00+00:00,13314.40853315476
2025-08-26 16:00:00+00:00,13191.764210380345
2025-08-26 18:00:00+00:00,12855.700059951112
2025-08-26 20:00:00+00:00,12892.585149632368
2025-08-26 22:00:00+00:00,12937.666925909461
2025-08-27 00:00:00+00:00,12987.891343520545
2025-08-27 02:00:00+00:00,12914.12116415803
2025-08-27 04:00:00+00:00,12959.202940435123
2025-08-27 06:00:00+00:00,13053.464836287225
2025-08-27 08:00:00+00:00,12989.107731811366
2025-08-27 10:00:00+00:00,12952.22264213011
2025-08-27 12:00:00+00:00,12976.812701917614
2025-08-27 14:00:00+00:00,12862.059089575925
2025-08-27 16:00:00+00:00,12784.786274023625
2025-08-27 18:00:00+00:00,12969.21172242991
2025-08-27 20:00:00+00:00,13034.78521519659
2025-08-27 22:00:00+00:00,13235.604036794546
2025-08-28 00:00:00+00:00,13212.054389321867
2025-08-28 02:00:00+00:00,13228.447762513535
2025-08-28 04:00:00+00:00,13085.005747086427
2025-08-28 06:00:00+00:00,12990.743851234323
2025-08-28 08:00:00+00:00,13053.441946343186
2025-08-28 10:00:00+00:00,12963.278393789002
2025-08-28 12:00:00+00:00,12856.721468043146
2025-08-28 14:00:00+00:00,12938.688334001496
2025-08-28 16:00:00+00:00,13087.456966212914
2025-08-28 18:00:00+00:00,13218.603951746272
2025-08-28 20:00:00+00:00,12878.44145801912
2025-08-28 22:00:00+00:00,12591.5574271649
2025-08-29 00:00:00+00:00,12859.212850933953
2025-08-29 02:00:00+00:00,12814.131074656862
2025-08-29 04:00:00+00:00,12842.819477742285
2025-08-29 06:00:00+00:00,13281.342210619454
2025-08-29 08:00:00+00:00,13366.099230498296
2025-08-29 10:00:00+00:00,13243.14893156077
2025-08-29 12:00:00+00:00,13312.820767625366
2025-08-29 14:00:00+00:00,13407.08266347747
2025-08-29 16:00:00+00:00,13478.607963331388
2025-08-29 18:00:00+00:00,13482.706306629303
2025-08-29 20:00:00+00:00,13384.346067479284
2025-08-29 22:00:00+00:00,13437.624530352212
2025-08-30 00:00:00+00:00,13691.792596490526
2025-08-30 02:00:00+00:00,13384.416849146715
2025-08-30 04:00:00+00:00,13396.711879040467
2025-08-30 06:00:00+00:00,13290.154953294614
2025-08-30 08:00:00+00:00,13421.333543202312
2025-08-30 10:00:00+00:00,13384.448453521056
2025-08-30 12:00:00+00:00,13482.808692671075
2025-08-30 14:00:00+00:00,13433.628573096066
2025-08-30 16:00:00+00:00,13503.048612071367
2025-08-30 18:00:00+00:00,13470.261865688028
2025-08-30 20:00:00+00:00,13515.34364196512
2025-08-30 22:00:00+00:00,13445.671805900522
2025-08-31 00:00:00+00:00,13178.060662271797
2025-08-31 02:00:00+00:00,13169.863975675964
2025-08-31 04:00:00+00:00,13329.699364294745
2025-08-31 06:00:00+00:00,13391.174513763508
2025-08-31 08:00:00+00:00,13354.668729033147
2025-08-31 10:00:00+00:00,13317.783639351888
2025-08-31 12:00:00+00:00,13391.553818714405
2025-08-31 14:00:00+00:00,13313.68529605397
2025-08-31 16:00:00+00:00,13355.458518475018
2025-08-31 18:00:00+00:00,13330.868458687513
2025-08-31 20:00:00+00:00,13289.885025708338
2025-08-31 22:00:00+00:00,13580.867399860479
2025-09-01 00:00:00+00:00,13631.211039097765
2025-09-01 02:00:00+00:00,13819.734830801968
2025-09-01 04:00:00+00:00,13864.81660707906
2025-09-01 06:00:00+00:00,13500.064053564407
2025-09-01 08:00:00+00:00,13498.446733488056
2025-09-01 10:00:00+00:00,13715.65892827768
2025-09-01 12:00:00+00:00,13760.740704554772
2025-09-01 14:00:00+00:00,13809.920824129782
2025-09-01 16:00:00+00:00,13876.635295670601
2025-09-01 18:00:00+00:00,13782.373399818498
2025-09-01 20:00:00+00:00,14138.92926673732
2025-09-01 22:00:00+00:00,13934.012101841447
2025-09-02 00:00:00+00:00,13890.0590093086
2025-09-02 02:00:00+00:00,13705.633560902314
2025-09-02 04:00:00+00:00,13656.453441327303
2025-09-02 06:00:00+00:00,13726.1252773919
2025-09-02 08:00:00+00:00,13665.799303383877
2025-09-02 10:00:00+00:00,13682.192676575547
2025-09-02 12:00:00+00:00,13489.570541573425
2025-09-02 14:00:00+00:00,13743.667826044308
2025-09-02 16:00:00+00:00,13637.610244372094
2025-09-02 18:00:00+00:00,13666.298647457517
2025-09-02 20:00:00+00:00,13457.283139263725
2025-09-02 22:00:00+00:00,13461.381482561643
2025-09-03 00:00:00+00:00,13433.86889416839
2025-09-03 02:00:00+00:00,13458.458953955897
2025-09-03 04:00:00+00:00,13577.310909595502
2025-09-03 06:00:00+00:00,13585.507596191339
2025-09-03 08:00:00+00:00,13521.09721325261
2025-09-03 10:00:00+00:00,13422.73697410259
2025-09-03 12:00:00+00:00,13353.065138037991
2025-09-03 14:00:00+00:00,13201.426436015046
2025-09-03 16:00:00+00:00,13198.530136806407
2025-09-03 18:00:00+00:00,13104.268240954303
2025-09-03 20:00:00+00:00,13157.54670382723
2025-09-03 22:00:00+00:00,13206.72682340224
2025-09-04 00:00:00+00:00,13261.20692053012
2025-09-04 02:00:00+00:00,13466.124085425992
2025-09-04 04:00:00+00:00,13442.60779158254
2025-09-04 06:00:00+00:00,13442.60779158254
2025-09-04 08:00:00+00:00,13442.60779158254
2025-09-04 10:00:00+00:00,13442.60779158254
2025-09-04 12:00:00+00:00,13442.60779158254
2025-09-04 14:00:00+00:00,13442.60779158254
2025-09-04 16:00:00+00:00,13442.60779158254
2025-09-04 18:00:00+00:00,13442.60779158254
2025-09-04 20:00:00+00:00,13442.60779158254
2025-09-04 22:00:00+00:00,13442.60779158254
2025-09-05 00:00:00+00:00,13442.60779158254
2025-09-05 02:00:00+00:00,13442.60779158254
2025-09-05 04:00:00+00:00,13442.60779158254
2025-09-05 06:00:00+00:00,13442.60779158254
2025-09-05 08:00:00+00:00,13442.60779158254
2025-09-05 10:00:00+00:00,13442.60779158254
2025-09-05 12:00:00+00:00,13442.60779158254
2025-09-05 14:00:00+00:00,13442.60779158254
2025-09-05 16:00:00+00:00,13442.60779158254
2025-09-05 18:00:00+00:00,13442.60779158254
2025-09-05 20:00:00+00:00,13442.60779158254
2025-09-05 22:00:00+00:00,13442.60779158254
2025-09-06 00:00:00+00:00,13442.60779158254
2025-09-06 02:00:00+00:00,13442.60779158254
2025-09-06 04:00:00+00:00,13442.60779158254
2025-09-06 06:00:00+00:00,13442.60779158254
2025-09-06 08:00:00+00:00,13442.60779158254
2025-09-06 10:00:00+00:00,13442.60779158254
2025-09-06 12:00:00+00:00,13442.60779158254
2025-09-06 14:00:00+00:00,13442.60779158254
2025-09-06 16:00:00+00:00,13442.60779158254
2025-09-06 18:00:00+00:00,13442.60779158254
2025-09-06 20:00:00+00:00,13442.60779158254
2025-09-06 22:00:00+00:00,13442.60779158254
2025-09-07 00:00:00+00:00,13442.60779158254
2025-09-07 02:00:00+00:00,13442.60779158254
2025-09-07 04:00:00+00:00,13442.60779158254
2025-09-07 06:00:00+00:00,13442.60779158254
2025-09-07 08:00:00+00:00,13442.60779158254
2025-09-07 10:00:00+00:00,13442.60779158254
2025-09-07 12:00:00+00:00,13442.60779158254
2025-09-07 14:00:00+00:00,13442.60779158254
2025-09-07 16:00:00+00:00,13442.60779158254
2025-09-07 18:00:00+00:00,13442.60779158254
2025-09-07 20:00:00+00:00,13442.60779158254
2025-09-07 22:00:00+00:00,13442.60779158254
2025-09-08 00:00:00+00:00,13442.60779158254
2025-09-08 02:00:00+00:00,13442.60779158254
2025-09-08 04:00:00+00:00,13442.60779158254
2025-09-08 06:00:00+00:00,13442.60779158254
2025-09-08 08:00:00+00:00,13442.60779158254
2025-09-08 10:00:00+00:00,13442.60779158254
2025-09-08 12:00:00+00:00,13442.60779158254
2025-09-08 14:00:00+00:00,13442.60779158254
2025-09-08 16:00:00+00:00,13442.60779158254
2025-09-08 18:00:00+00:00,13442.60779158254
2025-09-08 20:00:00+00:00,13442.60779158254
2025-09-08 22:00:00+00:00,13442.60779158254
2025-09-09 00:00:00+00:00,13442.60779158254
2025-09-09 02:00:00+00:00,13442.60779158254
2025-09-09 04:00:00+00:00,13442.60779158254
2025-09-09 06:00:00+00:00,13442.60779158254
2025-09-09 08:00:00+00:00,13442.60779158254
2025-09-09 10:00:00+00:00,13442.60779158254
2025-09-09 12:00:00+00:00,13442.60779158254
2025-09-09 14:00:00+00:00,13442.60779158254
2025-09-09 16:00:00+00:00,13442.60779158254
2025-09-09 18:00:00+00:00,13442.60779158254
2025-09-09 20:00:00+00:00,13442.60779158254
2025-09-09 22:00:00+00:00,13442.60779158254
2025-09-10 00:00:00+00:00,13442.60779158254
2025-09-10 02:00:00+00:00,13442.60779158254
2025-09-10 04:00:00+00:00,13442.60779158254
2025-09-10 06:00:00+00:00,13442.60779158254
2025-09-10 08:00:00+00:00,13442.60779158254
2025-09-10 10:00:00+00:00,13442.60779158254
2025-09-10 12:00:00+00:00,13442.60779158254
2025-09-10 14:00:00+00:00,13442.60779158254
2025-09-10 16:00:00+00:00,13442.60779158254
2025-09-10 18:00:00+00:00,13442.60779158254
2025-09-10 20:00:00+00:00,13442.60779158254
2025-09-10 22:00:00+00:00,13442.60779158254
2025-09-11 00:00:00+00:00,13442.60779158254
2025-09-11 02:00:00+00:00,13442.60779158254
2025-09-11 04:00:00+00:00,13442.60779158254
2025-09-11 06:00:00+00:00,13442.60779158254
2025-09-11 08:00:00+00:00,13442.60779158254
2025-09-11 10:00:00+00:00,13442.60779158254
2025-09-11 12:00:00+00:00,13442.60779158254
2025-09-11 14:00:00+00:00,13442.60779158254
2025-09-11 16:00:00+00:00,13442.60779158254
2025-09-11 18:00:00+00:00,13442.60779158254
2025-09-11 20:00:00+00:00,13442.60779158254
2025-09-11 22:00:00+00:00,13442.60779158254
2025-09-12 00:00:00+00:00,13442.60779158254
2025-09-12 02:00:00+00:00,13442.60779158254
2025-09-12 04:00:00+00:00,13442.60779158254
2025-09-12 06:00:00+00:00,13442.60779158254
2025-09-12 08:00:00+00:00,13442.60779158254
2025-09-12 10:00:00+00:00,13442.60779158254
2025-09-12 12:00:00+00:00,13442.60779158254
2025-09-12 14:00:00+00:00,13442.60779158254
2025-09-12 16:00:00+00:00,13442.60779158254
2025-09-12 18:00:00+00:00,13442.60779158254
2025-09-12 20:00:00+00:00,13442.60779158254
2025-09-12 22:00:00+00:00,13442.60779158254
2025-09-13 00:00:00+00:00,13442.60779158254
2025-09-13 02:00:00+00:00,13442.60779158254
2025-09-13 04:00:00+00:00,13442.60779158254
2025-09-13 06:00:00+00:00,13442.60779158254
2025-09-13 08:00:00+00:00,13442.60779158254
2025-09-13 10:00:00+00:00,13442.60779158254
2025-09-13 12:00:00+00:00,13442.60779158254
2025-09-13 14:00:00+00:00,13442.60779158254
2025-09-13 16:00:00+00:00,13442.60779158254
2025-09-13 18:00:00+00:00,13442.60779158254
2025-09-13 20:00:00+00:00,13442.60779158254
2025-09-13 22:00:00+00:00,13442.60779158254
2025-09-14 00:00:00+00:00,13442.60779158254
2025-09-14 02:00:00+00:00,13442.60779158254
2025-09-14 04:00:00+00:00,13442.60779158254
2025-09-14 06:00:00+00:00,13442.60779158254
2025-09-14 08:00:00+00:00,13442.60779158254
2025-09-14 10:00:00+00:00,13442.60779158254
2025-09-14 12:00:00+00:00,13442.60779158254
2025-09-14 14:00:00+00:00,13442.60779158254
2025-09-14 16:00:00+00:00,13442.60779158254
2025-09-14 18:00:00+00:00,13442.60779158254
2025-09-14 20:00:00+00:00,13442.60779158254
2025-09-14 22:00:00+00:00,13442.60779158254
2025-09-15 00:00:00+00:00,13442.60779158254
2025-09-15 02:00:00+00:00,13442.60779158254
2025-09-15 04:00:00+00:00,13442.60779158254
2025-09-15 06:00:00+00:00,13442.60779158254
2025-09-15 08:00:00+00:00,13442.60779158254
2025-09-15 10:00:00+00:00,13442.60779158254
2025-09-15 12:00:00+00:00,13442.60779158254
2025-09-15 14:00:00+00:00,13442.60779158254
2025-09-15 16:00:00+00:00,13442.60779158254
2025-09-15 18:00:00+00:00,13442.60779158254
2025-09-15 20:00:00+00:00,13442.60779158254
2025-09-15 22:00:00+00:00,13442.60779158254
2025-09-16 00:00:00+00:00,13442.60779158254
2025-09-16 02:00:00+00:00,13442.60779158254
2025-09-16 04:00:00+00:00,13442.60779158254
2025-09-16 06:00:00+00:00,13442.60779158254
2025-09-16 08:00:00+00:00,13442.60779158254
2025-09-16 10:00:00+00:00,13442.60779158254
2025-09-16 12:00:00+00:00,13442.60779158254
2025-09-16 14:00:00+00:00,13442.60779158254
2025-09-16 16:00:00+00:00,13442.60779158254
2025-09-16 18:00:00+00:00,13442.60779158254
2025-09-16 20:00:00+00:00,13442.60779158254
2025-09-16 22:00:00+00:00,13442.60779158254
2025-09-17 00:00:00+00:00,13442.60779158254
2025-09-17 02:00:00+00:00,13442.60779158254
2025-09-17 04:00:00+00:00,13442.60779158254
2025-09-17 06:00:00+00:00,13442.60779158254
2025-09-17 08:00:00+00:00,13442.60779158254
2025-09-17 10:00:00+00:00,13442.60779158254
2025-09-17 12:00:00+00:00,13442.60779158254
2025-09-17 14:00:00+00:00,13442.60779158254
2025-09-17 16:00:00+00:00,13442.60779158254
2025-09-17 18:00:00+00:00,13442.60779158254
2025-09-17 20:00:00+00:00,13442.60779158254
2025-09-17 22:00:00+00:00,13442.60779158254
2025-09-18 00:00:00+00:00,13442.60779158254
2025-09-18 02:00:00+00:00,13442.60779158254
2025-09-18 04:00:00+00:00,13442.60779158254
2025-09-18 06:00:00+00:00,13442.60779158254
2025-09-18 08:00:00+00:00,13442.60779158254
2025-09-18 10:00:00+00:00,13442.60779158254
2025-09-18 12:00:00+00:00,13442.60779158254
2025-09-18 14:00:00+00:00,13442.60779158254
2025-09-18 16:00:00+00:00,13442.60779158254
2025-09-18 18:00:00+00:00,13442.60779158254
2025-09-18 20:00:00+00:00,13442.60779158254
2025-09-18 22:00:00+00:00,13442.60779158254
2025-09-19 00:00:00+00:00,13442.60779158254
2025-09-19 02:00:00+00:00,13442.60779158254
2025-09-19 04:00:00+00:00,13442.60779158254
2025-09-19 06:00:00+00:00,13442.60779158254
2025-09-19 08:00:00+00:00,13442.60779158254
2025-09-19 10:00:00+00:00,13442.60779158254
2025-09-19 12:00:00+00:00,13442.60779158254
2025-09-19 14:00:00+00:00,13442.60779158254
2025-09-19 16:00:00+00:00,13442.60779158254
2025-09-19 18:00:00+00:00,13442.60779158254
2025-09-19 20:00:00+00:00,13442.60779158254
2025-09-19 22:00:00+00:00,13442.60779158254
2025-09-20 00:00:00+00:00,13442.60779158254
2025-09-20 02:00:00+00:00,13442.60779158254
2025-09-20 04:00:00+00:00,13442.60779158254
2025-09-20 06:00:00+00:00,13442.60779158254
2025-09-20 08:00:00+00:00,13442.60779158254
2025-09-20 10:00:00+00:00,13442.60779158254
2025-09-20 12:00:00+00:00,13442.60779158254
2025-09-20 14:00:00+00:00,13442.60779158254
2025-09-20 16:00:00+00:00,13442.60779158254
2025-09-20 18:00:00+00:00,13442.60779158254
2025-09-20 20:00:00+00:00,13442.60779158254
2025-09-20 22:00:00+00:00,13442.60779158254
2025-09-21 00:00:00+00:00,13442.60779158254
2025-09-21 02:00:00+00:00,13442.60779158254
2025-09-21 04:00:00+00:00,13442.60779158254
2025-09-21 06:00:00+00:00,13442.60779158254
2025-09-21 08:00:00+00:00,13442.60779158254
2025-09-21 10:00:00+00:00,13442.60779158254
2025-09-21 12:00:00+00:00,13442.60779158254
2025-09-21 14:00:00+00:00,13442.60779158254
2025-09-21 16:00:00+00:00,13442.60779158254
2025-09-21 18:00:00+00:00,13442.60779158254
2025-09-21 20:00:00+00:00,13442.60779158254
2025-09-21 22:00:00+00:00,13442.60779158254
2025-09-22 00:00:00+00:00,13442.60779158254
2025-09-22 02:00:00+00:00,13442.60779158254
2025-09-22 04:00:00+00:00,13442.60779158254
2025-09-22 06:00:00+00:00,13442.60779158254
2025-09-22 08:00:00+00:00,13442.60779158254
2025-09-22 10:00:00+00:00,13442.60779158254
2025-09-22 12:00:00+00:00,13442.60779158254
2025-09-22 14:00:00+00:00,13442.60779158254
2025-09-22 16:00:00+00:00,13442.60779158254
2025-09-22 18:00:00+00:00,13442.60779158254
2025-09-22 20:00:00+00:00,13442.60779158254
2025-09-22 22:00:00+00:00,13442.60779158254
2025-09-23 00:00:00+00:00,13442.60779158254
2025-09-23 02:00:00+00:00,13260.196488222236
2025-09-23 04:00:00+00:00,13293.175441771546
2025-09-23 06:00:00+00:00,13071.74532508333
2025-09-23 08:00:00+00:00,12935.144377077795
2025-09-23 10:00:00+00:00,12935.144377077795
2025-09-23 12:00:00+00:00,12935.144377077795
2025-09-23 14:00:00+00:00,12935.144377077795
2025-09-23 16:00:00+00:00,12935.144377077795
2025-09-23 18:00:00+00:00,12935.144377077795
2025-09-23 20:00:00+00:00,12935.144377077795
2025-09-23 22:00:00+00:00,12935.144377077795
2025-09-24 00:00:00+00:00,12935.144377077795
2025-09-24 02:00:00+00:00,12935.144377077795
2025-09-24 04:00:00+00:00,12935.144377077795
2025-09-24 06:00:00+00:00,12935.144377077795
2025-09-24 08:00:00+00:00,12935.144377077795
2025-09-24 10:00:00+00:00,12935.144377077795
2025-09-24 12:00:00+00:00,12935.144377077795
2025-09-24 14:00:00+00:00,12935.144377077795
2025-09-24 16:00:00+00:00,12935.144377077795
2025-09-24 18:00:00+00:00,12935.144377077795
2025-09-24 20:00:00+00:00,12935.144377077795
2025-09-24 22:00:00+00:00,12935.144377077795
2025-09-25 00:00:00+00:00,12935.144377077795
2025-09-25 02:00:00+00:00,12935.144377077795
2025-09-25 04:00:00+00:00,12935.144377077795
2025-09-25 06:00:00+00:00,12935.144377077795
2025-09-25 08:00:00+00:00,12935.144377077795
2025-09-25 10:00:00+00:00,12935.144377077795
2025-09-25 12:00:00+00:00,12935.144377077795
2025-09-25 14:00:00+00:00,12935.144377077795
2025-09-25 16:00:00+00:00,12935.144377077795
2025-09-25 18:00:00+00:00,12935.144377077795
2025-09-25 20:00:00+00:00,12935.144377077795
2025-09-25 22:00:00+00:00,12935.144377077795
2025-09-26 00:00:00+00:00,12935.144377077795
2025-09-26 02:00:00+00:00,12935.144377077795
2025-09-26 04:00:00+00:00,12935.144377077795
2025-09-26 06:00:00+00:00,12935.144377077795
2025-09-26 08:00:00+00:00,12935.144377077795
2025-09-26 10:00:00+00:00,12935.144377077795
2025-09-26 12:00:00+00:00,12935.144377077795
2025-09-26 14:00:00+00:00,12935.144377077795
2025-09-26 16:00:00+00:00,12935.144377077795
2025-09-26 18:00:00+00:00,12935.144377077795
2025-09-26 20:00:00+00:00,12935.144377077795
2025-09-26 22:00:00+00:00,12935.144377077795
2025-09-27 00:00:00+00:00,12935.144377077795
2025-09-27 02:00:00+00:00,12935.144377077795
2025-09-27 04:00:00+00:00,12935.144377077795
2025-09-27 06:00:00+00:00,12935.144377077795
2025-09-27 08:00:00+00:00,12935.144377077795
2025-09-27 10:00:00+00:00,12935.144377077795
2025-09-27 12:00:00+00:00,12935.144377077795
2025-09-27 14:00:00+00:00,12935.144377077795
2025-09-27 16:00:00+00:00,12935.144377077795
2025-09-27 18:00:00+00:00,12935.144377077795
2025-09-27 20:00:00+00:00,12935.144377077795
2025-09-27 22:00:00+00:00,12935.144377077795
2025-09-28 00:00:00+00:00,12935.144377077795
2025-09-28 02:00:00+00:00,12935.144377077795
2025-09-28 04:00:00+00:00,12935.144377077795
2025-09-28 06:00:00+00:00,12935.144377077795
2025-09-28 08:00:00+00:00,12935.144377077795
2025-09-28 10:00:00+00:00,12935.144377077795
2025-09-28 12:00:00+00:00,12935.144377077795
2025-09-28 14:00:00+00:00,12935.144377077795
2025-09-28 16:00:00+00:00,12935.144377077795
2025-09-28 18:00:00+00:00,12935.144377077795
2025-09-28 20:00:00+00:00,12935.144377077795
2025-09-28 22:00:00+00:00,12935.144377077795
2025-09-29 00:00:00+00:00,12935.144377077795
2025-09-29 02:00:00+00:00,12935.144377077795
2025-09-29 04:00:00+00:00,12935.144377077795
2025-09-29 06:00:00+00:00,12935.144377077795
2025-09-29 08:00:00+00:00,12935.144377077795
2025-09-29 10:00:00+00:00,12935.144377077795
2025-09-29 12:00:00+00:00,12935.144377077795
2025-09-29 14:00:00+00:00,12935.144377077795
2025-09-29 16:00:00+00:00,12935.144377077795
2025-09-29 18:00:00+00:00,12935.144377077795
2025-09-29 20:00:00+00:00,12935.144377077795
2025-09-29 22:00:00+00:00,12935.144377077795
2025-09-30 00:00:00+00:00,12935.144377077795
2025-09-30 02:00:00+00:00,12935.144377077795
2025-09-30 04:00:00+00:00,12935.144377077795
2025-09-30 06:00:00+00:00,12935.144377077795
2025-09-30 08:00:00+00:00,12935.144377077795
2025-09-30 10:00:00+00:00,12935.144377077795
2025-09-30 12:00:00+00:00,12935.144377077795
2025-09-30 14:00:00+00:00,12935.144377077795
2025-09-30 16:00:00+00:00,12935.144377077795
2025-09-30 18:00:00+00:00,12935.144377077795
2025-09-30 20:00:00+00:00,12935.144377077795
2025-09-30 22:00:00+00:00,12935.144377077795
2025-10-01 00:00:00+00:00,12935.144377077795
2025-10-01 02:00:00+00:00,12935.144377077795
2025-10-01 04:00:00+00:00,12935.144377077795
2025-10-01 06:00:00+00:00,12935.144377077795
2025-10-01 08:00:00+00:00,12935.144377077795
2025-10-01 10:00:00+00:00,12935.144377077795
2025-10-01 12:00:00+00:00,12935.144377077795
2025-10-01 14:00:00+00:00,12935.144377077795
2025-10-01 16:00:00+00:00,12935.144377077795
2025-10-01 18:00:00+00:00,12935.144377077795
2025-10-01 20:00:00+00:00,12935.144377077795
2025-10-01 22:00:00+00:00,12935.144377077795
2025-10-02 00:00:00+00:00,12935.144377077795
2025-10-02 02:00:00+00:00,12935.144377077795
2025-10-02 04:00:00+00:00,12935.144377077795
2025-10-02 06:00:00+00:00,12935.144377077795
2025-10-02 08:00:00+00:00,12935.144377077795
2025-10-02 10:00:00+00:00,12935.144377077795
2025-10-02 12:00:00+00:00,12935.144377077795
2025-10-02 14:00:00+00:00,12935.144377077795
2025-10-02 16:00:00+00:00,12935.144377077795
2025-10-02 18:00:00+00:00,12935.144377077795
2025-10-02 20:00:00+00:00,12935.144377077795
2025-10-02 22:00:00+00:00,12935.144377077795
2025-10-03 00:00:00+00:00,12935.144377077795
2025-10-03 02:00:00+00:00,12935.144377077795
2025-10-03 04:00:00+00:00,12935.144377077795
2025-10-03 06:00:00+00:00,12935.144377077795
2025-10-03 08:00:00+00:00,12935.144377077795
2025-10-03 10:00:00+00:00,12935.144377077795
2025-10-03 12:00:00+00:00,12935.144377077795
2025-10-03 14:00:00+00:00,12935.144377077795
2025-10-03 16:00:00+00:00,12935.144377077795
2025-10-03 18:00:00+00:00,12935.144377077795
2025-10-03 20:00:00+00:00,12935.144377077795
2025-10-03 22:00:00+00:00,12935.144377077795
2025-10-04 00:00:00+00:00,12935.144377077795
2025-10-04 02:00:00+00:00,12935.144377077795
2025-10-04 04:00:00+00:00,12935.144377077795
2025-10-04 06:00:00+00:00,12935.144377077795
2025-10-04 08:00:00+00:00,12935.144377077795
2025-10-04 10:00:00+00:00,12935.144377077795
2025-10-04 12:00:00+00:00,12935.144377077795
2025-10-04 14:00:00+00:00,12935.144377077795
2025-10-04 16:00:00+00:00,12935.144377077795
2025-10-04 18:00:00+00:00,12935.144377077795
2025-10-04 20:00:00+00:00,12935.144377077795
2025-10-04 22:00:00+00:00,12935.144377077795
2025-10-05 00:00:00+00:00,12935.144377077795
2025-10-05 02:00:00+00:00,12935.144377077795
2025-10-05 04:00:00+00:00,12935.144377077795
2025-10-05 06:00:00+00:00,12935.144377077795
2025-10-05 08:00:00+00:00,12935.144377077795
2025-10-05 10:00:00+00:00,12935.144377077795
2025-10-05 12:00:00+00:00,12935.144377077795
2025-10-05 14:00:00+00:00,12935.144377077795
2025-10-05 16:00:00+00:00,12935.144377077795
2025-10-05 18:00:00+00:00,12935.144377077795
2025-10-05 20:00:00+00:00,12935.144377077795
2025-10-05 22:00:00+00:00,12935.144377077795
2025-10-06 00:00:00+00:00,12935.144377077795
2025-10-06 02:00:00+00:00,12935.144377077795
2025-10-06 04:00:00+00:00,12935.144377077795
2025-10-06 06:00:00+00:00,12935.144377077795
2025-10-06 08:00:00+00:00,12935.144377077795
2025-10-06 10:00:00+00:00,12935.144377077795
2025-10-06 12:00:00+00:00,12935.144377077795
2025-10-06 14:00:00+00:00,12935.144377077795
2025-10-06 16:00:00+00:00,12935.144377077795
2025-10-06 18:00:00+00:00,12935.144377077795
2025-10-06 20:00:00+00:00,12935.144377077795
2025-10-06 22:00:00+00:00,12935.144377077795
2025-10-07 00:00:00+00:00,12935.144377077795
2025-10-07 02:00:00+00:00,12935.144377077795
2025-10-07 04:00:00+00:00,12935.144377077795
2025-10-07 06:00:00+00:00,12935.144377077795
2025-10-07 08:00:00+00:00,12935.144377077795
2025-10-07 10:00:00+00:00,12935.144377077795
2025-10-07 12:00:00+00:00,12935.144377077795
2025-10-07 14:00:00+00:00,12935.144377077795
2025-10-07 16:00:00+00:00,12935.144377077795
2025-10-07 18:00:00+00:00,12935.144377077795
2025-10-07 20:00:00+00:00,12935.144377077795
2025-10-07 22:00:00+00:00,12935.144377077795
2025-10-08 00:00:00+00:00,12935.144377077795
2025-10-08 02:00:00+00:00,13188.730460971015
2025-10-08 04:00:00+00:00,13224.79603734694
2025-10-08 06:00:00+00:00,13161.681278689073
2025-10-08 08:00:00+00:00,13159.315571407515
2025-10-08 10:00:00+00:00,13145.790980266542
2025-10-08 12:00:00+00:00,13064.643433420712
2025-10-08 14:00:00+00:00,13096.200812749645
2025-10-08 16:00:00+00:00,12712.158320309098
2025-10-08 18:00:00+00:00,12847.404231718816
2025-10-08 20:00:00+00:00,12915.027187423675
2025-10-08 22:00:00+00:00,12910.518990376686
2025-10-09 00:00:00+00:00,12992.962643873525
2025-10-09 02:00:00+00:00,13101.159373001301
2025-10-09 04:00:00+00:00,13065.093796625377
2025-10-09 06:00:00+00:00,13173.29052575315
2025-10-09 08:00:00+00:00,13316.613902926727
2025-10-09 10:00:00+00:00,13203.908976751962
2025-10-09 12:00:00+00:00,13339.15488816168
2025-10-09 14:00:00+00:00,13505.958178900331
2025-10-09 16:00:00+00:00,13372.260476397538
2025-10-09 18:00:00+00:00,13358.735885256569
2025-10-09 20:00:00+00:00,13340.703097068605
2025-10-09 22:00:00+00:00,13309.14571773967
2025-10-10 00:00:00+00:00,13194.497784785193
2025-10-10 02:00:00+00:00,12901.464976730806
2025-10-10 04:00:00+00:00,12851.874809213907
2025-10-10 06:00:00+00:00,13158.43220840927
2025-10-10 08:00:00+00:00,12952.32600499525
2025-10-10 10:00:00+00:00,12817.080093585531
2025-10-10 12:00:00+00:00,12794.539108350578
2025-10-10 14:00:00+00:00,13596.998182714904
2025-10-10 16:00:00+00:00,13665.847368016544
2025-10-10 18:00:00+00:00,13904.781811507048
2025-10-10 20:00:00+00:00,16753.96234520511
2025-10-10 22:00:00+00:00,16298.63444345906
2025-10-11 00:00:00+00:00,16454.048475202802
2025-10-11 02:00:00+00:00,15958.146800033835
2025-10-11 04:00:00+00:00,15989.70417936277
2025-10-11 06:00:00+00:00,15904.04843546995
2025-10-11 08:00:00+00:00,15764.628519660333
2025-10-11 10:00:00+00:00,15832.251475365192
2025-10-11 12:00:00+00:00,15990.038372009863
2025-10-11 14:00:00+00:00,15972.005583821901
2025-10-11 16:00:00+00:00,15960.916425992116
2025-10-11 18:00:00+00:00,16429.76891887914
2025-10-11 20:00:00+00:00,16637.145983040708
2025-10-11 22:00:00+00:00,16628.129588946726
2025-10-12 00:00:00+00:00,16815.876166243437
2025-10-12 02:00:00+00:00,16585.958116846916
2025-10-12 04:00:00+00:00,16509.318767048077
2025-10-12 06:00:00+00:00,16410.138432014282
2025-10-12 08:00:00+00:00,16497.553648845686
2025-10-12 10:00:00+00:00,16438.947087234807
2025-10-12 12:00:00+00:00,16533.61922522161
2025-10-12 14:00:00+00:00,15622.963421729508
2025-10-12 16:00:00+00:00,15395.596332025469
2025-10-12 18:00:00+00:00,15251.334026521768
2025-10-12 20:00:00+00:00,15445.186499542364
2025-10-12 22:00:00+00:00,15512.809455247223
2025-10-13 00:00:00+00:00,15438.462022064776
2025-10-13 02:00:00+00:00,15605.265312803427
2025-10-13 04:00:00+00:00,15582.724327568474
2025-10-13 06:00:00+00:00,15388.871854547879
2025-10-13 08:00:00+00:00,15219.118504251845
2025-10-13 10:00:00+00:00,15570.757873917113
2025-10-13 12:00:00+00:00,15304.774248144666
2025-10-13 14:00:00+00:00,15345.348021567583
2025-10-13 16:00:00+00:00,15243.752799510972
2025-10-13 18:00:00+00:00,15212.195420182037
2025-10-13 20:00:00+00:00,15126.539676289216
2025-10-13 22:00:00+00:00,15167.113449712131
2025-10-14 00:00:00+00:00,15341.919532709248
2025-10-14 02:00:00+00:00,15531.263808682852
2025-10-14 04:00:00+00:00,15774.706449220344
2025-10-14 06:00:00+00:00,16054.214666133763
2025-10-14 08:00:00+00:00,16019.75934561187
2025-10-14 10:00:00+00:00,16037.792133799832
2025-10-14 12:00:00+00:00,16055.824921987796
2025-10-14 14:00:00+00:00,15659.103581852622
2025-10-14 16:00:00+00:00,15671.678779875827
2025-10-14 18:00:00+00:00,15712.252553298742
2025-10-14 20:00:00+00:00,15640.121400546892
2025-10-14 22:00:00+00:00,15635.613203499901
2025-10-15 00:00:00+00:00,15705.689804775458
2025-10-15 02:00:00+00:00,15750.771775245365
2025-10-15 04:00:00+00:00,15678.640622493514
2025-10-15 06:00:00+00:00,15588.476681553702
2025-10-15 08:00:00+00:00,15664.421782712227
2025-10-15 10:00:00+00:00,15781.634905933983
2025-10-15 12:00:00+00:00,15876.307043920784
2025-10-15 14:00:00+00:00,16056.634925800408
2025-10-15 16:00:00+00:00,16008.120251262848
2025-10-15 18:00:00+00:00,16035.169433544792
2025-10-15 20:00:00+00:00,16138.857965625577
2025-10-15 22:00:00+00:00,16098.28419220266
2025-10-16 00:00:00+00:00,16040.634062628089
2025-10-16 02:00:00+00:00,16090.224230144986
2025-10-16 04:00:00+00:00,16054.15865376906
2025-10-16 06:00:00+00:00,16054.15865376906
2025-10-16 08:00:00+00:00,16078.840359527514
2025-10-16 10:00:00+00:00,15984.16822154071
2025-10-16 12:00:00+00:00,16096.873147715476
2025-10-16 14:00:00+00:00,16462.037108521716
2025-10-16 16:00:00+00:00,16392.510581220326
2025-10-16 18:00:00+00:00,16509.72370444208
2025-10-16 20:00:00+00:00,16536.772886724022
2025-10-16 22:00:00+00:00,16527.75649263004
2025-10-17 00:00:00+00:00,16481.28563361308
2025-10-17 02:00:00+00:00,16521.859407035998
2025-10-17 04:00:00+00:00,16648.08892435173
2025-10-17 06:00:00+00:00,17270.220116836437
2025-10-17 08:00:00+00:00,17241.6965068906
2025-10-17 10:00:00+00:00,17056.860427963984
2025-10-17 12:00:00+00:00,17065.876822057966
2025-10-17 14:00:00+00:00,17011.77845749408
2025-10-17 16:00:00+00:00,17128.792274000618
2025-10-17 18:00:00+00:00,17178.38244151751
2025-10-17 20:00:00+00:00,17079.20210648372
2025-10-17 22:00:00+00:00,17196.415229705475
2025-10-18 00:00:00+00:00,17083.156489195622
2025-10-18 02:00:00+00:00,17087.664686242613
2025-10-18 04:00:00+00:00,17074.807308264593
2025-10-18 06:00:00+00:00,17074.807308264593
2025-10-18 08:00:00+00:00,17074.807308264593
2025-10-18 10:00:00+00:00,17074.807308264593
2025-10-18 12:00:00+00:00,17074.807308264593
2025-10-18 14:00:00+00:00,17074.807308264593
2025-10-18 16:00:00+00:00,17074.807308264593
2025-10-18 18:00:00+00:00,17074.807308264593
2025-10-18 20:00:00+00:00,17074.807308264593
2025-10-18 22:00:00+00:00,17074.807308264593
2025-10-19 00:00:00+00:00,17074.807308264593
2025-10-19 02:00:00+00:00,17074.807308264593
2025-10-19 04:00:00+00:00,17074.807308264593
2025-10-19 06:00:00+00:00,17074.807308264593
2025-10-19 08:00:00+00:00,17074.807308264593
2025-10-19 10:00:00+00:00,17074.807308264593
2025-10-19 12:00:00+00:00,17074.807308264593
2025-10-19 14:00:00+00:00,17074.807308264593
2025-10-19 16:00:00+00:00,17074.807308264593
2025-10-19 18:00:00+00:00,17074.807308264593
2025-10-19 20:00:00+00:00,17074.807308264593
2025-10-19 22:00:00+00:00,17074.807308264593
2025-10-20 00:00:00+00:00,17074.807308264593
2025-10-20 02:00:00+00:00,17074.807308264593
2025-10-20 04:00:00+00:00,17074.807308264593
2025-10-20 06:00:00+00:00,17074.807308264593
2025-10-20 08:00:00+00:00,17074.807308264593
2025-10-20 10:00:00+00:00,17074.807308264593
2025-10-20 12:00:00+00:00,17074.807308264593
2025-10-20 14:00:00+00:00,17074.807308264593
2025-10-20 16:00:00+00:00,17074.807308264593
2025-10-20 18:00:00+00:00,17074.807308264593
2025-10-20 20:00:00+00:00,17074.807308264593
2025-10-20 22:00:00+00:00,17074.807308264593
2025-10-21 00:00:00+00:00,17074.807308264593
2025-10-21 02:00:00+00:00,17074.807308264593
2025-10-21 04:00:00+00:00,17074.807308264593
2025-10-21 06:00:00+00:00,17074.807308264593
2025-10-21 08:00:00+00:00,17074.807308264593
2025-10-21 10:00:00+00:00,17074.807308264593
2025-10-21 12:00:00+00:00,17074.807308264593
2025-10-21 14:00:00+00:00,17074.807308264593
2025-10-21 16:00:00+00:00,17074.807308264593
2025-10-21 18:00:00+00:00,17074.807308264593
2025-10-21 20:00:00+00:00,17074.807308264593
2025-10-21 22:00:00+00:00,17074.807308264593
2025-10-22 00:00:00+00:00,17074.807308264593
2025-10-22 02:00:00+00:00,17074.807308264593
2025-10-22 04:00:00+00:00,17074.807308264593
2025-10-22 06:00:00+00:00,17074.807308264593
2025-10-22 08:00:00+00:00,17074.807308264593
2025-10-22 10:00:00+00:00,17074.807308264593
2025-10-22 12:00:00+00:00,17074.807308264593
2025-10-22 14:00:00+00:00,17074.807308264593
2025-10-22 16:00:00+00:00,17074.807308264593
2025-10-22 18:00:00+00:00,17074.807308264593
2025-10-22 20:00:00+00:00,17074.807308264593
2025-10-22 22:00:00+00:00,17074.807308264593
2025-10-23 00:00:00+00:00,17074.807308264593
2025-10-23 02:00:00+00:00,17074.807308264593
2025-10-23 04:00:00+00:00,17074.807308264593
2025-10-23 06:00:00+00:00,17074.807308264593
2025-10-23 08:00:00+00:00,17074.807308264593
2025-10-23 10:00:00+00:00,17074.807308264593
2025-10-23 12:00:00+00:00,17074.807308264593
2025-10-23 14:00:00+00:00,17074.807308264593
2025-10-23 16:00:00+00:00,17074.807308264593
2025-10-23 18:00:00+00:00,17074.807308264593
2025-10-23 20:00:00+00:00,17074.807308264593
2025-10-23 22:00:00+00:00,17074.807308264593
2025-10-24 00:00:00+00:00,17074.807308264593
2025-10-24 02:00:00+00:00,17074.807308264593
2025-10-24 04:00:00+00:00,17074.807308264593
2025-10-24 06:00:00+00:00,17074.807308264593
2025-10-24 08:00:00+00:00,17074.807308264593
2025-10-24 10:00:00+00:00,17074.807308264593
2025-10-24 12:00:00+00:00,17074.807308264593
2025-10-24 14:00:00+00:00,17074.807308264593
2025-10-24 16:00:00+00:00,17074.807308264593
2025-10-24 18:00:00+00:00,17074.807308264593
2025-10-24 20:00:00+00:00,17074.807308264593
2025-10-24 22:00:00+00:00,17074.807308264593
2025-10-25 00:00:00+00:00,17074.807308264593
2025-10-25 02:00:00+00:00,17074.807308264593
2025-10-25 04:00:00+00:00,17074.807308264593
2025-10-25 06:00:00+00:00,17074.807308264593
2025-10-25 08:00:00+00:00,17074.807308264593
2025-10-25 10:00:00+00:00,17074.807308264593
2025-10-25 12:00:00+00:00,17074.807308264593
2025-10-25 14:00:00+00:00,17074.807308264593
2025-10-25 16:00:00+00:00,17074.807308264593
2025-10-25 18:00:00+00:00,17074.807308264593
2025-10-25 20:00:00+00:00,17074.807308264593
2025-10-25 22:00:00+00:00,17074.807308264593
2025-10-26 00:00:00+00:00,17074.807308264593
2025-10-26 02:00:00+00:00,17074.807308264593
2025-10-26 04:00:00+00:00,17074.807308264593
2025-10-26 06:00:00+00:00,17074.807308264593
2025-10-26 08:00:00+00:00,17074.807308264593
2025-10-26 10:00:00+00:00,17074.807308264593
2025-10-26 12:00:00+00:00,17074.807308264593
2025-10-26 14:00:00+00:00,17074.807308264593
2025-10-26 16:00:00+00:00,17074.807308264593
2025-10-26 18:00:00+00:00,17074.807308264593
2025-10-26 20:00:00+00:00,17074.807308264593
2025-10-26 22:00:00+00:00,17074.807308264593
2025-10-27 00:00:00+00:00,17074.807308264593
2025-10-27 02:00:00+00:00,17074.807308264593
2025-10-27 04:00:00+00:00,17074.807308264593
2025-10-27 06:00:00+00:00,17074.807308264593
2025-10-27 08:00:00+00:00,17074.807308264593
2025-10-27 10:00:00+00:00,17074.807308264593
2025-10-27 12:00:00+00:00,17074.807308264593
2025-10-27 14:00:00+00:00,17074.807308264593
2025-10-27 16:00:00+00:00,17074.807308264593
2025-10-27 18:00:00+00:00,17074.807308264593
2025-10-27 20:00:00+00:00,17074.807308264593
2025-10-27 22:00:00+00:00,17074.807308264593
2025-10-28 00:00:00+00:00,17074.807308264593
2025-10-28 02:00:00+00:00,17074.807308264593
2025-10-28 04:00:00+00:00,17074.807308264593
2025-10-28 06:00:00+00:00,17074.807308264593
2025-10-28 08:00:00+00:00,17074.807308264593
2025-10-28 10:00:00+00:00,17074.807308264593
2025-10-28 12:00:00+00:00,17074.807308264593
2025-10-28 14:00:00+00:00,17074.807308264593
2025-10-28 16:00:00+00:00,17074.807308264593
2025-10-28 18:00:00+00:00,17074.807308264593
2025-10-28 20:00:00+00:00,17074.807308264593
2025-10-28 22:00:00+00:00,17074.807308264593
2025-10-29 00:00:00+00:00,17074.807308264593
2025-10-29 02:00:00+00:00,17074.807308264593
2025-10-29 04:00:00+00:00,17074.807308264593
2025-10-29 06:00:00+00:00,17074.807308264593
2025-10-29 08:00:00+00:00,17074.807308264593
2025-10-29 10:00:00+00:00,17074.807308264593
2025-10-29 12:00:00+00:00,17074.807308264593
2025-10-29 14:00:00+00:00,17074.807308264593
2025-10-29 16:00:00+00:00,17074.807308264593
2025-10-29 18:00:00+00:00,17074.807308264593
2025-10-29 20:00:00+00:00,17074.807308264593
2025-10-29 22:00:00+00:00,17074.807308264593
2025-10-30 00:00:00+00:00,17074.807308264593
2025-10-30 02:00:00+00:00,17074.807308264593
2025-10-30 04:00:00+00:00,17074.807308264593
2025-10-30 06:00:00+00:00,17074.807308264593
2025-10-30 08:00:00+00:00,17074.807308264593
2025-10-30 10:00:00+00:00,17074.807308264593
2025-10-30 12:00:00+00:00,17074.807308264593
2025-10-30 14:00:00+00:00,17074.807308264593
2025-10-30 16:00:00+00:00,17074.807308264593
2025-10-30 18:00:00+00:00,17074.807308264593
2025-10-30 20:00:00+00:00,17074.807308264593
2025-10-30 22:00:00+00:00,17074.807308264593
2025-10-31 00:00:00+00:00,17074.807308264593
2025-10-31 02:00:00+00:00,17074.807308264593
2025-10-31 04:00:00+00:00,17074.807308264593
2025-10-31 06:00:00+00:00,17074.807308264593
2025-10-31 08:00:00+00:00,17074.807308264593
2025-10-31 10:00:00+00:00,17074.807308264593
2025-10-31 12:00:00+00:00,17074.807308264593
2025-10-31 14:00:00+00:00,17074.807308264593
2025-10-31 16:00:00+00:00,17074.807308264593
2025-10-31 18:00:00+00:00,17074.807308264593
2025-10-31 20:00:00+00:00,17074.807308264593
2025-10-31 22:00:00+00:00,17074.807308264593
2025-11-01 00:00:00+00:00,17074.807308264593
2025-11-01 02:00:00+00:00,17074.807308264593
2025-11-01 04:00:00+00:00,17074.807308264593
2025-11-01 06:00:00+00:00,17074.807308264593
2025-11-01 08:00:00+00:00,17074.807308264593
2025-11-01 10:00:00+00:00,17074.807308264593
2025-11-01 12:00:00+00:00,17074.807308264593
2025-11-01 14:00:00+00:00,17074.807308264593
2025-11-01 16:00:00+00:00,17074.807308264593
2025-11-01 18:00:00+00:00,17074.807308264593
2025-11-01 20:00:00+00:00,17074.807308264593
2025-11-01 22:00:00+00:00,17074.807308264593
2025-11-02 00:00:00+00:00,17074.807308264593
2025-11-02 02:00:00+00:00,17074.807308264593
2025-11-02 04:00:00+00:00,17074.807308264593
2025-11-02 06:00:00+00:00,17074.807308264593
2025-11-02 08:00:00+00:00,17074.807308264593
2025-11-02 10:00:00+00:00,17074.807308264593
2025-11-02 12:00:00+00:00,17074.807308264593
2025-11-02 14:00:00+00:00,17074.807308264593
2025-11-02 16:00:00+00:00,17074.807308264593
2025-11-02 18:00:00+00:00,17074.807308264593
2025-11-02 20:00:00+00:00,17074.807308264593
2025-11-02 22:00:00+00:00,17074.807308264593
2025-11-03 00:00:00+00:00,17074.807308264593
2025-11-03 02:00:00+00:00,17074.807308264593
2025-11-03 04:00:00+00:00,17074.807308264593
2025-11-03 06:00:00+00:00,17074.807308264593
2025-11-03 08:00:00+00:00,17074.807308264593
2025-11-03 10:00:00+00:00,17074.807308264593
2025-11-03 12:00:00+00:00,17074.807308264593
2025-11-03 14:00:00+00:00,17074.807308264593
2025-11-03 16:00:00+00:00,17074.807308264593
2025-11-03 18:00:00+00:00,17074.807308264593
2025-11-03 20:00:00+00:00,17074.807308264593
2025-11-03 22:00:00+00:00,17074.807308264593
2025-11-04 00:00:00+00:00,17074.807308264593
2025-11-04 02:00:00+00:00,17074.807308264593
2025-11-04 04:00:00+00:00,17074.807308264593
2025-11-04 06:00:00+00:00,17074.807308264593
2025-11-04 08:00:00+00:00,17074.807308264593
2025-11-04 10:00:00+00:00,17074.807308264593
2025-11-04 12:00:00+00:00,17074.807308264593
2025-11-04 14:00:00+00:00,17074.807308264593
2025-11-04 16:00:00+00:00,17074.807308264593
2025-11-04 18:00:00+00:00,17074.807308264593
2025-11-04 20:00:00+00:00,17074.807308264593
2025-11-04 22:00:00+00:00,17074.807308264593
2025-11-05 00:00:00+00:00,17074.807308264593
2025-11-05 02:00:00+00:00,17074.807308264593
2025-11-05 04:00:00+00:00,17074.807308264593
2025-11-05 06:00:00+00:00,17074.807308264593
2025-11-05 08:00:00+00:00,17074.807308264593
2025-11-05 10:00:00+00:00,17074.807308264593
2025-11-05 12:00:00+00:00,17074.807308264593
2025-11-05 14:00:00+00:00,17074.807308264593
2025-11-05 16:00:00+00:00,17074.807308264593
2025-11-05 18:00:00+00:00,17074.807308264593
2025-11-05 20:00:00+00:00,17074.807308264593
2025-11-05 22:00:00+00:00,17074.807308264593
2025-11-06 00:00:00+00:00,17074.807308264593
2025-11-06 02:00:00+00:00,17074.807308264593
2025-11-06 04:00:00+00:00,17074.807308264593
2025-11-06 06:00:00+00:00,17074.807308264593
2025-11-06 08:00:00+00:00,17074.807308264593
2025-11-06 10:00:00+00:00,17074.807308264593
2025-11-06 12:00:00+00:00,17074.807308264593
2025-11-06 14:00:00+00:00,17074.807308264593
2025-11-06 16:00:00+00:00,17074.807308264593
2025-11-06 18:00:00+00:00,17074.807308264593
2025-11-06 20:00:00+00:00,17074.807308264593
2025-11-06 22:00:00+00:00,17074.807308264593
2025-11-07 00:00:00+00:00,17074.807308264593
2025-11-07 02:00:00+00:00,17074.807308264593
2025-11-07 04:00:00+00:00,17074.807308264593
2025-11-07 06:00:00+00:00,17074.807308264593
2025-11-07 08:00:00+00:00,17074.807308264593
2025-11-07 10:00:00+00:00,17074.807308264593
2025-11-07 12:00:00+00:00,17074.807308264593
2025-11-07 14:00:00+00:00,17074.807308264593
2025-11-07 16:00:00+00:00,17074.807308264593
2025-11-07 18:00:00+00:00,17074.807308264593
2025-11-07 20:00:00+00:00,17074.807308264593
2025-11-07 22:00:00+00:00,17074.807308264593
2025-11-08 00:00:00+00:00,17074.807308264593
2025-11-08 02:00:00+00:00,17074.807308264593
2025-11-08 04:00:00+00:00,17074.807308264593
2025-11-08 06:00:00+00:00,17074.807308264593
2025-11-08 08:00:00+00:00,17074.807308264593
2025-11-08 10:00:00+00:00,17074.807308264593
2025-11-08 12:00:00+00:00,17074.807308264593
2025-11-08 14:00:00+00:00,17074.807308264593
2025-11-08 16:00:00+00:00,17074.807308264593
2025-11-08 18:00:00+00:00,17074.807308264593
2025-11-08 20:00:00+00:00,17074.807308264593
2025-11-08 22:00:00+00:00,17074.807308264593
2025-11-09 00:00:00+00:00,17074.807308264593
2025-11-09 02:00:00+00:00,17074.807308264593
2025-11-09 04:00:00+00:00,17074.807308264593
2025-11-09 06:00:00+00:00,17074.807308264593
2025-11-09 08:00:00+00:00,17074.807308264593
2025-11-09 10:00:00+00:00,17074.807308264593
2025-11-09 12:00:00+00:00,17074.807308264593
2025-11-09 14:00:00+00:00,17074.807308264593
2025-11-09 16:00:00+00:00,17074.807308264593
2025-11-09 18:00:00+00:00,17074.807308264593
2025-11-09 20:00:00+00:00,17074.807308264593
2025-11-09 22:00:00+00:00,17074.807308264593
2025-11-10 00:00:00+00:00,17074.807308264593
2025-11-10 02:00:00+00:00,17074.807308264593
2025-11-10 04:00:00+00:00,17074.807308264593
2025-11-10 06:00:00+00:00,17074.807308264593
2025-11-10 08:00:00+00:00,17074.807308264593
2025-11-10 10:00:00+00:00,17074.807308264593
2025-11-10 12:00:00+00:00,17074.807308264593
2025-11-10 14:00:00+00:00,17074.807308264593
2025-11-10 16:00:00+00:00,17074.807308264593
2025-11-10 18:00:00+00:00,17074.807308264593
2025-11-10 20:00:00+00:00,17074.807308264593
2025-11-10 22:00:00+00:00,17074.807308264593
2025-11-11 00:00:00+00:00,17074.807308264593
2025-11-11 02:00:00+00:00,17074.807308264593
2025-11-11 04:00:00+00:00,17074.807308264593
2025-11-11 06:00:00+00:00,17074.807308264593
2025-11-11 08:00:00+00:00,17074.807308264593
2025-11-11 10:00:00+00:00,17074.807308264593
2025-11-11 12:00:00+00:00,17074.807308264593
2025-11-11 14:00:00+00:00,17074.807308264593
2025-11-11 16:00:00+00:00,17074.807308264593
2025-11-11 18:00:00+00:00,17074.807308264593
2025-11-11 20:00:00+00:00,17074.807308264593
2025-11-11 22:00:00+00:00,17074.807308264593
2025-11-12 00:00:00+00:00,17074.807308264593
2025-11-12 02:00:00+00:00,17074.807308264593
2025-11-12 04:00:00+00:00,17074.807308264593
2025-11-12 06:00:00+00:00,17074.807308264593
2025-11-12 08:00:00+00:00,17074.807308264593
2025-11-12 10:00:00+00:00,17074.807308264593
2025-11-12 12:00:00+00:00,17074.807308264593
2025-11-12 14:00:00+00:00,17074.807308264593
2025-11-12 16:00:00+00:00,17074.807308264593
2025-11-12 18:00:00+00:00,17074.807308264593
2025-11-12 20:00:00+00:00,17074.807308264593
2025-11-12 22:00:00+00:00,17074.807308264593
2025-11-13 00:00:00+00:00,17074.807308264593
2025-11-13 02:00:00+00:00,17074.807308264593
2025-11-13 04:00:00+00:00,17074.807308264593
2025-11-13 06:00:00+00:00,17074.807308264593
2025-11-13 08:00:00+00:00,17074.807308264593
2025-11-13 10:00:00+00:00,17074.807308264593
2025-11-13 12:00:00+00:00,17074.807308264593
2025-11-13 14:00:00+00:00,17074.807308264593
2025-11-13 16:00:00+00:00,17074.807308264593
2025-11-13 18:00:00+00:00,17074.807308264593
2025-11-13 20:00:00+00:00,17074.807308264593
2025-11-13 22:00:00+00:00,17074.807308264593
2025-11-14 00:00:00+00:00,17074.807308264593
2025-11-14 02:00:00+00:00,17074.807308264593
2025-11-14 04:00:00+00:00,17074.807308264593
2025-11-14 06:00:00+00:00,17074.807308264593
2025-11-14 08:00:00+00:00,17074.807308264593
2025-11-14 10:00:00+00:00,17074.807308264593
2025-11-14 12:00:00+00:00,17074.807308264593
2025-11-14 14:00:00+00:00,17074.807308264593
2025-11-14 16:00:00+00:00,17074.807308264593
2025-11-14 18:00:00+00:00,17074.807308264593
2025-11-14 20:00:00+00:00,17074.807308264593
2025-11-14 22:00:00+00:00,17074.807308264593
2025-11-15 00:00:00+00:00,17074.807308264593
2025-11-15 02:00:00+00:00,17074.807308264593
2025-11-15 04:00:00+00:00,17074.807308264593
2025-11-15 06:00:00+00:00,17074.807308264593
2025-11-15 08:00:00+00:00,17074.807308264593
2025-11-15 10:00:00+00:00,17074.807308264593
2025-11-15 12:00:00+00:00,17074.807308264593
2025-11-15 14:00:00+00:00,17074.807308264593
2025-11-15 16:00:00+00:00,17074.807308264593
2025-11-15 18:00:00+00:00,17074.807308264593
2025-11-15 20:00:00+00:00,17074.807308264593
2025-11-15 22:00:00+00:00,17074.807308264593
2025-11-16 00:00:00+00:00,17074.807308264593
2025-11-16 02:00:00+00:00,17074.807308264593
2025-11-16 04:00:00+00:00,17074.807308264593
2025-11-16 06:00:00+00:00,17074.807308264593
2025-11-16 08:00:00+00:00,17074.807308264593
2025-11-16 10:00:00+00:00,17074.807308264593
2025-11-16 12:00:00+00:00,17074.807308264593
2025-11-16 14:00:00+00:00,17074.807308264593
2025-11-16 16:00:00+00:00,17074.807308264593
2025-11-16 18:00:00+00:00,17074.807308264593
2025-11-16 20:00:00+00:00,17074.807308264593
2025-11-16 22:00:00+00:00,17074.807308264593
2025-11-17 00:00:00+00:00,17074.807308264593
2025-11-17 02:00:00+00:00,17074.807308264593
2025-11-17 04:00:00+00:00,17074.807308264593
2025-11-17 06:00:00+00:00,17074.807308264593
2025-11-17 08:00:00+00:00,17074.807308264593
2025-11-17 10:00:00+00:00,17074.807308264593
2025-11-17 12:00:00+00:00,17074.807308264593
2025-11-17 14:00:00+00:00,17074.807308264593
2025-11-17 16:00:00+00:00,17074.807308264593
2025-11-17 18:00:00+00:00,17074.807308264593
2025-11-17 20:00:00+00:00,17074.807308264593
2025-11-17 22:00:00+00:00,17074.807308264593
2025-11-18 00:00:00+00:00,17074.807308264593
2025-11-18 02:00:00+00:00,17074.807308264593
2025-11-18 04:00:00+00:00,17074.807308264593
2025-11-18 06:00:00+00:00,17074.807308264593
2025-11-18 08:00:00+00:00,17074.807308264593
2025-11-18 10:00:00+00:00,17074.807308264593
2025-11-18 12:00:00+00:00,17074.807308264593
2025-11-18 14:00:00+00:00,17074.807308264593
2025-11-18 16:00:00+00:00,17074.807308264593
2025-11-18 18:00:00+00:00,17074.807308264593
2025-11-18 20:00:00+00:00,17074.807308264593
2025-11-18 22:00:00+00:00,17074.807308264593
2025-11-19 00:00:00+00:00,17074.807308264593
2025-11-19 02:00:00+00:00,17074.807308264593
2025-11-19 04:00:00+00:00,17074.807308264593
2025-11-19 06:00:00+00:00,17074.807308264593
2025-11-19 08:00:00+00:00,17074.807308264593
2025-11-19 10:00:00+00:00,17074.807308264593
2025-11-19 12:00:00+00:00,17074.807308264593
2025-11-19 14:00:00+00:00,17074.807308264593
2025-11-19 16:00:00+00:00,17074.807308264593
2025-11-19 18:00:00+00:00,17074.807308264593
2025-11-19 20:00:00+00:00,17074.807308264593
2025-11-19 22:00:00+00:00,17074.807308264593
2025-11-20 00:00:00+00:00,17074.807308264593
2025-11-20 02:00:00+00:00,17074.807308264593
2025-11-20 04:00:00+00:00,17074.807308264593
2025-11-20 06:00:00+00:00,17074.807308264593
2025-11-20 08:00:00+00:00,17074.807308264593
2025-11-20 10:00:00+00:00,17074.807308264593
2025-11-20 12:00:00+00:00,17074.807308264593
2025-11-20 14:00:00+00:00,17074.807308264593
2025-11-20 16:00:00+00:00,17074.807308264593
2025-11-20 18:00:00+00:00,17074.807308264593
2025-11-20 20:00:00+00:00,17074.807308264593
2025-11-20 22:00:00+00:00,17074.807308264593
2025-11-21 00:00:00+00:00,17074.807308264593
2025-11-21 02:00:00+00:00,17074.807308264593
2025-11-21 04:00:00+00:00,17074.807308264593
2025-11-21 06:00:00+00:00,17074.807308264593
2025-11-21 08:00:00+00:00,17074.807308264593
2025-11-21 10:00:00+00:00,17074.807308264593
2025-11-21 12:00:00+00:00,17074.807308264593
2025-11-21 14:00:00+00:00,17074.807308264593
2025-11-21 16:00:00+00:00,17074.807308264593
2025-11-21 18:00:00+00:00,17074.807308264593
2025-11-21 20:00:00+00:00,17074.807308264593
2025-11-21 22:00:00+00:00,17074.807308264593
2025-11-22 00:00:00+00:00,17074.807308264593
2025-11-22 02:00:00+00:00,17074.807308264593
2025-11-22 04:00:00+00:00,17074.807308264593
2025-11-22 06:00:00+00:00,17074.807308264593
2025-11-22 08:00:00+00:00,17074.807308264593
2025-11-22 10:00:00+00:00,17074.807308264593
2025-11-22 12:00:00+00:00,17074.807308264593
2025-11-22 14:00:00+00:00,17074.807308264593
2025-11-22 16:00:00+00:00,17074.807308264593
2025-11-22 18:00:00+00:00,17074.807308264593
2025-11-22 20:00:00+00:00,17074.807308264593
2025-11-22 22:00:00+00:00,17074.807308264593
2025-11-23 00:00:00+00:00,17074.807308264593
2025-11-23 02:00:00+00:00,17074.807308264593
2025-11-23 04:00:00+00:00,17074.807308264593
2025-11-23 06:00:00+00:00,17074.807308264593
2025-11-23 08:00:00+00:00,17074.807308264593
2025-11-23 10:00:00+00:00,17074.807308264593
2025-11-23 12:00:00+00:00,17074.807308264593
2025-11-23 14:00:00+00:00,17074.807308264593
2025-11-23 16:00:00+00:00,17074.807308264593
2025-11-23 18:00:00+00:00,17074.807308264593
2025-11-23 20:00:00+00:00,17074.807308264593
2025-11-23 22:00:00+00:00,17074.807308264593
2025-11-24 00:00:00+00:00,17074.807308264593
2025-11-24 02:00:00+00:00,17074.807308264593
2025-11-24 04:00:00+00:00,17074.807308264593
2025-11-24 06:00:00+00:00,17074.807308264593
2025-11-24 08:00:00+00:00,17074.807308264593
2025-11-24 10:00:00+00:00,17074.807308264593
2025-11-24 12:00:00+00:00,17074.807308264593
2025-11-24 14:00:00+00:00,17074.807308264593
2025-11-24 16:00:00+00:00,17074.807308264593
2025-11-24 18:00:00+00:00,17074.807308264593
2025-11-24 20:00:00+00:00,17074.807308264593
2025-11-24 22:00:00+00:00,17074.807308264593
2025-11-25 00:00:00+00:00,17074.807308264593
2025-11-25 02:00:00+00:00,17074.807308264593
2025-11-25 04:00:00+00:00,17074.807308264593
2025-11-25 06:00:00+00:00,17074.807308264593
2025-11-25 08:00:00+00:00,17074.807308264593
2025-11-25 10:00:00+00:00,17074.807308264593
2025-11-25 12:00:00+00:00,17074.807308264593
2025-11-25 14:00:00+00:00,17074.807308264593
2025-11-25 16:00:00+00:00,17074.807308264593
2025-11-25 18:00:00+00:00,17074.807308264593
2025-11-25 20:00:00+00:00,17074.807308264593
2025-11-25 22:00:00+00:00,17074.807308264593
2025-11-26 00:00:00+00:00,17074.807308264593
2025-11-26 02:00:00+00:00,17074.807308264593
2025-11-26 04:00:00+00:00,17074.807308264593
2025-11-26 06:00:00+00:00,17074.807308264593
2025-11-26 08:00:00+00:00,17074.807308264593
2025-11-26 10:00:00+00:00,17074.807308264593
2025-11-26 12:00:00+00:00,17074.807308264593
2025-11-26 14:00:00+00:00,17074.807308264593
2025-11-26 16:00:00+00:00,17074.807308264593
2025-11-26 18:00:00+00:00,17074.807308264593
2025-11-26 20:00:00+00:00,17074.807308264593
2025-11-26 22:00:00+00:00,17074.807308264593
2025-11-27 00:00:00+00:00,17074.807308264593
2025-11-27 02:00:00+00:00,17074.807308264593
2025-11-27 04:00:00+00:00,17074.807308264593
2025-11-27 06:00:00+00:00,17074.807308264593
2025-11-27 08:00:00+00:00,17074.807308264593
2025-11-27 10:00:00+00:00,17074.807308264593
2025-11-27 12:00:00+00:00,17074.807308264593
2025-11-27 14:00:00+00:00,17074.807308264593
2025-11-27 16:00:00+00:00,17074.807308264593
2025-11-27 18:00:00+00:00,17074.807308264593
2025-11-27 20:00:00+00:00,17074.807308264593
2025-11-27 22:00:00+00:00,17074.807308264593
2025-11-28 00:00:00+00:00,17074.807308264593
2025-11-28 02:00:00+00:00,17074.807308264593
2025-11-28 04:00:00+00:00,17074.807308264593
2025-11-28 06:00:00+00:00,17074.807308264593
2025-11-28 08:00:00+00:00,17074.807308264593
2025-11-28 10:00:00+00:00,17074.807308264593
2025-11-28 12:00:00+00:00,17074.807308264593
2025-11-28 14:00:00+00:00,17074.807308264593
2025-11-28 16:00:00+00:00,17074.807308264593
2025-11-28 18:00:00+00:00,17074.807308264593
2025-11-28 20:00:00+00:00,17074.807308264593
2025-11-28 22:00:00+00:00,17074.807308264593
2025-11-29 00:00:00+00:00,17074.807308264593
2025-11-29 02:00:00+00:00,17074.807308264593
2025-11-29 04:00:00+00:00,17074.807308264593
2025-11-29 06:00:00+00:00,17074.807308264593
2025-11-29 08:00:00+00:00,17074.807308264593
2025-11-29 10:00:00+00:00,17074.807308264593
2025-11-29 12:00:00+00:00,17074.807308264593
2025-11-29 14:00:00+00:00,17074.807308264593
2025-11-29 16:00:00+00:00,17074.807308264593
2025-11-29 18:00:00+00:00,17074.807308264593
2025-11-29 20:00:00+00:00,17074.807308264593
2025-11-29 22:00:00+00:00,17074.807308264593
2025-11-30 00:00:00+00:00,17074.807308264593
2025-11-30 02:00:00+00:00,17074.807308264593
2025-11-30 04:00:00+00:00,17074.807308264593
2025-11-30 06:00:00+00:00,17074.807308264593
2025-11-30 08:00:00+00:00,17074.807308264593
2025-11-30 10:00:00+00:00,17074.807308264593
2025-11-30 12:00:00+00:00,17074.807308264593
2025-11-30 14:00:00+00:00,17074.807308264593
2025-11-30 16:00:00+00:00,17074.807308264593
2025-11-30 18:00:00+00:00,17074.807308264593
2025-11-30 20:00:00+00:00,17074.807308264593
2025-11-30 22:00:00+00:00,17074.807308264593
2025-12-01 00:00:00+00:00,17074.807308264593
2025-12-01 02:00:00+00:00,17074.807308264593
2025-12-01 04:00:00+00:00,17074.807308264593
2025-12-01 06:00:00+00:00,17074.807308264593
2025-12-01 08:00:00+00:00,17074.807308264593
2025-12-01 10:00:00+00:00,17074.807308264593
2025-12-01 12:00:00+00:00,17074.807308264593
2025-12-01 14:00:00+00:00,17074.807308264593
2025-12-01 16:00:00+00:00,17074.807308264593
2025-12-01 18:00:00+00:00,17074.807308264593
2025-12-01 20:00:00+00:00,17074.807308264593
2025-12-01 22:00:00+00:00,17074.807308264593
2025-12-02 00:00:00+00:00,17074.807308264593
2025-12-02 02:00:00+00:00,17074.807308264593
2025-12-02 04:00:00+00:00,17074.807308264593
2025-12-02 06:00:00+00:00,17074.807308264593
2025-12-02 08:00:00+00:00,17074.807308264593
2025-12-02 10:00:00+00:00,17074.807308264593
2025-12-02 12:00:00+00:00,17074.807308264593
2025-12-02 14:00:00+00:00,17074.807308264593
2025-12-02 16:00:00+00:00,17074.807308264593
2025-12-02 18:00:00+00:00,17074.807308264593
2025-12-02 20:00:00+00:00,17074.807308264593
2025-12-02 22:00:00+00:00,17074.807308264593
2025-12-03 00:00:00+00:00,17074.807308264593
2025-12-03 02:00:00+00:00,17074.807308264593
2025-12-03 04:00:00+00:00,17074.807308264593
2025-12-03 06:00:00+00:00,17074.807308264593
2025-12-03 08:00:00+00:00,17074.807308264593
2025-12-03 10:00:00+00:00,17074.807308264593
2025-12-03 12:00:00+00:00,17074.807308264593
2025-12-03 14:00:00+00:00,17074.807308264593
2025-12-03 16:00:00+00:00,17074.807308264593
2025-12-03 18:00:00+00:00,17074.807308264593
2025-12-03 20:00:00+00:00,17074.807308264593
2025-12-03 22:00:00+00:00,17074.807308264593
2025-12-04 00:00:00+00:00,17074.807308264593
2025-12-04 02:00:00+00:00,17074.807308264593
2025-12-04 04:00:00+00:00,17074.807308264593
2025-12-04 06:00:00+00:00,17074.807308264593
2025-12-04 08:00:00+00:00,17074.807308264593
2025-12-04 10:00:00+00:00,17074.807308264593
2025-12-04 12:00:00+00:00,17074.807308264593
2025-12-04 14:00:00+00:00,17074.807308264593
2025-12-04 16:00:00+00:00,17074.807308264593
2025-12-04 18:00:00+00:00,17074.807308264593
2025-12-04 20:00:00+00:00,17074.807308264593
2025-12-04 22:00:00+00:00,17074.807308264593
2025-12-05 00:00:00+00:00,17074.807308264593
2025-12-05 02:00:00+00:00,17074.807308264593
2025-12-05 04:00:00+00:00,17074.807308264593
2025-12-05 06:00:00+00:00,17074.807308264593
2025-12-05 08:00:00+00:00,17074.807308264593
2025-12-05 10:00:00+00:00,17074.807308264593
2025-12-05 12:00:00+00:00,17074.807308264593
2025-12-05 14:00:00+00:00,17074.807308264593
2025-12-05 16:00:00+00:00,17074.807308264593
2025-12-05 18:00:00+00:00,17074.807308264593
2025-12-05 20:00:00+00:00,17074.807308264593
2025-12-05 22:00:00+00:00,17074.807308264593
2025-12-06 00:00:00+00:00,17074.807308264593
2025-12-06 02:00:00+00:00,17074.807308264593
2025-12-06 04:00:00+00:00,17074.807308264593
2025-12-06 06:00:00+00:00,17074.807308264593
2025-12-06 08:00:00+00:00,17074.807308264593
2025-12-06 10:00:00+00:00,17074.807308264593
2025-12-06 12:00:00+00:00,17074.807308264593
2025-12-06 14:00:00+00:00,17074.807308264593
2025-12-06 16:00:00+00:00,17074.807308264593
2025-12-06 18:00:00+00:00,17074.807308264593
2025-12-06 20:00:00+00:00,17074.807308264593
2025-12-06 22:00:00+00:00,17074.807308264593
2025-12-07 00:00:00+00:00,17074.807308264593
2025-12-07 02:00:00+00:00,17074.807308264593
2025-12-07 04:00:00+00:00,17074.807308264593
2025-12-07 06:00:00+00:00,17074.807308264593
2025-12-07 08:00:00+00:00,17074.807308264593
2025-12-07 10:00:00+00:00,17074.807308264593
2025-12-07 12:00:00+00:00,17074.807308264593
2025-12-07 14:00:00+00:00,17074.807308264593
2025-12-07 16:00:00+00:00,17074.807308264593
2025-12-07 18:00:00+00:00,17074.807308264593
2025-12-07 20:00:00+00:00,17074.807308264593
2025-12-07 22:00:00+00:00,17074.807308264593
2025-12-08 00:00:00+00:00,17074.807308264593
2025-12-08 02:00:00+00:00,17074.807308264593
2025-12-08 04:00:00+00:00,17074.807308264593
2025-12-08 06:00:00+00:00,17074.807308264593
2025-12-08 08:00:00+00:00,17074.807308264593
2025-12-08 10:00:00+00:00,17074.807308264593
2025-12-08 12:00:00+00:00,17074.807308264593
2025-12-08 14:00:00+00:00,17074.807308264593
2025-12-08 16:00:00+00:00,17074.807308264593
2025-12-08 18:00:00+00:00,17074.807308264593
2025-12-08 20:00:00+00:00,17074.807308264593
2025-12-08 22:00:00+00:00,17074.807308264593
2025-12-09 00:00:00+00:00,17074.807308264593
2025-12-09 02:00:00+00:00,17074.807308264593
2025-12-09 04:00:00+00:00,17074.807308264593
2025-12-09 06:00:00+00:00,17074.807308264593
2025-12-09 08:00:00+00:00,17074.807308264593
2025-12-09 10:00:00+00:00,17074.807308264593
2025-12-09 12:00:00+00:00,17074.807308264593
2025-12-09 14:00:00+00:00,17074.807308264593
2025-12-09 16:00:00+00:00,17074.807308264593
2025-12-09 18:00:00+00:00,17074.807308264593
2025-12-09 20:00:00+00:00,17074.807308264593
2025-12-09 22:00:00+00:00,17074.807308264593
2025-12-10 00:00:00+00:00,17074.807308264593
2025-12-10 02:00:00+00:00,17074.807308264593
2025-12-10 04:00:00+00:00,17074.807308264593
2025-12-10 06:00:00+00:00,17074.807308264593
2025-12-10 08:00:00+00:00,17074.807308264593
2025-12-10 10:00:00+00:00,17074.807308264593
2025-12-10 12:00:00+00:00,17074.807308264593
2025-12-10 14:00:00+00:00,17074.807308264593
2025-12-10 16:00:00+00:00,17074.807308264593
2025-12-10 18:00:00+00:00,17074.807308264593
2025-12-10 20:00:00+00:00,17074.807308264593
2025-12-10 22:00:00+00:00,17074.807308264593
2025-12-11 00:00:00+00:00,17074.807308264593
2025-12-11 02:00:00+00:00,17074.807308264593
2025-12-11 04:00:00+00:00,17074.807308264593
2025-12-11 06:00:00+00:00,17074.807308264593
2025-12-11 08:00:00+00:00,17074.807308264593
2025-12-11 10:00:00+00:00,17074.807308264593
2025-12-11 12:00:00+00:00,17074.807308264593
2025-12-11 14:00:00+00:00,17074.807308264593
2025-12-11 16:00:00+00:00,17074.807308264593
2025-12-11 18:00:00+00:00,17074.807308264593
2025-12-11 20:00:00+00:00,17074.807308264593
2025-12-11 22:00:00+00:00,17074.807308264593
2025-12-12 00:00:00+00:00,17074.807308264593
2025-12-12 02:00:00+00:00,17074.807308264593
2025-12-12 04:00:00+00:00,17074.807308264593
2025-12-12 06:00:00+00:00,17074.807308264593
2025-12-12 08:00:00+00:00,17074.807308264593
2025-12-12 10:00:00+00:00,17074.807308264593
2025-12-12 12:00:00+00:00,17074.807308264593
2025-12-12 14:00:00+00:00,17074.807308264593
2025-12-12 16:00:00+00:00,17074.807308264593
2025-12-12 18:00:00+00:00,17074.807308264593
2025-12-12 20:00:00+00:00,17074.807308264593
2025-12-12 22:00:00+00:00,17074.807308264593
2025-12-13 00:00:00+00:00,17074.807308264593
2025-12-13 02:00:00+00:00,17074.807308264593
2025-12-13 04:00:00+00:00,17074.807308264593
2025-12-13 06:00:00+00:00,17074.807308264593
2025-12-13 08:00:00+00:00,17074.807308264593
2025-12-13 10:00:00+00:00,17074.807308264593
2025-12-13 12:00:00+00:00,17074.807308264593
2025-12-13 14:00:00+00:00,17074.807308264593
2025-12-13 16:00:00+00:00,17074.807308264593
2025-12-13 18:00:00+00:00,17074.807308264593
2025-12-13 20:00:00+00:00,17074.807308264593
2025-12-13 22:00:00+00:00,17074.807308264593
2025-12-14 00:00:00+00:00,17074.807308264593
2025-12-14 02:00:00+00:00,17074.807308264593
2025-12-14 04:00:00+00:00,17074.807308264593
2025-12-14 06:00:00+00:00,17074.807308264593
2025-12-14 08:00:00+00:00,17074.807308264593
2025-12-14 10:00:00+00:00,17074.807308264593
2025-12-14 12:00:00+00:00,17074.807308264593
2025-12-14 14:00:00+00:00,17074.807308264593
2025-12-14 16:00:00+00:00,17074.807308264593
2025-12-14 18:00:00+00:00,17074.807308264593
2025-12-14 20:00:00+00:00,17074.807308264593
2025-12-14 22:00:00+00:00,17074.807308264593
2025-12-15 00:00:00+00:00,17074.807308264593
2025-12-15 02:00:00+00:00,17074.807308264593
2025-12-15 04:00:00+00:00,17074.807308264593
2025-12-15 06:00:00+00:00,17074.807308264593
2025-12-15 08:00:00+00:00,17074.807308264593
2025-12-15 10:00:00+00:00,17074.807308264593
2025-12-15 12:00:00+00:00,17074.807308264593
2025-12-15 14:00:00+00:00,17074.807308264593
2025-12-15 16:00:00+00:00,17074.807308264593
2025-12-15 18:00:00+00:00,17074.807308264593
2025-12-15 20:00:00+00:00,17074.807308264593
2025-12-15 22:00:00+00:00,17074.807308264593
2025-12-16 00:00:00+00:00,17074.807308264593
2025-12-16 02:00:00+00:00,17074.807308264593
2025-12-16 04:00:00+00:00,17074.807308264593
2025-12-16 06:00:00+00:00,17074.807308264593
2025-12-16 08:00:00+00:00,17074.807308264593
2025-12-16 10:00:00+00:00,17074.807308264593
2025-12-16 12:00:00+00:00,17074.807308264593
2025-12-16 14:00:00+00:00,17074.807308264593
2025-12-16 16:00:00+00:00,17074.807308264593
2025-12-16 18:00:00+00:00,17074.807308264593
2025-12-16 20:00:00+00:00,17074.807308264593
2025-12-16 22:00:00+00:00,17074.807308264593
2025-12-17 00:00:00+00:00,17074.807308264593
2025-12-17 02:00:00+00:00,17074.807308264593
2025-12-17 04:00:00+00:00,17074.807308264593
2025-12-17 06:00:00+00:00,17074.807308264593
2025-12-17 08:00:00+00:00,17074.807308264593
2025-12-17 10:00:00+00:00,17074.807308264593
2025-12-17 12:00:00+00:00,17074.807308264593
2025-12-17 14:00:00+00:00,17074.807308264593
2025-12-17 16:00:00+00:00,17074.807308264593
2025-12-17 18:00:00+00:00,17074.807308264593
2025-12-17 20:00:00+00:00,17074.807308264593
2025-12-17 22:00:00+00:00,17074.807308264593
2025-12-18 00:00:00+00:00,17074.807308264593
2025-12-18 02:00:00+00:00,17074.807308264593
2025-12-18 04:00:00+00:00,17074.807308264593
2025-12-18 06:00:00+00:00,17074.807308264593
2025-12-18 08:00:00+00:00,17074.807308264593
2025-12-18 10:00:00+00:00,17074.807308264593
2025-12-18 12:00:00+00:00,17074.807308264593
2025-12-18 14:00:00+00:00,17074.807308264593
2025-12-18 16:00:00+00:00,17074.807308264593
2025-12-18 18:00:00+00:00,17074.807308264593
2025-12-18 20:00:00+00:00,17074.807308264593
2025-12-18 22:00:00+00:00,17074.807308264593
2025-12-19 00:00:00+00:00,17074.807308264593
2025-12-19 02:00:00+00:00,17074.807308264593
2025-12-19 04:00:00+00:00,17074.807308264593
2025-12-19 06:00:00+00:00,17074.807308264593
2025-12-19 08:00:00+00:00,17074.807308264593
2025-12-19 10:00:00+00:00,17074.807308264593
2025-12-19 12:00:00+00:00,17074.807308264593
2025-12-19 14:00:00+00:00,17074.807308264593
2025-12-19 16:00:00+00:00,17074.807308264593
2025-12-19 18:00:00+00:00,17074.807308264593
2025-12-19 20:00:00+00:00,17074.807308264593
2025-12-19 22:00:00+00:00,17074.807308264593
2025-12-20 00:00:00+00:00,17074.807308264593
2025-12-20 02:00:00+00:00,17074.807308264593
2025-12-20 04:00:00+00:00,17074.807308264593
2025-12-20 06:00:00+00:00,17074.807308264593
2025-12-20 08:00:00+00:00,17074.807308264593
2025-12-20 10:00:00+00:00,17074.807308264593
2025-12-20 12:00:00+00:00,17074.807308264593
2025-12-20 14:00:00+00:00,17074.807308264593
2025-12-20 16:00:00+00:00,17074.807308264593
2025-12-20 18:00:00+00:00,17074.807308264593
2025-12-20 20:00:00+00:00,17074.807308264593
2025-12-20 22:00:00+00:00,17074.807308264593
2025-12-21 00:00:00+00:00,17074.807308264593
2025-12-21 02:00:00+00:00,17074.807308264593
2025-12-21 04:00:00+00:00,17074.807308264593
2025-12-21 06:00:00+00:00,17074.807308264593
2025-12-21 08:00:00+00:00,17074.807308264593
2025-12-21 10:00:00+00:00,17074.807308264593
2025-12-21 12:00:00+00:00,17074.807308264593
2025-12-21 14:00:00+00:00,17074.807308264593
2025-12-21 16:00:00+00:00,17074.807308264593
2025-12-21 18:00:00+00:00,17074.807308264593
2025-12-21 20:00:00+00:00,17074.807308264593
2025-12-21 22:00:00+00:00,17074.807308264593
2025-12-22 00:00:00+00:00,17074.807308264593
2025-12-22 02:00:00+00:00,17074.807308264593
2025-12-22 04:00:00+00:00,17074.807308264593
2025-12-22 06:00:00+00:00,17074.807308264593
2025-12-22 08:00:00+00:00,17074.807308264593
2025-12-22 10:00:00+00:00,17074.807308264593
2025-12-22 12:00:00+00:00,17074.807308264593
2025-12-22 14:00:00+00:00,17074.807308264593
2025-12-22 16:00:00+00:00,17074.807308264593
2025-12-22 18:00:00+00:00,17074.807308264593
2025-12-22 20:00:00+00:00,17074.807308264593
2025-12-22 22:00:00+00:00,17074.807308264593
2025-12-23 00:00:00+00:00,17074.807308264593
2025-12-23 02:00:00+00:00,17074.807308264593
2025-12-23 04:00:00+00:00,17074.807308264593
2025-12-23 06:00:00+00:00,17074.807308264593
2025-12-23 08:00:00+00:00,17074.807308264593
2025-12-23 10:00:00+00:00,17074.807308264593
2025-12-23 12:00:00+00:00,17074.807308264593
2025-12-23 14:00:00+00:00,17074.807308264593
2025-12-23 16:00:00+00:00,17074.807308264593
2025-12-23 18:00:00+00:00,17074.807308264593
2025-12-23 20:00:00+00:00,17074.807308264593
2025-12-23 22:00:00+00:00,17074.807308264593
2025-12-24 00:00:00+00:00,17074.807308264593
2025-12-24 02:00:00+00:00,17074.807308264593
2025-12-24 04:00:00+00:00,17074.807308264593
2025-12-24 06:00:00+00:00,17074.807308264593
2025-12-24 08:00:00+00:00,17074.807308264593
2025-12-24 10:00:00+00:00,17074.807308264593
2025-12-24 12:00:00+00:00,17074.807308264593
2025-12-24 14:00:00+00:00,17074.807308264593
2025-12-24 16:00:00+00:00,17074.807308264593
2025-12-24 18:00:00+00:00,17074.807308264593
2025-12-24 20:00:00+00:00,17074.807308264593
2025-12-24 22:00:00+00:00,17074.807308264593
2025-12-25 00:00:00+00:00,17074.807308264593
2025-12-25 02:00:00+00:00,17074.807308264593
2025-12-25 04:00:00+00:00,17074.807308264593
2025-12-25 06:00:00+00:00,17074.807308264593
2025-12-25 08:00:00+00:00,17074.807308264593
2025-12-25 10:00:00+00:00,17074.807308264593
2025-12-25 12:00:00+00:00,17074.807308264593
2025-12-25 14:00:00+00:00,17074.807308264593
2025-12-25 16:00:00+00:00,17074.807308264593
2025-12-25 18:00:00+00:00,17074.807308264593
2025-12-25 20:00:00+00:00,17074.807308264593
2025-12-25 22:00:00+00:00,17074.807308264593
2025-12-26 00:00:00+00:00,17074.807308264593
2025-12-26 02:00:00+00:00,17074.807308264593
2025-12-26 04:00:00+00:00,17074.807308264593
2025-12-26 06:00:00+00:00,17074.807308264593
2025-12-26 08:00:00+00:00,17074.807308264593
2025-12-26 10:00:00+00:00,17074.807308264593
2025-12-26 12:00:00+00:00,17074.807308264593
2025-12-26 14:00:00+00:00,17074.807308264593
2025-12-26 16:00:00+00:00,17074.807308264593
2025-12-26 18:00:00+00:00,17074.807308264593
2025-12-26 20:00:00+00:00,17074.807308264593
2025-12-26 22:00:00+00:00,17074.807308264593
2025-12-27 00:00:00+00:00,17074.807308264593
2025-12-27 02:00:00+00:00,17074.807308264593
2025-12-27 04:00:00+00:00,17074.807308264593
2025-12-27 06:00:00+00:00,17074.807308264593
2025-12-27 08:00:00+00:00,17074.807308264593
2025-12-27 10:00:00+00:00,17074.807308264593
2025-12-27 12:00:00+00:00,17074.807308264593
2025-12-27 14:00:00+00:00,17074.807308264593
2025-12-27 16:00:00+00:00,17074.807308264593
2025-12-27 18:00:00+00:00,17074.807308264593
2025-12-27 20:00:00+00:00,17074.807308264593
2025-12-27 22:00:00+00:00,17074.807308264593
2025-12-28 00:00:00+00:00,17074.807308264593
2025-12-28 02:00:00+00:00,17074.807308264593
2025-12-28 04:00:00+00:00,17074.807308264593
2025-12-28 06:00:00+00:00,17074.807308264593
2025-12-28 08:00:00+00:00,17074.807308264593
2025-12-28 10:00:00+00:00,17074.807308264593
2025-12-28 12:00:00+00:00,17074.807308264593
2025-12-28 14:00:00+00:00,17074.807308264593
2025-12-28 16:00:00+00:00,17074.807308264593
2025-12-28 18:00:00+00:00,17074.807308264593
2025-12-28 20:00:00+00:00,17074.807308264593
2025-12-28 22:00:00+00:00,17074.807308264593
2025-12-29 00:00:00+00:00,17074.807308264593
2025-12-29 02:00:00+00:00,17074.807308264593
2025-12-29 04:00:00+00:00,17074.807308264593
2025-12-29 06:00:00+00:00,17074.807308264593
2025-12-29 08:00:00+00:00,17074.807308264593
2025-12-29 10:00:00+00:00,17074.807308264593
2025-12-29 12:00:00+00:00,17074.807308264593
2025-12-29 14:00:00+00:00,17074.807308264593
2025-12-29 16:00:00+00:00,17074.807308264593
2025-12-29 18:00:00+00:00,17074.807308264593
2025-12-29 20:00:00+00:00,17074.807308264593
2025-12-29 22:00:00+00:00,17074.807308264593
2025-12-30 00:00:00+00:00,17074.807308264593
2025-12-30 02:00:00+00:00,17074.807308264593
2025-12-30 04:00:00+00:00,17074.807308264593
2025-12-30 06:00:00+00:00,17074.807308264593
2025-12-30 08:00:00+00:00,17074.807308264593
2025-12-30 10:00:00+00:00,17074.807308264593
2025-12-30 12:00:00+00:00,17074.807308264593
2025-12-30 14:00:00+00:00,17074.807308264593
2025-12-30 16:00:00+00:00,17074.807308264593
2025-12-30 18:00:00+00:00,17074.807308264593
2025-12-30 20:00:00+00:00,17074.807308264593
2025-12-30 22:00:00+00:00,17074.807308264593
2025-12-31 00:00:00+00:00,17074.807308264593
2025-12-31 02:00:00+00:00,17074.807308264593
2025-12-31 04:00:00+00:00,17074.807308264593
2025-12-31 06:00:00+00:00,17074.807308264593
2025-12-31 08:00:00+00:00,17074.807308264593
2025-12-31 10:00:00+00:00,17074.807308264593
2025-12-31 12:00:00+00:00,17074.807308264593
2025-12-31 14:00:00+00:00,17074.807308264593
2025-12-31 16:00:00+00:00,17074.807308264593
2025-12-31 18:00:00+00:00,17074.807308264593
2025-12-31 20:00:00+00:00,17074.807308264593
2025-12-31 22:00:00+00:00,17074.807308264593
2026-01-01 00:00:00+00:00,17074.807308264593
2026-01-01 02:00:00+00:00,17074.807308264593
2026-01-01 04:00:00+00:00,17074.807308264593
2026-01-01 06:00:00+00:00,17074.807308264593
2026-01-01 08:00:00+00:00,17074.807308264593
2026-01-01 10:00:00+00:00,17074.807308264593
2026-01-01 12:00:00+00:00,17074.807308264593
2026-01-01 14:00:00+00:00,17074.807308264593
2026-01-01 16:00:00+00:00,17074.807308264593
2026-01-01 18:00:00+00:00,17074.807308264593
2026-01-01 20:00:00+00:00,17074.807308264593
2026-01-01 22:00:00+00:00,17074.807308264593
2026-01-02 00:00:00+00:00,17074.807308264593
2026-01-02 02:00:00+00:00,17074.807308264593
2026-01-02 04:00:00+00:00,17074.807308264593
2026-01-02 06:00:00+00:00,17074.807308264593
2026-01-02 08:00:00+00:00,17074.807308264593
2026-01-02 10:00:00+00:00,17074.807308264593
2026-01-02 12:00:00+00:00,17074.807308264593
2026-01-02 14:00:00+00:00,17074.807308264593
2026-01-02 16:00:00+00:00,17074.807308264593
2026-01-02 18:00:00+00:00,17074.807308264593
2026-01-02 20:00:00+00:00,17074.807308264593
2026-01-02 22:00:00+00:00,17074.807308264593
2026-01-03 00:00:00+00:00,17074.807308264593
2026-01-03 02:00:00+00:00,17074.807308264593
2026-01-03 04:00:00+00:00,17074.807308264593
2026-01-03 06:00:00+00:00,17074.807308264593
2026-01-03 08:00:00+00:00,17074.807308264593
2026-01-03 10:00:00+00:00,17074.807308264593
2026-01-03 12:00:00+00:00,17074.807308264593
2026-01-03 14:00:00+00:00,17074.807308264593
2026-01-03 16:00:00+00:00,17074.807308264593
2026-01-03 18:00:00+00:00,17074.807308264593
2026-01-03 20:00:00+00:00,17074.807308264593
2026-01-03 22:00:00+00:00,17074.807308264593
2026-01-04 00:00:00+00:00,17074.807308264593
2026-01-04 02:00:00+00:00,17074.807308264593
2026-01-04 04:00:00+00:00,17074.807308264593
2026-01-04 06:00:00+00:00,17074.807308264593
2026-01-04 08:00:00+00:00,17074.807308264593
2026-01-04 10:00:00+00:00,17074.807308264593
2026-01-04 12:00:00+00:00,17074.807308264593
2026-01-04 14:00:00+00:00,17074.807308264593
2026-01-04 16:00:00+00:00,17074.807308264593
2026-01-04 18:00:00+00:00,17074.807308264593
2026-01-04 20:00:00+00:00,17074.807308264593
2026-01-04 22:00:00+00:00,17074.807308264593
2026-01-05 00:00:00+00:00,17074.807308264593
2026-01-05 02:00:00+00:00,17074.807308264593
2026-01-05 04:00:00+00:00,17074.807308264593
2026-01-05 06:00:00+00:00,17074.807308264593
2026-01-05 08:00:00+00:00,17074.807308264593
2026-01-05 10:00:00+00:00,17074.807308264593
2026-01-05 12:00:00+00:00,17074.807308264593
2026-01-05 14:00:00+00:00,17074.807308264593
2026-01-05 16:00:00+00:00,17074.807308264593
2026-01-05 18:00:00+00:00,17074.807308264593
2026-01-05 20:00:00+00:00,17074.807308264593
2026-01-05 22:00:00+00:00,17074.807308264593
2026-01-06 00:00:00+00:00,17074.807308264593
2026-01-06 02:00:00+00:00,17074.807308264593
2026-01-06 04:00:00+00:00,17074.807308264593
2026-01-06 06:00:00+00:00,17074.807308264593
2026-01-06 08:00:00+00:00,17074.807308264593
2026-01-06 10:00:00+00:00,17074.807308264593
2026-01-06 12:00:00+00:00,17074.807308264593
2026-01-06 14:00:00+00:00,17074.807308264593
2026-01-06 16:00:00+00:00,17074.807308264593
2026-01-06 18:00:00+00:00,17074.807308264593
2026-01-06 20:00:00+00:00,17074.807308264593
2026-01-06 22:00:00+00:00,17074.807308264593
2026-01-07 00:00:00+00:00,17074.807308264593
2026-01-07 02:00:00+00:00,17074.807308264593
2026-01-07 04:00:00+00:00,17074.807308264593
2026-01-07 06:00:00+00:00,17074.807308264593
2026-01-07 08:00:00+00:00,17074.807308264593
2026-01-07 10:00:00+00:00,17074.807308264593
2026-01-07 12:00:00+00:00,17074.807308264593
2026-01-07 14:00:00+00:00,17074.807308264593
2026-01-07 16:00:00+00:00,17074.807308264593
2026-01-07 18:00:00+00:00,17074.807308264593
2026-01-07 20:00:00+00:00,17074.807308264593
2026-01-07 22:00:00+00:00,17074.807308264593
2026-01-08 00:00:00+00:00,17074.807308264593
2026-01-08 02:00:00+00:00,17074.807308264593
2026-01-08 04:00:00+00:00,17074.807308264593
2026-01-08 06:00:00+00:00,17074.807308264593
2026-01-08 08:00:00+00:00,17074.807308264593
2026-01-08 10:00:00+00:00,17074.807308264593
2026-01-08 12:00:00+00:00,17074.807308264593
2026-01-08 14:00:00+00:00,17074.807308264593
2026-01-08 16:00:00+00:00,17074.807308264593
2026-01-08 18:00:00+00:00,17074.807308264593
2026-01-08 20:00:00+00:00,17074.807308264593
2026-01-08 22:00:00+00:00,17074.807308264593
2026-01-09 00:00:00+00:00,17074.807308264593
2026-01-09 02:00:00+00:00,17074.807308264593
2026-01-09 04:00:00+00:00,17074.807308264593
2026-01-09 06:00:00+00:00,17074.807308264593
2026-01-09 08:00:00+00:00,17074.807308264593
2026-01-09 10:00:00+00:00,17074.807308264593
2026-01-09 12:00:00+00:00,17074.807308264593
2026-01-09 14:00:00+00:00,17074.807308264593
2026-01-09 16:00:00+00:00,17074.807308264593
2026-01-09 18:00:00+00:00,17074.807308264593
2026-01-09 20:00:00+00:00,17074.807308264593
2026-01-09 22:00:00+00:00,17074.807308264593
2026-01-10 00:00:00+00:00,17074.807308264593
2026-01-10 02:00:00+00:00,17074.807308264593
2026-01-10 04:00:00+00:00,17074.807308264593
2026-01-10 06:00:00+00:00,17074.807308264593
2026-01-10 08:00:00+00:00,17074.807308264593
2026-01-10 10:00:00+00:00,17074.807308264593
2026-01-10 12:00:00+00:00,17074.807308264593
2026-01-10 14:00:00+00:00,17074.807308264593
2026-01-10 16:00:00+00:00,17074.807308264593
2026-01-10 18:00:00+00:00,17074.807308264593
2026-01-10 20:00:00+00:00,17074.807308264593
2026-01-10 22:00:00+00:00,17074.807308264593
2026-01-11 00:00:00+00:00,17074.807308264593
2026-01-11 02:00:00+00:00,17074.807308264593
2026-01-11 04:00:00+00:00,17074.807308264593
2026-01-11 06:00:00+00:00,17074.807308264593
2026-01-11 08:00:00+00:00,17074.807308264593
2026-01-11 10:00:00+00:00,17074.807308264593
2026-01-11 12:00:00+00:00,17074.807308264593
2026-01-11 14:00:00+00:00,17074.807308264593
2026-01-11 16:00:00+00:00,17074.807308264593
2026-01-11 18:00:00+00:00,17074.807308264593
2026-01-11 20:00:00+00:00,17074.807308264593
2026-01-11 22:00:00+00:00,17074.807308264593
2026-01-12 00:00:00+00:00,17074.807308264593
2026-01-12 02:00:00+00:00,17074.807308264593
2026-01-12 04:00:00+00:00,17074.807308264593
2026-01-12 06:00:00+00:00,17074.807308264593
2026-01-12 08:00:00+00:00,17074.807308264593
2026-01-12 10:00:00+00:00,17074.807308264593
2026-01-12 12:00:00+00:00,17074.807308264593
2026-01-12 14:00:00+00:00,17074.807308264593
2026-01-12 16:00:00+00:00,17074.807308264593
2026-01-12 18:00:00+00:00,17074.807308264593
2026-01-12 20:00:00+00:00,17074.807308264593
2026-01-12 22:00:00+00:00,17074.807308264593
2026-01-13 00:00:00+00:00,17074.807308264593
2026-01-13 02:00:00+00:00,17074.807308264593
2026-01-13 04:00:00+00:00,17074.807308264593
2026-01-13 06:00:00+00:00,17074.807308264593
2026-01-13 08:00:00+00:00,17074.807308264593
2026-01-13 10:00:00+00:00,17074.807308264593
2026-01-13 12:00:00+00:00,17074.807308264593
2026-01-13 14:00:00+00:00,17074.807308264593
2026-01-13 16:00:00+00:00,17074.807308264593
2026-01-13 18:00:00+00:00,17074.807308264593
2026-01-13 20:00:00+00:00,17074.807308264593
2026-01-13 22:00:00+00:00,17074.807308264593
2026-01-14 00:00:00+00:00,17074.807308264593
2026-01-14 02:00:00+00:00,17074.807308264593
2026-01-14 04:00:00+00:00,17074.807308264593
2026-01-14 06:00:00+00:00,17074.807308264593
2026-01-14 08:00:00+00:00,17074.807308264593
2026-01-14 10:00:00+00:00,17074.807308264593
2026-01-14 12:00:00+00:00,17074.807308264593
2026-01-14 14:00:00+00:00,17074.807308264593
2026-01-14 16:00:00+00:00,17074.807308264593
2026-01-14 18:00:00+00:00,17074.807308264593
2026-01-14 20:00:00+00:00,17074.807308264593
2026-01-14 22:00:00+00:00,17074.807308264593
2026-01-15 00:00:00+00:00,17074.807308264593
2026-01-15 02:00:00+00:00,17074.807308264593
2026-01-15 04:00:00+00:00,17074.807308264593
2026-01-15 06:00:00+00:00,17074.807308264593
2026-01-15 08:00:00+00:00,17074.807308264593
2026-01-15 10:00:00+00:00,17074.807308264593
2026-01-15 12:00:00+00:00,17074.807308264593
2026-01-15 14:00:00+00:00,17074.807308264593
2026-01-15 16:00:00+00:00,17074.807308264593
2026-01-15 18:00:00+00:00,17074.807308264593
2026-01-15 20:00:00+00:00,17074.807308264593
2026-01-15 22:00:00+00:00,17074.807308264593
2026-01-16 00:00:00+00:00,17074.807308264593
2026-01-16 02:00:00+00:00,17074.807308264593
2026-01-16 04:00:00+00:00,17074.807308264593
2026-01-16 06:00:00+00:00,17074.807308264593
2026-01-16 08:00:00+00:00,17074.807308264593
2026-01-16 10:00:00+00:00,17074.807308264593
2026-01-16 12:00:00+00:00,17074.807308264593
2026-01-16 14:00:00+00:00,17074.807308264593
2026-01-16 16:00:00+00:00,17074.807308264593
2026-01-16 18:00:00+00:00,17074.807308264593
2026-01-16 20:00:00+00:00,17074.807308264593
2026-01-16 22:00:00+00:00,17074.807308264593
2026-01-17 00:00:00+00:00,17074.807308264593
2026-01-17 02:00:00+00:00,17074.807308264593
2026-01-17 04:00:00+00:00,17074.807308264593
2026-01-17 06:00:00+00:00,17074.807308264593
2026-01-17 08:00:00+00:00,16715.075311643475
2026-01-17 10:00:00+00:00,16715.075311643475
2026-01-17 12:00:00+00:00,16715.075311643475
2026-01-17 14:00:00+00:00,16715.075311643475
2026-01-17 16:00:00+00:00,16715.075311643475
2026-01-17 18:00:00+00:00,16715.075311643475
2026-01-17 20:00:00+00:00,16715.075311643475
2026-01-17 22:00:00+00:00,16715.075311643475
2026-01-18 00:00:00+00:00,16715.075311643475
2026-01-18 02:00:00+00:00,16667.621023016563
2026-01-18 04:00:00+00:00,16695.535310444156
2026-01-18 06:00:00+00:00,16695.535310444156
2026-01-18 08:00:00+00:00,16682.59261911063
2026-01-18 10:00:00+00:00,16696.549762824423
2026-01-18 12:00:00+00:00,16808.206912534803
2026-01-18 14:00:00+00:00,16794.249768821006
2026-01-18 16:00:00+00:00,16808.721658694394
2026-01-18 18:00:00+00:00,16822.67880240819
2026-01-18 20:00:00+00:00,16752.893083839208
2026-01-18 22:00:00+00:00,17464.70741324286
2026-01-19 00:00:00+00:00,17797.881140950507
2026-01-19 02:00:00+00:00,17937.45257808848
2026-01-19 04:00:00+00:00,18077.024015226452
2026-01-19 06:00:00+00:00,18104.938302654045
2026-01-19 08:00:00+00:00,18087.092287384556
2026-01-19 10:00:00+00:00,18142.92086223975
2026-01-19 12:00:00+00:00,18184.792293381135
2026-01-19 14:00:00+00:00,18184.792293381135
2026-01-19 16:00:00+00:00,17954.051109156542
2026-01-19 18:00:00+00:00,17856.351103159963
2026-01-19 20:00:00+00:00,17954.051109156542
2026-01-19 22:00:00+00:00,18023.83682772553
2026-01-20 00:00:00+00:00,18090.403200458066
2026-01-20 02:00:00+00:00,18174.146062740845
2026-01-20 04:00:00+00:00,18188.103206454645
2026-01-20 06:00:00+00:00,18299.760356165025
2026-01-20 08:00:00+00:00,18301.270519114856
2026-01-20 10:00:00+00:00,18259.399087973463
2026-01-20 12:00:00+00:00,18343.141950256246
2026-01-20 14:00:00+00:00,18357.099093970042
2026-01-20 16:00:00+00:00,18549.097407810987
2026-01-20 18:00:00+00:00,18590.96883895238
2026-01-20 20:00:00+00:00,18590.96883895238
2026-01-20 22:00:00+00:00,18716.583132376552
2026-01-21 00:00:00+00:00,18397.03851419228
2026-01-21 02:00:00+00:00,18369.124226764685
2026-01-21 04:00:00+00:00,18327.252795623295
2026-01-21 06:00:00+00:00,18424.952801619875
2026-01-21 08:00:00+00:00,18481.891983526373
2026-01-21 10:00:00+00:00,18649.37770809194
2026-01-21 12:00:00+00:00,18705.206282947132
2026-01-21 14:00:00+00:00,18300.449115247015
2026-01-21 16:00:00+00:00,18831.17246722833
2026-01-21 18:00:00+00:00,18147.272425252268
2026-01-21 20:00:00+00:00,18147.272425252268
2026-01-21 22:00:00+00:00,18440.37244324201
2026-01-22 00:00:00+00:00,18119.326538432593
2026-01-22 02:00:00+00:00,18370.555125280942
2026-01-22 04:00:00+00:00,18258.897975570566
2026-01-22 06:00:00+00:00,18314.726550425752
2026-01-22 08:00:00+00:00,18173.758514591776
2026-01-22 10:00:00+00:00,18257.501376874563
2026-01-22 12:00:00+00:00,18285.415664302156
2026-01-22 14:00:00+00:00,18578.515682291894
2026-01-22 16:00:00+00:00,18283.709204733415
2026-01-22 18:00:00+00:00,18409.323498157588
2026-01-22 20:00:00+00:00,18479.109216726574
2026-01-22 22:00:00+00:00,18465.15207301278
2026-01-23 00:00:00+00:00,18424.775451963134
2026-01-23 02:00:00+00:00,18341.03258968035
2026-01-23 04:00:00+00:00,18341.03258968035
2026-01-23 06:00:00+00:00,18382.90402082174
2026-01-23 08:00:00+00:00,18482.107211196293
2026-01-23 10:00:00+00:00,18454.1929237687
2026-01-23 12:00:00+00:00,18496.064354910093
2026-01-23 14:00:00+00:00,18370.450061485917
2026-01-23 16:00:00+00:00,18260.298887582263
2026-01-23 18:00:00+00:00,18455.698899575422
2026-01-23 20:00:00+00:00,18553.398905572
2026-01-23 22:00:00+00:00,18525.484618144408
2026-01-24 00:00:00+00:00,18554.888132806263
2026-01-24 02:00:00+00:00,18401.359551954498
2026-01-24 04:00:00+00:00,18471.145270523484
2026-01-24 06:00:00+00:00,18540.930989092467
2026-01-24 08:00:00+00:00,18556.37596432615
2026-01-24 10:00:00+00:00,18528.461676898558
2026-01-24 12:00:00+00:00,18598.247395467544
2026-01-24 14:00:00+00:00,18695.947401464124
2026-01-24 16:00:00+00:00,18641.59130527074
2026-01-24 18:00:00+00:00,18697.419880125926
2026-01-24 20:00:00+00:00,18599.719874129347
2026-01-24 22:00:00+00:00,18613.677017843143
2026-01-25 00:00:00+00:00,18637.65163655093
2026-01-25 02:00:00+00:00,18721.39449883371
2026-01-25 04:00:00+00:00,18651.608780264723
2026-01-25 06:00:00+00:00,18665.565923978524
2026-01-25 08:00:00+00:00,18499.55546950351
2026-01-25 10:00:00+00:00,18513.512613217303
2026-01-25 12:00:00+00:00,18499.55546950351
2026-01-25 14:00:00+00:00,18625.169762927682
2026-01-25 16:00:00+00:00,18917.991018514884
2026-01-25 18:00:00+00:00,19350.6624736426
2026-01-25 20:00:00+00:00,19127.348174221843
2026-01-25 22:00:00+00:00,19057.562455652856
2026-01-26 00:00:00+00:00,18737.984340323674
2026-01-26 02:00:00+00:00,18863.598633747846
2026-01-26 04:00:00+00:00,18821.727202606453
2026-01-26 06:00:00+00:00,18807.77005889266
2026-01-26 08:00:00+00:00,18976.71709640506
2026-01-26 10:00:00+00:00,18879.017090408477
2026-01-26 12:00:00+00:00,18823.188515553287
2026-01-26 14:00:00+00:00,18809.231371839494
2026-01-26 16:00:00+00:00,18712.994074504124
2026-01-26 18:00:00+00:00,18740.908361931717
2026-01-26 20:00:00+00:00,18643.208355935138
2026-01-26 22:00:00+00:00,18699.036930790324
2026-01-27 00:00:00+00:00,18644.68083459694
2026-01-27 02:00:00+00:00,18644.68083459694
2026-01-27 04:00:00+00:00,18616.766547169344
2026-01-27 06:00:00+00:00,18658.637978310733
2026-01-27 08:00:00+00:00,18785.727541825465
2026-01-27 10:00:00+00:00,18701.98467954268
2026-01-27 12:00:00+00:00,18813.641829253058
2026-01-27 14:00:00+00:00,18757.813254397868
2026-01-27 16:00:00+00:00,18787.195833344158
2026-01-27 18:00:00+00:00,18549.924390209602
2026-01-27 20:00:00+00:00,18549.924390209602
2026-01-27 22:00:00+00:00,18535.967246495806
2026-01-28 00:00:00+00:00,18550.57131052017
2026-01-28 02:00:00+00:00,18550.57131052017
2026-01-28 04:00:00+00:00,18520.814680122356
2026-01-28 06:00:00+00:00,18520.814680122356
2026-01-28 08:00:00+00:00,18520.814680122356
2026-01-28 10:00:00+00:00,18520.814680122356
2026-01-28 12:00:00+00:00,18520.814680122356
2026-01-28 14:00:00+00:00,18520.814680122356
2026-01-28 16:00:00+00:00,18520.814680122356
2026-01-28 18:00:00+00:00,18520.814680122356
2026-01-28 20:00:00+00:00,18520.814680122356
2026-01-28 22:00:00+00:00,18520.814680122356
2026-01-29 00:00:00+00:00,18520.814680122356
2026-01-29 02:00:00+00:00,18520.814680122356
2026-01-29 04:00:00+00:00,18520.814680122356
2026-01-29 06:00:00+00:00,18520.814680122356
2026-01-29 08:00:00+00:00,18520.814680122356
2026-01-29 10:00:00+00:00,18520.814680122356
2026-01-29 12:00:00+00:00,18520.814680122356
2026-01-29 14:00:00+00:00,18520.814680122356
2026-01-29 16:00:00+00:00,18520.814680122356
2026-01-29 18:00:00+00:00,18520.814680122356
2026-01-29 20:00:00+00:00,18520.814680122356
2026-01-29 22:00:00+00:00,18520.814680122356
2026-01-30 00:00:00+00:00,18520.814680122356
2026-01-30 02:00:00+00:00,18520.814680122356
2026-01-30 04:00:00+00:00,18520.814680122356
2026-01-30 06:00:00+00:00,18520.814680122356
2026-01-30 08:00:00+00:00,18520.814680122356
2026-01-30 10:00:00+00:00,18520.814680122356
2026-01-30 12:00:00+00:00,18520.814680122356
2026-01-30 14:00:00+00:00,18520.814680122356
2026-01-30 16:00:00+00:00,18520.814680122356
2026-01-30 18:00:00+00:00,18520.814680122356
2026-01-30 20:00:00+00:00,18520.814680122356
2026-01-30 22:00:00+00:00,18520.814680122356
2026-01-31 00:00:00+00:00,18520.814680122356
2026-01-31 02:00:00+00:00,18520.814680122356
2026-01-31 04:00:00+00:00,18520.814680122356
2026-01-31 06:00:00+00:00,18520.814680122356
2026-01-31 08:00:00+00:00,18520.814680122356
2026-01-31 10:00:00+00:00,18520.814680122356
2026-01-31 12:00:00+00:00,18520.814680122356
2026-01-31 14:00:00+00:00,18520.814680122356
2026-01-31 16:00:00+00:00,18520.814680122356
2026-01-31 18:00:00+00:00,18520.814680122356
2026-01-31 20:00:00+00:00,18520.814680122356
2026-01-31 22:00:00+00:00,18520.814680122356
2026-02-01 00:00:00+00:00,18520.814680122356
2026-02-01 02:00:00+00:00,18520.814680122356
2026-02-01 04:00:00+00:00,18520.814680122356
2026-02-01 06:00:00+00:00,18520.814680122356
2026-02-01 08:00:00+00:00,18520.814680122356
2026-02-01 10:00:00+00:00,18520.814680122356
2026-02-01 12:00:00+00:00,18520.814680122356
2026-02-01 14:00:00+00:00,18520.814680122356
2026-02-01 16:00:00+00:00,18520.814680122356
2026-02-01 18:00:00+00:00,18520.814680122356
2026-02-01 20:00:00+00:00,18520.814680122356
2026-02-01 22:00:00+00:00,18520.814680122356
2026-02-02 00:00:00+00:00,18520.814680122356
2026-02-02 02:00:00+00:00,18520.814680122356
2026-02-02 04:00:00+00:00,18520.814680122356
2026-02-02 06:00:00+00:00,18520.814680122356
2026-02-02 08:00:00+00:00,18520.814680122356
2026-02-02 10:00:00+00:00,18520.814680122356
2026-02-02 12:00:00+00:00,18520.814680122356
2026-02-02 14:00:00+00:00,18520.814680122356
2026-02-02 16:00:00+00:00,18520.814680122356
2026-02-02 18:00:00+00:00,18520.814680122356
2026-02-02 20:00:00+00:00,18520.814680122356
2026-02-02 22:00:00+00:00,18520.814680122356
2026-02-03 00:00:00+00:00,18520.814680122356
2026-02-03 02:00:00+00:00,18520.814680122356
2026-02-03 04:00:00+00:00,18520.814680122356
2026-02-03 06:00:00+00:00,18520.814680122356
2026-02-03 08:00:00+00:00,18520.814680122356
2026-02-03 10:00:00+00:00,18520.814680122356
2026-02-03 12:00:00+00:00,18520.814680122356
2026-02-03 14:00:00+00:00,18520.814680122356
2026-02-03 16:00:00+00:00,18520.814680122356
2026-02-03 18:00:00+00:00,18520.814680122356
2026-02-03 20:00:00+00:00,18520.814680122356
2026-02-03 22:00:00+00:00,18520.814680122356
2026-02-04 00:00:00+00:00,18520.814680122356
2026-02-04 02:00:00+00:00,18520.814680122356
2026-02-04 04:00:00+00:00,18520.814680122356
2026-02-04 06:00:00+00:00,18520.814680122356
2026-02-04 08:00:00+00:00,18520.814680122356
2026-02-04 10:00:00+00:00,18520.814680122356
2026-02-04 12:00:00+00:00,18520.814680122356
2026-02-04 14:00:00+00:00,18520.814680122356
2026-02-04 16:00:00+00:00,18520.814680122356
2026-02-04 18:00:00+00:00,18520.814680122356
2026-02-04 20:00:00+00:00,18520.814680122356
2026-02-04 22:00:00+00:00,18520.814680122356
2026-02-05 00:00:00+00:00,18520.814680122356
2026-02-05 02:00:00+00:00,18520.814680122356
2026-02-05 04:00:00+00:00,18520.814680122356
2026-02-05 06:00:00+00:00,18520.814680122356
2026-02-05 08:00:00+00:00,18520.814680122356
2026-02-05 10:00:00+00:00,18520.814680122356
2026-02-05 12:00:00+00:00,18520.814680122356
2026-02-05 14:00:00+00:00,18520.814680122356
2026-02-05 16:00:00+00:00,18520.814680122356
2026-02-05 18:00:00+00:00,18520.814680122356
2026-02-05 20:00:00+00:00,18520.814680122356
2026-02-05 22:00:00+00:00,18520.814680122356
2026-02-06 00:00:00+00:00,18520.814680122356
2026-02-06 02:00:00+00:00,18520.814680122356
2026-02-06 04:00:00+00:00,18520.814680122356
2026-02-06 06:00:00+00:00,18520.814680122356
2026-02-06 08:00:00+00:00,18520.814680122356
2026-02-06 10:00:00+00:00,18520.814680122356
2026-02-06 12:00:00+00:00,18520.814680122356
2026-02-06 14:00:00+00:00,18520.814680122356
2026-02-06 16:00:00+00:00,18520.814680122356
2026-02-06 18:00:00+00:00,18520.814680122356
2026-02-06 20:00:00+00:00,18520.814680122356
2026-02-06 22:00:00+00:00,18520.814680122356
2026-02-07 00:00:00+00:00,18520.814680122356
2026-02-07 02:00:00+00:00,18520.814680122356
2026-02-07 04:00:00+00:00,18520.814680122356
2026-02-07 06:00:00+00:00,18520.814680122356
2026-02-07 08:00:00+00:00,18520.814680122356
2026-02-07 10:00:00+00:00,18520.814680122356
2026-02-07 12:00:00+00:00,18520.814680122356
2026-02-07 14:00:00+00:00,18520.814680122356
2026-02-07 16:00:00+00:00,18520.814680122356
2026-02-07 18:00:00+00:00,18520.814680122356
2026-02-07 20:00:00+00:00,18520.814680122356
2026-02-07 22:00:00+00:00,18520.814680122356
2026-02-08 00:00:00+00:00,18520.814680122356
2026-02-08 02:00:00+00:00,18520.814680122356
2026-02-08 04:00:00+00:00,18520.814680122356
2026-02-08 06:00:00+00:00,18520.814680122356
2026-02-08 08:00:00+00:00,18520.814680122356
2026-02-08 10:00:00+00:00,18520.814680122356
2026-02-08 12:00:00+00:00,18520.814680122356
2026-02-08 14:00:00+00:00,18520.814680122356
2026-02-08 16:00:00+00:00,18520.814680122356
2026-02-08 18:00:00+00:00,18520.814680122356
2026-02-08 20:00:00+00:00,18520.814680122356
2026-02-08 22:00:00+00:00,18520.814680122356
2026-02-09 00:00:00+00:00,18520.814680122356
2026-02-09 02:00:00+00:00,18520.814680122356
2026-02-09 04:00:00+00:00,18520.814680122356
2026-02-09 06:00:00+00:00,18520.814680122356
2026-02-09 08:00:00+00:00,18520.814680122356
2026-02-09 10:00:00+00:00,18520.814680122356
2026-02-09 12:00:00+00:00,18520.814680122356
2026-02-09 14:00:00+00:00,18520.814680122356
2026-02-09 16:00:00+00:00,18520.814680122356
2026-02-09 18:00:00+00:00,18520.814680122356
2026-02-09 20:00:00+00:00,18520.814680122356
2026-02-09 22:00:00+00:00,18520.814680122356
2026-02-10 00:00:00+00:00,18520.814680122356
2026-02-10 02:00:00+00:00,18520.814680122356
2026-02-10 04:00:00+00:00,18520.814680122356
2026-02-10 06:00:00+00:00,18520.814680122356
2026-02-10 08:00:00+00:00,18520.814680122356
2026-02-10 10:00:00+00:00,18520.814680122356
2026-02-10 12:00:00+00:00,18520.814680122356
2026-02-10 14:00:00+00:00,18520.814680122356
2026-02-10 16:00:00+00:00,18520.814680122356
2026-02-10 18:00:00+00:00,18520.814680122356
2026-02-10 20:00:00+00:00,18520.814680122356
2026-02-10 22:00:00+00:00,18520.814680122356
2026-02-11 00:00:00+00:00,18520.814680122356
2026-02-11 02:00:00+00:00,18520.814680122356
2026-02-11 04:00:00+00:00,18520.814680122356
2026-02-11 06:00:00+00:00,18520.814680122356
2026-02-11 08:00:00+00:00,18520.814680122356
2026-02-11 10:00:00+00:00,18520.814680122356
2026-02-11 12:00:00+00:00,18520.814680122356
2026-02-11 14:00:00+00:00,18520.814680122356
2026-02-11 16:00:00+00:00,18520.814680122356
2026-02-11 18:00:00+00:00,18520.814680122356
2026-02-11 20:00:00+00:00,18520.814680122356
2026-02-11 22:00:00+00:00,18520.814680122356
2026-02-12 00:00:00+00:00,18520.814680122356
2026-02-12 02:00:00+00:00,18520.814680122356
2026-02-12 04:00:00+00:00,18520.814680122356
2026-02-12 06:00:00+00:00,18520.814680122356
2026-02-12 08:00:00+00:00,18520.814680122356
2026-02-12 10:00:00+00:00,18520.814680122356
2026-02-12 12:00:00+00:00,18520.814680122356
2026-02-12 14:00:00+00:00,18520.814680122356
2026-02-12 16:00:00+00:00,18520.814680122356
2026-02-12 18:00:00+00:00,18520.814680122356
2026-02-12 20:00:00+00:00,18520.814680122356
2026-02-12 22:00:00+00:00,18520.814680122356
2026-02-13 00:00:00+00:00,18520.814680122356
2026-02-13 02:00:00+00:00,18520.814680122356
2026-02-13 04:00:00+00:00,18520.814680122356
2026-02-13 06:00:00+00:00,18520.814680122356
2026-02-13 08:00:00+00:00,18520.814680122356
2026-02-13 10:00:00+00:00,18520.814680122356
2026-02-13 12:00:00+00:00,18520.814680122356
2026-02-13 14:00:00+00:00,18520.814680122356
2026-02-13 16:00:00+00:00,18520.814680122356
2026-02-13 18:00:00+00:00,18520.814680122356
2026-02-13 20:00:00+00:00,18520.814680122356
2026-02-13 22:00:00+00:00,18520.814680122356
2026-02-14 00:00:00+00:00,18520.814680122356
2026-02-14 02:00:00+00:00,18520.814680122356
2026-02-14 04:00:00+00:00,18520.814680122356
2026-02-14 06:00:00+00:00,18520.814680122356
2026-02-14 08:00:00+00:00,18520.814680122356
2026-02-14 10:00:00+00:00,18520.814680122356
2026-02-14 12:00:00+00:00,18520.814680122356
2026-02-14 14:00:00+00:00,18520.814680122356
2026-02-14 16:00:00+00:00,18520.814680122356
2026-02-14 18:00:00+00:00,18520.814680122356
2026-02-14 20:00:00+00:00,18520.814680122356
2026-02-14 22:00:00+00:00,18520.814680122356
2026-02-15 00:00:00+00:00,18520.814680122356
2026-02-15 02:00:00+00:00,18520.814680122356
2026-02-15 04:00:00+00:00,18520.814680122356
2026-02-15 06:00:00+00:00,18520.814680122356
2026-02-15 08:00:00+00:00,18520.814680122356
2026-02-15 10:00:00+00:00,18520.814680122356
2026-02-15 12:00:00+00:00,18520.814680122356
2026-02-15 14:00:00+00:00,18520.814680122356
2026-02-15 16:00:00+00:00,18520.814680122356
2026-02-15 18:00:00+00:00,18520.814680122356
2026-02-15 20:00:00+00:00,18520.814680122356
2026-02-15 22:00:00+00:00,18520.814680122356
2026-02-16 00:00:00+00:00,18520.814680122356
2026-02-16 02:00:00+00:00,18520.814680122356
2026-02-16 04:00:00+00:00,18520.814680122356
2026-02-16 06:00:00+00:00,18520.814680122356
2026-02-16 08:00:00+00:00,18520.814680122356
2026-02-16 10:00:00+00:00,18520.814680122356
2026-02-16 12:00:00+00:00,18520.814680122356
2026-02-16 14:00:00+00:00,18520.814680122356
2026-02-16 16:00:00+00:00,18520.814680122356
2026-02-16 18:00:00+00:00,18520.814680122356
2026-02-16 20:00:00+00:00,18520.814680122356
2026-02-16 22:00:00+00:00,18520.814680122356
2026-02-17 00:00:00+00:00,18520.814680122356
2026-02-17 02:00:00+00:00,18520.814680122356
2026-02-17 04:00:00+00:00,18520.814680122356
2026-02-17 06:00:00+00:00,18520.814680122356
2026-02-17 08:00:00+00:00,18520.814680122356
2026-02-17 10:00:00+00:00,18520.814680122356
2026-02-17 12:00:00+00:00,18520.814680122356
2026-02-17 14:00:00+00:00,18520.814680122356
2026-02-17 16:00:00+00:00,18520.814680122356
2026-02-17 18:00:00+00:00,18520.814680122356
2026-02-17 20:00:00+00:00,18520.814680122356
2026-02-17 22:00:00+00:00,18520.814680122356
2026-02-18 00:00:00+00:00,18520.814680122356
2026-02-18 02:00:00+00:00,18520.814680122356
2026-02-18 04:00:00+00:00,18520.814680122356
2026-02-18 06:00:00+00:00,18520.814680122356
2026-02-18 08:00:00+00:00,18520.814680122356
2026-02-18 10:00:00+00:00,18520.814680122356
2026-02-18 12:00:00+00:00,18520.814680122356
2026-02-18 14:00:00+00:00,18520.814680122356
2026-02-18 16:00:00+00:00,18520.814680122356
2026-02-18 18:00:00+00:00,18520.814680122356
2026-02-18 20:00:00+00:00,18520.814680122356
2026-02-18 22:00:00+00:00,18520.814680122356
2026-02-19 00:00:00+00:00,18520.814680122356
2026-02-19 02:00:00+00:00,18520.814680122356
2026-02-19 04:00:00+00:00,18520.814680122356
2026-02-19 06:00:00+00:00,18520.814680122356
2026-02-19 08:00:00+00:00,18520.814680122356
2026-02-19 10:00:00+00:00,18520.814680122356
2026-02-19 12:00:00+00:00,18520.814680122356
2026-02-19 14:00:00+00:00,18520.814680122356
2026-02-19 16:00:00+00:00,18520.814680122356
2026-02-19 18:00:00+00:00,18520.814680122356
2026-02-19 20:00:00+00:00,18520.814680122356
2026-02-19 22:00:00+00:00,18520.814680122356
2026-02-20 00:00:00+00:00,18520.814680122356
2026-02-20 02:00:00+00:00,18520.814680122356
2026-02-20 04:00:00+00:00,18520.814680122356
2026-02-20 06:00:00+00:00,18520.814680122356
2026-02-20 08:00:00+00:00,18520.814680122356
2026-02-20 10:00:00+00:00,18520.814680122356
2026-02-20 12:00:00+00:00,18520.814680122356
2026-02-20 14:00:00+00:00,18520.814680122356
2026-02-20 16:00:00+00:00,18520.814680122356
2026-02-20 18:00:00+00:00,18520.814680122356
2026-02-20 20:00:00+00:00,18520.814680122356
2026-02-20 22:00:00+00:00,18520.814680122356
2026-02-21 00:00:00+00:00,18520.814680122356
2026-02-21 02:00:00+00:00,18520.814680122356
2026-02-21 04:00:00+00:00,18520.814680122356
2026-02-21 06:00:00+00:00,18520.814680122356
2026-02-21 08:00:00+00:00,18520.814680122356
2026-02-21 10:00:00+00:00,18520.814680122356
2026-02-21 12:00:00+00:00,18520.814680122356
2026-02-21 14:00:00+00:00,18520.814680122356
2026-02-21 16:00:00+00:00,18520.814680122356
2026-02-21 18:00:00+00:00,18520.814680122356
2026-02-21 20:00:00+00:00,18520.814680122356
2026-02-21 22:00:00+00:00,18520.814680122356
2026-02-22 00:00:00+00:00,18520.814680122356
2026-02-22 02:00:00+00:00,18520.814680122356
2026-02-22 04:00:00+00:00,18520.814680122356
2026-02-22 06:00:00+00:00,18520.814680122356
2026-02-22 08:00:00+00:00,18520.814680122356
2026-02-22 10:00:00+00:00,18520.814680122356
2026-02-22 12:00:00+00:00,18520.814680122356
2026-02-22 14:00:00+00:00,18520.814680122356
2026-02-22 16:00:00+00:00,18520.814680122356
2026-02-22 18:00:00+00:00,18520.814680122356
2026-02-22 20:00:00+00:00,18520.814680122356
2026-02-22 22:00:00+00:00,18520.814680122356
2026-02-23 00:00:00+00:00,18520.814680122356
2026-02-23 02:00:00+00:00,18520.814680122356
2026-02-23 04:00:00+00:00,18520.814680122356
2026-02-23 06:00:00+00:00,18520.814680122356
2026-02-23 08:00:00+00:00,18520.814680122356
2026-02-23 10:00:00+00:00,18520.814680122356
2026-02-23 12:00:00+00:00,18520.814680122356
2026-02-23 14:00:00+00:00,18520.814680122356
2026-02-23 16:00:00+00:00,18520.814680122356
2026-02-23 18:00:00+00:00,18520.814680122356
2026-02-23 20:00:00+00:00,18520.814680122356
2026-02-23 22:00:00+00:00,18520.814680122356
2026-02-24 00:00:00+00:00,18520.814680122356
2026-02-24 02:00:00+00:00,18520.814680122356
2026-02-24 04:00:00+00:00,18520.814680122356
2026-02-24 06:00:00+00:00,18520.814680122356
2026-02-24 08:00:00+00:00,18520.814680122356
2026-02-24 10:00:00+00:00,18520.814680122356
2026-02-24 12:00:00+00:00,18520.814680122356
2026-02-24 14:00:00+00:00,18520.814680122356
2026-02-24 16:00:00+00:00,18520.814680122356
2026-02-24 18:00:00+00:00,18520.814680122356
2026-02-24 20:00:00+00:00,18520.814680122356
2026-02-24 22:00:00+00:00,18520.814680122356
2026-02-25 00:00:00+00:00,18520.814680122356
2026-02-25 02:00:00+00:00,18520.814680122356
2026-02-25 04:00:00+00:00,18520.814680122356
2026-02-25 06:00:00+00:00,18520.814680122356
2026-02-25 08:00:00+00:00,18520.814680122356
2026-02-25 10:00:00+00:00,18520.814680122356
2026-02-25 12:00:00+00:00,18520.814680122356
2026-02-25 14:00:00+00:00,18520.814680122356
2026-02-25 16:00:00+00:00,18520.814680122356
2026-02-25 18:00:00+00:00,18520.814680122356
2026-02-25 20:00:00+00:00,18520.814680122356
2026-02-25 22:00:00+00:00,18520.814680122356
2026-02-26 00:00:00+00:00,18520.814680122356
2026-02-26 02:00:00+00:00,18520.814680122356
2026-02-26 04:00:00+00:00,18520.814680122356
2026-02-26 06:00:00+00:00,18520.814680122356
2026-02-26 08:00:00+00:00,18520.814680122356
2026-02-26 10:00:00+00:00,18520.814680122356
2026-02-26 12:00:00+00:00,18520.814680122356
2026-02-26 14:00:00+00:00,18520.814680122356
2026-02-26 16:00:00+00:00,18520.814680122356
2026-02-26 18:00:00+00:00,18520.814680122356
2026-02-26 20:00:00+00:00,18520.814680122356
2026-02-26 22:00:00+00:00,18520.814680122356
2026-02-27 00:00:00+00:00,18520.814680122356
2026-02-27 02:00:00+00:00,18520.814680122356
2026-02-27 04:00:00+00:00,18520.814680122356
2026-02-27 06:00:00+00:00,18520.814680122356
2026-02-27 08:00:00+00:00,18520.814680122356
2026-02-27 10:00:00+00:00,18520.814680122356
2026-02-27 12:00:00+00:00,18520.814680122356
2026-02-27 14:00:00+00:00,18520.814680122356
2026-02-27 16:00:00+00:00,18520.814680122356
2026-02-27 18:00:00+00:00,18520.814680122356
2026-02-27 20:00:00+00:00,18520.814680122356
2026-02-27 22:00:00+00:00,18520.814680122356
2026-02-28 00:00:00+00:00,18520.814680122356
2026-02-28 02:00:00+00:00,18520.814680122356
2026-02-28 04:00:00+00:00,18520.814680122356
2026-02-28 06:00:00+00:00,18520.814680122356
2026-02-28 08:00:00+00:00,18520.814680122356
2026-02-28 10:00:00+00:00,18520.814680122356
2026-02-28 12:00:00+00:00,18520.814680122356
2026-02-28 14:00:00+00:00,18520.814680122356
2026-02-28 16:00:00+00:00,18520.814680122356
2026-02-28 18:00:00+00:00,18520.814680122356
2026-02-28 20:00:00+00:00,18520.814680122356
2026-02-28 22:00:00+00:00,18520.814680122356
2026-03-01 00:00:00+00:00,18520.814680122356
2026-03-01 02:00:00+00:00,18520.814680122356
2026-03-01 04:00:00+00:00,18520.814680122356
2026-03-01 06:00:00+00:00,18520.814680122356
2026-03-01 08:00:00+00:00,18520.814680122356
2026-03-01 10:00:00+00:00,18520.814680122356
2026-03-01 12:00:00+00:00,18520.814680122356
2026-03-01 14:00:00+00:00,18520.814680122356
2026-03-01 16:00:00+00:00,18520.814680122356
2026-03-01 18:00:00+00:00,18520.814680122356
2026-03-01 20:00:00+00:00,18520.814680122356
2026-03-01 22:00:00+00:00,18520.814680122356
2026-03-02 00:00:00+00:00,18520.814680122356
2026-03-02 02:00:00+00:00,18520.814680122356
2026-03-02 04:00:00+00:00,18520.814680122356
2026-03-02 06:00:00+00:00,18520.814680122356
2026-03-02 08:00:00+00:00,18520.814680122356
2026-03-02 10:00:00+00:00,18520.814680122356
2026-03-02 12:00:00+00:00,18520.814680122356
2026-03-02 14:00:00+00:00,18520.814680122356
2026-03-02 16:00:00+00:00,18520.814680122356
2026-03-02 18:00:00+00:00,18520.814680122356
2026-03-02 20:00:00+00:00,18520.814680122356
2026-03-02 22:00:00+00:00,18520.814680122356
2026-03-03 00:00:00+00:00,18520.814680122356
2026-03-03 02:00:00+00:00,18520.814680122356
2026-03-03 04:00:00+00:00,18520.814680122356
2026-03-03 06:00:00+00:00,18520.814680122356
2026-03-03 08:00:00+00:00,18520.814680122356
2026-03-03 10:00:00+00:00,18520.814680122356
2026-03-03 12:00:00+00:00,18520.814680122356
2026-03-03 14:00:00+00:00,18520.814680122356
2026-03-03 16:00:00+00:00,18520.814680122356
2026-03-03 18:00:00+00:00,18520.814680122356
2026-03-03 20:00:00+00:00,18520.814680122356
2026-03-03 22:00:00+00:00,18520.814680122356
2026-03-04 00:00:00+00:00,18520.814680122356
2026-03-04 02:00:00+00:00,18520.814680122356
2026-03-04 04:00:00+00:00,18520.814680122356
2026-03-04 06:00:00+00:00,18520.814680122356
2026-03-04 08:00:00+00:00,18520.814680122356
2026-03-04 10:00:00+00:00,18520.814680122356
2026-03-04 12:00:00+00:00,18520.814680122356
2026-03-04 14:00:00+00:00,18520.814680122356
2026-03-04 16:00:00+00:00,18520.814680122356
2026-03-04 18:00:00+00:00,18520.814680122356
2026-03-04 20:00:00+00:00,18520.814680122356
2026-03-04 22:00:00+00:00,18520.814680122356
2026-03-05 00:00:00+00:00,18520.814680122356
2026-03-05 02:00:00+00:00,18520.814680122356
2026-03-05 04:00:00+00:00,18520.814680122356
2026-03-05 06:00:00+00:00,18520.814680122356
2026-03-05 08:00:00+00:00,18520.814680122356
2026-03-05 10:00:00+00:00,18520.814680122356
2026-03-05 12:00:00+00:00,18520.814680122356
2026-03-05 14:00:00+00:00,18520.814680122356
2026-03-05 16:00:00+00:00,18520.814680122356
2026-03-05 18:00:00+00:00,18520.814680122356
2026-03-05 20:00:00+00:00,18520.814680122356
2026-03-05 22:00:00+00:00,18520.814680122356
2026-03-06 00:00:00+00:00,18520.814680122356
2026-03-06 02:00:00+00:00,18520.814680122356
2026-03-06 04:00:00+00:00,18520.814680122356
2026-03-06 06:00:00+00:00,18520.814680122356
2026-03-06 08:00:00+00:00,18520.814680122356
2026-03-06 10:00:00+00:00,18520.814680122356
2026-03-06 12:00:00+00:00,18520.814680122356
2026-03-06 14:00:00+00:00,18520.814680122356
2026-03-06 16:00:00+00:00,18520.814680122356
2026-03-06 18:00:00+00:00,18520.814680122356
2026-03-06 20:00:00+00:00,18520.814680122356
2026-03-06 22:00:00+00:00,18520.814680122356
2026-03-07 00:00:00+00:00,18520.814680122356
2026-03-07 02:00:00+00:00,18520.814680122356
2026-03-07 04:00:00+00:00,18520.814680122356
2026-03-07 06:00:00+00:00,18520.814680122356
2026-03-07 08:00:00+00:00,18520.814680122356
2026-03-07 10:00:00+00:00,18520.814680122356
2026-03-07 12:00:00+00:00,18520.814680122356
2026-03-07 14:00:00+00:00,18520.814680122356
2026-03-07 16:00:00+00:00,18520.814680122356
2026-03-07 18:00:00+00:00,18520.814680122356
2026-03-07 20:00:00+00:00,18520.814680122356
2026-03-07 22:00:00+00:00,18520.814680122356
2026-03-08 00:00:00+00:00,18520.814680122356
2026-03-08 02:00:00+00:00,18520.814680122356
2026-03-08 04:00:00+00:00,18520.814680122356
2026-03-08 06:00:00+00:00,18520.814680122356
2026-03-08 08:00:00+00:00,18520.814680122356
2026-03-08 10:00:00+00:00,18520.814680122356
2026-03-08 12:00:00+00:00,18520.814680122356
2026-03-08 14:00:00+00:00,18520.814680122356
2026-03-08 16:00:00+00:00,18520.814680122356
2026-03-08 18:00:00+00:00,18520.814680122356
2026-03-08 20:00:00+00:00,18520.814680122356
2026-03-08 22:00:00+00:00,18520.814680122356
2026-03-09 00:00:00+00:00,18520.814680122356
2026-03-09 02:00:00+00:00,18520.814680122356
2026-03-09 04:00:00+00:00,18520.814680122356
2026-03-09 06:00:00+00:00,18520.814680122356
2026-03-09 08:00:00+00:00,18520.814680122356
2026-03-09 10:00:00+00:00,18520.814680122356
2026-03-09 12:00:00+00:00,18520.814680122356
2026-03-09 14:00:00+00:00,18520.814680122356
2026-03-09 16:00:00+00:00,18520.814680122356
2026-03-09 18:00:00+00:00,18520.814680122356
2026-03-09 20:00:00+00:00,18520.814680122356
2026-03-09 22:00:00+00:00,18520.814680122356
2026-03-10 00:00:00+00:00,18520.814680122356
2026-03-10 02:00:00+00:00,18520.814680122356
2026-03-10 04:00:00+00:00,18520.814680122356
2026-03-10 06:00:00+00:00,18520.814680122356
2026-03-10 08:00:00+00:00,18520.814680122356
2026-03-10 10:00:00+00:00,18520.814680122356
2026-03-10 12:00:00+00:00,18520.814680122356
2026-03-10 14:00:00+00:00,18520.814680122356
2026-03-10 16:00:00+00:00,18520.814680122356
2026-03-10 18:00:00+00:00,18520.814680122356
2026-03-10 20:00:00+00:00,18520.814680122356
2026-03-10 22:00:00+00:00,18520.814680122356
2026-03-11 00:00:00+00:00,18520.814680122356
2026-03-11 02:00:00+00:00,18520.814680122356
2026-03-11 04:00:00+00:00,18520.814680122356
2026-03-11 06:00:00+00:00,18520.814680122356
2026-03-11 08:00:00+00:00,18520.814680122356
2026-03-11 10:00:00+00:00,18520.814680122356
2026-03-11 12:00:00+00:00,18520.814680122356
2026-03-11 14:00:00+00:00,18520.814680122356
2026-03-11 16:00:00+00:00,18520.814680122356
2026-03-11 18:00:00+00:00,18520.814680122356
2026-03-11 20:00:00+00:00,18520.814680122356
2026-03-11 22:00:00+00:00,18520.814680122356
2026-03-12 00:00:00+00:00,18520.814680122356
2026-03-12 02:00:00+00:00,18520.814680122356
2026-03-12 04:00:00+00:00,18520.814680122356
2026-03-12 06:00:00+00:00,18520.814680122356
2026-03-12 08:00:00+00:00,18520.814680122356
2026-03-12 10:00:00+00:00,18520.814680122356
2026-03-12 12:00:00+00:00,18520.814680122356
2026-03-12 14:00:00+00:00,18520.814680122356
2026-03-12 16:00:00+00:00,18520.814680122356
2026-03-12 18:00:00+00:00,18520.814680122356
2026-03-12 20:00:00+00:00,18520.814680122356
2026-03-12 22:00:00+00:00,18520.814680122356
2026-03-13 00:00:00+00:00,18520.814680122356
2026-03-13 02:00:00+00:00,18520.814680122356
2026-03-13 04:00:00+00:00,18520.814680122356
2026-03-13 06:00:00+00:00,18520.814680122356
2026-03-13 08:00:00+00:00,18520.814680122356
2026-03-13 10:00:00+00:00,18520.814680122356
2026-03-13 12:00:00+00:00,18520.814680122356
2026-03-13 14:00:00+00:00,18520.814680122356
2026-03-13 16:00:00+00:00,18520.814680122356
2026-03-13 18:00:00+00:00,18520.814680122356
2026-03-13 20:00:00+00:00,18520.814680122356
2026-03-13 22:00:00+00:00,18520.814680122356
2026-03-14 00:00:00+00:00,18520.814680122356
2026-03-14 02:00:00+00:00,18520.814680122356
2026-03-14 04:00:00+00:00,18520.814680122356
2026-03-14 06:00:00+00:00,18520.814680122356
2026-03-14 08:00:00+00:00,18520.814680122356
2026-03-14 10:00:00+00:00,18520.814680122356
2026-03-14 12:00:00+00:00,18520.814680122356
2026-03-14 14:00:00+00:00,18520.814680122356
2026-03-14 16:00:00+00:00,18520.814680122356
2026-03-14 18:00:00+00:00,18520.814680122356
2026-03-14 20:00:00+00:00,18520.814680122356
2026-03-14 22:00:00+00:00,18520.814680122356
2026-03-15 00:00:00+00:00,18520.814680122356
2026-03-15 02:00:00+00:00,18520.814680122356
2026-03-15 04:00:00+00:00,18520.814680122356
2026-03-15 06:00:00+00:00,18520.814680122356
2026-03-15 08:00:00+00:00,18520.814680122356
2026-03-15 10:00:00+00:00,18520.814680122356
2026-03-15 12:00:00+00:00,18520.814680122356
2026-03-15 14:00:00+00:00,18520.814680122356
2026-03-15 16:00:00+00:00,18520.814680122356
2026-03-15 18:00:00+00:00,18520.814680122356
2026-03-15 20:00:00+00:00,18520.814680122356
2026-03-15 22:00:00+00:00,18520.814680122356
2026-03-16 00:00:00+00:00,18520.814680122356
2026-03-16 02:00:00+00:00,18520.814680122356
2026-03-16 04:00:00+00:00,18520.814680122356
2026-03-16 06:00:00+00:00,18520.814680122356
2026-03-16 08:00:00+00:00,18520.814680122356
2026-03-16 10:00:00+00:00,18520.814680122356
2026-03-16 12:00:00+00:00,18520.814680122356
2026-03-16 14:00:00+00:00,18520.814680122356
2026-03-16 16:00:00+00:00,18520.814680122356
2026-03-16 18:00:00+00:00,18520.814680122356
2026-03-16 20:00:00+00:00,18520.814680122356
2026-03-16 22:00:00+00:00,18520.814680122356
2026-03-17 00:00:00+00:00,18520.814680122356
2026-03-17 02:00:00+00:00,18520.814680122356
2026-03-17 04:00:00+00:00,18520.814680122356
2026-03-17 06:00:00+00:00,18520.814680122356
2026-03-17 08:00:00+00:00,18520.814680122356
2026-03-17 10:00:00+00:00,18520.814680122356
2026-03-17 12:00:00+00:00,18520.814680122356
2026-03-17 14:00:00+00:00,18520.814680122356
2026-03-17 16:00:00+00:00,18520.814680122356
2026-03-17 18:00:00+00:00,18520.814680122356
2026-03-17 20:00:00+00:00,18520.814680122356
2026-03-17 22:00:00+00:00,18520.814680122356
2026-03-18 00:00:00+00:00,18520.814680122356
2026-03-18 02:00:00+00:00,18520.814680122356
2026-03-18 04:00:00+00:00,18520.814680122356
2026-03-18 06:00:00+00:00,18520.814680122356
2026-03-18 08:00:00+00:00,18520.814680122356
2026-03-18 10:00:00+00:00,18520.814680122356
2026-03-18 12:00:00+00:00,18520.814680122356
2026-03-18 14:00:00+00:00,18520.814680122356
2026-03-18 16:00:00+00:00,18520.814680122356
2026-03-18 18:00:00+00:00,18520.814680122356
2026-03-18 20:00:00+00:00,18520.814680122356
2026-03-18 22:00:00+00:00,18520.814680122356
2026-03-19 00:00:00+00:00,18520.814680122356
2026-03-19 02:00:00+00:00,18520.814680122356
2026-03-19 04:00:00+00:00,18483.69881903995
2026-03-19 06:00:00+00:00,18641.309408874145
2026-03-19 08:00:00+00:00,18613.915733212132
2026-03-19 10:00:00+00:00,18734.2729109037
2026-03-19 12:00:00+00:00,18808.779735188957
2026-03-19 14:00:00+00:00,18972.121619198944
2026-03-19 16:00:00+00:00,18802.47785657677
2026-03-19 18:00:00+00:00,18897.044210477285
2026-03-19 20:00:00+00:00,18768.090091522037
2026-03-19 22:00:00+00:00,18707.911502676252
2026-03-20 00:00:00+00:00,18663.085515972194
2026-03-20 02:00:00+00:00,18674.548104323778
2026-03-20 04:00:00+00:00,18602.906927126416
2026-03-20 06:00:00+00:00,18726.12975190588
2026-03-20 08:00:00+00:00,18719.364245696066
2026-03-20 10:00:00+00:00,18696.43906899291
2026-03-20 12:00:00+00:00,18888.43742388184
2026-03-20 14:00:00+00:00,18914.22824767289
2026-03-20 16:00:00+00:00,18830.595323367226
2026-03-20 18:00:00+00:00,18959.549442322474
2026-03-20 20:00:00+00:00,18893.639559300904
2026-03-20 22:00:00+00:00,18862.117441334063
2026-03-21 00:00:00+00:00,18880.138862217947
2026-03-21 02:00:00+00:00,18788.43815540532
2026-03-21 04:00:00+00:00,18822.82592046006
2026-03-21 06:00:00+00:00,18920.257921448472
2026-03-21 08:00:00+00:00,19019.458927907468
2026-03-21 10:00:00+00:00,18973.608574501155
2026-03-21 12:00:00+00:00,18967.877280325367
2026-03-21 14:00:00+00:00,18922.026926919054
2026-03-21 16:00:00+00:00,18979.460945132058
2026-03-21 18:00:00+00:00,18979.460945132058
2026-03-21 20:00:00+00:00,19002.386121835214
2026-03-21 22:00:00+00:00,19343.39812529466
2026-03-22 00:00:00+00:00,19443.35449612321
2026-03-22 02:00:00+00:00,19328.728612607432
2026-03-22 04:00:00+00:00,19397.5041427169
2026-03-22 06:00:00+00:00,19572.308615078466
2026-03-22 08:00:00+00:00,19676.018429719894
2026-03-22 10:00:00+00:00,19853.688549169354
2026-03-22 12:00:00+00:00,19830.763372466197
2026-03-22 14:00:00+00:00,19870.882431696722
2026-03-22 16:00:00+00:00,19900.99425830147
2026-03-22 18:00:00+00:00,19961.172847147256
2026-03-22 20:00:00+00:00,20055.739201047774
2026-03-22 22:00:00+00:00,20087.261319014615
2026-03-23 00:00:00+00:00,19903.963033723638
2026-03-23 02:00:00+00:00,19800.799738559435
2026-03-23 04:00:00+00:00,19717.695973010494
2026-03-23 06:00:00+00:00,20101.692682788358
2026-03-23 08:00:00+00:00,20085.62608005877
2026-03-23 10:00:00+00:00,19598.466075116707
2026-03-23 12:00:00+00:00,19526.824897919345
2026-03-23 14:00:00+00:00,19890.762078081945
2026-03-23 16:00:00+00:00,19899.103717557027
2026-03-23 18:00:00+00:00,19896.23807046913
2026-03-23 20:00:00+00:00,19704.239715580203
2026-03-23 22:00:00+00:00,19721.433598107567
2026-03-24 00:00:00+00:00,19887.226582691765
2026-03-24 02:00:00+00:00,19789.79458170335
2026-03-24 04:00:00+00:00,19769.73505208809
2026-03-24 06:00:00+00:00,19549.080226320213
2026-03-24 08:00:00+00:00,19534.959134180488
2026-03-24 10:00:00+00:00,19595.137723026273
2026-03-24 12:00:00+00:00,19784.27043082731
2026-03-24 14:00:00+00:00,19867.37419637625
2026-03-24 16:00:00+00:00,20036.1194018546
2026-03-24 18:00:00+00:00,20056.17893146986
2026-03-24 20:00:00+00:00,19663.585280428313
2026-03-24 22:00:00+00:00,19614.869279934108
2026-03-25 00:00:00+00:00,19637.796805493555
2026-03-25 02:00:00+00:00,19597.67774626303
2026-03-25 04:00:00+00:00,19600.543393350927
2026-03-25 06:00:00+00:00,19517.439627801985
2026-03-25 08:00:00+00:00,19395.96799995793
2026-03-25 10:00:00+00:00,19404.564941221615
2026-03-25 12:00:00+00:00,19542.11600144055
2026-03-25 14:00:00+00:00,19628.085414077384
2026-03-25 16:00:00+00:00,19591.893240688845
2026-03-25 18:00:00+00:00,19589.027593600953
2026-03-25 20:00:00+00:00,19557.505475634112
2026-03-25 22:00:00+00:00,19485.86429843675
2026-03-26 00:00:00+00:00,19569.34636344518
2026-03-26 02:00:00+00:00,19778.538600861477
2026-03-26 04:00:00+00:00,19961.940014486725
2026-03-26 06:00:00+00:00,19898.895778553044
2026-03-26 08:00:00+00:00,20111.044287025812
2026-03-26 10:00:00+00:00,20133.96946372897
2026-03-26 12:00:00+00:00,20010.746638949506
2026-03-26 14:00:00+00:00,20317.370877354217
2026-03-26 16:00:00+00:00,20266.132283147934
2026-03-26 18:00:00+00:00,20363.564284136348
2026-03-26 20:00:00+00:00,20157.237693807943
2026-03-26 22:00:00+00:00,20145.775105456363
2026-03-27 00:00:00+00:00,20121.85083622723
2026-03-27 02:00:00+00:00,20282.32707314932
2026-03-27 04:00:00+00:00,20402.684250840888
2026-03-27 06:00:00+00:00,20411.281192104572
2026-03-27 08:00:00+00:00,20761.177279250944
2026-03-27 10:00:00+00:00,20930.25045743672
2026-03-27 12:00:00+00:00,20933.116104524615
2026-03-27 14:00:00+00:00,21013.35422298566
2026-03-27 16:00:00+00:00,21198.33959054231
2026-03-27 18:00:00+00:00,21269.980767739667
2026-03-27 20:00:00+00:00,21318.696768233876
2026-03-27 22:00:00+00:00,21321.562415321772
2026-03-28 00:00:00+00:00,21542.125101738235
2026-03-28 02:00:00+00:00,21533.52816047455
2026-03-28 04:00:00+00:00,21438.961806574036
2026-03-28 06:00:00+00:00,21307.142040530885
2026-03-28 08:00:00+00:00,21345.121223133065
2026-03-28 10:00:00+00:00,21353.718164396745
2026-03-28 12:00:00+00:00,21262.017457584123
2026-03-28 14:00:00+00:00,21350.852517308853
2026-03-28 16:00:00+00:00,21297.234426480805
2026-03-28 18:00:00+00:00,21345.95042697501
2026-03-28 20:00:00+00:00,21463.441957578685
2026-03-28 22:00:00+00:00,21698.425018786034
2026-03-29 00:00:00+00:00,21607.798518382355
2026-03-29 02:00:00+00:00,21559.08251788815
2026-03-29 04:00:00+00:00,21599.20157711867
2026-03-29 06:00:00+00:00,21571.27871189423
2026-03-29 08:00:00+00:00,21571.27871189423
2026-03-29 10:00:00+00:00,21571.27871189423
2026-03-29 12:00:00+00:00,21571.27871189423
2026-03-29 14:00:00+00:00,21571.27871189423
2026-03-29 16:00:00+00:00,21571.27871189423
2026-03-29 18:00:00+00:00,21571.27871189423
2026-03-29 20:00:00+00:00,21571.27871189423
2026-03-29 22:00:00+00:00,21571.27871189423
2026-03-30 00:00:00+00:00,21571.27871189423
2026-03-30 02:00:00+00:00,21571.27871189423
2026-03-30 04:00:00+00:00,21571.27871189423
2026-03-30 06:00:00+00:00,21571.27871189423
2026-03-30 08:00:00+00:00,21571.27871189423
2026-03-30 10:00:00+00:00,21571.27871189423
2026-03-30 12:00:00+00:00,21571.27871189423
2026-03-30 14:00:00+00:00,21571.27871189423
2026-03-30 16:00:00+00:00,21571.27871189423
2026-03-30 18:00:00+00:00,21571.27871189423
2026-03-30 20:00:00+00:00,21571.27871189423
2026-03-30 22:00:00+00:00,21571.27871189423
2026-03-31 00:00:00+00:00,21571.27871189423
2026-03-31 02:00:00+00:00,21571.27871189423
2026-03-31 04:00:00+00:00,21571.27871189423
2026-03-31 06:00:00+00:00,21571.27871189423
2026-03-31 08:00:00+00:00,21571.27871189423
2026-03-31 10:00:00+00:00,21571.27871189423
2026-03-31 12:00:00+00:00,21571.27871189423
2026-03-31 14:00:00+00:00,21571.27871189423
2026-03-31 16:00:00+00:00,21571.27871189423
2026-03-31 18:00:00+00:00,21571.27871189423
2026-03-31 20:00:00+00:00,21571.27871189423
2026-03-31 22:00:00+00:00,21571.27871189423
2026-04-01 00:00:00+00:00,21571.27871189423
2026-04-01 02:00:00+00:00,21571.27871189423
2026-04-01 04:00:00+00:00,21571.27871189423
2026-04-01 06:00:00+00:00,21571.27871189423
2026-04-01 08:00:00+00:00,21571.27871189423
2026-04-01 10:00:00+00:00,21571.27871189423
2026-04-01 12:00:00+00:00,21571.27871189423
2026-04-01 14:00:00+00:00,21571.27871189423
2026-04-01 16:00:00+00:00,21571.27871189423
2026-04-01 18:00:00+00:00,21571.27871189423
2026-04-01 20:00:00+00:00,21571.27871189423
2026-04-01 22:00:00+00:00,21571.27871189423
2026-04-02 00:00:00+00:00,21571.27871189423
2026-04-02 02:00:00+00:00,21571.27871189423
2026-04-02 04:00:00+00:00,21571.27871189423
2026-04-02 06:00:00+00:00,21571.27871189423
2026-04-02 08:00:00+00:00,21571.27871189423
2026-04-02 10:00:00+00:00,21571.27871189423
2026-04-02 12:00:00+00:00,21571.27871189423
2026-04-02 14:00:00+00:00,21571.27871189423
2026-04-02 16:00:00+00:00,21571.27871189423
2026-04-02 18:00:00+00:00,21571.27871189423
2026-04-02 20:00:00+00:00,21571.27871189423
2026-04-02 22:00:00+00:00,21571.27871189423
2026-04-03 00:00:00+00:00,21571.27871189423
2026-04-03 02:00:00+00:00,21571.27871189423
2026-04-03 04:00:00+00:00,21571.27871189423
2026-04-03 06:00:00+00:00,21571.27871189423
2026-04-03 08:00:00+00:00,21571.27871189423
2026-04-03 10:00:00+00:00,21571.27871189423
2026-04-03 12:00:00+00:00,21571.27871189423
2026-04-03 14:00:00+00:00,21571.27871189423
2026-04-03 16:00:00+00:00,21571.27871189423
2026-04-03 18:00:00+00:00,21571.27871189423
2026-04-03 20:00:00+00:00,21571.27871189423
2026-04-03 22:00:00+00:00,21571.27871189423
2026-04-04 00:00:00+00:00,21571.27871189423
2026-04-04 02:00:00+00:00,21571.27871189423
2026-04-04 04:00:00+00:00,21571.27871189423
2026-04-04 06:00:00+00:00,21571.27871189423
2026-04-04 08:00:00+00:00,21571.27871189423
2026-04-04 10:00:00+00:00,21571.27871189423
2026-04-04 12:00:00+00:00,21571.27871189423
2026-04-04 14:00:00+00:00,21571.27871189423
2026-04-04 16:00:00+00:00,21571.27871189423
2026-04-04 18:00:00+00:00,21571.27871189423
2026-04-04 20:00:00+00:00,21571.27871189423
2026-04-04 22:00:00+00:00,21571.27871189423
2026-04-05 00:00:00+00:00,21571.27871189423
2026-04-05 02:00:00+00:00,21571.27871189423
2026-04-05 04:00:00+00:00,21571.27871189423
2026-04-05 06:00:00+00:00,21571.27871189423
2026-04-05 08:00:00+00:00,21571.27871189423
2026-04-05 10:00:00+00:00,21571.27871189423
2026-04-05 12:00:00+00:00,21571.27871189423
2026-04-05 14:00:00+00:00,21571.27871189423
2026-04-05 16:00:00+00:00,21571.27871189423
2026-04-05 18:00:00+00:00,21571.27871189423
2026-04-05 20:00:00+00:00,21571.27871189423
2026-04-05 22:00:00+00:00,21571.27871189423
2026-04-06 00:00:00+00:00,21571.27871189423
2026-04-06 02:00:00+00:00,21571.27871189423
2026-04-06 04:00:00+00:00,21571.27871189423
2026-04-06 06:00:00+00:00,21571.27871189423
2026-04-06 08:00:00+00:00,21571.27871189423
2026-04-06 10:00:00+00:00,21571.27871189423
2026-04-06 12:00:00+00:00,21571.27871189423
2026-04-06 14:00:00+00:00,21571.27871189423
2026-04-06 16:00:00+00:00,21571.27871189423
2026-04-06 18:00:00+00:00,21571.27871189423
2026-04-06 20:00:00+00:00,21571.27871189423
2026-04-06 22:00:00+00:00,21571.27871189423
2026-04-07 00:00:00+00:00,21571.27871189423
2026-04-07 02:00:00+00:00,21571.27871189423
2026-04-07 04:00:00+00:00,21571.27871189423
2026-04-07 06:00:00+00:00,21571.27871189423
2026-04-07 08:00:00+00:00,21571.27871189423
2026-04-07 10:00:00+00:00,21571.27871189423
2026-04-07 12:00:00+00:00,21571.27871189423
2026-04-07 14:00:00+00:00,21571.27871189423
2026-04-07 16:00:00+00:00,21571.27871189423
2026-04-07 18:00:00+00:00,21571.27871189423
2026-04-07 20:00:00+00:00,21571.27871189423
2026-04-07 22:00:00+00:00,21571.27871189423
2026-04-08 00:00:00+00:00,21571.27871189423
2026-04-08 02:00:00+00:00,21571.27871189423
2026-04-08 04:00:00+00:00,21571.27871189423
2026-04-08 06:00:00+00:00,21571.27871189423
2026-04-08 08:00:00+00:00,21571.27871189423
2026-04-08 10:00:00+00:00,21571.27871189423
2026-04-08 12:00:00+00:00,21571.27871189423
2026-04-08 14:00:00+00:00,21571.27871189423
2026-04-08 16:00:00+00:00,21571.27871189423
2026-04-08 18:00:00+00:00,21571.27871189423
2026-04-08 20:00:00+00:00,21571.27871189423
2026-04-08 22:00:00+00:00,21571.27871189423
2026-04-09 00:00:00+00:00,21571.27871189423
2026-04-09 02:00:00+00:00,21571.27871189423
2026-04-09 04:00:00+00:00,21571.27871189423
2026-04-09 06:00:00+00:00,21571.27871189423
2026-04-09 08:00:00+00:00,21571.27871189423
2026-04-09 10:00:00+00:00,21571.27871189423
2026-04-09 12:00:00+00:00,21571.27871189423
2026-04-09 14:00:00+00:00,21571.27871189423
2026-04-09 16:00:00+00:00,21571.27871189423
2026-04-09 18:00:00+00:00,21571.27871189423
2026-04-09 20:00:00+00:00,21571.27871189423
2026-04-09 22:00:00+00:00,21571.27871189423
2026-04-10 00:00:00+00:00,21571.27871189423
2026-04-10 02:00:00+00:00,21571.27871189423
2026-04-10 04:00:00+00:00,21571.27871189423
2026-04-10 06:00:00+00:00,21571.27871189423
2026-04-10 08:00:00+00:00,21571.27871189423
2026-04-10 10:00:00+00:00,21571.27871189423
2026-04-10 12:00:00+00:00,21571.27871189423
2026-04-10 14:00:00+00:00,21571.27871189423
2026-04-10 16:00:00+00:00,21571.27871189423
2026-04-10 18:00:00+00:00,21571.27871189423
2026-04-10 20:00:00+00:00,21571.27871189423
2026-04-10 22:00:00+00:00,21571.27871189423
2026-04-11 00:00:00+00:00,21571.27871189423
2026-04-11 02:00:00+00:00,21571.27871189423
2026-04-11 04:00:00+00:00,21571.27871189423
2026-04-11 06:00:00+00:00,21571.27871189423
2026-04-11 08:00:00+00:00,21571.27871189423
2026-04-11 10:00:00+00:00,21571.27871189423
2026-04-11 12:00:00+00:00,21571.27871189423
2026-04-11 14:00:00+00:00,21571.27871189423
2026-04-11 16:00:00+00:00,21571.27871189423
2026-04-11 18:00:00+00:00,21571.27871189423
2026-04-11 20:00:00+00:00,21571.27871189423
2026-04-11 22:00:00+00:00,21571.27871189423
2026-04-12 00:00:00+00:00,21571.27871189423
2026-04-12 02:00:00+00:00,21571.27871189423
2026-04-12 04:00:00+00:00,21571.27871189423
2026-04-12 06:00:00+00:00,21571.27871189423
2026-04-12 08:00:00+00:00,21571.27871189423
2026-04-12 10:00:00+00:00,21571.27871189423
2026-04-12 12:00:00+00:00,21571.27871189423
2026-04-12 14:00:00+00:00,21571.27871189423
2026-04-12 16:00:00+00:00,21571.27871189423
2026-04-12 18:00:00+00:00,21571.27871189423
2026-04-12 20:00:00+00:00,21571.27871189423
2026-04-12 22:00:00+00:00,21571.27871189423
2026-04-13 00:00:00+00:00,21571.27871189423
2026-04-13 02:00:00+00:00,21571.27871189423
2026-04-13 04:00:00+00:00,21571.27871189423
2026-04-13 06:00:00+00:00,21571.27871189423
2026-04-13 08:00:00+00:00,21571.27871189423
2026-04-13 10:00:00+00:00,21571.27871189423
2026-04-13 12:00:00+00:00,21571.27871189423
2026-04-13 14:00:00+00:00,21571.27871189423
2026-04-13 16:00:00+00:00,21571.27871189423
2026-04-13 18:00:00+00:00,21571.27871189423
2026-04-13 20:00:00+00:00,21571.27871189423
2026-04-13 22:00:00+00:00,21571.27871189423
2026-04-14 00:00:00+00:00,21571.27871189423
2026-04-14 02:00:00+00:00,21571.27871189423
2026-04-14 04:00:00+00:00,21571.27871189423
2026-04-14 06:00:00+00:00,21571.27871189423
2026-04-14 08:00:00+00:00,21571.27871189423
2026-04-14 10:00:00+00:00,21571.27871189423
2026-04-14 12:00:00+00:00,21571.27871189423
2026-04-14 14:00:00+00:00,21571.27871189423
2026-04-14 16:00:00+00:00,21571.27871189423
2026-04-14 18:00:00+00:00,21571.27871189423
2026-04-14 20:00:00+00:00,21571.27871189423
2026-04-14 22:00:00+00:00,21571.27871189423
2026-04-15 00:00:00+00:00,21571.27871189423
2026-04-15 02:00:00+00:00,21571.27871189423
2026-04-15 04:00:00+00:00,21571.27871189423
2026-04-15 06:00:00+00:00,21571.27871189423
2026-04-15 08:00:00+00:00,21571.27871189423
2026-04-15 10:00:00+00:00,21571.27871189423
2026-04-15 12:00:00+00:00,21571.27871189423
2026-04-15 14:00:00+00:00,21571.27871189423
2026-04-15 16:00:00+00:00,21571.27871189423
2026-04-15 18:00:00+00:00,21571.27871189423
2026-04-15 20:00:00+00:00,21571.27871189423
2026-04-15 22:00:00+00:00,21571.27871189423
2026-04-16 00:00:00+00:00,21571.27871189423
2026-04-16 02:00:00+00:00,21571.27871189423
2026-04-16 04:00:00+00:00,21571.27871189423
2026-04-16 06:00:00+00:00,21571.27871189423
2026-04-16 08:00:00+00:00,21571.27871189423
2026-04-16 10:00:00+00:00,21571.27871189423
2026-04-16 12:00:00+00:00,21571.27871189423
2026-04-16 14:00:00+00:00,21571.27871189423
2026-04-16 16:00:00+00:00,21571.27871189423
2026-04-16 18:00:00+00:00,21571.27871189423
2026-04-16 20:00:00+00:00,21571.27871189423
2026-04-16 22:00:00+00:00,21571.27871189423
2026-04-17 00:00:00+00:00,21571.27871189423
2026-04-17 02:00:00+00:00,21571.27871189423
2026-04-17 04:00:00+00:00,21571.27871189423
2026-04-17 06:00:00+00:00,21571.27871189423
2026-04-17 08:00:00+00:00,21571.27871189423
2026-04-17 10:00:00+00:00,21571.27871189423
2026-04-17 12:00:00+00:00,21571.27871189423
2026-04-17 14:00:00+00:00,21571.27871189423
2026-04-17 16:00:00+00:00,21571.27871189423
2026-04-17 18:00:00+00:00,21571.27871189423
2026-04-17 20:00:00+00:00,21571.27871189423
2026-04-17 22:00:00+00:00,21571.27871189423
2026-04-18 00:00:00+00:00,21571.27871189423
2026-04-18 02:00:00+00:00,21571.27871189423
2026-04-18 04:00:00+00:00,21571.27871189423
2026-04-18 06:00:00+00:00,21571.27871189423
2026-04-18 08:00:00+00:00,21571.27871189423
2026-04-18 10:00:00+00:00,21571.27871189423
2026-04-18 12:00:00+00:00,21571.27871189423
2026-04-18 14:00:00+00:00,21571.27871189423
2026-04-18 16:00:00+00:00,21571.27871189423
2026-04-18 18:00:00+00:00,21571.27871189423
2026-04-18 20:00:00+00:00,21571.27871189423
2026-04-18 22:00:00+00:00,21571.27871189423
2026-04-19 00:00:00+00:00,21571.27871189423
2026-04-19 02:00:00+00:00,21571.27871189423
2026-04-19 04:00:00+00:00,21571.27871189423
2026-04-19 06:00:00+00:00,21571.27871189423
2026-04-19 08:00:00+00:00,21571.27871189423
2026-04-19 10:00:00+00:00,21571.27871189423
2026-04-19 12:00:00+00:00,21571.27871189423
2026-04-19 14:00:00+00:00,21571.27871189423
2026-04-19 16:00:00+00:00,21571.27871189423
2026-04-19 18:00:00+00:00,21571.27871189423
2026-04-19 20:00:00+00:00,21571.27871189423
2026-04-19 22:00:00+00:00,21571.27871189423
2026-04-20 00:00:00+00:00,21571.27871189423
2026-04-20 02:00:00+00:00,21571.27871189423
2026-04-20 04:00:00+00:00,21571.27871189423
2026-04-20 06:00:00+00:00,21571.27871189423
2026-04-20 08:00:00+00:00,21571.27871189423
2026-04-20 10:00:00+00:00,21571.27871189423
2026-04-20 12:00:00+00:00,21571.27871189423
2026-04-20 14:00:00+00:00,21571.27871189423
2026-04-20 16:00:00+00:00,21571.27871189423
2026-04-20 18:00:00+00:00,21571.27871189423
2026-04-20 20:00:00+00:00,21571.27871189423
2026-04-20 22:00:00+00:00,21571.27871189423
2026-04-21 00:00:00+00:00,21571.27871189423
2026-04-21 02:00:00+00:00,21571.27871189423
2026-04-21 04:00:00+00:00,21571.27871189423
2026-04-21 06:00:00+00:00,21571.27871189423
2026-04-21 08:00:00+00:00,21571.27871189423
2026-04-21 10:00:00+00:00,21571.27871189423
2026-04-21 12:00:00+00:00,21571.27871189423
2026-04-21 14:00:00+00:00,21571.27871189423
2026-04-21 16:00:00+00:00,21571.27871189423
2026-04-21 18:00:00+00:00,21571.27871189423
2026-04-21 20:00:00+00:00,21571.27871189423
2026-04-21 22:00:00+00:00,21571.27871189423
2026-04-22 00:00:00+00:00,21571.27871189423
2026-04-22 02:00:00+00:00,21571.27871189423
2026-04-22 04:00:00+00:00,21571.27871189423
2026-04-22 06:00:00+00:00,21571.27871189423
2026-04-22 08:00:00+00:00,21571.27871189423
2026-04-22 10:00:00+00:00,21571.27871189423
2026-04-22 12:00:00+00:00,21571.27871189423
2026-04-22 14:00:00+00:00,21571.27871189423
2026-04-22 16:00:00+00:00,21571.27871189423
2026-04-22 18:00:00+00:00,21571.27871189423
2026-04-22 20:00:00+00:00,21571.27871189423
2026-04-22 22:00:00+00:00,21571.27871189423
2026-04-23 00:00:00+00:00,21571.27871189423
2026-04-23 02:00:00+00:00,21571.27871189423
2026-04-23 04:00:00+00:00,21571.27871189423
2026-04-23 06:00:00+00:00,21571.27871189423
2026-04-23 08:00:00+00:00,21571.27871189423
2026-04-23 10:00:00+00:00,21571.27871189423
2026-04-23 12:00:00+00:00,21571.27871189423
2026-04-23 14:00:00+00:00,21571.27871189423
2026-04-23 16:00:00+00:00,21571.27871189423
2026-04-23 18:00:00+00:00,21571.27871189423
2026-04-23 20:00:00+00:00,21571.27871189423
2026-04-23 22:00:00+00:00,21571.27871189423
2026-04-24 00:00:00+00:00,21571.27871189423
2026-04-24 02:00:00+00:00,21571.27871189423
2026-04-24 04:00:00+00:00,21571.27871189423
2026-04-24 06:00:00+00:00,21571.27871189423
2026-04-24 08:00:00+00:00,21571.27871189423
2026-04-24 10:00:00+00:00,21571.27871189423
2026-04-24 12:00:00+00:00,21571.27871189423
2026-04-24 14:00:00+00:00,21571.27871189423
2026-04-24 16:00:00+00:00,21571.27871189423
2026-04-24 18:00:00+00:00,21571.27871189423
2026-04-24 20:00:00+00:00,21571.27871189423
2026-04-24 22:00:00+00:00,21571.27871189423
2026-04-25 00:00:00+00:00,21571.27871189423
2026-04-25 02:00:00+00:00,21571.27871189423
2026-04-25 04:00:00+00:00,21571.27871189423
2026-04-25 06:00:00+00:00,21571.27871189423
2026-04-25 08:00:00+00:00,21571.27871189423
2026-04-25 10:00:00+00:00,21571.27871189423
2026-04-25 12:00:00+00:00,21571.27871189423
2026-04-25 14:00:00+00:00,21571.27871189423
2026-04-25 16:00:00+00:00,21571.27871189423
2026-04-25 18:00:00+00:00,21571.27871189423
2026-04-25 20:00:00+00:00,21571.27871189423
2026-04-25 22:00:00+00:00,21571.27871189423
2026-04-26 00:00:00+00:00,21571.27871189423
2026-04-26 02:00:00+00:00,21571.27871189423
2026-04-26 04:00:00+00:00,21571.27871189423
2026-04-26 06:00:00+00:00,21571.27871189423
2026-04-26 08:00:00+00:00,21571.27871189423
2026-04-26 10:00:00+00:00,21571.27871189423
2026-04-26 12:00:00+00:00,21571.27871189423
2026-04-26 14:00:00+00:00,21571.27871189423
2026-04-26 16:00:00+00:00,21571.27871189423
2026-04-26 18:00:00+00:00,21571.27871189423
2026-04-26 20:00:00+00:00,21571.27871189423
2026-04-26 22:00:00+00:00,21571.27871189423
2026-04-27 00:00:00+00:00,21571.27871189423
2026-04-27 02:00:00+00:00,21571.27871189423
2026-04-27 04:00:00+00:00,21571.27871189423
2026-04-27 06:00:00+00:00,21571.27871189423
2026-04-27 08:00:00+00:00,21571.27871189423
2026-04-27 10:00:00+00:00,21571.27871189423
2026-04-27 12:00:00+00:00,21571.27871189423
2026-04-27 14:00:00+00:00,21571.27871189423
2026-04-27 16:00:00+00:00,21571.27871189423
2026-04-27 18:00:00+00:00,21571.27871189423
2026-04-27 20:00:00+00:00,21571.27871189423
2026-04-27 22:00:00+00:00,21571.27871189423
2026-04-28 00:00:00+00:00,21571.27871189423
2026-04-28 02:00:00+00:00,21571.27871189423
2026-04-28 04:00:00+00:00,21571.27871189423
2026-04-28 06:00:00+00:00,21571.27871189423
2026-04-28 08:00:00+00:00,21571.27871189423
2026-04-28 10:00:00+00:00,21571.27871189423
2026-04-28 12:00:00+00:00,21571.27871189423
2026-04-28 14:00:00+00:00,21571.27871189423
2026-04-28 16:00:00+00:00,21571.27871189423
2026-04-28 18:00:00+00:00,21571.27871189423
2026-04-28 20:00:00+00:00,21571.27871189423
2026-04-28 22:00:00+00:00,21571.27871189423
2026-04-29 00:00:00+00:00,21571.27871189423
2026-04-29 02:00:00+00:00,21571.27871189423
2026-04-29 04:00:00+00:00,21571.27871189423
2026-04-29 06:00:00+00:00,21571.27871189423
2026-04-29 08:00:00+00:00,21571.27871189423
2026-04-29 10:00:00+00:00,21571.27871189423
2026-04-29 12:00:00+00:00,21571.27871189423
2026-04-29 14:00:00+00:00,21571.27871189423
2026-04-29 16:00:00+00:00,21571.27871189423
2026-04-29 18:00:00+00:00,21571.27871189423
2026-04-29 20:00:00+00:00,21571.27871189423
2026-04-29 22:00:00+00:00,21571.27871189423
2026-04-30 00:00:00+00:00,21571.27871189423
2026-04-30 02:00:00+00:00,21571.27871189423
2026-04-30 04:00:00+00:00,21571.27871189423
2026-04-30 06:00:00+00:00,21571.27871189423
2026-04-30 08:00:00+00:00,21571.27871189423
2026-04-30 10:00:00+00:00,21571.27871189423
2026-04-30 12:00:00+00:00,21571.27871189423
2026-04-30 14:00:00+00:00,21571.27871189423
2026-04-30 16:00:00+00:00,21571.27871189423
2026-04-30 18:00:00+00:00,21571.27871189423
2026-04-30 20:00:00+00:00,21571.27871189423
2026-04-30 22:00:00+00:00,21571.27871189423
2026-05-01 00:00:00+00:00,21571.27871189423
2026-05-01 02:00:00+00:00,21571.27871189423
2026-05-01 04:00:00+00:00,21571.27871189423
2026-05-01 06:00:00+00:00,21571.27871189423
2026-05-01 08:00:00+00:00,21696.649600709025
2026-05-01 10:00:00+00:00,21655.43629077648
2026-05-01 12:00:00+00:00,21359.449792170042
2026-05-01 14:00:00+00:00,21449.36974111377
2026-05-01 16:00:00+00:00,21447.196793138894
2026-05-01 18:00:00+00:00,21469.676780374826
2026-05-01 20:00:00+00:00,21473.423444914148
2026-05-01 22:00:00+00:00,21488.410103071434
2026-05-02 00:00:00+00:00,21439.97456056712
2026-05-02 02:00:00+00:00,21432.481231488477
2026-05-02 04:00:00+00:00,21619.814458454577
2026-05-02 06:00:00+00:00,21548.627832207458
2026-05-02 08:00:00+00:00,21335.31788296686
2026-05-02 10:00:00+00:00,21462.70447730381
2026-05-02 12:00:00+00:00,21316.58456027025
2026-05-02 14:00:00+00:00,21233.28016755499
2026-05-02 16:00:00+00:00,21233.28016755499
2026-05-02 18:00:00+00:00,21233.28016755499
2026-05-02 20:00:00+00:00,21233.28016755499
2026-05-02 22:00:00+00:00,21233.28016755499
2026-05-03 00:00:00+00:00,21233.28016755499
2026-05-03 02:00:00+00:00,21233.28016755499
2026-05-03 04:00:00+00:00,21233.28016755499
2026-05-03 06:00:00+00:00,21233.28016755499
2026-05-03 08:00:00+00:00,21233.28016755499
2026-05-03 10:00:00+00:00,21233.28016755499
2026-05-03 12:00:00+00:00,21233.28016755499
2026-05-03 14:00:00+00:00,21233.28016755499
2026-05-03 16:00:00+00:00,21233.28016755499
2026-05-03 18:00:00+00:00,21233.28016755499
2026-05-03 20:00:00+00:00,21233.28016755499
2026-05-03 22:00:00+00:00,21233.28016755499
2026-05-04 00:00:00+00:00,21233.28016755499
2026-05-04 02:00:00+00:00,21233.28016755499
2026-05-04 04:00:00+00:00,21233.28016755499
2026-05-04 06:00:00+00:00,21233.28016755499
2026-05-04 08:00:00+00:00,21233.28016755499
2026-05-04 10:00:00+00:00,21233.28016755499
2026-05-04 12:00:00+00:00,21233.28016755499
2026-05-04 14:00:00+00:00,21233.28016755499
2026-05-04 16:00:00+00:00,21233.28016755499
2026-05-04 18:00:00+00:00,21233.28016755499
2026-05-04 20:00:00+00:00,21233.28016755499
2026-05-04 22:00:00+00:00,21233.28016755499
2026-05-05 00:00:00+00:00,21233.28016755499
2026-05-05 02:00:00+00:00,21233.28016755499
2026-05-05 04:00:00+00:00,21233.28016755499
2026-05-05 06:00:00+00:00,21233.28016755499
2026-05-05 08:00:00+00:00,21233.28016755499
2026-05-05 10:00:00+00:00,21233.28016755499
2026-05-05 12:00:00+00:00,21233.28016755499
2026-05-05 14:00:00+00:00,21233.28016755499
2026-05-05 16:00:00+00:00,21233.28016755499
2026-05-05 18:00:00+00:00,21233.28016755499
2026-05-05 20:00:00+00:00,21233.28016755499
2026-05-05 22:00:00+00:00,21233.28016755499
2026-05-06 00:00:00+00:00,21233.28016755499
2026-05-06 02:00:00+00:00,21233.28016755499
2026-05-06 04:00:00+00:00,21233.28016755499
2026-05-06 06:00:00+00:00,21233.28016755499
2026-05-06 08:00:00+00:00,21233.28016755499
2026-05-06 10:00:00+00:00,21233.28016755499
2026-05-06 12:00:00+00:00,21233.28016755499
2026-05-06 14:00:00+00:00,21233.28016755499
2026-05-06 16:00:00+00:00,21233.28016755499
2026-05-06 18:00:00+00:00,21233.28016755499
2026-05-06 20:00:00+00:00,21233.28016755499
2026-05-06 22:00:00+00:00,21233.28016755499
2026-05-07 00:00:00+00:00,21233.28016755499
2026-05-07 02:00:00+00:00,21233.28016755499
2026-05-07 04:00:00+00:00,21233.28016755499
2026-05-07 06:00:00+00:00,21233.28016755499
2026-05-07 08:00:00+00:00,21233.28016755499
2026-05-07 10:00:00+00:00,21233.28016755499
2026-05-07 12:00:00+00:00,21233.28016755499
2026-05-07 14:00:00+00:00,21233.28016755499
2026-05-07 16:00:00+00:00,21233.28016755499
2026-05-07 18:00:00+00:00,21233.28016755499
2026-05-07 20:00:00+00:00,21233.28016755499
2026-05-07 22:00:00+00:00,21233.28016755499
2026-05-08 00:00:00+00:00,21233.28016755499
2026-05-08 02:00:00+00:00,21233.28016755499
2026-05-08 04:00:00+00:00,21233.28016755499
2026-05-08 06:00:00+00:00,21233.28016755499
2026-05-08 08:00:00+00:00,21233.28016755499
2026-05-08 10:00:00+00:00,21233.28016755499
2026-05-08 12:00:00+00:00,21233.28016755499
2026-05-08 14:00:00+00:00,21233.28016755499
2026-05-08 16:00:00+00:00,21233.28016755499
2026-05-08 18:00:00+00:00,21233.28016755499
2026-05-08 20:00:00+00:00,21233.28016755499
2026-05-08 22:00:00+00:00,21233.28016755499
2026-05-09 00:00:00+00:00,21233.28016755499
2026-05-09 02:00:00+00:00,21233.28016755499
2026-05-09 04:00:00+00:00,21233.28016755499
2026-05-09 06:00:00+00:00,21233.28016755499
2026-05-09 08:00:00+00:00,21233.28016755499
2026-05-09 10:00:00+00:00,21233.28016755499
2026-05-09 12:00:00+00:00,21233.28016755499
2026-05-09 14:00:00+00:00,21233.28016755499
2026-05-09 16:00:00+00:00,21233.28016755499
2026-05-09 18:00:00+00:00,21233.28016755499
2026-05-09 20:00:00+00:00,21233.28016755499
2026-05-09 22:00:00+00:00,21233.28016755499
2026-05-10 00:00:00+00:00,21233.28016755499
2026-05-10 02:00:00+00:00,21233.28016755499
2026-05-10 04:00:00+00:00,21233.28016755499
2026-05-10 06:00:00+00:00,21233.28016755499
2026-05-10 08:00:00+00:00,21233.28016755499
2026-05-10 10:00:00+00:00,21233.28016755499
2026-05-10 12:00:00+00:00,21233.28016755499
2026-05-10 14:00:00+00:00,21233.28016755499
2026-05-10 16:00:00+00:00,21233.28016755499
2026-05-10 18:00:00+00:00,21233.28016755499
2026-05-10 20:00:00+00:00,21233.28016755499
2026-05-10 22:00:00+00:00,21233.28016755499
2026-05-11 00:00:00+00:00,21233.28016755499
2026-05-11 02:00:00+00:00,21233.28016755499
2026-05-11 04:00:00+00:00,21233.28016755499
2026-05-11 06:00:00+00:00,21233.28016755499
2026-05-11 08:00:00+00:00,21233.28016755499
2026-05-11 10:00:00+00:00,21233.28016755499
2026-05-11 12:00:00+00:00,21233.28016755499
2026-05-11 14:00:00+00:00,21233.28016755499
2026-05-11 16:00:00+00:00,21233.28016755499
2026-05-11 18:00:00+00:00,21233.28016755499
2026-05-11 20:00:00+00:00,21233.28016755499
2026-05-11 22:00:00+00:00,21233.28016755499
2026-05-12 00:00:00+00:00,21233.28016755499
2026-05-12 02:00:00+00:00,21233.28016755499
2026-05-12 04:00:00+00:00,21233.28016755499
2026-05-12 06:00:00+00:00,21233.28016755499
2026-05-12 08:00:00+00:00,21233.28016755499
2026-05-12 10:00:00+00:00,21233.28016755499
2026-05-12 12:00:00+00:00,21233.28016755499
2026-05-12 14:00:00+00:00,21233.28016755499
2026-05-12 16:00:00+00:00,21233.28016755499
2026-05-12 18:00:00+00:00,21233.28016755499
2026-05-12 20:00:00+00:00,21233.28016755499
2026-05-12 22:00:00+00:00,21233.28016755499
2026-05-13 00:00:00+00:00,21233.28016755499
2026-05-13 02:00:00+00:00,21233.28016755499
2026-05-13 04:00:00+00:00,21233.28016755499
2026-05-13 06:00:00+00:00,21233.28016755499
2026-05-13 08:00:00+00:00,21233.28016755499
2026-05-13 10:00:00+00:00,21233.28016755499
2026-05-13 12:00:00+00:00,21233.28016755499
2026-05-13 14:00:00+00:00,21233.28016755499
2026-05-13 16:00:00+00:00,21233.28016755499
2026-05-13 18:00:00+00:00,21233.28016755499
2026-05-13 20:00:00+00:00,21233.28016755499
2026-05-13 22:00:00+00:00,21233.28016755499
2026-05-14 00:00:00+00:00,21233.28016755499
2026-05-14 02:00:00+00:00,21233.28016755499
2026-05-14 04:00:00+00:00,21233.28016755499
2026-05-14 06:00:00+00:00,21233.28016755499
2026-05-14 08:00:00+00:00,21233.28016755499
2026-05-14 10:00:00+00:00,21233.28016755499
2026-05-14 12:00:00+00:00,21233.28016755499
2026-05-14 14:00:00+00:00,21233.28016755499
2026-05-14 16:00:00+00:00,21233.28016755499
2026-05-14 18:00:00+00:00,21233.28016755499
2026-05-14 20:00:00+00:00,21233.28016755499
2026-05-14 22:00:00+00:00,21233.28016755499
2026-05-15 00:00:00+00:00,21233.28016755499
2026-05-15 02:00:00+00:00,21233.28016755499
2026-05-15 04:00:00+00:00,21233.28016755499
2026-05-15 06:00:00+00:00,21233.28016755499
2026-05-15 08:00:00+00:00,21233.28016755499
2026-05-15 10:00:00+00:00,21233.28016755499
2026-05-15 12:00:00+00:00,21233.28016755499
2026-05-15 14:00:00+00:00,21233.28016755499
2026-05-15 16:00:00+00:00,21233.28016755499
2026-05-15 18:00:00+00:00,21233.28016755499
2026-05-15 20:00:00+00:00,21233.28016755499
2026-05-15 22:00:00+00:00,21233.28016755499
2026-05-16 00:00:00+00:00,21233.28016755499
2026-05-16 02:00:00+00:00,21233.28016755499
2026-05-16 04:00:00+00:00,21233.28016755499
2026-05-16 06:00:00+00:00,21233.28016755499
2026-05-16 08:00:00+00:00,21233.28016755499
2026-05-16 10:00:00+00:00,21233.28016755499
2026-05-16 12:00:00+00:00,21233.28016755499
2026-05-16 14:00:00+00:00,21233.28016755499
2026-05-16 16:00:00+00:00,21233.28016755499
2026-05-16 18:00:00+00:00,21233.28016755499
2026-05-16 20:00:00+00:00,21233.28016755499
2026-05-16 22:00:00+00:00,21233.28016755499
2026-05-17 00:00:00+00:00,21233.28016755499
2026-05-17 02:00:00+00:00,21233.28016755499
2026-05-17 04:00:00+00:00,21233.28016755499
2026-05-17 06:00:00+00:00,21233.28016755499
2026-05-17 08:00:00+00:00,21233.28016755499
2026-05-17 10:00:00+00:00,21233.28016755499
2026-05-17 12:00:00+00:00,21233.28016755499
2026-05-17 14:00:00+00:00,21233.28016755499
2026-05-17 16:00:00+00:00,21233.28016755499
2026-05-17 18:00:00+00:00,21233.28016755499
2026-05-17 20:00:00+00:00,21233.28016755499
2026-05-17 22:00:00+00:00,21233.28016755499
2026-05-18 00:00:00+00:00,21233.28016755499
2026-05-18 02:00:00+00:00,21233.28016755499
2026-05-18 04:00:00+00:00,21233.28016755499
2026-05-18 06:00:00+00:00,21233.28016755499
2026-05-18 08:00:00+00:00,21233.28016755499
2026-05-18 10:00:00+00:00,21233.28016755499
2026-05-18 12:00:00+00:00,21233.28016755499
2026-05-18 14:00:00+00:00,21233.28016755499
2026-05-18 16:00:00+00:00,21233.28016755499
2026-05-18 18:00:00+00:00,21233.28016755499
2026-05-18 20:00:00+00:00,21233.28016755499
2026-05-18 22:00:00+00:00,21233.28016755499
2026-05-19 00:00:00+00:00,21233.28016755499
2026-05-19 02:00:00+00:00,21233.28016755499
2026-05-19 04:00:00+00:00,21233.28016755499
2026-05-19 06:00:00+00:00,21233.28016755499
2026-05-19 08:00:00+00:00,21233.28016755499
2026-05-19 10:00:00+00:00,21233.28016755499
2026-05-19 12:00:00+00:00,21233.28016755499
2026-05-19 14:00:00+00:00,21233.28016755499
2026-05-19 16:00:00+00:00,21233.28016755499
2026-05-19 18:00:00+00:00,21233.28016755499
2026-05-19 20:00:00+00:00,21233.28016755499
2026-05-19 22:00:00+00:00,21233.28016755499
2026-05-20 00:00:00+00:00,21233.28016755499
2026-05-20 02:00:00+00:00,21233.28016755499
2026-05-20 04:00:00+00:00,21233.28016755499
2026-05-20 06:00:00+00:00,21233.28016755499
2026-05-20 08:00:00+00:00,21233.28016755499
2026-05-20 10:00:00+00:00,21233.28016755499
2026-05-20 12:00:00+00:00,21233.28016755499
2026-05-20 14:00:00+00:00,21233.28016755499
2026-05-20 16:00:00+00:00,21233.28016755499
2026-05-20 18:00:00+00:00,21233.28016755499
2026-05-20 20:00:00+00:00,21233.28016755499
2026-05-20 22:00:00+00:00,21233.28016755499
2026-05-21 00:00:00+00:00,21233.28016755499
2026-05-21 02:00:00+00:00,21233.28016755499
2026-05-21 04:00:00+00:00,21233.28016755499
2026-05-21 06:00:00+00:00,21233.28016755499
2026-05-21 08:00:00+00:00,21233.28016755499
2026-05-21 10:00:00+00:00,21233.28016755499
2026-05-21 12:00:00+00:00,21233.28016755499
2026-05-21 14:00:00+00:00,21233.28016755499
2026-05-21 16:00:00+00:00,21233.28016755499
2026-05-21 18:00:00+00:00,21233.28016755499
2026-05-21 20:00:00+00:00,21233.28016755499
2026-05-21 22:00:00+00:00,21233.28016755499
2026-05-22 00:00:00+00:00,21233.28016755499
2026-05-22 02:00:00+00:00,21233.28016755499
2026-05-22 04:00:00+00:00,21233.28016755499
2026-05-22 06:00:00+00:00,21233.28016755499
2026-05-22 08:00:00+00:00,21233.28016755499
2026-05-22 10:00:00+00:00,21233.28016755499
2026-05-22 12:00:00+00:00,21233.28016755499
2026-05-22 14:00:00+00:00,21233.28016755499
2026-05-22 16:00:00+00:00,21233.28016755499
2026-05-22 18:00:00+00:00,21233.28016755499
2026-05-22 20:00:00+00:00,21233.28016755499
2026-05-22 22:00:00+00:00,21233.28016755499
2026-05-23 00:00:00+00:00,21233.28016755499
2026-05-23 02:00:00+00:00,21233.28016755499
2026-05-23 04:00:00+00:00,21233.28016755499
2026-05-23 06:00:00+00:00,21233.28016755499
2026-05-23 08:00:00+00:00,21233.28016755499
2026-05-23 10:00:00+00:00,21233.28016755499
2026-05-23 12:00:00+00:00,21233.28016755499
2026-05-23 14:00:00+00:00,21233.28016755499
2026-05-23 16:00:00+00:00,21233.28016755499
2026-05-23 18:00:00+00:00,21233.28016755499
2026-05-23 20:00:00+00:00,21233.28016755499
2026-05-23 22:00:00+00:00,21233.28016755499
2026-05-24 00:00:00+00:00,21233.28016755499
2026-05-24 02:00:00+00:00,21233.28016755499
2026-05-24 04:00:00+00:00,21233.28016755499
2026-05-24 06:00:00+00:00,21233.28016755499
2026-05-24 08:00:00+00:00,21233.28016755499
2026-05-24 10:00:00+00:00,21233.28016755499
2026-05-24 12:00:00+00:00,21233.28016755499
2026-05-24 14:00:00+00:00,21233.28016755499
2026-05-24 16:00:00+00:00,21233.28016755499
2026-05-24 18:00:00+00:00,21233.28016755499
2026-05-24 20:00:00+00:00,21233.28016755499
2026-05-24 22:00:00+00:00,21233.28016755499
2026-05-25 00:00:00+00:00,21233.28016755499
2026-05-25 02:00:00+00:00,21233.28016755499
2026-05-25 04:00:00+00:00,21233.28016755499
2026-05-25 06:00:00+00:00,21233.28016755499
2026-05-25 08:00:00+00:00,21233.28016755499
2026-05-25 10:00:00+00:00,21233.28016755499
2026-05-25 12:00:00+00:00,21233.28016755499
2026-05-25 14:00:00+00:00,21233.28016755499
2026-05-25 16:00:00+00:00,21233.28016755499
2026-05-25 18:00:00+00:00,21233.28016755499
2026-05-25 20:00:00+00:00,21233.28016755499
2026-05-25 22:00:00+00:00,21233.28016755499
2026-05-26 00:00:00+00:00,21233.28016755499
2026-05-26 02:00:00+00:00,21233.28016755499
2026-05-26 04:00:00+00:00,21233.28016755499
2026-05-26 06:00:00+00:00,21233.28016755499
2026-05-26 08:00:00+00:00,21233.28016755499
2026-05-26 10:00:00+00:00,21233.28016755499
2026-05-26 12:00:00+00:00,21233.28016755499
2026-05-26 14:00:00+00:00,21233.28016755499
2026-05-26 16:00:00+00:00,21233.28016755499
2026-05-26 18:00:00+00:00,21233.28016755499
2026-05-26 20:00:00+00:00,21233.28016755499
2026-05-26 22:00:00+00:00,21233.28016755499
2026-05-27 00:00:00+00:00,21233.28016755499
2026-05-27 02:00:00+00:00,21233.28016755499
2026-05-27 04:00:00+00:00,21233.28016755499
2026-05-27 06:00:00+00:00,21233.28016755499
2026-05-27 08:00:00+00:00,21233.28016755499
2026-05-27 10:00:00+00:00,21233.28016755499
2026-05-27 12:00:00+00:00,21233.28016755499
2026-05-27 14:00:00+00:00,21233.28016755499
2026-05-27 16:00:00+00:00,21233.28016755499
2026-05-27 18:00:00+00:00,21233.28016755499
2026-05-27 20:00:00+00:00,21233.28016755499
2026-05-27 22:00:00+00:00,21233.28016755499
2026-05-28 00:00:00+00:00,21233.28016755499
2026-05-28 02:00:00+00:00,21233.28016755499
2026-05-28 04:00:00+00:00,21233.28016755499
2026-05-28 06:00:00+00:00,21233.28016755499
2026-05-28 08:00:00+00:00,21233.28016755499
2026-05-28 10:00:00+00:00,21233.28016755499
2026-05-28 12:00:00+00:00,21233.28016755499
2026-05-28 14:00:00+00:00,21233.28016755499
2026-05-28 16:00:00+00:00,21233.28016755499
2026-05-28 18:00:00+00:00,21233.28016755499
2026-05-28 20:00:00+00:00,21233.28016755499
2026-05-28 22:00:00+00:00,21233.28016755499
2026-05-29 00:00:00+00:00,21233.28016755499
2026-05-29 02:00:00+00:00,21233.28016755499
2026-05-29 04:00:00+00:00,21233.28016755499
2026-05-29 06:00:00+00:00,21233.28016755499
2026-05-29 08:00:00+00:00,21233.28016755499
2026-05-29 10:00:00+00:00,21233.28016755499
2026-05-29 12:00:00+00:00,21233.28016755499
2026-05-29 14:00:00+00:00,21233.28016755499
2026-05-29 16:00:00+00:00,21233.28016755499
2026-05-29 18:00:00+00:00,21233.28016755499
2026-05-29 20:00:00+00:00,21233.28016755499
2026-05-29 22:00:00+00:00,21233.28016755499
2026-05-30 00:00:00+00:00,21233.28016755499
2026-05-30 02:00:00+00:00,21233.28016755499
2026-05-30 04:00:00+00:00,21233.28016755499
2026-05-30 06:00:00+00:00,21233.28016755499
2026-05-30 08:00:00+00:00,21233.28016755499
2026-05-30 10:00:00+00:00,21233.28016755499
2026-05-30 12:00:00+00:00,21233.28016755499
2026-05-30 14:00:00+00:00,21233.28016755499
2026-05-30 16:00:00+00:00,21233.28016755499
2026-05-30 18:00:00+00:00,21233.28016755499
2026-05-30 20:00:00+00:00,21233.28016755499
2026-05-30 22:00:00+00:00,21233.28016755499
2026-05-31 00:00:00+00:00,21233.28016755499
2026-05-31 02:00:00+00:00,21233.28016755499
2026-05-31 04:00:00+00:00,21233.28016755499
2026-05-31 06:00:00+00:00,21233.28016755499
2026-05-31 08:00:00+00:00,21233.28016755499
2026-05-31 10:00:00+00:00,21233.28016755499
2026-05-31 12:00:00+00:00,21233.28016755499
2026-05-31 14:00:00+00:00,21233.28016755499
2026-05-31 16:00:00+00:00,21233.28016755499
2026-05-31 18:00:00+00:00,21233.28016755499
2026-05-31 20:00:00+00:00,21233.28016755499
2026-05-31 22:00:00+00:00,21233.28016755499
2026-06-01 00:00:00+00:00,21233.28016755499
2026-06-01 02:00:00+00:00,21233.28016755499
2026-06-01 04:00:00+00:00,21233.28016755499
2026-06-01 06:00:00+00:00,21233.28016755499
2026-06-01 08:00:00+00:00,21233.28016755499
2026-06-01 10:00:00+00:00,21233.28016755499
2026-06-01 12:00:00+00:00,21233.28016755499
2026-06-01 14:00:00+00:00,21233.28016755499
2026-06-01 16:00:00+00:00,21233.28016755499
2026-06-01 18:00:00+00:00,21233.28016755499
2026-06-01 20:00:00+00:00,21233.28016755499
2026-06-01 22:00:00+00:00,21233.28016755499
2026-06-02 00:00:00+00:00,21233.28016755499
2026-06-02 02:00:00+00:00,21233.28016755499
2026-06-02 04:00:00+00:00,21233.28016755499
2026-06-02 06:00:00+00:00,21233.28016755499
2026-06-02 08:00:00+00:00,21233.28016755499
2026-06-02 10:00:00+00:00,21233.28016755499
2026-06-02 12:00:00+00:00,21233.28016755499
2026-06-02 14:00:00+00:00,21233.28016755499
2026-06-02 16:00:00+00:00,21233.28016755499
2026-06-02 18:00:00+00:00,21233.28016755499
2026-06-02 20:00:00+00:00,21233.28016755499
2026-06-02 22:00:00+00:00,21233.28016755499
2026-06-03 00:00:00+00:00,21233.28016755499
2026-06-03 02:00:00+00:00,21233.28016755499
2026-06-03 04:00:00+00:00,21233.28016755499
2026-06-03 06:00:00+00:00,21233.28016755499
2026-06-03 08:00:00+00:00,21233.28016755499
2026-06-03 10:00:00+00:00,21233.28016755499
2026-06-03 12:00:00+00:00,21233.28016755499
2026-06-03 14:00:00+00:00,21233.28016755499
2026-06-03 16:00:00+00:00,21233.28016755499
2026-06-03 18:00:00+00:00,21233.28016755499
2026-06-03 20:00:00+00:00,21233.28016755499
2026-06-03 22:00:00+00:00,21233.28016755499
2026-06-04 00:00:00+00:00,21233.28016755499
2026-06-04 02:00:00+00:00,20917.230933485902
2026-06-04 04:00:00+00:00,21536.399044267626
2026-06-04 06:00:00+00:00,21901.062471476496
2026-06-04 08:00:00+00:00,22220.94608556763
2026-06-04 10:00:00+00:00,22194.356044000317
2026-06-04 12:00:00+00:00,21886.671277292833
2026-06-04 14:00:00+00:00,22015.822907762642
2026-06-04 16:00:00+00:00,22298.798014547203
2026-06-04 18:00:00+00:00,22431.748222383772
2026-06-04 20:00:00+00:00,22853.390310094026
2026-06-04 22:00:00+00:00,22614.079935988208
2026-06-05 00:00:00+00:00,22529.273244887914
2026-06-05 02:00:00+00:00,22988.90110626576
2026-06-05 04:00:00+00:00,23121.851314102325
2026-06-05 06:00:00+00:00,23163.635665136673
2026-06-05 08:00:00+00:00,23518.086505264895
2026-06-05 10:00:00+00:00,23768.79261147099
2026-06-05 12:00:00+00:00,24361.370680685402
2026-06-05 14:00:00+00:00,24543.702394289838
2026-06-05 16:00:00+00:00,24396.34519869657
2026-06-05 18:00:00+00:00,24631.85699543563
2026-06-05 20:00:00+00:00,24092.459009355847
2026-06-05 22:00:00+00:00,24517.89967443286
2026-06-06 00:00:00+00:00,24346.02992664041
2026-06-06 02:00:00+00:00,24577.74314601271
2026-06-06 04:00:00+00:00,24763.873436983904
2026-06-06 06:00:00+00:00,24467.5844023767
2026-06-06 08:00:00+00:00,24240.79259059172
2026-06-06 10:00:00+00:00,24575.06739886652
2026-06-06 12:00:00+00:00,24388.937107895326
2026-06-06 14:00:00+00:00,24426.922881562918
2026-06-06 16:00:00+00:00,24525.14451840888
2026-06-06 18:00:00+00:00,24684.684767812763
2026-06-06 20:00:00+00:00,24661.893303612207
2026-06-06 22:00:00+00:00,24551.734559976194
2026-06-07 00:00:00+00:00,24071.530015253877
2026-06-07 02:00:00+00:00,23949.975539517585
2026-06-07 04:00:00+00:00,23608.10357650927
2026-06-07 06:00:00+00:00,23486.549100772983
2026-06-07 08:00:00+00:00,23267.19900498603
2026-06-07 10:00:00+00:00,23373.55917125528
2026-06-07 12:00:00+00:00,23662.251051128973
2026-06-07 14:00:00+00:00,23563.488039593234
2026-06-07 16:00:00+00:00,23621.916896802748
2026-06-07 18:00:00+00:00,24149.919150782254
2026-06-07 20:00:00+00:00,23861.227270908566
2026-06-07 22:00:00+00:00,23481.36953423266
2026-06-08 00:00:00+00:00,23627.009579736485
2026-06-08 02:00:00+00:00,23513.05225873371
2026-06-08 04:00:00+00:00,23786.54982914036
2026-06-08 06:00:00+00:00,23399.09493773094
2026-06-08 08:00:00+00:00,23296.618116057645
2026-06-08 10:00:00+00:00,23247.236610289776
2026-06-08 12:00:00+00:00,23330.805312358476
2026-06-08 14:00:00+00:00,23353.59677655903
2026-06-08 16:00:00+00:00,23228.509386536538
2026-06-08 18:00:00+00:00,23388.049635940417
2026-06-08 20:00:00+00:00,23357.661017006343
2026-06-08 22:00:00+00:00,23596.971391112165
2026-06-09 00:00:00+00:00,23962.19991015032
2026-06-09 02:00:00+00:00,24064.761499052816
2026-06-09 04:00:00+00:00,23711.493803944224
2026-06-09 06:00:00+00:00,23783.666773912646
2026-06-09 08:00:00+00:00,24113.114167054307
2026-06-09 10:00:00+00:00,24147.301363355138
2026-06-09 12:00:00+00:00,24021.948310252094
2026-06-09 14:00:00+00:00,24519.561945297526
2026-06-09 16:00:00+00:00,24225.574387047425
2026-06-09 18:00:00+00:00,23993.86116767512
2026-06-09 20:00:00+00:00,24047.041250809747
2026-06-09 22:00:00+00:00,23978.666858208086
2026-06-10 00:00:00+00:00,24000.45642137999
2026-06-10 02:00:00+00:00,24296.745455987195
2026-06-10 04:00:00+00:00,24349.92553912182
2026-06-10 06:00:00+00:00,24232.169640752294
2026-06-10 08:00:00+00:00,24330.26808699928
2026-06-10 10:00:00+00:00,24535.391264804268
2026-06-10 12:00:00+00:00,23984.59754662421
2026-06-10 14:00:00+00:00,24011.187588191522
2026-06-10 16:00:00+00:00,24382.265963248934
2026-06-10 18:00:00+00:00,24598.7848731542
2026-06-10 20:00:00+00:00,24876.08102092761
2026-06-10 22:00:00+00:00,24644.36780155531
2026-06-11 00:00:00+00:00,24352.66273194155
2026-06-11 02:00:00+00:00,24056.373697334344
2026-06-11 04:00:00+00:00,24079.1651615349
2026-06-11 06:00:00+00:00,23938.617798964813
2026-06-11 08:00:00+00:00,23986.823557366504
2026-06-11 10:00:00+00:00,23804.49184376207
2026-06-11 12:00:00+00:00,23918.44916476484
2026-06-11 14:00:00+00:00,23724.72171906013
2026-06-11 16:00:00+00:00,23356.593537831854
2026-06-11 18:00:00+00:00,23459.155126734353
2026-06-11 20:00:00+00:00,23489.543745668423
2026-06-11 22:00:00+00:00,23489.543745668423
2026-06-12 00:00:00+00:00,23424.062735980573
2026-06-12 02:00:00+00:00,23249.328177109655
2026-06-12 04:00:00+00:00,23439.257045447608
2026-06-12 06:00:00+00:00,23465.84708701492
2026-06-12 08:00:00+00:00,23079.457123536045
2026-06-12 10:00:00+00:00,23079.457123536045
2026-06-12 12:00:00+00:00,23079.457123536045
2026-06-12 14:00:00+00:00,23079.457123536045
2026-06-12 16:00:00+00:00,23079.457123536045
2026-06-12 18:00:00+00:00,23079.457123536045
2026-06-12 20:00:00+00:00,23079.457123536045
2026-06-12 22:00:00+00:00,23079.457123536045
2026-06-13 00:00:00+00:00,23079.457123536045
2026-06-13 02:00:00+00:00,23079.457123536045
2026-06-13 04:00:00+00:00,23079.457123536045
2026-06-13 06:00:00+00:00,23079.457123536045
2026-06-13 08:00:00+00:00,23079.457123536045
2026-06-13 10:00:00+00:00,23079.457123536045
2026-06-13 12:00:00+00:00,23079.457123536045
2026-06-13 14:00:00+00:00,23079.457123536045
2026-06-13 16:00:00+00:00,23079.457123536045
2026-06-13 18:00:00+00:00,23079.457123536045
2026-06-13 20:00:00+00:00,23079.457123536045
2026-06-13 22:00:00+00:00,23079.457123536045
2026-06-14 00:00:00+00:00,23079.457123536045
2026-06-14 02:00:00+00:00,23079.457123536045
2026-06-14 04:00:00+00:00,23079.457123536045
2026-06-14 06:00:00+00:00,23079.457123536045
2026-06-14 08:00:00+00:00,23079.457123536045
2026-06-14 10:00:00+00:00,23079.457123536045
2026-06-14 12:00:00+00:00,23079.457123536045
2026-06-14 14:00:00+00:00,23079.457123536045
2026-06-14 16:00:00+00:00,23079.457123536045
2026-06-14 18:00:00+00:00,23079.457123536045
2026-06-14 20:00:00+00:00,23079.457123536045
2026-06-14 22:00:00+00:00,23079.457123536045
2026-06-15 00:00:00+00:00,23079.457123536045
2026-06-15 02:00:00+00:00,23079.457123536045
2026-06-15 04:00:00+00:00,23079.457123536045
2026-06-15 06:00:00+00:00,23079.457123536045
2026-06-15 08:00:00+00:00,23079.457123536045
2026-06-15 10:00:00+00:00,23079.457123536045
2026-06-15 12:00:00+00:00,23079.457123536045
2026-06-15 14:00:00+00:00,23079.457123536045
2026-06-15 16:00:00+00:00,23079.457123536045
2026-06-15 18:00:00+00:00,23079.457123536045
2026-06-15 20:00:00+00:00,23079.457123536045
2026-06-15 22:00:00+00:00,23079.457123536045
2026-06-16 00:00:00+00:00,23079.457123536045
2026-06-16 02:00:00+00:00,23079.457123536045
2026-06-16 04:00:00+00:00,23079.457123536045
2026-06-16 06:00:00+00:00,23079.457123536045
2026-06-16 08:00:00+00:00,23079.457123536045
2026-06-16 10:00:00+00:00,23079.457123536045
2026-06-16 12:00:00+00:00,23079.457123536045
2026-06-16 14:00:00+00:00,23079.457123536045
2026-06-16 16:00:00+00:00,23079.457123536045
2026-06-16 18:00:00+00:00,23079.457123536045
2026-06-16 20:00:00+00:00,23079.457123536045
2026-06-16 22:00:00+00:00,23079.457123536045
2026-06-17 00:00:00+00:00,23079.457123536045
2026-06-17 02:00:00+00:00,23079.457123536045
2026-06-17 04:00:00+00:00,23079.457123536045
2026-06-17 06:00:00+00:00,23079.457123536045
2026-06-17 08:00:00+00:00,23079.457123536045
2026-06-17 10:00:00+00:00,23079.457123536045
2026-06-17 12:00:00+00:00,23079.457123536045
2026-06-17 14:00:00+00:00,23079.457123536045
2026-06-17 16:00:00+00:00,23079.457123536045
2026-06-17 18:00:00+00:00,23079.457123536045
2026-06-17 20:00:00+00:00,23079.457123536045
2026-06-17 22:00:00+00:00,23079.457123536045
2026-06-18 00:00:00+00:00,23079.457123536045
2026-06-18 02:00:00+00:00,23079.457123536045
2026-06-18 04:00:00+00:00,23079.457123536045
2026-06-18 06:00:00+00:00,23079.457123536045
2026-06-18 08:00:00+00:00,23079.457123536045
2026-06-18 10:00:00+00:00,23079.457123536045
2026-06-18 12:00:00+00:00,23079.457123536045
2026-06-18 14:00:00+00:00,23079.457123536045
2026-06-18 16:00:00+00:00,23079.457123536045
2026-06-18 18:00:00+00:00,23079.457123536045
2026-06-18 20:00:00+00:00,23079.457123536045
2026-06-18 22:00:00+00:00,23079.457123536045
2026-06-19 00:00:00+00:00,23079.457123536045
2026-06-19 02:00:00+00:00,23079.457123536045
2026-06-19 04:00:00+00:00,23079.457123536045
2026-06-19 06:00:00+00:00,23079.457123536045
2026-06-19 08:00:00+00:00,23079.457123536045
2026-06-19 10:00:00+00:00,23079.457123536045
2026-06-19 12:00:00+00:00,23079.457123536045
2026-06-19 14:00:00+00:00,23079.457123536045
2026-06-19 16:00:00+00:00,23079.457123536045
2026-06-19 18:00:00+00:00,23079.457123536045
2026-06-19 20:00:00+00:00,23079.457123536045
2026-06-19 22:00:00+00:00,23079.457123536045
2026-06-20 00:00:00+00:00,23079.457123536045
2026-06-20 02:00:00+00:00,23079.457123536045
2026-06-20 04:00:00+00:00,23079.457123536045
2026-06-20 06:00:00+00:00,23079.457123536045
2026-06-20 08:00:00+00:00,23079.457123536045
2026-06-20 10:00:00+00:00,23079.457123536045
2026-06-20 12:00:00+00:00,23079.457123536045
2026-06-20 14:00:00+00:00,23079.457123536045
2026-06-20 16:00:00+00:00,23079.457123536045
2026-06-20 18:00:00+00:00,23079.457123536045
2026-06-20 20:00:00+00:00,23079.457123536045
2026-06-20 22:00:00+00:00,23079.457123536045
2026-06-21 00:00:00+00:00,23079.457123536045
2026-06-21 02:00:00+00:00,23079.457123536045
2026-06-21 04:00:00+00:00,23079.457123536045
2026-06-21 06:00:00+00:00,23079.457123536045
2026-06-21 08:00:00+00:00,23079.457123536045
2026-06-21 10:00:00+00:00,23079.457123536045
2026-06-21 12:00:00+00:00,23079.457123536045
2026-06-21 14:00:00+00:00,23079.457123536045
2026-06-21 16:00:00+00:00,23079.457123536045
2026-06-21 18:00:00+00:00,23079.457123536045
2026-06-21 20:00:00+00:00,23079.457123536045
2026-06-21 22:00:00+00:00,23079.457123536045
2026-06-22 00:00:00+00:00,23079.457123536045
2026-06-22 02:00:00+00:00,23079.457123536045
2026-06-22 04:00:00+00:00,23079.457123536045
2026-06-22 06:00:00+00:00,23079.457123536045
2026-06-22 08:00:00+00:00,23079.457123536045
2026-06-22 10:00:00+00:00,23079.457123536045
2026-06-22 12:00:00+00:00,23079.457123536045
2026-06-22 14:00:00+00:00,23079.457123536045
2026-06-22 16:00:00+00:00,23079.457123536045
2026-06-22 18:00:00+00:00,23079.457123536045
2026-06-22 20:00:00+00:00,23079.457123536045
2026-06-22 22:00:00+00:00,23079.457123536045
2026-06-23 00:00:00+00:00,23079.457123536045
2026-06-23 02:00:00+00:00,23079.457123536045
2026-06-23 04:00:00+00:00,23079.457123536045
2026-06-23 06:00:00+00:00,23079.457123536045
2026-06-23 08:00:00+00:00,23079.457123536045
2026-06-23 10:00:00+00:00,23079.457123536045
2026-06-23 12:00:00+00:00,23102.848344634724
2026-06-23 14:00:00+00:00,23333.539583605685
2026-06-23 16:00:00+00:00,23485.723305255353
2026-06-23 18:00:00+00:00,23559.718608321506
2026-06-23 20:00:00+00:00,23381.25934798548
2026-06-23 22:00:00+00:00,23198.447422763213
2026-06-24 00:00:00+00:00,22903.02402208852
2026-06-24 02:00:00+00:00,23246.88454810184
2026-06-24 04:00:00+00:00,23277.353202305552
2026-06-24 06:00:00+00:00,23259.942542760575
2026-06-24 08:00:00+00:00,23205.08657267817
2026-06-24 10:00:00+00:00,22774.17274893996
2026-06-24 12:00:00+00:00,23409.661822331665
2026-06-24 14:00:00+00:00,23357.42984369673
2026-06-24 16:00:00+00:00,23798.240714458327
2026-06-24 18:00:00+00:00,22923.35507232317
2026-06-24 20:00:00+00:00,22475.4019733315
2026-06-24 22:00:00+00:00,22475.4019733315
2026-06-25 00:00:00+00:00,22475.4019733315
2026-06-25 02:00:00+00:00,22475.4019733315
2026-06-25 04:00:00+00:00,22475.4019733315
2026-06-25 06:00:00+00:00,22475.4019733315
2026-06-25 08:00:00+00:00,22475.4019733315
2026-06-25 10:00:00+00:00,22475.4019733315
2026-06-25 12:00:00+00:00,22475.4019733315
2026-06-25 14:00:00+00:00,22475.4019733315
2026-06-25 16:00:00+00:00,22475.4019733315
2026-06-25 18:00:00+00:00,22475.4019733315
2026-06-25 20:00:00+00:00,22475.4019733315
2026-06-25 22:00:00+00:00,22475.4019733315
2026-06-26 00:00:00+00:00,22475.4019733315
2026-06-26 02:00:00+00:00,22475.4019733315
2026-06-26 04:00:00+00:00,22475.4019733315
2026-06-26 06:00:00+00:00,22475.4019733315
2026-06-26 08:00:00+00:00,22475.4019733315
2026-06-26 10:00:00+00:00,22475.4019733315
2026-06-26 12:00:00+00:00,22475.4019733315
2026-06-26 14:00:00+00:00,22475.4019733315
2026-06-26 16:00:00+00:00,22475.4019733315
2026-06-26 18:00:00+00:00,22475.4019733315
2026-06-26 20:00:00+00:00,22475.4019733315
2026-06-26 22:00:00+00:00,22181.70590279999
2026-06-27 00:00:00+00:00,22572.832778422
2026-06-27 02:00:00+00:00,22538.535511551185
2026-06-27 04:00:00+00:00,22538.535511551185
2026-06-27 06:00:00+00:00,22602.842886933962
2026-06-27 08:00:00+00:00,22783.204354960566
2026-06-27 10:00:00+00:00,22933.254897520386
2026-06-27 12:00:00+00:00,22826.075938549086
2026-06-27 14:00:00+00:00,22873.23468049646
2026-06-27 16:00:00+00:00,23241.051289646257
2026-06-27 18:00:00+00:00,23425.399099076894
2026-06-27 20:00:00+00:00,23382.52751548837
2026-06-27 22:00:00+00:00,23361.09172369411
2026-06-28 00:00:00+00:00,23505.460540467593
2026-06-28 02:00:00+00:00,23402.568739855145
2026-06-28 04:00:00+00:00,23398.281581496292
2026-06-28 06:00:00+00:00,23393.994423137443
2026-06-28 08:00:00+00:00,23549.040233144813
2026-06-28 10:00:00+00:00,23484.732857762032
2026-06-28 12:00:00+00:00,23617.634766886447
2026-06-28 14:00:00+00:00,23639.070558680705
2026-06-28 16:00:00+00:00,23877.87444384144
2026-06-28 18:00:00+00:00,23835.00286025292
2026-06-28 20:00:00+00:00,23667.80368425769
2026-06-28 22:00:00+00:00,23680.665159334247
2026-06-29 00:00:00+00:00,23900.618415707595
2026-06-29 02:00:00+00:00,23484.764054898948
2026-06-29 04:00:00+00:00,23484.764054898948
2026-06-29 06:00:00+00:00,23519.061321769765
2026-06-29 08:00:00+00:00,23524.19433647282
2026-06-29 10:00:00+00:00,23605.650345291007
2026-06-29 12:00:00+00:00,23682.819195750344
2026-06-29 14:00:00+00:00,23725.690779338867
2026-06-29 16:00:00+00:00,23508.40796981342
2026-06-29 18:00:00+00:00,23709.904412679465
2026-06-29 20:00:00+00:00,23589.86397863161
2026-06-29 22:00:00+00:00,23581.289661913903
2026-06-30 00:00:00+00:00,23881.599718222755
2026-06-30 02:00:00+00:00,23847.302451351938
2026-06-30 04:00:00+00:00,23684.39043371556
2026-06-30 06:00:00+00:00,23560.062841308856
2026-06-30 08:00:00+00:00,23835.18936454588
2026-06-30 10:00:00+00:00,23925.219690081773
2026-06-30 12:00:00+00:00,24092.418866077
2026-06-30 14:00:00+00:00,24362.509842684678
2026-06-30 16:00:00+00:00,24473.160959464003
2026-06-30 18:00:00+00:00,24490.309592899408
2026-06-30 20:00:00+00:00,24533.18117648793
2026-06-30 22:00:00+00:00,24618.92434366497
2026-07-01 00:00:00+00:00,24658.52587517928
2026-07-01 02:00:00+00:00,24435.593640518975
2026-07-01 04:00:00+00:00,24701.397458767802
2026-07-01 06:00:00+00:00,24958.62696029892
2026-07-01 08:00:00+00:00,24585.593490132112
2026-07-01 10:00:00+00:00,24641.326548797188
2026-07-01 12:00:00+00:00,24358.374097112955
2026-07-01 14:00:00+00:00,24341.225463677547
2026-07-01 16:00:00+00:00,24253.564494857004
2026-07-01 18:00:00+00:00,24176.395644397668
2026-07-01 20:00:00+00:00,24279.287445010115
2026-07-01 22:00:00+00:00,24665.1316973068
2026-07-02 00:00:00+00:00,24646.82996026354
2026-07-02 02:00:00+00:00,24359.59035022046
2026-07-02 04:00:00+00:00,24569.661109804205
2026-07-02 06:00:00+00:00,24706.85017728747
2026-07-02 08:00:00+00:00,24346.121151411553
2026-07-02 10:00:00+00:00,24320.398201258442
2026-07-02 12:00:00+00:00,23913.118157167504
2026-07-02 14:00:00+00:00,24457.587268741707
2026-07-02 16:00:00+00:00,24427.83413764636
2026-07-02 18:00:00+00:00,24462.13140451718
2026-07-02 20:00:00+00:00,24517.864463182254
2026-07-02 22:00:00+00:00,24277.78359508654
2026-07-03 00:00:00+00:00,23989.016918485377
2026-07-03 02:00:00+00:00,24139.067461045197
2026-07-03 04:00:00+00:00,24053.324293868158
2026-07-03 06:00:00+00:00,23706.064466801145
2026-07-03 08:00:00+00:00,23769.892584137848
2026-07-03 10:00:00+00:00,23692.72373367851
2026-07-03 12:00:00+00:00,23508.375924247874
2026-07-03 14:00:00+00:00,23585.54477470721
2026-07-03 16:00:00+00:00,23510.314432866257
2026-07-03 18:00:00+00:00,23536.037383019368
2026-07-03 20:00:00+00:00,23226.583555714296
2026-07-03 22:00:00+00:00,23226.583555714296
2026-07-04 00:00:00+00:00,23226.583555714296
2026-07-04 02:00:00+00:00,23226.583555714296
2026-07-04 04:00:00+00:00,23226.583555714296
2026-07-04 06:00:00+00:00,23226.583555714296
2026-07-04 08:00:00+00:00,23226.583555714296
2026-07-04 10:00:00+00:00,23226.583555714296
2026-07-04 12:00:00+00:00,23226.583555714296
2026-07-04 14:00:00+00:00,23226.583555714296
2026-07-04 16:00:00+00:00,23226.583555714296
2026-07-04 18:00:00+00:00,23226.583555714296
2026-07-04 20:00:00+00:00,23226.583555714296
2026-07-04 22:00:00+00:00,23226.583555714296
2026-07-05 00:00:00+00:00,23226.583555714296
2026-07-05 02:00:00+00:00,23226.583555714296
2026-07-05 04:00:00+00:00,23226.583555714296
2026-07-05 06:00:00+00:00,23226.583555714296
2026-07-05 08:00:00+00:00,23226.583555714296
2026-07-05 10:00:00+00:00,23226.583555714296
2026-07-05 12:00:00+00:00,23226.583555714296
2026-07-05 14:00:00+00:00,23226.583555714296
2026-07-05 16:00:00+00:00,23226.583555714296
2026-07-05 18:00:00+00:00,23226.583555714296
2026-07-05 20:00:00+00:00,23226.583555714296
2026-07-05 22:00:00+00:00,23226.583555714296
2026-07-06 00:00:00+00:00,23226.583555714296
2026-07-06 02:00:00+00:00,23226.583555714296
2026-07-06 04:00:00+00:00,23226.583555714296
2026-07-06 06:00:00+00:00,23226.583555714296
2026-07-06 08:00:00+00:00,23226.583555714296
2026-07-06 10:00:00+00:00,23226.583555714296
2026-07-06 12:00:00+00:00,23226.583555714296
2026-07-06 14:00:00+00:00,23226.583555714296
2026-07-06 16:00:00+00:00,23226.583555714296
2026-07-06 18:00:00+00:00,23226.583555714296
2026-07-06 20:00:00+00:00,23226.583555714296
2026-07-06 22:00:00+00:00,23226.583555714296
2026-07-07 00:00:00+00:00,23226.583555714296
2026-07-07 02:00:00+00:00,23226.583555714296
2026-07-07 04:00:00+00:00,23226.583555714296
2026-07-07 06:00:00+00:00,23226.583555714296
2026-07-07 08:00:00+00:00,23226.583555714296
2026-07-07 10:00:00+00:00,23226.583555714296
2026-07-07 12:00:00+00:00,23226.583555714296
2026-07-07 14:00:00+00:00,23226.583555714296
2026-07-07 16:00:00+00:00,23226.583555714296
2026-07-07 18:00:00+00:00,23226.583555714296
2026-07-07 20:00:00+00:00,23226.583555714296
2026-07-07 22:00:00+00:00,23226.583555714296
2026-07-08 00:00:00+00:00,23226.583555714296
2026-07-08 02:00:00+00:00,23226.583555714296
2026-07-08 04:00:00+00:00,23226.583555714296
2026-07-08 06:00:00+00:00,23226.583555714296
2026-07-08 08:00:00+00:00,23226.583555714296
2026-07-08 10:00:00+00:00,23226.583555714296
2026-07-08 12:00:00+00:00,23226.583555714296
2026-07-08 14:00:00+00:00,23226.583555714296
2026-07-08 16:00:00+00:00,23226.583555714296
2026-07-08 18:00:00+00:00,23226.583555714296
2026-07-08 20:00:00+00:00,23226.583555714296
2026-07-08 22:00:00+00:00,23226.583555714296
2026-07-09 00:00:00+00:00,23226.583555714296
2026-07-09 02:00:00+00:00,23226.583555714296
2026-07-09 04:00:00+00:00,23226.583555714296
2026-07-09 06:00:00+00:00,23226.583555714296
2026-07-09 08:00:00+00:00,23226.583555714296
2026-07-09 10:00:00+00:00,23226.583555714296
2026-07-09 12:00:00+00:00,23226.583555714296
2026-07-09 14:00:00+00:00,23226.583555714296
2026-07-09 16:00:00+00:00,23226.583555714296
2026-07-09 18:00:00+00:00,23226.583555714296
2026-07-09 20:00:00+00:00,23226.583555714296
2026-07-09 22:00:00+00:00,23226.583555714296
2026-07-10 00:00:00+00:00,23226.583555714296
2026-07-10 02:00:00+00:00,23226.583555714296
2026-07-10 04:00:00+00:00,23226.583555714296
2026-07-10 06:00:00+00:00,23226.583555714296
2026-07-10 08:00:00+00:00,23226.583555714296
2026-07-10 10:00:00+00:00,23226.583555714296
2026-07-10 12:00:00+00:00,23226.583555714296
2026-07-10 14:00:00+00:00,23226.583555714296
2026-07-10 16:00:00+00:00,23226.583555714296
2026-07-10 18:00:00+00:00,23226.583555714296
2026-07-10 20:00:00+00:00,23226.583555714296
2026-07-10 22:00:00+00:00,23226.583555714296
2026-07-11 00:00:00+00:00,23226.583555714296
2026-07-11 02:00:00+00:00,23226.583555714296
2026-07-11 04:00:00+00:00,23226.583555714296
2026-07-11 06:00:00+00:00,23226.583555714296
2026-07-11 08:00:00+00:00,23226.583555714296
2026-07-11 10:00:00+00:00,23226.583555714296
2026-07-11 12:00:00+00:00,23226.583555714296
2026-07-11 14:00:00+00:00,23226.583555714296
2026-07-11 16:00:00+00:00,23226.583555714296
2026-07-11 18:00:00+00:00,23226.583555714296
2026-07-11 20:00:00+00:00,23226.583555714296
2026-07-11 22:00:00+00:00,23226.583555714296
2026-07-12 00:00:00+00:00,23226.583555714296
2026-07-12 02:00:00+00:00,23226.583555714296
2026-07-12 04:00:00+00:00,23226.583555714296
2026-07-12 06:00:00+00:00,23226.583555714296
2026-07-12 08:00:00+00:00,23226.583555714296
2026-07-12 10:00:00+00:00,23226.583555714296
2026-07-12 12:00:00+00:00,23226.583555714296
2026-07-12 14:00:00+00:00,23226.583555714296
2026-07-12 16:00:00+00:00,23226.583555714296
2026-07-12 18:00:00+00:00,23226.583555714296
2026-07-12 20:00:00+00:00,23226.583555714296
2026-07-12 22:00:00+00:00,23226.583555714296
2026-07-13 00:00:00+00:00,23226.583555714296
2026-07-13 02:00:00+00:00,23226.583555714296
2026-07-13 04:00:00+00:00,23226.583555714296
2026-07-13 06:00:00+00:00,23226.583555714296
2026-07-13 08:00:00+00:00,23226.583555714296
2026-07-13 10:00:00+00:00,23226.583555714296
2026-07-13 12:00:00+00:00,23226.583555714296
2026-07-13 14:00:00+00:00,23226.583555714296
2026-07-13 16:00:00+00:00,23226.583555714296
2026-07-13 18:00:00+00:00,23226.583555714296
2026-07-13 20:00:00+00:00,23226.583555714296
2026-07-13 22:00:00+00:00,23226.583555714296
2026-07-14 00:00:00+00:00,23226.583555714296
2026-07-14 02:00:00+00:00,23226.583555714296
2026-07-14 04:00:00+00:00,23226.583555714296
2026-07-14 06:00:00+00:00,23226.583555714296
2026-07-14 08:00:00+00:00,23226.583555714296
2026-07-14 10:00:00+00:00,23226.583555714296
2026-07-14 12:00:00+00:00,23226.583555714296
2026-07-14 14:00:00+00:00,23226.583555714296
2026-07-14 16:00:00+00:00,23226.583555714296
2026-07-14 18:00:00+00:00,23226.583555714296
2026-07-14 20:00:00+00:00,23226.583555714296
2026-07-14 22:00:00+00:00,23226.583555714296
2026-07-15 00:00:00+00:00,23226.583555714296
2026-07-15 02:00:00+00:00,23226.583555714296
2026-07-15 04:00:00+00:00,23226.583555714296
2026-07-15 06:00:00+00:00,23226.583555714296
2026-07-15 08:00:00+00:00,23226.583555714296
2026-07-15 10:00:00+00:00,23226.583555714296
2026-07-15 12:00:00+00:00,23226.583555714296
2026-07-15 14:00:00+00:00,23226.583555714296
2026-07-15 16:00:00+00:00,23226.583555714296
2026-07-15 18:00:00+00:00,23226.583555714296
2026-07-15 20:00:00+00:00,23226.583555714296
2026-07-15 22:00:00+00:00,23226.583555714296
2026-07-16 00:00:00+00:00,23226.583555714296
2026-07-16 02:00:00+00:00,23226.583555714296
2026-07-16 04:00:00+00:00,23226.583555714296
2026-07-16 06:00:00+00:00,23226.583555714296
2026-07-16 08:00:00+00:00,23226.583555714296
2026-07-16 10:00:00+00:00,23226.583555714296
2026-07-16 12:00:00+00:00,23226.583555714296
2026-07-16 14:00:00+00:00,23226.583555714296
2026-07-16 16:00:00+00:00,23226.583555714296
2026-07-16 18:00:00+00:00,23226.583555714296
2026-07-16 20:00:00+00:00,23226.583555714296
2026-07-16 22:00:00+00:00,23226.583555714296
2026-07-17 00:00:00+00:00,23226.583555714296
2026-07-17 02:00:00+00:00,23226.583555714296
2026-07-17 04:00:00+00:00,23226.583555714296
2026-07-17 06:00:00+00:00,23226.583555714296
2026-07-17 08:00:00+00:00,23226.583555714296
2026-07-17 10:00:00+00:00,23226.583555714296
2026-07-17 12:00:00+00:00,23226.583555714296
2026-07-17 14:00:00+00:00,23226.583555714296
2026-07-17 16:00:00+00:00,23226.583555714296
2026-07-17 18:00:00+00:00,23226.583555714296
2026-07-17 20:00:00+00:00,23226.583555714296
2026-07-17 22:00:00+00:00,23226.583555714296
2026-07-18 00:00:00+00:00,23226.583555714296
2026-07-18 02:00:00+00:00,23226.583555714296
2026-07-18 04:00:00+00:00,23226.583555714296
2026-07-18 06:00:00+00:00,23226.583555714296
2026-07-18 08:00:00+00:00,23226.583555714296
2026-07-18 10:00:00+00:00,23226.583555714296
2026-07-18 12:00:00+00:00,23226.583555714296
2026-07-18 14:00:00+00:00,23226.583555714296
2026-07-18 16:00:00+00:00,23226.583555714296
2026-07-18 18:00:00+00:00,23226.583555714296
2026-07-18 20:00:00+00:00,23226.583555714296
2026-07-18 22:00:00+00:00,23226.583555714296
2026-07-19 00:00:00+00:00,23226.583555714296
2026-07-19 02:00:00+00:00,23226.583555714296
2026-07-19 04:00:00+00:00,23226.583555714296
2026-07-19 06:00:00+00:00,23226.583555714296
2026-07-19 08:00:00+00:00,23226.583555714296
2026-07-19 10:00:00+00:00,23226.583555714296
2026-07-19 12:00:00+00:00,23226.583555714296
2026-07-19 14:00:00+00:00,23226.583555714296
2026-07-19 16:00:00+00:00,23226.583555714296
2026-07-19 18:00:00+00:00,23226.583555714296
2026-07-19 20:00:00+00:00,23226.583555714296
2026-07-19 22:00:00+00:00,23226.583555714296
2026-07-20 00:00:00+00:00,23226.583555714296
2026-07-20 02:00:00+00:00,23226.583555714296
2026-07-20 04:00:00+00:00,23226.583555714296
2026-07-20 06:00:00+00:00,23226.583555714296
2026-07-20 08:00:00+00:00,23226.583555714296
2026-07-20 10:00:00+00:00,23226.583555714296
2026-07-20 12:00:00+00:00,23226.583555714296
2026-07-20 14:00:00+00:00,23226.583555714296
2026-07-20 16:00:00+00:00,23226.583555714296
2026-07-20 18:00:00+00:00,23226.583555714296
2026-07-20 20:00:00+00:00,23226.583555714296
2026-07-20 22:00:00+00:00,23226.583555714296
2026-07-21 00:00:00+00:00,23226.583555714296
2026-07-21 02:00:00+00:00,23226.583555714296
2026-07-21 04:00:00+00:00,23226.583555714296
2026-07-21 06:00:00+00:00,23226.583555714296
2026-07-21 08:00:00+00:00,23226.583555714296
2026-07-21 10:00:00+00:00,23226.583555714296
2026-07-21 12:00:00+00:00,23226.583555714296
2026-07-21 14:00:00+00:00,23226.583555714296
2026-07-21 16:00:00+00:00,23226.583555714296
2026-07-21 18:00:00+00:00,23226.583555714296
2026-07-21 20:00:00+00:00,23226.583555714296
2026-07-21 22:00:00+00:00,23226.583555714296
2026-07-22 00:00:00+00:00,23226.583555714296
2026-07-22 02:00:00+00:00,23226.583555714296
2026-07-22 04:00:00+00:00,23226.583555714296
2026-07-22 06:00:00+00:00,23226.583555714296
2026-07-22 08:00:00+00:00,23226.583555714296
2026-07-22 10:00:00+00:00,23226.583555714296
2026-07-22 12:00:00+00:00,23226.583555714296
2026-07-22 14:00:00+00:00,23226.583555714296
2026-07-22 16:00:00+00:00,23226.583555714296
2026-07-22 18:00:00+00:00,23226.583555714296
2026-07-22 20:00:00+00:00,23226.583555714296
2026-07-22 22:00:00+00:00,23226.583555714296
2026-07-23 00:00:00+00:00,23226.583555714296
2026-07-23 02:00:00+00:00,23226.583555714296
2026-07-23 04:00:00+00:00,23226.583555714296
2026-07-23 06:00:00+00:00,23226.583555714296
2026-07-23 08:00:00+00:00,23226.583555714296
2026-07-23 10:00:00+00:00,23226.583555714296
2026-07-23 12:00:00+00:00,23226.583555714296
2026-07-23 14:00:00+00:00,23226.583555714296
2026-07-23 16:00:00+00:00,23226.583555714296
2026-07-23 18:00:00+00:00,23226.583555714296
2026-07-23 20:00:00+00:00,23226.583555714296
2026-07-23 22:00:00+00:00,23226.583555714296
2026-07-24 00:00:00+00:00,23226.583555714296
2026-07-24 02:00:00+00:00,23226.583555714296
2026-07-24 04:00:00+00:00,23226.583555714296
2026-07-24 06:00:00+00:00,23226.583555714296
2026-07-24 08:00:00+00:00,23226.583555714296
2026-07-24 10:00:00+00:00,23226.583555714296
2026-07-24 12:00:00+00:00,23226.583555714296
2026-07-24 14:00:00+00:00,23226.583555714296
2026-07-24 16:00:00+00:00,23226.583555714296
2026-07-24 18:00:00+00:00,23226.583555714296
2026-07-24 20:00:00+00:00,23226.583555714296
2026-07-24 22:00:00+00:00,23226.583555714296
2026-07-25 00:00:00+00:00,23226.583555714296
2026-07-25 02:00:00+00:00,23226.583555714296
2026-07-25 04:00:00+00:00,23226.583555714296
2026-07-25 06:00:00+00:00,23226.583555714296
2026-07-25 08:00:00+00:00,23226.583555714296
2026-07-25 10:00:00+00:00,23226.583555714296
2026-07-25 12:00:00+00:00,23226.583555714296
2026-07-25 14:00:00+00:00,23226.583555714296
2026-07-25 16:00:00+00:00,23226.583555714296
2026-07-25 18:00:00+00:00,23226.583555714296
2026-07-25 20:00:00+00:00,23226.583555714296
2026-07-25 22:00:00+00:00,23226.583555714296
2026-07-26 00:00:00+00:00,23226.583555714296
2026-07-26 02:00:00+00:00,23226.583555714296
2026-07-26 04:00:00+00:00,23226.583555714296
2026-07-26 06:00:00+00:00,23226.583555714296
2026-07-26 08:00:00+00:00,23226.583555714296
2026-07-26 10:00:00+00:00,23226.583555714296
2026-07-26 12:00:00+00:00,23226.583555714296
2026-07-26 14:00:00+00:00,23226.583555714296
2026-07-26 16:00:00+00:00,23226.583555714296
2026-07-26 18:00:00+00:00,23226.583555714296
2026-07-26 20:00:00+00:00,23226.583555714296
2026-07-26 22:00:00+00:00,23226.583555714296
2026-07-27 00:00:00+00:00,23226.583555714296
2026-07-27 02:00:00+00:00,23226.583555714296
2026-07-27 04:00:00+00:00,23226.583555714296
2026-07-27 06:00:00+00:00,23226.583555714296
2026-07-27 08:00:00+00:00,23226.583555714296
2026-07-27 10:00:00+00:00,23226.583555714296
2026-07-27 12:00:00+00:00,23226.583555714296
2026-07-27 14:00:00+00:00,23226.583555714296
2026-07-27 16:00:00+00:00,23226.583555714296
2026-07-27 18:00:00+00:00,23226.583555714296
2026-07-27 20:00:00+00:00,23226.583555714296
2026-07-27 22:00:00+00:00,23226.583555714296
2026-07-28 00:00:00+00:00,23226.583555714296
2026-07-28 02:00:00+00:00,23226.583555714296
2026-07-28 04:00:00+00:00,23226.583555714296
2026-07-28 06:00:00+00:00,23226.583555714296
2026-07-28 08:00:00+00:00,23226.583555714296
2026-07-28 10:00:00+00:00,23226.583555714296
2026-07-28 12:00:00+00:00,23226.583555714296
2026-07-28 14:00:00+00:00,23226.583555714296
2026-07-28 16:00:00+00:00,23226.583555714296
2026-07-28 18:00:00+00:00,23226.583555714296
2026-07-28 20:00:00+00:00,23226.583555714296
2026-07-28 22:00:00+00:00,23226.583555714296
2026-07-29 00:00:00+00:00,23226.583555714296
2026-07-29 02:00:00+00:00,23226.583555714296
2026-07-29 04:00:00+00:00,23226.583555714296
2026-07-29 06:00:00+00:00,23226.583555714296
2026-07-29 08:00:00+00:00,23226.583555714296
2026-07-29 10:00:00+00:00,23226.583555714296
2026-07-29 12:00:00+00:00,23226.583555714296
2026-07-29 14:00:00+00:00,23226.583555714296
2026-07-29 16:00:00+00:00,23226.583555714296
2026-07-29 18:00:00+00:00,23226.583555714296
2026-07-29 20:00:00+00:00,23226.583555714296
2026-07-29 22:00:00+00:00,23226.583555714296
2026-07-30 00:00:00+00:00,23226.583555714296
2026-07-30 02:00:00+00:00,23226.583555714296
2026-07-30 04:00:00+00:00,23226.583555714296
2026-07-30 06:00:00+00:00,23226.583555714296
2026-07-30 08:00:00+00:00,23226.583555714296
2026-07-30 10:00:00+00:00,23226.583555714296
2026-07-30 12:00:00+00:00,23226.583555714296
2026-07-30 14:00:00+00:00,23226.583555714296
2026-07-30 16:00:00+00:00,23226.583555714296
2026-07-30 18:00:00+00:00,23226.583555714296
2026-07-30 20:00:00+00:00,23226.583555714296
2026-07-30 22:00:00+00:00,23226.583555714296
2026-07-31 00:00:00+00:00,23226.583555714296
2026-07-31 02:00:00+00:00,23226.583555714296
2026-07-31 04:00:00+00:00,23226.583555714296
2026-07-31 06:00:00+00:00,23226.583555714296
2026-07-31 08:00:00+00:00,23226.583555714296
2026-07-31 10:00:00+00:00,23226.583555714296
2026-07-31 12:00:00+00:00,23226.583555714296
2026-07-31 14:00:00+00:00,23226.583555714296
2026-07-31 16:00:00+00:00,23226.583555714296
2026-07-31 18:00:00+00:00,23226.583555714296
2026-07-31 20:00:00+00:00,23226.583555714296
2026-07-31 22:00:00+00:00,23226.583555714296
2026-08-01 00:00:00+00:00,23226.583555714296
2026-08-01 02:00:00+00:00,23226.583555714296
2026-08-01 04:00:00+00:00,23226.583555714296
2026-08-01 06:00:00+00:00,23226.583555714296
2026-08-01 08:00:00+00:00,23226.583555714296
2026-08-01 10:00:00+00:00,23226.583555714296
2026-08-01 12:00:00+00:00,23226.583555714296
2026-08-01 14:00:00+00:00,23226.583555714296
2026-08-01 16:00:00+00:00,23226.583555714296
2026-08-01 18:00:00+00:00,23226.583555714296
2026-08-01 20:00:00+00:00,23226.583555714296
2026-08-01 22:00:00+00:00,23226.583555714296
2026-08-02 00:00:00+00:00,23226.583555714296
2026-08-02 02:00:00+00:00,23226.583555714296
2026-08-02 04:00:00+00:00,23226.583555714296
2026-08-02 06:00:00+00:00,23226.583555714296
2026-08-02 08:00:00+00:00,23226.583555714296
2026-08-02 10:00:00+00:00,23226.583555714296
2026-08-02 12:00:00+00:00,23226.583555714296
2026-08-02 14:00:00+00:00,23226.583555714296
2026-08-02 16:00:00+00:00,23226.583555714296
2026-08-02 18:00:00+00:00,23226.583555714296
2026-08-02 20:00:00+00:00,23226.583555714296
2026-08-02 22:00:00+00:00,23226.583555714296
2026-08-03 00:00:00+00:00,23226.583555714296
2026-08-03 02:00:00+00:00,23226.583555714296
2026-08-03 04:00:00+00:00,23226.583555714296
2026-08-03 06:00:00+00:00,23226.583555714296
2026-08-03 08:00:00+00:00,23226.583555714296
2026-08-03 10:00:00+00:00,23226.583555714296
2026-08-03 12:00:00+00:00,23226.583555714296
2026-08-03 14:00:00+00:00,23226.583555714296
2026-08-03 16:00:00+00:00,23226.583555714296
2026-08-03 18:00:00+00:00,23226.583555714296
2026-08-03 20:00:00+00:00,23226.583555714296
2026-08-03 22:00:00+00:00,23226.583555714296
2026-08-04 00:00:00+00:00,23226.583555714296
2026-08-04 02:00:00+00:00,23226.583555714296
2026-08-04 04:00:00+00:00,23226.583555714296
2026-08-04 06:00:00+00:00,23226.583555714296
2026-08-04 08:00:00+00:00,23226.583555714296
2026-08-04 10:00:00+00:00,23226.583555714296
2026-08-04 12:00:00+00:00,23226.583555714296
2026-08-04 14:00:00+00:00,23226.583555714296
2026-08-04 16:00:00+00:00,23226.583555714296
2026-08-04 18:00:00+00:00,23226.583555714296
2026-08-04 20:00:00+00:00,23226.583555714296
2026-08-04 22:00:00+00:00,23226.583555714296
2026-08-05 00:00:00+00:00,23226.583555714296
2026-08-05 02:00:00+00:00,23226.583555714296
2026-08-05 04:00:00+00:00,23226.583555714296
2026-08-05 06:00:00+00:00,23226.583555714296
2026-08-05 08:00:00+00:00,23226.583555714296
2026-08-05 10:00:00+00:00,23226.583555714296
2026-08-05 12:00:00+00:00,23226.583555714296
2026-08-05 14:00:00+00:00,23226.583555714296
2026-08-05 16:00:00+00:00,23226.583555714296
2026-08-05 18:00:00+00:00,23226.583555714296
2026-08-05 20:00:00+00:00,23226.583555714296
2026-08-05 22:00:00+00:00,23226.583555714296
2026-08-06 00:00:00+00:00,23226.583555714296
2026-08-06 02:00:00+00:00,23226.583555714296
2026-08-06 04:00:00+00:00,23226.583555714296
2026-08-06 06:00:00+00:00,23226.583555714296
2026-08-06 08:00:00+00:00,23226.583555714296
2026-08-06 10:00:00+00:00,23226.583555714296
2026-08-06 12:00:00+00:00,23226.583555714296
2026-08-06 14:00:00+00:00,23226.583555714296
2026-08-06 16:00:00+00:00,23226.583555714296
2026-08-06 18:00:00+00:00,23226.583555714296
2026-08-06 20:00:00+00:00,23226.583555714296
2026-08-06 22:00:00+00:00,23226.583555714296
2026-08-07 00:00:00+00:00,23226.583555714296
2026-08-07 02:00:00+00:00,23226.583555714296
2026-08-07 04:00:00+00:00,23226.583555714296
2026-08-07 06:00:00+00:00,23226.583555714296
2026-08-07 08:00:00+00:00,23226.583555714296
2026-08-07 10:00:00+00:00,23226.583555714296
2026-08-07 12:00:00+00:00,23226.583555714296
2026-08-07 14:00:00+00:00,23226.583555714296
2026-08-07 16:00:00+00:00,23226.583555714296
2026-08-07 18:00:00+00:00,23226.583555714296
2026-08-07 20:00:00+00:00,23226.583555714296
2026-08-07 22:00:00+00:00,23226.583555714296
2026-08-08 00:00:00+00:00,23226.583555714296
2026-08-08 02:00:00+00:00,23226.583555714296
2026-08-08 04:00:00+00:00,23226.583555714296
2026-08-08 06:00:00+00:00,23226.583555714296
2026-08-08 08:00:00+00:00,23226.583555714296
2026-08-08 10:00:00+00:00,23226.583555714296
2026-08-08 12:00:00+00:00,23226.583555714296
2026-08-08 14:00:00+00:00,23226.583555714296
2026-08-08 16:00:00+00:00,23226.583555714296
2026-08-08 18:00:00+00:00,23226.583555714296
2026-08-08 20:00:00+00:00,23226.583555714296
2026-08-08 22:00:00+00:00,23226.583555714296
2026-08-09 00:00:00+00:00,23226.583555714296
2026-08-09 02:00:00+00:00,23226.583555714296
2026-08-09 04:00:00+00:00,23226.583555714296
2026-08-09 06:00:00+00:00,23226.583555714296
2026-08-09 08:00:00+00:00,23226.583555714296
2026-08-09 10:00:00+00:00,23226.583555714296
2026-08-09 12:00:00+00:00,23226.583555714296
2026-08-09 14:00:00+00:00,23226.583555714296
2026-08-09 16:00:00+00:00,23226.583555714296
2026-08-09 18:00:00+00:00,23226.583555714296
2026-08-09 20:00:00+00:00,23226.583555714296
2026-08-09 22:00:00+00:00,23226.583555714296
2026-08-10 00:00:00+00:00,23226.583555714296
2026-08-10 02:00:00+00:00,23226.583555714296
2026-08-10 04:00:00+00:00,23226.583555714296
2026-08-10 06:00:00+00:00,23226.583555714296
2026-08-10 08:00:00+00:00,23226.583555714296
2026-08-10 10:00:00+00:00,23226.583555714296
2026-08-10 12:00:00+00:00,23226.583555714296
2026-08-10 14:00:00+00:00,23226.583555714296
2026-08-10 16:00:00+00:00,23226.583555714296
2026-08-10 18:00:00+00:00,23226.583555714296
2026-08-10 20:00:00+00:00,23226.583555714296
2026-08-10 22:00:00+00:00,23226.583555714296
2026-08-11 00:00:00+00:00,23226.583555714296
2026-08-11 02:00:00+00:00,23226.583555714296
2026-08-11 04:00:00+00:00,23226.583555714296
2026-08-11 06:00:00+00:00,23226.583555714296
2026-08-11 08:00:00+00:00,23226.583555714296
2026-08-11 10:00:00+00:00,23226.583555714296
2026-08-11 12:00:00+00:00,23226.583555714296
2026-08-11 14:00:00+00:00,23226.583555714296
2026-08-11 16:00:00+00:00,23226.583555714296
2026-08-11 18:00:00+00:00,23226.583555714296
2026-08-11 20:00:00+00:00,23226.583555714296
2026-08-11 22:00:00+00:00,23226.583555714296
2026-08-12 00:00:00+00:00,23226.583555714296
2026-08-12 02:00:00+00:00,23226.583555714296
2026-08-12 04:00:00+00:00,23226.583555714296
2026-08-12 06:00:00+00:00,23226.583555714296
2026-08-12 08:00:00+00:00,23226.583555714296
2026-08-12 10:00:00+00:00,23226.583555714296
2026-08-12 12:00:00+00:00,23226.583555714296
2026-08-12 14:00:00+00:00,23226.583555714296
2026-08-12 16:00:00+00:00,23226.583555714296
2026-08-12 18:00:00+00:00,23226.583555714296
2026-08-12 20:00:00+00:00,23226.583555714296
2026-08-12 22:00:00+00:00,23226.583555714296
2026-08-13 00:00:00+00:00,23226.583555714296
2026-08-13 02:00:00+00:00,23226.583555714296
2026-08-13 04:00:00+00:00,23226.583555714296
2026-08-13 06:00:00+00:00,23226.583555714296
2026-08-13 08:00:00+00:00,23226.583555714296
2026-08-13 10:00:00+00:00,23226.583555714296
2026-08-13 12:00:00+00:00,23226.583555714296
2026-08-13 14:00:00+00:00,23226.583555714296
2026-08-13 16:00:00+00:00,23226.583555714296
2026-08-13 18:00:00+00:00,23226.583555714296
2026-08-13 20:00:00+00:00,23226.583555714296
2026-08-13 22:00:00+00:00,23226.583555714296
2026-08-14 00:00:00+00:00,23226.583555714296
2026-08-14 02:00:00+00:00,23226.583555714296
2026-08-14 04:00:00+00:00,23226.583555714296
2026-08-14 06:00:00+00:00,23226.583555714296
2026-08-14 08:00:00+00:00,23226.583555714296
2026-08-14 10:00:00+00:00,23226.583555714296
2026-08-14 12:00:00+00:00,23226.583555714296
2026-08-14 14:00:00+00:00,23226.583555714296
2026-08-14 16:00:00+00:00,23226.583555714296
2026-08-14 18:00:00+00:00,23226.583555714296
2026-08-14 20:00:00+00:00,23226.583555714296
2026-08-14 22:00:00+00:00,23226.583555714296
2026-08-15 00:00:00+00:00,23226.583555714296
2026-08-15 02:00:00+00:00,23226.583555714296
2026-08-15 04:00:00+00:00,23226.583555714296
2026-08-15 06:00:00+00:00,23226.583555714296
2026-08-15 08:00:00+00:00,23226.583555714296
2026-08-15 10:00:00+00:00,23226.583555714296
2026-08-15 12:00:00+00:00,23226.583555714296
2026-08-15 14:00:00+00:00,23226.583555714296
2026-08-15 16:00:00+00:00,23226.583555714296
2026-08-15 18:00:00+00:00,23226.583555714296
2026-08-15 20:00:00+00:00,23226.583555714296
2026-08-15 22:00:00+00:00,23226.583555714296
2026-08-16 00:00:00+00:00,23226.583555714296
2026-08-16 02:00:00+00:00,23226.583555714296
2026-08-16 04:00:00+00:00,23226.583555714296
2026-08-16 06:00:00+00:00,23226.583555714296
2026-08-16 08:00:00+00:00,23226.583555714296
2026-08-16 10:00:00+00:00,23226.583555714296
2026-08-16 12:00:00+00:00,23226.583555714296
2026-08-16 14:00:00+00:00,23226.583555714296
2026-08-16 16:00:00+00:00,23226.583555714296
2026-08-16 18:00:00+00:00,23226.583555714296
2026-08-16 20:00:00+00:00,23226.583555714296
2026-08-16 22:00:00+00:00,23226.583555714296
2026-08-17 00:00:00+00:00,23226.583555714296
2026-08-17 02:00:00+00:00,23226.583555714296
2026-08-17 04:00:00+00:00,23226.583555714296
2026-08-17 06:00:00+00:00,23226.583555714296
2026-08-17 08:00:00+00:00,23226.583555714296
2026-08-17 10:00:00+00:00,23226.583555714296
2026-08-17 12:00:00+00:00,23226.583555714296
2026-08-17 14:00:00+00:00,23226.583555714296
2026-08-17 16:00:00+00:00,23226.583555714296
2026-08-17 18:00:00+00:00,23226.583555714296
2026-08-17 20:00:00+00:00,23226.583555714296
2026-08-17 22:00:00+00:00,23226.583555714296
2026-08-18 00:00:00+00:00,23226.583555714296
2026-08-18 02:00:00+00:00,23226.583555714296
2026-08-18 04:00:00+00:00,23226.583555714296
2026-08-18 06:00:00+00:00,23226.583555714296
2026-08-18 08:00:00+00:00,23226.583555714296
2026-08-18 10:00:00+00:00,23226.583555714296
2026-08-18 12:00:00+00:00,23226.583555714296
2026-08-18 14:00:00+00:00,23226.583555714296
2026-08-18 16:00:00+00:00,23226.583555714296
2026-08-18 18:00:00+00:00,23226.583555714296
2026-08-18 20:00:00+00:00,23226.583555714296
2026-08-18 22:00:00+00:00,23226.583555714296
2026-08-19 00:00:00+00:00,23226.583555714296
2026-08-19 02:00:00+00:00,23226.583555714296
2026-08-19 04:00:00+00:00,23226.583555714296
2026-08-19 06:00:00+00:00,23226.583555714296
2026-08-19 08:00:00+00:00,23226.583555714296
2026-08-19 10:00:00+00:00,23226.583555714296
2026-08-19 12:00:00+00:00,23226.583555714296
2026-08-19 14:00:00+00:00,23226.583555714296
2026-08-19 16:00:00+00:00,23226.583555714296
2026-08-19 18:00:00+00:00,23226.583555714296
2026-08-19 20:00:00+00:00,23226.583555714296
2026-08-19 22:00:00+00:00,23226.583555714296
2026-08-20 00:00:00+00:00,23226.583555714296
2026-08-20 02:00:00+00:00,23226.583555714296
2026-08-20 04:00:00+00:00,23226.583555714296
2026-08-20 06:00:00+00:00,23226.583555714296
2026-08-20 08:00:00+00:00,23226.583555714296
2026-08-20 10:00:00+00:00,23226.583555714296
2026-08-20 12:00:00+00:00,23226.583555714296
2026-08-20 14:00:00+00:00,23226.583555714296
2026-08-20 16:00:00+00:00,23226.583555714296
2026-08-20 18:00:00+00:00,23226.583555714296
2026-08-20 20:00:00+00:00,23226.583555714296
2026-08-20 22:00:00+00:00,23226.583555714296
2026-08-21 00:00:00+00:00,23226.583555714296
2026-08-21 02:00:00+00:00,23226.583555714296
2026-08-21 04:00:00+00:00,23226.583555714296
2026-08-21 06:00:00+00:00,23226.583555714296
2026-08-21 08:00:00+00:00,23226.583555714296
2026-08-21 10:00:00+00:00,23226.583555714296
2026-08-21 12:00:00+00:00,23226.583555714296
2026-08-21 14:00:00+00:00,23226.583555714296
2026-08-21 16:00:00+00:00,23226.583555714296
2026-08-21 18:00:00+00:00,23226.583555714296
2026-08-21 20:00:00+00:00,23226.583555714296
2026-08-21 22:00:00+00:00,23226.583555714296
2026-08-22 00:00:00+00:00,23226.583555714296
2026-08-22 02:00:00+00:00,23226.583555714296
2026-08-22 04:00:00+00:00,23226.583555714296
2026-08-22 06:00:00+00:00,23226.583555714296
2026-08-22 08:00:00+00:00,23226.583555714296
2026-08-22 10:00:00+00:00,23226.583555714296
2026-08-22 12:00:00+00:00,23226.583555714296
2026-08-22 14:00:00+00:00,23226.583555714296
2026-08-22 16:00:00+00:00,23226.583555714296
2026-08-22 18:00:00+00:00,23226.583555714296
2026-08-22 20:00:00+00:00,23226.583555714296
2026-08-22 22:00:00+00:00,23226.583555714296
2026-08-23 00:00:00+00:00,23226.583555714296
2026-08-23 02:00:00+00:00,23226.583555714296
2026-08-23 04:00:00+00:00,23226.583555714296
2026-08-23 06:00:00+00:00,23226.583555714296
2026-08-23 08:00:00+00:00,23226.583555714296
2026-08-23 10:00:00+00:00,23226.583555714296
2026-08-23 12:00:00+00:00,23226.583555714296
2026-08-23 14:00:00+00:00,23226.583555714296
2026-08-23 16:00:00+00:00,23226.583555714296
2026-08-23 18:00:00+00:00,23226.583555714296
2026-08-23 20:00:00+00:00,23226.583555714296
2026-08-23 22:00:00+00:00,23226.583555714296
2026-08-24 00:00:00+00:00,23226.583555714296
2026-08-24 02:00:00+00:00,23226.583555714296
2026-08-24 04:00:00+00:00,23226.583555714296
2026-08-24 06:00:00+00:00,23226.583555714296
2026-08-24 08:00:00+00:00,23226.583555714296
2026-08-24 10:00:00+00:00,23226.583555714296
2026-08-24 12:00:00+00:00,23226.583555714296
2026-08-24 14:00:00+00:00,23226.583555714296
2026-08-24 16:00:00+00:00,23226.583555714296
2026-08-24 18:00:00+00:00,23226.583555714296
2026-08-24 20:00:00+00:00,23226.583555714296
2026-08-24 22:00:00+00:00,23226.583555714296
2026-08-25 00:00:00+00:00,23226.583555714296
2026-08-25 02:00:00+00:00,23226.583555714296
2026-08-25 04:00:00+00:00,23226.583555714296
2026-08-25 06:00:00+00:00,23226.583555714296
2026-08-25 08:00:00+00:00,23226.583555714296
2026-08-25 10:00:00+00:00,23226.583555714296
2026-08-25 12:00:00+00:00,23226.583555714296
2026-08-25 14:00:00+00:00,23226.583555714296
2026-08-25 16:00:00+00:00,23226.583555714296
2026-08-25 18:00:00+00:00,23226.583555714296
2026-08-25 20:00:00+00:00,23226.583555714296
2026-08-25 22:00:00+00:00,23226.583555714296
2026-08-26 00:00:00+00:00,23226.583555714296
2026-08-26 02:00:00+00:00,23226.583555714296
2026-08-26 04:00:00+00:00,23226.583555714296
2026-08-26 06:00:00+00:00,23226.583555714296
2026-08-26 08:00:00+00:00,23226.583555714296
2026-08-26 10:00:00+00:00,23226.583555714296
2026-08-26 12:00:00+00:00,23226.583555714296
2026-08-26 14:00:00+00:00,23226.583555714296
2026-08-26 16:00:00+00:00,23226.583555714296
2026-08-26 18:00:00+00:00,23226.583555714296
2026-08-26 20:00:00+00:00,23226.583555714296
2026-08-26 22:00:00+00:00,23226.583555714296
2026-08-27 00:00:00+00:00,23226.583555714296
2026-08-27 02:00:00+00:00,23226.583555714296
2026-08-27 04:00:00+00:00,23226.583555714296
2026-08-27 06:00:00+00:00,23226.583555714296
2026-08-27 08:00:00+00:00,23226.583555714296
2026-08-27 10:00:00+00:00,23226.583555714296
2026-08-27 12:00:00+00:00,23226.583555714296
2026-08-27 14:00:00+00:00,23226.583555714296
2026-08-27 16:00:00+00:00,23226.583555714296
2026-08-27 18:00:00+00:00,23226.583555714296
2026-08-27 20:00:00+00:00,23226.583555714296
2026-08-27 22:00:00+00:00,23226.583555714296
2026-08-28 00:00:00+00:00,23226.583555714296
2026-08-28 02:00:00+00:00,23226.583555714296
2026-08-28 04:00:00+00:00,23226.583555714296
2026-08-28 06:00:00+00:00,23226.583555714296
2026-08-28 08:00:00+00:00,23226.583555714296
2026-08-28 10:00:00+00:00,23226.583555714296
2026-08-28 12:00:00+00:00,23226.583555714296
2026-08-28 14:00:00+00:00,23226.583555714296
2026-08-28 16:00:00+00:00,23226.583555714296
2026-08-28 18:00:00+00:00,23226.583555714296
2026-08-28 20:00:00+00:00,23226.583555714296
2026-08-28 22:00:00+00:00,23226.583555714296
2026-08-29 00:00:00+00:00,23226.583555714296
2026-08-29 02:00:00+00:00,23226.583555714296
2026-08-29 04:00:00+00:00,23226.583555714296
2026-08-29 06:00:00+00:00,23226.583555714296
2026-08-29 08:00:00+00:00,23226.583555714296
2026-08-29 10:00:00+00:00,23226.583555714296
2026-08-29 12:00:00+00:00,23226.583555714296
2026-08-29 14:00:00+00:00,23226.583555714296
2026-08-29 16:00:00+00:00,23226.583555714296
2026-08-29 18:00:00+00:00,23226.583555714296
2026-08-29 20:00:00+00:00,23226.583555714296
2026-08-29 22:00:00+00:00,23226.583555714296
2026-08-30 00:00:00+00:00,23226.583555714296
2026-08-30 02:00:00+00:00,23226.583555714296
2026-08-30 04:00:00+00:00,23226.583555714296
2026-08-30 06:00:00+00:00,23226.583555714296
2026-08-30 08:00:00+00:00,23226.583555714296
2026-08-30 10:00:00+00:00,23226.583555714296
2026-08-30 12:00:00+00:00,23226.583555714296
2026-08-30 14:00:00+00:00,23226.583555714296
2026-08-30 16:00:00+00:00,23226.583555714296
2026-08-30 18:00:00+00:00,23226.583555714296
2026-08-30 20:00:00+00:00,23226.583555714296
2026-08-30 22:00:00+00:00,23226.583555714296
2026-08-31 00:00:00+00:00,23226.583555714296
2026-08-31 02:00:00+00:00,23226.583555714296
2026-08-31 04:00:00+00:00,23226.583555714296
2026-08-31 06:00:00+00:00,23226.583555714296
2026-08-31 08:00:00+00:00,23226.583555714296
2026-08-31 10:00:00+00:00,23226.583555714296
2026-08-31 12:00:00+00:00,23226.583555714296
2026-08-31 14:00:00+00:00,23226.583555714296
2026-08-31 16:00:00+00:00,23226.583555714296
2026-08-31 18:00:00+00:00,23226.583555714296
2026-08-31 20:00:00+00:00,23226.583555714296
2026-08-31 22:00:00+00:00,23226.583555714296
2026-09-01 00:00:00+00:00,23226.583555714296
2026-09-01 02:00:00+00:00,23226.583555714296
2026-09-01 04:00:00+00:00,23226.583555714296
2026-09-01 06:00:00+00:00,23226.583555714296
2026-09-01 08:00:00+00:00,23226.583555714296
2026-09-01 10:00:00+00:00,23226.583555714296
2026-09-01 12:00:00+00:00,23226.583555714296
2026-09-01 14:00:00+00:00,23226.583555714296
2026-09-01 16:00:00+00:00,23226.583555714296
2026-09-01 18:00:00+00:00,23226.583555714296
2026-09-01 20:00:00+00:00,23226.583555714296
2026-09-01 22:00:00+00:00,23226.583555714296
2026-09-02 00:00:00+00:00,23226.583555714296
2026-09-02 02:00:00+00:00,23226.583555714296
2026-09-02 04:00:00+00:00,23226.583555714296
2026-09-02 06:00:00+00:00,23226.583555714296
2026-09-02 08:00:00+00:00,23226.583555714296
2026-09-02 10:00:00+00:00,23226.583555714296
2026-09-02 12:00:00+00:00,23226.583555714296
2026-09-02 14:00:00+00:00,23226.583555714296
2026-09-02 16:00:00+00:00,23226.583555714296
2026-09-02 18:00:00+00:00,23226.583555714296
2026-09-02 20:00:00+00:00,23226.583555714296
2026-09-02 22:00:00+00:00,23226.583555714296
2026-09-03 00:00:00+00:00,23226.583555714296
2026-09-03 02:00:00+00:00,23226.583555714296
2026-09-03 04:00:00+00:00,23226.583555714296
2026-09-03 06:00:00+00:00,23226.583555714296
2026-09-03 08:00:00+00:00,23226.583555714296
2026-09-03 10:00:00+00:00,23226.583555714296
2026-09-03 12:00:00+00:00,23226.583555714296
2026-09-03 14:00:00+00:00,23226.583555714296
2026-09-03 16:00:00+00:00,23226.583555714296
2026-09-03 18:00:00+00:00,23226.583555714296
2026-09-03 20:00:00+00:00,23226.583555714296
2026-09-03 22:00:00+00:00,23226.583555714296
2026-09-04 00:00:00+00:00,23226.583555714296
2026-09-04 02:00:00+00:00,23226.583555714296
2026-09-04 04:00:00+00:00,23226.583555714296
2026-09-04 06:00:00+00:00,23226.583555714296
2026-09-04 08:00:00+00:00,23226.583555714296
2026-09-04 10:00:00+00:00,23226.583555714296
2026-09-04 12:00:00+00:00,23226.583555714296
2026-09-04 14:00:00+00:00,23226.583555714296
2026-09-04 16:00:00+00:00,23226.583555714296
2026-09-04 18:00:00+00:00,23226.583555714296
2026-09-04 20:00:00+00:00,23226.583555714296
2026-09-04 22:00:00+00:00,23226.583555714296
2026-09-05 00:00:00+00:00,23226.583555714296
2026-09-05 02:00:00+00:00,23226.583555714296
2026-09-05 04:00:00+00:00,23226.583555714296
2026-09-05 06:00:00+00:00,23226.583555714296
2026-09-05 08:00:00+00:00,23226.583555714296
2026-09-05 10:00:00+00:00,23226.583555714296
2026-09-05 12:00:00+00:00,23226.583555714296
2026-09-05 14:00:00+00:00,23226.583555714296
2026-09-05 16:00:00+00:00,23226.583555714296
2026-09-05 18:00:00+00:00,23226.583555714296
2026-09-05 20:00:00+00:00,23226.583555714296
2026-09-05 22:00:00+00:00,23226.583555714296
2026-09-06 00:00:00+00:00,23226.583555714296
2026-09-06 02:00:00+00:00,23226.583555714296
2026-09-06 04:00:00+00:00,23226.583555714296
2026-09-06 06:00:00+00:00,23226.583555714296
2026-09-06 08:00:00+00:00,23226.583555714296
2026-09-06 10:00:00+00:00,23226.583555714296
2026-09-06 12:00:00+00:00,23226.583555714296
2026-09-06 14:00:00+00:00,23226.583555714296
2026-09-06 16:00:00+00:00,23226.583555714296
2026-09-06 18:00:00+00:00,23226.583555714296
2026-09-06 20:00:00+00:00,23226.583555714296
2026-09-06 22:00:00+00:00,23226.583555714296
2026-09-07 00:00:00+00:00,23226.583555714296
2026-09-07 02:00:00+00:00,23226.583555714296
2026-09-07 04:00:00+00:00,23226.583555714296
2026-09-07 06:00:00+00:00,23226.583555714296
2026-09-07 08:00:00+00:00,23226.583555714296
2026-09-07 10:00:00+00:00,23226.583555714296
2026-09-07 12:00:00+00:00,23226.583555714296
2026-09-07 14:00:00+00:00,23226.583555714296
2026-09-07 16:00:00+00:00,23226.583555714296
2026-09-07 18:00:00+00:00,23226.583555714296
2026-09-07 20:00:00+00:00,23226.583555714296
2026-09-07 22:00:00+00:00,23226.583555714296
2026-09-08 00:00:00+00:00,23226.583555714296
2026-09-08 02:00:00+00:00,23226.583555714296
2026-09-08 04:00:00+00:00,23226.583555714296
2026-09-08 06:00:00+00:00,23226.583555714296
2026-09-08 08:00:00+00:00,23226.583555714296
2026-09-08 10:00:00+00:00,23226.583555714296
2026-09-08 12:00:00+00:00,23226.583555714296
2026-09-08 14:00:00+00:00,23226.583555714296
2026-09-08 16:00:00+00:00,23226.583555714296
2026-09-08 18:00:00+00:00,23226.583555714296
2026-09-08 20:00:00+00:00,23226.583555714296
2026-09-08 22:00:00+00:00,23226.583555714296
2026-09-09 00:00:00+00:00,23226.583555714296
2026-09-09 02:00:00+00:00,23226.583555714296
2026-09-09 04:00:00+00:00,23226.583555714296
2026-09-09 06:00:00+00:00,23226.583555714296
2026-09-09 08:00:00+00:00,23226.583555714296
2026-09-09 10:00:00+00:00,23226.583555714296
2026-09-09 12:00:00+00:00,23226.583555714296
2026-09-09 14:00:00+00:00,23226.583555714296
2026-09-09 16:00:00+00:00,23226.583555714296
2026-09-09 18:00:00+00:00,23226.583555714296
2026-09-09 20:00:00+00:00,23226.583555714296
2026-09-09 22:00:00+00:00,23226.583555714296
2026-09-10 00:00:00+00:00,23226.583555714296
2026-09-10 02:00:00+00:00,23226.583555714296
2026-09-10 04:00:00+00:00,23226.583555714296
2026-09-10 06:00:00+00:00,23226.583555714296
2026-09-10 08:00:00+00:00,23226.583555714296
2026-09-10 10:00:00+00:00,23226.583555714296
2026-09-10 12:00:00+00:00,23226.583555714296
2026-09-10 14:00:00+00:00,23226.583555714296
2026-09-10 16:00:00+00:00,23226.583555714296
2026-09-10 18:00:00+00:00,23226.583555714296
2026-09-10 20:00:00+00:00,23226.583555714296
2026-09-10 22:00:00+00:00,23226.583555714296
2026-09-11 00:00:00+00:00,23226.583555714296
2026-09-11 02:00:00+00:00,23226.583555714296
2026-09-11 04:00:00+00:00,23226.583555714296
2026-09-11 06:00:00+00:00,23226.583555714296
2026-09-11 08:00:00+00:00,23226.583555714296
2026-09-11 10:00:00+00:00,23226.583555714296
2026-09-11 12:00:00+00:00,23226.583555714296
2026-09-11 14:00:00+00:00,23226.583555714296
2026-09-11 16:00:00+00:00,23226.583555714296
2026-09-11 18:00:00+00:00,23226.583555714296
2026-09-11 20:00:00+00:00,23226.583555714296
2026-09-11 22:00:00+00:00,23226.583555714296
2026-09-12 00:00:00+00:00,23226.583555714296
2026-09-12 02:00:00+00:00,23226.583555714296
2026-09-12 04:00:00+00:00,23226.583555714296
2026-09-12 06:00:00+00:00,23226.583555714296
2026-09-12 08:00:00+00:00,23226.583555714296
2026-09-12 10:00:00+00:00,23226.583555714296
2026-09-12 12:00:00+00:00,23226.583555714296
2026-09-12 14:00:00+00:00,23226.583555714296
2026-09-12 16:00:00+00:00,23226.583555714296
2026-09-12 18:00:00+00:00,23226.583555714296
2026-09-12 20:00:00+00:00,23226.583555714296
2026-09-12 22:00:00+00:00,23226.583555714296
2026-09-13 00:00:00+00:00,23226.583555714296
2026-09-13 02:00:00+00:00,23226.583555714296
2026-09-13 04:00:00+00:00,23226.583555714296
2026-09-13 06:00:00+00:00,23226.583555714296
2026-09-13 08:00:00+00:00,23226.583555714296
2026-09-13 10:00:00+00:00,23226.583555714296
2026-09-13 12:00:00+00:00,23226.583555714296
2026-09-13 14:00:00+00:00,23226.583555714296
2026-09-13 16:00:00+00:00,23226.583555714296
2026-09-13 18:00:00+00:00,23226.583555714296
2026-09-13 20:00:00+00:00,23226.583555714296
2026-09-13 22:00:00+00:00,23226.583555714296
2026-09-14 00:00:00+00:00,23226.583555714296
2026-09-14 02:00:00+00:00,23226.583555714296
2026-09-14 04:00:00+00:00,23226.583555714296
2026-09-14 06:00:00+00:00,23226.583555714296
2026-09-14 08:00:00+00:00,23226.583555714296
2026-09-14 10:00:00+00:00,23226.583555714296
2026-09-14 12:00:00+00:00,23226.583555714296
2026-09-14 14:00:00+00:00,23226.583555714296
2026-09-14 16:00:00+00:00,23226.583555714296
2026-09-14 18:00:00+00:00,23226.583555714296
2026-09-14 20:00:00+00:00,23226.583555714296
2026-09-14 22:00:00+00:00,23226.583555714296
2026-09-15 00:00:00+00:00,23226.583555714296
2026-09-15 02:00:00+00:00,23226.583555714296
2026-09-15 04:00:00+00:00,23226.583555714296
2026-09-15 06:00:00+00:00,23226.583555714296
2026-09-15 08:00:00+00:00,23226.583555714296
2026-09-15 10:00:00+00:00,23226.583555714296
2026-09-15 12:00:00+00:00,23226.583555714296
2026-09-15 14:00:00+00:00,23226.583555714296
2026-09-15 16:00:00+00:00,23226.583555714296
2026-09-15 18:00:00+00:00,23226.583555714296
2026-09-15 20:00:00+00:00,23226.583555714296
2026-09-15 22:00:00+00:00,23226.583555714296
2026-09-16 00:00:00+00:00,23226.583555714296
2026-09-16 02:00:00+00:00,22978.731992539047
2026-09-16 04:00:00+00:00,22906.038410703517
2026-09-16 06:00:00+00:00,23090.568272286026
2026-09-16 08:00:00+00:00,23035.921968248538
2026-09-16 10:00:00+00:00,22991.187456349748
2026-09-16 12:00:00+00:00,23158.94187597021
2026-09-16 14:00:00+00:00,23360.247179514758
2026-09-16 16:00:00+00:00,23255.67844564443
2026-09-16 18:00:00+00:00,22886.61872247942
2026-09-16 20:00:00+00:00,22596.78664455206
2026-09-16 22:00:00+00:00,22596.78664455206
2026-09-17 00:00:00+00:00,22596.78664455206
2026-09-17 02:00:00+00:00,22596.78664455206
2026-09-17 04:00:00+00:00,22596.78664455206
2026-09-17 06:00:00+00:00,22596.78664455206
2026-09-17 08:00:00+00:00,22596.78664455206
2026-09-17 10:00:00+00:00,22596.78664455206
2026-09-17 12:00:00+00:00,22596.78664455206
2026-09-17 14:00:00+00:00,22596.78664455206
2026-09-17 16:00:00+00:00,22596.78664455206
2026-09-17 18:00:00+00:00,22596.78664455206
2026-09-17 20:00:00+00:00,22596.78664455206
2026-09-17 22:00:00+00:00,22596.78664455206
2026-09-18 00:00:00+00:00,22596.78664455206
2026-09-18 02:00:00+00:00,22596.78664455206
2026-09-18 04:00:00+00:00,22596.78664455206
2026-09-18 06:00:00+00:00,22596.78664455206
2026-09-18 08:00:00+00:00,22596.78664455206
2026-09-18 10:00:00+00:00,22596.78664455206
2026-09-18 12:00:00+00:00,22596.78664455206
2026-09-18 14:00:00+00:00,22596.78664455206
2026-09-18 16:00:00+00:00,22596.78664455206
2026-09-18 18:00:00+00:00,22596.78664455206
2026-09-18 20:00:00+00:00,22596.78664455206
2026-09-18 22:00:00+00:00,22596.78664455206
2026-09-19 00:00:00+00:00,22596.78664455206
2026-09-19 02:00:00+00:00,22596.78664455206
2026-09-19 04:00:00+00:00,22596.78664455206
2026-09-19 06:00:00+00:00,22596.78664455206
2026-09-19 08:00:00+00:00,22596.78664455206
2026-09-19 10:00:00+00:00,22596.78664455206
2026-09-19 12:00:00+00:00,22596.78664455206
2026-09-19 14:00:00+00:00,22596.78664455206
2026-09-19 16:00:00+00:00,22596.78664455206
2026-09-19 18:00:00+00:00,22596.78664455206
2026-09-19 20:00:00+00:00,22596.78664455206
2026-09-19 22:00:00+00:00,22596.78664455206
2026-09-20 00:00:00+00:00,22596.78664455206
2026-09-20 02:00:00+00:00,22596.78664455206
2026-09-20 04:00:00+00:00,22596.78664455206
2026-09-20 06:00:00+00:00,22596.78664455206
2026-09-20 08:00:00+00:00,22596.78664455206
2026-09-20 10:00:00+00:00,22596.78664455206
2026-09-20 12:00:00+00:00,22596.78664455206
2026-09-20 14:00:00+00:00,22596.78664455206
2026-09-20 16:00:00+00:00,22596.78664455206
2026-09-20 18:00:00+00:00,22596.78664455206
2026-09-20 20:00:00+00:00,22596.78664455206
2026-09-20 22:00:00+00:00,22596.78664455206
2026-09-21 00:00:00+00:00,22596.78664455206
2026-09-21 02:00:00+00:00,22596.78664455206
2026-09-21 04:00:00+00:00,22596.78664455206
2026-09-21 06:00:00+00:00,22596.78664455206
2026-09-21 08:00:00+00:00,22596.78664455206
2026-09-21 10:00:00+00:00,22596.78664455206
2026-09-21 12:00:00+00:00,22596.78664455206
2026-09-21 14:00:00+00:00,22596.78664455206
2026-09-21 16:00:00+00:00,22596.78664455206
2026-09-21 18:00:00+00:00,22596.78664455206
2026-09-21 20:00:00+00:00,22596.78664455206
2026-09-21 22:00:00+00:00,22596.78664455206
2026-09-22 00:00:00+00:00,22596.78664455206
2026-09-22 02:00:00+00:00,22596.78664455206
2026-09-22 04:00:00+00:00,22596.78664455206
2026-09-22 06:00:00+00:00,22596.78664455206
2026-09-22 08:00:00+00:00,22596.78664455206
2026-09-22 10:00:00+00:00,22596.78664455206
2026-09-22 12:00:00+00:00,22596.78664455206
2026-09-22 14:00:00+00:00,22596.78664455206
2026-09-22 16:00:00+00:00,22596.78664455206
2026-09-22 18:00:00+00:00,22596.78664455206
2026-09-22 20:00:00+00:00,22596.78664455206
2026-09-22 22:00:00+00:00,22596.78664455206
2026-09-23 00:00:00+00:00,22596.78664455206
2026-09-23 02:00:00+00:00,22596.78664455206
2026-09-23 04:00:00+00:00,22596.78664455206
2026-09-23 06:00:00+00:00,22596.78664455206
2026-09-23 08:00:00+00:00,22596.78664455206
2026-09-23 10:00:00+00:00,22596.78664455206
2026-09-23 12:00:00+00:00,22596.78664455206
2026-09-23 14:00:00+00:00,22596.78664455206
2026-09-23 16:00:00+00:00,22596.78664455206
2026-09-23 18:00:00+00:00,22596.78664455206
2026-09-23 20:00:00+00:00,22596.78664455206
2026-09-23 22:00:00+00:00,22596.78664455206
2026-09-24 00:00:00+00:00,22596.78664455206
2026-09-24 02:00:00+00:00,22596.78664455206
2026-09-24 04:00:00+00:00,22596.78664455206
2026-09-24 06:00:00+00:00,22596.78664455206
2026-09-24 08:00:00+00:00,22596.78664455206
2026-09-24 10:00:00+00:00,22596.78664455206
2026-09-24 12:00:00+00:00,22596.78664455206
2026-09-24 14:00:00+00:00,22596.78664455206
2026-09-24 16:00:00+00:00,22596.78664455206
2026-09-24 18:00:00+00:00,22596.78664455206
2026-09-24 20:00:00+00:00,22596.78664455206
2026-09-24 22:00:00+00:00,22596.78664455206
