ts,equity
2023-09-24 00:00:00+00:00,10000.0
2023-09-24 04:00:00+00:00,10000.0
2023-09-24 08:00:00+00:00,10000.0
2023-09-24 12:00:00+00:00,10000.0
2023-09-24 16:00:00+00:00,10000.0
2023-09-24 20:00:00+00:00,10000.0
2023-09-25 00:00:00+00:00,10000.0
2023-09-25 04:00:00+00:00,10000.0
2023-09-25 08:00:00+00:00,10000.0
2023-09-25 12:00:00+00:00,10000.0
2023-09-25 16:00:00+00:00,10000.0
2023-09-25 20:00:00+00:00,10000.0
2023-09-26 00:00:00+00:00,10000.0
2023-09-26 04:00:00+00:00,10000.0
2023-09-26 08:00:00+00:00,10000.0
2023-09-26 12:00:00+00:00,10000.0
2023-09-26 16:00:00+00:00,10000.0
2023-09-26 20:00:00+00:00,10000.0
2023-09-27 00:00:00+00:00,10000.0
2023-09-27 04:00:00+00:00,10000.0
2023-09-27 08:00:00+00:00,10000.0
2023-09-27 12:00:00+00:00,10000.0
2023-09-27 16:00:00+00:00,10000.0
2023-09-27 20:00:00+00:00,10000.0
2023-09-28 00:00:00+00:00,10000.0
2023-09-28 04:00:00+00:00,10000.0
2023-09-28 08:00:00+00:00,10000.0
2023-09-28 12:00:00+00:00,10000.0
2023-09-28 16:00:00+00:00,10000.0
2023-09-28 20:00:00+00:00,10000.0
2023-09-29 00:00:00+00:00,10000.0
2023-09-29 04:00:00+00:00,10000.0
2023-09-29 08:00:00+00:00,10000.0
2023-09-29 12:00:00+00:00,10000.0
2023-09-29 16:00:00+00:00,10000.0
2023-09-29 20:00:00+00:00,10000.0
2023-09-30 00:00:00+00:00,10000.0
2023-09-30 04:00:00+00:00,10000.0
2023-09-30 08:00:00+00:00,10000.0
2023-09-30 12:00:00+00:00,10000.0
2023-09-30 16:00:00+00:00,10000.0
2023-09-30 20:00:00+00:00,10000.0
2023-10-01 00:00:00+00:00,10000.0
2023-10-01 04:00:00+00:00,10000.0
2023-10-01 08:00:00+00:00,10000.0
2023-10-01 12:00:00+00:00,10000.0
2023-10-01 16:00:00+00:00,10000.0
2023-10-01 20:00:00+00:00,10000.0
2023-10-02 00:00:00+00:00,10000.0
2023-10-02 04:00:00+00:00,10000.0
2023-10-02 08:00:00+00:00,10000.0
2023-10-02 12:00:00+00:00,10000.0
2023-10-02 16:00:00+00:00,10000.0
2023-10-02 20:00:00+00:00,10000.0
2023-10-03 00:00:00+00:00,10000.0
2023-10-03 04:00:00+00:00,10000.0
2023-10-03 08:00:00+00:00,10000.0
2023-10-03 12:00:00+00:00,10000.0
2023-10-03 16:00:00+00:00,10000.0
2023-10-03 20:00:00+00:00,10000.0
2023-10-04 00:00:00+00:00,10000.0
2023-10-04 04:00:00+00:00,10000.0
2023-10-04 08:00:00+00:00,10000.0
2023-10-04 12:00:00+00:00,10000.0
2023-10-04 16:00:00+00:00,10000.0
2023-10-04 20:00:00+00:00,10000.0
2023-10-05 00:00:00+00:00,10000.0
2023-10-05 04:00:00+00:00,10000.0
2023-10-05 08:00:00+00:00,10000.0
2023-10-05 12:00:00+00:00,10000.0
2023-10-05 16:00:00+00:00,10000.0
2023-10-05 20:00:00+00:00,10000.0
2023-10-06 00:00:00+00:00,10000.0
2023-10-06 04:00:00+00:00,10000.0
2023-10-06 08:00:00+00:00,10000.0
2023-10-06 12:00:00+00:00,10000.0
2023-10-06 16:00:00+00:00,10000.0
2023-10-06 20:00:00+00:00,10000.0
2023-10-07 00:00:00+00:00,10000.0
2023-10-07 04:00:00+00:00,10000.0
2023-10-07 08:00:00+00:00,10000.0
2023-10-07 12:00:00+00:00,10000.0
2023-10-07 16:00:00+00:00,10000.0
2023-10-07 20:00:00+00:00,10000.0
2023-10-08 00:00:00+00:00,10000.0
2023-10-08 04:00:00+00:00,10000.0
2023-10-08 08:00:00+00:00,10000.0
2023-10-08 12:00:00+00:00,10000.0
2023-10-08 16:00:00+00:00,10000.0
2023-10-08 20:00:00+00:00,10000.0
2023-10-09 00:00:00+00:00,10000.0
2023-10-09 04:00:00+00:00,10000.0
2023-10-09 08:00:00+00:00,10000.0
2023-10-09 12:00:00+00:00,10000.0
2023-10-09 16:00:00+00:00,10000.0
2023-10-09 20:00:00+00:00,10000.0
2023-10-10 00:00:00+00:00,10000.0
2023-10-10 04:00:00+00:00,10000.0
2023-10-10 08:00:00+00:00,10000.0
2023-10-10 12:00:00+00:00,10000.0
2023-10-10 16:00:00+00:00,10000.0
2023-10-10 20:00:00+00:00,10000.0
2023-10-11 00:00:00+00:00,10000.0
2023-10-11 04:00:00+00:00,10000.0
2023-10-11 08:00:00+00:00,10000.0
2023-10-11 12:00:00+00:00,10000.0
2023-10-11 16:00:00+00:00,10000.0
2023-10-11 20:00:00+00:00,10000.0
2023-10-12 00:00:00+00:00,10000.0
2023-10-12 04:00:00+00:00,10000.0
2023-10-12 08:00:00+00:00,10000.0
2023-10-12 12:00:00+00:00,10000.0
2023-10-12 16:00:00+00:00,10000.0
2023-10-12 20:00:00+00:00,10000.0
2023-10-13 00:00:00+00:00,10000.0
2023-10-13 04:00:00+00:00,10000.0
2023-10-13 08:00:00+00:00,10000.0
2023-10-13 12:00:00+00:00,10000.0
2023-10-13 16:00:00+00:00,10000.0
2023-10-13 20:00:00+00:00,10000.0
2023-10-14 00:00:00+00:00,10000.0
2023-10-14 04:00:00+00:00,10000.0
2023-10-14 08:00:00+00:00,10000.0
2023-10-14 12:00:00+00:00,10000.0
2023-10-14 16:00:00+00:00,10000.0
2023-10-14 20:00:00+00:00,10000.0
2023-10-15 00:00:00+00:00,10000.0
2023-10-15 04:00:00+00:00,10000.0
2023-10-15 08:00:00+00:00,10000.0
2023-10-15 12:00:00+00:00,10000.0
2023-10-15 16:00:00+00:00,10000.0
2023-10-15 20:00:00+00:00,10000.0
2023-10-16 00:00:00+00:00,10000.0
2023-10-16 04:00:00+00:00,10000.0
2023-10-16 08:00:00+00:00,10000.0
2023-10-16 12:00:00+00:00,10000.0
2023-10-16 16:00:00+00:00,10000.0
2023-10-16 20:00:00+00:00,10000.0
2023-10-17 00:00:00+00:00,10000.0
2023-10-17 04:00:00+00:00,9924.12044599052
2023-10-17 08:00:00+00:00,9883.886254517965
2023-10-17 12:00:00+00:00,9347.696798558925
2023-10-17 16:00:00+00:00,9347.696798558925
2023-10-17 20:00:00+00:00,9347.696798558925
2023-10-18 00:00:00+00:00,9347.696798558925
2023-10-18 04:00:00+00:00,9347.696798558925
2023-10-18 08:00:00+00:00,9347.696798558925
2023-10-18 12:00:00+00:00,9347.696798558925
2023-10-18 16:00:00+00:00,9347.696798558925
2023-10-18 20:00:00+00:00,9347.696798558925
2023-10-19 00:00:00+00:00,9347.696798558925
2023-10-19 04:00:00+00:00,9347.696798558925
2023-10-19 08:00:00+00:00,9347.696798558925
2023-10-19 12:00:00+00:00,9347.696798558925
2023-10-19 16:00:00+00:00,9347.696798558925
2023-10-19 20:00:00+00:00,9347.696798558925
2023-10-20 00:00:00+00:00,9347.696798558925
2023-10-20 04:00:00+00:00,9347.696798558925
2023-10-20 08:00:00+00:00,9347.696798558925
2023-10-20 12:00:00+00:00,9347.696798558925
2023-10-20 16:00:00+00:00,9347.696798558925
2023-10-20 20:00:00+00:00,9347.696798558925
2023-10-21 00:00:00+00:00,9373.045631839403
2023-10-21 04:00:00+00:00,9987.95739806104
2023-10-21 08:00:00+00:00,10158.617477668566
2023-10-21 12:00:00+00:00,10444.3705925598
2023-10-21 16:00:00+00:00,10513.705149616522
2023-10-21 20:00:00+00:00,10466.682485140751
2023-10-22 00:00:00+00:00,10283.634413346841
2023-10-22 04:00:00+00:00,9729.101040143534
2023-10-22 08:00:00+00:00,9729.101040143534
2023-10-22 12:00:00+00:00,9729.101040143534
2023-10-22 16:00:00+00:00,9729.101040143534
2023-10-22 20:00:00+00:00,9729.101040143534
2023-10-23 00:00:00+00:00,9729.101040143534
2023-10-23 04:00:00+00:00,9729.101040143534
2023-10-23 08:00:00+00:00,9729.101040143534
2023-10-23 12:00:00+00:00,9729.101040143534
2023-10-23 16:00:00+00:00,9729.101040143534
2023-10-23 20:00:00+00:00,9729.101040143534
2023-10-24 00:00:00+00:00,9729.101040143534
2023-10-24 04:00:00+00:00,9729.101040143534
2023-10-24 08:00:00+00:00,9729.101040143534
2023-10-24 12:00:00+00:00,9729.101040143534
2023-10-24 16:00:00+00:00,9729.101040143534
2023-10-24 20:00:00+00:00,9729.101040143534
2023-10-25 00:00:00+00:00,9729.101040143534
2023-10-25 04:00:00+00:00,9729.101040143534
2023-10-25 08:00:00+00:00,9729.101040143534
2023-10-25 12:00:00+00:00,9729.101040143534
2023-10-25 16:00:00+00:00,9729.101040143534
2023-10-25 20:00:00+00:00,9729.101040143534
2023-10-26 00:00:00+00:00,9729.101040143534
2023-10-26 04:00:00+00:00,9729.101040143534
2023-10-26 08:00:00+00:00,9729.101040143534
2023-10-26 12:00:00+00:00,9729.101040143534
2023-10-26 16:00:00+00:00,9729.101040143534
2023-10-26 20:00:00+00:00,9729.101040143534
2023-10-27 00:00:00+00:00,9729.101040143534
2023-10-27 04:00:00+00:00,9729.101040143534
2023-10-27 08:00:00+00:00,9729.101040143534
2023-10-27 12:00:00+00:00,9729.101040143534
2023-10-27 16:00:00+00:00,9729.101040143534
2023-10-27 20:00:00+00:00,9729.101040143534
2023-10-28 00:00:00+00:00,9729.101040143534
2023-10-28 04:00:00+00:00,9729.101040143534
2023-10-28 08:00:00+00:00,9729.101040143534
2023-10-28 12:00:00+00:00,9729.101040143534
2023-10-28 16:00:00+00:00,9729.101040143534
2023-10-28 20:00:00+00:00,9729.101040143534
2023-10-29 00:00:00+00:00,9729.101040143534
2023-10-29 04:00:00+00:00,9729.101040143534
2023-10-29 08:00:00+00:00,9729.101040143534
2023-10-29 12:00:00+00:00,9729.101040143534
2023-10-29 16:00:00+00:00,9729.101040143534
2023-10-29 20:00:00+00:00,9729.101040143534
2023-10-30 00:00:00+00:00,9729.101040143534
2023-10-30 04:00:00+00:00,9729.101040143534
2023-10-30 08:00:00+00:00,9729.101040143534
2023-10-30 12:00:00+00:00,9729.101040143534
2023-10-30 16:00:00+00:00,9729.101040143534
2023-10-30 20:00:00+00:00,9729.101040143534
2023-10-31 00:00:00+00:00,9729.101040143534
2023-10-31 04:00:00+00:00,9729.101040143534
2023-10-31 08:00:00+00:00,9729.101040143534
2023-10-31 12:00:00+00:00,9729.101040143534
2023-10-31 16:00:00+00:00,9729.101040143534
2023-10-31 20:00:00+00:00,9729.101040143534
2023-11-01 00:00:00+00:00,9729.101040143534
2023-11-01 04:00:00+00:00,9729.101040143534
2023-11-01 08:00:00+00:00,9729.101040143534
2023-11-01 12:00:00+00:00,9729.101040143534
2023-11-01 16:00:00+00:00,9729.101040143534
2023-11-01 20:00:00+00:00,9729.101040143534
2023-11-02 00:00:00+00:00,9729.101040143534
2023-11-02 04:00:00+00:00,9729.101040143534
2023-11-02 08:00:00+00:00,9729.101040143534
2023-11-02 12:00:00+00:00,9729.101040143534
2023-11-02 16:00:00+00:00,9729.101040143534
2023-11-02 20:00:00+00:00,9729.101040143534
2023-11-03 00:00:00+00:00,9729.101040143534
2023-11-03 04:00:00+00:00,9729.101040143534
2023-11-03 08:00:00+00:00,9729.101040143534
2023-11-03 12:00:00+00:00,9729.101040143534
2023-11-03 16:00:00+00:00,9729.101040143534
2023-11-03 20:00:00+00:00,9729.101040143534
2023-11-04 00:00:00+00:00,9729.101040143534
2023-11-04 04:00:00+00:00,9729.101040143534
2023-11-04 08:00:00+00:00,9729.101040143534
2023-11-04 12:00:00+00:00,9729.101040143534
2023-11-04 16:00:00+00:00,9729.101040143534
2023-11-04 20:00:00+00:00,9729.101040143534
2023-11-05 00:00:00+00:00,9729.101040143534
2023-11-05 04:00:00+00:00,9729.101040143534
2023-11-05 08:00:00+00:00,9729.101040143534
2023-11-05 12:00:00+00:00,9729.101040143534
2023-11-05 16:00:00+00:00,9729.101040143534
2023-11-05 20:00:00+00:00,9729.101040143534
2023-11-06 00:00:00+00:00,9729.101040143534
2023-11-06 04:00:00+00:00,9729.101040143534
2023-11-06 08:00:00+00:00,9729.101040143534
2023-11-06 12:00:00+00:00,9729.101040143534
2023-11-06 16:00:00+00:00,9729.101040143534
2023-11-06 20:00:00+00:00,9729.101040143534
2023-11-07 00:00:00+00:00,9729.101040143534
2023-11-07 04:00:00+00:00,9729.101040143534
2023-11-07 08:00:00+00:00,9729.101040143534
2023-11-07 12:00:00+00:00,9729.101040143534
2023-11-07 16:00:00+00:00,9729.101040143534
2023-11-07 20:00:00+00:00,9729.101040143534
2023-11-08 00:00:00+00:00,9729.101040143534
2023-11-08 04:00:00+00:00,9729.101040143534
2023-11-08 08:00:00+00:00,9729.101040143534
2023-11-08 12:00:00+00:00,9729.101040143534
2023-11-08 16:00:00+00:00,9729.101040143534
2023-11-08 20:00:00+00:00,9729.101040143534
2023-11-09 00:00:00+00:00,9729.101040143534
2023-11-09 04:00:00+00:00,9729.101040143534
2023-11-09 08:00:00+00:00,9729.101040143534
2023-11-09 12:00:00+00:00,9729.101040143534
2023-11-09 16:00:00+00:00,9729.101040143534
2023-11-09 20:00:00+00:00,9729.101040143534
2023-11-10 00:00:00+00:00,9729.101040143534
2023-11-10 04:00:00+00:00,9729.101040143534
2023-11-10 08:00:00+00:00,9729.101040143534
2023-11-10 12:00:00+00:00,9729.101040143534
2023-11-10 16:00:00+00:00,9729.101040143534
2023-11-10 20:00:00+00:00,9729.101040143534
2023-11-11 00:00:00+00:00,9729.101040143534
2023-11-11 04:00:00+00:00,9729.101040143534
2023-11-11 08:00:00+00:00,9729.101040143534
2023-11-11 12:00:00+00:00,9729.101040143534
2023-11-11 16:00:00+00:00,9729.101040143534
2023-11-11 20:00:00+00:00,9729.101040143534
2023-11-12 00:00:00+00:00,9729.101040143534
2023-11-12 04:00:00+00:00,9729.101040143534
2023-11-12 08:00:00+00:00,9729.101040143534
2023-11-12 12:00:00+00:00,9729.101040143534
2023-11-12 16:00:00+00:00,9729.101040143534
2023-11-12 20:00:00+00:00,9729.101040143534
2023-11-13 00:00:00+00:00,9729.101040143534
2023-11-13 04:00:00+00:00,9729.101040143534
2023-11-13 08:00:00+00:00,9729.101040143534
2023-11-13 12:00:00+00:00,9729.101040143534
2023-11-13 16:00:00+00:00,9729.101040143534
2023-11-13 20:00:00+00:00,9729.101040143534
2023-11-14 00:00:00+00:00,9729.101040143534
2023-11-14 04:00:00+00:00,9729.101040143534
2023-11-14 08:00:00+00:00,9729.101040143534
2023-11-14 12:00:00+00:00,9729.101040143534
2023-11-14 16:00:00+00:00,9729.101040143534
2023-11-14 20:00:00+00:00,9729.101040143534
2023-11-15 00:00:00+00:00,9729.101040143534
2023-11-15 04:00:00+00:00,9729.101040143534
2023-11-15 08:00:00+00:00,9729.101040143534
2023-11-15 12:00:00+00:00,9729.101040143534
2023-11-15 16:00:00+00:00,9729.101040143534
2023-11-15 20:00:00+00:00,9729.101040143534
2023-11-16 00:00:00+00:00,9793.950757085706
2023-11-16 04:00:00+00:00,9981.489826822743
2023-11-16 08:00:00+00:00,10006.657906465345
2023-11-16 12:00:00+00:00,9360.898715078005
2023-11-16 16:00:00+00:00,9360.898715078005
2023-11-16 20:00:00+00:00,9360.898715078005
2023-11-17 00:00:00+00:00,9360.898715078005
2023-11-17 04:00:00+00:00,9360.898715078005
2023-11-17 08:00:00+00:00,9360.898715078005
2023-11-17 12:00:00+00:00,9360.898715078005
2023-11-17 16:00:00+00:00,9360.898715078005
2023-11-17 20:00:00+00:00,9360.898715078005
2023-11-18 00:00:00+00:00,9360.898715078005
2023-11-18 04:00:00+00:00,9360.898715078005
2023-11-18 08:00:00+00:00,9360.898715078005
2023-11-18 12:00:00+00:00,9360.898715078005
2023-11-18 16:00:00+00:00,9360.898715078005
2023-11-18 20:00:00+00:00,9360.898715078005
2023-11-19 00:00:00+00:00,9360.898715078005
2023-11-19 04:00:00+00:00,9360.898715078005
2023-11-19 08:00:00+00:00,9360.898715078005
2023-11-19 12:00:00+00:00,9360.898715078005
2023-11-19 16:00:00+00:00,9360.898715078005
2023-11-19 20:00:00+00:00,9360.898715078005
2023-11-20 00:00:00+00:00,9360.898715078005
2023-11-20 04:00:00+00:00,9360.898715078005
2023-11-20 08:00:00+00:00,9360.898715078005
2023-11-20 12:00:00+00:00,9360.898715078005
2023-11-20 16:00:00+00:00,9360.898715078005
2023-11-20 20:00:00+00:00,9360.898715078005
2023-11-21 00:00:00+00:00,9360.898715078005
2023-11-21 04:00:00+00:00,9360.898715078005
2023-11-21 08:00:00+00:00,9360.898715078005
2023-11-21 12:00:00+00:00,9360.898715078005
2023-11-21 16:00:00+00:00,9360.898715078005
2023-11-21 20:00:00+00:00,9360.898715078005
2023-11-22 00:00:00+00:00,9360.898715078005
2023-11-22 04:00:00+00:00,9360.898715078005
2023-11-22 08:00:00+00:00,9360.898715078005
2023-11-22 12:00:00+00:00,9360.898715078005
2023-11-22 16:00:00+00:00,9360.898715078005
2023-11-22 20:00:00+00:00,9360.898715078005
2023-11-23 00:00:00+00:00,9360.898715078005
2023-11-23 04:00:00+00:00,9360.898715078005
2023-11-23 08:00:00+00:00,9360.898715078005
2023-11-23 12:00:00+00:00,9360.898715078005
2023-11-23 16:00:00+00:00,9360.898715078005
2023-11-23 20:00:00+00:00,9360.898715078005
2023-11-24 00:00:00+00:00,9360.898715078005
2023-11-24 04:00:00+00:00,9360.898715078005
2023-11-24 08:00:00+00:00,9375.856088724793
2023-11-24 12:00:00+00:00,9740.95733522123
2023-11-24 16:00:00+00:00,9497.944326152512
2023-11-24 20:00:00+00:00,9442.001393221606
2023-11-25 00:00:00+00:00,9917.443008448514
2023-11-25 04:00:00+00:00,9814.390237260002
2023-11-25 08:00:00+00:00,9521.315369693863
2023-11-25 12:00:00+00:00,9619.951593545724
2023-11-25 16:00:00+00:00,9611.027370779046
2023-11-25 20:00:00+00:00,9691.9974052843
2023-11-26 00:00:00+00:00,9644.788783584601
2023-11-26 04:00:00+00:00,9643.31660113905
2023-11-26 08:00:00+00:00,9459.19972298701
2023-11-26 12:00:00+00:00,9379.652868283043
2023-11-26 16:00:00+00:00,9379.652868283043
2023-11-26 20:00:00+00:00,9379.652868283043
2023-11-27 00:00:00+00:00,9379.652868283043
2023-11-27 04:00:00+00:00,9379.652868283043
2023-11-27 08:00:00+00:00,9379.652868283043
2023-11-27 12:00:00+00:00,9379.652868283043
2023-11-27 16:00:00+00:00,9379.652868283043
2023-11-27 20:00:00+00:00,9379.652868283043
2023-11-28 00:00:00+00:00,9379.652868283043
2023-11-28 04:00:00+00:00,9379.652868283043
2023-11-28 08:00:00+00:00,9379.652868283043
2023-11-28 12:00:00+00:00,9379.652868283043
2023-11-28 16:00:00+00:00,9379.652868283043
2023-11-28 20:00:00+00:00,9379.652868283043
2023-11-29 00:00:00+00:00,9379.652868283043
2023-11-29 04:00:00+00:00,9379.652868283043
2023-11-29 08:00:00+00:00,9379.652868283043
2023-11-29 12:00:00+00:00,9379.652868283043
2023-11-29 16:00:00+00:00,9379.652868283043
2023-11-29 20:00:00+00:00,9379.652868283043
2023-11-30 00:00:00+00:00,9379.652868283043
2023-11-30 04:00:00+00:00,9379.652868283043
2023-11-30 08:00:00+00:00,9379.652868283043
2023-11-30 12:00:00+00:00,9379.652868283043
2023-11-30 16:00:00+00:00,9379.652868283043
2023-11-30 20:00:00+00:00,9379.652868283043
2023-12-01 00:00:00+00:00,9379.652868283043
2023-12-01 04:00:00+00:00,9379.652868283043
2023-12-01 08:00:00+00:00,9379.652868283043
2023-12-01 12:00:00+00:00,9219.351757860124
2023-12-01 16:00:00+00:00,9318.640258550637
2023-12-01 20:00:00+00:00,9280.709000168688
2023-12-02 00:00:00+00:00,9376.378678184523
2023-12-02 04:00:00+00:00,9432.372440557876
2023-12-02 08:00:00+00:00,9874.826480830206
2023-12-02 12:00:00+00:00,10174.664047087526
2023-12-02 16:00:00+00:00,10651.362969302203
2023-12-02 20:00:00+00:00,10676.650474890166
2023-12-03 00:00:00+00:00,10505.930310773938
2023-12-03 04:00:00+00:00,10491.48030758081
2023-12-03 08:00:00+00:00,10522.977861569056
2023-12-03 12:00:00+00:00,10150.137330965452
2023-12-03 16:00:00+00:00,10150.137330965452
2023-12-03 20:00:00+00:00,10150.137330965452
2023-12-04 00:00:00+00:00,10150.137330965452
2023-12-04 04:00:00+00:00,10150.137330965452
2023-12-04 08:00:00+00:00,10150.137330965452
2023-12-04 12:00:00+00:00,10150.137330965452
2023-12-04 16:00:00+00:00,10150.137330965452
2023-12-04 20:00:00+00:00,10150.137330965452
2023-12-05 00:00:00+00:00,10150.137330965452
2023-12-05 04:00:00+00:00,10150.137330965452
2023-12-05 08:00:00+00:00,10150.137330965452
2023-12-05 12:00:00+00:00,10150.137330965452
2023-12-05 16:00:00+00:00,10150.137330965452
2023-12-05 20:00:00+00:00,10150.137330965452
2023-12-06 00:00:00+00:00,10150.137330965452
2023-12-06 04:00:00+00:00,10150.137330965452
2023-12-06 08:00:00+00:00,10150.137330965452
2023-12-06 12:00:00+00:00,10150.137330965452
2023-12-06 16:00:00+00:00,10150.137330965452
2023-12-06 20:00:00+00:00,9609.815606543343
2023-12-07 00:00:00+00:00,9558.893938522175
2023-12-07 04:00:00+00:00,9558.893938522175
2023-12-07 08:00:00+00:00,9558.893938522175
2023-12-07 12:00:00+00:00,9558.893938522175
2023-12-07 16:00:00+00:00,9672.266681059547
2023-12-07 20:00:00+00:00,10101.334342979888
2023-12-08 00:00:00+00:00,10202.811854571728
2023-12-08 04:00:00+00:00,9883.218246310074
2023-12-08 08:00:00+00:00,10016.38070446142
2023-12-08 12:00:00+00:00,9818.621123658626
2023-12-08 16:00:00+00:00,9960.644053026666
2023-12-08 20:00:00+00:00,9980.066868998369
2023-12-09 00:00:00+00:00,10094.471396263265
2023-12-09 04:00:00+00:00,10942.012456846654
2023-12-09 08:00:00+00:00,10378.426072435597
2023-12-09 12:00:00+00:00,9882.02871446062
2023-12-09 16:00:00+00:00,9882.02871446062
2023-12-09 20:00:00+00:00,9882.02871446062
2023-12-10 00:00:00+00:00,9882.02871446062
2023-12-10 04:00:00+00:00,9882.02871446062
2023-12-10 08:00:00+00:00,9882.02871446062
2023-12-10 12:00:00+00:00,9882.02871446062
2023-12-10 16:00:00+00:00,9882.02871446062
2023-12-10 20:00:00+00:00,9882.02871446062
2023-12-11 00:00:00+00:00,9882.02871446062
2023-12-11 04:00:00+00:00,9882.02871446062
2023-12-11 08:00:00+00:00,9882.02871446062
2023-12-11 12:00:00+00:00,9882.02871446062
2023-12-11 16:00:00+00:00,9882.02871446062
2023-12-11 20:00:00+00:00,9882.02871446062
2023-12-12 00:00:00+00:00,9882.02871446062
2023-12-12 04:00:00+00:00,9882.02871446062
2023-12-12 08:00:00+00:00,9882.02871446062
2023-12-12 12:00:00+00:00,9882.02871446062
2023-12-12 16:00:00+00:00,9562.176670837203
2023-12-12 20:00:00+00:00,11571.47389626525
2023-12-13 00:00:00+00:00,10149.975852911692
2023-12-13 04:00:00+00:00,10149.975852911692
2023-12-13 08:00:00+00:00,10149.975852911692
2023-12-13 12:00:00+00:00,10149.975852911692
2023-12-13 16:00:00+00:00,10149.975852911692
2023-12-13 20:00:00+00:00,10149.975852911692
2023-12-14 00:00:00+00:00,10149.975852911692
2023-12-14 04:00:00+00:00,10149.975852911692
2023-12-14 08:00:00+00:00,10149.975852911692
2023-12-14 12:00:00+00:00,10149.975852911692
2023-12-14 16:00:00+00:00,10149.975852911692
2023-12-14 20:00:00+00:00,10149.975852911692
2023-12-15 00:00:00+00:00,10149.975852911692
2023-12-15 04:00:00+00:00,10149.975852911692
2023-12-15 08:00:00+00:00,10149.975852911692
2023-12-15 12:00:00+00:00,10149.975852911692
2023-12-15 16:00:00+00:00,10149.975852911692
2023-12-15 20:00:00+00:00,10149.975852911692
2023-12-16 00:00:00+00:00,10149.975852911692
2023-12-16 04:00:00+00:00,10149.975852911692
2023-12-16 08:00:00+00:00,10149.975852911692
2023-12-16 12:00:00+00:00,10149.975852911692
2023-12-16 16:00:00+00:00,10149.975852911692
2023-12-16 20:00:00+00:00,10149.975852911692
2023-12-17 00:00:00+00:00,10149.975852911692
2023-12-17 04:00:00+00:00,10149.975852911692
2023-12-17 08:00:00+00:00,10149.975852911692
2023-12-17 12:00:00+00:00,10149.975852911692
2023-12-17 16:00:00+00:00,10149.975852911692
2023-12-17 20:00:00+00:00,10149.975852911692
2023-12-18 00:00:00+00:00,10149.975852911692
2023-12-18 04:00:00+00:00,10149.975852911692
2023-12-18 08:00:00+00:00,10149.975852911692
2023-12-18 12:00:00+00:00,10149.975852911692
2023-12-18 16:00:00+00:00,10149.975852911692
2023-12-18 20:00:00+00:00,10149.975852911692
2023-12-19 00:00:00+00:00,10149.975852911692
2023-12-19 04:00:00+00:00,10149.975852911692
2023-12-19 08:00:00+00:00,10149.975852911692
2023-12-19 12:00:00+00:00,10149.975852911692
2023-12-19 16:00:00+00:00,10149.975852911692
2023-12-19 20:00:00+00:00,10149.975852911692
2023-12-20 00:00:00+00:00,10149.975852911692
2023-12-20 04:00:00+00:00,10149.975852911692
2023-12-20 08:00:00+00:00,10149.975852911692
2023-12-20 12:00:00+00:00,10149.975852911692
2023-12-20 16:00:00+00:00,10149.975852911692
2023-12-20 20:00:00+00:00,10075.26974180882
2023-12-21 00:00:00+00:00,10057.305837275377
2023-12-21 04:00:00+00:00,10302.877750958065
2023-12-21 08:00:00+00:00,10496.07452369502
2023-12-21 12:00:00+00:00,10430.762844524093
2023-12-21 16:00:00+00:00,10651.00924938838
2023-12-21 20:00:00+00:00,10758.120403228702
2023-12-22 00:00:00+00:00,10642.720361259846
2023-12-22 04:00:00+00:00,12377.398560039692
2023-12-22 08:00:00+00:00,13034.874315484993
2023-12-22 12:00:00+00:00,13224.278185080684
2023-12-22 16:00:00+00:00,13359.863997641532
2023-12-22 20:00:00+00:00,14147.522848442924
2023-12-23 00:00:00+00:00,13079.13082738913
2023-12-23 04:00:00+00:00,13079.13082738913
2023-12-23 08:00:00+00:00,13079.13082738913
2023-12-23 12:00:00+00:00,13079.13082738913
2023-12-23 16:00:00+00:00,13079.13082738913
2023-12-23 20:00:00+00:00,13079.13082738913
2023-12-24 00:00:00+00:00,13079.13082738913
2023-12-24 04:00:00+00:00,13079.13082738913
2023-12-24 08:00:00+00:00,13079.13082738913
2023-12-24 12:00:00+00:00,13079.13082738913
2023-12-24 16:00:00+00:00,13079.13082738913
2023-12-24 20:00:00+00:00,13079.13082738913
2023-12-25 00:00:00+00:00,13079.13082738913
2023-12-25 04:00:00+00:00,13079.13082738913
2023-12-25 08:00:00+00:00,13079.13082738913
2023-12-25 12:00:00+00:00,13079.13082738913
2023-12-25 16:00:00+00:00,13079.13082738913
2023-12-25 20:00:00+00:00,13079.13082738913
2023-12-26 00:00:00+00:00,13079.13082738913
2023-12-26 04:00:00+00:00,13079.13082738913
2023-12-26 08:00:00+00:00,13079.13082738913
2023-12-26 12:00:00+00:00,13079.13082738913
2023-12-26 16:00:00+00:00,13079.13082738913
2023-12-26 20:00:00+00:00,13079.13082738913
2023-12-27 00:00:00+00:00,13079.13082738913
2023-12-27 04:00:00+00:00,13079.13082738913
2023-12-27 08:00:00+00:00,13079.13082738913
2023-12-27 12:00:00+00:00,14300.320844201522
2023-12-27 16:00:00+00:00,13939.162669453528
2023-12-27 20:00:00+00:00,14254.693307712489
2023-12-28 00:00:00+00:00,15514.231643652347
2023-12-28 04:00:00+00:00,15179.2504865966
2023-12-28 08:00:00+00:00,14878.317948860345
2023-12-28 12:00:00+00:00,14289.826525451732
2023-12-28 16:00:00+00:00,14289.826525451732
2023-12-28 20:00:00+00:00,14289.826525451732
2023-12-29 00:00:00+00:00,14289.826525451732
2023-12-29 04:00:00+00:00,14289.826525451732
2023-12-29 08:00:00+00:00,14289.826525451732
2023-12-29 12:00:00+00:00,14289.826525451732
2023-12-29 16:00:00+00:00,14289.826525451732
2023-12-29 20:00:00+00:00,14289.826525451732
2023-12-30 00:00:00+00:00,14289.826525451732
2023-12-30 04:00:00+00:00,14289.826525451732
2023-12-30 08:00:00+00:00,14289.826525451732
2023-12-30 12:00:00+00:00,14289.826525451732
2023-12-30 16:00:00+00:00,14289.826525451732
2023-12-30 20:00:00+00:00,14289.826525451732
2023-12-31 00:00:00+00:00,14289.826525451732
2023-12-31 04:00:00+00:00,14289.826525451732
2023-12-31 08:00:00+00:00,14289.826525451732
2023-12-31 12:00:00+00:00,14289.826525451732
2023-12-31 16:00:00+00:00,14289.826525451732
2023-12-31 20:00:00+00:00,14289.826525451732
2024-01-01 00:00:00+00:00,14289.826525451732
2024-01-01 04:00:00+00:00,14289.826525451732
2024-01-01 08:00:00+00:00,14289.826525451732
2024-01-01 12:00:00+00:00,14289.826525451732
2024-01-01 16:00:00+00:00,14289.826525451732
2024-01-01 20:00:00+00:00,14289.826525451732
2024-01-02 00:00:00+00:00,14289.826525451732
2024-01-02 04:00:00+00:00,14289.826525451732
2024-01-02 08:00:00+00:00,14289.826525451732
2024-01-02 12:00:00+00:00,14289.826525451732
2024-01-02 16:00:00+00:00,14289.826525451732
2024-01-02 20:00:00+00:00,14289.826525451732
2024-01-03 00:00:00+00:00,14289.826525451732
2024-01-03 04:00:00+00:00,14289.826525451732
2024-01-03 08:00:00+00:00,14289.826525451732
2024-01-03 12:00:00+00:00,14289.826525451732
2024-01-03 16:00:00+00:00,14289.826525451732
2024-01-03 20:00:00+00:00,14289.826525451732
2024-01-04 00:00:00+00:00,14289.826525451732
2024-01-04 04:00:00+00:00,14289.826525451732
2024-01-04 08:00:00+00:00,14289.826525451732
2024-01-04 12:00:00+00:00,14289.826525451732
2024-01-04 16:00:00+00:00,14289.826525451732
2024-01-04 20:00:00+00:00,14289.826525451732
2024-01-05 00:00:00+00:00,14289.826525451732
2024-01-05 04:00:00+00:00,14289.826525451732
2024-01-05 08:00:00+00:00,14289.826525451732
2024-01-05 12:00:00+00:00,14289.826525451732
2024-01-05 16:00:00+00:00,14289.826525451732
2024-01-05 20:00:00+00:00,14289.826525451732
2024-01-06 00:00:00+00:00,14289.826525451732
2024-01-06 04:00:00+00:00,14289.826525451732
2024-01-06 08:00:00+00:00,14289.826525451732
2024-01-06 12:00:00+00:00,14289.826525451732
2024-01-06 16:00:00+00:00,14289.826525451732
2024-01-06 20:00:00+00:00,14289.826525451732
2024-01-07 00:00:00+00:00,14289.826525451732
2024-01-07 04:00:00+00:00,14289.826525451732
2024-01-07 08:00:00+00:00,14289.826525451732
2024-01-07 12:00:00+00:00,14289.826525451732
2024-01-07 16:00:00+00:00,14289.826525451732
2024-01-07 20:00:00+00:00,14289.826525451732
2024-01-08 00:00:00+00:00,14289.826525451732
2024-01-08 04:00:00+00:00,14289.826525451732
2024-01-08 08:00:00+00:00,14289.826525451732
2024-01-08 12:00:00+00:00,14289.826525451732
2024-01-08 16:00:00+00:00,14289.826525451732
2024-01-08 20:00:00+00:00,14289.826525451732
2024-01-09 00:00:00+00:00,14289.826525451732
2024-01-09 04:00:00+00:00,14289.826525451732
2024-01-09 08:00:00+00:00,14289.826525451732
2024-01-09 12:00:00+00:00,14289.826525451732
2024-01-09 16:00:00+00:00,14289.826525451732
2024-01-09 20:00:00+00:00,14289.826525451732
2024-01-10 00:00:00+00:00,14289.826525451732
2024-01-10 04:00:00+00:00,14293.980429464948
2024-01-10 08:00:00+00:00,14908.336669340226
2024-01-10 12:00:00+00:00,15048.231402696163
2024-01-10 16:00:00+00:00,15452.670193295016
2024-01-10 20:00:00+00:00,16541.35594000559
2024-01-11 00:00:00+00:00,17343.167867601358
2024-01-11 04:00:00+00:00,16970.576944108805
2024-01-11 08:00:00+00:00,17281.32899358219
2024-01-11 12:00:00+00:00,16295.832926426243
2024-01-11 16:00:00+00:00,16013.051196452376
2024-01-11 20:00:00+00:00,16013.051196452376
2024-01-12 00:00:00+00:00,16013.051196452376
2024-01-12 04:00:00+00:00,16013.051196452376
2024-01-12 08:00:00+00:00,16013.051196452376
2024-01-12 12:00:00+00:00,16013.051196452376
2024-01-12 16:00:00+00:00,16013.051196452376
2024-01-12 20:00:00+00:00,16013.051196452376
2024-01-13 00:00:00+00:00,16013.051196452376
2024-01-13 04:00:00+00:00,16013.051196452376
2024-01-13 08:00:00+00:00,16013.051196452376
2024-01-13 12:00:00+00:00,16013.051196452376
2024-01-13 16:00:00+00:00,16013.051196452376
2024-01-13 20:00:00+00:00,16013.051196452376
2024-01-14 00:00:00+00:00,16013.051196452376
2024-01-14 04:00:00+00:00,16013.051196452376
2024-01-14 08:00:00+00:00,16013.051196452376
2024-01-14 12:00:00+00:00,16013.051196452376
2024-01-14 16:00:00+00:00,16013.051196452376
2024-01-14 20:00:00+00:00,16013.051196452376
2024-01-15 00:00:00+00:00,16013.051196452376
2024-01-15 04:00:00+00:00,16013.051196452376
2024-01-15 08:00:00+00:00,16013.051196452376
2024-01-15 12:00:00+00:00,16013.051196452376
2024-01-15 16:00:00+00:00,16013.051196452376
2024-01-15 20:00:00+00:00,16013.051196452376
2024-01-16 00:00:00+00:00,16013.051196452376
2024-01-16 04:00:00+00:00,16013.051196452376
2024-01-16 08:00:00+00:00,15899.267827431964
2024-01-16 12:00:00+00:00,15317.520414097831
2024-01-16 16:00:00+00:00,15317.520414097831
2024-01-16 20:00:00+00:00,15317.520414097831
2024-01-17 00:00:00+00:00,15317.520414097831
2024-01-17 04:00:00+00:00,15317.520414097831
2024-01-17 08:00:00+00:00,15317.520414097831
2024-01-17 12:00:00+00:00,15317.520414097831
2024-01-17 16:00:00+00:00,15317.520414097831
2024-01-17 20:00:00+00:00,15317.520414097831
2024-01-18 00:00:00+00:00,15317.520414097831
2024-01-18 04:00:00+00:00,15317.520414097831
2024-01-18 08:00:00+00:00,15317.520414097831
2024-01-18 12:00:00+00:00,15317.520414097831
2024-01-18 16:00:00+00:00,15317.520414097831
2024-01-18 20:00:00+00:00,15317.520414097831
2024-01-19 00:00:00+00:00,15317.520414097831
2024-01-19 04:00:00+00:00,15317.520414097831
2024-01-19 08:00:00+00:00,15317.520414097831
2024-01-19 12:00:00+00:00,15317.520414097831
2024-01-19 16:00:00+00:00,15317.520414097831
2024-01-19 20:00:00+00:00,15317.520414097831
2024-01-20 00:00:00+00:00,15317.520414097831
2024-01-20 04:00:00+00:00,15317.520414097831
2024-01-20 08:00:00+00:00,15317.520414097831
2024-01-20 12:00:00+00:00,15317.520414097831
2024-01-20 16:00:00+00:00,15317.520414097831
2024-01-20 20:00:00+00:00,15317.520414097831
2024-01-21 00:00:00+00:00,15317.520414097831
2024-01-21 04:00:00+00:00,15317.520414097831
2024-01-21 08:00:00+00:00,15317.520414097831
2024-01-21 12:00:00+00:00,15317.520414097831
2024-01-21 16:00:00+00:00,15317.520414097831
2024-01-21 20:00:00+00:00,15317.520414097831
2024-01-22 00:00:00+00:00,15317.520414097831
2024-01-22 04:00:00+00:00,15317.520414097831
2024-01-22 08:00:00+00:00,15317.520414097831
2024-01-22 12:00:00+00:00,15317.520414097831
2024-01-22 16:00:00+00:00,15317.520414097831
2024-01-22 20:00:00+00:00,15317.520414097831
2024-01-23 00:00:00+00:00,15317.520414097831
2024-01-23 04:00:00+00:00,15317.520414097831
2024-01-23 08:00:00+00:00,15317.520414097831
2024-01-23 12:00:00+00:00,15317.520414097831
2024-01-23 16:00:00+00:00,15317.520414097831
2024-01-23 20:00:00+00:00,15317.520414097831
2024-01-24 00:00:00+00:00,15317.520414097831
2024-01-24 04:00:00+00:00,15317.520414097831
2024-01-24 08:00:00+00:00,15317.520414097831
2024-01-24 12:00:00+00:00,15317.520414097831
2024-01-24 16:00:00+00:00,15317.520414097831
2024-01-24 20:00:00+00:00,15317.520414097831
2024-01-25 00:00:00+00:00,15317.520414097831
2024-01-25 04:00:00+00:00,15317.520414097831
2024-01-25 08:00:00+00:00,15317.520414097831
2024-01-25 12:00:00+00:00,15317.520414097831
2024-01-25 16:00:00+00:00,15317.520414097831
2024-01-25 20:00:00+00:00,15317.520414097831
2024-01-26 00:00:00+00:00,15317.520414097831
2024-01-26 04:00:00+00:00,15317.520414097831
2024-01-26 08:00:00+00:00,15317.520414097831
2024-01-26 12:00:00+00:00,15120.56353601404
2024-01-26 16:00:00+00:00,15468.269349816808
2024-01-26 20:00:00+00:00,15591.928206865501
2024-01-27 00:00:00+00:00,15627.884625586175
2024-01-27 04:00:00+00:00,15324.358340103016
2024-01-27 08:00:00+00:00,15316.39644706492
2024-01-27 12:00:00+00:00,15399.176343105783
2024-01-27 16:00:00+00:00,15378.943199157555
2024-01-27 20:00:00+00:00,15377.921225132359
2024-01-28 00:00:00+00:00,15769.545555088695
2024-01-28 04:00:00+00:00,15919.775736792479
2024-01-28 08:00:00+00:00,15970.005964525659
2024-01-28 12:00:00+00:00,15687.94113357161
2024-01-28 16:00:00+00:00,15507.228737013116
2024-01-28 20:00:00+00:00,15301.772903941364
2024-01-29 00:00:00+00:00,15301.772903941364
2024-01-29 04:00:00+00:00,15301.772903941364
2024-01-29 08:00:00+00:00,15301.772903941364
2024-01-29 12:00:00+00:00,15301.772903941364
2024-01-29 16:00:00+00:00,15301.772903941364
2024-01-29 20:00:00+00:00,15301.772903941364
2024-01-30 00:00:00+00:00,15301.772903941364
2024-01-30 04:00:00+00:00,15301.772903941364
2024-01-30 08:00:00+00:00,15301.772903941364
2024-01-30 12:00:00+00:00,15301.772903941364
2024-01-30 16:00:00+00:00,15301.772903941364
2024-01-30 20:00:00+00:00,15301.772903941364
2024-01-31 00:00:00+00:00,15301.772903941364
2024-01-31 04:00:00+00:00,15301.772903941364
2024-01-31 08:00:00+00:00,15301.772903941364
2024-01-31 12:00:00+00:00,15301.772903941364
2024-01-31 16:00:00+00:00,15301.772903941364
2024-01-31 20:00:00+00:00,15301.772903941364
2024-02-01 00:00:00+00:00,15301.772903941364
2024-02-01 04:00:00+00:00,15301.772903941364
2024-02-01 08:00:00+00:00,15301.772903941364
2024-02-01 12:00:00+00:00,15301.772903941364
2024-02-01 16:00:00+00:00,15301.772903941364
2024-02-01 20:00:00+00:00,15301.772903941364
2024-02-02 00:00:00+00:00,15301.772903941364
2024-02-02 04:00:00+00:00,15301.772903941364
2024-02-02 08:00:00+00:00,15301.772903941364
2024-02-02 12:00:00+00:00,15301.772903941364
2024-02-02 16:00:00+00:00,15301.772903941364
2024-02-02 20:00:00+00:00,15301.772903941364
2024-02-03 00:00:00+00:00,15301.772903941364
2024-02-03 04:00:00+00:00,15301.772903941364
2024-02-03 08:00:00+00:00,15301.772903941364
2024-02-03 12:00:00+00:00,15301.772903941364
2024-02-03 16:00:00+00:00,15301.772903941364
2024-02-03 20:00:00+00:00,15301.772903941364
2024-02-04 00:00:00+00:00,15301.772903941364
2024-02-04 04:00:00+00:00,15301.772903941364
2024-02-04 08:00:00+00:00,15301.772903941364
2024-02-04 12:00:00+00:00,15301.772903941364
2024-02-04 16:00:00+00:00,15301.772903941364
2024-02-04 20:00:00+00:00,15301.772903941364
2024-02-05 00:00:00+00:00,15301.772903941364
2024-02-05 04:00:00+00:00,15301.772903941364
2024-02-05 08:00:00+00:00,15301.772903941364
2024-02-05 12:00:00+00:00,15301.772903941364
2024-02-05 16:00:00+00:00,15301.772903941364
2024-02-05 20:00:00+00:00,15301.772903941364
2024-02-06 00:00:00+00:00,15301.772903941364
2024-02-06 04:00:00+00:00,15301.772903941364
2024-02-06 08:00:00+00:00,15301.772903941364
2024-02-06 12:00:00+00:00,15554.820917481982
2024-02-06 16:00:00+00:00,15870.334258354704
2024-02-06 20:00:00+00:00,15507.560712624245
2024-02-07 00:00:00+00:00,15830.999625764605
2024-02-07 04:00:00+00:00,15648.820770921797
2024-02-07 08:00:00+00:00,15257.787007562538
2024-02-07 12:00:00+00:00,15400.361763526476
2024-02-07 16:00:00+00:00,16580.843356638532
2024-02-07 20:00:00+00:00,16584.01168454884
2024-02-08 00:00:00+00:00,16712.489757557832
2024-02-08 04:00:00+00:00,16362.38952346861
2024-02-08 08:00:00+00:00,16332.473220841091
2024-02-08 12:00:00+00:00,16850.49483417673
2024-02-08 16:00:00+00:00,16102.90299236506
2024-02-08 20:00:00+00:00,15990.42735154906
2024-02-09 00:00:00+00:00,16530.39744533843
2024-02-09 04:00:00+00:00,16601.6848233204
2024-02-09 08:00:00+00:00,17066.0028033271
2024-02-09 12:00:00+00:00,17070.75529519256
2024-02-09 16:00:00+00:00,17284.72800378254
2024-02-09 20:00:00+00:00,17878.78948696561
2024-02-10 00:00:00+00:00,18335.058171499775
2024-02-10 04:00:00+00:00,17734.660032496082
2024-02-10 08:00:00+00:00,17249.006668126836
2024-02-10 12:00:00+00:00,17249.006668126836
2024-02-10 16:00:00+00:00,17249.006668126836
2024-02-10 20:00:00+00:00,17249.006668126836
2024-02-11 00:00:00+00:00,17249.006668126836
2024-02-11 04:00:00+00:00,17249.006668126836
2024-02-11 08:00:00+00:00,17249.006668126836
2024-02-11 12:00:00+00:00,17249.006668126836
2024-02-11 16:00:00+00:00,17249.006668126836
2024-02-11 20:00:00+00:00,17249.006668126836
2024-02-12 00:00:00+00:00,17249.006668126836
2024-02-12 04:00:00+00:00,17249.006668126836
2024-02-12 08:00:00+00:00,17249.006668126836
2024-02-12 12:00:00+00:00,17249.006668126836
2024-02-12 16:00:00+00:00,17249.006668126836
2024-02-12 20:00:00+00:00,17249.006668126836
2024-02-13 00:00:00+00:00,17249.006668126836
2024-02-13 04:00:00+00:00,17249.006668126836
2024-02-13 08:00:00+00:00,17249.006668126836
2024-02-13 12:00:00+00:00,17249.006668126836
2024-02-13 16:00:00+00:00,17249.006668126836
2024-02-13 20:00:00+00:00,17249.006668126836
2024-02-14 00:00:00+00:00,17249.006668126836
2024-02-14 04:00:00+00:00,17249.006668126836
2024-02-14 08:00:00+00:00,17249.006668126836
2024-02-14 12:00:00+00:00,17249.006668126836
2024-02-14 16:00:00+00:00,17249.006668126836
2024-02-14 20:00:00+00:00,17249.006668126836
2024-02-15 00:00:00+00:00,17249.006668126836
2024-02-15 04:00:00+00:00,17249.006668126836
2024-02-15 08:00:00+00:00,17249.006668126836
2024-02-15 12:00:00+00:00,17249.006668126836
2024-02-15 16:00:00+00:00,17249.006668126836
2024-02-15 20:00:00+00:00,17249.006668126836
2024-02-16 00:00:00+00:00,17249.006668126836
2024-02-16 04:00:00+00:00,17249.006668126836
2024-02-16 08:00:00+00:00,17249.006668126836
2024-02-16 12:00:00+00:00,17249.006668126836
2024-02-16 16:00:00+00:00,17249.006668126836
2024-02-16 20:00:00+00:00,17249.006668126836
2024-02-17 00:00:00+00:00,17249.006668126836
2024-02-17 04:00:00+00:00,17249.006668126836
2024-02-17 08:00:00+00:00,17249.006668126836
2024-02-17 12:00:00+00:00,17249.006668126836
2024-02-17 16:00:00+00:00,17249.006668126836
2024-02-17 20:00:00+00:00,17249.006668126836
2024-02-18 00:00:00+00:00,17249.006668126836
2024-02-18 04:00:00+00:00,17249.006668126836
2024-02-18 08:00:00+00:00,17249.006668126836
2024-02-18 12:00:00+00:00,17249.006668126836
2024-02-18 16:00:00+00:00,17249.006668126836
2024-02-18 20:00:00+00:00,17249.006668126836
2024-02-19 00:00:00+00:00,17249.006668126836
2024-02-19 04:00:00+00:00,17249.006668126836
2024-02-19 08:00:00+00:00,16842.83495521784
2024-02-19 12:00:00+00:00,16070.033780735335
2024-02-19 16:00:00+00:00,16070.033780735335
2024-02-19 20:00:00+00:00,16070.033780735335
2024-02-20 00:00:00+00:00,16070.033780735335
2024-02-20 04:00:00+00:00,16070.033780735335
2024-02-20 08:00:00+00:00,16070.033780735335
2024-02-20 12:00:00+00:00,16070.033780735335
2024-02-20 16:00:00+00:00,16070.033780735335
2024-02-20 20:00:00+00:00,16070.033780735335
2024-02-21 00:00:00+00:00,16070.033780735335
2024-02-21 04:00:00+00:00,16070.033780735335
2024-02-21 08:00:00+00:00,16070.033780735335
2024-02-21 12:00:00+00:00,16070.033780735335
2024-02-21 16:00:00+00:00,16070.033780735335
2024-02-21 20:00:00+00:00,16070.033780735335
2024-02-22 00:00:00+00:00,16070.033780735335
2024-02-22 04:00:00+00:00,16070.033780735335
2024-02-22 08:00:00+00:00,16070.033780735335
2024-02-22 12:00:00+00:00,16070.033780735335
2024-02-22 16:00:00+00:00,16070.033780735335
2024-02-22 20:00:00+00:00,16070.033780735335
2024-02-23 00:00:00+00:00,16070.033780735335
2024-02-23 04:00:00+00:00,16070.033780735335
2024-02-23 08:00:00+00:00,16070.033780735335
2024-02-23 12:00:00+00:00,16070.033780735335
2024-02-23 16:00:00+00:00,16070.033780735335
2024-02-23 20:00:00+00:00,16070.033780735335
2024-02-24 00:00:00+00:00,16070.033780735335
2024-02-24 04:00:00+00:00,16070.033780735335
2024-02-24 08:00:00+00:00,16070.033780735335
2024-02-24 12:00:00+00:00,16070.033780735335
2024-02-24 16:00:00+00:00,16070.033780735335
2024-02-24 20:00:00+00:00,16070.033780735335
2024-02-25 00:00:00+00:00,16070.033780735335
2024-02-25 04:00:00+00:00,16070.033780735335
2024-02-25 08:00:00+00:00,16070.033780735335
2024-02-25 12:00:00+00:00,16070.033780735335
2024-02-25 16:00:00+00:00,16247.440912381266
2024-02-25 20:00:00+00:00,16687.205577543435
2024-02-26 00:00:00+00:00,16498.880074448105
2024-02-26 04:00:00+00:00,15558.565329366822
2024-02-26 08:00:00+00:00,15558.565329366822
2024-02-26 12:00:00+00:00,15558.565329366822
2024-02-26 16:00:00+00:00,15558.565329366822
2024-02-26 20:00:00+00:00,15558.565329366822
2024-02-27 00:00:00+00:00,15558.565329366822
2024-02-27 04:00:00+00:00,15558.565329366822
2024-02-27 08:00:00+00:00,15558.565329366822
2024-02-27 12:00:00+00:00,15558.565329366822
2024-02-27 16:00:00+00:00,15558.565329366822
2024-02-27 20:00:00+00:00,15558.565329366822
2024-02-28 00:00:00+00:00,15558.565329366822
2024-02-28 04:00:00+00:00,15558.565329366822
2024-02-28 08:00:00+00:00,15558.565329366822
2024-02-28 12:00:00+00:00,15558.565329366822
2024-02-28 16:00:00+00:00,15558.565329366822
2024-02-28 20:00:00+00:00,15558.565329366822
2024-02-29 00:00:00+00:00,15558.565329366822
2024-02-29 04:00:00+00:00,15558.565329366822
2024-02-29 08:00:00+00:00,15558.565329366822
2024-02-29 12:00:00+00:00,15558.565329366822
2024-02-29 16:00:00+00:00,15558.565329366822
2024-02-29 20:00:00+00:00,15558.565329366822
2024-03-01 00:00:00+00:00,15558.565329366822
2024-03-01 04:00:00+00:00,15558.565329366822
2024-03-01 08:00:00+00:00,15558.565329366822
2024-03-01 12:00:00+00:00,15558.565329366822
2024-03-01 16:00:00+00:00,15558.565329366822
2024-03-01 20:00:00+00:00,15558.565329366822
2024-03-02 00:00:00+00:00,15558.565329366822
2024-03-02 04:00:00+00:00,15558.565329366822
2024-03-02 08:00:00+00:00,15558.565329366822
2024-03-02 12:00:00+00:00,15558.565329366822
2024-03-02 16:00:00+00:00,15558.565329366822
2024-03-02 20:00:00+00:00,15558.565329366822
2024-03-03 00:00:00+00:00,15558.565329366822
2024-03-03 04:00:00+00:00,15558.565329366822
2024-03-03 08:00:00+00:00,15558.565329366822
2024-03-03 12:00:00+00:00,15558.565329366822
2024-03-03 16:00:00+00:00,15558.565329366822
2024-03-03 20:00:00+00:00,15558.565329366822
2024-03-04 00:00:00+00:00,15558.565329366822
2024-03-04 04:00:00+00:00,15558.565329366822
2024-03-04 08:00:00+00:00,15558.565329366822
2024-03-04 12:00:00+00:00,15558.565329366822
2024-03-04 16:00:00+00:00,15558.565329366822
2024-03-04 20:00:00+00:00,15558.565329366822
2024-03-05 00:00:00+00:00,15558.565329366822
2024-03-05 04:00:00+00:00,15558.565329366822
2024-03-05 08:00:00+00:00,15558.565329366822
2024-03-05 12:00:00+00:00,15558.565329366822
2024-03-05 16:00:00+00:00,15558.565329366822
2024-03-05 20:00:00+00:00,15558.565329366822
2024-03-06 00:00:00+00:00,15558.565329366822
2024-03-06 04:00:00+00:00,15558.565329366822
2024-03-06 08:00:00+00:00,15482.232463399494
2024-03-06 12:00:00+00:00,14795.559406030567
2024-03-06 16:00:00+00:00,15097.125150458534
2024-03-06 20:00:00+00:00,15172.659186769113
2024-03-07 00:00:00+00:00,15194.65967490874
2024-03-07 04:00:00+00:00,15328.560921095683
2024-03-07 08:00:00+00:00,15525.371613205158
2024-03-07 12:00:00+00:00,16443.2245998883
2024-03-07 16:00:00+00:00,16095.35024977874
2024-03-07 20:00:00+00:00,16400.919760307916
2024-03-08 00:00:00+00:00,16390.239060054635
2024-03-08 04:00:00+00:00,16358.194317377418
2024-03-08 08:00:00+00:00,16921.09010365305
2024-03-08 12:00:00+00:00,15600.004958628893
2024-03-08 16:00:00+00:00,15600.004958628893
2024-03-08 20:00:00+00:00,15600.004958628893
2024-03-09 00:00:00+00:00,15600.004958628893
2024-03-09 04:00:00+00:00,15600.004958628893
2024-03-09 08:00:00+00:00,15600.004958628893
2024-03-09 12:00:00+00:00,15600.004958628893
2024-03-09 16:00:00+00:00,15600.004958628893
2024-03-09 20:00:00+00:00,15600.004958628893
2024-03-10 00:00:00+00:00,15600.004958628893
2024-03-10 04:00:00+00:00,15600.004958628893
2024-03-10 08:00:00+00:00,15600.004958628893
2024-03-10 12:00:00+00:00,15600.004958628893
2024-03-10 16:00:00+00:00,15600.004958628893
2024-03-10 20:00:00+00:00,15600.004958628893
2024-03-11 00:00:00+00:00,15600.004958628893
2024-03-11 04:00:00+00:00,15600.004958628893
2024-03-11 08:00:00+00:00,15600.004958628893
2024-03-11 12:00:00+00:00,15600.004958628893
2024-03-11 16:00:00+00:00,15600.004958628893
2024-03-11 20:00:00+00:00,15600.004958628893
2024-03-12 00:00:00+00:00,15600.004958628893
2024-03-12 04:00:00+00:00,15600.004958628893
2024-03-12 08:00:00+00:00,15600.004958628893
2024-03-12 12:00:00+00:00,15600.004958628893
2024-03-12 16:00:00+00:00,15600.004958628893
2024-03-12 20:00:00+00:00,15600.004958628893
2024-03-13 00:00:00+00:00,15600.004958628893
2024-03-13 04:00:00+00:00,15600.004958628893
2024-03-13 08:00:00+00:00,15600.004958628893
2024-03-13 12:00:00+00:00,15182.251668798004
2024-03-13 16:00:00+00:00,14879.877671349612
2024-03-13 20:00:00+00:00,14898.54138918161
2024-03-14 00:00:00+00:00,14341.746263442303
2024-03-14 04:00:00+00:00,14341.746263442303
2024-03-14 08:00:00+00:00,14341.746263442303
2024-03-14 12:00:00+00:00,14341.746263442303
2024-03-14 16:00:00+00:00,14341.746263442303
2024-03-14 20:00:00+00:00,14341.746263442303
2024-03-15 00:00:00+00:00,14341.746263442303
2024-03-15 04:00:00+00:00,14341.746263442303
2024-03-15 08:00:00+00:00,14341.746263442303
2024-03-15 12:00:00+00:00,14341.746263442303
2024-03-15 16:00:00+00:00,14341.746263442303
2024-03-15 20:00:00+00:00,14341.746263442303
2024-03-16 00:00:00+00:00,14341.746263442303
2024-03-16 04:00:00+00:00,14341.746263442303
2024-03-16 08:00:00+00:00,14341.746263442303
2024-03-16 12:00:00+00:00,14341.746263442303
2024-03-16 16:00:00+00:00,14341.746263442303
2024-03-16 20:00:00+00:00,14341.746263442303
2024-03-17 00:00:00+00:00,14341.746263442303
2024-03-17 04:00:00+00:00,14341.746263442303
2024-03-17 08:00:00+00:00,14341.746263442303
2024-03-17 12:00:00+00:00,14341.746263442303
2024-03-17 16:00:00+00:00,14341.746263442303
2024-03-17 20:00:00+00:00,14341.746263442303
2024-03-18 00:00:00+00:00,14341.746263442303
2024-03-18 04:00:00+00:00,14341.746263442303
2024-03-18 08:00:00+00:00,14341.746263442303
2024-03-18 12:00:00+00:00,14341.746263442303
2024-03-18 16:00:00+00:00,14341.746263442303
2024-03-18 20:00:00+00:00,14341.746263442303
2024-03-19 00:00:00+00:00,14341.746263442303
2024-03-19 04:00:00+00:00,14341.746263442303
2024-03-19 08:00:00+00:00,14341.746263442303
2024-03-19 12:00:00+00:00,14341.746263442303
2024-03-19 16:00:00+00:00,14341.746263442303
2024-03-19 20:00:00+00:00,14341.746263442303
2024-03-20 00:00:00+00:00,14341.746263442303
2024-03-20 04:00:00+00:00,14341.746263442303
2024-03-20 08:00:00+00:00,14341.746263442303
2024-03-20 12:00:00+00:00,14341.746263442303
2024-03-20 16:00:00+00:00,14341.746263442303
2024-03-20 20:00:00+00:00,14341.746263442303
2024-03-21 00:00:00+00:00,14341.746263442303
2024-03-21 04:00:00+00:00,14341.746263442303
2024-03-21 08:00:00+00:00,14393.286911601215
2024-03-21 12:00:00+00:00,14195.373271988952
2024-03-21 16:00:00+00:00,13753.693749622958
2024-03-21 20:00:00+00:00,13668.404998850823
2024-03-22 00:00:00+00:00,13502.925163842547
2024-03-22 04:00:00+00:00,13466.384401364301
2024-03-22 08:00:00+00:00,13466.384401364301
2024-03-22 12:00:00+00:00,13466.384401364301
2024-03-22 16:00:00+00:00,13466.384401364301
2024-03-22 20:00:00+00:00,13466.384401364301
2024-03-23 00:00:00+00:00,13466.384401364301
2024-03-23 04:00:00+00:00,13466.384401364301
2024-03-23 08:00:00+00:00,13466.384401364301
2024-03-23 12:00:00+00:00,13466.384401364301
2024-03-23 16:00:00+00:00,13466.384401364301
2024-03-23 20:00:00+00:00,13466.384401364301
2024-03-24 00:00:00+00:00,13466.384401364301
2024-03-24 04:00:00+00:00,13466.384401364301
2024-03-24 08:00:00+00:00,13466.384401364301
2024-03-24 12:00:00+00:00,13466.384401364301
2024-03-24 16:00:00+00:00,13466.384401364301
2024-03-24 20:00:00+00:00,13466.384401364301
2024-03-25 00:00:00+00:00,13466.384401364301
2024-03-25 04:00:00+00:00,13466.384401364301
2024-03-25 08:00:00+00:00,13558.632286045218
2024-03-25 12:00:00+00:00,14117.75772127398
2024-03-25 16:00:00+00:00,14214.58750564395
2024-03-25 20:00:00+00:00,14070.621076213789
2024-03-26 00:00:00+00:00,14218.99646638506
2024-03-26 04:00:00+00:00,14116.322733768202
2024-03-26 08:00:00+00:00,14193.269548263914
2024-03-26 12:00:00+00:00,13550.541468242456
2024-03-26 16:00:00+00:00,13550.541468242456
2024-03-26 20:00:00+00:00,13550.541468242456
2024-03-27 00:00:00+00:00,13550.541468242456
2024-03-27 04:00:00+00:00,13550.541468242456
2024-03-27 08:00:00+00:00,13550.541468242456
2024-03-27 12:00:00+00:00,13550.541468242456
2024-03-27 16:00:00+00:00,13550.541468242456
2024-03-27 20:00:00+00:00,13550.541468242456
2024-03-28 00:00:00+00:00,13550.541468242456
2024-03-28 04:00:00+00:00,13550.541468242456
2024-03-28 08:00:00+00:00,13550.541468242456
2024-03-28 12:00:00+00:00,13550.541468242456
2024-03-28 16:00:00+00:00,13550.541468242456
2024-03-28 20:00:00+00:00,13550.541468242456
2024-03-29 00:00:00+00:00,13550.541468242456
2024-03-29 04:00:00+00:00,13550.541468242456
2024-03-29 08:00:00+00:00,13550.541468242456
2024-03-29 12:00:00+00:00,13550.541468242456
2024-03-29 16:00:00+00:00,13550.541468242456
2024-03-29 20:00:00+00:00,13550.541468242456
2024-03-30 00:00:00+00:00,13550.541468242456
2024-03-30 04:00:00+00:00,13550.541468242456
2024-03-30 08:00:00+00:00,13550.541468242456
2024-03-30 12:00:00+00:00,13550.541468242456
2024-03-30 16:00:00+00:00,13550.541468242456
2024-03-30 20:00:00+00:00,13550.541468242456
2024-03-31 00:00:00+00:00,13550.541468242456
2024-03-31 04:00:00+00:00,13550.541468242456
2024-03-31 08:00:00+00:00,13550.541468242456
2024-03-31 12:00:00+00:00,13550.541468242456
2024-03-31 16:00:00+00:00,13550.541468242456
2024-03-31 20:00:00+00:00,13550.541468242456
2024-04-01 00:00:00+00:00,13550.541468242456
2024-04-01 04:00:00+00:00,13550.541468242456
2024-04-01 08:00:00+00:00,13550.541468242456
2024-04-01 12:00:00+00:00,13550.541468242456
2024-04-01 16:00:00+00:00,13550.541468242456
2024-04-01 20:00:00+00:00,13550.541468242456
2024-04-02 00:00:00+00:00,13550.541468242456
2024-04-02 04:00:00+00:00,13550.541468242456
2024-04-02 08:00:00+00:00,13550.541468242456
2024-04-02 12:00:00+00:00,13550.541468242456
2024-04-02 16:00:00+00:00,13550.541468242456
2024-04-02 20:00:00+00:00,13550.541468242456
2024-04-03 00:00:00+00:00,13550.541468242456
2024-04-03 04:00:00+00:00,13550.541468242456
2024-04-03 08:00:00+00:00,13550.541468242456
2024-04-03 12:00:00+00:00,13550.541468242456
2024-04-03 16:00:00+00:00,13550.541468242456
2024-04-03 20:00:00+00:00,13550.541468242456
2024-04-04 00:00:00+00:00,13550.541468242456
2024-04-04 04:00:00+00:00,13550.541468242456
2024-04-04 08:00:00+00:00,13550.541468242456
2024-04-04 12:00:00+00:00,13550.541468242456
2024-04-04 16:00:00+00:00,13550.541468242456
2024-04-04 20:00:00+00:00,13550.541468242456
2024-04-05 00:00:00+00:00,13550.541468242456
2024-04-05 04:00:00+00:00,13550.541468242456
2024-04-05 08:00:00+00:00,13550.541468242456
2024-04-05 12:00:00+00:00,13550.541468242456
2024-04-05 16:00:00+00:00,13550.541468242456
2024-04-05 20:00:00+00:00,13550.541468242456
2024-04-06 00:00:00+00:00,13550.541468242456
2024-04-06 04:00:00+00:00,13550.541468242456
2024-04-06 08:00:00+00:00,13550.541468242456
2024-04-06 12:00:00+00:00,13550.541468242456
2024-04-06 16:00:00+00:00,13550.541468242456
2024-04-06 20:00:00+00:00,13550.541468242456
2024-04-07 00:00:00+00:00,13550.541468242456
2024-04-07 04:00:00+00:00,13550.541468242456
2024-04-07 08:00:00+00:00,13592.282283951092
2024-04-07 12:00:00+00:00,13453.930226580731
2024-04-07 16:00:00+00:00,13349.723417020217
2024-04-07 20:00:00+00:00,14127.953739728495
2024-04-08 00:00:00+00:00,13470.473889180832
2024-04-08 04:00:00+00:00,13470.473889180832
2024-04-08 08:00:00+00:00,13470.473889180832
2024-04-08 12:00:00+00:00,13470.473889180832
2024-04-08 16:00:00+00:00,13470.473889180832
2024-04-08 20:00:00+00:00,13470.473889180832
2024-04-09 00:00:00+00:00,13470.473889180832
2024-04-09 04:00:00+00:00,13470.473889180832
2024-04-09 08:00:00+00:00,13470.473889180832
2024-04-09 12:00:00+00:00,13470.473889180832
2024-04-09 16:00:00+00:00,13470.473889180832
2024-04-09 20:00:00+00:00,13470.473889180832
2024-04-10 00:00:00+00:00,13470.473889180832
2024-04-10 04:00:00+00:00,13470.473889180832
2024-04-10 08:00:00+00:00,13470.473889180832
2024-04-10 12:00:00+00:00,13470.473889180832
2024-04-10 16:00:00+00:00,13470.473889180832
2024-04-10 20:00:00+00:00,13470.473889180832
2024-04-11 00:00:00+00:00,13470.473889180832
2024-04-11 04:00:00+00:00,13470.473889180832
2024-04-11 08:00:00+00:00,13470.473889180832
2024-04-11 12:00:00+00:00,13470.473889180832
2024-04-11 16:00:00+00:00,13470.473889180832
2024-04-11 20:00:00+00:00,13470.473889180832
2024-04-12 00:00:00+00:00,13470.473889180832
2024-04-12 04:00:00+00:00,13470.473889180832
2024-04-12 08:00:00+00:00,13470.473889180832
2024-04-12 12:00:00+00:00,13470.473889180832
2024-04-12 16:00:00+00:00,13470.473889180832
2024-04-12 20:00:00+00:00,13470.473889180832
2024-04-13 00:00:00+00:00,13470.473889180832
2024-04-13 04:00:00+00:00,13470.473889180832
2024-04-13 08:00:00+00:00,13470.473889180832
2024-04-13 12:00:00+00:00,13470.473889180832
2024-04-13 16:00:00+00:00,13470.473889180832
2024-04-13 20:00:00+00:00,13470.473889180832
2024-04-14 00:00:00+00:00,13470.473889180832
2024-04-14 04:00:00+00:00,13470.473889180832
2024-04-14 08:00:00+00:00,13470.473889180832
2024-04-14 12:00:00+00:00,13470.473889180832
2024-04-14 16:00:00+00:00,13470.473889180832
2024-04-14 20:00:00+00:00,13470.473889180832
2024-04-15 00:00:00+00:00,13470.473889180832
2024-04-15 04:00:00+00:00,13470.473889180832
2024-04-15 08:00:00+00:00,13470.473889180832
2024-04-15 12:00:00+00:00,13470.473889180832
2024-04-15 16:00:00+00:00,13470.473889180832
2024-04-15 20:00:00+00:00,13470.473889180832
2024-04-16 00:00:00+00:00,13470.473889180832
2024-04-16 04:00:00+00:00,13470.473889180832
2024-04-16 08:00:00+00:00,13470.473889180832
2024-04-16 12:00:00+00:00,13470.473889180832
2024-04-16 16:00:00+00:00,13470.473889180832
2024-04-16 20:00:00+00:00,13470.473889180832
2024-04-17 00:00:00+00:00,13470.473889180832
2024-04-17 04:00:00+00:00,13470.473889180832
2024-04-17 08:00:00+00:00,13470.473889180832
2024-04-17 12:00:00+00:00,13470.473889180832
2024-04-17 16:00:00+00:00,13470.473889180832
2024-04-17 20:00:00+00:00,13470.473889180832
2024-04-18 00:00:00+00:00,13470.473889180832
2024-04-18 04:00:00+00:00,13470.473889180832
2024-04-18 08:00:00+00:00,13470.473889180832
2024-04-18 12:00:00+00:00,13470.473889180832
2024-04-18 16:00:00+00:00,13470.473889180832
2024-04-18 20:00:00+00:00,13470.473889180832
2024-04-19 00:00:00+00:00,13470.473889180832
2024-04-19 04:00:00+00:00,13470.473889180832
2024-04-19 08:00:00+00:00,13470.473889180832
2024-04-19 12:00:00+00:00,13470.473889180832
2024-04-19 16:00:00+00:00,13470.473889180832
2024-04-19 20:00:00+00:00,13470.473889180832
2024-04-20 00:00:00+00:00,13470.473889180832
2024-04-20 04:00:00+00:00,13470.473889180832
2024-04-20 08:00:00+00:00,13470.473889180832
2024-04-20 12:00:00+00:00,13470.473889180832
2024-04-20 16:00:00+00:00,13470.473889180832
2024-04-20 20:00:00+00:00,13589.788434913731
2024-04-21 00:00:00+00:00,13597.970417225117
2024-04-21 04:00:00+00:00,13610.02970019792
2024-04-21 08:00:00+00:00,13457.124224822604
2024-04-21 12:00:00+00:00,13354.620319553793
2024-04-21 16:00:00+00:00,13195.487716979891
2024-04-21 20:00:00+00:00,13265.43155822214
2024-04-22 00:00:00+00:00,13576.33362084355
2024-04-22 04:00:00+00:00,13674.013812923244
2024-04-22 08:00:00+00:00,13514.56259685763
2024-04-22 12:00:00+00:00,13467.531393263704
2024-04-22 16:00:00+00:00,13452.424913749517
2024-04-22 20:00:00+00:00,13497.044260748884
2024-04-23 00:00:00+00:00,13265.142826994494
2024-04-23 04:00:00+00:00,13141.731915111202
2024-04-23 08:00:00+00:00,13141.731915111202
2024-04-23 12:00:00+00:00,13141.731915111202
2024-04-23 16:00:00+00:00,13141.731915111202
2024-04-23 20:00:00+00:00,13141.731915111202
2024-04-24 00:00:00+00:00,13141.731915111202
2024-04-24 04:00:00+00:00,13141.731915111202
2024-04-24 08:00:00+00:00,13141.731915111202
2024-04-24 12:00:00+00:00,13141.731915111202
2024-04-24 16:00:00+00:00,13141.731915111202
2024-04-24 20:00:00+00:00,13141.731915111202
2024-04-25 00:00:00+00:00,13141.731915111202
2024-04-25 04:00:00+00:00,13141.731915111202
2024-04-25 08:00:00+00:00,13141.731915111202
2024-04-25 12:00:00+00:00,13141.731915111202
2024-04-25 16:00:00+00:00,13141.731915111202
2024-04-25 20:00:00+00:00,13141.731915111202
2024-04-26 00:00:00+00:00,13141.731915111202
2024-04-26 04:00:00+00:00,13141.731915111202
2024-04-26 08:00:00+00:00,13141.731915111202
2024-04-26 12:00:00+00:00,13141.731915111202
2024-04-26 16:00:00+00:00,13141.731915111202
2024-04-26 20:00:00+00:00,13141.731915111202
2024-04-27 00:00:00+00:00,13141.731915111202
2024-04-27 04:00:00+00:00,13141.731915111202
2024-04-27 08:00:00+00:00,13141.731915111202
2024-04-27 12:00:00+00:00,13141.731915111202
2024-04-27 16:00:00+00:00,13141.731915111202
2024-04-27 20:00:00+00:00,13141.731915111202
2024-04-28 00:00:00+00:00,13141.731915111202
2024-04-28 04:00:00+00:00,13141.731915111202
2024-04-28 08:00:00+00:00,12651.024386457702
2024-04-28 12:00:00+00:00,12953.684680787937
2024-04-28 16:00:00+00:00,12864.457557385587
2024-04-28 20:00:00+00:00,12445.093178864769
2024-04-29 00:00:00+00:00,12445.093178864769
2024-04-29 04:00:00+00:00,12445.093178864769
2024-04-29 08:00:00+00:00,12445.093178864769
2024-04-29 12:00:00+00:00,12445.093178864769
2024-04-29 16:00:00+00:00,12445.093178864769
2024-04-29 20:00:00+00:00,12445.093178864769
2024-04-30 00:00:00+00:00,12445.093178864769
2024-04-30 04:00:00+00:00,12445.093178864769
2024-04-30 08:00:00+00:00,12445.093178864769
2024-04-30 12:00:00+00:00,12445.093178864769
2024-04-30 16:00:00+00:00,12445.093178864769
2024-04-30 20:00:00+00:00,12445.093178864769
2024-05-01 00:00:00+00:00,12445.093178864769
2024-05-01 04:00:00+00:00,12445.093178864769
2024-05-01 08:00:00+00:00,12445.093178864769
2024-05-01 12:00:00+00:00,12445.093178864769
2024-05-01 16:00:00+00:00,12445.093178864769
2024-05-01 20:00:00+00:00,12445.093178864769
2024-05-02 00:00:00+00:00,12445.093178864769
2024-05-02 04:00:00+00:00,12445.093178864769
2024-05-02 08:00:00+00:00,12445.093178864769
2024-05-02 12:00:00+00:00,12445.093178864769
2024-05-02 16:00:00+00:00,12445.093178864769
2024-05-02 20:00:00+00:00,12445.093178864769
2024-05-03 00:00:00+00:00,12445.093178864769
2024-05-03 04:00:00+00:00,12445.093178864769
2024-05-03 08:00:00+00:00,12445.093178864769
2024-05-03 12:00:00+00:00,12445.093178864769
2024-05-03 16:00:00+00:00,12445.093178864769
2024-05-03 20:00:00+00:00,12446.39723469752
2024-05-04 00:00:00+00:00,12448.015197869321
2024-05-04 04:00:00+00:00,12361.539346891172
2024-05-04 08:00:00+00:00,12536.11731370097
2024-05-04 12:00:00+00:00,12501.52697330971
2024-05-04 16:00:00+00:00,12619.016523482665
2024-05-04 20:00:00+00:00,12378.6136577634
2024-05-05 00:00:00+00:00,11988.848741848698
2024-05-05 04:00:00+00:00,11988.848741848698
2024-05-05 08:00:00+00:00,11988.848741848698
2024-05-05 12:00:00+00:00,11988.848741848698
2024-05-05 16:00:00+00:00,11988.848741848698
2024-05-05 20:00:00+00:00,11988.848741848698
2024-05-06 00:00:00+00:00,11988.848741848698
2024-05-06 04:00:00+00:00,11988.848741848698
2024-05-06 08:00:00+00:00,11988.848741848698
2024-05-06 12:00:00+00:00,11988.848741848698
2024-05-06 16:00:00+00:00,11988.848741848698
2024-05-06 20:00:00+00:00,11988.848741848698
2024-05-07 00:00:00+00:00,11988.848741848698
2024-05-07 04:00:00+00:00,11988.848741848698
2024-05-07 08:00:00+00:00,11988.848741848698
2024-05-07 12:00:00+00:00,11988.848741848698
2024-05-07 16:00:00+00:00,11988.848741848698
2024-05-07 20:00:00+00:00,11988.848741848698
2024-05-08 00:00:00+00:00,11988.848741848698
2024-05-08 04:00:00+00:00,11988.848741848698
2024-05-08 08:00:00+00:00,11988.848741848698
2024-05-08 12:00:00+00:00,11988.848741848698
2024-05-08 16:00:00+00:00,11988.848741848698
2024-05-08 20:00:00+00:00,11988.848741848698
2024-05-09 00:00:00+00:00,11988.848741848698
2024-05-09 04:00:00+00:00,11988.848741848698
2024-05-09 08:00:00+00:00,11988.848741848698
2024-05-09 12:00:00+00:00,11988.848741848698
2024-05-09 16:00:00+00:00,11988.848741848698
2024-05-09 20:00:00+00:00,11988.848741848698
2024-05-10 00:00:00+00:00,11988.848741848698
2024-05-10 04:00:00+00:00,11988.848741848698
2024-05-10 08:00:00+00:00,11988.848741848698
2024-05-10 12:00:00+00:00,11988.848741848698
2024-05-10 16:00:00+00:00,11988.848741848698
2024-05-10 20:00:00+00:00,11988.848741848698
2024-05-11 00:00:00+00:00,11988.848741848698
2024-05-11 04:00:00+00:00,11988.848741848698
2024-05-11 08:00:00+00:00,11988.848741848698
2024-05-11 12:00:00+00:00,11988.848741848698
2024-05-11 16:00:00+00:00,11988.848741848698
2024-05-11 20:00:00+00:00,11988.848741848698
2024-05-12 00:00:00+00:00,11988.848741848698
2024-05-12 04:00:00+00:00,11988.848741848698
2024-05-12 08:00:00+00:00,11988.848741848698
2024-05-12 12:00:00+00:00,11988.848741848698
2024-05-12 16:00:00+00:00,11988.848741848698
2024-05-12 20:00:00+00:00,11988.848741848698
2024-05-13 00:00:00+00:00,11988.848741848698
2024-05-13 04:00:00+00:00,11988.848741848698
2024-05-13 08:00:00+00:00,11988.848741848698
2024-05-13 12:00:00+00:00,11988.848741848698
2024-05-13 16:00:00+00:00,11988.848741848698
2024-05-13 20:00:00+00:00,11988.848741848698
2024-05-14 00:00:00+00:00,11988.848741848698
2024-05-14 04:00:00+00:00,11988.848741848698
2024-05-14 08:00:00+00:00,11988.848741848698
2024-05-14 12:00:00+00:00,11988.848741848698
2024-05-14 16:00:00+00:00,11988.848741848698
2024-05-14 20:00:00+00:00,11988.848741848698
2024-05-15 00:00:00+00:00,11988.848741848698
2024-05-15 04:00:00+00:00,11988.848741848698
2024-05-15 08:00:00+00:00,11988.848741848698
2024-05-15 12:00:00+00:00,11988.848741848698
2024-05-15 16:00:00+00:00,11988.848741848698
2024-05-15 20:00:00+00:00,11988.848741848698
2024-05-16 00:00:00+00:00,11988.848741848698
2024-05-16 04:00:00+00:00,11988.848741848698
2024-05-16 08:00:00+00:00,11629.210187105786
2024-05-16 12:00:00+00:00,11220.675222302529
2024-05-16 16:00:00+00:00,11220.675222302529
2024-05-16 20:00:00+00:00,11220.675222302529
2024-05-17 00:00:00+00:00,11220.675222302529
2024-05-17 04:00:00+00:00,11220.675222302529
2024-05-17 08:00:00+00:00,11390.119621249662
2024-05-17 12:00:00+00:00,12276.802211655173
2024-05-17 16:00:00+00:00,11879.50164159282
2024-05-17 20:00:00+00:00,11737.804181624871
2024-05-18 00:00:00+00:00,11735.592842476886
2024-05-18 04:00:00+00:00,11436.621783248334
2024-05-18 08:00:00+00:00,11436.621783248334
2024-05-18 12:00:00+00:00,11436.621783248334
2024-05-18 16:00:00+00:00,11436.621783248334
2024-05-18 20:00:00+00:00,11436.621783248334
2024-05-19 00:00:00+00:00,11436.621783248334
2024-05-19 04:00:00+00:00,11436.621783248334
2024-05-19 08:00:00+00:00,11436.621783248334
2024-05-19 12:00:00+00:00,11436.621783248334
2024-05-19 16:00:00+00:00,11436.621783248334
2024-05-19 20:00:00+00:00,11436.621783248334
2024-05-20 00:00:00+00:00,11436.621783248334
2024-05-20 04:00:00+00:00,11436.621783248334
2024-05-20 08:00:00+00:00,11436.621783248334
2024-05-20 12:00:00+00:00,11436.621783248334
2024-05-20 16:00:00+00:00,11436.621783248334
2024-05-20 20:00:00+00:00,12534.83652896971
2024-05-21 00:00:00+00:00,13135.528047825943
2024-05-21 04:00:00+00:00,13133.511443018398
2024-05-21 08:00:00+00:00,14187.878948748856
2024-05-21 12:00:00+00:00,13869.25538915684
2024-05-21 16:00:00+00:00,13382.863014187418
2024-05-21 20:00:00+00:00,14064.475439137424
2024-05-22 00:00:00+00:00,13785.77359661796
2024-05-22 04:00:00+00:00,13491.349294716481
2024-05-22 08:00:00+00:00,13018.484897009519
2024-05-22 12:00:00+00:00,13018.484897009519
2024-05-22 16:00:00+00:00,13018.484897009519
2024-05-22 20:00:00+00:00,13018.484897009519
2024-05-23 00:00:00+00:00,13018.484897009519
2024-05-23 04:00:00+00:00,13018.484897009519
2024-05-23 08:00:00+00:00,13018.484897009519
2024-05-23 12:00:00+00:00,13018.484897009519
2024-05-23 16:00:00+00:00,13018.484897009519
2024-05-23 20:00:00+00:00,13018.484897009519
2024-05-24 00:00:00+00:00,13018.484897009519
2024-05-24 04:00:00+00:00,13018.484897009519
2024-05-24 08:00:00+00:00,13018.484897009519
2024-05-24 12:00:00+00:00,13018.484897009519
2024-05-24 16:00:00+00:00,13018.484897009519
2024-05-24 20:00:00+00:00,13018.484897009519
2024-05-25 00:00:00+00:00,13018.484897009519
2024-05-25 04:00:00+00:00,13018.484897009519
2024-05-25 08:00:00+00:00,13018.484897009519
2024-05-25 12:00:00+00:00,13018.484897009519
2024-05-25 16:00:00+00:00,13018.484897009519
2024-05-25 20:00:00+00:00,13018.484897009519
2024-05-26 00:00:00+00:00,13018.484897009519
2024-05-26 04:00:00+00:00,13018.484897009519
2024-05-26 08:00:00+00:00,13018.484897009519
2024-05-26 12:00:00+00:00,13018.484897009519
2024-05-26 16:00:00+00:00,13018.484897009519
2024-05-26 20:00:00+00:00,13018.484897009519
2024-05-27 00:00:00+00:00,13018.484897009519
2024-05-27 04:00:00+00:00,13018.484897009519
2024-05-27 08:00:00+00:00,13018.484897009519
2024-05-27 12:00:00+00:00,13018.484897009519
2024-05-27 16:00:00+00:00,13018.484897009519
2024-05-27 20:00:00+00:00,13018.484897009519
2024-05-28 00:00:00+00:00,13018.484897009519
2024-05-28 04:00:00+00:00,13018.484897009519
2024-05-28 08:00:00+00:00,13018.484897009519
2024-05-28 12:00:00+00:00,13018.484897009519
2024-05-28 16:00:00+00:00,13018.484897009519
2024-05-28 20:00:00+00:00,13018.484897009519
2024-05-29 00:00:00+00:00,13018.484897009519
2024-05-29 04:00:00+00:00,13018.484897009519
2024-05-29 08:00:00+00:00,13018.484897009519
2024-05-29 12:00:00+00:00,13018.484897009519
2024-05-29 16:00:00+00:00,13018.484897009519
2024-05-29 20:00:00+00:00,13018.484897009519
2024-05-30 00:00:00+00:00,13018.484897009519
2024-05-30 04:00:00+00:00,13018.484897009519
2024-05-30 08:00:00+00:00,13018.484897009519
2024-05-30 12:00:00+00:00,13018.484897009519
2024-05-30 16:00:00+00:00,13018.484897009519
2024-05-30 20:00:00+00:00,13018.484897009519
2024-05-31 00:00:00+00:00,13018.484897009519
2024-05-31 04:00:00+00:00,13018.484897009519
2024-05-31 08:00:00+00:00,13018.484897009519
2024-05-31 12:00:00+00:00,13018.484897009519
2024-05-31 16:00:00+00:00,13018.484897009519
2024-05-31 20:00:00+00:00,13018.484897009519
2024-06-01 00:00:00+00:00,13018.484897009519
2024-06-01 04:00:00+00:00,13018.484897009519
2024-06-01 08:00:00+00:00,13018.484897009519
2024-06-01 12:00:00+00:00,13018.484897009519
2024-06-01 16:00:00+00:00,13018.484897009519
2024-06-01 20:00:00+00:00,13018.484897009519
2024-06-02 00:00:00+00:00,13018.484897009519
2024-06-02 04:00:00+00:00,13018.484897009519
2024-06-02 08:00:00+00:00,13018.484897009519
2024-06-02 12:00:00+00:00,13018.484897009519
2024-06-02 16:00:00+00:00,13018.484897009519
2024-06-02 20:00:00+00:00,13018.484897009519
2024-06-03 00:00:00+00:00,13018.484897009519
2024-06-03 04:00:00+00:00,13018.484897009519
2024-06-03 08:00:00+00:00,13018.484897009519
2024-06-03 12:00:00+00:00,13018.484897009519
2024-06-03 16:00:00+00:00,13018.484897009519
2024-06-03 20:00:00+00:00,13018.484897009519
2024-06-04 00:00:00+00:00,13018.484897009519
2024-06-04 04:00:00+00:00,13018.484897009519
2024-06-04 08:00:00+00:00,13018.484897009519
2024-06-04 12:00:00+00:00,13018.484897009519
2024-06-04 16:00:00+00:00,13018.484897009519
2024-06-04 20:00:00+00:00,13018.484897009519
2024-06-05 00:00:00+00:00,13018.484897009519
2024-06-05 04:00:00+00:00,13018.484897009519
2024-06-05 08:00:00+00:00,13018.484897009519
2024-06-05 12:00:00+00:00,13018.484897009519
2024-06-05 16:00:00+00:00,13018.484897009519
2024-06-05 20:00:00+00:00,13018.484897009519
2024-06-06 00:00:00+00:00,12794.767334237571
2024-06-06 04:00:00+00:00,12747.986778705745
2024-06-06 08:00:00+00:00,12747.986778705745
2024-06-06 12:00:00+00:00,12747.986778705745
2024-06-06 16:00:00+00:00,12747.986778705745
2024-06-06 20:00:00+00:00,12747.986778705745
2024-06-07 00:00:00+00:00,12747.986778705745
2024-06-07 04:00:00+00:00,12747.986778705745
2024-06-07 08:00:00+00:00,12747.986778705745
2024-06-07 12:00:00+00:00,12747.986778705745
2024-06-07 16:00:00+00:00,12747.986778705745
2024-06-07 20:00:00+00:00,12747.986778705745
2024-06-08 00:00:00+00:00,12747.986778705745
2024-06-08 04:00:00+00:00,12747.986778705745
2024-06-08 08:00:00+00:00,12747.986778705745
2024-06-08 12:00:00+00:00,12747.986778705745
2024-06-08 16:00:00+00:00,12747.986778705745
2024-06-08 20:00:00+00:00,12747.986778705745
2024-06-09 00:00:00+00:00,12747.986778705745
2024-06-09 04:00:00+00:00,12747.986778705745
2024-06-09 08:00:00+00:00,12747.986778705745
2024-06-09 12:00:00+00:00,12747.986778705745
2024-06-09 16:00:00+00:00,12747.986778705745
2024-06-09 20:00:00+00:00,12747.986778705745
2024-06-10 00:00:00+00:00,12747.986778705745
2024-06-10 04:00:00+00:00,12747.986778705745
2024-06-10 08:00:00+00:00,12747.986778705745
2024-06-10 12:00:00+00:00,12747.986778705745
2024-06-10 16:00:00+00:00,12747.986778705745
2024-06-10 20:00:00+00:00,12747.986778705745
2024-06-11 00:00:00+00:00,12747.986778705745
2024-06-11 04:00:00+00:00,12747.986778705745
2024-06-11 08:00:00+00:00,12747.986778705745
2024-06-11 12:00:00+00:00,12747.986778705745
2024-06-11 16:00:00+00:00,12747.986778705745
2024-06-11 20:00:00+00:00,12747.986778705745
2024-06-12 00:00:00+00:00,12747.986778705745
2024-06-12 04:00:00+00:00,12747.986778705745
2024-06-12 08:00:00+00:00,12747.986778705745
2024-06-12 12:00:00+00:00,12747.986778705745
2024-06-12 16:00:00+00:00,12747.986778705745
2024-06-12 20:00:00+00:00,12747.986778705745
2024-06-13 00:00:00+00:00,12747.986778705745
2024-06-13 04:00:00+00:00,12747.986778705745
2024-06-13 08:00:00+00:00,12747.986778705745
2024-06-13 12:00:00+00:00,12747.986778705745
2024-06-13 16:00:00+00:00,12747.986778705745
2024-06-13 20:00:00+00:00,12747.986778705745
2024-06-14 00:00:00+00:00,12747.986778705745
2024-06-14 04:00:00+00:00,12747.986778705745
2024-06-14 08:00:00+00:00,12747.986778705745
2024-06-14 12:00:00+00:00,12747.986778705745
2024-06-14 16:00:00+00:00,12747.986778705745
2024-06-14 20:00:00+00:00,12747.986778705745
2024-06-15 00:00:00+00:00,12747.986778705745
2024-06-15 04:00:00+00:00,12747.986778705745
2024-06-15 08:00:00+00:00,12747.986778705745
2024-06-15 12:00:00+00:00,12747.986778705745
2024-06-15 16:00:00+00:00,12747.986778705745
2024-06-15 20:00:00+00:00,12747.986778705745
2024-06-16 00:00:00+00:00,12747.986778705745
2024-06-16 04:00:00+00:00,12747.986778705745
2024-06-16 08:00:00+00:00,12747.986778705745
2024-06-16 12:00:00+00:00,12747.986778705745
2024-06-16 16:00:00+00:00,12747.986778705745
2024-06-16 20:00:00+00:00,12747.986778705745
2024-06-17 00:00:00+00:00,12747.986778705745
2024-06-17 04:00:00+00:00,12747.986778705745
2024-06-17 08:00:00+00:00,12747.986778705745
2024-06-17 12:00:00+00:00,12747.986778705745
2024-06-17 16:00:00+00:00,12747.986778705745
2024-06-17 20:00:00+00:00,12747.986778705745
2024-06-18 00:00:00+00:00,12747.986778705745
2024-06-18 04:00:00+00:00,12747.986778705745
2024-06-18 08:00:00+00:00,12747.986778705745
2024-06-18 12:00:00+00:00,12747.986778705745
2024-06-18 16:00:00+00:00,12747.986778705745
2024-06-18 20:00:00+00:00,12747.986778705745
2024-06-19 00:00:00+00:00,12747.986778705745
2024-06-19 04:00:00+00:00,12747.986778705745
2024-06-19 08:00:00+00:00,12747.986778705745
2024-06-19 12:00:00+00:00,12747.986778705745
2024-06-19 16:00:00+00:00,12747.986778705745
2024-06-19 20:00:00+00:00,12747.986778705745
2024-06-20 00:00:00+00:00,12747.986778705745
2024-06-20 04:00:00+00:00,12747.986778705745
2024-06-20 08:00:00+00:00,12747.986778705745
2024-06-20 12:00:00+00:00,12747.986778705745
2024-06-20 16:00:00+00:00,12747.986778705745
2024-06-20 20:00:00+00:00,12747.986778705745
2024-06-21 00:00:00+00:00,12747.986778705745
2024-06-21 04:00:00+00:00,12747.986778705745
2024-06-21 08:00:00+00:00,12747.986778705745
2024-06-21 12:00:00+00:00,12747.986778705745
2024-06-21 16:00:00+00:00,12747.986778705745
2024-06-21 20:00:00+00:00,12747.986778705745
2024-06-22 00:00:00+00:00,12747.986778705745
2024-06-22 04:00:00+00:00,12747.986778705745
2024-06-22 08:00:00+00:00,12747.986778705745
2024-06-22 12:00:00+00:00,12747.986778705745
2024-06-22 16:00:00+00:00,12747.986778705745
2024-06-22 20:00:00+00:00,12747.986778705745
2024-06-23 00:00:00+00:00,12747.986778705745
2024-06-23 04:00:00+00:00,12747.986778705745
2024-06-23 08:00:00+00:00,12747.986778705745
2024-06-23 12:00:00+00:00,12747.986778705745
2024-06-23 16:00:00+00:00,12747.986778705745
2024-06-23 20:00:00+00:00,12747.986778705745
2024-06-24 00:00:00+00:00,12747.986778705745
2024-06-24 04:00:00+00:00,12747.986778705745
2024-06-24 08:00:00+00:00,12747.986778705745
2024-06-24 12:00:00+00:00,12747.986778705745
2024-06-24 16:00:00+00:00,12747.986778705745
2024-06-24 20:00:00+00:00,12747.986778705745
2024-06-25 00:00:00+00:00,12747.986778705745
2024-06-25 04:00:00+00:00,12747.986778705745
2024-06-25 08:00:00+00:00,13004.092500357616
2024-06-25 12:00:00+00:00,13348.733962561495
2024-06-25 16:00:00+00:00,13182.128712446982
2024-06-25 20:00:00+00:00,12954.135129758262
2024-06-26 00:00:00+00:00,12769.011498553084
2024-06-26 04:00:00+00:00,12885.659378068243
2024-06-26 08:00:00+00:00,12692.640839376003
2024-06-26 12:00:00+00:00,12436.76538366811
2024-06-26 16:00:00+00:00,12436.76538366811
2024-06-26 20:00:00+00:00,12436.76538366811
2024-06-27 00:00:00+00:00,12436.76538366811
2024-06-27 04:00:00+00:00,12436.76538366811
2024-06-27 08:00:00+00:00,12436.76538366811
2024-06-27 12:00:00+00:00,12436.76538366811
2024-06-27 16:00:00+00:00,12436.76538366811
2024-06-27 20:00:00+00:00,12436.76538366811
2024-06-28 00:00:00+00:00,12436.76538366811
2024-06-28 04:00:00+00:00,12436.76538366811
2024-06-28 08:00:00+00:00,12436.76538366811
2024-06-28 12:00:00+00:00,12436.76538366811
2024-06-28 16:00:00+00:00,12436.76538366811
2024-06-28 20:00:00+00:00,12436.76538366811
2024-06-29 00:00:00+00:00,12436.76538366811
2024-06-29 04:00:00+00:00,12436.76538366811
2024-06-29 08:00:00+00:00,12436.76538366811
2024-06-29 12:00:00+00:00,12436.76538366811
2024-06-29 16:00:00+00:00,12436.76538366811
2024-06-29 20:00:00+00:00,12436.76538366811
2024-06-30 00:00:00+00:00,12436.76538366811
2024-06-30 04:00:00+00:00,12436.76538366811
2024-06-30 08:00:00+00:00,12436.76538366811
2024-06-30 12:00:00+00:00,12436.76538366811
2024-06-30 16:00:00+00:00,12436.76538366811
2024-06-30 20:00:00+00:00,12436.76538366811
2024-07-01 00:00:00+00:00,12436.76538366811
2024-07-01 04:00:00+00:00,12436.76538366811
2024-07-01 08:00:00+00:00,12436.76538366811
2024-07-01 12:00:00+00:00,12436.76538366811
2024-07-01 16:00:00+00:00,12436.76538366811
2024-07-01 20:00:00+00:00,12436.76538366811
2024-07-02 00:00:00+00:00,12436.76538366811
2024-07-02 04:00:00+00:00,12436.76538366811
2024-07-02 08:00:00+00:00,12436.76538366811
2024-07-02 12:00:00+00:00,12436.76538366811
2024-07-02 16:00:00+00:00,12436.76538366811
2024-07-02 20:00:00+00:00,12436.76538366811
2024-07-03 00:00:00+00:00,12436.76538366811
2024-07-03 04:00:00+00:00,12436.76538366811
2024-07-03 08:00:00+00:00,12436.76538366811
2024-07-03 12:00:00+00:00,12436.76538366811
2024-07-03 16:00:00+00:00,12436.76538366811
2024-07-03 20:00:00+00:00,12436.76538366811
2024-07-04 00:00:00+00:00,12436.76538366811
2024-07-04 04:00:00+00:00,12436.76538366811
2024-07-04 08:00:00+00:00,12436.76538366811
2024-07-04 12:00:00+00:00,12436.76538366811
2024-07-04 16:00:00+00:00,12436.76538366811
2024-07-04 20:00:00+00:00,12436.76538366811
2024-07-05 00:00:00+00:00,12436.76538366811
2024-07-05 04:00:00+00:00,12436.76538366811
2024-07-05 08:00:00+00:00,12436.76538366811
2024-07-05 12:00:00+00:00,12436.76538366811
2024-07-05 16:00:00+00:00,12436.76538366811
2024-07-05 20:00:00+00:00,12436.76538366811
2024-07-06 00:00:00+00:00,12436.76538366811
2024-07-06 04:00:00+00:00,12436.76538366811
2024-07-06 08:00:00+00:00,12436.76538366811
2024-07-06 12:00:00+00:00,12436.76538366811
2024-07-06 16:00:00+00:00,12436.76538366811
2024-07-06 20:00:00+00:00,12436.76538366811
2024-07-07 00:00:00+00:00,12436.76538366811
2024-07-07 04:00:00+00:00,12436.76538366811
2024-07-07 08:00:00+00:00,12436.76538366811
2024-07-07 12:00:00+00:00,12436.76538366811
2024-07-07 16:00:00+00:00,12436.76538366811
2024-07-07 20:00:00+00:00,12436.76538366811
2024-07-08 00:00:00+00:00,12436.76538366811
2024-07-08 04:00:00+00:00,12436.76538366811
2024-07-08 08:00:00+00:00,12436.76538366811
2024-07-08 12:00:00+00:00,12436.76538366811
2024-07-08 16:00:00+00:00,12436.76538366811
2024-07-08 20:00:00+00:00,12436.76538366811
2024-07-09 00:00:00+00:00,12436.76538366811
2024-07-09 04:00:00+00:00,12436.76538366811
2024-07-09 08:00:00+00:00,12436.76538366811
2024-07-09 12:00:00+00:00,12436.76538366811
2024-07-09 16:00:00+00:00,12436.76538366811
2024-07-09 20:00:00+00:00,12436.76538366811
2024-07-10 00:00:00+00:00,12436.76538366811
2024-07-10 04:00:00+00:00,12436.76538366811
2024-07-10 08:00:00+00:00,12436.76538366811
2024-07-10 12:00:00+00:00,12436.76538366811
2024-07-10 16:00:00+00:00,12436.76538366811
2024-07-10 20:00:00+00:00,12436.76538366811
2024-07-11 00:00:00+00:00,12436.76538366811
2024-07-11 04:00:00+00:00,12436.76538366811
2024-07-11 08:00:00+00:00,12436.76538366811
2024-07-11 12:00:00+00:00,12436.76538366811
2024-07-11 16:00:00+00:00,12436.76538366811
2024-07-11 20:00:00+00:00,12436.76538366811
2024-07-12 00:00:00+00:00,12436.76538366811
2024-07-12 04:00:00+00:00,12436.76538366811
2024-07-12 08:00:00+00:00,12436.76538366811
2024-07-12 12:00:00+00:00,12436.76538366811
2024-07-12 16:00:00+00:00,12436.76538366811
2024-07-12 20:00:00+00:00,12436.76538366811
2024-07-13 00:00:00+00:00,12436.76538366811
2024-07-13 04:00:00+00:00,12436.76538366811
2024-07-13 08:00:00+00:00,12436.76538366811
2024-07-13 12:00:00+00:00,12436.76538366811
2024-07-13 16:00:00+00:00,12436.76538366811
2024-07-13 20:00:00+00:00,12436.76538366811
2024-07-14 00:00:00+00:00,12436.76538366811
2024-07-14 04:00:00+00:00,12684.918729098117
2024-07-14 08:00:00+00:00,12749.18986322085
2024-07-14 12:00:00+00:00,12841.442320919217
2024-07-14 16:00:00+00:00,12787.498849435819
2024-07-14 20:00:00+00:00,13121.914008592408
2024-07-15 00:00:00+00:00,13359.114392693247
2024-07-15 04:00:00+00:00,13635.871765788355
2024-07-15 08:00:00+00:00,13399.313075743594
2024-07-15 12:00:00+00:00,13491.565533441964
2024-07-15 16:00:00+00:00,13666.27139941263
2024-07-15 20:00:00+00:00,14606.09331221477
2024-07-16 00:00:00+00:00,14523.14884093897
2024-07-16 04:00:00+00:00,13900.541740107956
2024-07-16 08:00:00+00:00,13900.541740107956
2024-07-16 12:00:00+00:00,13900.541740107956
2024-07-16 16:00:00+00:00,13900.541740107956
2024-07-16 20:00:00+00:00,13900.541740107956
2024-07-17 00:00:00+00:00,13900.541740107956
2024-07-17 04:00:00+00:00,13900.541740107956
2024-07-17 08:00:00+00:00,13900.541740107956
2024-07-17 12:00:00+00:00,13900.541740107956
2024-07-17 16:00:00+00:00,13900.541740107956
2024-07-17 20:00:00+00:00,13900.541740107956
2024-07-18 00:00:00+00:00,13900.541740107956
2024-07-18 04:00:00+00:00,13900.541740107956
2024-07-18 08:00:00+00:00,13900.541740107956
2024-07-18 12:00:00+00:00,13900.541740107956
2024-07-18 16:00:00+00:00,13900.541740107956
2024-07-18 20:00:00+00:00,13900.541740107956
2024-07-19 00:00:00+00:00,13900.541740107956
2024-07-19 04:00:00+00:00,13900.541740107956
2024-07-19 08:00:00+00:00,13900.541740107956
2024-07-19 12:00:00+00:00,13900.541740107956
2024-07-19 16:00:00+00:00,13900.541740107956
2024-07-19 20:00:00+00:00,13957.404634296805
2024-07-20 00:00:00+00:00,14214.715992664786
2024-07-20 04:00:00+00:00,14330.638794137061
2024-07-20 08:00:00+00:00,13886.855397354131
2024-07-20 12:00:00+00:00,14179.422467736538
2024-07-20 16:00:00+00:00,14011.992769611428
2024-07-20 20:00:00+00:00,14092.034703961333
2024-07-21 00:00:00+00:00,14213.14845616979
2024-07-21 04:00:00+00:00,13931.621652594265
2024-07-21 08:00:00+00:00,14055.526502216751
2024-07-21 12:00:00+00:00,14199.049970706234
2024-07-21 16:00:00+00:00,13534.550576610378
2024-07-21 20:00:00+00:00,13534.550576610378
2024-07-22 00:00:00+00:00,13534.550576610378
2024-07-22 04:00:00+00:00,13534.550576610378
2024-07-22 08:00:00+00:00,13534.550576610378
2024-07-22 12:00:00+00:00,13534.550576610378
2024-07-22 16:00:00+00:00,13534.550576610378
2024-07-22 20:00:00+00:00,13534.550576610378
2024-07-23 00:00:00+00:00,13534.550576610378
2024-07-23 04:00:00+00:00,13534.550576610378
2024-07-23 08:00:00+00:00,13534.550576610378
2024-07-23 12:00:00+00:00,13534.550576610378
2024-07-23 16:00:00+00:00,13534.550576610378
2024-07-23 20:00:00+00:00,13534.550576610378
2024-07-24 00:00:00+00:00,13534.550576610378
2024-07-24 04:00:00+00:00,13534.550576610378
2024-07-24 08:00:00+00:00,13534.550576610378
2024-07-24 12:00:00+00:00,13534.550576610378
2024-07-24 16:00:00+00:00,13534.550576610378
2024-07-24 20:00:00+00:00,13534.550576610378
2024-07-25 00:00:00+00:00,13534.550576610378
2024-07-25 04:00:00+00:00,13534.550576610378
2024-07-25 08:00:00+00:00,13534.550576610378
2024-07-25 12:00:00+00:00,13534.550576610378
2024-07-25 16:00:00+00:00,13534.550576610378
2024-07-25 20:00:00+00:00,13534.550576610378
2024-07-26 00:00:00+00:00,13534.550576610378
2024-07-26 04:00:00+00:00,13534.550576610378
2024-07-26 08:00:00+00:00,13534.550576610378
2024-07-26 12:00:00+00:00,13534.550576610378
2024-07-26 16:00:00+00:00,13534.550576610378
2024-07-26 20:00:00+00:00,13534.550576610378
2024-07-27 00:00:00+00:00,13534.550576610378
2024-07-27 04:00:00+00:00,13534.550576610378
2024-07-27 08:00:00+00:00,13534.550576610378
2024-07-27 12:00:00+00:00,13534.550576610378
2024-07-27 16:00:00+00:00,13534.550576610378
2024-07-27 20:00:00+00:00,13534.550576610378
2024-07-28 00:00:00+00:00,13534.550576610378
2024-07-28 04:00:00+00:00,13534.550576610378
2024-07-28 08:00:00+00:00,13534.550576610378
2024-07-28 12:00:00+00:00,13534.550576610378
2024-07-28 16:00:00+00:00,13534.550576610378
2024-07-28 20:00:00+00:00,13534.550576610378
2024-07-29 00:00:00+00:00,13534.550576610378
2024-07-29 04:00:00+00:00,13534.550576610378
2024-07-29 08:00:00+00:00,13534.550576610378
2024-07-29 12:00:00+00:00,13534.550576610378
2024-07-29 16:00:00+00:00,13534.550576610378
2024-07-29 20:00:00+00:00,13534.550576610378
2024-07-30 00:00:00+00:00,13534.550576610378
2024-07-30 04:00:00+00:00,13534.550576610378
2024-07-30 08:00:00+00:00,13534.550576610378
2024-07-30 12:00:00+00:00,13534.550576610378
2024-07-30 16:00:00+00:00,13534.550576610378
2024-07-30 20:00:00+00:00,13534.550576610378
2024-07-31 00:00:00+00:00,13534.550576610378
2024-07-31 04:00:00+00:00,13534.550576610378
2024-07-31 08:00:00+00:00,13534.550576610378
2024-07-31 12:00:00+00:00,13534.550576610378
2024-07-31 16:00:00+00:00,13534.550576610378
2024-07-31 20:00:00+00:00,13534.550576610378
2024-08-01 00:00:00+00:00,13534.550576610378
2024-08-01 04:00:00+00:00,13534.550576610378
2024-08-01 08:00:00+00:00,13534.550576610378
2024-08-01 12:00:00+00:00,13534.550576610378
2024-08-01 16:00:00+00:00,13534.550576610378
2024-08-01 20:00:00+00:00,13534.550576610378
2024-08-02 00:00:00+00:00,13534.550576610378
2024-08-02 04:00:00+00:00,13534.550576610378
2024-08-02 08:00:00+00:00,13534.550576610378
2024-08-02 12:00:00+00:00,13534.550576610378
2024-08-02 16:00:00+00:00,13534.550576610378
2024-08-02 20:00:00+00:00,13534.550576610378
2024-08-03 00:00:00+00:00,13534.550576610378
2024-08-03 04:00:00+00:00,13534.550576610378
2024-08-03 08:00:00+00:00,13534.550576610378
2024-08-03 12:00:00+00:00,13534.550576610378
2024-08-03 16:00:00+00:00,13534.550576610378
2024-08-03 20:00:00+00:00,13534.550576610378
2024-08-04 00:00:00+00:00,13534.550576610378
2024-08-04 04:00:00+00:00,13534.550576610378
2024-08-04 08:00:00+00:00,13534.550576610378
2024-08-04 12:00:00+00:00,13534.550576610378
2024-08-04 16:00:00+00:00,13534.550576610378
2024-08-04 20:00:00+00:00,13534.550576610378
2024-08-05 00:00:00+00:00,13534.550576610378
2024-08-05 04:00:00+00:00,13534.550576610378
2024-08-05 08:00:00+00:00,13534.550576610378
2024-08-05 12:00:00+00:00,13534.550576610378
2024-08-05 16:00:00+00:00,13534.550576610378
2024-08-05 20:00:00+00:00,13534.550576610378
2024-08-06 00:00:00+00:00,13534.550576610378
2024-08-06 04:00:00+00:00,13534.550576610378
2024-08-06 08:00:00+00:00,13534.550576610378
2024-08-06 12:00:00+00:00,13534.550576610378
2024-08-06 16:00:00+00:00,13534.550576610378
2024-08-06 20:00:00+00:00,13534.550576610378
2024-08-07 00:00:00+00:00,13534.550576610378
2024-08-07 04:00:00+00:00,13534.550576610378
2024-08-07 08:00:00+00:00,13534.550576610378
2024-08-07 12:00:00+00:00,13534.550576610378
2024-08-07 16:00:00+00:00,13534.550576610378
2024-08-07 20:00:00+00:00,13534.550576610378
2024-08-08 00:00:00+00:00,13534.550576610378
2024-08-08 04:00:00+00:00,13534.550576610378
2024-08-08 08:00:00+00:00,13534.550576610378
2024-08-08 12:00:00+00:00,13534.550576610378
2024-08-08 16:00:00+00:00,13534.550576610378
2024-08-08 20:00:00+00:00,13534.550576610378
2024-08-09 00:00:00+00:00,13534.550576610378
2024-08-09 04:00:00+00:00,13534.550576610378
2024-08-09 08:00:00+00:00,13534.550576610378
2024-08-09 12:00:00+00:00,13534.550576610378
2024-08-09 16:00:00+00:00,13534.550576610378
2024-08-09 20:00:00+00:00,13534.550576610378
2024-08-10 00:00:00+00:00,13534.550576610378
2024-08-10 04:00:00+00:00,13534.550576610378
2024-08-10 08:00:00+00:00,13534.550576610378
2024-08-10 12:00:00+00:00,13534.550576610378
2024-08-10 16:00:00+00:00,13534.550576610378
2024-08-10 20:00:00+00:00,13534.550576610378
2024-08-11 00:00:00+00:00,13534.550576610378
2024-08-11 04:00:00+00:00,13534.550576610378
2024-08-11 08:00:00+00:00,13534.550576610378
2024-08-11 12:00:00+00:00,13534.550576610378
2024-08-11 16:00:00+00:00,13534.550576610378
2024-08-11 20:00:00+00:00,13534.550576610378
2024-08-12 00:00:00+00:00,13534.550576610378
2024-08-12 04:00:00+00:00,13534.550576610378
2024-08-12 08:00:00+00:00,13534.550576610378
2024-08-12 12:00:00+00:00,13534.550576610378
2024-08-12 16:00:00+00:00,13534.550576610378
2024-08-12 20:00:00+00:00,13534.550576610378
2024-08-13 00:00:00+00:00,13534.550576610378
2024-08-13 04:00:00+00:00,13534.550576610378
2024-08-13 08:00:00+00:00,13534.550576610378
2024-08-13 12:00:00+00:00,13534.550576610378
2024-08-13 16:00:00+00:00,13534.550576610378
2024-08-13 20:00:00+00:00,13534.550576610378
2024-08-14 00:00:00+00:00,13534.550576610378
2024-08-14 04:00:00+00:00,13534.550576610378
2024-08-14 08:00:00+00:00,13534.550576610378
2024-08-14 12:00:00+00:00,13534.550576610378
2024-08-14 16:00:00+00:00,13534.550576610378
2024-08-14 20:00:00+00:00,13534.550576610378
2024-08-15 00:00:00+00:00,13534.550576610378
2024-08-15 04:00:00+00:00,13534.550576610378
2024-08-15 08:00:00+00:00,13534.550576610378
2024-08-15 12:00:00+00:00,13534.550576610378
2024-08-15 16:00:00+00:00,13534.550576610378
2024-08-15 20:00:00+00:00,13534.550576610378
2024-08-16 00:00:00+00:00,13534.550576610378
2024-08-16 04:00:00+00:00,13534.550576610378
2024-08-16 08:00:00+00:00,13534.550576610378
2024-08-16 12:00:00+00:00,13534.550576610378
2024-08-16 16:00:00+00:00,13534.550576610378
2024-08-16 20:00:00+00:00,13534.550576610378
2024-08-17 00:00:00+00:00,13534.550576610378
2024-08-17 04:00:00+00:00,13534.550576610378
2024-08-17 08:00:00+00:00,13534.550576610378
2024-08-17 12:00:00+00:00,13534.550576610378
2024-08-17 16:00:00+00:00,13534.550576610378
2024-08-17 20:00:00+00:00,13534.550576610378
2024-08-18 00:00:00+00:00,13534.550576610378
2024-08-18 04:00:00+00:00,13534.550576610378
2024-08-18 08:00:00+00:00,13534.550576610378
2024-08-18 12:00:00+00:00,13534.550576610378
2024-08-18 16:00:00+00:00,13534.550576610378
2024-08-18 20:00:00+00:00,13534.550576610378
2024-08-19 00:00:00+00:00,13534.550576610378
2024-08-19 04:00:00+00:00,13534.550576610378
2024-08-19 08:00:00+00:00,13534.550576610378
2024-08-19 12:00:00+00:00,13534.550576610378
2024-08-19 16:00:00+00:00,13534.550576610378
2024-08-19 20:00:00+00:00,13534.550576610378
2024-08-20 00:00:00+00:00,13534.550576610378
2024-08-20 04:00:00+00:00,13534.550576610378
2024-08-20 08:00:00+00:00,13534.550576610378
2024-08-20 12:00:00+00:00,13534.550576610378
2024-08-20 16:00:00+00:00,13534.550576610378
2024-08-20 20:00:00+00:00,13534.550576610378
2024-08-21 00:00:00+00:00,13534.550576610378
2024-08-21 04:00:00+00:00,13534.550576610378
2024-08-21 08:00:00+00:00,13534.550576610378
2024-08-21 12:00:00+00:00,13534.550576610378
2024-08-21 16:00:00+00:00,13534.550576610378
2024-08-21 20:00:00+00:00,13534.550576610378
2024-08-22 00:00:00+00:00,13534.550576610378
2024-08-22 04:00:00+00:00,13534.550576610378
2024-08-22 08:00:00+00:00,13534.550576610378
2024-08-22 12:00:00+00:00,13534.550576610378
2024-08-22 16:00:00+00:00,13534.550576610378
2024-08-22 20:00:00+00:00,13534.550576610378
2024-08-23 00:00:00+00:00,13534.550576610378
2024-08-23 04:00:00+00:00,13534.550576610378
2024-08-23 08:00:00+00:00,13534.550576610378
2024-08-23 12:00:00+00:00,13534.550576610378
2024-08-23 16:00:00+00:00,13534.550576610378
2024-08-23 20:00:00+00:00,13534.550576610378
2024-08-24 00:00:00+00:00,13534.550576610378
2024-08-24 04:00:00+00:00,13818.155482910457
2024-08-24 08:00:00+00:00,13895.082555859146
2024-08-24 12:00:00+00:00,13886.399178107105
2024-08-24 16:00:00+00:00,14298.528784636579
2024-08-24 20:00:00+00:00,14093.022177838335
2024-08-25 00:00:00+00:00,13709.126904864956
2024-08-25 04:00:00+00:00,13709.126904864956
2024-08-25 08:00:00+00:00,13709.126904864956
2024-08-25 12:00:00+00:00,13709.126904864956
2024-08-25 16:00:00+00:00,13709.126904864956
2024-08-25 20:00:00+00:00,13709.126904864956
2024-08-26 00:00:00+00:00,13709.126904864956
2024-08-26 04:00:00+00:00,13709.126904864956
2024-08-26 08:00:00+00:00,13709.126904864956
2024-08-26 12:00:00+00:00,13709.126904864956
2024-08-26 16:00:00+00:00,13709.126904864956
2024-08-26 20:00:00+00:00,13709.126904864956
2024-08-27 00:00:00+00:00,13709.126904864956
2024-08-27 04:00:00+00:00,13709.126904864956
2024-08-27 08:00:00+00:00,13709.126904864956
2024-08-27 12:00:00+00:00,13709.126904864956
2024-08-27 16:00:00+00:00,13709.126904864956
2024-08-27 20:00:00+00:00,13709.126904864956
2024-08-28 00:00:00+00:00,13709.126904864956
2024-08-28 04:00:00+00:00,13709.126904864956
2024-08-28 08:00:00+00:00,13709.126904864956
2024-08-28 12:00:00+00:00,13709.126904864956
2024-08-28 16:00:00+00:00,13709.126904864956
2024-08-28 20:00:00+00:00,13709.126904864956
2024-08-29 00:00:00+00:00,13709.126904864956
2024-08-29 04:00:00+00:00,13709.126904864956
2024-08-29 08:00:00+00:00,13709.126904864956
2024-08-29 12:00:00+00:00,13709.126904864956
2024-08-29 16:00:00+00:00,13709.126904864956
2024-08-29 20:00:00+00:00,13709.126904864956
2024-08-30 00:00:00+00:00,13709.126904864956
2024-08-30 04:00:00+00:00,13709.126904864956
2024-08-30 08:00:00+00:00,13709.126904864956
2024-08-30 12:00:00+00:00,13709.126904864956
2024-08-30 16:00:00+00:00,13709.126904864956
2024-08-30 20:00:00+00:00,13709.126904864956
2024-08-31 00:00:00+00:00,13709.126904864956
2024-08-31 04:00:00+00:00,13709.126904864956
2024-08-31 08:00:00+00:00,13709.126904864956
2024-08-31 12:00:00+00:00,13709.126904864956
2024-08-31 16:00:00+00:00,13709.126904864956
2024-08-31 20:00:00+00:00,13709.126904864956
2024-09-01 00:00:00+00:00,13709.126904864956
2024-09-01 04:00:00+00:00,13709.126904864956
2024-09-01 08:00:00+00:00,13709.126904864956
2024-09-01 12:00:00+00:00,13709.126904864956
2024-09-01 16:00:00+00:00,13709.126904864956
2024-09-01 20:00:00+00:00,13709.126904864956
2024-09-02 00:00:00+00:00,13709.126904864956
2024-09-02 04:00:00+00:00,13709.126904864956
2024-09-02 08:00:00+00:00,13709.126904864956
2024-09-02 12:00:00+00:00,13709.126904864956
2024-09-02 16:00:00+00:00,13709.126904864956
2024-09-02 20:00:00+00:00,13709.126904864956
2024-09-03 00:00:00+00:00,13709.126904864956
2024-09-03 04:00:00+00:00,13709.126904864956
2024-09-03 08:00:00+00:00,13709.126904864956
2024-09-03 12:00:00+00:00,13709.126904864956
2024-09-03 16:00:00+00:00,13709.126904864956
2024-09-03 20:00:00+00:00,13709.126904864956
2024-09-04 00:00:00+00:00,13709.126904864956
2024-09-04 04:00:00+00:00,13709.126904864956
2024-09-04 08:00:00+00:00,13709.126904864956
2024-09-04 12:00:00+00:00,13709.126904864956
2024-09-04 16:00:00+00:00,13709.126904864956
2024-09-04 20:00:00+00:00,13709.126904864956
2024-09-05 00:00:00+00:00,13709.126904864956
2024-09-05 04:00:00+00:00,13709.126904864956
2024-09-05 08:00:00+00:00,13709.126904864956
2024-09-05 12:00:00+00:00,13709.126904864956
2024-09-05 16:00:00+00:00,13709.126904864956
2024-09-05 20:00:00+00:00,13709.126904864956
2024-09-06 00:00:00+00:00,13709.126904864956
2024-09-06 04:00:00+00:00,13709.126904864956
2024-09-06 08:00:00+00:00,13709.126904864956
2024-09-06 12:00:00+00:00,13709.126904864956
2024-09-06 16:00:00+00:00,13709.126904864956
2024-09-06 20:00:00+00:00,13709.126904864956
2024-09-07 00:00:00+00:00,13709.126904864956
2024-09-07 04:00:00+00:00,13709.126904864956
2024-09-07 08:00:00+00:00,13709.126904864956
2024-09-07 12:00:00+00:00,13709.126904864956
2024-09-07 16:00:00+00:00,13709.126904864956
2024-09-07 20:00:00+00:00,13709.126904864956
2024-09-08 00:00:00+00:00,13709.126904864956
2024-09-08 04:00:00+00:00,13709.126904864956
2024-09-08 08:00:00+00:00,13709.126904864956
2024-09-08 12:00:00+00:00,13709.126904864956
2024-09-08 16:00:00+00:00,13709.126904864956
2024-09-08 20:00:00+00:00,13709.126904864956
2024-09-09 00:00:00+00:00,13709.126904864956
2024-09-09 04:00:00+00:00,13709.126904864956
2024-09-09 08:00:00+00:00,13709.126904864956
2024-09-09 12:00:00+00:00,13709.126904864956
2024-09-09 16:00:00+00:00,13709.126904864956
2024-09-09 20:00:00+00:00,13709.126904864956
2024-09-10 00:00:00+00:00,13709.126904864956
2024-09-10 04:00:00+00:00,13709.126904864956
2024-09-10 08:00:00+00:00,13709.126904864956
2024-09-10 12:00:00+00:00,13709.126904864956
2024-09-10 16:00:00+00:00,13709.126904864956
2024-09-10 20:00:00+00:00,13709.126904864956
2024-09-11 00:00:00+00:00,13709.126904864956
2024-09-11 04:00:00+00:00,13709.126904864956
2024-09-11 08:00:00+00:00,13709.126904864956
2024-09-11 12:00:00+00:00,13709.126904864956
2024-09-11 16:00:00+00:00,13709.126904864956
2024-09-11 20:00:00+00:00,13709.126904864956
2024-09-12 00:00:00+00:00,13709.126904864956
2024-09-12 04:00:00+00:00,13709.126904864956
2024-09-12 08:00:00+00:00,13709.126904864956
2024-09-12 12:00:00+00:00,13709.126904864956
2024-09-12 16:00:00+00:00,13709.126904864956
2024-09-12 20:00:00+00:00,13709.126904864956
2024-09-13 00:00:00+00:00,13709.126904864956
2024-09-13 04:00:00+00:00,13709.126904864956
2024-09-13 08:00:00+00:00,13709.126904864956
2024-09-13 12:00:00+00:00,13709.126904864956
2024-09-13 16:00:00+00:00,13709.126904864956
2024-09-13 20:00:00+00:00,13709.126904864956
2024-09-14 00:00:00+00:00,13709.126904864956
2024-09-14 04:00:00+00:00,13709.126904864956
2024-09-14 08:00:00+00:00,13709.126904864956
2024-09-14 12:00:00+00:00,13709.126904864956
2024-09-14 16:00:00+00:00,13709.126904864956
2024-09-14 20:00:00+00:00,13709.126904864956
2024-09-15 00:00:00+00:00,13709.126904864956
2024-09-15 04:00:00+00:00,13709.126904864956
2024-09-15 08:00:00+00:00,13709.126904864956
2024-09-15 12:00:00+00:00,13709.126904864956
2024-09-15 16:00:00+00:00,13709.126904864956
2024-09-15 20:00:00+00:00,13709.126904864956
2024-09-16 00:00:00+00:00,13709.126904864956
2024-09-16 04:00:00+00:00,13709.126904864956
2024-09-16 08:00:00+00:00,13709.126904864956
2024-09-16 12:00:00+00:00,13709.126904864956
2024-09-16 16:00:00+00:00,13709.126904864956
2024-09-16 20:00:00+00:00,13709.126904864956
2024-09-17 00:00:00+00:00,13709.126904864956
2024-09-17 04:00:00+00:00,13709.126904864956
2024-09-17 08:00:00+00:00,13709.126904864956
2024-09-17 12:00:00+00:00,13709.126904864956
2024-09-17 16:00:00+00:00,13709.126904864956
2024-09-17 20:00:00+00:00,13709.126904864956
2024-09-18 00:00:00+00:00,13709.126904864956
2024-09-18 04:00:00+00:00,13709.126904864956
2024-09-18 08:00:00+00:00,13709.126904864956
2024-09-18 12:00:00+00:00,13709.126904864956
2024-09-18 16:00:00+00:00,13709.126904864956
2024-09-18 20:00:00+00:00,13709.126904864956
2024-09-19 00:00:00+00:00,13709.126904864956
2024-09-19 04:00:00+00:00,13709.126904864956
2024-09-19 08:00:00+00:00,13709.126904864956
2024-09-19 12:00:00+00:00,13709.126904864956
2024-09-19 16:00:00+00:00,13709.126904864956
2024-09-19 20:00:00+00:00,13709.126904864956
2024-09-20 00:00:00+00:00,13709.126904864956
2024-09-20 04:00:00+00:00,13709.126904864956
2024-09-20 08:00:00+00:00,13709.126904864956
2024-09-20 12:00:00+00:00,13709.126904864956
2024-09-20 16:00:00+00:00,13709.126904864956
2024-09-20 20:00:00+00:00,13709.126904864956
2024-09-21 00:00:00+00:00,13709.126904864956
2024-09-21 04:00:00+00:00,13709.126904864956
2024-09-21 08:00:00+00:00,13709.126904864956
2024-09-21 12:00:00+00:00,13709.126904864956
2024-09-21 16:00:00+00:00,13709.126904864956
2024-09-21 20:00:00+00:00,13709.126904864956
2024-09-22 00:00:00+00:00,13709.126904864956
2024-09-22 04:00:00+00:00,13709.126904864956
2024-09-22 08:00:00+00:00,13709.126904864956
2024-09-22 12:00:00+00:00,13709.126904864956
2024-09-22 16:00:00+00:00,13709.126904864956
2024-09-22 20:00:00+00:00,13709.126904864956
2024-09-23 00:00:00+00:00,13709.126904864956
2024-09-23 04:00:00+00:00,13709.126904864956
2024-09-23 08:00:00+00:00,13709.126904864956
2024-09-23 12:00:00+00:00,13709.126904864956
2024-09-23 16:00:00+00:00,13709.126904864956
2024-09-23 20:00:00+00:00,13709.126904864956
2024-09-24 00:00:00+00:00,13709.126904864956
2024-09-24 04:00:00+00:00,13709.126904864956
2024-09-24 08:00:00+00:00,13709.126904864956
2024-09-24 12:00:00+00:00,13709.126904864956
2024-09-24 16:00:00+00:00,13709.126904864956
2024-09-24 20:00:00+00:00,13709.126904864956
2024-09-25 00:00:00+00:00,13709.126904864956
2024-09-25 04:00:00+00:00,12773.802560812004
2024-09-25 08:00:00+00:00,12985.11849959259
2024-09-25 12:00:00+00:00,12466.552306981921
2024-09-25 16:00:00+00:00,12466.552306981921
2024-09-25 20:00:00+00:00,12466.552306981921
2024-09-26 00:00:00+00:00,12466.552306981921
2024-09-26 04:00:00+00:00,12466.552306981921
2024-09-26 08:00:00+00:00,12466.552306981921
2024-09-26 12:00:00+00:00,12466.552306981921
2024-09-26 16:00:00+00:00,12466.552306981921
2024-09-26 20:00:00+00:00,12466.552306981921
2024-09-27 00:00:00+00:00,12466.552306981921
2024-09-27 04:00:00+00:00,12585.024502449083
2024-09-27 08:00:00+00:00,13055.146628224356
2024-09-27 12:00:00+00:00,13292.952504597622
2024-09-27 16:00:00+00:00,13546.54862044848
2024-09-27 20:00:00+00:00,14102.924633095368
2024-09-28 00:00:00+00:00,14131.337948418648
2024-09-28 04:00:00+00:00,13238.444186186945
2024-09-28 08:00:00+00:00,12890.12152214394
2024-09-28 12:00:00+00:00,12890.12152214394
2024-09-28 16:00:00+00:00,12890.12152214394
2024-09-28 20:00:00+00:00,12890.12152214394
2024-09-29 00:00:00+00:00,12890.12152214394
2024-09-29 04:00:00+00:00,12890.12152214394
2024-09-29 08:00:00+00:00,12890.12152214394
2024-09-29 12:00:00+00:00,12890.12152214394
2024-09-29 16:00:00+00:00,12890.12152214394
2024-09-29 20:00:00+00:00,12890.12152214394
2024-09-30 00:00:00+00:00,12890.12152214394
2024-09-30 04:00:00+00:00,12890.12152214394
2024-09-30 08:00:00+00:00,12890.12152214394
2024-09-30 12:00:00+00:00,12890.12152214394
2024-09-30 16:00:00+00:00,12890.12152214394
2024-09-30 20:00:00+00:00,12890.12152214394
2024-10-01 00:00:00+00:00,12890.12152214394
2024-10-01 04:00:00+00:00,12890.12152214394
2024-10-01 08:00:00+00:00,12890.12152214394
2024-10-01 12:00:00+00:00,12890.12152214394
2024-10-01 16:00:00+00:00,12890.12152214394
2024-10-01 20:00:00+00:00,12890.12152214394
2024-10-02 00:00:00+00:00,12890.12152214394
2024-10-02 04:00:00+00:00,12890.12152214394
2024-10-02 08:00:00+00:00,12890.12152214394
2024-10-02 12:00:00+00:00,12890.12152214394
2024-10-02 16:00:00+00:00,12890.12152214394
2024-10-02 20:00:00+00:00,12890.12152214394
2024-10-03 00:00:00+00:00,12890.12152214394
2024-10-03 04:00:00+00:00,12890.12152214394
2024-10-03 08:00:00+00:00,12890.12152214394
2024-10-03 12:00:00+00:00,12890.12152214394
2024-10-03 16:00:00+00:00,12890.12152214394
2024-10-03 20:00:00+00:00,12890.12152214394
2024-10-04 00:00:00+00:00,12890.12152214394
2024-10-04 04:00:00+00:00,12890.12152214394
2024-10-04 08:00:00+00:00,12890.12152214394
2024-10-04 12:00:00+00:00,12890.12152214394
2024-10-04 16:00:00+00:00,12890.12152214394
2024-10-04 20:00:00+00:00,12890.12152214394
2024-10-05 00:00:00+00:00,12890.12152214394
2024-10-05 04:00:00+00:00,12890.12152214394
2024-10-05 08:00:00+00:00,12890.12152214394
2024-10-05 12:00:00+00:00,12890.12152214394
2024-10-05 16:00:00+00:00,12890.12152214394
2024-10-05 20:00:00+00:00,12890.12152214394
2024-10-06 00:00:00+00:00,12890.12152214394
2024-10-06 04:00:00+00:00,12890.12152214394
2024-10-06 08:00:00+00:00,12890.12152214394
2024-10-06 12:00:00+00:00,12890.12152214394
2024-10-06 16:00:00+00:00,12890.12152214394
2024-10-06 20:00:00+00:00,12890.12152214394
2024-10-07 00:00:00+00:00,12890.12152214394
2024-10-07 04:00:00+00:00,12890.12152214394
2024-10-07 08:00:00+00:00,12890.12152214394
2024-10-07 12:00:00+00:00,12890.12152214394
2024-10-07 16:00:00+00:00,12890.12152214394
2024-10-07 20:00:00+00:00,12890.12152214394
2024-10-08 00:00:00+00:00,12890.12152214394
2024-10-08 04:00:00+00:00,12890.12152214394
2024-10-08 08:00:00+00:00,12890.12152214394
2024-10-08 12:00:00+00:00,12890.12152214394
2024-10-08 16:00:00+00:00,12890.12152214394
2024-10-08 20:00:00+00:00,12890.12152214394
2024-10-09 00:00:00+00:00,12890.12152214394
2024-10-09 04:00:00+00:00,12890.12152214394
2024-10-09 08:00:00+00:00,12890.12152214394
2024-10-09 12:00:00+00:00,12890.12152214394
2024-10-09 16:00:00+00:00,12890.12152214394
2024-10-09 20:00:00+00:00,12890.12152214394
2024-10-10 00:00:00+00:00,12890.12152214394
2024-10-10 04:00:00+00:00,12890.12152214394
2024-10-10 08:00:00+00:00,12890.12152214394
2024-10-10 12:00:00+00:00,12890.12152214394
2024-10-10 16:00:00+00:00,12890.12152214394
2024-10-10 20:00:00+00:00,12890.12152214394
2024-10-11 00:00:00+00:00,12890.12152214394
2024-10-11 04:00:00+00:00,12890.12152214394
2024-10-11 08:00:00+00:00,12890.12152214394
2024-10-11 12:00:00+00:00,12890.12152214394
2024-10-11 16:00:00+00:00,12890.12152214394
2024-10-11 20:00:00+00:00,12890.12152214394
2024-10-12 00:00:00+00:00,12890.12152214394
2024-10-12 04:00:00+00:00,12890.12152214394
2024-10-12 08:00:00+00:00,12890.12152214394
2024-10-12 12:00:00+00:00,12890.12152214394
2024-10-12 16:00:00+00:00,12890.12152214394
2024-10-12 20:00:00+00:00,12890.12152214394
2024-10-13 00:00:00+00:00,12890.12152214394
2024-10-13 04:00:00+00:00,12890.12152214394
2024-10-13 08:00:00+00:00,12890.12152214394
2024-10-13 12:00:00+00:00,12890.12152214394
2024-10-13 16:00:00+00:00,12890.12152214394
2024-10-13 20:00:00+00:00,12890.12152214394
2024-10-14 00:00:00+00:00,12890.12152214394
2024-10-14 04:00:00+00:00,12890.12152214394
2024-10-14 08:00:00+00:00,12890.12152214394
2024-10-14 12:00:00+00:00,12890.12152214394
2024-10-14 16:00:00+00:00,12890.12152214394
2024-10-14 20:00:00+00:00,12890.12152214394
2024-10-15 00:00:00+00:00,12890.12152214394
2024-10-15 04:00:00+00:00,13087.203639395697
2024-10-15 08:00:00+00:00,12622.569785692254
2024-10-15 12:00:00+00:00,12103.140541383133
2024-10-15 16:00:00+00:00,12103.140541383133
2024-10-15 20:00:00+00:00,12103.140541383133
2024-10-16 00:00:00+00:00,12103.140541383133
2024-10-16 04:00:00+00:00,12103.140541383133
2024-10-16 08:00:00+00:00,12103.140541383133
2024-10-16 12:00:00+00:00,12103.140541383133
2024-10-16 16:00:00+00:00,12103.140541383133
2024-10-16 20:00:00+00:00,12103.140541383133
2024-10-17 00:00:00+00:00,12103.140541383133
2024-10-17 04:00:00+00:00,12103.140541383133
2024-10-17 08:00:00+00:00,12103.140541383133
2024-10-17 12:00:00+00:00,12103.140541383133
2024-10-17 16:00:00+00:00,12103.140541383133
2024-10-17 20:00:00+00:00,12103.140541383133
2024-10-18 00:00:00+00:00,12103.140541383133
2024-10-18 04:00:00+00:00,12103.140541383133
2024-10-18 08:00:00+00:00,12103.140541383133
2024-10-18 12:00:00+00:00,12390.428659254858
2024-10-18 16:00:00+00:00,12383.119189761357
2024-10-18 20:00:00+00:00,12319.652759887918
2024-10-19 00:00:00+00:00,12502.419967214304
2024-10-19 04:00:00+00:00,12507.302000281492
2024-10-19 08:00:00+00:00,12055.386357147827
2024-10-19 12:00:00+00:00,12162.791084625953
2024-10-19 16:00:00+00:00,12184.46633503765
2024-10-19 20:00:00+00:00,12438.332054531409
2024-10-20 00:00:00+00:00,12334.159726566122
2024-10-20 04:00:00+00:00,12773.542702613013
2024-10-20 08:00:00+00:00,12975.791662894007
2024-10-20 12:00:00+00:00,14162.12569822061
2024-10-20 16:00:00+00:00,14281.240470213697
2024-10-20 20:00:00+00:00,14720.623446260588
2024-10-21 00:00:00+00:00,14371.007388626691
2024-10-21 04:00:00+00:00,14136.669801401684
2024-10-21 08:00:00+00:00,13799.781203973947
2024-10-21 12:00:00+00:00,13799.781203973947
2024-10-21 16:00:00+00:00,13799.781203973947
2024-10-21 20:00:00+00:00,13799.781203973947
2024-10-22 00:00:00+00:00,13799.781203973947
2024-10-22 04:00:00+00:00,13799.781203973947
2024-10-22 08:00:00+00:00,13799.781203973947
2024-10-22 12:00:00+00:00,13799.781203973947
2024-10-22 16:00:00+00:00,13799.781203973947
2024-10-22 20:00:00+00:00,13799.781203973947
2024-10-23 00:00:00+00:00,13799.781203973947
2024-10-23 04:00:00+00:00,13799.781203973947
2024-10-23 08:00:00+00:00,13799.781203973947
2024-10-23 12:00:00+00:00,13799.781203973947
2024-10-23 16:00:00+00:00,13799.781203973947
2024-10-23 20:00:00+00:00,13799.781203973947
2024-10-24 00:00:00+00:00,13799.781203973947
2024-10-24 04:00:00+00:00,13799.781203973947
2024-10-24 08:00:00+00:00,13799.781203973947
2024-10-24 12:00:00+00:00,13799.781203973947
2024-10-24 16:00:00+00:00,13799.781203973947
2024-10-24 20:00:00+00:00,13799.781203973947
2024-10-25 00:00:00+00:00,13799.781203973947
2024-10-25 04:00:00+00:00,13799.781203973947
2024-10-25 08:00:00+00:00,13799.781203973947
2024-10-25 12:00:00+00:00,13799.781203973947
2024-10-25 16:00:00+00:00,13799.781203973947
2024-10-25 20:00:00+00:00,13799.781203973947
2024-10-26 00:00:00+00:00,13799.781203973947
2024-10-26 04:00:00+00:00,13799.781203973947
2024-10-26 08:00:00+00:00,13799.781203973947
2024-10-26 12:00:00+00:00,13799.781203973947
2024-10-26 16:00:00+00:00,13799.781203973947
2024-10-26 20:00:00+00:00,13799.781203973947
2024-10-27 00:00:00+00:00,13799.781203973947
2024-10-27 04:00:00+00:00,13799.781203973947
2024-10-27 08:00:00+00:00,13799.781203973947
2024-10-27 12:00:00+00:00,13799.781203973947
2024-10-27 16:00:00+00:00,13799.781203973947
2024-10-27 20:00:00+00:00,13799.781203973947
2024-10-28 00:00:00+00:00,13799.781203973947
2024-10-28 04:00:00+00:00,13799.781203973947
2024-10-28 08:00:00+00:00,13799.781203973947
2024-10-28 12:00:00+00:00,13799.781203973947
2024-10-28 16:00:00+00:00,13799.781203973947
2024-10-28 20:00:00+00:00,13799.781203973947
2024-10-29 00:00:00+00:00,13799.781203973947
2024-10-29 04:00:00+00:00,13799.781203973947
2024-10-29 08:00:00+00:00,13799.781203973947
2024-10-29 12:00:00+00:00,13799.781203973947
2024-10-29 16:00:00+00:00,13776.383209017371
2024-10-29 20:00:00+00:00,14163.076200167492
2024-10-30 00:00:00+00:00,14116.749152230914
2024-10-30 04:00:00+00:00,14331.578591758756
2024-10-30 08:00:00+00:00,13880.126800558963
2024-10-30 12:00:00+00:00,15230.483277591124
2024-10-30 16:00:00+00:00,14840.321097891829
2024-10-30 20:00:00+00:00,14748.251338094182
2024-10-31 00:00:00+00:00,14370.413002643003
2024-10-31 04:00:00+00:00,13980.054319770654
2024-10-31 08:00:00+00:00,13980.054319770654
2024-10-31 12:00:00+00:00,13980.054319770654
2024-10-31 16:00:00+00:00,13980.054319770654
2024-10-31 20:00:00+00:00,13980.054319770654
2024-11-01 00:00:00+00:00,13980.054319770654
2024-11-01 04:00:00+00:00,13980.054319770654
2024-11-01 08:00:00+00:00,13980.054319770654
2024-11-01 12:00:00+00:00,13980.054319770654
2024-11-01 16:00:00+00:00,13980.054319770654
2024-11-01 20:00:00+00:00,13980.054319770654
2024-11-02 00:00:00+00:00,13980.054319770654
2024-11-02 04:00:00+00:00,13980.054319770654
2024-11-02 08:00:00+00:00,13980.054319770654
2024-11-02 12:00:00+00:00,13980.054319770654
2024-11-02 16:00:00+00:00,13980.054319770654
2024-11-02 20:00:00+00:00,13980.054319770654
2024-11-03 00:00:00+00:00,13980.054319770654
2024-11-03 04:00:00+00:00,13980.054319770654
2024-11-03 08:00:00+00:00,13980.054319770654
2024-11-03 12:00:00+00:00,13980.054319770654
2024-11-03 16:00:00+00:00,13980.054319770654
2024-11-03 20:00:00+00:00,13980.054319770654
2024-11-04 00:00:00+00:00,13980.054319770654
2024-11-04 04:00:00+00:00,13980.054319770654
2024-11-04 08:00:00+00:00,13980.054319770654
2024-11-04 12:00:00+00:00,13980.054319770654
2024-11-04 16:00:00+00:00,13980.054319770654
2024-11-04 20:00:00+00:00,13980.054319770654
2024-11-05 00:00:00+00:00,13980.054319770654
2024-11-05 04:00:00+00:00,13980.054319770654
2024-11-05 08:00:00+00:00,13980.054319770654
2024-11-05 12:00:00+00:00,13980.054319770654
2024-11-05 16:00:00+00:00,13980.054319770654
2024-11-05 20:00:00+00:00,13980.054319770654
2024-11-06 00:00:00+00:00,13980.054319770654
2024-11-06 04:00:00+00:00,13980.054319770654
2024-11-06 08:00:00+00:00,14282.572000476437
2024-11-06 12:00:00+00:00,13844.908410024149
2024-11-06 16:00:00+00:00,14659.64164270376
2024-11-06 20:00:00+00:00,15379.483074368714
2024-11-07 00:00:00+00:00,17075.148461276436
2024-11-07 04:00:00+00:00,16407.135612691352
2024-11-07 08:00:00+00:00,16697.567443696058
2024-11-07 12:00:00+00:00,16939.434164735485
2024-11-07 16:00:00+00:00,17460.161697670468
2024-11-07 20:00:00+00:00,17224.053708084357
2024-11-08 00:00:00+00:00,16863.666535004162
2024-11-08 04:00:00+00:00,16748.491905937768
2024-11-08 08:00:00+00:00,16716.39964729471
2024-11-08 12:00:00+00:00,17476.5521991329
2024-11-08 16:00:00+00:00,17835.98054342612
2024-11-08 20:00:00+00:00,17835.98054342612
2024-11-09 00:00:00+00:00,17222.14641622702
2024-11-09 04:00:00+00:00,18402.686364157547
2024-11-09 08:00:00+00:00,19130.580230013682
2024-11-09 12:00:00+00:00,18243.735586202452
2024-11-09 16:00:00+00:00,17412.25431710475
2024-11-09 20:00:00+00:00,17412.25431710475
2024-11-10 00:00:00+00:00,17412.25431710475
2024-11-10 04:00:00+00:00,17412.25431710475
2024-11-10 08:00:00+00:00,17412.25431710475
2024-11-10 12:00:00+00:00,17412.25431710475
2024-11-10 16:00:00+00:00,17412.25431710475
2024-11-10 20:00:00+00:00,17412.25431710475
2024-11-11 00:00:00+00:00,17412.25431710475
2024-11-11 04:00:00+00:00,17412.25431710475
2024-11-11 08:00:00+00:00,17412.25431710475
2024-11-11 12:00:00+00:00,17412.25431710475
2024-11-11 16:00:00+00:00,17412.25431710475
2024-11-11 20:00:00+00:00,17412.25431710475
2024-11-12 00:00:00+00:00,17412.25431710475
2024-11-12 04:00:00+00:00,17412.25431710475
2024-11-12 08:00:00+00:00,17412.25431710475
2024-11-12 12:00:00+00:00,17412.25431710475
2024-11-12 16:00:00+00:00,17412.25431710475
2024-11-12 20:00:00+00:00,17412.25431710475
2024-11-13 00:00:00+00:00,17412.25431710475
2024-11-13 04:00:00+00:00,17412.25431710475
2024-11-13 08:00:00+00:00,17412.25431710475
2024-11-13 12:00:00+00:00,17412.25431710475
2024-11-13 16:00:00+00:00,17412.25431710475
2024-11-13 20:00:00+00:00,17412.25431710475
2024-11-14 00:00:00+00:00,17412.25431710475
2024-11-14 04:00:00+00:00,17412.25431710475
2024-11-14 08:00:00+00:00,17412.25431710475
2024-11-14 12:00:00+00:00,17412.25431710475
2024-11-14 16:00:00+00:00,17412.25431710475
2024-11-14 20:00:00+00:00,17412.25431710475
2024-11-15 00:00:00+00:00,17412.25431710475
2024-11-15 04:00:00+00:00,17412.25431710475
2024-11-15 08:00:00+00:00,17412.25431710475
2024-11-15 12:00:00+00:00,17412.25431710475
2024-11-15 16:00:00+00:00,17412.25431710475
2024-11-15 20:00:00+00:00,17412.25431710475
2024-11-16 00:00:00+00:00,17412.25431710475
2024-11-16 04:00:00+00:00,17412.25431710475
2024-11-16 08:00:00+00:00,17412.25431710475
2024-11-16 12:00:00+00:00,17427.653159391695
2024-11-16 16:00:00+00:00,19843.89515737912
2024-11-16 20:00:00+00:00,20162.736217001373
2024-11-17 00:00:00+00:00,18433.762041608257
2024-11-17 04:00:00+00:00,18433.762041608257
2024-11-17 08:00:00+00:00,18433.762041608257
2024-11-17 12:00:00+00:00,18433.762041608257
2024-11-17 16:00:00+00:00,18433.762041608257
2024-11-17 20:00:00+00:00,18433.762041608257
2024-11-18 00:00:00+00:00,18433.762041608257
2024-11-18 04:00:00+00:00,18433.762041608257
2024-11-18 08:00:00+00:00,18433.762041608257
2024-11-18 12:00:00+00:00,18433.762041608257
2024-11-18 16:00:00+00:00,18433.762041608257
2024-11-18 20:00:00+00:00,18433.762041608257
2024-11-19 00:00:00+00:00,18433.762041608257
2024-11-19 04:00:00+00:00,18433.762041608257
2024-11-19 08:00:00+00:00,18433.762041608257
2024-11-19 12:00:00+00:00,18433.762041608257
2024-11-19 16:00:00+00:00,18433.762041608257
2024-11-19 20:00:00+00:00,18433.762041608257
2024-11-20 00:00:00+00:00,18433.762041608257
2024-11-20 04:00:00+00:00,18433.762041608257
2024-11-20 08:00:00+00:00,18433.762041608257
2024-11-20 12:00:00+00:00,18433.762041608257
2024-11-20 16:00:00+00:00,18433.762041608257
2024-11-20 20:00:00+00:00,18433.762041608257
2024-11-21 00:00:00+00:00,18433.762041608257
2024-11-21 04:00:00+00:00,18433.762041608257
2024-11-21 08:00:00+00:00,18279.580165273273
2024-11-21 12:00:00+00:00,21072.350498105654
2024-11-21 16:00:00+00:00,20747.797027462926
2024-11-21 20:00:00+00:00,20826.374387355045
2024-11-22 00:00:00+00:00,20596.421340378445
2024-11-22 04:00:00+00:00,20743.75389017617
2024-11-22 08:00:00+00:00,20998.19544737462
2024-11-22 12:00:00+00:00,21430.370926781274
2024-11-22 16:00:00+00:00,20564.631728228902
2024-11-22 20:00:00+00:00,21805.49920319194
2024-11-23 00:00:00+00:00,22018.936266621567
2024-11-23 04:00:00+00:00,22424.919292730847
2024-11-23 08:00:00+00:00,22527.132511432825
2024-11-23 12:00:00+00:00,23712.341023138946
2024-11-23 16:00:00+00:00,23514.623029515868
2024-11-23 20:00:00+00:00,23305.08340313688
2024-11-24 00:00:00+00:00,24671.971893745063
2024-11-24 04:00:00+00:00,24236.52235767624
2024-11-24 08:00:00+00:00,22575.973985420904
2024-11-24 12:00:00+00:00,22575.973985420904
2024-11-24 16:00:00+00:00,22575.973985420904
2024-11-24 20:00:00+00:00,22575.973985420904
2024-11-25 00:00:00+00:00,22575.973985420904
2024-11-25 04:00:00+00:00,22575.973985420904
2024-11-25 08:00:00+00:00,22575.973985420904
2024-11-25 12:00:00+00:00,22575.973985420904
2024-11-25 16:00:00+00:00,22575.973985420904
2024-11-25 20:00:00+00:00,22575.973985420904
2024-11-26 00:00:00+00:00,22575.973985420904
2024-11-26 04:00:00+00:00,22575.973985420904
2024-11-26 08:00:00+00:00,22575.973985420904
2024-11-26 12:00:00+00:00,22575.973985420904
2024-11-26 16:00:00+00:00,22575.973985420904
2024-11-26 20:00:00+00:00,22575.973985420904
2024-11-27 00:00:00+00:00,22575.973985420904
2024-11-27 04:00:00+00:00,22575.973985420904
2024-11-27 08:00:00+00:00,22575.973985420904
2024-11-27 12:00:00+00:00,22575.973985420904
2024-11-27 16:00:00+00:00,22575.973985420904
2024-11-27 20:00:00+00:00,22575.973985420904
2024-11-28 00:00:00+00:00,22575.973985420904
2024-11-28 04:00:00+00:00,22575.973985420904
2024-11-28 08:00:00+00:00,22575.973985420904
2024-11-28 12:00:00+00:00,22575.973985420904
2024-11-28 16:00:00+00:00,22575.973985420904
2024-11-28 20:00:00+00:00,22575.973985420904
2024-11-29 00:00:00+00:00,22575.973985420904
2024-11-29 04:00:00+00:00,22575.973985420904
2024-11-29 08:00:00+00:00,22575.973985420904
2024-11-29 12:00:00+00:00,22575.973985420904
2024-11-29 16:00:00+00:00,22575.973985420904
2024-11-29 20:00:00+00:00,22575.973985420904
2024-11-30 00:00:00+00:00,22575.973985420904
2024-11-30 04:00:00+00:00,22575.973985420904
2024-11-30 08:00:00+00:00,22575.973985420904
2024-11-30 12:00:00+00:00,22575.973985420904
2024-11-30 16:00:00+00:00,22575.973985420904
2024-11-30 20:00:00+00:00,22575.973985420904
2024-12-01 00:00:00+00:00,22575.973985420904
2024-12-01 04:00:00+00:00,22575.973985420904
2024-12-01 08:00:00+00:00,22575.973985420904
2024-12-01 12:00:00+00:00,22575.973985420904
2024-12-01 16:00:00+00:00,22575.973985420904
2024-12-01 20:00:00+00:00,22575.973985420904
2024-12-02 00:00:00+00:00,22575.973985420904
2024-12-02 04:00:00+00:00,22575.973985420904
2024-12-02 08:00:00+00:00,22575.973985420904
2024-12-02 12:00:00+00:00,22575.973985420904
2024-12-02 16:00:00+00:00,22575.973985420904
2024-12-02 20:00:00+00:00,22575.973985420904
2024-12-03 00:00:00+00:00,22575.973985420904
2024-12-03 04:00:00+00:00,22575.973985420904
2024-12-03 08:00:00+00:00,22575.973985420904
2024-12-03 12:00:00+00:00,22575.973985420904
2024-12-03 16:00:00+00:00,22575.973985420904
2024-12-03 20:00:00+00:00,22575.973985420904
2024-12-04 00:00:00+00:00,22575.973985420904
2024-12-04 04:00:00+00:00,22575.973985420904
2024-12-04 08:00:00+00:00,22575.973985420904
2024-12-04 12:00:00+00:00,22575.973985420904
2024-12-04 16:00:00+00:00,22575.973985420904
2024-12-04 20:00:00+00:00,22575.973985420904
2024-12-05 00:00:00+00:00,22575.973985420904
2024-12-05 04:00:00+00:00,22575.973985420904
2024-12-05 08:00:00+00:00,22575.973985420904
2024-12-05 12:00:00+00:00,22575.973985420904
2024-12-05 16:00:00+00:00,22575.973985420904
2024-12-05 20:00:00+00:00,22575.973985420904
2024-12-06 00:00:00+00:00,22575.973985420904
2024-12-06 04:00:00+00:00,22575.973985420904
2024-12-06 08:00:00+00:00,22575.973985420904
2024-12-06 12:00:00+00:00,22575.973985420904
2024-12-06 16:00:00+00:00,22575.973985420904
2024-12-06 20:00:00+00:00,22575.973985420904
2024-12-07 00:00:00+00:00,22575.973985420904
2024-12-07 04:00:00+00:00,22575.973985420904
2024-12-07 08:00:00+00:00,22575.973985420904
2024-12-07 12:00:00+00:00,22575.973985420904
2024-12-07 16:00:00+00:00,22575.973985420904
2024-12-07 20:00:00+00:00,22575.973985420904
2024-12-08 00:00:00+00:00,22575.973985420904
2024-12-08 04:00:00+00:00,22575.973985420904
2024-12-08 08:00:00+00:00,22575.973985420904
2024-12-08 12:00:00+00:00,22575.973985420904
2024-12-08 16:00:00+00:00,22575.973985420904
2024-12-08 20:00:00+00:00,22575.973985420904
2024-12-09 00:00:00+00:00,22575.973985420904
2024-12-09 04:00:00+00:00,22575.973985420904
2024-12-09 08:00:00+00:00,22575.973985420904
2024-12-09 12:00:00+00:00,22575.973985420904
2024-12-09 16:00:00+00:00,22575.973985420904
2024-12-09 20:00:00+00:00,22575.973985420904
2024-12-10 00:00:00+00:00,22575.973985420904
2024-12-10 04:00:00+00:00,22575.973985420904
2024-12-10 08:00:00+00:00,22575.973985420904
2024-12-10 12:00:00+00:00,22575.973985420904
2024-12-10 16:00:00+00:00,22575.973985420904
2024-12-10 20:00:00+00:00,22575.973985420904
2024-12-11 00:00:00+00:00,22575.973985420904
2024-12-11 04:00:00+00:00,22575.973985420904
2024-12-11 08:00:00+00:00,22575.973985420904
2024-12-11 12:00:00+00:00,22575.973985420904
2024-12-11 16:00:00+00:00,22575.973985420904
2024-12-11 20:00:00+00:00,22575.973985420904
2024-12-12 00:00:00+00:00,22575.973985420904
2024-12-12 04:00:00+00:00,22575.973985420904
2024-12-12 08:00:00+00:00,22575.973985420904
2024-12-12 12:00:00+00:00,22575.973985420904
2024-12-12 16:00:00+00:00,21555.20330547254
2024-12-12 20:00:00+00:00,21417.541312190544
2024-12-13 00:00:00+00:00,20864.720802149743
2024-12-13 04:00:00+00:00,20864.720802149743
2024-12-13 08:00:00+00:00,20864.720802149743
2024-12-13 12:00:00+00:00,20864.720802149743
2024-12-13 16:00:00+00:00,20864.720802149743
2024-12-13 20:00:00+00:00,20864.720802149743
2024-12-14 00:00:00+00:00,20864.720802149743
2024-12-14 04:00:00+00:00,20864.720802149743
2024-12-14 08:00:00+00:00,20864.720802149743
2024-12-14 12:00:00+00:00,20864.720802149743
2024-12-14 16:00:00+00:00,20864.720802149743
2024-12-14 20:00:00+00:00,20864.720802149743
2024-12-15 00:00:00+00:00,20864.720802149743
2024-12-15 04:00:00+00:00,20864.720802149743
2024-12-15 08:00:00+00:00,20864.720802149743
2024-12-15 12:00:00+00:00,20864.720802149743
2024-12-15 16:00:00+00:00,20864.720802149743
2024-12-15 20:00:00+00:00,20864.720802149743
2024-12-16 00:00:00+00:00,20864.720802149743
2024-12-16 04:00:00+00:00,20864.720802149743
2024-12-16 08:00:00+00:00,20864.720802149743
2024-12-16 12:00:00+00:00,20864.720802149743
2024-12-16 16:00:00+00:00,20864.720802149743
2024-12-16 20:00:00+00:00,20864.720802149743
2024-12-17 00:00:00+00:00,20864.720802149743
2024-12-17 04:00:00+00:00,20864.720802149743
2024-12-17 08:00:00+00:00,20864.720802149743
2024-12-17 12:00:00+00:00,20864.720802149743
2024-12-17 16:00:00+00:00,20864.720802149743
2024-12-17 20:00:00+00:00,20864.720802149743
2024-12-18 00:00:00+00:00,20864.720802149743
2024-12-18 04:00:00+00:00,20864.720802149743
2024-12-18 08:00:00+00:00,20864.720802149743
2024-12-18 12:00:00+00:00,20864.720802149743
2024-12-18 16:00:00+00:00,20864.720802149743
2024-12-18 20:00:00+00:00,20864.720802149743
2024-12-19 00:00:00+00:00,20864.720802149743
2024-12-19 04:00:00+00:00,20864.720802149743
2024-12-19 08:00:00+00:00,20864.720802149743
2024-12-19 12:00:00+00:00,20864.720802149743
2024-12-19 16:00:00+00:00,20864.720802149743
2024-12-19 20:00:00+00:00,20864.720802149743
2024-12-20 00:00:00+00:00,20864.720802149743
2024-12-20 04:00:00+00:00,20864.720802149743
2024-12-20 08:00:00+00:00,20864.720802149743
2024-12-20 12:00:00+00:00,20864.720802149743
2024-12-20 16:00:00+00:00,20864.720802149743
2024-12-20 20:00:00+00:00,20864.720802149743
2024-12-21 00:00:00+00:00,20864.720802149743
2024-12-21 04:00:00+00:00,20864.720802149743
2024-12-21 08:00:00+00:00,20864.720802149743
2024-12-21 12:00:00+00:00,20864.720802149743
2024-12-21 16:00:00+00:00,20864.720802149743
2024-12-21 20:00:00+00:00,20864.720802149743
2024-12-22 00:00:00+00:00,20864.720802149743
2024-12-22 04:00:00+00:00,20864.720802149743
2024-12-22 08:00:00+00:00,20864.720802149743
2024-12-22 12:00:00+00:00,20864.720802149743
2024-12-22 16:00:00+00:00,20864.720802149743
2024-12-22 20:00:00+00:00,20864.720802149743
2024-12-23 00:00:00+00:00,20864.720802149743
2024-12-23 04:00:00+00:00,20864.720802149743
2024-12-23 08:00:00+00:00,20864.720802149743
2024-12-23 12:00:00+00:00,20864.720802149743
2024-12-23 16:00:00+00:00,20864.720802149743
2024-12-23 20:00:00+00:00,20864.720802149743
2024-12-24 00:00:00+00:00,20864.720802149743
2024-12-24 04:00:00+00:00,20864.720802149743
2024-12-24 08:00:00+00:00,20864.720802149743
2024-12-24 12:00:00+00:00,20864.720802149743
2024-12-24 16:00:00+00:00,20371.441599686175
2024-12-24 20:00:00+00:00,20526.07775722206
2024-12-25 00:00:00+00:00,20202.215028487495
2024-12-25 04:00:00+00:00,20077.999098663593
2024-12-25 08:00:00+00:00,19994.349150188355
2024-12-25 12:00:00+00:00,20007.024245068344
2024-12-25 16:00:00+00:00,20154.56919402267
2024-12-25 20:00:00+00:00,20202.734554566636
2024-12-26 00:00:00+00:00,19658.896425193383
2024-12-26 04:00:00+00:00,19658.896425193383
2024-12-26 08:00:00+00:00,19658.896425193383
2024-12-26 12:00:00+00:00,19658.896425193383
2024-12-26 16:00:00+00:00,19658.896425193383
2024-12-26 20:00:00+00:00,19658.896425193383
2024-12-27 00:00:00+00:00,19658.896425193383
2024-12-27 04:00:00+00:00,19658.896425193383
2024-12-27 08:00:00+00:00,19658.896425193383
2024-12-27 12:00:00+00:00,19658.896425193383
2024-12-27 16:00:00+00:00,19658.896425193383
2024-12-27 20:00:00+00:00,19658.896425193383
2024-12-28 00:00:00+00:00,19658.896425193383
2024-12-28 04:00:00+00:00,19658.896425193383
2024-12-28 08:00:00+00:00,19658.896425193383
2024-12-28 12:00:00+00:00,19658.896425193383
2024-12-28 16:00:00+00:00,19658.896425193383
2024-12-28 20:00:00+00:00,19658.896425193383
2024-12-29 00:00:00+00:00,19658.896425193383
2024-12-29 04:00:00+00:00,19658.896425193383
2024-12-29 08:00:00+00:00,19658.896425193383
2024-12-29 12:00:00+00:00,19658.896425193383
2024-12-29 16:00:00+00:00,19658.896425193383
2024-12-29 20:00:00+00:00,19658.896425193383
2024-12-30 00:00:00+00:00,19658.896425193383
2024-12-30 04:00:00+00:00,19658.896425193383
2024-12-30 08:00:00+00:00,19658.896425193383
2024-12-30 12:00:00+00:00,19658.896425193383
2024-12-30 16:00:00+00:00,19658.896425193383
2024-12-30 20:00:00+00:00,19658.896425193383
2024-12-31 00:00:00+00:00,19658.896425193383
2024-12-31 04:00:00+00:00,19658.896425193383
2024-12-31 08:00:00+00:00,19658.896425193383
2024-12-31 12:00:00+00:00,19658.896425193383
2024-12-31 16:00:00+00:00,19658.896425193383
2024-12-31 20:00:00+00:00,19658.896425193383
2025-01-01 00:00:00+00:00,19658.896425193383
2025-01-01 04:00:00+00:00,19658.896425193383
2025-01-01 08:00:00+00:00,19658.896425193383
2025-01-01 12:00:00+00:00,19658.896425193383
2025-01-01 16:00:00+00:00,19658.896425193383
2025-01-01 20:00:00+00:00,19658.896425193383
2025-01-02 00:00:00+00:00,19658.896425193383
2025-01-02 04:00:00+00:00,19658.896425193383
2025-01-02 08:00:00+00:00,19931.716671160637
2025-01-02 12:00:00+00:00,19794.761772022663
2025-01-02 16:00:00+00:00,19798.49333650784
2025-01-02 20:00:00+00:00,19856.3187383661
2025-01-03 00:00:00+00:00,19850.913280669232
2025-01-03 04:00:00+00:00,19473.52644748903
2025-01-03 08:00:00+00:00,20381.191998083767
2025-01-03 12:00:00+00:00,21391.61480950173
2025-01-03 16:00:00+00:00,21553.444674798026
2025-01-03 20:00:00+00:00,21632.574172077744
2025-01-04 00:00:00+00:00,21623.947230808935
2025-01-04 04:00:00+00:00,21833.9447428205
2025-01-04 08:00:00+00:00,21733.99384005272
2025-01-04 12:00:00+00:00,22580.07077250511
2025-01-04 16:00:00+00:00,23158.732916687113
2025-01-04 20:00:00+00:00,23444.81648377533
2025-01-05 00:00:00+00:00,23256.44415033765
2025-01-05 04:00:00+00:00,23731.22113401597
2025-01-05 08:00:00+00:00,23360.213964381837
2025-01-05 12:00:00+00:00,23344.996753366504
2025-01-05 16:00:00+00:00,23576.629182967004
2025-01-05 20:00:00+00:00,24084.88403087905
2025-01-06 00:00:00+00:00,24736.43722451293
2025-01-06 04:00:00+00:00,24776.001973152786
2025-01-06 08:00:00+00:00,25098.79401837329
2025-01-06 12:00:00+00:00,24858.362084331064
2025-01-06 16:00:00+00:00,24450.7191748333
2025-01-06 20:00:00+00:00,24164.635607745076
2025-01-07 00:00:00+00:00,23839.072421443198
2025-01-07 04:00:00+00:00,23839.072421443198
2025-01-07 08:00:00+00:00,23839.072421443198
2025-01-07 12:00:00+00:00,23839.072421443198
2025-01-07 16:00:00+00:00,23839.072421443198
2025-01-07 20:00:00+00:00,23839.072421443198
2025-01-08 00:00:00+00:00,23839.072421443198
2025-01-08 04:00:00+00:00,23839.072421443198
2025-01-08 08:00:00+00:00,23839.072421443198
2025-01-08 12:00:00+00:00,23839.072421443198
2025-01-08 16:00:00+00:00,23839.072421443198
2025-01-08 20:00:00+00:00,23839.072421443198
2025-01-09 00:00:00+00:00,23839.072421443198
2025-01-09 04:00:00+00:00,23839.072421443198
2025-01-09 08:00:00+00:00,23839.072421443198
2025-01-09 12:00:00+00:00,23839.072421443198
2025-01-09 16:00:00+00:00,23839.072421443198
2025-01-09 20:00:00+00:00,23839.072421443198
2025-01-10 00:00:00+00:00,23839.072421443198
2025-01-10 04:00:00+00:00,23839.072421443198
2025-01-10 08:00:00+00:00,23839.072421443198
2025-01-10 12:00:00+00:00,23839.072421443198
2025-01-10 16:00:00+00:00,23839.072421443198
2025-01-10 20:00:00+00:00,23839.072421443198
2025-01-11 00:00:00+00:00,23839.072421443198
2025-01-11 04:00:00+00:00,23839.072421443198
2025-01-11 08:00:00+00:00,23839.072421443198
2025-01-11 12:00:00+00:00,23839.072421443198
2025-01-11 16:00:00+00:00,23839.072421443198
2025-01-11 20:00:00+00:00,23839.072421443198
2025-01-12 00:00:00+00:00,23839.072421443198
2025-01-12 04:00:00+00:00,23839.072421443198
2025-01-12 08:00:00+00:00,23839.072421443198
2025-01-12 12:00:00+00:00,23839.072421443198
2025-01-12 16:00:00+00:00,23839.072421443198
2025-01-12 20:00:00+00:00,23839.072421443198
2025-01-13 00:00:00+00:00,23839.072421443198
2025-01-13 04:00:00+00:00,23839.072421443198
2025-01-13 08:00:00+00:00,23839.072421443198
2025-01-13 12:00:00+00:00,23839.072421443198
2025-01-13 16:00:00+00:00,23839.072421443198
2025-01-13 20:00:00+00:00,23839.072421443198
2025-01-14 00:00:00+00:00,23839.072421443198
2025-01-14 04:00:00+00:00,23839.072421443198
2025-01-14 08:00:00+00:00,23839.072421443198
2025-01-14 12:00:00+00:00,23839.072421443198
2025-01-14 16:00:00+00:00,23839.072421443198
2025-01-14 20:00:00+00:00,23839.072421443198
2025-01-15 00:00:00+00:00,23839.072421443198
2025-01-15 04:00:00+00:00,23839.072421443198
2025-01-15 08:00:00+00:00,22740.185999543406
2025-01-15 12:00:00+00:00,22662.636923169826
2025-01-15 16:00:00+00:00,23168.865737841676
2025-01-15 20:00:00+00:00,23340.08400298455
2025-01-16 00:00:00+00:00,22470.337776027518
2025-01-16 04:00:00+00:00,22392.06656910506
2025-01-16 08:00:00+00:00,21452.973869824895
2025-01-16 12:00:00+00:00,21452.973869824895
2025-01-16 16:00:00+00:00,21452.973869824895
2025-01-16 20:00:00+00:00,21452.973869824895
2025-01-17 00:00:00+00:00,21452.973869824895
2025-01-17 04:00:00+00:00,21452.973869824895
2025-01-17 08:00:00+00:00,21452.973869824895
2025-01-17 12:00:00+00:00,21452.973869824895
2025-01-17 16:00:00+00:00,21452.973869824895
2025-01-17 20:00:00+00:00,21452.973869824895
2025-01-18 00:00:00+00:00,21452.973869824895
2025-01-18 04:00:00+00:00,21452.973869824895
2025-01-18 08:00:00+00:00,21452.973869824895
2025-01-18 12:00:00+00:00,21452.973869824895
2025-01-18 16:00:00+00:00,21452.973869824895
2025-01-18 20:00:00+00:00,21452.973869824895
2025-01-19 00:00:00+00:00,21452.973869824895
2025-01-19 04:00:00+00:00,21452.973869824895
2025-01-19 08:00:00+00:00,21452.973869824895
2025-01-19 12:00:00+00:00,21452.973869824895
2025-01-19 16:00:00+00:00,21452.973869824895
2025-01-19 20:00:00+00:00,21452.973869824895
2025-01-20 00:00:00+00:00,21452.973869824895
2025-01-20 04:00:00+00:00,21452.973869824895
2025-01-20 08:00:00+00:00,21452.973869824895
2025-01-20 12:00:00+00:00,21452.973869824895
2025-01-20 16:00:00+00:00,21452.973869824895
2025-01-20 20:00:00+00:00,21452.973869824895
2025-01-21 00:00:00+00:00,21452.973869824895
2025-01-21 04:00:00+00:00,21452.973869824895
2025-01-21 08:00:00+00:00,21452.973869824895
2025-01-21 12:00:00+00:00,21452.973869824895
2025-01-21 16:00:00+00:00,21452.973869824895
2025-01-21 20:00:00+00:00,21452.973869824895
2025-01-22 00:00:00+00:00,21452.973869824895
2025-01-22 04:00:00+00:00,21452.973869824895
2025-01-22 08:00:00+00:00,21452.973869824895
2025-01-22 12:00:00+00:00,21452.973869824895
2025-01-22 16:00:00+00:00,21452.973869824895
2025-01-22 20:00:00+00:00,21452.973869824895
2025-01-23 00:00:00+00:00,21452.973869824895
2025-01-23 04:00:00+00:00,21452.973869824895
2025-01-23 08:00:00+00:00,21452.973869824895
2025-01-23 12:00:00+00:00,21452.973869824895
2025-01-23 16:00:00+00:00,21452.973869824895
2025-01-23 20:00:00+00:00,21452.973869824895
2025-01-24 00:00:00+00:00,21452.973869824895
2025-01-24 04:00:00+00:00,21452.973869824895
2025-01-24 08:00:00+00:00,21452.973869824895
2025-01-24 12:00:00+00:00,21452.973869824895
2025-01-24 16:00:00+00:00,20991.532342628376
2025-01-24 20:00:00+00:00,20934.00001343134
2025-01-25 00:00:00+00:00,20934.00001343134
2025-01-25 04:00:00+00:00,20934.00001343134
2025-01-25 08:00:00+00:00,20934.00001343134
2025-01-25 12:00:00+00:00,20934.00001343134
2025-01-25 16:00:00+00:00,20934.00001343134
2025-01-25 20:00:00+00:00,20934.00001343134
2025-01-26 00:00:00+00:00,20934.00001343134
2025-01-26 04:00:00+00:00,20934.00001343134
2025-01-26 08:00:00+00:00,20934.00001343134
2025-01-26 12:00:00+00:00,20934.00001343134
2025-01-26 16:00:00+00:00,20934.00001343134
2025-01-26 20:00:00+00:00,20934.00001343134
2025-01-27 00:00:00+00:00,20934.00001343134
2025-01-27 04:00:00+00:00,20934.00001343134
2025-01-27 08:00:00+00:00,20934.00001343134
2025-01-27 12:00:00+00:00,20934.00001343134
2025-01-27 16:00:00+00:00,20934.00001343134
2025-01-27 20:00:00+00:00,20934.00001343134
2025-01-28 00:00:00+00:00,20934.00001343134
2025-01-28 04:00:00+00:00,20934.00001343134
2025-01-28 08:00:00+00:00,20934.00001343134
2025-01-28 12:00:00+00:00,20934.00001343134
2025-01-28 16:00:00+00:00,20934.00001343134
2025-01-28 20:00:00+00:00,20934.00001343134
2025-01-29 00:00:00+00:00,20934.00001343134
2025-01-29 04:00:00+00:00,20934.00001343134
2025-01-29 08:00:00+00:00,20934.00001343134
2025-01-29 12:00:00+00:00,20934.00001343134
2025-01-29 16:00:00+00:00,20934.00001343134
2025-01-29 20:00:00+00:00,20934.00001343134
2025-01-30 00:00:00+00:00,20934.00001343134
2025-01-30 04:00:00+00:00,20934.00001343134
2025-01-30 08:00:00+00:00,20934.00001343134
2025-01-30 12:00:00+00:00,20934.00001343134
2025-01-30 16:00:00+00:00,20934.00001343134
2025-01-30 20:00:00+00:00,20934.00001343134
2025-01-31 00:00:00+00:00,20934.00001343134
2025-01-31 04:00:00+00:00,20934.00001343134
2025-01-31 08:00:00+00:00,20934.00001343134
2025-01-31 12:00:00+00:00,20934.00001343134
2025-01-31 16:00:00+00:00,19805.270557973563
2025-01-31 20:00:00+00:00,19805.270557973563
2025-02-01 00:00:00+00:00,19805.270557973563
2025-02-01 04:00:00+00:00,19805.270557973563
2025-02-01 08:00:00+00:00,19805.270557973563
2025-02-01 12:00:00+00:00,19805.270557973563
2025-02-01 16:00:00+00:00,19805.270557973563
2025-02-01 20:00:00+00:00,19805.270557973563
2025-02-02 00:00:00+00:00,19805.270557973563
2025-02-02 04:00:00+00:00,19805.270557973563
2025-02-02 08:00:00+00:00,19805.270557973563
2025-02-02 12:00:00+00:00,19805.270557973563
2025-02-02 16:00:00+00:00,19805.270557973563
2025-02-02 20:00:00+00:00,19805.270557973563
2025-02-03 00:00:00+00:00,19805.270557973563
2025-02-03 04:00:00+00:00,19805.270557973563
2025-02-03 08:00:00+00:00,19805.270557973563
2025-02-03 12:00:00+00:00,19805.270557973563
2025-02-03 16:00:00+00:00,19805.270557973563
2025-02-03 20:00:00+00:00,19805.270557973563
2025-02-04 00:00:00+00:00,19805.270557973563
2025-02-04 04:00:00+00:00,19805.270557973563
2025-02-04 08:00:00+00:00,19805.270557973563
2025-02-04 12:00:00+00:00,19805.270557973563
2025-02-04 16:00:00+00:00,19805.270557973563
2025-02-04 20:00:00+00:00,19805.270557973563
2025-02-05 00:00:00+00:00,19805.270557973563
2025-02-05 04:00:00+00:00,19805.270557973563
2025-02-05 08:00:00+00:00,19805.270557973563
2025-02-05 12:00:00+00:00,19805.270557973563
2025-02-05 16:00:00+00:00,19805.270557973563
2025-02-05 20:00:00+00:00,19805.270557973563
2025-02-06 00:00:00+00:00,19805.270557973563
2025-02-06 04:00:00+00:00,19805.270557973563
2025-02-06 08:00:00+00:00,19805.270557973563
2025-02-06 12:00:00+00:00,19805.270557973563
2025-02-06 16:00:00+00:00,19805.270557973563
2025-02-06 20:00:00+00:00,19805.270557973563
2025-02-07 00:00:00+00:00,19805.270557973563
2025-02-07 04:00:00+00:00,19805.270557973563
2025-02-07 08:00:00+00:00,19805.270557973563
2025-02-07 12:00:00+00:00,19805.270557973563
2025-02-07 16:00:00+00:00,19805.270557973563
2025-02-07 20:00:00+00:00,19805.270557973563
2025-02-08 00:00:00+00:00,19805.270557973563
2025-02-08 04:00:00+00:00,19805.270557973563
2025-02-08 08:00:00+00:00,19805.270557973563
2025-02-08 12:00:00+00:00,19805.270557973563
2025-02-08 16:00:00+00:00,19805.270557973563
2025-02-08 20:00:00+00:00,19805.270557973563
2025-02-09 00:00:00+00:00,19805.270557973563
2025-02-09 04:00:00+00:00,19805.270557973563
2025-02-09 08:00:00+00:00,19805.270557973563
2025-02-09 12:00:00+00:00,19805.270557973563
2025-02-09 16:00:00+00:00,19805.270557973563
2025-02-09 20:00:00+00:00,19805.270557973563
2025-02-10 00:00:00+00:00,19805.270557973563
2025-02-10 04:00:00+00:00,19805.270557973563
2025-02-10 08:00:00+00:00,19805.270557973563
2025-02-10 12:00:00+00:00,19805.270557973563
2025-02-10 16:00:00+00:00,20140.952959624803
2025-02-10 20:00:00+00:00,20145.506190616765
2025-02-11 00:00:00+00:00,20281.333837611255
2025-02-11 04:00:00+00:00,20946.10556243738
2025-02-11 08:00:00+00:00,20657.09454102885
2025-02-11 12:00:00+00:00,19923.1693195892
2025-02-11 16:00:00+00:00,19923.1693195892
2025-02-11 20:00:00+00:00,19923.1693195892
2025-02-12 00:00:00+00:00,19923.1693195892
2025-02-12 04:00:00+00:00,19923.1693195892
2025-02-12 08:00:00+00:00,19923.1693195892
2025-02-12 12:00:00+00:00,19923.1693195892
2025-02-12 16:00:00+00:00,19923.1693195892
2025-02-12 20:00:00+00:00,19923.1693195892
2025-02-13 00:00:00+00:00,19923.1693195892
2025-02-13 04:00:00+00:00,19923.1693195892
2025-02-13 08:00:00+00:00,19923.1693195892
2025-02-13 12:00:00+00:00,19923.1693195892
2025-02-13 16:00:00+00:00,19923.1693195892
2025-02-13 20:00:00+00:00,19923.1693195892
2025-02-14 00:00:00+00:00,19923.1693195892
2025-02-14 04:00:00+00:00,19923.1693195892
2025-02-14 08:00:00+00:00,19923.1693195892
2025-02-14 12:00:00+00:00,19923.1693195892
2025-02-14 16:00:00+00:00,19923.1693195892
2025-02-14 20:00:00+00:00,19923.1693195892
2025-02-15 00:00:00+00:00,19923.1693195892
2025-02-15 04:00:00+00:00,19923.1693195892
2025-02-15 08:00:00+00:00,19923.1693195892
2025-02-15 12:00:00+00:00,19923.1693195892
2025-02-15 16:00:00+00:00,19923.1693195892
2025-02-15 20:00:00+00:00,19923.1693195892
2025-02-16 00:00:00+00:00,19923.1693195892
2025-02-16 04:00:00+00:00,19923.1693195892
2025-02-16 08:00:00+00:00,19923.1693195892
2025-02-16 12:00:00+00:00,19923.1693195892
2025-02-16 16:00:00+00:00,19923.1693195892
2025-02-16 20:00:00+00:00,19923.1693195892
2025-02-17 00:00:00+00:00,19923.1693195892
2025-02-17 04:00:00+00:00,19923.1693195892
2025-02-17 08:00:00+00:00,19923.1693195892
2025-02-17 12:00:00+00:00,19923.1693195892
2025-02-17 16:00:00+00:00,19055.17655139316
2025-02-17 20:00:00+00:00,19055.17655139316
2025-02-18 00:00:00+00:00,19055.17655139316
2025-02-18 04:00:00+00:00,19055.17655139316
2025-02-18 08:00:00+00:00,19055.17655139316
2025-02-18 12:00:00+00:00,19055.17655139316
2025-02-18 16:00:00+00:00,19055.17655139316
2025-02-18 20:00:00+00:00,19055.17655139316
2025-02-19 00:00:00+00:00,19055.17655139316
2025-02-19 04:00:00+00:00,19055.17655139316
2025-02-19 08:00:00+00:00,19055.17655139316
2025-02-19 12:00:00+00:00,19055.17655139316
2025-02-19 16:00:00+00:00,19055.17655139316
2025-02-19 20:00:00+00:00,19055.17655139316
2025-02-20 00:00:00+00:00,19055.17655139316
2025-02-20 04:00:00+00:00,19055.17655139316
2025-02-20 08:00:00+00:00,19055.17655139316
2025-02-20 12:00:00+00:00,18885.816637256914
2025-02-20 16:00:00+00:00,19515.466211099054
2025-02-20 20:00:00+00:00,19458.433808141555
2025-02-21 00:00:00+00:00,19329.05624074327
2025-02-21 04:00:00+00:00,19605.444039691138
2025-02-21 08:00:00+00:00,19866.504160988778
2025-02-21 12:00:00+00:00,19056.598601088877
2025-02-21 16:00:00+00:00,19056.598601088877
2025-02-21 20:00:00+00:00,19056.598601088877
2025-02-22 00:00:00+00:00,19056.598601088877
2025-02-22 04:00:00+00:00,19056.598601088877
2025-02-22 08:00:00+00:00,19056.598601088877
2025-02-22 12:00:00+00:00,19056.598601088877
2025-02-22 16:00:00+00:00,18992.311657686052
2025-02-22 20:00:00+00:00,18794.519202255502
2025-02-23 00:00:00+00:00,18736.32380232697
2025-02-23 04:00:00+00:00,18690.181020168973
2025-02-23 08:00:00+00:00,18137.166456495048
2025-02-23 12:00:00+00:00,17759.786761496525
2025-02-23 16:00:00+00:00,17958.13334475452
2025-02-23 20:00:00+00:00,17958.13334475452
2025-02-24 00:00:00+00:00,17479.16533400366
2025-02-24 04:00:00+00:00,17479.16533400366
2025-02-24 08:00:00+00:00,17479.16533400366
2025-02-24 12:00:00+00:00,17479.16533400366
2025-02-24 16:00:00+00:00,17479.16533400366
2025-02-24 20:00:00+00:00,17479.16533400366
2025-02-25 00:00:00+00:00,17479.16533400366
2025-02-25 04:00:00+00:00,17479.16533400366
2025-02-25 08:00:00+00:00,17479.16533400366
2025-02-25 12:00:00+00:00,17479.16533400366
2025-02-25 16:00:00+00:00,17479.16533400366
2025-02-25 20:00:00+00:00,17479.16533400366
2025-02-26 00:00:00+00:00,17479.16533400366
2025-02-26 04:00:00+00:00,17479.16533400366
2025-02-26 08:00:00+00:00,17479.16533400366
2025-02-26 12:00:00+00:00,17479.16533400366
2025-02-26 16:00:00+00:00,17479.16533400366
2025-02-26 20:00:00+00:00,17479.16533400366
2025-02-27 00:00:00+00:00,17479.16533400366
2025-02-27 04:00:00+00:00,17479.16533400366
2025-02-27 08:00:00+00:00,17479.16533400366
2025-02-27 12:00:00+00:00,17479.16533400366
2025-02-27 16:00:00+00:00,17479.16533400366
2025-02-27 20:00:00+00:00,17479.16533400366
2025-02-28 00:00:00+00:00,17479.16533400366
2025-02-28 04:00:00+00:00,17479.16533400366
2025-02-28 08:00:00+00:00,17479.16533400366
2025-02-28 12:00:00+00:00,17479.16533400366
2025-02-28 16:00:00+00:00,17479.16533400366
2025-02-28 20:00:00+00:00,17479.16533400366
2025-03-01 00:00:00+00:00,17479.16533400366
2025-03-01 04:00:00+00:00,17479.16533400366
2025-03-01 08:00:00+00:00,17479.16533400366
2025-03-01 12:00:00+00:00,17479.16533400366
2025-03-01 16:00:00+00:00,17479.16533400366
2025-03-01 20:00:00+00:00,17479.16533400366
2025-03-02 00:00:00+00:00,17479.16533400366
2025-03-02 04:00:00+00:00,17479.16533400366
2025-03-02 08:00:00+00:00,17479.16533400366
2025-03-02 12:00:00+00:00,17479.16533400366
2025-03-02 16:00:00+00:00,17479.16533400366
2025-03-02 20:00:00+00:00,17585.169404119377
2025-03-03 00:00:00+00:00,16486.114774898328
2025-03-03 04:00:00+00:00,16486.114774898328
2025-03-03 08:00:00+00:00,16486.114774898328
2025-03-03 12:00:00+00:00,16486.114774898328
2025-03-03 16:00:00+00:00,16486.114774898328
2025-03-03 20:00:00+00:00,16486.114774898328
2025-03-04 00:00:00+00:00,16486.114774898328
2025-03-04 04:00:00+00:00,16486.114774898328
2025-03-04 08:00:00+00:00,16486.114774898328
2025-03-04 12:00:00+00:00,16486.114774898328
2025-03-04 16:00:00+00:00,16486.114774898328
2025-03-04 20:00:00+00:00,16486.114774898328
2025-03-05 00:00:00+00:00,16486.114774898328
2025-03-05 04:00:00+00:00,16486.114774898328
2025-03-05 08:00:00+00:00,16486.114774898328
2025-03-05 12:00:00+00:00,16486.114774898328
2025-03-05 16:00:00+00:00,16486.114774898328
2025-03-05 20:00:00+00:00,16486.114774898328
2025-03-06 00:00:00+00:00,16486.114774898328
2025-03-06 04:00:00+00:00,16293.423823512596
2025-03-06 08:00:00+00:00,16428.71585146377
2025-03-06 12:00:00+00:00,16037.819135565309
2025-03-06 16:00:00+00:00,15301.771665266046
2025-03-06 20:00:00+00:00,15359.877933845546
2025-03-07 00:00:00+00:00,15076.86223668564
2025-03-07 04:00:00+00:00,15076.86223668564
2025-03-07 08:00:00+00:00,15076.86223668564
2025-03-07 12:00:00+00:00,15076.86223668564
2025-03-07 16:00:00+00:00,15076.86223668564
2025-03-07 20:00:00+00:00,15076.86223668564
2025-03-08 00:00:00+00:00,15076.86223668564
2025-03-08 04:00:00+00:00,15076.86223668564
2025-03-08 08:00:00+00:00,15076.86223668564
2025-03-08 12:00:00+00:00,15076.86223668564
2025-03-08 16:00:00+00:00,15076.86223668564
2025-03-08 20:00:00+00:00,15076.86223668564
2025-03-09 00:00:00+00:00,15076.86223668564
2025-03-09 04:00:00+00:00,15076.86223668564
2025-03-09 08:00:00+00:00,15076.86223668564
2025-03-09 12:00:00+00:00,15076.86223668564
2025-03-09 16:00:00+00:00,15076.86223668564
2025-03-09 20:00:00+00:00,15076.86223668564
2025-03-10 00:00:00+00:00,15076.86223668564
2025-03-10 04:00:00+00:00,15076.86223668564
2025-03-10 08:00:00+00:00,15076.86223668564
2025-03-10 12:00:00+00:00,15076.86223668564
2025-03-10 16:00:00+00:00,15076.86223668564
2025-03-10 20:00:00+00:00,15076.86223668564
2025-03-11 00:00:00+00:00,15076.86223668564
2025-03-11 04:00:00+00:00,15076.86223668564
2025-03-11 08:00:00+00:00,15076.86223668564
2025-03-11 12:00:00+00:00,15076.86223668564
2025-03-11 16:00:00+00:00,15076.86223668564
2025-03-11 20:00:00+00:00,15076.86223668564
2025-03-12 00:00:00+00:00,15076.86223668564
2025-03-12 04:00:00+00:00,15076.86223668564
2025-03-12 08:00:00+00:00,15076.86223668564
2025-03-12 12:00:00+00:00,15076.86223668564
2025-03-12 16:00:00+00:00,15076.86223668564
2025-03-12 20:00:00+00:00,15076.86223668564
2025-03-13 00:00:00+00:00,15076.86223668564
2025-03-13 04:00:00+00:00,15076.86223668564
2025-03-13 08:00:00+00:00,15076.86223668564
2025-03-13 12:00:00+00:00,15076.86223668564
2025-03-13 16:00:00+00:00,15076.86223668564
2025-03-13 20:00:00+00:00,15076.86223668564
2025-03-14 00:00:00+00:00,15076.86223668564
2025-03-14 04:00:00+00:00,15076.86223668564
2025-03-14 08:00:00+00:00,15076.86223668564
2025-03-14 12:00:00+00:00,15076.86223668564
2025-03-14 16:00:00+00:00,15076.86223668564
2025-03-14 20:00:00+00:00,15076.86223668564
2025-03-15 00:00:00+00:00,15076.86223668564
2025-03-15 04:00:00+00:00,14965.032826996525
2025-03-15 08:00:00+00:00,15079.884687983315
2025-03-15 12:00:00+00:00,15122.036745913625
2025-03-15 16:00:00+00:00,15269.407036503146
2025-03-15 20:00:00+00:00,15185.102920642528
2025-03-16 00:00:00+00:00,15059.194846741393
2025-03-16 04:00:00+00:00,15111.88491915428
2025-03-16 08:00:00+00:00,14610.332861962526
2025-03-16 12:00:00+00:00,14610.332861962526
2025-03-16 16:00:00+00:00,14610.332861962526
2025-03-16 20:00:00+00:00,14610.332861962526
2025-03-17 00:00:00+00:00,14610.332861962526
2025-03-17 04:00:00+00:00,14610.332861962526
2025-03-17 08:00:00+00:00,14610.332861962526
2025-03-17 12:00:00+00:00,14610.332861962526
2025-03-17 16:00:00+00:00,14610.332861962526
2025-03-17 20:00:00+00:00,14610.332861962526
2025-03-18 00:00:00+00:00,14610.332861962526
2025-03-18 04:00:00+00:00,14610.332861962526
2025-03-18 08:00:00+00:00,14610.332861962526
2025-03-18 12:00:00+00:00,14610.332861962526
2025-03-18 16:00:00+00:00,14610.332861962526
2025-03-18 20:00:00+00:00,14610.332861962526
2025-03-19 00:00:00+00:00,14610.332861962526
2025-03-19 04:00:00+00:00,14610.332861962526
2025-03-19 08:00:00+00:00,14610.332861962526
2025-03-19 12:00:00+00:00,14610.332861962526
2025-03-19 16:00:00+00:00,14610.332861962526
2025-03-19 20:00:00+00:00,14610.332861962526
2025-03-20 00:00:00+00:00,14610.332861962526
2025-03-20 04:00:00+00:00,14425.685988069856
2025-03-20 08:00:00+00:00,14183.703249890703
2025-03-20 12:00:00+00:00,14205.076889651398
2025-03-20 16:00:00+00:00,14272.91663790421
2025-03-20 20:00:00+00:00,14438.562346049614
2025-03-21 00:00:00+00:00,14341.018950100319
2025-03-21 04:00:00+00:00,14306.42571414763
2025-03-21 08:00:00+00:00,14306.42571414763
2025-03-21 12:00:00+00:00,14306.42571414763
2025-03-21 16:00:00+00:00,14306.42571414763
2025-03-21 20:00:00+00:00,14306.42571414763
2025-03-22 00:00:00+00:00,14306.42571414763
2025-03-22 04:00:00+00:00,14306.42571414763
2025-03-22 08:00:00+00:00,14306.42571414763
2025-03-22 12:00:00+00:00,14306.42571414763
2025-03-22 16:00:00+00:00,14306.42571414763
2025-03-22 20:00:00+00:00,14306.42571414763
2025-03-23 00:00:00+00:00,14306.42571414763
2025-03-23 04:00:00+00:00,14306.42571414763
2025-03-23 08:00:00+00:00,14306.42571414763
2025-03-23 12:00:00+00:00,14306.42571414763
2025-03-23 16:00:00+00:00,14306.42571414763
2025-03-23 20:00:00+00:00,14306.42571414763
2025-03-24 00:00:00+00:00,14306.42571414763
2025-03-24 04:00:00+00:00,14760.94149633584
2025-03-24 08:00:00+00:00,14938.90240208311
2025-03-24 12:00:00+00:00,15357.721878156739
2025-03-24 16:00:00+00:00,15503.406622064813
2025-03-24 20:00:00+00:00,15400.312597185148
2025-03-25 00:00:00+00:00,14998.305179218773
2025-03-25 04:00:00+00:00,15159.389593093245
2025-03-25 08:00:00+00:00,15350.196014340523
2025-03-25 12:00:00+00:00,15382.412897115417
2025-03-25 16:00:00+00:00,15503.470592164982
2025-03-25 20:00:00+00:00,15555.017604604813
2025-03-26 00:00:00+00:00,15275.41823274165
2025-03-26 04:00:00+00:00,16003.51978345426
2025-03-26 08:00:00+00:00,15994.497123264326
2025-03-26 12:00:00+00:00,15169.198617943406
2025-03-26 16:00:00+00:00,15169.198617943406
2025-03-26 20:00:00+00:00,15169.198617943406
2025-03-27 00:00:00+00:00,15169.198617943406
2025-03-27 04:00:00+00:00,15169.198617943406
2025-03-27 08:00:00+00:00,15169.198617943406
2025-03-27 12:00:00+00:00,15169.198617943406
2025-03-27 16:00:00+00:00,15169.198617943406
2025-03-27 20:00:00+00:00,15169.198617943406
2025-03-28 00:00:00+00:00,15169.198617943406
2025-03-28 04:00:00+00:00,15169.198617943406
2025-03-28 08:00:00+00:00,15169.198617943406
2025-03-28 12:00:00+00:00,15169.198617943406
2025-03-28 16:00:00+00:00,15169.198617943406
2025-03-28 20:00:00+00:00,15169.198617943406
2025-03-29 00:00:00+00:00,15169.198617943406
2025-03-29 04:00:00+00:00,15169.198617943406
2025-03-29 08:00:00+00:00,15169.198617943406
2025-03-29 12:00:00+00:00,15169.198617943406
2025-03-29 16:00:00+00:00,15169.198617943406
2025-03-29 20:00:00+00:00,15169.198617943406
2025-03-30 00:00:00+00:00,15169.198617943406
2025-03-30 04:00:00+00:00,15169.198617943406
2025-03-30 08:00:00+00:00,15169.198617943406
2025-03-30 12:00:00+00:00,15169.198617943406
2025-03-30 16:00:00+00:00,15169.198617943406
2025-03-30 20:00:00+00:00,15169.198617943406
2025-03-31 00:00:00+00:00,15169.198617943406
2025-03-31 04:00:00+00:00,15169.198617943406
2025-03-31 08:00:00+00:00,15169.198617943406
2025-03-31 12:00:00+00:00,15169.198617943406
2025-03-31 16:00:00+00:00,15169.198617943406
2025-03-31 20:00:00+00:00,15169.198617943406
2025-04-01 00:00:00+00:00,15169.198617943406
2025-04-01 04:00:00+00:00,15169.198617943406
2025-04-01 08:00:00+00:00,15169.198617943406
2025-04-01 12:00:00+00:00,15169.198617943406
2025-04-01 16:00:00+00:00,15169.198617943406
2025-04-01 20:00:00+00:00,15169.198617943406
2025-04-02 00:00:00+00:00,15169.198617943406
2025-04-02 04:00:00+00:00,15169.198617943406
2025-04-02 08:00:00+00:00,15169.198617943406
2025-04-02 12:00:00+00:00,15169.198617943406
2025-04-02 16:00:00+00:00,15169.198617943406
2025-04-02 20:00:00+00:00,15169.198617943406
2025-04-03 00:00:00+00:00,15169.198617943406
2025-04-03 04:00:00+00:00,15169.198617943406
2025-04-03 08:00:00+00:00,15169.198617943406
2025-04-03 12:00:00+00:00,15169.198617943406
2025-04-03 16:00:00+00:00,15169.198617943406
2025-04-03 20:00:00+00:00,15169.198617943406
2025-04-04 00:00:00+00:00,15169.198617943406
2025-04-04 04:00:00+00:00,15169.198617943406
2025-04-04 08:00:00+00:00,15169.198617943406
2025-04-04 12:00:00+00:00,15169.198617943406
2025-04-04 16:00:00+00:00,15169.198617943406
2025-04-04 20:00:00+00:00,15169.198617943406
2025-04-05 00:00:00+00:00,15169.198617943406
2025-04-05 04:00:00+00:00,15169.198617943406
2025-04-05 08:00:00+00:00,15169.198617943406
2025-04-05 12:00:00+00:00,15169.198617943406
2025-04-05 16:00:00+00:00,15169.198617943406
2025-04-05 20:00:00+00:00,15169.198617943406
2025-04-06 00:00:00+00:00,15169.198617943406
2025-04-06 04:00:00+00:00,15169.198617943406
2025-04-06 08:00:00+00:00,15169.198617943406
2025-04-06 12:00:00+00:00,15169.198617943406
2025-04-06 16:00:00+00:00,15169.198617943406
2025-04-06 20:00:00+00:00,15169.198617943406
2025-04-07 00:00:00+00:00,15169.198617943406
2025-04-07 04:00:00+00:00,15169.198617943406
2025-04-07 08:00:00+00:00,15169.198617943406
2025-04-07 12:00:00+00:00,15169.198617943406
2025-04-07 16:00:00+00:00,15169.198617943406
2025-04-07 20:00:00+00:00,15169.198617943406
2025-04-08 00:00:00+00:00,15169.198617943406
2025-04-08 04:00:00+00:00,15169.198617943406
2025-04-08 08:00:00+00:00,15169.198617943406
2025-04-08 12:00:00+00:00,15169.198617943406
2025-04-08 16:00:00+00:00,15169.198617943406
2025-04-08 20:00:00+00:00,15169.198617943406
2025-04-09 00:00:00+00:00,15169.198617943406
2025-04-09 04:00:00+00:00,15169.198617943406
2025-04-09 08:00:00+00:00,15169.198617943406
2025-04-09 12:00:00+00:00,15169.198617943406
2025-04-09 16:00:00+00:00,15169.198617943406
2025-04-09 20:00:00+00:00,15169.198617943406
2025-04-10 00:00:00+00:00,15169.198617943406
2025-04-10 04:00:00+00:00,15169.198617943406
2025-04-10 08:00:00+00:00,15169.198617943406
2025-04-10 12:00:00+00:00,15169.198617943406
2025-04-10 16:00:00+00:00,15169.198617943406
2025-04-10 20:00:00+00:00,15169.198617943406
2025-04-11 00:00:00+00:00,15169.198617943406
2025-04-11 04:00:00+00:00,15169.198617943406
2025-04-11 08:00:00+00:00,15169.198617943406
2025-04-11 12:00:00+00:00,15169.198617943406
2025-04-11 16:00:00+00:00,15169.198617943406
2025-04-11 20:00:00+00:00,15169.198617943406
2025-04-12 00:00:00+00:00,15169.198617943406
2025-04-12 04:00:00+00:00,15169.198617943406
2025-04-12 08:00:00+00:00,15169.198617943406
2025-04-12 12:00:00+00:00,15169.198617943406
2025-04-12 16:00:00+00:00,15169.198617943406
2025-04-12 20:00:00+00:00,15169.198617943406
2025-04-13 00:00:00+00:00,15169.198617943406
2025-04-13 04:00:00+00:00,15169.198617943406
2025-04-13 08:00:00+00:00,15169.198617943406
2025-04-13 12:00:00+00:00,15169.198617943406
2025-04-13 16:00:00+00:00,15169.198617943406
2025-04-13 20:00:00+00:00,15169.198617943406
2025-04-14 00:00:00+00:00,15169.198617943406
2025-04-14 04:00:00+00:00,15169.198617943406
2025-04-14 08:00:00+00:00,15169.198617943406
2025-04-14 12:00:00+00:00,15169.198617943406
2025-04-14 16:00:00+00:00,15169.198617943406
2025-04-14 20:00:00+00:00,15169.198617943406
2025-04-15 00:00:00+00:00,15169.198617943406
2025-04-15 04:00:00+00:00,15169.198617943406
2025-04-15 08:00:00+00:00,15169.198617943406
2025-04-15 12:00:00+00:00,15169.198617943406
2025-04-15 16:00:00+00:00,15169.198617943406
2025-04-15 20:00:00+00:00,15169.198617943406
2025-04-16 00:00:00+00:00,15169.198617943406
2025-04-16 04:00:00+00:00,15169.198617943406
2025-04-16 08:00:00+00:00,15169.198617943406
2025-04-16 12:00:00+00:00,15169.198617943406
2025-04-16 16:00:00+00:00,15169.198617943406
2025-04-16 20:00:00+00:00,15169.198617943406
2025-04-17 00:00:00+00:00,15169.198617943406
2025-04-17 04:00:00+00:00,15169.198617943406
2025-04-17 08:00:00+00:00,15169.198617943406
2025-04-17 12:00:00+00:00,15169.198617943406
2025-04-17 16:00:00+00:00,15169.198617943406
2025-04-17 20:00:00+00:00,15169.198617943406
2025-04-18 00:00:00+00:00,15169.198617943406
2025-04-18 04:00:00+00:00,15169.198617943406
2025-04-18 08:00:00+00:00,15169.198617943406
2025-04-18 12:00:00+00:00,15169.198617943406
2025-04-18 16:00:00+00:00,15169.198617943406
2025-04-18 20:00:00+00:00,15169.198617943406
2025-04-19 00:00:00+00:00,15169.198617943406
2025-04-19 04:00:00+00:00,15169.198617943406
2025-04-19 08:00:00+00:00,15169.198617943406
2025-04-19 12:00:00+00:00,15169.198617943406
2025-04-19 16:00:00+00:00,15169.198617943406
2025-04-19 20:00:00+00:00,15169.198617943406
2025-04-20 00:00:00+00:00,15169.198617943406
2025-04-20 04:00:00+00:00,15169.198617943406
2025-04-20 08:00:00+00:00,15169.198617943406
2025-04-20 12:00:00+00:00,15169.198617943406
2025-04-20 16:00:00+00:00,15169.198617943406
2025-04-20 20:00:00+00:00,15169.198617943406
2025-04-21 00:00:00+00:00,15169.198617943406
2025-04-21 04:00:00+00:00,15169.198617943406
2025-04-21 08:00:00+00:00,15169.198617943406
2025-04-21 12:00:00+00:00,15169.198617943406
2025-04-21 16:00:00+00:00,15169.198617943406
2025-04-21 20:00:00+00:00,15169.198617943406
2025-04-22 00:00:00+00:00,15169.198617943406
2025-04-22 04:00:00+00:00,15169.198617943406
2025-04-22 08:00:00+00:00,15169.198617943406
2025-04-22 12:00:00+00:00,15169.198617943406
2025-04-22 16:00:00+00:00,15169.198617943406
2025-04-22 20:00:00+00:00,15169.198617943406
2025-04-23 00:00:00+00:00,15169.198617943406
2025-04-23 04:00:00+00:00,14896.254188841605
2025-04-23 08:00:00+00:00,15075.076721605014
2025-04-23 12:00:00+00:00,15019.86632445676
2025-04-23 16:00:00+00:00,15411.629837981289
2025-04-23 20:00:00+00:00,15790.215418426485
2025-04-24 00:00:00+00:00,15220.122075085994
2025-04-24 04:00:00+00:00,15101.81408119687
2025-04-24 08:00:00+00:00,15383.148913225286
2025-04-24 12:00:00+00:00,15958.914483485696
2025-04-24 16:00:00+00:00,15688.108875513546
2025-04-24 20:00:00+00:00,16035.145657588313
2025-04-25 00:00:00+00:00,15780.05705964421
2025-04-25 04:00:00+00:00,16308.499432348972
2025-04-25 08:00:00+00:00,16392.532811688456
2025-04-25 12:00:00+00:00,16495.06640639236
2025-04-25 16:00:00+00:00,16258.077407706338
2025-04-25 20:00:00+00:00,16344.836603225036
2025-04-26 00:00:00+00:00,16736.46603435649
2025-04-26 04:00:00+00:00,16768.01483272692
2025-04-26 08:00:00+00:00,16324.66769067664
2025-04-26 12:00:00+00:00,16726.914869899665
2025-04-26 16:00:00+00:00,16708.371274937486
2025-04-26 20:00:00+00:00,16826.67926882661
2025-04-27 00:00:00+00:00,15797.252498441956
2025-04-27 04:00:00+00:00,15797.252498441956
2025-04-27 08:00:00+00:00,15797.252498441956
2025-04-27 12:00:00+00:00,15797.252498441956
2025-04-27 16:00:00+00:00,15797.252498441956
2025-04-27 20:00:00+00:00,15797.252498441956
2025-04-28 00:00:00+00:00,15797.252498441956
2025-04-28 04:00:00+00:00,15797.252498441956
2025-04-28 08:00:00+00:00,15797.252498441956
2025-04-28 12:00:00+00:00,15797.252498441956
2025-04-28 16:00:00+00:00,15797.252498441956
2025-04-28 20:00:00+00:00,15797.252498441956
2025-04-29 00:00:00+00:00,15797.252498441956
2025-04-29 04:00:00+00:00,15797.252498441956
2025-04-29 08:00:00+00:00,15797.252498441956
2025-04-29 12:00:00+00:00,15797.252498441956
2025-04-29 16:00:00+00:00,15797.252498441956
2025-04-29 20:00:00+00:00,15797.252498441956
2025-04-30 00:00:00+00:00,15797.252498441956
2025-04-30 04:00:00+00:00,15797.252498441956
2025-04-30 08:00:00+00:00,15797.252498441956
2025-04-30 12:00:00+00:00,15797.252498441956
2025-04-30 16:00:00+00:00,15797.252498441956
2025-04-30 20:00:00+00:00,15797.252498441956
2025-05-01 00:00:00+00:00,15797.252498441956
2025-05-01 04:00:00+00:00,15797.252498441956
2025-05-01 08:00:00+00:00,15797.252498441956
2025-05-01 12:00:00+00:00,15797.252498441956
2025-05-01 16:00:00+00:00,15797.252498441956
2025-05-01 20:00:00+00:00,15657.354479983529
2025-05-02 00:00:00+00:00,16025.367391012547
2025-05-02 04:00:00+00:00,15085.133756484207
2025-05-02 08:00:00+00:00,15201.744593064199
2025-05-02 12:00:00+00:00,15475.068324031738
2025-05-02 16:00:00+00:00,15362.046774686816
2025-05-02 20:00:00+00:00,15580.705759460849
2025-05-03 00:00:00+00:00,15427.067173992495
2025-05-03 04:00:00+00:00,14913.218559773522
2025-05-03 08:00:00+00:00,14579.145027035494
2025-05-03 12:00:00+00:00,14579.145027035494
2025-05-03 16:00:00+00:00,14579.145027035494
2025-05-03 20:00:00+00:00,14579.145027035494
2025-05-04 00:00:00+00:00,14579.145027035494
2025-05-04 04:00:00+00:00,14579.145027035494
2025-05-04 08:00:00+00:00,14579.145027035494
2025-05-04 12:00:00+00:00,14579.145027035494
2025-05-04 16:00:00+00:00,14579.145027035494
2025-05-04 20:00:00+00:00,14579.145027035494
2025-05-05 00:00:00+00:00,14579.145027035494
2025-05-05 04:00:00+00:00,14579.145027035494
2025-05-05 08:00:00+00:00,14579.145027035494
2025-05-05 12:00:00+00:00,14579.145027035494
2025-05-05 16:00:00+00:00,14579.145027035494
2025-05-05 20:00:00+00:00,14579.145027035494
2025-05-06 00:00:00+00:00,14579.145027035494
2025-05-06 04:00:00+00:00,14579.145027035494
2025-05-06 08:00:00+00:00,14579.145027035494
2025-05-06 12:00:00+00:00,14579.145027035494
2025-05-06 16:00:00+00:00,14579.145027035494
2025-05-06 20:00:00+00:00,14579.145027035494
2025-05-07 00:00:00+00:00,14579.145027035494
2025-05-07 04:00:00+00:00,14579.145027035494
2025-05-07 08:00:00+00:00,14579.145027035494
2025-05-07 12:00:00+00:00,14579.145027035494
2025-05-07 16:00:00+00:00,14579.145027035494
2025-05-07 20:00:00+00:00,14579.145027035494
2025-05-08 00:00:00+00:00,14579.145027035494
2025-05-08 04:00:00+00:00,14579.145027035494
2025-05-08 08:00:00+00:00,14632.167489548076
2025-05-08 12:00:00+00:00,15999.537116496063
2025-05-08 16:00:00+00:00,16834.082845848792
2025-05-08 20:00:00+00:00,17650.56974539327
2025-05-09 00:00:00+00:00,17489.60869848006
2025-05-09 04:00:00+00:00,19083.23373132591
2025-05-09 08:00:00+00:00,19217.245791958376
2025-05-09 12:00:00+00:00,18912.292853574298
2025-05-09 16:00:00+00:00,18672.508358122886
2025-05-09 20:00:00+00:00,19233.228277087164
2025-05-10 00:00:00+00:00,19396.736172895467
2025-05-10 04:00:00+00:00,20311.59498804771
2025-05-10 08:00:00+00:00,20604.75677262595
2025-05-10 12:00:00+00:00,22955.845555651613
2025-05-10 16:00:00+00:00,24794.101158477497
2025-05-10 20:00:00+00:00,29604.487831697377
2025-05-11 00:00:00+00:00,29161.4866408532
2025-05-11 04:00:00+00:00,26571.024556983368
2025-05-11 08:00:00+00:00,26571.024556983368
2025-05-11 12:00:00+00:00,26571.024556983368
2025-05-11 16:00:00+00:00,26571.024556983368
2025-05-11 20:00:00+00:00,26571.024556983368
2025-05-12 00:00:00+00:00,26571.024556983368
2025-05-12 04:00:00+00:00,26571.024556983368
2025-05-12 08:00:00+00:00,26571.024556983368
2025-05-12 12:00:00+00:00,26571.024556983368
2025-05-12 16:00:00+00:00,26571.024556983368
2025-05-12 20:00:00+00:00,26571.024556983368
2025-05-13 00:00:00+00:00,26571.024556983368
2025-05-13 04:00:00+00:00,26571.024556983368
2025-05-13 08:00:00+00:00,26571.024556983368
2025-05-13 12:00:00+00:00,26571.024556983368
2025-05-13 16:00:00+00:00,26571.024556983368
2025-05-13 20:00:00+00:00,26571.024556983368
2025-05-14 00:00:00+00:00,26571.024556983368
2025-05-14 04:00:00+00:00,26571.024556983368
2025-05-14 08:00:00+00:00,26571.024556983368
2025-05-14 12:00:00+00:00,26571.024556983368
2025-05-14 16:00:00+00:00,26571.024556983368
2025-05-14 20:00:00+00:00,26571.024556983368
2025-05-15 00:00:00+00:00,26571.024556983368
2025-05-15 04:00:00+00:00,26571.024556983368
2025-05-15 08:00:00+00:00,26571.024556983368
2025-05-15 12:00:00+00:00,26571.024556983368
2025-05-15 16:00:00+00:00,26571.024556983368
2025-05-15 20:00:00+00:00,26571.024556983368
2025-05-16 00:00:00+00:00,26571.024556983368
2025-05-16 04:00:00+00:00,26571.024556983368
2025-05-16 08:00:00+00:00,26571.024556983368
2025-05-16 12:00:00+00:00,26571.024556983368
2025-05-16 16:00:00+00:00,26571.024556983368
2025-05-16 20:00:00+00:00,26571.024556983368
2025-05-17 00:00:00+00:00,26571.024556983368
2025-05-17 04:00:00+00:00,26571.024556983368
2025-05-17 08:00:00+00:00,26571.024556983368
2025-05-17 12:00:00+00:00,26571.024556983368
2025-05-17 16:00:00+00:00,26571.024556983368
2025-05-17 20:00:00+00:00,26571.024556983368
2025-05-18 00:00:00+00:00,26571.024556983368
2025-05-18 04:00:00+00:00,26571.024556983368
2025-05-18 08:00:00+00:00,26571.024556983368
2025-05-18 12:00:00+00:00,26571.024556983368
2025-05-18 16:00:00+00:00,26571.024556983368
2025-05-18 20:00:00+00:00,26571.024556983368
2025-05-19 00:00:00+00:00,26571.024556983368
2025-05-19 04:00:00+00:00,26571.024556983368
2025-05-19 08:00:00+00:00,26571.024556983368
2025-05-19 12:00:00+00:00,26571.024556983368
2025-05-19 16:00:00+00:00,26571.024556983368
2025-05-19 20:00:00+00:00,26571.024556983368
2025-05-20 00:00:00+00:00,26571.024556983368
2025-05-20 04:00:00+00:00,26571.024556983368
2025-05-20 08:00:00+00:00,26571.024556983368
2025-05-20 12:00:00+00:00,26571.024556983368
2025-05-20 16:00:00+00:00,26571.024556983368
2025-05-20 20:00:00+00:00,26571.024556983368
2025-05-21 00:00:00+00:00,26571.024556983368
2025-05-21 04:00:00+00:00,26240.431140894714
2025-05-21 08:00:00+00:00,26438.54805231619
2025-05-21 12:00:00+00:00,26934.67318309006
2025-05-21 16:00:00+00:00,27192.273536517376
2025-05-21 20:00:00+00:00,27523.02362369995
2025-05-22 00:00:00+00:00,28338.528355197406
2025-05-22 04:00:00+00:00,28669.278442379982
2025-05-22 08:00:00+00:00,28624.712566878763
2025-05-22 12:00:00+00:00,29399.364086859016
2025-05-22 16:00:00+00:00,28795.026231508673
2025-05-22 20:00:00+00:00,29073.55262071506
2025-05-23 00:00:00+00:00,30384.11676616731
2025-05-23 04:00:00+00:00,28878.333474520303
2025-05-23 08:00:00+00:00,28476.164123117553
2025-05-23 12:00:00+00:00,28476.164123117553
2025-05-23 16:00:00+00:00,28476.164123117553
2025-05-23 20:00:00+00:00,28476.164123117553
2025-05-24 00:00:00+00:00,28476.164123117553
2025-05-24 04:00:00+00:00,28476.164123117553
2025-05-24 08:00:00+00:00,28476.164123117553
2025-05-24 12:00:00+00:00,28476.164123117553
2025-05-24 16:00:00+00:00,28476.164123117553
2025-05-24 20:00:00+00:00,28476.164123117553
2025-05-25 00:00:00+00:00,28476.164123117553
2025-05-25 04:00:00+00:00,28476.164123117553
2025-05-25 08:00:00+00:00,28476.164123117553
2025-05-25 12:00:00+00:00,28476.164123117553
2025-05-25 16:00:00+00:00,28476.164123117553
2025-05-25 20:00:00+00:00,28476.164123117553
2025-05-26 00:00:00+00:00,28476.164123117553
2025-05-26 04:00:00+00:00,28476.164123117553
2025-05-26 08:00:00+00:00,28476.164123117553
2025-05-26 12:00:00+00:00,28476.164123117553
2025-05-26 16:00:00+00:00,28476.164123117553
2025-05-26 20:00:00+00:00,28476.164123117553
2025-05-27 00:00:00+00:00,28476.164123117553
2025-05-27 04:00:00+00:00,28476.164123117553
2025-05-27 08:00:00+00:00,28476.164123117553
2025-05-27 12:00:00+00:00,28476.164123117553
2025-05-27 16:00:00+00:00,28669.806864670856
2025-05-27 20:00:00+00:00,28077.0590720872
2025-05-28 00:00:00+00:00,28215.055181691663
2025-05-28 04:00:00+00:00,27985.033650241283
2025-05-28 08:00:00+00:00,28804.25621919999
2025-05-28 12:00:00+00:00,27831.088201525337
2025-05-28 16:00:00+00:00,27244.33746287038
2025-05-28 20:00:00+00:00,27244.33746287038
2025-05-29 00:00:00+00:00,27244.33746287038
2025-05-29 04:00:00+00:00,27244.33746287038
2025-05-29 08:00:00+00:00,27244.33746287038
2025-05-29 12:00:00+00:00,27244.33746287038
2025-05-29 16:00:00+00:00,27244.33746287038
2025-05-29 20:00:00+00:00,27244.33746287038
2025-05-30 00:00:00+00:00,27244.33746287038
2025-05-30 04:00:00+00:00,27244.33746287038
2025-05-30 08:00:00+00:00,27244.33746287038
2025-05-30 12:00:00+00:00,27244.33746287038
2025-05-30 16:00:00+00:00,27244.33746287038
2025-05-30 20:00:00+00:00,27244.33746287038
2025-05-31 00:00:00+00:00,27244.33746287038
2025-05-31 04:00:00+00:00,27244.33746287038
2025-05-31 08:00:00+00:00,27244.33746287038
2025-05-31 12:00:00+00:00,27244.33746287038
2025-05-31 16:00:00+00:00,27244.33746287038
2025-05-31 20:00:00+00:00,27244.33746287038
2025-06-01 00:00:00+00:00,27244.33746287038
2025-06-01 04:00:00+00:00,27244.33746287038
2025-06-01 08:00:00+00:00,27244.33746287038
2025-06-01 12:00:00+00:00,27244.33746287038
2025-06-01 16:00:00+00:00,27244.33746287038
2025-06-01 20:00:00+00:00,27244.33746287038
2025-06-02 00:00:00+00:00,27244.33746287038
2025-06-02 04:00:00+00:00,27244.33746287038
2025-06-02 08:00:00+00:00,27244.33746287038
2025-06-02 12:00:00+00:00,27244.33746287038
2025-06-02 16:00:00+00:00,27244.33746287038
2025-06-02 20:00:00+00:00,27244.33746287038
2025-06-03 00:00:00+00:00,27244.33746287038
2025-06-03 04:00:00+00:00,27244.33746287038
2025-06-03 08:00:00+00:00,27244.33746287038
2025-06-03 12:00:00+00:00,27714.0732319743
2025-06-03 16:00:00+00:00,27810.66048985478
2025-06-03 20:00:00+00:00,26777.549533004778
2025-06-04 00:00:00+00:00,27784.727206729425
2025-06-04 04:00:00+00:00,27619.86907531719
2025-06-04 08:00:00+00:00,26951.610367994756
2025-06-04 12:00:00+00:00,28149.579456256994
2025-06-04 16:00:00+00:00,26980.49351261818
2025-06-04 20:00:00+00:00,26198.674235402403
2025-06-05 00:00:00+00:00,26198.674235402403
2025-06-05 04:00:00+00:00,26198.674235402403
2025-06-05 08:00:00+00:00,26198.674235402403
2025-06-05 12:00:00+00:00,26198.674235402403
2025-06-05 16:00:00+00:00,26198.674235402403
2025-06-05 20:00:00+00:00,26198.674235402403
2025-06-06 00:00:00+00:00,26198.674235402403
2025-06-06 04:00:00+00:00,26198.674235402403
2025-06-06 08:00:00+00:00,26198.674235402403
2025-06-06 12:00:00+00:00,26198.674235402403
2025-06-06 16:00:00+00:00,26198.674235402403
2025-06-06 20:00:00+00:00,26198.674235402403
2025-06-07 00:00:00+00:00,26198.674235402403
2025-06-07 04:00:00+00:00,26198.674235402403
2025-06-07 08:00:00+00:00,26198.674235402403
2025-06-07 12:00:00+00:00,26198.674235402403
2025-06-07 16:00:00+00:00,26198.674235402403
2025-06-07 20:00:00+00:00,26198.674235402403
2025-06-08 00:00:00+00:00,26198.674235402403
2025-06-08 04:00:00+00:00,26198.674235402403
2025-06-08 08:00:00+00:00,26198.674235402403
2025-06-08 12:00:00+00:00,26198.674235402403
2025-06-08 16:00:00+00:00,26198.674235402403
2025-06-08 20:00:00+00:00,26198.674235402403
2025-06-09 00:00:00+00:00,26198.674235402403
2025-06-09 04:00:00+00:00,26198.674235402403
2025-06-09 08:00:00+00:00,26198.674235402403
2025-06-09 12:00:00+00:00,26198.674235402403
2025-06-09 16:00:00+00:00,26663.165404889485
2025-06-09 20:00:00+00:00,28495.718677458186
2025-06-10 00:00:00+00:00,28381.26228686227
2025-06-10 04:00:00+00:00,28222.441003239655
2025-06-10 08:00:00+00:00,31308.8712061784
2025-06-10 12:00:00+00:00,31870.85420976613
2025-06-10 16:00:00+00:00,32611.252156566792
2025-06-10 20:00:00+00:00,34065.077752804624
2025-06-11 00:00:00+00:00,32911.61618985607
2025-06-11 04:00:00+00:00,33217.04173528419
2025-06-11 08:00:00+00:00,31854.530872387393
2025-06-11 12:00:00+00:00,31854.530872387393
2025-06-11 16:00:00+00:00,31854.530872387393
2025-06-11 20:00:00+00:00,31854.530872387393
2025-06-12 00:00:00+00:00,31854.530872387393
2025-06-12 04:00:00+00:00,31854.530872387393
2025-06-12 08:00:00+00:00,31854.530872387393
2025-06-12 12:00:00+00:00,31854.530872387393
2025-06-12 16:00:00+00:00,31854.530872387393
2025-06-12 20:00:00+00:00,31854.530872387393
2025-06-13 00:00:00+00:00,31854.530872387393
2025-06-13 04:00:00+00:00,31854.530872387393
2025-06-13 08:00:00+00:00,31854.530872387393
2025-06-13 12:00:00+00:00,31854.530872387393
2025-06-13 16:00:00+00:00,31854.530872387393
2025-06-13 20:00:00+00:00,31854.530872387393
2025-06-14 00:00:00+00:00,31854.530872387393
2025-06-14 04:00:00+00:00,31854.530872387393
2025-06-14 08:00:00+00:00,31854.530872387393
2025-06-14 12:00:00+00:00,31854.530872387393
2025-06-14 16:00:00+00:00,31854.530872387393
2025-06-14 20:00:00+00:00,31854.530872387393
2025-06-15 00:00:00+00:00,31854.530872387393
2025-06-15 04:00:00+00:00,31854.530872387393
2025-06-15 08:00:00+00:00,31854.530872387393
2025-06-15 12:00:00+00:00,31854.530872387393
2025-06-15 16:00:00+00:00,31854.530872387393
2025-06-15 20:00:00+00:00,31854.530872387393
2025-06-16 00:00:00+00:00,31854.530872387393
2025-06-16 04:00:00+00:00,31854.530872387393
2025-06-16 08:00:00+00:00,31854.530872387393
2025-06-16 12:00:00+00:00,31854.530872387393
2025-06-16 16:00:00+00:00,31854.530872387393
2025-06-16 20:00:00+00:00,31854.530872387393
2025-06-17 00:00:00+00:00,31854.530872387393
2025-06-17 04:00:00+00:00,31854.530872387393
2025-06-17 08:00:00+00:00,31854.530872387393
2025-06-17 12:00:00+00:00,31854.530872387393
2025-06-17 16:00:00+00:00,31854.530872387393
2025-06-17 20:00:00+00:00,31854.530872387393
2025-06-18 00:00:00+00:00,31854.530872387393
2025-06-18 04:00:00+00:00,31854.530872387393
2025-06-18 08:00:00+00:00,31854.530872387393
2025-06-18 12:00:00+00:00,31854.530872387393
2025-06-18 16:00:00+00:00,31854.530872387393
2025-06-18 20:00:00+00:00,31854.530872387393
2025-06-19 00:00:00+00:00,31854.530872387393
2025-06-19 04:00:00+00:00,31854.530872387393
2025-06-19 08:00:00+00:00,31854.530872387393
2025-06-19 12:00:00+00:00,31854.530872387393
2025-06-19 16:00:00+00:00,31854.530872387393
2025-06-19 20:00:00+00:00,31854.530872387393
2025-06-20 00:00:00+00:00,31854.530872387393
2025-06-20 04:00:00+00:00,31854.530872387393
2025-06-20 08:00:00+00:00,31854.530872387393
2025-06-20 12:00:00+00:00,31854.530872387393
2025-06-20 16:00:00+00:00,31854.530872387393
2025-06-20 20:00:00+00:00,31854.530872387393
2025-06-21 00:00:00+00:00,31854.530872387393
2025-06-21 04:00:00+00:00,31854.530872387393
2025-06-21 08:00:00+00:00,31854.530872387393
2025-06-21 12:00:00+00:00,31854.530872387393
2025-06-21 16:00:00+00:00,31854.530872387393
2025-06-21 20:00:00+00:00,31854.530872387393
2025-06-22 00:00:00+00:00,31854.530872387393
2025-06-22 04:00:00+00:00,31854.530872387393
2025-06-22 08:00:00+00:00,31854.530872387393
2025-06-22 12:00:00+00:00,31854.530872387393
2025-06-22 16:00:00+00:00,31854.530872387393
2025-06-22 20:00:00+00:00,31854.530872387393
2025-06-23 00:00:00+00:00,31854.530872387393
2025-06-23 04:00:00+00:00,31854.530872387393
2025-06-23 08:00:00+00:00,31854.530872387393
2025-06-23 12:00:00+00:00,31854.530872387393
2025-06-23 16:00:00+00:00,31854.530872387393
2025-06-23 20:00:00+00:00,31854.530872387393
2025-06-24 00:00:00+00:00,31854.530872387393
2025-06-24 04:00:00+00:00,32104.381791709795
2025-06-24 08:00:00+00:00,32935.146713655966
2025-06-24 12:00:00+00:00,34179.36145309557
2025-06-24 16:00:00+00:00,33717.54989065511
2025-06-24 20:00:00+00:00,33071.81819043962
2025-06-25 00:00:00+00:00,32751.86128289357
2025-06-25 04:00:00+00:00,32247.875565652215
2025-06-25 08:00:00+00:00,33077.71954819745
2025-06-25 12:00:00+00:00,33061.96999453365
2025-06-25 16:00:00+00:00,32889.38564714673
2025-06-25 20:00:00+00:00,32038.909749301936
2025-06-26 00:00:00+00:00,31342.945218262772
2025-06-26 04:00:00+00:00,31342.945218262772
2025-06-26 08:00:00+00:00,31342.945218262772
2025-06-26 12:00:00+00:00,31342.945218262772
2025-06-26 16:00:00+00:00,31342.945218262772
2025-06-26 20:00:00+00:00,31342.945218262772
2025-06-27 00:00:00+00:00,31342.945218262772
2025-06-27 04:00:00+00:00,31342.945218262772
2025-06-27 08:00:00+00:00,31342.945218262772
2025-06-27 12:00:00+00:00,31342.945218262772
2025-06-27 16:00:00+00:00,31342.945218262772
2025-06-27 20:00:00+00:00,31342.945218262772
2025-06-28 00:00:00+00:00,31342.945218262772
2025-06-28 04:00:00+00:00,31342.945218262772
2025-06-28 08:00:00+00:00,31342.945218262772
2025-06-28 12:00:00+00:00,31342.945218262772
2025-06-28 16:00:00+00:00,31342.945218262772
2025-06-28 20:00:00+00:00,31342.945218262772
2025-06-29 00:00:00+00:00,31342.945218262772
2025-06-29 04:00:00+00:00,31342.945218262772
2025-06-29 08:00:00+00:00,31342.945218262772
2025-06-29 12:00:00+00:00,31342.945218262772
2025-06-29 16:00:00+00:00,31342.945218262772
2025-06-29 20:00:00+00:00,31342.945218262772
2025-06-30 00:00:00+00:00,31342.945218262772
2025-06-30 04:00:00+00:00,31342.945218262772
2025-06-30 08:00:00+00:00,31342.945218262772
2025-06-30 12:00:00+00:00,31342.945218262772
2025-06-30 16:00:00+00:00,31342.945218262772
2025-06-30 20:00:00+00:00,31342.945218262772
2025-07-01 00:00:00+00:00,31342.945218262772
2025-07-01 04:00:00+00:00,31342.945218262772
2025-07-01 08:00:00+00:00,31342.945218262772
2025-07-01 12:00:00+00:00,31342.945218262772
2025-07-01 16:00:00+00:00,31342.945218262772
2025-07-01 20:00:00+00:00,31342.945218262772
2025-07-02 00:00:00+00:00,31342.945218262772
2025-07-02 04:00:00+00:00,31342.945218262772
2025-07-02 08:00:00+00:00,31342.945218262772
2025-07-02 12:00:00+00:00,31342.945218262772
2025-07-02 16:00:00+00:00,31342.945218262772
2025-07-02 20:00:00+00:00,31342.945218262772
2025-07-03 00:00:00+00:00,31342.945218262772
2025-07-03 04:00:00+00:00,31342.945218262772
2025-07-03 08:00:00+00:00,31342.945218262772
2025-07-03 12:00:00+00:00,31342.945218262772
2025-07-03 16:00:00+00:00,31342.945218262772
2025-07-03 20:00:00+00:00,31342.945218262772
2025-07-04 00:00:00+00:00,31342.945218262772
2025-07-04 04:00:00+00:00,31342.945218262772
2025-07-04 08:00:00+00:00,31342.945218262772
2025-07-04 12:00:00+00:00,31342.945218262772
2025-07-04 16:00:00+00:00,31342.945218262772
2025-07-04 20:00:00+00:00,31342.945218262772
2025-07-05 00:00:00+00:00,31342.945218262772
2025-07-05 04:00:00+00:00,31342.945218262772
2025-07-05 08:00:00+00:00,31342.945218262772
2025-07-05 12:00:00+00:00,31342.945218262772
2025-07-05 16:00:00+00:00,31342.945218262772
2025-07-05 20:00:00+00:00,31342.945218262772
2025-07-06 00:00:00+00:00,31342.945218262772
2025-07-06 04:00:00+00:00,31342.945218262772
2025-07-06 08:00:00+00:00,31342.945218262772
2025-07-06 12:00:00+00:00,31342.945218262772
2025-07-06 16:00:00+00:00,31342.945218262772
2025-07-06 20:00:00+00:00,31342.945218262772
2025-07-07 00:00:00+00:00,31342.945218262772
2025-07-07 04:00:00+00:00,31342.945218262772
2025-07-07 08:00:00+00:00,30521.317846443482
2025-07-07 12:00:00+00:00,29835.076034113248
2025-07-07 16:00:00+00:00,29835.076034113248
2025-07-07 20:00:00+00:00,29835.076034113248
2025-07-08 00:00:00+00:00,29835.076034113248
2025-07-08 04:00:00+00:00,29835.076034113248
2025-07-08 08:00:00+00:00,29835.076034113248
2025-07-08 12:00:00+00:00,29835.076034113248
2025-07-08 16:00:00+00:00,30575.536815205014
2025-07-08 20:00:00+00:00,30602.776662944118
2025-07-09 00:00:00+00:00,30203.195336459354
2025-07-09 04:00:00+00:00,30965.911073153966
2025-07-09 08:00:00+00:00,30841.36044105579
2025-07-09 12:00:00+00:00,30623.44165914305
2025-07-09 16:00:00+00:00,32675.443905191903
2025-07-09 20:00:00+00:00,32947.842382582836
2025-07-10 00:00:00+00:00,33324.361091979285
2025-07-10 04:00:00+00:00,33773.81857967432
2025-07-10 08:00:00+00:00,33537.35763340558
2025-07-10 12:00:00+00:00,33292.19900375374
2025-07-10 16:00:00+00:00,35412.03119465771
2025-07-10 20:00:00+00:00,38517.37383691433
2025-07-11 00:00:00+00:00,41208.71982526267
2025-07-11 04:00:00+00:00,40623.06309887217
2025-07-11 08:00:00+00:00,40712.79388130951
2025-07-11 12:00:00+00:00,39881.97852526717
2025-07-11 16:00:00+00:00,41837.7124254213
2025-07-11 20:00:00+00:00,38711.82218230406
2025-07-12 00:00:00+00:00,38711.82218230406
2025-07-12 04:00:00+00:00,38711.82218230406
2025-07-12 08:00:00+00:00,38711.82218230406
2025-07-12 12:00:00+00:00,38711.82218230406
2025-07-12 16:00:00+00:00,38711.82218230406
2025-07-12 20:00:00+00:00,38711.82218230406
2025-07-13 00:00:00+00:00,38711.82218230406
2025-07-13 04:00:00+00:00,38711.82218230406
2025-07-13 08:00:00+00:00,38711.82218230406
2025-07-13 12:00:00+00:00,38711.82218230406
2025-07-13 16:00:00+00:00,38711.82218230406
2025-07-13 20:00:00+00:00,38711.82218230406
2025-07-14 00:00:00+00:00,38711.82218230406
2025-07-14 04:00:00+00:00,38711.82218230406
2025-07-14 08:00:00+00:00,38711.82218230406
2025-07-14 12:00:00+00:00,38711.82218230406
2025-07-14 16:00:00+00:00,38711.82218230406
2025-07-14 20:00:00+00:00,38711.82218230406
2025-07-15 00:00:00+00:00,38711.82218230406
2025-07-15 04:00:00+00:00,38711.82218230406
2025-07-15 08:00:00+00:00,38711.82218230406
2025-07-15 12:00:00+00:00,38711.82218230406
2025-07-15 16:00:00+00:00,38711.82218230406
2025-07-15 20:00:00+00:00,38711.82218230406
2025-07-16 00:00:00+00:00,38711.82218230406
2025-07-16 04:00:00+00:00,38711.82218230406
2025-07-16 08:00:00+00:00,38711.82218230406
2025-07-16 12:00:00+00:00,38711.82218230406
2025-07-16 16:00:00+00:00,38711.82218230406
2025-07-16 20:00:00+00:00,38711.82218230406
2025-07-17 00:00:00+00:00,38711.82218230406
2025-07-17 04:00:00+00:00,38711.82218230406
2025-07-17 08:00:00+00:00,38711.82218230406
2025-07-17 12:00:00+00:00,38711.82218230406
2025-07-17 16:00:00+00:00,38711.82218230406
2025-07-17 20:00:00+00:00,38711.82218230406
2025-07-18 00:00:00+00:00,38711.82218230406
2025-07-18 04:00:00+00:00,38711.82218230406
2025-07-18 08:00:00+00:00,38711.82218230406
2025-07-18 12:00:00+00:00,38711.82218230406
2025-07-18 16:00:00+00:00,38711.82218230406
2025-07-18 20:00:00+00:00,38711.82218230406
2025-07-19 00:00:00+00:00,38711.82218230406
2025-07-19 04:00:00+00:00,38711.82218230406
2025-07-19 08:00:00+00:00,38711.82218230406
2025-07-19 12:00:00+00:00,38711.82218230406
2025-07-19 16:00:00+00:00,38711.82218230406
2025-07-19 20:00:00+00:00,38711.82218230406
2025-07-20 00:00:00+00:00,38711.82218230406
2025-07-20 04:00:00+00:00,38711.82218230406
2025-07-20 08:00:00+00:00,38711.82218230406
2025-07-20 12:00:00+00:00,38711.82218230406
2025-07-20 16:00:00+00:00,38711.82218230406
2025-07-20 20:00:00+00:00,38711.82218230406
2025-07-21 00:00:00+00:00,38711.82218230406
2025-07-21 04:00:00+00:00,38711.82218230406
2025-07-21 08:00:00+00:00,38711.82218230406
2025-07-21 12:00:00+00:00,38711.82218230406
2025-07-21 16:00:00+00:00,38711.82218230406
2025-07-21 20:00:00+00:00,38711.82218230406
2025-07-22 00:00:00+00:00,38711.82218230406
2025-07-22 04:00:00+00:00,38711.82218230406
2025-07-22 08:00:00+00:00,38711.82218230406
2025-07-22 12:00:00+00:00,38711.82218230406
2025-07-22 16:00:00+00:00,38711.82218230406
2025-07-22 20:00:00+00:00,38711.82218230406
2025-07-23 00:00:00+00:00,38711.82218230406
2025-07-23 04:00:00+00:00,38711.82218230406
2025-07-23 08:00:00+00:00,38711.82218230406
2025-07-23 12:00:00+00:00,38711.82218230406
2025-07-23 16:00:00+00:00,38711.82218230406
2025-07-23 20:00:00+00:00,38711.82218230406
2025-07-24 00:00:00+00:00,38711.82218230406
2025-07-24 04:00:00+00:00,38711.82218230406
2025-07-24 08:00:00+00:00,38711.82218230406
2025-07-24 12:00:00+00:00,38711.82218230406
2025-07-24 16:00:00+00:00,38711.82218230406
2025-07-24 20:00:00+00:00,38711.82218230406
2025-07-25 00:00:00+00:00,38711.82218230406
2025-07-25 04:00:00+00:00,38711.82218230406
2025-07-25 08:00:00+00:00,38711.82218230406
2025-07-25 12:00:00+00:00,38711.82218230406
2025-07-25 16:00:00+00:00,38711.82218230406
2025-07-25 20:00:00+00:00,38711.82218230406
2025-07-26 00:00:00+00:00,38711.82218230406
2025-07-26 04:00:00+00:00,38711.82218230406
2025-07-26 08:00:00+00:00,38711.82218230406
2025-07-26 12:00:00+00:00,38711.82218230406
2025-07-26 16:00:00+00:00,38711.82218230406
2025-07-26 20:00:00+00:00,38711.82218230406
2025-07-27 00:00:00+00:00,39073.90896494186
2025-07-27 04:00:00+00:00,38880.127684095314
2025-07-27 08:00:00+00:00,38964.73517506334
2025-07-27 12:00:00+00:00,38951.816423006894
2025-07-27 16:00:00+00:00,39274.20369260743
2025-07-27 20:00:00+00:00,40139.76008038868
2025-07-28 00:00:00+00:00,40301.75477180036
2025-07-28 04:00:00+00:00,41490.279960992535
2025-07-28 08:00:00+00:00,41316.25016016507
2025-07-28 12:00:00+00:00,39289.01651826894
2025-07-28 16:00:00+00:00,39289.01651826894
2025-07-28 20:00:00+00:00,39289.01651826894
2025-07-29 00:00:00+00:00,39289.01651826894
2025-07-29 04:00:00+00:00,39289.01651826894
2025-07-29 08:00:00+00:00,39289.01651826894
2025-07-29 12:00:00+00:00,39289.01651826894
2025-07-29 16:00:00+00:00,39289.01651826894
2025-07-29 20:00:00+00:00,39289.01651826894
2025-07-30 00:00:00+00:00,39289.01651826894
2025-07-30 04:00:00+00:00,39289.01651826894
2025-07-30 08:00:00+00:00,39289.01651826894
2025-07-30 12:00:00+00:00,39289.01651826894
2025-07-30 16:00:00+00:00,39289.01651826894
2025-07-30 20:00:00+00:00,39289.01651826894
2025-07-31 00:00:00+00:00,39289.01651826894
2025-07-31 04:00:00+00:00,39289.01651826894
2025-07-31 08:00:00+00:00,39289.01651826894
2025-07-31 12:00:00+00:00,39289.01651826894
2025-07-31 16:00:00+00:00,39289.01651826894
2025-07-31 20:00:00+00:00,39289.01651826894
2025-08-01 00:00:00+00:00,39289.01651826894
2025-08-01 04:00:00+00:00,39289.01651826894
2025-08-01 08:00:00+00:00,39289.01651826894
2025-08-01 12:00:00+00:00,39289.01651826894
2025-08-01 16:00:00+00:00,39289.01651826894
2025-08-01 20:00:00+00:00,39289.01651826894
2025-08-02 00:00:00+00:00,39289.01651826894
2025-08-02 04:00:00+00:00,39289.01651826894
2025-08-02 08:00:00+00:00,39289.01651826894
2025-08-02 12:00:00+00:00,39289.01651826894
2025-08-02 16:00:00+00:00,39289.01651826894
2025-08-02 20:00:00+00:00,39289.01651826894
2025-08-03 00:00:00+00:00,39289.01651826894
2025-08-03 04:00:00+00:00,39289.01651826894
2025-08-03 08:00:00+00:00,39289.01651826894
2025-08-03 12:00:00+00:00,39289.01651826894
2025-08-03 16:00:00+00:00,39289.01651826894
2025-08-03 20:00:00+00:00,39289.01651826894
2025-08-04 00:00:00+00:00,39289.01651826894
2025-08-04 04:00:00+00:00,39289.01651826894
2025-08-04 08:00:00+00:00,39289.01651826894
2025-08-04 12:00:00+00:00,39289.01651826894
2025-08-04 16:00:00+00:00,39289.01651826894
2025-08-04 20:00:00+00:00,39877.685533223965
2025-08-05 00:00:00+00:00,38263.719219964376
2025-08-05 04:00:00+00:00,37648.9456984366
2025-08-05 08:00:00+00:00,37648.9456984366
2025-08-05 12:00:00+00:00,37648.9456984366
2025-08-05 16:00:00+00:00,37648.9456984366
2025-08-05 20:00:00+00:00,37648.9456984366
2025-08-06 00:00:00+00:00,37648.9456984366
2025-08-06 04:00:00+00:00,37648.9456984366
2025-08-06 08:00:00+00:00,37648.9456984366
2025-08-06 12:00:00+00:00,37648.9456984366
2025-08-06 16:00:00+00:00,37648.9456984366
2025-08-06 20:00:00+00:00,37648.9456984366
2025-08-07 00:00:00+00:00,37648.9456984366
2025-08-07 04:00:00+00:00,37648.9456984366
2025-08-07 08:00:00+00:00,37648.9456984366
2025-08-07 12:00:00+00:00,37355.68009645575
2025-08-07 16:00:00+00:00,37701.154866143515
2025-08-07 20:00:00+00:00,38710.41181320454
2025-08-08 00:00:00+00:00,39698.15825653808
2025-08-08 04:00:00+00:00,40095.74432659242
2025-08-08 08:00:00+00:00,39479.37969937247
2025-08-08 12:00:00+00:00,39188.83603279429
2025-08-08 16:00:00+00:00,41201.46646813098
2025-08-08 20:00:00+00:00,41308.50887160716
2025-08-09 00:00:00+00:00,41974.71173647618
2025-08-09 04:00:00+00:00,44497.85410412875
2025-08-09 08:00:00+00:00,46020.076598773914
2025-08-09 12:00:00+00:00,45683.65761642024
2025-08-09 16:00:00+00:00,46854.0531393199
2025-08-09 20:00:00+00:00,47343.38984092525
2025-08-10 00:00:00+00:00,46770.35362568751
2025-08-10 04:00:00+00:00,44367.501797345394
2025-08-10 08:00:00+00:00,44367.501797345394
2025-08-10 12:00:00+00:00,44367.501797345394
2025-08-10 16:00:00+00:00,44367.501797345394
2025-08-10 20:00:00+00:00,44367.501797345394
2025-08-11 00:00:00+00:00,44367.501797345394
2025-08-11 04:00:00+00:00,44367.501797345394
2025-08-11 08:00:00+00:00,44367.501797345394
2025-08-11 12:00:00+00:00,44367.501797345394
2025-08-11 16:00:00+00:00,44367.501797345394
2025-08-11 20:00:00+00:00,44367.501797345394
2025-08-12 00:00:00+00:00,44367.501797345394
2025-08-12 04:00:00+00:00,44367.501797345394
2025-08-12 08:00:00+00:00,44367.501797345394
2025-08-12 12:00:00+00:00,44367.501797345394
2025-08-12 16:00:00+00:00,44367.501797345394
2025-08-12 20:00:00+00:00,44367.501797345394
2025-08-13 00:00:00+00:00,44367.501797345394
2025-08-13 04:00:00+00:00,44367.501797345394
2025-08-13 08:00:00+00:00,44367.501797345394
2025-08-13 12:00:00+00:00,44367.501797345394
2025-08-13 16:00:00+00:00,44367.501797345394
2025-08-13 20:00:00+00:00,44367.501797345394
2025-08-14 00:00:00+00:00,44367.501797345394
2025-08-14 04:00:00+00:00,44367.501797345394
2025-08-14 08:00:00+00:00,44367.501797345394
2025-08-14 12:00:00+00:00,44367.501797345394
2025-08-14 16:00:00+00:00,44367.501797345394
2025-08-14 20:00:00+00:00,44367.501797345394
2025-08-15 00:00:00+00:00,44367.501797345394
2025-08-15 04:00:00+00:00,44367.501797345394
2025-08-15 08:00:00+00:00,44367.501797345394
2025-08-15 12:00:00+00:00,44367.501797345394
2025-08-15 16:00:00+00:00,44367.501797345394
2025-08-15 20:00:00+00:00,44367.501797345394
2025-08-16 00:00:00+00:00,44367.501797345394
2025-08-16 04:00:00+00:00,44367.501797345394
2025-08-16 08:00:00+00:00,44367.501797345394
2025-08-16 12:00:00+00:00,44367.501797345394
2025-08-16 16:00:00+00:00,44367.501797345394
2025-08-16 20:00:00+00:00,44367.501797345394
2025-08-17 00:00:00+00:00,44367.501797345394
2025-08-17 04:00:00+00:00,44367.501797345394
2025-08-17 08:00:00+00:00,44850.531547439314
2025-08-17 12:00:00+00:00,48212.88615878519
2025-08-17 16:00:00+00:00,45259.428103062295
2025-08-17 20:00:00+00:00,45614.00368025877
2025-08-18 00:00:00+00:00,44575.15191008574
2025-08-18 04:00:00+00:00,44575.15191008574
2025-08-18 08:00:00+00:00,44575.15191008574
2025-08-18 12:00:00+00:00,44575.15191008574
2025-08-18 16:00:00+00:00,44575.15191008574
2025-08-18 20:00:00+00:00,44575.15191008574
2025-08-19 00:00:00+00:00,44575.15191008574
2025-08-19 04:00:00+00:00,44575.15191008574
2025-08-19 08:00:00+00:00,44575.15191008574
2025-08-19 12:00:00+00:00,44575.15191008574
2025-08-19 16:00:00+00:00,44575.15191008574
2025-08-19 20:00:00+00:00,44575.15191008574
2025-08-20 00:00:00+00:00,44575.15191008574
2025-08-20 04:00:00+00:00,44575.15191008574
2025-08-20 08:00:00+00:00,44575.15191008574
2025-08-20 12:00:00+00:00,44575.15191008574
2025-08-20 16:00:00+00:00,44575.15191008574
2025-08-20 20:00:00+00:00,44575.15191008574
2025-08-21 00:00:00+00:00,44575.15191008574
2025-08-21 04:00:00+00:00,43385.36967333058
2025-08-21 08:00:00+00:00,42267.51590753946
2025-08-21 12:00:00+00:00,41330.817178149155
2025-08-21 16:00:00+00:00,41224.62730356702
2025-08-21 20:00:00+00:00,41224.62730356702
2025-08-22 00:00:00+00:00,41224.62730356702
2025-08-22 04:00:00+00:00,41224.62730356702
2025-08-22 08:00:00+00:00,41224.62730356702
2025-08-22 12:00:00+00:00,41224.62730356702
2025-08-22 16:00:00+00:00,47053.608172310735
2025-08-22 20:00:00+00:00,46015.296509378546
2025-08-23 00:00:00+00:00,45253.32695922268
2025-08-23 04:00:00+00:00,45636.39339797436
2025-08-23 08:00:00+00:00,45922.85350508159
2025-08-23 12:00:00+00:00,46860.35821044754
2025-08-23 16:00:00+00:00,47973.31339317921
2025-08-23 20:00:00+00:00,48628.55861735971
2025-08-24 00:00:00+00:00,46686.88556558926
2025-08-24 04:00:00+00:00,44922.763808180214
2025-08-24 08:00:00+00:00,44533.77956898957
2025-08-24 12:00:00+00:00,44533.77956898957
2025-08-24 16:00:00+00:00,44533.77956898957
2025-08-24 20:00:00+00:00,44533.77956898957
2025-08-25 00:00:00+00:00,44533.77956898957
2025-08-25 04:00:00+00:00,44533.77956898957
2025-08-25 08:00:00+00:00,44533.77956898957
2025-08-25 12:00:00+00:00,44533.77956898957
2025-08-25 16:00:00+00:00,44533.77956898957
2025-08-25 20:00:00+00:00,44533.77956898957
2025-08-26 00:00:00+00:00,44533.77956898957
2025-08-26 04:00:00+00:00,44533.77956898957
2025-08-26 08:00:00+00:00,44533.77956898957
2025-08-26 12:00:00+00:00,44533.77956898957
2025-08-26 16:00:00+00:00,44533.77956898957
2025-08-26 20:00:00+00:00,44533.77956898957
2025-08-27 00:00:00+00:00,44533.77956898957
2025-08-27 04:00:00+00:00,44533.77956898957
2025-08-27 08:00:00+00:00,44533.77956898957
2025-08-27 12:00:00+00:00,44533.77956898957
2025-08-27 16:00:00+00:00,44533.77956898957
2025-08-27 20:00:00+00:00,44533.77956898957
2025-08-28 00:00:00+00:00,44533.77956898957
2025-08-28 04:00:00+00:00,44533.77956898957
2025-08-28 08:00:00+00:00,44533.77956898957
2025-08-28 12:00:00+00:00,44533.77956898957
2025-08-28 16:00:00+00:00,44533.77956898957
2025-08-28 20:00:00+00:00,44533.77956898957
2025-08-29 00:00:00+00:00,44533.77956898957
2025-08-29 04:00:00+00:00,44533.77956898957
2025-08-29 08:00:00+00:00,44533.77956898957
2025-08-29 12:00:00+00:00,44533.77956898957
2025-08-29 16:00:00+00:00,44533.77956898957
2025-08-29 20:00:00+00:00,44533.77956898957
2025-08-30 00:00:00+00:00,44533.77956898957
2025-08-30 04:00:00+00:00,44533.77956898957
2025-08-30 08:00:00+00:00,44533.77956898957
2025-08-30 12:00:00+00:00,44533.77956898957
2025-08-30 16:00:00+00:00,44533.77956898957
2025-08-30 20:00:00+00:00,44533.77956898957
2025-08-31 00:00:00+00:00,44533.77956898957
2025-08-31 04:00:00+00:00,44533.77956898957
2025-08-31 08:00:00+00:00,44533.77956898957
2025-08-31 12:00:00+00:00,44533.77956898957
2025-08-31 16:00:00+00:00,44533.77956898957
2025-08-31 20:00:00+00:00,44533.77956898957
2025-09-01 00:00:00+00:00,44533.77956898957
2025-09-01 04:00:00+00:00,44533.77956898957
2025-09-01 08:00:00+00:00,44533.77956898957
2025-09-01 12:00:00+00:00,44533.77956898957
2025-09-01 16:00:00+00:00,44533.77956898957
2025-09-01 20:00:00+00:00,44533.77956898957
2025-09-02 00:00:00+00:00,44533.77956898957
2025-09-02 04:00:00+00:00,44533.77956898957
2025-09-02 08:00:00+00:00,44533.77956898957
2025-09-02 12:00:00+00:00,44533.77956898957
2025-09-02 16:00:00+00:00,44533.77956898957
2025-09-02 20:00:00+00:00,44533.77956898957
2025-09-03 00:00:00+00:00,44533.77956898957
2025-09-03 04:00:00+00:00,44533.77956898957
2025-09-03 08:00:00+00:00,44533.77956898957
2025-09-03 12:00:00+00:00,44533.77956898957
2025-09-03 16:00:00+00:00,44356.24607266199
2025-09-03 20:00:00+00:00,43822.55499756929
2025-09-04 00:00:00+00:00,42946.48949582472
2025-09-04 04:00:00+00:00,41881.0320676957
2025-09-04 08:00:00+00:00,41881.0320676957
2025-09-04 12:00:00+00:00,41881.0320676957
2025-09-04 16:00:00+00:00,41881.0320676957
2025-09-04 20:00:00+00:00,41881.0320676957
2025-09-05 00:00:00+00:00,41881.0320676957
2025-09-05 04:00:00+00:00,41881.0320676957
2025-09-05 08:00:00+00:00,41881.0320676957
2025-09-05 12:00:00+00:00,41881.0320676957
2025-09-05 16:00:00+00:00,41881.0320676957
2025-09-05 20:00:00+00:00,41881.0320676957
2025-09-06 00:00:00+00:00,41881.0320676957
2025-09-06 04:00:00+00:00,41881.0320676957
2025-09-06 08:00:00+00:00,41881.0320676957
2025-09-06 12:00:00+00:00,41881.0320676957
2025-09-06 16:00:00+00:00,41881.0320676957
2025-09-06 20:00:00+00:00,41881.0320676957
2025-09-07 00:00:00+00:00,41881.0320676957
2025-09-07 04:00:00+00:00,41881.0320676957
2025-09-07 08:00:00+00:00,41881.0320676957
2025-09-07 12:00:00+00:00,41881.0320676957
2025-09-07 16:00:00+00:00,41881.0320676957
2025-09-07 20:00:00+00:00,41881.0320676957
2025-09-08 00:00:00+00:00,41881.0320676957
2025-09-08 04:00:00+00:00,40913.01462161435
2025-09-08 08:00:00+00:00,41686.255643054494
2025-09-08 12:00:00+00:00,42754.84633028715
2025-09-08 16:00:00+00:00,42434.16980804172
2025-09-08 20:00:00+00:00,43389.61559897916
2025-09-09 00:00:00+00:00,43282.59184157351
2025-09-09 04:00:00+00:00,45356.914940319264
2025-09-09 08:00:00+00:00,45727.41796056209
2025-09-09 12:00:00+00:00,43432.12108340103
2025-09-09 16:00:00+00:00,43432.12108340103
2025-09-09 20:00:00+00:00,43432.12108340103
2025-09-10 00:00:00+00:00,43432.12108340103
2025-09-10 04:00:00+00:00,43432.12108340103
2025-09-10 08:00:00+00:00,43432.12108340103
2025-09-10 12:00:00+00:00,43432.12108340103
2025-09-10 16:00:00+00:00,43432.12108340103
2025-09-10 20:00:00+00:00,43432.12108340103
2025-09-11 00:00:00+00:00,43432.12108340103
2025-09-11 04:00:00+00:00,43432.12108340103
2025-09-11 08:00:00+00:00,43432.12108340103
2025-09-11 12:00:00+00:00,43432.12108340103
2025-09-11 16:00:00+00:00,43432.12108340103
2025-09-11 20:00:00+00:00,43432.12108340103
2025-09-12 00:00:00+00:00,43432.12108340103
2025-09-12 04:00:00+00:00,43432.12108340103
2025-09-12 08:00:00+00:00,43432.12108340103
2025-09-12 12:00:00+00:00,43432.12108340103
2025-09-12 16:00:00+00:00,43432.12108340103
2025-09-12 20:00:00+00:00,43432.12108340103
2025-09-13 00:00:00+00:00,43432.12108340103
2025-09-13 04:00:00+00:00,43432.12108340103
2025-09-13 08:00:00+00:00,43432.12108340103
2025-09-13 12:00:00+00:00,43432.12108340103
2025-09-13 16:00:00+00:00,43432.12108340103
2025-09-13 20:00:00+00:00,43432.12108340103
2025-09-14 00:00:00+00:00,43432.12108340103
2025-09-14 04:00:00+00:00,43432.12108340103
2025-09-14 08:00:00+00:00,43432.12108340103
2025-09-14 12:00:00+00:00,43432.12108340103
2025-09-14 16:00:00+00:00,43432.12108340103
2025-09-14 20:00:00+00:00,43432.12108340103
2025-09-15 00:00:00+00:00,43432.12108340103
2025-09-15 04:00:00+00:00,43432.12108340103
2025-09-15 08:00:00+00:00,43432.12108340103
2025-09-15 12:00:00+00:00,43432.12108340103
2025-09-15 16:00:00+00:00,43432.12108340103
2025-09-15 20:00:00+00:00,43432.12108340103
2025-09-16 00:00:00+00:00,43432.12108340103
2025-09-16 04:00:00+00:00,43432.12108340103
2025-09-16 08:00:00+00:00,43432.12108340103
2025-09-16 12:00:00+00:00,43432.12108340103
2025-09-16 16:00:00+00:00,43432.12108340103
2025-09-16 20:00:00+00:00,43432.12108340103
2025-09-17 00:00:00+00:00,43432.12108340103
2025-09-17 04:00:00+00:00,43432.12108340103
2025-09-17 08:00:00+00:00,43432.12108340103
2025-09-17 12:00:00+00:00,43432.12108340103
2025-09-17 16:00:00+00:00,43432.12108340103
2025-09-17 20:00:00+00:00,43432.12108340103
2025-09-18 00:00:00+00:00,43432.12108340103
2025-09-18 04:00:00+00:00,41884.04136669221
2025-09-18 08:00:00+00:00,41450.238614274254
2025-09-18 12:00:00+00:00,42458.794183382335
2025-09-18 16:00:00+00:00,42980.408507350614
2025-09-18 20:00:00+00:00,43121.96016617281
2025-09-19 00:00:00+00:00,42281.07253693961
2025-09-19 04:00:00+00:00,41591.008200181444
2025-09-19 08:00:00+00:00,40129.20248046151
2025-09-19 12:00:00+00:00,40129.20248046151
2025-09-19 16:00:00+00:00,40129.20248046151
2025-09-19 20:00:00+00:00,40129.20248046151
2025-09-20 00:00:00+00:00,40129.20248046151
2025-09-20 04:00:00+00:00,40129.20248046151
2025-09-20 08:00:00+00:00,40129.20248046151
2025-09-20 12:00:00+00:00,40129.20248046151
2025-09-20 16:00:00+00:00,40129.20248046151
2025-09-20 20:00:00+00:00,40129.20248046151
2025-09-21 00:00:00+00:00,40129.20248046151
2025-09-21 04:00:00+00:00,40129.20248046151
2025-09-21 08:00:00+00:00,40129.20248046151
2025-09-21 12:00:00+00:00,40129.20248046151
2025-09-21 16:00:00+00:00,40129.20248046151
2025-09-21 20:00:00+00:00,40129.20248046151
2025-09-22 00:00:00+00:00,40129.20248046151
2025-09-22 04:00:00+00:00,40129.20248046151
2025-09-22 08:00:00+00:00,40129.20248046151
2025-09-22 12:00:00+00:00,40129.20248046151
2025-09-22 16:00:00+00:00,40129.20248046151
2025-09-22 20:00:00+00:00,40129.20248046151
2025-09-23 00:00:00+00:00,40129.20248046151
2025-09-23 04:00:00+00:00,40129.20248046151
2025-09-23 08:00:00+00:00,40129.20248046151
2025-09-23 12:00:00+00:00,40129.20248046151
2025-09-23 16:00:00+00:00,40129.20248046151
2025-09-23 20:00:00+00:00,40129.20248046151
2025-09-24 00:00:00+00:00,40129.20248046151
2025-09-24 04:00:00+00:00,40129.20248046151
2025-09-24 08:00:00+00:00,40129.20248046151
2025-09-24 12:00:00+00:00,40129.20248046151
2025-09-24 16:00:00+00:00,40129.20248046151
2025-09-24 20:00:00+00:00,40129.20248046151
2025-09-25 00:00:00+00:00,40129.20248046151
2025-09-25 04:00:00+00:00,40129.20248046151
2025-09-25 08:00:00+00:00,40129.20248046151
2025-09-25 12:00:00+00:00,40129.20248046151
2025-09-25 16:00:00+00:00,40129.20248046151
2025-09-25 20:00:00+00:00,40129.20248046151
2025-09-26 00:00:00+00:00,40129.20248046151
2025-09-26 04:00:00+00:00,40129.20248046151
2025-09-26 08:00:00+00:00,40129.20248046151
2025-09-26 12:00:00+00:00,40129.20248046151
2025-09-26 16:00:00+00:00,40129.20248046151
2025-09-26 20:00:00+00:00,40129.20248046151
2025-09-27 00:00:00+00:00,40129.20248046151
2025-09-27 04:00:00+00:00,40129.20248046151
2025-09-27 08:00:00+00:00,40129.20248046151
2025-09-27 12:00:00+00:00,40129.20248046151
2025-09-27 16:00:00+00:00,40129.20248046151
2025-09-27 20:00:00+00:00,40129.20248046151
2025-09-28 00:00:00+00:00,40129.20248046151
2025-09-28 04:00:00+00:00,40129.20248046151
2025-09-28 08:00:00+00:00,40129.20248046151
2025-09-28 12:00:00+00:00,40129.20248046151
2025-09-28 16:00:00+00:00,40129.20248046151
2025-09-28 20:00:00+00:00,40129.20248046151
2025-09-29 00:00:00+00:00,40129.20248046151
2025-09-29 04:00:00+00:00,40129.20248046151
2025-09-29 08:00:00+00:00,40129.20248046151
2025-09-29 12:00:00+00:00,40129.20248046151
2025-09-29 16:00:00+00:00,40129.20248046151
2025-09-29 20:00:00+00:00,40129.20248046151
2025-09-30 00:00:00+00:00,40129.20248046151
2025-09-30 04:00:00+00:00,40129.20248046151
2025-09-30 08:00:00+00:00,40129.20248046151
2025-09-30 12:00:00+00:00,40129.20248046151
2025-09-30 16:00:00+00:00,40129.20248046151
2025-09-30 20:00:00+00:00,40129.20248046151
2025-10-01 00:00:00+00:00,40129.20248046151
2025-10-01 04:00:00+00:00,40129.20248046151
2025-10-01 08:00:00+00:00,40129.20248046151
2025-10-01 12:00:00+00:00,39792.83819484808
2025-10-01 16:00:00+00:00,40451.64114984723
2025-10-01 20:00:00+00:00,40258.451706929496
2025-10-02 00:00:00+00:00,41751.69662666586
2025-10-02 04:00:00+00:00,41494.110702775564
2025-10-02 08:00:00+00:00,41549.81342827744
2025-10-02 12:00:00+00:00,41871.79583314032
2025-10-02 16:00:00+00:00,44567.32727146277
2025-10-02 20:00:00+00:00,43987.758942709595
2025-10-03 00:00:00+00:00,42647.18305351365
2025-10-03 04:00:00+00:00,42132.01120573306
2025-10-03 08:00:00+00:00,41132.39137789378
2025-10-03 12:00:00+00:00,41132.39137789378
2025-10-03 16:00:00+00:00,41132.39137789378
2025-10-03 20:00:00+00:00,41132.39137789378
2025-10-04 00:00:00+00:00,41132.39137789378
2025-10-04 04:00:00+00:00,41132.39137789378
2025-10-04 08:00:00+00:00,41132.39137789378
2025-10-04 12:00:00+00:00,41132.39137789378
2025-10-04 16:00:00+00:00,41132.39137789378
2025-10-04 20:00:00+00:00,41132.39137789378
2025-10-05 00:00:00+00:00,41132.39137789378
2025-10-05 04:00:00+00:00,43601.22580560536
2025-10-05 08:00:00+00:00,41764.676987481806
2025-10-05 12:00:00+00:00,41588.620906207354
2025-10-05 16:00:00+00:00,39993.576074414465
2025-10-05 20:00:00+00:00,39993.576074414465
2025-10-06 00:00:00+00:00,39993.576074414465
2025-10-06 04:00:00+00:00,39993.576074414465
2025-10-06 08:00:00+00:00,39993.576074414465
2025-10-06 12:00:00+00:00,43462.265095072056
2025-10-06 16:00:00+00:00,44204.23051585492
2025-10-06 20:00:00+00:00,42763.72770258152
2025-10-07 00:00:00+00:00,43317.868257995426
2025-10-07 04:00:00+00:00,41418.07469266386
2025-10-07 08:00:00+00:00,40558.39842046195
2025-10-07 12:00:00+00:00,40558.39842046195
2025-10-07 16:00:00+00:00,40558.39842046195
2025-10-07 20:00:00+00:00,40558.39842046195
2025-10-08 00:00:00+00:00,40558.39842046195
2025-10-08 04:00:00+00:00,40558.39842046195
2025-10-08 08:00:00+00:00,40558.39842046195
2025-10-08 12:00:00+00:00,40558.39842046195
2025-10-08 16:00:00+00:00,40558.39842046195
2025-10-08 20:00:00+00:00,40558.39842046195
2025-10-09 00:00:00+00:00,40558.39842046195
2025-10-09 04:00:00+00:00,40558.39842046195
2025-10-09 08:00:00+00:00,40558.39842046195
2025-10-09 12:00:00+00:00,40558.39842046195
2025-10-09 16:00:00+00:00,40558.39842046195
2025-10-09 20:00:00+00:00,40558.39842046195
2025-10-10 00:00:00+00:00,40558.39842046195
2025-10-10 04:00:00+00:00,40558.39842046195
2025-10-10 08:00:00+00:00,40558.39842046195
2025-10-10 12:00:00+00:00,40558.39842046195
2025-10-10 16:00:00+00:00,40558.39842046195
2025-10-10 20:00:00+00:00,40558.39842046195
2025-10-11 00:00:00+00:00,40558.39842046195
2025-10-11 04:00:00+00:00,40558.39842046195
2025-10-11 08:00:00+00:00,40558.39842046195
2025-10-11 12:00:00+00:00,40558.39842046195
2025-10-11 16:00:00+00:00,40558.39842046195
2025-10-11 20:00:00+00:00,40558.39842046195
2025-10-12 00:00:00+00:00,40558.39842046195
2025-10-12 04:00:00+00:00,40558.39842046195
2025-10-12 08:00:00+00:00,40558.39842046195
2025-10-12 12:00:00+00:00,40558.39842046195
2025-10-12 16:00:00+00:00,40558.39842046195
2025-10-12 20:00:00+00:00,40558.39842046195
2025-10-13 00:00:00+00:00,40558.39842046195
2025-10-13 04:00:00+00:00,40558.39842046195
2025-10-13 08:00:00+00:00,40558.39842046195
2025-10-13 12:00:00+00:00,40558.39842046195
2025-10-13 16:00:00+00:00,40558.39842046195
2025-10-13 20:00:00+00:00,40558.39842046195
2025-10-14 00:00:00+00:00,40558.39842046195
2025-10-14 04:00:00+00:00,40558.39842046195
2025-10-14 08:00:00+00:00,40558.39842046195
2025-10-14 12:00:00+00:00,40558.39842046195
2025-10-14 16:00:00+00:00,40558.39842046195
2025-10-14 20:00:00+00:00,40558.39842046195
2025-10-15 00:00:00+00:00,40558.39842046195
2025-10-15 04:00:00+00:00,40558.39842046195
2025-10-15 08:00:00+00:00,40558.39842046195
2025-10-15 12:00:00+00:00,40558.39842046195
2025-10-15 16:00:00+00:00,40558.39842046195
2025-10-15 20:00:00+00:00,40558.39842046195
2025-10-16 00:00:00+00:00,40558.39842046195
2025-10-16 04:00:00+00:00,40558.39842046195
2025-10-16 08:00:00+00:00,40558.39842046195
2025-10-16 12:00:00+00:00,40558.39842046195
2025-10-16 16:00:00+00:00,40558.39842046195
2025-10-16 20:00:00+00:00,40558.39842046195
2025-10-17 00:00:00+00:00,40558.39842046195
2025-10-17 04:00:00+00:00,40558.39842046195
2025-10-17 08:00:00+00:00,40558.39842046195
2025-10-17 12:00:00+00:00,40558.39842046195
2025-10-17 16:00:00+00:00,40558.39842046195
2025-10-17 20:00:00+00:00,40558.39842046195
2025-10-18 00:00:00+00:00,40558.39842046195
2025-10-18 04:00:00+00:00,40558.39842046195
2025-10-18 08:00:00+00:00,40558.39842046195
2025-10-18 12:00:00+00:00,40558.39842046195
2025-10-18 16:00:00+00:00,40558.39842046195
2025-10-18 20:00:00+00:00,40558.39842046195
2025-10-19 00:00:00+00:00,40558.39842046195
2025-10-19 04:00:00+00:00,40558.39842046195
2025-10-19 08:00:00+00:00,40558.39842046195
2025-10-19 12:00:00+00:00,40558.39842046195
2025-10-19 16:00:00+00:00,40558.39842046195
2025-10-19 20:00:00+00:00,40558.39842046195
2025-10-20 00:00:00+00:00,40558.39842046195
2025-10-20 04:00:00+00:00,40723.142482977724
2025-10-20 08:00:00+00:00,40695.91076406116
2025-10-20 12:00:00+00:00,40512.10323495526
2025-10-20 16:00:00+00:00,40616.52582572028
2025-10-20 20:00:00+00:00,40380.20185972698
2025-10-21 00:00:00+00:00,39640.74679595576
2025-10-21 04:00:00+00:00,39190.81222292295
2025-10-21 08:00:00+00:00,39190.81222292295
2025-10-21 12:00:00+00:00,39190.81222292295
2025-10-21 16:00:00+00:00,38355.50166434304
2025-10-21 20:00:00+00:00,37479.46720941928
2025-10-22 00:00:00+00:00,37479.46720941928
2025-10-22 04:00:00+00:00,37479.46720941928
2025-10-22 08:00:00+00:00,37479.46720941928
2025-10-22 12:00:00+00:00,37479.46720941928
2025-10-22 16:00:00+00:00,37479.46720941928
2025-10-22 20:00:00+00:00,37479.46720941928
2025-10-23 00:00:00+00:00,37479.46720941928
2025-10-23 04:00:00+00:00,37479.46720941928
2025-10-23 08:00:00+00:00,37479.46720941928
2025-10-23 12:00:00+00:00,37479.46720941928
2025-10-23 16:00:00+00:00,37479.46720941928
2025-10-23 20:00:00+00:00,37479.46720941928
2025-10-24 00:00:00+00:00,37479.46720941928
2025-10-24 04:00:00+00:00,37479.46720941928
2025-10-24 08:00:00+00:00,37479.46720941928
2025-10-24 12:00:00+00:00,37025.12367408183
2025-10-24 16:00:00+00:00,37523.8632050446
2025-10-24 20:00:00+00:00,37840.309278411165
2025-10-25 00:00:00+00:00,37605.16550389417
2025-10-25 04:00:00+00:00,37459.11347003268
2025-10-25 08:00:00+00:00,37727.41298047178
2025-10-25 12:00:00+00:00,37654.38696354104
2025-10-25 16:00:00+00:00,38040.953643771485
2025-10-25 20:00:00+00:00,37834.04659580104
2025-10-26 00:00:00+00:00,37209.429513886455
2025-10-26 04:00:00+00:00,37732.782635223455
2025-10-26 08:00:00+00:00,38826.79013449487
2025-10-26 12:00:00+00:00,38985.01317117815
2025-10-26 16:00:00+00:00,38847.12057760839
2025-10-26 20:00:00+00:00,39589.551749737635
2025-10-27 00:00:00+00:00,40644.35657768926
2025-10-27 04:00:00+00:00,40668.69858333284
2025-10-27 08:00:00+00:00,39549.84009271328
2025-10-27 12:00:00+00:00,39549.84009271328
2025-10-27 16:00:00+00:00,39549.84009271328
2025-10-27 20:00:00+00:00,39549.84009271328
2025-10-28 00:00:00+00:00,39549.84009271328
2025-10-28 04:00:00+00:00,39549.84009271328
2025-10-28 08:00:00+00:00,39549.84009271328
2025-10-28 12:00:00+00:00,39549.84009271328
2025-10-28 16:00:00+00:00,39549.84009271328
2025-10-28 20:00:00+00:00,39549.84009271328
2025-10-29 00:00:00+00:00,39549.84009271328
2025-10-29 04:00:00+00:00,39549.84009271328
2025-10-29 08:00:00+00:00,39549.84009271328
2025-10-29 12:00:00+00:00,39549.84009271328
2025-10-29 16:00:00+00:00,39549.84009271328
2025-10-29 20:00:00+00:00,39549.84009271328
2025-10-30 00:00:00+00:00,39549.84009271328
2025-10-30 04:00:00+00:00,39549.84009271328
2025-10-30 08:00:00+00:00,39549.84009271328
2025-10-30 12:00:00+00:00,39549.84009271328
2025-10-30 16:00:00+00:00,39549.84009271328
2025-10-30 20:00:00+00:00,39549.84009271328
2025-10-31 00:00:00+00:00,39549.84009271328
2025-10-31 04:00:00+00:00,39549.84009271328
2025-10-31 08:00:00+00:00,39549.84009271328
2025-10-31 12:00:00+00:00,39549.84009271328
2025-10-31 16:00:00+00:00,39549.84009271328
2025-10-31 20:00:00+00:00,39549.84009271328
2025-11-01 00:00:00+00:00,39549.84009271328
2025-11-01 04:00:00+00:00,39549.84009271328
2025-11-01 08:00:00+00:00,39549.84009271328
2025-11-01 12:00:00+00:00,39549.84009271328
2025-11-01 16:00:00+00:00,39549.84009271328
2025-11-01 20:00:00+00:00,39549.84009271328
2025-11-02 00:00:00+00:00,39549.84009271328
2025-11-02 04:00:00+00:00,39549.84009271328
2025-11-02 08:00:00+00:00,39549.84009271328
2025-11-02 12:00:00+00:00,37274.41636503723
2025-11-02 16:00:00+00:00,37274.41636503723
2025-11-02 20:00:00+00:00,37274.41636503723
2025-11-03 00:00:00+00:00,37274.41636503723
2025-11-03 04:00:00+00:00,37274.41636503723
2025-11-03 08:00:00+00:00,37274.41636503723
2025-11-03 12:00:00+00:00,37274.41636503723
2025-11-03 16:00:00+00:00,37274.41636503723
2025-11-03 20:00:00+00:00,37274.41636503723
2025-11-04 00:00:00+00:00,37274.41636503723
2025-11-04 04:00:00+00:00,37274.41636503723
2025-11-04 08:00:00+00:00,37274.41636503723
2025-11-04 12:00:00+00:00,37274.41636503723
2025-11-04 16:00:00+00:00,37274.41636503723
2025-11-04 20:00:00+00:00,37274.41636503723
2025-11-05 00:00:00+00:00,37274.41636503723
2025-11-05 04:00:00+00:00,37274.41636503723
2025-11-05 08:00:00+00:00,37274.41636503723
2025-11-05 12:00:00+00:00,37274.41636503723
2025-11-05 16:00:00+00:00,37274.41636503723
2025-11-05 20:00:00+00:00,37274.41636503723
2025-11-06 00:00:00+00:00,37274.41636503723
2025-11-06 04:00:00+00:00,37274.41636503723
2025-11-06 08:00:00+00:00,37274.41636503723
2025-11-06 12:00:00+00:00,37274.41636503723
2025-11-06 16:00:00+00:00,37274.41636503723
2025-11-06 20:00:00+00:00,37274.41636503723
2025-11-07 00:00:00+00:00,37274.41636503723
2025-11-07 04:00:00+00:00,37274.41636503723
2025-11-07 08:00:00+00:00,37274.41636503723
2025-11-07 12:00:00+00:00,37274.41636503723
2025-11-07 16:00:00+00:00,37274.41636503723
2025-11-07 20:00:00+00:00,37274.41636503723
2025-11-08 00:00:00+00:00,37274.41636503723
2025-11-08 04:00:00+00:00,37274.41636503723
2025-11-08 08:00:00+00:00,37274.41636503723
2025-11-08 12:00:00+00:00,37274.41636503723
2025-11-08 16:00:00+00:00,37274.41636503723
2025-11-08 20:00:00+00:00,37274.41636503723
2025-11-09 00:00:00+00:00,37274.41636503723
2025-11-09 04:00:00+00:00,37274.41636503723
2025-11-09 08:00:00+00:00,37274.41636503723
2025-11-09 12:00:00+00:00,37274.41636503723
2025-11-09 16:00:00+00:00,37274.41636503723
2025-11-09 20:00:00+00:00,37274.41636503723
2025-11-10 00:00:00+00:00,37274.41636503723
2025-11-10 04:00:00+00:00,37274.41636503723
2025-11-10 08:00:00+00:00,37274.41636503723
2025-11-10 12:00:00+00:00,37274.41636503723
2025-11-10 16:00:00+00:00,37274.41636503723
2025-11-10 20:00:00+00:00,37274.41636503723
2025-11-11 00:00:00+00:00,37274.41636503723
2025-11-11 04:00:00+00:00,37274.41636503723
2025-11-11 08:00:00+00:00,37274.41636503723
2025-11-11 12:00:00+00:00,37274.41636503723
2025-11-11 16:00:00+00:00,37274.41636503723
2025-11-11 20:00:00+00:00,37274.41636503723
2025-11-12 00:00:00+00:00,37274.41636503723
2025-11-12 04:00:00+00:00,37274.41636503723
2025-11-12 08:00:00+00:00,37274.41636503723
2025-11-12 12:00:00+00:00,37274.41636503723
2025-11-12 16:00:00+00:00,37274.41636503723
2025-11-12 20:00:00+00:00,37274.41636503723
2025-11-13 00:00:00+00:00,37274.41636503723
2025-11-13 04:00:00+00:00,37274.41636503723
2025-11-13 08:00:00+00:00,37274.41636503723
2025-11-13 12:00:00+00:00,37274.41636503723
2025-11-13 16:00:00+00:00,37274.41636503723
2025-11-13 20:00:00+00:00,37274.41636503723
2025-11-14 00:00:00+00:00,37274.41636503723
2025-11-14 04:00:00+00:00,37274.41636503723
2025-11-14 08:00:00+00:00,37274.41636503723
2025-11-14 12:00:00+00:00,37274.41636503723
2025-11-14 16:00:00+00:00,37274.41636503723
2025-11-14 20:00:00+00:00,37274.41636503723
2025-11-15 00:00:00+00:00,37274.41636503723
2025-11-15 04:00:00+00:00,37274.41636503723
2025-11-15 08:00:00+00:00,37274.41636503723
2025-11-15 12:00:00+00:00,37274.41636503723
2025-11-15 16:00:00+00:00,37274.41636503723
2025-11-15 20:00:00+00:00,37274.41636503723
2025-11-16 00:00:00+00:00,37274.41636503723
2025-11-16 04:00:00+00:00,37274.41636503723
2025-11-16 08:00:00+00:00,37274.41636503723
2025-11-16 12:00:00+00:00,37274.41636503723
2025-11-16 16:00:00+00:00,37274.41636503723
2025-11-16 20:00:00+00:00,37274.41636503723
2025-11-17 00:00:00+00:00,37274.41636503723
2025-11-17 04:00:00+00:00,37274.41636503723
2025-11-17 08:00:00+00:00,37274.41636503723
2025-11-17 12:00:00+00:00,37274.41636503723
2025-11-17 16:00:00+00:00,37274.41636503723
2025-11-17 20:00:00+00:00,37274.41636503723
2025-11-18 00:00:00+00:00,37274.41636503723
2025-11-18 04:00:00+00:00,37274.41636503723
2025-11-18 08:00:00+00:00,37274.41636503723
2025-11-18 12:00:00+00:00,37274.41636503723
2025-11-18 16:00:00+00:00,37274.41636503723
2025-11-18 20:00:00+00:00,37274.41636503723
2025-11-19 00:00:00+00:00,37274.41636503723
2025-11-19 04:00:00+00:00,37274.41636503723
2025-11-19 08:00:00+00:00,37274.41636503723
2025-11-19 12:00:00+00:00,37274.41636503723
2025-11-19 16:00:00+00:00,37274.41636503723
2025-11-19 20:00:00+00:00,37274.41636503723
2025-11-20 00:00:00+00:00,37274.41636503723
2025-11-20 04:00:00+00:00,37274.41636503723
2025-11-20 08:00:00+00:00,37274.41636503723
2025-11-20 12:00:00+00:00,37274.41636503723
2025-11-20 16:00:00+00:00,37274.41636503723
2025-11-20 20:00:00+00:00,37274.41636503723
2025-11-21 00:00:00+00:00,37274.41636503723
2025-11-21 04:00:00+00:00,37274.41636503723
2025-11-21 08:00:00+00:00,37274.41636503723
2025-11-21 12:00:00+00:00,37274.41636503723
2025-11-21 16:00:00+00:00,37274.41636503723
2025-11-21 20:00:00+00:00,37274.41636503723
2025-11-22 00:00:00+00:00,37274.41636503723
2025-11-22 04:00:00+00:00,37274.41636503723
2025-11-22 08:00:00+00:00,37274.41636503723
2025-11-22 12:00:00+00:00,37274.41636503723
2025-11-22 16:00:00+00:00,37274.41636503723
2025-11-22 20:00:00+00:00,37274.41636503723
2025-11-23 00:00:00+00:00,37274.41636503723
2025-11-23 04:00:00+00:00,37274.41636503723
2025-11-23 08:00:00+00:00,37274.41636503723
2025-11-23 12:00:00+00:00,37274.41636503723
2025-11-23 16:00:00+00:00,37274.41636503723
2025-11-23 20:00:00+00:00,37274.41636503723
2025-11-24 00:00:00+00:00,37274.41636503723
2025-11-24 04:00:00+00:00,37274.41636503723
2025-11-24 08:00:00+00:00,37274.41636503723
2025-11-24 12:00:00+00:00,37274.41636503723
2025-11-24 16:00:00+00:00,37274.41636503723
2025-11-24 20:00:00+00:00,37274.41636503723
2025-11-25 00:00:00+00:00,37274.41636503723
2025-11-25 04:00:00+00:00,37274.41636503723
2025-11-25 08:00:00+00:00,37274.41636503723
2025-11-25 12:00:00+00:00,37274.41636503723
2025-11-25 16:00:00+00:00,37274.41636503723
2025-11-25 20:00:00+00:00,37274.41636503723
2025-11-26 00:00:00+00:00,37274.41636503723
2025-11-26 04:00:00+00:00,37274.41636503723
2025-11-26 08:00:00+00:00,37274.41636503723
2025-11-26 12:00:00+00:00,37274.41636503723
2025-11-26 16:00:00+00:00,37274.41636503723
2025-11-26 20:00:00+00:00,37274.41636503723
2025-11-27 00:00:00+00:00,37274.41636503723
2025-11-27 04:00:00+00:00,37274.41636503723
2025-11-27 08:00:00+00:00,37274.41636503723
2025-11-27 12:00:00+00:00,37274.41636503723
2025-11-27 16:00:00+00:00,37274.41636503723
2025-11-27 20:00:00+00:00,37274.41636503723
2025-11-28 00:00:00+00:00,37274.41636503723
2025-11-28 04:00:00+00:00,37274.41636503723
2025-11-28 08:00:00+00:00,37274.41636503723
2025-11-28 12:00:00+00:00,37274.41636503723
2025-11-28 16:00:00+00:00,37274.41636503723
2025-11-28 20:00:00+00:00,37274.41636503723
2025-11-29 00:00:00+00:00,37274.41636503723
2025-11-29 04:00:00+00:00,37274.41636503723
2025-11-29 08:00:00+00:00,37274.41636503723
2025-11-29 12:00:00+00:00,37274.41636503723
2025-11-29 16:00:00+00:00,37274.41636503723
2025-11-29 20:00:00+00:00,37274.41636503723
2025-11-30 00:00:00+00:00,37274.41636503723
2025-11-30 04:00:00+00:00,37274.41636503723
2025-11-30 08:00:00+00:00,37274.41636503723
2025-11-30 12:00:00+00:00,37274.41636503723
2025-11-30 16:00:00+00:00,37274.41636503723
2025-11-30 20:00:00+00:00,37274.41636503723
2025-12-01 00:00:00+00:00,37274.41636503723
2025-12-01 04:00:00+00:00,37274.41636503723
2025-12-01 08:00:00+00:00,37274.41636503723
2025-12-01 12:00:00+00:00,37274.41636503723
2025-12-01 16:00:00+00:00,37274.41636503723
2025-12-01 20:00:00+00:00,37274.41636503723
2025-12-02 00:00:00+00:00,37274.41636503723
2025-12-02 04:00:00+00:00,37274.41636503723
2025-12-02 08:00:00+00:00,37274.41636503723
2025-12-02 12:00:00+00:00,37274.41636503723
2025-12-02 16:00:00+00:00,37274.41636503723
2025-12-02 20:00:00+00:00,37274.41636503723
2025-12-03 00:00:00+00:00,37274.41636503723
2025-12-03 04:00:00+00:00,37274.41636503723
2025-12-03 08:00:00+00:00,37274.41636503723
2025-12-03 12:00:00+00:00,37274.41636503723
2025-12-03 16:00:00+00:00,37274.41636503723
2025-12-03 20:00:00+00:00,37274.41636503723
2025-12-04 00:00:00+00:00,37274.41636503723
2025-12-04 04:00:00+00:00,37274.41636503723
2025-12-04 08:00:00+00:00,37274.41636503723
2025-12-04 12:00:00+00:00,37274.41636503723
2025-12-04 16:00:00+00:00,37274.41636503723
2025-12-04 20:00:00+00:00,37274.41636503723
2025-12-05 00:00:00+00:00,37274.41636503723
2025-12-05 04:00:00+00:00,37274.41636503723
2025-12-05 08:00:00+00:00,37274.41636503723
2025-12-05 12:00:00+00:00,37274.41636503723
2025-12-05 16:00:00+00:00,37274.41636503723
2025-12-05 20:00:00+00:00,37274.41636503723
2025-12-06 00:00:00+00:00,37274.41636503723
2025-12-06 04:00:00+00:00,37274.41636503723
2025-12-06 08:00:00+00:00,37274.41636503723
2025-12-06 12:00:00+00:00,37274.41636503723
2025-12-06 16:00:00+00:00,37274.41636503723
2025-12-06 20:00:00+00:00,37274.41636503723
2025-12-07 00:00:00+00:00,37274.41636503723
2025-12-07 04:00:00+00:00,37274.41636503723
2025-12-07 08:00:00+00:00,37274.41636503723
2025-12-07 12:00:00+00:00,37274.41636503723
2025-12-07 16:00:00+00:00,37274.41636503723
2025-12-07 20:00:00+00:00,37274.41636503723
2025-12-08 00:00:00+00:00,37274.41636503723
2025-12-08 04:00:00+00:00,37274.41636503723
2025-12-08 08:00:00+00:00,37274.41636503723
2025-12-08 12:00:00+00:00,37274.41636503723
2025-12-08 16:00:00+00:00,37274.41636503723
2025-12-08 20:00:00+00:00,37274.41636503723
2025-12-09 00:00:00+00:00,37274.41636503723
2025-12-09 04:00:00+00:00,37274.41636503723
2025-12-09 08:00:00+00:00,37274.41636503723
2025-12-09 12:00:00+00:00,37274.41636503723
2025-12-09 16:00:00+00:00,37274.41636503723
2025-12-09 20:00:00+00:00,37274.41636503723
2025-12-10 00:00:00+00:00,37274.41636503723
2025-12-10 04:00:00+00:00,37274.41636503723
2025-12-10 08:00:00+00:00,37274.41636503723
2025-12-10 12:00:00+00:00,37274.41636503723
2025-12-10 16:00:00+00:00,37274.41636503723
2025-12-10 20:00:00+00:00,37274.41636503723
2025-12-11 00:00:00+00:00,37274.41636503723
2025-12-11 04:00:00+00:00,37274.41636503723
2025-12-11 08:00:00+00:00,37274.41636503723
2025-12-11 12:00:00+00:00,37274.41636503723
2025-12-11 16:00:00+00:00,37274.41636503723
2025-12-11 20:00:00+00:00,37274.41636503723
2025-12-12 00:00:00+00:00,37274.41636503723
2025-12-12 04:00:00+00:00,37274.41636503723
2025-12-12 08:00:00+00:00,37274.41636503723
2025-12-12 12:00:00+00:00,37274.41636503723
2025-12-12 16:00:00+00:00,37274.41636503723
2025-12-12 20:00:00+00:00,37274.41636503723
2025-12-13 00:00:00+00:00,37274.41636503723
2025-12-13 04:00:00+00:00,37274.41636503723
2025-12-13 08:00:00+00:00,37274.41636503723
2025-12-13 12:00:00+00:00,37274.41636503723
2025-12-13 16:00:00+00:00,37274.41636503723
2025-12-13 20:00:00+00:00,37274.41636503723
2025-12-14 00:00:00+00:00,37274.41636503723
2025-12-14 04:00:00+00:00,37274.41636503723
2025-12-14 08:00:00+00:00,37274.41636503723
2025-12-14 12:00:00+00:00,37274.41636503723
2025-12-14 16:00:00+00:00,37274.41636503723
2025-12-14 20:00:00+00:00,37274.41636503723
2025-12-15 00:00:00+00:00,37274.41636503723
2025-12-15 04:00:00+00:00,37274.41636503723
2025-12-15 08:00:00+00:00,37274.41636503723
2025-12-15 12:00:00+00:00,37274.41636503723
2025-12-15 16:00:00+00:00,37274.41636503723
2025-12-15 20:00:00+00:00,37274.41636503723
2025-12-16 00:00:00+00:00,37274.41636503723
2025-12-16 04:00:00+00:00,37274.41636503723
2025-12-16 08:00:00+00:00,37274.41636503723
2025-12-16 12:00:00+00:00,37274.41636503723
2025-12-16 16:00:00+00:00,37274.41636503723
2025-12-16 20:00:00+00:00,37274.41636503723
2025-12-17 00:00:00+00:00,37274.41636503723
2025-12-17 04:00:00+00:00,37274.41636503723
2025-12-17 08:00:00+00:00,37274.41636503723
2025-12-17 12:00:00+00:00,37274.41636503723
2025-12-17 16:00:00+00:00,37274.41636503723
2025-12-17 20:00:00+00:00,37274.41636503723
2025-12-18 00:00:00+00:00,37274.41636503723
2025-12-18 04:00:00+00:00,37274.41636503723
2025-12-18 08:00:00+00:00,37274.41636503723
2025-12-18 12:00:00+00:00,37274.41636503723
2025-12-18 16:00:00+00:00,37274.41636503723
2025-12-18 20:00:00+00:00,37274.41636503723
2025-12-19 00:00:00+00:00,37274.41636503723
2025-12-19 04:00:00+00:00,37274.41636503723
2025-12-19 08:00:00+00:00,37274.41636503723
2025-12-19 12:00:00+00:00,37274.41636503723
2025-12-19 16:00:00+00:00,37274.41636503723
2025-12-19 20:00:00+00:00,37274.41636503723
2025-12-20 00:00:00+00:00,37274.41636503723
2025-12-20 04:00:00+00:00,37274.41636503723
2025-12-20 08:00:00+00:00,37274.41636503723
2025-12-20 12:00:00+00:00,37274.41636503723
2025-12-20 16:00:00+00:00,37274.41636503723
2025-12-20 20:00:00+00:00,37274.41636503723
2025-12-21 00:00:00+00:00,37274.41636503723
2025-12-21 04:00:00+00:00,37274.41636503723
2025-12-21 08:00:00+00:00,37274.41636503723
2025-12-21 12:00:00+00:00,37274.41636503723
2025-12-21 16:00:00+00:00,37274.41636503723
2025-12-21 20:00:00+00:00,37274.41636503723
2025-12-22 00:00:00+00:00,37274.41636503723
2025-12-22 04:00:00+00:00,37274.41636503723
2025-12-22 08:00:00+00:00,37274.41636503723
2025-12-22 12:00:00+00:00,37274.41636503723
2025-12-22 16:00:00+00:00,37274.41636503723
2025-12-22 20:00:00+00:00,37274.41636503723
2025-12-23 00:00:00+00:00,37274.41636503723
2025-12-23 04:00:00+00:00,37274.41636503723
2025-12-23 08:00:00+00:00,37274.41636503723
2025-12-23 12:00:00+00:00,37274.41636503723
2025-12-23 16:00:00+00:00,37274.41636503723
2025-12-23 20:00:00+00:00,37274.41636503723
2025-12-24 00:00:00+00:00,37274.41636503723
2025-12-24 04:00:00+00:00,37274.41636503723
2025-12-24 08:00:00+00:00,37274.41636503723
2025-12-24 12:00:00+00:00,37274.41636503723
2025-12-24 16:00:00+00:00,37274.41636503723
2025-12-24 20:00:00+00:00,37274.41636503723
2025-12-25 00:00:00+00:00,37274.41636503723
2025-12-25 04:00:00+00:00,37274.41636503723
2025-12-25 08:00:00+00:00,37274.41636503723
2025-12-25 12:00:00+00:00,37274.41636503723
2025-12-25 16:00:00+00:00,37274.41636503723
2025-12-25 20:00:00+00:00,37274.41636503723
2025-12-26 00:00:00+00:00,37274.41636503723
2025-12-26 04:00:00+00:00,37274.41636503723
2025-12-26 08:00:00+00:00,37274.41636503723
2025-12-26 12:00:00+00:00,37274.41636503723
2025-12-26 16:00:00+00:00,37274.41636503723
2025-12-26 20:00:00+00:00,37274.41636503723
2025-12-27 00:00:00+00:00,37274.41636503723
2025-12-27 04:00:00+00:00,37274.41636503723
2025-12-27 08:00:00+00:00,37274.41636503723
2025-12-27 12:00:00+00:00,37274.41636503723
2025-12-27 16:00:00+00:00,37274.41636503723
2025-12-27 20:00:00+00:00,37274.41636503723
2025-12-28 00:00:00+00:00,37274.41636503723
2025-12-28 04:00:00+00:00,37274.41636503723
2025-12-28 08:00:00+00:00,37274.41636503723
2025-12-28 12:00:00+00:00,37274.41636503723
2025-12-28 16:00:00+00:00,37274.41636503723
2025-12-28 20:00:00+00:00,37274.41636503723
2025-12-29 00:00:00+00:00,37274.41636503723
2025-12-29 04:00:00+00:00,37274.41636503723
2025-12-29 08:00:00+00:00,37274.41636503723
2025-12-29 12:00:00+00:00,37274.41636503723
2025-12-29 16:00:00+00:00,37274.41636503723
2025-12-29 20:00:00+00:00,37274.41636503723
2025-12-30 00:00:00+00:00,37274.41636503723
2025-12-30 04:00:00+00:00,37274.41636503723
2025-12-30 08:00:00+00:00,37274.41636503723
2025-12-30 12:00:00+00:00,37274.41636503723
2025-12-30 16:00:00+00:00,37274.41636503723
2025-12-30 20:00:00+00:00,37274.41636503723
2025-12-31 00:00:00+00:00,37274.41636503723
2025-12-31 04:00:00+00:00,37274.41636503723
2025-12-31 08:00:00+00:00,37274.41636503723
2025-12-31 12:00:00+00:00,37274.41636503723
2025-12-31 16:00:00+00:00,37274.41636503723
2025-12-31 20:00:00+00:00,37274.41636503723
2026-01-01 00:00:00+00:00,37274.41636503723
2026-01-01 04:00:00+00:00,37274.41636503723
2026-01-01 08:00:00+00:00,37274.41636503723
2026-01-01 12:00:00+00:00,37274.41636503723
2026-01-01 16:00:00+00:00,37274.41636503723
2026-01-01 20:00:00+00:00,37274.41636503723
2026-01-02 00:00:00+00:00,37274.41636503723
2026-01-02 04:00:00+00:00,37274.41636503723
2026-01-02 08:00:00+00:00,37274.41636503723
2026-01-02 12:00:00+00:00,37274.41636503723
2026-01-02 16:00:00+00:00,37274.41636503723
2026-01-02 20:00:00+00:00,37274.41636503723
2026-01-03 00:00:00+00:00,37274.41636503723
2026-01-03 04:00:00+00:00,37274.41636503723
2026-01-03 08:00:00+00:00,37274.41636503723
2026-01-03 12:00:00+00:00,37274.41636503723
2026-01-03 16:00:00+00:00,37274.41636503723
2026-01-03 20:00:00+00:00,37274.41636503723
2026-01-04 00:00:00+00:00,37274.41636503723
2026-01-04 04:00:00+00:00,37274.41636503723
2026-01-04 08:00:00+00:00,37274.41636503723
2026-01-04 12:00:00+00:00,37274.41636503723
2026-01-04 16:00:00+00:00,37274.41636503723
2026-01-04 20:00:00+00:00,37274.41636503723
2026-01-05 00:00:00+00:00,37274.41636503723
2026-01-05 04:00:00+00:00,37274.41636503723
2026-01-05 08:00:00+00:00,37274.41636503723
2026-01-05 12:00:00+00:00,37274.41636503723
2026-01-05 16:00:00+00:00,37274.41636503723
2026-01-05 20:00:00+00:00,37274.41636503723
2026-01-06 00:00:00+00:00,37274.41636503723
2026-01-06 04:00:00+00:00,37274.41636503723
2026-01-06 08:00:00+00:00,37274.41636503723
2026-01-06 12:00:00+00:00,37274.41636503723
2026-01-06 16:00:00+00:00,37274.41636503723
2026-01-06 20:00:00+00:00,37274.41636503723
2026-01-07 00:00:00+00:00,37274.41636503723
2026-01-07 04:00:00+00:00,37274.41636503723
2026-01-07 08:00:00+00:00,37274.41636503723
2026-01-07 12:00:00+00:00,37274.41636503723
2026-01-07 16:00:00+00:00,37274.41636503723
2026-01-07 20:00:00+00:00,37274.41636503723
2026-01-08 00:00:00+00:00,37274.41636503723
2026-01-08 04:00:00+00:00,37274.41636503723
2026-01-08 08:00:00+00:00,37274.41636503723
2026-01-08 12:00:00+00:00,37274.41636503723
2026-01-08 16:00:00+00:00,37274.41636503723
2026-01-08 20:00:00+00:00,37274.41636503723
2026-01-09 00:00:00+00:00,37274.41636503723
2026-01-09 04:00:00+00:00,37274.41636503723
2026-01-09 08:00:00+00:00,37274.41636503723
2026-01-09 12:00:00+00:00,37274.41636503723
2026-01-09 16:00:00+00:00,37274.41636503723
2026-01-09 20:00:00+00:00,37274.41636503723
2026-01-10 00:00:00+00:00,37274.41636503723
2026-01-10 04:00:00+00:00,37274.41636503723
2026-01-10 08:00:00+00:00,37274.41636503723
2026-01-10 12:00:00+00:00,37274.41636503723
2026-01-10 16:00:00+00:00,37274.41636503723
2026-01-10 20:00:00+00:00,37274.41636503723
2026-01-11 00:00:00+00:00,37274.41636503723
2026-01-11 04:00:00+00:00,37274.41636503723
2026-01-11 08:00:00+00:00,37274.41636503723
2026-01-11 12:00:00+00:00,37274.41636503723
2026-01-11 16:00:00+00:00,37274.41636503723
2026-01-11 20:00:00+00:00,37274.41636503723
2026-01-12 00:00:00+00:00,37274.41636503723
2026-01-12 04:00:00+00:00,37274.41636503723
2026-01-12 08:00:00+00:00,37274.41636503723
2026-01-12 12:00:00+00:00,37274.41636503723
2026-01-12 16:00:00+00:00,37274.41636503723
2026-01-12 20:00:00+00:00,37274.41636503723
2026-01-13 00:00:00+00:00,37274.41636503723
2026-01-13 04:00:00+00:00,37274.41636503723
2026-01-13 08:00:00+00:00,37274.41636503723
2026-01-13 12:00:00+00:00,37274.41636503723
2026-01-13 16:00:00+00:00,37274.41636503723
2026-01-13 20:00:00+00:00,37274.41636503723
2026-01-14 00:00:00+00:00,37274.41636503723
2026-01-14 04:00:00+00:00,37274.41636503723
2026-01-14 08:00:00+00:00,37274.41636503723
2026-01-14 12:00:00+00:00,37274.41636503723
2026-01-14 16:00:00+00:00,37274.41636503723
2026-01-14 20:00:00+00:00,37274.41636503723
2026-01-15 00:00:00+00:00,37274.41636503723
2026-01-15 04:00:00+00:00,37274.41636503723
2026-01-15 08:00:00+00:00,37274.41636503723
2026-01-15 12:00:00+00:00,37274.41636503723
2026-01-15 16:00:00+00:00,37274.41636503723
2026-01-15 20:00:00+00:00,37274.41636503723
2026-01-16 00:00:00+00:00,37274.41636503723
2026-01-16 04:00:00+00:00,37274.41636503723
2026-01-16 08:00:00+00:00,37274.41636503723
2026-01-16 12:00:00+00:00,37274.41636503723
2026-01-16 16:00:00+00:00,37274.41636503723
2026-01-16 20:00:00+00:00,37274.41636503723
2026-01-17 00:00:00+00:00,37274.41636503723
2026-01-17 04:00:00+00:00,37274.41636503723
2026-01-17 08:00:00+00:00,37274.41636503723
2026-01-17 12:00:00+00:00,37274.41636503723
2026-01-17 16:00:00+00:00,37274.41636503723
2026-01-17 20:00:00+00:00,37274.41636503723
2026-01-18 00:00:00+00:00,37274.41636503723
2026-01-18 04:00:00+00:00,37274.41636503723
2026-01-18 08:00:00+00:00,37274.41636503723
2026-01-18 12:00:00+00:00,37274.41636503723
2026-01-18 16:00:00+00:00,37274.41636503723
2026-01-18 20:00:00+00:00,37274.41636503723
2026-01-19 00:00:00+00:00,37274.41636503723
2026-01-19 04:00:00+00:00,37274.41636503723
2026-01-19 08:00:00+00:00,37274.41636503723
2026-01-19 12:00:00+00:00,37274.41636503723
2026-01-19 16:00:00+00:00,37274.41636503723
2026-01-19 20:00:00+00:00,37274.41636503723
2026-01-20 00:00:00+00:00,37274.41636503723
2026-01-20 04:00:00+00:00,37274.41636503723
2026-01-20 08:00:00+00:00,37274.41636503723
2026-01-20 12:00:00+00:00,37274.41636503723
2026-01-20 16:00:00+00:00,37274.41636503723
2026-01-20 20:00:00+00:00,37274.41636503723
2026-01-21 00:00:00+00:00,37274.41636503723
2026-01-21 04:00:00+00:00,37274.41636503723
2026-01-21 08:00:00+00:00,37274.41636503723
2026-01-21 12:00:00+00:00,37274.41636503723
2026-01-21 16:00:00+00:00,37274.41636503723
2026-01-21 20:00:00+00:00,37274.41636503723
2026-01-22 00:00:00+00:00,37274.41636503723
2026-01-22 04:00:00+00:00,37274.41636503723
2026-01-22 08:00:00+00:00,37274.41636503723
2026-01-22 12:00:00+00:00,37274.41636503723
2026-01-22 16:00:00+00:00,37274.41636503723
2026-01-22 20:00:00+00:00,37274.41636503723
2026-01-23 00:00:00+00:00,37274.41636503723
2026-01-23 04:00:00+00:00,37274.41636503723
2026-01-23 08:00:00+00:00,37274.41636503723
2026-01-23 12:00:00+00:00,37274.41636503723
2026-01-23 16:00:00+00:00,37274.41636503723
2026-01-23 20:00:00+00:00,37274.41636503723
2026-01-24 00:00:00+00:00,37274.41636503723
2026-01-24 04:00:00+00:00,37274.41636503723
2026-01-24 08:00:00+00:00,37274.41636503723
2026-01-24 12:00:00+00:00,37274.41636503723
2026-01-24 16:00:00+00:00,37274.41636503723
2026-01-24 20:00:00+00:00,37274.41636503723
2026-01-25 00:00:00+00:00,37274.41636503723
2026-01-25 04:00:00+00:00,37274.41636503723
2026-01-25 08:00:00+00:00,37274.41636503723
2026-01-25 12:00:00+00:00,37274.41636503723
2026-01-25 16:00:00+00:00,37274.41636503723
2026-01-25 20:00:00+00:00,37274.41636503723
2026-01-26 00:00:00+00:00,37274.41636503723
2026-01-26 04:00:00+00:00,37274.41636503723
2026-01-26 08:00:00+00:00,37274.41636503723
2026-01-26 12:00:00+00:00,37274.41636503723
2026-01-26 16:00:00+00:00,37274.41636503723
2026-01-26 20:00:00+00:00,37274.41636503723
2026-01-27 00:00:00+00:00,37274.41636503723
2026-01-27 04:00:00+00:00,37274.41636503723
2026-01-27 08:00:00+00:00,37274.41636503723
2026-01-27 12:00:00+00:00,37274.41636503723
2026-01-27 16:00:00+00:00,37274.41636503723
2026-01-27 20:00:00+00:00,37274.41636503723
2026-01-28 00:00:00+00:00,37274.41636503723
2026-01-28 04:00:00+00:00,37274.41636503723
2026-01-28 08:00:00+00:00,37274.41636503723
2026-01-28 12:00:00+00:00,37274.41636503723
2026-01-28 16:00:00+00:00,37274.41636503723
2026-01-28 20:00:00+00:00,37274.41636503723
2026-01-29 00:00:00+00:00,37274.41636503723
2026-01-29 04:00:00+00:00,37274.41636503723
2026-01-29 08:00:00+00:00,37274.41636503723
2026-01-29 12:00:00+00:00,37274.41636503723
2026-01-29 16:00:00+00:00,37274.41636503723
2026-01-29 20:00:00+00:00,37274.41636503723
2026-01-30 00:00:00+00:00,37274.41636503723
2026-01-30 04:00:00+00:00,37274.41636503723
2026-01-30 08:00:00+00:00,37274.41636503723
2026-01-30 12:00:00+00:00,37274.41636503723
2026-01-30 16:00:00+00:00,37274.41636503723
2026-01-30 20:00:00+00:00,37274.41636503723
2026-01-31 00:00:00+00:00,37274.41636503723
2026-01-31 04:00:00+00:00,37274.41636503723
2026-01-31 08:00:00+00:00,37274.41636503723
2026-01-31 12:00:00+00:00,37274.41636503723
2026-01-31 16:00:00+00:00,37274.41636503723
2026-01-31 20:00:00+00:00,37274.41636503723
2026-02-01 00:00:00+00:00,37274.41636503723
2026-02-01 04:00:00+00:00,37274.41636503723
2026-02-01 08:00:00+00:00,37274.41636503723
2026-02-01 12:00:00+00:00,37274.41636503723
2026-02-01 16:00:00+00:00,37274.41636503723
2026-02-01 20:00:00+00:00,37274.41636503723
2026-02-02 00:00:00+00:00,37274.41636503723
2026-02-02 04:00:00+00:00,37274.41636503723
2026-02-02 08:00:00+00:00,37274.41636503723
2026-02-02 12:00:00+00:00,37274.41636503723
2026-02-02 16:00:00+00:00,37274.41636503723
2026-02-02 20:00:00+00:00,37274.41636503723
2026-02-03 00:00:00+00:00,37274.41636503723
2026-02-03 04:00:00+00:00,37274.41636503723
2026-02-03 08:00:00+00:00,37274.41636503723
2026-02-03 12:00:00+00:00,37274.41636503723
2026-02-03 16:00:00+00:00,37274.41636503723
2026-02-03 20:00:00+00:00,37274.41636503723
2026-02-04 00:00:00+00:00,37274.41636503723
2026-02-04 04:00:00+00:00,37274.41636503723
2026-02-04 08:00:00+00:00,37274.41636503723
2026-02-04 12:00:00+00:00,37274.41636503723
2026-02-04 16:00:00+00:00,37274.41636503723
2026-02-04 20:00:00+00:00,37274.41636503723
2026-02-05 00:00:00+00:00,37274.41636503723
2026-02-05 04:00:00+00:00,37274.41636503723
2026-02-05 08:00:00+00:00,37274.41636503723
2026-02-05 12:00:00+00:00,37274.41636503723
2026-02-05 16:00:00+00:00,37274.41636503723
2026-02-05 20:00:00+00:00,37274.41636503723
2026-02-06 00:00:00+00:00,37274.41636503723
2026-02-06 04:00:00+00:00,37274.41636503723
2026-02-06 08:00:00+00:00,37274.41636503723
2026-02-06 12:00:00+00:00,37274.41636503723
2026-02-06 16:00:00+00:00,37274.41636503723
2026-02-06 20:00:00+00:00,37274.41636503723
2026-02-07 00:00:00+00:00,37274.41636503723
2026-02-07 04:00:00+00:00,37274.41636503723
2026-02-07 08:00:00+00:00,37274.41636503723
2026-02-07 12:00:00+00:00,37274.41636503723
2026-02-07 16:00:00+00:00,37274.41636503723
2026-02-07 20:00:00+00:00,37274.41636503723
2026-02-08 00:00:00+00:00,37274.41636503723
2026-02-08 04:00:00+00:00,37274.41636503723
2026-02-08 08:00:00+00:00,37274.41636503723
2026-02-08 12:00:00+00:00,37274.41636503723
2026-02-08 16:00:00+00:00,37274.41636503723
2026-02-08 20:00:00+00:00,37274.41636503723
2026-02-09 00:00:00+00:00,37274.41636503723
2026-02-09 04:00:00+00:00,37274.41636503723
2026-02-09 08:00:00+00:00,37274.41636503723
2026-02-09 12:00:00+00:00,37274.41636503723
2026-02-09 16:00:00+00:00,37274.41636503723
2026-02-09 20:00:00+00:00,37274.41636503723
2026-02-10 00:00:00+00:00,37274.41636503723
2026-02-10 04:00:00+00:00,37274.41636503723
2026-02-10 08:00:00+00:00,37274.41636503723
2026-02-10 12:00:00+00:00,37274.41636503723
2026-02-10 16:00:00+00:00,37274.41636503723
2026-02-10 20:00:00+00:00,37274.41636503723
2026-02-11 00:00:00+00:00,37274.41636503723
2026-02-11 04:00:00+00:00,37274.41636503723
2026-02-11 08:00:00+00:00,37274.41636503723
2026-02-11 12:00:00+00:00,37274.41636503723
2026-02-11 16:00:00+00:00,37274.41636503723
2026-02-11 20:00:00+00:00,37274.41636503723
2026-02-12 00:00:00+00:00,37274.41636503723
2026-02-12 04:00:00+00:00,37274.41636503723
2026-02-12 08:00:00+00:00,37274.41636503723
2026-02-12 12:00:00+00:00,37274.41636503723
2026-02-12 16:00:00+00:00,37274.41636503723
2026-02-12 20:00:00+00:00,37274.41636503723
2026-02-13 00:00:00+00:00,37274.41636503723
2026-02-13 04:00:00+00:00,37274.41636503723
2026-02-13 08:00:00+00:00,37274.41636503723
2026-02-13 12:00:00+00:00,37274.41636503723
2026-02-13 16:00:00+00:00,37274.41636503723
2026-02-13 20:00:00+00:00,37274.41636503723
2026-02-14 00:00:00+00:00,37274.41636503723
2026-02-14 04:00:00+00:00,37274.41636503723
2026-02-14 08:00:00+00:00,37274.41636503723
2026-02-14 12:00:00+00:00,37274.41636503723
2026-02-14 16:00:00+00:00,37274.41636503723
2026-02-14 20:00:00+00:00,37274.41636503723
2026-02-15 00:00:00+00:00,37274.41636503723
2026-02-15 04:00:00+00:00,37274.41636503723
2026-02-15 08:00:00+00:00,37274.41636503723
2026-02-15 12:00:00+00:00,37274.41636503723
2026-02-15 16:00:00+00:00,37274.41636503723
2026-02-15 20:00:00+00:00,37274.41636503723
2026-02-16 00:00:00+00:00,37274.41636503723
2026-02-16 04:00:00+00:00,37274.41636503723
2026-02-16 08:00:00+00:00,37274.41636503723
2026-02-16 12:00:00+00:00,37274.41636503723
2026-02-16 16:00:00+00:00,37274.41636503723
2026-02-16 20:00:00+00:00,37274.41636503723
2026-02-17 00:00:00+00:00,37274.41636503723
2026-02-17 04:00:00+00:00,37274.41636503723
2026-02-17 08:00:00+00:00,37274.41636503723
2026-02-17 12:00:00+00:00,37274.41636503723
2026-02-17 16:00:00+00:00,37274.41636503723
2026-02-17 20:00:00+00:00,37274.41636503723
2026-02-18 00:00:00+00:00,37274.41636503723
2026-02-18 04:00:00+00:00,37274.41636503723
2026-02-18 08:00:00+00:00,37274.41636503723
2026-02-18 12:00:00+00:00,37274.41636503723
2026-02-18 16:00:00+00:00,37274.41636503723
2026-02-18 20:00:00+00:00,37274.41636503723
2026-02-19 00:00:00+00:00,37274.41636503723
2026-02-19 04:00:00+00:00,37274.41636503723
2026-02-19 08:00:00+00:00,37274.41636503723
2026-02-19 12:00:00+00:00,37274.41636503723
2026-02-19 16:00:00+00:00,37274.41636503723
2026-02-19 20:00:00+00:00,37274.41636503723
2026-02-20 00:00:00+00:00,37274.41636503723
2026-02-20 04:00:00+00:00,37274.41636503723
2026-02-20 08:00:00+00:00,37274.41636503723
2026-02-20 12:00:00+00:00,37274.41636503723
2026-02-20 16:00:00+00:00,37274.41636503723
2026-02-20 20:00:00+00:00,37274.41636503723
2026-02-21 00:00:00+00:00,37274.41636503723
2026-02-21 04:00:00+00:00,37274.41636503723
2026-02-21 08:00:00+00:00,37274.41636503723
2026-02-21 12:00:00+00:00,37274.41636503723
2026-02-21 16:00:00+00:00,37274.41636503723
2026-02-21 20:00:00+00:00,37274.41636503723
2026-02-22 00:00:00+00:00,37274.41636503723
2026-02-22 04:00:00+00:00,37274.41636503723
2026-02-22 08:00:00+00:00,37274.41636503723
2026-02-22 12:00:00+00:00,37274.41636503723
2026-02-22 16:00:00+00:00,37274.41636503723
2026-02-22 20:00:00+00:00,37274.41636503723
2026-02-23 00:00:00+00:00,37274.41636503723
2026-02-23 04:00:00+00:00,37274.41636503723
2026-02-23 08:00:00+00:00,37274.41636503723
2026-02-23 12:00:00+00:00,37274.41636503723
2026-02-23 16:00:00+00:00,37274.41636503723
2026-02-23 20:00:00+00:00,37274.41636503723
2026-02-24 00:00:00+00:00,37274.41636503723
2026-02-24 04:00:00+00:00,37274.41636503723
2026-02-24 08:00:00+00:00,37274.41636503723
2026-02-24 12:00:00+00:00,37274.41636503723
2026-02-24 16:00:00+00:00,37274.41636503723
2026-02-24 20:00:00+00:00,37274.41636503723
2026-02-25 00:00:00+00:00,37274.41636503723
2026-02-25 04:00:00+00:00,37274.41636503723
2026-02-25 08:00:00+00:00,37274.41636503723
2026-02-25 12:00:00+00:00,37274.41636503723
2026-02-25 16:00:00+00:00,37274.41636503723
2026-02-25 20:00:00+00:00,37274.41636503723
2026-02-26 00:00:00+00:00,37274.41636503723
2026-02-26 04:00:00+00:00,37274.41636503723
2026-02-26 08:00:00+00:00,37274.41636503723
2026-02-26 12:00:00+00:00,37274.41636503723
2026-02-26 16:00:00+00:00,37274.41636503723
2026-02-26 20:00:00+00:00,37274.41636503723
2026-02-27 00:00:00+00:00,37274.41636503723
2026-02-27 04:00:00+00:00,37274.41636503723
2026-02-27 08:00:00+00:00,37274.41636503723
2026-02-27 12:00:00+00:00,37274.41636503723
2026-02-27 16:00:00+00:00,37274.41636503723
2026-02-27 20:00:00+00:00,37274.41636503723
2026-02-28 00:00:00+00:00,37274.41636503723
2026-02-28 04:00:00+00:00,37274.41636503723
2026-02-28 08:00:00+00:00,37274.41636503723
2026-02-28 12:00:00+00:00,37274.41636503723
2026-02-28 16:00:00+00:00,37274.41636503723
2026-02-28 20:00:00+00:00,37274.41636503723
2026-03-01 00:00:00+00:00,37274.41636503723
2026-03-01 04:00:00+00:00,37274.41636503723
2026-03-01 08:00:00+00:00,37274.41636503723
2026-03-01 12:00:00+00:00,37274.41636503723
2026-03-01 16:00:00+00:00,37274.41636503723
2026-03-01 20:00:00+00:00,37274.41636503723
2026-03-02 00:00:00+00:00,37274.41636503723
2026-03-02 04:00:00+00:00,37274.41636503723
2026-03-02 08:00:00+00:00,37274.41636503723
2026-03-02 12:00:00+00:00,37274.41636503723
2026-03-02 16:00:00+00:00,37274.41636503723
2026-03-02 20:00:00+00:00,37274.41636503723
2026-03-03 00:00:00+00:00,37274.41636503723
2026-03-03 04:00:00+00:00,37274.41636503723
2026-03-03 08:00:00+00:00,37274.41636503723
2026-03-03 12:00:00+00:00,37274.41636503723
2026-03-03 16:00:00+00:00,37274.41636503723
2026-03-03 20:00:00+00:00,37274.41636503723
2026-03-04 00:00:00+00:00,37274.41636503723
2026-03-04 04:00:00+00:00,37274.41636503723
2026-03-04 08:00:00+00:00,37274.41636503723
2026-03-04 12:00:00+00:00,37274.41636503723
2026-03-04 16:00:00+00:00,37274.41636503723
2026-03-04 20:00:00+00:00,37274.41636503723
2026-03-05 00:00:00+00:00,37274.41636503723
2026-03-05 04:00:00+00:00,37274.41636503723
2026-03-05 08:00:00+00:00,37274.41636503723
2026-03-05 12:00:00+00:00,37274.41636503723
2026-03-05 16:00:00+00:00,37274.41636503723
2026-03-05 20:00:00+00:00,37274.41636503723
2026-03-06 00:00:00+00:00,37274.41636503723
2026-03-06 04:00:00+00:00,37274.41636503723
2026-03-06 08:00:00+00:00,37274.41636503723
2026-03-06 12:00:00+00:00,37274.41636503723
2026-03-06 16:00:00+00:00,37274.41636503723
2026-03-06 20:00:00+00:00,37274.41636503723
2026-03-07 00:00:00+00:00,37274.41636503723
2026-03-07 04:00:00+00:00,37274.41636503723
2026-03-07 08:00:00+00:00,37274.41636503723
2026-03-07 12:00:00+00:00,37274.41636503723
2026-03-07 16:00:00+00:00,37274.41636503723
2026-03-07 20:00:00+00:00,37274.41636503723
2026-03-08 00:00:00+00:00,37274.41636503723
2026-03-08 04:00:00+00:00,37274.41636503723
2026-03-08 08:00:00+00:00,37274.41636503723
2026-03-08 12:00:00+00:00,37274.41636503723
2026-03-08 16:00:00+00:00,37274.41636503723
2026-03-08 20:00:00+00:00,37274.41636503723
2026-03-09 00:00:00+00:00,37274.41636503723
2026-03-09 04:00:00+00:00,37274.41636503723
2026-03-09 08:00:00+00:00,37274.41636503723
2026-03-09 12:00:00+00:00,37274.41636503723
2026-03-09 16:00:00+00:00,37274.41636503723
2026-03-09 20:00:00+00:00,37274.41636503723
2026-03-10 00:00:00+00:00,37274.41636503723
2026-03-10 04:00:00+00:00,37274.41636503723
2026-03-10 08:00:00+00:00,37274.41636503723
2026-03-10 12:00:00+00:00,37274.41636503723
2026-03-10 16:00:00+00:00,37274.41636503723
2026-03-10 20:00:00+00:00,37274.41636503723
2026-03-11 00:00:00+00:00,37274.41636503723
2026-03-11 04:00:00+00:00,37274.41636503723
2026-03-11 08:00:00+00:00,37274.41636503723
2026-03-11 12:00:00+00:00,37274.41636503723
2026-03-11 16:00:00+00:00,37274.41636503723
2026-03-11 20:00:00+00:00,37274.41636503723
2026-03-12 00:00:00+00:00,37274.41636503723
2026-03-12 04:00:00+00:00,37274.41636503723
2026-03-12 08:00:00+00:00,37274.41636503723
2026-03-12 12:00:00+00:00,37274.41636503723
2026-03-12 16:00:00+00:00,37274.41636503723
2026-03-12 20:00:00+00:00,37274.41636503723
2026-03-13 00:00:00+00:00,37274.41636503723
2026-03-13 04:00:00+00:00,37274.41636503723
2026-03-13 08:00:00+00:00,37274.41636503723
2026-03-13 12:00:00+00:00,37274.41636503723
2026-03-13 16:00:00+00:00,37274.41636503723
2026-03-13 20:00:00+00:00,37274.41636503723
2026-03-14 00:00:00+00:00,37274.41636503723
2026-03-14 04:00:00+00:00,37274.41636503723
2026-03-14 08:00:00+00:00,37274.41636503723
2026-03-14 12:00:00+00:00,37274.41636503723
2026-03-14 16:00:00+00:00,37274.41636503723
2026-03-14 20:00:00+00:00,37274.41636503723
2026-03-15 00:00:00+00:00,37274.41636503723
2026-03-15 04:00:00+00:00,37274.41636503723
2026-03-15 08:00:00+00:00,37274.41636503723
2026-03-15 12:00:00+00:00,37274.41636503723
2026-03-15 16:00:00+00:00,37274.41636503723
2026-03-15 20:00:00+00:00,37274.41636503723
2026-03-16 00:00:00+00:00,37274.41636503723
2026-03-16 04:00:00+00:00,37274.41636503723
2026-03-16 08:00:00+00:00,37274.41636503723
2026-03-16 12:00:00+00:00,37274.41636503723
2026-03-16 16:00:00+00:00,37274.41636503723
2026-03-16 20:00:00+00:00,37274.41636503723
2026-03-17 00:00:00+00:00,37274.41636503723
2026-03-17 04:00:00+00:00,37274.41636503723
2026-03-17 08:00:00+00:00,37274.41636503723
2026-03-17 12:00:00+00:00,37274.41636503723
2026-03-17 16:00:00+00:00,37274.41636503723
2026-03-17 20:00:00+00:00,37274.41636503723
2026-03-18 00:00:00+00:00,37274.41636503723
2026-03-18 04:00:00+00:00,37274.41636503723
2026-03-18 08:00:00+00:00,37274.41636503723
2026-03-18 12:00:00+00:00,37274.41636503723
2026-03-18 16:00:00+00:00,37274.41636503723
2026-03-18 20:00:00+00:00,37274.41636503723
2026-03-19 00:00:00+00:00,37274.41636503723
2026-03-19 04:00:00+00:00,37274.41636503723
2026-03-19 08:00:00+00:00,37274.41636503723
2026-03-19 12:00:00+00:00,37274.41636503723
2026-03-19 16:00:00+00:00,37274.41636503723
2026-03-19 20:00:00+00:00,37274.41636503723
2026-03-20 00:00:00+00:00,37274.41636503723
2026-03-20 04:00:00+00:00,37274.41636503723
2026-03-20 08:00:00+00:00,37274.41636503723
2026-03-20 12:00:00+00:00,37274.41636503723
2026-03-20 16:00:00+00:00,37274.41636503723
2026-03-20 20:00:00+00:00,37274.41636503723
2026-03-21 00:00:00+00:00,37274.41636503723
2026-03-21 04:00:00+00:00,37274.41636503723
2026-03-21 08:00:00+00:00,37274.41636503723
2026-03-21 12:00:00+00:00,37274.41636503723
2026-03-21 16:00:00+00:00,37274.41636503723
2026-03-21 20:00:00+00:00,37274.41636503723
2026-03-22 00:00:00+00:00,37274.41636503723
2026-03-22 04:00:00+00:00,37274.41636503723
2026-03-22 08:00:00+00:00,37274.41636503723
2026-03-22 12:00:00+00:00,37274.41636503723
2026-03-22 16:00:00+00:00,37274.41636503723
2026-03-22 20:00:00+00:00,37274.41636503723
2026-03-23 00:00:00+00:00,37274.41636503723
2026-03-23 04:00:00+00:00,37274.41636503723
2026-03-23 08:00:00+00:00,37274.41636503723
2026-03-23 12:00:00+00:00,37274.41636503723
2026-03-23 16:00:00+00:00,37274.41636503723
2026-03-23 20:00:00+00:00,37274.41636503723
2026-03-24 00:00:00+00:00,37274.41636503723
2026-03-24 04:00:00+00:00,37274.41636503723
2026-03-24 08:00:00+00:00,37274.41636503723
2026-03-24 12:00:00+00:00,37274.41636503723
2026-03-24 16:00:00+00:00,37274.41636503723
2026-03-24 20:00:00+00:00,37274.41636503723
2026-03-25 00:00:00+00:00,37274.41636503723
2026-03-25 04:00:00+00:00,37274.41636503723
2026-03-25 08:00:00+00:00,37274.41636503723
2026-03-25 12:00:00+00:00,37274.41636503723
2026-03-25 16:00:00+00:00,37274.41636503723
2026-03-25 20:00:00+00:00,37274.41636503723
2026-03-26 00:00:00+00:00,37274.41636503723
2026-03-26 04:00:00+00:00,37274.41636503723
2026-03-26 08:00:00+00:00,37274.41636503723
2026-03-26 12:00:00+00:00,37274.41636503723
2026-03-26 16:00:00+00:00,37274.41636503723
2026-03-26 20:00:00+00:00,37274.41636503723
2026-03-27 00:00:00+00:00,37274.41636503723
2026-03-27 04:00:00+00:00,37274.41636503723
2026-03-27 08:00:00+00:00,37274.41636503723
2026-03-27 12:00:00+00:00,37274.41636503723
2026-03-27 16:00:00+00:00,37274.41636503723
2026-03-27 20:00:00+00:00,37274.41636503723
2026-03-28 00:00:00+00:00,37274.41636503723
2026-03-28 04:00:00+00:00,37274.41636503723
2026-03-28 08:00:00+00:00,37274.41636503723
2026-03-28 12:00:00+00:00,37274.41636503723
2026-03-28 16:00:00+00:00,37274.41636503723
2026-03-28 20:00:00+00:00,37274.41636503723
2026-03-29 00:00:00+00:00,37274.41636503723
2026-03-29 04:00:00+00:00,37274.41636503723
2026-03-29 08:00:00+00:00,37274.41636503723
2026-03-29 12:00:00+00:00,37274.41636503723
2026-03-29 16:00:00+00:00,37274.41636503723
2026-03-29 20:00:00+00:00,37274.41636503723
2026-03-30 00:00:00+00:00,37274.41636503723
2026-03-30 04:00:00+00:00,37274.41636503723
2026-03-30 08:00:00+00:00,37274.41636503723
2026-03-30 12:00:00+00:00,37274.41636503723
2026-03-30 16:00:00+00:00,37274.41636503723
2026-03-30 20:00:00+00:00,37274.41636503723
2026-03-31 00:00:00+00:00,37274.41636503723
2026-03-31 04:00:00+00:00,37274.41636503723
2026-03-31 08:00:00+00:00,37274.41636503723
2026-03-31 12:00:00+00:00,37274.41636503723
2026-03-31 16:00:00+00:00,37274.41636503723
2026-03-31 20:00:00+00:00,37274.41636503723
2026-04-01 00:00:00+00:00,37274.41636503723
2026-04-01 04:00:00+00:00,37274.41636503723
2026-04-01 08:00:00+00:00,37274.41636503723
2026-04-01 12:00:00+00:00,37274.41636503723
2026-04-01 16:00:00+00:00,37274.41636503723
2026-04-01 20:00:00+00:00,37274.41636503723
2026-04-02 00:00:00+00:00,37274.41636503723
2026-04-02 04:00:00+00:00,37274.41636503723
2026-04-02 08:00:00+00:00,37274.41636503723
2026-04-02 12:00:00+00:00,37274.41636503723
2026-04-02 16:00:00+00:00,37274.41636503723
2026-04-02 20:00:00+00:00,37274.41636503723
2026-04-03 00:00:00+00:00,37274.41636503723
2026-04-03 04:00:00+00:00,37274.41636503723
2026-04-03 08:00:00+00:00,37274.41636503723
2026-04-03 12:00:00+00:00,37274.41636503723
2026-04-03 16:00:00+00:00,37274.41636503723
2026-04-03 20:00:00+00:00,37274.41636503723
2026-04-04 00:00:00+00:00,37274.41636503723
2026-04-04 04:00:00+00:00,37274.41636503723
2026-04-04 08:00:00+00:00,37274.41636503723
2026-04-04 12:00:00+00:00,37274.41636503723
2026-04-04 16:00:00+00:00,37274.41636503723
2026-04-04 20:00:00+00:00,37274.41636503723
2026-04-05 00:00:00+00:00,37274.41636503723
2026-04-05 04:00:00+00:00,37274.41636503723
2026-04-05 08:00:00+00:00,37274.41636503723
2026-04-05 12:00:00+00:00,37274.41636503723
2026-04-05 16:00:00+00:00,37274.41636503723
2026-04-05 20:00:00+00:00,37274.41636503723
2026-04-06 00:00:00+00:00,37274.41636503723
2026-04-06 04:00:00+00:00,37274.41636503723
2026-04-06 08:00:00+00:00,37274.41636503723
2026-04-06 12:00:00+00:00,37274.41636503723
2026-04-06 16:00:00+00:00,37274.41636503723
2026-04-06 20:00:00+00:00,37274.41636503723
2026-04-07 00:00:00+00:00,37274.41636503723
2026-04-07 04:00:00+00:00,37274.41636503723
2026-04-07 08:00:00+00:00,37274.41636503723
2026-04-07 12:00:00+00:00,37274.41636503723
2026-04-07 16:00:00+00:00,37274.41636503723
2026-04-07 20:00:00+00:00,37274.41636503723
2026-04-08 00:00:00+00:00,37274.41636503723
2026-04-08 04:00:00+00:00,37274.41636503723
2026-04-08 08:00:00+00:00,37274.41636503723
2026-04-08 12:00:00+00:00,37274.41636503723
2026-04-08 16:00:00+00:00,37274.41636503723
2026-04-08 20:00:00+00:00,37274.41636503723
2026-04-09 00:00:00+00:00,37274.41636503723
2026-04-09 04:00:00+00:00,37274.41636503723
2026-04-09 08:00:00+00:00,37274.41636503723
2026-04-09 12:00:00+00:00,37274.41636503723
2026-04-09 16:00:00+00:00,37274.41636503723
2026-04-09 20:00:00+00:00,37274.41636503723
2026-04-10 00:00:00+00:00,37274.41636503723
2026-04-10 04:00:00+00:00,37274.41636503723
2026-04-10 08:00:00+00:00,37274.41636503723
2026-04-10 12:00:00+00:00,37274.41636503723
2026-04-10 16:00:00+00:00,37274.41636503723
2026-04-10 20:00:00+00:00,37274.41636503723
2026-04-11 00:00:00+00:00,37274.41636503723
2026-04-11 04:00:00+00:00,37274.41636503723
2026-04-11 08:00:00+00:00,37274.41636503723
2026-04-11 12:00:00+00:00,37274.41636503723
2026-04-11 16:00:00+00:00,37274.41636503723
2026-04-11 20:00:00+00:00,37274.41636503723
2026-04-12 00:00:00+00:00,37274.41636503723
2026-04-12 04:00:00+00:00,37274.41636503723
2026-04-12 08:00:00+00:00,37274.41636503723
2026-04-12 12:00:00+00:00,37274.41636503723
2026-04-12 16:00:00+00:00,37274.41636503723
2026-04-12 20:00:00+00:00,37274.41636503723
2026-04-13 00:00:00+00:00,37274.41636503723
2026-04-13 04:00:00+00:00,37274.41636503723
2026-04-13 08:00:00+00:00,37274.41636503723
2026-04-13 12:00:00+00:00,37274.41636503723
2026-04-13 16:00:00+00:00,37274.41636503723
2026-04-13 20:00:00+00:00,37274.41636503723
2026-04-14 00:00:00+00:00,37274.41636503723
2026-04-14 04:00:00+00:00,37274.41636503723
2026-04-14 08:00:00+00:00,37274.41636503723
2026-04-14 12:00:00+00:00,37274.41636503723
2026-04-14 16:00:00+00:00,37274.41636503723
2026-04-14 20:00:00+00:00,37274.41636503723
2026-04-15 00:00:00+00:00,37274.41636503723
2026-04-15 04:00:00+00:00,37274.41636503723
2026-04-15 08:00:00+00:00,37274.41636503723
2026-04-15 12:00:00+00:00,37274.41636503723
2026-04-15 16:00:00+00:00,37274.41636503723
2026-04-15 20:00:00+00:00,37274.41636503723
2026-04-16 00:00:00+00:00,37274.41636503723
2026-04-16 04:00:00+00:00,37274.41636503723
2026-04-16 08:00:00+00:00,37274.41636503723
2026-04-16 12:00:00+00:00,37274.41636503723
2026-04-16 16:00:00+00:00,37274.41636503723
2026-04-16 20:00:00+00:00,37274.41636503723
2026-04-17 00:00:00+00:00,37274.41636503723
2026-04-17 04:00:00+00:00,37274.41636503723
2026-04-17 08:00:00+00:00,37274.41636503723
2026-04-17 12:00:00+00:00,37274.41636503723
2026-04-17 16:00:00+00:00,37274.41636503723
2026-04-17 20:00:00+00:00,37274.41636503723
2026-04-18 00:00:00+00:00,37274.41636503723
2026-04-18 04:00:00+00:00,37274.41636503723
2026-04-18 08:00:00+00:00,37274.41636503723
2026-04-18 12:00:00+00:00,37274.41636503723
2026-04-18 16:00:00+00:00,37274.41636503723
2026-04-18 20:00:00+00:00,37274.41636503723
2026-04-19 00:00:00+00:00,37274.41636503723
2026-04-19 04:00:00+00:00,37274.41636503723
2026-04-19 08:00:00+00:00,37274.41636503723
2026-04-19 12:00:00+00:00,37274.41636503723
2026-04-19 16:00:00+00:00,37274.41636503723
2026-04-19 20:00:00+00:00,37274.41636503723
2026-04-20 00:00:00+00:00,37274.41636503723
2026-04-20 04:00:00+00:00,37274.41636503723
2026-04-20 08:00:00+00:00,37274.41636503723
2026-04-20 12:00:00+00:00,37274.41636503723
2026-04-20 16:00:00+00:00,37274.41636503723
2026-04-20 20:00:00+00:00,37274.41636503723
2026-04-21 00:00:00+00:00,37274.41636503723
2026-04-21 04:00:00+00:00,37274.41636503723
2026-04-21 08:00:00+00:00,37274.41636503723
2026-04-21 12:00:00+00:00,37274.41636503723
2026-04-21 16:00:00+00:00,37274.41636503723
2026-04-21 20:00:00+00:00,37274.41636503723
2026-04-22 00:00:00+00:00,37274.41636503723
2026-04-22 04:00:00+00:00,37274.41636503723
2026-04-22 08:00:00+00:00,37274.41636503723
2026-04-22 12:00:00+00:00,37274.41636503723
2026-04-22 16:00:00+00:00,37274.41636503723
2026-04-22 20:00:00+00:00,37274.41636503723
2026-04-23 00:00:00+00:00,37274.41636503723
2026-04-23 04:00:00+00:00,37274.41636503723
2026-04-23 08:00:00+00:00,37274.41636503723
2026-04-23 12:00:00+00:00,37274.41636503723
2026-04-23 16:00:00+00:00,37274.41636503723
2026-04-23 20:00:00+00:00,37274.41636503723
2026-04-24 00:00:00+00:00,37274.41636503723
2026-04-24 04:00:00+00:00,37274.41636503723
2026-04-24 08:00:00+00:00,37274.41636503723
2026-04-24 12:00:00+00:00,37274.41636503723
2026-04-24 16:00:00+00:00,37274.41636503723
2026-04-24 20:00:00+00:00,37274.41636503723
2026-04-25 00:00:00+00:00,37274.41636503723
2026-04-25 04:00:00+00:00,37274.41636503723
2026-04-25 08:00:00+00:00,37274.41636503723
2026-04-25 12:00:00+00:00,37274.41636503723
2026-04-25 16:00:00+00:00,37274.41636503723
2026-04-25 20:00:00+00:00,37274.41636503723
2026-04-26 00:00:00+00:00,37274.41636503723
2026-04-26 04:00:00+00:00,37274.41636503723
2026-04-26 08:00:00+00:00,37274.41636503723
2026-04-26 12:00:00+00:00,37274.41636503723
2026-04-26 16:00:00+00:00,37274.41636503723
2026-04-26 20:00:00+00:00,37274.41636503723
2026-04-27 00:00:00+00:00,37274.41636503723
2026-04-27 04:00:00+00:00,37274.41636503723
2026-04-27 08:00:00+00:00,37274.41636503723
2026-04-27 12:00:00+00:00,37274.41636503723
2026-04-27 16:00:00+00:00,37274.41636503723
2026-04-27 20:00:00+00:00,37274.41636503723
2026-04-28 00:00:00+00:00,37274.41636503723
2026-04-28 04:00:00+00:00,37274.41636503723
2026-04-28 08:00:00+00:00,37274.41636503723
2026-04-28 12:00:00+00:00,37274.41636503723
2026-04-28 16:00:00+00:00,37274.41636503723
2026-04-28 20:00:00+00:00,37274.41636503723
2026-04-29 00:00:00+00:00,37274.41636503723
2026-04-29 04:00:00+00:00,37274.41636503723
2026-04-29 08:00:00+00:00,37274.41636503723
2026-04-29 12:00:00+00:00,37274.41636503723
2026-04-29 16:00:00+00:00,37274.41636503723
2026-04-29 20:00:00+00:00,37274.41636503723
2026-04-30 00:00:00+00:00,37274.41636503723
2026-04-30 04:00:00+00:00,37274.41636503723
2026-04-30 08:00:00+00:00,37274.41636503723
2026-04-30 12:00:00+00:00,37274.41636503723
2026-04-30 16:00:00+00:00,37274.41636503723
2026-04-30 20:00:00+00:00,37274.41636503723
2026-05-01 00:00:00+00:00,37274.41636503723
2026-05-01 04:00:00+00:00,37274.41636503723
2026-05-01 08:00:00+00:00,37274.41636503723
2026-05-01 12:00:00+00:00,37274.41636503723
2026-05-01 16:00:00+00:00,37274.41636503723
2026-05-01 20:00:00+00:00,37274.41636503723
2026-05-02 00:00:00+00:00,37274.41636503723
2026-05-02 04:00:00+00:00,37274.41636503723
2026-05-02 08:00:00+00:00,37274.41636503723
2026-05-02 12:00:00+00:00,37274.41636503723
2026-05-02 16:00:00+00:00,37274.41636503723
2026-05-02 20:00:00+00:00,37274.41636503723
2026-05-03 00:00:00+00:00,37274.41636503723
2026-05-03 04:00:00+00:00,37274.41636503723
2026-05-03 08:00:00+00:00,37274.41636503723
2026-05-03 12:00:00+00:00,37274.41636503723
2026-05-03 16:00:00+00:00,37274.41636503723
2026-05-03 20:00:00+00:00,37274.41636503723
2026-05-04 00:00:00+00:00,37274.41636503723
2026-05-04 04:00:00+00:00,37274.41636503723
2026-05-04 08:00:00+00:00,37274.41636503723
2026-05-04 12:00:00+00:00,37274.41636503723
2026-05-04 16:00:00+00:00,37274.41636503723
2026-05-04 20:00:00+00:00,37274.41636503723
2026-05-05 00:00:00+00:00,37274.41636503723
2026-05-05 04:00:00+00:00,37274.41636503723
2026-05-05 08:00:00+00:00,37274.41636503723
2026-05-05 12:00:00+00:00,37274.41636503723
2026-05-05 16:00:00+00:00,37274.41636503723
2026-05-05 20:00:00+00:00,37274.41636503723
2026-05-06 00:00:00+00:00,37274.41636503723
2026-05-06 04:00:00+00:00,37274.41636503723
2026-05-06 08:00:00+00:00,37274.41636503723
2026-05-06 12:00:00+00:00,37274.41636503723
2026-05-06 16:00:00+00:00,37274.41636503723
2026-05-06 20:00:00+00:00,37274.41636503723
2026-05-07 00:00:00+00:00,37274.41636503723
2026-05-07 04:00:00+00:00,37274.41636503723
2026-05-07 08:00:00+00:00,37274.41636503723
2026-05-07 12:00:00+00:00,37274.41636503723
2026-05-07 16:00:00+00:00,37274.41636503723
2026-05-07 20:00:00+00:00,37274.41636503723
2026-05-08 00:00:00+00:00,37274.41636503723
2026-05-08 04:00:00+00:00,37274.41636503723
2026-05-08 08:00:00+00:00,37274.41636503723
2026-05-08 12:00:00+00:00,37274.41636503723
2026-05-08 16:00:00+00:00,37274.41636503723
2026-05-08 20:00:00+00:00,37274.41636503723
2026-05-09 00:00:00+00:00,37274.41636503723
2026-05-09 04:00:00+00:00,37274.41636503723
2026-05-09 08:00:00+00:00,37274.41636503723
2026-05-09 12:00:00+00:00,37274.41636503723
2026-05-09 16:00:00+00:00,37274.41636503723
2026-05-09 20:00:00+00:00,37274.41636503723
2026-05-10 00:00:00+00:00,37274.41636503723
2026-05-10 04:00:00+00:00,37274.41636503723
2026-05-10 08:00:00+00:00,37274.41636503723
2026-05-10 12:00:00+00:00,37274.41636503723
2026-05-10 16:00:00+00:00,37274.41636503723
2026-05-10 20:00:00+00:00,37274.41636503723
2026-05-11 00:00:00+00:00,37274.41636503723
2026-05-11 04:00:00+00:00,37274.41636503723
2026-05-11 08:00:00+00:00,37274.41636503723
2026-05-11 12:00:00+00:00,37274.41636503723
2026-05-11 16:00:00+00:00,37274.41636503723
2026-05-11 20:00:00+00:00,37274.41636503723
2026-05-12 00:00:00+00:00,37274.41636503723
2026-05-12 04:00:00+00:00,37274.41636503723
2026-05-12 08:00:00+00:00,37274.41636503723
2026-05-12 12:00:00+00:00,37274.41636503723
2026-05-12 16:00:00+00:00,37274.41636503723
2026-05-12 20:00:00+00:00,37274.41636503723
2026-05-13 00:00:00+00:00,37274.41636503723
2026-05-13 04:00:00+00:00,37274.41636503723
2026-05-13 08:00:00+00:00,37274.41636503723
2026-05-13 12:00:00+00:00,37274.41636503723
2026-05-13 16:00:00+00:00,37274.41636503723
2026-05-13 20:00:00+00:00,37274.41636503723
2026-05-14 00:00:00+00:00,37274.41636503723
2026-05-14 04:00:00+00:00,37274.41636503723
2026-05-14 08:00:00+00:00,37274.41636503723
2026-05-14 12:00:00+00:00,37274.41636503723
2026-05-14 16:00:00+00:00,37274.41636503723
2026-05-14 20:00:00+00:00,37274.41636503723
2026-05-15 00:00:00+00:00,37274.41636503723
2026-05-15 04:00:00+00:00,37274.41636503723
2026-05-15 08:00:00+00:00,37274.41636503723
2026-05-15 12:00:00+00:00,37274.41636503723
2026-05-15 16:00:00+00:00,37274.41636503723
2026-05-15 20:00:00+00:00,37274.41636503723
2026-05-16 00:00:00+00:00,37274.41636503723
2026-05-16 04:00:00+00:00,37274.41636503723
2026-05-16 08:00:00+00:00,37274.41636503723
2026-05-16 12:00:00+00:00,37274.41636503723
2026-05-16 16:00:00+00:00,37274.41636503723
2026-05-16 20:00:00+00:00,37274.41636503723
2026-05-17 00:00:00+00:00,37274.41636503723
2026-05-17 04:00:00+00:00,37274.41636503723
2026-05-17 08:00:00+00:00,37274.41636503723
2026-05-17 12:00:00+00:00,37274.41636503723
2026-05-17 16:00:00+00:00,37274.41636503723
2026-05-17 20:00:00+00:00,37274.41636503723
2026-05-18 00:00:00+00:00,37274.41636503723
2026-05-18 04:00:00+00:00,37274.41636503723
2026-05-18 08:00:00+00:00,37274.41636503723
2026-05-18 12:00:00+00:00,37274.41636503723
2026-05-18 16:00:00+00:00,37274.41636503723
2026-05-18 20:00:00+00:00,37274.41636503723
2026-05-19 00:00:00+00:00,37274.41636503723
2026-05-19 04:00:00+00:00,37274.41636503723
2026-05-19 08:00:00+00:00,37274.41636503723
2026-05-19 12:00:00+00:00,37274.41636503723
2026-05-19 16:00:00+00:00,37274.41636503723
2026-05-19 20:00:00+00:00,37274.41636503723
2026-05-20 00:00:00+00:00,37274.41636503723
2026-05-20 04:00:00+00:00,37274.41636503723
2026-05-20 08:00:00+00:00,37274.41636503723
2026-05-20 12:00:00+00:00,37274.41636503723
2026-05-20 16:00:00+00:00,37274.41636503723
2026-05-20 20:00:00+00:00,37274.41636503723
2026-05-21 00:00:00+00:00,37274.41636503723
2026-05-21 04:00:00+00:00,37274.41636503723
2026-05-21 08:00:00+00:00,37274.41636503723
2026-05-21 12:00:00+00:00,37274.41636503723
2026-05-21 16:00:00+00:00,37274.41636503723
2026-05-21 20:00:00+00:00,37274.41636503723
2026-05-22 00:00:00+00:00,37274.41636503723
2026-05-22 04:00:00+00:00,37274.41636503723
2026-05-22 08:00:00+00:00,37274.41636503723
2026-05-22 12:00:00+00:00,37274.41636503723
2026-05-22 16:00:00+00:00,37274.41636503723
2026-05-22 20:00:00+00:00,37274.41636503723
2026-05-23 00:00:00+00:00,37274.41636503723
2026-05-23 04:00:00+00:00,37274.41636503723
2026-05-23 08:00:00+00:00,37274.41636503723
2026-05-23 12:00:00+00:00,37274.41636503723
2026-05-23 16:00:00+00:00,37274.41636503723
2026-05-23 20:00:00+00:00,37274.41636503723
2026-05-24 00:00:00+00:00,37274.41636503723
2026-05-24 04:00:00+00:00,37274.41636503723
2026-05-24 08:00:00+00:00,37274.41636503723
2026-05-24 12:00:00+00:00,37274.41636503723
2026-05-24 16:00:00+00:00,37274.41636503723
2026-05-24 20:00:00+00:00,37274.41636503723
2026-05-25 00:00:00+00:00,37274.41636503723
2026-05-25 04:00:00+00:00,37274.41636503723
2026-05-25 08:00:00+00:00,37274.41636503723
2026-05-25 12:00:00+00:00,37274.41636503723
2026-05-25 16:00:00+00:00,37274.41636503723
2026-05-25 20:00:00+00:00,37274.41636503723
2026-05-26 00:00:00+00:00,37274.41636503723
2026-05-26 04:00:00+00:00,37274.41636503723
2026-05-26 08:00:00+00:00,37274.41636503723
2026-05-26 12:00:00+00:00,37274.41636503723
2026-05-26 16:00:00+00:00,37274.41636503723
2026-05-26 20:00:00+00:00,37274.41636503723
2026-05-27 00:00:00+00:00,37274.41636503723
2026-05-27 04:00:00+00:00,37274.41636503723
2026-05-27 08:00:00+00:00,37274.41636503723
2026-05-27 12:00:00+00:00,37274.41636503723
2026-05-27 16:00:00+00:00,37274.41636503723
2026-05-27 20:00:00+00:00,37274.41636503723
2026-05-28 00:00:00+00:00,37274.41636503723
2026-05-28 04:00:00+00:00,37274.41636503723
2026-05-28 08:00:00+00:00,37274.41636503723
2026-05-28 12:00:00+00:00,37274.41636503723
2026-05-28 16:00:00+00:00,37274.41636503723
2026-05-28 20:00:00+00:00,37274.41636503723
2026-05-29 00:00:00+00:00,37274.41636503723
2026-05-29 04:00:00+00:00,37274.41636503723
2026-05-29 08:00:00+00:00,37274.41636503723
2026-05-29 12:00:00+00:00,37274.41636503723
2026-05-29 16:00:00+00:00,37274.41636503723
2026-05-29 20:00:00+00:00,37274.41636503723
2026-05-30 00:00:00+00:00,37274.41636503723
2026-05-30 04:00:00+00:00,37274.41636503723
2026-05-30 08:00:00+00:00,37274.41636503723
2026-05-30 12:00:00+00:00,37274.41636503723
2026-05-30 16:00:00+00:00,37274.41636503723
2026-05-30 20:00:00+00:00,37274.41636503723
2026-05-31 00:00:00+00:00,37274.41636503723
2026-05-31 04:00:00+00:00,37274.41636503723
2026-05-31 08:00:00+00:00,37274.41636503723
2026-05-31 12:00:00+00:00,37274.41636503723
2026-05-31 16:00:00+00:00,37274.41636503723
2026-05-31 20:00:00+00:00,37274.41636503723
2026-06-01 00:00:00+00:00,37274.41636503723
2026-06-01 04:00:00+00:00,37274.41636503723
2026-06-01 08:00:00+00:00,37274.41636503723
2026-06-01 12:00:00+00:00,37274.41636503723
2026-06-01 16:00:00+00:00,37274.41636503723
2026-06-01 20:00:00+00:00,37274.41636503723
2026-06-02 00:00:00+00:00,37274.41636503723
2026-06-02 04:00:00+00:00,37274.41636503723
2026-06-02 08:00:00+00:00,37274.41636503723
2026-06-02 12:00:00+00:00,37274.41636503723
2026-06-02 16:00:00+00:00,37274.41636503723
2026-06-02 20:00:00+00:00,37274.41636503723
2026-06-03 00:00:00+00:00,37274.41636503723
2026-06-03 04:00:00+00:00,37274.41636503723
2026-06-03 08:00:00+00:00,37274.41636503723
2026-06-03 12:00:00+00:00,37274.41636503723
2026-06-03 16:00:00+00:00,37274.41636503723
2026-06-03 20:00:00+00:00,37274.41636503723
2026-06-04 00:00:00+00:00,37274.41636503723
2026-06-04 04:00:00+00:00,37274.41636503723
2026-06-04 08:00:00+00:00,37274.41636503723
2026-06-04 12:00:00+00:00,37274.41636503723
2026-06-04 16:00:00+00:00,37274.41636503723
2026-06-04 20:00:00+00:00,37274.41636503723
2026-06-05 00:00:00+00:00,37274.41636503723
2026-06-05 04:00:00+00:00,37274.41636503723
2026-06-05 08:00:00+00:00,37274.41636503723
2026-06-05 12:00:00+00:00,37274.41636503723
2026-06-05 16:00:00+00:00,37274.41636503723
2026-06-05 20:00:00+00:00,37274.41636503723
2026-06-06 00:00:00+00:00,37274.41636503723
2026-06-06 04:00:00+00:00,37274.41636503723
2026-06-06 08:00:00+00:00,37274.41636503723
2026-06-06 12:00:00+00:00,37274.41636503723
2026-06-06 16:00:00+00:00,37274.41636503723
2026-06-06 20:00:00+00:00,37274.41636503723
2026-06-07 00:00:00+00:00,37274.41636503723
2026-06-07 04:00:00+00:00,37274.41636503723
2026-06-07 08:00:00+00:00,37274.41636503723
2026-06-07 12:00:00+00:00,37274.41636503723
2026-06-07 16:00:00+00:00,37274.41636503723
2026-06-07 20:00:00+00:00,37274.41636503723
2026-06-08 00:00:00+00:00,37274.41636503723
2026-06-08 04:00:00+00:00,37274.41636503723
2026-06-08 08:00:00+00:00,37274.41636503723
2026-06-08 12:00:00+00:00,37274.41636503723
2026-06-08 16:00:00+00:00,37274.41636503723
2026-06-08 20:00:00+00:00,37274.41636503723
2026-06-09 00:00:00+00:00,37274.41636503723
2026-06-09 04:00:00+00:00,37274.41636503723
2026-06-09 08:00:00+00:00,37274.41636503723
2026-06-09 12:00:00+00:00,37274.41636503723
2026-06-09 16:00:00+00:00,37274.41636503723
2026-06-09 20:00:00+00:00,37274.41636503723
2026-06-10 00:00:00+00:00,37274.41636503723
2026-06-10 04:00:00+00:00,37274.41636503723
2026-06-10 08:00:00+00:00,37274.41636503723
2026-06-10 12:00:00+00:00,37274.41636503723
2026-06-10 16:00:00+00:00,37274.41636503723
2026-06-10 20:00:00+00:00,37274.41636503723
2026-06-11 00:00:00+00:00,37274.41636503723
2026-06-11 04:00:00+00:00,37274.41636503723
2026-06-11 08:00:00+00:00,37274.41636503723
2026-06-11 12:00:00+00:00,37274.41636503723
2026-06-11 16:00:00+00:00,37274.41636503723
2026-06-11 20:00:00+00:00,37274.41636503723
2026-06-12 00:00:00+00:00,37274.41636503723
2026-06-12 04:00:00+00:00,37274.41636503723
2026-06-12 08:00:00+00:00,37274.41636503723
2026-06-12 12:00:00+00:00,37274.41636503723
2026-06-12 16:00:00+00:00,37274.41636503723
2026-06-12 20:00:00+00:00,37274.41636503723
2026-06-13 00:00:00+00:00,37274.41636503723
2026-06-13 04:00:00+00:00,37274.41636503723
2026-06-13 08:00:00+00:00,37274.41636503723
2026-06-13 12:00:00+00:00,37274.41636503723
2026-06-13 16:00:00+00:00,37274.41636503723
2026-06-13 20:00:00+00:00,37274.41636503723
2026-06-14 00:00:00+00:00,37274.41636503723
2026-06-14 04:00:00+00:00,37274.41636503723
2026-06-14 08:00:00+00:00,37274.41636503723
2026-06-14 12:00:00+00:00,37274.41636503723
2026-06-14 16:00:00+00:00,37274.41636503723
2026-06-14 20:00:00+00:00,37274.41636503723
2026-06-15 00:00:00+00:00,37274.41636503723
2026-06-15 04:00:00+00:00,37274.41636503723
2026-06-15 08:00:00+00:00,37274.41636503723
2026-06-15 12:00:00+00:00,37274.41636503723
2026-06-15 16:00:00+00:00,37274.41636503723
2026-06-15 20:00:00+00:00,37274.41636503723
2026-06-16 00:00:00+00:00,37274.41636503723
2026-06-16 04:00:00+00:00,37274.41636503723
2026-06-16 08:00:00+00:00,37274.41636503723
2026-06-16 12:00:00+00:00,37274.41636503723
2026-06-16 16:00:00+00:00,37274.41636503723
2026-06-16 20:00:00+00:00,37274.41636503723
2026-06-17 00:00:00+00:00,37274.41636503723
2026-06-17 04:00:00+00:00,37274.41636503723
2026-06-17 08:00:00+00:00,37274.41636503723
2026-06-17 12:00:00+00:00,37274.41636503723
2026-06-17 16:00:00+00:00,37274.41636503723
2026-06-17 20:00:00+00:00,37274.41636503723
2026-06-18 00:00:00+00:00,37274.41636503723
2026-06-18 04:00:00+00:00,37274.41636503723
2026-06-18 08:00:00+00:00,37274.41636503723
2026-06-18 12:00:00+00:00,37274.41636503723
2026-06-18 16:00:00+00:00,37274.41636503723
2026-06-18 20:00:00+00:00,37274.41636503723
2026-06-19 00:00:00+00:00,37274.41636503723
2026-06-19 04:00:00+00:00,37274.41636503723
2026-06-19 08:00:00+00:00,37274.41636503723
2026-06-19 12:00:00+00:00,37274.41636503723
2026-06-19 16:00:00+00:00,37274.41636503723
2026-06-19 20:00:00+00:00,37274.41636503723
2026-06-20 00:00:00+00:00,37274.41636503723
2026-06-20 04:00:00+00:00,37274.41636503723
2026-06-20 08:00:00+00:00,37274.41636503723
2026-06-20 12:00:00+00:00,37274.41636503723
2026-06-20 16:00:00+00:00,37274.41636503723
2026-06-20 20:00:00+00:00,37274.41636503723
2026-06-21 00:00:00+00:00,37274.41636503723
2026-06-21 04:00:00+00:00,37274.41636503723
2026-06-21 08:00:00+00:00,37274.41636503723
2026-06-21 12:00:00+00:00,37274.41636503723
2026-06-21 16:00:00+00:00,37274.41636503723
2026-06-21 20:00:00+00:00,37274.41636503723
2026-06-22 00:00:00+00:00,37274.41636503723
2026-06-22 04:00:00+00:00,37274.41636503723
2026-06-22 08:00:00+00:00,37274.41636503723
2026-06-22 12:00:00+00:00,37274.41636503723
2026-06-22 16:00:00+00:00,37274.41636503723
2026-06-22 20:00:00+00:00,37274.41636503723
2026-06-23 00:00:00+00:00,37274.41636503723
2026-06-23 04:00:00+00:00,37274.41636503723
2026-06-23 08:00:00+00:00,37274.41636503723
2026-06-23 12:00:00+00:00,37274.41636503723
2026-06-23 16:00:00+00:00,37274.41636503723
2026-06-23 20:00:00+00:00,37274.41636503723
2026-06-24 00:00:00+00:00,37274.41636503723
2026-06-24 04:00:00+00:00,37274.41636503723
2026-06-24 08:00:00+00:00,37274.41636503723
2026-06-24 12:00:00+00:00,37274.41636503723
2026-06-24 16:00:00+00:00,37274.41636503723
2026-06-24 20:00:00+00:00,37274.41636503723
2026-06-25 00:00:00+00:00,37274.41636503723
2026-06-25 04:00:00+00:00,37274.41636503723
2026-06-25 08:00:00+00:00,37274.41636503723
2026-06-25 12:00:00+00:00,37274.41636503723
2026-06-25 16:00:00+00:00,37274.41636503723
2026-06-25 20:00:00+00:00,37274.41636503723
2026-06-26 00:00:00+00:00,37274.41636503723
2026-06-26 04:00:00+00:00,37274.41636503723
2026-06-26 08:00:00+00:00,37274.41636503723
2026-06-26 12:00:00+00:00,37274.41636503723
2026-06-26 16:00:00+00:00,37274.41636503723
2026-06-26 20:00:00+00:00,37274.41636503723
2026-06-27 00:00:00+00:00,37274.41636503723
2026-06-27 04:00:00+00:00,37274.41636503723
2026-06-27 08:00:00+00:00,37274.41636503723
2026-06-27 12:00:00+00:00,37274.41636503723
2026-06-27 16:00:00+00:00,37274.41636503723
2026-06-27 20:00:00+00:00,37274.41636503723
2026-06-28 00:00:00+00:00,37274.41636503723
2026-06-28 04:00:00+00:00,37274.41636503723
2026-06-28 08:00:00+00:00,37274.41636503723
2026-06-28 12:00:00+00:00,37274.41636503723
2026-06-28 16:00:00+00:00,37274.41636503723
2026-06-28 20:00:00+00:00,37274.41636503723
2026-06-29 00:00:00+00:00,37274.41636503723
2026-06-29 04:00:00+00:00,37274.41636503723
2026-06-29 08:00:00+00:00,37274.41636503723
2026-06-29 12:00:00+00:00,37274.41636503723
2026-06-29 16:00:00+00:00,37274.41636503723
2026-06-29 20:00:00+00:00,37274.41636503723
2026-06-30 00:00:00+00:00,37274.41636503723
2026-06-30 04:00:00+00:00,37274.41636503723
2026-06-30 08:00:00+00:00,37274.41636503723
2026-06-30 12:00:00+00:00,37274.41636503723
2026-06-30 16:00:00+00:00,37274.41636503723
2026-06-30 20:00:00+00:00,37274.41636503723
2026-07-01 00:00:00+00:00,37274.41636503723
2026-07-01 04:00:00+00:00,37274.41636503723
2026-07-01 08:00:00+00:00,37274.41636503723
2026-07-01 12:00:00+00:00,37274.41636503723
2026-07-01 16:00:00+00:00,37274.41636503723
2026-07-01 20:00:00+00:00,37274.41636503723
2026-07-02 00:00:00+00:00,37274.41636503723
2026-07-02 04:00:00+00:00,37274.41636503723
2026-07-02 08:00:00+00:00,37274.41636503723
2026-07-02 12:00:00+00:00,37274.41636503723
2026-07-02 16:00:00+00:00,37274.41636503723
2026-07-02 20:00:00+00:00,37274.41636503723
2026-07-03 00:00:00+00:00,37274.41636503723
2026-07-03 04:00:00+00:00,37274.41636503723
2026-07-03 08:00:00+00:00,37274.41636503723
2026-07-03 12:00:00+00:00,37274.41636503723
2026-07-03 16:00:00+00:00,37274.41636503723
2026-07-03 20:00:00+00:00,37274.41636503723
2026-07-04 00:00:00+00:00,37274.41636503723
2026-07-04 04:00:00+00:00,37274.41636503723
2026-07-04 08:00:00+00:00,37274.41636503723
2026-07-04 12:00:00+00:00,37274.41636503723
2026-07-04 16:00:00+00:00,37274.41636503723
2026-07-04 20:00:00+00:00,37274.41636503723
2026-07-05 00:00:00+00:00,37274.41636503723
2026-07-05 04:00:00+00:00,37274.41636503723
2026-07-05 08:00:00+00:00,37274.41636503723
2026-07-05 12:00:00+00:00,37274.41636503723
2026-07-05 16:00:00+00:00,37274.41636503723
2026-07-05 20:00:00+00:00,37274.41636503723
2026-07-06 00:00:00+00:00,37274.41636503723
2026-07-06 04:00:00+00:00,37274.41636503723
2026-07-06 08:00:00+00:00,37274.41636503723
2026-07-06 12:00:00+00:00,37274.41636503723
2026-07-06 16:00:00+00:00,37274.41636503723
2026-07-06 20:00:00+00:00,37274.41636503723
2026-07-07 00:00:00+00:00,37274.41636503723
2026-07-07 04:00:00+00:00,37274.41636503723
2026-07-07 08:00:00+00:00,37274.41636503723
2026-07-07 12:00:00+00:00,37274.41636503723
2026-07-07 16:00:00+00:00,37274.41636503723
2026-07-07 20:00:00+00:00,37274.41636503723
2026-07-08 00:00:00+00:00,37274.41636503723
2026-07-08 04:00:00+00:00,37274.41636503723
2026-07-08 08:00:00+00:00,37274.41636503723
2026-07-08 12:00:00+00:00,37274.41636503723
2026-07-08 16:00:00+00:00,37274.41636503723
2026-07-08 20:00:00+00:00,37274.41636503723
2026-07-09 00:00:00+00:00,37274.41636503723
2026-07-09 04:00:00+00:00,37274.41636503723
2026-07-09 08:00:00+00:00,37274.41636503723
2026-07-09 12:00:00+00:00,37274.41636503723
2026-07-09 16:00:00+00:00,37274.41636503723
2026-07-09 20:00:00+00:00,37274.41636503723
2026-07-10 00:00:00+00:00,37274.41636503723
2026-07-10 04:00:00+00:00,37274.41636503723
2026-07-10 08:00:00+00:00,37274.41636503723
2026-07-10 12:00:00+00:00,37274.41636503723
2026-07-10 16:00:00+00:00,37274.41636503723
2026-07-10 20:00:00+00:00,37274.41636503723
2026-07-11 00:00:00+00:00,37274.41636503723
2026-07-11 04:00:00+00:00,37274.41636503723
2026-07-11 08:00:00+00:00,37274.41636503723
2026-07-11 12:00:00+00:00,37274.41636503723
2026-07-11 16:00:00+00:00,37274.41636503723
2026-07-11 20:00:00+00:00,37274.41636503723
2026-07-12 00:00:00+00:00,37274.41636503723
2026-07-12 04:00:00+00:00,37274.41636503723
2026-07-12 08:00:00+00:00,37274.41636503723
2026-07-12 12:00:00+00:00,37274.41636503723
2026-07-12 16:00:00+00:00,37274.41636503723
2026-07-12 20:00:00+00:00,37274.41636503723
2026-07-13 00:00:00+00:00,37274.41636503723
2026-07-13 04:00:00+00:00,37274.41636503723
2026-07-13 08:00:00+00:00,37274.41636503723
2026-07-13 12:00:00+00:00,37274.41636503723
2026-07-13 16:00:00+00:00,37274.41636503723
2026-07-13 20:00:00+00:00,37274.41636503723
2026-07-14 00:00:00+00:00,37274.41636503723
2026-07-14 04:00:00+00:00,37274.41636503723
2026-07-14 08:00:00+00:00,37274.41636503723
2026-07-14 12:00:00+00:00,37274.41636503723
2026-07-14 16:00:00+00:00,37274.41636503723
2026-07-14 20:00:00+00:00,37274.41636503723
2026-07-15 00:00:00+00:00,37274.41636503723
2026-07-15 04:00:00+00:00,37274.41636503723
2026-07-15 08:00:00+00:00,37274.41636503723
2026-07-15 12:00:00+00:00,37274.41636503723
2026-07-15 16:00:00+00:00,37274.41636503723
2026-07-15 20:00:00+00:00,37274.41636503723
2026-07-16 00:00:00+00:00,37274.41636503723
2026-07-16 04:00:00+00:00,37274.41636503723
2026-07-16 08:00:00+00:00,37274.41636503723
2026-07-16 12:00:00+00:00,37274.41636503723
2026-07-16 16:00:00+00:00,37274.41636503723
2026-07-16 20:00:00+00:00,37274.41636503723
2026-07-17 00:00:00+00:00,37274.41636503723
2026-07-17 04:00:00+00:00,37274.41636503723
2026-07-17 08:00:00+00:00,37274.41636503723
2026-07-17 12:00:00+00:00,37274.41636503723
2026-07-17 16:00:00+00:00,37274.41636503723
2026-07-17 20:00:00+00:00,37274.41636503723
2026-07-18 00:00:00+00:00,37274.41636503723
2026-07-18 04:00:00+00:00,37274.41636503723
2026-07-18 08:00:00+00:00,37274.41636503723
2026-07-18 12:00:00+00:00,37274.41636503723
2026-07-18 16:00:00+00:00,37274.41636503723
2026-07-18 20:00:00+00:00,37274.41636503723
2026-07-19 00:00:00+00:00,37274.41636503723
2026-07-19 04:00:00+00:00,37274.41636503723
2026-07-19 08:00:00+00:00,37274.41636503723
2026-07-19 12:00:00+00:00,37274.41636503723
2026-07-19 16:00:00+00:00,37274.41636503723
2026-07-19 20:00:00+00:00,37274.41636503723
2026-07-20 00:00:00+00:00,37274.41636503723
2026-07-20 04:00:00+00:00,37274.41636503723
2026-07-20 08:00:00+00:00,37274.41636503723
2026-07-20 12:00:00+00:00,37274.41636503723
2026-07-20 16:00:00+00:00,37274.41636503723
2026-07-20 20:00:00+00:00,37274.41636503723
2026-07-21 00:00:00+00:00,37274.41636503723
2026-07-21 04:00:00+00:00,37274.41636503723
2026-07-21 08:00:00+00:00,37274.41636503723
2026-07-21 12:00:00+00:00,37274.41636503723
2026-07-21 16:00:00+00:00,37274.41636503723
2026-07-21 20:00:00+00:00,37274.41636503723
2026-07-22 00:00:00+00:00,37274.41636503723
2026-07-22 04:00:00+00:00,37274.41636503723
2026-07-22 08:00:00+00:00,37274.41636503723
2026-07-22 12:00:00+00:00,37274.41636503723
2026-07-22 16:00:00+00:00,37274.41636503723
2026-07-22 20:00:00+00:00,37274.41636503723
2026-07-23 00:00:00+00:00,37274.41636503723
2026-07-23 04:00:00+00:00,37274.41636503723
2026-07-23 08:00:00+00:00,37274.41636503723
2026-07-23 12:00:00+00:00,37274.41636503723
2026-07-23 16:00:00+00:00,37274.41636503723
2026-07-23 20:00:00+00:00,37274.41636503723
2026-07-24 00:00:00+00:00,37274.41636503723
2026-07-24 04:00:00+00:00,37274.41636503723
2026-07-24 08:00:00+00:00,37274.41636503723
2026-07-24 12:00:00+00:00,37274.41636503723
2026-07-24 16:00:00+00:00,37274.41636503723
2026-07-24 20:00:00+00:00,37274.41636503723
2026-07-25 00:00:00+00:00,37274.41636503723
2026-07-25 04:00:00+00:00,37274.41636503723
2026-07-25 08:00:00+00:00,37274.41636503723
2026-07-25 12:00:00+00:00,37274.41636503723
2026-07-25 16:00:00+00:00,37274.41636503723
2026-07-25 20:00:00+00:00,37274.41636503723
2026-07-26 00:00:00+00:00,37274.41636503723
2026-07-26 04:00:00+00:00,37274.41636503723
2026-07-26 08:00:00+00:00,37274.41636503723
2026-07-26 12:00:00+00:00,37274.41636503723
2026-07-26 16:00:00+00:00,37274.41636503723
2026-07-26 20:00:00+00:00,37274.41636503723
2026-07-27 00:00:00+00:00,37274.41636503723
2026-07-27 04:00:00+00:00,37274.41636503723
2026-07-27 08:00:00+00:00,37274.41636503723
2026-07-27 12:00:00+00:00,37274.41636503723
2026-07-27 16:00:00+00:00,37274.41636503723
2026-07-27 20:00:00+00:00,37274.41636503723
2026-07-28 00:00:00+00:00,37274.41636503723
2026-07-28 04:00:00+00:00,37274.41636503723
2026-07-28 08:00:00+00:00,37274.41636503723
2026-07-28 12:00:00+00:00,37274.41636503723
2026-07-28 16:00:00+00:00,37274.41636503723
2026-07-28 20:00:00+00:00,37274.41636503723
2026-07-29 00:00:00+00:00,37274.41636503723
2026-07-29 04:00:00+00:00,37274.41636503723
2026-07-29 08:00:00+00:00,37274.41636503723
2026-07-29 12:00:00+00:00,37274.41636503723
2026-07-29 16:00:00+00:00,37274.41636503723
2026-07-29 20:00:00+00:00,37274.41636503723
2026-07-30 00:00:00+00:00,37274.41636503723
2026-07-30 04:00:00+00:00,37274.41636503723
2026-07-30 08:00:00+00:00,37274.41636503723
2026-07-30 12:00:00+00:00,37274.41636503723
2026-07-30 16:00:00+00:00,37274.41636503723
2026-07-30 20:00:00+00:00,37274.41636503723
2026-07-31 00:00:00+00:00,37274.41636503723
2026-07-31 04:00:00+00:00,37274.41636503723
2026-07-31 08:00:00+00:00,37274.41636503723
2026-07-31 12:00:00+00:00,37274.41636503723
2026-07-31 16:00:00+00:00,37274.41636503723
2026-07-31 20:00:00+00:00,37274.41636503723
2026-08-01 00:00:00+00:00,37274.41636503723
2026-08-01 04:00:00+00:00,37274.41636503723
2026-08-01 08:00:00+00:00,37274.41636503723
2026-08-01 12:00:00+00:00,37274.41636503723
2026-08-01 16:00:00+00:00,37274.41636503723
2026-08-01 20:00:00+00:00,37274.41636503723
2026-08-02 00:00:00+00:00,37274.41636503723
2026-08-02 04:00:00+00:00,37274.41636503723
2026-08-02 08:00:00+00:00,37274.41636503723
2026-08-02 12:00:00+00:00,37274.41636503723
2026-08-02 16:00:00+00:00,37274.41636503723
2026-08-02 20:00:00+00:00,37274.41636503723
2026-08-03 00:00:00+00:00,37274.41636503723
2026-08-03 04:00:00+00:00,37274.41636503723
2026-08-03 08:00:00+00:00,37274.41636503723
2026-08-03 12:00:00+00:00,37274.41636503723
2026-08-03 16:00:00+00:00,37274.41636503723
2026-08-03 20:00:00+00:00,37274.41636503723
2026-08-04 00:00:00+00:00,37274.41636503723
2026-08-04 04:00:00+00:00,37274.41636503723
2026-08-04 08:00:00+00:00,37274.41636503723
2026-08-04 12:00:00+00:00,37274.41636503723
2026-08-04 16:00:00+00:00,37274.41636503723
2026-08-04 20:00:00+00:00,37274.41636503723
2026-08-05 00:00:00+00:00,37274.41636503723
2026-08-05 04:00:00+00:00,37274.41636503723
2026-08-05 08:00:00+00:00,37274.41636503723
2026-08-05 12:00:00+00:00,37274.41636503723
2026-08-05 16:00:00+00:00,37274.41636503723
2026-08-05 20:00:00+00:00,37274.41636503723
2026-08-06 00:00:00+00:00,37274.41636503723
2026-08-06 04:00:00+00:00,37274.41636503723
2026-08-06 08:00:00+00:00,37274.41636503723
2026-08-06 12:00:00+00:00,37274.41636503723
2026-08-06 16:00:00+00:00,37274.41636503723
2026-08-06 20:00:00+00:00,37274.41636503723
2026-08-07 00:00:00+00:00,37274.41636503723
2026-08-07 04:00:00+00:00,37274.41636503723
2026-08-07 08:00:00+00:00,37274.41636503723
2026-08-07 12:00:00+00:00,37274.41636503723
2026-08-07 16:00:00+00:00,37274.41636503723
2026-08-07 20:00:00+00:00,37274.41636503723
2026-08-08 00:00:00+00:00,37274.41636503723
2026-08-08 04:00:00+00:00,37274.41636503723
2026-08-08 08:00:00+00:00,37274.41636503723
2026-08-08 12:00:00+00:00,37274.41636503723
2026-08-08 16:00:00+00:00,37274.41636503723
2026-08-08 20:00:00+00:00,37274.41636503723
2026-08-09 00:00:00+00:00,37274.41636503723
2026-08-09 04:00:00+00:00,37274.41636503723
2026-08-09 08:00:00+00:00,37274.41636503723
2026-08-09 12:00:00+00:00,37274.41636503723
2026-08-09 16:00:00+00:00,37274.41636503723
2026-08-09 20:00:00+00:00,37274.41636503723
2026-08-10 00:00:00+00:00,37274.41636503723
2026-08-10 04:00:00+00:00,37274.41636503723
2026-08-10 08:00:00+00:00,37274.41636503723
2026-08-10 12:00:00+00:00,37274.41636503723
2026-08-10 16:00:00+00:00,37274.41636503723
2026-08-10 20:00:00+00:00,37274.41636503723
2026-08-11 00:00:00+00:00,37274.41636503723
2026-08-11 04:00:00+00:00,37274.41636503723
2026-08-11 08:00:00+00:00,37274.41636503723
2026-08-11 12:00:00+00:00,37274.41636503723
2026-08-11 16:00:00+00:00,37274.41636503723
2026-08-11 20:00:00+00:00,37274.41636503723
2026-08-12 00:00:00+00:00,37274.41636503723
2026-08-12 04:00:00+00:00,37274.41636503723
2026-08-12 08:00:00+00:00,37274.41636503723
2026-08-12 12:00:00+00:00,37274.41636503723
2026-08-12 16:00:00+00:00,37274.41636503723
2026-08-12 20:00:00+00:00,37274.41636503723
2026-08-13 00:00:00+00:00,37274.41636503723
2026-08-13 04:00:00+00:00,37274.41636503723
2026-08-13 08:00:00+00:00,37274.41636503723
2026-08-13 12:00:00+00:00,37274.41636503723
2026-08-13 16:00:00+00:00,37274.41636503723
2026-08-13 20:00:00+00:00,37274.41636503723
2026-08-14 00:00:00+00:00,37274.41636503723
2026-08-14 04:00:00+00:00,37274.41636503723
2026-08-14 08:00:00+00:00,37274.41636503723
2026-08-14 12:00:00+00:00,37274.41636503723
2026-08-14 16:00:00+00:00,37274.41636503723
2026-08-14 20:00:00+00:00,37274.41636503723
2026-08-15 00:00:00+00:00,37274.41636503723
2026-08-15 04:00:00+00:00,37274.41636503723
2026-08-15 08:00:00+00:00,37274.41636503723
2026-08-15 12:00:00+00:00,37274.41636503723
2026-08-15 16:00:00+00:00,37274.41636503723
2026-08-15 20:00:00+00:00,37274.41636503723
2026-08-16 00:00:00+00:00,37274.41636503723
2026-08-16 04:00:00+00:00,37274.41636503723
2026-08-16 08:00:00+00:00,37274.41636503723
2026-08-16 12:00:00+00:00,37274.41636503723
2026-08-16 16:00:00+00:00,37274.41636503723
2026-08-16 20:00:00+00:00,37274.41636503723
2026-08-17 00:00:00+00:00,37274.41636503723
2026-08-17 04:00:00+00:00,37274.41636503723
2026-08-17 08:00:00+00:00,37274.41636503723
2026-08-17 12:00:00+00:00,37274.41636503723
2026-08-17 16:00:00+00:00,37274.41636503723
2026-08-17 20:00:00+00:00,37274.41636503723
2026-08-18 00:00:00+00:00,37274.41636503723
2026-08-18 04:00:00+00:00,37274.41636503723
2026-08-18 08:00:00+00:00,37274.41636503723
2026-08-18 12:00:00+00:00,37274.41636503723
2026-08-18 16:00:00+00:00,37274.41636503723
2026-08-18 20:00:00+00:00,37274.41636503723
2026-08-19 00:00:00+00:00,37274.41636503723
2026-08-19 04:00:00+00:00,37274.41636503723
2026-08-19 08:00:00+00:00,37274.41636503723
2026-08-19 12:00:00+00:00,37274.41636503723
2026-08-19 16:00:00+00:00,37274.41636503723
2026-08-19 20:00:00+00:00,37274.41636503723
2026-08-20 00:00:00+00:00,37274.41636503723
2026-08-20 04:00:00+00:00,38752.97637671681
2026-08-20 08:00:00+00:00,38314.203299299734
2026-08-20 12:00:00+00:00,39326.999720451895
2026-08-20 16:00:00+00:00,38877.93601757991
2026-08-20 20:00:00+00:00,40678.46298851706
2026-08-21 00:00:00+00:00,40546.40251941232
2026-08-21 04:00:00+00:00,43687.09445167201
2026-08-21 08:00:00+00:00,45654.07477550194
2026-08-21 12:00:00+00:00,47608.05574964397
2026-08-21 16:00:00+00:00,45071.18895156844
2026-08-21 20:00:00+00:00,48119.80848190521
2026-08-22 00:00:00+00:00,54513.91147296539
2026-08-22 04:00:00+00:00,48074.79223855171
2026-08-22 08:00:00+00:00,48074.79223855171
2026-08-22 12:00:00+00:00,48074.79223855171
2026-08-22 16:00:00+00:00,48074.79223855171
2026-08-22 20:00:00+00:00,48074.79223855171
2026-08-23 00:00:00+00:00,48074.79223855171
2026-08-23 04:00:00+00:00,48074.79223855171
2026-08-23 08:00:00+00:00,48074.79223855171
2026-08-23 12:00:00+00:00,48074.79223855171
2026-08-23 16:00:00+00:00,48074.79223855171
2026-08-23 20:00:00+00:00,48074.79223855171
2026-08-24 00:00:00+00:00,48074.79223855171
2026-08-24 04:00:00+00:00,48074.79223855171
2026-08-24 08:00:00+00:00,48074.79223855171
2026-08-24 12:00:00+00:00,48074.79223855171
2026-08-24 16:00:00+00:00,48074.79223855171
2026-08-24 20:00:00+00:00,48074.79223855171
2026-08-25 00:00:00+00:00,48074.79223855171
2026-08-25 04:00:00+00:00,48074.79223855171
2026-08-25 08:00:00+00:00,48074.79223855171
2026-08-25 12:00:00+00:00,48074.79223855171
2026-08-25 16:00:00+00:00,48074.79223855171
2026-08-25 20:00:00+00:00,48074.79223855171
2026-08-26 00:00:00+00:00,48074.79223855171
2026-08-26 04:00:00+00:00,48074.79223855171
2026-08-26 08:00:00+00:00,48074.79223855171
2026-08-26 12:00:00+00:00,48074.79223855171
2026-08-26 16:00:00+00:00,48074.79223855171
2026-08-26 20:00:00+00:00,48074.79223855171
2026-08-27 00:00:00+00:00,48074.79223855171
2026-08-27 04:00:00+00:00,48074.79223855171
2026-08-27 08:00:00+00:00,48074.79223855171
2026-08-27 12:00:00+00:00,48074.79223855171
2026-08-27 16:00:00+00:00,48074.79223855171
2026-08-27 20:00:00+00:00,48074.79223855171
2026-08-28 00:00:00+00:00,48074.79223855171
2026-08-28 04:00:00+00:00,48074.79223855171
2026-08-28 08:00:00+00:00,48074.79223855171
2026-08-28 12:00:00+00:00,48074.79223855171
2026-08-28 16:00:00+00:00,48074.79223855171
2026-08-28 20:00:00+00:00,48074.79223855171
2026-08-29 00:00:00+00:00,48074.79223855171
2026-08-29 04:00:00+00:00,48074.79223855171
2026-08-29 08:00:00+00:00,48074.79223855171
2026-08-29 12:00:00+00:00,48074.79223855171
2026-08-29 16:00:00+00:00,48074.79223855171
2026-08-29 20:00:00+00:00,48074.79223855171
2026-08-30 00:00:00+00:00,48074.79223855171
2026-08-30 04:00:00+00:00,48074.79223855171
2026-08-30 08:00:00+00:00,48074.79223855171
2026-08-30 12:00:00+00:00,48074.79223855171
2026-08-30 16:00:00+00:00,48074.79223855171
2026-08-30 20:00:00+00:00,48074.79223855171
2026-08-31 00:00:00+00:00,48074.79223855171
2026-08-31 04:00:00+00:00,48074.79223855171
2026-08-31 08:00:00+00:00,48074.79223855171
2026-08-31 12:00:00+00:00,48074.79223855171
2026-08-31 16:00:00+00:00,48074.79223855171
2026-08-31 20:00:00+00:00,57955.81570114224
2026-09-01 00:00:00+00:00,59556.095377024525
2026-09-01 04:00:00+00:00,60656.783493022784
2026-09-01 08:00:00+00:00,54849.62336668173
2026-09-01 12:00:00+00:00,54849.62336668173
2026-09-01 16:00:00+00:00,54849.62336668173
2026-09-01 20:00:00+00:00,54849.62336668173
2026-09-02 00:00:00+00:00,54849.62336668173
2026-09-02 04:00:00+00:00,54849.62336668173
2026-09-02 08:00:00+00:00,54849.62336668173
2026-09-02 12:00:00+00:00,54849.62336668173
2026-09-02 16:00:00+00:00,54849.62336668173
2026-09-02 20:00:00+00:00,54849.62336668173
2026-09-03 00:00:00+00:00,54849.62336668173
2026-09-03 04:00:00+00:00,54849.62336668173
2026-09-03 08:00:00+00:00,54849.62336668173
2026-09-03 12:00:00+00:00,54849.62336668173
2026-09-03 16:00:00+00:00,54849.62336668173
2026-09-03 20:00:00+00:00,54849.62336668173
2026-09-04 00:00:00+00:00,54849.62336668173
2026-09-04 04:00:00+00:00,54849.62336668173
2026-09-04 08:00:00+00:00,54849.62336668173
2026-09-04 12:00:00+00:00,54849.62336668173
2026-09-04 16:00:00+00:00,54849.62336668173
2026-09-04 20:00:00+00:00,54849.62336668173
2026-09-05 00:00:00+00:00,54849.62336668173
2026-09-05 04:00:00+00:00,54849.62336668173
2026-09-05 08:00:00+00:00,54849.62336668173
2026-09-05 12:00:00+00:00,54849.62336668173
2026-09-05 16:00:00+00:00,54849.62336668173
2026-09-05 20:00:00+00:00,54849.62336668173
2026-09-06 00:00:00+00:00,54849.62336668173
2026-09-06 04:00:00+00:00,54849.62336668173
2026-09-06 08:00:00+00:00,54849.62336668173
2026-09-06 12:00:00+00:00,54849.62336668173
2026-09-06 16:00:00+00:00,54849.62336668173
2026-09-06 20:00:00+00:00,54849.62336668173
2026-09-07 00:00:00+00:00,54849.62336668173
2026-09-07 04:00:00+00:00,54849.62336668173
2026-09-07 08:00:00+00:00,54849.62336668173
2026-09-07 12:00:00+00:00,54849.62336668173
2026-09-07 16:00:00+00:00,54849.62336668173
2026-09-07 20:00:00+00:00,54849.62336668173
2026-09-08 00:00:00+00:00,54849.62336668173
2026-09-08 04:00:00+00:00,54849.62336668173
2026-09-08 08:00:00+00:00,54849.62336668173
2026-09-08 12:00:00+00:00,54849.62336668173
2026-09-08 16:00:00+00:00,54849.62336668173
2026-09-08 20:00:00+00:00,54849.62336668173
2026-09-09 00:00:00+00:00,54849.62336668173
2026-09-09 04:00:00+00:00,54849.62336668173
2026-09-09 08:00:00+00:00,54849.62336668173
2026-09-09 12:00:00+00:00,54849.62336668173
2026-09-09 16:00:00+00:00,54849.62336668173
2026-09-09 20:00:00+00:00,54849.62336668173
2026-09-10 00:00:00+00:00,54849.62336668173
2026-09-10 04:00:00+00:00,54849.62336668173
2026-09-10 08:00:00+00:00,54849.62336668173
2026-09-10 12:00:00+00:00,54849.62336668173
2026-09-10 16:00:00+00:00,54849.62336668173
2026-09-10 20:00:00+00:00,54849.62336668173
2026-09-11 00:00:00+00:00,54849.62336668173
2026-09-11 04:00:00+00:00,54849.62336668173
2026-09-11 08:00:00+00:00,54849.62336668173
2026-09-11 12:00:00+00:00,54849.62336668173
2026-09-11 16:00:00+00:00,54849.62336668173
2026-09-11 20:00:00+00:00,54849.62336668173
2026-09-12 00:00:00+00:00,54849.62336668173
2026-09-12 04:00:00+00:00,54849.62336668173
2026-09-12 08:00:00+00:00,54849.62336668173
2026-09-12 12:00:00+00:00,54849.62336668173
2026-09-12 16:00:00+00:00,54849.62336668173
2026-09-12 20:00:00+00:00,54849.62336668173
2026-09-13 00:00:00+00:00,54849.62336668173
2026-09-13 04:00:00+00:00,54849.62336668173
2026-09-13 08:00:00+00:00,54849.62336668173
2026-09-13 12:00:00+00:00,54849.62336668173
2026-09-13 16:00:00+00:00,54849.62336668173
2026-09-13 20:00:00+00:00,54849.62336668173
2026-09-14 00:00:00+00:00,54849.62336668173
2026-09-14 04:00:00+00:00,54849.62336668173
2026-09-14 08:00:00+00:00,54849.62336668173
2026-09-14 12:00:00+00:00,54849.62336668173
2026-09-14 16:00:00+00:00,54849.62336668173
2026-09-14 20:00:00+00:00,54849.62336668173
2026-09-15 00:00:00+00:00,54849.62336668173
2026-09-15 04:00:00+00:00,54849.62336668173
2026-09-15 08:00:00+00:00,54849.62336668173
2026-09-15 12:00:00+00:00,54849.62336668173
2026-09-15 16:00:00+00:00,54849.62336668173
2026-09-15 20:00:00+00:00,55646.48901381672
2026-09-16 00:00:00+00:00,55910.92751709334
2026-09-16 04:00:00+00:00,56500.39260698264
2026-09-16 08:00:00+00:00,59425.547237547566
2026-09-16 12:00:00+00:00,57216.572390385074
2026-09-16 16:00:00+00:00,58444.59700241474
2026-09-16 20:00:00+00:00,60629.26401081891
2026-09-17 00:00:00+00:00,59903.86930194465
2026-09-17 04:00:00+00:00,59660.79091436143
2026-09-17 08:00:00+00:00,60008.90578036749
2026-09-17 12:00:00+00:00,61503.83786400428
2026-09-17 16:00:00+00:00,62881.9306258577
2026-09-17 20:00:00+00:00,63419.741558385576
2026-09-18 00:00:00+00:00,78339.31029066861
2026-09-18 04:00:00+00:00,73903.12971727487
2026-09-18 08:00:00+00:00,72055.7275474279
2026-09-18 12:00:00+00:00,72055.7275474279
2026-09-18 16:00:00+00:00,72055.7275474279
2026-09-18 20:00:00+00:00,72055.7275474279
2026-09-19 00:00:00+00:00,72055.7275474279
2026-09-19 04:00:00+00:00,72055.7275474279
2026-09-19 08:00:00+00:00,72055.7275474279
2026-09-19 12:00:00+00:00,72055.7275474279
2026-09-19 16:00:00+00:00,72055.7275474279
2026-09-19 20:00:00+00:00,72055.7275474279
2026-09-20 00:00:00+00:00,72055.7275474279
2026-09-20 04:00:00+00:00,72055.7275474279
2026-09-20 08:00:00+00:00,72055.7275474279
2026-09-20 12:00:00+00:00,72055.7275474279
2026-09-20 16:00:00+00:00,72055.7275474279
2026-09-20 20:00:00+00:00,72055.7275474279
2026-09-21 00:00:00+00:00,72055.7275474279
2026-09-21 04:00:00+00:00,72055.7275474279
2026-09-21 08:00:00+00:00,72055.7275474279
2026-09-21 12:00:00+00:00,72055.7275474279
2026-09-21 16:00:00+00:00,72055.7275474279
2026-09-21 20:00:00+00:00,72055.7275474279
2026-09-22 00:00:00+00:00,72055.7275474279
2026-09-22 04:00:00+00:00,72055.7275474279
2026-09-22 08:00:00+00:00,72055.7275474279
2026-09-22 12:00:00+00:00,72055.7275474279
2026-09-22 16:00:00+00:00,72055.7275474279
2026-09-22 20:00:00+00:00,72055.7275474279
2026-09-23 00:00:00+00:00,72055.7275474279
2026-09-23 04:00:00+00:00,72055.7275474279
2026-09-23 08:00:00+00:00,72055.7275474279
2026-09-23 12:00:00+00:00,72055.7275474279
2026-09-23 16:00:00+00:00,72055.7275474279
2026-09-23 20:00:00+00:00,72055.7275474279
2026-09-24 00:00:00+00:00,72055.7275474279
2026-09-24 04:00:00+00:00,72055.7275474279
2026-09-24 08:00:00+00:00,72055.7275474279
2026-09-24 12:00:00+00:00,72055.7275474279
2026-09-24 16:00:00+00:00,72055.7275474279
2026-09-24 20:00:00+00:00,72055.7275474279
