ts,equity
2023-09-24 00:00:00+00:00,10000.0
2023-09-24 02:00:00+00:00,10000.0
2023-09-24 04:00:00+00:00,10000.0
2023-09-24 06:00:00+00:00,10000.0
2023-09-24 08:00:00+00:00,10000.0
2023-09-24 10:00:00+00:00,10000.0
2023-09-24 12:00:00+00:00,10000.0
2023-09-24 14:00:00+00:00,10000.0
2023-09-24 16:00:00+00:00,10000.0
2023-09-24 18:00:00+00:00,10000.0
2023-09-24 20:00:00+00:00,10000.0
2023-09-24 22:00:00+00:00,10000.0
2023-09-25 00:00:00+00:00,10000.0
2023-09-25 02:00:00+00:00,10000.0
2023-09-25 04:00:00+00:00,10000.0
2023-09-25 06:00:00+00:00,10000.0
2023-09-25 08:00:00+00:00,10000.0
2023-09-25 10:00:00+00:00,10000.0
2023-09-25 12:00:00+00:00,10000.0
2023-09-25 14:00:00+00:00,10000.0
2023-09-25 16:00:00+00:00,10000.0
2023-09-25 18:00:00+00:00,10000.0
2023-09-25 20:00:00+00:00,10000.0
2023-09-25 22:00:00+00:00,10000.0
2023-09-26 00:00:00+00:00,10000.0
2023-09-26 02:00:00+00:00,10000.0
2023-09-26 04:00:00+00:00,10000.0
2023-09-26 06:00:00+00:00,10000.0
2023-09-26 08:00:00+00:00,10000.0
2023-09-26 10:00:00+00:00,10000.0
2023-09-26 12:00:00+00:00,10000.0
2023-09-26 14:00:00+00:00,10000.0
2023-09-26 16:00:00+00:00,10000.0
2023-09-26 18:00:00+00:00,10000.0
2023-09-26 20:00:00+00:00,10000.0
2023-09-26 22:00:00+00:00,10000.0
2023-09-27 00:00:00+00:00,10000.0
2023-09-27 02:00:00+00:00,10000.0
2023-09-27 04:00:00+00:00,10000.0
2023-09-27 06:00:00+00:00,10000.0
2023-09-27 08:00:00+00:00,10000.0
2023-09-27 10:00:00+00:00,10000.0
2023-09-27 12:00:00+00:00,10000.0
2023-09-27 14:00:00+00:00,10000.0
2023-09-27 16:00:00+00:00,10000.0
2023-09-27 18:00:00+00:00,10000.0
2023-09-27 20:00:00+00:00,10000.0
2023-09-27 22:00:00+00:00,10000.0
2023-09-28 00:00:00+00:00,10000.0
2023-09-28 02:00:00+00:00,10000.0
2023-09-28 04:00:00+00:00,10000.0
2023-09-28 06:00:00+00:00,10000.0
2023-09-28 08:00:00+00:00,10000.0
2023-09-28 10:00:00+00:00,10000.0
2023-09-28 12:00:00+00:00,10000.0
2023-09-28 14:00:00+00:00,10000.0
2023-09-28 16:00:00+00:00,10000.0
2023-09-28 18:00:00+00:00,10000.0
2023-09-28 20:00:00+00:00,10000.0
2023-09-28 22:00:00+00:00,10000.0
2023-09-29 00:00:00+00:00,10000.0
2023-09-29 02:00:00+00:00,10000.0
2023-09-29 04:00:00+00:00,10000.0
2023-09-29 06:00:00+00:00,10000.0
2023-09-29 08:00:00+00:00,10000.0
2023-09-29 10:00:00+00:00,10000.0
2023-09-29 12:00:00+00:00,10000.0
2023-09-29 14:00:00+00:00,10000.0
2023-09-29 16:00:00+00:00,10000.0
2023-09-29 18:00:00+00:00,10000.0
2023-09-29 20:00:00+00:00,10000.0
2023-09-29 22:00:00+00:00,10000.0
2023-09-30 00:00:00+00:00,10000.0
2023-09-30 02:00:00+00:00,10000.0
2023-09-30 04:00:00+00:00,10000.0
2023-09-30 06:00:00+00:00,10000.0
2023-09-30 08:00:00+00:00,10000.0
2023-09-30 10:00:00+00:00,10000.0
2023-09-30 12:00:00+00:00,10000.0
2023-09-30 14:00:00+00:00,10000.0
2023-09-30 16:00:00+00:00,10000.0
2023-09-30 18:00:00+00:00,10000.0
2023-09-30 20:00:00+00:00,10000.0
2023-09-30 22:00:00+00:00,10000.0
2023-10-01 00:00:00+00:00,10000.0
2023-10-01 02:00:00+00:00,10000.0
2023-10-01 04:00:00+00:00,10000.0
2023-10-01 06:00:00+00:00,10000.0
2023-10-01 08:00:00+00:00,10000.0
2023-10-01 10:00:00+00:00,10000.0
2023-10-01 12:00:00+00:00,10000.0
2023-10-01 14:00:00+00:00,10000.0
2023-10-01 16:00:00+00:00,10000.0
2023-10-01 18:00:00+00:00,10000.0
2023-10-01 20:00:00+00:00,10000.0
2023-10-01 22:00:00+00:00,10000.0
2023-10-02 00:00:00+00:00,10000.0
2023-10-02 02:00:00+00:00,10000.0
2023-10-02 04:00:00+00:00,10000.0
2023-10-02 06:00:00+00:00,10000.0
2023-10-02 08:00:00+00:00,10000.0
2023-10-02 10:00:00+00:00,10000.0
2023-10-02 12:00:00+00:00,10000.0
2023-10-02 14:00:00+00:00,10000.0
2023-10-02 16:00:00+00:00,10000.0
2023-10-02 18:00:00+00:00,10000.0
2023-10-02 20:00:00+00:00,10000.0
2023-10-02 22:00:00+00:00,10000.0
2023-10-03 00:00:00+00:00,10000.0
2023-10-03 02:00:00+00:00,10000.0
2023-10-03 04:00:00+00:00,10000.0
2023-10-03 06:00:00+00:00,10000.0
2023-10-03 08:00:00+00:00,10000.0
2023-10-03 10:00:00+00:00,10000.0
2023-10-03 12:00:00+00:00,10000.0
2023-10-03 14:00:00+00:00,10000.0
2023-10-03 16:00:00+00:00,10000.0
2023-10-03 18:00:00+00:00,10000.0
2023-10-03 20:00:00+00:00,10000.0
2023-10-03 22:00:00+00:00,10000.0
2023-10-04 00:00:00+00:00,10000.0
2023-10-04 02:00:00+00:00,10000.0
2023-10-04 04:00:00+00:00,10000.0
2023-10-04 06:00:00+00:00,10000.0
2023-10-04 08:00:00+00:00,10000.0
2023-10-04 10:00:00+00:00,10000.0
2023-10-04 12:00:00+00:00,10000.0
2023-10-04 14:00:00+00:00,10000.0
2023-10-04 16:00:00+00:00,10000.0
2023-10-04 18:00:00+00:00,10000.0
2023-10-04 20:00:00+00:00,10000.0
2023-10-04 22:00:00+00:00,10000.0
2023-10-05 00:00:00+00:00,10000.0
2023-10-05 02:00:00+00:00,10000.0
2023-10-05 04:00:00+00:00,10000.0
2023-10-05 06:00:00+00:00,10000.0
2023-10-05 08:00:00+00:00,10000.0
2023-10-05 10:00:00+00:00,10000.0
2023-10-05 12:00:00+00:00,10000.0
2023-10-05 14:00:00+00:00,10000.0
2023-10-05 16:00:00+00:00,10000.0
2023-10-05 18:00:00+00:00,10000.0
2023-10-05 20:00:00+00:00,10000.0
2023-10-05 22:00:00+00:00,10000.0
2023-10-06 00:00:00+00:00,10000.0
2023-10-06 02:00:00+00:00,10000.0
2023-10-06 04:00:00+00:00,10000.0
2023-10-06 06:00:00+00:00,10000.0
2023-10-06 08:00:00+00:00,10000.0
2023-10-06 10:00:00+00:00,10000.0
2023-10-06 12:00:00+00:00,10000.0
2023-10-06 14:00:00+00:00,10000.0
2023-10-06 16:00:00+00:00,10000.0
2023-10-06 18:00:00+00:00,10000.0
2023-10-06 20:00:00+00:00,10000.0
2023-10-06 22:00:00+00:00,10000.0
2023-10-07 00:00:00+00:00,10000.0
2023-10-07 02:00:00+00:00,10000.0
2023-10-07 04:00:00+00:00,10000.0
2023-10-07 06:00:00+00:00,10000.0
2023-10-07 08:00:00+00:00,10000.0
2023-10-07 10:00:00+00:00,10000.0
2023-10-07 12:00:00+00:00,10000.0
2023-10-07 14:00:00+00:00,10000.0
2023-10-07 16:00:00+00:00,10000.0
2023-10-07 18:00:00+00:00,10000.0
2023-10-07 20:00:00+00:00,10000.0
2023-10-07 22:00:00+00:00,10000.0
2023-10-08 00:00:00+00:00,10000.0
2023-10-08 02:00:00+00:00,10000.0
2023-10-08 04:00:00+00:00,10000.0
2023-10-08 06:00:00+00:00,10000.0
2023-10-08 08:00:00+00:00,10000.0
2023-10-08 10:00:00+00:00,10000.0
2023-10-08 12:00:00+00:00,10000.0
2023-10-08 14:00:00+00:00,10000.0
2023-10-08 16:00:00+00:00,10000.0
2023-10-08 18:00:00+00:00,10000.0
2023-10-08 20:00:00+00:00,10000.0
2023-10-08 22:00:00+00:00,10000.0
2023-10-09 00:00:00+00:00,10000.0
2023-10-09 02:00:00+00:00,10000.0
2023-10-09 04:00:00+00:00,10000.0
2023-10-09 06:00:00+00:00,10000.0
2023-10-09 08:00:00+00:00,10000.0
2023-10-09 10:00:00+00:00,10000.0
2023-10-09 12:00:00+00:00,10000.0
2023-10-09 14:00:00+00:00,10000.0
2023-10-09 16:00:00+00:00,10000.0
2023-10-09 18:00:00+00:00,10000.0
2023-10-09 20:00:00+00:00,10000.0
2023-10-09 22:00:00+00:00,10000.0
2023-10-10 00:00:00+00:00,10000.0
2023-10-10 02:00:00+00:00,10000.0
2023-10-10 04:00:00+00:00,10000.0
2023-10-10 06:00:00+00:00,10000.0
2023-10-10 08:00:00+00:00,10000.0
2023-10-10 10:00:00+00:00,10000.0
2023-10-10 12:00:00+00:00,10000.0
2023-10-10 14:00:00+00:00,10000.0
2023-10-10 16:00:00+00:00,10000.0
2023-10-10 18:00:00+00:00,10000.0
2023-10-10 20:00:00+00:00,10000.0
2023-10-10 22:00:00+00:00,10000.0
2023-10-11 00:00:00+00:00,10000.0
2023-10-11 02:00:00+00:00,10000.0
2023-10-11 04:00:00+00:00,10000.0
2023-10-11 06:00:00+00:00,10000.0
2023-10-11 08:00:00+00:00,10000.0
2023-10-11 10:00:00+00:00,10000.0
2023-10-11 12:00:00+00:00,10000.0
2023-10-11 14:00:00+00:00,10000.0
2023-10-11 16:00:00+00:00,10000.0
2023-10-11 18:00:00+00:00,10000.0
2023-10-11 20:00:00+00:00,10000.0
2023-10-11 22:00:00+00:00,10000.0
2023-10-12 00:00:00+00:00,10000.0
2023-10-12 02:00:00+00:00,10000.0
2023-10-12 04:00:00+00:00,10000.0
2023-10-12 06:00:00+00:00,10000.0
2023-10-12 08:00:00+00:00,10000.0
2023-10-12 10:00:00+00:00,10000.0
2023-10-12 12:00:00+00:00,10000.0
2023-10-12 14:00:00+00:00,10000.0
2023-10-12 16:00:00+00:00,10000.0
2023-10-12 18:00:00+00:00,10000.0
2023-10-12 20:00:00+00:00,10000.0
2023-10-12 22:00:00+00:00,10000.0
2023-10-13 00:00:00+00:00,10000.0
2023-10-13 02:00:00+00:00,10000.0
2023-10-13 04:00:00+00:00,10000.0
2023-10-13 06:00:00+00:00,10000.0
2023-10-13 08:00:00+00:00,10000.0
2023-10-13 10:00:00+00:00,10000.0
2023-10-13 12:00:00+00:00,10000.0
2023-10-13 14:00:00+00:00,10000.0
2023-10-13 16:00:00+00:00,10000.0
2023-10-13 18:00:00+00:00,10000.0
2023-10-13 20:00:00+00:00,10000.0
2023-10-13 22:00:00+00:00,10000.0
2023-10-14 00:00:00+00:00,10000.0
2023-10-14 02:00:00+00:00,10000.0
2023-10-14 04:00:00+00:00,10000.0
2023-10-14 06:00:00+00:00,10000.0
2023-10-14 08:00:00+00:00,10000.0
2023-10-14 10:00:00+00:00,10000.0
2023-10-14 12:00:00+00:00,10000.0
2023-10-14 14:00:00+00:00,10000.0
2023-10-14 16:00:00+00:00,10000.0
2023-10-14 18:00:00+00:00,10000.0
2023-10-14 20:00:00+00:00,10000.0
2023-10-14 22:00:00+00:00,10000.0
2023-10-15 00:00:00+00:00,10000.0
2023-10-15 02:00:00+00:00,10000.0
2023-10-15 04:00:00+00:00,10000.0
2023-10-15 06:00:00+00:00,10000.0
2023-10-15 08:00:00+00:00,10000.0
2023-10-15 10:00:00+00:00,10000.0
2023-10-15 12:00:00+00:00,10000.0
2023-10-15 14:00:00+00:00,10000.0
2023-10-15 16:00:00+00:00,10000.0
2023-10-15 18:00:00+00:00,10000.0
2023-10-15 20:00:00+00:00,10000.0
2023-10-15 22:00:00+00:00,10000.0
2023-10-16 00:00:00+00:00,10000.0
2023-10-16 02:00:00+00:00,10000.0
2023-10-16 04:00:00+00:00,10000.0
2023-10-16 06:00:00+00:00,10000.0
2023-10-16 08:00:00+00:00,10000.0
2023-10-16 10:00:00+00:00,10000.0
2023-10-16 12:00:00+00:00,10000.0
2023-10-16 14:00:00+00:00,10000.0
2023-10-16 16:00:00+00:00,10000.0
2023-10-16 18:00:00+00:00,10000.0
2023-10-16 20:00:00+00:00,10000.0
2023-10-16 22:00:00+00:00,10000.0
2023-10-17 00:00:00+00:00,10000.0
2023-10-17 02:00:00+00:00,9968.260903086531
2023-10-17 04:00:00+00:00,9970.402542554377
2023-10-17 06:00:00+00:00,9991.81893723283
2023-10-17 08:00:00+00:00,9971.925155268864
2023-10-17 10:00:00+00:00,9946.225481654717
2023-10-17 12:00:00+00:00,9753.699059942655
2023-10-17 14:00:00+00:00,9753.699059942655
2023-10-17 16:00:00+00:00,9753.699059942655
2023-10-17 18:00:00+00:00,9753.699059942655
2023-10-17 20:00:00+00:00,9753.699059942655
2023-10-17 22:00:00+00:00,9753.699059942655
2023-10-18 00:00:00+00:00,9753.699059942655
2023-10-18 02:00:00+00:00,9753.699059942655
2023-10-18 04:00:00+00:00,9753.699059942655
2023-10-18 06:00:00+00:00,9753.699059942655
2023-10-18 08:00:00+00:00,9753.699059942655
2023-10-18 10:00:00+00:00,9753.699059942655
2023-10-18 12:00:00+00:00,9753.699059942655
2023-10-18 14:00:00+00:00,9753.699059942655
2023-10-18 16:00:00+00:00,9753.699059942655
2023-10-18 18:00:00+00:00,9753.699059942655
2023-10-18 20:00:00+00:00,9753.699059942655
2023-10-18 22:00:00+00:00,9753.699059942655
2023-10-19 00:00:00+00:00,9753.699059942655
2023-10-19 02:00:00+00:00,9753.699059942655
2023-10-19 04:00:00+00:00,9753.699059942655
2023-10-19 06:00:00+00:00,9753.699059942655
2023-10-19 08:00:00+00:00,9753.699059942655
2023-10-19 10:00:00+00:00,9753.699059942655
2023-10-19 12:00:00+00:00,9753.699059942655
2023-10-19 14:00:00+00:00,9753.699059942655
2023-10-19 16:00:00+00:00,9753.699059942655
2023-10-19 18:00:00+00:00,9753.699059942655
2023-10-19 20:00:00+00:00,9753.699059942655
2023-10-19 22:00:00+00:00,9753.699059942655
2023-10-20 00:00:00+00:00,9753.699059942655
2023-10-20 02:00:00+00:00,9753.699059942655
2023-10-20 04:00:00+00:00,9703.61649101676
2023-10-20 06:00:00+00:00,9722.618350986115
2023-10-20 08:00:00+00:00,9832.946109814015
2023-10-20 10:00:00+00:00,9754.827352162225
2023-10-20 12:00:00+00:00,9728.435879982568
2023-10-20 14:00:00+00:00,9685.153865607928
2023-10-20 16:00:00+00:00,9570.734644920789
2023-10-20 18:00:00+00:00,9570.734644920789
2023-10-20 20:00:00+00:00,9570.734644920789
2023-10-20 22:00:00+00:00,9570.734644920789
2023-10-21 00:00:00+00:00,9570.734644920789
2023-10-21 02:00:00+00:00,9570.734644920789
2023-10-21 04:00:00+00:00,9570.734644920789
2023-10-21 06:00:00+00:00,9570.734644920789
2023-10-21 08:00:00+00:00,9570.734644920789
2023-10-21 10:00:00+00:00,9570.734644920789
2023-10-21 12:00:00+00:00,9570.734644920789
2023-10-21 14:00:00+00:00,9570.734644920789
2023-10-21 16:00:00+00:00,9570.734644920789
2023-10-21 18:00:00+00:00,9570.734644920789
2023-10-21 20:00:00+00:00,9570.734644920789
2023-10-21 22:00:00+00:00,9570.734644920789
2023-10-22 00:00:00+00:00,9570.734644920789
2023-10-22 02:00:00+00:00,9570.734644920789
2023-10-22 04:00:00+00:00,9570.734644920789
2023-10-22 06:00:00+00:00,9570.734644920789
2023-10-22 08:00:00+00:00,9570.734644920789
2023-10-22 10:00:00+00:00,9570.734644920789
2023-10-22 12:00:00+00:00,9570.734644920789
2023-10-22 14:00:00+00:00,9570.734644920789
2023-10-22 16:00:00+00:00,9570.734644920789
2023-10-22 18:00:00+00:00,9570.734644920789
2023-10-22 20:00:00+00:00,9570.734644920789
2023-10-22 22:00:00+00:00,9570.734644920789
2023-10-23 00:00:00+00:00,9570.734644920789
2023-10-23 02:00:00+00:00,9570.734644920789
2023-10-23 04:00:00+00:00,9570.734644920789
2023-10-23 06:00:00+00:00,9570.734644920789
2023-10-23 08:00:00+00:00,9570.734644920789
2023-10-23 10:00:00+00:00,9570.734644920789
2023-10-23 12:00:00+00:00,9570.734644920789
2023-10-23 14:00:00+00:00,9570.734644920789
2023-10-23 16:00:00+00:00,9570.734644920789
2023-10-23 18:00:00+00:00,9570.734644920789
2023-10-23 20:00:00+00:00,9570.734644920789
2023-10-23 22:00:00+00:00,9570.734644920789
2023-10-24 00:00:00+00:00,9570.734644920789
2023-10-24 02:00:00+00:00,9570.734644920789
2023-10-24 04:00:00+00:00,9570.734644920789
2023-10-24 06:00:00+00:00,9570.734644920789
2023-10-24 08:00:00+00:00,9570.734644920789
2023-10-24 10:00:00+00:00,9570.734644920789
2023-10-24 12:00:00+00:00,9570.734644920789
2023-10-24 14:00:00+00:00,9570.734644920789
2023-10-24 16:00:00+00:00,9570.734644920789
2023-10-24 18:00:00+00:00,9570.734644920789
2023-10-24 20:00:00+00:00,9570.734644920789
2023-10-24 22:00:00+00:00,9570.734644920789
2023-10-25 00:00:00+00:00,9570.734644920789
2023-10-25 02:00:00+00:00,9570.734644920789
2023-10-25 04:00:00+00:00,9570.734644920789
2023-10-25 06:00:00+00:00,9570.734644920789
2023-10-25 08:00:00+00:00,9570.734644920789
2023-10-25 10:00:00+00:00,9570.734644920789
2023-10-25 12:00:00+00:00,9570.734644920789
2023-10-25 14:00:00+00:00,9570.734644920789
2023-10-25 16:00:00+00:00,9570.734644920789
2023-10-25 18:00:00+00:00,9570.734644920789
2023-10-25 20:00:00+00:00,9570.734644920789
2023-10-25 22:00:00+00:00,9570.734644920789
2023-10-26 00:00:00+00:00,9570.734644920789
2023-10-26 02:00:00+00:00,9570.734644920789
2023-10-26 04:00:00+00:00,9570.734644920789
2023-10-26 06:00:00+00:00,9570.734644920789
2023-10-26 08:00:00+00:00,9570.734644920789
2023-10-26 10:00:00+00:00,9570.734644920789
2023-10-26 12:00:00+00:00,9570.734644920789
2023-10-26 14:00:00+00:00,9570.734644920789
2023-10-26 16:00:00+00:00,9570.734644920789
2023-10-26 18:00:00+00:00,9570.734644920789
2023-10-26 20:00:00+00:00,9570.734644920789
2023-10-26 22:00:00+00:00,9570.734644920789
2023-10-27 00:00:00+00:00,9570.734644920789
2023-10-27 02:00:00+00:00,9570.734644920789
2023-10-27 04:00:00+00:00,9570.734644920789
2023-10-27 06:00:00+00:00,9570.734644920789
2023-10-27 08:00:00+00:00,9570.734644920789
2023-10-27 10:00:00+00:00,9570.734644920789
2023-10-27 12:00:00+00:00,9570.734644920789
2023-10-27 14:00:00+00:00,9570.734644920789
2023-10-27 16:00:00+00:00,9570.734644920789
2023-10-27 18:00:00+00:00,9570.734644920789
2023-10-27 20:00:00+00:00,9570.734644920789
2023-10-27 22:00:00+00:00,9570.734644920789
2023-10-28 00:00:00+00:00,9570.734644920789
2023-10-28 02:00:00+00:00,9570.734644920789
2023-10-28 04:00:00+00:00,9734.53118367388
2023-10-28 06:00:00+00:00,9651.072050942637
2023-10-28 08:00:00+00:00,9678.518563390731
2023-10-28 10:00:00+00:00,9673.19138470576
2023-10-28 12:00:00+00:00,9639.452586367597
2023-10-28 14:00:00+00:00,9627.91036588349
2023-10-28 16:00:00+00:00,9674.892086500937
2023-10-28 18:00:00+00:00,9690.873622555857
2023-10-28 20:00:00+00:00,9783.211386428722
2023-10-28 22:00:00+00:00,9742.369683177261
2023-10-29 00:00:00+00:00,9769.806873062656
2023-10-29 02:00:00+00:00,9625.973048568389
2023-10-29 04:00:00+00:00,9628.636637910875
2023-10-29 06:00:00+00:00,9780.461230432604
2023-10-29 08:00:00+00:00,9712.893160504947
2023-10-29 10:00:00+00:00,9702.238803135
2023-10-29 12:00:00+00:00,9791.912977665377
2023-10-29 14:00:00+00:00,9924.20458167554
2023-10-29 16:00:00+00:00,10056.391240265608
2023-10-29 18:00:00+00:00,9996.904411616742
2023-10-29 20:00:00+00:00,9971.15638130604
2023-10-29 22:00:00+00:00,10099.00866974539
2023-10-30 00:00:00+00:00,10026.969232388501
2023-10-30 02:00:00+00:00,9944.397962771422
2023-10-30 04:00:00+00:00,9878.69609232342
2023-10-30 06:00:00+00:00,9936.40719474396
2023-10-30 08:00:00+00:00,10181.35104825164
2023-10-30 10:00:00+00:00,10230.183519530558
2023-10-30 12:00:00+00:00,10302.100431777693
2023-10-30 14:00:00+00:00,10310.979062919316
2023-10-30 16:00:00+00:00,10202.515840380725
2023-10-30 18:00:00+00:00,10237.14250183305
2023-10-30 20:00:00+00:00,10173.216357613375
2023-10-30 22:00:00+00:00,10174.992083841698
2023-10-31 00:00:00+00:00,10316.089076324033
2023-10-31 02:00:00+00:00,10150.946537089872
2023-10-31 04:00:00+00:00,10273.47164684425
2023-10-31 06:00:00+00:00,10164.264483802302
2023-10-31 08:00:00+00:00,10291.987144226985
2023-10-31 10:00:00+00:00,10327.501668793473
2023-10-31 12:00:00+00:00,10087.77862796969
2023-10-31 14:00:00+00:00,9939.984933986258
2023-10-31 16:00:00+00:00,9939.984933986258
2023-10-31 18:00:00+00:00,9939.984933986258
2023-10-31 20:00:00+00:00,9939.984933986258
2023-10-31 22:00:00+00:00,9939.984933986258
2023-11-01 00:00:00+00:00,9939.984933986258
2023-11-01 02:00:00+00:00,9939.984933986258
2023-11-01 04:00:00+00:00,9939.984933986258
2023-11-01 06:00:00+00:00,9939.984933986258
2023-11-01 08:00:00+00:00,9939.984933986258
2023-11-01 10:00:00+00:00,9939.984933986258
2023-11-01 12:00:00+00:00,9939.984933986258
2023-11-01 14:00:00+00:00,9939.984933986258
2023-11-01 16:00:00+00:00,9939.984933986258
2023-11-01 18:00:00+00:00,9939.984933986258
2023-11-01 20:00:00+00:00,10103.927679923661
2023-11-01 22:00:00+00:00,10132.074631264702
2023-11-02 00:00:00+00:00,10082.572841826714
2023-11-02 02:00:00+00:00,10276.290095173877
2023-11-02 04:00:00+00:00,9888.02773696952
2023-11-02 06:00:00+00:00,9944.321639651602
2023-11-02 08:00:00+00:00,9929.979125709466
2023-11-02 10:00:00+00:00,10001.174355572097
2023-11-02 12:00:00+00:00,9752.422006896104
2023-11-02 14:00:00+00:00,9752.422006896104
2023-11-02 16:00:00+00:00,9752.422006896104
2023-11-02 18:00:00+00:00,9752.422006896104
2023-11-02 20:00:00+00:00,9752.422006896104
2023-11-02 22:00:00+00:00,9752.422006896104
2023-11-03 00:00:00+00:00,9752.422006896104
2023-11-03 02:00:00+00:00,9752.422006896104
2023-11-03 04:00:00+00:00,9752.422006896104
2023-11-03 06:00:00+00:00,9752.422006896104
2023-11-03 08:00:00+00:00,9752.422006896104
2023-11-03 10:00:00+00:00,9752.422006896104
2023-11-03 12:00:00+00:00,9752.422006896104
2023-11-03 14:00:00+00:00,9752.422006896104
2023-11-03 16:00:00+00:00,9752.422006896104
2023-11-03 18:00:00+00:00,9752.422006896104
2023-11-03 20:00:00+00:00,9752.422006896104
2023-11-03 22:00:00+00:00,9752.422006896104
2023-11-04 00:00:00+00:00,9752.422006896104
2023-11-04 02:00:00+00:00,9752.422006896104
2023-11-04 04:00:00+00:00,9752.422006896104
2023-11-04 06:00:00+00:00,9752.422006896104
2023-11-04 08:00:00+00:00,9752.422006896104
2023-11-04 10:00:00+00:00,9752.422006896104
2023-11-04 12:00:00+00:00,9752.422006896104
2023-11-04 14:00:00+00:00,9752.422006896104
2023-11-04 16:00:00+00:00,9752.422006896104
2023-11-04 18:00:00+00:00,9752.422006896104
2023-11-04 20:00:00+00:00,9752.422006896104
2023-11-04 22:00:00+00:00,9752.422006896104
2023-11-05 00:00:00+00:00,9752.422006896104
2023-11-05 02:00:00+00:00,9752.422006896104
2023-11-05 04:00:00+00:00,9752.422006896104
2023-11-05 06:00:00+00:00,9752.422006896104
2023-11-05 08:00:00+00:00,9752.422006896104
2023-11-05 10:00:00+00:00,9752.422006896104
2023-11-05 12:00:00+00:00,9752.422006896104
2023-11-05 14:00:00+00:00,9752.422006896104
2023-11-05 16:00:00+00:00,9752.422006896104
2023-11-05 18:00:00+00:00,9752.422006896104
2023-11-05 20:00:00+00:00,9752.422006896104
2023-11-05 22:00:00+00:00,9752.422006896104
2023-11-06 00:00:00+00:00,9752.422006896104
2023-11-06 02:00:00+00:00,9752.422006896104
2023-11-06 04:00:00+00:00,9752.422006896104
2023-11-06 06:00:00+00:00,9752.422006896104
2023-11-06 08:00:00+00:00,9752.422006896104
2023-11-06 10:00:00+00:00,9752.422006896104
2023-11-06 12:00:00+00:00,9752.422006896104
2023-11-06 14:00:00+00:00,9752.422006896104
2023-11-06 16:00:00+00:00,9752.422006896104
2023-11-06 18:00:00+00:00,9752.422006896104
2023-11-06 20:00:00+00:00,9752.422006896104
2023-11-06 22:00:00+00:00,9752.422006896104
2023-11-07 00:00:00+00:00,9752.422006896104
2023-11-07 02:00:00+00:00,9752.422006896104
2023-11-07 04:00:00+00:00,9752.422006896104
2023-11-07 06:00:00+00:00,9752.422006896104
2023-11-07 08:00:00+00:00,9752.422006896104
2023-11-07 10:00:00+00:00,9752.422006896104
2023-11-07 12:00:00+00:00,9752.422006896104
2023-11-07 14:00:00+00:00,9752.422006896104
2023-11-07 16:00:00+00:00,9752.422006896104
2023-11-07 18:00:00+00:00,9752.422006896104
2023-11-07 20:00:00+00:00,9752.422006896104
2023-11-07 22:00:00+00:00,9752.422006896104
2023-11-08 00:00:00+00:00,9752.422006896104
2023-11-08 02:00:00+00:00,9752.422006896104
2023-11-08 04:00:00+00:00,9752.422006896104
2023-11-08 06:00:00+00:00,9752.422006896104
2023-11-08 08:00:00+00:00,9752.422006896104
2023-11-08 10:00:00+00:00,9752.422006896104
2023-11-08 12:00:00+00:00,9752.422006896104
2023-11-08 14:00:00+00:00,9752.422006896104
2023-11-08 16:00:00+00:00,9752.422006896104
2023-11-08 18:00:00+00:00,9752.422006896104
2023-11-08 20:00:00+00:00,9752.422006896104
2023-11-08 22:00:00+00:00,9752.422006896104
2023-11-09 00:00:00+00:00,9752.422006896104
2023-11-09 02:00:00+00:00,9752.422006896104
2023-11-09 04:00:00+00:00,9752.422006896104
2023-11-09 06:00:00+00:00,9752.422006896104
2023-11-09 08:00:00+00:00,9752.422006896104
2023-11-09 10:00:00+00:00,9752.422006896104
2023-11-09 12:00:00+00:00,9752.422006896104
2023-11-09 14:00:00+00:00,9752.422006896104
2023-11-09 16:00:00+00:00,9752.422006896104
2023-11-09 18:00:00+00:00,9752.422006896104
2023-11-09 20:00:00+00:00,9752.422006896104
2023-11-09 22:00:00+00:00,9752.422006896104
2023-11-10 00:00:00+00:00,9752.422006896104
2023-11-10 02:00:00+00:00,9752.422006896104
2023-11-10 04:00:00+00:00,9752.422006896104
2023-11-10 06:00:00+00:00,9752.422006896104
2023-11-10 08:00:00+00:00,9752.422006896104
2023-11-10 10:00:00+00:00,9752.422006896104
2023-11-10 12:00:00+00:00,9752.422006896104
2023-11-10 14:00:00+00:00,9752.422006896104
2023-11-10 16:00:00+00:00,9752.422006896104
2023-11-10 18:00:00+00:00,9752.422006896104
2023-11-10 20:00:00+00:00,9752.422006896104
2023-11-10 22:00:00+00:00,9752.422006896104
2023-11-11 00:00:00+00:00,9752.422006896104
2023-11-11 02:00:00+00:00,9752.422006896104
2023-11-11 04:00:00+00:00,9752.422006896104
2023-11-11 06:00:00+00:00,9752.422006896104
2023-11-11 08:00:00+00:00,9752.422006896104
2023-11-11 10:00:00+00:00,9752.422006896104
2023-11-11 12:00:00+00:00,9752.422006896104
2023-11-11 14:00:00+00:00,9752.422006896104
2023-11-11 16:00:00+00:00,9752.422006896104
2023-11-11 18:00:00+00:00,9752.422006896104
2023-11-11 20:00:00+00:00,9752.422006896104
2023-11-11 22:00:00+00:00,9752.422006896104
2023-11-12 00:00:00+00:00,9752.422006896104
2023-11-12 02:00:00+00:00,9752.422006896104
2023-11-12 04:00:00+00:00,9752.422006896104
2023-11-12 06:00:00+00:00,9752.422006896104
2023-11-12 08:00:00+00:00,9752.422006896104
2023-11-12 10:00:00+00:00,9752.422006896104
2023-11-12 12:00:00+00:00,9752.422006896104
2023-11-12 14:00:00+00:00,9752.422006896104
2023-11-12 16:00:00+00:00,9752.422006896104
2023-11-12 18:00:00+00:00,9752.422006896104
2023-11-12 20:00:00+00:00,9752.422006896104
2023-11-12 22:00:00+00:00,9752.422006896104
2023-11-13 00:00:00+00:00,9752.422006896104
2023-11-13 02:00:00+00:00,9752.422006896104
2023-11-13 04:00:00+00:00,9752.422006896104
2023-11-13 06:00:00+00:00,9752.422006896104
2023-11-13 08:00:00+00:00,9752.422006896104
2023-11-13 10:00:00+00:00,9752.422006896104
2023-11-13 12:00:00+00:00,9752.422006896104
2023-11-13 14:00:00+00:00,9752.422006896104
2023-11-13 16:00:00+00:00,9752.422006896104
2023-11-13 18:00:00+00:00,9752.422006896104
2023-11-13 20:00:00+00:00,9752.422006896104
2023-11-13 22:00:00+00:00,9752.422006896104
2023-11-14 00:00:00+00:00,9752.422006896104
2023-11-14 02:00:00+00:00,9752.422006896104
2023-11-14 04:00:00+00:00,9752.422006896104
2023-11-14 06:00:00+00:00,9752.422006896104
2023-11-14 08:00:00+00:00,9752.422006896104
2023-11-14 10:00:00+00:00,9752.422006896104
2023-11-14 12:00:00+00:00,9752.422006896104
2023-11-14 14:00:00+00:00,9757.744822894181
2023-11-14 16:00:00+00:00,9691.980270674749
2023-11-14 18:00:00+00:00,9173.141748827025
2023-11-14 20:00:00+00:00,9173.141748827025
2023-11-14 22:00:00+00:00,9173.141748827025
2023-11-15 00:00:00+00:00,9173.141748827025
2023-11-15 02:00:00+00:00,9149.04853578732
2023-11-15 04:00:00+00:00,9429.28776741623
2023-11-15 06:00:00+00:00,9788.39357455046
2023-11-15 08:00:00+00:00,9959.869699542358
2023-11-15 10:00:00+00:00,10336.326153287759
2023-11-15 12:00:00+00:00,10215.923181349634
2023-11-15 14:00:00+00:00,10745.380791575359
2023-11-15 16:00:00+00:00,10656.30572233041
2023-11-15 18:00:00+00:00,10909.730318287511
2023-11-15 20:00:00+00:00,10645.790178929701
2023-11-15 22:00:00+00:00,10885.544568465877
2023-11-16 00:00:00+00:00,10693.456930555722
2023-11-16 02:00:00+00:00,11793.382770269936
2023-11-16 04:00:00+00:00,11766.042357428092
2023-11-16 06:00:00+00:00,12309.17017407474
2023-11-16 08:00:00+00:00,12236.958570521425
2023-11-16 10:00:00+00:00,12181.7519676677
2023-11-16 12:00:00+00:00,12230.123467310965
2023-11-16 14:00:00+00:00,11983.533974564325
2023-11-16 16:00:00+00:00,11908.700024430262
2023-11-16 18:00:00+00:00,11155.86538262677
2023-11-16 20:00:00+00:00,11155.86538262677
2023-11-16 22:00:00+00:00,11155.86538262677
2023-11-17 00:00:00+00:00,11155.86538262677
2023-11-17 02:00:00+00:00,11155.86538262677
2023-11-17 04:00:00+00:00,11155.86538262677
2023-11-17 06:00:00+00:00,11155.86538262677
2023-11-17 08:00:00+00:00,11155.86538262677
2023-11-17 10:00:00+00:00,11155.86538262677
2023-11-17 12:00:00+00:00,11155.86538262677
2023-11-17 14:00:00+00:00,11155.86538262677
2023-11-17 16:00:00+00:00,11155.86538262677
2023-11-17 18:00:00+00:00,11155.86538262677
2023-11-17 20:00:00+00:00,11155.86538262677
2023-11-17 22:00:00+00:00,11155.86538262677
2023-11-18 00:00:00+00:00,11155.86538262677
2023-11-18 02:00:00+00:00,11155.86538262677
2023-11-18 04:00:00+00:00,11155.86538262677
2023-11-18 06:00:00+00:00,11155.86538262677
2023-11-18 08:00:00+00:00,11155.86538262677
2023-11-18 10:00:00+00:00,11155.86538262677
2023-11-18 12:00:00+00:00,11155.86538262677
2023-11-18 14:00:00+00:00,11155.86538262677
2023-11-18 16:00:00+00:00,11058.405042267852
2023-11-18 18:00:00+00:00,11174.202484006923
2023-11-18 20:00:00+00:00,11090.988737995296
2023-11-18 22:00:00+00:00,11027.826497046712
2023-11-19 00:00:00+00:00,10681.83782731268
2023-11-19 02:00:00+00:00,10451.116231279799
2023-11-19 04:00:00+00:00,10451.116231279799
2023-11-19 06:00:00+00:00,10451.116231279799
2023-11-19 08:00:00+00:00,10451.116231279799
2023-11-19 10:00:00+00:00,10451.116231279799
2023-11-19 12:00:00+00:00,10451.116231279799
2023-11-19 14:00:00+00:00,10451.116231279799
2023-11-19 16:00:00+00:00,10451.116231279799
2023-11-19 18:00:00+00:00,10451.116231279799
2023-11-19 20:00:00+00:00,10451.116231279799
2023-11-19 22:00:00+00:00,10451.116231279799
2023-11-20 00:00:00+00:00,10451.116231279799
2023-11-20 02:00:00+00:00,10451.116231279799
2023-11-20 04:00:00+00:00,10451.116231279799
2023-11-20 06:00:00+00:00,10451.116231279799
2023-11-20 08:00:00+00:00,10451.116231279799
2023-11-20 10:00:00+00:00,10451.116231279799
2023-11-20 12:00:00+00:00,10451.116231279799
2023-11-20 14:00:00+00:00,10451.116231279799
2023-11-20 16:00:00+00:00,10451.116231279799
2023-11-20 18:00:00+00:00,10451.116231279799
2023-11-20 20:00:00+00:00,10451.116231279799
2023-11-20 22:00:00+00:00,10451.116231279799
2023-11-21 00:00:00+00:00,10451.116231279799
2023-11-21 02:00:00+00:00,10451.116231279799
2023-11-21 04:00:00+00:00,10451.116231279799
2023-11-21 06:00:00+00:00,10451.116231279799
2023-11-21 08:00:00+00:00,10451.116231279799
2023-11-21 10:00:00+00:00,10451.116231279799
2023-11-21 12:00:00+00:00,10451.116231279799
2023-11-21 14:00:00+00:00,10451.116231279799
2023-11-21 16:00:00+00:00,10451.116231279799
2023-11-21 18:00:00+00:00,10451.116231279799
2023-11-21 20:00:00+00:00,10451.116231279799
2023-11-21 22:00:00+00:00,10451.116231279799
2023-11-22 00:00:00+00:00,10451.116231279799
2023-11-22 02:00:00+00:00,10451.116231279799
2023-11-22 04:00:00+00:00,10451.116231279799
2023-11-22 06:00:00+00:00,10451.116231279799
2023-11-22 08:00:00+00:00,10451.116231279799
2023-11-22 10:00:00+00:00,10451.116231279799
2023-11-22 12:00:00+00:00,10451.116231279799
2023-11-22 14:00:00+00:00,10451.116231279799
2023-11-22 16:00:00+00:00,10451.116231279799
2023-11-22 18:00:00+00:00,10451.116231279799
2023-11-22 20:00:00+00:00,10451.116231279799
2023-11-22 22:00:00+00:00,10451.116231279799
2023-11-23 00:00:00+00:00,10451.116231279799
2023-11-23 02:00:00+00:00,10451.116231279799
2023-11-23 04:00:00+00:00,10451.116231279799
2023-11-23 06:00:00+00:00,10451.116231279799
2023-11-23 08:00:00+00:00,10451.116231279799
2023-11-23 10:00:00+00:00,10234.126211747549
2023-11-23 12:00:00+00:00,10144.663629108834
2023-11-23 14:00:00+00:00,10132.374812812306
2023-11-23 16:00:00+00:00,10111.587346096694
2023-11-23 18:00:00+00:00,10111.587346096694
2023-11-23 20:00:00+00:00,10111.587346096694
2023-11-23 22:00:00+00:00,10111.587346096694
2023-11-24 00:00:00+00:00,10111.587346096694
2023-11-24 02:00:00+00:00,10111.587346096694
2023-11-24 04:00:00+00:00,10111.587346096694
2023-11-24 06:00:00+00:00,10111.587346096694
2023-11-24 08:00:00+00:00,10111.587346096694
2023-11-24 10:00:00+00:00,10009.287275267949
2023-11-24 12:00:00+00:00,10089.50587201098
2023-11-24 14:00:00+00:00,10245.196402967866
2023-11-24 16:00:00+00:00,10046.710674647331
2023-11-24 18:00:00+00:00,9974.561404203894
2023-11-24 20:00:00+00:00,9980.257399238903
2023-11-24 22:00:00+00:00,9913.329457577558
2023-11-25 00:00:00+00:00,10140.177823575414
2023-11-25 02:00:00+00:00,10137.804492310826
2023-11-25 04:00:00+00:00,10075.148546925739
2023-11-25 06:00:00+00:00,10052.839233038623
2023-11-25 08:00:00+00:00,10001.993790958746
2023-11-25 10:00:00+00:00,9777.608746166085
2023-11-25 12:00:00+00:00,9777.608746166085
2023-11-25 14:00:00+00:00,9777.608746166085
2023-11-25 16:00:00+00:00,9777.608746166085
2023-11-25 18:00:00+00:00,9777.608746166085
2023-11-25 20:00:00+00:00,9777.608746166085
2023-11-25 22:00:00+00:00,9777.608746166085
2023-11-26 00:00:00+00:00,9777.608746166085
2023-11-26 02:00:00+00:00,9777.608746166085
2023-11-26 04:00:00+00:00,9777.608746166085
2023-11-26 06:00:00+00:00,9777.608746166085
2023-11-26 08:00:00+00:00,9777.608746166085
2023-11-26 10:00:00+00:00,9777.608746166085
2023-11-26 12:00:00+00:00,9777.608746166085
2023-11-26 14:00:00+00:00,9777.608746166085
2023-11-26 16:00:00+00:00,9777.608746166085
2023-11-26 18:00:00+00:00,9777.608746166085
2023-11-26 20:00:00+00:00,9777.608746166085
2023-11-26 22:00:00+00:00,9777.608746166085
2023-11-27 00:00:00+00:00,9777.608746166085
2023-11-27 02:00:00+00:00,9777.608746166085
2023-11-27 04:00:00+00:00,9777.608746166085
2023-11-27 06:00:00+00:00,9777.608746166085
2023-11-27 08:00:00+00:00,9777.608746166085
2023-11-27 10:00:00+00:00,9777.608746166085
2023-11-27 12:00:00+00:00,9777.608746166085
2023-11-27 14:00:00+00:00,9777.608746166085
2023-11-27 16:00:00+00:00,9777.608746166085
2023-11-27 18:00:00+00:00,9777.608746166085
2023-11-27 20:00:00+00:00,9777.608746166085
2023-11-27 22:00:00+00:00,9777.608746166085
2023-11-28 00:00:00+00:00,9777.608746166085
2023-11-28 02:00:00+00:00,9777.608746166085
2023-11-28 04:00:00+00:00,9777.608746166085
2023-11-28 06:00:00+00:00,9777.608746166085
2023-11-28 08:00:00+00:00,9777.608746166085
2023-11-28 10:00:00+00:00,9777.608746166085
2023-11-28 12:00:00+00:00,9777.608746166085
2023-11-28 14:00:00+00:00,9777.608746166085
2023-11-28 16:00:00+00:00,9777.608746166085
2023-11-28 18:00:00+00:00,9777.608746166085
2023-11-28 20:00:00+00:00,9777.608746166085
2023-11-28 22:00:00+00:00,9777.608746166085
2023-11-29 00:00:00+00:00,9777.608746166085
2023-11-29 02:00:00+00:00,9777.776528555829
2023-11-29 04:00:00+00:00,9801.67848910591
2023-11-29 06:00:00+00:00,9913.689637566094
2023-11-29 08:00:00+00:00,9983.935437492855
2023-11-29 10:00:00+00:00,9930.038859781887
2023-11-29 12:00:00+00:00,9879.422943322892
2023-11-29 14:00:00+00:00,9970.812792484967
2023-11-29 16:00:00+00:00,9879.363094688337
2023-11-29 18:00:00+00:00,9879.363094688337
2023-11-29 20:00:00+00:00,9875.613767543226
2023-11-29 22:00:00+00:00,9898.57839630703
2023-11-30 00:00:00+00:00,9776.203826418223
2023-11-30 02:00:00+00:00,10017.098095491592
2023-11-30 04:00:00+00:00,9949.610206879597
2023-11-30 06:00:00+00:00,9863.844348435188
2023-11-30 08:00:00+00:00,9836.143757088037
2023-11-30 10:00:00+00:00,9883.479012295062
2023-11-30 12:00:00+00:00,9830.519766370373
2023-11-30 14:00:00+00:00,9881.135682829366
2023-11-30 16:00:00+00:00,9857.182590830344
2023-11-30 18:00:00+00:00,9874.991894769619
2023-11-30 20:00:00+00:00,10009.030340207331
2023-11-30 22:00:00+00:00,10028.714307719161
2023-12-01 00:00:00+00:00,10317.34646286835
2023-12-01 02:00:00+00:00,10481.848191360088
2023-12-01 04:00:00+00:00,10392.801671663705
2023-12-01 06:00:00+00:00,10435.918933832481
2023-12-01 08:00:00+00:00,10528.139305823786
2023-12-01 10:00:00+00:00,10462.05741489121
2023-12-01 12:00:00+00:00,10448.466103990182
2023-12-01 14:00:00+00:00,10410.035500752796
2023-12-01 16:00:00+00:00,10293.23336833341
2023-12-01 18:00:00+00:00,10235.587463477332
2023-12-01 20:00:00+00:00,10270.268739569607
2023-12-01 22:00:00+00:00,10244.023449553832
2023-12-02 00:00:00+00:00,10278.594679894935
2023-12-02 02:00:00+00:00,10325.929935101958
2023-12-02 04:00:00+00:00,10304.371304017572
2023-12-02 06:00:00+00:00,10348.425897972624
2023-12-02 08:00:00+00:00,10355.35732593238
2023-12-02 10:00:00+00:00,10302.86674590083
2023-12-02 12:00:00+00:00,10331.455365382299
2023-12-02 14:00:00+00:00,10281.308114816442
2023-12-02 16:00:00+00:00,10336.987450718321
2023-12-02 18:00:00+00:00,10444.780606140257
2023-12-02 20:00:00+00:00,10457.903251148144
2023-12-02 22:00:00+00:00,10416.660652551924
2023-12-03 00:00:00+00:00,10551.133654997711
2023-12-03 02:00:00+00:00,10450.37048797286
2023-12-03 04:00:00+00:00,10372.57194971181
2023-12-03 06:00:00+00:00,10385.694594719698
2023-12-03 08:00:00+00:00,10324.139110571135
2023-12-03 10:00:00+00:00,10282.280149373171
2023-12-03 12:00:00+00:00,10282.280149373171
2023-12-03 14:00:00+00:00,10282.280149373171
2023-12-03 16:00:00+00:00,10282.280149373171
2023-12-03 18:00:00+00:00,10282.280149373171
2023-12-03 20:00:00+00:00,10282.280149373171
2023-12-03 22:00:00+00:00,10282.280149373171
2023-12-04 00:00:00+00:00,10282.280149373171
2023-12-04 02:00:00+00:00,10241.430837415977
2023-12-04 04:00:00+00:00,10299.174583680162
2023-12-04 06:00:00+00:00,10381.863628330477
2023-12-04 08:00:00+00:00,10462.206928057842
2023-12-04 10:00:00+00:00,10137.524731635049
2023-12-04 12:00:00+00:00,10137.524731635049
2023-12-04 14:00:00+00:00,10137.524731635049
2023-12-04 16:00:00+00:00,10137.524731635049
2023-12-04 18:00:00+00:00,10137.524731635049
2023-12-04 20:00:00+00:00,10137.524731635049
2023-12-04 22:00:00+00:00,10137.524731635049
2023-12-05 00:00:00+00:00,10312.924665556713
2023-12-05 02:00:00+00:00,10138.68071325213
2023-12-05 04:00:00+00:00,10156.506181518584
2023-12-05 06:00:00+00:00,9890.461067641763
2023-12-05 08:00:00+00:00,9859.09099737168
2023-12-05 10:00:00+00:00,9807.842776105625
2023-12-05 12:00:00+00:00,9742.33418022641
2023-12-05 14:00:00+00:00,9964.261260143756
2023-12-05 16:00:00+00:00,10275.655880455235
2023-12-05 18:00:00+00:00,10498.919870492566
2023-12-05 20:00:00+00:00,10552.396275291927
2023-12-05 22:00:00+00:00,10939.20893667397
2023-12-06 00:00:00+00:00,11745.25286628314
2023-12-06 02:00:00+00:00,11898.9975300813
2023-12-06 04:00:00+00:00,11385.624044007438
2023-12-06 06:00:00+00:00,11538.477434392276
2023-12-06 08:00:00+00:00,11620.415427622851
2023-12-06 10:00:00+00:00,11400.270894532146
2023-12-06 12:00:00+00:00,11678.348199488824
2023-12-06 14:00:00+00:00,11493.85460293103
2023-12-06 16:00:00+00:00,12134.823341128373
2023-12-06 18:00:00+00:00,12194.093023114332
2023-12-06 20:00:00+00:00,11791.683076999143
2023-12-06 22:00:00+00:00,11677.154443387179
2023-12-07 00:00:00+00:00,11692.868773389197
2023-12-07 02:00:00+00:00,11745.453904775235
2023-12-07 04:00:00+00:00,11999.021190865538
2023-12-07 06:00:00+00:00,11848.395984014005
2023-12-07 08:00:00+00:00,12353.898322629118
2023-12-07 10:00:00+00:00,11805.319536729012
2023-12-07 12:00:00+00:00,11651.129236224187
2023-12-07 14:00:00+00:00,11964.85747771377
2023-12-07 16:00:00+00:00,11978.365171929383
2023-12-07 18:00:00+00:00,11768.470283091892
2023-12-07 20:00:00+00:00,11777.82865393178
2023-12-07 22:00:00+00:00,11691.375132839481
2023-12-08 00:00:00+00:00,11669.259074361293
2023-12-08 02:00:00+00:00,11888.06669733201
2023-12-08 04:00:00+00:00,12024.43152957038
2023-12-08 06:00:00+00:00,11970.063851357696
2023-12-08 08:00:00+00:00,12181.951157026315
2023-12-08 10:00:00+00:00,12255.035576918775
2023-12-08 12:00:00+00:00,12134.713666120213
2023-12-08 14:00:00+00:00,12329.90254363788
2023-12-08 16:00:00+00:00,12563.731079602661
2023-12-08 18:00:00+00:00,13095.37567064964
2023-12-08 20:00:00+00:00,13188.95937904852
2023-12-08 22:00:00+00:00,13549.925111444205
2023-12-09 00:00:00+00:00,13862.681240384616
2023-12-09 02:00:00+00:00,14149.225642767859
2023-12-09 04:00:00+00:00,14217.853695593705
2023-12-09 06:00:00+00:00,14616.698548055603
2023-12-09 08:00:00+00:00,14475.122950869201
2023-12-09 10:00:00+00:00,14935.911305557025
2023-12-09 12:00:00+00:00,14800.88338343864
2023-12-09 14:00:00+00:00,14652.040723413755
2023-12-09 16:00:00+00:00,14017.591962822276
2023-12-09 18:00:00+00:00,14313.049099338747
2023-12-09 20:00:00+00:00,14290.767264005677
2023-12-09 22:00:00+00:00,14189.162094886893
2023-12-10 00:00:00+00:00,14500.130062615415
2023-12-10 02:00:00+00:00,14640.059988507075
2023-12-10 04:00:00+00:00,14871.791075970974
2023-12-10 06:00:00+00:00,14504.586429682031
2023-12-10 08:00:00+00:00,14028.528288676782
2023-12-10 10:00:00+00:00,14344.484713699672
2023-12-10 12:00:00+00:00,14539.227954510678
2023-12-10 14:00:00+00:00,14734.862468735006
2023-12-10 16:00:00+00:00,14642.919995763088
2023-12-10 18:00:00+00:00,15798.9016128426
2023-12-10 20:00:00+00:00,16295.786540769994
2023-12-10 22:00:00+00:00,16528.40890164721
2023-12-11 00:00:00+00:00,16062.413339404407
2023-12-11 02:00:00+00:00,15328.500995416833
2023-12-11 04:00:00+00:00,15328.500995416833
2023-12-11 06:00:00+00:00,15328.500995416833
2023-12-11 08:00:00+00:00,15328.500995416833
2023-12-11 10:00:00+00:00,15328.500995416833
2023-12-11 12:00:00+00:00,15328.500995416833
2023-12-11 14:00:00+00:00,15328.500995416833
2023-12-11 16:00:00+00:00,15328.500995416833
2023-12-11 18:00:00+00:00,15328.500995416833
2023-12-11 20:00:00+00:00,15328.500995416833
2023-12-11 22:00:00+00:00,15328.500995416833
2023-12-12 00:00:00+00:00,15328.500995416833
2023-12-12 02:00:00+00:00,15328.500995416833
2023-12-12 04:00:00+00:00,15328.500995416833
2023-12-12 06:00:00+00:00,15328.500995416833
2023-12-12 08:00:00+00:00,15328.500995416833
2023-12-12 10:00:00+00:00,15328.500995416833
2023-12-12 12:00:00+00:00,15328.500995416833
2023-12-12 14:00:00+00:00,15328.500995416833
2023-12-12 16:00:00+00:00,15328.500995416833
2023-12-12 18:00:00+00:00,15328.500995416833
2023-12-12 20:00:00+00:00,15328.500995416833
2023-12-12 22:00:00+00:00,15328.500995416833
2023-12-13 00:00:00+00:00,15328.500995416833
2023-12-13 02:00:00+00:00,15328.500995416833
2023-12-13 04:00:00+00:00,15328.500995416833
2023-12-13 06:00:00+00:00,15328.500995416833
2023-12-13 08:00:00+00:00,15328.500995416833
2023-12-13 10:00:00+00:00,15328.500995416833
2023-12-13 12:00:00+00:00,15328.500995416833
2023-12-13 14:00:00+00:00,15196.66675733059
2023-12-13 16:00:00+00:00,15016.811628571462
2023-12-13 18:00:00+00:00,15982.081098988152
2023-12-13 20:00:00+00:00,15793.232493440715
2023-12-13 22:00:00+00:00,15192.421362802172
2023-12-14 00:00:00+00:00,15138.335823054807
2023-12-14 02:00:00+00:00,15086.548473492314
2023-12-14 04:00:00+00:00,14977.911852981519
2023-12-14 06:00:00+00:00,15070.973330766752
2023-12-14 08:00:00+00:00,14955.767426557171
2023-12-14 10:00:00+00:00,15419.906679778913
2023-12-14 12:00:00+00:00,14456.64028396775
2023-12-14 14:00:00+00:00,14456.64028396775
2023-12-14 16:00:00+00:00,14456.64028396775
2023-12-14 18:00:00+00:00,14456.64028396775
2023-12-14 20:00:00+00:00,14456.64028396775
2023-12-14 22:00:00+00:00,14456.64028396775
2023-12-15 00:00:00+00:00,14456.64028396775
2023-12-15 02:00:00+00:00,14456.64028396775
2023-12-15 04:00:00+00:00,14456.64028396775
2023-12-15 06:00:00+00:00,14456.64028396775
2023-12-15 08:00:00+00:00,14456.64028396775
2023-12-15 10:00:00+00:00,14456.64028396775
2023-12-15 12:00:00+00:00,14456.64028396775
2023-12-15 14:00:00+00:00,14456.64028396775
2023-12-15 16:00:00+00:00,14456.64028396775
2023-12-15 18:00:00+00:00,14456.64028396775
2023-12-15 20:00:00+00:00,14456.64028396775
2023-12-15 22:00:00+00:00,14456.64028396775
2023-12-16 00:00:00+00:00,14456.64028396775
2023-12-16 02:00:00+00:00,14456.64028396775
2023-12-16 04:00:00+00:00,14456.64028396775
2023-12-16 06:00:00+00:00,14456.64028396775
2023-12-16 08:00:00+00:00,14456.64028396775
2023-12-16 10:00:00+00:00,14456.64028396775
2023-12-16 12:00:00+00:00,14456.64028396775
2023-12-16 14:00:00+00:00,14456.64028396775
2023-12-16 16:00:00+00:00,14456.64028396775
2023-12-16 18:00:00+00:00,14456.64028396775
2023-12-16 20:00:00+00:00,14456.64028396775
2023-12-16 22:00:00+00:00,14456.64028396775
2023-12-17 00:00:00+00:00,14456.64028396775
2023-12-17 02:00:00+00:00,14456.64028396775
2023-12-17 04:00:00+00:00,14456.64028396775
2023-12-17 06:00:00+00:00,14456.64028396775
2023-12-17 08:00:00+00:00,14456.64028396775
2023-12-17 10:00:00+00:00,14456.64028396775
2023-12-17 12:00:00+00:00,14456.64028396775
2023-12-17 14:00:00+00:00,14456.64028396775
2023-12-17 16:00:00+00:00,14456.64028396775
2023-12-17 18:00:00+00:00,14456.64028396775
2023-12-17 20:00:00+00:00,14456.64028396775
2023-12-17 22:00:00+00:00,14456.64028396775
2023-12-18 00:00:00+00:00,14456.64028396775
2023-12-18 02:00:00+00:00,14456.64028396775
2023-12-18 04:00:00+00:00,14456.64028396775
2023-12-18 06:00:00+00:00,14456.64028396775
2023-12-18 08:00:00+00:00,14456.64028396775
2023-12-18 10:00:00+00:00,14456.64028396775
2023-12-18 12:00:00+00:00,14456.64028396775
2023-12-18 14:00:00+00:00,14456.64028396775
2023-12-18 16:00:00+00:00,14456.64028396775
2023-12-18 18:00:00+00:00,14456.64028396775
2023-12-18 20:00:00+00:00,14456.64028396775
2023-12-18 22:00:00+00:00,14456.64028396775
2023-12-19 00:00:00+00:00,14456.64028396775
2023-12-19 02:00:00+00:00,14456.64028396775
2023-12-19 04:00:00+00:00,14456.64028396775
2023-12-19 06:00:00+00:00,14456.64028396775
2023-12-19 08:00:00+00:00,14456.64028396775
2023-12-19 10:00:00+00:00,14456.64028396775
2023-12-19 12:00:00+00:00,14309.287847488577
2023-12-19 14:00:00+00:00,13995.640353694256
2023-12-19 16:00:00+00:00,13966.600393294613
2023-12-19 18:00:00+00:00,13966.600393294613
2023-12-19 20:00:00+00:00,13966.600393294613
2023-12-19 22:00:00+00:00,13966.600393294613
2023-12-20 00:00:00+00:00,13966.600393294613
2023-12-20 02:00:00+00:00,13966.600393294613
2023-12-20 04:00:00+00:00,13966.600393294613
2023-12-20 06:00:00+00:00,13966.600393294613
2023-12-20 08:00:00+00:00,13966.600393294613
2023-12-20 10:00:00+00:00,14018.43490602804
2023-12-20 12:00:00+00:00,14335.30641098819
2023-12-20 14:00:00+00:00,14415.677146134007
2023-12-20 16:00:00+00:00,14651.978015023145
2023-12-20 18:00:00+00:00,14163.165838972354
2023-12-20 20:00:00+00:00,14011.64723992696
2023-12-20 22:00:00+00:00,14316.001991052924
2023-12-21 00:00:00+00:00,14613.785116171275
2023-12-21 02:00:00+00:00,14557.130335658649
2023-12-21 04:00:00+00:00,14566.023818646096
2023-12-21 06:00:00+00:00,14771.232703874964
2023-12-21 08:00:00+00:00,15155.89205928106
2023-12-21 10:00:00+00:00,14965.17625743914
2023-12-21 12:00:00+00:00,14910.49780647928
2023-12-21 14:00:00+00:00,14724.393440260481
2023-12-21 16:00:00+00:00,15226.492814460758
2023-12-21 18:00:00+00:00,15040.059059983168
2023-12-21 20:00:00+00:00,15016.343105349975
2023-12-21 22:00:00+00:00,15141.510643691823
2023-12-22 00:00:00+00:00,15791.373471670564
2023-12-22 02:00:00+00:00,15717.590501700632
2023-12-22 04:00:00+00:00,15790.714695152974
2023-12-22 06:00:00+00:00,15103.610787307995
2023-12-22 08:00:00+00:00,14813.461545514463
2023-12-22 10:00:00+00:00,14813.461545514463
2023-12-22 12:00:00+00:00,14813.461545514463
2023-12-22 14:00:00+00:00,14813.461545514463
2023-12-22 16:00:00+00:00,14813.461545514463
2023-12-22 18:00:00+00:00,14813.461545514463
2023-12-22 20:00:00+00:00,14813.461545514463
2023-12-22 22:00:00+00:00,14813.461545514463
2023-12-23 00:00:00+00:00,14813.461545514463
2023-12-23 02:00:00+00:00,14813.461545514463
2023-12-23 04:00:00+00:00,14813.461545514463
2023-12-23 06:00:00+00:00,14813.461545514463
2023-12-23 08:00:00+00:00,14813.461545514463
2023-12-23 10:00:00+00:00,14813.461545514463
2023-12-23 12:00:00+00:00,14813.461545514463
2023-12-23 14:00:00+00:00,14813.461545514463
2023-12-23 16:00:00+00:00,14813.461545514463
2023-12-23 18:00:00+00:00,14813.461545514463
2023-12-23 20:00:00+00:00,14813.461545514463
2023-12-23 22:00:00+00:00,14813.461545514463
2023-12-24 00:00:00+00:00,14813.461545514463
2023-12-24 02:00:00+00:00,14813.461545514463
2023-12-24 04:00:00+00:00,14813.461545514463
2023-12-24 06:00:00+00:00,14813.461545514463
2023-12-24 08:00:00+00:00,14813.461545514463
2023-12-24 10:00:00+00:00,14813.461545514463
2023-12-24 12:00:00+00:00,14813.461545514463
2023-12-24 14:00:00+00:00,14813.461545514463
2023-12-24 16:00:00+00:00,14813.461545514463
2023-12-24 18:00:00+00:00,14813.461545514463
2023-12-24 20:00:00+00:00,14813.461545514463
2023-12-24 22:00:00+00:00,14813.461545514463
2023-12-25 00:00:00+00:00,14813.461545514463
2023-12-25 02:00:00+00:00,14813.461545514463
2023-12-25 04:00:00+00:00,14813.461545514463
2023-12-25 06:00:00+00:00,14813.461545514463
2023-12-25 08:00:00+00:00,14813.461545514463
2023-12-25 10:00:00+00:00,14813.461545514463
2023-12-25 12:00:00+00:00,14813.461545514463
2023-12-25 14:00:00+00:00,14813.461545514463
2023-12-25 16:00:00+00:00,14813.461545514463
2023-12-25 18:00:00+00:00,14813.461545514463
2023-12-25 20:00:00+00:00,14813.461545514463
2023-12-25 22:00:00+00:00,14813.461545514463
2023-12-26 00:00:00+00:00,14813.461545514463
2023-12-26 02:00:00+00:00,14813.461545514463
2023-12-26 04:00:00+00:00,14813.461545514463
2023-12-26 06:00:00+00:00,14813.461545514463
2023-12-26 08:00:00+00:00,14813.461545514463
2023-12-26 10:00:00+00:00,14813.461545514463
2023-12-26 12:00:00+00:00,14813.461545514463
2023-12-26 14:00:00+00:00,14813.461545514463
2023-12-26 16:00:00+00:00,14813.461545514463
2023-12-26 18:00:00+00:00,14813.461545514463
2023-12-26 20:00:00+00:00,14813.461545514463
2023-12-26 22:00:00+00:00,14813.461545514463
2023-12-27 00:00:00+00:00,14813.461545514463
2023-12-27 02:00:00+00:00,14813.461545514463
2023-12-27 04:00:00+00:00,14813.461545514463
2023-12-27 06:00:00+00:00,14813.461545514463
2023-12-27 08:00:00+00:00,14813.461545514463
2023-12-27 10:00:00+00:00,14813.461545514463
2023-12-27 12:00:00+00:00,14813.461545514463
2023-12-27 14:00:00+00:00,14813.461545514463
2023-12-27 16:00:00+00:00,14813.461545514463
2023-12-27 18:00:00+00:00,14813.461545514463
2023-12-27 20:00:00+00:00,14813.461545514463
2023-12-27 22:00:00+00:00,14813.461545514463
2023-12-28 00:00:00+00:00,14813.461545514463
2023-12-28 02:00:00+00:00,14813.461545514463
2023-12-28 04:00:00+00:00,14813.461545514463
2023-12-28 06:00:00+00:00,14813.461545514463
2023-12-28 08:00:00+00:00,14813.461545514463
2023-12-28 10:00:00+00:00,14813.461545514463
2023-12-28 12:00:00+00:00,14813.461545514463
2023-12-28 14:00:00+00:00,14813.461545514463
2023-12-28 16:00:00+00:00,14813.461545514463
2023-12-28 18:00:00+00:00,14813.461545514463
2023-12-28 20:00:00+00:00,14813.461545514463
2023-12-28 22:00:00+00:00,14813.461545514463
2023-12-29 00:00:00+00:00,14813.461545514463
2023-12-29 02:00:00+00:00,14813.461545514463
2023-12-29 04:00:00+00:00,14813.461545514463
2023-12-29 06:00:00+00:00,14813.461545514463
2023-12-29 08:00:00+00:00,14813.461545514463
2023-12-29 10:00:00+00:00,14813.461545514463
2023-12-29 12:00:00+00:00,14813.461545514463
2023-12-29 14:00:00+00:00,14813.461545514463
2023-12-29 16:00:00+00:00,14813.461545514463
2023-12-29 18:00:00+00:00,14813.461545514463
2023-12-29 20:00:00+00:00,14813.461545514463
2023-12-29 22:00:00+00:00,14813.461545514463
2023-12-30 00:00:00+00:00,14813.461545514463
2023-12-30 02:00:00+00:00,14813.461545514463
2023-12-30 04:00:00+00:00,14813.461545514463
2023-12-30 06:00:00+00:00,14813.461545514463
2023-12-30 08:00:00+00:00,14813.461545514463
2023-12-30 10:00:00+00:00,14813.461545514463
2023-12-30 12:00:00+00:00,14813.461545514463
2023-12-30 14:00:00+00:00,14813.461545514463
2023-12-30 16:00:00+00:00,14813.461545514463
2023-12-30 18:00:00+00:00,14813.461545514463
2023-12-30 20:00:00+00:00,14813.461545514463
2023-12-30 22:00:00+00:00,14813.461545514463
2023-12-31 00:00:00+00:00,14813.461545514463
2023-12-31 02:00:00+00:00,14813.461545514463
2023-12-31 04:00:00+00:00,14813.461545514463
2023-12-31 06:00:00+00:00,14813.461545514463
2023-12-31 08:00:00+00:00,14813.461545514463
2023-12-31 10:00:00+00:00,14813.461545514463
2023-12-31 12:00:00+00:00,14813.461545514463
2023-12-31 14:00:00+00:00,14813.461545514463
2023-12-31 16:00:00+00:00,14813.461545514463
2023-12-31 18:00:00+00:00,14813.461545514463
2023-12-31 20:00:00+00:00,14813.461545514463
2023-12-31 22:00:00+00:00,14813.461545514463
2024-01-01 00:00:00+00:00,14813.461545514463
2024-01-01 02:00:00+00:00,14813.461545514463
2024-01-01 04:00:00+00:00,14813.461545514463
2024-01-01 06:00:00+00:00,14813.461545514463
2024-01-01 08:00:00+00:00,14813.461545514463
2024-01-01 10:00:00+00:00,14813.461545514463
2024-01-01 12:00:00+00:00,14813.461545514463
2024-01-01 14:00:00+00:00,14813.461545514463
2024-01-01 16:00:00+00:00,14813.461545514463
2024-01-01 18:00:00+00:00,14813.461545514463
2024-01-01 20:00:00+00:00,14837.14052807984
2024-01-01 22:00:00+00:00,15103.014603013182
2024-01-02 00:00:00+00:00,15179.764261179896
2024-01-02 02:00:00+00:00,15145.945366668753
2024-01-02 04:00:00+00:00,15390.59268866425
2024-01-02 06:00:00+00:00,15546.375468699618
2024-01-02 08:00:00+00:00,15552.248485162623
2024-01-02 10:00:00+00:00,15232.767864674386
2024-01-02 12:00:00+00:00,15035.97068065742
2024-01-02 14:00:00+00:00,14906.150429514373
2024-01-02 16:00:00+00:00,14906.150429514373
2024-01-02 18:00:00+00:00,14906.150429514373
2024-01-02 20:00:00+00:00,14906.150429514373
2024-01-02 22:00:00+00:00,14906.150429514373
2024-01-03 00:00:00+00:00,14906.150429514373
2024-01-03 02:00:00+00:00,14906.150429514373
2024-01-03 04:00:00+00:00,14906.150429514373
2024-01-03 06:00:00+00:00,14906.150429514373
2024-01-03 08:00:00+00:00,14906.150429514373
2024-01-03 10:00:00+00:00,14906.150429514373
2024-01-03 12:00:00+00:00,14906.150429514373
2024-01-03 14:00:00+00:00,14906.150429514373
2024-01-03 16:00:00+00:00,14906.150429514373
2024-01-03 18:00:00+00:00,14906.150429514373
2024-01-03 20:00:00+00:00,14906.150429514373
2024-01-03 22:00:00+00:00,14906.150429514373
2024-01-04 00:00:00+00:00,14906.150429514373
2024-01-04 02:00:00+00:00,14906.150429514373
2024-01-04 04:00:00+00:00,14906.150429514373
2024-01-04 06:00:00+00:00,14906.150429514373
2024-01-04 08:00:00+00:00,14906.150429514373
2024-01-04 10:00:00+00:00,14906.150429514373
2024-01-04 12:00:00+00:00,14906.150429514373
2024-01-04 14:00:00+00:00,14906.150429514373
2024-01-04 16:00:00+00:00,14906.150429514373
2024-01-04 18:00:00+00:00,14906.150429514373
2024-01-04 20:00:00+00:00,14906.150429514373
2024-01-04 22:00:00+00:00,14906.150429514373
2024-01-05 00:00:00+00:00,14906.150429514373
2024-01-05 02:00:00+00:00,14906.150429514373
2024-01-05 04:00:00+00:00,14906.150429514373
2024-01-05 06:00:00+00:00,14906.150429514373
2024-01-05 08:00:00+00:00,14906.150429514373
2024-01-05 10:00:00+00:00,14906.150429514373
2024-01-05 12:00:00+00:00,14906.150429514373
2024-01-05 14:00:00+00:00,14906.150429514373
2024-01-05 16:00:00+00:00,14906.150429514373
2024-01-05 18:00:00+00:00,14906.150429514373
2024-01-05 20:00:00+00:00,14906.150429514373
2024-01-05 22:00:00+00:00,14906.150429514373
2024-01-06 00:00:00+00:00,14906.150429514373
2024-01-06 02:00:00+00:00,14906.150429514373
2024-01-06 04:00:00+00:00,14906.150429514373
2024-01-06 06:00:00+00:00,14906.150429514373
2024-01-06 08:00:00+00:00,14906.150429514373
2024-01-06 10:00:00+00:00,14906.150429514373
2024-01-06 12:00:00+00:00,14906.150429514373
2024-01-06 14:00:00+00:00,14906.150429514373
2024-01-06 16:00:00+00:00,14906.150429514373
2024-01-06 18:00:00+00:00,14906.150429514373
2024-01-06 20:00:00+00:00,14906.150429514373
2024-01-06 22:00:00+00:00,14906.150429514373
2024-01-07 00:00:00+00:00,14906.150429514373
2024-01-07 02:00:00+00:00,14906.150429514373
2024-01-07 04:00:00+00:00,14906.150429514373
2024-01-07 06:00:00+00:00,14906.150429514373
2024-01-07 08:00:00+00:00,14906.150429514373
2024-01-07 10:00:00+00:00,14906.150429514373
2024-01-07 12:00:00+00:00,14906.150429514373
2024-01-07 14:00:00+00:00,14906.150429514373
2024-01-07 16:00:00+00:00,14906.150429514373
2024-01-07 18:00:00+00:00,14906.150429514373
2024-01-07 20:00:00+00:00,14906.150429514373
2024-01-07 22:00:00+00:00,14906.150429514373
2024-01-08 00:00:00+00:00,14906.150429514373
2024-01-08 02:00:00+00:00,14906.150429514373
2024-01-08 04:00:00+00:00,14906.150429514373
2024-01-08 06:00:00+00:00,14906.150429514373
2024-01-08 08:00:00+00:00,14906.150429514373
2024-01-08 10:00:00+00:00,14906.150429514373
2024-01-08 12:00:00+00:00,14906.150429514373
2024-01-08 14:00:00+00:00,14906.150429514373
2024-01-08 16:00:00+00:00,14906.150429514373
2024-01-08 18:00:00+00:00,14906.150429514373
2024-01-08 20:00:00+00:00,14906.150429514373
2024-01-08 22:00:00+00:00,14906.150429514373
2024-01-09 00:00:00+00:00,14600.916426149071
2024-01-09 02:00:00+00:00,14821.136433819274
2024-01-09 04:00:00+00:00,15308.177312206
2024-01-09 06:00:00+00:00,15269.411992503758
2024-01-09 08:00:00+00:00,14968.48502235588
2024-01-09 10:00:00+00:00,15023.746222782485
2024-01-09 12:00:00+00:00,14389.037283672
2024-01-09 14:00:00+00:00,14389.037283672
2024-01-09 16:00:00+00:00,14389.037283672
2024-01-09 18:00:00+00:00,14389.037283672
2024-01-09 20:00:00+00:00,14389.037283672
2024-01-09 22:00:00+00:00,14389.037283672
2024-01-10 00:00:00+00:00,14389.037283672
2024-01-10 02:00:00+00:00,14389.037283672
2024-01-10 04:00:00+00:00,14389.037283672
2024-01-10 06:00:00+00:00,14389.037283672
2024-01-10 08:00:00+00:00,14389.037283672
2024-01-10 10:00:00+00:00,14389.037283672
2024-01-10 12:00:00+00:00,14389.037283672
2024-01-10 14:00:00+00:00,14389.037283672
2024-01-10 16:00:00+00:00,14389.037283672
2024-01-10 18:00:00+00:00,14389.037283672
2024-01-10 20:00:00+00:00,14389.037283672
2024-01-10 22:00:00+00:00,14499.872326117476
2024-01-11 00:00:00+00:00,14449.897589097096
2024-01-11 02:00:00+00:00,14575.91147420487
2024-01-11 04:00:00+00:00,14439.74124611826
2024-01-11 06:00:00+00:00,14442.374372075737
2024-01-11 08:00:00+00:00,14534.217880704666
2024-01-11 10:00:00+00:00,14932.572221985658
2024-01-11 12:00:00+00:00,15146.607746243339
2024-01-11 14:00:00+00:00,14851.321478154972
2024-01-11 16:00:00+00:00,14872.40548193776
2024-01-11 18:00:00+00:00,15018.355892152134
2024-01-11 20:00:00+00:00,14812.972067469018
2024-01-11 22:00:00+00:00,14782.503038532512
2024-01-12 00:00:00+00:00,14635.826261714723
2024-01-12 02:00:00+00:00,14594.072407246178
2024-01-12 04:00:00+00:00,14741.903621715895
2024-01-12 06:00:00+00:00,14558.713287245788
2024-01-12 08:00:00+00:00,14569.670175747866
2024-01-12 10:00:00+00:00,14521.145425960094
2024-01-12 12:00:00+00:00,14411.682618299312
2024-01-12 14:00:00+00:00,14164.088709772568
2024-01-12 16:00:00+00:00,14164.088709772568
2024-01-12 18:00:00+00:00,14164.088709772568
2024-01-12 20:00:00+00:00,14164.088709772568
2024-01-12 22:00:00+00:00,14164.088709772568
2024-01-13 00:00:00+00:00,14164.088709772568
2024-01-13 02:00:00+00:00,14164.088709772568
2024-01-13 04:00:00+00:00,14164.088709772568
2024-01-13 06:00:00+00:00,14164.088709772568
2024-01-13 08:00:00+00:00,14164.088709772568
2024-01-13 10:00:00+00:00,14164.088709772568
2024-01-13 12:00:00+00:00,14164.088709772568
2024-01-13 14:00:00+00:00,14164.088709772568
2024-01-13 16:00:00+00:00,14164.088709772568
2024-01-13 18:00:00+00:00,14164.088709772568
2024-01-13 20:00:00+00:00,14164.088709772568
2024-01-13 22:00:00+00:00,14164.088709772568
2024-01-14 00:00:00+00:00,14164.088709772568
2024-01-14 02:00:00+00:00,14164.088709772568
2024-01-14 04:00:00+00:00,14164.088709772568
2024-01-14 06:00:00+00:00,14164.088709772568
2024-01-14 08:00:00+00:00,14164.088709772568
2024-01-14 10:00:00+00:00,14164.088709772568
2024-01-14 12:00:00+00:00,14164.088709772568
2024-01-14 14:00:00+00:00,14164.088709772568
2024-01-14 16:00:00+00:00,14164.088709772568
2024-01-14 18:00:00+00:00,14164.088709772568
2024-01-14 20:00:00+00:00,14164.088709772568
2024-01-14 22:00:00+00:00,14164.088709772568
2024-01-15 00:00:00+00:00,14164.088709772568
2024-01-15 02:00:00+00:00,14164.088709772568
2024-01-15 04:00:00+00:00,14164.088709772568
2024-01-15 06:00:00+00:00,14164.088709772568
2024-01-15 08:00:00+00:00,14164.088709772568
2024-01-15 10:00:00+00:00,14164.088709772568
2024-01-15 12:00:00+00:00,14164.088709772568
2024-01-15 14:00:00+00:00,14164.088709772568
2024-01-15 16:00:00+00:00,14164.088709772568
2024-01-15 18:00:00+00:00,14164.088709772568
2024-01-15 20:00:00+00:00,14164.088709772568
2024-01-15 22:00:00+00:00,14164.088709772568
2024-01-16 00:00:00+00:00,14164.088709772568
2024-01-16 02:00:00+00:00,14164.088709772568
2024-01-16 04:00:00+00:00,14164.088709772568
2024-01-16 06:00:00+00:00,14164.088709772568
2024-01-16 08:00:00+00:00,14164.088709772568
2024-01-16 10:00:00+00:00,14164.088709772568
2024-01-16 12:00:00+00:00,14164.088709772568
2024-01-16 14:00:00+00:00,14164.088709772568
2024-01-16 16:00:00+00:00,14164.088709772568
2024-01-16 18:00:00+00:00,14164.088709772568
2024-01-16 20:00:00+00:00,14164.088709772568
2024-01-16 22:00:00+00:00,14164.088709772568
2024-01-17 00:00:00+00:00,14164.088709772568
2024-01-17 02:00:00+00:00,14164.088709772568
2024-01-17 04:00:00+00:00,14164.088709772568
2024-01-17 06:00:00+00:00,14164.088709772568
2024-01-17 08:00:00+00:00,14164.088709772568
2024-01-17 10:00:00+00:00,14164.088709772568
2024-01-17 12:00:00+00:00,14164.088709772568
2024-01-17 14:00:00+00:00,14164.088709772568
2024-01-17 16:00:00+00:00,14164.088709772568
2024-01-17 18:00:00+00:00,14164.088709772568
2024-01-17 20:00:00+00:00,14164.088709772568
2024-01-17 22:00:00+00:00,14164.088709772568
2024-01-18 00:00:00+00:00,14164.088709772568
2024-01-18 02:00:00+00:00,14164.088709772568
2024-01-18 04:00:00+00:00,14164.088709772568
2024-01-18 06:00:00+00:00,14164.088709772568
2024-01-18 08:00:00+00:00,14164.088709772568
2024-01-18 10:00:00+00:00,14164.088709772568
2024-01-18 12:00:00+00:00,14164.088709772568
2024-01-18 14:00:00+00:00,14164.088709772568
2024-01-18 16:00:00+00:00,14164.088709772568
2024-01-18 18:00:00+00:00,14164.088709772568
2024-01-18 20:00:00+00:00,14164.088709772568
2024-01-18 22:00:00+00:00,14164.088709772568
2024-01-19 00:00:00+00:00,14164.088709772568
2024-01-19 02:00:00+00:00,14164.088709772568
2024-01-19 04:00:00+00:00,14164.088709772568
2024-01-19 06:00:00+00:00,14164.088709772568
2024-01-19 08:00:00+00:00,14164.088709772568
2024-01-19 10:00:00+00:00,14164.088709772568
2024-01-19 12:00:00+00:00,14164.088709772568
2024-01-19 14:00:00+00:00,14164.088709772568
2024-01-19 16:00:00+00:00,14164.088709772568
2024-01-19 18:00:00+00:00,14164.088709772568
2024-01-19 20:00:00+00:00,14164.088709772568
2024-01-19 22:00:00+00:00,14164.088709772568
2024-01-20 00:00:00+00:00,14164.088709772568
2024-01-20 02:00:00+00:00,14164.088709772568
2024-01-20 04:00:00+00:00,14164.088709772568
2024-01-20 06:00:00+00:00,14164.088709772568
2024-01-20 08:00:00+00:00,14164.088709772568
2024-01-20 10:00:00+00:00,14164.088709772568
2024-01-20 12:00:00+00:00,14164.088709772568
2024-01-20 14:00:00+00:00,14164.088709772568
2024-01-20 16:00:00+00:00,14164.088709772568
2024-01-20 18:00:00+00:00,14164.088709772568
2024-01-20 20:00:00+00:00,14164.088709772568
2024-01-20 22:00:00+00:00,14164.088709772568
2024-01-21 00:00:00+00:00,14164.088709772568
2024-01-21 02:00:00+00:00,14164.088709772568
2024-01-21 04:00:00+00:00,14164.088709772568
2024-01-21 06:00:00+00:00,14164.088709772568
2024-01-21 08:00:00+00:00,14164.088709772568
2024-01-21 10:00:00+00:00,14164.088709772568
2024-01-21 12:00:00+00:00,14164.088709772568
2024-01-21 14:00:00+00:00,14164.088709772568
2024-01-21 16:00:00+00:00,14164.088709772568
2024-01-21 18:00:00+00:00,14164.088709772568
2024-01-21 20:00:00+00:00,14164.088709772568
2024-01-21 22:00:00+00:00,14164.088709772568
2024-01-22 00:00:00+00:00,14164.088709772568
2024-01-22 02:00:00+00:00,14164.088709772568
2024-01-22 04:00:00+00:00,14164.088709772568
2024-01-22 06:00:00+00:00,14164.088709772568
2024-01-22 08:00:00+00:00,14164.088709772568
2024-01-22 10:00:00+00:00,14164.088709772568
2024-01-22 12:00:00+00:00,14164.088709772568
2024-01-22 14:00:00+00:00,14164.088709772568
2024-01-22 16:00:00+00:00,14164.088709772568
2024-01-22 18:00:00+00:00,14164.088709772568
2024-01-22 20:00:00+00:00,14164.088709772568
2024-01-22 22:00:00+00:00,14164.088709772568
2024-01-23 00:00:00+00:00,14164.088709772568
2024-01-23 02:00:00+00:00,14164.088709772568
2024-01-23 04:00:00+00:00,14164.088709772568
2024-01-23 06:00:00+00:00,14164.088709772568
2024-01-23 08:00:00+00:00,14164.088709772568
2024-01-23 10:00:00+00:00,14164.088709772568
2024-01-23 12:00:00+00:00,14164.088709772568
2024-01-23 14:00:00+00:00,14164.088709772568
2024-01-23 16:00:00+00:00,14164.088709772568
2024-01-23 18:00:00+00:00,14164.088709772568
2024-01-23 20:00:00+00:00,14164.088709772568
2024-01-23 22:00:00+00:00,14164.088709772568
2024-01-24 00:00:00+00:00,14164.088709772568
2024-01-24 02:00:00+00:00,14164.088709772568
2024-01-24 04:00:00+00:00,14164.088709772568
2024-01-24 06:00:00+00:00,14164.088709772568
2024-01-24 08:00:00+00:00,14164.088709772568
2024-01-24 10:00:00+00:00,14164.088709772568
2024-01-24 12:00:00+00:00,14164.088709772568
2024-01-24 14:00:00+00:00,14164.088709772568
2024-01-24 16:00:00+00:00,14276.367537554093
2024-01-24 18:00:00+00:00,13987.965290990749
2024-01-24 20:00:00+00:00,13792.654908824437
2024-01-24 22:00:00+00:00,14227.996274681127
2024-01-25 00:00:00+00:00,14045.865692649691
2024-01-25 02:00:00+00:00,14029.437716579627
2024-01-25 04:00:00+00:00,13882.042264617665
2024-01-25 06:00:00+00:00,13947.297836229307
2024-01-25 08:00:00+00:00,13790.749902466045
2024-01-25 10:00:00+00:00,13841.402828682076
2024-01-25 12:00:00+00:00,13517.345136229653
2024-01-25 14:00:00+00:00,13517.345136229653
2024-01-25 16:00:00+00:00,13517.345136229653
2024-01-25 18:00:00+00:00,13517.345136229653
2024-01-25 20:00:00+00:00,13517.345136229653
2024-01-25 22:00:00+00:00,13517.345136229653
2024-01-26 00:00:00+00:00,13517.345136229653
2024-01-26 02:00:00+00:00,13517.345136229653
2024-01-26 04:00:00+00:00,13448.226222241665
2024-01-26 06:00:00+00:00,13437.252736519487
2024-01-26 08:00:00+00:00,13594.366145074064
2024-01-26 10:00:00+00:00,14153.136038047287
2024-01-26 12:00:00+00:00,13888.89450185728
2024-01-26 14:00:00+00:00,14100.463306580843
2024-01-26 16:00:00+00:00,14364.630731140329
2024-01-26 18:00:00+00:00,14344.439517411523
2024-01-26 20:00:00+00:00,14159.207078421183
2024-01-26 22:00:00+00:00,14153.061926416767
2024-01-27 00:00:00+00:00,14297.813220471939
2024-01-27 02:00:00+00:00,14348.29125479395
2024-01-27 04:00:00+00:00,14193.784575825704
2024-01-27 06:00:00+00:00,14071.759414595104
2024-01-27 08:00:00+00:00,14107.661675089948
2024-01-27 10:00:00+00:00,14177.891983711876
2024-01-27 12:00:00+00:00,14204.2283494451
2024-01-27 14:00:00+00:00,14325.814571246816
2024-01-27 16:00:00+00:00,14197.259868254489
2024-01-27 18:00:00+00:00,14356.594880940489
2024-01-27 20:00:00+00:00,14460.623525586723
2024-01-27 22:00:00+00:00,14590.988535966178
2024-01-28 00:00:00+00:00,14974.927985173159
2024-01-28 02:00:00+00:00,15728.586984572235
2024-01-28 04:00:00+00:00,15729.903802858897
2024-01-28 06:00:00+00:00,15650.894705659226
2024-01-28 08:00:00+00:00,15872.230919567457
2024-01-28 10:00:00+00:00,15861.257433845281
2024-01-28 12:00:00+00:00,15713.773785739231
2024-01-28 14:00:00+00:00,15628.61953653514
2024-01-28 16:00:00+00:00,15462.014677346084
2024-01-28 18:00:00+00:00,15207.973591838347
2024-01-28 20:00:00+00:00,15207.973591838347
2024-01-28 22:00:00+00:00,15207.973591838347
2024-01-29 00:00:00+00:00,15207.973591838347
2024-01-29 02:00:00+00:00,15207.973591838347
2024-01-29 04:00:00+00:00,15207.973591838347
2024-01-29 06:00:00+00:00,15207.973591838347
2024-01-29 08:00:00+00:00,15207.973591838347
2024-01-29 10:00:00+00:00,15207.973591838347
2024-01-29 12:00:00+00:00,15207.973591838347
2024-01-29 14:00:00+00:00,15207.973591838347
2024-01-29 16:00:00+00:00,15207.973591838347
2024-01-29 18:00:00+00:00,15207.973591838347
2024-01-29 20:00:00+00:00,15207.973591838347
2024-01-29 22:00:00+00:00,15207.973591838347
2024-01-30 00:00:00+00:00,15207.973591838347
2024-01-30 02:00:00+00:00,15207.973591838347
2024-01-30 04:00:00+00:00,15207.973591838347
2024-01-30 06:00:00+00:00,15207.973591838347
2024-01-30 08:00:00+00:00,15207.973591838347
2024-01-30 10:00:00+00:00,15207.973591838347
2024-01-30 12:00:00+00:00,15207.973591838347
2024-01-30 14:00:00+00:00,15207.973591838347
2024-01-30 16:00:00+00:00,15207.973591838347
2024-01-30 18:00:00+00:00,15207.973591838347
2024-01-30 20:00:00+00:00,15207.973591838347
2024-01-30 22:00:00+00:00,15207.973591838347
2024-01-31 00:00:00+00:00,15207.973591838347
2024-01-31 02:00:00+00:00,15207.973591838347
2024-01-31 04:00:00+00:00,15207.973591838347
2024-01-31 06:00:00+00:00,15207.973591838347
2024-01-31 08:00:00+00:00,15207.973591838347
2024-01-31 10:00:00+00:00,15207.973591838347
2024-01-31 12:00:00+00:00,15207.973591838347
2024-01-31 14:00:00+00:00,15207.973591838347
2024-01-31 16:00:00+00:00,15207.973591838347
2024-01-31 18:00:00+00:00,15207.973591838347
2024-01-31 20:00:00+00:00,15207.973591838347
2024-01-31 22:00:00+00:00,15207.973591838347
2024-02-01 00:00:00+00:00,15207.973591838347
2024-02-01 02:00:00+00:00,15207.973591838347
2024-02-01 04:00:00+00:00,15207.973591838347
2024-02-01 06:00:00+00:00,15207.973591838347
2024-02-01 08:00:00+00:00,15207.973591838347
2024-02-01 10:00:00+00:00,15207.973591838347
2024-02-01 12:00:00+00:00,15207.973591838347
2024-02-01 14:00:00+00:00,15207.973591838347
2024-02-01 16:00:00+00:00,15207.973591838347
2024-02-01 18:00:00+00:00,15207.973591838347
2024-02-01 20:00:00+00:00,15207.973591838347
2024-02-01 22:00:00+00:00,15207.973591838347
2024-02-02 00:00:00+00:00,15207.973591838347
2024-02-02 02:00:00+00:00,15207.973591838347
2024-02-02 04:00:00+00:00,15207.973591838347
2024-02-02 06:00:00+00:00,15207.973591838347
2024-02-02 08:00:00+00:00,15207.973591838347
2024-02-02 10:00:00+00:00,15207.973591838347
2024-02-02 12:00:00+00:00,14785.751694131468
2024-02-02 14:00:00+00:00,14785.751694131468
2024-02-02 16:00:00+00:00,14785.751694131468
2024-02-02 18:00:00+00:00,14785.751694131468
2024-02-02 20:00:00+00:00,14785.751694131468
2024-02-02 22:00:00+00:00,14785.751694131468
2024-02-03 00:00:00+00:00,14785.751694131468
2024-02-03 02:00:00+00:00,14785.751694131468
2024-02-03 04:00:00+00:00,14785.751694131468
2024-02-03 06:00:00+00:00,14785.751694131468
2024-02-03 08:00:00+00:00,14785.751694131468
2024-02-03 10:00:00+00:00,14785.751694131468
2024-02-03 12:00:00+00:00,14785.751694131468
2024-02-03 14:00:00+00:00,14785.751694131468
2024-02-03 16:00:00+00:00,14785.751694131468
2024-02-03 18:00:00+00:00,14785.751694131468
2024-02-03 20:00:00+00:00,14785.751694131468
2024-02-03 22:00:00+00:00,14785.751694131468
2024-02-04 00:00:00+00:00,14785.751694131468
2024-02-04 02:00:00+00:00,14785.751694131468
2024-02-04 04:00:00+00:00,14785.751694131468
2024-02-04 06:00:00+00:00,14785.751694131468
2024-02-04 08:00:00+00:00,14785.751694131468
2024-02-04 10:00:00+00:00,14785.751694131468
2024-02-04 12:00:00+00:00,14785.751694131468
2024-02-04 14:00:00+00:00,14785.751694131468
2024-02-04 16:00:00+00:00,14785.751694131468
2024-02-04 18:00:00+00:00,14785.751694131468
2024-02-04 20:00:00+00:00,14785.751694131468
2024-02-04 22:00:00+00:00,14785.751694131468
2024-02-05 00:00:00+00:00,14785.751694131468
2024-02-05 02:00:00+00:00,14785.751694131468
2024-02-05 04:00:00+00:00,14785.751694131468
2024-02-05 06:00:00+00:00,14785.751694131468
2024-02-05 08:00:00+00:00,14785.751694131468
2024-02-05 10:00:00+00:00,14785.751694131468
2024-02-05 12:00:00+00:00,14785.751694131468
2024-02-05 14:00:00+00:00,14785.751694131468
2024-02-05 16:00:00+00:00,14785.751694131468
2024-02-05 18:00:00+00:00,14785.751694131468
2024-02-05 20:00:00+00:00,14785.751694131468
2024-02-05 22:00:00+00:00,14785.751694131468
2024-02-06 00:00:00+00:00,14785.751694131468
2024-02-06 02:00:00+00:00,14785.751694131468
2024-02-06 04:00:00+00:00,14785.751694131468
2024-02-06 06:00:00+00:00,14785.751694131468
2024-02-06 08:00:00+00:00,14785.751694131468
2024-02-06 10:00:00+00:00,14785.751694131468
2024-02-06 12:00:00+00:00,14785.751694131468
2024-02-06 14:00:00+00:00,14785.751694131468
2024-02-06 16:00:00+00:00,14785.751694131468
2024-02-06 18:00:00+00:00,14785.751694131468
2024-02-06 20:00:00+00:00,14785.751694131468
2024-02-06 22:00:00+00:00,14785.751694131468
2024-02-07 00:00:00+00:00,14785.751694131468
2024-02-07 02:00:00+00:00,14785.751694131468
2024-02-07 04:00:00+00:00,14785.751694131468
2024-02-07 06:00:00+00:00,14785.751694131468
2024-02-07 08:00:00+00:00,14785.751694131468
2024-02-07 10:00:00+00:00,14785.751694131468
2024-02-07 12:00:00+00:00,14785.751694131468
2024-02-07 14:00:00+00:00,14785.751694131468
2024-02-07 16:00:00+00:00,14785.751694131468
2024-02-07 18:00:00+00:00,14785.751694131468
2024-02-07 20:00:00+00:00,14785.751694131468
2024-02-07 22:00:00+00:00,14696.694596707881
2024-02-08 00:00:00+00:00,14749.35644069888
2024-02-08 02:00:00+00:00,14775.589384730405
2024-02-08 04:00:00+00:00,14656.91654268304
2024-02-08 06:00:00+00:00,14669.824816730297
2024-02-08 08:00:00+00:00,14792.027322216898
2024-02-08 10:00:00+00:00,14709.997322626266
2024-02-08 12:00:00+00:00,14840.329250909861
2024-02-08 14:00:00+00:00,14996.894123224984
2024-02-08 16:00:00+00:00,14712.244778056676
2024-02-08 18:00:00+00:00,14771.78939704886
2024-02-08 20:00:00+00:00,14794.274777647308
2024-02-08 22:00:00+00:00,14745.140057080329
2024-02-09 00:00:00+00:00,14874.829861189468
2024-02-09 02:00:00+00:00,14951.863109536
2024-02-09 04:00:00+00:00,14966.8533632683
2024-02-09 06:00:00+00:00,15023.48321070143
2024-02-09 08:00:00+00:00,15062.370677096196
2024-02-09 10:00:00+00:00,15171.050016655361
2024-02-09 12:00:00+00:00,15481.264989726546
2024-02-09 14:00:00+00:00,15640.744633600721
2024-02-09 16:00:00+00:00,15744.111677074723
2024-02-09 18:00:00+00:00,15854.456600381922
2024-02-09 20:00:00+00:00,16027.677310177372
2024-02-09 22:00:00+00:00,15817.813757925192
2024-02-10 00:00:00+00:00,16176.829960057403
2024-02-10 02:00:00+00:00,16404.182141663932
2024-02-10 04:00:00+00:00,16389.191887931633
2024-02-10 06:00:00+00:00,16257.610771837015
2024-02-10 08:00:00+00:00,16102.750291371256
2024-02-10 10:00:00+00:00,16142.307905387044
2024-02-10 12:00:00+00:00,16085.261662016906
2024-02-10 14:00:00+00:00,16370.492878867592
2024-02-10 16:00:00+00:00,16235.60791085037
2024-02-10 18:00:00+00:00,16383.012072551306
2024-02-10 20:00:00+00:00,16985.95338933932
2024-02-10 22:00:00+00:00,16724.87313683512
2024-02-11 00:00:00+00:00,16804.81287046157
2024-02-11 02:00:00+00:00,16796.901347658408
2024-02-11 04:00:00+00:00,16802.31449483952
2024-02-11 06:00:00+00:00,16994.27302180034
2024-02-11 08:00:00+00:00,16887.640309911167
2024-02-11 10:00:00+00:00,16855.16142682452
2024-02-11 12:00:00+00:00,16591.999194635275
2024-02-11 14:00:00+00:00,16588.251631202198
2024-02-11 16:00:00+00:00,16633.643868366536
2024-02-11 18:00:00+00:00,16554.52864033496
2024-02-11 20:00:00+00:00,16351.950827277744
2024-02-11 22:00:00+00:00,16351.950827277744
2024-02-12 00:00:00+00:00,16351.950827277744
2024-02-12 02:00:00+00:00,16351.950827277744
2024-02-12 04:00:00+00:00,16351.950827277744
2024-02-12 06:00:00+00:00,16351.950827277744
2024-02-12 08:00:00+00:00,16351.950827277744
2024-02-12 10:00:00+00:00,16351.950827277744
2024-02-12 12:00:00+00:00,16351.950827277744
2024-02-12 14:00:00+00:00,16351.950827277744
2024-02-12 16:00:00+00:00,16532.148073107077
2024-02-12 18:00:00+00:00,16382.269378227795
2024-02-12 20:00:00+00:00,16500.060222441865
2024-02-12 22:00:00+00:00,16654.00067056991
2024-02-13 00:00:00+00:00,16837.957393971228
2024-02-13 02:00:00+00:00,16480.116932755383
2024-02-13 04:00:00+00:00,16706.356588711373
2024-02-13 06:00:00+00:00,16694.98367961484
2024-02-13 08:00:00+00:00,16825.87771231947
2024-02-13 10:00:00+00:00,16671.124913541673
2024-02-13 12:00:00+00:00,16175.544249005423
2024-02-13 14:00:00+00:00,16175.544249005423
2024-02-13 16:00:00+00:00,16175.544249005423
2024-02-13 18:00:00+00:00,16175.544249005423
2024-02-13 20:00:00+00:00,16175.544249005423
2024-02-13 22:00:00+00:00,16175.544249005423
2024-02-14 00:00:00+00:00,16175.544249005423
2024-02-14 02:00:00+00:00,16175.544249005423
2024-02-14 04:00:00+00:00,16175.544249005423
2024-02-14 06:00:00+00:00,16175.544249005423
2024-02-14 08:00:00+00:00,16175.544249005423
2024-02-14 10:00:00+00:00,16033.94678128225
2024-02-14 12:00:00+00:00,16084.54655070115
2024-02-14 14:00:00+00:00,16113.515884337925
2024-02-14 16:00:00+00:00,16029.688301304337
2024-02-14 18:00:00+00:00,16169.513618324503
2024-02-14 20:00:00+00:00,16271.871930507776
2024-02-14 22:00:00+00:00,16316.291575417497
2024-02-15 00:00:00+00:00,16324.142068961743
2024-02-15 02:00:00+00:00,16374.741838380642
2024-02-15 04:00:00+00:00,16066.89438626718
2024-02-15 06:00:00+00:00,16581.38975165631
2024-02-15 08:00:00+00:00,16571.41143663936
2024-02-15 10:00:00+00:00,16557.11989871188
2024-02-15 12:00:00+00:00,16439.311275255663
2024-02-15 14:00:00+00:00,16171.248374670038
2024-02-15 16:00:00+00:00,16174.218837285638
2024-02-15 18:00:00+00:00,16091.173414193549
2024-02-15 20:00:00+00:00,15883.885637312454
2024-02-15 22:00:00+00:00,15883.885637312454
2024-02-16 00:00:00+00:00,15883.885637312454
2024-02-16 02:00:00+00:00,15883.885637312454
2024-02-16 04:00:00+00:00,15883.885637312454
2024-02-16 06:00:00+00:00,15883.885637312454
2024-02-16 08:00:00+00:00,15883.885637312454
2024-02-16 10:00:00+00:00,15883.885637312454
2024-02-16 12:00:00+00:00,15883.885637312454
2024-02-16 14:00:00+00:00,15883.885637312454
2024-02-16 16:00:00+00:00,15883.885637312454
2024-02-16 18:00:00+00:00,15883.885637312454
2024-02-16 20:00:00+00:00,15883.885637312454
2024-02-16 22:00:00+00:00,15883.885637312454
2024-02-17 00:00:00+00:00,15883.885637312454
2024-02-17 02:00:00+00:00,15883.885637312454
2024-02-17 04:00:00+00:00,15883.885637312454
2024-02-17 06:00:00+00:00,15883.885637312454
2024-02-17 08:00:00+00:00,15883.885637312454
2024-02-17 10:00:00+00:00,15883.885637312454
2024-02-17 12:00:00+00:00,15883.885637312454
2024-02-17 14:00:00+00:00,15883.885637312454
2024-02-17 16:00:00+00:00,15883.885637312454
2024-02-17 18:00:00+00:00,15883.885637312454
2024-02-17 20:00:00+00:00,15883.885637312454
2024-02-17 22:00:00+00:00,15883.885637312454
2024-02-18 00:00:00+00:00,15883.885637312454
2024-02-18 02:00:00+00:00,15883.885637312454
2024-02-18 04:00:00+00:00,15883.885637312454
2024-02-18 06:00:00+00:00,15883.885637312454
2024-02-18 08:00:00+00:00,15883.885637312454
2024-02-18 10:00:00+00:00,15883.885637312454
2024-02-18 12:00:00+00:00,15883.885637312454
2024-02-18 14:00:00+00:00,15883.885637312454
2024-02-18 16:00:00+00:00,15883.885637312454
2024-02-18 18:00:00+00:00,15883.885637312454
2024-02-18 20:00:00+00:00,15883.885637312454
2024-02-18 22:00:00+00:00,15883.885637312454
2024-02-19 00:00:00+00:00,15883.885637312454
2024-02-19 02:00:00+00:00,15883.885637312454
2024-02-19 04:00:00+00:00,15883.885637312454
2024-02-19 06:00:00+00:00,15883.885637312454
2024-02-19 08:00:00+00:00,15644.099149909764
2024-02-19 10:00:00+00:00,15612.810951609945
2024-02-19 12:00:00+00:00,15612.810951609945
2024-02-19 14:00:00+00:00,15612.810951609945
2024-02-19 16:00:00+00:00,15612.810951609945
2024-02-19 18:00:00+00:00,15612.810951609945
2024-02-19 20:00:00+00:00,15612.810951609945
2024-02-19 22:00:00+00:00,15612.810951609945
2024-02-20 00:00:00+00:00,15612.810951609945
2024-02-20 02:00:00+00:00,15612.810951609945
2024-02-20 04:00:00+00:00,15612.810951609945
2024-02-20 06:00:00+00:00,15612.810951609945
2024-02-20 08:00:00+00:00,15612.810951609945
2024-02-20 10:00:00+00:00,15612.810951609945
2024-02-20 12:00:00+00:00,15612.810951609945
2024-02-20 14:00:00+00:00,15612.810951609945
2024-02-20 16:00:00+00:00,15612.810951609945
2024-02-20 18:00:00+00:00,15612.810951609945
2024-02-20 20:00:00+00:00,15612.810951609945
2024-02-20 22:00:00+00:00,15612.810951609945
2024-02-21 00:00:00+00:00,15612.810951609945
2024-02-21 02:00:00+00:00,15612.810951609945
2024-02-21 04:00:00+00:00,15612.810951609945
2024-02-21 06:00:00+00:00,15612.810951609945
2024-02-21 08:00:00+00:00,15612.810951609945
2024-02-21 10:00:00+00:00,15612.810951609945
2024-02-21 12:00:00+00:00,15612.810951609945
2024-02-21 14:00:00+00:00,15612.810951609945
2024-02-21 16:00:00+00:00,15612.810951609945
2024-02-21 18:00:00+00:00,15612.810951609945
2024-02-21 20:00:00+00:00,15612.810951609945
2024-02-21 22:00:00+00:00,15612.810951609945
2024-02-22 00:00:00+00:00,15612.810951609945
2024-02-22 02:00:00+00:00,15612.810951609945
2024-02-22 04:00:00+00:00,15612.810951609945
2024-02-22 06:00:00+00:00,15612.810951609945
2024-02-22 08:00:00+00:00,15612.810951609945
2024-02-22 10:00:00+00:00,15612.810951609945
2024-02-22 12:00:00+00:00,15612.810951609945
2024-02-22 14:00:00+00:00,15612.810951609945
2024-02-22 16:00:00+00:00,15612.810951609945
2024-02-22 18:00:00+00:00,15612.810951609945
2024-02-22 20:00:00+00:00,15612.810951609945
2024-02-22 22:00:00+00:00,15612.810951609945
2024-02-23 00:00:00+00:00,15612.810951609945
2024-02-23 02:00:00+00:00,15612.810951609945
2024-02-23 04:00:00+00:00,15612.810951609945
2024-02-23 06:00:00+00:00,15612.810951609945
2024-02-23 08:00:00+00:00,15612.810951609945
2024-02-23 10:00:00+00:00,15612.810951609945
2024-02-23 12:00:00+00:00,15612.810951609945
2024-02-23 14:00:00+00:00,15612.810951609945
2024-02-23 16:00:00+00:00,15612.810951609945
2024-02-23 18:00:00+00:00,15612.810951609945
2024-02-23 20:00:00+00:00,15612.810951609945
2024-02-23 22:00:00+00:00,15612.810951609945
2024-02-24 00:00:00+00:00,15612.810951609945
2024-02-24 02:00:00+00:00,15612.810951609945
2024-02-24 04:00:00+00:00,15612.810951609945
2024-02-24 06:00:00+00:00,15612.810951609945
2024-02-24 08:00:00+00:00,15612.810951609945
2024-02-24 10:00:00+00:00,15612.810951609945
2024-02-24 12:00:00+00:00,15612.810951609945
2024-02-24 14:00:00+00:00,15612.810951609945
2024-02-24 16:00:00+00:00,15612.810951609945
2024-02-24 18:00:00+00:00,15612.810951609945
2024-02-24 20:00:00+00:00,15612.810951609945
2024-02-24 22:00:00+00:00,15612.810951609945
2024-02-25 00:00:00+00:00,15612.810951609945
2024-02-25 02:00:00+00:00,15612.810951609945
2024-02-25 04:00:00+00:00,15612.810951609945
2024-02-25 06:00:00+00:00,15627.34908334857
2024-02-25 08:00:00+00:00,15582.480229449979
2024-02-25 10:00:00+00:00,15584.596036257906
2024-02-25 12:00:00+00:00,15568.51590451766
2024-02-25 14:00:00+00:00,15593.482424851198
2024-02-25 16:00:00+00:00,15616.49106845974
2024-02-25 18:00:00+00:00,15687.159015844501
2024-02-25 20:00:00+00:00,15649.074493301814
2024-02-25 22:00:00+00:00,15856.846721840242
2024-02-26 00:00:00+00:00,15790.775379683302
2024-02-26 02:00:00+00:00,15652.824775806464
2024-02-26 04:00:00+00:00,15741.265500377809
2024-02-26 06:00:00+00:00,15580.041021613775
2024-02-26 08:00:00+00:00,15477.163204043249
2024-02-26 10:00:00+00:00,15477.163204043249
2024-02-26 12:00:00+00:00,15477.163204043249
2024-02-26 14:00:00+00:00,15477.163204043249
2024-02-26 16:00:00+00:00,15477.163204043249
2024-02-26 18:00:00+00:00,15477.163204043249
2024-02-26 20:00:00+00:00,15477.163204043249
2024-02-26 22:00:00+00:00,15477.163204043249
2024-02-27 00:00:00+00:00,15477.163204043249
2024-02-27 02:00:00+00:00,15477.163204043249
2024-02-27 04:00:00+00:00,15477.163204043249
2024-02-27 06:00:00+00:00,15477.163204043249
2024-02-27 08:00:00+00:00,15477.163204043249
2024-02-27 10:00:00+00:00,15477.163204043249
2024-02-27 12:00:00+00:00,15477.163204043249
2024-02-27 14:00:00+00:00,15477.163204043249
2024-02-27 16:00:00+00:00,15477.163204043249
2024-02-27 18:00:00+00:00,15477.163204043249
2024-02-27 20:00:00+00:00,15477.163204043249
2024-02-27 22:00:00+00:00,15477.163204043249
2024-02-28 00:00:00+00:00,15477.163204043249
2024-02-28 02:00:00+00:00,15477.163204043249
2024-02-28 04:00:00+00:00,15477.163204043249
2024-02-28 06:00:00+00:00,15477.163204043249
2024-02-28 08:00:00+00:00,15477.163204043249
2024-02-28 10:00:00+00:00,15477.163204043249
2024-02-28 12:00:00+00:00,15477.163204043249
2024-02-28 14:00:00+00:00,15477.163204043249
2024-02-28 16:00:00+00:00,15477.163204043249
2024-02-28 18:00:00+00:00,15477.163204043249
2024-02-28 20:00:00+00:00,15477.163204043249
2024-02-28 22:00:00+00:00,15477.163204043249
2024-02-29 00:00:00+00:00,15477.163204043249
2024-02-29 02:00:00+00:00,15477.163204043249
2024-02-29 04:00:00+00:00,15477.163204043249
2024-02-29 06:00:00+00:00,15477.163204043249
2024-02-29 08:00:00+00:00,15477.163204043249
2024-02-29 10:00:00+00:00,15477.163204043249
2024-02-29 12:00:00+00:00,15477.163204043249
2024-02-29 14:00:00+00:00,15477.163204043249
2024-02-29 16:00:00+00:00,15477.163204043249
2024-02-29 18:00:00+00:00,15477.163204043249
2024-02-29 20:00:00+00:00,15477.163204043249
2024-02-29 22:00:00+00:00,15477.163204043249
2024-03-01 00:00:00+00:00,15477.163204043249
2024-03-01 02:00:00+00:00,15477.163204043249
2024-03-01 04:00:00+00:00,15477.163204043249
2024-03-01 06:00:00+00:00,15477.163204043249
2024-03-01 08:00:00+00:00,15477.163204043249
2024-03-01 10:00:00+00:00,15477.163204043249
2024-03-01 12:00:00+00:00,15477.163204043249
2024-03-01 14:00:00+00:00,15477.163204043249
2024-03-01 16:00:00+00:00,15477.163204043249
2024-03-01 18:00:00+00:00,15477.163204043249
2024-03-01 20:00:00+00:00,15477.163204043249
2024-03-01 22:00:00+00:00,15477.163204043249
2024-03-02 00:00:00+00:00,15477.163204043249
2024-03-02 02:00:00+00:00,15477.163204043249
2024-03-02 04:00:00+00:00,15477.163204043249
2024-03-02 06:00:00+00:00,15477.163204043249
2024-03-02 08:00:00+00:00,15477.163204043249
2024-03-02 10:00:00+00:00,15477.163204043249
2024-03-02 12:00:00+00:00,15477.163204043249
2024-03-02 14:00:00+00:00,15477.163204043249
2024-03-02 16:00:00+00:00,15477.163204043249
2024-03-02 18:00:00+00:00,15477.163204043249
2024-03-02 20:00:00+00:00,15477.163204043249
2024-03-02 22:00:00+00:00,15477.163204043249
2024-03-03 00:00:00+00:00,15477.163204043249
2024-03-03 02:00:00+00:00,15477.163204043249
2024-03-03 04:00:00+00:00,15477.163204043249
2024-03-03 06:00:00+00:00,15477.163204043249
2024-03-03 08:00:00+00:00,15477.163204043249
2024-03-03 10:00:00+00:00,15477.163204043249
2024-03-03 12:00:00+00:00,15477.163204043249
2024-03-03 14:00:00+00:00,15477.163204043249
2024-03-03 16:00:00+00:00,15477.163204043249
2024-03-03 18:00:00+00:00,15477.163204043249
2024-03-03 20:00:00+00:00,15477.163204043249
2024-03-03 22:00:00+00:00,15477.163204043249
2024-03-04 00:00:00+00:00,15477.163204043249
2024-03-04 02:00:00+00:00,15477.163204043249
2024-03-04 04:00:00+00:00,15477.163204043249
2024-03-04 06:00:00+00:00,15477.163204043249
2024-03-04 08:00:00+00:00,15741.39488950304
2024-03-04 10:00:00+00:00,15671.02463591435
2024-03-04 12:00:00+00:00,15412.162631641662
2024-03-04 14:00:00+00:00,15633.685317683614
2024-03-04 16:00:00+00:00,15068.011219168431
2024-03-04 18:00:00+00:00,15068.011219168431
2024-03-04 20:00:00+00:00,15068.011219168431
2024-03-04 22:00:00+00:00,15068.011219168431
2024-03-05 00:00:00+00:00,15068.011219168431
2024-03-05 02:00:00+00:00,15068.011219168431
2024-03-05 04:00:00+00:00,15068.011219168431
2024-03-05 06:00:00+00:00,14808.986010002429
2024-03-05 08:00:00+00:00,14758.434128420662
2024-03-05 10:00:00+00:00,14549.913903702658
2024-03-05 12:00:00+00:00,14610.394139909726
2024-03-05 14:00:00+00:00,15015.747633140243
2024-03-05 16:00:00+00:00,14090.111442542096
2024-03-05 18:00:00+00:00,14090.111442542096
2024-03-05 20:00:00+00:00,14090.111442542096
2024-03-05 22:00:00+00:00,14090.111442542096
2024-03-06 00:00:00+00:00,14090.111442542096
2024-03-06 02:00:00+00:00,14090.111442542096
2024-03-06 04:00:00+00:00,14090.111442542096
2024-03-06 06:00:00+00:00,14090.111442542096
2024-03-06 08:00:00+00:00,14090.111442542096
2024-03-06 10:00:00+00:00,14090.111442542096
2024-03-06 12:00:00+00:00,14090.111442542096
2024-03-06 14:00:00+00:00,14090.111442542096
2024-03-06 16:00:00+00:00,14090.111442542096
2024-03-06 18:00:00+00:00,14090.111442542096
2024-03-06 20:00:00+00:00,14090.111442542096
2024-03-06 22:00:00+00:00,14090.111442542096
2024-03-07 00:00:00+00:00,14090.111442542096
2024-03-07 02:00:00+00:00,14090.111442542096
2024-03-07 04:00:00+00:00,13727.85613561343
2024-03-07 06:00:00+00:00,13973.954824799597
2024-03-07 08:00:00+00:00,13994.720445734098
2024-03-07 10:00:00+00:00,14031.046183100672
2024-03-07 12:00:00+00:00,14232.637662540405
2024-03-07 14:00:00+00:00,14335.069696736242
2024-03-07 16:00:00+00:00,14330.846998240258
2024-03-07 18:00:00+00:00,14351.791567532697
2024-03-07 20:00:00+00:00,14254.595675659968
2024-03-07 22:00:00+00:00,14143.654910189078
2024-03-08 00:00:00+00:00,14152.626008847312
2024-03-08 02:00:00+00:00,14048.5576801755
2024-03-08 04:00:00+00:00,14021.395191874368
2024-03-08 06:00:00+00:00,14097.973773349851
2024-03-08 08:00:00+00:00,14163.975642441636
2024-03-08 10:00:00+00:00,14240.226965021922
2024-03-08 12:00:00+00:00,14222.227725786232
2024-03-08 14:00:00+00:00,13740.399218249238
2024-03-08 16:00:00+00:00,13740.399218249238
2024-03-08 18:00:00+00:00,13740.399218249238
2024-03-08 20:00:00+00:00,13740.399218249238
2024-03-08 22:00:00+00:00,13740.399218249238
2024-03-09 00:00:00+00:00,13740.399218249238
2024-03-09 02:00:00+00:00,13740.399218249238
2024-03-09 04:00:00+00:00,13740.399218249238
2024-03-09 06:00:00+00:00,13740.399218249238
2024-03-09 08:00:00+00:00,13740.399218249238
2024-03-09 10:00:00+00:00,13740.399218249238
2024-03-09 12:00:00+00:00,13740.399218249238
2024-03-09 14:00:00+00:00,13740.399218249238
2024-03-09 16:00:00+00:00,13740.399218249238
2024-03-09 18:00:00+00:00,13740.399218249238
2024-03-09 20:00:00+00:00,13740.399218249238
2024-03-09 22:00:00+00:00,13740.399218249238
2024-03-10 00:00:00+00:00,13740.399218249238
2024-03-10 02:00:00+00:00,13740.399218249238
2024-03-10 04:00:00+00:00,13740.399218249238
2024-03-10 06:00:00+00:00,13740.399218249238
2024-03-10 08:00:00+00:00,13740.399218249238
2024-03-10 10:00:00+00:00,13740.399218249238
2024-03-10 12:00:00+00:00,13740.399218249238
2024-03-10 14:00:00+00:00,13740.399218249238
2024-03-10 16:00:00+00:00,13740.399218249238
2024-03-10 18:00:00+00:00,13740.399218249238
2024-03-10 20:00:00+00:00,13740.399218249238
2024-03-10 22:00:00+00:00,13740.399218249238
2024-03-11 00:00:00+00:00,13740.399218249238
2024-03-11 02:00:00+00:00,13740.399218249238
2024-03-11 04:00:00+00:00,13740.399218249238
2024-03-11 06:00:00+00:00,13740.399218249238
2024-03-11 08:00:00+00:00,13740.399218249238
2024-03-11 10:00:00+00:00,13740.399218249238
2024-03-11 12:00:00+00:00,13755.970874084456
2024-03-11 14:00:00+00:00,13859.461654981984
2024-03-11 16:00:00+00:00,13949.243057444593
2024-03-11 18:00:00+00:00,14093.06262402139
2024-03-11 20:00:00+00:00,14397.307727748797
2024-03-11 22:00:00+00:00,14576.118446606133
2024-03-12 00:00:00+00:00,14420.913977644126
2024-03-12 02:00:00+00:00,14226.979964157068
2024-03-12 04:00:00+00:00,14494.454704471025
2024-03-12 06:00:00+00:00,14120.227296182538
2024-03-12 08:00:00+00:00,14065.566951483606
2024-03-12 10:00:00+00:00,14156.010184073139
2024-03-12 12:00:00+00:00,15002.025077771277
2024-03-12 14:00:00+00:00,15915.946529708768
2024-03-12 16:00:00+00:00,16185.29592441631
2024-03-12 18:00:00+00:00,16814.840130277207
2024-03-12 20:00:00+00:00,16374.48537488228
2024-03-12 22:00:00+00:00,16432.013201512997
2024-03-13 00:00:00+00:00,16081.579118606533
2024-03-13 02:00:00+00:00,15768.437959214583
2024-03-13 04:00:00+00:00,15697.26951389823
2024-03-13 06:00:00+00:00,15941.317974295554
2024-03-13 08:00:00+00:00,15919.12286378911
2024-03-13 10:00:00+00:00,15923.570891621383
2024-03-13 12:00:00+00:00,15989.698238727828
2024-03-13 14:00:00+00:00,15822.748927423218
2024-03-13 16:00:00+00:00,15955.053292080876
2024-03-13 18:00:00+00:00,15990.340979550236
2024-03-13 20:00:00+00:00,16328.09455961409
2024-03-13 22:00:00+00:00,16189.019556058385
2024-03-14 00:00:00+00:00,17012.115911706904
2024-03-14 02:00:00+00:00,17039.99021945581
2024-03-14 04:00:00+00:00,16484.87634598826
2024-03-14 06:00:00+00:00,16507.11648514962
2024-03-14 08:00:00+00:00,16854.370431920168
2024-03-14 10:00:00+00:00,16676.15278344047
2024-03-14 12:00:00+00:00,16004.895735087579
2024-03-14 14:00:00+00:00,16004.895735087579
2024-03-14 16:00:00+00:00,16004.895735087579
2024-03-14 18:00:00+00:00,16004.895735087579
2024-03-14 20:00:00+00:00,16004.895735087579
2024-03-14 22:00:00+00:00,16004.895735087579
2024-03-15 00:00:00+00:00,16004.895735087579
2024-03-15 02:00:00+00:00,16004.895735087579
2024-03-15 04:00:00+00:00,16004.895735087579
2024-03-15 06:00:00+00:00,16004.895735087579
2024-03-15 08:00:00+00:00,16004.895735087579
2024-03-15 10:00:00+00:00,16004.895735087579
2024-03-15 12:00:00+00:00,16004.895735087579
2024-03-15 14:00:00+00:00,16004.895735087579
2024-03-15 16:00:00+00:00,16225.69822612981
2024-03-15 18:00:00+00:00,16207.562521557005
2024-03-15 20:00:00+00:00,15971.22262545743
2024-03-15 22:00:00+00:00,16827.918765277573
2024-03-16 00:00:00+00:00,16743.348919811662
2024-03-16 02:00:00+00:00,16409.421661010798
2024-03-16 04:00:00+00:00,16395.891849662836
2024-03-16 06:00:00+00:00,17472.51939096906
2024-03-16 08:00:00+00:00,17295.68733979152
2024-03-16 10:00:00+00:00,17032.863557649114
2024-03-16 12:00:00+00:00,16384.87195457951
2024-03-16 14:00:00+00:00,16695.769747256174
2024-03-16 16:00:00+00:00,15863.422392766202
2024-03-16 18:00:00+00:00,15583.85150061019
2024-03-16 20:00:00+00:00,15583.85150061019
2024-03-16 22:00:00+00:00,15583.85150061019
2024-03-17 00:00:00+00:00,15583.85150061019
2024-03-17 02:00:00+00:00,15583.85150061019
2024-03-17 04:00:00+00:00,15583.85150061019
2024-03-17 06:00:00+00:00,15583.85150061019
2024-03-17 08:00:00+00:00,15583.85150061019
2024-03-17 10:00:00+00:00,15583.85150061019
2024-03-17 12:00:00+00:00,15583.85150061019
2024-03-17 14:00:00+00:00,15583.85150061019
2024-03-17 16:00:00+00:00,15583.85150061019
2024-03-17 18:00:00+00:00,15583.85150061019
2024-03-17 20:00:00+00:00,15210.008722509107
2024-03-17 22:00:00+00:00,15723.980244856097
2024-03-18 00:00:00+00:00,15485.876297837198
2024-03-18 02:00:00+00:00,16283.71493712897
2024-03-18 04:00:00+00:00,16574.571206574285
2024-03-18 06:00:00+00:00,16485.325105413616
2024-03-18 08:00:00+00:00,16279.965713257856
2024-03-18 10:00:00+00:00,17162.480623229178
2024-03-18 12:00:00+00:00,16624.853507803455
2024-03-18 14:00:00+00:00,16599.85384693616
2024-03-18 16:00:00+00:00,16927.18947072538
2024-03-18 18:00:00+00:00,16763.48201407825
2024-03-18 20:00:00+00:00,16852.72811523892
2024-03-18 22:00:00+00:00,16300.047440581275
2024-03-19 00:00:00+00:00,15682.169779501077
2024-03-19 02:00:00+00:00,15682.169779501077
2024-03-19 04:00:00+00:00,15682.169779501077
2024-03-19 06:00:00+00:00,15682.169779501077
2024-03-19 08:00:00+00:00,15682.169779501077
2024-03-19 10:00:00+00:00,15682.169779501077
2024-03-19 12:00:00+00:00,15682.169779501077
2024-03-19 14:00:00+00:00,15682.169779501077
2024-03-19 16:00:00+00:00,15682.169779501077
2024-03-19 18:00:00+00:00,15682.169779501077
2024-03-19 20:00:00+00:00,15682.169779501077
2024-03-19 22:00:00+00:00,15682.169779501077
2024-03-20 00:00:00+00:00,15682.169779501077
2024-03-20 02:00:00+00:00,15682.169779501077
2024-03-20 04:00:00+00:00,15682.169779501077
2024-03-20 06:00:00+00:00,15682.169779501077
2024-03-20 08:00:00+00:00,15682.169779501077
2024-03-20 10:00:00+00:00,15682.169779501077
2024-03-20 12:00:00+00:00,15682.169779501077
2024-03-20 14:00:00+00:00,15682.169779501077
2024-03-20 16:00:00+00:00,15682.169779501077
2024-03-20 18:00:00+00:00,15682.169779501077
2024-03-20 20:00:00+00:00,15682.169779501077
2024-03-20 22:00:00+00:00,15682.169779501077
2024-03-21 00:00:00+00:00,15682.169779501077
2024-03-21 02:00:00+00:00,15682.169779501077
2024-03-21 04:00:00+00:00,15682.169779501077
2024-03-21 06:00:00+00:00,15682.169779501077
2024-03-21 08:00:00+00:00,15682.169779501077
2024-03-21 10:00:00+00:00,15682.169779501077
2024-03-21 12:00:00+00:00,15682.169779501077
2024-03-21 14:00:00+00:00,15682.169779501077
2024-03-21 16:00:00+00:00,15682.169779501077
2024-03-21 18:00:00+00:00,15682.169779501077
2024-03-21 20:00:00+00:00,15682.169779501077
2024-03-21 22:00:00+00:00,15682.169779501077
2024-03-22 00:00:00+00:00,15682.169779501077
2024-03-22 02:00:00+00:00,15682.169779501077
2024-03-22 04:00:00+00:00,15682.169779501077
2024-03-22 06:00:00+00:00,15682.169779501077
2024-03-22 08:00:00+00:00,15682.169779501077
2024-03-22 10:00:00+00:00,15682.169779501077
2024-03-22 12:00:00+00:00,15682.169779501077
2024-03-22 14:00:00+00:00,15682.169779501077
2024-03-22 16:00:00+00:00,15682.169779501077
2024-03-22 18:00:00+00:00,15682.169779501077
2024-03-22 20:00:00+00:00,15682.169779501077
2024-03-22 22:00:00+00:00,15682.169779501077
2024-03-23 00:00:00+00:00,15682.169779501077
2024-03-23 02:00:00+00:00,15682.169779501077
2024-03-23 04:00:00+00:00,15682.169779501077
2024-03-23 06:00:00+00:00,15682.169779501077
2024-03-23 08:00:00+00:00,15682.169779501077
2024-03-23 10:00:00+00:00,15682.169779501077
2024-03-23 12:00:00+00:00,15682.169779501077
2024-03-23 14:00:00+00:00,15682.169779501077
2024-03-23 16:00:00+00:00,15682.169779501077
2024-03-23 18:00:00+00:00,15558.57693563565
2024-03-23 20:00:00+00:00,15330.262933623366
2024-03-23 22:00:00+00:00,15298.468788979959
2024-03-24 00:00:00+00:00,15298.468788979959
2024-03-24 02:00:00+00:00,15298.468788979959
2024-03-24 04:00:00+00:00,15298.468788979959
2024-03-24 06:00:00+00:00,15298.468788979959
2024-03-24 08:00:00+00:00,15298.468788979959
2024-03-24 10:00:00+00:00,15298.468788979959
2024-03-24 12:00:00+00:00,15298.468788979959
2024-03-24 14:00:00+00:00,15298.468788979959
2024-03-24 16:00:00+00:00,15298.468788979959
2024-03-24 18:00:00+00:00,15298.468788979959
2024-03-24 20:00:00+00:00,15298.468788979959
2024-03-24 22:00:00+00:00,15298.468788979959
2024-03-25 00:00:00+00:00,15327.65247273076
2024-03-25 02:00:00+00:00,15476.403460947318
2024-03-25 04:00:00+00:00,15443.256371492065
2024-03-25 06:00:00+00:00,15383.262879006934
2024-03-25 08:00:00+00:00,15734.323197202995
2024-03-25 10:00:00+00:00,15645.56570147157
2024-03-25 12:00:00+00:00,15958.956365412161
2024-03-25 14:00:00+00:00,15994.021055083836
2024-03-25 16:00:00+00:00,15900.487513400807
2024-03-25 18:00:00+00:00,15928.703630870983
2024-03-25 20:00:00+00:00,15853.643279542554
2024-03-25 22:00:00+00:00,15828.714476729097
2024-03-26 00:00:00+00:00,16006.720518820668
2024-03-26 02:00:00+00:00,15962.615713843017
2024-03-26 04:00:00+00:00,16068.0837257461
2024-03-26 06:00:00+00:00,15958.232627634057
2024-03-26 08:00:00+00:00,15978.607318702083
2024-03-26 10:00:00+00:00,15855.60696196316
2024-03-26 12:00:00+00:00,15710.965117067502
2024-03-26 14:00:00+00:00,15460.442389201758
2024-03-26 16:00:00+00:00,15460.442389201758
2024-03-26 18:00:00+00:00,15460.442389201758
2024-03-26 20:00:00+00:00,15460.442389201758
2024-03-26 22:00:00+00:00,15460.442389201758
2024-03-27 00:00:00+00:00,15460.442389201758
2024-03-27 02:00:00+00:00,15460.442389201758
2024-03-27 04:00:00+00:00,15460.442389201758
2024-03-27 06:00:00+00:00,15460.442389201758
2024-03-27 08:00:00+00:00,15460.442389201758
2024-03-27 10:00:00+00:00,15460.442389201758
2024-03-27 12:00:00+00:00,15460.442389201758
2024-03-27 14:00:00+00:00,15460.442389201758
2024-03-27 16:00:00+00:00,15460.442389201758
2024-03-27 18:00:00+00:00,15460.442389201758
2024-03-27 20:00:00+00:00,15460.442389201758
2024-03-27 22:00:00+00:00,15460.442389201758
2024-03-28 00:00:00+00:00,15460.442389201758
2024-03-28 02:00:00+00:00,15460.442389201758
2024-03-28 04:00:00+00:00,15460.442389201758
2024-03-28 06:00:00+00:00,15460.442389201758
2024-03-28 08:00:00+00:00,15460.442389201758
2024-03-28 10:00:00+00:00,15460.442389201758
2024-03-28 12:00:00+00:00,15460.442389201758
2024-03-28 14:00:00+00:00,15460.442389201758
2024-03-28 16:00:00+00:00,15460.442389201758
2024-03-28 18:00:00+00:00,15460.442389201758
2024-03-28 20:00:00+00:00,15460.442389201758
2024-03-28 22:00:00+00:00,15460.442389201758
2024-03-29 00:00:00+00:00,15460.442389201758
2024-03-29 02:00:00+00:00,15460.442389201758
2024-03-29 04:00:00+00:00,15460.442389201758
2024-03-29 06:00:00+00:00,15460.442389201758
2024-03-29 08:00:00+00:00,15460.442389201758
2024-03-29 10:00:00+00:00,15460.442389201758
2024-03-29 12:00:00+00:00,15460.442389201758
2024-03-29 14:00:00+00:00,15460.442389201758
2024-03-29 16:00:00+00:00,15460.442389201758
2024-03-29 18:00:00+00:00,15460.442389201758
2024-03-29 20:00:00+00:00,15460.442389201758
2024-03-29 22:00:00+00:00,15460.442389201758
2024-03-30 00:00:00+00:00,15460.442389201758
2024-03-30 02:00:00+00:00,15460.442389201758
2024-03-30 04:00:00+00:00,15460.442389201758
2024-03-30 06:00:00+00:00,15460.442389201758
2024-03-30 08:00:00+00:00,15460.442389201758
2024-03-30 10:00:00+00:00,15460.442389201758
2024-03-30 12:00:00+00:00,15460.442389201758
2024-03-30 14:00:00+00:00,15460.442389201758
2024-03-30 16:00:00+00:00,15460.442389201758
2024-03-30 18:00:00+00:00,15460.442389201758
2024-03-30 20:00:00+00:00,15460.442389201758
2024-03-30 22:00:00+00:00,15460.442389201758
2024-03-31 00:00:00+00:00,15460.442389201758
2024-03-31 02:00:00+00:00,15460.442389201758
2024-03-31 04:00:00+00:00,15460.442389201758
2024-03-31 06:00:00+00:00,15460.442389201758
2024-03-31 08:00:00+00:00,15460.442389201758
2024-03-31 10:00:00+00:00,15460.442389201758
2024-03-31 12:00:00+00:00,15460.442389201758
2024-03-31 14:00:00+00:00,15460.442389201758
2024-03-31 16:00:00+00:00,15460.442389201758
2024-03-31 18:00:00+00:00,15460.442389201758
2024-03-31 20:00:00+00:00,15460.442389201758
2024-03-31 22:00:00+00:00,15460.442389201758
2024-04-01 00:00:00+00:00,15460.442389201758
2024-04-01 02:00:00+00:00,15460.442389201758
2024-04-01 04:00:00+00:00,15460.442389201758
2024-04-01 06:00:00+00:00,15460.442389201758
2024-04-01 08:00:00+00:00,15460.442389201758
2024-04-01 10:00:00+00:00,15460.442389201758
2024-04-01 12:00:00+00:00,15460.442389201758
2024-04-01 14:00:00+00:00,15460.442389201758
2024-04-01 16:00:00+00:00,15460.442389201758
2024-04-01 18:00:00+00:00,15460.442389201758
2024-04-01 20:00:00+00:00,15460.442389201758
2024-04-01 22:00:00+00:00,15460.442389201758
2024-04-02 00:00:00+00:00,15460.442389201758
2024-04-02 02:00:00+00:00,15460.442389201758
2024-04-02 04:00:00+00:00,15460.442389201758
2024-04-02 06:00:00+00:00,15460.442389201758
2024-04-02 08:00:00+00:00,15460.442389201758
2024-04-02 10:00:00+00:00,15460.442389201758
2024-04-02 12:00:00+00:00,15460.442389201758
2024-04-02 14:00:00+00:00,15460.442389201758
2024-04-02 16:00:00+00:00,15460.442389201758
2024-04-02 18:00:00+00:00,15460.442389201758
2024-04-02 20:00:00+00:00,15460.442389201758
2024-04-02 22:00:00+00:00,15460.442389201758
2024-04-03 00:00:00+00:00,15460.442389201758
2024-04-03 02:00:00+00:00,15460.442389201758
2024-04-03 04:00:00+00:00,15460.442389201758
2024-04-03 06:00:00+00:00,15460.442389201758
2024-04-03 08:00:00+00:00,15460.442389201758
2024-04-03 10:00:00+00:00,15460.442389201758
2024-04-03 12:00:00+00:00,15460.442389201758
2024-04-03 14:00:00+00:00,15460.442389201758
2024-04-03 16:00:00+00:00,15460.442389201758
2024-04-03 18:00:00+00:00,15460.442389201758
2024-04-03 20:00:00+00:00,15460.442389201758
2024-04-03 22:00:00+00:00,15460.442389201758
2024-04-04 00:00:00+00:00,15460.442389201758
2024-04-04 02:00:00+00:00,15460.442389201758
2024-04-04 04:00:00+00:00,15460.442389201758
2024-04-04 06:00:00+00:00,15460.442389201758
2024-04-04 08:00:00+00:00,15460.442389201758
2024-04-04 10:00:00+00:00,15460.442389201758
2024-04-04 12:00:00+00:00,15460.442389201758
2024-04-04 14:00:00+00:00,15460.442389201758
2024-04-04 16:00:00+00:00,15460.442389201758
2024-04-04 18:00:00+00:00,15460.442389201758
2024-04-04 20:00:00+00:00,15460.442389201758
2024-04-04 22:00:00+00:00,15460.442389201758
2024-04-05 00:00:00+00:00,15460.442389201758
2024-04-05 02:00:00+00:00,15460.442389201758
2024-04-05 04:00:00+00:00,15460.442389201758
2024-04-05 06:00:00+00:00,15460.442389201758
2024-04-05 08:00:00+00:00,15460.442389201758
2024-04-05 10:00:00+00:00,15460.442389201758
2024-04-05 12:00:00+00:00,15460.442389201758
2024-04-05 14:00:00+00:00,15460.442389201758
2024-04-05 16:00:00+00:00,15460.442389201758
2024-04-05 18:00:00+00:00,15460.442389201758
2024-04-05 20:00:00+00:00,15460.442389201758
2024-04-05 22:00:00+00:00,15460.442389201758
2024-04-06 00:00:00+00:00,15460.442389201758
2024-04-06 02:00:00+00:00,15460.442389201758
2024-04-06 04:00:00+00:00,15460.442389201758
2024-04-06 06:00:00+00:00,15460.442389201758
2024-04-06 08:00:00+00:00,15460.442389201758
2024-04-06 10:00:00+00:00,15460.442389201758
2024-04-06 12:00:00+00:00,15460.442389201758
2024-04-06 14:00:00+00:00,15903.755016838166
2024-04-06 16:00:00+00:00,15862.182145226188
2024-04-06 18:00:00+00:00,15857.556078942462
2024-04-06 20:00:00+00:00,15833.434447605889
2024-04-06 22:00:00+00:00,15928.268806422275
2024-04-07 00:00:00+00:00,16166.900800901916
2024-04-07 02:00:00+00:00,16112.379305415147
2024-04-07 04:00:00+00:00,16140.466136423483
2024-04-07 06:00:00+00:00,16012.588447009055
2024-04-07 08:00:00+00:00,16012.96943661085
2024-04-07 10:00:00+00:00,16054.604033164385
2024-04-07 12:00:00+00:00,16062.534432507915
2024-04-07 14:00:00+00:00,15946.552342108784
2024-04-07 16:00:00+00:00,16031.530701491038
2024-04-07 18:00:00+00:00,15910.261678196217
2024-04-07 20:00:00+00:00,15906.626911830434
2024-04-07 22:00:00+00:00,16299.512112641167
2024-04-08 00:00:00+00:00,16112.999173818665
2024-04-08 02:00:00+00:00,16100.112274885429
2024-04-08 04:00:00+00:00,16233.607330501523
2024-04-08 06:00:00+00:00,16349.919854206633
2024-04-08 08:00:00+00:00,16644.572594304213
2024-04-08 10:00:00+00:00,16663.407292745094
2024-04-08 12:00:00+00:00,16558.329501443317
2024-04-08 14:00:00+00:00,16398.73021465477
2024-04-08 16:00:00+00:00,16482.301545574788
2024-04-08 18:00:00+00:00,16514.35357625489
2024-04-08 20:00:00+00:00,16580.440237450974
2024-04-08 22:00:00+00:00,16477.67547929106
2024-04-09 00:00:00+00:00,16324.435658445302
2024-04-09 02:00:00+00:00,16102.609077065004
2024-04-09 04:00:00+00:00,16102.609077065004
2024-04-09 06:00:00+00:00,16102.609077065004
2024-04-09 08:00:00+00:00,16102.609077065004
2024-04-09 10:00:00+00:00,16102.609077065004
2024-04-09 12:00:00+00:00,16102.609077065004
2024-04-09 14:00:00+00:00,16102.609077065004
2024-04-09 16:00:00+00:00,16102.609077065004
2024-04-09 18:00:00+00:00,16102.609077065004
2024-04-09 20:00:00+00:00,16102.609077065004
2024-04-09 22:00:00+00:00,16102.609077065004
2024-04-10 00:00:00+00:00,16102.609077065004
2024-04-10 02:00:00+00:00,16102.609077065004
2024-04-10 04:00:00+00:00,16102.609077065004
2024-04-10 06:00:00+00:00,16102.609077065004
2024-04-10 08:00:00+00:00,16102.609077065004
2024-04-10 10:00:00+00:00,16102.609077065004
2024-04-10 12:00:00+00:00,16102.609077065004
2024-04-10 14:00:00+00:00,16102.609077065004
2024-04-10 16:00:00+00:00,16102.609077065004
2024-04-10 18:00:00+00:00,16102.609077065004
2024-04-10 20:00:00+00:00,16102.609077065004
2024-04-10 22:00:00+00:00,16102.609077065004
2024-04-11 00:00:00+00:00,16102.609077065004
2024-04-11 02:00:00+00:00,16102.609077065004
2024-04-11 04:00:00+00:00,16102.609077065004
2024-04-11 06:00:00+00:00,16102.609077065004
2024-04-11 08:00:00+00:00,16102.609077065004
2024-04-11 10:00:00+00:00,16102.609077065004
2024-04-11 12:00:00+00:00,16102.609077065004
2024-04-11 14:00:00+00:00,16102.609077065004
2024-04-11 16:00:00+00:00,16102.609077065004
2024-04-11 18:00:00+00:00,16102.609077065004
2024-04-11 20:00:00+00:00,16102.609077065004
2024-04-11 22:00:00+00:00,16102.609077065004
2024-04-12 00:00:00+00:00,16102.609077065004
2024-04-12 02:00:00+00:00,16102.609077065004
2024-04-12 04:00:00+00:00,16102.609077065004
2024-04-12 06:00:00+00:00,16102.609077065004
2024-04-12 08:00:00+00:00,16102.609077065004
2024-04-12 10:00:00+00:00,16102.609077065004
2024-04-12 12:00:00+00:00,16102.609077065004
2024-04-12 14:00:00+00:00,16102.609077065004
2024-04-12 16:00:00+00:00,16102.609077065004
2024-04-12 18:00:00+00:00,16102.609077065004
2024-04-12 20:00:00+00:00,16102.609077065004
2024-04-12 22:00:00+00:00,16102.609077065004
2024-04-13 00:00:00+00:00,16102.609077065004
2024-04-13 02:00:00+00:00,16102.609077065004
2024-04-13 04:00:00+00:00,16102.609077065004
2024-04-13 06:00:00+00:00,16102.609077065004
2024-04-13 08:00:00+00:00,16102.609077065004
2024-04-13 10:00:00+00:00,16102.609077065004
2024-04-13 12:00:00+00:00,16102.609077065004
2024-04-13 14:00:00+00:00,16102.609077065004
2024-04-13 16:00:00+00:00,16102.609077065004
2024-04-13 18:00:00+00:00,16102.609077065004
2024-04-13 20:00:00+00:00,16102.609077065004
2024-04-13 22:00:00+00:00,16102.609077065004
2024-04-14 00:00:00+00:00,16102.609077065004
2024-04-14 02:00:00+00:00,16102.609077065004
2024-04-14 04:00:00+00:00,16102.609077065004
2024-04-14 06:00:00+00:00,16102.609077065004
2024-04-14 08:00:00+00:00,16102.609077065004
2024-04-14 10:00:00+00:00,16102.609077065004
2024-04-14 12:00:00+00:00,16102.609077065004
2024-04-14 14:00:00+00:00,16102.609077065004
2024-04-14 16:00:00+00:00,16102.609077065004
2024-04-14 18:00:00+00:00,16102.609077065004
2024-04-14 20:00:00+00:00,16102.609077065004
2024-04-14 22:00:00+00:00,16102.609077065004
2024-04-15 00:00:00+00:00,16102.609077065004
2024-04-15 02:00:00+00:00,16102.609077065004
2024-04-15 04:00:00+00:00,16102.609077065004
2024-04-15 06:00:00+00:00,16102.609077065004
2024-04-15 08:00:00+00:00,16102.609077065004
2024-04-15 10:00:00+00:00,16102.609077065004
2024-04-15 12:00:00+00:00,16102.609077065004
2024-04-15 14:00:00+00:00,16102.609077065004
2024-04-15 16:00:00+00:00,16102.609077065004
2024-04-15 18:00:00+00:00,16102.609077065004
2024-04-15 20:00:00+00:00,16102.609077065004
2024-04-15 22:00:00+00:00,16102.609077065004
2024-04-16 00:00:00+00:00,16102.609077065004
2024-04-16 02:00:00+00:00,16102.609077065004
2024-04-16 04:00:00+00:00,16102.609077065004
2024-04-16 06:00:00+00:00,16102.609077065004
2024-04-16 08:00:00+00:00,16102.609077065004
2024-04-16 10:00:00+00:00,16102.609077065004
2024-04-16 12:00:00+00:00,16102.609077065004
2024-04-16 14:00:00+00:00,16102.609077065004
2024-04-16 16:00:00+00:00,16102.609077065004
2024-04-16 18:00:00+00:00,16102.609077065004
2024-04-16 20:00:00+00:00,16102.609077065004
2024-04-16 22:00:00+00:00,16102.609077065004
2024-04-17 00:00:00+00:00,16102.609077065004
2024-04-17 02:00:00+00:00,16102.609077065004
2024-04-17 04:00:00+00:00,16102.609077065004
2024-04-17 06:00:00+00:00,16102.609077065004
2024-04-17 08:00:00+00:00,16102.609077065004
2024-04-17 10:00:00+00:00,16102.609077065004
2024-04-17 12:00:00+00:00,16102.609077065004
2024-04-17 14:00:00+00:00,16102.609077065004
2024-04-17 16:00:00+00:00,16102.609077065004
2024-04-17 18:00:00+00:00,16102.609077065004
2024-04-17 20:00:00+00:00,16102.609077065004
2024-04-17 22:00:00+00:00,16102.609077065004
2024-04-18 00:00:00+00:00,16102.609077065004
2024-04-18 02:00:00+00:00,16102.609077065004
2024-04-18 04:00:00+00:00,16102.609077065004
2024-04-18 06:00:00+00:00,16102.609077065004
2024-04-18 08:00:00+00:00,16102.609077065004
2024-04-18 10:00:00+00:00,16102.609077065004
2024-04-18 12:00:00+00:00,16102.609077065004
2024-04-18 14:00:00+00:00,16102.609077065004
2024-04-18 16:00:00+00:00,16102.609077065004
2024-04-18 18:00:00+00:00,16102.609077065004
2024-04-18 20:00:00+00:00,16102.609077065004
2024-04-18 22:00:00+00:00,16102.609077065004
2024-04-19 00:00:00+00:00,16102.609077065004
2024-04-19 02:00:00+00:00,16102.609077065004
2024-04-19 04:00:00+00:00,16102.609077065004
2024-04-19 06:00:00+00:00,16102.609077065004
2024-04-19 08:00:00+00:00,16102.609077065004
2024-04-19 10:00:00+00:00,16102.609077065004
2024-04-19 12:00:00+00:00,16054.581055004219
2024-04-19 14:00:00+00:00,16045.502720273236
2024-04-19 16:00:00+00:00,16034.365963925355
2024-04-19 18:00:00+00:00,16025.74154593092
2024-04-19 20:00:00+00:00,15982.165539222211
2024-04-19 22:00:00+00:00,15727.06433328163
2024-04-20 00:00:00+00:00,15839.857105664682
2024-04-20 02:00:00+00:00,15956.513706957792
2024-04-20 04:00:00+00:00,16125.824649690596
2024-04-20 06:00:00+00:00,16261.999670655321
2024-04-20 08:00:00+00:00,16071.215312488415
2024-04-20 10:00:00+00:00,15894.187785234277
2024-04-20 12:00:00+00:00,15993.595550538525
2024-04-20 14:00:00+00:00,16606.837061616323
2024-04-20 16:00:00+00:00,17029.135076602975
2024-04-20 18:00:00+00:00,17020.964575345093
2024-04-20 20:00:00+00:00,17314.194787155793
2024-04-20 22:00:00+00:00,17379.10488048231
2024-04-21 00:00:00+00:00,17214.39368624072
2024-04-21 02:00:00+00:00,17327.41895364144
2024-04-21 04:00:00+00:00,17266.594110943865
2024-04-21 06:00:00+00:00,17252.97660884739
2024-04-21 08:00:00+00:00,17085.838344520387
2024-04-21 10:00:00+00:00,16997.778497629868
2024-04-21 12:00:00+00:00,16749.032126000977
2024-04-21 14:00:00+00:00,16882.937563282954
2024-04-21 16:00:00+00:00,16617.89598761926
2024-04-21 18:00:00+00:00,16617.89598761926
2024-04-21 20:00:00+00:00,16617.89598761926
2024-04-21 22:00:00+00:00,16617.89598761926
2024-04-22 00:00:00+00:00,16617.89598761926
2024-04-22 02:00:00+00:00,16617.89598761926
2024-04-22 04:00:00+00:00,16617.89598761926
2024-04-22 06:00:00+00:00,16617.89598761926
2024-04-22 08:00:00+00:00,16617.89598761926
2024-04-22 10:00:00+00:00,16617.89598761926
2024-04-22 12:00:00+00:00,16617.89598761926
2024-04-22 14:00:00+00:00,16617.89598761926
2024-04-22 16:00:00+00:00,16617.89598761926
2024-04-22 18:00:00+00:00,16617.89598761926
2024-04-22 20:00:00+00:00,16617.89598761926
2024-04-22 22:00:00+00:00,16617.89598761926
2024-04-23 00:00:00+00:00,16617.89598761926
2024-04-23 02:00:00+00:00,16617.89598761926
2024-04-23 04:00:00+00:00,16617.89598761926
2024-04-23 06:00:00+00:00,16617.89598761926
2024-04-23 08:00:00+00:00,16617.89598761926
2024-04-23 10:00:00+00:00,16617.89598761926
2024-04-23 12:00:00+00:00,16617.89598761926
2024-04-23 14:00:00+00:00,16617.89598761926
2024-04-23 16:00:00+00:00,16617.89598761926
2024-04-23 18:00:00+00:00,16617.89598761926
2024-04-23 20:00:00+00:00,16617.89598761926
2024-04-23 22:00:00+00:00,16617.89598761926
2024-04-24 00:00:00+00:00,16617.89598761926
2024-04-24 02:00:00+00:00,16617.89598761926
2024-04-24 04:00:00+00:00,16617.89598761926
2024-04-24 06:00:00+00:00,16617.89598761926
2024-04-24 08:00:00+00:00,16617.89598761926
2024-04-24 10:00:00+00:00,16617.89598761926
2024-04-24 12:00:00+00:00,16617.89598761926
2024-04-24 14:00:00+00:00,16617.89598761926
2024-04-24 16:00:00+00:00,16617.89598761926
2024-04-24 18:00:00+00:00,16617.89598761926
2024-04-24 20:00:00+00:00,16617.89598761926
2024-04-24 22:00:00+00:00,16617.89598761926
2024-04-25 00:00:00+00:00,16617.89598761926
2024-04-25 02:00:00+00:00,16617.89598761926
2024-04-25 04:00:00+00:00,16617.89598761926
2024-04-25 06:00:00+00:00,16617.89598761926
2024-04-25 08:00:00+00:00,16617.89598761926
2024-04-25 10:00:00+00:00,16617.89598761926
2024-04-25 12:00:00+00:00,16617.89598761926
2024-04-25 14:00:00+00:00,16617.89598761926
2024-04-25 16:00:00+00:00,16617.89598761926
2024-04-25 18:00:00+00:00,16617.89598761926
2024-04-25 20:00:00+00:00,16617.89598761926
2024-04-25 22:00:00+00:00,16617.89598761926
2024-04-26 00:00:00+00:00,16617.89598761926
2024-04-26 02:00:00+00:00,16617.89598761926
2024-04-26 04:00:00+00:00,16617.89598761926
2024-04-26 06:00:00+00:00,16617.89598761926
2024-04-26 08:00:00+00:00,16617.89598761926
2024-04-26 10:00:00+00:00,16617.89598761926
2024-04-26 12:00:00+00:00,16617.89598761926
2024-04-26 14:00:00+00:00,16617.89598761926
2024-04-26 16:00:00+00:00,16617.89598761926
2024-04-26 18:00:00+00:00,16617.89598761926
2024-04-26 20:00:00+00:00,16617.89598761926
2024-04-26 22:00:00+00:00,16617.89598761926
2024-04-27 00:00:00+00:00,16617.89598761926
2024-04-27 02:00:00+00:00,16617.89598761926
2024-04-27 04:00:00+00:00,16617.89598761926
2024-04-27 06:00:00+00:00,16617.89598761926
2024-04-27 08:00:00+00:00,16617.89598761926
2024-04-27 10:00:00+00:00,16617.89598761926
2024-04-27 12:00:00+00:00,16617.89598761926
2024-04-27 14:00:00+00:00,16617.89598761926
2024-04-27 16:00:00+00:00,16617.89598761926
2024-04-27 18:00:00+00:00,16617.89598761926
2024-04-27 20:00:00+00:00,16617.89598761926
2024-04-27 22:00:00+00:00,16617.89598761926
2024-04-28 00:00:00+00:00,16617.89598761926
2024-04-28 02:00:00+00:00,16617.89598761926
2024-04-28 04:00:00+00:00,16617.89598761926
2024-04-28 06:00:00+00:00,16617.89598761926
2024-04-28 08:00:00+00:00,16617.89598761926
2024-04-28 10:00:00+00:00,16617.89598761926
2024-04-28 12:00:00+00:00,16617.89598761926
2024-04-28 14:00:00+00:00,16617.89598761926
2024-04-28 16:00:00+00:00,16617.89598761926
2024-04-28 18:00:00+00:00,16617.89598761926
2024-04-28 20:00:00+00:00,16617.89598761926
2024-04-28 22:00:00+00:00,16617.89598761926
2024-04-29 00:00:00+00:00,16617.89598761926
2024-04-29 02:00:00+00:00,16617.89598761926
2024-04-29 04:00:00+00:00,16617.89598761926
2024-04-29 06:00:00+00:00,16617.89598761926
2024-04-29 08:00:00+00:00,16617.89598761926
2024-04-29 10:00:00+00:00,16617.89598761926
2024-04-29 12:00:00+00:00,16617.89598761926
2024-04-29 14:00:00+00:00,16617.89598761926
2024-04-29 16:00:00+00:00,16617.89598761926
2024-04-29 18:00:00+00:00,16617.89598761926
2024-04-29 20:00:00+00:00,16617.89598761926
2024-04-29 22:00:00+00:00,16617.89598761926
2024-04-30 00:00:00+00:00,16617.89598761926
2024-04-30 02:00:00+00:00,16642.52635340095
2024-04-30 04:00:00+00:00,16547.467147191797
2024-04-30 06:00:00+00:00,16578.99432111041
2024-04-30 08:00:00+00:00,15958.794614225397
2024-04-30 10:00:00+00:00,15958.794614225397
2024-04-30 12:00:00+00:00,15958.794614225397
2024-04-30 14:00:00+00:00,15958.794614225397
2024-04-30 16:00:00+00:00,15958.794614225397
2024-04-30 18:00:00+00:00,15958.794614225397
2024-04-30 20:00:00+00:00,15958.794614225397
2024-04-30 22:00:00+00:00,15958.794614225397
2024-05-01 00:00:00+00:00,15958.794614225397
2024-05-01 02:00:00+00:00,15958.794614225397
2024-05-01 04:00:00+00:00,15958.794614225397
2024-05-01 06:00:00+00:00,15958.794614225397
2024-05-01 08:00:00+00:00,15958.794614225397
2024-05-01 10:00:00+00:00,15958.794614225397
2024-05-01 12:00:00+00:00,15958.794614225397
2024-05-01 14:00:00+00:00,15958.794614225397
2024-05-01 16:00:00+00:00,15958.794614225397
2024-05-01 18:00:00+00:00,15958.794614225397
2024-05-01 20:00:00+00:00,15958.794614225397
2024-05-01 22:00:00+00:00,15958.794614225397
2024-05-02 00:00:00+00:00,15958.794614225397
2024-05-02 02:00:00+00:00,15958.794614225397
2024-05-02 04:00:00+00:00,15958.794614225397
2024-05-02 06:00:00+00:00,15958.794614225397
2024-05-02 08:00:00+00:00,15958.794614225397
2024-05-02 10:00:00+00:00,15958.794614225397
2024-05-02 12:00:00+00:00,15958.794614225397
2024-05-02 14:00:00+00:00,15958.794614225397
2024-05-02 16:00:00+00:00,15917.042367699563
2024-05-02 18:00:00+00:00,15906.201301204937
2024-05-02 20:00:00+00:00,15862.837035226426
2024-05-02 22:00:00+00:00,15819.472769247912
2024-05-03 00:00:00+00:00,16001.403300205957
2024-05-03 02:00:00+00:00,16096.61614507182
2024-05-03 04:00:00+00:00,15990.562233711327
2024-05-03 06:00:00+00:00,15802.96464828255
2024-05-03 08:00:00+00:00,15928.184258131148
2024-05-03 10:00:00+00:00,15813.17468314466
2024-05-03 12:00:00+00:00,16404.248482460458
2024-05-03 14:00:00+00:00,16523.500213901367
2024-05-03 16:00:00+00:00,16638.307826040887
2024-05-03 18:00:00+00:00,16615.21164090016
2024-05-03 20:00:00+00:00,16756.14550533032
2024-05-03 22:00:00+00:00,16744.83308811854
2024-05-04 00:00:00+00:00,16684.846011675094
2024-05-04 02:00:00+00:00,16736.694590562445
2024-05-04 04:00:00+00:00,16831.907435428308
2024-05-04 06:00:00+00:00,16685.317362392252
2024-05-04 08:00:00+00:00,16712.400938924777
2024-05-04 10:00:00+00:00,16867.475324869672
2024-05-04 12:00:00+00:00,17000.86757782531
2024-05-04 14:00:00+00:00,17060.257768187184
2024-05-04 16:00:00+00:00,17208.30118528362
2024-05-04 18:00:00+00:00,17580.66825183823
2024-05-04 20:00:00+00:00,17500.538629921415
2024-05-04 22:00:00+00:00,17589.623915464228
2024-05-05 00:00:00+00:00,17625.963077875207
2024-05-05 02:00:00+00:00,17695.251633297394
2024-05-05 04:00:00+00:00,17427.053075234646
2024-05-05 06:00:00+00:00,17406.78499439686
2024-05-05 08:00:00+00:00,17509.949092572027
2024-05-05 10:00:00+00:00,17435.00432854395
2024-05-05 12:00:00+00:00,17574.524140822636
2024-05-05 14:00:00+00:00,17614.11760106389
2024-05-05 16:00:00+00:00,17572.716278540705
2024-05-05 18:00:00+00:00,17534.065519733773
2024-05-05 20:00:00+00:00,17600.52597085301
2024-05-05 22:00:00+00:00,17587.328150772595
2024-05-06 00:00:00+00:00,17547.333127388614
2024-05-06 02:00:00+00:00,17530.364501570933
2024-05-06 04:00:00+00:00,17753.313390786545
2024-05-06 06:00:00+00:00,18020.097896697822
2024-05-06 08:00:00+00:00,18604.183874496688
2024-05-06 10:00:00+00:00,18162.999603237047
2024-05-06 12:00:00+00:00,18000.51531467517
2024-05-06 14:00:00+00:00,18000.51531467517
2024-05-06 16:00:00+00:00,18000.51531467517
2024-05-06 18:00:00+00:00,18000.51531467517
2024-05-06 20:00:00+00:00,18000.51531467517
2024-05-06 22:00:00+00:00,18000.51531467517
2024-05-07 00:00:00+00:00,18000.51531467517
2024-05-07 02:00:00+00:00,18000.51531467517
2024-05-07 04:00:00+00:00,18000.51531467517
2024-05-07 06:00:00+00:00,18000.51531467517
2024-05-07 08:00:00+00:00,18000.51531467517
2024-05-07 10:00:00+00:00,18000.51531467517
2024-05-07 12:00:00+00:00,18000.51531467517
2024-05-07 14:00:00+00:00,18000.51531467517
2024-05-07 16:00:00+00:00,18000.51531467517
2024-05-07 18:00:00+00:00,18000.51531467517
2024-05-07 20:00:00+00:00,18000.51531467517
2024-05-07 22:00:00+00:00,18000.51531467517
2024-05-08 00:00:00+00:00,18000.51531467517
2024-05-08 02:00:00+00:00,18000.51531467517
2024-05-08 04:00:00+00:00,18000.51531467517
2024-05-08 06:00:00+00:00,18000.51531467517
2024-05-08 08:00:00+00:00,18000.51531467517
2024-05-08 10:00:00+00:00,18000.51531467517
2024-05-08 12:00:00+00:00,18000.51531467517
2024-05-08 14:00:00+00:00,18000.51531467517
2024-05-08 16:00:00+00:00,18000.51531467517
2024-05-08 18:00:00+00:00,18000.51531467517
2024-05-08 20:00:00+00:00,18000.51531467517
2024-05-08 22:00:00+00:00,18000.51531467517
2024-05-09 00:00:00+00:00,18000.51531467517
2024-05-09 02:00:00+00:00,18000.51531467517
2024-05-09 04:00:00+00:00,18000.51531467517
2024-05-09 06:00:00+00:00,18000.51531467517
2024-05-09 08:00:00+00:00,18000.51531467517
2024-05-09 10:00:00+00:00,18000.51531467517
2024-05-09 12:00:00+00:00,18000.51531467517
2024-05-09 14:00:00+00:00,18000.51531467517
2024-05-09 16:00:00+00:00,18000.51531467517
2024-05-09 18:00:00+00:00,18000.51531467517
2024-05-09 20:00:00+00:00,18000.51531467517
2024-05-09 22:00:00+00:00,18000.51531467517
2024-05-10 00:00:00+00:00,18000.51531467517
2024-05-10 02:00:00+00:00,18000.51531467517
2024-05-10 04:00:00+00:00,18000.51531467517
2024-05-10 06:00:00+00:00,18000.51531467517
2024-05-10 08:00:00+00:00,17812.39463154574
2024-05-10 10:00:00+00:00,17858.30157907921
2024-05-10 12:00:00+00:00,17806.905757384127
2024-05-10 14:00:00+00:00,17573.840671661845
2024-05-10 16:00:00+00:00,17573.840671661845
2024-05-10 18:00:00+00:00,17573.840671661845
2024-05-10 20:00:00+00:00,17573.840671661845
2024-05-10 22:00:00+00:00,17573.840671661845
2024-05-11 00:00:00+00:00,17573.840671661845
2024-05-11 02:00:00+00:00,17573.840671661845
2024-05-11 04:00:00+00:00,17573.840671661845
2024-05-11 06:00:00+00:00,17573.840671661845
2024-05-11 08:00:00+00:00,17573.840671661845
2024-05-11 10:00:00+00:00,17573.840671661845
2024-05-11 12:00:00+00:00,17573.840671661845
2024-05-11 14:00:00+00:00,17573.840671661845
2024-05-11 16:00:00+00:00,17573.840671661845
2024-05-11 18:00:00+00:00,17573.840671661845
2024-05-11 20:00:00+00:00,17573.840671661845
2024-05-11 22:00:00+00:00,17573.840671661845
2024-05-12 00:00:00+00:00,17573.840671661845
2024-05-12 02:00:00+00:00,17573.840671661845
2024-05-12 04:00:00+00:00,17573.840671661845
2024-05-12 06:00:00+00:00,17573.840671661845
2024-05-12 08:00:00+00:00,17573.840671661845
2024-05-12 10:00:00+00:00,17573.840671661845
2024-05-12 12:00:00+00:00,17573.840671661845
2024-05-12 14:00:00+00:00,17573.840671661845
2024-05-12 16:00:00+00:00,17573.840671661845
2024-05-12 18:00:00+00:00,17573.840671661845
2024-05-12 20:00:00+00:00,17573.840671661845
2024-05-12 22:00:00+00:00,17573.840671661845
2024-05-13 00:00:00+00:00,17573.840671661845
2024-05-13 02:00:00+00:00,17573.840671661845
2024-05-13 04:00:00+00:00,17573.840671661845
2024-05-13 06:00:00+00:00,17573.840671661845
2024-05-13 08:00:00+00:00,17573.840671661845
2024-05-13 10:00:00+00:00,17573.840671661845
2024-05-13 12:00:00+00:00,17573.840671661845
2024-05-13 14:00:00+00:00,17573.840671661845
2024-05-13 16:00:00+00:00,17573.840671661845
2024-05-13 18:00:00+00:00,17573.840671661845
2024-05-13 20:00:00+00:00,17573.840671661845
2024-05-13 22:00:00+00:00,17573.840671661845
2024-05-14 00:00:00+00:00,17573.840671661845
2024-05-14 02:00:00+00:00,17573.840671661845
2024-05-14 04:00:00+00:00,17573.840671661845
2024-05-14 06:00:00+00:00,17573.840671661845
2024-05-14 08:00:00+00:00,17573.840671661845
2024-05-14 10:00:00+00:00,17573.840671661845
2024-05-14 12:00:00+00:00,17573.840671661845
2024-05-14 14:00:00+00:00,17573.840671661845
2024-05-14 16:00:00+00:00,17573.840671661845
2024-05-14 18:00:00+00:00,17573.840671661845
2024-05-14 20:00:00+00:00,17573.840671661845
2024-05-14 22:00:00+00:00,17573.840671661845
2024-05-15 00:00:00+00:00,17573.840671661845
2024-05-15 02:00:00+00:00,17573.840671661845
2024-05-15 04:00:00+00:00,17573.840671661845
2024-05-15 06:00:00+00:00,17573.840671661845
2024-05-15 08:00:00+00:00,17573.840671661845
2024-05-15 10:00:00+00:00,17573.840671661845
2024-05-15 12:00:00+00:00,17573.840671661845
2024-05-15 14:00:00+00:00,17573.840671661845
2024-05-15 16:00:00+00:00,17481.61349883841
2024-05-15 18:00:00+00:00,17663.87453372646
2024-05-15 20:00:00+00:00,17749.856434365734
2024-05-15 22:00:00+00:00,17844.07612189261
2024-05-16 00:00:00+00:00,17943.719516820103
2024-05-16 02:00:00+00:00,17997.265131589476
2024-05-16 04:00:00+00:00,17844.86607416896
2024-05-16 06:00:00+00:00,17888.114455328836
2024-05-16 08:00:00+00:00,17973.851951128392
2024-05-16 10:00:00+00:00,17810.640798417906
2024-05-16 12:00:00+00:00,17824.542063790726
2024-05-16 14:00:00+00:00,17610.35960471324
2024-05-16 16:00:00+00:00,17339.43015035787
2024-05-16 18:00:00+00:00,17339.43015035787
2024-05-16 20:00:00+00:00,17339.43015035787
2024-05-16 22:00:00+00:00,17339.43015035787
2024-05-17 00:00:00+00:00,17339.43015035787
2024-05-17 02:00:00+00:00,17339.43015035787
2024-05-17 04:00:00+00:00,17339.43015035787
2024-05-17 06:00:00+00:00,17339.43015035787
2024-05-17 08:00:00+00:00,17339.43015035787
2024-05-17 10:00:00+00:00,17339.43015035787
2024-05-17 12:00:00+00:00,17339.43015035787
2024-05-17 14:00:00+00:00,17339.43015035787
2024-05-17 16:00:00+00:00,17339.43015035787
2024-05-17 18:00:00+00:00,17339.43015035787
2024-05-17 20:00:00+00:00,17339.43015035787
2024-05-17 22:00:00+00:00,17339.43015035787
2024-05-18 00:00:00+00:00,17339.43015035787
2024-05-18 02:00:00+00:00,17339.43015035787
2024-05-18 04:00:00+00:00,17339.43015035787
2024-05-18 06:00:00+00:00,17339.43015035787
2024-05-18 08:00:00+00:00,17339.43015035787
2024-05-18 10:00:00+00:00,17339.43015035787
2024-05-18 12:00:00+00:00,17339.43015035787
2024-05-18 14:00:00+00:00,17339.43015035787
2024-05-18 16:00:00+00:00,17339.43015035787
2024-05-18 18:00:00+00:00,17339.43015035787
2024-05-18 20:00:00+00:00,17339.43015035787
2024-05-18 22:00:00+00:00,17339.43015035787
2024-05-19 00:00:00+00:00,17339.43015035787
2024-05-19 02:00:00+00:00,17339.43015035787
2024-05-19 04:00:00+00:00,17339.43015035787
2024-05-19 06:00:00+00:00,17339.43015035787
2024-05-19 08:00:00+00:00,17339.43015035787
2024-05-19 10:00:00+00:00,17339.43015035787
2024-05-19 12:00:00+00:00,17339.43015035787
2024-05-19 14:00:00+00:00,17339.43015035787
2024-05-19 16:00:00+00:00,17339.43015035787
2024-05-19 18:00:00+00:00,17339.43015035787
2024-05-19 20:00:00+00:00,17339.43015035787
2024-05-19 22:00:00+00:00,17339.43015035787
2024-05-20 00:00:00+00:00,17339.43015035787
2024-05-20 02:00:00+00:00,17339.43015035787
2024-05-20 04:00:00+00:00,17339.43015035787
2024-05-20 06:00:00+00:00,17339.43015035787
2024-05-20 08:00:00+00:00,17339.43015035787
2024-05-20 10:00:00+00:00,17339.43015035787
2024-05-20 12:00:00+00:00,17339.43015035787
2024-05-20 14:00:00+00:00,17339.43015035787
2024-05-20 16:00:00+00:00,17339.43015035787
2024-05-20 18:00:00+00:00,17339.43015035787
2024-05-20 20:00:00+00:00,17435.524275214182
2024-05-20 22:00:00+00:00,17958.339338714133
2024-05-21 00:00:00+00:00,17881.34412260005
2024-05-21 02:00:00+00:00,17797.192382927115
2024-05-21 04:00:00+00:00,18342.388228254975
2024-05-21 06:00:00+00:00,18222.427237657383
2024-05-21 08:00:00+00:00,18173.157647402662
2024-05-21 10:00:00+00:00,18086.320213910378
2024-05-21 12:00:00+00:00,18151.672096847873
2024-05-21 14:00:00+00:00,17983.368617501994
2024-05-21 16:00:00+00:00,18423.366552110972
2024-05-21 18:00:00+00:00,18098.397599969736
2024-05-21 20:00:00+00:00,18274.758160773657
2024-05-21 22:00:00+00:00,18447.090180848554
2024-05-22 00:00:00+00:00,18454.197287641135
2024-05-22 02:00:00+00:00,18250.979788643723
2024-05-22 04:00:00+00:00,18556.253652776402
2024-05-22 06:00:00+00:00,18358.855157054244
2024-05-22 08:00:00+00:00,18343.14246060258
2024-05-22 10:00:00+00:00,18046.820909201066
2024-05-22 12:00:00+00:00,17753.142847858882
2024-05-22 14:00:00+00:00,17753.142847858882
2024-05-22 16:00:00+00:00,17753.142847858882
2024-05-22 18:00:00+00:00,17753.142847858882
2024-05-22 20:00:00+00:00,17753.142847858882
2024-05-22 22:00:00+00:00,17753.142847858882
2024-05-23 00:00:00+00:00,17753.142847858882
2024-05-23 02:00:00+00:00,17753.142847858882
2024-05-23 04:00:00+00:00,17753.142847858882
2024-05-23 06:00:00+00:00,17753.142847858882
2024-05-23 08:00:00+00:00,17753.142847858882
2024-05-23 10:00:00+00:00,17753.142847858882
2024-05-23 12:00:00+00:00,17753.142847858882
2024-05-23 14:00:00+00:00,17753.142847858882
2024-05-23 16:00:00+00:00,17753.142847858882
2024-05-23 18:00:00+00:00,17753.142847858882
2024-05-23 20:00:00+00:00,17753.142847858882
2024-05-23 22:00:00+00:00,17753.142847858882
2024-05-24 00:00:00+00:00,17753.142847858882
2024-05-24 02:00:00+00:00,17753.142847858882
2024-05-24 04:00:00+00:00,17753.142847858882
2024-05-24 06:00:00+00:00,17753.142847858882
2024-05-24 08:00:00+00:00,17753.142847858882
2024-05-24 10:00:00+00:00,17753.142847858882
2024-05-24 12:00:00+00:00,17753.142847858882
2024-05-24 14:00:00+00:00,17753.142847858882
2024-05-24 16:00:00+00:00,17753.142847858882
2024-05-24 18:00:00+00:00,17753.142847858882
2024-05-24 20:00:00+00:00,17753.142847858882
2024-05-24 22:00:00+00:00,17753.142847858882
2024-05-25 00:00:00+00:00,17753.142847858882
2024-05-25 02:00:00+00:00,17753.142847858882
2024-05-25 04:00:00+00:00,17753.142847858882
2024-05-25 06:00:00+00:00,17753.142847858882
2024-05-25 08:00:00+00:00,17753.142847858882
2024-05-25 10:00:00+00:00,17753.142847858882
2024-05-25 12:00:00+00:00,17753.142847858882
2024-05-25 14:00:00+00:00,17753.142847858882
2024-05-25 16:00:00+00:00,17753.142847858882
2024-05-25 18:00:00+00:00,17753.142847858882
2024-05-25 20:00:00+00:00,17753.142847858882
2024-05-25 22:00:00+00:00,17753.142847858882
2024-05-26 00:00:00+00:00,17753.142847858882
2024-05-26 02:00:00+00:00,17753.142847858882
2024-05-26 04:00:00+00:00,17753.142847858882
2024-05-26 06:00:00+00:00,17753.142847858882
2024-05-26 08:00:00+00:00,17753.142847858882
2024-05-26 10:00:00+00:00,17753.142847858882
2024-05-26 12:00:00+00:00,17753.142847858882
2024-05-26 14:00:00+00:00,17753.142847858882
2024-05-26 16:00:00+00:00,17753.142847858882
2024-05-26 18:00:00+00:00,17753.142847858882
2024-05-26 20:00:00+00:00,17753.142847858882
2024-05-26 22:00:00+00:00,17753.142847858882
2024-05-27 00:00:00+00:00,17753.142847858882
2024-05-27 02:00:00+00:00,17753.142847858882
2024-05-27 04:00:00+00:00,17753.142847858882
2024-05-27 06:00:00+00:00,17753.142847858882
2024-05-27 08:00:00+00:00,17753.142847858882
2024-05-27 10:00:00+00:00,17753.142847858882
2024-05-27 12:00:00+00:00,17753.142847858882
2024-05-27 14:00:00+00:00,17753.142847858882
2024-05-27 16:00:00+00:00,17753.142847858882
2024-05-27 18:00:00+00:00,17369.301878441336
2024-05-27 20:00:00+00:00,17369.301878441336
2024-05-27 22:00:00+00:00,17369.301878441336
2024-05-28 00:00:00+00:00,17369.301878441336
2024-05-28 02:00:00+00:00,17369.301878441336
2024-05-28 04:00:00+00:00,17369.301878441336
2024-05-28 06:00:00+00:00,17369.301878441336
2024-05-28 08:00:00+00:00,17369.301878441336
2024-05-28 10:00:00+00:00,17369.301878441336
2024-05-28 12:00:00+00:00,17369.301878441336
2024-05-28 14:00:00+00:00,17369.301878441336
2024-05-28 16:00:00+00:00,17369.301878441336
2024-05-28 18:00:00+00:00,17369.301878441336
2024-05-28 20:00:00+00:00,17369.301878441336
2024-05-28 22:00:00+00:00,17369.301878441336
2024-05-29 00:00:00+00:00,17369.301878441336
2024-05-29 02:00:00+00:00,17369.301878441336
2024-05-29 04:00:00+00:00,17369.301878441336
2024-05-29 06:00:00+00:00,17369.301878441336
2024-05-29 08:00:00+00:00,17369.301878441336
2024-05-29 10:00:00+00:00,17369.301878441336
2024-05-29 12:00:00+00:00,17369.301878441336
2024-05-29 14:00:00+00:00,17369.301878441336
2024-05-29 16:00:00+00:00,17369.301878441336
2024-05-29 18:00:00+00:00,17369.301878441336
2024-05-29 20:00:00+00:00,17369.301878441336
2024-05-29 22:00:00+00:00,17369.301878441336
2024-05-30 00:00:00+00:00,17369.301878441336
2024-05-30 02:00:00+00:00,17369.301878441336
2024-05-30 04:00:00+00:00,17369.301878441336
2024-05-30 06:00:00+00:00,17369.301878441336
2024-05-30 08:00:00+00:00,17369.301878441336
2024-05-30 10:00:00+00:00,17369.301878441336
2024-05-30 12:00:00+00:00,17369.301878441336
2024-05-30 14:00:00+00:00,17369.301878441336
2024-05-30 16:00:00+00:00,17369.301878441336
2024-05-30 18:00:00+00:00,17369.301878441336
2024-05-30 20:00:00+00:00,17369.301878441336
2024-05-30 22:00:00+00:00,17369.301878441336
2024-05-31 00:00:00+00:00,17369.301878441336
2024-05-31 02:00:00+00:00,17369.301878441336
2024-05-31 04:00:00+00:00,17369.301878441336
2024-05-31 06:00:00+00:00,17369.301878441336
2024-05-31 08:00:00+00:00,17369.301878441336
2024-05-31 10:00:00+00:00,17369.301878441336
2024-05-31 12:00:00+00:00,17369.301878441336
2024-05-31 14:00:00+00:00,17369.301878441336
2024-05-31 16:00:00+00:00,17369.301878441336
2024-05-31 18:00:00+00:00,17369.301878441336
2024-05-31 20:00:00+00:00,17369.301878441336
2024-05-31 22:00:00+00:00,17369.301878441336
2024-06-01 00:00:00+00:00,17369.301878441336
2024-06-01 02:00:00+00:00,17369.301878441336
2024-06-01 04:00:00+00:00,17369.301878441336
2024-06-01 06:00:00+00:00,17369.301878441336
2024-06-01 08:00:00+00:00,17369.301878441336
2024-06-01 10:00:00+00:00,17369.301878441336
2024-06-01 12:00:00+00:00,17369.301878441336
2024-06-01 14:00:00+00:00,17369.301878441336
2024-06-01 16:00:00+00:00,17369.301878441336
2024-06-01 18:00:00+00:00,17369.301878441336
2024-06-01 20:00:00+00:00,17369.301878441336
2024-06-01 22:00:00+00:00,17369.301878441336
2024-06-02 00:00:00+00:00,17369.301878441336
2024-06-02 02:00:00+00:00,17369.301878441336
2024-06-02 04:00:00+00:00,17369.301878441336
2024-06-02 06:00:00+00:00,17369.301878441336
2024-06-02 08:00:00+00:00,17369.301878441336
2024-06-02 10:00:00+00:00,17369.301878441336
2024-06-02 12:00:00+00:00,17369.301878441336
2024-06-02 14:00:00+00:00,17369.301878441336
2024-06-02 16:00:00+00:00,17369.301878441336
2024-06-02 18:00:00+00:00,17369.301878441336
2024-06-02 20:00:00+00:00,17369.301878441336
2024-06-02 22:00:00+00:00,17369.301878441336
2024-06-03 00:00:00+00:00,17369.301878441336
2024-06-03 02:00:00+00:00,17369.301878441336
2024-06-03 04:00:00+00:00,17369.301878441336
2024-06-03 06:00:00+00:00,17369.301878441336
2024-06-03 08:00:00+00:00,17369.301878441336
2024-06-03 10:00:00+00:00,17369.301878441336
2024-06-03 12:00:00+00:00,17369.301878441336
2024-06-03 14:00:00+00:00,17369.301878441336
2024-06-03 16:00:00+00:00,17369.301878441336
2024-06-03 18:00:00+00:00,17369.301878441336
2024-06-03 20:00:00+00:00,17369.301878441336
2024-06-03 22:00:00+00:00,17369.301878441336
2024-06-04 00:00:00+00:00,17369.301878441336
2024-06-04 02:00:00+00:00,17369.301878441336
2024-06-04 04:00:00+00:00,17369.301878441336
2024-06-04 06:00:00+00:00,17369.301878441336
2024-06-04 08:00:00+00:00,17369.301878441336
2024-06-04 10:00:00+00:00,17369.301878441336
2024-06-04 12:00:00+00:00,17369.301878441336
2024-06-04 14:00:00+00:00,17369.301878441336
2024-06-04 16:00:00+00:00,17369.301878441336
2024-06-04 18:00:00+00:00,17369.301878441336
2024-06-04 20:00:00+00:00,17369.301878441336
2024-06-04 22:00:00+00:00,17369.301878441336
2024-06-05 00:00:00+00:00,17487.347960372554
2024-06-05 02:00:00+00:00,17449.88947899426
2024-06-05 04:00:00+00:00,17423.476447253157
2024-06-05 06:00:00+00:00,17454.211611460985
2024-06-05 08:00:00+00:00,17436.003253454506
2024-06-05 10:00:00+00:00,17474.42220871429
2024-06-05 12:00:00+00:00,17388.459796320527
2024-06-05 14:00:00+00:00,17514.762111737065
2024-06-05 16:00:00+00:00,17653.858131580408
2024-06-05 18:00:00+00:00,17640.89173418023
2024-06-05 20:00:00+00:00,17538.121028860307
2024-06-05 22:00:00+00:00,17568.375956127387
2024-06-06 00:00:00+00:00,17547.363234743665
2024-06-06 02:00:00+00:00,17465.72295481662
2024-06-06 04:00:00+00:00,17375.43840995613
2024-06-06 06:00:00+00:00,17450.835609653455
2024-06-06 08:00:00+00:00,17637.328301210946
2024-06-06 10:00:00+00:00,17669.984413181763
2024-06-06 12:00:00+00:00,17611.87574335134
2024-06-06 14:00:00+00:00,17712.725500908273
2024-06-06 16:00:00+00:00,17568.76379627793
2024-06-06 18:00:00+00:00,17284.917145448697
2024-06-06 20:00:00+00:00,17284.917145448697
2024-06-06 22:00:00+00:00,17284.917145448697
2024-06-07 00:00:00+00:00,17284.917145448697
2024-06-07 02:00:00+00:00,17284.917145448697
2024-06-07 04:00:00+00:00,17284.917145448697
2024-06-07 06:00:00+00:00,17284.917145448697
2024-06-07 08:00:00+00:00,17284.917145448697
2024-06-07 10:00:00+00:00,17284.917145448697
2024-06-07 12:00:00+00:00,17284.917145448697
2024-06-07 14:00:00+00:00,17103.87494507413
2024-06-07 16:00:00+00:00,16923.962261542718
2024-06-07 18:00:00+00:00,16923.962261542718
2024-06-07 20:00:00+00:00,16923.962261542718
2024-06-07 22:00:00+00:00,16923.962261542718
2024-06-08 00:00:00+00:00,16923.962261542718
2024-06-08 02:00:00+00:00,16923.962261542718
2024-06-08 04:00:00+00:00,16923.962261542718
2024-06-08 06:00:00+00:00,16923.962261542718
2024-06-08 08:00:00+00:00,16923.962261542718
2024-06-08 10:00:00+00:00,16923.962261542718
2024-06-08 12:00:00+00:00,16923.962261542718
2024-06-08 14:00:00+00:00,16923.962261542718
2024-06-08 16:00:00+00:00,16923.962261542718
2024-06-08 18:00:00+00:00,16923.962261542718
2024-06-08 20:00:00+00:00,16923.962261542718
2024-06-08 22:00:00+00:00,16923.962261542718
2024-06-09 00:00:00+00:00,16923.962261542718
2024-06-09 02:00:00+00:00,16923.962261542718
2024-06-09 04:00:00+00:00,16923.962261542718
2024-06-09 06:00:00+00:00,16923.962261542718
2024-06-09 08:00:00+00:00,16923.962261542718
2024-06-09 10:00:00+00:00,16923.962261542718
2024-06-09 12:00:00+00:00,16923.962261542718
2024-06-09 14:00:00+00:00,16923.962261542718
2024-06-09 16:00:00+00:00,16923.962261542718
2024-06-09 18:00:00+00:00,16923.962261542718
2024-06-09 20:00:00+00:00,16923.962261542718
2024-06-09 22:00:00+00:00,16923.962261542718
2024-06-10 00:00:00+00:00,16923.962261542718
2024-06-10 02:00:00+00:00,16923.962261542718
2024-06-10 04:00:00+00:00,16923.962261542718
2024-06-10 06:00:00+00:00,16923.962261542718
2024-06-10 08:00:00+00:00,16923.962261542718
2024-06-10 10:00:00+00:00,16923.962261542718
2024-06-10 12:00:00+00:00,16923.962261542718
2024-06-10 14:00:00+00:00,16923.962261542718
2024-06-10 16:00:00+00:00,16923.962261542718
2024-06-10 18:00:00+00:00,16923.962261542718
2024-06-10 20:00:00+00:00,16923.962261542718
2024-06-10 22:00:00+00:00,16923.962261542718
2024-06-11 00:00:00+00:00,16923.962261542718
2024-06-11 02:00:00+00:00,16923.962261542718
2024-06-11 04:00:00+00:00,16923.962261542718
2024-06-11 06:00:00+00:00,16923.962261542718
2024-06-11 08:00:00+00:00,16923.962261542718
2024-06-11 10:00:00+00:00,16923.962261542718
2024-06-11 12:00:00+00:00,16923.962261542718
2024-06-11 14:00:00+00:00,16923.962261542718
2024-06-11 16:00:00+00:00,16923.962261542718
2024-06-11 18:00:00+00:00,16923.962261542718
2024-06-11 20:00:00+00:00,16923.962261542718
2024-06-11 22:00:00+00:00,16923.962261542718
2024-06-12 00:00:00+00:00,16923.962261542718
2024-06-12 02:00:00+00:00,16923.962261542718
2024-06-12 04:00:00+00:00,16923.962261542718
2024-06-12 06:00:00+00:00,16923.962261542718
2024-06-12 08:00:00+00:00,16923.962261542718
2024-06-12 10:00:00+00:00,16923.962261542718
2024-06-12 12:00:00+00:00,16923.962261542718
2024-06-12 14:00:00+00:00,16923.962261542718
2024-06-12 16:00:00+00:00,17112.52064037898
2024-06-12 18:00:00+00:00,16419.729539858774
2024-06-12 20:00:00+00:00,16419.729539858774
2024-06-12 22:00:00+00:00,16419.729539858774
2024-06-13 00:00:00+00:00,16419.729539858774
2024-06-13 02:00:00+00:00,16419.729539858774
2024-06-13 04:00:00+00:00,16419.729539858774
2024-06-13 06:00:00+00:00,16419.729539858774
2024-06-13 08:00:00+00:00,16419.729539858774
2024-06-13 10:00:00+00:00,16419.729539858774
2024-06-13 12:00:00+00:00,16419.729539858774
2024-06-13 14:00:00+00:00,16419.729539858774
2024-06-13 16:00:00+00:00,16419.729539858774
2024-06-13 18:00:00+00:00,16419.729539858774
2024-06-13 20:00:00+00:00,16419.729539858774
2024-06-13 22:00:00+00:00,16419.729539858774
2024-06-14 00:00:00+00:00,16419.729539858774
2024-06-14 02:00:00+00:00,16419.729539858774
2024-06-14 04:00:00+00:00,16419.729539858774
2024-06-14 06:00:00+00:00,16419.729539858774
2024-06-14 08:00:00+00:00,16419.729539858774
2024-06-14 10:00:00+00:00,16419.729539858774
2024-06-14 12:00:00+00:00,16419.729539858774
2024-06-14 14:00:00+00:00,16419.729539858774
2024-06-14 16:00:00+00:00,16419.729539858774
2024-06-14 18:00:00+00:00,16419.729539858774
2024-06-14 20:00:00+00:00,16419.729539858774
2024-06-14 22:00:00+00:00,16419.729539858774
2024-06-15 00:00:00+00:00,16419.729539858774
2024-06-15 02:00:00+00:00,16419.729539858774
2024-06-15 04:00:00+00:00,16419.729539858774
2024-06-15 06:00:00+00:00,16419.729539858774
2024-06-15 08:00:00+00:00,16419.729539858774
2024-06-15 10:00:00+00:00,16419.729539858774
2024-06-15 12:00:00+00:00,16419.729539858774
2024-06-15 14:00:00+00:00,16419.729539858774
2024-06-15 16:00:00+00:00,16419.729539858774
2024-06-15 18:00:00+00:00,16419.729539858774
2024-06-15 20:00:00+00:00,16419.729539858774
2024-06-15 22:00:00+00:00,16419.729539858774
2024-06-16 00:00:00+00:00,16419.729539858774
2024-06-16 02:00:00+00:00,16419.729539858774
2024-06-16 04:00:00+00:00,16419.729539858774
2024-06-16 06:00:00+00:00,16419.729539858774
2024-06-16 08:00:00+00:00,16419.729539858774
2024-06-16 10:00:00+00:00,16419.729539858774
2024-06-16 12:00:00+00:00,16419.729539858774
2024-06-16 14:00:00+00:00,16419.729539858774
2024-06-16 16:00:00+00:00,16419.729539858774
2024-06-16 18:00:00+00:00,16419.729539858774
2024-06-16 20:00:00+00:00,16419.729539858774
2024-06-16 22:00:00+00:00,16419.729539858774
2024-06-17 00:00:00+00:00,16419.729539858774
2024-06-17 02:00:00+00:00,16419.729539858774
2024-06-17 04:00:00+00:00,16419.729539858774
2024-06-17 06:00:00+00:00,16419.729539858774
2024-06-17 08:00:00+00:00,16419.729539858774
2024-06-17 10:00:00+00:00,16419.729539858774
2024-06-17 12:00:00+00:00,16419.729539858774
2024-06-17 14:00:00+00:00,16419.729539858774
2024-06-17 16:00:00+00:00,16419.729539858774
2024-06-17 18:00:00+00:00,16419.729539858774
2024-06-17 20:00:00+00:00,16419.729539858774
2024-06-17 22:00:00+00:00,16419.729539858774
2024-06-18 00:00:00+00:00,16419.729539858774
2024-06-18 02:00:00+00:00,16419.729539858774
2024-06-18 04:00:00+00:00,16419.729539858774
2024-06-18 06:00:00+00:00,16419.729539858774
2024-06-18 08:00:00+00:00,16419.729539858774
2024-06-18 10:00:00+00:00,16419.729539858774
2024-06-18 12:00:00+00:00,16419.729539858774
2024-06-18 14:00:00+00:00,16419.729539858774
2024-06-18 16:00:00+00:00,16419.729539858774
2024-06-18 18:00:00+00:00,16419.729539858774
2024-06-18 20:00:00+00:00,16419.729539858774
2024-06-18 22:00:00+00:00,16419.729539858774
2024-06-19 00:00:00+00:00,16419.729539858774
2024-06-19 02:00:00+00:00,16419.729539858774
2024-06-19 04:00:00+00:00,16419.729539858774
2024-06-19 06:00:00+00:00,16419.729539858774
2024-06-19 08:00:00+00:00,16419.729539858774
2024-06-19 10:00:00+00:00,16419.729539858774
2024-06-19 12:00:00+00:00,16419.729539858774
2024-06-19 14:00:00+00:00,16419.729539858774
2024-06-19 16:00:00+00:00,16419.729539858774
2024-06-19 18:00:00+00:00,16419.729539858774
2024-06-19 20:00:00+00:00,16419.729539858774
2024-06-19 22:00:00+00:00,16419.729539858774
2024-06-20 00:00:00+00:00,16419.729539858774
2024-06-20 02:00:00+00:00,16419.729539858774
2024-06-20 04:00:00+00:00,16419.729539858774
2024-06-20 06:00:00+00:00,16419.729539858774
2024-06-20 08:00:00+00:00,16419.729539858774
2024-06-20 10:00:00+00:00,16586.31174238513
2024-06-20 12:00:00+00:00,16064.24426552672
2024-06-20 14:00:00+00:00,15954.489050229373
2024-06-20 16:00:00+00:00,15954.489050229373
2024-06-20 18:00:00+00:00,15954.489050229373
2024-06-20 20:00:00+00:00,15954.489050229373
2024-06-20 22:00:00+00:00,15954.489050229373
2024-06-21 00:00:00+00:00,15954.489050229373
2024-06-21 02:00:00+00:00,15954.489050229373
2024-06-21 04:00:00+00:00,15954.489050229373
2024-06-21 06:00:00+00:00,15954.489050229373
2024-06-21 08:00:00+00:00,15954.489050229373
2024-06-21 10:00:00+00:00,15954.489050229373
2024-06-21 12:00:00+00:00,15954.489050229373
2024-06-21 14:00:00+00:00,15954.489050229373
2024-06-21 16:00:00+00:00,15954.489050229373
2024-06-21 18:00:00+00:00,15954.489050229373
2024-06-21 20:00:00+00:00,15954.489050229373
2024-06-21 22:00:00+00:00,15954.489050229373
2024-06-22 00:00:00+00:00,15954.489050229373
2024-06-22 02:00:00+00:00,15954.489050229373
2024-06-22 04:00:00+00:00,15954.489050229373
2024-06-22 06:00:00+00:00,15954.489050229373
2024-06-22 08:00:00+00:00,15954.489050229373
2024-06-22 10:00:00+00:00,15954.489050229373
2024-06-22 12:00:00+00:00,15954.489050229373
2024-06-22 14:00:00+00:00,15954.489050229373
2024-06-22 16:00:00+00:00,15954.489050229373
2024-06-22 18:00:00+00:00,15954.489050229373
2024-06-22 20:00:00+00:00,15954.489050229373
2024-06-22 22:00:00+00:00,15954.489050229373
2024-06-23 00:00:00+00:00,15954.489050229373
2024-06-23 02:00:00+00:00,15954.489050229373
2024-06-23 04:00:00+00:00,15954.489050229373
2024-06-23 06:00:00+00:00,15954.489050229373
2024-06-23 08:00:00+00:00,15954.489050229373
2024-06-23 10:00:00+00:00,15954.489050229373
2024-06-23 12:00:00+00:00,15954.489050229373
2024-06-23 14:00:00+00:00,15954.489050229373
2024-06-23 16:00:00+00:00,15954.489050229373
2024-06-23 18:00:00+00:00,15954.489050229373
2024-06-23 20:00:00+00:00,15954.489050229373
2024-06-23 22:00:00+00:00,15954.489050229373
2024-06-24 00:00:00+00:00,15954.489050229373
2024-06-24 02:00:00+00:00,15954.489050229373
2024-06-24 04:00:00+00:00,15954.489050229373
2024-06-24 06:00:00+00:00,15954.489050229373
2024-06-24 08:00:00+00:00,15954.489050229373
2024-06-24 10:00:00+00:00,15954.489050229373
2024-06-24 12:00:00+00:00,15954.489050229373
2024-06-24 14:00:00+00:00,15954.489050229373
2024-06-24 16:00:00+00:00,15954.489050229373
2024-06-24 18:00:00+00:00,15954.489050229373
2024-06-24 20:00:00+00:00,15954.489050229373
2024-06-24 22:00:00+00:00,15954.489050229373
2024-06-25 00:00:00+00:00,15954.489050229373
2024-06-25 02:00:00+00:00,15954.489050229373
2024-06-25 04:00:00+00:00,15954.489050229373
2024-06-25 06:00:00+00:00,15954.489050229373
2024-06-25 08:00:00+00:00,15954.489050229373
2024-06-25 10:00:00+00:00,15954.489050229373
2024-06-25 12:00:00+00:00,15954.489050229373
2024-06-25 14:00:00+00:00,15954.489050229373
2024-06-25 16:00:00+00:00,15697.672175252314
2024-06-25 18:00:00+00:00,15854.903699079023
2024-06-25 20:00:00+00:00,15796.485662558425
2024-06-25 22:00:00+00:00,15779.706013770594
2024-06-26 00:00:00+00:00,15981.348296190903
2024-06-26 02:00:00+00:00,15798.636564945637
2024-06-26 04:00:00+00:00,15866.998097044205
2024-06-26 06:00:00+00:00,16166.54590133066
2024-06-26 08:00:00+00:00,16128.792007170807
2024-06-26 10:00:00+00:00,16184.102701323287
2024-06-26 12:00:00+00:00,16214.55465653083
2024-06-26 14:00:00+00:00,16125.684664802691
2024-06-26 16:00:00+00:00,16191.974194150333
2024-06-26 18:00:00+00:00,16468.527664912723
2024-06-26 20:00:00+00:00,16280.844185878474
2024-06-26 22:00:00+00:00,16034.742670323623
2024-06-27 00:00:00+00:00,15872.841435653258
2024-06-27 02:00:00+00:00,15872.841435653258
2024-06-27 04:00:00+00:00,15872.841435653258
2024-06-27 06:00:00+00:00,15872.841435653258
2024-06-27 08:00:00+00:00,15872.841435653258
2024-06-27 10:00:00+00:00,15872.841435653258
2024-06-27 12:00:00+00:00,15872.841435653258
2024-06-27 14:00:00+00:00,15872.841435653258
2024-06-27 16:00:00+00:00,15872.841435653258
2024-06-27 18:00:00+00:00,15872.841435653258
2024-06-27 20:00:00+00:00,15872.841435653258
2024-06-27 22:00:00+00:00,15872.841435653258
2024-06-28 00:00:00+00:00,15872.841435653258
2024-06-28 02:00:00+00:00,15872.841435653258
2024-06-28 04:00:00+00:00,15872.841435653258
2024-06-28 06:00:00+00:00,15872.841435653258
2024-06-28 08:00:00+00:00,15872.841435653258
2024-06-28 10:00:00+00:00,15872.841435653258
2024-06-28 12:00:00+00:00,15872.841435653258
2024-06-28 14:00:00+00:00,15872.841435653258
2024-06-28 16:00:00+00:00,15872.841435653258
2024-06-28 18:00:00+00:00,15872.841435653258
2024-06-28 20:00:00+00:00,15872.841435653258
2024-06-28 22:00:00+00:00,15872.841435653258
2024-06-29 00:00:00+00:00,15872.841435653258
2024-06-29 02:00:00+00:00,15872.841435653258
2024-06-29 04:00:00+00:00,15872.841435653258
2024-06-29 06:00:00+00:00,15872.841435653258
2024-06-29 08:00:00+00:00,15872.841435653258
2024-06-29 10:00:00+00:00,15872.841435653258
2024-06-29 12:00:00+00:00,15872.841435653258
2024-06-29 14:00:00+00:00,15872.841435653258
2024-06-29 16:00:00+00:00,15872.841435653258
2024-06-29 18:00:00+00:00,15872.841435653258
2024-06-29 20:00:00+00:00,15872.841435653258
2024-06-29 22:00:00+00:00,15872.841435653258
2024-06-30 00:00:00+00:00,15872.841435653258
2024-06-30 02:00:00+00:00,15872.841435653258
2024-06-30 04:00:00+00:00,15872.841435653258
2024-06-30 06:00:00+00:00,15872.841435653258
2024-06-30 08:00:00+00:00,15872.841435653258
2024-06-30 10:00:00+00:00,15872.841435653258
2024-06-30 12:00:00+00:00,15872.841435653258
2024-06-30 14:00:00+00:00,15872.841435653258
2024-06-30 16:00:00+00:00,15872.841435653258
2024-06-30 18:00:00+00:00,15872.841435653258
2024-06-30 20:00:00+00:00,15872.841435653258
2024-06-30 22:00:00+00:00,15872.841435653258
2024-07-01 00:00:00+00:00,15872.841435653258
2024-07-01 02:00:00+00:00,15872.841435653258
2024-07-01 04:00:00+00:00,15872.841435653258
2024-07-01 06:00:00+00:00,15872.841435653258
2024-07-01 08:00:00+00:00,15872.841435653258
2024-07-01 10:00:00+00:00,15872.841435653258
2024-07-01 12:00:00+00:00,15872.841435653258
2024-07-01 14:00:00+00:00,15872.841435653258
2024-07-01 16:00:00+00:00,15872.841435653258
2024-07-01 18:00:00+00:00,15872.841435653258
2024-07-01 20:00:00+00:00,15872.841435653258
2024-07-01 22:00:00+00:00,15872.841435653258
2024-07-02 00:00:00+00:00,15872.841435653258
2024-07-02 02:00:00+00:00,15872.841435653258
2024-07-02 04:00:00+00:00,15872.841435653258
2024-07-02 06:00:00+00:00,15872.841435653258
2024-07-02 08:00:00+00:00,15872.841435653258
2024-07-02 10:00:00+00:00,15872.841435653258
2024-07-02 12:00:00+00:00,15872.841435653258
2024-07-02 14:00:00+00:00,15872.841435653258
2024-07-02 16:00:00+00:00,15872.841435653258
2024-07-02 18:00:00+00:00,15872.841435653258
2024-07-02 20:00:00+00:00,15872.841435653258
2024-07-02 22:00:00+00:00,15872.841435653258
2024-07-03 00:00:00+00:00,15872.841435653258
2024-07-03 02:00:00+00:00,15872.841435653258
2024-07-03 04:00:00+00:00,15872.841435653258
2024-07-03 06:00:00+00:00,15872.841435653258
2024-07-03 08:00:00+00:00,15872.841435653258
2024-07-03 10:00:00+00:00,15872.841435653258
2024-07-03 12:00:00+00:00,15872.841435653258
2024-07-03 14:00:00+00:00,15872.841435653258
2024-07-03 16:00:00+00:00,15872.841435653258
2024-07-03 18:00:00+00:00,15872.841435653258
2024-07-03 20:00:00+00:00,15872.841435653258
2024-07-03 22:00:00+00:00,15872.841435653258
2024-07-04 00:00:00+00:00,15872.841435653258
2024-07-04 02:00:00+00:00,15872.841435653258
2024-07-04 04:00:00+00:00,15872.841435653258
2024-07-04 06:00:00+00:00,15872.841435653258
2024-07-04 08:00:00+00:00,15872.841435653258
2024-07-04 10:00:00+00:00,15872.841435653258
2024-07-04 12:00:00+00:00,15872.841435653258
2024-07-04 14:00:00+00:00,15872.841435653258
2024-07-04 16:00:00+00:00,15872.841435653258
2024-07-04 18:00:00+00:00,15872.841435653258
2024-07-04 20:00:00+00:00,15872.841435653258
2024-07-04 22:00:00+00:00,15872.841435653258
2024-07-05 00:00:00+00:00,15872.841435653258
2024-07-05 02:00:00+00:00,15872.841435653258
2024-07-05 04:00:00+00:00,15872.841435653258
2024-07-05 06:00:00+00:00,15872.841435653258
2024-07-05 08:00:00+00:00,15872.841435653258
2024-07-05 10:00:00+00:00,15872.841435653258
2024-07-05 12:00:00+00:00,15872.841435653258
2024-07-05 14:00:00+00:00,15872.841435653258
2024-07-05 16:00:00+00:00,15872.841435653258
2024-07-05 18:00:00+00:00,15872.841435653258
2024-07-05 20:00:00+00:00,15872.841435653258
2024-07-05 22:00:00+00:00,15872.841435653258
2024-07-06 00:00:00+00:00,15872.841435653258
2024-07-06 02:00:00+00:00,15872.841435653258
2024-07-06 04:00:00+00:00,15872.841435653258
2024-07-06 06:00:00+00:00,15872.841435653258
2024-07-06 08:00:00+00:00,15872.841435653258
2024-07-06 10:00:00+00:00,15872.841435653258
2024-07-06 12:00:00+00:00,15872.841435653258
2024-07-06 14:00:00+00:00,15872.841435653258
2024-07-06 16:00:00+00:00,15872.841435653258
2024-07-06 18:00:00+00:00,15872.841435653258
2024-07-06 20:00:00+00:00,15872.841435653258
2024-07-06 22:00:00+00:00,15872.841435653258
2024-07-07 00:00:00+00:00,15872.841435653258
2024-07-07 02:00:00+00:00,15872.841435653258
2024-07-07 04:00:00+00:00,15872.841435653258
2024-07-07 06:00:00+00:00,15872.841435653258
2024-07-07 08:00:00+00:00,15872.841435653258
2024-07-07 10:00:00+00:00,15872.841435653258
2024-07-07 12:00:00+00:00,15872.841435653258
2024-07-07 14:00:00+00:00,15872.841435653258
2024-07-07 16:00:00+00:00,15872.841435653258
2024-07-07 18:00:00+00:00,15872.841435653258
2024-07-07 20:00:00+00:00,15872.841435653258
2024-07-07 22:00:00+00:00,15872.841435653258
2024-07-08 00:00:00+00:00,15872.841435653258
2024-07-08 02:00:00+00:00,15872.841435653258
2024-07-08 04:00:00+00:00,15872.841435653258
2024-07-08 06:00:00+00:00,15872.841435653258
2024-07-08 08:00:00+00:00,15872.841435653258
2024-07-08 10:00:00+00:00,15872.841435653258
2024-07-08 12:00:00+00:00,15872.841435653258
2024-07-08 14:00:00+00:00,15872.841435653258
2024-07-08 16:00:00+00:00,15872.841435653258
2024-07-08 18:00:00+00:00,15872.841435653258
2024-07-08 20:00:00+00:00,15872.841435653258
2024-07-08 22:00:00+00:00,15872.841435653258
2024-07-09 00:00:00+00:00,15872.841435653258
2024-07-09 02:00:00+00:00,15872.841435653258
2024-07-09 04:00:00+00:00,15872.841435653258
2024-07-09 06:00:00+00:00,15872.841435653258
2024-07-09 08:00:00+00:00,15872.841435653258
2024-07-09 10:00:00+00:00,15872.841435653258
2024-07-09 12:00:00+00:00,15872.841435653258
2024-07-09 14:00:00+00:00,15872.841435653258
2024-07-09 16:00:00+00:00,15872.841435653258
2024-07-09 18:00:00+00:00,15872.841435653258
2024-07-09 20:00:00+00:00,15872.841435653258
2024-07-09 22:00:00+00:00,15872.841435653258
2024-07-10 00:00:00+00:00,15872.841435653258
2024-07-10 02:00:00+00:00,15872.841435653258
2024-07-10 04:00:00+00:00,15872.841435653258
2024-07-10 06:00:00+00:00,15872.841435653258
2024-07-10 08:00:00+00:00,15872.841435653258
2024-07-10 10:00:00+00:00,15872.841435653258
2024-07-10 12:00:00+00:00,15872.841435653258
2024-07-10 14:00:00+00:00,15872.841435653258
2024-07-10 16:00:00+00:00,15872.841435653258
2024-07-10 18:00:00+00:00,15872.841435653258
2024-07-10 20:00:00+00:00,15872.841435653258
2024-07-10 22:00:00+00:00,15872.841435653258
2024-07-11 00:00:00+00:00,15872.841435653258
2024-07-11 02:00:00+00:00,15872.841435653258
2024-07-11 04:00:00+00:00,15872.841435653258
2024-07-11 06:00:00+00:00,15872.841435653258
2024-07-11 08:00:00+00:00,15872.841435653258
2024-07-11 10:00:00+00:00,15872.841435653258
2024-07-11 12:00:00+00:00,15872.841435653258
2024-07-11 14:00:00+00:00,15872.841435653258
2024-07-11 16:00:00+00:00,15872.841435653258
2024-07-11 18:00:00+00:00,15872.841435653258
2024-07-11 20:00:00+00:00,15872.841435653258
2024-07-11 22:00:00+00:00,15872.841435653258
2024-07-12 00:00:00+00:00,15872.841435653258
2024-07-12 02:00:00+00:00,15872.841435653258
2024-07-12 04:00:00+00:00,15872.841435653258
2024-07-12 06:00:00+00:00,15872.841435653258
2024-07-12 08:00:00+00:00,15872.841435653258
2024-07-12 10:00:00+00:00,15872.841435653258
2024-07-12 12:00:00+00:00,15872.841435653258
2024-07-12 14:00:00+00:00,15872.841435653258
2024-07-12 16:00:00+00:00,15872.841435653258
2024-07-12 18:00:00+00:00,15872.841435653258
2024-07-12 20:00:00+00:00,15872.841435653258
2024-07-12 22:00:00+00:00,15872.841435653258
2024-07-13 00:00:00+00:00,15872.841435653258
2024-07-13 02:00:00+00:00,15872.841435653258
2024-07-13 04:00:00+00:00,15872.841435653258
2024-07-13 06:00:00+00:00,15872.841435653258
2024-07-13 08:00:00+00:00,15872.841435653258
2024-07-13 10:00:00+00:00,15872.841435653258
2024-07-13 12:00:00+00:00,15872.841435653258
2024-07-13 14:00:00+00:00,15872.841435653258
2024-07-13 16:00:00+00:00,15872.841435653258
2024-07-13 18:00:00+00:00,15872.841435653258
2024-07-13 20:00:00+00:00,15872.841435653258
2024-07-13 22:00:00+00:00,15872.841435653258
2024-07-14 00:00:00+00:00,15872.841435653258
2024-07-14 02:00:00+00:00,15749.946731421232
2024-07-14 04:00:00+00:00,15936.019998855498
2024-07-14 06:00:00+00:00,15824.740887938928
2024-07-14 08:00:00+00:00,15954.285325900822
2024-07-14 10:00:00+00:00,15738.416012374142
2024-07-14 12:00:00+00:00,15774.292884199704
2024-07-14 14:00:00+00:00,15746.929168400546
2024-07-14 16:00:00+00:00,15679.826368245553
2024-07-14 18:00:00+00:00,15625.098936647239
2024-07-14 20:00:00+00:00,16017.31219643515
2024-07-14 22:00:00+00:00,16013.663700995263
2024-07-15 00:00:00+00:00,16179.728044744425
2024-07-15 02:00:00+00:00,16405.934762017452
2024-07-15 04:00:00+00:00,16276.413173901445
2024-07-15 06:00:00+00:00,16490.45823970818
2024-07-15 08:00:00+00:00,16330.842653479018
2024-07-15 10:00:00+00:00,16271.25056129419
2024-07-15 12:00:00+00:00,16332.666901198962
2024-07-15 14:00:00+00:00,16367.327607877896
2024-07-15 16:00:00+00:00,16348.940515690365
2024-07-15 18:00:00+00:00,16458.395378886988
2024-07-15 20:00:00+00:00,16589.74121472294
2024-07-15 22:00:00+00:00,16919.930052032763
2024-07-16 00:00:00+00:00,16917.022261975435
2024-07-16 02:00:00+00:00,17047.760015238073
2024-07-16 04:00:00+00:00,16445.208039796715
2024-07-16 06:00:00+00:00,16445.208039796715
2024-07-16 08:00:00+00:00,16445.208039796715
2024-07-16 10:00:00+00:00,16445.208039796715
2024-07-16 12:00:00+00:00,16445.208039796715
2024-07-16 14:00:00+00:00,16445.208039796715
2024-07-16 16:00:00+00:00,16445.208039796715
2024-07-16 18:00:00+00:00,16445.208039796715
2024-07-16 20:00:00+00:00,16445.208039796715
2024-07-16 22:00:00+00:00,16445.208039796715
2024-07-17 00:00:00+00:00,16445.208039796715
2024-07-17 02:00:00+00:00,16445.208039796715
2024-07-17 04:00:00+00:00,16445.208039796715
2024-07-17 06:00:00+00:00,16445.208039796715
2024-07-17 08:00:00+00:00,16445.208039796715
2024-07-17 10:00:00+00:00,16445.208039796715
2024-07-17 12:00:00+00:00,16445.208039796715
2024-07-17 14:00:00+00:00,16445.208039796715
2024-07-17 16:00:00+00:00,16445.208039796715
2024-07-17 18:00:00+00:00,16445.208039796715
2024-07-17 20:00:00+00:00,16445.208039796715
2024-07-17 22:00:00+00:00,16445.208039796715
2024-07-18 00:00:00+00:00,16445.208039796715
2024-07-18 02:00:00+00:00,16445.208039796715
2024-07-18 04:00:00+00:00,16445.208039796715
2024-07-18 06:00:00+00:00,16445.208039796715
2024-07-18 08:00:00+00:00,16445.208039796715
2024-07-18 10:00:00+00:00,16445.208039796715
2024-07-18 12:00:00+00:00,16445.208039796715
2024-07-18 14:00:00+00:00,16445.208039796715
2024-07-18 16:00:00+00:00,16445.208039796715
2024-07-18 18:00:00+00:00,16445.208039796715
2024-07-18 20:00:00+00:00,16445.208039796715
2024-07-18 22:00:00+00:00,16445.208039796715
2024-07-19 00:00:00+00:00,16445.208039796715
2024-07-19 02:00:00+00:00,16445.208039796715
2024-07-19 04:00:00+00:00,16445.208039796715
2024-07-19 06:00:00+00:00,16445.208039796715
2024-07-19 08:00:00+00:00,16445.208039796715
2024-07-19 10:00:00+00:00,16445.208039796715
2024-07-19 12:00:00+00:00,16445.208039796715
2024-07-19 14:00:00+00:00,16445.208039796715
2024-07-19 16:00:00+00:00,16445.208039796715
2024-07-19 18:00:00+00:00,16445.208039796715
2024-07-19 20:00:00+00:00,16298.75462183527
2024-07-19 22:00:00+00:00,16318.465714427659
2024-07-20 00:00:00+00:00,16281.234104033238
2024-07-20 02:00:00+00:00,16372.832710786102
2024-07-20 04:00:00+00:00,16407.61699183149
2024-07-20 06:00:00+00:00,16320.076551200591
2024-07-20 08:00:00+00:00,16279.022229575367
2024-07-20 10:00:00+00:00,16219.309213780778
2024-07-20 12:00:00+00:00,16229.164760076972
2024-07-20 14:00:00+00:00,16453.52337281974
2024-07-20 16:00:00+00:00,16681.18203004729
2024-07-20 18:00:00+00:00,16600.018707608044
2024-07-20 20:00:00+00:00,16710.168930918448
2024-07-20 22:00:00+00:00,16862.640029500744
2024-07-21 00:00:00+00:00,16892.83893067113
2024-07-21 02:00:00+00:00,16913.129761280943
2024-07-21 04:00:00+00:00,16803.559275987962
2024-07-21 06:00:00+00:00,16656.885557579895
2024-07-21 08:00:00+00:00,16930.015094828803
2024-07-21 10:00:00+00:00,16971.756232083273
2024-07-21 12:00:00+00:00,16902.767408009913
2024-07-21 14:00:00+00:00,17946.295839371636
2024-07-21 16:00:00+00:00,17779.275055766073
2024-07-21 18:00:00+00:00,17269.677719037158
2024-07-21 20:00:00+00:00,17269.677719037158
2024-07-21 22:00:00+00:00,17269.677719037158
2024-07-22 00:00:00+00:00,17269.677719037158
2024-07-22 02:00:00+00:00,17269.677719037158
2024-07-22 04:00:00+00:00,17269.677719037158
2024-07-22 06:00:00+00:00,17269.677719037158
2024-07-22 08:00:00+00:00,17269.677719037158
2024-07-22 10:00:00+00:00,17269.677719037158
2024-07-22 12:00:00+00:00,17269.677719037158
2024-07-22 14:00:00+00:00,17269.677719037158
2024-07-22 16:00:00+00:00,17269.677719037158
2024-07-22 18:00:00+00:00,17269.677719037158
2024-07-22 20:00:00+00:00,17269.677719037158
2024-07-22 22:00:00+00:00,17269.677719037158
2024-07-23 00:00:00+00:00,17269.677719037158
2024-07-23 02:00:00+00:00,17269.677719037158
2024-07-23 04:00:00+00:00,17269.677719037158
2024-07-23 06:00:00+00:00,17269.677719037158
2024-07-23 08:00:00+00:00,17269.677719037158
2024-07-23 10:00:00+00:00,17269.677719037158
2024-07-23 12:00:00+00:00,17269.677719037158
2024-07-23 14:00:00+00:00,17269.677719037158
2024-07-23 16:00:00+00:00,17269.677719037158
2024-07-23 18:00:00+00:00,17269.677719037158
2024-07-23 20:00:00+00:00,17269.677719037158
2024-07-23 22:00:00+00:00,17269.677719037158
2024-07-24 00:00:00+00:00,17269.677719037158
2024-07-24 02:00:00+00:00,17269.677719037158
2024-07-24 04:00:00+00:00,17269.677719037158
2024-07-24 06:00:00+00:00,17269.677719037158
2024-07-24 08:00:00+00:00,17269.677719037158
2024-07-24 10:00:00+00:00,17269.677719037158
2024-07-24 12:00:00+00:00,17269.677719037158
2024-07-24 14:00:00+00:00,17269.677719037158
2024-07-24 16:00:00+00:00,17269.677719037158
2024-07-24 18:00:00+00:00,17269.677719037158
2024-07-24 20:00:00+00:00,17269.677719037158
2024-07-24 22:00:00+00:00,17269.677719037158
2024-07-25 00:00:00+00:00,17269.677719037158
2024-07-25 02:00:00+00:00,17269.677719037158
2024-07-25 04:00:00+00:00,17269.677719037158
2024-07-25 06:00:00+00:00,17269.677719037158
2024-07-25 08:00:00+00:00,17269.677719037158
2024-07-25 10:00:00+00:00,17269.677719037158
2024-07-25 12:00:00+00:00,17269.677719037158
2024-07-25 14:00:00+00:00,17269.677719037158
2024-07-25 16:00:00+00:00,17269.677719037158
2024-07-25 18:00:00+00:00,17269.677719037158
2024-07-25 20:00:00+00:00,17269.677719037158
2024-07-25 22:00:00+00:00,17269.677719037158
2024-07-26 00:00:00+00:00,17269.677719037158
2024-07-26 02:00:00+00:00,17269.677719037158
2024-07-26 04:00:00+00:00,17269.677719037158
2024-07-26 06:00:00+00:00,17269.677719037158
2024-07-26 08:00:00+00:00,17269.677719037158
2024-07-26 10:00:00+00:00,17269.677719037158
2024-07-26 12:00:00+00:00,17269.677719037158
2024-07-26 14:00:00+00:00,17269.677719037158
2024-07-26 16:00:00+00:00,17269.677719037158
2024-07-26 18:00:00+00:00,17269.677719037158
2024-07-26 20:00:00+00:00,17269.677719037158
2024-07-26 22:00:00+00:00,17269.677719037158
2024-07-27 00:00:00+00:00,17269.677719037158
2024-07-27 02:00:00+00:00,17267.825717999924
2024-07-27 04:00:00+00:00,17175.406879546994
2024-07-27 06:00:00+00:00,17292.591550526526
2024-07-27 08:00:00+00:00,17324.73719911807
2024-07-27 10:00:00+00:00,17336.818093033486
2024-07-27 12:00:00+00:00,17730.65523467605
2024-07-27 14:00:00+00:00,17414.135814092147
2024-07-27 16:00:00+00:00,17175.48695460869
2024-07-27 18:00:00+00:00,17175.48695460869
2024-07-27 20:00:00+00:00,17175.48695460869
2024-07-27 22:00:00+00:00,17175.48695460869
2024-07-28 00:00:00+00:00,17175.48695460869
2024-07-28 02:00:00+00:00,17175.48695460869
2024-07-28 04:00:00+00:00,17175.48695460869
2024-07-28 06:00:00+00:00,17175.48695460869
2024-07-28 08:00:00+00:00,17175.48695460869
2024-07-28 10:00:00+00:00,17175.48695460869
2024-07-28 12:00:00+00:00,17175.48695460869
2024-07-28 14:00:00+00:00,17175.48695460869
2024-07-28 16:00:00+00:00,17175.48695460869
2024-07-28 18:00:00+00:00,17175.48695460869
2024-07-28 20:00:00+00:00,17175.48695460869
2024-07-28 22:00:00+00:00,17175.48695460869
2024-07-29 00:00:00+00:00,17175.48695460869
2024-07-29 02:00:00+00:00,17175.48695460869
2024-07-29 04:00:00+00:00,17175.48695460869
2024-07-29 06:00:00+00:00,17175.48695460869
2024-07-29 08:00:00+00:00,17175.48695460869
2024-07-29 10:00:00+00:00,16997.100762428123
2024-07-29 12:00:00+00:00,16902.42100411723
2024-07-29 14:00:00+00:00,16800.35928639561
2024-07-29 16:00:00+00:00,16800.35928639561
2024-07-29 18:00:00+00:00,16800.35928639561
2024-07-29 20:00:00+00:00,16800.35928639561
2024-07-29 22:00:00+00:00,16800.35928639561
2024-07-30 00:00:00+00:00,16800.35928639561
2024-07-30 02:00:00+00:00,16800.35928639561
2024-07-30 04:00:00+00:00,16800.35928639561
2024-07-30 06:00:00+00:00,16800.35928639561
2024-07-30 08:00:00+00:00,16800.35928639561
2024-07-30 10:00:00+00:00,16800.35928639561
2024-07-30 12:00:00+00:00,16800.35928639561
2024-07-30 14:00:00+00:00,16800.35928639561
2024-07-30 16:00:00+00:00,16800.35928639561
2024-07-30 18:00:00+00:00,16800.35928639561
2024-07-30 20:00:00+00:00,16800.35928639561
2024-07-30 22:00:00+00:00,16800.35928639561
2024-07-31 00:00:00+00:00,16800.35928639561
2024-07-31 02:00:00+00:00,16800.35928639561
2024-07-31 04:00:00+00:00,16800.35928639561
2024-07-31 06:00:00+00:00,16800.35928639561
2024-07-31 08:00:00+00:00,16800.35928639561
2024-07-31 10:00:00+00:00,16800.35928639561
2024-07-31 12:00:00+00:00,16800.35928639561
2024-07-31 14:00:00+00:00,16800.35928639561
2024-07-31 16:00:00+00:00,16800.35928639561
2024-07-31 18:00:00+00:00,16800.35928639561
2024-07-31 20:00:00+00:00,16800.35928639561
2024-07-31 22:00:00+00:00,16800.35928639561
2024-08-01 00:00:00+00:00,16800.35928639561
2024-08-01 02:00:00+00:00,16800.35928639561
2024-08-01 04:00:00+00:00,16800.35928639561
2024-08-01 06:00:00+00:00,16800.35928639561
2024-08-01 08:00:00+00:00,16800.35928639561
2024-08-01 10:00:00+00:00,16800.35928639561
2024-08-01 12:00:00+00:00,16800.35928639561
2024-08-01 14:00:00+00:00,16800.35928639561
2024-08-01 16:00:00+00:00,16800.35928639561
2024-08-01 18:00:00+00:00,16800.35928639561
2024-08-01 20:00:00+00:00,16800.35928639561
2024-08-01 22:00:00+00:00,16800.35928639561
2024-08-02 00:00:00+00:00,16800.35928639561
2024-08-02 02:00:00+00:00,16800.35928639561
2024-08-02 04:00:00+00:00,16800.35928639561
2024-08-02 06:00:00+00:00,16800.35928639561
2024-08-02 08:00:00+00:00,16800.35928639561
2024-08-02 10:00:00+00:00,16800.35928639561
2024-08-02 12:00:00+00:00,16800.35928639561
2024-08-02 14:00:00+00:00,16800.35928639561
2024-08-02 16:00:00+00:00,16800.35928639561
2024-08-02 18:00:00+00:00,16800.35928639561
2024-08-02 20:00:00+00:00,16800.35928639561
2024-08-02 22:00:00+00:00,16800.35928639561
2024-08-03 00:00:00+00:00,16800.35928639561
2024-08-03 02:00:00+00:00,16800.35928639561
2024-08-03 04:00:00+00:00,16800.35928639561
2024-08-03 06:00:00+00:00,16800.35928639561
2024-08-03 08:00:00+00:00,16800.35928639561
2024-08-03 10:00:00+00:00,16800.35928639561
2024-08-03 12:00:00+00:00,16800.35928639561
2024-08-03 14:00:00+00:00,16800.35928639561
2024-08-03 16:00:00+00:00,16800.35928639561
2024-08-03 18:00:00+00:00,16800.35928639561
2024-08-03 20:00:00+00:00,16800.35928639561
2024-08-03 22:00:00+00:00,16800.35928639561
2024-08-04 00:00:00+00:00,16800.35928639561
2024-08-04 02:00:00+00:00,16800.35928639561
2024-08-04 04:00:00+00:00,16800.35928639561
2024-08-04 06:00:00+00:00,16800.35928639561
2024-08-04 08:00:00+00:00,16800.35928639561
2024-08-04 10:00:00+00:00,16800.35928639561
2024-08-04 12:00:00+00:00,16800.35928639561
2024-08-04 14:00:00+00:00,16800.35928639561
2024-08-04 16:00:00+00:00,16800.35928639561
2024-08-04 18:00:00+00:00,16800.35928639561
2024-08-04 20:00:00+00:00,16800.35928639561
2024-08-04 22:00:00+00:00,16800.35928639561
2024-08-05 00:00:00+00:00,16800.35928639561
2024-08-05 02:00:00+00:00,16800.35928639561
2024-08-05 04:00:00+00:00,16800.35928639561
2024-08-05 06:00:00+00:00,16800.35928639561
2024-08-05 08:00:00+00:00,16800.35928639561
2024-08-05 10:00:00+00:00,16800.35928639561
2024-08-05 12:00:00+00:00,16800.35928639561
2024-08-05 14:00:00+00:00,16800.35928639561
2024-08-05 16:00:00+00:00,16800.35928639561
2024-08-05 18:00:00+00:00,16800.35928639561
2024-08-05 20:00:00+00:00,16800.35928639561
2024-08-05 22:00:00+00:00,16800.35928639561
2024-08-06 00:00:00+00:00,16800.35928639561
2024-08-06 02:00:00+00:00,16800.35928639561
2024-08-06 04:00:00+00:00,16800.35928639561
2024-08-06 06:00:00+00:00,16800.35928639561
2024-08-06 08:00:00+00:00,16800.35928639561
2024-08-06 10:00:00+00:00,16800.35928639561
2024-08-06 12:00:00+00:00,16800.35928639561
2024-08-06 14:00:00+00:00,16800.35928639561
2024-08-06 16:00:00+00:00,16800.35928639561
2024-08-06 18:00:00+00:00,16800.35928639561
2024-08-06 20:00:00+00:00,16800.35928639561
2024-08-06 22:00:00+00:00,16800.35928639561
2024-08-07 00:00:00+00:00,16800.35928639561
2024-08-07 02:00:00+00:00,16800.35928639561
2024-08-07 04:00:00+00:00,16800.35928639561
2024-08-07 06:00:00+00:00,16800.35928639561
2024-08-07 08:00:00+00:00,16800.35928639561
2024-08-07 10:00:00+00:00,16800.35928639561
2024-08-07 12:00:00+00:00,16800.35928639561
2024-08-07 14:00:00+00:00,16800.35928639561
2024-08-07 16:00:00+00:00,16800.35928639561
2024-08-07 18:00:00+00:00,16800.35928639561
2024-08-07 20:00:00+00:00,16800.35928639561
2024-08-07 22:00:00+00:00,16800.35928639561
2024-08-08 00:00:00+00:00,16800.35928639561
2024-08-08 02:00:00+00:00,16800.35928639561
2024-08-08 04:00:00+00:00,16800.35928639561
2024-08-08 06:00:00+00:00,16800.35928639561
2024-08-08 08:00:00+00:00,16800.35928639561
2024-08-08 10:00:00+00:00,16800.35928639561
2024-08-08 12:00:00+00:00,16800.35928639561
2024-08-08 14:00:00+00:00,16800.35928639561
2024-08-08 16:00:00+00:00,16800.35928639561
2024-08-08 18:00:00+00:00,16800.35928639561
2024-08-08 20:00:00+00:00,16800.35928639561
2024-08-08 22:00:00+00:00,16800.35928639561
2024-08-09 00:00:00+00:00,16800.35928639561
2024-08-09 02:00:00+00:00,16800.35928639561
2024-08-09 04:00:00+00:00,16800.35928639561
2024-08-09 06:00:00+00:00,16800.35928639561
2024-08-09 08:00:00+00:00,16800.35928639561
2024-08-09 10:00:00+00:00,16800.35928639561
2024-08-09 12:00:00+00:00,16800.35928639561
2024-08-09 14:00:00+00:00,16800.35928639561
2024-08-09 16:00:00+00:00,16800.35928639561
2024-08-09 18:00:00+00:00,16800.35928639561
2024-08-09 20:00:00+00:00,16800.35928639561
2024-08-09 22:00:00+00:00,16800.35928639561
2024-08-10 00:00:00+00:00,16800.35928639561
2024-08-10 02:00:00+00:00,16800.35928639561
2024-08-10 04:00:00+00:00,16800.35928639561
2024-08-10 06:00:00+00:00,16800.35928639561
2024-08-10 08:00:00+00:00,16800.35928639561
2024-08-10 10:00:00+00:00,16800.35928639561
2024-08-10 12:00:00+00:00,16800.35928639561
2024-08-10 14:00:00+00:00,16800.35928639561
2024-08-10 16:00:00+00:00,16800.35928639561
2024-08-10 18:00:00+00:00,16800.35928639561
2024-08-10 20:00:00+00:00,16800.35928639561
2024-08-10 22:00:00+00:00,16800.35928639561
2024-08-11 00:00:00+00:00,16800.35928639561
2024-08-11 02:00:00+00:00,16800.35928639561
2024-08-11 04:00:00+00:00,16800.35928639561
2024-08-11 06:00:00+00:00,16800.35928639561
2024-08-11 08:00:00+00:00,16800.35928639561
2024-08-11 10:00:00+00:00,16800.35928639561
2024-08-11 12:00:00+00:00,16800.35928639561
2024-08-11 14:00:00+00:00,16800.35928639561
2024-08-11 16:00:00+00:00,16800.35928639561
2024-08-11 18:00:00+00:00,16800.35928639561
2024-08-11 20:00:00+00:00,16800.35928639561
2024-08-11 22:00:00+00:00,16800.35928639561
2024-08-12 00:00:00+00:00,16800.35928639561
2024-08-12 02:00:00+00:00,16800.35928639561
2024-08-12 04:00:00+00:00,16800.35928639561
2024-08-12 06:00:00+00:00,16800.35928639561
2024-08-12 08:00:00+00:00,16800.35928639561
2024-08-12 10:00:00+00:00,16800.35928639561
2024-08-12 12:00:00+00:00,16800.35928639561
2024-08-12 14:00:00+00:00,16800.35928639561
2024-08-12 16:00:00+00:00,16800.35928639561
2024-08-12 18:00:00+00:00,16800.35928639561
2024-08-12 20:00:00+00:00,16800.35928639561
2024-08-12 22:00:00+00:00,16800.35928639561
2024-08-13 00:00:00+00:00,16800.35928639561
2024-08-13 02:00:00+00:00,16800.35928639561
2024-08-13 04:00:00+00:00,16800.35928639561
2024-08-13 06:00:00+00:00,16800.35928639561
2024-08-13 08:00:00+00:00,16800.35928639561
2024-08-13 10:00:00+00:00,16800.35928639561
2024-08-13 12:00:00+00:00,16800.35928639561
2024-08-13 14:00:00+00:00,16800.35928639561
2024-08-13 16:00:00+00:00,16800.35928639561
2024-08-13 18:00:00+00:00,16800.35928639561
2024-08-13 20:00:00+00:00,16800.35928639561
2024-08-13 22:00:00+00:00,16800.35928639561
2024-08-14 00:00:00+00:00,16800.35928639561
2024-08-14 02:00:00+00:00,16800.35928639561
2024-08-14 04:00:00+00:00,16800.35928639561
2024-08-14 06:00:00+00:00,16800.35928639561
2024-08-14 08:00:00+00:00,16800.35928639561
2024-08-14 10:00:00+00:00,16800.35928639561
2024-08-14 12:00:00+00:00,16800.35928639561
2024-08-14 14:00:00+00:00,16800.35928639561
2024-08-14 16:00:00+00:00,16800.35928639561
2024-08-14 18:00:00+00:00,16800.35928639561
2024-08-14 20:00:00+00:00,16800.35928639561
2024-08-14 22:00:00+00:00,16800.35928639561
2024-08-15 00:00:00+00:00,16800.35928639561
2024-08-15 02:00:00+00:00,16800.35928639561
2024-08-15 04:00:00+00:00,16800.35928639561
2024-08-15 06:00:00+00:00,16800.35928639561
2024-08-15 08:00:00+00:00,16800.35928639561
2024-08-15 10:00:00+00:00,16800.35928639561
2024-08-15 12:00:00+00:00,16800.35928639561
2024-08-15 14:00:00+00:00,16800.35928639561
2024-08-15 16:00:00+00:00,16800.35928639561
2024-08-15 18:00:00+00:00,16800.35928639561
2024-08-15 20:00:00+00:00,16800.35928639561
2024-08-15 22:00:00+00:00,16800.35928639561
2024-08-16 00:00:00+00:00,16800.35928639561
2024-08-16 02:00:00+00:00,16800.35928639561
2024-08-16 04:00:00+00:00,16800.35928639561
2024-08-16 06:00:00+00:00,16800.35928639561
2024-08-16 08:00:00+00:00,16800.35928639561
2024-08-16 10:00:00+00:00,16800.35928639561
2024-08-16 12:00:00+00:00,16800.35928639561
2024-08-16 14:00:00+00:00,16800.35928639561
2024-08-16 16:00:00+00:00,16800.35928639561
2024-08-16 18:00:00+00:00,16800.35928639561
2024-08-16 20:00:00+00:00,16800.35928639561
2024-08-16 22:00:00+00:00,16800.35928639561
2024-08-17 00:00:00+00:00,16800.35928639561
2024-08-17 02:00:00+00:00,16800.35928639561
2024-08-17 04:00:00+00:00,16800.35928639561
2024-08-17 06:00:00+00:00,16800.35928639561
2024-08-17 08:00:00+00:00,16800.35928639561
2024-08-17 10:00:00+00:00,16800.35928639561
2024-08-17 12:00:00+00:00,16800.35928639561
2024-08-17 14:00:00+00:00,16800.35928639561
2024-08-17 16:00:00+00:00,16800.35928639561
2024-08-17 18:00:00+00:00,16800.35928639561
2024-08-17 20:00:00+00:00,16800.35928639561
2024-08-17 22:00:00+00:00,16800.35928639561
2024-08-18 00:00:00+00:00,16800.35928639561
2024-08-18 02:00:00+00:00,16800.35928639561
2024-08-18 04:00:00+00:00,16800.35928639561
2024-08-18 06:00:00+00:00,16800.35928639561
2024-08-18 08:00:00+00:00,16800.35928639561
2024-08-18 10:00:00+00:00,16800.35928639561
2024-08-18 12:00:00+00:00,16800.35928639561
2024-08-18 14:00:00+00:00,16800.35928639561
2024-08-18 16:00:00+00:00,16800.35928639561
2024-08-18 18:00:00+00:00,16800.35928639561
2024-08-18 20:00:00+00:00,16800.35928639561
2024-08-18 22:00:00+00:00,16800.35928639561
2024-08-19 00:00:00+00:00,16800.35928639561
2024-08-19 02:00:00+00:00,16800.35928639561
2024-08-19 04:00:00+00:00,16800.35928639561
2024-08-19 06:00:00+00:00,16800.35928639561
2024-08-19 08:00:00+00:00,16800.35928639561
2024-08-19 10:00:00+00:00,16800.35928639561
2024-08-19 12:00:00+00:00,16800.35928639561
2024-08-19 14:00:00+00:00,16800.35928639561
2024-08-19 16:00:00+00:00,16800.35928639561
2024-08-19 18:00:00+00:00,16800.35928639561
2024-08-19 20:00:00+00:00,16800.35928639561
2024-08-19 22:00:00+00:00,16800.35928639561
2024-08-20 00:00:00+00:00,16800.35928639561
2024-08-20 02:00:00+00:00,16800.35928639561
2024-08-20 04:00:00+00:00,16800.35928639561
2024-08-20 06:00:00+00:00,16800.35928639561
2024-08-20 08:00:00+00:00,16800.35928639561
2024-08-20 10:00:00+00:00,16800.35928639561
2024-08-20 12:00:00+00:00,16800.35928639561
2024-08-20 14:00:00+00:00,16800.35928639561
2024-08-20 16:00:00+00:00,16800.35928639561
2024-08-20 18:00:00+00:00,16800.35928639561
2024-08-20 20:00:00+00:00,16800.35928639561
2024-08-20 22:00:00+00:00,16800.35928639561
2024-08-21 00:00:00+00:00,16800.35928639561
2024-08-21 02:00:00+00:00,16800.35928639561
2024-08-21 04:00:00+00:00,16800.35928639561
2024-08-21 06:00:00+00:00,16800.35928639561
2024-08-21 08:00:00+00:00,16800.35928639561
2024-08-21 10:00:00+00:00,16800.35928639561
2024-08-21 12:00:00+00:00,16800.35928639561
2024-08-21 14:00:00+00:00,16800.35928639561
2024-08-21 16:00:00+00:00,16800.35928639561
2024-08-21 18:00:00+00:00,16800.35928639561
2024-08-21 20:00:00+00:00,16800.35928639561
2024-08-21 22:00:00+00:00,16800.35928639561
2024-08-22 00:00:00+00:00,16800.35928639561
2024-08-22 02:00:00+00:00,16800.35928639561
2024-08-22 04:00:00+00:00,16800.35928639561
2024-08-22 06:00:00+00:00,16800.35928639561
2024-08-22 08:00:00+00:00,16800.35928639561
2024-08-22 10:00:00+00:00,16800.35928639561
2024-08-22 12:00:00+00:00,16800.35928639561
2024-08-22 14:00:00+00:00,16800.35928639561
2024-08-22 16:00:00+00:00,16800.35928639561
2024-08-22 18:00:00+00:00,16800.35928639561
2024-08-22 20:00:00+00:00,16800.35928639561
2024-08-22 22:00:00+00:00,16800.35928639561
2024-08-23 00:00:00+00:00,16800.35928639561
2024-08-23 02:00:00+00:00,16800.35928639561
2024-08-23 04:00:00+00:00,16800.35928639561
2024-08-23 06:00:00+00:00,16800.35928639561
2024-08-23 08:00:00+00:00,16800.35928639561
2024-08-23 10:00:00+00:00,16800.35928639561
2024-08-23 12:00:00+00:00,16800.35928639561
2024-08-23 14:00:00+00:00,16800.35928639561
2024-08-23 16:00:00+00:00,16800.35928639561
2024-08-23 18:00:00+00:00,16800.35928639561
2024-08-23 20:00:00+00:00,16800.35928639561
2024-08-23 22:00:00+00:00,16800.35928639561
2024-08-24 00:00:00+00:00,16800.35928639561
2024-08-24 02:00:00+00:00,16684.788066116023
2024-08-24 04:00:00+00:00,16724.852925399653
2024-08-24 06:00:00+00:00,16915.637969607415
2024-08-24 08:00:00+00:00,17166.26498656306
2024-08-24 10:00:00+00:00,17479.788409211145
2024-08-24 12:00:00+00:00,17388.84753813878
2024-08-24 14:00:00+00:00,17643.86354722982
2024-08-24 16:00:00+00:00,17486.14632279989
2024-08-24 18:00:00+00:00,17457.528566168727
2024-08-24 20:00:00+00:00,17056.24402318507
2024-08-24 22:00:00+00:00,17237.48981518244
2024-08-25 00:00:00+00:00,16959.252886009814
2024-08-25 02:00:00+00:00,16959.252886009814
2024-08-25 04:00:00+00:00,16959.252886009814
2024-08-25 06:00:00+00:00,16959.252886009814
2024-08-25 08:00:00+00:00,16959.252886009814
2024-08-25 10:00:00+00:00,16959.252886009814
2024-08-25 12:00:00+00:00,16959.252886009814
2024-08-25 14:00:00+00:00,16959.252886009814
2024-08-25 16:00:00+00:00,16959.252886009814
2024-08-25 18:00:00+00:00,16959.252886009814
2024-08-25 20:00:00+00:00,16959.252886009814
2024-08-25 22:00:00+00:00,16959.252886009814
2024-08-26 00:00:00+00:00,16959.252886009814
2024-08-26 02:00:00+00:00,16959.252886009814
2024-08-26 04:00:00+00:00,16959.252886009814
2024-08-26 06:00:00+00:00,16959.252886009814
2024-08-26 08:00:00+00:00,16959.252886009814
2024-08-26 10:00:00+00:00,16959.252886009814
2024-08-26 12:00:00+00:00,16959.252886009814
2024-08-26 14:00:00+00:00,16959.252886009814
2024-08-26 16:00:00+00:00,16959.252886009814
2024-08-26 18:00:00+00:00,16959.252886009814
2024-08-26 20:00:00+00:00,16959.252886009814
2024-08-26 22:00:00+00:00,16959.252886009814
2024-08-27 00:00:00+00:00,16959.252886009814
2024-08-27 02:00:00+00:00,16959.252886009814
2024-08-27 04:00:00+00:00,16959.252886009814
2024-08-27 06:00:00+00:00,16959.252886009814
2024-08-27 08:00:00+00:00,16959.252886009814
2024-08-27 10:00:00+00:00,16959.252886009814
2024-08-27 12:00:00+00:00,16959.252886009814
2024-08-27 14:00:00+00:00,16959.252886009814
2024-08-27 16:00:00+00:00,16959.252886009814
2024-08-27 18:00:00+00:00,16959.252886009814
2024-08-27 20:00:00+00:00,16959.252886009814
2024-08-27 22:00:00+00:00,16959.252886009814
2024-08-28 00:00:00+00:00,16959.252886009814
2024-08-28 02:00:00+00:00,16959.252886009814
2024-08-28 04:00:00+00:00,16959.252886009814
2024-08-28 06:00:00+00:00,16959.252886009814
2024-08-28 08:00:00+00:00,16959.252886009814
2024-08-28 10:00:00+00:00,16959.252886009814
2024-08-28 12:00:00+00:00,16959.252886009814
2024-08-28 14:00:00+00:00,16959.252886009814
2024-08-28 16:00:00+00:00,16959.252886009814
2024-08-28 18:00:00+00:00,16959.252886009814
2024-08-28 20:00:00+00:00,16959.252886009814
2024-08-28 22:00:00+00:00,16959.252886009814
2024-08-29 00:00:00+00:00,16959.252886009814
2024-08-29 02:00:00+00:00,16959.252886009814
2024-08-29 04:00:00+00:00,16959.252886009814
2024-08-29 06:00:00+00:00,16959.252886009814
2024-08-29 08:00:00+00:00,16959.252886009814
2024-08-29 10:00:00+00:00,16959.252886009814
2024-08-29 12:00:00+00:00,16959.252886009814
2024-08-29 14:00:00+00:00,16959.252886009814
2024-08-29 16:00:00+00:00,16959.252886009814
2024-08-29 18:00:00+00:00,16959.252886009814
2024-08-29 20:00:00+00:00,16959.252886009814
2024-08-29 22:00:00+00:00,16959.252886009814
2024-08-30 00:00:00+00:00,16959.252886009814
2024-08-30 02:00:00+00:00,16959.252886009814
2024-08-30 04:00:00+00:00,16959.252886009814
2024-08-30 06:00:00+00:00,16959.252886009814
2024-08-30 08:00:00+00:00,16959.252886009814
2024-08-30 10:00:00+00:00,16959.252886009814
2024-08-30 12:00:00+00:00,16959.252886009814
2024-08-30 14:00:00+00:00,16959.252886009814
2024-08-30 16:00:00+00:00,16959.252886009814
2024-08-30 18:00:00+00:00,16959.252886009814
2024-08-30 20:00:00+00:00,16959.252886009814
2024-08-30 22:00:00+00:00,16959.252886009814
2024-08-31 00:00:00+00:00,16959.252886009814
2024-08-31 02:00:00+00:00,16959.252886009814
2024-08-31 04:00:00+00:00,16959.252886009814
2024-08-31 06:00:00+00:00,16959.252886009814
2024-08-31 08:00:00+00:00,16959.252886009814
2024-08-31 10:00:00+00:00,16959.252886009814
2024-08-31 12:00:00+00:00,16959.252886009814
2024-08-31 14:00:00+00:00,16959.252886009814
2024-08-31 16:00:00+00:00,16959.252886009814
2024-08-31 18:00:00+00:00,16959.252886009814
2024-08-31 20:00:00+00:00,16959.252886009814
2024-08-31 22:00:00+00:00,16959.252886009814
2024-09-01 00:00:00+00:00,16959.252886009814
2024-09-01 02:00:00+00:00,16959.252886009814
2024-09-01 04:00:00+00:00,16959.252886009814
2024-09-01 06:00:00+00:00,16959.252886009814
2024-09-01 08:00:00+00:00,16959.252886009814
2024-09-01 10:00:00+00:00,16959.252886009814
2024-09-01 12:00:00+00:00,16959.252886009814
2024-09-01 14:00:00+00:00,16959.252886009814
2024-09-01 16:00:00+00:00,16959.252886009814
2024-09-01 18:00:00+00:00,16959.252886009814
2024-09-01 20:00:00+00:00,16959.252886009814
2024-09-01 22:00:00+00:00,16959.252886009814
2024-09-02 00:00:00+00:00,16959.252886009814
2024-09-02 02:00:00+00:00,16959.252886009814
2024-09-02 04:00:00+00:00,16959.252886009814
2024-09-02 06:00:00+00:00,16959.252886009814
2024-09-02 08:00:00+00:00,16959.252886009814
2024-09-02 10:00:00+00:00,16959.252886009814
2024-09-02 12:00:00+00:00,16959.252886009814
2024-09-02 14:00:00+00:00,16959.252886009814
2024-09-02 16:00:00+00:00,16959.252886009814
2024-09-02 18:00:00+00:00,16959.252886009814
2024-09-02 20:00:00+00:00,16959.252886009814
2024-09-02 22:00:00+00:00,16959.252886009814
2024-09-03 00:00:00+00:00,16959.252886009814
2024-09-03 02:00:00+00:00,16959.252886009814
2024-09-03 04:00:00+00:00,16959.252886009814
2024-09-03 06:00:00+00:00,16959.252886009814
2024-09-03 08:00:00+00:00,16959.252886009814
2024-09-03 10:00:00+00:00,16959.252886009814
2024-09-03 12:00:00+00:00,16959.252886009814
2024-09-03 14:00:00+00:00,16959.252886009814
2024-09-03 16:00:00+00:00,16959.252886009814
2024-09-03 18:00:00+00:00,16959.252886009814
2024-09-03 20:00:00+00:00,16959.252886009814
2024-09-03 22:00:00+00:00,16959.252886009814
2024-09-04 00:00:00+00:00,16959.252886009814
2024-09-04 02:00:00+00:00,16959.252886009814
2024-09-04 04:00:00+00:00,16959.252886009814
2024-09-04 06:00:00+00:00,16959.252886009814
2024-09-04 08:00:00+00:00,16959.252886009814
2024-09-04 10:00:00+00:00,16959.252886009814
2024-09-04 12:00:00+00:00,16959.252886009814
2024-09-04 14:00:00+00:00,16959.252886009814
2024-09-04 16:00:00+00:00,16959.252886009814
2024-09-04 18:00:00+00:00,16959.252886009814
2024-09-04 20:00:00+00:00,16959.252886009814
2024-09-04 22:00:00+00:00,16959.252886009814
2024-09-05 00:00:00+00:00,16959.252886009814
2024-09-05 02:00:00+00:00,16959.252886009814
2024-09-05 04:00:00+00:00,16959.252886009814
2024-09-05 06:00:00+00:00,16959.252886009814
2024-09-05 08:00:00+00:00,16959.252886009814
2024-09-05 10:00:00+00:00,16959.252886009814
2024-09-05 12:00:00+00:00,16959.252886009814
2024-09-05 14:00:00+00:00,16959.252886009814
2024-09-05 16:00:00+00:00,16959.252886009814
2024-09-05 18:00:00+00:00,16959.252886009814
2024-09-05 20:00:00+00:00,16959.252886009814
2024-09-05 22:00:00+00:00,16959.252886009814
2024-09-06 00:00:00+00:00,16959.252886009814
2024-09-06 02:00:00+00:00,16959.252886009814
2024-09-06 04:00:00+00:00,16959.252886009814
2024-09-06 06:00:00+00:00,16959.252886009814
2024-09-06 08:00:00+00:00,16959.252886009814
2024-09-06 10:00:00+00:00,16959.252886009814
2024-09-06 12:00:00+00:00,16959.252886009814
2024-09-06 14:00:00+00:00,16959.252886009814
2024-09-06 16:00:00+00:00,16959.252886009814
2024-09-06 18:00:00+00:00,16959.252886009814
2024-09-06 20:00:00+00:00,16959.252886009814
2024-09-06 22:00:00+00:00,16959.252886009814
2024-09-07 00:00:00+00:00,16959.252886009814
2024-09-07 02:00:00+00:00,16959.252886009814
2024-09-07 04:00:00+00:00,16959.252886009814
2024-09-07 06:00:00+00:00,16959.252886009814
2024-09-07 08:00:00+00:00,16959.252886009814
2024-09-07 10:00:00+00:00,16959.252886009814
2024-09-07 12:00:00+00:00,16959.252886009814
2024-09-07 14:00:00+00:00,16959.252886009814
2024-09-07 16:00:00+00:00,16959.252886009814
2024-09-07 18:00:00+00:00,16959.252886009814
2024-09-07 20:00:00+00:00,16959.252886009814
2024-09-07 22:00:00+00:00,16959.252886009814
2024-09-08 00:00:00+00:00,16959.252886009814
2024-09-08 02:00:00+00:00,16959.252886009814
2024-09-08 04:00:00+00:00,16959.252886009814
2024-09-08 06:00:00+00:00,16959.252886009814
2024-09-08 08:00:00+00:00,16959.252886009814
2024-09-08 10:00:00+00:00,16959.252886009814
2024-09-08 12:00:00+00:00,16959.252886009814
2024-09-08 14:00:00+00:00,16959.252886009814
2024-09-08 16:00:00+00:00,16959.252886009814
2024-09-08 18:00:00+00:00,16959.252886009814
2024-09-08 20:00:00+00:00,16959.252886009814
2024-09-08 22:00:00+00:00,16959.252886009814
2024-09-09 00:00:00+00:00,16959.252886009814
2024-09-09 02:00:00+00:00,16959.252886009814
2024-09-09 04:00:00+00:00,16959.252886009814
2024-09-09 06:00:00+00:00,16959.252886009814
2024-09-09 08:00:00+00:00,16959.252886009814
2024-09-09 10:00:00+00:00,16959.252886009814
2024-09-09 12:00:00+00:00,16959.252886009814
2024-09-09 14:00:00+00:00,16959.252886009814
2024-09-09 16:00:00+00:00,16959.252886009814
2024-09-09 18:00:00+00:00,16959.252886009814
2024-09-09 20:00:00+00:00,16959.252886009814
2024-09-09 22:00:00+00:00,16959.252886009814
2024-09-10 00:00:00+00:00,16959.252886009814
2024-09-10 02:00:00+00:00,16959.252886009814
2024-09-10 04:00:00+00:00,16959.252886009814
2024-09-10 06:00:00+00:00,16959.252886009814
2024-09-10 08:00:00+00:00,16959.252886009814
2024-09-10 10:00:00+00:00,16959.252886009814
2024-09-10 12:00:00+00:00,16959.252886009814
2024-09-10 14:00:00+00:00,16959.252886009814
2024-09-10 16:00:00+00:00,16959.252886009814
2024-09-10 18:00:00+00:00,16959.252886009814
2024-09-10 20:00:00+00:00,16959.252886009814
2024-09-10 22:00:00+00:00,16959.252886009814
2024-09-11 00:00:00+00:00,16959.252886009814
2024-09-11 02:00:00+00:00,16959.252886009814
2024-09-11 04:00:00+00:00,16959.252886009814
2024-09-11 06:00:00+00:00,16959.252886009814
2024-09-11 08:00:00+00:00,16959.252886009814
2024-09-11 10:00:00+00:00,16959.252886009814
2024-09-11 12:00:00+00:00,16959.252886009814
2024-09-11 14:00:00+00:00,16959.252886009814
2024-09-11 16:00:00+00:00,16959.252886009814
2024-09-11 18:00:00+00:00,16959.252886009814
2024-09-11 20:00:00+00:00,16959.252886009814
2024-09-11 22:00:00+00:00,16959.252886009814
2024-09-12 00:00:00+00:00,16959.252886009814
2024-09-12 02:00:00+00:00,16959.252886009814
2024-09-12 04:00:00+00:00,16959.252886009814
2024-09-12 06:00:00+00:00,16959.252886009814
2024-09-12 08:00:00+00:00,16959.252886009814
2024-09-12 10:00:00+00:00,16959.252886009814
2024-09-12 12:00:00+00:00,16959.252886009814
2024-09-12 14:00:00+00:00,16959.252886009814
2024-09-12 16:00:00+00:00,16959.252886009814
2024-09-12 18:00:00+00:00,16959.252886009814
2024-09-12 20:00:00+00:00,16959.252886009814
2024-09-12 22:00:00+00:00,16959.252886009814
2024-09-13 00:00:00+00:00,16959.252886009814
2024-09-13 02:00:00+00:00,16959.252886009814
2024-09-13 04:00:00+00:00,16959.252886009814
2024-09-13 06:00:00+00:00,16959.252886009814
2024-09-13 08:00:00+00:00,16959.252886009814
2024-09-13 10:00:00+00:00,16959.252886009814
2024-09-13 12:00:00+00:00,16959.252886009814
2024-09-13 14:00:00+00:00,16959.252886009814
2024-09-13 16:00:00+00:00,16959.252886009814
2024-09-13 18:00:00+00:00,16959.252886009814
2024-09-13 20:00:00+00:00,16959.252886009814
2024-09-13 22:00:00+00:00,16959.252886009814
2024-09-14 00:00:00+00:00,16959.252886009814
2024-09-14 02:00:00+00:00,16959.252886009814
2024-09-14 04:00:00+00:00,16959.252886009814
2024-09-14 06:00:00+00:00,16959.252886009814
2024-09-14 08:00:00+00:00,16959.252886009814
2024-09-14 10:00:00+00:00,16959.252886009814
2024-09-14 12:00:00+00:00,16959.252886009814
2024-09-14 14:00:00+00:00,16959.252886009814
2024-09-14 16:00:00+00:00,16959.252886009814
2024-09-14 18:00:00+00:00,16959.252886009814
2024-09-14 20:00:00+00:00,16959.252886009814
2024-09-14 22:00:00+00:00,16959.252886009814
2024-09-15 00:00:00+00:00,16959.252886009814
2024-09-15 02:00:00+00:00,16959.252886009814
2024-09-15 04:00:00+00:00,16959.252886009814
2024-09-15 06:00:00+00:00,16959.252886009814
2024-09-15 08:00:00+00:00,16959.252886009814
2024-09-15 10:00:00+00:00,16959.252886009814
2024-09-15 12:00:00+00:00,16959.252886009814
2024-09-15 14:00:00+00:00,16959.252886009814
2024-09-15 16:00:00+00:00,16959.252886009814
2024-09-15 18:00:00+00:00,16959.252886009814
2024-09-15 20:00:00+00:00,16959.252886009814
2024-09-15 22:00:00+00:00,16959.252886009814
2024-09-16 00:00:00+00:00,16959.252886009814
2024-09-16 02:00:00+00:00,16959.252886009814
2024-09-16 04:00:00+00:00,16959.252886009814
2024-09-16 06:00:00+00:00,16959.252886009814
2024-09-16 08:00:00+00:00,16959.252886009814
2024-09-16 10:00:00+00:00,16959.252886009814
2024-09-16 12:00:00+00:00,16959.252886009814
2024-09-16 14:00:00+00:00,16959.252886009814
2024-09-16 16:00:00+00:00,16959.252886009814
2024-09-16 18:00:00+00:00,16959.252886009814
2024-09-16 20:00:00+00:00,16959.252886009814
2024-09-16 22:00:00+00:00,16959.252886009814
2024-09-17 00:00:00+00:00,16959.252886009814
2024-09-17 02:00:00+00:00,16959.252886009814
2024-09-17 04:00:00+00:00,16959.252886009814
2024-09-17 06:00:00+00:00,16959.252886009814
2024-09-17 08:00:00+00:00,16959.252886009814
2024-09-17 10:00:00+00:00,16959.252886009814
2024-09-17 12:00:00+00:00,16959.252886009814
2024-09-17 14:00:00+00:00,16959.252886009814
2024-09-17 16:00:00+00:00,16959.252886009814
2024-09-17 18:00:00+00:00,16959.252886009814
2024-09-17 20:00:00+00:00,16959.252886009814
2024-09-17 22:00:00+00:00,16959.252886009814
2024-09-18 00:00:00+00:00,16959.252886009814
2024-09-18 02:00:00+00:00,16959.252886009814
2024-09-18 04:00:00+00:00,16959.252886009814
2024-09-18 06:00:00+00:00,16959.252886009814
2024-09-18 08:00:00+00:00,16959.252886009814
2024-09-18 10:00:00+00:00,16959.252886009814
2024-09-18 12:00:00+00:00,16959.252886009814
2024-09-18 14:00:00+00:00,16959.252886009814
2024-09-18 16:00:00+00:00,16959.252886009814
2024-09-18 18:00:00+00:00,16959.252886009814
2024-09-18 20:00:00+00:00,16959.252886009814
2024-09-18 22:00:00+00:00,16959.252886009814
2024-09-19 00:00:00+00:00,16959.252886009814
2024-09-19 02:00:00+00:00,16959.252886009814
2024-09-19 04:00:00+00:00,16959.252886009814
2024-09-19 06:00:00+00:00,16959.252886009814
2024-09-19 08:00:00+00:00,16959.252886009814
2024-09-19 10:00:00+00:00,16959.252886009814
2024-09-19 12:00:00+00:00,16959.252886009814
2024-09-19 14:00:00+00:00,16959.252886009814
2024-09-19 16:00:00+00:00,16959.252886009814
2024-09-19 18:00:00+00:00,16959.252886009814
2024-09-19 20:00:00+00:00,16959.252886009814
2024-09-19 22:00:00+00:00,16959.252886009814
2024-09-20 00:00:00+00:00,16959.252886009814
2024-09-20 02:00:00+00:00,16959.252886009814
2024-09-20 04:00:00+00:00,16959.252886009814
2024-09-20 06:00:00+00:00,16959.252886009814
2024-09-20 08:00:00+00:00,16959.252886009814
2024-09-20 10:00:00+00:00,16959.252886009814
2024-09-20 12:00:00+00:00,16959.252886009814
2024-09-20 14:00:00+00:00,16959.252886009814
2024-09-20 16:00:00+00:00,16959.252886009814
2024-09-20 18:00:00+00:00,16959.252886009814
2024-09-20 20:00:00+00:00,16959.252886009814
2024-09-20 22:00:00+00:00,16959.252886009814
2024-09-21 00:00:00+00:00,16959.252886009814
2024-09-21 02:00:00+00:00,16959.252886009814
2024-09-21 04:00:00+00:00,16959.252886009814
2024-09-21 06:00:00+00:00,16959.252886009814
2024-09-21 08:00:00+00:00,16959.252886009814
2024-09-21 10:00:00+00:00,16959.252886009814
2024-09-21 12:00:00+00:00,16959.252886009814
2024-09-21 14:00:00+00:00,16959.252886009814
2024-09-21 16:00:00+00:00,16959.252886009814
2024-09-21 18:00:00+00:00,16959.252886009814
2024-09-21 20:00:00+00:00,16959.252886009814
2024-09-21 22:00:00+00:00,16959.252886009814
2024-09-22 00:00:00+00:00,16959.252886009814
2024-09-22 02:00:00+00:00,16959.252886009814
2024-09-22 04:00:00+00:00,16959.252886009814
2024-09-22 06:00:00+00:00,16959.252886009814
2024-09-22 08:00:00+00:00,16959.252886009814
2024-09-22 10:00:00+00:00,16959.252886009814
2024-09-22 12:00:00+00:00,16959.252886009814
2024-09-22 14:00:00+00:00,16959.252886009814
2024-09-22 16:00:00+00:00,16959.252886009814
2024-09-22 18:00:00+00:00,16959.252886009814
2024-09-22 20:00:00+00:00,16959.252886009814
2024-09-22 22:00:00+00:00,16959.252886009814
2024-09-23 00:00:00+00:00,16959.252886009814
2024-09-23 02:00:00+00:00,16959.252886009814
2024-09-23 04:00:00+00:00,16959.252886009814
2024-09-23 06:00:00+00:00,16959.252886009814
2024-09-23 08:00:00+00:00,16959.252886009814
2024-09-23 10:00:00+00:00,16959.252886009814
2024-09-23 12:00:00+00:00,16959.252886009814
2024-09-23 14:00:00+00:00,16959.252886009814
2024-09-23 16:00:00+00:00,16959.252886009814
2024-09-23 18:00:00+00:00,16959.252886009814
2024-09-23 20:00:00+00:00,16959.252886009814
2024-09-23 22:00:00+00:00,16959.252886009814
2024-09-24 00:00:00+00:00,16959.252886009814
2024-09-24 02:00:00+00:00,16959.252886009814
2024-09-24 04:00:00+00:00,16959.252886009814
2024-09-24 06:00:00+00:00,16959.252886009814
2024-09-24 08:00:00+00:00,16959.252886009814
2024-09-24 10:00:00+00:00,16959.252886009814
2024-09-24 12:00:00+00:00,16959.252886009814
2024-09-24 14:00:00+00:00,16959.252886009814
2024-09-24 16:00:00+00:00,16959.252886009814
2024-09-24 18:00:00+00:00,16959.252886009814
2024-09-24 20:00:00+00:00,16959.252886009814
2024-09-24 22:00:00+00:00,16959.252886009814
2024-09-25 00:00:00+00:00,16959.252886009814
2024-09-25 02:00:00+00:00,16953.29976336271
2024-09-25 04:00:00+00:00,16761.6548207705
2024-09-25 06:00:00+00:00,16739.215381289763
2024-09-25 08:00:00+00:00,16723.295823140583
2024-09-25 10:00:00+00:00,16872.487772120592
2024-09-25 12:00:00+00:00,16845.803033278637
2024-09-25 14:00:00+00:00,16776.05882948717
2024-09-25 16:00:00+00:00,16497.919852394465
2024-09-25 18:00:00+00:00,16497.919852394465
2024-09-25 20:00:00+00:00,16497.919852394465
2024-09-25 22:00:00+00:00,16497.919852394465
2024-09-26 00:00:00+00:00,16497.919852394465
2024-09-26 02:00:00+00:00,16497.919852394465
2024-09-26 04:00:00+00:00,16497.919852394465
2024-09-26 06:00:00+00:00,16497.919852394465
2024-09-26 08:00:00+00:00,16497.919852394465
2024-09-26 10:00:00+00:00,16497.919852394465
2024-09-26 12:00:00+00:00,16497.919852394465
2024-09-26 14:00:00+00:00,16497.919852394465
2024-09-26 16:00:00+00:00,16497.919852394465
2024-09-26 18:00:00+00:00,16497.919852394465
2024-09-26 20:00:00+00:00,16497.919852394465
2024-09-26 22:00:00+00:00,16497.919852394465
2024-09-27 00:00:00+00:00,16497.919852394465
2024-09-27 02:00:00+00:00,16634.720370958385
2024-09-27 04:00:00+00:00,16695.8233503497
2024-09-27 06:00:00+00:00,16754.663256430227
2024-09-27 08:00:00+00:00,16904.047990176616
2024-09-27 10:00:00+00:00,16893.298391950364
2024-09-27 12:00:00+00:00,17047.187377084054
2024-09-27 14:00:00+00:00,17051.71352370563
2024-09-27 16:00:00+00:00,17212.383694861433
2024-09-27 18:00:00+00:00,17085.085821129524
2024-09-27 20:00:00+00:00,17142.794190554658
2024-09-27 22:00:00+00:00,17209.554853222948
2024-09-28 00:00:00+00:00,17345.315206716394
2024-09-28 02:00:00+00:00,17072.04910443856
2024-09-28 04:00:00+00:00,16876.293263055268
2024-09-28 06:00:00+00:00,16819.219039101437
2024-09-28 08:00:00+00:00,16819.219039101437
2024-09-28 10:00:00+00:00,16819.219039101437
2024-09-28 12:00:00+00:00,16819.219039101437
2024-09-28 14:00:00+00:00,16819.219039101437
2024-09-28 16:00:00+00:00,16819.219039101437
2024-09-28 18:00:00+00:00,16819.219039101437
2024-09-28 20:00:00+00:00,16819.219039101437
2024-09-28 22:00:00+00:00,16819.219039101437
2024-09-29 00:00:00+00:00,16819.219039101437
2024-09-29 02:00:00+00:00,16819.219039101437
2024-09-29 04:00:00+00:00,16819.219039101437
2024-09-29 06:00:00+00:00,16819.219039101437
2024-09-29 08:00:00+00:00,16819.219039101437
2024-09-29 10:00:00+00:00,16819.219039101437
2024-09-29 12:00:00+00:00,16819.219039101437
2024-09-29 14:00:00+00:00,16819.219039101437
2024-09-29 16:00:00+00:00,16819.219039101437
2024-09-29 18:00:00+00:00,16819.219039101437
2024-09-29 20:00:00+00:00,16819.219039101437
2024-09-29 22:00:00+00:00,16819.219039101437
2024-09-30 00:00:00+00:00,16819.219039101437
2024-09-30 02:00:00+00:00,16819.219039101437
2024-09-30 04:00:00+00:00,16819.219039101437
2024-09-30 06:00:00+00:00,16819.219039101437
2024-09-30 08:00:00+00:00,16819.219039101437
2024-09-30 10:00:00+00:00,16819.219039101437
2024-09-30 12:00:00+00:00,16819.219039101437
2024-09-30 14:00:00+00:00,16819.219039101437
2024-09-30 16:00:00+00:00,16819.219039101437
2024-09-30 18:00:00+00:00,16819.219039101437
2024-09-30 20:00:00+00:00,16819.219039101437
2024-09-30 22:00:00+00:00,16819.219039101437
2024-10-01 00:00:00+00:00,16819.219039101437
2024-10-01 02:00:00+00:00,16819.219039101437
2024-10-01 04:00:00+00:00,16819.219039101437
2024-10-01 06:00:00+00:00,16819.219039101437
2024-10-01 08:00:00+00:00,16819.219039101437
2024-10-01 10:00:00+00:00,16819.219039101437
2024-10-01 12:00:00+00:00,16819.219039101437
2024-10-01 14:00:00+00:00,16819.219039101437
2024-10-01 16:00:00+00:00,16819.219039101437
2024-10-01 18:00:00+00:00,16819.219039101437
2024-10-01 20:00:00+00:00,16819.219039101437
2024-10-01 22:00:00+00:00,16819.219039101437
2024-10-02 00:00:00+00:00,16819.219039101437
2024-10-02 02:00:00+00:00,16819.219039101437
2024-10-02 04:00:00+00:00,16819.219039101437
2024-10-02 06:00:00+00:00,16819.219039101437
2024-10-02 08:00:00+00:00,16819.219039101437
2024-10-02 10:00:00+00:00,16819.219039101437
2024-10-02 12:00:00+00:00,16819.219039101437
2024-10-02 14:00:00+00:00,16819.219039101437
2024-10-02 16:00:00+00:00,16819.219039101437
2024-10-02 18:00:00+00:00,16819.219039101437
2024-10-02 20:00:00+00:00,16819.219039101437
2024-10-02 22:00:00+00:00,16819.219039101437
2024-10-03 00:00:00+00:00,16819.219039101437
2024-10-03 02:00:00+00:00,16819.219039101437
2024-10-03 04:00:00+00:00,16819.219039101437
2024-10-03 06:00:00+00:00,16819.219039101437
2024-10-03 08:00:00+00:00,16819.219039101437
2024-10-03 10:00:00+00:00,16819.219039101437
2024-10-03 12:00:00+00:00,16819.219039101437
2024-10-03 14:00:00+00:00,16819.219039101437
2024-10-03 16:00:00+00:00,16819.219039101437
2024-10-03 18:00:00+00:00,16819.219039101437
2024-10-03 20:00:00+00:00,16819.219039101437
2024-10-03 22:00:00+00:00,16819.219039101437
2024-10-04 00:00:00+00:00,16819.219039101437
2024-10-04 02:00:00+00:00,16819.219039101437
2024-10-04 04:00:00+00:00,16819.219039101437
2024-10-04 06:00:00+00:00,16819.219039101437
2024-10-04 08:00:00+00:00,16819.219039101437
2024-10-04 10:00:00+00:00,16819.219039101437
2024-10-04 12:00:00+00:00,16819.219039101437
2024-10-04 14:00:00+00:00,16819.219039101437
2024-10-04 16:00:00+00:00,16819.219039101437
2024-10-04 18:00:00+00:00,16819.219039101437
2024-10-04 20:00:00+00:00,16819.219039101437
2024-10-04 22:00:00+00:00,16819.219039101437
2024-10-05 00:00:00+00:00,16819.219039101437
2024-10-05 02:00:00+00:00,16819.219039101437
2024-10-05 04:00:00+00:00,16819.219039101437
2024-10-05 06:00:00+00:00,16819.219039101437
2024-10-05 08:00:00+00:00,16819.219039101437
2024-10-05 10:00:00+00:00,16819.219039101437
2024-10-05 12:00:00+00:00,16819.219039101437
2024-10-05 14:00:00+00:00,16819.219039101437
2024-10-05 16:00:00+00:00,16819.219039101437
2024-10-05 18:00:00+00:00,16819.219039101437
2024-10-05 20:00:00+00:00,16819.219039101437
2024-10-05 22:00:00+00:00,16819.219039101437
2024-10-06 00:00:00+00:00,16819.219039101437
2024-10-06 02:00:00+00:00,16819.219039101437
2024-10-06 04:00:00+00:00,16819.219039101437
2024-10-06 06:00:00+00:00,16819.219039101437
2024-10-06 08:00:00+00:00,16819.219039101437
2024-10-06 10:00:00+00:00,16819.219039101437
2024-10-06 12:00:00+00:00,16819.219039101437
2024-10-06 14:00:00+00:00,16819.219039101437
2024-10-06 16:00:00+00:00,16819.219039101437
2024-10-06 18:00:00+00:00,16819.219039101437
2024-10-06 20:00:00+00:00,16819.219039101437
2024-10-06 22:00:00+00:00,16819.219039101437
2024-10-07 00:00:00+00:00,16819.219039101437
2024-10-07 02:00:00+00:00,16819.219039101437
2024-10-07 04:00:00+00:00,16819.219039101437
2024-10-07 06:00:00+00:00,16819.219039101437
2024-10-07 08:00:00+00:00,16819.219039101437
2024-10-07 10:00:00+00:00,16819.219039101437
2024-10-07 12:00:00+00:00,16819.219039101437
2024-10-07 14:00:00+00:00,16819.219039101437
2024-10-07 16:00:00+00:00,16819.219039101437
2024-10-07 18:00:00+00:00,16819.219039101437
2024-10-07 20:00:00+00:00,16819.219039101437
2024-10-07 22:00:00+00:00,16819.219039101437
2024-10-08 00:00:00+00:00,16819.219039101437
2024-10-08 02:00:00+00:00,16819.219039101437
2024-10-08 04:00:00+00:00,16819.219039101437
2024-10-08 06:00:00+00:00,16819.219039101437
2024-10-08 08:00:00+00:00,16819.219039101437
2024-10-08 10:00:00+00:00,16819.219039101437
2024-10-08 12:00:00+00:00,16819.219039101437
2024-10-08 14:00:00+00:00,16819.219039101437
2024-10-08 16:00:00+00:00,16819.219039101437
2024-10-08 18:00:00+00:00,16819.219039101437
2024-10-08 20:00:00+00:00,16819.219039101437
2024-10-08 22:00:00+00:00,16819.219039101437
2024-10-09 00:00:00+00:00,16819.219039101437
2024-10-09 02:00:00+00:00,16819.219039101437
2024-10-09 04:00:00+00:00,16819.219039101437
2024-10-09 06:00:00+00:00,16819.219039101437
2024-10-09 08:00:00+00:00,16819.219039101437
2024-10-09 10:00:00+00:00,16819.219039101437
2024-10-09 12:00:00+00:00,16819.219039101437
2024-10-09 14:00:00+00:00,16819.219039101437
2024-10-09 16:00:00+00:00,16819.219039101437
2024-10-09 18:00:00+00:00,16819.219039101437
2024-10-09 20:00:00+00:00,16819.219039101437
2024-10-09 22:00:00+00:00,16819.219039101437
2024-10-10 00:00:00+00:00,16819.219039101437
2024-10-10 02:00:00+00:00,16819.219039101437
2024-10-10 04:00:00+00:00,16819.219039101437
2024-10-10 06:00:00+00:00,16819.219039101437
2024-10-10 08:00:00+00:00,16819.219039101437
2024-10-10 10:00:00+00:00,16819.219039101437
2024-10-10 12:00:00+00:00,16819.219039101437
2024-10-10 14:00:00+00:00,16819.219039101437
2024-10-10 16:00:00+00:00,16819.219039101437
2024-10-10 18:00:00+00:00,16819.219039101437
2024-10-10 20:00:00+00:00,16819.219039101437
2024-10-10 22:00:00+00:00,16819.219039101437
2024-10-11 00:00:00+00:00,16819.219039101437
2024-10-11 02:00:00+00:00,16819.219039101437
2024-10-11 04:00:00+00:00,16819.219039101437
2024-10-11 06:00:00+00:00,16819.219039101437
2024-10-11 08:00:00+00:00,16819.219039101437
2024-10-11 10:00:00+00:00,16819.219039101437
2024-10-11 12:00:00+00:00,16819.219039101437
2024-10-11 14:00:00+00:00,16819.219039101437
2024-10-11 16:00:00+00:00,16819.219039101437
2024-10-11 18:00:00+00:00,16819.219039101437
2024-10-11 20:00:00+00:00,16819.219039101437
2024-10-11 22:00:00+00:00,16819.219039101437
2024-10-12 00:00:00+00:00,16819.219039101437
2024-10-12 02:00:00+00:00,16819.219039101437
2024-10-12 04:00:00+00:00,16819.219039101437
2024-10-12 06:00:00+00:00,16819.219039101437
2024-10-12 08:00:00+00:00,16819.219039101437
2024-10-12 10:00:00+00:00,16819.219039101437
2024-10-12 12:00:00+00:00,16819.219039101437
2024-10-12 14:00:00+00:00,16819.219039101437
2024-10-12 16:00:00+00:00,16819.219039101437
2024-10-12 18:00:00+00:00,16819.219039101437
2024-10-12 20:00:00+00:00,16819.219039101437
2024-10-12 22:00:00+00:00,16819.219039101437
2024-10-13 00:00:00+00:00,16819.219039101437
2024-10-13 02:00:00+00:00,16819.219039101437
2024-10-13 04:00:00+00:00,16819.219039101437
2024-10-13 06:00:00+00:00,16819.219039101437
2024-10-13 08:00:00+00:00,16819.219039101437
2024-10-13 10:00:00+00:00,16819.219039101437
2024-10-13 12:00:00+00:00,16819.219039101437
2024-10-13 14:00:00+00:00,16819.219039101437
2024-10-13 16:00:00+00:00,16819.219039101437
2024-10-13 18:00:00+00:00,16819.219039101437
2024-10-13 20:00:00+00:00,16819.219039101437
2024-10-13 22:00:00+00:00,16819.219039101437
2024-10-14 00:00:00+00:00,16819.219039101437
2024-10-14 02:00:00+00:00,16819.219039101437
2024-10-14 04:00:00+00:00,16819.219039101437
2024-10-14 06:00:00+00:00,16819.219039101437
2024-10-14 08:00:00+00:00,16819.219039101437
2024-10-14 10:00:00+00:00,16819.219039101437
2024-10-14 12:00:00+00:00,16819.219039101437
2024-10-14 14:00:00+00:00,16819.219039101437
2024-10-14 16:00:00+00:00,16819.219039101437
2024-10-14 18:00:00+00:00,16819.219039101437
2024-10-14 20:00:00+00:00,16819.219039101437
2024-10-14 22:00:00+00:00,16819.219039101437
2024-10-15 00:00:00+00:00,16819.219039101437
2024-10-15 02:00:00+00:00,16737.250593417248
2024-10-15 04:00:00+00:00,16611.884481461257
2024-10-15 06:00:00+00:00,16771.070288735606
2024-10-15 08:00:00+00:00,16848.572893379624
2024-10-15 10:00:00+00:00,16600.17306224822
2024-10-15 12:00:00+00:00,17182.688159197212
2024-10-15 14:00:00+00:00,16557.07744084151
2024-10-15 16:00:00+00:00,16557.07744084151
2024-10-15 18:00:00+00:00,16557.07744084151
2024-10-15 20:00:00+00:00,16557.07744084151
2024-10-15 22:00:00+00:00,16557.07744084151
2024-10-16 00:00:00+00:00,16557.07744084151
2024-10-16 02:00:00+00:00,16557.07744084151
2024-10-16 04:00:00+00:00,16557.07744084151
2024-10-16 06:00:00+00:00,16557.07744084151
2024-10-16 08:00:00+00:00,16557.07744084151
2024-10-16 10:00:00+00:00,16557.07744084151
2024-10-16 12:00:00+00:00,16557.07744084151
2024-10-16 14:00:00+00:00,16557.07744084151
2024-10-16 16:00:00+00:00,16557.07744084151
2024-10-16 18:00:00+00:00,16557.07744084151
2024-10-16 20:00:00+00:00,16557.07744084151
2024-10-16 22:00:00+00:00,16557.07744084151
2024-10-17 00:00:00+00:00,16557.07744084151
2024-10-17 02:00:00+00:00,16557.07744084151
2024-10-17 04:00:00+00:00,16557.07744084151
2024-10-17 06:00:00+00:00,16557.07744084151
2024-10-17 08:00:00+00:00,16557.07744084151
2024-10-17 10:00:00+00:00,16557.07744084151
2024-10-17 12:00:00+00:00,16557.07744084151
2024-10-17 14:00:00+00:00,16557.07744084151
2024-10-17 16:00:00+00:00,16557.07744084151
2024-10-17 18:00:00+00:00,16557.07744084151
2024-10-17 20:00:00+00:00,16557.07744084151
2024-10-17 22:00:00+00:00,16557.07744084151
2024-10-18 00:00:00+00:00,16557.07744084151
2024-10-18 02:00:00+00:00,16557.07744084151
2024-10-18 04:00:00+00:00,16557.07744084151
2024-10-18 06:00:00+00:00,16557.07744084151
2024-10-18 08:00:00+00:00,16557.07744084151
2024-10-18 10:00:00+00:00,16557.07744084151
2024-10-18 12:00:00+00:00,16557.07744084151
2024-10-18 14:00:00+00:00,16557.07744084151
2024-10-18 16:00:00+00:00,16557.07744084151
2024-10-18 18:00:00+00:00,16557.07744084151
2024-10-18 20:00:00+00:00,16557.07744084151
2024-10-18 22:00:00+00:00,16557.07744084151
2024-10-19 00:00:00+00:00,16531.091687615157
2024-10-19 02:00:00+00:00,16626.432812375515
2024-10-19 04:00:00+00:00,16629.375439682935
2024-10-19 06:00:00+00:00,16504.01951638691
2024-10-19 08:00:00+00:00,16467.416998256856
2024-10-19 10:00:00+00:00,16310.280700040712
2024-10-19 12:00:00+00:00,16395.02836649436
2024-10-19 14:00:00+00:00,16541.5712064038
2024-10-19 16:00:00+00:00,16424.076234734624
2024-10-19 18:00:00+00:00,16414.0713018894
2024-10-19 20:00:00+00:00,16451.736931424355
2024-10-19 22:00:00+00:00,16528.833766878717
2024-10-20 00:00:00+00:00,16399.81088917562
2024-10-20 02:00:00+00:00,16359.202632333248
2024-10-20 04:00:00+00:00,16362.145259640667
2024-10-20 06:00:00+00:00,16433.945365941676
2024-10-20 08:00:00+00:00,16486.995995234753
2024-10-20 10:00:00+00:00,16547.025592306087
2024-10-20 12:00:00+00:00,16499.35502992591
2024-10-20 14:00:00+00:00,16694.15695767701
2024-10-20 16:00:00+00:00,16614.15468428642
2024-10-20 18:00:00+00:00,16645.346533745054
2024-10-20 20:00:00+00:00,16752.458167735087
2024-10-20 22:00:00+00:00,17043.778271169507
2024-10-21 00:00:00+00:00,17114.462062375173
2024-10-21 02:00:00+00:00,16873.166623166864
2024-10-21 04:00:00+00:00,16995.57991915547
2024-10-21 06:00:00+00:00,16835.500993631907
2024-10-21 08:00:00+00:00,16724.614448034336
2024-10-21 10:00:00+00:00,16724.614448034336
2024-10-21 12:00:00+00:00,16724.614448034336
2024-10-21 14:00:00+00:00,16724.614448034336
2024-10-21 16:00:00+00:00,16724.614448034336
2024-10-21 18:00:00+00:00,16724.614448034336
2024-10-21 20:00:00+00:00,16724.614448034336
2024-10-21 22:00:00+00:00,16724.614448034336
2024-10-22 00:00:00+00:00,16724.614448034336
2024-10-22 02:00:00+00:00,16724.614448034336
2024-10-22 04:00:00+00:00,16724.614448034336
2024-10-22 06:00:00+00:00,16724.614448034336
2024-10-22 08:00:00+00:00,16724.614448034336
2024-10-22 10:00:00+00:00,16724.614448034336
2024-10-22 12:00:00+00:00,16724.614448034336
2024-10-22 14:00:00+00:00,16724.614448034336
2024-10-22 16:00:00+00:00,16724.614448034336
2024-10-22 18:00:00+00:00,16724.614448034336
2024-10-22 20:00:00+00:00,16724.614448034336
2024-10-22 22:00:00+00:00,16724.614448034336
2024-10-23 00:00:00+00:00,16724.614448034336
2024-10-23 02:00:00+00:00,16724.614448034336
2024-10-23 04:00:00+00:00,16724.614448034336
2024-10-23 06:00:00+00:00,16724.614448034336
2024-10-23 08:00:00+00:00,16724.614448034336
2024-10-23 10:00:00+00:00,16724.614448034336
2024-10-23 12:00:00+00:00,16724.614448034336
2024-10-23 14:00:00+00:00,16724.614448034336
2024-10-23 16:00:00+00:00,16724.614448034336
2024-10-23 18:00:00+00:00,16724.614448034336
2024-10-23 20:00:00+00:00,16724.614448034336
2024-10-23 22:00:00+00:00,16724.614448034336
2024-10-24 00:00:00+00:00,16724.614448034336
2024-10-24 02:00:00+00:00,16724.614448034336
2024-10-24 04:00:00+00:00,16724.614448034336
2024-10-24 06:00:00+00:00,16724.614448034336
2024-10-24 08:00:00+00:00,16724.614448034336
2024-10-24 10:00:00+00:00,16724.614448034336
2024-10-24 12:00:00+00:00,16724.614448034336
2024-10-24 14:00:00+00:00,16724.614448034336
2024-10-24 16:00:00+00:00,16724.614448034336
2024-10-24 18:00:00+00:00,16724.614448034336
2024-10-24 20:00:00+00:00,16724.614448034336
2024-10-24 22:00:00+00:00,16724.614448034336
2024-10-25 00:00:00+00:00,16724.614448034336
2024-10-25 02:00:00+00:00,16724.614448034336
2024-10-25 04:00:00+00:00,16724.614448034336
2024-10-25 06:00:00+00:00,16724.614448034336
2024-10-25 08:00:00+00:00,16724.614448034336
2024-10-25 10:00:00+00:00,16724.614448034336
2024-10-25 12:00:00+00:00,16724.614448034336
2024-10-25 14:00:00+00:00,16724.614448034336
2024-10-25 16:00:00+00:00,16724.614448034336
2024-10-25 18:00:00+00:00,16724.614448034336
2024-10-25 20:00:00+00:00,16724.614448034336
2024-10-25 22:00:00+00:00,16724.614448034336
2024-10-26 00:00:00+00:00,16724.614448034336
2024-10-26 02:00:00+00:00,16724.614448034336
2024-10-26 04:00:00+00:00,16724.614448034336
2024-10-26 06:00:00+00:00,16724.614448034336
2024-10-26 08:00:00+00:00,16724.614448034336
2024-10-26 10:00:00+00:00,16724.614448034336
2024-10-26 12:00:00+00:00,16724.614448034336
2024-10-26 14:00:00+00:00,16724.614448034336
2024-10-26 16:00:00+00:00,16724.614448034336
2024-10-26 18:00:00+00:00,16724.614448034336
2024-10-26 20:00:00+00:00,16724.614448034336
2024-10-26 22:00:00+00:00,16724.614448034336
2024-10-27 00:00:00+00:00,16724.614448034336
2024-10-27 02:00:00+00:00,16724.614448034336
2024-10-27 04:00:00+00:00,16724.614448034336
2024-10-27 06:00:00+00:00,16724.614448034336
2024-10-27 08:00:00+00:00,16724.614448034336
2024-10-27 10:00:00+00:00,16724.614448034336
2024-10-27 12:00:00+00:00,16724.614448034336
2024-10-27 14:00:00+00:00,16724.614448034336
2024-10-27 16:00:00+00:00,16724.614448034336
2024-10-27 18:00:00+00:00,16724.614448034336
2024-10-27 20:00:00+00:00,16724.614448034336
2024-10-27 22:00:00+00:00,16724.614448034336
2024-10-28 00:00:00+00:00,16724.614448034336
2024-10-28 02:00:00+00:00,16724.614448034336
2024-10-28 04:00:00+00:00,16724.614448034336
2024-10-28 06:00:00+00:00,16724.614448034336
2024-10-28 08:00:00+00:00,16724.614448034336
2024-10-28 10:00:00+00:00,16724.614448034336
2024-10-28 12:00:00+00:00,16575.27198020698
2024-10-28 14:00:00+00:00,16407.00008702801
2024-10-28 16:00:00+00:00,16407.00008702801
2024-10-28 18:00:00+00:00,16407.00008702801
2024-10-28 20:00:00+00:00,16407.00008702801
2024-10-28 22:00:00+00:00,16407.00008702801
2024-10-29 00:00:00+00:00,16407.00008702801
2024-10-29 02:00:00+00:00,16407.00008702801
2024-10-29 04:00:00+00:00,16407.00008702801
2024-10-29 06:00:00+00:00,16407.00008702801
2024-10-29 08:00:00+00:00,16407.00008702801
2024-10-29 10:00:00+00:00,16407.00008702801
2024-10-29 12:00:00+00:00,16407.00008702801
2024-10-29 14:00:00+00:00,16407.00008702801
2024-10-29 16:00:00+00:00,16407.00008702801
2024-10-29 18:00:00+00:00,16407.00008702801
2024-10-29 20:00:00+00:00,16407.00008702801
2024-10-29 22:00:00+00:00,16407.00008702801
2024-10-30 00:00:00+00:00,16407.00008702801
2024-10-30 02:00:00+00:00,16407.00008702801
2024-10-30 04:00:00+00:00,16407.00008702801
2024-10-30 06:00:00+00:00,16407.00008702801
2024-10-30 08:00:00+00:00,16407.00008702801
2024-10-30 10:00:00+00:00,16407.00008702801
2024-10-30 12:00:00+00:00,16407.00008702801
2024-10-30 14:00:00+00:00,16407.00008702801
2024-10-30 16:00:00+00:00,16407.00008702801
2024-10-30 18:00:00+00:00,16407.00008702801
2024-10-30 20:00:00+00:00,16407.00008702801
2024-10-30 22:00:00+00:00,16407.00008702801
2024-10-31 00:00:00+00:00,16407.00008702801
2024-10-31 02:00:00+00:00,16407.00008702801
2024-10-31 04:00:00+00:00,16407.00008702801
2024-10-31 06:00:00+00:00,16407.00008702801
2024-10-31 08:00:00+00:00,16407.00008702801
2024-10-31 10:00:00+00:00,16407.00008702801
2024-10-31 12:00:00+00:00,16407.00008702801
2024-10-31 14:00:00+00:00,16407.00008702801
2024-10-31 16:00:00+00:00,16407.00008702801
2024-10-31 18:00:00+00:00,16407.00008702801
2024-10-31 20:00:00+00:00,16407.00008702801
2024-10-31 22:00:00+00:00,16407.00008702801
2024-11-01 00:00:00+00:00,16407.00008702801
2024-11-01 02:00:00+00:00,16407.00008702801
2024-11-01 04:00:00+00:00,16407.00008702801
2024-11-01 06:00:00+00:00,16407.00008702801
2024-11-01 08:00:00+00:00,16407.00008702801
2024-11-01 10:00:00+00:00,16407.00008702801
2024-11-01 12:00:00+00:00,16407.00008702801
2024-11-01 14:00:00+00:00,16407.00008702801
2024-11-01 16:00:00+00:00,16407.00008702801
2024-11-01 18:00:00+00:00,16407.00008702801
2024-11-01 20:00:00+00:00,16407.00008702801
2024-11-01 22:00:00+00:00,16407.00008702801
2024-11-02 00:00:00+00:00,16407.00008702801
2024-11-02 02:00:00+00:00,16407.00008702801
2024-11-02 04:00:00+00:00,16407.00008702801
2024-11-02 06:00:00+00:00,16407.00008702801
2024-11-02 08:00:00+00:00,16407.00008702801
2024-11-02 10:00:00+00:00,16407.00008702801
2024-11-02 12:00:00+00:00,16407.00008702801
2024-11-02 14:00:00+00:00,16407.00008702801
2024-11-02 16:00:00+00:00,16407.00008702801
2024-11-02 18:00:00+00:00,16407.00008702801
2024-11-02 20:00:00+00:00,16407.00008702801
2024-11-02 22:00:00+00:00,16407.00008702801
2024-11-03 00:00:00+00:00,16407.00008702801
2024-11-03 02:00:00+00:00,16407.00008702801
2024-11-03 04:00:00+00:00,16407.00008702801
2024-11-03 06:00:00+00:00,16407.00008702801
2024-11-03 08:00:00+00:00,16407.00008702801
2024-11-03 10:00:00+00:00,16407.00008702801
2024-11-03 12:00:00+00:00,16407.00008702801
2024-11-03 14:00:00+00:00,16407.00008702801
2024-11-03 16:00:00+00:00,16407.00008702801
2024-11-03 18:00:00+00:00,16407.00008702801
2024-11-03 20:00:00+00:00,16407.00008702801
2024-11-03 22:00:00+00:00,16407.00008702801
2024-11-04 00:00:00+00:00,16407.00008702801
2024-11-04 02:00:00+00:00,16407.00008702801
2024-11-04 04:00:00+00:00,16407.00008702801
2024-11-04 06:00:00+00:00,16407.00008702801
2024-11-04 08:00:00+00:00,16407.00008702801
2024-11-04 10:00:00+00:00,16407.00008702801
2024-11-04 12:00:00+00:00,16407.00008702801
2024-11-04 14:00:00+00:00,16407.00008702801
2024-11-04 16:00:00+00:00,16407.00008702801
2024-11-04 18:00:00+00:00,16407.00008702801
2024-11-04 20:00:00+00:00,16407.00008702801
2024-11-04 22:00:00+00:00,16407.00008702801
2024-11-05 00:00:00+00:00,16407.00008702801
2024-11-05 02:00:00+00:00,16407.00008702801
2024-11-05 04:00:00+00:00,16407.00008702801
2024-11-05 06:00:00+00:00,16407.00008702801
2024-11-05 08:00:00+00:00,16407.00008702801
2024-11-05 10:00:00+00:00,16407.00008702801
2024-11-05 12:00:00+00:00,16407.00008702801
2024-11-05 14:00:00+00:00,16407.00008702801
2024-11-05 16:00:00+00:00,16407.00008702801
2024-11-05 18:00:00+00:00,16407.00008702801
2024-11-05 20:00:00+00:00,16500.047860274917
2024-11-05 22:00:00+00:00,16569.857881801716
2024-11-06 00:00:00+00:00,17054.79755082412
2024-11-06 02:00:00+00:00,18118.536393692884
2024-11-06 04:00:00+00:00,18149.639868630566
2024-11-06 06:00:00+00:00,17887.67949082208
2024-11-06 08:00:00+00:00,18015.83396358765
2024-11-06 10:00:00+00:00,18207.984319869338
2024-11-06 12:00:00+00:00,18308.20662800187
2024-11-06 14:00:00+00:00,18072.51140680743
2024-11-06 16:00:00+00:00,18222.76517499156
2024-11-06 18:00:00+00:00,18383.120868003614
2024-11-06 20:00:00+00:00,18484.725552800046
2024-11-06 22:00:00+00:00,18661.669765778868
2024-11-07 00:00:00+00:00,18980.51445947488
2024-11-07 02:00:00+00:00,19142.943717482784
2024-11-07 04:00:00+00:00,18791.128856520987
2024-11-07 06:00:00+00:00,18608.65513688658
2024-11-07 08:00:00+00:00,18613.014323458512
2024-11-07 10:00:00+00:00,18418.099213849033
2024-11-07 12:00:00+00:00,18407.040200537856
2024-11-07 14:00:00+00:00,18848.709544652957
2024-11-07 16:00:00+00:00,19070.07753762744
2024-11-07 18:00:00+00:00,19079.754174274716
2024-11-07 20:00:00+00:00,19018.929601063246
2024-11-07 22:00:00+00:00,18924.236799586302
2024-11-08 00:00:00+00:00,19064.036897200374
2024-11-08 02:00:00+00:00,18929.94636080236
2024-11-08 04:00:00+00:00,18960.358647408095
2024-11-08 06:00:00+00:00,19057.816202212838
2024-11-08 08:00:00+00:00,19139.54279441426
2024-11-08 10:00:00+00:00,19440.209718811864
2024-11-08 12:00:00+00:00,19597.800658496126
2024-11-08 14:00:00+00:00,19398.047230563006
2024-11-08 16:00:00+00:00,19432.738664131834
2024-11-08 18:00:00+00:00,19564.064447202054
2024-11-08 20:00:00+00:00,19642.168728712237
2024-11-08 22:00:00+00:00,19881.31989156642
2024-11-09 00:00:00+00:00,19856.520814523272
2024-11-09 02:00:00+00:00,19803.990501295182
2024-11-09 04:00:00+00:00,20185.526460530764
2024-11-09 06:00:00+00:00,20211.10042881286
2024-11-09 08:00:00+00:00,20411.59570918266
2024-11-09 10:00:00+00:00,20374.271539257443
2024-11-09 12:00:00+00:00,19976.838248387045
2024-11-09 14:00:00+00:00,19901.498720204658
2024-11-09 16:00:00+00:00,19920.93341548472
2024-11-09 18:00:00+00:00,20017.008593625564
2024-11-09 20:00:00+00:00,20205.703008247507
2024-11-09 22:00:00+00:00,20981.907505025687
2024-11-10 00:00:00+00:00,20766.92125392009
2024-11-10 02:00:00+00:00,21044.77896336339
2024-11-10 04:00:00+00:00,21874.896150033557
2024-11-10 06:00:00+00:00,21787.115231876094
2024-11-10 08:00:00+00:00,21938.3779967872
2024-11-10 10:00:00+00:00,22095.277748139513
2024-11-10 12:00:00+00:00,22579.80076883542
2024-11-10 14:00:00+00:00,22336.502475989542
2024-11-10 16:00:00+00:00,22642.973023985633
2024-11-10 18:00:00+00:00,22128.037716683986
2024-11-10 20:00:00+00:00,21527.243784717222
2024-11-10 22:00:00+00:00,21527.243784717222
2024-11-11 00:00:00+00:00,21527.243784717222
2024-11-11 02:00:00+00:00,21527.243784717222
2024-11-11 04:00:00+00:00,21527.243784717222
2024-11-11 06:00:00+00:00,21527.243784717222
2024-11-11 08:00:00+00:00,21527.243784717222
2024-11-11 10:00:00+00:00,21527.243784717222
2024-11-11 12:00:00+00:00,21527.243784717222
2024-11-11 14:00:00+00:00,21527.243784717222
2024-11-11 16:00:00+00:00,21527.243784717222
2024-11-11 18:00:00+00:00,21527.243784717222
2024-11-11 20:00:00+00:00,21527.243784717222
2024-11-11 22:00:00+00:00,21527.243784717222
2024-11-12 00:00:00+00:00,21527.243784717222
2024-11-12 02:00:00+00:00,21527.243784717222
2024-11-12 04:00:00+00:00,21527.243784717222
2024-11-12 06:00:00+00:00,21527.243784717222
2024-11-12 08:00:00+00:00,21527.243784717222
2024-11-12 10:00:00+00:00,21527.243784717222
2024-11-12 12:00:00+00:00,21527.243784717222
2024-11-12 14:00:00+00:00,21527.243784717222
2024-11-12 16:00:00+00:00,21527.243784717222
2024-11-12 18:00:00+00:00,21527.243784717222
2024-11-12 20:00:00+00:00,21527.243784717222
2024-11-12 22:00:00+00:00,21527.243784717222
2024-11-13 00:00:00+00:00,21527.243784717222
2024-11-13 02:00:00+00:00,21527.243784717222
2024-11-13 04:00:00+00:00,21527.243784717222
2024-11-13 06:00:00+00:00,21527.243784717222
2024-11-13 08:00:00+00:00,21527.243784717222
2024-11-13 10:00:00+00:00,21527.243784717222
2024-11-13 12:00:00+00:00,21527.243784717222
2024-11-13 14:00:00+00:00,21527.243784717222
2024-11-13 16:00:00+00:00,21192.627897160273
2024-11-13 18:00:00+00:00,20235.12020169338
2024-11-13 20:00:00+00:00,20235.12020169338
2024-11-13 22:00:00+00:00,20235.12020169338
2024-11-14 00:00:00+00:00,20235.12020169338
2024-11-14 02:00:00+00:00,20235.12020169338
2024-11-14 04:00:00+00:00,20235.12020169338
2024-11-14 06:00:00+00:00,20145.19874696715
2024-11-14 08:00:00+00:00,20055.458949334236
2024-11-14 10:00:00+00:00,19382.898028996766
2024-11-14 12:00:00+00:00,19343.53262655742
2024-11-14 14:00:00+00:00,19343.53262655742
2024-11-14 16:00:00+00:00,19343.53262655742
2024-11-14 18:00:00+00:00,19343.53262655742
2024-11-14 20:00:00+00:00,19343.53262655742
2024-11-14 22:00:00+00:00,19343.53262655742
2024-11-15 00:00:00+00:00,19343.53262655742
2024-11-15 02:00:00+00:00,19343.53262655742
2024-11-15 04:00:00+00:00,19343.53262655742
2024-11-15 06:00:00+00:00,19343.53262655742
2024-11-15 08:00:00+00:00,19343.53262655742
2024-11-15 10:00:00+00:00,19343.53262655742
2024-11-15 12:00:00+00:00,19343.53262655742
2024-11-15 14:00:00+00:00,19343.53262655742
2024-11-15 16:00:00+00:00,19343.53262655742
2024-11-15 18:00:00+00:00,19343.53262655742
2024-11-15 20:00:00+00:00,19343.53262655742
2024-11-15 22:00:00+00:00,19343.53262655742
2024-11-16 00:00:00+00:00,19343.53262655742
2024-11-16 02:00:00+00:00,19912.837766504083
2024-11-16 04:00:00+00:00,20410.064704126984
2024-11-16 06:00:00+00:00,19864.737724752682
2024-11-16 08:00:00+00:00,20131.647754024074
2024-11-16 10:00:00+00:00,20478.779380639597
2024-11-16 12:00:00+00:00,20318.252735276492
2024-11-16 14:00:00+00:00,20052.83322778082
2024-11-16 16:00:00+00:00,20304.077768876068
2024-11-16 18:00:00+00:00,20421.140521090318
2024-11-16 20:00:00+00:00,20399.69833380355
2024-11-16 22:00:00+00:00,20378.835665092098
2024-11-17 00:00:00+00:00,19888.26304951029
2024-11-17 02:00:00+00:00,19400.16319829518
2024-11-17 04:00:00+00:00,19400.16319829518
2024-11-17 06:00:00+00:00,19400.16319829518
2024-11-17 08:00:00+00:00,19400.16319829518
2024-11-17 10:00:00+00:00,19400.16319829518
2024-11-17 12:00:00+00:00,19400.16319829518
2024-11-17 14:00:00+00:00,19400.16319829518
2024-11-17 16:00:00+00:00,19400.16319829518
2024-11-17 18:00:00+00:00,19400.16319829518
2024-11-17 20:00:00+00:00,19400.16319829518
2024-11-17 22:00:00+00:00,19400.16319829518
2024-11-18 00:00:00+00:00,19400.16319829518
2024-11-18 02:00:00+00:00,19400.16319829518
2024-11-18 04:00:00+00:00,19400.16319829518
2024-11-18 06:00:00+00:00,19400.16319829518
2024-11-18 08:00:00+00:00,19400.16319829518
2024-11-18 10:00:00+00:00,19400.16319829518
2024-11-18 12:00:00+00:00,19400.16319829518
2024-11-18 14:00:00+00:00,19400.16319829518
2024-11-18 16:00:00+00:00,19400.16319829518
2024-11-18 18:00:00+00:00,19400.16319829518
2024-11-18 20:00:00+00:00,19400.16319829518
2024-11-18 22:00:00+00:00,19400.16319829518
2024-11-19 00:00:00+00:00,19400.16319829518
2024-11-19 02:00:00+00:00,19400.16319829518
2024-11-19 04:00:00+00:00,19400.16319829518
2024-11-19 06:00:00+00:00,19400.16319829518
2024-11-19 08:00:00+00:00,19400.16319829518
2024-11-19 10:00:00+00:00,19400.16319829518
2024-11-19 12:00:00+00:00,19400.16319829518
2024-11-19 14:00:00+00:00,19400.16319829518
2024-11-19 16:00:00+00:00,19400.16319829518
2024-11-19 18:00:00+00:00,19400.16319829518
2024-11-19 20:00:00+00:00,19400.16319829518
2024-11-19 22:00:00+00:00,19400.16319829518
2024-11-20 00:00:00+00:00,19400.16319829518
2024-11-20 02:00:00+00:00,19400.16319829518
2024-11-20 04:00:00+00:00,19400.16319829518
2024-11-20 06:00:00+00:00,19400.16319829518
2024-11-20 08:00:00+00:00,19400.16319829518
2024-11-20 10:00:00+00:00,19400.16319829518
2024-11-20 12:00:00+00:00,19400.16319829518
2024-11-20 14:00:00+00:00,19400.16319829518
2024-11-20 16:00:00+00:00,19400.16319829518
2024-11-20 18:00:00+00:00,19400.16319829518
2024-11-20 20:00:00+00:00,19400.16319829518
2024-11-20 22:00:00+00:00,19400.16319829518
2024-11-21 00:00:00+00:00,19400.16319829518
2024-11-21 02:00:00+00:00,19400.16319829518
2024-11-21 04:00:00+00:00,19400.16319829518
2024-11-21 06:00:00+00:00,19400.16319829518
2024-11-21 08:00:00+00:00,19400.16319829518
2024-11-21 10:00:00+00:00,19400.16319829518
2024-11-21 12:00:00+00:00,19400.16319829518
2024-11-21 14:00:00+00:00,19400.16319829518
2024-11-21 16:00:00+00:00,19400.16319829518
2024-11-21 18:00:00+00:00,19380.95625918123
2024-11-21 20:00:00+00:00,19429.746112984656
2024-11-21 22:00:00+00:00,19447.093616559207
2024-11-22 00:00:00+00:00,19311.92104836454
2024-11-22 02:00:00+00:00,19616.586579892606
2024-11-22 04:00:00+00:00,19678.929170863652
2024-11-22 06:00:00+00:00,19388.35848598991
2024-11-22 08:00:00+00:00,19811.530816991817
2024-11-22 10:00:00+00:00,20660.474273171443
2024-11-22 12:00:00+00:00,20688.121856993384
2024-11-22 14:00:00+00:00,21424.306539938425
2024-11-22 16:00:00+00:00,21496.165210357172
2024-11-22 18:00:00+00:00,21420.26988221851
2024-11-22 20:00:00+00:00,22283.850294539166
2024-11-22 22:00:00+00:00,23407.101150991388
2024-11-23 00:00:00+00:00,24028.798068024193
2024-11-23 02:00:00+00:00,23837.97552870412
2024-11-23 04:00:00+00:00,23721.964098549306
2024-11-23 06:00:00+00:00,23274.723772017893
2024-11-23 08:00:00+00:00,22880.60961511397
2024-11-23 10:00:00+00:00,22925.604702510467
2024-11-23 12:00:00+00:00,23388.02409466961
2024-11-23 14:00:00+00:00,23389.650423129726
2024-11-23 16:00:00+00:00,22404.302167061203
2024-11-23 18:00:00+00:00,22404.302167061203
2024-11-23 20:00:00+00:00,22404.302167061203
2024-11-23 22:00:00+00:00,22404.302167061203
2024-11-24 00:00:00+00:00,22404.302167061203
2024-11-24 02:00:00+00:00,22404.302167061203
2024-11-24 04:00:00+00:00,22404.302167061203
2024-11-24 06:00:00+00:00,22404.302167061203
2024-11-24 08:00:00+00:00,22404.302167061203
2024-11-24 10:00:00+00:00,22404.302167061203
2024-11-24 12:00:00+00:00,22404.302167061203
2024-11-24 14:00:00+00:00,22404.302167061203
2024-11-24 16:00:00+00:00,22404.302167061203
2024-11-24 18:00:00+00:00,22404.302167061203
2024-11-24 20:00:00+00:00,22404.302167061203
2024-11-24 22:00:00+00:00,22404.302167061203
2024-11-25 00:00:00+00:00,22404.302167061203
2024-11-25 02:00:00+00:00,22404.302167061203
2024-11-25 04:00:00+00:00,22404.302167061203
2024-11-25 06:00:00+00:00,22404.302167061203
2024-11-25 08:00:00+00:00,22404.302167061203
2024-11-25 10:00:00+00:00,22404.302167061203
2024-11-25 12:00:00+00:00,22404.302167061203
2024-11-25 14:00:00+00:00,22404.302167061203
2024-11-25 16:00:00+00:00,22404.302167061203
2024-11-25 18:00:00+00:00,22404.302167061203
2024-11-25 20:00:00+00:00,22404.302167061203
2024-11-25 22:00:00+00:00,22404.302167061203
2024-11-26 00:00:00+00:00,22404.302167061203
2024-11-26 02:00:00+00:00,22404.302167061203
2024-11-26 04:00:00+00:00,22404.302167061203
2024-11-26 06:00:00+00:00,22404.302167061203
2024-11-26 08:00:00+00:00,22404.302167061203
2024-11-26 10:00:00+00:00,22404.302167061203
2024-11-26 12:00:00+00:00,22404.302167061203
2024-11-26 14:00:00+00:00,22404.302167061203
2024-11-26 16:00:00+00:00,22404.302167061203
2024-11-26 18:00:00+00:00,22404.302167061203
2024-11-26 20:00:00+00:00,22404.302167061203
2024-11-26 22:00:00+00:00,22404.302167061203
2024-11-27 00:00:00+00:00,22666.07927330752
2024-11-27 02:00:00+00:00,22248.70039062108
2024-11-27 04:00:00+00:00,22485.110484573805
2024-11-27 06:00:00+00:00,22654.57258731867
2024-11-27 08:00:00+00:00,22885.579141531027
2024-11-27 10:00:00+00:00,22746.975878483525
2024-11-27 12:00:00+00:00,22626.67870678192
2024-11-27 14:00:00+00:00,22891.33248452545
2024-11-27 16:00:00+00:00,22646.879583188354
2024-11-27 18:00:00+00:00,22583.069779068373
2024-11-27 20:00:00+00:00,22769.791910796517
2024-11-27 22:00:00+00:00,22914.148516838442
2024-11-28 00:00:00+00:00,23027.86126279608
2024-11-28 02:00:00+00:00,22578.577478049654
2024-11-28 04:00:00+00:00,22519.997985742786
2024-11-28 06:00:00+00:00,22321.246136844482
2024-11-28 08:00:00+00:00,22064.820267220395
2024-11-28 10:00:00+00:00,21803.004456666662
2024-11-28 12:00:00+00:00,21803.004456666662
2024-11-28 14:00:00+00:00,21803.004456666662
2024-11-28 16:00:00+00:00,21803.004456666662
2024-11-28 18:00:00+00:00,21803.004456666662
2024-11-28 20:00:00+00:00,21803.004456666662
2024-11-28 22:00:00+00:00,21803.004456666662
2024-11-29 00:00:00+00:00,21803.004456666662
2024-11-29 02:00:00+00:00,21824.938146927634
2024-11-29 04:00:00+00:00,21678.424882169034
2024-11-29 06:00:00+00:00,21481.563416462453
2024-11-29 08:00:00+00:00,21835.40015457438
2024-11-29 10:00:00+00:00,22059.95313080234
2024-11-29 12:00:00+00:00,22177.7679210206
2024-11-29 14:00:00+00:00,22333.343861949837
2024-11-29 16:00:00+00:00,22267.189914114748
2024-11-29 18:00:00+00:00,22382.487294285605
2024-11-29 20:00:00+00:00,22333.649539366077
2024-11-29 22:00:00+00:00,22591.4323282197
2024-11-30 00:00:00+00:00,22242.881968060698
2024-11-30 02:00:00+00:00,22351.130600098844
2024-11-30 04:00:00+00:00,22475.49065644034
2024-11-30 06:00:00+00:00,22865.185731777656
2024-11-30 08:00:00+00:00,22951.445329150854
2024-11-30 10:00:00+00:00,22515.93339095088
2024-11-30 12:00:00+00:00,22814.49822257236
2024-11-30 14:00:00+00:00,22941.375688961256
2024-11-30 16:00:00+00:00,22965.41951120284
2024-11-30 18:00:00+00:00,22915.07131025487
2024-11-30 20:00:00+00:00,22862.709181268976
2024-11-30 22:00:00+00:00,22556.592119505294
2024-12-01 00:00:00+00:00,22378.615289132435
2024-12-01 02:00:00+00:00,22032.10300263618
2024-12-01 04:00:00+00:00,22032.10300263618
2024-12-01 06:00:00+00:00,22032.10300263618
2024-12-01 08:00:00+00:00,22032.10300263618
2024-12-01 10:00:00+00:00,22032.10300263618
2024-12-01 12:00:00+00:00,22032.10300263618
2024-12-01 14:00:00+00:00,22032.10300263618
2024-12-01 16:00:00+00:00,22032.10300263618
2024-12-01 18:00:00+00:00,22032.10300263618
2024-12-01 20:00:00+00:00,22032.10300263618
2024-12-01 22:00:00+00:00,22032.10300263618
2024-12-02 00:00:00+00:00,22032.10300263618
2024-12-02 02:00:00+00:00,22032.10300263618
2024-12-02 04:00:00+00:00,22032.10300263618
2024-12-02 06:00:00+00:00,22032.10300263618
2024-12-02 08:00:00+00:00,22032.10300263618
2024-12-02 10:00:00+00:00,22032.10300263618
2024-12-02 12:00:00+00:00,22032.10300263618
2024-12-02 14:00:00+00:00,22032.10300263618
2024-12-02 16:00:00+00:00,22032.10300263618
2024-12-02 18:00:00+00:00,22032.10300263618
2024-12-02 20:00:00+00:00,22032.10300263618
2024-12-02 22:00:00+00:00,22032.10300263618
2024-12-03 00:00:00+00:00,22032.10300263618
2024-12-03 02:00:00+00:00,22032.10300263618
2024-12-03 04:00:00+00:00,22032.10300263618
2024-12-03 06:00:00+00:00,22032.10300263618
2024-12-03 08:00:00+00:00,22032.10300263618
2024-12-03 10:00:00+00:00,22032.10300263618
2024-12-03 12:00:00+00:00,22032.10300263618
2024-12-03 14:00:00+00:00,22032.10300263618
2024-12-03 16:00:00+00:00,22032.10300263618
2024-12-03 18:00:00+00:00,22032.10300263618
2024-12-03 20:00:00+00:00,22032.10300263618
2024-12-03 22:00:00+00:00,22032.10300263618
2024-12-04 00:00:00+00:00,22032.10300263618
2024-12-04 02:00:00+00:00,22032.10300263618
2024-12-04 04:00:00+00:00,22032.10300263618
2024-12-04 06:00:00+00:00,22032.10300263618
2024-12-04 08:00:00+00:00,22032.10300263618
2024-12-04 10:00:00+00:00,22032.10300263618
2024-12-04 12:00:00+00:00,22032.10300263618
2024-12-04 14:00:00+00:00,22032.10300263618
2024-12-04 16:00:00+00:00,22032.10300263618
2024-12-04 18:00:00+00:00,22032.10300263618
2024-12-04 20:00:00+00:00,22032.10300263618
2024-12-04 22:00:00+00:00,22032.10300263618
2024-12-05 00:00:00+00:00,22032.10300263618
2024-12-05 02:00:00+00:00,22032.10300263618
2024-12-05 04:00:00+00:00,22032.10300263618
2024-12-05 06:00:00+00:00,22032.10300263618
2024-12-05 08:00:00+00:00,22032.10300263618
2024-12-05 10:00:00+00:00,22032.10300263618
2024-12-05 12:00:00+00:00,22032.10300263618
2024-12-05 14:00:00+00:00,22032.10300263618
2024-12-05 16:00:00+00:00,22032.10300263618
2024-12-05 18:00:00+00:00,22032.10300263618
2024-12-05 20:00:00+00:00,22032.10300263618
2024-12-05 22:00:00+00:00,22032.10300263618
2024-12-06 00:00:00+00:00,22032.10300263618
2024-12-06 02:00:00+00:00,22032.10300263618
2024-12-06 04:00:00+00:00,22032.10300263618
2024-12-06 06:00:00+00:00,22032.10300263618
2024-12-06 08:00:00+00:00,22032.10300263618
2024-12-06 10:00:00+00:00,22032.10300263618
2024-12-06 12:00:00+00:00,22032.10300263618
2024-12-06 14:00:00+00:00,22032.10300263618
2024-12-06 16:00:00+00:00,22032.10300263618
2024-12-06 18:00:00+00:00,22032.10300263618
2024-12-06 20:00:00+00:00,21821.23077958146
2024-12-06 22:00:00+00:00,21912.189082989724
2024-12-07 00:00:00+00:00,21678.245662342182
2024-12-07 02:00:00+00:00,21646.535428126455
2024-12-07 04:00:00+00:00,21630.680311018594
2024-12-07 06:00:00+00:00,21490.90493651507
2024-12-07 08:00:00+00:00,21646.23669957438
2024-12-07 10:00:00+00:00,21808.543029968023
2024-12-07 12:00:00+00:00,21771.408676741714
2024-12-07 14:00:00+00:00,21909.097851625782
2024-12-07 16:00:00+00:00,21646.142345271783
2024-12-07 18:00:00+00:00,21778.82464106916
2024-12-07 20:00:00+00:00,21617.770030447187
2024-12-07 22:00:00+00:00,21513.8772893983
2024-12-08 00:00:00+00:00,21470.493696242942
2024-12-08 02:00:00+00:00,21425.817314152377
2024-12-08 04:00:00+00:00,21425.817314152377
2024-12-08 06:00:00+00:00,21425.817314152377
2024-12-08 08:00:00+00:00,21425.817314152377
2024-12-08 10:00:00+00:00,21425.817314152377
2024-12-08 12:00:00+00:00,21425.817314152377
2024-12-08 14:00:00+00:00,21425.817314152377
2024-12-08 16:00:00+00:00,21425.817314152377
2024-12-08 18:00:00+00:00,21374.154076527153
2024-12-08 20:00:00+00:00,21656.840326801364
2024-12-08 22:00:00+00:00,21848.128733639278
2024-12-09 00:00:00+00:00,21249.42177875737
2024-12-09 02:00:00+00:00,20956.787375855485
2024-12-09 04:00:00+00:00,20956.787375855485
2024-12-09 06:00:00+00:00,20956.787375855485
2024-12-09 08:00:00+00:00,20956.787375855485
2024-12-09 10:00:00+00:00,20956.787375855485
2024-12-09 12:00:00+00:00,20956.787375855485
2024-12-09 14:00:00+00:00,20956.787375855485
2024-12-09 16:00:00+00:00,20956.787375855485
2024-12-09 18:00:00+00:00,20956.787375855485
2024-12-09 20:00:00+00:00,20956.787375855485
2024-12-09 22:00:00+00:00,20956.787375855485
2024-12-10 00:00:00+00:00,20956.787375855485
2024-12-10 02:00:00+00:00,20956.787375855485
2024-12-10 04:00:00+00:00,20956.787375855485
2024-12-10 06:00:00+00:00,20956.787375855485
2024-12-10 08:00:00+00:00,20956.787375855485
2024-12-10 10:00:00+00:00,20956.787375855485
2024-12-10 12:00:00+00:00,20956.787375855485
2024-12-10 14:00:00+00:00,20956.787375855485
2024-12-10 16:00:00+00:00,20956.787375855485
2024-12-10 18:00:00+00:00,20956.787375855485
2024-12-10 20:00:00+00:00,20956.787375855485
2024-12-10 22:00:00+00:00,20956.787375855485
2024-12-11 00:00:00+00:00,20956.787375855485
2024-12-11 02:00:00+00:00,20956.787375855485
2024-12-11 04:00:00+00:00,20956.787375855485
2024-12-11 06:00:00+00:00,20956.787375855485
2024-12-11 08:00:00+00:00,20956.787375855485
2024-12-11 10:00:00+00:00,20956.787375855485
2024-12-11 12:00:00+00:00,20956.787375855485
2024-12-11 14:00:00+00:00,20956.787375855485
2024-12-11 16:00:00+00:00,20956.787375855485
2024-12-11 18:00:00+00:00,20956.787375855485
2024-12-11 20:00:00+00:00,20956.787375855485
2024-12-11 22:00:00+00:00,20956.787375855485
2024-12-12 00:00:00+00:00,20974.102677714116
2024-12-12 02:00:00+00:00,21471.440558963248
2024-12-12 04:00:00+00:00,21750.329683344276
2024-12-12 06:00:00+00:00,21633.76611742651
2024-12-12 08:00:00+00:00,22060.729350156467
2024-12-12 10:00:00+00:00,21495.180196999903
2024-12-12 12:00:00+00:00,22264.931448967964
2024-12-12 14:00:00+00:00,22570.155304908185
2024-12-12 16:00:00+00:00,23489.613634440306
2024-12-12 18:00:00+00:00,22505.299077801395
2024-12-12 20:00:00+00:00,22684.461595786106
2024-12-12 22:00:00+00:00,22930.10851803503
2024-12-13 00:00:00+00:00,22680.009342456648
2024-12-13 02:00:00+00:00,22686.05337920794
2024-12-13 04:00:00+00:00,22579.85101914953
2024-12-13 06:00:00+00:00,22154.357369286114
2024-12-13 08:00:00+00:00,22154.357369286114
2024-12-13 10:00:00+00:00,22154.357369286114
2024-12-13 12:00:00+00:00,22154.357369286114
2024-12-13 14:00:00+00:00,22154.357369286114
2024-12-13 16:00:00+00:00,22154.357369286114
2024-12-13 18:00:00+00:00,22154.357369286114
2024-12-13 20:00:00+00:00,22154.357369286114
2024-12-13 22:00:00+00:00,22154.357369286114
2024-12-14 00:00:00+00:00,22154.357369286114
2024-12-14 02:00:00+00:00,22154.357369286114
2024-12-14 04:00:00+00:00,22154.357369286114
2024-12-14 06:00:00+00:00,22154.357369286114
2024-12-14 08:00:00+00:00,22154.357369286114
2024-12-14 10:00:00+00:00,22154.357369286114
2024-12-14 12:00:00+00:00,22154.357369286114
2024-12-14 14:00:00+00:00,22154.357369286114
2024-12-14 16:00:00+00:00,22154.357369286114
2024-12-14 18:00:00+00:00,22154.357369286114
2024-12-14 20:00:00+00:00,22154.357369286114
2024-12-14 22:00:00+00:00,22154.357369286114
2024-12-15 00:00:00+00:00,22154.357369286114
2024-12-15 02:00:00+00:00,22154.357369286114
2024-12-15 04:00:00+00:00,22154.357369286114
2024-12-15 06:00:00+00:00,22154.357369286114
2024-12-15 08:00:00+00:00,22154.357369286114
2024-12-15 10:00:00+00:00,22154.357369286114
2024-12-15 12:00:00+00:00,22154.357369286114
2024-12-15 14:00:00+00:00,22154.357369286114
2024-12-15 16:00:00+00:00,22154.357369286114
2024-12-15 18:00:00+00:00,22154.357369286114
2024-12-15 20:00:00+00:00,22154.357369286114
2024-12-15 22:00:00+00:00,22154.357369286114
2024-12-16 00:00:00+00:00,22154.357369286114
2024-12-16 02:00:00+00:00,22154.357369286114
2024-12-16 04:00:00+00:00,22154.357369286114
2024-12-16 06:00:00+00:00,22154.357369286114
2024-12-16 08:00:00+00:00,22154.357369286114
2024-12-16 10:00:00+00:00,22154.357369286114
2024-12-16 12:00:00+00:00,22154.357369286114
2024-12-16 14:00:00+00:00,22154.357369286114
2024-12-16 16:00:00+00:00,22154.357369286114
2024-12-16 18:00:00+00:00,22154.357369286114
2024-12-16 20:00:00+00:00,22154.357369286114
2024-12-16 22:00:00+00:00,22154.357369286114
2024-12-17 00:00:00+00:00,22154.357369286114
2024-12-17 02:00:00+00:00,22154.357369286114
2024-12-17 04:00:00+00:00,22154.357369286114
2024-12-17 06:00:00+00:00,22154.357369286114
2024-12-17 08:00:00+00:00,22154.357369286114
2024-12-17 10:00:00+00:00,22154.357369286114
2024-12-17 12:00:00+00:00,22154.357369286114
2024-12-17 14:00:00+00:00,22154.357369286114
2024-12-17 16:00:00+00:00,22154.357369286114
2024-12-17 18:00:00+00:00,22154.357369286114
2024-12-17 20:00:00+00:00,22154.357369286114
2024-12-17 22:00:00+00:00,22154.357369286114
2024-12-18 00:00:00+00:00,22154.357369286114
2024-12-18 02:00:00+00:00,22154.357369286114
2024-12-18 04:00:00+00:00,22154.357369286114
2024-12-18 06:00:00+00:00,22154.357369286114
2024-12-18 08:00:00+00:00,22154.357369286114
2024-12-18 10:00:00+00:00,22154.357369286114
2024-12-18 12:00:00+00:00,22154.357369286114
2024-12-18 14:00:00+00:00,22154.357369286114
2024-12-18 16:00:00+00:00,22154.357369286114
2024-12-18 18:00:00+00:00,22154.357369286114
2024-12-18 20:00:00+00:00,22154.357369286114
2024-12-18 22:00:00+00:00,22154.357369286114
2024-12-19 00:00:00+00:00,22154.357369286114
2024-12-19 02:00:00+00:00,22154.357369286114
2024-12-19 04:00:00+00:00,22154.357369286114
2024-12-19 06:00:00+00:00,22154.357369286114
2024-12-19 08:00:00+00:00,22154.357369286114
2024-12-19 10:00:00+00:00,22154.357369286114
2024-12-19 12:00:00+00:00,22154.357369286114
2024-12-19 14:00:00+00:00,22154.357369286114
2024-12-19 16:00:00+00:00,22154.357369286114
2024-12-19 18:00:00+00:00,22154.357369286114
2024-12-19 20:00:00+00:00,22154.357369286114
2024-12-19 22:00:00+00:00,22154.357369286114
2024-12-20 00:00:00+00:00,22154.357369286114
2024-12-20 02:00:00+00:00,22154.357369286114
2024-12-20 04:00:00+00:00,22154.357369286114
2024-12-20 06:00:00+00:00,22154.357369286114
2024-12-20 08:00:00+00:00,22154.357369286114
2024-12-20 10:00:00+00:00,22154.357369286114
2024-12-20 12:00:00+00:00,22154.357369286114
2024-12-20 14:00:00+00:00,22154.357369286114
2024-12-20 16:00:00+00:00,22154.357369286114
2024-12-20 18:00:00+00:00,22154.357369286114
2024-12-20 20:00:00+00:00,22154.357369286114
2024-12-20 22:00:00+00:00,22154.357369286114
2024-12-21 00:00:00+00:00,22154.357369286114
2024-12-21 02:00:00+00:00,22154.357369286114
2024-12-21 04:00:00+00:00,22154.357369286114
2024-12-21 06:00:00+00:00,22154.357369286114
2024-12-21 08:00:00+00:00,22154.357369286114
2024-12-21 10:00:00+00:00,22154.357369286114
2024-12-21 12:00:00+00:00,22154.357369286114
2024-12-21 14:00:00+00:00,22154.357369286114
2024-12-21 16:00:00+00:00,22154.357369286114
2024-12-21 18:00:00+00:00,22154.357369286114
2024-12-21 20:00:00+00:00,22154.357369286114
2024-12-21 22:00:00+00:00,22154.357369286114
2024-12-22 00:00:00+00:00,22154.357369286114
2024-12-22 02:00:00+00:00,22154.357369286114
2024-12-22 04:00:00+00:00,22154.357369286114
2024-12-22 06:00:00+00:00,22154.357369286114
2024-12-22 08:00:00+00:00,22154.357369286114
2024-12-22 10:00:00+00:00,22154.357369286114
2024-12-22 12:00:00+00:00,22154.357369286114
2024-12-22 14:00:00+00:00,22154.357369286114
2024-12-22 16:00:00+00:00,22154.357369286114
2024-12-22 18:00:00+00:00,22154.357369286114
2024-12-22 20:00:00+00:00,22154.357369286114
2024-12-22 22:00:00+00:00,22154.357369286114
2024-12-23 00:00:00+00:00,22154.357369286114
2024-12-23 02:00:00+00:00,22154.357369286114
2024-12-23 04:00:00+00:00,22154.357369286114
2024-12-23 06:00:00+00:00,22154.357369286114
2024-12-23 08:00:00+00:00,22154.357369286114
2024-12-23 10:00:00+00:00,22154.357369286114
2024-12-23 12:00:00+00:00,22154.357369286114
2024-12-23 14:00:00+00:00,22154.357369286114
2024-12-23 16:00:00+00:00,22154.357369286114
2024-12-23 18:00:00+00:00,22154.357369286114
2024-12-23 20:00:00+00:00,22154.357369286114
2024-12-23 22:00:00+00:00,22154.357369286114
2024-12-24 00:00:00+00:00,22154.357369286114
2024-12-24 02:00:00+00:00,22154.357369286114
2024-12-24 04:00:00+00:00,22154.357369286114
2024-12-24 06:00:00+00:00,21812.429886289563
2024-12-24 08:00:00+00:00,21897.28892446634
2024-12-24 10:00:00+00:00,22408.937815646852
2024-12-24 12:00:00+00:00,22815.879798787104
2024-12-24 14:00:00+00:00,23131.698472767996
2024-12-24 16:00:00+00:00,23338.061264382417
2024-12-24 18:00:00+00:00,23130.34539816201
2024-12-24 20:00:00+00:00,23302.40431732006
2024-12-24 22:00:00+00:00,23326.175615361633
2024-12-25 00:00:00+00:00,23364.91660778131
2024-12-25 02:00:00+00:00,23270.96338218843
2024-12-25 04:00:00+00:00,23330.957610579062
2024-12-25 06:00:00+00:00,23119.845844638432
2024-12-25 08:00:00+00:00,23266.61499928083
2024-12-25 10:00:00+00:00,22886.274230615672
2024-12-25 12:00:00+00:00,23027.204069004994
2024-12-25 14:00:00+00:00,22947.400425579715
2024-12-25 16:00:00+00:00,22869.36795328933
2024-12-25 18:00:00+00:00,22938.98389755393
2024-12-25 20:00:00+00:00,22719.948365599448
2024-12-25 22:00:00+00:00,22768.056944969292
2024-12-26 00:00:00+00:00,22572.776695563152
2024-12-26 02:00:00+00:00,22249.63161050014
2024-12-26 04:00:00+00:00,22249.63161050014
2024-12-26 06:00:00+00:00,22249.63161050014
2024-12-26 08:00:00+00:00,22249.63161050014
2024-12-26 10:00:00+00:00,22249.63161050014
2024-12-26 12:00:00+00:00,22249.63161050014
2024-12-26 14:00:00+00:00,22249.63161050014
2024-12-26 16:00:00+00:00,22249.63161050014
2024-12-26 18:00:00+00:00,22249.63161050014
2024-12-26 20:00:00+00:00,22249.63161050014
2024-12-26 22:00:00+00:00,22249.63161050014
2024-12-27 00:00:00+00:00,22249.63161050014
2024-12-27 02:00:00+00:00,22249.63161050014
2024-12-27 04:00:00+00:00,22249.63161050014
2024-12-27 06:00:00+00:00,22249.63161050014
2024-12-27 08:00:00+00:00,22249.63161050014
2024-12-27 10:00:00+00:00,22249.63161050014
2024-12-27 12:00:00+00:00,22249.63161050014
2024-12-27 14:00:00+00:00,22249.63161050014
2024-12-27 16:00:00+00:00,22249.63161050014
2024-12-27 18:00:00+00:00,22249.63161050014
2024-12-27 20:00:00+00:00,22249.63161050014
2024-12-27 22:00:00+00:00,22249.63161050014
2024-12-28 00:00:00+00:00,22249.63161050014
2024-12-28 02:00:00+00:00,22249.63161050014
2024-12-28 04:00:00+00:00,22249.63161050014
2024-12-28 06:00:00+00:00,22249.63161050014
2024-12-28 08:00:00+00:00,22249.63161050014
2024-12-28 10:00:00+00:00,22249.63161050014
2024-12-28 12:00:00+00:00,22249.63161050014
2024-12-28 14:00:00+00:00,22249.63161050014
2024-12-28 16:00:00+00:00,22249.63161050014
2024-12-28 18:00:00+00:00,22249.63161050014
2024-12-28 20:00:00+00:00,22249.63161050014
2024-12-28 22:00:00+00:00,22249.63161050014
2024-12-29 00:00:00+00:00,22249.63161050014
2024-12-29 02:00:00+00:00,22249.63161050014
2024-12-29 04:00:00+00:00,22249.63161050014
2024-12-29 06:00:00+00:00,22249.63161050014
2024-12-29 08:00:00+00:00,22249.63161050014
2024-12-29 10:00:00+00:00,22249.63161050014
2024-12-29 12:00:00+00:00,22249.63161050014
2024-12-29 14:00:00+00:00,22249.63161050014
2024-12-29 16:00:00+00:00,22249.63161050014
2024-12-29 18:00:00+00:00,22249.63161050014
2024-12-29 20:00:00+00:00,22249.63161050014
2024-12-29 22:00:00+00:00,22249.63161050014
2024-12-30 00:00:00+00:00,22249.63161050014
2024-12-30 02:00:00+00:00,22249.63161050014
2024-12-30 04:00:00+00:00,22249.63161050014
2024-12-30 06:00:00+00:00,22249.63161050014
2024-12-30 08:00:00+00:00,22249.63161050014
2024-12-30 10:00:00+00:00,22249.63161050014
2024-12-30 12:00:00+00:00,22249.63161050014
2024-12-30 14:00:00+00:00,22249.63161050014
2024-12-30 16:00:00+00:00,22249.63161050014
2024-12-30 18:00:00+00:00,22249.63161050014
2024-12-30 20:00:00+00:00,22249.63161050014
2024-12-30 22:00:00+00:00,22249.63161050014
2024-12-31 00:00:00+00:00,22249.63161050014
2024-12-31 02:00:00+00:00,22249.63161050014
2024-12-31 04:00:00+00:00,22249.63161050014
2024-12-31 06:00:00+00:00,22249.63161050014
2024-12-31 08:00:00+00:00,22249.63161050014
2024-12-31 10:00:00+00:00,22249.63161050014
2024-12-31 12:00:00+00:00,22249.63161050014
2024-12-31 14:00:00+00:00,22249.63161050014
2024-12-31 16:00:00+00:00,22249.63161050014
2024-12-31 18:00:00+00:00,22249.63161050014
2024-12-31 20:00:00+00:00,22249.63161050014
2024-12-31 22:00:00+00:00,22249.63161050014
2025-01-01 00:00:00+00:00,22249.63161050014
2025-01-01 02:00:00+00:00,22249.63161050014
2025-01-01 04:00:00+00:00,22249.63161050014
2025-01-01 06:00:00+00:00,22249.63161050014
2025-01-01 08:00:00+00:00,22249.63161050014
2025-01-01 10:00:00+00:00,22249.63161050014
2025-01-01 12:00:00+00:00,22249.63161050014
2025-01-01 14:00:00+00:00,22249.63161050014
2025-01-01 16:00:00+00:00,22249.63161050014
2025-01-01 18:00:00+00:00,22249.63161050014
2025-01-01 20:00:00+00:00,22545.310841450693
2025-01-01 22:00:00+00:00,22615.36452415239
2025-01-02 00:00:00+00:00,23063.362555150205
2025-01-02 02:00:00+00:00,23031.030086210958
2025-01-02 04:00:00+00:00,23198.08117573039
2025-01-02 06:00:00+00:00,23267.536109007287
2025-01-02 08:00:00+00:00,23994.486048400046
2025-01-02 10:00:00+00:00,24189.67836088512
2025-01-02 12:00:00+00:00,23876.532411714277
2025-01-02 14:00:00+00:00,23596.91643033229
2025-01-02 16:00:00+00:00,23499.954170105786
2025-01-02 18:00:00+00:00,23339.489324259164
2025-01-02 20:00:00+00:00,23471.21419771535
2025-01-02 22:00:00+00:00,23249.94343956871
2025-01-03 00:00:00+00:00,23249.94343956871
2025-01-03 02:00:00+00:00,23249.94343956871
2025-01-03 04:00:00+00:00,23249.94343956871
2025-01-03 06:00:00+00:00,23249.94343956871
2025-01-03 08:00:00+00:00,23249.94343956871
2025-01-03 10:00:00+00:00,23249.94343956871
2025-01-03 12:00:00+00:00,23249.94343956871
2025-01-03 14:00:00+00:00,23249.94343956871
2025-01-03 16:00:00+00:00,23249.94343956871
2025-01-03 18:00:00+00:00,23249.94343956871
2025-01-03 20:00:00+00:00,23249.94343956871
2025-01-03 22:00:00+00:00,23249.94343956871
2025-01-04 00:00:00+00:00,23249.94343956871
2025-01-04 02:00:00+00:00,23249.94343956871
2025-01-04 04:00:00+00:00,23249.94343956871
2025-01-04 06:00:00+00:00,23249.94343956871
2025-01-04 08:00:00+00:00,23249.94343956871
2025-01-04 10:00:00+00:00,23249.94343956871
2025-01-04 12:00:00+00:00,23249.94343956871
2025-01-04 14:00:00+00:00,23249.94343956871
2025-01-04 16:00:00+00:00,23249.94343956871
2025-01-04 18:00:00+00:00,23249.94343956871
2025-01-04 20:00:00+00:00,23249.94343956871
2025-01-04 22:00:00+00:00,23249.94343956871
2025-01-05 00:00:00+00:00,23249.94343956871
2025-01-05 02:00:00+00:00,23249.94343956871
2025-01-05 04:00:00+00:00,23249.94343956871
2025-01-05 06:00:00+00:00,23249.94343956871
2025-01-05 08:00:00+00:00,23249.94343956871
2025-01-05 10:00:00+00:00,23249.94343956871
2025-01-05 12:00:00+00:00,23249.94343956871
2025-01-05 14:00:00+00:00,23249.94343956871
2025-01-05 16:00:00+00:00,23249.94343956871
2025-01-05 18:00:00+00:00,23249.94343956871
2025-01-05 20:00:00+00:00,23249.94343956871
2025-01-05 22:00:00+00:00,23249.94343956871
2025-01-06 00:00:00+00:00,23249.94343956871
2025-01-06 02:00:00+00:00,23249.94343956871
2025-01-06 04:00:00+00:00,23249.94343956871
2025-01-06 06:00:00+00:00,23249.94343956871
2025-01-06 08:00:00+00:00,23249.94343956871
2025-01-06 10:00:00+00:00,23249.94343956871
2025-01-06 12:00:00+00:00,23249.94343956871
2025-01-06 14:00:00+00:00,23249.94343956871
2025-01-06 16:00:00+00:00,23249.94343956871
2025-01-06 18:00:00+00:00,23249.94343956871
2025-01-06 20:00:00+00:00,23249.94343956871
2025-01-06 22:00:00+00:00,23249.94343956871
2025-01-07 00:00:00+00:00,23249.94343956871
2025-01-07 02:00:00+00:00,23249.94343956871
2025-01-07 04:00:00+00:00,23249.94343956871
2025-01-07 06:00:00+00:00,23249.94343956871
2025-01-07 08:00:00+00:00,23249.94343956871
2025-01-07 10:00:00+00:00,23249.94343956871
2025-01-07 12:00:00+00:00,23249.94343956871
2025-01-07 14:00:00+00:00,23249.94343956871
2025-01-07 16:00:00+00:00,23249.94343956871
2025-01-07 18:00:00+00:00,23249.94343956871
2025-01-07 20:00:00+00:00,23249.94343956871
2025-01-07 22:00:00+00:00,23249.94343956871
2025-01-08 00:00:00+00:00,23249.94343956871
2025-01-08 02:00:00+00:00,23249.94343956871
2025-01-08 04:00:00+00:00,23249.94343956871
2025-01-08 06:00:00+00:00,23249.94343956871
2025-01-08 08:00:00+00:00,23249.94343956871
2025-01-08 10:00:00+00:00,23249.94343956871
2025-01-08 12:00:00+00:00,23249.94343956871
2025-01-08 14:00:00+00:00,23249.94343956871
2025-01-08 16:00:00+00:00,23249.94343956871
2025-01-08 18:00:00+00:00,23249.94343956871
2025-01-08 20:00:00+00:00,23249.94343956871
2025-01-08 22:00:00+00:00,23249.94343956871
2025-01-09 00:00:00+00:00,23249.94343956871
2025-01-09 02:00:00+00:00,23249.94343956871
2025-01-09 04:00:00+00:00,23249.94343956871
2025-01-09 06:00:00+00:00,23249.94343956871
2025-01-09 08:00:00+00:00,23249.94343956871
2025-01-09 10:00:00+00:00,23249.94343956871
2025-01-09 12:00:00+00:00,23249.94343956871
2025-01-09 14:00:00+00:00,23249.94343956871
2025-01-09 16:00:00+00:00,23249.94343956871
2025-01-09 18:00:00+00:00,23249.94343956871
2025-01-09 20:00:00+00:00,23249.94343956871
2025-01-09 22:00:00+00:00,23249.94343956871
2025-01-10 00:00:00+00:00,23249.94343956871
2025-01-10 02:00:00+00:00,23249.94343956871
2025-01-10 04:00:00+00:00,23249.94343956871
2025-01-10 06:00:00+00:00,23249.94343956871
2025-01-10 08:00:00+00:00,23249.94343956871
2025-01-10 10:00:00+00:00,23249.94343956871
2025-01-10 12:00:00+00:00,23249.94343956871
2025-01-10 14:00:00+00:00,23249.94343956871
2025-01-10 16:00:00+00:00,23249.94343956871
2025-01-10 18:00:00+00:00,23249.94343956871
2025-01-10 20:00:00+00:00,23249.94343956871
2025-01-10 22:00:00+00:00,23249.94343956871
2025-01-11 00:00:00+00:00,23249.94343956871
2025-01-11 02:00:00+00:00,23249.94343956871
2025-01-11 04:00:00+00:00,23249.94343956871
2025-01-11 06:00:00+00:00,23249.94343956871
2025-01-11 08:00:00+00:00,23249.94343956871
2025-01-11 10:00:00+00:00,23249.94343956871
2025-01-11 12:00:00+00:00,23249.94343956871
2025-01-11 14:00:00+00:00,23249.94343956871
2025-01-11 16:00:00+00:00,23249.94343956871
2025-01-11 18:00:00+00:00,23249.94343956871
2025-01-11 20:00:00+00:00,23249.94343956871
2025-01-11 22:00:00+00:00,23249.94343956871
2025-01-12 00:00:00+00:00,23249.94343956871
2025-01-12 02:00:00+00:00,23249.94343956871
2025-01-12 04:00:00+00:00,23249.94343956871
2025-01-12 06:00:00+00:00,23249.94343956871
2025-01-12 08:00:00+00:00,23249.94343956871
2025-01-12 10:00:00+00:00,23249.94343956871
2025-01-12 12:00:00+00:00,23249.94343956871
2025-01-12 14:00:00+00:00,23249.94343956871
2025-01-12 16:00:00+00:00,22998.600792017893
2025-01-12 18:00:00+00:00,22780.044121593557
2025-01-12 20:00:00+00:00,22700.7578595689
2025-01-12 22:00:00+00:00,22700.7578595689
2025-01-13 00:00:00+00:00,22700.7578595689
2025-01-13 02:00:00+00:00,22700.7578595689
2025-01-13 04:00:00+00:00,22700.7578595689
2025-01-13 06:00:00+00:00,22700.7578595689
2025-01-13 08:00:00+00:00,22700.7578595689
2025-01-13 10:00:00+00:00,22700.7578595689
2025-01-13 12:00:00+00:00,22700.7578595689
2025-01-13 14:00:00+00:00,22700.7578595689
2025-01-13 16:00:00+00:00,22700.7578595689
2025-01-13 18:00:00+00:00,22700.7578595689
2025-01-13 20:00:00+00:00,22700.7578595689
2025-01-13 22:00:00+00:00,22700.7578595689
2025-01-14 00:00:00+00:00,22700.7578595689
2025-01-14 02:00:00+00:00,22700.7578595689
2025-01-14 04:00:00+00:00,22700.7578595689
2025-01-14 06:00:00+00:00,22700.7578595689
2025-01-14 08:00:00+00:00,22700.7578595689
2025-01-14 10:00:00+00:00,22700.7578595689
2025-01-14 12:00:00+00:00,22700.7578595689
2025-01-14 14:00:00+00:00,22700.7578595689
2025-01-14 16:00:00+00:00,22700.7578595689
2025-01-14 18:00:00+00:00,22653.579348004714
2025-01-14 20:00:00+00:00,22608.13398560387
2025-01-14 22:00:00+00:00,22755.053239392902
2025-01-15 00:00:00+00:00,22810.139172211162
2025-01-15 02:00:00+00:00,22944.607641780785
2025-01-15 04:00:00+00:00,22912.85814202129
2025-01-15 06:00:00+00:00,23184.285238004417
2025-01-15 08:00:00+00:00,22668.994280873485
2025-01-15 10:00:00+00:00,23022.596552704716
2025-01-15 12:00:00+00:00,24286.973690185754
2025-01-15 14:00:00+00:00,24469.377679000107
2025-01-15 16:00:00+00:00,24057.92209124634
2025-01-15 18:00:00+00:00,24556.575999233693
2025-01-15 20:00:00+00:00,24363.588843832844
2025-01-15 22:00:00+00:00,24777.57741912821
2025-01-16 00:00:00+00:00,24577.131559186804
2025-01-16 02:00:00+00:00,24262.74925764671
2025-01-16 04:00:00+00:00,24350.527286393546
2025-01-16 06:00:00+00:00,24456.358952258528
2025-01-16 08:00:00+00:00,24074.29841912565
2025-01-16 10:00:00+00:00,24579.177719222705
2025-01-16 12:00:00+00:00,24630.22593452229
2025-01-16 14:00:00+00:00,24723.606816167856
2025-01-16 16:00:00+00:00,24845.018708611875
2025-01-16 18:00:00+00:00,25031.780471903017
2025-01-16 20:00:00+00:00,24893.576767067574
2025-01-16 22:00:00+00:00,24922.213570772215
2025-01-17 00:00:00+00:00,25496.813838532304
2025-01-17 02:00:00+00:00,25169.980752772804
2025-01-17 04:00:00+00:00,25320.01270261669
2025-01-17 06:00:00+00:00,25714.080023160997
2025-01-17 08:00:00+00:00,25649.25314750501
2025-01-17 10:00:00+00:00,25552.759569804588
2025-01-17 12:00:00+00:00,25434.477119720195
2025-01-17 14:00:00+00:00,25489.260570285598
2025-01-17 16:00:00+00:00,25307.418485363072
2025-01-17 18:00:00+00:00,25440.019337299782
2025-01-17 20:00:00+00:00,25608.72746347278
2025-01-17 22:00:00+00:00,25727.009913557173
2025-01-18 00:00:00+00:00,25669.029163858148
2025-01-18 02:00:00+00:00,25255.040588562777
2025-01-18 04:00:00+00:00,24834.90292667814
2025-01-18 06:00:00+00:00,24834.90292667814
2025-01-18 08:00:00+00:00,24834.90292667814
2025-01-18 10:00:00+00:00,24834.90292667814
2025-01-18 12:00:00+00:00,24834.90292667814
2025-01-18 14:00:00+00:00,24834.90292667814
2025-01-18 16:00:00+00:00,24834.90292667814
2025-01-18 18:00:00+00:00,24834.90292667814
2025-01-18 20:00:00+00:00,24834.90292667814
2025-01-18 22:00:00+00:00,24834.90292667814
2025-01-19 00:00:00+00:00,24834.90292667814
2025-01-19 02:00:00+00:00,24834.90292667814
2025-01-19 04:00:00+00:00,24834.90292667814
2025-01-19 06:00:00+00:00,24834.90292667814
2025-01-19 08:00:00+00:00,24834.90292667814
2025-01-19 10:00:00+00:00,24834.90292667814
2025-01-19 12:00:00+00:00,24834.90292667814
2025-01-19 14:00:00+00:00,24834.90292667814
2025-01-19 16:00:00+00:00,24834.90292667814
2025-01-19 18:00:00+00:00,24834.90292667814
2025-01-19 20:00:00+00:00,24834.90292667814
2025-01-19 22:00:00+00:00,24834.90292667814
2025-01-20 00:00:00+00:00,24834.90292667814
2025-01-20 02:00:00+00:00,24834.90292667814
2025-01-20 04:00:00+00:00,24834.90292667814
2025-01-20 06:00:00+00:00,24834.90292667814
2025-01-20 08:00:00+00:00,24834.90292667814
2025-01-20 10:00:00+00:00,24834.90292667814
2025-01-20 12:00:00+00:00,24834.90292667814
2025-01-20 14:00:00+00:00,24834.90292667814
2025-01-20 16:00:00+00:00,24834.90292667814
2025-01-20 18:00:00+00:00,24834.90292667814
2025-01-20 20:00:00+00:00,24834.90292667814
2025-01-20 22:00:00+00:00,24834.90292667814
2025-01-21 00:00:00+00:00,24834.90292667814
2025-01-21 02:00:00+00:00,24834.90292667814
2025-01-21 04:00:00+00:00,24834.90292667814
2025-01-21 06:00:00+00:00,24834.90292667814
2025-01-21 08:00:00+00:00,24834.90292667814
2025-01-21 10:00:00+00:00,24834.90292667814
2025-01-21 12:00:00+00:00,24834.90292667814
2025-01-21 14:00:00+00:00,24834.90292667814
2025-01-21 16:00:00+00:00,24834.90292667814
2025-01-21 18:00:00+00:00,24834.90292667814
2025-01-21 20:00:00+00:00,24834.90292667814
2025-01-21 22:00:00+00:00,24834.90292667814
2025-01-22 00:00:00+00:00,24834.90292667814
2025-01-22 02:00:00+00:00,24834.90292667814
2025-01-22 04:00:00+00:00,24834.90292667814
2025-01-22 06:00:00+00:00,24834.90292667814
2025-01-22 08:00:00+00:00,24834.90292667814
2025-01-22 10:00:00+00:00,24834.90292667814
2025-01-22 12:00:00+00:00,24285.00518213486
2025-01-22 14:00:00+00:00,24237.09391375721
2025-01-22 16:00:00+00:00,24237.09391375721
2025-01-22 18:00:00+00:00,24106.450748026593
2025-01-22 20:00:00+00:00,24057.86862237559
2025-01-22 22:00:00+00:00,23836.334129407027
2025-01-23 00:00:00+00:00,23478.979034156288
2025-01-23 02:00:00+00:00,23478.979034156288
2025-01-23 04:00:00+00:00,23478.979034156288
2025-01-23 06:00:00+00:00,23478.979034156288
2025-01-23 08:00:00+00:00,23478.979034156288
2025-01-23 10:00:00+00:00,23478.979034156288
2025-01-23 12:00:00+00:00,23478.979034156288
2025-01-23 14:00:00+00:00,23478.979034156288
2025-01-23 16:00:00+00:00,23478.979034156288
2025-01-23 18:00:00+00:00,23478.979034156288
2025-01-23 20:00:00+00:00,23478.979034156288
2025-01-23 22:00:00+00:00,23478.979034156288
2025-01-24 00:00:00+00:00,23478.979034156288
2025-01-24 02:00:00+00:00,23478.979034156288
2025-01-24 04:00:00+00:00,23478.979034156288
2025-01-24 06:00:00+00:00,23478.979034156288
2025-01-24 08:00:00+00:00,23478.979034156288
2025-01-24 10:00:00+00:00,23478.979034156288
2025-01-24 12:00:00+00:00,23478.979034156288
2025-01-24 14:00:00+00:00,23478.979034156288
2025-01-24 16:00:00+00:00,23478.979034156288
2025-01-24 18:00:00+00:00,23478.979034156288
2025-01-24 20:00:00+00:00,23478.979034156288
2025-01-24 22:00:00+00:00,23478.979034156288
2025-01-25 00:00:00+00:00,23478.979034156288
2025-01-25 02:00:00+00:00,23478.979034156288
2025-01-25 04:00:00+00:00,23478.979034156288
2025-01-25 06:00:00+00:00,23478.979034156288
2025-01-25 08:00:00+00:00,23478.979034156288
2025-01-25 10:00:00+00:00,23478.979034156288
2025-01-25 12:00:00+00:00,23478.979034156288
2025-01-25 14:00:00+00:00,23478.979034156288
2025-01-25 16:00:00+00:00,23478.979034156288
2025-01-25 18:00:00+00:00,23478.979034156288
2025-01-25 20:00:00+00:00,23460.667340864675
2025-01-25 22:00:00+00:00,23228.440045482486
2025-01-26 00:00:00+00:00,23637.274105150165
2025-01-26 02:00:00+00:00,23769.8847738247
2025-01-26 04:00:00+00:00,23863.79089326886
2025-01-26 06:00:00+00:00,23868.8668997253
2025-01-26 08:00:00+00:00,23650.114942133107
2025-01-26 10:00:00+00:00,23836.658179407328
2025-01-26 12:00:00+00:00,23869.017720567135
2025-01-26 14:00:00+00:00,23725.62053817267
2025-01-26 16:00:00+00:00,24091.257973246276
2025-01-26 18:00:00+00:00,23989.737844117455
2025-01-26 20:00:00+00:00,23488.482206543875
2025-01-26 22:00:00+00:00,23253.783077303342
2025-01-27 00:00:00+00:00,23253.783077303342
2025-01-27 02:00:00+00:00,23253.783077303342
2025-01-27 04:00:00+00:00,23253.783077303342
2025-01-27 06:00:00+00:00,23253.783077303342
2025-01-27 08:00:00+00:00,23253.783077303342
2025-01-27 10:00:00+00:00,23253.783077303342
2025-01-27 12:00:00+00:00,23253.783077303342
2025-01-27 14:00:00+00:00,23253.783077303342
2025-01-27 16:00:00+00:00,23253.783077303342
2025-01-27 18:00:00+00:00,23253.783077303342
2025-01-27 20:00:00+00:00,23253.783077303342
2025-01-27 22:00:00+00:00,23253.783077303342
2025-01-28 00:00:00+00:00,23253.783077303342
2025-01-28 02:00:00+00:00,23253.783077303342
2025-01-28 04:00:00+00:00,23253.783077303342
2025-01-28 06:00:00+00:00,23253.783077303342
2025-01-28 08:00:00+00:00,23253.783077303342
2025-01-28 10:00:00+00:00,23253.783077303342
2025-01-28 12:00:00+00:00,23253.783077303342
2025-01-28 14:00:00+00:00,23253.783077303342
2025-01-28 16:00:00+00:00,23253.783077303342
2025-01-28 18:00:00+00:00,23253.783077303342
2025-01-28 20:00:00+00:00,23253.783077303342
2025-01-28 22:00:00+00:00,23253.783077303342
2025-01-29 00:00:00+00:00,23253.783077303342
2025-01-29 02:00:00+00:00,23253.783077303342
2025-01-29 04:00:00+00:00,23253.783077303342
2025-01-29 06:00:00+00:00,23253.783077303342
2025-01-29 08:00:00+00:00,23253.783077303342
2025-01-29 10:00:00+00:00,23253.783077303342
2025-01-29 12:00:00+00:00,23253.783077303342
2025-01-29 14:00:00+00:00,23253.783077303342
2025-01-29 16:00:00+00:00,23253.783077303342
2025-01-29 18:00:00+00:00,23253.783077303342
2025-01-29 20:00:00+00:00,23253.783077303342
2025-01-29 22:00:00+00:00,23253.783077303342
2025-01-30 00:00:00+00:00,23253.783077303342
2025-01-30 02:00:00+00:00,23253.783077303342
2025-01-30 04:00:00+00:00,23253.783077303342
2025-01-30 06:00:00+00:00,23253.783077303342
2025-01-30 08:00:00+00:00,23253.783077303342
2025-01-30 10:00:00+00:00,23253.783077303342
2025-01-30 12:00:00+00:00,23253.783077303342
2025-01-30 14:00:00+00:00,23239.13795912352
2025-01-30 16:00:00+00:00,23299.00118088601
2025-01-30 18:00:00+00:00,23365.920164537933
2025-01-30 20:00:00+00:00,23221.267007957
2025-01-30 22:00:00+00:00,23167.867010901424
2025-01-31 00:00:00+00:00,23331.157577593953
2025-01-31 02:00:00+00:00,22949.2462062471
2025-01-31 04:00:00+00:00,23262.210745952572
2025-01-31 06:00:00+00:00,23437.28162237529
2025-01-31 08:00:00+00:00,23389.648689811846
2025-01-31 10:00:00+00:00,23730.327152039834
2025-01-31 12:00:00+00:00,23889.175244546932
2025-01-31 14:00:00+00:00,24286.633450479585
2025-01-31 16:00:00+00:00,23952.989052167548
2025-01-31 18:00:00+00:00,23481.99528428595
2025-01-31 20:00:00+00:00,23481.99528428595
2025-01-31 22:00:00+00:00,23481.99528428595
2025-02-01 00:00:00+00:00,23481.99528428595
2025-02-01 02:00:00+00:00,23481.99528428595
2025-02-01 04:00:00+00:00,23481.99528428595
2025-02-01 06:00:00+00:00,23481.99528428595
2025-02-01 08:00:00+00:00,23481.99528428595
2025-02-01 10:00:00+00:00,23481.99528428595
2025-02-01 12:00:00+00:00,23481.99528428595
2025-02-01 14:00:00+00:00,23481.99528428595
2025-02-01 16:00:00+00:00,23481.99528428595
2025-02-01 18:00:00+00:00,23481.99528428595
2025-02-01 20:00:00+00:00,23481.99528428595
2025-02-01 22:00:00+00:00,23481.99528428595
2025-02-02 00:00:00+00:00,23481.99528428595
2025-02-02 02:00:00+00:00,23481.99528428595
2025-02-02 04:00:00+00:00,23481.99528428595
2025-02-02 06:00:00+00:00,23481.99528428595
2025-02-02 08:00:00+00:00,23481.99528428595
2025-02-02 10:00:00+00:00,23481.99528428595
2025-02-02 12:00:00+00:00,23481.99528428595
2025-02-02 14:00:00+00:00,23481.99528428595
2025-02-02 16:00:00+00:00,23481.99528428595
2025-02-02 18:00:00+00:00,23481.99528428595
2025-02-02 20:00:00+00:00,23481.99528428595
2025-02-02 22:00:00+00:00,23481.99528428595
2025-02-03 00:00:00+00:00,23481.99528428595
2025-02-03 02:00:00+00:00,23481.99528428595
2025-02-03 04:00:00+00:00,23481.99528428595
2025-02-03 06:00:00+00:00,23481.99528428595
2025-02-03 08:00:00+00:00,23481.99528428595
2025-02-03 10:00:00+00:00,23481.99528428595
2025-02-03 12:00:00+00:00,23481.99528428595
2025-02-03 14:00:00+00:00,23481.99528428595
2025-02-03 16:00:00+00:00,23481.99528428595
2025-02-03 18:00:00+00:00,23481.99528428595
2025-02-03 20:00:00+00:00,23481.99528428595
2025-02-03 22:00:00+00:00,23481.99528428595
2025-02-04 00:00:00+00:00,23481.99528428595
2025-02-04 02:00:00+00:00,23481.99528428595
2025-02-04 04:00:00+00:00,23481.99528428595
2025-02-04 06:00:00+00:00,23481.99528428595
2025-02-04 08:00:00+00:00,23481.99528428595
2025-02-04 10:00:00+00:00,23481.99528428595
2025-02-04 12:00:00+00:00,23481.99528428595
2025-02-04 14:00:00+00:00,23481.99528428595
2025-02-04 16:00:00+00:00,23481.99528428595
2025-02-04 18:00:00+00:00,23481.99528428595
2025-02-04 20:00:00+00:00,23481.99528428595
2025-02-04 22:00:00+00:00,23481.99528428595
2025-02-05 00:00:00+00:00,23481.99528428595
2025-02-05 02:00:00+00:00,23481.99528428595
2025-02-05 04:00:00+00:00,23481.99528428595
2025-02-05 06:00:00+00:00,23481.99528428595
2025-02-05 08:00:00+00:00,23481.99528428595
2025-02-05 10:00:00+00:00,23481.99528428595
2025-02-05 12:00:00+00:00,23481.99528428595
2025-02-05 14:00:00+00:00,23481.99528428595
2025-02-05 16:00:00+00:00,23481.99528428595
2025-02-05 18:00:00+00:00,23481.99528428595
2025-02-05 20:00:00+00:00,23481.99528428595
2025-02-05 22:00:00+00:00,23481.99528428595
2025-02-06 00:00:00+00:00,23481.99528428595
2025-02-06 02:00:00+00:00,23481.99528428595
2025-02-06 04:00:00+00:00,23481.99528428595
2025-02-06 06:00:00+00:00,23481.99528428595
2025-02-06 08:00:00+00:00,23481.99528428595
2025-02-06 10:00:00+00:00,23481.99528428595
2025-02-06 12:00:00+00:00,23481.99528428595
2025-02-06 14:00:00+00:00,23481.99528428595
2025-02-06 16:00:00+00:00,23481.99528428595
2025-02-06 18:00:00+00:00,23481.99528428595
2025-02-06 20:00:00+00:00,23481.99528428595
2025-02-06 22:00:00+00:00,23481.99528428595
2025-02-07 00:00:00+00:00,23481.99528428595
2025-02-07 02:00:00+00:00,23481.99528428595
2025-02-07 04:00:00+00:00,23481.99528428595
2025-02-07 06:00:00+00:00,23481.99528428595
2025-02-07 08:00:00+00:00,23481.99528428595
2025-02-07 10:00:00+00:00,23481.99528428595
2025-02-07 12:00:00+00:00,23481.99528428595
2025-02-07 14:00:00+00:00,23481.99528428595
2025-02-07 16:00:00+00:00,23481.99528428595
2025-02-07 18:00:00+00:00,23481.99528428595
2025-02-07 20:00:00+00:00,23481.99528428595
2025-02-07 22:00:00+00:00,23481.99528428595
2025-02-08 00:00:00+00:00,23481.99528428595
2025-02-08 02:00:00+00:00,23481.99528428595
2025-02-08 04:00:00+00:00,23481.99528428595
2025-02-08 06:00:00+00:00,23481.99528428595
2025-02-08 08:00:00+00:00,23481.99528428595
2025-02-08 10:00:00+00:00,23481.99528428595
2025-02-08 12:00:00+00:00,23481.99528428595
2025-02-08 14:00:00+00:00,23481.99528428595
2025-02-08 16:00:00+00:00,23481.99528428595
2025-02-08 18:00:00+00:00,23481.99528428595
2025-02-08 20:00:00+00:00,23481.99528428595
2025-02-08 22:00:00+00:00,23481.99528428595
2025-02-09 00:00:00+00:00,23481.99528428595
2025-02-09 02:00:00+00:00,23481.99528428595
2025-02-09 04:00:00+00:00,23481.99528428595
2025-02-09 06:00:00+00:00,23481.99528428595
2025-02-09 08:00:00+00:00,23481.99528428595
2025-02-09 10:00:00+00:00,23481.99528428595
2025-02-09 12:00:00+00:00,23481.99528428595
2025-02-09 14:00:00+00:00,23481.99528428595
2025-02-09 16:00:00+00:00,23481.99528428595
2025-02-09 18:00:00+00:00,23481.99528428595
2025-02-09 20:00:00+00:00,23481.99528428595
2025-02-09 22:00:00+00:00,23481.99528428595
2025-02-10 00:00:00+00:00,23481.99528428595
2025-02-10 02:00:00+00:00,23481.99528428595
2025-02-10 04:00:00+00:00,23481.99528428595
2025-02-10 06:00:00+00:00,23481.99528428595
2025-02-10 08:00:00+00:00,23516.375172229138
2025-02-10 10:00:00+00:00,23475.750103223323
2025-02-10 12:00:00+00:00,23890.3104664872
2025-02-10 14:00:00+00:00,23460.054053834716
2025-02-10 16:00:00+00:00,23585.906195698295
2025-02-10 18:00:00+00:00,23484.34352318376
2025-02-10 20:00:00+00:00,23511.119136846686
2025-02-10 22:00:00+00:00,23688.39216523569
2025-02-11 00:00:00+00:00,24105.131039903114
2025-02-11 02:00:00+00:00,24265.78472188065
2025-02-11 04:00:00+00:00,24694.194540487413
2025-02-11 06:00:00+00:00,24639.72001613871
2025-02-11 08:00:00+00:00,24578.019746622165
2025-02-11 10:00:00+00:00,24461.684321741883
2025-02-11 12:00:00+00:00,23902.166325889077
2025-02-11 14:00:00+00:00,24118.21782923818
2025-02-11 16:00:00+00:00,23685.54093212807
2025-02-11 18:00:00+00:00,23685.54093212807
2025-02-11 20:00:00+00:00,23685.54093212807
2025-02-11 22:00:00+00:00,23685.54093212807
2025-02-12 00:00:00+00:00,23685.54093212807
2025-02-12 02:00:00+00:00,23685.54093212807
2025-02-12 04:00:00+00:00,23685.54093212807
2025-02-12 06:00:00+00:00,23685.54093212807
2025-02-12 08:00:00+00:00,23685.54093212807
2025-02-12 10:00:00+00:00,23685.54093212807
2025-02-12 12:00:00+00:00,23685.54093212807
2025-02-12 14:00:00+00:00,23685.54093212807
2025-02-12 16:00:00+00:00,23685.54093212807
2025-02-12 18:00:00+00:00,23685.54093212807
2025-02-12 20:00:00+00:00,23685.54093212807
2025-02-12 22:00:00+00:00,23808.123424393125
2025-02-13 00:00:00+00:00,23828.21073653107
2025-02-13 02:00:00+00:00,23714.97138914994
2025-02-13 04:00:00+00:00,23333.013272983426
2025-02-13 06:00:00+00:00,22923.19468246124
2025-02-13 08:00:00+00:00,22752.729031657767
2025-02-13 10:00:00+00:00,22752.729031657767
2025-02-13 12:00:00+00:00,22752.729031657767
2025-02-13 14:00:00+00:00,22752.729031657767
2025-02-13 16:00:00+00:00,22752.729031657767
2025-02-13 18:00:00+00:00,22752.729031657767
2025-02-13 20:00:00+00:00,22752.729031657767
2025-02-13 22:00:00+00:00,22752.729031657767
2025-02-14 00:00:00+00:00,22752.729031657767
2025-02-14 02:00:00+00:00,22752.729031657767
2025-02-14 04:00:00+00:00,22752.729031657767
2025-02-14 06:00:00+00:00,22719.698602370565
2025-02-14 08:00:00+00:00,23246.418022690465
2025-02-14 10:00:00+00:00,23042.963316315087
2025-02-14 12:00:00+00:00,23128.768127264702
2025-02-14 14:00:00+00:00,23499.40952713985
2025-02-14 16:00:00+00:00,23904.80572416689
2025-02-14 18:00:00+00:00,23510.280510934634
2025-02-14 20:00:00+00:00,23403.24564366759
2025-02-14 22:00:00+00:00,22971.903721699422
2025-02-15 00:00:00+00:00,22971.903721699422
2025-02-15 02:00:00+00:00,22971.903721699422
2025-02-15 04:00:00+00:00,22971.903721699422
2025-02-15 06:00:00+00:00,22971.903721699422
2025-02-15 08:00:00+00:00,22971.903721699422
2025-02-15 10:00:00+00:00,22971.903721699422
2025-02-15 12:00:00+00:00,22971.903721699422
2025-02-15 14:00:00+00:00,22971.903721699422
2025-02-15 16:00:00+00:00,22971.903721699422
2025-02-15 18:00:00+00:00,22971.903721699422
2025-02-15 20:00:00+00:00,22971.903721699422
2025-02-15 22:00:00+00:00,22971.903721699422
2025-02-16 00:00:00+00:00,22971.903721699422
2025-02-16 02:00:00+00:00,22971.903721699422
2025-02-16 04:00:00+00:00,22971.903721699422
2025-02-16 06:00:00+00:00,22971.903721699422
2025-02-16 08:00:00+00:00,22971.903721699422
2025-02-16 10:00:00+00:00,22971.903721699422
2025-02-16 12:00:00+00:00,22971.903721699422
2025-02-16 14:00:00+00:00,22971.903721699422
2025-02-16 16:00:00+00:00,22971.903721699422
2025-02-16 18:00:00+00:00,22971.903721699422
2025-02-16 20:00:00+00:00,22971.903721699422
2025-02-16 22:00:00+00:00,22971.903721699422
2025-02-17 00:00:00+00:00,22971.903721699422
2025-02-17 02:00:00+00:00,22971.903721699422
2025-02-17 04:00:00+00:00,22971.903721699422
2025-02-17 06:00:00+00:00,22971.903721699422
2025-02-17 08:00:00+00:00,22971.903721699422
2025-02-17 10:00:00+00:00,22971.903721699422
2025-02-17 12:00:00+00:00,22971.903721699422
2025-02-17 14:00:00+00:00,22971.903721699422
2025-02-17 16:00:00+00:00,22971.903721699422
2025-02-17 18:00:00+00:00,22971.903721699422
2025-02-17 20:00:00+00:00,22971.903721699422
2025-02-17 22:00:00+00:00,22971.903721699422
2025-02-18 00:00:00+00:00,22971.903721699422
2025-02-18 02:00:00+00:00,22971.903721699422
2025-02-18 04:00:00+00:00,22971.903721699422
2025-02-18 06:00:00+00:00,22971.903721699422
2025-02-18 08:00:00+00:00,22971.903721699422
2025-02-18 10:00:00+00:00,22971.903721699422
2025-02-18 12:00:00+00:00,22971.903721699422
2025-02-18 14:00:00+00:00,22971.903721699422
2025-02-18 16:00:00+00:00,22971.903721699422
2025-02-18 18:00:00+00:00,22971.903721699422
2025-02-18 20:00:00+00:00,22971.903721699422
2025-02-18 22:00:00+00:00,22971.903721699422
2025-02-19 00:00:00+00:00,22971.903721699422
2025-02-19 02:00:00+00:00,22971.903721699422
2025-02-19 04:00:00+00:00,22971.903721699422
2025-02-19 06:00:00+00:00,22971.903721699422
2025-02-19 08:00:00+00:00,22971.903721699422
2025-02-19 10:00:00+00:00,22971.903721699422
2025-02-19 12:00:00+00:00,22971.903721699422
2025-02-19 14:00:00+00:00,22971.903721699422
2025-02-19 16:00:00+00:00,22971.903721699422
2025-02-19 18:00:00+00:00,22971.903721699422
2025-02-19 20:00:00+00:00,22971.903721699422
2025-02-19 22:00:00+00:00,22971.903721699422
2025-02-20 00:00:00+00:00,22971.903721699422
2025-02-20 02:00:00+00:00,22971.903721699422
2025-02-20 04:00:00+00:00,22971.903721699422
2025-02-20 06:00:00+00:00,22971.903721699422
2025-02-20 08:00:00+00:00,22971.903721699422
2025-02-20 10:00:00+00:00,22971.903721699422
2025-02-20 12:00:00+00:00,22971.903721699422
2025-02-20 14:00:00+00:00,22556.6667770449
2025-02-20 16:00:00+00:00,23057.14186007147
2025-02-20 18:00:00+00:00,23436.761545961595
2025-02-20 20:00:00+00:00,23273.934474807742
2025-02-20 22:00:00+00:00,23391.169966038517
2025-02-21 00:00:00+00:00,23165.524955185832
2025-02-21 02:00:00+00:00,23118.072494449563
2025-02-21 04:00:00+00:00,23339.517311218806
2025-02-21 06:00:00+00:00,23401.856818460565
2025-02-21 08:00:00+00:00,23714.005060002324
2025-02-21 10:00:00+00:00,23854.501561397934
2025-02-21 12:00:00+00:00,24565.358032035325
2025-02-21 14:00:00+00:00,23597.052954335384
2025-02-21 16:00:00+00:00,23597.052954335384
2025-02-21 18:00:00+00:00,23597.052954335384
2025-02-21 20:00:00+00:00,23597.052954335384
2025-02-21 22:00:00+00:00,23597.052954335384
2025-02-22 00:00:00+00:00,23597.052954335384
2025-02-22 02:00:00+00:00,23597.052954335384
2025-02-22 04:00:00+00:00,23597.052954335384
2025-02-22 06:00:00+00:00,23597.052954335384
2025-02-22 08:00:00+00:00,23597.052954335384
2025-02-22 10:00:00+00:00,23597.052954335384
2025-02-22 12:00:00+00:00,23597.052954335384
2025-02-22 14:00:00+00:00,23597.052954335384
2025-02-22 16:00:00+00:00,23597.052954335384
2025-02-22 18:00:00+00:00,23597.052954335384
2025-02-22 20:00:00+00:00,23597.052954335384
2025-02-22 22:00:00+00:00,23597.052954335384
2025-02-23 00:00:00+00:00,23597.052954335384
2025-02-23 02:00:00+00:00,23597.052954335384
2025-02-23 04:00:00+00:00,23597.052954335384
2025-02-23 06:00:00+00:00,23597.052954335384
2025-02-23 08:00:00+00:00,23597.052954335384
2025-02-23 10:00:00+00:00,23597.052954335384
2025-02-23 12:00:00+00:00,23597.052954335384
2025-02-23 14:00:00+00:00,23597.052954335384
2025-02-23 16:00:00+00:00,23597.052954335384
2025-02-23 18:00:00+00:00,23597.052954335384
2025-02-23 20:00:00+00:00,23597.052954335384
2025-02-23 22:00:00+00:00,23597.052954335384
2025-02-24 00:00:00+00:00,23597.052954335384
2025-02-24 02:00:00+00:00,23597.052954335384
2025-02-24 04:00:00+00:00,23597.052954335384
2025-02-24 06:00:00+00:00,23597.052954335384
2025-02-24 08:00:00+00:00,23597.052954335384
2025-02-24 10:00:00+00:00,23597.052954335384
2025-02-24 12:00:00+00:00,23597.052954335384
2025-02-24 14:00:00+00:00,23597.052954335384
2025-02-24 16:00:00+00:00,23597.052954335384
2025-02-24 18:00:00+00:00,23597.052954335384
2025-02-24 20:00:00+00:00,23597.052954335384
2025-02-24 22:00:00+00:00,23597.052954335384
2025-02-25 00:00:00+00:00,23597.052954335384
2025-02-25 02:00:00+00:00,23597.052954335384
2025-02-25 04:00:00+00:00,23597.052954335384
2025-02-25 06:00:00+00:00,23597.052954335384
2025-02-25 08:00:00+00:00,23597.052954335384
2025-02-25 10:00:00+00:00,23597.052954335384
2025-02-25 12:00:00+00:00,23597.052954335384
2025-02-25 14:00:00+00:00,23597.052954335384
2025-02-25 16:00:00+00:00,23597.052954335384
2025-02-25 18:00:00+00:00,23597.052954335384
2025-02-25 20:00:00+00:00,23597.052954335384
2025-02-25 22:00:00+00:00,23597.052954335384
2025-02-26 00:00:00+00:00,23597.052954335384
2025-02-26 02:00:00+00:00,23597.052954335384
2025-02-26 04:00:00+00:00,23597.052954335384
2025-02-26 06:00:00+00:00,23597.052954335384
2025-02-26 08:00:00+00:00,23597.052954335384
2025-02-26 10:00:00+00:00,23597.052954335384
2025-02-26 12:00:00+00:00,23597.052954335384
2025-02-26 14:00:00+00:00,23597.052954335384
2025-02-26 16:00:00+00:00,23597.052954335384
2025-02-26 18:00:00+00:00,23597.052954335384
2025-02-26 20:00:00+00:00,23597.052954335384
2025-02-26 22:00:00+00:00,23597.052954335384
2025-02-27 00:00:00+00:00,23597.052954335384
2025-02-27 02:00:00+00:00,23597.052954335384
2025-02-27 04:00:00+00:00,23597.052954335384
2025-02-27 06:00:00+00:00,23597.052954335384
2025-02-27 08:00:00+00:00,23597.052954335384
2025-02-27 10:00:00+00:00,23498.899560014317
2025-02-27 12:00:00+00:00,23546.88983894543
2025-02-27 14:00:00+00:00,23256.90602582976
2025-02-27 16:00:00+00:00,23009.17317849511
2025-02-27 18:00:00+00:00,22591.44605602575
2025-02-27 20:00:00+00:00,22591.44605602575
2025-02-27 22:00:00+00:00,22591.44605602575
2025-02-28 00:00:00+00:00,22591.44605602575
2025-02-28 02:00:00+00:00,22591.44605602575
2025-02-28 04:00:00+00:00,22591.44605602575
2025-02-28 06:00:00+00:00,22591.44605602575
2025-02-28 08:00:00+00:00,22591.44605602575
2025-02-28 10:00:00+00:00,22591.44605602575
2025-02-28 12:00:00+00:00,22591.44605602575
2025-02-28 14:00:00+00:00,22591.44605602575
2025-02-28 16:00:00+00:00,22591.44605602575
2025-02-28 18:00:00+00:00,22591.44605602575
2025-02-28 20:00:00+00:00,22591.44605602575
2025-02-28 22:00:00+00:00,22591.44605602575
2025-03-01 00:00:00+00:00,22591.44605602575
2025-03-01 02:00:00+00:00,22591.44605602575
2025-03-01 04:00:00+00:00,22591.44605602575
2025-03-01 06:00:00+00:00,22223.34842230606
2025-03-01 08:00:00+00:00,22252.639060289126
2025-03-01 10:00:00+00:00,21802.666787740945
2025-03-01 12:00:00+00:00,21758.047415306413
2025-03-01 14:00:00+00:00,21758.047415306413
2025-03-01 16:00:00+00:00,21758.047415306413
2025-03-01 18:00:00+00:00,21758.047415306413
2025-03-01 20:00:00+00:00,21758.047415306413
2025-03-01 22:00:00+00:00,21758.047415306413
2025-03-02 00:00:00+00:00,21758.047415306413
2025-03-02 02:00:00+00:00,21758.047415306413
2025-03-02 04:00:00+00:00,21758.047415306413
2025-03-02 06:00:00+00:00,21758.047415306413
2025-03-02 08:00:00+00:00,21758.047415306413
2025-03-02 10:00:00+00:00,21758.047415306413
2025-03-02 12:00:00+00:00,21656.523476524446
2025-03-02 14:00:00+00:00,21177.984403382685
2025-03-02 16:00:00+00:00,21177.984403382685
2025-03-02 18:00:00+00:00,21177.984403382685
2025-03-02 20:00:00+00:00,21177.984403382685
2025-03-02 22:00:00+00:00,21177.984403382685
2025-03-03 00:00:00+00:00,21177.984403382685
2025-03-03 02:00:00+00:00,21177.984403382685
2025-03-03 04:00:00+00:00,21177.984403382685
2025-03-03 06:00:00+00:00,21177.984403382685
2025-03-03 08:00:00+00:00,21177.984403382685
2025-03-03 10:00:00+00:00,21177.984403382685
2025-03-03 12:00:00+00:00,21177.984403382685
2025-03-03 14:00:00+00:00,21177.984403382685
2025-03-03 16:00:00+00:00,21177.984403382685
2025-03-03 18:00:00+00:00,21177.984403382685
2025-03-03 20:00:00+00:00,21177.984403382685
2025-03-03 22:00:00+00:00,21177.984403382685
2025-03-04 00:00:00+00:00,21177.984403382685
2025-03-04 02:00:00+00:00,21177.984403382685
2025-03-04 04:00:00+00:00,21177.984403382685
2025-03-04 06:00:00+00:00,21177.984403382685
2025-03-04 08:00:00+00:00,21177.984403382685
2025-03-04 10:00:00+00:00,21177.984403382685
2025-03-04 12:00:00+00:00,21177.984403382685
2025-03-04 14:00:00+00:00,21177.984403382685
2025-03-04 16:00:00+00:00,21177.984403382685
2025-03-04 18:00:00+00:00,21177.984403382685
2025-03-04 20:00:00+00:00,21177.984403382685
2025-03-04 22:00:00+00:00,21177.984403382685
2025-03-05 00:00:00+00:00,21177.984403382685
2025-03-05 02:00:00+00:00,21177.984403382685
2025-03-05 04:00:00+00:00,21177.984403382685
2025-03-05 06:00:00+00:00,21177.984403382685
2025-03-05 08:00:00+00:00,21177.984403382685
2025-03-05 10:00:00+00:00,21177.984403382685
2025-03-05 12:00:00+00:00,21177.984403382685
2025-03-05 14:00:00+00:00,21177.984403382685
2025-03-05 16:00:00+00:00,21177.984403382685
2025-03-05 18:00:00+00:00,21177.984403382685
2025-03-05 20:00:00+00:00,21177.984403382685
2025-03-05 22:00:00+00:00,21177.984403382685
2025-03-06 00:00:00+00:00,21177.984403382685
2025-03-06 02:00:00+00:00,21821.918409614216
2025-03-06 04:00:00+00:00,21764.327911038115
2025-03-06 06:00:00+00:00,21164.996281788557
2025-03-06 08:00:00+00:00,21373.57799921565
2025-03-06 10:00:00+00:00,21429.21627750103
2025-03-06 12:00:00+00:00,20941.161204822238
2025-03-06 14:00:00+00:00,21431.168497791747
2025-03-06 16:00:00+00:00,20539.823104432355
2025-03-06 18:00:00+00:00,20539.823104432355
2025-03-06 20:00:00+00:00,20539.823104432355
2025-03-06 22:00:00+00:00,20539.823104432355
2025-03-07 00:00:00+00:00,20539.823104432355
2025-03-07 02:00:00+00:00,20539.823104432355
2025-03-07 04:00:00+00:00,20539.823104432355
2025-03-07 06:00:00+00:00,20539.823104432355
2025-03-07 08:00:00+00:00,20539.823104432355
2025-03-07 10:00:00+00:00,20539.823104432355
2025-03-07 12:00:00+00:00,20539.823104432355
2025-03-07 14:00:00+00:00,20539.823104432355
2025-03-07 16:00:00+00:00,20539.823104432355
2025-03-07 18:00:00+00:00,20539.823104432355
2025-03-07 20:00:00+00:00,20539.823104432355
2025-03-07 22:00:00+00:00,20539.823104432355
2025-03-08 00:00:00+00:00,20539.823104432355
2025-03-08 02:00:00+00:00,20539.823104432355
2025-03-08 04:00:00+00:00,20539.823104432355
2025-03-08 06:00:00+00:00,20539.823104432355
2025-03-08 08:00:00+00:00,20539.823104432355
2025-03-08 10:00:00+00:00,20539.823104432355
2025-03-08 12:00:00+00:00,20539.823104432355
2025-03-08 14:00:00+00:00,20539.823104432355
2025-03-08 16:00:00+00:00,20539.823104432355
2025-03-08 18:00:00+00:00,20539.823104432355
2025-03-08 20:00:00+00:00,20539.823104432355
2025-03-08 22:00:00+00:00,20539.823104432355
2025-03-09 00:00:00+00:00,20539.823104432355
2025-03-09 02:00:00+00:00,20539.823104432355
2025-03-09 04:00:00+00:00,20539.823104432355
2025-03-09 06:00:00+00:00,20539.823104432355
2025-03-09 08:00:00+00:00,20539.823104432355
2025-03-09 10:00:00+00:00,20539.823104432355
2025-03-09 12:00:00+00:00,20539.823104432355
2025-03-09 14:00:00+00:00,20539.823104432355
2025-03-09 16:00:00+00:00,20539.823104432355
2025-03-09 18:00:00+00:00,20539.823104432355
2025-03-09 20:00:00+00:00,20539.823104432355
2025-03-09 22:00:00+00:00,20539.823104432355
2025-03-10 00:00:00+00:00,20539.823104432355
2025-03-10 02:00:00+00:00,20539.823104432355
2025-03-10 04:00:00+00:00,20539.823104432355
2025-03-10 06:00:00+00:00,20539.823104432355
2025-03-10 08:00:00+00:00,20539.823104432355
2025-03-10 10:00:00+00:00,20539.823104432355
2025-03-10 12:00:00+00:00,20539.823104432355
2025-03-10 14:00:00+00:00,20539.823104432355
2025-03-10 16:00:00+00:00,20539.823104432355
2025-03-10 18:00:00+00:00,20539.823104432355
2025-03-10 20:00:00+00:00,20539.823104432355
2025-03-10 22:00:00+00:00,20539.823104432355
2025-03-11 00:00:00+00:00,20539.823104432355
2025-03-11 02:00:00+00:00,20539.823104432355
2025-03-11 04:00:00+00:00,20539.823104432355
2025-03-11 06:00:00+00:00,20539.823104432355
2025-03-11 08:00:00+00:00,20539.823104432355
2025-03-11 10:00:00+00:00,20539.823104432355
2025-03-11 12:00:00+00:00,20539.823104432355
2025-03-11 14:00:00+00:00,20539.823104432355
2025-03-11 16:00:00+00:00,20539.823104432355
2025-03-11 18:00:00+00:00,20539.823104432355
2025-03-11 20:00:00+00:00,20539.823104432355
2025-03-11 22:00:00+00:00,20539.823104432355
2025-03-12 00:00:00+00:00,20539.823104432355
2025-03-12 02:00:00+00:00,20539.823104432355
2025-03-12 04:00:00+00:00,20539.823104432355
2025-03-12 06:00:00+00:00,20539.823104432355
2025-03-12 08:00:00+00:00,20539.823104432355
2025-03-12 10:00:00+00:00,20539.823104432355
2025-03-12 12:00:00+00:00,20539.823104432355
2025-03-12 14:00:00+00:00,20539.823104432355
2025-03-12 16:00:00+00:00,20539.823104432355
2025-03-12 18:00:00+00:00,20539.823104432355
2025-03-12 20:00:00+00:00,20539.823104432355
2025-03-12 22:00:00+00:00,20539.823104432355
2025-03-13 00:00:00+00:00,20539.823104432355
2025-03-13 02:00:00+00:00,20297.413076486147
2025-03-13 04:00:00+00:00,20209.093210618714
2025-03-13 06:00:00+00:00,20233.865855922995
2025-03-13 08:00:00+00:00,20692.899039084423
2025-03-13 10:00:00+00:00,20478.561803625642
2025-03-13 12:00:00+00:00,19772.002876686136
2025-03-13 14:00:00+00:00,19795.698450455453
2025-03-13 16:00:00+00:00,19598.560673713084
2025-03-13 18:00:00+00:00,19598.560673713084
2025-03-13 20:00:00+00:00,19598.560673713084
2025-03-13 22:00:00+00:00,19598.560673713084
2025-03-14 00:00:00+00:00,19598.560673713084
2025-03-14 02:00:00+00:00,19598.560673713084
2025-03-14 04:00:00+00:00,19598.560673713084
2025-03-14 06:00:00+00:00,19598.560673713084
2025-03-14 08:00:00+00:00,19598.560673713084
2025-03-14 10:00:00+00:00,19598.560673713084
2025-03-14 12:00:00+00:00,19598.560673713084
2025-03-14 14:00:00+00:00,19598.560673713084
2025-03-14 16:00:00+00:00,19598.560673713084
2025-03-14 18:00:00+00:00,19598.560673713084
2025-03-14 20:00:00+00:00,19598.560673713084
2025-03-14 22:00:00+00:00,19598.560673713084
2025-03-15 00:00:00+00:00,19598.560673713084
2025-03-15 02:00:00+00:00,19711.894272827223
2025-03-15 04:00:00+00:00,19843.172799591848
2025-03-15 06:00:00+00:00,19689.661619100953
2025-03-15 08:00:00+00:00,19652.261028967074
2025-03-15 10:00:00+00:00,19637.439259816227
2025-03-15 12:00:00+00:00,19740.132946075653
2025-03-15 14:00:00+00:00,19630.028375240807
2025-03-15 16:00:00+00:00,19756.846038418844
2025-03-15 18:00:00+00:00,19701.79375300142
2025-03-15 20:00:00+00:00,20240.670931414283
2025-03-15 22:00:00+00:00,20527.57803426278
2025-03-16 00:00:00+00:00,20171.76978910114
2025-03-16 02:00:00+00:00,20844.04288987161
2025-03-16 04:00:00+00:00,20742.40790140867
2025-03-16 06:00:00+00:00,20481.968243472395
2025-03-16 08:00:00+00:00,20127.869246486673
2025-03-16 10:00:00+00:00,20066.794180547564
2025-03-16 12:00:00+00:00,20066.794180547564
2025-03-16 14:00:00+00:00,20066.794180547564
2025-03-16 16:00:00+00:00,20066.794180547564
2025-03-16 18:00:00+00:00,20066.794180547564
2025-03-16 20:00:00+00:00,20066.794180547564
2025-03-16 22:00:00+00:00,20066.794180547564
2025-03-17 00:00:00+00:00,20066.794180547564
2025-03-17 02:00:00+00:00,20066.794180547564
2025-03-17 04:00:00+00:00,20066.794180547564
2025-03-17 06:00:00+00:00,20066.794180547564
2025-03-17 08:00:00+00:00,20066.794180547564
2025-03-17 10:00:00+00:00,20066.794180547564
2025-03-17 12:00:00+00:00,20066.794180547564
2025-03-17 14:00:00+00:00,20066.794180547564
2025-03-17 16:00:00+00:00,20066.794180547564
2025-03-17 18:00:00+00:00,20066.794180547564
2025-03-17 20:00:00+00:00,20066.794180547564
2025-03-17 22:00:00+00:00,20066.794180547564
2025-03-18 00:00:00+00:00,20066.794180547564
2025-03-18 02:00:00+00:00,20066.794180547564
2025-03-18 04:00:00+00:00,20066.794180547564
2025-03-18 06:00:00+00:00,20066.794180547564
2025-03-18 08:00:00+00:00,20066.794180547564
2025-03-18 10:00:00+00:00,20066.794180547564
2025-03-18 12:00:00+00:00,20066.794180547564
2025-03-18 14:00:00+00:00,20066.794180547564
2025-03-18 16:00:00+00:00,20066.794180547564
2025-03-18 18:00:00+00:00,20066.794180547564
2025-03-18 20:00:00+00:00,20066.794180547564
2025-03-18 22:00:00+00:00,20066.794180547564
2025-03-19 00:00:00+00:00,20066.794180547564
2025-03-19 02:00:00+00:00,20066.794180547564
2025-03-19 04:00:00+00:00,20066.794180547564
2025-03-19 06:00:00+00:00,20066.794180547564
2025-03-19 08:00:00+00:00,20066.794180547564
2025-03-19 10:00:00+00:00,20066.794180547564
2025-03-19 12:00:00+00:00,20066.794180547564
2025-03-19 14:00:00+00:00,20066.794180547564
2025-03-19 16:00:00+00:00,20066.794180547564
2025-03-19 18:00:00+00:00,20066.794180547564
2025-03-19 20:00:00+00:00,20066.794180547564
2025-03-19 22:00:00+00:00,20066.794180547564
2025-03-20 00:00:00+00:00,20066.794180547564
2025-03-20 02:00:00+00:00,19965.623557409766
2025-03-20 04:00:00+00:00,19913.82936949493
2025-03-20 06:00:00+00:00,19809.205109906972
2025-03-20 08:00:00+00:00,19768.821687950473
2025-03-20 10:00:00+00:00,19500.52779455164
2025-03-20 12:00:00+00:00,19548.178447433285
2025-03-20 14:00:00+00:00,19435.267117778953
2025-03-20 16:00:00+00:00,19351.247932969967
2025-03-20 18:00:00+00:00,19351.247932969967
2025-03-20 20:00:00+00:00,19351.247932969967
2025-03-20 22:00:00+00:00,19351.247932969967
2025-03-21 00:00:00+00:00,19351.247932969967
2025-03-21 02:00:00+00:00,19351.247932969967
2025-03-21 04:00:00+00:00,19351.247932969967
2025-03-21 06:00:00+00:00,19351.247932969967
2025-03-21 08:00:00+00:00,19351.247932969967
2025-03-21 10:00:00+00:00,19351.247932969967
2025-03-21 12:00:00+00:00,19351.247932969967
2025-03-21 14:00:00+00:00,19351.247932969967
2025-03-21 16:00:00+00:00,19351.247932969967
2025-03-21 18:00:00+00:00,19351.247932969967
2025-03-21 20:00:00+00:00,19351.247932969967
2025-03-21 22:00:00+00:00,19351.247932969967
2025-03-22 00:00:00+00:00,19351.247932969967
2025-03-22 02:00:00+00:00,19351.247932969967
2025-03-22 04:00:00+00:00,19351.247932969967
2025-03-22 06:00:00+00:00,19351.247932969967
2025-03-22 08:00:00+00:00,19351.247932969967
2025-03-22 10:00:00+00:00,19351.247932969967
2025-03-22 12:00:00+00:00,19351.247932969967
2025-03-22 14:00:00+00:00,19351.247932969967
2025-03-22 16:00:00+00:00,19351.247932969967
2025-03-22 18:00:00+00:00,19351.247932969967
2025-03-22 20:00:00+00:00,19351.247932969967
2025-03-22 22:00:00+00:00,19351.247932969967
2025-03-23 00:00:00+00:00,19351.247932969967
2025-03-23 02:00:00+00:00,19351.247932969967
2025-03-23 04:00:00+00:00,19351.247932969967
2025-03-23 06:00:00+00:00,19351.247932969967
2025-03-23 08:00:00+00:00,19351.247932969967
2025-03-23 10:00:00+00:00,19351.247932969967
2025-03-23 12:00:00+00:00,19351.247932969967
2025-03-23 14:00:00+00:00,19351.247932969967
2025-03-23 16:00:00+00:00,19351.247932969967
2025-03-23 18:00:00+00:00,19351.247932969967
2025-03-23 20:00:00+00:00,19351.247932969967
2025-03-23 22:00:00+00:00,19351.247932969967
2025-03-24 00:00:00+00:00,19351.247932969967
2025-03-24 02:00:00+00:00,20295.873601535863
2025-03-24 04:00:00+00:00,20698.199903236367
2025-03-24 06:00:00+00:00,20656.911046498608
2025-03-24 08:00:00+00:00,21003.400122738305
2025-03-24 10:00:00+00:00,20819.04057637435
2025-03-24 12:00:00+00:00,20969.79291376571
2025-03-24 14:00:00+00:00,20667.32803301235
2025-03-24 16:00:00+00:00,20550.03647318306
2025-03-24 18:00:00+00:00,20518.34967615176
2025-03-24 20:00:00+00:00,20484.742467179163
2025-03-24 22:00:00+00:00,20612.449861275025
2025-03-25 00:00:00+00:00,20595.147072110252
2025-03-25 02:00:00+00:00,20492.405033251176
2025-03-25 04:00:00+00:00,20819.835269241317
2025-03-25 06:00:00+00:00,20974.42843051526
2025-03-25 08:00:00+00:00,21147.38963825884
2025-03-25 10:00:00+00:00,21422.008545863475
2025-03-25 12:00:00+00:00,21518.029142928037
2025-03-25 14:00:00+00:00,21572.760883254832
2025-03-25 16:00:00+00:00,21971.883918777177
2025-03-25 18:00:00+00:00,22108.23316660885
2025-03-25 20:00:00+00:00,22185.049644260496
2025-03-25 22:00:00+00:00,21971.883918777177
2025-03-26 00:00:00+00:00,22198.661127823365
2025-03-26 02:00:00+00:00,21680.14990367475
2025-03-26 04:00:00+00:00,21766.56844103285
2025-03-26 06:00:00+00:00,21903.877894835172
2025-03-26 08:00:00+00:00,21757.318301865318
2025-03-26 10:00:00+00:00,21917.67269896313
2025-03-26 12:00:00+00:00,21423.152083818808
2025-03-26 14:00:00+00:00,21423.152083818808
2025-03-26 16:00:00+00:00,21423.152083818808
2025-03-26 18:00:00+00:00,21423.152083818808
2025-03-26 20:00:00+00:00,21423.152083818808
2025-03-26 22:00:00+00:00,21423.152083818808
2025-03-27 00:00:00+00:00,21423.152083818808
2025-03-27 02:00:00+00:00,21423.152083818808
2025-03-27 04:00:00+00:00,21423.152083818808
2025-03-27 06:00:00+00:00,21423.152083818808
2025-03-27 08:00:00+00:00,21423.152083818808
2025-03-27 10:00:00+00:00,21423.152083818808
2025-03-27 12:00:00+00:00,21423.152083818808
2025-03-27 14:00:00+00:00,21423.152083818808
2025-03-27 16:00:00+00:00,21423.152083818808
2025-03-27 18:00:00+00:00,21423.152083818808
2025-03-27 20:00:00+00:00,21423.152083818808
2025-03-27 22:00:00+00:00,21423.152083818808
2025-03-28 00:00:00+00:00,21423.152083818808
2025-03-28 02:00:00+00:00,21423.152083818808
2025-03-28 04:00:00+00:00,21423.152083818808
2025-03-28 06:00:00+00:00,21423.152083818808
2025-03-28 08:00:00+00:00,21423.152083818808
2025-03-28 10:00:00+00:00,21423.152083818808
2025-03-28 12:00:00+00:00,21423.152083818808
2025-03-28 14:00:00+00:00,21423.152083818808
2025-03-28 16:00:00+00:00,21423.152083818808
2025-03-28 18:00:00+00:00,21423.152083818808
2025-03-28 20:00:00+00:00,21423.152083818808
2025-03-28 22:00:00+00:00,21423.152083818808
2025-03-29 00:00:00+00:00,21423.152083818808
2025-03-29 02:00:00+00:00,21423.152083818808
2025-03-29 04:00:00+00:00,21423.152083818808
2025-03-29 06:00:00+00:00,21423.152083818808
2025-03-29 08:00:00+00:00,21423.152083818808
2025-03-29 10:00:00+00:00,21423.152083818808
2025-03-29 12:00:00+00:00,21423.152083818808
2025-03-29 14:00:00+00:00,21423.152083818808
2025-03-29 16:00:00+00:00,21423.152083818808
2025-03-29 18:00:00+00:00,21423.152083818808
2025-03-29 20:00:00+00:00,21423.152083818808
2025-03-29 22:00:00+00:00,21423.152083818808
2025-03-30 00:00:00+00:00,21423.152083818808
2025-03-30 02:00:00+00:00,21423.152083818808
2025-03-30 04:00:00+00:00,21423.152083818808
2025-03-30 06:00:00+00:00,21423.152083818808
2025-03-30 08:00:00+00:00,21423.152083818808
2025-03-30 10:00:00+00:00,21423.152083818808
2025-03-30 12:00:00+00:00,21423.152083818808
2025-03-30 14:00:00+00:00,21423.152083818808
2025-03-30 16:00:00+00:00,21423.152083818808
2025-03-30 18:00:00+00:00,21423.152083818808
2025-03-30 20:00:00+00:00,21423.152083818808
2025-03-30 22:00:00+00:00,21423.152083818808
2025-03-31 00:00:00+00:00,21423.152083818808
2025-03-31 02:00:00+00:00,21423.152083818808
2025-03-31 04:00:00+00:00,21423.152083818808
2025-03-31 06:00:00+00:00,21423.152083818808
2025-03-31 08:00:00+00:00,21423.152083818808
2025-03-31 10:00:00+00:00,21423.152083818808
2025-03-31 12:00:00+00:00,21423.152083818808
2025-03-31 14:00:00+00:00,21423.152083818808
2025-03-31 16:00:00+00:00,21423.152083818808
2025-03-31 18:00:00+00:00,21423.152083818808
2025-03-31 20:00:00+00:00,21423.152083818808
2025-03-31 22:00:00+00:00,21423.152083818808
2025-04-01 00:00:00+00:00,21423.152083818808
2025-04-01 02:00:00+00:00,21423.152083818808
2025-04-01 04:00:00+00:00,21423.152083818808
2025-04-01 06:00:00+00:00,21423.152083818808
2025-04-01 08:00:00+00:00,21423.152083818808
2025-04-01 10:00:00+00:00,21423.152083818808
2025-04-01 12:00:00+00:00,21423.152083818808
2025-04-01 14:00:00+00:00,21423.152083818808
2025-04-01 16:00:00+00:00,21423.152083818808
2025-04-01 18:00:00+00:00,21423.152083818808
2025-04-01 20:00:00+00:00,21423.152083818808
2025-04-01 22:00:00+00:00,21423.152083818808
2025-04-02 00:00:00+00:00,21423.152083818808
2025-04-02 02:00:00+00:00,21423.152083818808
2025-04-02 04:00:00+00:00,21423.152083818808
2025-04-02 06:00:00+00:00,21423.152083818808
2025-04-02 08:00:00+00:00,21423.152083818808
2025-04-02 10:00:00+00:00,21423.152083818808
2025-04-02 12:00:00+00:00,21423.152083818808
2025-04-02 14:00:00+00:00,21423.152083818808
2025-04-02 16:00:00+00:00,21423.152083818808
2025-04-02 18:00:00+00:00,21423.152083818808
2025-04-02 20:00:00+00:00,21423.152083818808
2025-04-02 22:00:00+00:00,21423.152083818808
2025-04-03 00:00:00+00:00,21423.152083818808
2025-04-03 02:00:00+00:00,21423.152083818808
2025-04-03 04:00:00+00:00,21423.152083818808
2025-04-03 06:00:00+00:00,21423.152083818808
2025-04-03 08:00:00+00:00,21423.152083818808
2025-04-03 10:00:00+00:00,21423.152083818808
2025-04-03 12:00:00+00:00,21423.152083818808
2025-04-03 14:00:00+00:00,21423.152083818808
2025-04-03 16:00:00+00:00,21423.152083818808
2025-04-03 18:00:00+00:00,21423.152083818808
2025-04-03 20:00:00+00:00,21423.152083818808
2025-04-03 22:00:00+00:00,21423.152083818808
2025-04-04 00:00:00+00:00,21423.152083818808
2025-04-04 02:00:00+00:00,21423.152083818808
2025-04-04 04:00:00+00:00,21423.152083818808
2025-04-04 06:00:00+00:00,21423.152083818808
2025-04-04 08:00:00+00:00,21423.152083818808
2025-04-04 10:00:00+00:00,21423.152083818808
2025-04-04 12:00:00+00:00,21423.152083818808
2025-04-04 14:00:00+00:00,21423.152083818808
2025-04-04 16:00:00+00:00,21423.152083818808
2025-04-04 18:00:00+00:00,21423.152083818808
2025-04-04 20:00:00+00:00,21423.152083818808
2025-04-04 22:00:00+00:00,21423.152083818808
2025-04-05 00:00:00+00:00,21423.152083818808
2025-04-05 02:00:00+00:00,21423.152083818808
2025-04-05 04:00:00+00:00,21423.152083818808
2025-04-05 06:00:00+00:00,21423.152083818808
2025-04-05 08:00:00+00:00,21423.152083818808
2025-04-05 10:00:00+00:00,21423.152083818808
2025-04-05 12:00:00+00:00,21423.152083818808
2025-04-05 14:00:00+00:00,21423.152083818808
2025-04-05 16:00:00+00:00,21423.152083818808
2025-04-05 18:00:00+00:00,21423.152083818808
2025-04-05 20:00:00+00:00,21423.152083818808
2025-04-05 22:00:00+00:00,21423.152083818808
2025-04-06 00:00:00+00:00,21423.152083818808
2025-04-06 02:00:00+00:00,21423.152083818808
2025-04-06 04:00:00+00:00,21423.152083818808
2025-04-06 06:00:00+00:00,21423.152083818808
2025-04-06 08:00:00+00:00,21423.152083818808
2025-04-06 10:00:00+00:00,21423.152083818808
2025-04-06 12:00:00+00:00,21423.152083818808
2025-04-06 14:00:00+00:00,21423.152083818808
2025-04-06 16:00:00+00:00,21423.152083818808
2025-04-06 18:00:00+00:00,21423.152083818808
2025-04-06 20:00:00+00:00,21423.152083818808
2025-04-06 22:00:00+00:00,21423.152083818808
2025-04-07 00:00:00+00:00,21423.152083818808
2025-04-07 02:00:00+00:00,21423.152083818808
2025-04-07 04:00:00+00:00,21423.152083818808
2025-04-07 06:00:00+00:00,21423.152083818808
2025-04-07 08:00:00+00:00,21423.152083818808
2025-04-07 10:00:00+00:00,21423.152083818808
2025-04-07 12:00:00+00:00,21423.152083818808
2025-04-07 14:00:00+00:00,21423.152083818808
2025-04-07 16:00:00+00:00,21423.152083818808
2025-04-07 18:00:00+00:00,21423.152083818808
2025-04-07 20:00:00+00:00,21423.152083818808
2025-04-07 22:00:00+00:00,21423.152083818808
2025-04-08 00:00:00+00:00,21423.152083818808
2025-04-08 02:00:00+00:00,21423.152083818808
2025-04-08 04:00:00+00:00,21423.152083818808
2025-04-08 06:00:00+00:00,21423.152083818808
2025-04-08 08:00:00+00:00,21423.152083818808
2025-04-08 10:00:00+00:00,21423.152083818808
2025-04-08 12:00:00+00:00,21423.152083818808
2025-04-08 14:00:00+00:00,21423.152083818808
2025-04-08 16:00:00+00:00,21423.152083818808
2025-04-08 18:00:00+00:00,21423.152083818808
2025-04-08 20:00:00+00:00,21423.152083818808
2025-04-08 22:00:00+00:00,21423.152083818808
2025-04-09 00:00:00+00:00,21423.152083818808
2025-04-09 02:00:00+00:00,21423.152083818808
2025-04-09 04:00:00+00:00,21423.152083818808
2025-04-09 06:00:00+00:00,21423.152083818808
2025-04-09 08:00:00+00:00,21423.152083818808
2025-04-09 10:00:00+00:00,21423.152083818808
2025-04-09 12:00:00+00:00,21423.152083818808
2025-04-09 14:00:00+00:00,21423.152083818808
2025-04-09 16:00:00+00:00,21423.152083818808
2025-04-09 18:00:00+00:00,21423.152083818808
2025-04-09 20:00:00+00:00,21423.152083818808
2025-04-09 22:00:00+00:00,21423.152083818808
2025-04-10 00:00:00+00:00,21423.152083818808
2025-04-10 02:00:00+00:00,21423.152083818808
2025-04-10 04:00:00+00:00,21423.152083818808
2025-04-10 06:00:00+00:00,21423.152083818808
2025-04-10 08:00:00+00:00,21423.152083818808
2025-04-10 10:00:00+00:00,21423.152083818808
2025-04-10 12:00:00+00:00,21423.152083818808
2025-04-10 14:00:00+00:00,21423.152083818808
2025-04-10 16:00:00+00:00,21423.152083818808
2025-04-10 18:00:00+00:00,21423.152083818808
2025-04-10 20:00:00+00:00,21423.152083818808
2025-04-10 22:00:00+00:00,21423.152083818808
2025-04-11 00:00:00+00:00,21423.152083818808
2025-04-11 02:00:00+00:00,21423.152083818808
2025-04-11 04:00:00+00:00,21423.152083818808
2025-04-11 06:00:00+00:00,21423.152083818808
2025-04-11 08:00:00+00:00,21423.152083818808
2025-04-11 10:00:00+00:00,21423.152083818808
2025-04-11 12:00:00+00:00,21423.152083818808
2025-04-11 14:00:00+00:00,21423.152083818808
2025-04-11 16:00:00+00:00,21423.152083818808
2025-04-11 18:00:00+00:00,21423.152083818808
2025-04-11 20:00:00+00:00,21423.152083818808
2025-04-11 22:00:00+00:00,21423.152083818808
2025-04-12 00:00:00+00:00,21423.152083818808
2025-04-12 02:00:00+00:00,21423.152083818808
2025-04-12 04:00:00+00:00,21423.152083818808
2025-04-12 06:00:00+00:00,21423.152083818808
2025-04-12 08:00:00+00:00,21423.152083818808
2025-04-12 10:00:00+00:00,21423.152083818808
2025-04-12 12:00:00+00:00,21423.152083818808
2025-04-12 14:00:00+00:00,21423.152083818808
2025-04-12 16:00:00+00:00,21423.152083818808
2025-04-12 18:00:00+00:00,21423.152083818808
2025-04-12 20:00:00+00:00,21423.152083818808
2025-04-12 22:00:00+00:00,21423.152083818808
2025-04-13 00:00:00+00:00,21423.152083818808
2025-04-13 02:00:00+00:00,21423.152083818808
2025-04-13 04:00:00+00:00,21423.152083818808
2025-04-13 06:00:00+00:00,21423.152083818808
2025-04-13 08:00:00+00:00,21423.152083818808
2025-04-13 10:00:00+00:00,21423.152083818808
2025-04-13 12:00:00+00:00,21423.152083818808
2025-04-13 14:00:00+00:00,21423.152083818808
2025-04-13 16:00:00+00:00,21423.152083818808
2025-04-13 18:00:00+00:00,21423.152083818808
2025-04-13 20:00:00+00:00,21423.152083818808
2025-04-13 22:00:00+00:00,21423.152083818808
2025-04-14 00:00:00+00:00,21423.152083818808
2025-04-14 02:00:00+00:00,21423.152083818808
2025-04-14 04:00:00+00:00,21423.152083818808
2025-04-14 06:00:00+00:00,21423.152083818808
2025-04-14 08:00:00+00:00,21423.152083818808
2025-04-14 10:00:00+00:00,21423.152083818808
2025-04-14 12:00:00+00:00,21423.152083818808
2025-04-14 14:00:00+00:00,21423.152083818808
2025-04-14 16:00:00+00:00,21423.152083818808
2025-04-14 18:00:00+00:00,21423.152083818808
2025-04-14 20:00:00+00:00,21423.152083818808
2025-04-14 22:00:00+00:00,21423.152083818808
2025-04-15 00:00:00+00:00,21423.152083818808
2025-04-15 02:00:00+00:00,21423.152083818808
2025-04-15 04:00:00+00:00,21423.152083818808
2025-04-15 06:00:00+00:00,21423.152083818808
2025-04-15 08:00:00+00:00,21423.152083818808
2025-04-15 10:00:00+00:00,21423.152083818808
2025-04-15 12:00:00+00:00,21423.152083818808
2025-04-15 14:00:00+00:00,21423.152083818808
2025-04-15 16:00:00+00:00,21423.152083818808
2025-04-15 18:00:00+00:00,21423.152083818808
2025-04-15 20:00:00+00:00,21423.152083818808
2025-04-15 22:00:00+00:00,21423.152083818808
2025-04-16 00:00:00+00:00,21423.152083818808
2025-04-16 02:00:00+00:00,21423.152083818808
2025-04-16 04:00:00+00:00,21423.152083818808
2025-04-16 06:00:00+00:00,21423.152083818808
2025-04-16 08:00:00+00:00,21423.152083818808
2025-04-16 10:00:00+00:00,21423.152083818808
2025-04-16 12:00:00+00:00,21423.152083818808
2025-04-16 14:00:00+00:00,21423.152083818808
2025-04-16 16:00:00+00:00,21423.152083818808
2025-04-16 18:00:00+00:00,21423.152083818808
2025-04-16 20:00:00+00:00,21423.152083818808
2025-04-16 22:00:00+00:00,21423.152083818808
2025-04-17 00:00:00+00:00,21423.152083818808
2025-04-17 02:00:00+00:00,21423.152083818808
2025-04-17 04:00:00+00:00,21423.152083818808
2025-04-17 06:00:00+00:00,21423.152083818808
2025-04-17 08:00:00+00:00,21423.152083818808
2025-04-17 10:00:00+00:00,21423.152083818808
2025-04-17 12:00:00+00:00,21423.152083818808
2025-04-17 14:00:00+00:00,21423.152083818808
2025-04-17 16:00:00+00:00,21423.152083818808
2025-04-17 18:00:00+00:00,21423.152083818808
2025-04-17 20:00:00+00:00,21423.152083818808
2025-04-17 22:00:00+00:00,21423.152083818808
2025-04-18 00:00:00+00:00,21423.152083818808
2025-04-18 02:00:00+00:00,21423.152083818808
2025-04-18 04:00:00+00:00,21423.152083818808
2025-04-18 06:00:00+00:00,21423.152083818808
2025-04-18 08:00:00+00:00,21423.152083818808
2025-04-18 10:00:00+00:00,21423.152083818808
2025-04-18 12:00:00+00:00,21423.152083818808
2025-04-18 14:00:00+00:00,21423.152083818808
2025-04-18 16:00:00+00:00,21423.152083818808
2025-04-18 18:00:00+00:00,21423.152083818808
2025-04-18 20:00:00+00:00,21423.152083818808
2025-04-18 22:00:00+00:00,21423.152083818808
2025-04-19 00:00:00+00:00,21423.152083818808
2025-04-19 02:00:00+00:00,21423.152083818808
2025-04-19 04:00:00+00:00,21423.152083818808
2025-04-19 06:00:00+00:00,21423.152083818808
2025-04-19 08:00:00+00:00,21423.152083818808
2025-04-19 10:00:00+00:00,21423.152083818808
2025-04-19 12:00:00+00:00,21423.152083818808
2025-04-19 14:00:00+00:00,21423.152083818808
2025-04-19 16:00:00+00:00,21423.152083818808
2025-04-19 18:00:00+00:00,21423.152083818808
2025-04-19 20:00:00+00:00,21423.152083818808
2025-04-19 22:00:00+00:00,21423.152083818808
2025-04-20 00:00:00+00:00,21423.152083818808
2025-04-20 02:00:00+00:00,21423.152083818808
2025-04-20 04:00:00+00:00,21423.152083818808
2025-04-20 06:00:00+00:00,21423.152083818808
2025-04-20 08:00:00+00:00,21423.152083818808
2025-04-20 10:00:00+00:00,21423.152083818808
2025-04-20 12:00:00+00:00,21423.152083818808
2025-04-20 14:00:00+00:00,21423.152083818808
2025-04-20 16:00:00+00:00,21423.152083818808
2025-04-20 18:00:00+00:00,21423.152083818808
2025-04-20 20:00:00+00:00,21423.152083818808
2025-04-20 22:00:00+00:00,21423.152083818808
2025-04-21 00:00:00+00:00,21423.152083818808
2025-04-21 02:00:00+00:00,21423.152083818808
2025-04-21 04:00:00+00:00,21423.152083818808
2025-04-21 06:00:00+00:00,21423.152083818808
2025-04-21 08:00:00+00:00,21423.152083818808
2025-04-21 10:00:00+00:00,21423.152083818808
2025-04-21 12:00:00+00:00,21423.152083818808
2025-04-21 14:00:00+00:00,21423.152083818808
2025-04-21 16:00:00+00:00,21423.152083818808
2025-04-21 18:00:00+00:00,21423.152083818808
2025-04-21 20:00:00+00:00,21423.152083818808
2025-04-21 22:00:00+00:00,21423.152083818808
2025-04-22 00:00:00+00:00,21423.152083818808
2025-04-22 02:00:00+00:00,21423.152083818808
2025-04-22 04:00:00+00:00,21423.152083818808
2025-04-22 06:00:00+00:00,21423.152083818808
2025-04-22 08:00:00+00:00,21423.152083818808
2025-04-22 10:00:00+00:00,21423.152083818808
2025-04-22 12:00:00+00:00,21423.152083818808
2025-04-22 14:00:00+00:00,21423.152083818808
2025-04-22 16:00:00+00:00,21423.152083818808
2025-04-22 18:00:00+00:00,21423.152083818808
2025-04-22 20:00:00+00:00,21423.152083818808
2025-04-22 22:00:00+00:00,21423.152083818808
2025-04-23 00:00:00+00:00,21423.152083818808
2025-04-23 02:00:00+00:00,21639.623486379412
2025-04-23 04:00:00+00:00,21772.61248843332
2025-04-23 06:00:00+00:00,22039.5541809618
2025-04-23 08:00:00+00:00,21999.766377137166
2025-04-23 10:00:00+00:00,21868.704751924626
2025-04-23 12:00:00+00:00,21429.262832094344
2025-04-23 14:00:00+00:00,21443.71815840455
2025-04-23 16:00:00+00:00,21536.015031419854
2025-04-23 18:00:00+00:00,21400.13496410391
2025-04-23 20:00:00+00:00,21508.06806722012
2025-04-23 22:00:00+00:00,21510.95913248216
2025-04-24 00:00:00+00:00,21463.514245942166
2025-04-24 02:00:00+00:00,21055.87404399434
2025-04-24 04:00:00+00:00,20977.06498164884
2025-04-24 06:00:00+00:00,20977.06498164884
2025-04-24 08:00:00+00:00,20977.06498164884
2025-04-24 10:00:00+00:00,20977.06498164884
2025-04-24 12:00:00+00:00,20977.06498164884
2025-04-24 14:00:00+00:00,20977.06498164884
2025-04-24 16:00:00+00:00,20977.06498164884
2025-04-24 18:00:00+00:00,20977.06498164884
2025-04-24 20:00:00+00:00,20977.06498164884
2025-04-24 22:00:00+00:00,20977.06498164884
2025-04-25 00:00:00+00:00,20977.06498164884
2025-04-25 02:00:00+00:00,20977.06498164884
2025-04-25 04:00:00+00:00,20977.06498164884
2025-04-25 06:00:00+00:00,20977.06498164884
2025-04-25 08:00:00+00:00,20977.06498164884
2025-04-25 10:00:00+00:00,20977.06498164884
2025-04-25 12:00:00+00:00,20977.06498164884
2025-04-25 14:00:00+00:00,20977.06498164884
2025-04-25 16:00:00+00:00,20977.06498164884
2025-04-25 18:00:00+00:00,20977.06498164884
2025-04-25 20:00:00+00:00,20977.06498164884
2025-04-25 22:00:00+00:00,20977.06498164884
2025-04-26 00:00:00+00:00,20977.06498164884
2025-04-26 02:00:00+00:00,20977.06498164884
2025-04-26 04:00:00+00:00,20977.06498164884
2025-04-26 06:00:00+00:00,20977.06498164884
2025-04-26 08:00:00+00:00,20977.06498164884
2025-04-26 10:00:00+00:00,20977.06498164884
2025-04-26 12:00:00+00:00,20977.06498164884
2025-04-26 14:00:00+00:00,20977.06498164884
2025-04-26 16:00:00+00:00,20977.06498164884
2025-04-26 18:00:00+00:00,20977.06498164884
2025-04-26 20:00:00+00:00,20977.06498164884
2025-04-26 22:00:00+00:00,20977.06498164884
2025-04-27 00:00:00+00:00,20693.109790274066
2025-04-27 02:00:00+00:00,20903.41512036177
2025-04-27 04:00:00+00:00,20716.4770491727
2025-04-27 06:00:00+00:00,20809.01139441129
2025-04-27 08:00:00+00:00,20948.0423997634
2025-04-27 10:00:00+00:00,20610.619181267128
2025-04-27 12:00:00+00:00,20673.243435115466
2025-04-27 14:00:00+00:00,20415.058505552952
2025-04-27 16:00:00+00:00,20415.058505552952
2025-04-27 18:00:00+00:00,20415.058505552952
2025-04-27 20:00:00+00:00,20415.058505552952
2025-04-27 22:00:00+00:00,20415.058505552952
2025-04-28 00:00:00+00:00,20415.058505552952
2025-04-28 02:00:00+00:00,20415.058505552952
2025-04-28 04:00:00+00:00,20415.058505552952
2025-04-28 06:00:00+00:00,20415.058505552952
2025-04-28 08:00:00+00:00,20415.058505552952
2025-04-28 10:00:00+00:00,20415.058505552952
2025-04-28 12:00:00+00:00,20415.058505552952
2025-04-28 14:00:00+00:00,20415.058505552952
2025-04-28 16:00:00+00:00,20415.058505552952
2025-04-28 18:00:00+00:00,20415.058505552952
2025-04-28 20:00:00+00:00,20415.058505552952
2025-04-28 22:00:00+00:00,20415.058505552952
2025-04-29 00:00:00+00:00,20415.058505552952
2025-04-29 02:00:00+00:00,20415.058505552952
2025-04-29 04:00:00+00:00,20415.058505552952
2025-04-29 06:00:00+00:00,20415.058505552952
2025-04-29 08:00:00+00:00,20415.058505552952
2025-04-29 10:00:00+00:00,20415.058505552952
2025-04-29 12:00:00+00:00,20286.846738960365
2025-04-29 14:00:00+00:00,20245.4168273083
2025-04-29 16:00:00+00:00,20348.347969744325
2025-04-29 18:00:00+00:00,20112.657805679253
2025-04-29 20:00:00+00:00,19828.391577882958
2025-04-29 22:00:00+00:00,19828.391577882958
2025-04-30 00:00:00+00:00,19828.391577882958
2025-04-30 02:00:00+00:00,19828.391577882958
2025-04-30 04:00:00+00:00,19828.391577882958
2025-04-30 06:00:00+00:00,19828.391577882958
2025-04-30 08:00:00+00:00,19828.391577882958
2025-04-30 10:00:00+00:00,19828.391577882958
2025-04-30 12:00:00+00:00,19828.391577882958
2025-04-30 14:00:00+00:00,19828.391577882958
2025-04-30 16:00:00+00:00,19828.391577882958
2025-04-30 18:00:00+00:00,19828.391577882958
2025-04-30 20:00:00+00:00,19828.391577882958
2025-04-30 22:00:00+00:00,19828.391577882958
2025-05-01 00:00:00+00:00,19828.391577882958
2025-05-01 02:00:00+00:00,19828.391577882958
2025-05-01 04:00:00+00:00,19828.391577882958
2025-05-01 06:00:00+00:00,19828.391577882958
2025-05-01 08:00:00+00:00,19828.391577882958
2025-05-01 10:00:00+00:00,19828.391577882958
2025-05-01 12:00:00+00:00,19828.391577882958
2025-05-01 14:00:00+00:00,19828.391577882958
2025-05-01 16:00:00+00:00,19828.391577882958
2025-05-01 18:00:00+00:00,19828.391577882958
2025-05-01 20:00:00+00:00,19828.391577882958
2025-05-01 22:00:00+00:00,19828.391577882958
2025-05-02 00:00:00+00:00,19828.391577882958
2025-05-02 02:00:00+00:00,19873.89598407248
2025-05-02 04:00:00+00:00,19622.270393892937
2025-05-02 06:00:00+00:00,19308.00843637329
2025-05-02 08:00:00+00:00,19308.00843637329
2025-05-02 10:00:00+00:00,19308.00843637329
2025-05-02 12:00:00+00:00,19308.00843637329
2025-05-02 14:00:00+00:00,19308.00843637329
2025-05-02 16:00:00+00:00,19308.00843637329
2025-05-02 18:00:00+00:00,19308.00843637329
2025-05-02 20:00:00+00:00,19308.00843637329
2025-05-02 22:00:00+00:00,19308.00843637329
2025-05-03 00:00:00+00:00,19308.00843637329
2025-05-03 02:00:00+00:00,19308.00843637329
2025-05-03 04:00:00+00:00,19308.00843637329
2025-05-03 06:00:00+00:00,19308.00843637329
2025-05-03 08:00:00+00:00,19308.00843637329
2025-05-03 10:00:00+00:00,19308.00843637329
2025-05-03 12:00:00+00:00,19308.00843637329
2025-05-03 14:00:00+00:00,19308.00843637329
2025-05-03 16:00:00+00:00,19308.00843637329
2025-05-03 18:00:00+00:00,19308.00843637329
2025-05-03 20:00:00+00:00,19308.00843637329
2025-05-03 22:00:00+00:00,19308.00843637329
2025-05-04 00:00:00+00:00,19308.00843637329
2025-05-04 02:00:00+00:00,19308.00843637329
2025-05-04 04:00:00+00:00,19308.00843637329
2025-05-04 06:00:00+00:00,19308.00843637329
2025-05-04 08:00:00+00:00,19308.00843637329
2025-05-04 10:00:00+00:00,19308.00843637329
2025-05-04 12:00:00+00:00,19308.00843637329
2025-05-04 14:00:00+00:00,19308.00843637329
2025-05-04 16:00:00+00:00,19308.00843637329
2025-05-04 18:00:00+00:00,19308.00843637329
2025-05-04 20:00:00+00:00,19308.00843637329
2025-05-04 22:00:00+00:00,19308.00843637329
2025-05-05 00:00:00+00:00,19308.00843637329
2025-05-05 02:00:00+00:00,19308.00843637329
2025-05-05 04:00:00+00:00,19308.00843637329
2025-05-05 06:00:00+00:00,19308.00843637329
2025-05-05 08:00:00+00:00,19308.00843637329
2025-05-05 10:00:00+00:00,19308.00843637329
2025-05-05 12:00:00+00:00,19308.00843637329
2025-05-05 14:00:00+00:00,19308.00843637329
2025-05-05 16:00:00+00:00,19308.00843637329
2025-05-05 18:00:00+00:00,19308.00843637329
2025-05-05 20:00:00+00:00,19308.00843637329
2025-05-05 22:00:00+00:00,19308.00843637329
2025-05-06 00:00:00+00:00,19308.00843637329
2025-05-06 02:00:00+00:00,19308.00843637329
2025-05-06 04:00:00+00:00,19308.00843637329
2025-05-06 06:00:00+00:00,19308.00843637329
2025-05-06 08:00:00+00:00,19308.00843637329
2025-05-06 10:00:00+00:00,19308.00843637329
2025-05-06 12:00:00+00:00,19308.00843637329
2025-05-06 14:00:00+00:00,19308.00843637329
2025-05-06 16:00:00+00:00,19308.00843637329
2025-05-06 18:00:00+00:00,19308.00843637329
2025-05-06 20:00:00+00:00,19308.00843637329
2025-05-06 22:00:00+00:00,19308.00843637329
2025-05-07 00:00:00+00:00,19308.00843637329
2025-05-07 02:00:00+00:00,19308.00843637329
2025-05-07 04:00:00+00:00,19308.00843637329
2025-05-07 06:00:00+00:00,19308.00843637329
2025-05-07 08:00:00+00:00,19308.00843637329
2025-05-07 10:00:00+00:00,19308.00843637329
2025-05-07 12:00:00+00:00,19308.00843637329
2025-05-07 14:00:00+00:00,19308.00843637329
2025-05-07 16:00:00+00:00,19308.00843637329
2025-05-07 18:00:00+00:00,19308.00843637329
2025-05-07 20:00:00+00:00,19308.00843637329
2025-05-07 22:00:00+00:00,19308.00843637329
2025-05-08 00:00:00+00:00,19308.00843637329
2025-05-08 02:00:00+00:00,19308.00843637329
2025-05-08 04:00:00+00:00,19308.00843637329
2025-05-08 06:00:00+00:00,19621.517838545038
2025-05-08 08:00:00+00:00,19816.28858329541
2025-05-08 10:00:00+00:00,19690.153616139498
2025-05-08 12:00:00+00:00,19502.833776855714
2025-05-08 14:00:00+00:00,19939.59963327619
2025-05-08 16:00:00+00:00,19996.908020167186
2025-05-08 18:00:00+00:00,20159.75391059982
2025-05-08 20:00:00+00:00,20553.219703668266
2025-05-08 22:00:00+00:00,20845.965784156993
2025-05-09 00:00:00+00:00,21055.674674241523
2025-05-09 02:00:00+00:00,20761.987288027754
2025-05-09 04:00:00+00:00,20976.604993337816
2025-05-09 06:00:00+00:00,21654.345115369597
2025-05-09 08:00:00+00:00,21705.833408962644
2025-05-09 10:00:00+00:00,22141.657959658078
2025-05-09 12:00:00+00:00,22186.840634460197
2025-05-09 14:00:00+00:00,21773.60742116582
2025-05-09 16:00:00+00:00,21929.56850739491
2025-05-09 18:00:00+00:00,21730.011693685556
2025-05-09 20:00:00+00:00,21744.131279561218
2025-05-09 22:00:00+00:00,21890.033666943054
2025-05-10 00:00:00+00:00,21942.43935709573
2025-05-10 02:00:00+00:00,22095.87219027792
2025-05-10 04:00:00+00:00,22409.32699671762
2025-05-10 06:00:00+00:00,22735.018777582893
2025-05-10 08:00:00+00:00,22949.243958405612
2025-05-10 10:00:00+00:00,22626.37609471547
2025-05-10 12:00:00+00:00,23061.25933968586
2025-05-10 14:00:00+00:00,22926.65262100455
2025-05-10 16:00:00+00:00,23019.430443051504
2025-05-10 18:00:00+00:00,23064.613117853627
2025-05-10 20:00:00+00:00,23992.740562747145
2025-05-10 22:00:00+00:00,24277.956197435517
2025-05-11 00:00:00+00:00,23672.149811736457
2025-05-11 02:00:00+00:00,23786.989110191844
2025-05-11 04:00:00+00:00,23754.0434098153
2025-05-11 06:00:00+00:00,23175.58791254929
2025-05-11 08:00:00+00:00,23175.58791254929
2025-05-11 10:00:00+00:00,23175.58791254929
2025-05-11 12:00:00+00:00,23175.58791254929
2025-05-11 14:00:00+00:00,23175.58791254929
2025-05-11 16:00:00+00:00,23175.58791254929
2025-05-11 18:00:00+00:00,23175.58791254929
2025-05-11 20:00:00+00:00,23175.58791254929
2025-05-11 22:00:00+00:00,23175.58791254929
2025-05-12 00:00:00+00:00,23175.58791254929
2025-05-12 02:00:00+00:00,23175.58791254929
2025-05-12 04:00:00+00:00,23175.58791254929
2025-05-12 06:00:00+00:00,23175.58791254929
2025-05-12 08:00:00+00:00,23175.58791254929
2025-05-12 10:00:00+00:00,23175.58791254929
2025-05-12 12:00:00+00:00,23175.58791254929
2025-05-12 14:00:00+00:00,23175.58791254929
2025-05-12 16:00:00+00:00,23175.58791254929
2025-05-12 18:00:00+00:00,23175.58791254929
2025-05-12 20:00:00+00:00,23175.58791254929
2025-05-12 22:00:00+00:00,23175.58791254929
2025-05-13 00:00:00+00:00,23175.58791254929
2025-05-13 02:00:00+00:00,23175.58791254929
2025-05-13 04:00:00+00:00,23175.58791254929
2025-05-13 06:00:00+00:00,23175.58791254929
2025-05-13 08:00:00+00:00,23175.58791254929
2025-05-13 10:00:00+00:00,23175.58791254929
2025-05-13 12:00:00+00:00,23175.58791254929
2025-05-13 14:00:00+00:00,23175.58791254929
2025-05-13 16:00:00+00:00,23451.71837840965
2025-05-13 18:00:00+00:00,23976.64591520552
2025-05-13 20:00:00+00:00,23988.723893928258
2025-05-13 22:00:00+00:00,23886.525612428177
2025-05-14 00:00:00+00:00,24067.164884188245
2025-05-14 02:00:00+00:00,24239.97288745202
2025-05-14 04:00:00+00:00,24584.659818693202
2025-05-14 06:00:00+00:00,24171.221316261053
2025-05-14 08:00:00+00:00,23822.25905927461
2025-05-14 10:00:00+00:00,24069.393085447533
2025-05-14 12:00:00+00:00,23850.131317865536
2025-05-14 14:00:00+00:00,23468.22589610268
2025-05-14 16:00:00+00:00,23468.22589610268
2025-05-14 18:00:00+00:00,23468.22589610268
2025-05-14 20:00:00+00:00,23468.22589610268
2025-05-14 22:00:00+00:00,23468.22589610268
2025-05-15 00:00:00+00:00,23468.22589610268
2025-05-15 02:00:00+00:00,23468.22589610268
2025-05-15 04:00:00+00:00,23468.22589610268
2025-05-15 06:00:00+00:00,23468.22589610268
2025-05-15 08:00:00+00:00,23468.22589610268
2025-05-15 10:00:00+00:00,23468.22589610268
2025-05-15 12:00:00+00:00,23468.22589610268
2025-05-15 14:00:00+00:00,23468.22589610268
2025-05-15 16:00:00+00:00,23468.22589610268
2025-05-15 18:00:00+00:00,23468.22589610268
2025-05-15 20:00:00+00:00,23468.22589610268
2025-05-15 22:00:00+00:00,23468.22589610268
2025-05-16 00:00:00+00:00,23468.22589610268
2025-05-16 02:00:00+00:00,23468.22589610268
2025-05-16 04:00:00+00:00,23468.22589610268
2025-05-16 06:00:00+00:00,23468.22589610268
2025-05-16 08:00:00+00:00,23468.22589610268
2025-05-16 10:00:00+00:00,23468.22589610268
2025-05-16 12:00:00+00:00,23468.22589610268
2025-05-16 14:00:00+00:00,23468.22589610268
2025-05-16 16:00:00+00:00,23468.22589610268
2025-05-16 18:00:00+00:00,23468.22589610268
2025-05-16 20:00:00+00:00,23468.22589610268
2025-05-16 22:00:00+00:00,23468.22589610268
2025-05-17 00:00:00+00:00,23468.22589610268
2025-05-17 02:00:00+00:00,23468.22589610268
2025-05-17 04:00:00+00:00,23468.22589610268
2025-05-17 06:00:00+00:00,23468.22589610268
2025-05-17 08:00:00+00:00,23468.22589610268
2025-05-17 10:00:00+00:00,23468.22589610268
2025-05-17 12:00:00+00:00,23468.22589610268
2025-05-17 14:00:00+00:00,23468.22589610268
2025-05-17 16:00:00+00:00,23468.22589610268
2025-05-17 18:00:00+00:00,23468.22589610268
2025-05-17 20:00:00+00:00,23468.22589610268
2025-05-17 22:00:00+00:00,23468.22589610268
2025-05-18 00:00:00+00:00,23468.22589610268
2025-05-18 02:00:00+00:00,23468.22589610268
2025-05-18 04:00:00+00:00,23468.22589610268
2025-05-18 06:00:00+00:00,23468.22589610268
2025-05-18 08:00:00+00:00,23468.22589610268
2025-05-18 10:00:00+00:00,23468.22589610268
2025-05-18 12:00:00+00:00,23468.22589610268
2025-05-18 14:00:00+00:00,23468.22589610268
2025-05-18 16:00:00+00:00,23468.22589610268
2025-05-18 18:00:00+00:00,23468.22589610268
2025-05-18 20:00:00+00:00,23468.22589610268
2025-05-18 22:00:00+00:00,23468.22589610268
2025-05-19 00:00:00+00:00,23468.22589610268
2025-05-19 02:00:00+00:00,23468.22589610268
2025-05-19 04:00:00+00:00,23468.22589610268
2025-05-19 06:00:00+00:00,23468.22589610268
2025-05-19 08:00:00+00:00,23468.22589610268
2025-05-19 10:00:00+00:00,23468.22589610268
2025-05-19 12:00:00+00:00,23468.22589610268
2025-05-19 14:00:00+00:00,23468.22589610268
2025-05-19 16:00:00+00:00,23468.22589610268
2025-05-19 18:00:00+00:00,23468.22589610268
2025-05-19 20:00:00+00:00,23468.22589610268
2025-05-19 22:00:00+00:00,23468.22589610268
2025-05-20 00:00:00+00:00,23468.22589610268
2025-05-20 02:00:00+00:00,23468.22589610268
2025-05-20 04:00:00+00:00,23468.22589610268
2025-05-20 06:00:00+00:00,23468.22589610268
2025-05-20 08:00:00+00:00,23468.22589610268
2025-05-20 10:00:00+00:00,23468.22589610268
2025-05-20 12:00:00+00:00,23468.22589610268
2025-05-20 14:00:00+00:00,23468.22589610268
2025-05-20 16:00:00+00:00,23468.22589610268
2025-05-20 18:00:00+00:00,23468.22589610268
2025-05-20 20:00:00+00:00,23468.22589610268
2025-05-20 22:00:00+00:00,23468.22589610268
2025-05-21 00:00:00+00:00,23468.22589610268
2025-05-21 02:00:00+00:00,23468.22589610268
2025-05-21 04:00:00+00:00,23663.569357564706
2025-05-21 06:00:00+00:00,23434.895666153643
2025-05-21 08:00:00+00:00,23290.150936332724
2025-05-21 10:00:00+00:00,23634.20089931937
2025-05-21 12:00:00+00:00,23637.31917692952
2025-05-21 14:00:00+00:00,24122.731058243004
2025-05-21 16:00:00+00:00,23453.913215120698
2025-05-21 18:00:00+00:00,23753.26786569518
2025-05-21 20:00:00+00:00,23578.64431952673
2025-05-21 22:00:00+00:00,24073.411033670665
2025-05-22 00:00:00+00:00,24297.91994086619
2025-05-22 02:00:00+00:00,24704.33545605585
2025-05-22 04:00:00+00:00,24747.991342597965
2025-05-22 06:00:00+00:00,25073.3316399237
2025-05-22 08:00:00+00:00,25440.859218979756
2025-05-22 10:00:00+00:00,26074.908999710427
2025-05-22 12:00:00+00:00,25824.40736502831
2025-05-22 14:00:00+00:00,26016.701150987614
2025-05-22 16:00:00+00:00,26126.35663045961
2025-05-22 18:00:00+00:00,26065.030504126644
2025-05-22 20:00:00+00:00,25835.31738684553
2025-05-22 22:00:00+00:00,26234.45692094484
2025-05-23 00:00:00+00:00,26323.301847187387
2025-05-23 02:00:00+00:00,26733.87506585725
2025-05-23 04:00:00+00:00,26425.165582452315
2025-05-23 06:00:00+00:00,26075.918490115422
2025-05-23 08:00:00+00:00,26949.545435691398
2025-05-23 10:00:00+00:00,25768.31396095718
2025-05-23 12:00:00+00:00,25768.31396095718
2025-05-23 14:00:00+00:00,25768.31396095718
2025-05-23 16:00:00+00:00,25768.31396095718
2025-05-23 18:00:00+00:00,25768.31396095718
2025-05-23 20:00:00+00:00,25768.31396095718
2025-05-23 22:00:00+00:00,25768.31396095718
2025-05-24 00:00:00+00:00,25768.31396095718
2025-05-24 02:00:00+00:00,25768.31396095718
2025-05-24 04:00:00+00:00,25768.31396095718
2025-05-24 06:00:00+00:00,25768.31396095718
2025-05-24 08:00:00+00:00,25768.31396095718
2025-05-24 10:00:00+00:00,25768.31396095718
2025-05-24 12:00:00+00:00,25768.31396095718
2025-05-24 14:00:00+00:00,25768.31396095718
2025-05-24 16:00:00+00:00,25768.31396095718
2025-05-24 18:00:00+00:00,25768.31396095718
2025-05-24 20:00:00+00:00,25768.31396095718
2025-05-24 22:00:00+00:00,25768.31396095718
2025-05-25 00:00:00+00:00,25768.31396095718
2025-05-25 02:00:00+00:00,25768.31396095718
2025-05-25 04:00:00+00:00,25768.31396095718
2025-05-25 06:00:00+00:00,25768.31396095718
2025-05-25 08:00:00+00:00,25768.31396095718
2025-05-25 10:00:00+00:00,25768.31396095718
2025-05-25 12:00:00+00:00,25768.31396095718
2025-05-25 14:00:00+00:00,25768.31396095718
2025-05-25 16:00:00+00:00,25768.31396095718
2025-05-25 18:00:00+00:00,25768.31396095718
2025-05-25 20:00:00+00:00,25768.31396095718
2025-05-25 22:00:00+00:00,25768.31396095718
2025-05-26 00:00:00+00:00,25768.31396095718
2025-05-26 02:00:00+00:00,25768.31396095718
2025-05-26 04:00:00+00:00,25768.31396095718
2025-05-26 06:00:00+00:00,25768.31396095718
2025-05-26 08:00:00+00:00,25400.437611556637
2025-05-26 10:00:00+00:00,25495.15512118912
2025-05-26 12:00:00+00:00,25079.863739395387
2025-05-26 14:00:00+00:00,25079.863739395387
2025-05-26 16:00:00+00:00,25079.863739395387
2025-05-26 18:00:00+00:00,25079.863739395387
2025-05-26 20:00:00+00:00,25079.863739395387
2025-05-26 22:00:00+00:00,25079.863739395387
2025-05-27 00:00:00+00:00,25079.863739395387
2025-05-27 02:00:00+00:00,25079.863739395387
2025-05-27 04:00:00+00:00,25079.863739395387
2025-05-27 06:00:00+00:00,24951.19427179589
2025-05-27 08:00:00+00:00,25106.152438569366
2025-05-27 10:00:00+00:00,25081.719644451037
2025-05-27 12:00:00+00:00,24917.06385800143
2025-05-27 14:00:00+00:00,24894.755654676
2025-05-27 16:00:00+00:00,25191.329730815276
2025-05-27 18:00:00+00:00,24856.70668093382
2025-05-27 20:00:00+00:00,24729.23123335993
2025-05-27 22:00:00+00:00,24813.15256967941
2025-05-28 00:00:00+00:00,24935.474282161027
2025-05-28 02:00:00+00:00,25023.6448000663
2025-05-28 04:00:00+00:00,24912.103783439146
2025-05-28 06:00:00+00:00,24717.703725888965
2025-05-28 08:00:00+00:00,24646.9711929682
2025-05-28 10:00:00+00:00,25012.400809346684
2025-05-28 12:00:00+00:00,24677.77775946522
2025-05-28 14:00:00+00:00,24309.432941069626
2025-05-28 16:00:00+00:00,24309.432941069626
2025-05-28 18:00:00+00:00,24309.432941069626
2025-05-28 20:00:00+00:00,24309.432941069626
2025-05-28 22:00:00+00:00,24309.432941069626
2025-05-29 00:00:00+00:00,24309.432941069626
2025-05-29 02:00:00+00:00,24657.41117871036
2025-05-29 04:00:00+00:00,24087.63345770259
2025-05-29 06:00:00+00:00,24170.195166828937
2025-05-29 08:00:00+00:00,23938.43996447769
2025-05-29 10:00:00+00:00,23859.95537678968
2025-05-29 12:00:00+00:00,23631.742872623086
2025-05-29 14:00:00+00:00,23631.742872623086
2025-05-29 16:00:00+00:00,23631.742872623086
2025-05-29 18:00:00+00:00,23631.742872623086
2025-05-29 20:00:00+00:00,23631.742872623086
2025-05-29 22:00:00+00:00,23631.742872623086
2025-05-30 00:00:00+00:00,23631.742872623086
2025-05-30 02:00:00+00:00,23631.742872623086
2025-05-30 04:00:00+00:00,23631.742872623086
2025-05-30 06:00:00+00:00,23631.742872623086
2025-05-30 08:00:00+00:00,23631.742872623086
2025-05-30 10:00:00+00:00,23631.742872623086
2025-05-30 12:00:00+00:00,23631.742872623086
2025-05-30 14:00:00+00:00,23631.742872623086
2025-05-30 16:00:00+00:00,23631.742872623086
2025-05-30 18:00:00+00:00,23631.742872623086
2025-05-30 20:00:00+00:00,23631.742872623086
2025-05-30 22:00:00+00:00,23631.742872623086
2025-05-31 00:00:00+00:00,23631.742872623086
2025-05-31 02:00:00+00:00,23631.742872623086
2025-05-31 04:00:00+00:00,23631.742872623086
2025-05-31 06:00:00+00:00,23631.742872623086
2025-05-31 08:00:00+00:00,23631.742872623086
2025-05-31 10:00:00+00:00,23631.742872623086
2025-05-31 12:00:00+00:00,23631.742872623086
2025-05-31 14:00:00+00:00,23631.742872623086
2025-05-31 16:00:00+00:00,23631.742872623086
2025-05-31 18:00:00+00:00,23631.742872623086
2025-05-31 20:00:00+00:00,23631.742872623086
2025-05-31 22:00:00+00:00,23631.742872623086
2025-06-01 00:00:00+00:00,23631.742872623086
2025-06-01 02:00:00+00:00,23631.742872623086
2025-06-01 04:00:00+00:00,23631.742872623086
2025-06-01 06:00:00+00:00,23631.742872623086
2025-06-01 08:00:00+00:00,23631.742872623086
2025-06-01 10:00:00+00:00,23631.742872623086
2025-06-01 12:00:00+00:00,23631.742872623086
2025-06-01 14:00:00+00:00,23631.742872623086
2025-06-01 16:00:00+00:00,23631.742872623086
2025-06-01 18:00:00+00:00,23631.742872623086
2025-06-01 20:00:00+00:00,23631.742872623086
2025-06-01 22:00:00+00:00,23631.742872623086
2025-06-02 00:00:00+00:00,23631.742872623086
2025-06-02 02:00:00+00:00,23631.742872623086
2025-06-02 04:00:00+00:00,23631.742872623086
2025-06-02 06:00:00+00:00,23631.742872623086
2025-06-02 08:00:00+00:00,23631.742872623086
2025-06-02 10:00:00+00:00,23631.742872623086
2025-06-02 12:00:00+00:00,23631.742872623086
2025-06-02 14:00:00+00:00,23631.742872623086
2025-06-02 16:00:00+00:00,23631.742872623086
2025-06-02 18:00:00+00:00,23631.742872623086
2025-06-02 20:00:00+00:00,23631.742872623086
2025-06-02 22:00:00+00:00,23631.742872623086
2025-06-03 00:00:00+00:00,23631.742872623086
2025-06-03 02:00:00+00:00,23170.52253480242
2025-06-03 04:00:00+00:00,23040.842470930646
2025-06-03 06:00:00+00:00,23040.842470930646
2025-06-03 08:00:00+00:00,23040.842470930646
2025-06-03 10:00:00+00:00,23040.842470930646
2025-06-03 12:00:00+00:00,23040.842470930646
2025-06-03 14:00:00+00:00,23040.842470930646
2025-06-03 16:00:00+00:00,23040.842470930646
2025-06-03 18:00:00+00:00,23040.842470930646
2025-06-03 20:00:00+00:00,23040.842470930646
2025-06-03 22:00:00+00:00,23040.842470930646
2025-06-04 00:00:00+00:00,23040.842470930646
2025-06-04 02:00:00+00:00,23040.842470930646
2025-06-04 04:00:00+00:00,23040.842470930646
2025-06-04 06:00:00+00:00,23040.842470930646
2025-06-04 08:00:00+00:00,23040.842470930646
2025-06-04 10:00:00+00:00,23040.842470930646
2025-06-04 12:00:00+00:00,23040.842470930646
2025-06-04 14:00:00+00:00,23040.842470930646
2025-06-04 16:00:00+00:00,23040.842470930646
2025-06-04 18:00:00+00:00,23040.842470930646
2025-06-04 20:00:00+00:00,23040.842470930646
2025-06-04 22:00:00+00:00,23040.842470930646
2025-06-05 00:00:00+00:00,23040.842470930646
2025-06-05 02:00:00+00:00,23040.842470930646
2025-06-05 04:00:00+00:00,23040.842470930646
2025-06-05 06:00:00+00:00,23040.842470930646
2025-06-05 08:00:00+00:00,23040.842470930646
2025-06-05 10:00:00+00:00,23040.842470930646
2025-06-05 12:00:00+00:00,23040.842470930646
2025-06-05 14:00:00+00:00,23040.842470930646
2025-06-05 16:00:00+00:00,23040.842470930646
2025-06-05 18:00:00+00:00,23040.842470930646
2025-06-05 20:00:00+00:00,23040.842470930646
2025-06-05 22:00:00+00:00,23040.842470930646
2025-06-06 00:00:00+00:00,23040.842470930646
2025-06-06 02:00:00+00:00,23040.842470930646
2025-06-06 04:00:00+00:00,23040.842470930646
2025-06-06 06:00:00+00:00,23040.842470930646
2025-06-06 08:00:00+00:00,23040.842470930646
2025-06-06 10:00:00+00:00,23040.842470930646
2025-06-06 12:00:00+00:00,23040.842470930646
2025-06-06 14:00:00+00:00,23040.842470930646
2025-06-06 16:00:00+00:00,23040.842470930646
2025-06-06 18:00:00+00:00,23040.842470930646
2025-06-06 20:00:00+00:00,23040.842470930646
2025-06-06 22:00:00+00:00,23040.842470930646
2025-06-07 00:00:00+00:00,23040.842470930646
2025-06-07 02:00:00+00:00,23040.842470930646
2025-06-07 04:00:00+00:00,23040.842470930646
2025-06-07 06:00:00+00:00,23040.842470930646
2025-06-07 08:00:00+00:00,23059.492006440567
2025-06-07 10:00:00+00:00,23423.92358954946
2025-06-07 12:00:00+00:00,23357.055409162505
2025-06-07 14:00:00+00:00,23282.38594106374
2025-06-07 16:00:00+00:00,23049.679915311775
2025-06-07 18:00:00+00:00,23195.675442489955
2025-06-07 20:00:00+00:00,23230.224002356546
2025-06-07 22:00:00+00:00,23007.330067733372
2025-06-08 00:00:00+00:00,22895.21816267878
2025-06-08 02:00:00+00:00,22637.461069321285
2025-06-08 04:00:00+00:00,22637.461069321285
2025-06-08 06:00:00+00:00,22637.461069321285
2025-06-08 08:00:00+00:00,22637.461069321285
2025-06-08 10:00:00+00:00,22637.461069321285
2025-06-08 12:00:00+00:00,22637.461069321285
2025-06-08 14:00:00+00:00,22637.461069321285
2025-06-08 16:00:00+00:00,22637.461069321285
2025-06-08 18:00:00+00:00,22637.461069321285
2025-06-08 20:00:00+00:00,22637.461069321285
2025-06-08 22:00:00+00:00,22637.461069321285
2025-06-09 00:00:00+00:00,22637.461069321285
2025-06-09 02:00:00+00:00,22637.461069321285
2025-06-09 04:00:00+00:00,22637.461069321285
2025-06-09 06:00:00+00:00,22637.461069321285
2025-06-09 08:00:00+00:00,22637.461069321285
2025-06-09 10:00:00+00:00,22637.461069321285
2025-06-09 12:00:00+00:00,22637.461069321285
2025-06-09 14:00:00+00:00,22637.461069321285
2025-06-09 16:00:00+00:00,22637.461069321285
2025-06-09 18:00:00+00:00,22637.461069321285
2025-06-09 20:00:00+00:00,22637.461069321285
2025-06-09 22:00:00+00:00,22637.461069321285
2025-06-10 00:00:00+00:00,22637.461069321285
2025-06-10 02:00:00+00:00,22637.461069321285
2025-06-10 04:00:00+00:00,22637.461069321285
2025-06-10 06:00:00+00:00,22637.461069321285
2025-06-10 08:00:00+00:00,22637.461069321285
2025-06-10 10:00:00+00:00,22637.461069321285
2025-06-10 12:00:00+00:00,22637.461069321285
2025-06-10 14:00:00+00:00,22637.461069321285
2025-06-10 16:00:00+00:00,22637.461069321285
2025-06-10 18:00:00+00:00,22637.461069321285
2025-06-10 20:00:00+00:00,22637.461069321285
2025-06-10 22:00:00+00:00,22637.461069321285
2025-06-11 00:00:00+00:00,22637.461069321285
2025-06-11 02:00:00+00:00,22637.461069321285
2025-06-11 04:00:00+00:00,22637.461069321285
2025-06-11 06:00:00+00:00,22637.461069321285
2025-06-11 08:00:00+00:00,22637.461069321285
2025-06-11 10:00:00+00:00,22637.461069321285
2025-06-11 12:00:00+00:00,22637.461069321285
2025-06-11 14:00:00+00:00,22637.461069321285
2025-06-11 16:00:00+00:00,22637.461069321285
2025-06-11 18:00:00+00:00,22637.461069321285
2025-06-11 20:00:00+00:00,22637.461069321285
2025-06-11 22:00:00+00:00,22637.461069321285
2025-06-12 00:00:00+00:00,22637.461069321285
2025-06-12 02:00:00+00:00,22637.461069321285
2025-06-12 04:00:00+00:00,22637.461069321285
2025-06-12 06:00:00+00:00,22637.461069321285
2025-06-12 08:00:00+00:00,22637.461069321285
2025-06-12 10:00:00+00:00,22637.461069321285
2025-06-12 12:00:00+00:00,22637.461069321285
2025-06-12 14:00:00+00:00,22637.461069321285
2025-06-12 16:00:00+00:00,22637.461069321285
2025-06-12 18:00:00+00:00,22637.461069321285
2025-06-12 20:00:00+00:00,22637.461069321285
2025-06-12 22:00:00+00:00,22637.461069321285
2025-06-13 00:00:00+00:00,22637.461069321285
2025-06-13 02:00:00+00:00,22637.461069321285
2025-06-13 04:00:00+00:00,22637.461069321285
2025-06-13 06:00:00+00:00,22637.461069321285
2025-06-13 08:00:00+00:00,22637.461069321285
2025-06-13 10:00:00+00:00,22637.461069321285
2025-06-13 12:00:00+00:00,22637.461069321285
2025-06-13 14:00:00+00:00,22637.461069321285
2025-06-13 16:00:00+00:00,22637.461069321285
2025-06-13 18:00:00+00:00,22637.461069321285
2025-06-13 20:00:00+00:00,22637.461069321285
2025-06-13 22:00:00+00:00,22637.461069321285
2025-06-14 00:00:00+00:00,22637.461069321285
2025-06-14 02:00:00+00:00,22637.461069321285
2025-06-14 04:00:00+00:00,22637.461069321285
2025-06-14 06:00:00+00:00,22637.461069321285
2025-06-14 08:00:00+00:00,22637.461069321285
2025-06-14 10:00:00+00:00,22637.461069321285
2025-06-14 12:00:00+00:00,22637.461069321285
2025-06-14 14:00:00+00:00,22637.461069321285
2025-06-14 16:00:00+00:00,22637.461069321285
2025-06-14 18:00:00+00:00,22637.461069321285
2025-06-14 20:00:00+00:00,22637.461069321285
2025-06-14 22:00:00+00:00,22637.461069321285
2025-06-15 00:00:00+00:00,22637.461069321285
2025-06-15 02:00:00+00:00,22637.461069321285
2025-06-15 04:00:00+00:00,22637.461069321285
2025-06-15 06:00:00+00:00,22637.461069321285
2025-06-15 08:00:00+00:00,22637.461069321285
2025-06-15 10:00:00+00:00,22637.461069321285
2025-06-15 12:00:00+00:00,22637.461069321285
2025-06-15 14:00:00+00:00,22637.461069321285
2025-06-15 16:00:00+00:00,22637.461069321285
2025-06-15 18:00:00+00:00,22637.461069321285
2025-06-15 20:00:00+00:00,22637.461069321285
2025-06-15 22:00:00+00:00,22637.461069321285
2025-06-16 00:00:00+00:00,22637.461069321285
2025-06-16 02:00:00+00:00,22637.461069321285
2025-06-16 04:00:00+00:00,22637.461069321285
2025-06-16 06:00:00+00:00,22637.461069321285
2025-06-16 08:00:00+00:00,22520.33022803484
2025-06-16 10:00:00+00:00,22404.987765913567
2025-06-16 12:00:00+00:00,22526.040250912134
2025-06-16 14:00:00+00:00,22508.910182280262
2025-06-16 16:00:00+00:00,22496.760397657567
2025-06-16 18:00:00+00:00,22570.990695062348
2025-06-16 20:00:00+00:00,22650.93101534442
2025-06-16 22:00:00+00:00,22102.39417245091
2025-06-17 00:00:00+00:00,22102.39417245091
2025-06-17 02:00:00+00:00,22102.39417245091
2025-06-17 04:00:00+00:00,22102.39417245091
2025-06-17 06:00:00+00:00,22102.39417245091
2025-06-17 08:00:00+00:00,22102.39417245091
2025-06-17 10:00:00+00:00,22102.39417245091
2025-06-17 12:00:00+00:00,22102.39417245091
2025-06-17 14:00:00+00:00,22102.39417245091
2025-06-17 16:00:00+00:00,22102.39417245091
2025-06-17 18:00:00+00:00,22102.39417245091
2025-06-17 20:00:00+00:00,22102.39417245091
2025-06-17 22:00:00+00:00,22102.39417245091
2025-06-18 00:00:00+00:00,22102.39417245091
2025-06-18 02:00:00+00:00,22102.39417245091
2025-06-18 04:00:00+00:00,22102.39417245091
2025-06-18 06:00:00+00:00,22102.39417245091
2025-06-18 08:00:00+00:00,22102.39417245091
2025-06-18 10:00:00+00:00,22102.39417245091
2025-06-18 12:00:00+00:00,22102.39417245091
2025-06-18 14:00:00+00:00,22102.39417245091
2025-06-18 16:00:00+00:00,22102.39417245091
2025-06-18 18:00:00+00:00,22102.39417245091
2025-06-18 20:00:00+00:00,22102.39417245091
2025-06-18 22:00:00+00:00,22102.39417245091
2025-06-19 00:00:00+00:00,22102.39417245091
2025-06-19 02:00:00+00:00,22102.39417245091
2025-06-19 04:00:00+00:00,22102.39417245091
2025-06-19 06:00:00+00:00,22102.39417245091
2025-06-19 08:00:00+00:00,22102.39417245091
2025-06-19 10:00:00+00:00,22102.39417245091
2025-06-19 12:00:00+00:00,22102.39417245091
2025-06-19 14:00:00+00:00,22102.39417245091
2025-06-19 16:00:00+00:00,22102.39417245091
2025-06-19 18:00:00+00:00,22102.39417245091
2025-06-19 20:00:00+00:00,22102.39417245091
2025-06-19 22:00:00+00:00,22102.39417245091
2025-06-20 00:00:00+00:00,22102.39417245091
2025-06-20 02:00:00+00:00,22102.39417245091
2025-06-20 04:00:00+00:00,22102.39417245091
2025-06-20 06:00:00+00:00,22102.39417245091
2025-06-20 08:00:00+00:00,22102.39417245091
2025-06-20 10:00:00+00:00,22102.39417245091
2025-06-20 12:00:00+00:00,22102.39417245091
2025-06-20 14:00:00+00:00,22102.39417245091
2025-06-20 16:00:00+00:00,22102.39417245091
2025-06-20 18:00:00+00:00,22102.39417245091
2025-06-20 20:00:00+00:00,22102.39417245091
2025-06-20 22:00:00+00:00,22102.39417245091
2025-06-21 00:00:00+00:00,22102.39417245091
2025-06-21 02:00:00+00:00,22102.39417245091
2025-06-21 04:00:00+00:00,22102.39417245091
2025-06-21 06:00:00+00:00,22102.39417245091
2025-06-21 08:00:00+00:00,22102.39417245091
2025-06-21 10:00:00+00:00,22102.39417245091
2025-06-21 12:00:00+00:00,22102.39417245091
2025-06-21 14:00:00+00:00,22102.39417245091
2025-06-21 16:00:00+00:00,22102.39417245091
2025-06-21 18:00:00+00:00,22102.39417245091
2025-06-21 20:00:00+00:00,22102.39417245091
2025-06-21 22:00:00+00:00,22102.39417245091
2025-06-22 00:00:00+00:00,22102.39417245091
2025-06-22 02:00:00+00:00,22102.39417245091
2025-06-22 04:00:00+00:00,22102.39417245091
2025-06-22 06:00:00+00:00,22102.39417245091
2025-06-22 08:00:00+00:00,22102.39417245091
2025-06-22 10:00:00+00:00,22102.39417245091
2025-06-22 12:00:00+00:00,22102.39417245091
2025-06-22 14:00:00+00:00,22102.39417245091
2025-06-22 16:00:00+00:00,22102.39417245091
2025-06-22 18:00:00+00:00,22102.39417245091
2025-06-22 20:00:00+00:00,22102.39417245091
2025-06-22 22:00:00+00:00,22102.39417245091
2025-06-23 00:00:00+00:00,22102.39417245091
2025-06-23 02:00:00+00:00,22102.39417245091
2025-06-23 04:00:00+00:00,22102.39417245091
2025-06-23 06:00:00+00:00,22102.39417245091
2025-06-23 08:00:00+00:00,22102.39417245091
2025-06-23 10:00:00+00:00,22102.39417245091
2025-06-23 12:00:00+00:00,22102.39417245091
2025-06-23 14:00:00+00:00,22102.39417245091
2025-06-23 16:00:00+00:00,22102.39417245091
2025-06-23 18:00:00+00:00,22102.39417245091
2025-06-23 20:00:00+00:00,22102.39417245091
2025-06-23 22:00:00+00:00,22917.806450349635
2025-06-24 00:00:00+00:00,23017.30930736832
2025-06-24 02:00:00+00:00,22909.392097890748
2025-06-24 04:00:00+00:00,23285.19790971854
2025-06-24 06:00:00+00:00,22909.392097890748
2025-06-24 08:00:00+00:00,22967.49012198523
2025-06-24 10:00:00+00:00,23003.03932040137
2025-06-24 12:00:00+00:00,22928.13208088164
2025-06-24 14:00:00+00:00,23052.554275338145
2025-06-24 16:00:00+00:00,23014.237374159064
2025-06-24 18:00:00+00:00,22874.57980895279
2025-06-24 20:00:00+00:00,23096.76229905368
2025-06-24 22:00:00+00:00,23136.120340157267
2025-06-25 00:00:00+00:00,23131.20685500919
2025-06-25 02:00:00+00:00,22995.35813249036
2025-06-25 04:00:00+00:00,22868.396709575565
2025-06-25 06:00:00+00:00,22882.36246609619
2025-06-25 08:00:00+00:00,22569.018627268328
2025-06-25 10:00:00+00:00,22820.402244639623
2025-06-25 12:00:00+00:00,22878.804499180427
2025-06-25 14:00:00+00:00,22281.859820148107
2025-06-25 16:00:00+00:00,22281.859820148107
2025-06-25 18:00:00+00:00,22281.859820148107
2025-06-25 20:00:00+00:00,22281.859820148107
2025-06-25 22:00:00+00:00,22281.859820148107
2025-06-26 00:00:00+00:00,22281.859820148107
2025-06-26 02:00:00+00:00,22281.859820148107
2025-06-26 04:00:00+00:00,22281.859820148107
2025-06-26 06:00:00+00:00,22281.859820148107
2025-06-26 08:00:00+00:00,22281.859820148107
2025-06-26 10:00:00+00:00,22281.859820148107
2025-06-26 12:00:00+00:00,22281.859820148107
2025-06-26 14:00:00+00:00,22281.859820148107
2025-06-26 16:00:00+00:00,22281.859820148107
2025-06-26 18:00:00+00:00,22281.859820148107
2025-06-26 20:00:00+00:00,22281.859820148107
2025-06-26 22:00:00+00:00,22281.859820148107
2025-06-27 00:00:00+00:00,22281.859820148107
2025-06-27 02:00:00+00:00,22281.859820148107
2025-06-27 04:00:00+00:00,22281.859820148107
2025-06-27 06:00:00+00:00,22281.859820148107
2025-06-27 08:00:00+00:00,22281.859820148107
2025-06-27 10:00:00+00:00,22281.859820148107
2025-06-27 12:00:00+00:00,22281.859820148107
2025-06-27 14:00:00+00:00,22281.859820148107
2025-06-27 16:00:00+00:00,22281.859820148107
2025-06-27 18:00:00+00:00,22281.859820148107
2025-06-27 20:00:00+00:00,22281.859820148107
2025-06-27 22:00:00+00:00,22281.859820148107
2025-06-28 00:00:00+00:00,22281.859820148107
2025-06-28 02:00:00+00:00,22281.859820148107
2025-06-28 04:00:00+00:00,22281.859820148107
2025-06-28 06:00:00+00:00,22281.859820148107
2025-06-28 08:00:00+00:00,22276.409048720616
2025-06-28 10:00:00+00:00,22236.126211381157
2025-06-28 12:00:00+00:00,22116.53653802964
2025-06-28 14:00:00+00:00,22346.904014064665
2025-06-28 16:00:00+00:00,22638.41465316122
2025-06-28 18:00:00+00:00,22584.28459048632
2025-06-28 20:00:00+00:00,22600.649493155477
2025-06-28 22:00:00+00:00,22614.496718490915
2025-06-29 00:00:00+00:00,22500.189385413523
2025-06-29 02:00:00+00:00,22414.588356067172
2025-06-29 04:00:00+00:00,22500.189385413523
2025-06-29 06:00:00+00:00,22697.827056110244
2025-06-29 08:00:00+00:00,22749.947315782574
2025-06-29 10:00:00+00:00,22720.994026444838
2025-06-29 12:00:00+00:00,22615.25157842876
2025-06-29 14:00:00+00:00,22441.531842402343
2025-06-29 16:00:00+00:00,22606.93922891687
2025-06-29 18:00:00+00:00,22698.83445159751
2025-06-29 20:00:00+00:00,22846.11857561991
2025-06-29 22:00:00+00:00,23571.209647730164
2025-06-30 00:00:00+00:00,23216.377016186878
2025-06-30 02:00:00+00:00,23041.0682660947
2025-06-30 04:00:00+00:00,23041.0682660947
2025-06-30 06:00:00+00:00,23041.0682660947
2025-06-30 08:00:00+00:00,23041.0682660947
2025-06-30 10:00:00+00:00,23041.0682660947
2025-06-30 12:00:00+00:00,23041.0682660947
2025-06-30 14:00:00+00:00,23041.0682660947
2025-06-30 16:00:00+00:00,23041.0682660947
2025-06-30 18:00:00+00:00,23041.0682660947
2025-06-30 20:00:00+00:00,23041.0682660947
2025-06-30 22:00:00+00:00,23041.0682660947
2025-07-01 00:00:00+00:00,23041.0682660947
2025-07-01 02:00:00+00:00,23041.0682660947
2025-07-01 04:00:00+00:00,23041.0682660947
2025-07-01 06:00:00+00:00,23041.0682660947
2025-07-01 08:00:00+00:00,23041.0682660947
2025-07-01 10:00:00+00:00,23041.0682660947
2025-07-01 12:00:00+00:00,23041.0682660947
2025-07-01 14:00:00+00:00,23041.0682660947
2025-07-01 16:00:00+00:00,23041.0682660947
2025-07-01 18:00:00+00:00,23041.0682660947
2025-07-01 20:00:00+00:00,23041.0682660947
2025-07-01 22:00:00+00:00,23041.0682660947
2025-07-02 00:00:00+00:00,23041.0682660947
2025-07-02 02:00:00+00:00,23041.0682660947
2025-07-02 04:00:00+00:00,23041.0682660947
2025-07-02 06:00:00+00:00,23041.0682660947
2025-07-02 08:00:00+00:00,23041.0682660947
2025-07-02 10:00:00+00:00,23041.0682660947
2025-07-02 12:00:00+00:00,23041.0682660947
2025-07-02 14:00:00+00:00,23041.0682660947
2025-07-02 16:00:00+00:00,23041.0682660947
2025-07-02 18:00:00+00:00,23193.78260855609
2025-07-02 20:00:00+00:00,23198.750221023118
2025-07-02 22:00:00+00:00,22998.80381922522
2025-07-03 00:00:00+00:00,23161.677053372
2025-07-03 02:00:00+00:00,23027.55151676223
2025-07-03 04:00:00+00:00,23539.215600866166
2025-07-03 06:00:00+00:00,23698.17919981108
2025-07-03 08:00:00+00:00,23543.05519273224
2025-07-03 10:00:00+00:00,23307.09360054839
2025-07-03 12:00:00+00:00,23479.718133777627
2025-07-03 14:00:00+00:00,22888.82134048351
2025-07-03 16:00:00+00:00,22888.82134048351
2025-07-03 18:00:00+00:00,22888.82134048351
2025-07-03 20:00:00+00:00,22888.82134048351
2025-07-03 22:00:00+00:00,22888.82134048351
2025-07-04 00:00:00+00:00,22888.82134048351
2025-07-04 02:00:00+00:00,22888.82134048351
2025-07-04 04:00:00+00:00,22888.82134048351
2025-07-04 06:00:00+00:00,22888.82134048351
2025-07-04 08:00:00+00:00,22888.82134048351
2025-07-04 10:00:00+00:00,22888.82134048351
2025-07-04 12:00:00+00:00,22888.82134048351
2025-07-04 14:00:00+00:00,22888.82134048351
2025-07-04 16:00:00+00:00,22888.82134048351
2025-07-04 18:00:00+00:00,22888.82134048351
2025-07-04 20:00:00+00:00,22888.82134048351
2025-07-04 22:00:00+00:00,22888.82134048351
2025-07-05 00:00:00+00:00,22888.82134048351
2025-07-05 02:00:00+00:00,22888.82134048351
2025-07-05 04:00:00+00:00,22888.82134048351
2025-07-05 06:00:00+00:00,22888.82134048351
2025-07-05 08:00:00+00:00,22888.82134048351
2025-07-05 10:00:00+00:00,22888.82134048351
2025-07-05 12:00:00+00:00,22888.82134048351
2025-07-05 14:00:00+00:00,22888.82134048351
2025-07-05 16:00:00+00:00,22888.82134048351
2025-07-05 18:00:00+00:00,22888.82134048351
2025-07-05 20:00:00+00:00,22888.82134048351
2025-07-05 22:00:00+00:00,22888.82134048351
2025-07-06 00:00:00+00:00,22888.82134048351
2025-07-06 02:00:00+00:00,22888.82134048351
2025-07-06 04:00:00+00:00,22888.82134048351
2025-07-06 06:00:00+00:00,22888.82134048351
2025-07-06 08:00:00+00:00,22888.82134048351
2025-07-06 10:00:00+00:00,22888.82134048351
2025-07-06 12:00:00+00:00,22888.82134048351
2025-07-06 14:00:00+00:00,22888.82134048351
2025-07-06 16:00:00+00:00,22888.82134048351
2025-07-06 18:00:00+00:00,22805.4587796116
2025-07-06 20:00:00+00:00,23041.563534860623
2025-07-06 22:00:00+00:00,22958.67569525192
2025-07-07 00:00:00+00:00,23018.008685565823
2025-07-07 02:00:00+00:00,23117.222917824718
2025-07-07 04:00:00+00:00,22933.864969599417
2025-07-07 06:00:00+00:00,22965.261878542107
2025-07-07 08:00:00+00:00,22842.401127106838
2025-07-07 10:00:00+00:00,22807.23658909103
2025-07-07 12:00:00+00:00,22941.615359365736
2025-07-07 14:00:00+00:00,22536.90274430178
2025-07-07 16:00:00+00:00,22536.90274430178
2025-07-07 18:00:00+00:00,22536.90274430178
2025-07-07 20:00:00+00:00,22536.90274430178
2025-07-07 22:00:00+00:00,22536.90274430178
2025-07-08 00:00:00+00:00,22536.90274430178
2025-07-08 02:00:00+00:00,22536.90274430178
2025-07-08 04:00:00+00:00,22536.90274430178
2025-07-08 06:00:00+00:00,22536.90274430178
2025-07-08 08:00:00+00:00,22536.90274430178
2025-07-08 10:00:00+00:00,22536.90274430178
2025-07-08 12:00:00+00:00,22536.90274430178
2025-07-08 14:00:00+00:00,22536.90274430178
2025-07-08 16:00:00+00:00,22536.90274430178
2025-07-08 18:00:00+00:00,22538.539367867004
2025-07-08 20:00:00+00:00,22572.89128677726
2025-07-08 22:00:00+00:00,22523.81711690547
2025-07-09 00:00:00+00:00,22260.24478062649
2025-07-09 02:00:00+00:00,22230.800278703413
2025-07-09 04:00:00+00:00,22606.21767822262
2025-07-09 06:00:00+00:00,22574.319467805955
2025-07-09 08:00:00+00:00,22554.88572848045
2025-07-09 10:00:00+00:00,22711.923072070178
2025-07-09 12:00:00+00:00,22781.853764137482
2025-07-09 14:00:00+00:00,22721.73790604454
2025-07-09 16:00:00+00:00,22725.59955247175
2025-07-09 18:00:00+00:00,23438.40186985952
2025-07-09 20:00:00+00:00,23835.902645821032
2025-07-09 22:00:00+00:00,23916.875026109486
2025-07-10 00:00:00+00:00,23876.4501786776
2025-07-10 02:00:00+00:00,23903.440972107084
2025-07-10 04:00:00+00:00,23769.713859206455
2025-07-10 06:00:00+00:00,23909.575243341056
2025-07-10 08:00:00+00:00,23925.58630468885
2025-07-10 10:00:00+00:00,24004.10497648372
2025-07-10 12:00:00+00:00,23919.45203345488
2025-07-10 14:00:00+00:00,23850.74819563437
2025-07-10 16:00:00+00:00,24436.02502565363
2025-07-10 18:00:00+00:00,24240.95520041326
2025-07-10 20:00:00+00:00,25119.382841118328
2025-07-10 22:00:00+00:00,25384.383358426003
2025-07-11 00:00:00+00:00,25541.33457684761
2025-07-11 02:00:00+00:00,25574.459641511072
2025-07-11 04:00:00+00:00,25796.520260180925
2025-07-11 06:00:00+00:00,25428.463986142488
2025-07-11 08:00:00+00:00,25836.915908481737
2025-07-11 10:00:00+00:00,25722.818463529824
2025-07-11 12:00:00+00:00,26111.731259763772
2025-07-11 14:00:00+00:00,25684.785981879188
2025-07-11 16:00:00+00:00,26165.5958047276
2025-07-11 18:00:00+00:00,26137.37815705132
2025-07-11 20:00:00+00:00,25501.86765721162
2025-07-11 22:00:00+00:00,25135.799938642343
2025-07-12 00:00:00+00:00,25135.799938642343
2025-07-12 02:00:00+00:00,25135.799938642343
2025-07-12 04:00:00+00:00,25135.799938642343
2025-07-12 06:00:00+00:00,25135.799938642343
2025-07-12 08:00:00+00:00,25135.799938642343
2025-07-12 10:00:00+00:00,25135.799938642343
2025-07-12 12:00:00+00:00,25135.799938642343
2025-07-12 14:00:00+00:00,25135.799938642343
2025-07-12 16:00:00+00:00,25135.799938642343
2025-07-12 18:00:00+00:00,25135.799938642343
2025-07-12 20:00:00+00:00,25135.799938642343
2025-07-12 22:00:00+00:00,25135.799938642343
2025-07-13 00:00:00+00:00,25135.799938642343
2025-07-13 02:00:00+00:00,25135.799938642343
2025-07-13 04:00:00+00:00,25135.799938642343
2025-07-13 06:00:00+00:00,25135.799938642343
2025-07-13 08:00:00+00:00,25135.799938642343
2025-07-13 10:00:00+00:00,25135.799938642343
2025-07-13 12:00:00+00:00,25135.799938642343
2025-07-13 14:00:00+00:00,25135.799938642343
2025-07-13 16:00:00+00:00,25135.799938642343
2025-07-13 18:00:00+00:00,25135.799938642343
2025-07-13 20:00:00+00:00,25135.799938642343
2025-07-13 22:00:00+00:00,25135.799938642343
2025-07-14 00:00:00+00:00,25135.799938642343
2025-07-14 02:00:00+00:00,25135.799938642343
2025-07-14 04:00:00+00:00,25135.799938642343
2025-07-14 06:00:00+00:00,25135.799938642343
2025-07-14 08:00:00+00:00,25135.799938642343
2025-07-14 10:00:00+00:00,25135.799938642343
2025-07-14 12:00:00+00:00,25135.799938642343
2025-07-14 14:00:00+00:00,25135.799938642343
2025-07-14 16:00:00+00:00,25135.799938642343
2025-07-14 18:00:00+00:00,25135.799938642343
2025-07-14 20:00:00+00:00,25135.799938642343
2025-07-14 22:00:00+00:00,25135.799938642343
2025-07-15 00:00:00+00:00,25135.799938642343
2025-07-15 02:00:00+00:00,25135.799938642343
2025-07-15 04:00:00+00:00,25135.799938642343
2025-07-15 06:00:00+00:00,25135.799938642343
2025-07-15 08:00:00+00:00,25135.799938642343
2025-07-15 10:00:00+00:00,25135.799938642343
2025-07-15 12:00:00+00:00,25135.799938642343
2025-07-15 14:00:00+00:00,25135.799938642343
2025-07-15 16:00:00+00:00,25135.799938642343
2025-07-15 18:00:00+00:00,24421.17735236414
2025-07-15 20:00:00+00:00,25315.94110031467
2025-07-15 22:00:00+00:00,25914.753389805373
2025-07-16 00:00:00+00:00,25540.207242568842
2025-07-16 02:00:00+00:00,25008.185554598254
2025-07-16 04:00:00+00:00,25140.615195543312
2025-07-16 06:00:00+00:00,25307.591699343604
2025-07-16 08:00:00+00:00,25419.0654435931
2025-07-16 10:00:00+00:00,25340.759221121243
2025-07-16 12:00:00+00:00,25360.335776739208
2025-07-16 14:00:00+00:00,25438.641999211064
2025-07-16 16:00:00+00:00,25885.206955036014
2025-07-16 18:00:00+00:00,26013.03034760038
2025-07-16 20:00:00+00:00,26329.709923773346
2025-07-16 22:00:00+00:00,26076.36626283497
2025-07-17 00:00:00+00:00,25595.859359723385
2025-07-17 02:00:00+00:00,25503.73439210943
2025-07-17 04:00:00+00:00,25927.50924313362
2025-07-17 06:00:00+00:00,26117.5169888374
2025-07-17 08:00:00+00:00,26690.684911718246
2025-07-17 10:00:00+00:00,26345.21628316592
2025-07-17 12:00:00+00:00,26134.480419748998
2025-07-17 14:00:00+00:00,26150.60228908144
2025-07-17 16:00:00+00:00,25629.060046489358
2025-07-17 18:00:00+00:00,25629.060046489358
2025-07-17 20:00:00+00:00,25629.060046489358
2025-07-17 22:00:00+00:00,25629.060046489358
2025-07-18 00:00:00+00:00,25629.060046489358
2025-07-18 02:00:00+00:00,25629.060046489358
2025-07-18 04:00:00+00:00,25629.060046489358
2025-07-18 06:00:00+00:00,25629.060046489358
2025-07-18 08:00:00+00:00,25629.060046489358
2025-07-18 10:00:00+00:00,25629.060046489358
2025-07-18 12:00:00+00:00,25629.060046489358
2025-07-18 14:00:00+00:00,25629.060046489358
2025-07-18 16:00:00+00:00,25629.060046489358
2025-07-18 18:00:00+00:00,25629.060046489358
2025-07-18 20:00:00+00:00,25629.060046489358
2025-07-18 22:00:00+00:00,25629.060046489358
2025-07-19 00:00:00+00:00,25629.060046489358
2025-07-19 02:00:00+00:00,25629.060046489358
2025-07-19 04:00:00+00:00,25629.060046489358
2025-07-19 06:00:00+00:00,25629.060046489358
2025-07-19 08:00:00+00:00,25629.060046489358
2025-07-19 10:00:00+00:00,25629.060046489358
2025-07-19 12:00:00+00:00,25629.060046489358
2025-07-19 14:00:00+00:00,25629.060046489358
2025-07-19 16:00:00+00:00,25629.060046489358
2025-07-19 18:00:00+00:00,25629.060046489358
2025-07-19 20:00:00+00:00,25629.060046489358
2025-07-19 22:00:00+00:00,25629.060046489358
2025-07-20 00:00:00+00:00,25629.060046489358
2025-07-20 02:00:00+00:00,25629.060046489358
2025-07-20 04:00:00+00:00,25629.060046489358
2025-07-20 06:00:00+00:00,25629.060046489358
2025-07-20 08:00:00+00:00,25629.060046489358
2025-07-20 10:00:00+00:00,25629.060046489358
2025-07-20 12:00:00+00:00,25629.060046489358
2025-07-20 14:00:00+00:00,25629.060046489358
2025-07-20 16:00:00+00:00,25629.060046489358
2025-07-20 18:00:00+00:00,25629.060046489358
2025-07-20 20:00:00+00:00,25629.060046489358
2025-07-20 22:00:00+00:00,25629.060046489358
2025-07-21 00:00:00+00:00,25629.060046489358
2025-07-21 02:00:00+00:00,25629.060046489358
2025-07-21 04:00:00+00:00,25629.060046489358
2025-07-21 06:00:00+00:00,25629.060046489358
2025-07-21 08:00:00+00:00,25629.060046489358
2025-07-21 10:00:00+00:00,25629.060046489358
2025-07-21 12:00:00+00:00,25629.060046489358
2025-07-21 14:00:00+00:00,25629.060046489358
2025-07-21 16:00:00+00:00,25629.060046489358
2025-07-21 18:00:00+00:00,25629.060046489358
2025-07-21 20:00:00+00:00,25629.060046489358
2025-07-21 22:00:00+00:00,25629.060046489358
2025-07-22 00:00:00+00:00,25629.060046489358
2025-07-22 02:00:00+00:00,25629.060046489358
2025-07-22 04:00:00+00:00,25629.060046489358
2025-07-22 06:00:00+00:00,25629.060046489358
2025-07-22 08:00:00+00:00,25629.060046489358
2025-07-22 10:00:00+00:00,25629.060046489358
2025-07-22 12:00:00+00:00,25629.060046489358
2025-07-22 14:00:00+00:00,25629.060046489358
2025-07-22 16:00:00+00:00,25629.060046489358
2025-07-22 18:00:00+00:00,25629.060046489358
2025-07-22 20:00:00+00:00,25629.060046489358
2025-07-22 22:00:00+00:00,25629.060046489358
2025-07-23 00:00:00+00:00,25629.060046489358
2025-07-23 02:00:00+00:00,25629.060046489358
2025-07-23 04:00:00+00:00,25629.060046489358
2025-07-23 06:00:00+00:00,25629.060046489358
2025-07-23 08:00:00+00:00,25629.060046489358
2025-07-23 10:00:00+00:00,25629.060046489358
2025-07-23 12:00:00+00:00,25629.060046489358
2025-07-23 14:00:00+00:00,25629.060046489358
2025-07-23 16:00:00+00:00,25629.060046489358
2025-07-23 18:00:00+00:00,25629.060046489358
2025-07-23 20:00:00+00:00,25629.060046489358
2025-07-23 22:00:00+00:00,25629.060046489358
2025-07-24 00:00:00+00:00,25629.060046489358
2025-07-24 02:00:00+00:00,25629.060046489358
2025-07-24 04:00:00+00:00,25629.060046489358
2025-07-24 06:00:00+00:00,25629.060046489358
2025-07-24 08:00:00+00:00,25629.060046489358
2025-07-24 10:00:00+00:00,25629.060046489358
2025-07-24 12:00:00+00:00,25629.060046489358
2025-07-24 14:00:00+00:00,25629.060046489358
2025-07-24 16:00:00+00:00,25629.060046489358
2025-07-24 18:00:00+00:00,25629.060046489358
2025-07-24 20:00:00+00:00,25629.060046489358
2025-07-24 22:00:00+00:00,25629.060046489358
2025-07-25 00:00:00+00:00,25629.060046489358
2025-07-25 02:00:00+00:00,25629.060046489358
2025-07-25 04:00:00+00:00,25629.060046489358
2025-07-25 06:00:00+00:00,25629.060046489358
2025-07-25 08:00:00+00:00,25629.060046489358
2025-07-25 10:00:00+00:00,25629.060046489358
2025-07-25 12:00:00+00:00,25629.060046489358
2025-07-25 14:00:00+00:00,25629.060046489358
2025-07-25 16:00:00+00:00,25629.060046489358
2025-07-25 18:00:00+00:00,25629.060046489358
2025-07-25 20:00:00+00:00,25629.060046489358
2025-07-25 22:00:00+00:00,25629.060046489358
2025-07-26 00:00:00+00:00,25629.060046489358
2025-07-26 02:00:00+00:00,25629.060046489358
2025-07-26 04:00:00+00:00,25629.060046489358
2025-07-26 06:00:00+00:00,25629.060046489358
2025-07-26 08:00:00+00:00,25629.060046489358
2025-07-26 10:00:00+00:00,25624.267745736517
2025-07-26 12:00:00+00:00,25652.718080021194
2025-07-26 14:00:00+00:00,26162.71666497623
2025-07-26 16:00:00+00:00,25892.456507816798
2025-07-26 18:00:00+00:00,26795.491192334284
2025-07-26 20:00:00+00:00,26481.48379911817
2025-07-26 22:00:00+00:00,26265.47200177151
2025-07-27 00:00:00+00:00,26302.886509531254
2025-07-27 02:00:00+00:00,26270.221310908102
2025-07-27 04:00:00+00:00,26450.40676137775
2025-07-27 06:00:00+00:00,26342.92772074673
2025-07-27 08:00:00+00:00,26117.95870445118
2025-07-27 10:00:00+00:00,26254.941795451494
2025-07-27 12:00:00+00:00,26331.863069628598
2025-07-27 14:00:00+00:00,26362.420836082514
2025-07-27 16:00:00+00:00,26687.489508525294
2025-07-27 18:00:00+00:00,26786.53882047937
2025-07-27 20:00:00+00:00,26925.629343648925
2025-07-27 22:00:00+00:00,27445.11137336552
2025-07-28 00:00:00+00:00,27237.94478494797
2025-07-28 02:00:00+00:00,27531.931572556343
2025-07-28 04:00:00+00:00,27993.459217618958
2025-07-28 06:00:00+00:00,27965.008883334274
2025-07-28 08:00:00+00:00,28533.32506887766
2025-07-28 10:00:00+00:00,28757.766594901255
2025-07-28 12:00:00+00:00,28406.879138723518
2025-07-28 14:00:00+00:00,27699.98888636983
2025-07-28 16:00:00+00:00,27699.98888636983
2025-07-28 18:00:00+00:00,27699.98888636983
2025-07-28 20:00:00+00:00,27699.98888636983
2025-07-28 22:00:00+00:00,27699.98888636983
2025-07-29 00:00:00+00:00,27699.98888636983
2025-07-29 02:00:00+00:00,27699.98888636983
2025-07-29 04:00:00+00:00,27699.98888636983
2025-07-29 06:00:00+00:00,27699.98888636983
2025-07-29 08:00:00+00:00,27699.98888636983
2025-07-29 10:00:00+00:00,27699.98888636983
2025-07-29 12:00:00+00:00,27699.98888636983
2025-07-29 14:00:00+00:00,27699.98888636983
2025-07-29 16:00:00+00:00,27699.98888636983
2025-07-29 18:00:00+00:00,27699.98888636983
2025-07-29 20:00:00+00:00,27699.98888636983
2025-07-29 22:00:00+00:00,27699.98888636983
2025-07-30 00:00:00+00:00,27699.98888636983
2025-07-30 02:00:00+00:00,27699.98888636983
2025-07-30 04:00:00+00:00,27699.98888636983
2025-07-30 06:00:00+00:00,27699.98888636983
2025-07-30 08:00:00+00:00,27699.98888636983
2025-07-30 10:00:00+00:00,27699.98888636983
2025-07-30 12:00:00+00:00,27699.98888636983
2025-07-30 14:00:00+00:00,27699.98888636983
2025-07-30 16:00:00+00:00,27699.98888636983
2025-07-30 18:00:00+00:00,27699.98888636983
2025-07-30 20:00:00+00:00,27699.98888636983
2025-07-30 22:00:00+00:00,27699.98888636983
2025-07-31 00:00:00+00:00,27699.98888636983
2025-07-31 02:00:00+00:00,27699.98888636983
2025-07-31 04:00:00+00:00,27699.98888636983
2025-07-31 06:00:00+00:00,27699.98888636983
2025-07-31 08:00:00+00:00,27699.98888636983
2025-07-31 10:00:00+00:00,27699.98888636983
2025-07-31 12:00:00+00:00,27699.98888636983
2025-07-31 14:00:00+00:00,27699.98888636983
2025-07-31 16:00:00+00:00,27699.98888636983
2025-07-31 18:00:00+00:00,27699.98888636983
2025-07-31 20:00:00+00:00,27699.98888636983
2025-07-31 22:00:00+00:00,27699.98888636983
2025-08-01 00:00:00+00:00,27699.98888636983
2025-08-01 02:00:00+00:00,27699.98888636983
2025-08-01 04:00:00+00:00,27699.98888636983
2025-08-01 06:00:00+00:00,27699.98888636983
2025-08-01 08:00:00+00:00,27699.98888636983
2025-08-01 10:00:00+00:00,27699.98888636983
2025-08-01 12:00:00+00:00,27699.98888636983
2025-08-01 14:00:00+00:00,27699.98888636983
2025-08-01 16:00:00+00:00,27699.98888636983
2025-08-01 18:00:00+00:00,27699.98888636983
2025-08-01 20:00:00+00:00,27699.98888636983
2025-08-01 22:00:00+00:00,27699.98888636983
2025-08-02 00:00:00+00:00,27699.98888636983
2025-08-02 02:00:00+00:00,27699.98888636983
2025-08-02 04:00:00+00:00,27699.98888636983
2025-08-02 06:00:00+00:00,27699.98888636983
2025-08-02 08:00:00+00:00,27699.98888636983
2025-08-02 10:00:00+00:00,27699.98888636983
2025-08-02 12:00:00+00:00,27699.98888636983
2025-08-02 14:00:00+00:00,27699.98888636983
2025-08-02 16:00:00+00:00,27699.98888636983
2025-08-02 18:00:00+00:00,27699.98888636983
2025-08-02 20:00:00+00:00,27699.98888636983
2025-08-02 22:00:00+00:00,27699.98888636983
2025-08-03 00:00:00+00:00,27699.98888636983
2025-08-03 02:00:00+00:00,27699.98888636983
2025-08-03 04:00:00+00:00,27699.98888636983
2025-08-03 06:00:00+00:00,27699.98888636983
2025-08-03 08:00:00+00:00,27699.98888636983
2025-08-03 10:00:00+00:00,27699.98888636983
2025-08-03 12:00:00+00:00,27699.98888636983
2025-08-03 14:00:00+00:00,27699.98888636983
2025-08-03 16:00:00+00:00,27699.98888636983
2025-08-03 18:00:00+00:00,27699.98888636983
2025-08-03 20:00:00+00:00,27699.98888636983
2025-08-03 22:00:00+00:00,27699.98888636983
2025-08-04 00:00:00+00:00,27699.98888636983
2025-08-04 02:00:00+00:00,27699.98888636983
2025-08-04 04:00:00+00:00,27699.98888636983
2025-08-04 06:00:00+00:00,27699.98888636983
2025-08-04 08:00:00+00:00,27699.98888636983
2025-08-04 10:00:00+00:00,27555.050557843337
2025-08-04 12:00:00+00:00,27989.405934826253
2025-08-04 14:00:00+00:00,28207.846284297306
2025-08-04 16:00:00+00:00,28476.034846044306
2025-08-04 18:00:00+00:00,28150.268313307122
2025-08-04 20:00:00+00:00,28819.47863249591
2025-08-04 22:00:00+00:00,29161.659757967915
2025-08-05 00:00:00+00:00,28853.062981153067
2025-08-05 02:00:00+00:00,28682.603748906866
2025-08-05 04:00:00+00:00,28754.575424744147
2025-08-05 06:00:00+00:00,28221.630035432834
2025-08-05 08:00:00+00:00,28221.630035432834
2025-08-05 10:00:00+00:00,28221.630035432834
2025-08-05 12:00:00+00:00,28221.630035432834
2025-08-05 14:00:00+00:00,28221.630035432834
2025-08-05 16:00:00+00:00,28221.630035432834
2025-08-05 18:00:00+00:00,28221.630035432834
2025-08-05 20:00:00+00:00,28221.630035432834
2025-08-05 22:00:00+00:00,28221.630035432834
2025-08-06 00:00:00+00:00,28221.630035432834
2025-08-06 02:00:00+00:00,28221.630035432834
2025-08-06 04:00:00+00:00,28221.630035432834
2025-08-06 06:00:00+00:00,28221.630035432834
2025-08-06 08:00:00+00:00,28221.630035432834
2025-08-06 10:00:00+00:00,28221.630035432834
2025-08-06 12:00:00+00:00,28221.630035432834
2025-08-06 14:00:00+00:00,28221.630035432834
2025-08-06 16:00:00+00:00,28221.630035432834
2025-08-06 18:00:00+00:00,28165.299436559715
2025-08-06 20:00:00+00:00,28071.626081130256
2025-08-06 22:00:00+00:00,28127.32375192615
2025-08-07 00:00:00+00:00,27967.71795824057
2025-08-07 02:00:00+00:00,27837.334774331997
2025-08-07 04:00:00+00:00,28062.657169824477
2025-08-07 06:00:00+00:00,28104.4304229214
2025-08-07 08:00:00+00:00,28228.205204775648
2025-08-07 10:00:00+00:00,28819.360028904794
2025-08-07 12:00:00+00:00,28786.447768889037
2025-08-07 14:00:00+00:00,28664.925578061633
2025-08-07 16:00:00+00:00,28059.8640039687
2025-08-07 18:00:00+00:00,28059.8640039687
2025-08-07 20:00:00+00:00,28059.8640039687
2025-08-07 22:00:00+00:00,28059.8640039687
2025-08-08 00:00:00+00:00,28059.8640039687
2025-08-08 02:00:00+00:00,28059.8640039687
2025-08-08 04:00:00+00:00,28059.8640039687
2025-08-08 06:00:00+00:00,28059.8640039687
2025-08-08 08:00:00+00:00,28059.8640039687
2025-08-08 10:00:00+00:00,28059.8640039687
2025-08-08 12:00:00+00:00,28059.8640039687
2025-08-08 14:00:00+00:00,28059.8640039687
2025-08-08 16:00:00+00:00,28059.8640039687
2025-08-08 18:00:00+00:00,28059.8640039687
2025-08-08 20:00:00+00:00,28059.8640039687
2025-08-08 22:00:00+00:00,28059.8640039687
2025-08-09 00:00:00+00:00,28059.8640039687
2025-08-09 02:00:00+00:00,28059.8640039687
2025-08-09 04:00:00+00:00,28059.8640039687
2025-08-09 06:00:00+00:00,28059.8640039687
2025-08-09 08:00:00+00:00,28059.8640039687
2025-08-09 10:00:00+00:00,28059.8640039687
2025-08-09 12:00:00+00:00,28059.8640039687
2025-08-09 14:00:00+00:00,28059.8640039687
2025-08-09 16:00:00+00:00,28059.8640039687
2025-08-09 18:00:00+00:00,28059.8640039687
2025-08-09 20:00:00+00:00,28059.8640039687
2025-08-09 22:00:00+00:00,28059.8640039687
2025-08-10 00:00:00+00:00,28059.8640039687
2025-08-10 02:00:00+00:00,28059.8640039687
2025-08-10 04:00:00+00:00,28059.8640039687
2025-08-10 06:00:00+00:00,28059.8640039687
2025-08-10 08:00:00+00:00,28059.8640039687
2025-08-10 10:00:00+00:00,28059.8640039687
2025-08-10 12:00:00+00:00,28059.8640039687
2025-08-10 14:00:00+00:00,28059.8640039687
2025-08-10 16:00:00+00:00,28059.8640039687
2025-08-10 18:00:00+00:00,28059.8640039687
2025-08-10 20:00:00+00:00,28059.8640039687
2025-08-10 22:00:00+00:00,28059.8640039687
2025-08-11 00:00:00+00:00,28059.8640039687
2025-08-11 02:00:00+00:00,28059.8640039687
2025-08-11 04:00:00+00:00,28059.8640039687
2025-08-11 06:00:00+00:00,28059.8640039687
2025-08-11 08:00:00+00:00,28059.8640039687
2025-08-11 10:00:00+00:00,28059.8640039687
2025-08-11 12:00:00+00:00,28059.8640039687
2025-08-11 14:00:00+00:00,28059.8640039687
2025-08-11 16:00:00+00:00,28059.8640039687
2025-08-11 18:00:00+00:00,28059.8640039687
2025-08-11 20:00:00+00:00,28059.8640039687
2025-08-11 22:00:00+00:00,28059.8640039687
2025-08-12 00:00:00+00:00,28059.8640039687
2025-08-12 02:00:00+00:00,28059.8640039687
2025-08-12 04:00:00+00:00,28059.8640039687
2025-08-12 06:00:00+00:00,28059.8640039687
2025-08-12 08:00:00+00:00,28059.8640039687
2025-08-12 10:00:00+00:00,28059.8640039687
2025-08-12 12:00:00+00:00,28059.8640039687
2025-08-12 14:00:00+00:00,28059.8640039687
2025-08-12 16:00:00+00:00,28059.8640039687
2025-08-12 18:00:00+00:00,28059.8640039687
2025-08-12 20:00:00+00:00,28032.299307851543
2025-08-12 22:00:00+00:00,28083.49673748965
2025-08-13 00:00:00+00:00,27872.4855072876
2025-08-13 02:00:00+00:00,28422.004585403283
2025-08-13 04:00:00+00:00,27950.988232732696
2025-08-13 06:00:00+00:00,28175.119202481743
2025-08-13 08:00:00+00:00,28790.083841131753
2025-08-13 10:00:00+00:00,28502.24051449973
2025-08-13 12:00:00+00:00,28612.599418386315
2025-08-13 14:00:00+00:00,28437.39043695813
2025-08-13 16:00:00+00:00,28608.61728230906
2025-08-13 18:00:00+00:00,28850.9517825961
2025-08-13 20:00:00+00:00,28809.993838885614
2025-08-13 22:00:00+00:00,28982.927378996555
2025-08-14 00:00:00+00:00,28964.100036221436
2025-08-14 02:00:00+00:00,29505.65506972675
2025-08-14 04:00:00+00:00,28973.201801490435
2025-08-14 06:00:00+00:00,28774.10068623113
2025-08-14 08:00:00+00:00,28358.094411404072
2025-08-14 10:00:00+00:00,28358.094411404072
2025-08-14 12:00:00+00:00,28358.094411404072
2025-08-14 14:00:00+00:00,28358.094411404072
2025-08-14 16:00:00+00:00,28358.094411404072
2025-08-14 18:00:00+00:00,28358.094411404072
2025-08-14 20:00:00+00:00,28358.094411404072
2025-08-14 22:00:00+00:00,28358.094411404072
2025-08-15 00:00:00+00:00,28358.094411404072
2025-08-15 02:00:00+00:00,28358.094411404072
2025-08-15 04:00:00+00:00,28358.094411404072
2025-08-15 06:00:00+00:00,28358.094411404072
2025-08-15 08:00:00+00:00,27644.456725515472
2025-08-15 10:00:00+00:00,27364.9385721919
2025-08-15 12:00:00+00:00,27209.436658959236
2025-08-15 14:00:00+00:00,27209.436658959236
2025-08-15 16:00:00+00:00,27209.436658959236
2025-08-15 18:00:00+00:00,27209.436658959236
2025-08-15 20:00:00+00:00,27209.436658959236
2025-08-15 22:00:00+00:00,27209.436658959236
2025-08-16 00:00:00+00:00,27209.436658959236
2025-08-16 02:00:00+00:00,27209.436658959236
2025-08-16 04:00:00+00:00,27209.436658959236
2025-08-16 06:00:00+00:00,27209.436658959236
2025-08-16 08:00:00+00:00,27209.436658959236
2025-08-16 10:00:00+00:00,27209.436658959236
2025-08-16 12:00:00+00:00,27209.436658959236
2025-08-16 14:00:00+00:00,27209.436658959236
2025-08-16 16:00:00+00:00,27209.436658959236
2025-08-16 18:00:00+00:00,27209.436658959236
2025-08-16 20:00:00+00:00,27209.436658959236
2025-08-16 22:00:00+00:00,27209.436658959236
2025-08-17 00:00:00+00:00,27209.436658959236
2025-08-17 02:00:00+00:00,27209.436658959236
2025-08-17 04:00:00+00:00,27209.436658959236
2025-08-17 06:00:00+00:00,27136.336225875668
2025-08-17 08:00:00+00:00,27433.160392932466
2025-08-17 10:00:00+00:00,27439.792221263502
2025-08-17 12:00:00+00:00,27447.52935431638
2025-08-17 14:00:00+00:00,28091.922007148667
2025-08-17 16:00:00+00:00,28235.01298795042
2025-08-17 18:00:00+00:00,27702.2561120239
2025-08-17 20:00:00+00:00,27671.307579812397
2025-08-17 22:00:00+00:00,27696.7295884147
2025-08-18 00:00:00+00:00,27322.439603065508
2025-08-18 02:00:00+00:00,27322.439603065508
2025-08-18 04:00:00+00:00,27322.439603065508
2025-08-18 06:00:00+00:00,27322.439603065508
2025-08-18 08:00:00+00:00,27322.439603065508
2025-08-18 10:00:00+00:00,27322.439603065508
2025-08-18 12:00:00+00:00,27322.439603065508
2025-08-18 14:00:00+00:00,27322.439603065508
2025-08-18 16:00:00+00:00,27322.439603065508
2025-08-18 18:00:00+00:00,27322.439603065508
2025-08-18 20:00:00+00:00,27322.439603065508
2025-08-18 22:00:00+00:00,27322.439603065508
2025-08-19 00:00:00+00:00,27322.439603065508
2025-08-19 02:00:00+00:00,27322.439603065508
2025-08-19 04:00:00+00:00,27322.439603065508
2025-08-19 06:00:00+00:00,27322.439603065508
2025-08-19 08:00:00+00:00,27322.439603065508
2025-08-19 10:00:00+00:00,27322.439603065508
2025-08-19 12:00:00+00:00,27322.439603065508
2025-08-19 14:00:00+00:00,27322.439603065508
2025-08-19 16:00:00+00:00,27322.439603065508
2025-08-19 18:00:00+00:00,27322.439603065508
2025-08-19 20:00:00+00:00,27322.439603065508
2025-08-19 22:00:00+00:00,27322.439603065508
2025-08-20 00:00:00+00:00,27322.439603065508
2025-08-20 02:00:00+00:00,27322.439603065508
2025-08-20 04:00:00+00:00,27322.439603065508
2025-08-20 06:00:00+00:00,27322.439603065508
2025-08-20 08:00:00+00:00,27322.439603065508
2025-08-20 10:00:00+00:00,27322.439603065508
2025-08-20 12:00:00+00:00,27322.439603065508
2025-08-20 14:00:00+00:00,27322.439603065508
2025-08-20 16:00:00+00:00,27322.439603065508
2025-08-20 18:00:00+00:00,27322.439603065508
2025-08-20 20:00:00+00:00,27322.439603065508
2025-08-20 22:00:00+00:00,27322.439603065508
2025-08-21 00:00:00+00:00,27322.439603065508
2025-08-21 02:00:00+00:00,27322.439603065508
2025-08-21 04:00:00+00:00,27322.439603065508
2025-08-21 06:00:00+00:00,27134.533221449394
2025-08-21 08:00:00+00:00,26785.056043713008
2025-08-21 10:00:00+00:00,26792.014508444754
2025-08-21 12:00:00+00:00,26738.425052057322
2025-08-21 14:00:00+00:00,26738.425052057322
2025-08-21 16:00:00+00:00,26738.425052057322
2025-08-21 18:00:00+00:00,26738.425052057322
2025-08-21 20:00:00+00:00,26738.425052057322
2025-08-21 22:00:00+00:00,26738.425052057322
2025-08-22 00:00:00+00:00,26738.425052057322
2025-08-22 02:00:00+00:00,26738.425052057322
2025-08-22 04:00:00+00:00,26738.425052057322
2025-08-22 06:00:00+00:00,26738.425052057322
2025-08-22 08:00:00+00:00,26738.425052057322
2025-08-22 10:00:00+00:00,26738.425052057322
2025-08-22 12:00:00+00:00,26738.425052057322
2025-08-22 14:00:00+00:00,26738.425052057322
2025-08-22 16:00:00+00:00,26738.425052057322
2025-08-22 18:00:00+00:00,26783.310967734487
2025-08-22 20:00:00+00:00,26915.743002186962
2025-08-22 22:00:00+00:00,26983.02701969104
2025-08-23 00:00:00+00:00,26604.392619188504
2025-08-23 02:00:00+00:00,26655.65663252494
2025-08-23 04:00:00+00:00,27201.40477450247
2025-08-23 06:00:00+00:00,27051.884735604515
2025-08-23 08:00:00+00:00,27576.771414554885
2025-08-23 10:00:00+00:00,27663.27943706013
2025-08-23 12:00:00+00:00,28448.259641274373
2025-08-23 14:00:00+00:00,27400.551368710872
2025-08-23 16:00:00+00:00,27031.91876029604
2025-08-23 18:00:00+00:00,27031.91876029604
2025-08-23 20:00:00+00:00,27031.91876029604
2025-08-23 22:00:00+00:00,27031.91876029604
2025-08-24 00:00:00+00:00,27031.91876029604
2025-08-24 02:00:00+00:00,27031.91876029604
2025-08-24 04:00:00+00:00,27031.91876029604
2025-08-24 06:00:00+00:00,27031.91876029604
2025-08-24 08:00:00+00:00,27031.91876029604
2025-08-24 10:00:00+00:00,27031.91876029604
2025-08-24 12:00:00+00:00,27031.91876029604
2025-08-24 14:00:00+00:00,27031.91876029604
2025-08-24 16:00:00+00:00,27031.91876029604
2025-08-24 18:00:00+00:00,27031.91876029604
2025-08-24 20:00:00+00:00,27031.91876029604
2025-08-24 22:00:00+00:00,27031.91876029604
2025-08-25 00:00:00+00:00,27031.91876029604
2025-08-25 02:00:00+00:00,27031.91876029604
2025-08-25 04:00:00+00:00,27031.91876029604
2025-08-25 06:00:00+00:00,27031.91876029604
2025-08-25 08:00:00+00:00,27031.91876029604
2025-08-25 10:00:00+00:00,27031.91876029604
2025-08-25 12:00:00+00:00,27031.91876029604
2025-08-25 14:00:00+00:00,27031.91876029604
2025-08-25 16:00:00+00:00,27031.91876029604
2025-08-25 18:00:00+00:00,27031.91876029604
2025-08-25 20:00:00+00:00,27031.91876029604
2025-08-25 22:00:00+00:00,27031.91876029604
2025-08-26 00:00:00+00:00,27031.91876029604
2025-08-26 02:00:00+00:00,27031.91876029604
2025-08-26 04:00:00+00:00,27031.91876029604
2025-08-26 06:00:00+00:00,27031.91876029604
2025-08-26 08:00:00+00:00,27031.91876029604
2025-08-26 10:00:00+00:00,27031.91876029604
2025-08-26 12:00:00+00:00,27031.91876029604
2025-08-26 14:00:00+00:00,27031.91876029604
2025-08-26 16:00:00+00:00,27031.91876029604
2025-08-26 18:00:00+00:00,27031.91876029604
2025-08-26 20:00:00+00:00,27031.91876029604
2025-08-26 22:00:00+00:00,27031.91876029604
2025-08-27 00:00:00+00:00,27031.91876029604
2025-08-27 02:00:00+00:00,27031.91876029604
2025-08-27 04:00:00+00:00,27031.91876029604
2025-08-27 06:00:00+00:00,27031.91876029604
2025-08-27 08:00:00+00:00,27031.91876029604
2025-08-27 10:00:00+00:00,27031.91876029604
2025-08-27 12:00:00+00:00,27205.899092045882
2025-08-27 14:00:00+00:00,27508.71296059781
2025-08-27 16:00:00+00:00,27665.627693743267
2025-08-27 18:00:00+00:00,27159.1026772564
2025-08-27 20:00:00+00:00,27104.045610246958
2025-08-27 22:00:00+00:00,26887.120766229757
2025-08-28 00:00:00+00:00,26708.198826756958
2025-08-28 02:00:00+00:00,26708.198826756958
2025-08-28 04:00:00+00:00,26708.198826756958
2025-08-28 06:00:00+00:00,26708.198826756958
2025-08-28 08:00:00+00:00,26708.198826756958
2025-08-28 10:00:00+00:00,26708.198826756958
2025-08-28 12:00:00+00:00,26708.198826756958
2025-08-28 14:00:00+00:00,26708.198826756958
2025-08-28 16:00:00+00:00,26708.198826756958
2025-08-28 18:00:00+00:00,26708.198826756958
2025-08-28 20:00:00+00:00,26708.198826756958
2025-08-28 22:00:00+00:00,26708.198826756958
2025-08-29 00:00:00+00:00,26708.198826756958
2025-08-29 02:00:00+00:00,26708.198826756958
2025-08-29 04:00:00+00:00,26708.198826756958
2025-08-29 06:00:00+00:00,26708.198826756958
2025-08-29 08:00:00+00:00,26708.198826756958
2025-08-29 10:00:00+00:00,26708.198826756958
2025-08-29 12:00:00+00:00,26708.198826756958
2025-08-29 14:00:00+00:00,26708.198826756958
2025-08-29 16:00:00+00:00,26708.198826756958
2025-08-29 18:00:00+00:00,26708.198826756958
2025-08-29 20:00:00+00:00,26708.198826756958
2025-08-29 22:00:00+00:00,26708.198826756958
2025-08-30 00:00:00+00:00,26708.198826756958
2025-08-30 02:00:00+00:00,26708.198826756958
2025-08-30 04:00:00+00:00,26708.198826756958
2025-08-30 06:00:00+00:00,26708.198826756958
2025-08-30 08:00:00+00:00,26708.198826756958
2025-08-30 10:00:00+00:00,26708.198826756958
2025-08-30 12:00:00+00:00,26708.198826756958
2025-08-30 14:00:00+00:00,26708.198826756958
2025-08-30 16:00:00+00:00,26708.198826756958
2025-08-30 18:00:00+00:00,26708.198826756958
2025-08-30 20:00:00+00:00,26708.198826756958
2025-08-30 22:00:00+00:00,26708.198826756958
2025-08-31 00:00:00+00:00,26708.198826756958
2025-08-31 02:00:00+00:00,26708.198826756958
2025-08-31 04:00:00+00:00,26708.198826756958
2025-08-31 06:00:00+00:00,26708.198826756958
2025-08-31 08:00:00+00:00,26708.198826756958
2025-08-31 10:00:00+00:00,26708.198826756958
2025-08-31 12:00:00+00:00,26708.198826756958
2025-08-31 14:00:00+00:00,26708.198826756958
2025-08-31 16:00:00+00:00,26518.549740097857
2025-08-31 18:00:00+00:00,26378.885082546763
2025-08-31 20:00:00+00:00,26326.12731238167
2025-08-31 22:00:00+00:00,26326.12731238167
2025-09-01 00:00:00+00:00,26326.12731238167
2025-09-01 02:00:00+00:00,26326.12731238167
2025-09-01 04:00:00+00:00,26326.12731238167
2025-09-01 06:00:00+00:00,26326.12731238167
2025-09-01 08:00:00+00:00,26326.12731238167
2025-09-01 10:00:00+00:00,26326.12731238167
2025-09-01 12:00:00+00:00,26326.12731238167
2025-09-01 14:00:00+00:00,26326.12731238167
2025-09-01 16:00:00+00:00,26326.12731238167
2025-09-01 18:00:00+00:00,26326.12731238167
2025-09-01 20:00:00+00:00,26326.12731238167
2025-09-01 22:00:00+00:00,26326.12731238167
2025-09-02 00:00:00+00:00,26326.12731238167
2025-09-02 02:00:00+00:00,26326.12731238167
2025-09-02 04:00:00+00:00,26326.12731238167
2025-09-02 06:00:00+00:00,26326.12731238167
2025-09-02 08:00:00+00:00,26326.12731238167
2025-09-02 10:00:00+00:00,26039.198071672414
2025-09-02 12:00:00+00:00,25476.011653715726
2025-09-02 14:00:00+00:00,25476.011653715726
2025-09-02 16:00:00+00:00,25476.011653715726
2025-09-02 18:00:00+00:00,25476.011653715726
2025-09-02 20:00:00+00:00,25476.011653715726
2025-09-02 22:00:00+00:00,25476.011653715726
2025-09-03 00:00:00+00:00,25476.011653715726
2025-09-03 02:00:00+00:00,25476.011653715726
2025-09-03 04:00:00+00:00,25476.011653715726
2025-09-03 06:00:00+00:00,25476.011653715726
2025-09-03 08:00:00+00:00,25476.011653715726
2025-09-03 10:00:00+00:00,25476.011653715726
2025-09-03 12:00:00+00:00,25476.011653715726
2025-09-03 14:00:00+00:00,25476.011653715726
2025-09-03 16:00:00+00:00,25476.011653715726
2025-09-03 18:00:00+00:00,25476.011653715726
2025-09-03 20:00:00+00:00,25476.011653715726
2025-09-03 22:00:00+00:00,25476.011653715726
2025-09-04 00:00:00+00:00,25476.011653715726
2025-09-04 02:00:00+00:00,25476.011653715726
2025-09-04 04:00:00+00:00,25476.011653715726
2025-09-04 06:00:00+00:00,25476.011653715726
2025-09-04 08:00:00+00:00,25476.011653715726
2025-09-04 10:00:00+00:00,25476.011653715726
2025-09-04 12:00:00+00:00,25476.011653715726
2025-09-04 14:00:00+00:00,25476.011653715726
2025-09-04 16:00:00+00:00,25476.011653715726
2025-09-04 18:00:00+00:00,25476.011653715726
2025-09-04 20:00:00+00:00,25476.011653715726
2025-09-04 22:00:00+00:00,25476.011653715726
2025-09-05 00:00:00+00:00,25476.011653715726
2025-09-05 02:00:00+00:00,25476.011653715726
2025-09-05 04:00:00+00:00,25476.011653715726
2025-09-05 06:00:00+00:00,25476.011653715726
2025-09-05 08:00:00+00:00,25476.011653715726
2025-09-05 10:00:00+00:00,25476.011653715726
2025-09-05 12:00:00+00:00,25644.88367991464
2025-09-05 14:00:00+00:00,24929.147975816028
2025-09-05 16:00:00+00:00,24929.147975816028
2025-09-05 18:00:00+00:00,24929.147975816028
2025-09-05 20:00:00+00:00,24929.147975816028
2025-09-05 22:00:00+00:00,24929.147975816028
2025-09-06 00:00:00+00:00,24929.147975816028
2025-09-06 02:00:00+00:00,24929.147975816028
2025-09-06 04:00:00+00:00,24929.147975816028
2025-09-06 06:00:00+00:00,24929.147975816028
2025-09-06 08:00:00+00:00,24929.147975816028
2025-09-06 10:00:00+00:00,24929.147975816028
2025-09-06 12:00:00+00:00,24929.147975816028
2025-09-06 14:00:00+00:00,24929.147975816028
2025-09-06 16:00:00+00:00,24929.147975816028
2025-09-06 18:00:00+00:00,24929.147975816028
2025-09-06 20:00:00+00:00,24929.147975816028
2025-09-06 22:00:00+00:00,24929.147975816028
2025-09-07 00:00:00+00:00,24929.147975816028
2025-09-07 02:00:00+00:00,24929.147975816028
2025-09-07 04:00:00+00:00,24929.147975816028
2025-09-07 06:00:00+00:00,24746.274229480707
2025-09-07 08:00:00+00:00,24592.678243283364
2025-09-07 10:00:00+00:00,24592.678243283364
2025-09-07 12:00:00+00:00,24592.678243283364
2025-09-07 14:00:00+00:00,24592.678243283364
2025-09-07 16:00:00+00:00,24592.678243283364
2025-09-07 18:00:00+00:00,24592.678243283364
2025-09-07 20:00:00+00:00,24592.678243283364
2025-09-07 22:00:00+00:00,24592.678243283364
2025-09-08 00:00:00+00:00,24592.678243283364
2025-09-08 02:00:00+00:00,24592.678243283364
2025-09-08 04:00:00+00:00,24592.678243283364
2025-09-08 06:00:00+00:00,24592.678243283364
2025-09-08 08:00:00+00:00,24592.678243283364
2025-09-08 10:00:00+00:00,24592.678243283364
2025-09-08 12:00:00+00:00,24592.678243283364
2025-09-08 14:00:00+00:00,24592.678243283364
2025-09-08 16:00:00+00:00,24592.678243283364
2025-09-08 18:00:00+00:00,24592.678243283364
2025-09-08 20:00:00+00:00,24592.678243283364
2025-09-08 22:00:00+00:00,24592.678243283364
2025-09-09 00:00:00+00:00,24592.678243283364
2025-09-09 02:00:00+00:00,24592.678243283364
2025-09-09 04:00:00+00:00,24592.678243283364
2025-09-09 06:00:00+00:00,24592.678243283364
2025-09-09 08:00:00+00:00,24592.678243283364
2025-09-09 10:00:00+00:00,24592.678243283364
2025-09-09 12:00:00+00:00,24592.678243283364
2025-09-09 14:00:00+00:00,24592.678243283364
2025-09-09 16:00:00+00:00,24592.678243283364
2025-09-09 18:00:00+00:00,24592.678243283364
2025-09-09 20:00:00+00:00,24592.678243283364
2025-09-09 22:00:00+00:00,24592.678243283364
2025-09-10 00:00:00+00:00,24592.678243283364
2025-09-10 02:00:00+00:00,24592.678243283364
2025-09-10 04:00:00+00:00,24592.678243283364
2025-09-10 06:00:00+00:00,24592.678243283364
2025-09-10 08:00:00+00:00,24592.678243283364
2025-09-10 10:00:00+00:00,24592.678243283364
2025-09-10 12:00:00+00:00,24592.678243283364
2025-09-10 14:00:00+00:00,24592.678243283364
2025-09-10 16:00:00+00:00,24592.678243283364
2025-09-10 18:00:00+00:00,24592.678243283364
2025-09-10 20:00:00+00:00,24592.678243283364
2025-09-10 22:00:00+00:00,24592.678243283364
2025-09-11 00:00:00+00:00,24592.678243283364
2025-09-11 02:00:00+00:00,24592.678243283364
2025-09-11 04:00:00+00:00,24592.678243283364
2025-09-11 06:00:00+00:00,24592.678243283364
2025-09-11 08:00:00+00:00,24592.678243283364
2025-09-11 10:00:00+00:00,24592.678243283364
2025-09-11 12:00:00+00:00,24592.678243283364
2025-09-11 14:00:00+00:00,24592.678243283364
2025-09-11 16:00:00+00:00,24592.678243283364
2025-09-11 18:00:00+00:00,24592.678243283364
2025-09-11 20:00:00+00:00,24592.678243283364
2025-09-11 22:00:00+00:00,24592.678243283364
2025-09-12 00:00:00+00:00,24592.678243283364
2025-09-12 02:00:00+00:00,24592.678243283364
2025-09-12 04:00:00+00:00,24592.678243283364
2025-09-12 06:00:00+00:00,24592.678243283364
2025-09-12 08:00:00+00:00,24592.678243283364
2025-09-12 10:00:00+00:00,24592.678243283364
2025-09-12 12:00:00+00:00,24592.678243283364
2025-09-12 14:00:00+00:00,24592.678243283364
2025-09-12 16:00:00+00:00,24592.678243283364
2025-09-12 18:00:00+00:00,24592.678243283364
2025-09-12 20:00:00+00:00,24592.678243283364
2025-09-12 22:00:00+00:00,24592.678243283364
2025-09-13 00:00:00+00:00,24592.678243283364
2025-09-13 02:00:00+00:00,24592.678243283364
2025-09-13 04:00:00+00:00,24592.678243283364
2025-09-13 06:00:00+00:00,24592.678243283364
2025-09-13 08:00:00+00:00,24592.678243283364
2025-09-13 10:00:00+00:00,24592.678243283364
2025-09-13 12:00:00+00:00,24592.678243283364
2025-09-13 14:00:00+00:00,24592.678243283364
2025-09-13 16:00:00+00:00,24592.678243283364
2025-09-13 18:00:00+00:00,24592.678243283364
2025-09-13 20:00:00+00:00,24592.678243283364
2025-09-13 22:00:00+00:00,24592.678243283364
2025-09-14 00:00:00+00:00,24592.678243283364
2025-09-14 02:00:00+00:00,24592.678243283364
2025-09-14 04:00:00+00:00,24592.678243283364
2025-09-14 06:00:00+00:00,24592.678243283364
2025-09-14 08:00:00+00:00,24592.678243283364
2025-09-14 10:00:00+00:00,24592.678243283364
2025-09-14 12:00:00+00:00,24592.678243283364
2025-09-14 14:00:00+00:00,24592.678243283364
2025-09-14 16:00:00+00:00,24592.678243283364
2025-09-14 18:00:00+00:00,24592.678243283364
2025-09-14 20:00:00+00:00,24592.678243283364
2025-09-14 22:00:00+00:00,24592.678243283364
2025-09-15 00:00:00+00:00,24592.678243283364
2025-09-15 02:00:00+00:00,24592.678243283364
2025-09-15 04:00:00+00:00,24592.678243283364
2025-09-15 06:00:00+00:00,24592.678243283364
2025-09-15 08:00:00+00:00,24592.678243283364
2025-09-15 10:00:00+00:00,24592.678243283364
2025-09-15 12:00:00+00:00,24592.678243283364
2025-09-15 14:00:00+00:00,24592.678243283364
2025-09-15 16:00:00+00:00,24592.678243283364
2025-09-15 18:00:00+00:00,24592.678243283364
2025-09-15 20:00:00+00:00,24592.678243283364
2025-09-15 22:00:00+00:00,24592.678243283364
2025-09-16 00:00:00+00:00,24592.678243283364
2025-09-16 02:00:00+00:00,24592.678243283364
2025-09-16 04:00:00+00:00,24592.678243283364
2025-09-16 06:00:00+00:00,25327.152424978576
2025-09-16 08:00:00+00:00,25337.858256161573
2025-09-16 10:00:00+00:00,25184.78660641897
2025-09-16 12:00:00+00:00,25048.26324313503
2025-09-16 14:00:00+00:00,24910.912465528152
2025-09-16 16:00:00+00:00,24999.436613783
2025-09-16 18:00:00+00:00,24792.583033049756
2025-09-16 20:00:00+00:00,24934.898296594227
2025-09-16 22:00:00+00:00,24862.91325049906
2025-09-17 00:00:00+00:00,24852.735599249103
2025-09-17 02:00:00+00:00,24582.17111565002
2025-09-17 04:00:00+00:00,24572.242143774823
2025-09-17 06:00:00+00:00,24907.344944562683
2025-09-17 08:00:00+00:00,24816.820292144417
2025-09-17 10:00:00+00:00,24735.733688496985
2025-09-17 12:00:00+00:00,24535.499422347202
2025-09-17 14:00:00+00:00,24394.011573125663
2025-09-17 16:00:00+00:00,24548.98107173898
2025-09-17 18:00:00+00:00,24861.743685807647
2025-09-17 20:00:00+00:00,24891.530601433235
2025-09-17 22:00:00+00:00,26327.094451721958
2025-09-18 00:00:00+00:00,26892.067265688387
2025-09-18 02:00:00+00:00,27221.378166215713
2025-09-18 04:00:00+00:00,27088.99187454644
2025-09-18 06:00:00+00:00,27134.499662307753
2025-09-18 08:00:00+00:00,27223.62831946693
2025-09-18 10:00:00+00:00,27105.308071287513
2025-09-18 12:00:00+00:00,27435.446386137774
2025-09-18 14:00:00+00:00,27404.004641866322
2025-09-18 16:00:00+00:00,28373.4749994364
2025-09-18 18:00:00+00:00,28703.61331428666
2025-09-18 20:00:00+00:00,29096.635117679827
2025-09-18 22:00:00+00:00,29105.736675232085
2025-09-19 00:00:00+00:00,29230.24656173707
2025-09-19 02:00:00+00:00,28756.9655690194
2025-09-19 04:00:00+00:00,28418.55311093981
2025-09-19 06:00:00+00:00,28466.543141669925
2025-09-19 08:00:00+00:00,28215.470719207635
2025-09-19 10:00:00+00:00,28078.11994160076
2025-09-19 12:00:00+00:00,28296.557322855067
2025-09-19 14:00:00+00:00,27818.788434849812
2025-09-19 16:00:00+00:00,27818.788434849812
2025-09-19 18:00:00+00:00,27818.788434849812
2025-09-19 20:00:00+00:00,27818.788434849812
2025-09-19 22:00:00+00:00,27818.788434849812
2025-09-20 00:00:00+00:00,27818.788434849812
2025-09-20 02:00:00+00:00,27818.788434849812
2025-09-20 04:00:00+00:00,27818.788434849812
2025-09-20 06:00:00+00:00,27818.788434849812
2025-09-20 08:00:00+00:00,27818.788434849812
2025-09-20 10:00:00+00:00,27818.788434849812
2025-09-20 12:00:00+00:00,27818.788434849812
2025-09-20 14:00:00+00:00,27818.788434849812
2025-09-20 16:00:00+00:00,27818.788434849812
2025-09-20 18:00:00+00:00,27818.788434849812
2025-09-20 20:00:00+00:00,27818.788434849812
2025-09-20 22:00:00+00:00,27818.788434849812
2025-09-21 00:00:00+00:00,27818.788434849812
2025-09-21 02:00:00+00:00,27818.788434849812
2025-09-21 04:00:00+00:00,27818.788434849812
2025-09-21 06:00:00+00:00,27818.788434849812
2025-09-21 08:00:00+00:00,27818.788434849812
2025-09-21 10:00:00+00:00,27818.788434849812
2025-09-21 12:00:00+00:00,27818.788434849812
2025-09-21 14:00:00+00:00,27818.788434849812
2025-09-21 16:00:00+00:00,27818.788434849812
2025-09-21 18:00:00+00:00,27818.788434849812
2025-09-21 20:00:00+00:00,27818.788434849812
2025-09-21 22:00:00+00:00,27818.788434849812
2025-09-22 00:00:00+00:00,27818.788434849812
2025-09-22 02:00:00+00:00,27818.788434849812
2025-09-22 04:00:00+00:00,27818.788434849812
2025-09-22 06:00:00+00:00,27818.788434849812
2025-09-22 08:00:00+00:00,27818.788434849812
2025-09-22 10:00:00+00:00,27818.788434849812
2025-09-22 12:00:00+00:00,27818.788434849812
2025-09-22 14:00:00+00:00,27818.788434849812
2025-09-22 16:00:00+00:00,27818.788434849812
2025-09-22 18:00:00+00:00,27818.788434849812
2025-09-22 20:00:00+00:00,27818.788434849812
2025-09-22 22:00:00+00:00,27818.788434849812
2025-09-23 00:00:00+00:00,27818.788434849812
2025-09-23 02:00:00+00:00,27818.788434849812
2025-09-23 04:00:00+00:00,27546.330387466383
2025-09-23 06:00:00+00:00,27777.565088405427
2025-09-23 08:00:00+00:00,27536.401280654994
2025-09-23 10:00:00+00:00,27364.76315212293
2025-09-23 12:00:00+00:00,27209.81206386481
2025-09-23 14:00:00+00:00,27920.203206955877
2025-09-23 16:00:00+00:00,27337.337604122204
2025-09-23 18:00:00+00:00,26820.039355629717
2025-09-23 20:00:00+00:00,26752.496573568485
2025-09-23 22:00:00+00:00,26682.569928610974
2025-09-24 00:00:00+00:00,27266.526305101102
2025-09-24 02:00:00+00:00,26415.48725112959
2025-09-24 04:00:00+00:00,26089.265399871587
2025-09-24 06:00:00+00:00,26089.265399871587
2025-09-24 08:00:00+00:00,26089.265399871587
2025-09-24 10:00:00+00:00,26089.265399871587
2025-09-24 12:00:00+00:00,26089.265399871587
2025-09-24 14:00:00+00:00,26089.265399871587
2025-09-24 16:00:00+00:00,26089.265399871587
2025-09-24 18:00:00+00:00,26089.265399871587
2025-09-24 20:00:00+00:00,26089.265399871587
2025-09-24 22:00:00+00:00,26089.265399871587
2025-09-25 00:00:00+00:00,26089.265399871587
2025-09-25 02:00:00+00:00,26089.265399871587
2025-09-25 04:00:00+00:00,26089.265399871587
2025-09-25 06:00:00+00:00,26089.265399871587
2025-09-25 08:00:00+00:00,26089.265399871587
2025-09-25 10:00:00+00:00,26089.265399871587
2025-09-25 12:00:00+00:00,26089.265399871587
2025-09-25 14:00:00+00:00,26089.265399871587
2025-09-25 16:00:00+00:00,26089.265399871587
2025-09-25 18:00:00+00:00,26089.265399871587
2025-09-25 20:00:00+00:00,26089.265399871587
2025-09-25 22:00:00+00:00,26089.265399871587
2025-09-26 00:00:00+00:00,26089.265399871587
2025-09-26 02:00:00+00:00,26089.265399871587
2025-09-26 04:00:00+00:00,26089.265399871587
2025-09-26 06:00:00+00:00,26089.265399871587
2025-09-26 08:00:00+00:00,26089.265399871587
2025-09-26 10:00:00+00:00,26089.265399871587
2025-09-26 12:00:00+00:00,26089.265399871587
2025-09-26 14:00:00+00:00,26089.265399871587
2025-09-26 16:00:00+00:00,26089.265399871587
2025-09-26 18:00:00+00:00,26089.265399871587
2025-09-26 20:00:00+00:00,26089.265399871587
2025-09-26 22:00:00+00:00,26089.265399871587
2025-09-27 00:00:00+00:00,26089.265399871587
2025-09-27 02:00:00+00:00,26089.265399871587
2025-09-27 04:00:00+00:00,26089.265399871587
2025-09-27 06:00:00+00:00,26089.265399871587
2025-09-27 08:00:00+00:00,26089.265399871587
2025-09-27 10:00:00+00:00,26089.265399871587
2025-09-27 12:00:00+00:00,26089.265399871587
2025-09-27 14:00:00+00:00,26089.265399871587
2025-09-27 16:00:00+00:00,26089.265399871587
2025-09-27 18:00:00+00:00,26089.265399871587
2025-09-27 20:00:00+00:00,26089.265399871587
2025-09-27 22:00:00+00:00,26089.265399871587
2025-09-28 00:00:00+00:00,26089.265399871587
2025-09-28 02:00:00+00:00,26089.265399871587
2025-09-28 04:00:00+00:00,26089.265399871587
2025-09-28 06:00:00+00:00,26089.265399871587
2025-09-28 08:00:00+00:00,26089.265399871587
2025-09-28 10:00:00+00:00,26089.265399871587
2025-09-28 12:00:00+00:00,26089.265399871587
2025-09-28 14:00:00+00:00,26089.265399871587
2025-09-28 16:00:00+00:00,26089.265399871587
2025-09-28 18:00:00+00:00,26089.265399871587
2025-09-28 20:00:00+00:00,26089.265399871587
2025-09-28 22:00:00+00:00,26089.265399871587
2025-09-29 00:00:00+00:00,25688.059904121103
2025-09-29 02:00:00+00:00,25834.833929538527
2025-09-29 04:00:00+00:00,25467.354581258656
2025-09-29 06:00:00+00:00,25467.354581258656
2025-09-29 08:00:00+00:00,25467.354581258656
2025-09-29 10:00:00+00:00,25467.354581258656
2025-09-29 12:00:00+00:00,25467.354581258656
2025-09-29 14:00:00+00:00,25467.354581258656
2025-09-29 16:00:00+00:00,25467.354581258656
2025-09-29 18:00:00+00:00,25467.354581258656
2025-09-29 20:00:00+00:00,25467.354581258656
2025-09-29 22:00:00+00:00,25467.354581258656
2025-09-30 00:00:00+00:00,25467.354581258656
2025-09-30 02:00:00+00:00,25467.354581258656
2025-09-30 04:00:00+00:00,25467.354581258656
2025-09-30 06:00:00+00:00,25467.354581258656
2025-09-30 08:00:00+00:00,25467.354581258656
2025-09-30 10:00:00+00:00,25467.354581258656
2025-09-30 12:00:00+00:00,25467.354581258656
2025-09-30 14:00:00+00:00,25467.354581258656
2025-09-30 16:00:00+00:00,25467.354581258656
2025-09-30 18:00:00+00:00,25467.354581258656
2025-09-30 20:00:00+00:00,25322.514877599897
2025-09-30 22:00:00+00:00,25417.368445034386
2025-10-01 00:00:00+00:00,25571.504475827205
2025-10-01 02:00:00+00:00,25104.85880032361
2025-10-01 04:00:00+00:00,25306.422631121895
2025-10-01 06:00:00+00:00,25403.81691911266
2025-10-01 08:00:00+00:00,26310.00733554355
2025-10-01 10:00:00+00:00,26064.404348436394
2025-10-01 12:00:00+00:00,25830.658057258548
2025-10-01 14:00:00+00:00,25880.625561532073
2025-10-01 16:00:00+00:00,25833.528454379997
2025-10-01 18:00:00+00:00,25902.974816251673
2025-10-01 20:00:00+00:00,25865.710914759555
2025-10-01 22:00:00+00:00,26011.378893319663
2025-10-02 00:00:00+00:00,26189.241900721183
2025-10-02 02:00:00+00:00,26124.030073109974
2025-10-02 04:00:00+00:00,26019.860530302452
2025-10-02 06:00:00+00:00,25879.27399285491
2025-10-02 08:00:00+00:00,25837.269328457227
2025-10-02 10:00:00+00:00,25827.106446232105
2025-10-02 12:00:00+00:00,25379.031744181215
2025-10-02 14:00:00+00:00,25379.031744181215
2025-10-02 16:00:00+00:00,25379.031744181215
2025-10-02 18:00:00+00:00,25379.031744181215
2025-10-02 20:00:00+00:00,25379.031744181215
2025-10-02 22:00:00+00:00,25379.031744181215
2025-10-03 00:00:00+00:00,25379.031744181215
2025-10-03 02:00:00+00:00,25379.031744181215
2025-10-03 04:00:00+00:00,25379.031744181215
2025-10-03 06:00:00+00:00,25379.031744181215
2025-10-03 08:00:00+00:00,25379.031744181215
2025-10-03 10:00:00+00:00,25379.031744181215
2025-10-03 12:00:00+00:00,25379.031744181215
2025-10-03 14:00:00+00:00,25379.031744181215
2025-10-03 16:00:00+00:00,25379.031744181215
2025-10-03 18:00:00+00:00,25379.031744181215
2025-10-03 20:00:00+00:00,25379.031744181215
2025-10-03 22:00:00+00:00,25379.031744181215
2025-10-04 00:00:00+00:00,25379.031744181215
2025-10-04 02:00:00+00:00,25379.031744181215
2025-10-04 04:00:00+00:00,25379.031744181215
2025-10-04 06:00:00+00:00,25379.031744181215
2025-10-04 08:00:00+00:00,25379.031744181215
2025-10-04 10:00:00+00:00,25379.031744181215
2025-10-04 12:00:00+00:00,25379.031744181215
2025-10-04 14:00:00+00:00,25379.031744181215
2025-10-04 16:00:00+00:00,25379.031744181215
2025-10-04 18:00:00+00:00,25379.031744181215
2025-10-04 20:00:00+00:00,25379.031744181215
2025-10-04 22:00:00+00:00,25379.031744181215
2025-10-05 00:00:00+00:00,25379.031744181215
2025-10-05 02:00:00+00:00,25379.031744181215
2025-10-05 04:00:00+00:00,25379.031744181215
2025-10-05 06:00:00+00:00,25379.031744181215
2025-10-05 08:00:00+00:00,25379.031744181215
2025-10-05 10:00:00+00:00,25379.031744181215
2025-10-05 12:00:00+00:00,25379.031744181215
2025-10-05 14:00:00+00:00,25379.031744181215
2025-10-05 16:00:00+00:00,25379.031744181215
2025-10-05 18:00:00+00:00,25379.031744181215
2025-10-05 20:00:00+00:00,25379.031744181215
2025-10-05 22:00:00+00:00,25379.031744181215
2025-10-06 00:00:00+00:00,25379.031744181215
2025-10-06 02:00:00+00:00,25379.031744181215
2025-10-06 04:00:00+00:00,25379.031744181215
2025-10-06 06:00:00+00:00,25379.031744181215
2025-10-06 08:00:00+00:00,25379.031744181215
2025-10-06 10:00:00+00:00,25379.031744181215
2025-10-06 12:00:00+00:00,25379.031744181215
2025-10-06 14:00:00+00:00,25379.031744181215
2025-10-06 16:00:00+00:00,25373.555827218508
2025-10-06 18:00:00+00:00,25331.660872958335
2025-10-06 20:00:00+00:00,25216.65511616571
2025-10-06 22:00:00+00:00,25144.365783324636
2025-10-07 00:00:00+00:00,24873.127120580706
2025-10-07 02:00:00+00:00,24873.127120580706
2025-10-07 04:00:00+00:00,24873.127120580706
2025-10-07 06:00:00+00:00,24873.127120580706
2025-10-07 08:00:00+00:00,24873.127120580706
2025-10-07 10:00:00+00:00,24873.127120580706
2025-10-07 12:00:00+00:00,24873.127120580706
2025-10-07 14:00:00+00:00,24873.127120580706
2025-10-07 16:00:00+00:00,24873.127120580706
2025-10-07 18:00:00+00:00,24873.127120580706
2025-10-07 20:00:00+00:00,24873.127120580706
2025-10-07 22:00:00+00:00,24873.127120580706
2025-10-08 00:00:00+00:00,24873.127120580706
2025-10-08 02:00:00+00:00,24873.127120580706
2025-10-08 04:00:00+00:00,24873.127120580706
2025-10-08 06:00:00+00:00,24873.127120580706
2025-10-08 08:00:00+00:00,24873.127120580706
2025-10-08 10:00:00+00:00,24873.127120580706
2025-10-08 12:00:00+00:00,24873.127120580706
2025-10-08 14:00:00+00:00,24873.127120580706
2025-10-08 16:00:00+00:00,24873.127120580706
2025-10-08 18:00:00+00:00,24873.127120580706
2025-10-08 20:00:00+00:00,24873.127120580706
2025-10-08 22:00:00+00:00,24873.127120580706
2025-10-09 00:00:00+00:00,24873.127120580706
2025-10-09 02:00:00+00:00,24873.127120580706
2025-10-09 04:00:00+00:00,24873.127120580706
2025-10-09 06:00:00+00:00,24873.127120580706
2025-10-09 08:00:00+00:00,24873.127120580706
2025-10-09 10:00:00+00:00,24873.127120580706
2025-10-09 12:00:00+00:00,24873.127120580706
2025-10-09 14:00:00+00:00,24873.127120580706
2025-10-09 16:00:00+00:00,24873.127120580706
2025-10-09 18:00:00+00:00,24873.127120580706
2025-10-09 20:00:00+00:00,24873.127120580706
2025-10-09 22:00:00+00:00,24873.127120580706
2025-10-10 00:00:00+00:00,24873.127120580706
2025-10-10 02:00:00+00:00,24873.127120580706
2025-10-10 04:00:00+00:00,24873.127120580706
2025-10-10 06:00:00+00:00,24873.127120580706
2025-10-10 08:00:00+00:00,24873.127120580706
2025-10-10 10:00:00+00:00,24873.127120580706
2025-10-10 12:00:00+00:00,24873.127120580706
2025-10-10 14:00:00+00:00,24873.127120580706
2025-10-10 16:00:00+00:00,24873.127120580706
2025-10-10 18:00:00+00:00,24873.127120580706
2025-10-10 20:00:00+00:00,24873.127120580706
2025-10-10 22:00:00+00:00,24873.127120580706
2025-10-11 00:00:00+00:00,24873.127120580706
2025-10-11 02:00:00+00:00,24873.127120580706
2025-10-11 04:00:00+00:00,24873.127120580706
2025-10-11 06:00:00+00:00,24873.127120580706
2025-10-11 08:00:00+00:00,24873.127120580706
2025-10-11 10:00:00+00:00,24873.127120580706
2025-10-11 12:00:00+00:00,24873.127120580706
2025-10-11 14:00:00+00:00,24873.127120580706
2025-10-11 16:00:00+00:00,24873.127120580706
2025-10-11 18:00:00+00:00,24873.127120580706
2025-10-11 20:00:00+00:00,24873.127120580706
2025-10-11 22:00:00+00:00,24873.127120580706
2025-10-12 00:00:00+00:00,24873.127120580706
2025-10-12 02:00:00+00:00,24873.127120580706
2025-10-12 04:00:00+00:00,24873.127120580706
2025-10-12 06:00:00+00:00,24873.127120580706
2025-10-12 08:00:00+00:00,24873.127120580706
2025-10-12 10:00:00+00:00,24873.127120580706
2025-10-12 12:00:00+00:00,24873.127120580706
2025-10-12 14:00:00+00:00,24873.127120580706
2025-10-12 16:00:00+00:00,24873.127120580706
2025-10-12 18:00:00+00:00,24873.127120580706
2025-10-12 20:00:00+00:00,24873.127120580706
2025-10-12 22:00:00+00:00,24873.127120580706
2025-10-13 00:00:00+00:00,24873.127120580706
2025-10-13 02:00:00+00:00,24873.127120580706
2025-10-13 04:00:00+00:00,24873.127120580706
2025-10-13 06:00:00+00:00,24873.127120580706
2025-10-13 08:00:00+00:00,24873.127120580706
2025-10-13 10:00:00+00:00,24873.127120580706
2025-10-13 12:00:00+00:00,24873.127120580706
2025-10-13 14:00:00+00:00,24873.127120580706
2025-10-13 16:00:00+00:00,24873.127120580706
2025-10-13 18:00:00+00:00,24873.127120580706
2025-10-13 20:00:00+00:00,24873.127120580706
2025-10-13 22:00:00+00:00,24846.44939661305
2025-10-14 00:00:00+00:00,24857.21418290416
2025-10-14 02:00:00+00:00,24352.935039338983
2025-10-14 04:00:00+00:00,23727.478150342056
2025-10-14 06:00:00+00:00,23727.478150342056
2025-10-14 08:00:00+00:00,23727.478150342056
2025-10-14 10:00:00+00:00,23727.478150342056
2025-10-14 12:00:00+00:00,23727.478150342056
2025-10-14 14:00:00+00:00,23727.478150342056
2025-10-14 16:00:00+00:00,23727.478150342056
2025-10-14 18:00:00+00:00,23727.478150342056
2025-10-14 20:00:00+00:00,23727.478150342056
2025-10-14 22:00:00+00:00,23727.478150342056
2025-10-15 00:00:00+00:00,23727.478150342056
2025-10-15 02:00:00+00:00,23727.478150342056
2025-10-15 04:00:00+00:00,23727.478150342056
2025-10-15 06:00:00+00:00,23727.478150342056
2025-10-15 08:00:00+00:00,23727.478150342056
2025-10-15 10:00:00+00:00,23727.478150342056
2025-10-15 12:00:00+00:00,23727.478150342056
2025-10-15 14:00:00+00:00,23727.478150342056
2025-10-15 16:00:00+00:00,23727.478150342056
2025-10-15 18:00:00+00:00,23727.478150342056
2025-10-15 20:00:00+00:00,23727.478150342056
2025-10-15 22:00:00+00:00,23727.478150342056
2025-10-16 00:00:00+00:00,23727.478150342056
2025-10-16 02:00:00+00:00,23727.478150342056
2025-10-16 04:00:00+00:00,23727.478150342056
2025-10-16 06:00:00+00:00,23727.478150342056
2025-10-16 08:00:00+00:00,23727.478150342056
2025-10-16 10:00:00+00:00,23727.478150342056
2025-10-16 12:00:00+00:00,23727.478150342056
2025-10-16 14:00:00+00:00,23727.478150342056
2025-10-16 16:00:00+00:00,23727.478150342056
2025-10-16 18:00:00+00:00,23727.478150342056
2025-10-16 20:00:00+00:00,23727.478150342056
2025-10-16 22:00:00+00:00,23727.478150342056
2025-10-17 00:00:00+00:00,23727.478150342056
2025-10-17 02:00:00+00:00,23727.478150342056
2025-10-17 04:00:00+00:00,23727.478150342056
2025-10-17 06:00:00+00:00,23727.478150342056
2025-10-17 08:00:00+00:00,23727.478150342056
2025-10-17 10:00:00+00:00,23727.478150342056
2025-10-17 12:00:00+00:00,23727.478150342056
2025-10-17 14:00:00+00:00,23727.478150342056
2025-10-17 16:00:00+00:00,23727.478150342056
2025-10-17 18:00:00+00:00,23727.478150342056
2025-10-17 20:00:00+00:00,23727.478150342056
2025-10-17 22:00:00+00:00,23727.478150342056
2025-10-18 00:00:00+00:00,23727.478150342056
2025-10-18 02:00:00+00:00,23727.478150342056
2025-10-18 04:00:00+00:00,23727.478150342056
2025-10-18 06:00:00+00:00,23727.478150342056
2025-10-18 08:00:00+00:00,23727.478150342056
2025-10-18 10:00:00+00:00,23727.478150342056
2025-10-18 12:00:00+00:00,23727.478150342056
2025-10-18 14:00:00+00:00,23727.478150342056
2025-10-18 16:00:00+00:00,23727.478150342056
2025-10-18 18:00:00+00:00,23727.478150342056
2025-10-18 20:00:00+00:00,23727.478150342056
2025-10-18 22:00:00+00:00,23727.478150342056
2025-10-19 00:00:00+00:00,23727.478150342056
2025-10-19 02:00:00+00:00,23727.478150342056
2025-10-19 04:00:00+00:00,23727.478150342056
2025-10-19 06:00:00+00:00,23727.478150342056
2025-10-19 08:00:00+00:00,23727.478150342056
2025-10-19 10:00:00+00:00,23727.478150342056
2025-10-19 12:00:00+00:00,23727.478150342056
2025-10-19 14:00:00+00:00,23727.478150342056
2025-10-19 16:00:00+00:00,23727.478150342056
2025-10-19 18:00:00+00:00,23727.478150342056
2025-10-19 20:00:00+00:00,23727.478150342056
2025-10-19 22:00:00+00:00,23727.478150342056
2025-10-20 00:00:00+00:00,23727.478150342056
2025-10-20 02:00:00+00:00,24454.43459903637
2025-10-20 04:00:00+00:00,24388.0645975058
2025-10-20 06:00:00+00:00,24337.99599985993
2025-10-20 08:00:00+00:00,24173.147518494632
2025-10-20 10:00:00+00:00,24173.147518494632
2025-10-20 12:00:00+00:00,24163.832430560517
2025-10-20 14:00:00+00:00,23981.0238298535
2025-10-20 16:00:00+00:00,23597.03669344255
2025-10-20 18:00:00+00:00,23597.03669344255
2025-10-20 20:00:00+00:00,23597.03669344255
2025-10-20 22:00:00+00:00,23597.03669344255
2025-10-21 00:00:00+00:00,23597.03669344255
2025-10-21 02:00:00+00:00,23597.03669344255
2025-10-21 04:00:00+00:00,23597.03669344255
2025-10-21 06:00:00+00:00,23597.03669344255
2025-10-21 08:00:00+00:00,23597.03669344255
2025-10-21 10:00:00+00:00,23597.03669344255
2025-10-21 12:00:00+00:00,23597.03669344255
2025-10-21 14:00:00+00:00,23597.03669344255
2025-10-21 16:00:00+00:00,23597.03669344255
2025-10-21 18:00:00+00:00,23597.03669344255
2025-10-21 20:00:00+00:00,23597.03669344255
2025-10-21 22:00:00+00:00,23597.03669344255
2025-10-22 00:00:00+00:00,23597.03669344255
2025-10-22 02:00:00+00:00,23597.03669344255
2025-10-22 04:00:00+00:00,23597.03669344255
2025-10-22 06:00:00+00:00,23597.03669344255
2025-10-22 08:00:00+00:00,23597.03669344255
2025-10-22 10:00:00+00:00,23597.03669344255
2025-10-22 12:00:00+00:00,23597.03669344255
2025-10-22 14:00:00+00:00,23597.03669344255
2025-10-22 16:00:00+00:00,23597.03669344255
2025-10-22 18:00:00+00:00,23597.03669344255
2025-10-22 20:00:00+00:00,23597.03669344255
2025-10-22 22:00:00+00:00,23597.03669344255
2025-10-23 00:00:00+00:00,23597.03669344255
2025-10-23 02:00:00+00:00,23597.03669344255
2025-10-23 04:00:00+00:00,23597.03669344255
2025-10-23 06:00:00+00:00,23597.03669344255
2025-10-23 08:00:00+00:00,23597.03669344255
2025-10-23 10:00:00+00:00,23597.03669344255
2025-10-23 12:00:00+00:00,23597.03669344255
2025-10-23 14:00:00+00:00,23597.03669344255
2025-10-23 16:00:00+00:00,23597.03669344255
2025-10-23 18:00:00+00:00,23597.03669344255
2025-10-23 20:00:00+00:00,23597.03669344255
2025-10-23 22:00:00+00:00,23597.03669344255
2025-10-24 00:00:00+00:00,23597.03669344255
2025-10-24 02:00:00+00:00,23597.03669344255
2025-10-24 04:00:00+00:00,23597.03669344255
2025-10-24 06:00:00+00:00,23597.03669344255
2025-10-24 08:00:00+00:00,23597.03669344255
2025-10-24 10:00:00+00:00,23597.03669344255
2025-10-24 12:00:00+00:00,23597.03669344255
2025-10-24 14:00:00+00:00,23597.03669344255
2025-10-24 16:00:00+00:00,23597.03669344255
2025-10-24 18:00:00+00:00,23597.03669344255
2025-10-24 20:00:00+00:00,23597.03669344255
2025-10-24 22:00:00+00:00,23597.03669344255
2025-10-25 00:00:00+00:00,23597.03669344255
2025-10-25 02:00:00+00:00,23597.03669344255
2025-10-25 04:00:00+00:00,23597.03669344255
2025-10-25 06:00:00+00:00,23597.03669344255
2025-10-25 08:00:00+00:00,23597.03669344255
2025-10-25 10:00:00+00:00,23597.03669344255
2025-10-25 12:00:00+00:00,23597.03669344255
2025-10-25 14:00:00+00:00,23597.03669344255
2025-10-25 16:00:00+00:00,23597.03669344255
2025-10-25 18:00:00+00:00,23597.03669344255
2025-10-25 20:00:00+00:00,23492.663831641094
2025-10-25 22:00:00+00:00,23518.913951215276
2025-10-26 00:00:00+00:00,23237.839971552763
2025-10-26 02:00:00+00:00,23237.839971552763
2025-10-26 04:00:00+00:00,23237.839971552763
2025-10-26 06:00:00+00:00,23237.839971552763
2025-10-26 08:00:00+00:00,23237.839971552763
2025-10-26 10:00:00+00:00,23237.839971552763
2025-10-26 12:00:00+00:00,23237.839971552763
2025-10-26 14:00:00+00:00,23237.839971552763
2025-10-26 16:00:00+00:00,23237.839971552763
2025-10-26 18:00:00+00:00,23237.839971552763
2025-10-26 20:00:00+00:00,23237.839971552763
2025-10-26 22:00:00+00:00,23237.839971552763
2025-10-27 00:00:00+00:00,23237.839971552763
2025-10-27 02:00:00+00:00,23237.839971552763
2025-10-27 04:00:00+00:00,23237.839971552763
2025-10-27 06:00:00+00:00,23237.839971552763
2025-10-27 08:00:00+00:00,23237.839971552763
2025-10-27 10:00:00+00:00,23237.839971552763
2025-10-27 12:00:00+00:00,23237.839971552763
2025-10-27 14:00:00+00:00,23237.839971552763
2025-10-27 16:00:00+00:00,23237.839971552763
2025-10-27 18:00:00+00:00,23237.839971552763
2025-10-27 20:00:00+00:00,23237.839971552763
2025-10-27 22:00:00+00:00,23237.839971552763
2025-10-28 00:00:00+00:00,23237.839971552763
2025-10-28 02:00:00+00:00,23237.839971552763
2025-10-28 04:00:00+00:00,23237.839971552763
2025-10-28 06:00:00+00:00,23237.839971552763
2025-10-28 08:00:00+00:00,23237.839971552763
2025-10-28 10:00:00+00:00,23237.839971552763
2025-10-28 12:00:00+00:00,23237.839971552763
2025-10-28 14:00:00+00:00,23237.839971552763
2025-10-28 16:00:00+00:00,23237.839971552763
2025-10-28 18:00:00+00:00,23237.839971552763
2025-10-28 20:00:00+00:00,23237.839971552763
2025-10-28 22:00:00+00:00,23237.839971552763
2025-10-29 00:00:00+00:00,23237.839971552763
2025-10-29 02:00:00+00:00,23237.839971552763
2025-10-29 04:00:00+00:00,23237.839971552763
2025-10-29 06:00:00+00:00,23237.839971552763
2025-10-29 08:00:00+00:00,23237.839971552763
2025-10-29 10:00:00+00:00,23237.839971552763
2025-10-29 12:00:00+00:00,23237.839971552763
2025-10-29 14:00:00+00:00,23237.839971552763
2025-10-29 16:00:00+00:00,23237.839971552763
2025-10-29 18:00:00+00:00,23237.839971552763
2025-10-29 20:00:00+00:00,23237.839971552763
2025-10-29 22:00:00+00:00,23237.839971552763
2025-10-30 00:00:00+00:00,23237.839971552763
2025-10-30 02:00:00+00:00,23237.839971552763
2025-10-30 04:00:00+00:00,23237.839971552763
2025-10-30 06:00:00+00:00,23237.839971552763
2025-10-30 08:00:00+00:00,23237.839971552763
2025-10-30 10:00:00+00:00,23237.839971552763
2025-10-30 12:00:00+00:00,23237.839971552763
2025-10-30 14:00:00+00:00,23237.839971552763
2025-10-30 16:00:00+00:00,23237.839971552763
2025-10-30 18:00:00+00:00,23237.839971552763
2025-10-30 20:00:00+00:00,23237.839971552763
2025-10-30 22:00:00+00:00,23237.839971552763
2025-10-31 00:00:00+00:00,23237.839971552763
2025-10-31 02:00:00+00:00,23237.839971552763
2025-10-31 04:00:00+00:00,23237.839971552763
2025-10-31 06:00:00+00:00,23237.839971552763
2025-10-31 08:00:00+00:00,23237.839971552763
2025-10-31 10:00:00+00:00,23237.839971552763
2025-10-31 12:00:00+00:00,23237.839971552763
2025-10-31 14:00:00+00:00,23237.839971552763
2025-10-31 16:00:00+00:00,23237.839971552763
2025-10-31 18:00:00+00:00,23237.839971552763
2025-10-31 20:00:00+00:00,23237.839971552763
2025-10-31 22:00:00+00:00,23237.839971552763
2025-11-01 00:00:00+00:00,23237.839971552763
2025-11-01 02:00:00+00:00,23237.839971552763
2025-11-01 04:00:00+00:00,23237.839971552763
2025-11-01 06:00:00+00:00,23237.839971552763
2025-11-01 08:00:00+00:00,23237.839971552763
2025-11-01 10:00:00+00:00,23237.839971552763
2025-11-01 12:00:00+00:00,23237.839971552763
2025-11-01 14:00:00+00:00,23237.839971552763
2025-11-01 16:00:00+00:00,23237.839971552763
2025-11-01 18:00:00+00:00,23237.839971552763
2025-11-01 20:00:00+00:00,23237.839971552763
2025-11-01 22:00:00+00:00,23237.839971552763
2025-11-02 00:00:00+00:00,23237.839971552763
2025-11-02 02:00:00+00:00,23237.839971552763
2025-11-02 04:00:00+00:00,23237.839971552763
2025-11-02 06:00:00+00:00,23283.613424890886
2025-11-02 08:00:00+00:00,23043.443143484004
2025-11-02 10:00:00+00:00,22822.255403460218
2025-11-02 12:00:00+00:00,22822.255403460218
2025-11-02 14:00:00+00:00,22822.255403460218
2025-11-02 16:00:00+00:00,22822.255403460218
2025-11-02 18:00:00+00:00,22822.255403460218
2025-11-02 20:00:00+00:00,22822.255403460218
2025-11-02 22:00:00+00:00,22822.255403460218
2025-11-03 00:00:00+00:00,22822.255403460218
2025-11-03 02:00:00+00:00,22822.255403460218
2025-11-03 04:00:00+00:00,22822.255403460218
2025-11-03 06:00:00+00:00,22822.255403460218
2025-11-03 08:00:00+00:00,22822.255403460218
2025-11-03 10:00:00+00:00,22822.255403460218
2025-11-03 12:00:00+00:00,22822.255403460218
2025-11-03 14:00:00+00:00,22822.255403460218
2025-11-03 16:00:00+00:00,22822.255403460218
2025-11-03 18:00:00+00:00,22822.255403460218
2025-11-03 20:00:00+00:00,22822.255403460218
2025-11-03 22:00:00+00:00,22822.255403460218
2025-11-04 00:00:00+00:00,22822.255403460218
2025-11-04 02:00:00+00:00,22822.255403460218
2025-11-04 04:00:00+00:00,22822.255403460218
2025-11-04 06:00:00+00:00,22822.255403460218
2025-11-04 08:00:00+00:00,22822.255403460218
2025-11-04 10:00:00+00:00,22822.255403460218
2025-11-04 12:00:00+00:00,22822.255403460218
2025-11-04 14:00:00+00:00,22822.255403460218
2025-11-04 16:00:00+00:00,22822.255403460218
2025-11-04 18:00:00+00:00,22822.255403460218
2025-11-04 20:00:00+00:00,22822.255403460218
2025-11-04 22:00:00+00:00,22822.255403460218
2025-11-05 00:00:00+00:00,22822.255403460218
2025-11-05 02:00:00+00:00,22822.255403460218
2025-11-05 04:00:00+00:00,22822.255403460218
2025-11-05 06:00:00+00:00,22822.255403460218
2025-11-05 08:00:00+00:00,22822.255403460218
2025-11-05 10:00:00+00:00,22822.255403460218
2025-11-05 12:00:00+00:00,22822.255403460218
2025-11-05 14:00:00+00:00,22822.255403460218
2025-11-05 16:00:00+00:00,22822.255403460218
2025-11-05 18:00:00+00:00,22822.255403460218
2025-11-05 20:00:00+00:00,22822.255403460218
2025-11-05 22:00:00+00:00,22822.255403460218
2025-11-06 00:00:00+00:00,22822.255403460218
2025-11-06 02:00:00+00:00,22822.255403460218
2025-11-06 04:00:00+00:00,22822.255403460218
2025-11-06 06:00:00+00:00,22822.255403460218
2025-11-06 08:00:00+00:00,22822.255403460218
2025-11-06 10:00:00+00:00,22822.255403460218
2025-11-06 12:00:00+00:00,22822.255403460218
2025-11-06 14:00:00+00:00,22822.255403460218
2025-11-06 16:00:00+00:00,22822.255403460218
2025-11-06 18:00:00+00:00,22822.255403460218
2025-11-06 20:00:00+00:00,22822.255403460218
2025-11-06 22:00:00+00:00,22822.255403460218
2025-11-07 00:00:00+00:00,22822.255403460218
2025-11-07 02:00:00+00:00,22822.255403460218
2025-11-07 04:00:00+00:00,22822.255403460218
2025-11-07 06:00:00+00:00,22822.255403460218
2025-11-07 08:00:00+00:00,22822.255403460218
2025-11-07 10:00:00+00:00,22822.255403460218
2025-11-07 12:00:00+00:00,22822.255403460218
2025-11-07 14:00:00+00:00,22822.255403460218
2025-11-07 16:00:00+00:00,22822.255403460218
2025-11-07 18:00:00+00:00,22822.255403460218
2025-11-07 20:00:00+00:00,22822.255403460218
2025-11-07 22:00:00+00:00,22822.255403460218
2025-11-08 00:00:00+00:00,22822.255403460218
2025-11-08 02:00:00+00:00,22822.255403460218
2025-11-08 04:00:00+00:00,22822.255403460218
2025-11-08 06:00:00+00:00,22822.255403460218
2025-11-08 08:00:00+00:00,22822.255403460218
2025-11-08 10:00:00+00:00,22822.255403460218
2025-11-08 12:00:00+00:00,22822.255403460218
2025-11-08 14:00:00+00:00,22822.255403460218
2025-11-08 16:00:00+00:00,22822.255403460218
2025-11-08 18:00:00+00:00,22822.255403460218
2025-11-08 20:00:00+00:00,22822.255403460218
2025-11-08 22:00:00+00:00,22822.255403460218
2025-11-09 00:00:00+00:00,22822.255403460218
2025-11-09 02:00:00+00:00,22822.255403460218
2025-11-09 04:00:00+00:00,22822.255403460218
2025-11-09 06:00:00+00:00,22822.255403460218
2025-11-09 08:00:00+00:00,22822.255403460218
2025-11-09 10:00:00+00:00,22822.255403460218
2025-11-09 12:00:00+00:00,22822.255403460218
2025-11-09 14:00:00+00:00,22822.255403460218
2025-11-09 16:00:00+00:00,22822.255403460218
2025-11-09 18:00:00+00:00,22822.255403460218
2025-11-09 20:00:00+00:00,22822.255403460218
2025-11-09 22:00:00+00:00,22822.255403460218
2025-11-10 00:00:00+00:00,22822.255403460218
2025-11-10 02:00:00+00:00,22822.255403460218
2025-11-10 04:00:00+00:00,22822.255403460218
2025-11-10 06:00:00+00:00,22822.255403460218
2025-11-10 08:00:00+00:00,22822.255403460218
2025-11-10 10:00:00+00:00,22822.255403460218
2025-11-10 12:00:00+00:00,22822.255403460218
2025-11-10 14:00:00+00:00,22822.255403460218
2025-11-10 16:00:00+00:00,22822.255403460218
2025-11-10 18:00:00+00:00,22822.255403460218
2025-11-10 20:00:00+00:00,22822.255403460218
2025-11-10 22:00:00+00:00,22822.255403460218
2025-11-11 00:00:00+00:00,22822.255403460218
2025-11-11 02:00:00+00:00,22822.255403460218
2025-11-11 04:00:00+00:00,22822.255403460218
2025-11-11 06:00:00+00:00,22822.255403460218
2025-11-11 08:00:00+00:00,22822.255403460218
2025-11-11 10:00:00+00:00,22822.255403460218
2025-11-11 12:00:00+00:00,22822.255403460218
2025-11-11 14:00:00+00:00,22822.255403460218
2025-11-11 16:00:00+00:00,22822.255403460218
2025-11-11 18:00:00+00:00,22822.255403460218
2025-11-11 20:00:00+00:00,22822.255403460218
2025-11-11 22:00:00+00:00,22822.255403460218
2025-11-12 00:00:00+00:00,22822.255403460218
2025-11-12 02:00:00+00:00,22822.255403460218
2025-11-12 04:00:00+00:00,22822.255403460218
2025-11-12 06:00:00+00:00,22822.255403460218
2025-11-12 08:00:00+00:00,22822.255403460218
2025-11-12 10:00:00+00:00,22822.255403460218
2025-11-12 12:00:00+00:00,22822.255403460218
2025-11-12 14:00:00+00:00,22822.255403460218
2025-11-12 16:00:00+00:00,22822.255403460218
2025-11-12 18:00:00+00:00,22822.255403460218
2025-11-12 20:00:00+00:00,22822.255403460218
2025-11-12 22:00:00+00:00,22822.255403460218
2025-11-13 00:00:00+00:00,22822.255403460218
2025-11-13 02:00:00+00:00,22822.255403460218
2025-11-13 04:00:00+00:00,22822.255403460218
2025-11-13 06:00:00+00:00,22822.255403460218
2025-11-13 08:00:00+00:00,22822.255403460218
2025-11-13 10:00:00+00:00,22822.255403460218
2025-11-13 12:00:00+00:00,22822.255403460218
2025-11-13 14:00:00+00:00,22822.255403460218
2025-11-13 16:00:00+00:00,22822.255403460218
2025-11-13 18:00:00+00:00,22822.255403460218
2025-11-13 20:00:00+00:00,22822.255403460218
2025-11-13 22:00:00+00:00,22822.255403460218
2025-11-14 00:00:00+00:00,22822.255403460218
2025-11-14 02:00:00+00:00,22822.255403460218
2025-11-14 04:00:00+00:00,22822.255403460218
2025-11-14 06:00:00+00:00,22822.255403460218
2025-11-14 08:00:00+00:00,22822.255403460218
2025-11-14 10:00:00+00:00,22822.255403460218
2025-11-14 12:00:00+00:00,22822.255403460218
2025-11-14 14:00:00+00:00,22822.255403460218
2025-11-14 16:00:00+00:00,22822.255403460218
2025-11-14 18:00:00+00:00,22822.255403460218
2025-11-14 20:00:00+00:00,22822.255403460218
2025-11-14 22:00:00+00:00,22822.255403460218
2025-11-15 00:00:00+00:00,22822.255403460218
2025-11-15 02:00:00+00:00,22822.255403460218
2025-11-15 04:00:00+00:00,22822.255403460218
2025-11-15 06:00:00+00:00,22822.255403460218
2025-11-15 08:00:00+00:00,22822.255403460218
2025-11-15 10:00:00+00:00,22822.255403460218
2025-11-15 12:00:00+00:00,22822.255403460218
2025-11-15 14:00:00+00:00,22822.255403460218
2025-11-15 16:00:00+00:00,22822.255403460218
2025-11-15 18:00:00+00:00,22822.255403460218
2025-11-15 20:00:00+00:00,22822.255403460218
2025-11-15 22:00:00+00:00,22822.255403460218
2025-11-16 00:00:00+00:00,22822.255403460218
2025-11-16 02:00:00+00:00,22822.255403460218
2025-11-16 04:00:00+00:00,22822.255403460218
2025-11-16 06:00:00+00:00,22822.255403460218
2025-11-16 08:00:00+00:00,22822.255403460218
2025-11-16 10:00:00+00:00,22822.255403460218
2025-11-16 12:00:00+00:00,22822.255403460218
2025-11-16 14:00:00+00:00,22822.255403460218
2025-11-16 16:00:00+00:00,22822.255403460218
2025-11-16 18:00:00+00:00,22822.255403460218
2025-11-16 20:00:00+00:00,22822.255403460218
2025-11-16 22:00:00+00:00,22822.255403460218
2025-11-17 00:00:00+00:00,22822.255403460218
2025-11-17 02:00:00+00:00,22822.255403460218
2025-11-17 04:00:00+00:00,22822.255403460218
2025-11-17 06:00:00+00:00,22822.255403460218
2025-11-17 08:00:00+00:00,22822.255403460218
2025-11-17 10:00:00+00:00,22822.255403460218
2025-11-17 12:00:00+00:00,22822.255403460218
2025-11-17 14:00:00+00:00,22822.255403460218
2025-11-17 16:00:00+00:00,22822.255403460218
2025-11-17 18:00:00+00:00,22822.255403460218
2025-11-17 20:00:00+00:00,22822.255403460218
2025-11-17 22:00:00+00:00,22822.255403460218
2025-11-18 00:00:00+00:00,22822.255403460218
2025-11-18 02:00:00+00:00,22822.255403460218
2025-11-18 04:00:00+00:00,22822.255403460218
2025-11-18 06:00:00+00:00,22822.255403460218
2025-11-18 08:00:00+00:00,22822.255403460218
2025-11-18 10:00:00+00:00,22822.255403460218
2025-11-18 12:00:00+00:00,22822.255403460218
2025-11-18 14:00:00+00:00,22822.255403460218
2025-11-18 16:00:00+00:00,22822.255403460218
2025-11-18 18:00:00+00:00,22822.255403460218
2025-11-18 20:00:00+00:00,22822.255403460218
2025-11-18 22:00:00+00:00,22822.255403460218
2025-11-19 00:00:00+00:00,22822.255403460218
2025-11-19 02:00:00+00:00,22822.255403460218
2025-11-19 04:00:00+00:00,22822.255403460218
2025-11-19 06:00:00+00:00,22822.255403460218
2025-11-19 08:00:00+00:00,22822.255403460218
2025-11-19 10:00:00+00:00,22822.255403460218
2025-11-19 12:00:00+00:00,22822.255403460218
2025-11-19 14:00:00+00:00,22822.255403460218
2025-11-19 16:00:00+00:00,22822.255403460218
2025-11-19 18:00:00+00:00,22822.255403460218
2025-11-19 20:00:00+00:00,22822.255403460218
2025-11-19 22:00:00+00:00,22822.255403460218
2025-11-20 00:00:00+00:00,22822.255403460218
2025-11-20 02:00:00+00:00,22822.255403460218
2025-11-20 04:00:00+00:00,22822.255403460218
2025-11-20 06:00:00+00:00,22822.255403460218
2025-11-20 08:00:00+00:00,22822.255403460218
2025-11-20 10:00:00+00:00,22822.255403460218
2025-11-20 12:00:00+00:00,22822.255403460218
2025-11-20 14:00:00+00:00,22822.255403460218
2025-11-20 16:00:00+00:00,22822.255403460218
2025-11-20 18:00:00+00:00,22822.255403460218
2025-11-20 20:00:00+00:00,22822.255403460218
2025-11-20 22:00:00+00:00,22822.255403460218
2025-11-21 00:00:00+00:00,22822.255403460218
2025-11-21 02:00:00+00:00,22822.255403460218
2025-11-21 04:00:00+00:00,22822.255403460218
2025-11-21 06:00:00+00:00,22822.255403460218
2025-11-21 08:00:00+00:00,22822.255403460218
2025-11-21 10:00:00+00:00,22822.255403460218
2025-11-21 12:00:00+00:00,22822.255403460218
2025-11-21 14:00:00+00:00,22822.255403460218
2025-11-21 16:00:00+00:00,22822.255403460218
2025-11-21 18:00:00+00:00,22822.255403460218
2025-11-21 20:00:00+00:00,22822.255403460218
2025-11-21 22:00:00+00:00,22822.255403460218
2025-11-22 00:00:00+00:00,22822.255403460218
2025-11-22 02:00:00+00:00,22822.255403460218
2025-11-22 04:00:00+00:00,22822.255403460218
2025-11-22 06:00:00+00:00,22822.255403460218
2025-11-22 08:00:00+00:00,22822.255403460218
2025-11-22 10:00:00+00:00,22822.255403460218
2025-11-22 12:00:00+00:00,22822.255403460218
2025-11-22 14:00:00+00:00,22822.255403460218
2025-11-22 16:00:00+00:00,22822.255403460218
2025-11-22 18:00:00+00:00,22822.255403460218
2025-11-22 20:00:00+00:00,22822.255403460218
2025-11-22 22:00:00+00:00,22822.255403460218
2025-11-23 00:00:00+00:00,22822.255403460218
2025-11-23 02:00:00+00:00,22822.255403460218
2025-11-23 04:00:00+00:00,22822.255403460218
2025-11-23 06:00:00+00:00,22822.255403460218
2025-11-23 08:00:00+00:00,22822.255403460218
2025-11-23 10:00:00+00:00,22822.255403460218
2025-11-23 12:00:00+00:00,22822.255403460218
2025-11-23 14:00:00+00:00,22822.255403460218
2025-11-23 16:00:00+00:00,22822.255403460218
2025-11-23 18:00:00+00:00,22822.255403460218
2025-11-23 20:00:00+00:00,22822.255403460218
2025-11-23 22:00:00+00:00,22822.255403460218
2025-11-24 00:00:00+00:00,22822.255403460218
2025-11-24 02:00:00+00:00,22822.255403460218
2025-11-24 04:00:00+00:00,22822.255403460218
2025-11-24 06:00:00+00:00,22822.255403460218
2025-11-24 08:00:00+00:00,22822.255403460218
2025-11-24 10:00:00+00:00,22822.255403460218
2025-11-24 12:00:00+00:00,22822.255403460218
2025-11-24 14:00:00+00:00,22822.255403460218
2025-11-24 16:00:00+00:00,22822.255403460218
2025-11-24 18:00:00+00:00,22822.255403460218
2025-11-24 20:00:00+00:00,22822.255403460218
2025-11-24 22:00:00+00:00,22822.255403460218
2025-11-25 00:00:00+00:00,22822.255403460218
2025-11-25 02:00:00+00:00,22822.255403460218
2025-11-25 04:00:00+00:00,22822.255403460218
2025-11-25 06:00:00+00:00,22822.255403460218
2025-11-25 08:00:00+00:00,22822.255403460218
2025-11-25 10:00:00+00:00,22822.255403460218
2025-11-25 12:00:00+00:00,22822.255403460218
2025-11-25 14:00:00+00:00,22822.255403460218
2025-11-25 16:00:00+00:00,22822.255403460218
2025-11-25 18:00:00+00:00,22822.255403460218
2025-11-25 20:00:00+00:00,22822.255403460218
2025-11-25 22:00:00+00:00,22822.255403460218
2025-11-26 00:00:00+00:00,22822.255403460218
2025-11-26 02:00:00+00:00,22822.255403460218
2025-11-26 04:00:00+00:00,22822.255403460218
2025-11-26 06:00:00+00:00,22822.255403460218
2025-11-26 08:00:00+00:00,22822.255403460218
2025-11-26 10:00:00+00:00,22822.255403460218
2025-11-26 12:00:00+00:00,22822.255403460218
2025-11-26 14:00:00+00:00,22822.255403460218
2025-11-26 16:00:00+00:00,22822.255403460218
2025-11-26 18:00:00+00:00,22822.255403460218
2025-11-26 20:00:00+00:00,22822.255403460218
2025-11-26 22:00:00+00:00,22822.255403460218
2025-11-27 00:00:00+00:00,22822.255403460218
2025-11-27 02:00:00+00:00,22822.255403460218
2025-11-27 04:00:00+00:00,22822.255403460218
2025-11-27 06:00:00+00:00,22822.255403460218
2025-11-27 08:00:00+00:00,22822.255403460218
2025-11-27 10:00:00+00:00,22822.255403460218
2025-11-27 12:00:00+00:00,22822.255403460218
2025-11-27 14:00:00+00:00,22822.255403460218
2025-11-27 16:00:00+00:00,22822.255403460218
2025-11-27 18:00:00+00:00,22822.255403460218
2025-11-27 20:00:00+00:00,22822.255403460218
2025-11-27 22:00:00+00:00,22822.255403460218
2025-11-28 00:00:00+00:00,22822.255403460218
2025-11-28 02:00:00+00:00,22822.255403460218
2025-11-28 04:00:00+00:00,22822.255403460218
2025-11-28 06:00:00+00:00,22822.255403460218
2025-11-28 08:00:00+00:00,22822.255403460218
2025-11-28 10:00:00+00:00,22822.255403460218
2025-11-28 12:00:00+00:00,22822.255403460218
2025-11-28 14:00:00+00:00,22822.255403460218
2025-11-28 16:00:00+00:00,22822.255403460218
2025-11-28 18:00:00+00:00,22822.255403460218
2025-11-28 20:00:00+00:00,22822.255403460218
2025-11-28 22:00:00+00:00,22822.255403460218
2025-11-29 00:00:00+00:00,22822.255403460218
2025-11-29 02:00:00+00:00,22822.255403460218
2025-11-29 04:00:00+00:00,22822.255403460218
2025-11-29 06:00:00+00:00,22822.255403460218
2025-11-29 08:00:00+00:00,22822.255403460218
2025-11-29 10:00:00+00:00,22822.255403460218
2025-11-29 12:00:00+00:00,22822.255403460218
2025-11-29 14:00:00+00:00,22822.255403460218
2025-11-29 16:00:00+00:00,22822.255403460218
2025-11-29 18:00:00+00:00,22822.255403460218
2025-11-29 20:00:00+00:00,22822.255403460218
2025-11-29 22:00:00+00:00,22822.255403460218
2025-11-30 00:00:00+00:00,22822.255403460218
2025-11-30 02:00:00+00:00,22822.255403460218
2025-11-30 04:00:00+00:00,22822.255403460218
2025-11-30 06:00:00+00:00,22822.255403460218
2025-11-30 08:00:00+00:00,22822.255403460218
2025-11-30 10:00:00+00:00,22822.255403460218
2025-11-30 12:00:00+00:00,22822.255403460218
2025-11-30 14:00:00+00:00,22822.255403460218
2025-11-30 16:00:00+00:00,22822.255403460218
2025-11-30 18:00:00+00:00,22822.255403460218
2025-11-30 20:00:00+00:00,22822.255403460218
2025-11-30 22:00:00+00:00,22822.255403460218
2025-12-01 00:00:00+00:00,22822.255403460218
2025-12-01 02:00:00+00:00,22822.255403460218
2025-12-01 04:00:00+00:00,22822.255403460218
2025-12-01 06:00:00+00:00,22822.255403460218
2025-12-01 08:00:00+00:00,22822.255403460218
2025-12-01 10:00:00+00:00,22822.255403460218
2025-12-01 12:00:00+00:00,22822.255403460218
2025-12-01 14:00:00+00:00,22822.255403460218
2025-12-01 16:00:00+00:00,22822.255403460218
2025-12-01 18:00:00+00:00,22822.255403460218
2025-12-01 20:00:00+00:00,22822.255403460218
2025-12-01 22:00:00+00:00,22822.255403460218
2025-12-02 00:00:00+00:00,22822.255403460218
2025-12-02 02:00:00+00:00,22822.255403460218
2025-12-02 04:00:00+00:00,22822.255403460218
2025-12-02 06:00:00+00:00,22822.255403460218
2025-12-02 08:00:00+00:00,22822.255403460218
2025-12-02 10:00:00+00:00,22822.255403460218
2025-12-02 12:00:00+00:00,22822.255403460218
2025-12-02 14:00:00+00:00,22822.255403460218
2025-12-02 16:00:00+00:00,22822.255403460218
2025-12-02 18:00:00+00:00,22822.255403460218
2025-12-02 20:00:00+00:00,22822.255403460218
2025-12-02 22:00:00+00:00,22822.255403460218
2025-12-03 00:00:00+00:00,22822.255403460218
2025-12-03 02:00:00+00:00,22822.255403460218
2025-12-03 04:00:00+00:00,22822.255403460218
2025-12-03 06:00:00+00:00,22822.255403460218
2025-12-03 08:00:00+00:00,22822.255403460218
2025-12-03 10:00:00+00:00,22822.255403460218
2025-12-03 12:00:00+00:00,22822.255403460218
2025-12-03 14:00:00+00:00,22822.255403460218
2025-12-03 16:00:00+00:00,22822.255403460218
2025-12-03 18:00:00+00:00,22822.255403460218
2025-12-03 20:00:00+00:00,22822.255403460218
2025-12-03 22:00:00+00:00,22822.255403460218
2025-12-04 00:00:00+00:00,22822.255403460218
2025-12-04 02:00:00+00:00,22822.255403460218
2025-12-04 04:00:00+00:00,22822.255403460218
2025-12-04 06:00:00+00:00,22822.255403460218
2025-12-04 08:00:00+00:00,22822.255403460218
2025-12-04 10:00:00+00:00,22822.255403460218
2025-12-04 12:00:00+00:00,22822.255403460218
2025-12-04 14:00:00+00:00,22822.255403460218
2025-12-04 16:00:00+00:00,22822.255403460218
2025-12-04 18:00:00+00:00,22822.255403460218
2025-12-04 20:00:00+00:00,22822.255403460218
2025-12-04 22:00:00+00:00,22822.255403460218
2025-12-05 00:00:00+00:00,22822.255403460218
2025-12-05 02:00:00+00:00,22822.255403460218
2025-12-05 04:00:00+00:00,22822.255403460218
2025-12-05 06:00:00+00:00,22822.255403460218
2025-12-05 08:00:00+00:00,22822.255403460218
2025-12-05 10:00:00+00:00,22822.255403460218
2025-12-05 12:00:00+00:00,22822.255403460218
2025-12-05 14:00:00+00:00,22822.255403460218
2025-12-05 16:00:00+00:00,22822.255403460218
2025-12-05 18:00:00+00:00,22822.255403460218
2025-12-05 20:00:00+00:00,22822.255403460218
2025-12-05 22:00:00+00:00,22822.255403460218
2025-12-06 00:00:00+00:00,22822.255403460218
2025-12-06 02:00:00+00:00,22822.255403460218
2025-12-06 04:00:00+00:00,22822.255403460218
2025-12-06 06:00:00+00:00,22822.255403460218
2025-12-06 08:00:00+00:00,22822.255403460218
2025-12-06 10:00:00+00:00,22822.255403460218
2025-12-06 12:00:00+00:00,22822.255403460218
2025-12-06 14:00:00+00:00,22822.255403460218
2025-12-06 16:00:00+00:00,22822.255403460218
2025-12-06 18:00:00+00:00,22822.255403460218
2025-12-06 20:00:00+00:00,22822.255403460218
2025-12-06 22:00:00+00:00,22822.255403460218
2025-12-07 00:00:00+00:00,22822.255403460218
2025-12-07 02:00:00+00:00,22822.255403460218
2025-12-07 04:00:00+00:00,22822.255403460218
2025-12-07 06:00:00+00:00,22822.255403460218
2025-12-07 08:00:00+00:00,22822.255403460218
2025-12-07 10:00:00+00:00,22822.255403460218
2025-12-07 12:00:00+00:00,22822.255403460218
2025-12-07 14:00:00+00:00,22822.255403460218
2025-12-07 16:00:00+00:00,22822.255403460218
2025-12-07 18:00:00+00:00,22822.255403460218
2025-12-07 20:00:00+00:00,22822.255403460218
2025-12-07 22:00:00+00:00,22822.255403460218
2025-12-08 00:00:00+00:00,22822.255403460218
2025-12-08 02:00:00+00:00,22822.255403460218
2025-12-08 04:00:00+00:00,22822.255403460218
2025-12-08 06:00:00+00:00,22822.255403460218
2025-12-08 08:00:00+00:00,22822.255403460218
2025-12-08 10:00:00+00:00,22822.255403460218
2025-12-08 12:00:00+00:00,22822.255403460218
2025-12-08 14:00:00+00:00,22822.255403460218
2025-12-08 16:00:00+00:00,22822.255403460218
2025-12-08 18:00:00+00:00,22822.255403460218
2025-12-08 20:00:00+00:00,22822.255403460218
2025-12-08 22:00:00+00:00,22822.255403460218
2025-12-09 00:00:00+00:00,22822.255403460218
2025-12-09 02:00:00+00:00,22822.255403460218
2025-12-09 04:00:00+00:00,22822.255403460218
2025-12-09 06:00:00+00:00,22822.255403460218
2025-12-09 08:00:00+00:00,22822.255403460218
2025-12-09 10:00:00+00:00,22822.255403460218
2025-12-09 12:00:00+00:00,22822.255403460218
2025-12-09 14:00:00+00:00,22822.255403460218
2025-12-09 16:00:00+00:00,22822.255403460218
2025-12-09 18:00:00+00:00,22822.255403460218
2025-12-09 20:00:00+00:00,22822.255403460218
2025-12-09 22:00:00+00:00,22822.255403460218
2025-12-10 00:00:00+00:00,22822.255403460218
2025-12-10 02:00:00+00:00,22822.255403460218
2025-12-10 04:00:00+00:00,22822.255403460218
2025-12-10 06:00:00+00:00,22822.255403460218
2025-12-10 08:00:00+00:00,22822.255403460218
2025-12-10 10:00:00+00:00,22822.255403460218
2025-12-10 12:00:00+00:00,22822.255403460218
2025-12-10 14:00:00+00:00,22822.255403460218
2025-12-10 16:00:00+00:00,22822.255403460218
2025-12-10 18:00:00+00:00,22822.255403460218
2025-12-10 20:00:00+00:00,22822.255403460218
2025-12-10 22:00:00+00:00,22822.255403460218
2025-12-11 00:00:00+00:00,22822.255403460218
2025-12-11 02:00:00+00:00,22822.255403460218
2025-12-11 04:00:00+00:00,22822.255403460218
2025-12-11 06:00:00+00:00,22822.255403460218
2025-12-11 08:00:00+00:00,22822.255403460218
2025-12-11 10:00:00+00:00,22822.255403460218
2025-12-11 12:00:00+00:00,22822.255403460218
2025-12-11 14:00:00+00:00,22822.255403460218
2025-12-11 16:00:00+00:00,22822.255403460218
2025-12-11 18:00:00+00:00,22822.255403460218
2025-12-11 20:00:00+00:00,22822.255403460218
2025-12-11 22:00:00+00:00,22822.255403460218
2025-12-12 00:00:00+00:00,22822.255403460218
2025-12-12 02:00:00+00:00,22822.255403460218
2025-12-12 04:00:00+00:00,22822.255403460218
2025-12-12 06:00:00+00:00,22822.255403460218
2025-12-12 08:00:00+00:00,22822.255403460218
2025-12-12 10:00:00+00:00,22822.255403460218
2025-12-12 12:00:00+00:00,22822.255403460218
2025-12-12 14:00:00+00:00,22822.255403460218
2025-12-12 16:00:00+00:00,22822.255403460218
2025-12-12 18:00:00+00:00,22822.255403460218
2025-12-12 20:00:00+00:00,22822.255403460218
2025-12-12 22:00:00+00:00,22822.255403460218
2025-12-13 00:00:00+00:00,22822.255403460218
2025-12-13 02:00:00+00:00,22822.255403460218
2025-12-13 04:00:00+00:00,22822.255403460218
2025-12-13 06:00:00+00:00,22822.255403460218
2025-12-13 08:00:00+00:00,22822.255403460218
2025-12-13 10:00:00+00:00,22822.255403460218
2025-12-13 12:00:00+00:00,22822.255403460218
2025-12-13 14:00:00+00:00,22822.255403460218
2025-12-13 16:00:00+00:00,22822.255403460218
2025-12-13 18:00:00+00:00,22822.255403460218
2025-12-13 20:00:00+00:00,22822.255403460218
2025-12-13 22:00:00+00:00,22822.255403460218
2025-12-14 00:00:00+00:00,22822.255403460218
2025-12-14 02:00:00+00:00,22822.255403460218
2025-12-14 04:00:00+00:00,22822.255403460218
2025-12-14 06:00:00+00:00,22822.255403460218
2025-12-14 08:00:00+00:00,22822.255403460218
2025-12-14 10:00:00+00:00,22822.255403460218
2025-12-14 12:00:00+00:00,22822.255403460218
2025-12-14 14:00:00+00:00,22822.255403460218
2025-12-14 16:00:00+00:00,22822.255403460218
2025-12-14 18:00:00+00:00,22822.255403460218
2025-12-14 20:00:00+00:00,22822.255403460218
2025-12-14 22:00:00+00:00,22822.255403460218
2025-12-15 00:00:00+00:00,22822.255403460218
2025-12-15 02:00:00+00:00,22822.255403460218
2025-12-15 04:00:00+00:00,22822.255403460218
2025-12-15 06:00:00+00:00,22822.255403460218
2025-12-15 08:00:00+00:00,22822.255403460218
2025-12-15 10:00:00+00:00,22822.255403460218
2025-12-15 12:00:00+00:00,22822.255403460218
2025-12-15 14:00:00+00:00,22822.255403460218
2025-12-15 16:00:00+00:00,22822.255403460218
2025-12-15 18:00:00+00:00,22822.255403460218
2025-12-15 20:00:00+00:00,22822.255403460218
2025-12-15 22:00:00+00:00,22822.255403460218
2025-12-16 00:00:00+00:00,22822.255403460218
2025-12-16 02:00:00+00:00,22822.255403460218
2025-12-16 04:00:00+00:00,22822.255403460218
2025-12-16 06:00:00+00:00,22822.255403460218
2025-12-16 08:00:00+00:00,22822.255403460218
2025-12-16 10:00:00+00:00,22822.255403460218
2025-12-16 12:00:00+00:00,22822.255403460218
2025-12-16 14:00:00+00:00,22822.255403460218
2025-12-16 16:00:00+00:00,22822.255403460218
2025-12-16 18:00:00+00:00,22822.255403460218
2025-12-16 20:00:00+00:00,22822.255403460218
2025-12-16 22:00:00+00:00,22822.255403460218
2025-12-17 00:00:00+00:00,22822.255403460218
2025-12-17 02:00:00+00:00,22822.255403460218
2025-12-17 04:00:00+00:00,22822.255403460218
2025-12-17 06:00:00+00:00,22822.255403460218
2025-12-17 08:00:00+00:00,22822.255403460218
2025-12-17 10:00:00+00:00,22822.255403460218
2025-12-17 12:00:00+00:00,22822.255403460218
2025-12-17 14:00:00+00:00,22822.255403460218
2025-12-17 16:00:00+00:00,22822.255403460218
2025-12-17 18:00:00+00:00,22822.255403460218
2025-12-17 20:00:00+00:00,22822.255403460218
2025-12-17 22:00:00+00:00,22822.255403460218
2025-12-18 00:00:00+00:00,22822.255403460218
2025-12-18 02:00:00+00:00,22822.255403460218
2025-12-18 04:00:00+00:00,22822.255403460218
2025-12-18 06:00:00+00:00,22822.255403460218
2025-12-18 08:00:00+00:00,22822.255403460218
2025-12-18 10:00:00+00:00,22822.255403460218
2025-12-18 12:00:00+00:00,22822.255403460218
2025-12-18 14:00:00+00:00,22822.255403460218
2025-12-18 16:00:00+00:00,22822.255403460218
2025-12-18 18:00:00+00:00,22822.255403460218
2025-12-18 20:00:00+00:00,22822.255403460218
2025-12-18 22:00:00+00:00,22822.255403460218
2025-12-19 00:00:00+00:00,22822.255403460218
2025-12-19 02:00:00+00:00,22822.255403460218
2025-12-19 04:00:00+00:00,22822.255403460218
2025-12-19 06:00:00+00:00,22822.255403460218
2025-12-19 08:00:00+00:00,22822.255403460218
2025-12-19 10:00:00+00:00,22822.255403460218
2025-12-19 12:00:00+00:00,22822.255403460218
2025-12-19 14:00:00+00:00,22822.255403460218
2025-12-19 16:00:00+00:00,22822.255403460218
2025-12-19 18:00:00+00:00,22822.255403460218
2025-12-19 20:00:00+00:00,22822.255403460218
2025-12-19 22:00:00+00:00,22822.255403460218
2025-12-20 00:00:00+00:00,22822.255403460218
2025-12-20 02:00:00+00:00,22822.255403460218
2025-12-20 04:00:00+00:00,22822.255403460218
2025-12-20 06:00:00+00:00,22822.255403460218
2025-12-20 08:00:00+00:00,22822.255403460218
2025-12-20 10:00:00+00:00,22822.255403460218
2025-12-20 12:00:00+00:00,22822.255403460218
2025-12-20 14:00:00+00:00,22822.255403460218
2025-12-20 16:00:00+00:00,22822.255403460218
2025-12-20 18:00:00+00:00,22822.255403460218
2025-12-20 20:00:00+00:00,22822.255403460218
2025-12-20 22:00:00+00:00,22822.255403460218
2025-12-21 00:00:00+00:00,22822.255403460218
2025-12-21 02:00:00+00:00,22822.255403460218
2025-12-21 04:00:00+00:00,22822.255403460218
2025-12-21 06:00:00+00:00,22822.255403460218
2025-12-21 08:00:00+00:00,22822.255403460218
2025-12-21 10:00:00+00:00,22822.255403460218
2025-12-21 12:00:00+00:00,22822.255403460218
2025-12-21 14:00:00+00:00,22822.255403460218
2025-12-21 16:00:00+00:00,22822.255403460218
2025-12-21 18:00:00+00:00,22822.255403460218
2025-12-21 20:00:00+00:00,22822.255403460218
2025-12-21 22:00:00+00:00,22822.255403460218
2025-12-22 00:00:00+00:00,22822.255403460218
2025-12-22 02:00:00+00:00,22822.255403460218
2025-12-22 04:00:00+00:00,22822.255403460218
2025-12-22 06:00:00+00:00,22822.255403460218
2025-12-22 08:00:00+00:00,22822.255403460218
2025-12-22 10:00:00+00:00,22822.255403460218
2025-12-22 12:00:00+00:00,22822.255403460218
2025-12-22 14:00:00+00:00,22822.255403460218
2025-12-22 16:00:00+00:00,22822.255403460218
2025-12-22 18:00:00+00:00,22822.255403460218
2025-12-22 20:00:00+00:00,22822.255403460218
2025-12-22 22:00:00+00:00,22822.255403460218
2025-12-23 00:00:00+00:00,22822.255403460218
2025-12-23 02:00:00+00:00,22822.255403460218
2025-12-23 04:00:00+00:00,22822.255403460218
2025-12-23 06:00:00+00:00,22822.255403460218
2025-12-23 08:00:00+00:00,22822.255403460218
2025-12-23 10:00:00+00:00,22822.255403460218
2025-12-23 12:00:00+00:00,22822.255403460218
2025-12-23 14:00:00+00:00,22822.255403460218
2025-12-23 16:00:00+00:00,22822.255403460218
2025-12-23 18:00:00+00:00,22822.255403460218
2025-12-23 20:00:00+00:00,22822.255403460218
2025-12-23 22:00:00+00:00,22822.255403460218
2025-12-24 00:00:00+00:00,22822.255403460218
2025-12-24 02:00:00+00:00,22822.255403460218
2025-12-24 04:00:00+00:00,22822.255403460218
2025-12-24 06:00:00+00:00,22822.255403460218
2025-12-24 08:00:00+00:00,22822.255403460218
2025-12-24 10:00:00+00:00,22822.255403460218
2025-12-24 12:00:00+00:00,22822.255403460218
2025-12-24 14:00:00+00:00,22822.255403460218
2025-12-24 16:00:00+00:00,22822.255403460218
2025-12-24 18:00:00+00:00,22822.255403460218
2025-12-24 20:00:00+00:00,22822.255403460218
2025-12-24 22:00:00+00:00,22822.255403460218
2025-12-25 00:00:00+00:00,22822.255403460218
2025-12-25 02:00:00+00:00,22822.255403460218
2025-12-25 04:00:00+00:00,22822.255403460218
2025-12-25 06:00:00+00:00,22822.255403460218
2025-12-25 08:00:00+00:00,22822.255403460218
2025-12-25 10:00:00+00:00,22822.255403460218
2025-12-25 12:00:00+00:00,22822.255403460218
2025-12-25 14:00:00+00:00,22822.255403460218
2025-12-25 16:00:00+00:00,22822.255403460218
2025-12-25 18:00:00+00:00,22822.255403460218
2025-12-25 20:00:00+00:00,22822.255403460218
2025-12-25 22:00:00+00:00,22822.255403460218
2025-12-26 00:00:00+00:00,22822.255403460218
2025-12-26 02:00:00+00:00,22822.255403460218
2025-12-26 04:00:00+00:00,22822.255403460218
2025-12-26 06:00:00+00:00,22822.255403460218
2025-12-26 08:00:00+00:00,22822.255403460218
2025-12-26 10:00:00+00:00,22822.255403460218
2025-12-26 12:00:00+00:00,22822.255403460218
2025-12-26 14:00:00+00:00,22822.255403460218
2025-12-26 16:00:00+00:00,22822.255403460218
2025-12-26 18:00:00+00:00,22822.255403460218
2025-12-26 20:00:00+00:00,22822.255403460218
2025-12-26 22:00:00+00:00,22822.255403460218
2025-12-27 00:00:00+00:00,22822.255403460218
2025-12-27 02:00:00+00:00,22822.255403460218
2025-12-27 04:00:00+00:00,22822.255403460218
2025-12-27 06:00:00+00:00,22822.255403460218
2025-12-27 08:00:00+00:00,22822.255403460218
2025-12-27 10:00:00+00:00,22822.255403460218
2025-12-27 12:00:00+00:00,22822.255403460218
2025-12-27 14:00:00+00:00,22822.255403460218
2025-12-27 16:00:00+00:00,22822.255403460218
2025-12-27 18:00:00+00:00,22822.255403460218
2025-12-27 20:00:00+00:00,22822.255403460218
2025-12-27 22:00:00+00:00,22822.255403460218
2025-12-28 00:00:00+00:00,22822.255403460218
2025-12-28 02:00:00+00:00,22822.255403460218
2025-12-28 04:00:00+00:00,22822.255403460218
2025-12-28 06:00:00+00:00,22822.255403460218
2025-12-28 08:00:00+00:00,22822.255403460218
2025-12-28 10:00:00+00:00,22822.255403460218
2025-12-28 12:00:00+00:00,22822.255403460218
2025-12-28 14:00:00+00:00,22822.255403460218
2025-12-28 16:00:00+00:00,22822.255403460218
2025-12-28 18:00:00+00:00,22822.255403460218
2025-12-28 20:00:00+00:00,22822.255403460218
2025-12-28 22:00:00+00:00,22822.255403460218
2025-12-29 00:00:00+00:00,22822.255403460218
2025-12-29 02:00:00+00:00,22822.255403460218
2025-12-29 04:00:00+00:00,22822.255403460218
2025-12-29 06:00:00+00:00,22822.255403460218
2025-12-29 08:00:00+00:00,22822.255403460218
2025-12-29 10:00:00+00:00,22822.255403460218
2025-12-29 12:00:00+00:00,22822.255403460218
2025-12-29 14:00:00+00:00,22822.255403460218
2025-12-29 16:00:00+00:00,22822.255403460218
2025-12-29 18:00:00+00:00,22822.255403460218
2025-12-29 20:00:00+00:00,22822.255403460218
2025-12-29 22:00:00+00:00,22822.255403460218
2025-12-30 00:00:00+00:00,22822.255403460218
2025-12-30 02:00:00+00:00,22822.255403460218
2025-12-30 04:00:00+00:00,22822.255403460218
2025-12-30 06:00:00+00:00,22822.255403460218
2025-12-30 08:00:00+00:00,22822.255403460218
2025-12-30 10:00:00+00:00,22822.255403460218
2025-12-30 12:00:00+00:00,22822.255403460218
2025-12-30 14:00:00+00:00,22822.255403460218
2025-12-30 16:00:00+00:00,22822.255403460218
2025-12-30 18:00:00+00:00,22822.255403460218
2025-12-30 20:00:00+00:00,22822.255403460218
2025-12-30 22:00:00+00:00,22822.255403460218
2025-12-31 00:00:00+00:00,22822.255403460218
2025-12-31 02:00:00+00:00,22822.255403460218
2025-12-31 04:00:00+00:00,22822.255403460218
2025-12-31 06:00:00+00:00,22822.255403460218
2025-12-31 08:00:00+00:00,22822.255403460218
2025-12-31 10:00:00+00:00,22822.255403460218
2025-12-31 12:00:00+00:00,22822.255403460218
2025-12-31 14:00:00+00:00,22822.255403460218
2025-12-31 16:00:00+00:00,22822.255403460218
2025-12-31 18:00:00+00:00,22822.255403460218
2025-12-31 20:00:00+00:00,22822.255403460218
2025-12-31 22:00:00+00:00,22822.255403460218
2026-01-01 00:00:00+00:00,22822.255403460218
2026-01-01 02:00:00+00:00,22822.255403460218
2026-01-01 04:00:00+00:00,22822.255403460218
2026-01-01 06:00:00+00:00,22822.255403460218
2026-01-01 08:00:00+00:00,22822.255403460218
2026-01-01 10:00:00+00:00,22822.255403460218
2026-01-01 12:00:00+00:00,22822.255403460218
2026-01-01 14:00:00+00:00,22822.255403460218
2026-01-01 16:00:00+00:00,22822.255403460218
2026-01-01 18:00:00+00:00,22822.255403460218
2026-01-01 20:00:00+00:00,22822.255403460218
2026-01-01 22:00:00+00:00,22822.255403460218
2026-01-02 00:00:00+00:00,22822.255403460218
2026-01-02 02:00:00+00:00,22822.255403460218
2026-01-02 04:00:00+00:00,22822.255403460218
2026-01-02 06:00:00+00:00,22822.255403460218
2026-01-02 08:00:00+00:00,22822.255403460218
2026-01-02 10:00:00+00:00,22822.255403460218
2026-01-02 12:00:00+00:00,22822.255403460218
2026-01-02 14:00:00+00:00,22822.255403460218
2026-01-02 16:00:00+00:00,22822.255403460218
2026-01-02 18:00:00+00:00,22822.255403460218
2026-01-02 20:00:00+00:00,22822.255403460218
2026-01-02 22:00:00+00:00,22822.255403460218
2026-01-03 00:00:00+00:00,22822.255403460218
2026-01-03 02:00:00+00:00,22822.255403460218
2026-01-03 04:00:00+00:00,22822.255403460218
2026-01-03 06:00:00+00:00,22822.255403460218
2026-01-03 08:00:00+00:00,22822.255403460218
2026-01-03 10:00:00+00:00,22822.255403460218
2026-01-03 12:00:00+00:00,22822.255403460218
2026-01-03 14:00:00+00:00,22822.255403460218
2026-01-03 16:00:00+00:00,22822.255403460218
2026-01-03 18:00:00+00:00,22822.255403460218
2026-01-03 20:00:00+00:00,22822.255403460218
2026-01-03 22:00:00+00:00,22822.255403460218
2026-01-04 00:00:00+00:00,22822.255403460218
2026-01-04 02:00:00+00:00,22822.255403460218
2026-01-04 04:00:00+00:00,22822.255403460218
2026-01-04 06:00:00+00:00,22822.255403460218
2026-01-04 08:00:00+00:00,22822.255403460218
2026-01-04 10:00:00+00:00,22822.255403460218
2026-01-04 12:00:00+00:00,22822.255403460218
2026-01-04 14:00:00+00:00,22822.255403460218
2026-01-04 16:00:00+00:00,22822.255403460218
2026-01-04 18:00:00+00:00,22822.255403460218
2026-01-04 20:00:00+00:00,22822.255403460218
2026-01-04 22:00:00+00:00,22822.255403460218
2026-01-05 00:00:00+00:00,22822.255403460218
2026-01-05 02:00:00+00:00,22822.255403460218
2026-01-05 04:00:00+00:00,22822.255403460218
2026-01-05 06:00:00+00:00,22822.255403460218
2026-01-05 08:00:00+00:00,22822.255403460218
2026-01-05 10:00:00+00:00,22822.255403460218
2026-01-05 12:00:00+00:00,22822.255403460218
2026-01-05 14:00:00+00:00,22822.255403460218
2026-01-05 16:00:00+00:00,22822.255403460218
2026-01-05 18:00:00+00:00,22822.255403460218
2026-01-05 20:00:00+00:00,22822.255403460218
2026-01-05 22:00:00+00:00,22822.255403460218
2026-01-06 00:00:00+00:00,22822.255403460218
2026-01-06 02:00:00+00:00,22822.255403460218
2026-01-06 04:00:00+00:00,22822.255403460218
2026-01-06 06:00:00+00:00,22822.255403460218
2026-01-06 08:00:00+00:00,22822.255403460218
2026-01-06 10:00:00+00:00,22822.255403460218
2026-01-06 12:00:00+00:00,22822.255403460218
2026-01-06 14:00:00+00:00,22822.255403460218
2026-01-06 16:00:00+00:00,22822.255403460218
2026-01-06 18:00:00+00:00,22822.255403460218
2026-01-06 20:00:00+00:00,22822.255403460218
2026-01-06 22:00:00+00:00,22822.255403460218
2026-01-07 00:00:00+00:00,22822.255403460218
2026-01-07 02:00:00+00:00,22822.255403460218
2026-01-07 04:00:00+00:00,22822.255403460218
2026-01-07 06:00:00+00:00,22822.255403460218
2026-01-07 08:00:00+00:00,22822.255403460218
2026-01-07 10:00:00+00:00,22822.255403460218
2026-01-07 12:00:00+00:00,22822.255403460218
2026-01-07 14:00:00+00:00,22822.255403460218
2026-01-07 16:00:00+00:00,22822.255403460218
2026-01-07 18:00:00+00:00,22822.255403460218
2026-01-07 20:00:00+00:00,22822.255403460218
2026-01-07 22:00:00+00:00,22822.255403460218
2026-01-08 00:00:00+00:00,22822.255403460218
2026-01-08 02:00:00+00:00,22822.255403460218
2026-01-08 04:00:00+00:00,22822.255403460218
2026-01-08 06:00:00+00:00,22822.255403460218
2026-01-08 08:00:00+00:00,22822.255403460218
2026-01-08 10:00:00+00:00,22822.255403460218
2026-01-08 12:00:00+00:00,22822.255403460218
2026-01-08 14:00:00+00:00,22822.255403460218
2026-01-08 16:00:00+00:00,22822.255403460218
2026-01-08 18:00:00+00:00,22822.255403460218
2026-01-08 20:00:00+00:00,22822.255403460218
2026-01-08 22:00:00+00:00,22822.255403460218
2026-01-09 00:00:00+00:00,22822.255403460218
2026-01-09 02:00:00+00:00,22822.255403460218
2026-01-09 04:00:00+00:00,22822.255403460218
2026-01-09 06:00:00+00:00,22822.255403460218
2026-01-09 08:00:00+00:00,22822.255403460218
2026-01-09 10:00:00+00:00,22822.255403460218
2026-01-09 12:00:00+00:00,22822.255403460218
2026-01-09 14:00:00+00:00,22822.255403460218
2026-01-09 16:00:00+00:00,22822.255403460218
2026-01-09 18:00:00+00:00,22822.255403460218
2026-01-09 20:00:00+00:00,22822.255403460218
2026-01-09 22:00:00+00:00,22822.255403460218
2026-01-10 00:00:00+00:00,22822.255403460218
2026-01-10 02:00:00+00:00,22822.255403460218
2026-01-10 04:00:00+00:00,22822.255403460218
2026-01-10 06:00:00+00:00,22822.255403460218
2026-01-10 08:00:00+00:00,22822.255403460218
2026-01-10 10:00:00+00:00,22822.255403460218
2026-01-10 12:00:00+00:00,22822.255403460218
2026-01-10 14:00:00+00:00,22822.255403460218
2026-01-10 16:00:00+00:00,22822.255403460218
2026-01-10 18:00:00+00:00,22822.255403460218
2026-01-10 20:00:00+00:00,22822.255403460218
2026-01-10 22:00:00+00:00,22822.255403460218
2026-01-11 00:00:00+00:00,22822.255403460218
2026-01-11 02:00:00+00:00,22822.255403460218
2026-01-11 04:00:00+00:00,22822.255403460218
2026-01-11 06:00:00+00:00,22822.255403460218
2026-01-11 08:00:00+00:00,22822.255403460218
2026-01-11 10:00:00+00:00,22822.255403460218
2026-01-11 12:00:00+00:00,22822.255403460218
2026-01-11 14:00:00+00:00,22822.255403460218
2026-01-11 16:00:00+00:00,22822.255403460218
2026-01-11 18:00:00+00:00,22822.255403460218
2026-01-11 20:00:00+00:00,22822.255403460218
2026-01-11 22:00:00+00:00,22822.255403460218
2026-01-12 00:00:00+00:00,22822.255403460218
2026-01-12 02:00:00+00:00,22822.255403460218
2026-01-12 04:00:00+00:00,22822.255403460218
2026-01-12 06:00:00+00:00,22822.255403460218
2026-01-12 08:00:00+00:00,22822.255403460218
2026-01-12 10:00:00+00:00,22822.255403460218
2026-01-12 12:00:00+00:00,22822.255403460218
2026-01-12 14:00:00+00:00,22822.255403460218
2026-01-12 16:00:00+00:00,22822.255403460218
2026-01-12 18:00:00+00:00,22822.255403460218
2026-01-12 20:00:00+00:00,22822.255403460218
2026-01-12 22:00:00+00:00,22822.255403460218
2026-01-13 00:00:00+00:00,22822.255403460218
2026-01-13 02:00:00+00:00,22822.255403460218
2026-01-13 04:00:00+00:00,22822.255403460218
2026-01-13 06:00:00+00:00,22822.255403460218
2026-01-13 08:00:00+00:00,22822.255403460218
2026-01-13 10:00:00+00:00,22822.255403460218
2026-01-13 12:00:00+00:00,22822.255403460218
2026-01-13 14:00:00+00:00,22822.255403460218
2026-01-13 16:00:00+00:00,22822.255403460218
2026-01-13 18:00:00+00:00,22822.255403460218
2026-01-13 20:00:00+00:00,22822.255403460218
2026-01-13 22:00:00+00:00,22822.255403460218
2026-01-14 00:00:00+00:00,22822.255403460218
2026-01-14 02:00:00+00:00,22822.255403460218
2026-01-14 04:00:00+00:00,22822.255403460218
2026-01-14 06:00:00+00:00,22822.255403460218
2026-01-14 08:00:00+00:00,22822.255403460218
2026-01-14 10:00:00+00:00,22822.255403460218
2026-01-14 12:00:00+00:00,22822.255403460218
2026-01-14 14:00:00+00:00,22822.255403460218
2026-01-14 16:00:00+00:00,22822.255403460218
2026-01-14 18:00:00+00:00,22822.255403460218
2026-01-14 20:00:00+00:00,22822.255403460218
2026-01-14 22:00:00+00:00,22822.255403460218
2026-01-15 00:00:00+00:00,22822.255403460218
2026-01-15 02:00:00+00:00,22822.255403460218
2026-01-15 04:00:00+00:00,22822.255403460218
2026-01-15 06:00:00+00:00,22822.255403460218
2026-01-15 08:00:00+00:00,22822.255403460218
2026-01-15 10:00:00+00:00,22822.255403460218
2026-01-15 12:00:00+00:00,22822.255403460218
2026-01-15 14:00:00+00:00,22822.255403460218
2026-01-15 16:00:00+00:00,22822.255403460218
2026-01-15 18:00:00+00:00,22822.255403460218
2026-01-15 20:00:00+00:00,22822.255403460218
2026-01-15 22:00:00+00:00,22822.255403460218
2026-01-16 00:00:00+00:00,22822.255403460218
2026-01-16 02:00:00+00:00,22822.255403460218
2026-01-16 04:00:00+00:00,22822.255403460218
2026-01-16 06:00:00+00:00,22822.255403460218
2026-01-16 08:00:00+00:00,22822.255403460218
2026-01-16 10:00:00+00:00,22822.255403460218
2026-01-16 12:00:00+00:00,22822.255403460218
2026-01-16 14:00:00+00:00,22822.255403460218
2026-01-16 16:00:00+00:00,22822.255403460218
2026-01-16 18:00:00+00:00,22822.255403460218
2026-01-16 20:00:00+00:00,22822.255403460218
2026-01-16 22:00:00+00:00,22822.255403460218
2026-01-17 00:00:00+00:00,22822.255403460218
2026-01-17 02:00:00+00:00,22822.255403460218
2026-01-17 04:00:00+00:00,22822.255403460218
2026-01-17 06:00:00+00:00,22822.255403460218
2026-01-17 08:00:00+00:00,22822.255403460218
2026-01-17 10:00:00+00:00,22822.255403460218
2026-01-17 12:00:00+00:00,22822.255403460218
2026-01-17 14:00:00+00:00,22822.255403460218
2026-01-17 16:00:00+00:00,22822.255403460218
2026-01-17 18:00:00+00:00,22822.255403460218
2026-01-17 20:00:00+00:00,22822.255403460218
2026-01-17 22:00:00+00:00,22822.255403460218
2026-01-18 00:00:00+00:00,22822.255403460218
2026-01-18 02:00:00+00:00,22822.255403460218
2026-01-18 04:00:00+00:00,22822.255403460218
2026-01-18 06:00:00+00:00,22822.255403460218
2026-01-18 08:00:00+00:00,22822.255403460218
2026-01-18 10:00:00+00:00,22822.255403460218
2026-01-18 12:00:00+00:00,22822.255403460218
2026-01-18 14:00:00+00:00,22822.255403460218
2026-01-18 16:00:00+00:00,22822.255403460218
2026-01-18 18:00:00+00:00,22822.255403460218
2026-01-18 20:00:00+00:00,22822.255403460218
2026-01-18 22:00:00+00:00,22822.255403460218
2026-01-19 00:00:00+00:00,22822.255403460218
2026-01-19 02:00:00+00:00,22822.255403460218
2026-01-19 04:00:00+00:00,22822.255403460218
2026-01-19 06:00:00+00:00,22822.255403460218
2026-01-19 08:00:00+00:00,22822.255403460218
2026-01-19 10:00:00+00:00,22822.255403460218
2026-01-19 12:00:00+00:00,22822.255403460218
2026-01-19 14:00:00+00:00,22822.255403460218
2026-01-19 16:00:00+00:00,22822.255403460218
2026-01-19 18:00:00+00:00,22822.255403460218
2026-01-19 20:00:00+00:00,22822.255403460218
2026-01-19 22:00:00+00:00,22822.255403460218
2026-01-20 00:00:00+00:00,22822.255403460218
2026-01-20 02:00:00+00:00,22822.255403460218
2026-01-20 04:00:00+00:00,22822.255403460218
2026-01-20 06:00:00+00:00,22822.255403460218
2026-01-20 08:00:00+00:00,22822.255403460218
2026-01-20 10:00:00+00:00,22822.255403460218
2026-01-20 12:00:00+00:00,22822.255403460218
2026-01-20 14:00:00+00:00,22822.255403460218
2026-01-20 16:00:00+00:00,22822.255403460218
2026-01-20 18:00:00+00:00,22822.255403460218
2026-01-20 20:00:00+00:00,22822.255403460218
2026-01-20 22:00:00+00:00,22822.255403460218
2026-01-21 00:00:00+00:00,22822.255403460218
2026-01-21 02:00:00+00:00,22822.255403460218
2026-01-21 04:00:00+00:00,22822.255403460218
2026-01-21 06:00:00+00:00,22822.255403460218
2026-01-21 08:00:00+00:00,22822.255403460218
2026-01-21 10:00:00+00:00,22822.255403460218
2026-01-21 12:00:00+00:00,22822.255403460218
2026-01-21 14:00:00+00:00,22822.255403460218
2026-01-21 16:00:00+00:00,22822.255403460218
2026-01-21 18:00:00+00:00,22822.255403460218
2026-01-21 20:00:00+00:00,22822.255403460218
2026-01-21 22:00:00+00:00,22822.255403460218
2026-01-22 00:00:00+00:00,22822.255403460218
2026-01-22 02:00:00+00:00,22822.255403460218
2026-01-22 04:00:00+00:00,22822.255403460218
2026-01-22 06:00:00+00:00,22822.255403460218
2026-01-22 08:00:00+00:00,22822.255403460218
2026-01-22 10:00:00+00:00,22822.255403460218
2026-01-22 12:00:00+00:00,22822.255403460218
2026-01-22 14:00:00+00:00,22822.255403460218
2026-01-22 16:00:00+00:00,22822.255403460218
2026-01-22 18:00:00+00:00,22822.255403460218
2026-01-22 20:00:00+00:00,22822.255403460218
2026-01-22 22:00:00+00:00,22822.255403460218
2026-01-23 00:00:00+00:00,22822.255403460218
2026-01-23 02:00:00+00:00,22822.255403460218
2026-01-23 04:00:00+00:00,22822.255403460218
2026-01-23 06:00:00+00:00,22822.255403460218
2026-01-23 08:00:00+00:00,22822.255403460218
2026-01-23 10:00:00+00:00,22822.255403460218
2026-01-23 12:00:00+00:00,22822.255403460218
2026-01-23 14:00:00+00:00,22822.255403460218
2026-01-23 16:00:00+00:00,22822.255403460218
2026-01-23 18:00:00+00:00,22822.255403460218
2026-01-23 20:00:00+00:00,22822.255403460218
2026-01-23 22:00:00+00:00,22822.255403460218
2026-01-24 00:00:00+00:00,22822.255403460218
2026-01-24 02:00:00+00:00,22822.255403460218
2026-01-24 04:00:00+00:00,22822.255403460218
2026-01-24 06:00:00+00:00,22822.255403460218
2026-01-24 08:00:00+00:00,22822.255403460218
2026-01-24 10:00:00+00:00,22822.255403460218
2026-01-24 12:00:00+00:00,22822.255403460218
2026-01-24 14:00:00+00:00,22822.255403460218
2026-01-24 16:00:00+00:00,22822.255403460218
2026-01-24 18:00:00+00:00,22822.255403460218
2026-01-24 20:00:00+00:00,22822.255403460218
2026-01-24 22:00:00+00:00,22822.255403460218
2026-01-25 00:00:00+00:00,22822.255403460218
2026-01-25 02:00:00+00:00,22822.255403460218
2026-01-25 04:00:00+00:00,22822.255403460218
2026-01-25 06:00:00+00:00,22822.255403460218
2026-01-25 08:00:00+00:00,22822.255403460218
2026-01-25 10:00:00+00:00,22822.255403460218
2026-01-25 12:00:00+00:00,22822.255403460218
2026-01-25 14:00:00+00:00,22822.255403460218
2026-01-25 16:00:00+00:00,22822.255403460218
2026-01-25 18:00:00+00:00,22822.255403460218
2026-01-25 20:00:00+00:00,22822.255403460218
2026-01-25 22:00:00+00:00,22822.255403460218
2026-01-26 00:00:00+00:00,22822.255403460218
2026-01-26 02:00:00+00:00,22822.255403460218
2026-01-26 04:00:00+00:00,22822.255403460218
2026-01-26 06:00:00+00:00,22822.255403460218
2026-01-26 08:00:00+00:00,22822.255403460218
2026-01-26 10:00:00+00:00,22822.255403460218
2026-01-26 12:00:00+00:00,22822.255403460218
2026-01-26 14:00:00+00:00,22822.255403460218
2026-01-26 16:00:00+00:00,22822.255403460218
2026-01-26 18:00:00+00:00,22822.255403460218
2026-01-26 20:00:00+00:00,22822.255403460218
2026-01-26 22:00:00+00:00,22822.255403460218
2026-01-27 00:00:00+00:00,22822.255403460218
2026-01-27 02:00:00+00:00,22822.255403460218
2026-01-27 04:00:00+00:00,22822.255403460218
2026-01-27 06:00:00+00:00,22822.255403460218
2026-01-27 08:00:00+00:00,22822.255403460218
2026-01-27 10:00:00+00:00,22822.255403460218
2026-01-27 12:00:00+00:00,22822.255403460218
2026-01-27 14:00:00+00:00,22822.255403460218
2026-01-27 16:00:00+00:00,22822.255403460218
2026-01-27 18:00:00+00:00,22822.255403460218
2026-01-27 20:00:00+00:00,22822.255403460218
2026-01-27 22:00:00+00:00,22822.255403460218
2026-01-28 00:00:00+00:00,22822.255403460218
2026-01-28 02:00:00+00:00,22822.255403460218
2026-01-28 04:00:00+00:00,22822.255403460218
2026-01-28 06:00:00+00:00,22822.255403460218
2026-01-28 08:00:00+00:00,22822.255403460218
2026-01-28 10:00:00+00:00,22822.255403460218
2026-01-28 12:00:00+00:00,22822.255403460218
2026-01-28 14:00:00+00:00,22822.255403460218
2026-01-28 16:00:00+00:00,22822.255403460218
2026-01-28 18:00:00+00:00,22822.255403460218
2026-01-28 20:00:00+00:00,22822.255403460218
2026-01-28 22:00:00+00:00,22822.255403460218
2026-01-29 00:00:00+00:00,22822.255403460218
2026-01-29 02:00:00+00:00,22822.255403460218
2026-01-29 04:00:00+00:00,22822.255403460218
2026-01-29 06:00:00+00:00,22822.255403460218
2026-01-29 08:00:00+00:00,22822.255403460218
2026-01-29 10:00:00+00:00,22822.255403460218
2026-01-29 12:00:00+00:00,22822.255403460218
2026-01-29 14:00:00+00:00,22822.255403460218
2026-01-29 16:00:00+00:00,22822.255403460218
2026-01-29 18:00:00+00:00,22822.255403460218
2026-01-29 20:00:00+00:00,22822.255403460218
2026-01-29 22:00:00+00:00,22822.255403460218
2026-01-30 00:00:00+00:00,22822.255403460218
2026-01-30 02:00:00+00:00,22822.255403460218
2026-01-30 04:00:00+00:00,22822.255403460218
2026-01-30 06:00:00+00:00,22822.255403460218
2026-01-30 08:00:00+00:00,22822.255403460218
2026-01-30 10:00:00+00:00,22822.255403460218
2026-01-30 12:00:00+00:00,22822.255403460218
2026-01-30 14:00:00+00:00,22822.255403460218
2026-01-30 16:00:00+00:00,22822.255403460218
2026-01-30 18:00:00+00:00,22822.255403460218
2026-01-30 20:00:00+00:00,22822.255403460218
2026-01-30 22:00:00+00:00,22822.255403460218
2026-01-31 00:00:00+00:00,22822.255403460218
2026-01-31 02:00:00+00:00,22822.255403460218
2026-01-31 04:00:00+00:00,22822.255403460218
2026-01-31 06:00:00+00:00,22822.255403460218
2026-01-31 08:00:00+00:00,22822.255403460218
2026-01-31 10:00:00+00:00,22822.255403460218
2026-01-31 12:00:00+00:00,22822.255403460218
2026-01-31 14:00:00+00:00,22822.255403460218
2026-01-31 16:00:00+00:00,22822.255403460218
2026-01-31 18:00:00+00:00,22822.255403460218
2026-01-31 20:00:00+00:00,22822.255403460218
2026-01-31 22:00:00+00:00,22822.255403460218
2026-02-01 00:00:00+00:00,22822.255403460218
2026-02-01 02:00:00+00:00,22822.255403460218
2026-02-01 04:00:00+00:00,22822.255403460218
2026-02-01 06:00:00+00:00,22822.255403460218
2026-02-01 08:00:00+00:00,22822.255403460218
2026-02-01 10:00:00+00:00,22822.255403460218
2026-02-01 12:00:00+00:00,22822.255403460218
2026-02-01 14:00:00+00:00,22822.255403460218
2026-02-01 16:00:00+00:00,22822.255403460218
2026-02-01 18:00:00+00:00,22822.255403460218
2026-02-01 20:00:00+00:00,22822.255403460218
2026-02-01 22:00:00+00:00,22822.255403460218
2026-02-02 00:00:00+00:00,22822.255403460218
2026-02-02 02:00:00+00:00,22822.255403460218
2026-02-02 04:00:00+00:00,22822.255403460218
2026-02-02 06:00:00+00:00,22822.255403460218
2026-02-02 08:00:00+00:00,22822.255403460218
2026-02-02 10:00:00+00:00,22822.255403460218
2026-02-02 12:00:00+00:00,22822.255403460218
2026-02-02 14:00:00+00:00,22822.255403460218
2026-02-02 16:00:00+00:00,22822.255403460218
2026-02-02 18:00:00+00:00,22822.255403460218
2026-02-02 20:00:00+00:00,22822.255403460218
2026-02-02 22:00:00+00:00,22822.255403460218
2026-02-03 00:00:00+00:00,22822.255403460218
2026-02-03 02:00:00+00:00,22822.255403460218
2026-02-03 04:00:00+00:00,22822.255403460218
2026-02-03 06:00:00+00:00,22822.255403460218
2026-02-03 08:00:00+00:00,22822.255403460218
2026-02-03 10:00:00+00:00,22822.255403460218
2026-02-03 12:00:00+00:00,22822.255403460218
2026-02-03 14:00:00+00:00,22822.255403460218
2026-02-03 16:00:00+00:00,22822.255403460218
2026-02-03 18:00:00+00:00,22822.255403460218
2026-02-03 20:00:00+00:00,22822.255403460218
2026-02-03 22:00:00+00:00,22822.255403460218
2026-02-04 00:00:00+00:00,22822.255403460218
2026-02-04 02:00:00+00:00,22822.255403460218
2026-02-04 04:00:00+00:00,22822.255403460218
2026-02-04 06:00:00+00:00,22822.255403460218
2026-02-04 08:00:00+00:00,22822.255403460218
2026-02-04 10:00:00+00:00,22822.255403460218
2026-02-04 12:00:00+00:00,22822.255403460218
2026-02-04 14:00:00+00:00,22822.255403460218
2026-02-04 16:00:00+00:00,22822.255403460218
2026-02-04 18:00:00+00:00,22822.255403460218
2026-02-04 20:00:00+00:00,22822.255403460218
2026-02-04 22:00:00+00:00,22822.255403460218
2026-02-05 00:00:00+00:00,22822.255403460218
2026-02-05 02:00:00+00:00,22822.255403460218
2026-02-05 04:00:00+00:00,22822.255403460218
2026-02-05 06:00:00+00:00,22822.255403460218
2026-02-05 08:00:00+00:00,22822.255403460218
2026-02-05 10:00:00+00:00,22822.255403460218
2026-02-05 12:00:00+00:00,22822.255403460218
2026-02-05 14:00:00+00:00,22822.255403460218
2026-02-05 16:00:00+00:00,22822.255403460218
2026-02-05 18:00:00+00:00,22822.255403460218
2026-02-05 20:00:00+00:00,22822.255403460218
2026-02-05 22:00:00+00:00,22822.255403460218
2026-02-06 00:00:00+00:00,22822.255403460218
2026-02-06 02:00:00+00:00,22822.255403460218
2026-02-06 04:00:00+00:00,22822.255403460218
2026-02-06 06:00:00+00:00,22822.255403460218
2026-02-06 08:00:00+00:00,22822.255403460218
2026-02-06 10:00:00+00:00,22822.255403460218
2026-02-06 12:00:00+00:00,22822.255403460218
2026-02-06 14:00:00+00:00,22822.255403460218
2026-02-06 16:00:00+00:00,22822.255403460218
2026-02-06 18:00:00+00:00,22822.255403460218
2026-02-06 20:00:00+00:00,22822.255403460218
2026-02-06 22:00:00+00:00,22822.255403460218
2026-02-07 00:00:00+00:00,22822.255403460218
2026-02-07 02:00:00+00:00,22822.255403460218
2026-02-07 04:00:00+00:00,22822.255403460218
2026-02-07 06:00:00+00:00,22822.255403460218
2026-02-07 08:00:00+00:00,22822.255403460218
2026-02-07 10:00:00+00:00,22822.255403460218
2026-02-07 12:00:00+00:00,22822.255403460218
2026-02-07 14:00:00+00:00,22822.255403460218
2026-02-07 16:00:00+00:00,22822.255403460218
2026-02-07 18:00:00+00:00,22822.255403460218
2026-02-07 20:00:00+00:00,22822.255403460218
2026-02-07 22:00:00+00:00,22822.255403460218
2026-02-08 00:00:00+00:00,22822.255403460218
2026-02-08 02:00:00+00:00,22822.255403460218
2026-02-08 04:00:00+00:00,22822.255403460218
2026-02-08 06:00:00+00:00,22822.255403460218
2026-02-08 08:00:00+00:00,22822.255403460218
2026-02-08 10:00:00+00:00,22822.255403460218
2026-02-08 12:00:00+00:00,22822.255403460218
2026-02-08 14:00:00+00:00,22822.255403460218
2026-02-08 16:00:00+00:00,22822.255403460218
2026-02-08 18:00:00+00:00,22822.255403460218
2026-02-08 20:00:00+00:00,22822.255403460218
2026-02-08 22:00:00+00:00,22822.255403460218
2026-02-09 00:00:00+00:00,22822.255403460218
2026-02-09 02:00:00+00:00,22822.255403460218
2026-02-09 04:00:00+00:00,22822.255403460218
2026-02-09 06:00:00+00:00,22822.255403460218
2026-02-09 08:00:00+00:00,22822.255403460218
2026-02-09 10:00:00+00:00,22822.255403460218
2026-02-09 12:00:00+00:00,22822.255403460218
2026-02-09 14:00:00+00:00,22822.255403460218
2026-02-09 16:00:00+00:00,22822.255403460218
2026-02-09 18:00:00+00:00,22822.255403460218
2026-02-09 20:00:00+00:00,22822.255403460218
2026-02-09 22:00:00+00:00,22822.255403460218
2026-02-10 00:00:00+00:00,22822.255403460218
2026-02-10 02:00:00+00:00,22822.255403460218
2026-02-10 04:00:00+00:00,22822.255403460218
2026-02-10 06:00:00+00:00,22822.255403460218
2026-02-10 08:00:00+00:00,22822.255403460218
2026-02-10 10:00:00+00:00,22822.255403460218
2026-02-10 12:00:00+00:00,22822.255403460218
2026-02-10 14:00:00+00:00,22822.255403460218
2026-02-10 16:00:00+00:00,22822.255403460218
2026-02-10 18:00:00+00:00,22822.255403460218
2026-02-10 20:00:00+00:00,22822.255403460218
2026-02-10 22:00:00+00:00,22822.255403460218
2026-02-11 00:00:00+00:00,22822.255403460218
2026-02-11 02:00:00+00:00,22822.255403460218
2026-02-11 04:00:00+00:00,22822.255403460218
2026-02-11 06:00:00+00:00,22822.255403460218
2026-02-11 08:00:00+00:00,22822.255403460218
2026-02-11 10:00:00+00:00,22822.255403460218
2026-02-11 12:00:00+00:00,22822.255403460218
2026-02-11 14:00:00+00:00,22822.255403460218
2026-02-11 16:00:00+00:00,22822.255403460218
2026-02-11 18:00:00+00:00,22822.255403460218
2026-02-11 20:00:00+00:00,22822.255403460218
2026-02-11 22:00:00+00:00,22822.255403460218
2026-02-12 00:00:00+00:00,22822.255403460218
2026-02-12 02:00:00+00:00,22822.255403460218
2026-02-12 04:00:00+00:00,22822.255403460218
2026-02-12 06:00:00+00:00,22822.255403460218
2026-02-12 08:00:00+00:00,22822.255403460218
2026-02-12 10:00:00+00:00,22822.255403460218
2026-02-12 12:00:00+00:00,22822.255403460218
2026-02-12 14:00:00+00:00,22822.255403460218
2026-02-12 16:00:00+00:00,22822.255403460218
2026-02-12 18:00:00+00:00,22822.255403460218
2026-02-12 20:00:00+00:00,22822.255403460218
2026-02-12 22:00:00+00:00,22822.255403460218
2026-02-13 00:00:00+00:00,22822.255403460218
2026-02-13 02:00:00+00:00,22822.255403460218
2026-02-13 04:00:00+00:00,22822.255403460218
2026-02-13 06:00:00+00:00,22822.255403460218
2026-02-13 08:00:00+00:00,22822.255403460218
2026-02-13 10:00:00+00:00,22822.255403460218
2026-02-13 12:00:00+00:00,22822.255403460218
2026-02-13 14:00:00+00:00,22822.255403460218
2026-02-13 16:00:00+00:00,22822.255403460218
2026-02-13 18:00:00+00:00,22822.255403460218
2026-02-13 20:00:00+00:00,22822.255403460218
2026-02-13 22:00:00+00:00,22822.255403460218
2026-02-14 00:00:00+00:00,22822.255403460218
2026-02-14 02:00:00+00:00,22822.255403460218
2026-02-14 04:00:00+00:00,22822.255403460218
2026-02-14 06:00:00+00:00,22822.255403460218
2026-02-14 08:00:00+00:00,22822.255403460218
2026-02-14 10:00:00+00:00,22822.255403460218
2026-02-14 12:00:00+00:00,22822.255403460218
2026-02-14 14:00:00+00:00,22822.255403460218
2026-02-14 16:00:00+00:00,22822.255403460218
2026-02-14 18:00:00+00:00,22822.255403460218
2026-02-14 20:00:00+00:00,22822.255403460218
2026-02-14 22:00:00+00:00,22822.255403460218
2026-02-15 00:00:00+00:00,22822.255403460218
2026-02-15 02:00:00+00:00,22822.255403460218
2026-02-15 04:00:00+00:00,22822.255403460218
2026-02-15 06:00:00+00:00,22822.255403460218
2026-02-15 08:00:00+00:00,22822.255403460218
2026-02-15 10:00:00+00:00,22822.255403460218
2026-02-15 12:00:00+00:00,22822.255403460218
2026-02-15 14:00:00+00:00,22822.255403460218
2026-02-15 16:00:00+00:00,22822.255403460218
2026-02-15 18:00:00+00:00,22822.255403460218
2026-02-15 20:00:00+00:00,22822.255403460218
2026-02-15 22:00:00+00:00,22822.255403460218
2026-02-16 00:00:00+00:00,22822.255403460218
2026-02-16 02:00:00+00:00,22822.255403460218
2026-02-16 04:00:00+00:00,22822.255403460218
2026-02-16 06:00:00+00:00,22822.255403460218
2026-02-16 08:00:00+00:00,22822.255403460218
2026-02-16 10:00:00+00:00,22822.255403460218
2026-02-16 12:00:00+00:00,22822.255403460218
2026-02-16 14:00:00+00:00,22822.255403460218
2026-02-16 16:00:00+00:00,22822.255403460218
2026-02-16 18:00:00+00:00,22822.255403460218
2026-02-16 20:00:00+00:00,22822.255403460218
2026-02-16 22:00:00+00:00,22822.255403460218
2026-02-17 00:00:00+00:00,22822.255403460218
2026-02-17 02:00:00+00:00,22822.255403460218
2026-02-17 04:00:00+00:00,22822.255403460218
2026-02-17 06:00:00+00:00,22822.255403460218
2026-02-17 08:00:00+00:00,22822.255403460218
2026-02-17 10:00:00+00:00,22822.255403460218
2026-02-17 12:00:00+00:00,22822.255403460218
2026-02-17 14:00:00+00:00,22822.255403460218
2026-02-17 16:00:00+00:00,22822.255403460218
2026-02-17 18:00:00+00:00,22822.255403460218
2026-02-17 20:00:00+00:00,22822.255403460218
2026-02-17 22:00:00+00:00,22822.255403460218
2026-02-18 00:00:00+00:00,22822.255403460218
2026-02-18 02:00:00+00:00,22822.255403460218
2026-02-18 04:00:00+00:00,22822.255403460218
2026-02-18 06:00:00+00:00,22822.255403460218
2026-02-18 08:00:00+00:00,22822.255403460218
2026-02-18 10:00:00+00:00,22822.255403460218
2026-02-18 12:00:00+00:00,22822.255403460218
2026-02-18 14:00:00+00:00,22822.255403460218
2026-02-18 16:00:00+00:00,22822.255403460218
2026-02-18 18:00:00+00:00,22822.255403460218
2026-02-18 20:00:00+00:00,22822.255403460218
2026-02-18 22:00:00+00:00,22822.255403460218
2026-02-19 00:00:00+00:00,22822.255403460218
2026-02-19 02:00:00+00:00,22822.255403460218
2026-02-19 04:00:00+00:00,22822.255403460218
2026-02-19 06:00:00+00:00,22822.255403460218
2026-02-19 08:00:00+00:00,22822.255403460218
2026-02-19 10:00:00+00:00,22822.255403460218
2026-02-19 12:00:00+00:00,22822.255403460218
2026-02-19 14:00:00+00:00,22822.255403460218
2026-02-19 16:00:00+00:00,22822.255403460218
2026-02-19 18:00:00+00:00,22822.255403460218
2026-02-19 20:00:00+00:00,22822.255403460218
2026-02-19 22:00:00+00:00,22822.255403460218
2026-02-20 00:00:00+00:00,22822.255403460218
2026-02-20 02:00:00+00:00,22822.255403460218
2026-02-20 04:00:00+00:00,22822.255403460218
2026-02-20 06:00:00+00:00,22822.255403460218
2026-02-20 08:00:00+00:00,22822.255403460218
2026-02-20 10:00:00+00:00,22822.255403460218
2026-02-20 12:00:00+00:00,22822.255403460218
2026-02-20 14:00:00+00:00,22822.255403460218
2026-02-20 16:00:00+00:00,22822.255403460218
2026-02-20 18:00:00+00:00,22822.255403460218
2026-02-20 20:00:00+00:00,22822.255403460218
2026-02-20 22:00:00+00:00,22822.255403460218
2026-02-21 00:00:00+00:00,22822.255403460218
2026-02-21 02:00:00+00:00,22822.255403460218
2026-02-21 04:00:00+00:00,22822.255403460218
2026-02-21 06:00:00+00:00,22822.255403460218
2026-02-21 08:00:00+00:00,22822.255403460218
2026-02-21 10:00:00+00:00,22822.255403460218
2026-02-21 12:00:00+00:00,22822.255403460218
2026-02-21 14:00:00+00:00,22822.255403460218
2026-02-21 16:00:00+00:00,22822.255403460218
2026-02-21 18:00:00+00:00,22822.255403460218
2026-02-21 20:00:00+00:00,22822.255403460218
2026-02-21 22:00:00+00:00,22822.255403460218
2026-02-22 00:00:00+00:00,22822.255403460218
2026-02-22 02:00:00+00:00,22822.255403460218
2026-02-22 04:00:00+00:00,22822.255403460218
2026-02-22 06:00:00+00:00,22822.255403460218
2026-02-22 08:00:00+00:00,22822.255403460218
2026-02-22 10:00:00+00:00,22822.255403460218
2026-02-22 12:00:00+00:00,22822.255403460218
2026-02-22 14:00:00+00:00,22822.255403460218
2026-02-22 16:00:00+00:00,22822.255403460218
2026-02-22 18:00:00+00:00,22822.255403460218
2026-02-22 20:00:00+00:00,22822.255403460218
2026-02-22 22:00:00+00:00,22822.255403460218
2026-02-23 00:00:00+00:00,22822.255403460218
2026-02-23 02:00:00+00:00,22822.255403460218
2026-02-23 04:00:00+00:00,22822.255403460218
2026-02-23 06:00:00+00:00,22822.255403460218
2026-02-23 08:00:00+00:00,22822.255403460218
2026-02-23 10:00:00+00:00,22822.255403460218
2026-02-23 12:00:00+00:00,22822.255403460218
2026-02-23 14:00:00+00:00,22822.255403460218
2026-02-23 16:00:00+00:00,22822.255403460218
2026-02-23 18:00:00+00:00,22822.255403460218
2026-02-23 20:00:00+00:00,22822.255403460218
2026-02-23 22:00:00+00:00,22822.255403460218
2026-02-24 00:00:00+00:00,22822.255403460218
2026-02-24 02:00:00+00:00,22822.255403460218
2026-02-24 04:00:00+00:00,22822.255403460218
2026-02-24 06:00:00+00:00,22822.255403460218
2026-02-24 08:00:00+00:00,22822.255403460218
2026-02-24 10:00:00+00:00,22822.255403460218
2026-02-24 12:00:00+00:00,22822.255403460218
2026-02-24 14:00:00+00:00,22822.255403460218
2026-02-24 16:00:00+00:00,22822.255403460218
2026-02-24 18:00:00+00:00,22822.255403460218
2026-02-24 20:00:00+00:00,22822.255403460218
2026-02-24 22:00:00+00:00,22822.255403460218
2026-02-25 00:00:00+00:00,22822.255403460218
2026-02-25 02:00:00+00:00,22822.255403460218
2026-02-25 04:00:00+00:00,22822.255403460218
2026-02-25 06:00:00+00:00,22822.255403460218
2026-02-25 08:00:00+00:00,22822.255403460218
2026-02-25 10:00:00+00:00,22822.255403460218
2026-02-25 12:00:00+00:00,22822.255403460218
2026-02-25 14:00:00+00:00,22822.255403460218
2026-02-25 16:00:00+00:00,22822.255403460218
2026-02-25 18:00:00+00:00,22822.255403460218
2026-02-25 20:00:00+00:00,22822.255403460218
2026-02-25 22:00:00+00:00,22822.255403460218
2026-02-26 00:00:00+00:00,22822.255403460218
2026-02-26 02:00:00+00:00,22822.255403460218
2026-02-26 04:00:00+00:00,22822.255403460218
2026-02-26 06:00:00+00:00,22822.255403460218
2026-02-26 08:00:00+00:00,22822.255403460218
2026-02-26 10:00:00+00:00,22822.255403460218
2026-02-26 12:00:00+00:00,22822.255403460218
2026-02-26 14:00:00+00:00,22822.255403460218
2026-02-26 16:00:00+00:00,22822.255403460218
2026-02-26 18:00:00+00:00,22822.255403460218
2026-02-26 20:00:00+00:00,22822.255403460218
2026-02-26 22:00:00+00:00,22822.255403460218
2026-02-27 00:00:00+00:00,22822.255403460218
2026-02-27 02:00:00+00:00,22822.255403460218
2026-02-27 04:00:00+00:00,22822.255403460218
2026-02-27 06:00:00+00:00,22822.255403460218
2026-02-27 08:00:00+00:00,22822.255403460218
2026-02-27 10:00:00+00:00,22822.255403460218
2026-02-27 12:00:00+00:00,22822.255403460218
2026-02-27 14:00:00+00:00,22822.255403460218
2026-02-27 16:00:00+00:00,22822.255403460218
2026-02-27 18:00:00+00:00,22822.255403460218
2026-02-27 20:00:00+00:00,22822.255403460218
2026-02-27 22:00:00+00:00,22822.255403460218
2026-02-28 00:00:00+00:00,22822.255403460218
2026-02-28 02:00:00+00:00,22822.255403460218
2026-02-28 04:00:00+00:00,22822.255403460218
2026-02-28 06:00:00+00:00,22822.255403460218
2026-02-28 08:00:00+00:00,22822.255403460218
2026-02-28 10:00:00+00:00,22822.255403460218
2026-02-28 12:00:00+00:00,22822.255403460218
2026-02-28 14:00:00+00:00,22822.255403460218
2026-02-28 16:00:00+00:00,22822.255403460218
2026-02-28 18:00:00+00:00,22822.255403460218
2026-02-28 20:00:00+00:00,22822.255403460218
2026-02-28 22:00:00+00:00,22822.255403460218
2026-03-01 00:00:00+00:00,22822.255403460218
2026-03-01 02:00:00+00:00,22822.255403460218
2026-03-01 04:00:00+00:00,22822.255403460218
2026-03-01 06:00:00+00:00,22822.255403460218
2026-03-01 08:00:00+00:00,22822.255403460218
2026-03-01 10:00:00+00:00,22822.255403460218
2026-03-01 12:00:00+00:00,22822.255403460218
2026-03-01 14:00:00+00:00,22822.255403460218
2026-03-01 16:00:00+00:00,22822.255403460218
2026-03-01 18:00:00+00:00,22822.255403460218
2026-03-01 20:00:00+00:00,22822.255403460218
2026-03-01 22:00:00+00:00,22822.255403460218
2026-03-02 00:00:00+00:00,22822.255403460218
2026-03-02 02:00:00+00:00,22822.255403460218
2026-03-02 04:00:00+00:00,22822.255403460218
2026-03-02 06:00:00+00:00,22822.255403460218
2026-03-02 08:00:00+00:00,22822.255403460218
2026-03-02 10:00:00+00:00,22822.255403460218
2026-03-02 12:00:00+00:00,22822.255403460218
2026-03-02 14:00:00+00:00,22822.255403460218
2026-03-02 16:00:00+00:00,22822.255403460218
2026-03-02 18:00:00+00:00,22822.255403460218
2026-03-02 20:00:00+00:00,22822.255403460218
2026-03-02 22:00:00+00:00,22822.255403460218
2026-03-03 00:00:00+00:00,22822.255403460218
2026-03-03 02:00:00+00:00,22822.255403460218
2026-03-03 04:00:00+00:00,22822.255403460218
2026-03-03 06:00:00+00:00,22822.255403460218
2026-03-03 08:00:00+00:00,22822.255403460218
2026-03-03 10:00:00+00:00,22822.255403460218
2026-03-03 12:00:00+00:00,22822.255403460218
2026-03-03 14:00:00+00:00,22822.255403460218
2026-03-03 16:00:00+00:00,22822.255403460218
2026-03-03 18:00:00+00:00,22822.255403460218
2026-03-03 20:00:00+00:00,22822.255403460218
2026-03-03 22:00:00+00:00,22822.255403460218
2026-03-04 00:00:00+00:00,22822.255403460218
2026-03-04 02:00:00+00:00,22822.255403460218
2026-03-04 04:00:00+00:00,22822.255403460218
2026-03-04 06:00:00+00:00,22822.255403460218
2026-03-04 08:00:00+00:00,22822.255403460218
2026-03-04 10:00:00+00:00,22822.255403460218
2026-03-04 12:00:00+00:00,22822.255403460218
2026-03-04 14:00:00+00:00,22822.255403460218
2026-03-04 16:00:00+00:00,22822.255403460218
2026-03-04 18:00:00+00:00,22822.255403460218
2026-03-04 20:00:00+00:00,22822.255403460218
2026-03-04 22:00:00+00:00,22822.255403460218
2026-03-05 00:00:00+00:00,22822.255403460218
2026-03-05 02:00:00+00:00,22822.255403460218
2026-03-05 04:00:00+00:00,22822.255403460218
2026-03-05 06:00:00+00:00,22822.255403460218
2026-03-05 08:00:00+00:00,22822.255403460218
2026-03-05 10:00:00+00:00,22822.255403460218
2026-03-05 12:00:00+00:00,22822.255403460218
2026-03-05 14:00:00+00:00,22822.255403460218
2026-03-05 16:00:00+00:00,22822.255403460218
2026-03-05 18:00:00+00:00,22822.255403460218
2026-03-05 20:00:00+00:00,22822.255403460218
2026-03-05 22:00:00+00:00,22822.255403460218
2026-03-06 00:00:00+00:00,22822.255403460218
2026-03-06 02:00:00+00:00,22822.255403460218
2026-03-06 04:00:00+00:00,22822.255403460218
2026-03-06 06:00:00+00:00,22822.255403460218
2026-03-06 08:00:00+00:00,22822.255403460218
2026-03-06 10:00:00+00:00,22822.255403460218
2026-03-06 12:00:00+00:00,22822.255403460218
2026-03-06 14:00:00+00:00,22822.255403460218
2026-03-06 16:00:00+00:00,22822.255403460218
2026-03-06 18:00:00+00:00,22822.255403460218
2026-03-06 20:00:00+00:00,22822.255403460218
2026-03-06 22:00:00+00:00,22822.255403460218
2026-03-07 00:00:00+00:00,22822.255403460218
2026-03-07 02:00:00+00:00,22822.255403460218
2026-03-07 04:00:00+00:00,22822.255403460218
2026-03-07 06:00:00+00:00,22822.255403460218
2026-03-07 08:00:00+00:00,22822.255403460218
2026-03-07 10:00:00+00:00,22822.255403460218
2026-03-07 12:00:00+00:00,22822.255403460218
2026-03-07 14:00:00+00:00,22822.255403460218
2026-03-07 16:00:00+00:00,22822.255403460218
2026-03-07 18:00:00+00:00,22822.255403460218
2026-03-07 20:00:00+00:00,22822.255403460218
2026-03-07 22:00:00+00:00,22822.255403460218
2026-03-08 00:00:00+00:00,22822.255403460218
2026-03-08 02:00:00+00:00,22822.255403460218
2026-03-08 04:00:00+00:00,22822.255403460218
2026-03-08 06:00:00+00:00,22822.255403460218
2026-03-08 08:00:00+00:00,22822.255403460218
2026-03-08 10:00:00+00:00,22822.255403460218
2026-03-08 12:00:00+00:00,22822.255403460218
2026-03-08 14:00:00+00:00,22822.255403460218
2026-03-08 16:00:00+00:00,22822.255403460218
2026-03-08 18:00:00+00:00,22822.255403460218
2026-03-08 20:00:00+00:00,22822.255403460218
2026-03-08 22:00:00+00:00,22822.255403460218
2026-03-09 00:00:00+00:00,22822.255403460218
2026-03-09 02:00:00+00:00,22822.255403460218
2026-03-09 04:00:00+00:00,22822.255403460218
2026-03-09 06:00:00+00:00,22822.255403460218
2026-03-09 08:00:00+00:00,22822.255403460218
2026-03-09 10:00:00+00:00,22822.255403460218
2026-03-09 12:00:00+00:00,22822.255403460218
2026-03-09 14:00:00+00:00,22822.255403460218
2026-03-09 16:00:00+00:00,22822.255403460218
2026-03-09 18:00:00+00:00,22822.255403460218
2026-03-09 20:00:00+00:00,22822.255403460218
2026-03-09 22:00:00+00:00,22822.255403460218
2026-03-10 00:00:00+00:00,22822.255403460218
2026-03-10 02:00:00+00:00,22822.255403460218
2026-03-10 04:00:00+00:00,22822.255403460218
2026-03-10 06:00:00+00:00,22822.255403460218
2026-03-10 08:00:00+00:00,22822.255403460218
2026-03-10 10:00:00+00:00,22822.255403460218
2026-03-10 12:00:00+00:00,22822.255403460218
2026-03-10 14:00:00+00:00,22822.255403460218
2026-03-10 16:00:00+00:00,22822.255403460218
2026-03-10 18:00:00+00:00,22822.255403460218
2026-03-10 20:00:00+00:00,22822.255403460218
2026-03-10 22:00:00+00:00,22822.255403460218
2026-03-11 00:00:00+00:00,22822.255403460218
2026-03-11 02:00:00+00:00,22822.255403460218
2026-03-11 04:00:00+00:00,22822.255403460218
2026-03-11 06:00:00+00:00,22822.255403460218
2026-03-11 08:00:00+00:00,22822.255403460218
2026-03-11 10:00:00+00:00,22822.255403460218
2026-03-11 12:00:00+00:00,22822.255403460218
2026-03-11 14:00:00+00:00,22822.255403460218
2026-03-11 16:00:00+00:00,22822.255403460218
2026-03-11 18:00:00+00:00,22822.255403460218
2026-03-11 20:00:00+00:00,22822.255403460218
2026-03-11 22:00:00+00:00,22822.255403460218
2026-03-12 00:00:00+00:00,22822.255403460218
2026-03-12 02:00:00+00:00,22822.255403460218
2026-03-12 04:00:00+00:00,22822.255403460218
2026-03-12 06:00:00+00:00,22822.255403460218
2026-03-12 08:00:00+00:00,22822.255403460218
2026-03-12 10:00:00+00:00,22822.255403460218
2026-03-12 12:00:00+00:00,22822.255403460218
2026-03-12 14:00:00+00:00,22822.255403460218
2026-03-12 16:00:00+00:00,22822.255403460218
2026-03-12 18:00:00+00:00,22822.255403460218
2026-03-12 20:00:00+00:00,22822.255403460218
2026-03-12 22:00:00+00:00,22822.255403460218
2026-03-13 00:00:00+00:00,22822.255403460218
2026-03-13 02:00:00+00:00,22822.255403460218
2026-03-13 04:00:00+00:00,22822.255403460218
2026-03-13 06:00:00+00:00,22822.255403460218
2026-03-13 08:00:00+00:00,22822.255403460218
2026-03-13 10:00:00+00:00,22822.255403460218
2026-03-13 12:00:00+00:00,22822.255403460218
2026-03-13 14:00:00+00:00,22822.255403460218
2026-03-13 16:00:00+00:00,22822.255403460218
2026-03-13 18:00:00+00:00,22822.255403460218
2026-03-13 20:00:00+00:00,22822.255403460218
2026-03-13 22:00:00+00:00,22822.255403460218
2026-03-14 00:00:00+00:00,22822.255403460218
2026-03-14 02:00:00+00:00,22822.255403460218
2026-03-14 04:00:00+00:00,22822.255403460218
2026-03-14 06:00:00+00:00,22822.255403460218
2026-03-14 08:00:00+00:00,22822.255403460218
2026-03-14 10:00:00+00:00,22822.255403460218
2026-03-14 12:00:00+00:00,22822.255403460218
2026-03-14 14:00:00+00:00,22822.255403460218
2026-03-14 16:00:00+00:00,22822.255403460218
2026-03-14 18:00:00+00:00,22822.255403460218
2026-03-14 20:00:00+00:00,22822.255403460218
2026-03-14 22:00:00+00:00,22822.255403460218
2026-03-15 00:00:00+00:00,22822.255403460218
2026-03-15 02:00:00+00:00,22822.255403460218
2026-03-15 04:00:00+00:00,22822.255403460218
2026-03-15 06:00:00+00:00,22822.255403460218
2026-03-15 08:00:00+00:00,22822.255403460218
2026-03-15 10:00:00+00:00,22822.255403460218
2026-03-15 12:00:00+00:00,22822.255403460218
2026-03-15 14:00:00+00:00,22822.255403460218
2026-03-15 16:00:00+00:00,22822.255403460218
2026-03-15 18:00:00+00:00,22822.255403460218
2026-03-15 20:00:00+00:00,22822.255403460218
2026-03-15 22:00:00+00:00,22822.255403460218
2026-03-16 00:00:00+00:00,22822.255403460218
2026-03-16 02:00:00+00:00,22822.255403460218
2026-03-16 04:00:00+00:00,22822.255403460218
2026-03-16 06:00:00+00:00,22822.255403460218
2026-03-16 08:00:00+00:00,22822.255403460218
2026-03-16 10:00:00+00:00,22822.255403460218
2026-03-16 12:00:00+00:00,22822.255403460218
2026-03-16 14:00:00+00:00,22822.255403460218
2026-03-16 16:00:00+00:00,22822.255403460218
2026-03-16 18:00:00+00:00,22822.255403460218
2026-03-16 20:00:00+00:00,22822.255403460218
2026-03-16 22:00:00+00:00,22822.255403460218
2026-03-17 00:00:00+00:00,22822.255403460218
2026-03-17 02:00:00+00:00,22822.255403460218
2026-03-17 04:00:00+00:00,22822.255403460218
2026-03-17 06:00:00+00:00,22822.255403460218
2026-03-17 08:00:00+00:00,22822.255403460218
2026-03-17 10:00:00+00:00,22822.255403460218
2026-03-17 12:00:00+00:00,22822.255403460218
2026-03-17 14:00:00+00:00,22822.255403460218
2026-03-17 16:00:00+00:00,22822.255403460218
2026-03-17 18:00:00+00:00,22822.255403460218
2026-03-17 20:00:00+00:00,22822.255403460218
2026-03-17 22:00:00+00:00,22822.255403460218
2026-03-18 00:00:00+00:00,22822.255403460218
2026-03-18 02:00:00+00:00,22822.255403460218
2026-03-18 04:00:00+00:00,22822.255403460218
2026-03-18 06:00:00+00:00,22822.255403460218
2026-03-18 08:00:00+00:00,22822.255403460218
2026-03-18 10:00:00+00:00,22822.255403460218
2026-03-18 12:00:00+00:00,22822.255403460218
2026-03-18 14:00:00+00:00,22822.255403460218
2026-03-18 16:00:00+00:00,22822.255403460218
2026-03-18 18:00:00+00:00,22822.255403460218
2026-03-18 20:00:00+00:00,22822.255403460218
2026-03-18 22:00:00+00:00,22822.255403460218
2026-03-19 00:00:00+00:00,22822.255403460218
2026-03-19 02:00:00+00:00,22822.255403460218
2026-03-19 04:00:00+00:00,22822.255403460218
2026-03-19 06:00:00+00:00,22822.255403460218
2026-03-19 08:00:00+00:00,22822.255403460218
2026-03-19 10:00:00+00:00,22822.255403460218
2026-03-19 12:00:00+00:00,22822.255403460218
2026-03-19 14:00:00+00:00,22822.255403460218
2026-03-19 16:00:00+00:00,22822.255403460218
2026-03-19 18:00:00+00:00,22822.255403460218
2026-03-19 20:00:00+00:00,22822.255403460218
2026-03-19 22:00:00+00:00,22822.255403460218
2026-03-20 00:00:00+00:00,22822.255403460218
2026-03-20 02:00:00+00:00,22822.255403460218
2026-03-20 04:00:00+00:00,22822.255403460218
2026-03-20 06:00:00+00:00,22822.255403460218
2026-03-20 08:00:00+00:00,22822.255403460218
2026-03-20 10:00:00+00:00,22822.255403460218
2026-03-20 12:00:00+00:00,22822.255403460218
2026-03-20 14:00:00+00:00,22822.255403460218
2026-03-20 16:00:00+00:00,22822.255403460218
2026-03-20 18:00:00+00:00,22822.255403460218
2026-03-20 20:00:00+00:00,22822.255403460218
2026-03-20 22:00:00+00:00,22822.255403460218
2026-03-21 00:00:00+00:00,22822.255403460218
2026-03-21 02:00:00+00:00,22822.255403460218
2026-03-21 04:00:00+00:00,22822.255403460218
2026-03-21 06:00:00+00:00,22822.255403460218
2026-03-21 08:00:00+00:00,22822.255403460218
2026-03-21 10:00:00+00:00,22822.255403460218
2026-03-21 12:00:00+00:00,22822.255403460218
2026-03-21 14:00:00+00:00,22822.255403460218
2026-03-21 16:00:00+00:00,22822.255403460218
2026-03-21 18:00:00+00:00,22822.255403460218
2026-03-21 20:00:00+00:00,22822.255403460218
2026-03-21 22:00:00+00:00,22822.255403460218
2026-03-22 00:00:00+00:00,22822.255403460218
2026-03-22 02:00:00+00:00,22822.255403460218
2026-03-22 04:00:00+00:00,22822.255403460218
2026-03-22 06:00:00+00:00,22822.255403460218
2026-03-22 08:00:00+00:00,22822.255403460218
2026-03-22 10:00:00+00:00,22822.255403460218
2026-03-22 12:00:00+00:00,22822.255403460218
2026-03-22 14:00:00+00:00,22822.255403460218
2026-03-22 16:00:00+00:00,22822.255403460218
2026-03-22 18:00:00+00:00,22822.255403460218
2026-03-22 20:00:00+00:00,22822.255403460218
2026-03-22 22:00:00+00:00,22822.255403460218
2026-03-23 00:00:00+00:00,22822.255403460218
2026-03-23 02:00:00+00:00,22822.255403460218
2026-03-23 04:00:00+00:00,22822.255403460218
2026-03-23 06:00:00+00:00,22822.255403460218
2026-03-23 08:00:00+00:00,22822.255403460218
2026-03-23 10:00:00+00:00,22822.255403460218
2026-03-23 12:00:00+00:00,22822.255403460218
2026-03-23 14:00:00+00:00,22822.255403460218
2026-03-23 16:00:00+00:00,22822.255403460218
2026-03-23 18:00:00+00:00,22822.255403460218
2026-03-23 20:00:00+00:00,22822.255403460218
2026-03-23 22:00:00+00:00,22822.255403460218
2026-03-24 00:00:00+00:00,22822.255403460218
2026-03-24 02:00:00+00:00,22822.255403460218
2026-03-24 04:00:00+00:00,22822.255403460218
2026-03-24 06:00:00+00:00,22822.255403460218
2026-03-24 08:00:00+00:00,22822.255403460218
2026-03-24 10:00:00+00:00,22822.255403460218
2026-03-24 12:00:00+00:00,22822.255403460218
2026-03-24 14:00:00+00:00,22822.255403460218
2026-03-24 16:00:00+00:00,22822.255403460218
2026-03-24 18:00:00+00:00,22822.255403460218
2026-03-24 20:00:00+00:00,22822.255403460218
2026-03-24 22:00:00+00:00,22822.255403460218
2026-03-25 00:00:00+00:00,22822.255403460218
2026-03-25 02:00:00+00:00,22822.255403460218
2026-03-25 04:00:00+00:00,22822.255403460218
2026-03-25 06:00:00+00:00,22822.255403460218
2026-03-25 08:00:00+00:00,22822.255403460218
2026-03-25 10:00:00+00:00,22822.255403460218
2026-03-25 12:00:00+00:00,22822.255403460218
2026-03-25 14:00:00+00:00,22822.255403460218
2026-03-25 16:00:00+00:00,22822.255403460218
2026-03-25 18:00:00+00:00,22822.255403460218
2026-03-25 20:00:00+00:00,22822.255403460218
2026-03-25 22:00:00+00:00,22822.255403460218
2026-03-26 00:00:00+00:00,22822.255403460218
2026-03-26 02:00:00+00:00,22822.255403460218
2026-03-26 04:00:00+00:00,22822.255403460218
2026-03-26 06:00:00+00:00,22822.255403460218
2026-03-26 08:00:00+00:00,22822.255403460218
2026-03-26 10:00:00+00:00,22822.255403460218
2026-03-26 12:00:00+00:00,22822.255403460218
2026-03-26 14:00:00+00:00,22822.255403460218
2026-03-26 16:00:00+00:00,22822.255403460218
2026-03-26 18:00:00+00:00,22822.255403460218
2026-03-26 20:00:00+00:00,22822.255403460218
2026-03-26 22:00:00+00:00,22822.255403460218
2026-03-27 00:00:00+00:00,22822.255403460218
2026-03-27 02:00:00+00:00,22822.255403460218
2026-03-27 04:00:00+00:00,22822.255403460218
2026-03-27 06:00:00+00:00,22822.255403460218
2026-03-27 08:00:00+00:00,22822.255403460218
2026-03-27 10:00:00+00:00,22822.255403460218
2026-03-27 12:00:00+00:00,22822.255403460218
2026-03-27 14:00:00+00:00,22822.255403460218
2026-03-27 16:00:00+00:00,22822.255403460218
2026-03-27 18:00:00+00:00,22822.255403460218
2026-03-27 20:00:00+00:00,22822.255403460218
2026-03-27 22:00:00+00:00,22822.255403460218
2026-03-28 00:00:00+00:00,22822.255403460218
2026-03-28 02:00:00+00:00,22822.255403460218
2026-03-28 04:00:00+00:00,22822.255403460218
2026-03-28 06:00:00+00:00,22822.255403460218
2026-03-28 08:00:00+00:00,22822.255403460218
2026-03-28 10:00:00+00:00,22822.255403460218
2026-03-28 12:00:00+00:00,22822.255403460218
2026-03-28 14:00:00+00:00,22822.255403460218
2026-03-28 16:00:00+00:00,22822.255403460218
2026-03-28 18:00:00+00:00,22822.255403460218
2026-03-28 20:00:00+00:00,22822.255403460218
2026-03-28 22:00:00+00:00,22822.255403460218
2026-03-29 00:00:00+00:00,22822.255403460218
2026-03-29 02:00:00+00:00,22822.255403460218
2026-03-29 04:00:00+00:00,22822.255403460218
2026-03-29 06:00:00+00:00,22822.255403460218
2026-03-29 08:00:00+00:00,22822.255403460218
2026-03-29 10:00:00+00:00,22822.255403460218
2026-03-29 12:00:00+00:00,22822.255403460218
2026-03-29 14:00:00+00:00,22822.255403460218
2026-03-29 16:00:00+00:00,22822.255403460218
2026-03-29 18:00:00+00:00,22822.255403460218
2026-03-29 20:00:00+00:00,22822.255403460218
2026-03-29 22:00:00+00:00,22822.255403460218
2026-03-30 00:00:00+00:00,22822.255403460218
2026-03-30 02:00:00+00:00,22822.255403460218
2026-03-30 04:00:00+00:00,22822.255403460218
2026-03-30 06:00:00+00:00,22822.255403460218
2026-03-30 08:00:00+00:00,22822.255403460218
2026-03-30 10:00:00+00:00,22822.255403460218
2026-03-30 12:00:00+00:00,22822.255403460218
2026-03-30 14:00:00+00:00,22822.255403460218
2026-03-30 16:00:00+00:00,22822.255403460218
2026-03-30 18:00:00+00:00,22822.255403460218
2026-03-30 20:00:00+00:00,22822.255403460218
2026-03-30 22:00:00+00:00,22822.255403460218
2026-03-31 00:00:00+00:00,22822.255403460218
2026-03-31 02:00:00+00:00,22822.255403460218
2026-03-31 04:00:00+00:00,22822.255403460218
2026-03-31 06:00:00+00:00,22822.255403460218
2026-03-31 08:00:00+00:00,22822.255403460218
2026-03-31 10:00:00+00:00,22822.255403460218
2026-03-31 12:00:00+00:00,22822.255403460218
2026-03-31 14:00:00+00:00,22822.255403460218
2026-03-31 16:00:00+00:00,22822.255403460218
2026-03-31 18:00:00+00:00,22822.255403460218
2026-03-31 20:00:00+00:00,22822.255403460218
2026-03-31 22:00:00+00:00,22822.255403460218
2026-04-01 00:00:00+00:00,22822.255403460218
2026-04-01 02:00:00+00:00,22822.255403460218
2026-04-01 04:00:00+00:00,22822.255403460218
2026-04-01 06:00:00+00:00,22822.255403460218
2026-04-01 08:00:00+00:00,22822.255403460218
2026-04-01 10:00:00+00:00,22822.255403460218
2026-04-01 12:00:00+00:00,22822.255403460218
2026-04-01 14:00:00+00:00,22822.255403460218
2026-04-01 16:00:00+00:00,22822.255403460218
2026-04-01 18:00:00+00:00,22822.255403460218
2026-04-01 20:00:00+00:00,22822.255403460218
2026-04-01 22:00:00+00:00,22822.255403460218
2026-04-02 00:00:00+00:00,22822.255403460218
2026-04-02 02:00:00+00:00,22822.255403460218
2026-04-02 04:00:00+00:00,22822.255403460218
2026-04-02 06:00:00+00:00,22822.255403460218
2026-04-02 08:00:00+00:00,22822.255403460218
2026-04-02 10:00:00+00:00,22822.255403460218
2026-04-02 12:00:00+00:00,22822.255403460218
2026-04-02 14:00:00+00:00,22822.255403460218
2026-04-02 16:00:00+00:00,22822.255403460218
2026-04-02 18:00:00+00:00,22822.255403460218
2026-04-02 20:00:00+00:00,22822.255403460218
2026-04-02 22:00:00+00:00,22822.255403460218
2026-04-03 00:00:00+00:00,22822.255403460218
2026-04-03 02:00:00+00:00,22822.255403460218
2026-04-03 04:00:00+00:00,22822.255403460218
2026-04-03 06:00:00+00:00,22822.255403460218
2026-04-03 08:00:00+00:00,22822.255403460218
2026-04-03 10:00:00+00:00,22822.255403460218
2026-04-03 12:00:00+00:00,22822.255403460218
2026-04-03 14:00:00+00:00,22822.255403460218
2026-04-03 16:00:00+00:00,22822.255403460218
2026-04-03 18:00:00+00:00,22822.255403460218
2026-04-03 20:00:00+00:00,22822.255403460218
2026-04-03 22:00:00+00:00,22822.255403460218
2026-04-04 00:00:00+00:00,22822.255403460218
2026-04-04 02:00:00+00:00,22822.255403460218
2026-04-04 04:00:00+00:00,22822.255403460218
2026-04-04 06:00:00+00:00,22822.255403460218
2026-04-04 08:00:00+00:00,22822.255403460218
2026-04-04 10:00:00+00:00,22822.255403460218
2026-04-04 12:00:00+00:00,22822.255403460218
2026-04-04 14:00:00+00:00,22822.255403460218
2026-04-04 16:00:00+00:00,22822.255403460218
2026-04-04 18:00:00+00:00,22822.255403460218
2026-04-04 20:00:00+00:00,22822.255403460218
2026-04-04 22:00:00+00:00,22822.255403460218
2026-04-05 00:00:00+00:00,22822.255403460218
2026-04-05 02:00:00+00:00,22822.255403460218
2026-04-05 04:00:00+00:00,22822.255403460218
2026-04-05 06:00:00+00:00,22822.255403460218
2026-04-05 08:00:00+00:00,22822.255403460218
2026-04-05 10:00:00+00:00,22822.255403460218
2026-04-05 12:00:00+00:00,22822.255403460218
2026-04-05 14:00:00+00:00,22822.255403460218
2026-04-05 16:00:00+00:00,22822.255403460218
2026-04-05 18:00:00+00:00,22822.255403460218
2026-04-05 20:00:00+00:00,22822.255403460218
2026-04-05 22:00:00+00:00,22822.255403460218
2026-04-06 00:00:00+00:00,22822.255403460218
2026-04-06 02:00:00+00:00,22822.255403460218
2026-04-06 04:00:00+00:00,22822.255403460218
2026-04-06 06:00:00+00:00,22822.255403460218
2026-04-06 08:00:00+00:00,22822.255403460218
2026-04-06 10:00:00+00:00,22822.255403460218
2026-04-06 12:00:00+00:00,22822.255403460218
2026-04-06 14:00:00+00:00,22822.255403460218
2026-04-06 16:00:00+00:00,22822.255403460218
2026-04-06 18:00:00+00:00,22822.255403460218
2026-04-06 20:00:00+00:00,22822.255403460218
2026-04-06 22:00:00+00:00,22822.255403460218
2026-04-07 00:00:00+00:00,22822.255403460218
2026-04-07 02:00:00+00:00,22822.255403460218
2026-04-07 04:00:00+00:00,22822.255403460218
2026-04-07 06:00:00+00:00,22822.255403460218
2026-04-07 08:00:00+00:00,22822.255403460218
2026-04-07 10:00:00+00:00,22822.255403460218
2026-04-07 12:00:00+00:00,22822.255403460218
2026-04-07 14:00:00+00:00,22822.255403460218
2026-04-07 16:00:00+00:00,22822.255403460218
2026-04-07 18:00:00+00:00,22822.255403460218
2026-04-07 20:00:00+00:00,22822.255403460218
2026-04-07 22:00:00+00:00,22822.255403460218
2026-04-08 00:00:00+00:00,22822.255403460218
2026-04-08 02:00:00+00:00,22822.255403460218
2026-04-08 04:00:00+00:00,22822.255403460218
2026-04-08 06:00:00+00:00,22822.255403460218
2026-04-08 08:00:00+00:00,22822.255403460218
2026-04-08 10:00:00+00:00,22822.255403460218
2026-04-08 12:00:00+00:00,22822.255403460218
2026-04-08 14:00:00+00:00,22822.255403460218
2026-04-08 16:00:00+00:00,22822.255403460218
2026-04-08 18:00:00+00:00,22822.255403460218
2026-04-08 20:00:00+00:00,22822.255403460218
2026-04-08 22:00:00+00:00,22822.255403460218
2026-04-09 00:00:00+00:00,22822.255403460218
2026-04-09 02:00:00+00:00,22822.255403460218
2026-04-09 04:00:00+00:00,22822.255403460218
2026-04-09 06:00:00+00:00,22822.255403460218
2026-04-09 08:00:00+00:00,22822.255403460218
2026-04-09 10:00:00+00:00,22822.255403460218
2026-04-09 12:00:00+00:00,22822.255403460218
2026-04-09 14:00:00+00:00,22822.255403460218
2026-04-09 16:00:00+00:00,22822.255403460218
2026-04-09 18:00:00+00:00,22822.255403460218
2026-04-09 20:00:00+00:00,22822.255403460218
2026-04-09 22:00:00+00:00,22822.255403460218
2026-04-10 00:00:00+00:00,22822.255403460218
2026-04-10 02:00:00+00:00,22822.255403460218
2026-04-10 04:00:00+00:00,22822.255403460218
2026-04-10 06:00:00+00:00,22822.255403460218
2026-04-10 08:00:00+00:00,22822.255403460218
2026-04-10 10:00:00+00:00,22822.255403460218
2026-04-10 12:00:00+00:00,22822.255403460218
2026-04-10 14:00:00+00:00,22822.255403460218
2026-04-10 16:00:00+00:00,22822.255403460218
2026-04-10 18:00:00+00:00,22822.255403460218
2026-04-10 20:00:00+00:00,22822.255403460218
2026-04-10 22:00:00+00:00,22822.255403460218
2026-04-11 00:00:00+00:00,22822.255403460218
2026-04-11 02:00:00+00:00,22822.255403460218
2026-04-11 04:00:00+00:00,22822.255403460218
2026-04-11 06:00:00+00:00,22822.255403460218
2026-04-11 08:00:00+00:00,22822.255403460218
2026-04-11 10:00:00+00:00,22822.255403460218
2026-04-11 12:00:00+00:00,22822.255403460218
2026-04-11 14:00:00+00:00,22822.255403460218
2026-04-11 16:00:00+00:00,22822.255403460218
2026-04-11 18:00:00+00:00,22822.255403460218
2026-04-11 20:00:00+00:00,22822.255403460218
2026-04-11 22:00:00+00:00,22822.255403460218
2026-04-12 00:00:00+00:00,22822.255403460218
2026-04-12 02:00:00+00:00,22822.255403460218
2026-04-12 04:00:00+00:00,22822.255403460218
2026-04-12 06:00:00+00:00,22822.255403460218
2026-04-12 08:00:00+00:00,22822.255403460218
2026-04-12 10:00:00+00:00,22822.255403460218
2026-04-12 12:00:00+00:00,22822.255403460218
2026-04-12 14:00:00+00:00,22822.255403460218
2026-04-12 16:00:00+00:00,22822.255403460218
2026-04-12 18:00:00+00:00,22822.255403460218
2026-04-12 20:00:00+00:00,22822.255403460218
2026-04-12 22:00:00+00:00,22822.255403460218
2026-04-13 00:00:00+00:00,22822.255403460218
2026-04-13 02:00:00+00:00,22822.255403460218
2026-04-13 04:00:00+00:00,22822.255403460218
2026-04-13 06:00:00+00:00,22822.255403460218
2026-04-13 08:00:00+00:00,22822.255403460218
2026-04-13 10:00:00+00:00,22822.255403460218
2026-04-13 12:00:00+00:00,22822.255403460218
2026-04-13 14:00:00+00:00,22822.255403460218
2026-04-13 16:00:00+00:00,22822.255403460218
2026-04-13 18:00:00+00:00,22822.255403460218
2026-04-13 20:00:00+00:00,22822.255403460218
2026-04-13 22:00:00+00:00,22822.255403460218
2026-04-14 00:00:00+00:00,22822.255403460218
2026-04-14 02:00:00+00:00,22822.255403460218
2026-04-14 04:00:00+00:00,22822.255403460218
2026-04-14 06:00:00+00:00,22822.255403460218
2026-04-14 08:00:00+00:00,22822.255403460218
2026-04-14 10:00:00+00:00,22822.255403460218
2026-04-14 12:00:00+00:00,22822.255403460218
2026-04-14 14:00:00+00:00,22822.255403460218
2026-04-14 16:00:00+00:00,22822.255403460218
2026-04-14 18:00:00+00:00,22822.255403460218
2026-04-14 20:00:00+00:00,22822.255403460218
2026-04-14 22:00:00+00:00,22822.255403460218
2026-04-15 00:00:00+00:00,22822.255403460218
2026-04-15 02:00:00+00:00,22822.255403460218
2026-04-15 04:00:00+00:00,22822.255403460218
2026-04-15 06:00:00+00:00,22822.255403460218
2026-04-15 08:00:00+00:00,22822.255403460218
2026-04-15 10:00:00+00:00,22822.255403460218
2026-04-15 12:00:00+00:00,22822.255403460218
2026-04-15 14:00:00+00:00,22822.255403460218
2026-04-15 16:00:00+00:00,22822.255403460218
2026-04-15 18:00:00+00:00,22822.255403460218
2026-04-15 20:00:00+00:00,22822.255403460218
2026-04-15 22:00:00+00:00,22822.255403460218
2026-04-16 00:00:00+00:00,22822.255403460218
2026-04-16 02:00:00+00:00,22822.255403460218
2026-04-16 04:00:00+00:00,22822.255403460218
2026-04-16 06:00:00+00:00,22822.255403460218
2026-04-16 08:00:00+00:00,22822.255403460218
2026-04-16 10:00:00+00:00,22822.255403460218
2026-04-16 12:00:00+00:00,22822.255403460218
2026-04-16 14:00:00+00:00,22822.255403460218
2026-04-16 16:00:00+00:00,22822.255403460218
2026-04-16 18:00:00+00:00,22822.255403460218
2026-04-16 20:00:00+00:00,22822.255403460218
2026-04-16 22:00:00+00:00,22822.255403460218
2026-04-17 00:00:00+00:00,22822.255403460218
2026-04-17 02:00:00+00:00,22822.255403460218
2026-04-17 04:00:00+00:00,22822.255403460218
2026-04-17 06:00:00+00:00,22822.255403460218
2026-04-17 08:00:00+00:00,22822.255403460218
2026-04-17 10:00:00+00:00,22822.255403460218
2026-04-17 12:00:00+00:00,22822.255403460218
2026-04-17 14:00:00+00:00,22822.255403460218
2026-04-17 16:00:00+00:00,22822.255403460218
2026-04-17 18:00:00+00:00,22822.255403460218
2026-04-17 20:00:00+00:00,22822.255403460218
2026-04-17 22:00:00+00:00,22822.255403460218
2026-04-18 00:00:00+00:00,22822.255403460218
2026-04-18 02:00:00+00:00,22822.255403460218
2026-04-18 04:00:00+00:00,22822.255403460218
2026-04-18 06:00:00+00:00,22822.255403460218
2026-04-18 08:00:00+00:00,22822.255403460218
2026-04-18 10:00:00+00:00,22822.255403460218
2026-04-18 12:00:00+00:00,22822.255403460218
2026-04-18 14:00:00+00:00,22822.255403460218
2026-04-18 16:00:00+00:00,22822.255403460218
2026-04-18 18:00:00+00:00,22822.255403460218
2026-04-18 20:00:00+00:00,22822.255403460218
2026-04-18 22:00:00+00:00,22822.255403460218
2026-04-19 00:00:00+00:00,22822.255403460218
2026-04-19 02:00:00+00:00,22822.255403460218
2026-04-19 04:00:00+00:00,22822.255403460218
2026-04-19 06:00:00+00:00,22822.255403460218
2026-04-19 08:00:00+00:00,22822.255403460218
2026-04-19 10:00:00+00:00,22822.255403460218
2026-04-19 12:00:00+00:00,22822.255403460218
2026-04-19 14:00:00+00:00,22822.255403460218
2026-04-19 16:00:00+00:00,22822.255403460218
2026-04-19 18:00:00+00:00,22822.255403460218
2026-04-19 20:00:00+00:00,22822.255403460218
2026-04-19 22:00:00+00:00,22822.255403460218
2026-04-20 00:00:00+00:00,22822.255403460218
2026-04-20 02:00:00+00:00,22822.255403460218
2026-04-20 04:00:00+00:00,22822.255403460218
2026-04-20 06:00:00+00:00,22822.255403460218
2026-04-20 08:00:00+00:00,22822.255403460218
2026-04-20 10:00:00+00:00,22822.255403460218
2026-04-20 12:00:00+00:00,22822.255403460218
2026-04-20 14:00:00+00:00,22822.255403460218
2026-04-20 16:00:00+00:00,22822.255403460218
2026-04-20 18:00:00+00:00,22822.255403460218
2026-04-20 20:00:00+00:00,22822.255403460218
2026-04-20 22:00:00+00:00,22822.255403460218
2026-04-21 00:00:00+00:00,22822.255403460218
2026-04-21 02:00:00+00:00,22822.255403460218
2026-04-21 04:00:00+00:00,22822.255403460218
2026-04-21 06:00:00+00:00,22822.255403460218
2026-04-21 08:00:00+00:00,22822.255403460218
2026-04-21 10:00:00+00:00,22822.255403460218
2026-04-21 12:00:00+00:00,22822.255403460218
2026-04-21 14:00:00+00:00,22822.255403460218
2026-04-21 16:00:00+00:00,22822.255403460218
2026-04-21 18:00:00+00:00,22822.255403460218
2026-04-21 20:00:00+00:00,22822.255403460218
2026-04-21 22:00:00+00:00,22822.255403460218
2026-04-22 00:00:00+00:00,22822.255403460218
2026-04-22 02:00:00+00:00,22822.255403460218
2026-04-22 04:00:00+00:00,22822.255403460218
2026-04-22 06:00:00+00:00,22822.255403460218
2026-04-22 08:00:00+00:00,22822.255403460218
2026-04-22 10:00:00+00:00,22822.255403460218
2026-04-22 12:00:00+00:00,22822.255403460218
2026-04-22 14:00:00+00:00,22822.255403460218
2026-04-22 16:00:00+00:00,22822.255403460218
2026-04-22 18:00:00+00:00,22822.255403460218
2026-04-22 20:00:00+00:00,22822.255403460218
2026-04-22 22:00:00+00:00,22822.255403460218
2026-04-23 00:00:00+00:00,22822.255403460218
2026-04-23 02:00:00+00:00,22822.255403460218
2026-04-23 04:00:00+00:00,22822.255403460218
2026-04-23 06:00:00+00:00,22822.255403460218
2026-04-23 08:00:00+00:00,22822.255403460218
2026-04-23 10:00:00+00:00,22822.255403460218
2026-04-23 12:00:00+00:00,22822.255403460218
2026-04-23 14:00:00+00:00,22822.255403460218
2026-04-23 16:00:00+00:00,22822.255403460218
2026-04-23 18:00:00+00:00,22822.255403460218
2026-04-23 20:00:00+00:00,22822.255403460218
2026-04-23 22:00:00+00:00,22822.255403460218
2026-04-24 00:00:00+00:00,22822.255403460218
2026-04-24 02:00:00+00:00,22822.255403460218
2026-04-24 04:00:00+00:00,22822.255403460218
2026-04-24 06:00:00+00:00,22822.255403460218
2026-04-24 08:00:00+00:00,22822.255403460218
2026-04-24 10:00:00+00:00,22822.255403460218
2026-04-24 12:00:00+00:00,22822.255403460218
2026-04-24 14:00:00+00:00,22822.255403460218
2026-04-24 16:00:00+00:00,22822.255403460218
2026-04-24 18:00:00+00:00,22822.255403460218
2026-04-24 20:00:00+00:00,22822.255403460218
2026-04-24 22:00:00+00:00,22822.255403460218
2026-04-25 00:00:00+00:00,22822.255403460218
2026-04-25 02:00:00+00:00,22822.255403460218
2026-04-25 04:00:00+00:00,22822.255403460218
2026-04-25 06:00:00+00:00,22822.255403460218
2026-04-25 08:00:00+00:00,22822.255403460218
2026-04-25 10:00:00+00:00,22822.255403460218
2026-04-25 12:00:00+00:00,22822.255403460218
2026-04-25 14:00:00+00:00,22822.255403460218
2026-04-25 16:00:00+00:00,22822.255403460218
2026-04-25 18:00:00+00:00,22822.255403460218
2026-04-25 20:00:00+00:00,22822.255403460218
2026-04-25 22:00:00+00:00,22822.255403460218
2026-04-26 00:00:00+00:00,22822.255403460218
2026-04-26 02:00:00+00:00,22822.255403460218
2026-04-26 04:00:00+00:00,22822.255403460218
2026-04-26 06:00:00+00:00,22822.255403460218
2026-04-26 08:00:00+00:00,22822.255403460218
2026-04-26 10:00:00+00:00,22822.255403460218
2026-04-26 12:00:00+00:00,22822.255403460218
2026-04-26 14:00:00+00:00,22822.255403460218
2026-04-26 16:00:00+00:00,22822.255403460218
2026-04-26 18:00:00+00:00,22822.255403460218
2026-04-26 20:00:00+00:00,22822.255403460218
2026-04-26 22:00:00+00:00,22822.255403460218
2026-04-27 00:00:00+00:00,22822.255403460218
2026-04-27 02:00:00+00:00,22822.255403460218
2026-04-27 04:00:00+00:00,22822.255403460218
2026-04-27 06:00:00+00:00,22822.255403460218
2026-04-27 08:00:00+00:00,22822.255403460218
2026-04-27 10:00:00+00:00,22822.255403460218
2026-04-27 12:00:00+00:00,22822.255403460218
2026-04-27 14:00:00+00:00,22822.255403460218
2026-04-27 16:00:00+00:00,22822.255403460218
2026-04-27 18:00:00+00:00,22822.255403460218
2026-04-27 20:00:00+00:00,22822.255403460218
2026-04-27 22:00:00+00:00,22822.255403460218
2026-04-28 00:00:00+00:00,22822.255403460218
2026-04-28 02:00:00+00:00,22822.255403460218
2026-04-28 04:00:00+00:00,22822.255403460218
2026-04-28 06:00:00+00:00,22822.255403460218
2026-04-28 08:00:00+00:00,22822.255403460218
2026-04-28 10:00:00+00:00,22822.255403460218
2026-04-28 12:00:00+00:00,22822.255403460218
2026-04-28 14:00:00+00:00,22822.255403460218
2026-04-28 16:00:00+00:00,22822.255403460218
2026-04-28 18:00:00+00:00,22822.255403460218
2026-04-28 20:00:00+00:00,22822.255403460218
2026-04-28 22:00:00+00:00,22822.255403460218
2026-04-29 00:00:00+00:00,22822.255403460218
2026-04-29 02:00:00+00:00,22822.255403460218
2026-04-29 04:00:00+00:00,22822.255403460218
2026-04-29 06:00:00+00:00,22822.255403460218
2026-04-29 08:00:00+00:00,22822.255403460218
2026-04-29 10:00:00+00:00,22822.255403460218
2026-04-29 12:00:00+00:00,22822.255403460218
2026-04-29 14:00:00+00:00,22822.255403460218
2026-04-29 16:00:00+00:00,22822.255403460218
2026-04-29 18:00:00+00:00,22822.255403460218
2026-04-29 20:00:00+00:00,22822.255403460218
2026-04-29 22:00:00+00:00,22822.255403460218
2026-04-30 00:00:00+00:00,22822.255403460218
2026-04-30 02:00:00+00:00,22822.255403460218
2026-04-30 04:00:00+00:00,22822.255403460218
2026-04-30 06:00:00+00:00,22822.255403460218
2026-04-30 08:00:00+00:00,22822.255403460218
2026-04-30 10:00:00+00:00,22822.255403460218
2026-04-30 12:00:00+00:00,22822.255403460218
2026-04-30 14:00:00+00:00,22822.255403460218
2026-04-30 16:00:00+00:00,22822.255403460218
2026-04-30 18:00:00+00:00,22822.255403460218
2026-04-30 20:00:00+00:00,22822.255403460218
2026-04-30 22:00:00+00:00,22822.255403460218
2026-05-01 00:00:00+00:00,22822.255403460218
2026-05-01 02:00:00+00:00,22822.255403460218
2026-05-01 04:00:00+00:00,22822.255403460218
2026-05-01 06:00:00+00:00,22822.255403460218
2026-05-01 08:00:00+00:00,22822.255403460218
2026-05-01 10:00:00+00:00,22822.255403460218
2026-05-01 12:00:00+00:00,22822.255403460218
2026-05-01 14:00:00+00:00,22822.255403460218
2026-05-01 16:00:00+00:00,22822.255403460218
2026-05-01 18:00:00+00:00,22822.255403460218
2026-05-01 20:00:00+00:00,22822.255403460218
2026-05-01 22:00:00+00:00,22822.255403460218
2026-05-02 00:00:00+00:00,22822.255403460218
2026-05-02 02:00:00+00:00,22822.255403460218
2026-05-02 04:00:00+00:00,22822.255403460218
2026-05-02 06:00:00+00:00,22822.255403460218
2026-05-02 08:00:00+00:00,22822.255403460218
2026-05-02 10:00:00+00:00,22822.255403460218
2026-05-02 12:00:00+00:00,22822.255403460218
2026-05-02 14:00:00+00:00,22822.255403460218
2026-05-02 16:00:00+00:00,22822.255403460218
2026-05-02 18:00:00+00:00,22822.255403460218
2026-05-02 20:00:00+00:00,22822.255403460218
2026-05-02 22:00:00+00:00,22822.255403460218
2026-05-03 00:00:00+00:00,22822.255403460218
2026-05-03 02:00:00+00:00,22822.255403460218
2026-05-03 04:00:00+00:00,22822.255403460218
2026-05-03 06:00:00+00:00,22822.255403460218
2026-05-03 08:00:00+00:00,22822.255403460218
2026-05-03 10:00:00+00:00,22822.255403460218
2026-05-03 12:00:00+00:00,22822.255403460218
2026-05-03 14:00:00+00:00,22822.255403460218
2026-05-03 16:00:00+00:00,22822.255403460218
2026-05-03 18:00:00+00:00,22822.255403460218
2026-05-03 20:00:00+00:00,22822.255403460218
2026-05-03 22:00:00+00:00,22822.255403460218
2026-05-04 00:00:00+00:00,22822.255403460218
2026-05-04 02:00:00+00:00,22822.255403460218
2026-05-04 04:00:00+00:00,22822.255403460218
2026-05-04 06:00:00+00:00,22822.255403460218
2026-05-04 08:00:00+00:00,22822.255403460218
2026-05-04 10:00:00+00:00,22822.255403460218
2026-05-04 12:00:00+00:00,22822.255403460218
2026-05-04 14:00:00+00:00,22822.255403460218
2026-05-04 16:00:00+00:00,22822.255403460218
2026-05-04 18:00:00+00:00,22822.255403460218
2026-05-04 20:00:00+00:00,22822.255403460218
2026-05-04 22:00:00+00:00,22822.255403460218
2026-05-05 00:00:00+00:00,22822.255403460218
2026-05-05 02:00:00+00:00,22822.255403460218
2026-05-05 04:00:00+00:00,22822.255403460218
2026-05-05 06:00:00+00:00,22822.255403460218
2026-05-05 08:00:00+00:00,22822.255403460218
2026-05-05 10:00:00+00:00,22822.255403460218
2026-05-05 12:00:00+00:00,22822.255403460218
2026-05-05 14:00:00+00:00,22822.255403460218
2026-05-05 16:00:00+00:00,22822.255403460218
2026-05-05 18:00:00+00:00,22822.255403460218
2026-05-05 20:00:00+00:00,22822.255403460218
2026-05-05 22:00:00+00:00,22822.255403460218
2026-05-06 00:00:00+00:00,22822.255403460218
2026-05-06 02:00:00+00:00,22822.255403460218
2026-05-06 04:00:00+00:00,22822.255403460218
2026-05-06 06:00:00+00:00,22822.255403460218
2026-05-06 08:00:00+00:00,22822.255403460218
2026-05-06 10:00:00+00:00,22822.255403460218
2026-05-06 12:00:00+00:00,22822.255403460218
2026-05-06 14:00:00+00:00,22822.255403460218
2026-05-06 16:00:00+00:00,22822.255403460218
2026-05-06 18:00:00+00:00,22822.255403460218
2026-05-06 20:00:00+00:00,22822.255403460218
2026-05-06 22:00:00+00:00,22822.255403460218
2026-05-07 00:00:00+00:00,22822.255403460218
2026-05-07 02:00:00+00:00,22822.255403460218
2026-05-07 04:00:00+00:00,22822.255403460218
2026-05-07 06:00:00+00:00,22822.255403460218
2026-05-07 08:00:00+00:00,22822.255403460218
2026-05-07 10:00:00+00:00,22822.255403460218
2026-05-07 12:00:00+00:00,22822.255403460218
2026-05-07 14:00:00+00:00,22822.255403460218
2026-05-07 16:00:00+00:00,22822.255403460218
2026-05-07 18:00:00+00:00,22822.255403460218
2026-05-07 20:00:00+00:00,22822.255403460218
2026-05-07 22:00:00+00:00,22822.255403460218
2026-05-08 00:00:00+00:00,22822.255403460218
2026-05-08 02:00:00+00:00,22822.255403460218
2026-05-08 04:00:00+00:00,22822.255403460218
2026-05-08 06:00:00+00:00,22822.255403460218
2026-05-08 08:00:00+00:00,22822.255403460218
2026-05-08 10:00:00+00:00,22822.255403460218
2026-05-08 12:00:00+00:00,22822.255403460218
2026-05-08 14:00:00+00:00,22822.255403460218
2026-05-08 16:00:00+00:00,22822.255403460218
2026-05-08 18:00:00+00:00,22822.255403460218
2026-05-08 20:00:00+00:00,22822.255403460218
2026-05-08 22:00:00+00:00,22822.255403460218
2026-05-09 00:00:00+00:00,22822.255403460218
2026-05-09 02:00:00+00:00,22822.255403460218
2026-05-09 04:00:00+00:00,22822.255403460218
2026-05-09 06:00:00+00:00,22822.255403460218
2026-05-09 08:00:00+00:00,22822.255403460218
2026-05-09 10:00:00+00:00,22822.255403460218
2026-05-09 12:00:00+00:00,22822.255403460218
2026-05-09 14:00:00+00:00,22822.255403460218
2026-05-09 16:00:00+00:00,22822.255403460218
2026-05-09 18:00:00+00:00,22822.255403460218
2026-05-09 20:00:00+00:00,22822.255403460218
2026-05-09 22:00:00+00:00,22822.255403460218
2026-05-10 00:00:00+00:00,22822.255403460218
2026-05-10 02:00:00+00:00,22822.255403460218
2026-05-10 04:00:00+00:00,22822.255403460218
2026-05-10 06:00:00+00:00,22822.255403460218
2026-05-10 08:00:00+00:00,22822.255403460218
2026-05-10 10:00:00+00:00,22822.255403460218
2026-05-10 12:00:00+00:00,22822.255403460218
2026-05-10 14:00:00+00:00,22822.255403460218
2026-05-10 16:00:00+00:00,22822.255403460218
2026-05-10 18:00:00+00:00,22822.255403460218
2026-05-10 20:00:00+00:00,22822.255403460218
2026-05-10 22:00:00+00:00,22822.255403460218
2026-05-11 00:00:00+00:00,22822.255403460218
2026-05-11 02:00:00+00:00,22822.255403460218
2026-05-11 04:00:00+00:00,22822.255403460218
2026-05-11 06:00:00+00:00,22822.255403460218
2026-05-11 08:00:00+00:00,22822.255403460218
2026-05-11 10:00:00+00:00,22822.255403460218
2026-05-11 12:00:00+00:00,22822.255403460218
2026-05-11 14:00:00+00:00,22822.255403460218
2026-05-11 16:00:00+00:00,22822.255403460218
2026-05-11 18:00:00+00:00,22822.255403460218
2026-05-11 20:00:00+00:00,22822.255403460218
2026-05-11 22:00:00+00:00,22822.255403460218
2026-05-12 00:00:00+00:00,22822.255403460218
2026-05-12 02:00:00+00:00,22822.255403460218
2026-05-12 04:00:00+00:00,22822.255403460218
2026-05-12 06:00:00+00:00,22822.255403460218
2026-05-12 08:00:00+00:00,22822.255403460218
2026-05-12 10:00:00+00:00,22822.255403460218
2026-05-12 12:00:00+00:00,22822.255403460218
2026-05-12 14:00:00+00:00,22822.255403460218
2026-05-12 16:00:00+00:00,22822.255403460218
2026-05-12 18:00:00+00:00,22822.255403460218
2026-05-12 20:00:00+00:00,22822.255403460218
2026-05-12 22:00:00+00:00,22822.255403460218
2026-05-13 00:00:00+00:00,22822.255403460218
2026-05-13 02:00:00+00:00,22822.255403460218
2026-05-13 04:00:00+00:00,22822.255403460218
2026-05-13 06:00:00+00:00,22822.255403460218
2026-05-13 08:00:00+00:00,22822.255403460218
2026-05-13 10:00:00+00:00,22822.255403460218
2026-05-13 12:00:00+00:00,22822.255403460218
2026-05-13 14:00:00+00:00,22822.255403460218
2026-05-13 16:00:00+00:00,22822.255403460218
2026-05-13 18:00:00+00:00,22822.255403460218
2026-05-13 20:00:00+00:00,22822.255403460218
2026-05-13 22:00:00+00:00,22822.255403460218
2026-05-14 00:00:00+00:00,22822.255403460218
2026-05-14 02:00:00+00:00,22822.255403460218
2026-05-14 04:00:00+00:00,22822.255403460218
2026-05-14 06:00:00+00:00,22822.255403460218
2026-05-14 08:00:00+00:00,22822.255403460218
2026-05-14 10:00:00+00:00,22822.255403460218
2026-05-14 12:00:00+00:00,22822.255403460218
2026-05-14 14:00:00+00:00,22822.255403460218
2026-05-14 16:00:00+00:00,22822.255403460218
2026-05-14 18:00:00+00:00,22822.255403460218
2026-05-14 20:00:00+00:00,22822.255403460218
2026-05-14 22:00:00+00:00,22822.255403460218
2026-05-15 00:00:00+00:00,22822.255403460218
2026-05-15 02:00:00+00:00,22822.255403460218
2026-05-15 04:00:00+00:00,22822.255403460218
2026-05-15 06:00:00+00:00,22822.255403460218
2026-05-15 08:00:00+00:00,22822.255403460218
2026-05-15 10:00:00+00:00,22822.255403460218
2026-05-15 12:00:00+00:00,22822.255403460218
2026-05-15 14:00:00+00:00,22822.255403460218
2026-05-15 16:00:00+00:00,22822.255403460218
2026-05-15 18:00:00+00:00,22822.255403460218
2026-05-15 20:00:00+00:00,22822.255403460218
2026-05-15 22:00:00+00:00,22822.255403460218
2026-05-16 00:00:00+00:00,22822.255403460218
2026-05-16 02:00:00+00:00,22822.255403460218
2026-05-16 04:00:00+00:00,22822.255403460218
2026-05-16 06:00:00+00:00,22822.255403460218
2026-05-16 08:00:00+00:00,22822.255403460218
2026-05-16 10:00:00+00:00,22822.255403460218
2026-05-16 12:00:00+00:00,22822.255403460218
2026-05-16 14:00:00+00:00,22822.255403460218
2026-05-16 16:00:00+00:00,22822.255403460218
2026-05-16 18:00:00+00:00,22822.255403460218
2026-05-16 20:00:00+00:00,22822.255403460218
2026-05-16 22:00:00+00:00,22822.255403460218
2026-05-17 00:00:00+00:00,22822.255403460218
2026-05-17 02:00:00+00:00,22822.255403460218
2026-05-17 04:00:00+00:00,22822.255403460218
2026-05-17 06:00:00+00:00,22822.255403460218
2026-05-17 08:00:00+00:00,22822.255403460218
2026-05-17 10:00:00+00:00,22822.255403460218
2026-05-17 12:00:00+00:00,22822.255403460218
2026-05-17 14:00:00+00:00,22822.255403460218
2026-05-17 16:00:00+00:00,22822.255403460218
2026-05-17 18:00:00+00:00,22822.255403460218
2026-05-17 20:00:00+00:00,22822.255403460218
2026-05-17 22:00:00+00:00,22822.255403460218
2026-05-18 00:00:00+00:00,22822.255403460218
2026-05-18 02:00:00+00:00,22822.255403460218
2026-05-18 04:00:00+00:00,22822.255403460218
2026-05-18 06:00:00+00:00,22822.255403460218
2026-05-18 08:00:00+00:00,22822.255403460218
2026-05-18 10:00:00+00:00,22822.255403460218
2026-05-18 12:00:00+00:00,22822.255403460218
2026-05-18 14:00:00+00:00,22822.255403460218
2026-05-18 16:00:00+00:00,22822.255403460218
2026-05-18 18:00:00+00:00,22822.255403460218
2026-05-18 20:00:00+00:00,22822.255403460218
2026-05-18 22:00:00+00:00,22822.255403460218
2026-05-19 00:00:00+00:00,22822.255403460218
2026-05-19 02:00:00+00:00,22822.255403460218
2026-05-19 04:00:00+00:00,22822.255403460218
2026-05-19 06:00:00+00:00,22822.255403460218
2026-05-19 08:00:00+00:00,22822.255403460218
2026-05-19 10:00:00+00:00,22822.255403460218
2026-05-19 12:00:00+00:00,22822.255403460218
2026-05-19 14:00:00+00:00,22822.255403460218
2026-05-19 16:00:00+00:00,22822.255403460218
2026-05-19 18:00:00+00:00,22822.255403460218
2026-05-19 20:00:00+00:00,22822.255403460218
2026-05-19 22:00:00+00:00,22822.255403460218
2026-05-20 00:00:00+00:00,22822.255403460218
2026-05-20 02:00:00+00:00,22822.255403460218
2026-05-20 04:00:00+00:00,22822.255403460218
2026-05-20 06:00:00+00:00,22822.255403460218
2026-05-20 08:00:00+00:00,22822.255403460218
2026-05-20 10:00:00+00:00,22822.255403460218
2026-05-20 12:00:00+00:00,22822.255403460218
2026-05-20 14:00:00+00:00,22822.255403460218
2026-05-20 16:00:00+00:00,22822.255403460218
2026-05-20 18:00:00+00:00,22822.255403460218
2026-05-20 20:00:00+00:00,22822.255403460218
2026-05-20 22:00:00+00:00,22822.255403460218
2026-05-21 00:00:00+00:00,22822.255403460218
2026-05-21 02:00:00+00:00,22822.255403460218
2026-05-21 04:00:00+00:00,22822.255403460218
2026-05-21 06:00:00+00:00,22822.255403460218
2026-05-21 08:00:00+00:00,22822.255403460218
2026-05-21 10:00:00+00:00,22822.255403460218
2026-05-21 12:00:00+00:00,22822.255403460218
2026-05-21 14:00:00+00:00,22822.255403460218
2026-05-21 16:00:00+00:00,22822.255403460218
2026-05-21 18:00:00+00:00,22822.255403460218
2026-05-21 20:00:00+00:00,22822.255403460218
2026-05-21 22:00:00+00:00,22822.255403460218
2026-05-22 00:00:00+00:00,22822.255403460218
2026-05-22 02:00:00+00:00,22822.255403460218
2026-05-22 04:00:00+00:00,22822.255403460218
2026-05-22 06:00:00+00:00,22822.255403460218
2026-05-22 08:00:00+00:00,22822.255403460218
2026-05-22 10:00:00+00:00,22822.255403460218
2026-05-22 12:00:00+00:00,22822.255403460218
2026-05-22 14:00:00+00:00,22822.255403460218
2026-05-22 16:00:00+00:00,22822.255403460218
2026-05-22 18:00:00+00:00,22822.255403460218
2026-05-22 20:00:00+00:00,22822.255403460218
2026-05-22 22:00:00+00:00,22822.255403460218
2026-05-23 00:00:00+00:00,22822.255403460218
2026-05-23 02:00:00+00:00,22822.255403460218
2026-05-23 04:00:00+00:00,22822.255403460218
2026-05-23 06:00:00+00:00,22822.255403460218
2026-05-23 08:00:00+00:00,22822.255403460218
2026-05-23 10:00:00+00:00,22822.255403460218
2026-05-23 12:00:00+00:00,22822.255403460218
2026-05-23 14:00:00+00:00,22822.255403460218
2026-05-23 16:00:00+00:00,22822.255403460218
2026-05-23 18:00:00+00:00,22822.255403460218
2026-05-23 20:00:00+00:00,22822.255403460218
2026-05-23 22:00:00+00:00,22822.255403460218
2026-05-24 00:00:00+00:00,22822.255403460218
2026-05-24 02:00:00+00:00,22822.255403460218
2026-05-24 04:00:00+00:00,22822.255403460218
2026-05-24 06:00:00+00:00,22822.255403460218
2026-05-24 08:00:00+00:00,22822.255403460218
2026-05-24 10:00:00+00:00,22822.255403460218
2026-05-24 12:00:00+00:00,22822.255403460218
2026-05-24 14:00:00+00:00,22822.255403460218
2026-05-24 16:00:00+00:00,22822.255403460218
2026-05-24 18:00:00+00:00,22822.255403460218
2026-05-24 20:00:00+00:00,22822.255403460218
2026-05-24 22:00:00+00:00,22822.255403460218
2026-05-25 00:00:00+00:00,22822.255403460218
2026-05-25 02:00:00+00:00,22822.255403460218
2026-05-25 04:00:00+00:00,22822.255403460218
2026-05-25 06:00:00+00:00,22822.255403460218
2026-05-25 08:00:00+00:00,22822.255403460218
2026-05-25 10:00:00+00:00,22822.255403460218
2026-05-25 12:00:00+00:00,22822.255403460218
2026-05-25 14:00:00+00:00,22822.255403460218
2026-05-25 16:00:00+00:00,22822.255403460218
2026-05-25 18:00:00+00:00,22822.255403460218
2026-05-25 20:00:00+00:00,22822.255403460218
2026-05-25 22:00:00+00:00,22822.255403460218
2026-05-26 00:00:00+00:00,22822.255403460218
2026-05-26 02:00:00+00:00,22822.255403460218
2026-05-26 04:00:00+00:00,22822.255403460218
2026-05-26 06:00:00+00:00,22822.255403460218
2026-05-26 08:00:00+00:00,22822.255403460218
2026-05-26 10:00:00+00:00,22822.255403460218
2026-05-26 12:00:00+00:00,22822.255403460218
2026-05-26 14:00:00+00:00,22822.255403460218
2026-05-26 16:00:00+00:00,22822.255403460218
2026-05-26 18:00:00+00:00,22822.255403460218
2026-05-26 20:00:00+00:00,22822.255403460218
2026-05-26 22:00:00+00:00,22822.255403460218
2026-05-27 00:00:00+00:00,22822.255403460218
2026-05-27 02:00:00+00:00,22822.255403460218
2026-05-27 04:00:00+00:00,22822.255403460218
2026-05-27 06:00:00+00:00,22822.255403460218
2026-05-27 08:00:00+00:00,22822.255403460218
2026-05-27 10:00:00+00:00,22822.255403460218
2026-05-27 12:00:00+00:00,22822.255403460218
2026-05-27 14:00:00+00:00,22822.255403460218
2026-05-27 16:00:00+00:00,22822.255403460218
2026-05-27 18:00:00+00:00,22822.255403460218
2026-05-27 20:00:00+00:00,22822.255403460218
2026-05-27 22:00:00+00:00,22822.255403460218
2026-05-28 00:00:00+00:00,22822.255403460218
2026-05-28 02:00:00+00:00,22822.255403460218
2026-05-28 04:00:00+00:00,22822.255403460218
2026-05-28 06:00:00+00:00,22822.255403460218
2026-05-28 08:00:00+00:00,22822.255403460218
2026-05-28 10:00:00+00:00,22822.255403460218
2026-05-28 12:00:00+00:00,22822.255403460218
2026-05-28 14:00:00+00:00,22822.255403460218
2026-05-28 16:00:00+00:00,22822.255403460218
2026-05-28 18:00:00+00:00,22822.255403460218
2026-05-28 20:00:00+00:00,22822.255403460218
2026-05-28 22:00:00+00:00,22822.255403460218
2026-05-29 00:00:00+00:00,22822.255403460218
2026-05-29 02:00:00+00:00,22822.255403460218
2026-05-29 04:00:00+00:00,22822.255403460218
2026-05-29 06:00:00+00:00,22822.255403460218
2026-05-29 08:00:00+00:00,22822.255403460218
2026-05-29 10:00:00+00:00,22822.255403460218
2026-05-29 12:00:00+00:00,22822.255403460218
2026-05-29 14:00:00+00:00,22822.255403460218
2026-05-29 16:00:00+00:00,22822.255403460218
2026-05-29 18:00:00+00:00,22822.255403460218
2026-05-29 20:00:00+00:00,22822.255403460218
2026-05-29 22:00:00+00:00,22822.255403460218
2026-05-30 00:00:00+00:00,22822.255403460218
2026-05-30 02:00:00+00:00,22822.255403460218
2026-05-30 04:00:00+00:00,22822.255403460218
2026-05-30 06:00:00+00:00,22822.255403460218
2026-05-30 08:00:00+00:00,22822.255403460218
2026-05-30 10:00:00+00:00,22822.255403460218
2026-05-30 12:00:00+00:00,22822.255403460218
2026-05-30 14:00:00+00:00,22822.255403460218
2026-05-30 16:00:00+00:00,22822.255403460218
2026-05-30 18:00:00+00:00,22822.255403460218
2026-05-30 20:00:00+00:00,22822.255403460218
2026-05-30 22:00:00+00:00,22822.255403460218
2026-05-31 00:00:00+00:00,22822.255403460218
2026-05-31 02:00:00+00:00,22822.255403460218
2026-05-31 04:00:00+00:00,22822.255403460218
2026-05-31 06:00:00+00:00,22822.255403460218
2026-05-31 08:00:00+00:00,22822.255403460218
2026-05-31 10:00:00+00:00,22822.255403460218
2026-05-31 12:00:00+00:00,22822.255403460218
2026-05-31 14:00:00+00:00,22822.255403460218
2026-05-31 16:00:00+00:00,22822.255403460218
2026-05-31 18:00:00+00:00,22822.255403460218
2026-05-31 20:00:00+00:00,22822.255403460218
2026-05-31 22:00:00+00:00,22822.255403460218
2026-06-01 00:00:00+00:00,22822.255403460218
2026-06-01 02:00:00+00:00,22822.255403460218
2026-06-01 04:00:00+00:00,22822.255403460218
2026-06-01 06:00:00+00:00,22822.255403460218
2026-06-01 08:00:00+00:00,22822.255403460218
2026-06-01 10:00:00+00:00,22822.255403460218
2026-06-01 12:00:00+00:00,22822.255403460218
2026-06-01 14:00:00+00:00,22822.255403460218
2026-06-01 16:00:00+00:00,22822.255403460218
2026-06-01 18:00:00+00:00,22822.255403460218
2026-06-01 20:00:00+00:00,22822.255403460218
2026-06-01 22:00:00+00:00,22822.255403460218
2026-06-02 00:00:00+00:00,22822.255403460218
2026-06-02 02:00:00+00:00,22822.255403460218
2026-06-02 04:00:00+00:00,22822.255403460218
2026-06-02 06:00:00+00:00,22822.255403460218
2026-06-02 08:00:00+00:00,22822.255403460218
2026-06-02 10:00:00+00:00,22822.255403460218
2026-06-02 12:00:00+00:00,22822.255403460218
2026-06-02 14:00:00+00:00,22822.255403460218
2026-06-02 16:00:00+00:00,22822.255403460218
2026-06-02 18:00:00+00:00,22822.255403460218
2026-06-02 20:00:00+00:00,22822.255403460218
2026-06-02 22:00:00+00:00,22822.255403460218
2026-06-03 00:00:00+00:00,22822.255403460218
2026-06-03 02:00:00+00:00,22822.255403460218
2026-06-03 04:00:00+00:00,22822.255403460218
2026-06-03 06:00:00+00:00,22822.255403460218
2026-06-03 08:00:00+00:00,22822.255403460218
2026-06-03 10:00:00+00:00,22822.255403460218
2026-06-03 12:00:00+00:00,22822.255403460218
2026-06-03 14:00:00+00:00,22822.255403460218
2026-06-03 16:00:00+00:00,22822.255403460218
2026-06-03 18:00:00+00:00,22822.255403460218
2026-06-03 20:00:00+00:00,22822.255403460218
2026-06-03 22:00:00+00:00,22822.255403460218
2026-06-04 00:00:00+00:00,22822.255403460218
2026-06-04 02:00:00+00:00,22822.255403460218
2026-06-04 04:00:00+00:00,22822.255403460218
2026-06-04 06:00:00+00:00,22822.255403460218
2026-06-04 08:00:00+00:00,22822.255403460218
2026-06-04 10:00:00+00:00,22822.255403460218
2026-06-04 12:00:00+00:00,22822.255403460218
2026-06-04 14:00:00+00:00,22822.255403460218
2026-06-04 16:00:00+00:00,22822.255403460218
2026-06-04 18:00:00+00:00,22822.255403460218
2026-06-04 20:00:00+00:00,22822.255403460218
2026-06-04 22:00:00+00:00,22822.255403460218
2026-06-05 00:00:00+00:00,22822.255403460218
2026-06-05 02:00:00+00:00,22822.255403460218
2026-06-05 04:00:00+00:00,22822.255403460218
2026-06-05 06:00:00+00:00,22822.255403460218
2026-06-05 08:00:00+00:00,22822.255403460218
2026-06-05 10:00:00+00:00,22822.255403460218
2026-06-05 12:00:00+00:00,22822.255403460218
2026-06-05 14:00:00+00:00,22822.255403460218
2026-06-05 16:00:00+00:00,22822.255403460218
2026-06-05 18:00:00+00:00,22822.255403460218
2026-06-05 20:00:00+00:00,22822.255403460218
2026-06-05 22:00:00+00:00,22822.255403460218
2026-06-06 00:00:00+00:00,22822.255403460218
2026-06-06 02:00:00+00:00,22822.255403460218
2026-06-06 04:00:00+00:00,22822.255403460218
2026-06-06 06:00:00+00:00,22822.255403460218
2026-06-06 08:00:00+00:00,22822.255403460218
2026-06-06 10:00:00+00:00,22822.255403460218
2026-06-06 12:00:00+00:00,22822.255403460218
2026-06-06 14:00:00+00:00,22822.255403460218
2026-06-06 16:00:00+00:00,22822.255403460218
2026-06-06 18:00:00+00:00,22822.255403460218
2026-06-06 20:00:00+00:00,22822.255403460218
2026-06-06 22:00:00+00:00,22822.255403460218
2026-06-07 00:00:00+00:00,22822.255403460218
2026-06-07 02:00:00+00:00,22822.255403460218
2026-06-07 04:00:00+00:00,22822.255403460218
2026-06-07 06:00:00+00:00,22822.255403460218
2026-06-07 08:00:00+00:00,22822.255403460218
2026-06-07 10:00:00+00:00,22822.255403460218
2026-06-07 12:00:00+00:00,22822.255403460218
2026-06-07 14:00:00+00:00,22822.255403460218
2026-06-07 16:00:00+00:00,22822.255403460218
2026-06-07 18:00:00+00:00,22822.255403460218
2026-06-07 20:00:00+00:00,22822.255403460218
2026-06-07 22:00:00+00:00,22822.255403460218
2026-06-08 00:00:00+00:00,22822.255403460218
2026-06-08 02:00:00+00:00,22822.255403460218
2026-06-08 04:00:00+00:00,22822.255403460218
2026-06-08 06:00:00+00:00,22822.255403460218
2026-06-08 08:00:00+00:00,22822.255403460218
2026-06-08 10:00:00+00:00,22822.255403460218
2026-06-08 12:00:00+00:00,22822.255403460218
2026-06-08 14:00:00+00:00,22822.255403460218
2026-06-08 16:00:00+00:00,22822.255403460218
2026-06-08 18:00:00+00:00,22822.255403460218
2026-06-08 20:00:00+00:00,22822.255403460218
2026-06-08 22:00:00+00:00,22822.255403460218
2026-06-09 00:00:00+00:00,22822.255403460218
2026-06-09 02:00:00+00:00,22822.255403460218
2026-06-09 04:00:00+00:00,22822.255403460218
2026-06-09 06:00:00+00:00,22822.255403460218
2026-06-09 08:00:00+00:00,22822.255403460218
2026-06-09 10:00:00+00:00,22822.255403460218
2026-06-09 12:00:00+00:00,22822.255403460218
2026-06-09 14:00:00+00:00,22822.255403460218
2026-06-09 16:00:00+00:00,22822.255403460218
2026-06-09 18:00:00+00:00,22822.255403460218
2026-06-09 20:00:00+00:00,22822.255403460218
2026-06-09 22:00:00+00:00,22822.255403460218
2026-06-10 00:00:00+00:00,22822.255403460218
2026-06-10 02:00:00+00:00,22822.255403460218
2026-06-10 04:00:00+00:00,22822.255403460218
2026-06-10 06:00:00+00:00,22822.255403460218
2026-06-10 08:00:00+00:00,22822.255403460218
2026-06-10 10:00:00+00:00,22822.255403460218
2026-06-10 12:00:00+00:00,22822.255403460218
2026-06-10 14:00:00+00:00,22822.255403460218
2026-06-10 16:00:00+00:00,22822.255403460218
2026-06-10 18:00:00+00:00,22822.255403460218
2026-06-10 20:00:00+00:00,22822.255403460218
2026-06-10 22:00:00+00:00,22822.255403460218
2026-06-11 00:00:00+00:00,22822.255403460218
2026-06-11 02:00:00+00:00,22822.255403460218
2026-06-11 04:00:00+00:00,22822.255403460218
2026-06-11 06:00:00+00:00,22822.255403460218
2026-06-11 08:00:00+00:00,22822.255403460218
2026-06-11 10:00:00+00:00,22822.255403460218
2026-06-11 12:00:00+00:00,22822.255403460218
2026-06-11 14:00:00+00:00,22822.255403460218
2026-06-11 16:00:00+00:00,22822.255403460218
2026-06-11 18:00:00+00:00,22822.255403460218
2026-06-11 20:00:00+00:00,22822.255403460218
2026-06-11 22:00:00+00:00,22822.255403460218
2026-06-12 00:00:00+00:00,22822.255403460218
2026-06-12 02:00:00+00:00,22822.255403460218
2026-06-12 04:00:00+00:00,22822.255403460218
2026-06-12 06:00:00+00:00,22822.255403460218
2026-06-12 08:00:00+00:00,22822.255403460218
2026-06-12 10:00:00+00:00,22822.255403460218
2026-06-12 12:00:00+00:00,22822.255403460218
2026-06-12 14:00:00+00:00,22822.255403460218
2026-06-12 16:00:00+00:00,22822.255403460218
2026-06-12 18:00:00+00:00,22822.255403460218
2026-06-12 20:00:00+00:00,22822.255403460218
2026-06-12 22:00:00+00:00,22822.255403460218
2026-06-13 00:00:00+00:00,22822.255403460218
2026-06-13 02:00:00+00:00,22822.255403460218
2026-06-13 04:00:00+00:00,22822.255403460218
2026-06-13 06:00:00+00:00,22822.255403460218
2026-06-13 08:00:00+00:00,22822.255403460218
2026-06-13 10:00:00+00:00,22822.255403460218
2026-06-13 12:00:00+00:00,22822.255403460218
2026-06-13 14:00:00+00:00,22822.255403460218
2026-06-13 16:00:00+00:00,22822.255403460218
2026-06-13 18:00:00+00:00,22822.255403460218
2026-06-13 20:00:00+00:00,22822.255403460218
2026-06-13 22:00:00+00:00,22822.255403460218
2026-06-14 00:00:00+00:00,22822.255403460218
2026-06-14 02:00:00+00:00,22822.255403460218
2026-06-14 04:00:00+00:00,22822.255403460218
2026-06-14 06:00:00+00:00,22822.255403460218
2026-06-14 08:00:00+00:00,22822.255403460218
2026-06-14 10:00:00+00:00,22822.255403460218
2026-06-14 12:00:00+00:00,22822.255403460218
2026-06-14 14:00:00+00:00,22822.255403460218
2026-06-14 16:00:00+00:00,22822.255403460218
2026-06-14 18:00:00+00:00,22822.255403460218
2026-06-14 20:00:00+00:00,22822.255403460218
2026-06-14 22:00:00+00:00,22822.255403460218
2026-06-15 00:00:00+00:00,22822.255403460218
2026-06-15 02:00:00+00:00,22822.255403460218
2026-06-15 04:00:00+00:00,22822.255403460218
2026-06-15 06:00:00+00:00,22822.255403460218
2026-06-15 08:00:00+00:00,22822.255403460218
2026-06-15 10:00:00+00:00,22822.255403460218
2026-06-15 12:00:00+00:00,22822.255403460218
2026-06-15 14:00:00+00:00,22822.255403460218
2026-06-15 16:00:00+00:00,22822.255403460218
2026-06-15 18:00:00+00:00,22822.255403460218
2026-06-15 20:00:00+00:00,22822.255403460218
2026-06-15 22:00:00+00:00,22822.255403460218
2026-06-16 00:00:00+00:00,22822.255403460218
2026-06-16 02:00:00+00:00,22822.255403460218
2026-06-16 04:00:00+00:00,22822.255403460218
2026-06-16 06:00:00+00:00,22822.255403460218
2026-06-16 08:00:00+00:00,22822.255403460218
2026-06-16 10:00:00+00:00,22822.255403460218
2026-06-16 12:00:00+00:00,22822.255403460218
2026-06-16 14:00:00+00:00,22822.255403460218
2026-06-16 16:00:00+00:00,22822.255403460218
2026-06-16 18:00:00+00:00,22822.255403460218
2026-06-16 20:00:00+00:00,22822.255403460218
2026-06-16 22:00:00+00:00,22822.255403460218
2026-06-17 00:00:00+00:00,22822.255403460218
2026-06-17 02:00:00+00:00,22822.255403460218
2026-06-17 04:00:00+00:00,22822.255403460218
2026-06-17 06:00:00+00:00,22822.255403460218
2026-06-17 08:00:00+00:00,22822.255403460218
2026-06-17 10:00:00+00:00,22822.255403460218
2026-06-17 12:00:00+00:00,22822.255403460218
2026-06-17 14:00:00+00:00,22822.255403460218
2026-06-17 16:00:00+00:00,22822.255403460218
2026-06-17 18:00:00+00:00,22822.255403460218
2026-06-17 20:00:00+00:00,22822.255403460218
2026-06-17 22:00:00+00:00,22822.255403460218
2026-06-18 00:00:00+00:00,22822.255403460218
2026-06-18 02:00:00+00:00,22822.255403460218
2026-06-18 04:00:00+00:00,22822.255403460218
2026-06-18 06:00:00+00:00,22822.255403460218
2026-06-18 08:00:00+00:00,22822.255403460218
2026-06-18 10:00:00+00:00,22822.255403460218
2026-06-18 12:00:00+00:00,22822.255403460218
2026-06-18 14:00:00+00:00,22822.255403460218
2026-06-18 16:00:00+00:00,22822.255403460218
2026-06-18 18:00:00+00:00,22822.255403460218
2026-06-18 20:00:00+00:00,22822.255403460218
2026-06-18 22:00:00+00:00,22822.255403460218
2026-06-19 00:00:00+00:00,22822.255403460218
2026-06-19 02:00:00+00:00,22822.255403460218
2026-06-19 04:00:00+00:00,22822.255403460218
2026-06-19 06:00:00+00:00,22822.255403460218
2026-06-19 08:00:00+00:00,22822.255403460218
2026-06-19 10:00:00+00:00,22822.255403460218
2026-06-19 12:00:00+00:00,22822.255403460218
2026-06-19 14:00:00+00:00,22822.255403460218
2026-06-19 16:00:00+00:00,22822.255403460218
2026-06-19 18:00:00+00:00,22822.255403460218
2026-06-19 20:00:00+00:00,22822.255403460218
2026-06-19 22:00:00+00:00,22822.255403460218
2026-06-20 00:00:00+00:00,22822.255403460218
2026-06-20 02:00:00+00:00,22822.255403460218
2026-06-20 04:00:00+00:00,22822.255403460218
2026-06-20 06:00:00+00:00,22822.255403460218
2026-06-20 08:00:00+00:00,22822.255403460218
2026-06-20 10:00:00+00:00,22822.255403460218
2026-06-20 12:00:00+00:00,22822.255403460218
2026-06-20 14:00:00+00:00,22822.255403460218
2026-06-20 16:00:00+00:00,22822.255403460218
2026-06-20 18:00:00+00:00,22822.255403460218
2026-06-20 20:00:00+00:00,22822.255403460218
2026-06-20 22:00:00+00:00,22822.255403460218
2026-06-21 00:00:00+00:00,22822.255403460218
2026-06-21 02:00:00+00:00,22822.255403460218
2026-06-21 04:00:00+00:00,22822.255403460218
2026-06-21 06:00:00+00:00,22822.255403460218
2026-06-21 08:00:00+00:00,22822.255403460218
2026-06-21 10:00:00+00:00,22822.255403460218
2026-06-21 12:00:00+00:00,22822.255403460218
2026-06-21 14:00:00+00:00,22822.255403460218
2026-06-21 16:00:00+00:00,22822.255403460218
2026-06-21 18:00:00+00:00,22822.255403460218
2026-06-21 20:00:00+00:00,22822.255403460218
2026-06-21 22:00:00+00:00,22822.255403460218
2026-06-22 00:00:00+00:00,22822.255403460218
2026-06-22 02:00:00+00:00,22822.255403460218
2026-06-22 04:00:00+00:00,22822.255403460218
2026-06-22 06:00:00+00:00,22822.255403460218
2026-06-22 08:00:00+00:00,22822.255403460218
2026-06-22 10:00:00+00:00,22822.255403460218
2026-06-22 12:00:00+00:00,22822.255403460218
2026-06-22 14:00:00+00:00,22822.255403460218
2026-06-22 16:00:00+00:00,22822.255403460218
2026-06-22 18:00:00+00:00,22822.255403460218
2026-06-22 20:00:00+00:00,22822.255403460218
2026-06-22 22:00:00+00:00,22822.255403460218
2026-06-23 00:00:00+00:00,22822.255403460218
2026-06-23 02:00:00+00:00,22822.255403460218
2026-06-23 04:00:00+00:00,22822.255403460218
2026-06-23 06:00:00+00:00,22822.255403460218
2026-06-23 08:00:00+00:00,22822.255403460218
2026-06-23 10:00:00+00:00,22822.255403460218
2026-06-23 12:00:00+00:00,22822.255403460218
2026-06-23 14:00:00+00:00,22822.255403460218
2026-06-23 16:00:00+00:00,22822.255403460218
2026-06-23 18:00:00+00:00,22822.255403460218
2026-06-23 20:00:00+00:00,22822.255403460218
2026-06-23 22:00:00+00:00,22822.255403460218
2026-06-24 00:00:00+00:00,22822.255403460218
2026-06-24 02:00:00+00:00,22822.255403460218
2026-06-24 04:00:00+00:00,22822.255403460218
2026-06-24 06:00:00+00:00,22822.255403460218
2026-06-24 08:00:00+00:00,22822.255403460218
2026-06-24 10:00:00+00:00,22822.255403460218
2026-06-24 12:00:00+00:00,22822.255403460218
2026-06-24 14:00:00+00:00,22822.255403460218
2026-06-24 16:00:00+00:00,22822.255403460218
2026-06-24 18:00:00+00:00,22822.255403460218
2026-06-24 20:00:00+00:00,22822.255403460218
2026-06-24 22:00:00+00:00,22822.255403460218
2026-06-25 00:00:00+00:00,22822.255403460218
2026-06-25 02:00:00+00:00,22822.255403460218
2026-06-25 04:00:00+00:00,22822.255403460218
2026-06-25 06:00:00+00:00,22822.255403460218
2026-06-25 08:00:00+00:00,22822.255403460218
2026-06-25 10:00:00+00:00,22822.255403460218
2026-06-25 12:00:00+00:00,22822.255403460218
2026-06-25 14:00:00+00:00,22822.255403460218
2026-06-25 16:00:00+00:00,22822.255403460218
2026-06-25 18:00:00+00:00,22822.255403460218
2026-06-25 20:00:00+00:00,22822.255403460218
2026-06-25 22:00:00+00:00,22822.255403460218
2026-06-26 00:00:00+00:00,22822.255403460218
2026-06-26 02:00:00+00:00,22822.255403460218
2026-06-26 04:00:00+00:00,22822.255403460218
2026-06-26 06:00:00+00:00,22822.255403460218
2026-06-26 08:00:00+00:00,22822.255403460218
2026-06-26 10:00:00+00:00,22822.255403460218
2026-06-26 12:00:00+00:00,22822.255403460218
2026-06-26 14:00:00+00:00,22822.255403460218
2026-06-26 16:00:00+00:00,22822.255403460218
2026-06-26 18:00:00+00:00,22822.255403460218
2026-06-26 20:00:00+00:00,22822.255403460218
2026-06-26 22:00:00+00:00,22822.255403460218
2026-06-27 00:00:00+00:00,22822.255403460218
2026-06-27 02:00:00+00:00,22822.255403460218
2026-06-27 04:00:00+00:00,22822.255403460218
2026-06-27 06:00:00+00:00,22822.255403460218
2026-06-27 08:00:00+00:00,22822.255403460218
2026-06-27 10:00:00+00:00,22822.255403460218
2026-06-27 12:00:00+00:00,22822.255403460218
2026-06-27 14:00:00+00:00,22822.255403460218
2026-06-27 16:00:00+00:00,22822.255403460218
2026-06-27 18:00:00+00:00,22822.255403460218
2026-06-27 20:00:00+00:00,22822.255403460218
2026-06-27 22:00:00+00:00,22822.255403460218
2026-06-28 00:00:00+00:00,22822.255403460218
2026-06-28 02:00:00+00:00,22822.255403460218
2026-06-28 04:00:00+00:00,22822.255403460218
2026-06-28 06:00:00+00:00,22822.255403460218
2026-06-28 08:00:00+00:00,22822.255403460218
2026-06-28 10:00:00+00:00,22822.255403460218
2026-06-28 12:00:00+00:00,22822.255403460218
2026-06-28 14:00:00+00:00,22822.255403460218
2026-06-28 16:00:00+00:00,22822.255403460218
2026-06-28 18:00:00+00:00,22822.255403460218
2026-06-28 20:00:00+00:00,22822.255403460218
2026-06-28 22:00:00+00:00,22822.255403460218
2026-06-29 00:00:00+00:00,22822.255403460218
2026-06-29 02:00:00+00:00,22822.255403460218
2026-06-29 04:00:00+00:00,22822.255403460218
2026-06-29 06:00:00+00:00,22822.255403460218
2026-06-29 08:00:00+00:00,22822.255403460218
2026-06-29 10:00:00+00:00,22822.255403460218
2026-06-29 12:00:00+00:00,22822.255403460218
2026-06-29 14:00:00+00:00,22822.255403460218
2026-06-29 16:00:00+00:00,22822.255403460218
2026-06-29 18:00:00+00:00,22822.255403460218
2026-06-29 20:00:00+00:00,22822.255403460218
2026-06-29 22:00:00+00:00,22822.255403460218
2026-06-30 00:00:00+00:00,22822.255403460218
2026-06-30 02:00:00+00:00,22822.255403460218
2026-06-30 04:00:00+00:00,22822.255403460218
2026-06-30 06:00:00+00:00,22822.255403460218
2026-06-30 08:00:00+00:00,22822.255403460218
2026-06-30 10:00:00+00:00,22822.255403460218
2026-06-30 12:00:00+00:00,22822.255403460218
2026-06-30 14:00:00+00:00,22822.255403460218
2026-06-30 16:00:00+00:00,22822.255403460218
2026-06-30 18:00:00+00:00,22822.255403460218
2026-06-30 20:00:00+00:00,22822.255403460218
2026-06-30 22:00:00+00:00,22822.255403460218
2026-07-01 00:00:00+00:00,22822.255403460218
2026-07-01 02:00:00+00:00,22822.255403460218
2026-07-01 04:00:00+00:00,22822.255403460218
2026-07-01 06:00:00+00:00,22822.255403460218
2026-07-01 08:00:00+00:00,22822.255403460218
2026-07-01 10:00:00+00:00,22822.255403460218
2026-07-01 12:00:00+00:00,22822.255403460218
2026-07-01 14:00:00+00:00,22822.255403460218
2026-07-01 16:00:00+00:00,22822.255403460218
2026-07-01 18:00:00+00:00,22822.255403460218
2026-07-01 20:00:00+00:00,22822.255403460218
2026-07-01 22:00:00+00:00,22822.255403460218
2026-07-02 00:00:00+00:00,22822.255403460218
2026-07-02 02:00:00+00:00,22822.255403460218
2026-07-02 04:00:00+00:00,22822.255403460218
2026-07-02 06:00:00+00:00,22822.255403460218
2026-07-02 08:00:00+00:00,22822.255403460218
2026-07-02 10:00:00+00:00,22822.255403460218
2026-07-02 12:00:00+00:00,22822.255403460218
2026-07-02 14:00:00+00:00,22822.255403460218
2026-07-02 16:00:00+00:00,22822.255403460218
2026-07-02 18:00:00+00:00,22822.255403460218
2026-07-02 20:00:00+00:00,22822.255403460218
2026-07-02 22:00:00+00:00,22822.255403460218
2026-07-03 00:00:00+00:00,22822.255403460218
2026-07-03 02:00:00+00:00,22822.255403460218
2026-07-03 04:00:00+00:00,22822.255403460218
2026-07-03 06:00:00+00:00,22822.255403460218
2026-07-03 08:00:00+00:00,22822.255403460218
2026-07-03 10:00:00+00:00,22822.255403460218
2026-07-03 12:00:00+00:00,22822.255403460218
2026-07-03 14:00:00+00:00,22822.255403460218
2026-07-03 16:00:00+00:00,22822.255403460218
2026-07-03 18:00:00+00:00,22822.255403460218
2026-07-03 20:00:00+00:00,22822.255403460218
2026-07-03 22:00:00+00:00,22822.255403460218
2026-07-04 00:00:00+00:00,22822.255403460218
2026-07-04 02:00:00+00:00,22822.255403460218
2026-07-04 04:00:00+00:00,22822.255403460218
2026-07-04 06:00:00+00:00,22822.255403460218
2026-07-04 08:00:00+00:00,22822.255403460218
2026-07-04 10:00:00+00:00,22822.255403460218
2026-07-04 12:00:00+00:00,22822.255403460218
2026-07-04 14:00:00+00:00,22822.255403460218
2026-07-04 16:00:00+00:00,22822.255403460218
2026-07-04 18:00:00+00:00,22822.255403460218
2026-07-04 20:00:00+00:00,22822.255403460218
2026-07-04 22:00:00+00:00,22822.255403460218
2026-07-05 00:00:00+00:00,22822.255403460218
2026-07-05 02:00:00+00:00,22822.255403460218
2026-07-05 04:00:00+00:00,22822.255403460218
2026-07-05 06:00:00+00:00,22822.255403460218
2026-07-05 08:00:00+00:00,22822.255403460218
2026-07-05 10:00:00+00:00,22822.255403460218
2026-07-05 12:00:00+00:00,22822.255403460218
2026-07-05 14:00:00+00:00,22822.255403460218
2026-07-05 16:00:00+00:00,22822.255403460218
2026-07-05 18:00:00+00:00,22822.255403460218
2026-07-05 20:00:00+00:00,22822.255403460218
2026-07-05 22:00:00+00:00,22822.255403460218
2026-07-06 00:00:00+00:00,22822.255403460218
2026-07-06 02:00:00+00:00,22822.255403460218
2026-07-06 04:00:00+00:00,22822.255403460218
2026-07-06 06:00:00+00:00,22822.255403460218
2026-07-06 08:00:00+00:00,22822.255403460218
2026-07-06 10:00:00+00:00,22822.255403460218
2026-07-06 12:00:00+00:00,22822.255403460218
2026-07-06 14:00:00+00:00,22822.255403460218
2026-07-06 16:00:00+00:00,22822.255403460218
2026-07-06 18:00:00+00:00,22822.255403460218
2026-07-06 20:00:00+00:00,22822.255403460218
2026-07-06 22:00:00+00:00,22822.255403460218
2026-07-07 00:00:00+00:00,22822.255403460218
2026-07-07 02:00:00+00:00,22822.255403460218
2026-07-07 04:00:00+00:00,22822.255403460218
2026-07-07 06:00:00+00:00,22822.255403460218
2026-07-07 08:00:00+00:00,22822.255403460218
2026-07-07 10:00:00+00:00,22822.255403460218
2026-07-07 12:00:00+00:00,22822.255403460218
2026-07-07 14:00:00+00:00,22822.255403460218
2026-07-07 16:00:00+00:00,22822.255403460218
2026-07-07 18:00:00+00:00,22822.255403460218
2026-07-07 20:00:00+00:00,22822.255403460218
2026-07-07 22:00:00+00:00,22822.255403460218
2026-07-08 00:00:00+00:00,22822.255403460218
2026-07-08 02:00:00+00:00,22822.255403460218
2026-07-08 04:00:00+00:00,22822.255403460218
2026-07-08 06:00:00+00:00,22822.255403460218
2026-07-08 08:00:00+00:00,22822.255403460218
2026-07-08 10:00:00+00:00,22822.255403460218
2026-07-08 12:00:00+00:00,22822.255403460218
2026-07-08 14:00:00+00:00,22822.255403460218
2026-07-08 16:00:00+00:00,22822.255403460218
2026-07-08 18:00:00+00:00,22822.255403460218
2026-07-08 20:00:00+00:00,22822.255403460218
2026-07-08 22:00:00+00:00,22822.255403460218
2026-07-09 00:00:00+00:00,22822.255403460218
2026-07-09 02:00:00+00:00,22822.255403460218
2026-07-09 04:00:00+00:00,22822.255403460218
2026-07-09 06:00:00+00:00,22822.255403460218
2026-07-09 08:00:00+00:00,22822.255403460218
2026-07-09 10:00:00+00:00,22822.255403460218
2026-07-09 12:00:00+00:00,22822.255403460218
2026-07-09 14:00:00+00:00,22822.255403460218
2026-07-09 16:00:00+00:00,22822.255403460218
2026-07-09 18:00:00+00:00,22822.255403460218
2026-07-09 20:00:00+00:00,22822.255403460218
2026-07-09 22:00:00+00:00,22822.255403460218
2026-07-10 00:00:00+00:00,22822.255403460218
2026-07-10 02:00:00+00:00,22822.255403460218
2026-07-10 04:00:00+00:00,22822.255403460218
2026-07-10 06:00:00+00:00,22822.255403460218
2026-07-10 08:00:00+00:00,22822.255403460218
2026-07-10 10:00:00+00:00,22822.255403460218
2026-07-10 12:00:00+00:00,22822.255403460218
2026-07-10 14:00:00+00:00,22822.255403460218
2026-07-10 16:00:00+00:00,22822.255403460218
2026-07-10 18:00:00+00:00,22822.255403460218
2026-07-10 20:00:00+00:00,22822.255403460218
2026-07-10 22:00:00+00:00,22822.255403460218
2026-07-11 00:00:00+00:00,22822.255403460218
2026-07-11 02:00:00+00:00,22822.255403460218
2026-07-11 04:00:00+00:00,22822.255403460218
2026-07-11 06:00:00+00:00,22822.255403460218
2026-07-11 08:00:00+00:00,22822.255403460218
2026-07-11 10:00:00+00:00,22822.255403460218
2026-07-11 12:00:00+00:00,22822.255403460218
2026-07-11 14:00:00+00:00,22822.255403460218
2026-07-11 16:00:00+00:00,22822.255403460218
2026-07-11 18:00:00+00:00,22822.255403460218
2026-07-11 20:00:00+00:00,22822.255403460218
2026-07-11 22:00:00+00:00,22822.255403460218
2026-07-12 00:00:00+00:00,22822.255403460218
2026-07-12 02:00:00+00:00,22822.255403460218
2026-07-12 04:00:00+00:00,22822.255403460218
2026-07-12 06:00:00+00:00,22822.255403460218
2026-07-12 08:00:00+00:00,22822.255403460218
2026-07-12 10:00:00+00:00,22822.255403460218
2026-07-12 12:00:00+00:00,22822.255403460218
2026-07-12 14:00:00+00:00,22822.255403460218
2026-07-12 16:00:00+00:00,22822.255403460218
2026-07-12 18:00:00+00:00,22822.255403460218
2026-07-12 20:00:00+00:00,22822.255403460218
2026-07-12 22:00:00+00:00,22822.255403460218
2026-07-13 00:00:00+00:00,22822.255403460218
2026-07-13 02:00:00+00:00,22822.255403460218
2026-07-13 04:00:00+00:00,22822.255403460218
2026-07-13 06:00:00+00:00,22822.255403460218
2026-07-13 08:00:00+00:00,22822.255403460218
2026-07-13 10:00:00+00:00,22822.255403460218
2026-07-13 12:00:00+00:00,22822.255403460218
2026-07-13 14:00:00+00:00,22822.255403460218
2026-07-13 16:00:00+00:00,22822.255403460218
2026-07-13 18:00:00+00:00,22822.255403460218
2026-07-13 20:00:00+00:00,22822.255403460218
2026-07-13 22:00:00+00:00,22822.255403460218
2026-07-14 00:00:00+00:00,22822.255403460218
2026-07-14 02:00:00+00:00,22822.255403460218
2026-07-14 04:00:00+00:00,22822.255403460218
2026-07-14 06:00:00+00:00,22822.255403460218
2026-07-14 08:00:00+00:00,22822.255403460218
2026-07-14 10:00:00+00:00,22822.255403460218
2026-07-14 12:00:00+00:00,22822.255403460218
2026-07-14 14:00:00+00:00,22822.255403460218
2026-07-14 16:00:00+00:00,22822.255403460218
2026-07-14 18:00:00+00:00,22822.255403460218
2026-07-14 20:00:00+00:00,22822.255403460218
2026-07-14 22:00:00+00:00,22822.255403460218
2026-07-15 00:00:00+00:00,22822.255403460218
2026-07-15 02:00:00+00:00,22822.255403460218
2026-07-15 04:00:00+00:00,22822.255403460218
2026-07-15 06:00:00+00:00,22822.255403460218
2026-07-15 08:00:00+00:00,22822.255403460218
2026-07-15 10:00:00+00:00,22822.255403460218
2026-07-15 12:00:00+00:00,22822.255403460218
2026-07-15 14:00:00+00:00,22822.255403460218
2026-07-15 16:00:00+00:00,22822.255403460218
2026-07-15 18:00:00+00:00,22822.255403460218
2026-07-15 20:00:00+00:00,22822.255403460218
2026-07-15 22:00:00+00:00,22822.255403460218
2026-07-16 00:00:00+00:00,22822.255403460218
2026-07-16 02:00:00+00:00,22822.255403460218
2026-07-16 04:00:00+00:00,22822.255403460218
2026-07-16 06:00:00+00:00,22822.255403460218
2026-07-16 08:00:00+00:00,22822.255403460218
2026-07-16 10:00:00+00:00,22822.255403460218
2026-07-16 12:00:00+00:00,22822.255403460218
2026-07-16 14:00:00+00:00,22822.255403460218
2026-07-16 16:00:00+00:00,22822.255403460218
2026-07-16 18:00:00+00:00,22822.255403460218
2026-07-16 20:00:00+00:00,22822.255403460218
2026-07-16 22:00:00+00:00,22822.255403460218
2026-07-17 00:00:00+00:00,22822.255403460218
2026-07-17 02:00:00+00:00,22822.255403460218
2026-07-17 04:00:00+00:00,22822.255403460218
2026-07-17 06:00:00+00:00,22822.255403460218
2026-07-17 08:00:00+00:00,22822.255403460218
2026-07-17 10:00:00+00:00,22822.255403460218
2026-07-17 12:00:00+00:00,22822.255403460218
2026-07-17 14:00:00+00:00,22822.255403460218
2026-07-17 16:00:00+00:00,22822.255403460218
2026-07-17 18:00:00+00:00,22822.255403460218
2026-07-17 20:00:00+00:00,22822.255403460218
2026-07-17 22:00:00+00:00,22822.255403460218
2026-07-18 00:00:00+00:00,22822.255403460218
2026-07-18 02:00:00+00:00,22822.255403460218
2026-07-18 04:00:00+00:00,22822.255403460218
2026-07-18 06:00:00+00:00,22822.255403460218
2026-07-18 08:00:00+00:00,22822.255403460218
2026-07-18 10:00:00+00:00,22822.255403460218
2026-07-18 12:00:00+00:00,22822.255403460218
2026-07-18 14:00:00+00:00,22822.255403460218
2026-07-18 16:00:00+00:00,22822.255403460218
2026-07-18 18:00:00+00:00,22822.255403460218
2026-07-18 20:00:00+00:00,22822.255403460218
2026-07-18 22:00:00+00:00,22822.255403460218
2026-07-19 00:00:00+00:00,22822.255403460218
2026-07-19 02:00:00+00:00,22822.255403460218
2026-07-19 04:00:00+00:00,22822.255403460218
2026-07-19 06:00:00+00:00,22822.255403460218
2026-07-19 08:00:00+00:00,22822.255403460218
2026-07-19 10:00:00+00:00,22822.255403460218
2026-07-19 12:00:00+00:00,22822.255403460218
2026-07-19 14:00:00+00:00,22822.255403460218
2026-07-19 16:00:00+00:00,22822.255403460218
2026-07-19 18:00:00+00:00,22822.255403460218
2026-07-19 20:00:00+00:00,22822.255403460218
2026-07-19 22:00:00+00:00,22822.255403460218
2026-07-20 00:00:00+00:00,22822.255403460218
2026-07-20 02:00:00+00:00,22822.255403460218
2026-07-20 04:00:00+00:00,22822.255403460218
2026-07-20 06:00:00+00:00,22822.255403460218
2026-07-20 08:00:00+00:00,22822.255403460218
2026-07-20 10:00:00+00:00,22822.255403460218
2026-07-20 12:00:00+00:00,22822.255403460218
2026-07-20 14:00:00+00:00,22822.255403460218
2026-07-20 16:00:00+00:00,22822.255403460218
2026-07-20 18:00:00+00:00,22822.255403460218
2026-07-20 20:00:00+00:00,22822.255403460218
2026-07-20 22:00:00+00:00,22822.255403460218
2026-07-21 00:00:00+00:00,22822.255403460218
2026-07-21 02:00:00+00:00,22822.255403460218
2026-07-21 04:00:00+00:00,22822.255403460218
2026-07-21 06:00:00+00:00,22822.255403460218
2026-07-21 08:00:00+00:00,22822.255403460218
2026-07-21 10:00:00+00:00,22822.255403460218
2026-07-21 12:00:00+00:00,22822.255403460218
2026-07-21 14:00:00+00:00,22822.255403460218
2026-07-21 16:00:00+00:00,22822.255403460218
2026-07-21 18:00:00+00:00,22822.255403460218
2026-07-21 20:00:00+00:00,22822.255403460218
2026-07-21 22:00:00+00:00,22822.255403460218
2026-07-22 00:00:00+00:00,22822.255403460218
2026-07-22 02:00:00+00:00,22822.255403460218
2026-07-22 04:00:00+00:00,22822.255403460218
2026-07-22 06:00:00+00:00,22822.255403460218
2026-07-22 08:00:00+00:00,22822.255403460218
2026-07-22 10:00:00+00:00,22822.255403460218
2026-07-22 12:00:00+00:00,22822.255403460218
2026-07-22 14:00:00+00:00,22822.255403460218
2026-07-22 16:00:00+00:00,22822.255403460218
2026-07-22 18:00:00+00:00,22822.255403460218
2026-07-22 20:00:00+00:00,22822.255403460218
2026-07-22 22:00:00+00:00,22822.255403460218
2026-07-23 00:00:00+00:00,22822.255403460218
2026-07-23 02:00:00+00:00,22822.255403460218
2026-07-23 04:00:00+00:00,22822.255403460218
2026-07-23 06:00:00+00:00,22822.255403460218
2026-07-23 08:00:00+00:00,22822.255403460218
2026-07-23 10:00:00+00:00,22822.255403460218
2026-07-23 12:00:00+00:00,22822.255403460218
2026-07-23 14:00:00+00:00,22822.255403460218
2026-07-23 16:00:00+00:00,22822.255403460218
2026-07-23 18:00:00+00:00,22822.255403460218
2026-07-23 20:00:00+00:00,22822.255403460218
2026-07-23 22:00:00+00:00,22822.255403460218
2026-07-24 00:00:00+00:00,22822.255403460218
2026-07-24 02:00:00+00:00,22822.255403460218
2026-07-24 04:00:00+00:00,22822.255403460218
2026-07-24 06:00:00+00:00,22822.255403460218
2026-07-24 08:00:00+00:00,22822.255403460218
2026-07-24 10:00:00+00:00,22822.255403460218
2026-07-24 12:00:00+00:00,22822.255403460218
2026-07-24 14:00:00+00:00,22822.255403460218
2026-07-24 16:00:00+00:00,22822.255403460218
2026-07-24 18:00:00+00:00,22822.255403460218
2026-07-24 20:00:00+00:00,22822.255403460218
2026-07-24 22:00:00+00:00,22822.255403460218
2026-07-25 00:00:00+00:00,22822.255403460218
2026-07-25 02:00:00+00:00,22822.255403460218
2026-07-25 04:00:00+00:00,22822.255403460218
2026-07-25 06:00:00+00:00,22822.255403460218
2026-07-25 08:00:00+00:00,22822.255403460218
2026-07-25 10:00:00+00:00,22822.255403460218
2026-07-25 12:00:00+00:00,22822.255403460218
2026-07-25 14:00:00+00:00,22822.255403460218
2026-07-25 16:00:00+00:00,22822.255403460218
2026-07-25 18:00:00+00:00,22822.255403460218
2026-07-25 20:00:00+00:00,22822.255403460218
2026-07-25 22:00:00+00:00,22822.255403460218
2026-07-26 00:00:00+00:00,22822.255403460218
2026-07-26 02:00:00+00:00,22822.255403460218
2026-07-26 04:00:00+00:00,22822.255403460218
2026-07-26 06:00:00+00:00,22822.255403460218
2026-07-26 08:00:00+00:00,22822.255403460218
2026-07-26 10:00:00+00:00,22822.255403460218
2026-07-26 12:00:00+00:00,22822.255403460218
2026-07-26 14:00:00+00:00,22822.255403460218
2026-07-26 16:00:00+00:00,22822.255403460218
2026-07-26 18:00:00+00:00,22822.255403460218
2026-07-26 20:00:00+00:00,22822.255403460218
2026-07-26 22:00:00+00:00,22822.255403460218
2026-07-27 00:00:00+00:00,22822.255403460218
2026-07-27 02:00:00+00:00,22822.255403460218
2026-07-27 04:00:00+00:00,22822.255403460218
2026-07-27 06:00:00+00:00,22822.255403460218
2026-07-27 08:00:00+00:00,22822.255403460218
2026-07-27 10:00:00+00:00,22822.255403460218
2026-07-27 12:00:00+00:00,22822.255403460218
2026-07-27 14:00:00+00:00,22822.255403460218
2026-07-27 16:00:00+00:00,22822.255403460218
2026-07-27 18:00:00+00:00,22822.255403460218
2026-07-27 20:00:00+00:00,22822.255403460218
2026-07-27 22:00:00+00:00,22822.255403460218
2026-07-28 00:00:00+00:00,22822.255403460218
2026-07-28 02:00:00+00:00,22822.255403460218
2026-07-28 04:00:00+00:00,22822.255403460218
2026-07-28 06:00:00+00:00,22822.255403460218
2026-07-28 08:00:00+00:00,22822.255403460218
2026-07-28 10:00:00+00:00,22822.255403460218
2026-07-28 12:00:00+00:00,22822.255403460218
2026-07-28 14:00:00+00:00,22822.255403460218
2026-07-28 16:00:00+00:00,22822.255403460218
2026-07-28 18:00:00+00:00,22822.255403460218
2026-07-28 20:00:00+00:00,22822.255403460218
2026-07-28 22:00:00+00:00,22822.255403460218
2026-07-29 00:00:00+00:00,22822.255403460218
2026-07-29 02:00:00+00:00,22822.255403460218
2026-07-29 04:00:00+00:00,22822.255403460218
2026-07-29 06:00:00+00:00,22822.255403460218
2026-07-29 08:00:00+00:00,22822.255403460218
2026-07-29 10:00:00+00:00,22822.255403460218
2026-07-29 12:00:00+00:00,22822.255403460218
2026-07-29 14:00:00+00:00,22822.255403460218
2026-07-29 16:00:00+00:00,22822.255403460218
2026-07-29 18:00:00+00:00,22822.255403460218
2026-07-29 20:00:00+00:00,22822.255403460218
2026-07-29 22:00:00+00:00,22822.255403460218
2026-07-30 00:00:00+00:00,22822.255403460218
2026-07-30 02:00:00+00:00,22822.255403460218
2026-07-30 04:00:00+00:00,22822.255403460218
2026-07-30 06:00:00+00:00,22822.255403460218
2026-07-30 08:00:00+00:00,22822.255403460218
2026-07-30 10:00:00+00:00,22822.255403460218
2026-07-30 12:00:00+00:00,22822.255403460218
2026-07-30 14:00:00+00:00,22822.255403460218
2026-07-30 16:00:00+00:00,22822.255403460218
2026-07-30 18:00:00+00:00,22822.255403460218
2026-07-30 20:00:00+00:00,22822.255403460218
2026-07-30 22:00:00+00:00,22822.255403460218
2026-07-31 00:00:00+00:00,22822.255403460218
2026-07-31 02:00:00+00:00,22822.255403460218
2026-07-31 04:00:00+00:00,22822.255403460218
2026-07-31 06:00:00+00:00,22822.255403460218
2026-07-31 08:00:00+00:00,22822.255403460218
2026-07-31 10:00:00+00:00,22822.255403460218
2026-07-31 12:00:00+00:00,22822.255403460218
2026-07-31 14:00:00+00:00,22822.255403460218
2026-07-31 16:00:00+00:00,22822.255403460218
2026-07-31 18:00:00+00:00,22822.255403460218
2026-07-31 20:00:00+00:00,22822.255403460218
2026-07-31 22:00:00+00:00,22822.255403460218
2026-08-01 00:00:00+00:00,22822.255403460218
2026-08-01 02:00:00+00:00,22822.255403460218
2026-08-01 04:00:00+00:00,22822.255403460218
2026-08-01 06:00:00+00:00,22822.255403460218
2026-08-01 08:00:00+00:00,22822.255403460218
2026-08-01 10:00:00+00:00,22822.255403460218
2026-08-01 12:00:00+00:00,22822.255403460218
2026-08-01 14:00:00+00:00,22822.255403460218
2026-08-01 16:00:00+00:00,22822.255403460218
2026-08-01 18:00:00+00:00,22822.255403460218
2026-08-01 20:00:00+00:00,22822.255403460218
2026-08-01 22:00:00+00:00,22822.255403460218
2026-08-02 00:00:00+00:00,22822.255403460218
2026-08-02 02:00:00+00:00,22822.255403460218
2026-08-02 04:00:00+00:00,22822.255403460218
2026-08-02 06:00:00+00:00,22822.255403460218
2026-08-02 08:00:00+00:00,22822.255403460218
2026-08-02 10:00:00+00:00,22822.255403460218
2026-08-02 12:00:00+00:00,22822.255403460218
2026-08-02 14:00:00+00:00,22822.255403460218
2026-08-02 16:00:00+00:00,22822.255403460218
2026-08-02 18:00:00+00:00,22822.255403460218
2026-08-02 20:00:00+00:00,22822.255403460218
2026-08-02 22:00:00+00:00,22822.255403460218
2026-08-03 00:00:00+00:00,22822.255403460218
2026-08-03 02:00:00+00:00,22822.255403460218
2026-08-03 04:00:00+00:00,22822.255403460218
2026-08-03 06:00:00+00:00,22822.255403460218
2026-08-03 08:00:00+00:00,22822.255403460218
2026-08-03 10:00:00+00:00,22822.255403460218
2026-08-03 12:00:00+00:00,22822.255403460218
2026-08-03 14:00:00+00:00,22822.255403460218
2026-08-03 16:00:00+00:00,22822.255403460218
2026-08-03 18:00:00+00:00,22822.255403460218
2026-08-03 20:00:00+00:00,22822.255403460218
2026-08-03 22:00:00+00:00,22822.255403460218
2026-08-04 00:00:00+00:00,22822.255403460218
2026-08-04 02:00:00+00:00,22822.255403460218
2026-08-04 04:00:00+00:00,22822.255403460218
2026-08-04 06:00:00+00:00,22822.255403460218
2026-08-04 08:00:00+00:00,22822.255403460218
2026-08-04 10:00:00+00:00,22822.255403460218
2026-08-04 12:00:00+00:00,22822.255403460218
2026-08-04 14:00:00+00:00,22822.255403460218
2026-08-04 16:00:00+00:00,22822.255403460218
2026-08-04 18:00:00+00:00,22822.255403460218
2026-08-04 20:00:00+00:00,22822.255403460218
2026-08-04 22:00:00+00:00,22822.255403460218
2026-08-05 00:00:00+00:00,22822.255403460218
2026-08-05 02:00:00+00:00,22822.255403460218
2026-08-05 04:00:00+00:00,22822.255403460218
2026-08-05 06:00:00+00:00,22822.255403460218
2026-08-05 08:00:00+00:00,22822.255403460218
2026-08-05 10:00:00+00:00,22822.255403460218
2026-08-05 12:00:00+00:00,22822.255403460218
2026-08-05 14:00:00+00:00,22822.255403460218
2026-08-05 16:00:00+00:00,22822.255403460218
2026-08-05 18:00:00+00:00,22822.255403460218
2026-08-05 20:00:00+00:00,22822.255403460218
2026-08-05 22:00:00+00:00,22822.255403460218
2026-08-06 00:00:00+00:00,22822.255403460218
2026-08-06 02:00:00+00:00,22822.255403460218
2026-08-06 04:00:00+00:00,22822.255403460218
2026-08-06 06:00:00+00:00,22822.255403460218
2026-08-06 08:00:00+00:00,22822.255403460218
2026-08-06 10:00:00+00:00,22822.255403460218
2026-08-06 12:00:00+00:00,22822.255403460218
2026-08-06 14:00:00+00:00,22822.255403460218
2026-08-06 16:00:00+00:00,22822.255403460218
2026-08-06 18:00:00+00:00,22822.255403460218
2026-08-06 20:00:00+00:00,22822.255403460218
2026-08-06 22:00:00+00:00,22822.255403460218
2026-08-07 00:00:00+00:00,22822.255403460218
2026-08-07 02:00:00+00:00,22822.255403460218
2026-08-07 04:00:00+00:00,22822.255403460218
2026-08-07 06:00:00+00:00,22822.255403460218
2026-08-07 08:00:00+00:00,22822.255403460218
2026-08-07 10:00:00+00:00,22822.255403460218
2026-08-07 12:00:00+00:00,22822.255403460218
2026-08-07 14:00:00+00:00,22822.255403460218
2026-08-07 16:00:00+00:00,22822.255403460218
2026-08-07 18:00:00+00:00,22822.255403460218
2026-08-07 20:00:00+00:00,22822.255403460218
2026-08-07 22:00:00+00:00,22822.255403460218
2026-08-08 00:00:00+00:00,22822.255403460218
2026-08-08 02:00:00+00:00,22822.255403460218
2026-08-08 04:00:00+00:00,22822.255403460218
2026-08-08 06:00:00+00:00,22822.255403460218
2026-08-08 08:00:00+00:00,22822.255403460218
2026-08-08 10:00:00+00:00,22822.255403460218
2026-08-08 12:00:00+00:00,22822.255403460218
2026-08-08 14:00:00+00:00,22822.255403460218
2026-08-08 16:00:00+00:00,22822.255403460218
2026-08-08 18:00:00+00:00,22822.255403460218
2026-08-08 20:00:00+00:00,22822.255403460218
2026-08-08 22:00:00+00:00,22822.255403460218
2026-08-09 00:00:00+00:00,22822.255403460218
2026-08-09 02:00:00+00:00,22822.255403460218
2026-08-09 04:00:00+00:00,22822.255403460218
2026-08-09 06:00:00+00:00,22822.255403460218
2026-08-09 08:00:00+00:00,22822.255403460218
2026-08-09 10:00:00+00:00,22822.255403460218
2026-08-09 12:00:00+00:00,22822.255403460218
2026-08-09 14:00:00+00:00,22822.255403460218
2026-08-09 16:00:00+00:00,22822.255403460218
2026-08-09 18:00:00+00:00,22822.255403460218
2026-08-09 20:00:00+00:00,22822.255403460218
2026-08-09 22:00:00+00:00,22822.255403460218
2026-08-10 00:00:00+00:00,22822.255403460218
2026-08-10 02:00:00+00:00,22822.255403460218
2026-08-10 04:00:00+00:00,22822.255403460218
2026-08-10 06:00:00+00:00,22822.255403460218
2026-08-10 08:00:00+00:00,22822.255403460218
2026-08-10 10:00:00+00:00,22822.255403460218
2026-08-10 12:00:00+00:00,22822.255403460218
2026-08-10 14:00:00+00:00,22822.255403460218
2026-08-10 16:00:00+00:00,22822.255403460218
2026-08-10 18:00:00+00:00,22822.255403460218
2026-08-10 20:00:00+00:00,22822.255403460218
2026-08-10 22:00:00+00:00,22822.255403460218
2026-08-11 00:00:00+00:00,22822.255403460218
2026-08-11 02:00:00+00:00,22822.255403460218
2026-08-11 04:00:00+00:00,22822.255403460218
2026-08-11 06:00:00+00:00,22822.255403460218
2026-08-11 08:00:00+00:00,22822.255403460218
2026-08-11 10:00:00+00:00,22822.255403460218
2026-08-11 12:00:00+00:00,22822.255403460218
2026-08-11 14:00:00+00:00,22822.255403460218
2026-08-11 16:00:00+00:00,22822.255403460218
2026-08-11 18:00:00+00:00,22822.255403460218
2026-08-11 20:00:00+00:00,22822.255403460218
2026-08-11 22:00:00+00:00,22822.255403460218
2026-08-12 00:00:00+00:00,22822.255403460218
2026-08-12 02:00:00+00:00,22822.255403460218
2026-08-12 04:00:00+00:00,22822.255403460218
2026-08-12 06:00:00+00:00,22822.255403460218
2026-08-12 08:00:00+00:00,22822.255403460218
2026-08-12 10:00:00+00:00,22822.255403460218
2026-08-12 12:00:00+00:00,22822.255403460218
2026-08-12 14:00:00+00:00,22822.255403460218
2026-08-12 16:00:00+00:00,22822.255403460218
2026-08-12 18:00:00+00:00,22822.255403460218
2026-08-12 20:00:00+00:00,22822.255403460218
2026-08-12 22:00:00+00:00,22822.255403460218
2026-08-13 00:00:00+00:00,22822.255403460218
2026-08-13 02:00:00+00:00,22822.255403460218
2026-08-13 04:00:00+00:00,22822.255403460218
2026-08-13 06:00:00+00:00,22822.255403460218
2026-08-13 08:00:00+00:00,22822.255403460218
2026-08-13 10:00:00+00:00,22822.255403460218
2026-08-13 12:00:00+00:00,22822.255403460218
2026-08-13 14:00:00+00:00,22822.255403460218
2026-08-13 16:00:00+00:00,22822.255403460218
2026-08-13 18:00:00+00:00,22822.255403460218
2026-08-13 20:00:00+00:00,22822.255403460218
2026-08-13 22:00:00+00:00,22822.255403460218
2026-08-14 00:00:00+00:00,22822.255403460218
2026-08-14 02:00:00+00:00,22822.255403460218
2026-08-14 04:00:00+00:00,22822.255403460218
2026-08-14 06:00:00+00:00,22822.255403460218
2026-08-14 08:00:00+00:00,22822.255403460218
2026-08-14 10:00:00+00:00,22822.255403460218
2026-08-14 12:00:00+00:00,22822.255403460218
2026-08-14 14:00:00+00:00,22822.255403460218
2026-08-14 16:00:00+00:00,22822.255403460218
2026-08-14 18:00:00+00:00,22822.255403460218
2026-08-14 20:00:00+00:00,22822.255403460218
2026-08-14 22:00:00+00:00,22822.255403460218
2026-08-15 00:00:00+00:00,22822.255403460218
2026-08-15 02:00:00+00:00,22822.255403460218
2026-08-15 04:00:00+00:00,22822.255403460218
2026-08-15 06:00:00+00:00,22822.255403460218
2026-08-15 08:00:00+00:00,22822.255403460218
2026-08-15 10:00:00+00:00,22822.255403460218
2026-08-15 12:00:00+00:00,22822.255403460218
2026-08-15 14:00:00+00:00,22822.255403460218
2026-08-15 16:00:00+00:00,22822.255403460218
2026-08-15 18:00:00+00:00,22822.255403460218
2026-08-15 20:00:00+00:00,22822.255403460218
2026-08-15 22:00:00+00:00,22822.255403460218
2026-08-16 00:00:00+00:00,22822.255403460218
2026-08-16 02:00:00+00:00,22822.255403460218
2026-08-16 04:00:00+00:00,22822.255403460218
2026-08-16 06:00:00+00:00,22822.255403460218
2026-08-16 08:00:00+00:00,22822.255403460218
2026-08-16 10:00:00+00:00,22822.255403460218
2026-08-16 12:00:00+00:00,22822.255403460218
2026-08-16 14:00:00+00:00,22822.255403460218
2026-08-16 16:00:00+00:00,22822.255403460218
2026-08-16 18:00:00+00:00,22822.255403460218
2026-08-16 20:00:00+00:00,22822.255403460218
2026-08-16 22:00:00+00:00,22822.255403460218
2026-08-17 00:00:00+00:00,22822.255403460218
2026-08-17 02:00:00+00:00,22822.255403460218
2026-08-17 04:00:00+00:00,22822.255403460218
2026-08-17 06:00:00+00:00,22822.255403460218
2026-08-17 08:00:00+00:00,22822.255403460218
2026-08-17 10:00:00+00:00,22822.255403460218
2026-08-17 12:00:00+00:00,22822.255403460218
2026-08-17 14:00:00+00:00,22822.255403460218
2026-08-17 16:00:00+00:00,22822.255403460218
2026-08-17 18:00:00+00:00,22822.255403460218
2026-08-17 20:00:00+00:00,22822.255403460218
2026-08-17 22:00:00+00:00,22822.255403460218
2026-08-18 00:00:00+00:00,22822.255403460218
2026-08-18 02:00:00+00:00,22822.255403460218
2026-08-18 04:00:00+00:00,22822.255403460218
2026-08-18 06:00:00+00:00,22822.255403460218
2026-08-18 08:00:00+00:00,22822.255403460218
2026-08-18 10:00:00+00:00,22822.255403460218
2026-08-18 12:00:00+00:00,22822.255403460218
2026-08-18 14:00:00+00:00,22822.255403460218
2026-08-18 16:00:00+00:00,22822.255403460218
2026-08-18 18:00:00+00:00,22822.255403460218
2026-08-18 20:00:00+00:00,22822.255403460218
2026-08-18 22:00:00+00:00,22822.255403460218
2026-08-19 00:00:00+00:00,22822.255403460218
2026-08-19 02:00:00+00:00,22822.255403460218
2026-08-19 04:00:00+00:00,22822.255403460218
2026-08-19 06:00:00+00:00,22822.255403460218
2026-08-19 08:00:00+00:00,22822.255403460218
2026-08-19 10:00:00+00:00,22822.255403460218
2026-08-19 12:00:00+00:00,22822.255403460218
2026-08-19 14:00:00+00:00,22822.255403460218
2026-08-19 16:00:00+00:00,22822.255403460218
2026-08-19 18:00:00+00:00,22822.255403460218
2026-08-19 20:00:00+00:00,22822.255403460218
2026-08-19 22:00:00+00:00,22822.255403460218
2026-08-20 00:00:00+00:00,22822.255403460218
2026-08-20 02:00:00+00:00,22639.27083213563
2026-08-20 04:00:00+00:00,22629.21489306302
2026-08-20 06:00:00+00:00,22823.629715133477
2026-08-20 08:00:00+00:00,23035.87438757561
2026-08-20 10:00:00+00:00,23096.21002201127
2026-08-20 12:00:00+00:00,23173.305554901275
2026-08-20 14:00:00+00:00,23649.28667100481
2026-08-20 16:00:00+00:00,24350.836914019652
2026-08-20 18:00:00+00:00,23945.24737142439
2026-08-20 20:00:00+00:00,24163.126051330935
2026-08-20 22:00:00+00:00,24441.340365673143
2026-08-21 00:00:00+00:00,24475.767543484162
2026-08-21 02:00:00+00:00,24479.119523175028
2026-08-21 04:00:00+00:00,24770.741756280717
2026-08-21 06:00:00+00:00,25052.30805031379
2026-08-21 08:00:00+00:00,25438.631419239842
2026-08-21 10:00:00+00:00,25106.78542984372
2026-08-21 12:00:00+00:00,25411.815581712883
2026-08-21 14:00:00+00:00,25542.54278965681
2026-08-21 16:00:00+00:00,25670.71444828442
2026-08-21 18:00:00+00:00,25271.828865070896
2026-08-21 20:00:00+00:00,26052.84013304359
2026-08-21 22:00:00+00:00,26270.71881295014
2026-08-22 00:00:00+00:00,26284.850424128876
2026-08-22 02:00:00+00:00,27075.917631174187
2026-08-22 04:00:00+00:00,25706.087075909956
2026-08-22 06:00:00+00:00,25706.087075909956
2026-08-22 08:00:00+00:00,25706.087075909956
2026-08-22 10:00:00+00:00,25706.087075909956
2026-08-22 12:00:00+00:00,25706.087075909956
2026-08-22 14:00:00+00:00,25706.087075909956
2026-08-22 16:00:00+00:00,25706.087075909956
2026-08-22 18:00:00+00:00,25706.087075909956
2026-08-22 20:00:00+00:00,25706.087075909956
2026-08-22 22:00:00+00:00,25706.087075909956
2026-08-23 00:00:00+00:00,25706.087075909956
2026-08-23 02:00:00+00:00,25706.087075909956
2026-08-23 04:00:00+00:00,25706.087075909956
2026-08-23 06:00:00+00:00,25706.087075909956
2026-08-23 08:00:00+00:00,25706.087075909956
2026-08-23 10:00:00+00:00,25706.087075909956
2026-08-23 12:00:00+00:00,25706.087075909956
2026-08-23 14:00:00+00:00,25706.087075909956
2026-08-23 16:00:00+00:00,25706.087075909956
2026-08-23 18:00:00+00:00,25706.087075909956
2026-08-23 20:00:00+00:00,25706.087075909956
2026-08-23 22:00:00+00:00,25706.087075909956
2026-08-24 00:00:00+00:00,25706.087075909956
2026-08-24 02:00:00+00:00,25706.087075909956
2026-08-24 04:00:00+00:00,25706.087075909956
2026-08-24 06:00:00+00:00,25706.087075909956
2026-08-24 08:00:00+00:00,25706.087075909956
2026-08-24 10:00:00+00:00,25706.087075909956
2026-08-24 12:00:00+00:00,25706.087075909956
2026-08-24 14:00:00+00:00,25706.087075909956
2026-08-24 16:00:00+00:00,25706.087075909956
2026-08-24 18:00:00+00:00,25706.087075909956
2026-08-24 20:00:00+00:00,25706.087075909956
2026-08-24 22:00:00+00:00,25706.087075909956
2026-08-25 00:00:00+00:00,25706.087075909956
2026-08-25 02:00:00+00:00,25706.087075909956
2026-08-25 04:00:00+00:00,25706.087075909956
2026-08-25 06:00:00+00:00,25706.087075909956
2026-08-25 08:00:00+00:00,25706.087075909956
2026-08-25 10:00:00+00:00,25706.087075909956
2026-08-25 12:00:00+00:00,25706.087075909956
2026-08-25 14:00:00+00:00,25706.087075909956
2026-08-25 16:00:00+00:00,25706.087075909956
2026-08-25 18:00:00+00:00,25706.087075909956
2026-08-25 20:00:00+00:00,25706.087075909956
2026-08-25 22:00:00+00:00,25706.087075909956
2026-08-26 00:00:00+00:00,25706.087075909956
2026-08-26 02:00:00+00:00,25706.087075909956
2026-08-26 04:00:00+00:00,25706.087075909956
2026-08-26 06:00:00+00:00,25706.087075909956
2026-08-26 08:00:00+00:00,25706.087075909956
2026-08-26 10:00:00+00:00,25706.087075909956
2026-08-26 12:00:00+00:00,25706.087075909956
2026-08-26 14:00:00+00:00,25706.087075909956
2026-08-26 16:00:00+00:00,25706.087075909956
2026-08-26 18:00:00+00:00,25706.087075909956
2026-08-26 20:00:00+00:00,25706.087075909956
2026-08-26 22:00:00+00:00,25706.087075909956
2026-08-27 00:00:00+00:00,25706.087075909956
2026-08-27 02:00:00+00:00,25706.087075909956
2026-08-27 04:00:00+00:00,25706.087075909956
2026-08-27 06:00:00+00:00,25706.087075909956
2026-08-27 08:00:00+00:00,25706.087075909956
2026-08-27 10:00:00+00:00,25706.087075909956
2026-08-27 12:00:00+00:00,25706.087075909956
2026-08-27 14:00:00+00:00,25706.087075909956
2026-08-27 16:00:00+00:00,25688.915614708367
2026-08-27 18:00:00+00:00,25531.880383043703
2026-08-27 20:00:00+00:00,25641.122283332163
2026-08-27 22:00:00+00:00,25682.087995940336
2026-08-28 00:00:00+00:00,25656.66986880668
2026-08-28 02:00:00+00:00,25383.565118085528
2026-08-28 04:00:00+00:00,25462.082733917858
2026-08-28 06:00:00+00:00,25243.598933340938
2026-08-28 08:00:00+00:00,25052.458736573826
2026-08-28 10:00:00+00:00,25052.458736573826
2026-08-28 12:00:00+00:00,25052.458736573826
2026-08-28 14:00:00+00:00,25052.458736573826
2026-08-28 16:00:00+00:00,25052.458736573826
2026-08-28 18:00:00+00:00,25052.458736573826
2026-08-28 20:00:00+00:00,25052.458736573826
2026-08-28 22:00:00+00:00,25052.458736573826
2026-08-29 00:00:00+00:00,25052.458736573826
2026-08-29 02:00:00+00:00,25052.458736573826
2026-08-29 04:00:00+00:00,25052.458736573826
2026-08-29 06:00:00+00:00,25052.458736573826
2026-08-29 08:00:00+00:00,25052.458736573826
2026-08-29 10:00:00+00:00,25052.458736573826
2026-08-29 12:00:00+00:00,25052.458736573826
2026-08-29 14:00:00+00:00,25052.458736573826
2026-08-29 16:00:00+00:00,25052.458736573826
2026-08-29 18:00:00+00:00,25052.458736573826
2026-08-29 20:00:00+00:00,25052.458736573826
2026-08-29 22:00:00+00:00,25052.458736573826
2026-08-30 00:00:00+00:00,25052.458736573826
2026-08-30 02:00:00+00:00,25052.458736573826
2026-08-30 04:00:00+00:00,25052.458736573826
2026-08-30 06:00:00+00:00,25052.458736573826
2026-08-30 08:00:00+00:00,25052.458736573826
2026-08-30 10:00:00+00:00,25052.458736573826
2026-08-30 12:00:00+00:00,25052.458736573826
2026-08-30 14:00:00+00:00,24958.65489349275
2026-08-30 16:00:00+00:00,24996.928792901806
2026-08-30 18:00:00+00:00,24956.499006357273
2026-08-30 20:00:00+00:00,24724.9606086957
2026-08-30 22:00:00+00:00,24724.9606086957
2026-08-31 00:00:00+00:00,24724.9606086957
2026-08-31 02:00:00+00:00,24724.9606086957
2026-08-31 04:00:00+00:00,24724.9606086957
2026-08-31 06:00:00+00:00,24724.9606086957
2026-08-31 08:00:00+00:00,24724.9606086957
2026-08-31 10:00:00+00:00,24724.9606086957
2026-08-31 12:00:00+00:00,24724.9606086957
2026-08-31 14:00:00+00:00,24724.9606086957
2026-08-31 16:00:00+00:00,24724.9606086957
2026-08-31 18:00:00+00:00,24724.9606086957
2026-08-31 20:00:00+00:00,24724.9606086957
2026-08-31 22:00:00+00:00,24724.9606086957
2026-09-01 00:00:00+00:00,24724.9606086957
2026-09-01 02:00:00+00:00,24724.9606086957
2026-09-01 04:00:00+00:00,24724.9606086957
2026-09-01 06:00:00+00:00,24724.9606086957
2026-09-01 08:00:00+00:00,24724.9606086957
2026-09-01 10:00:00+00:00,24724.9606086957
2026-09-01 12:00:00+00:00,24724.9606086957
2026-09-01 14:00:00+00:00,24724.9606086957
2026-09-01 16:00:00+00:00,24472.851712102263
2026-09-01 18:00:00+00:00,24423.906008678056
2026-09-01 20:00:00+00:00,24423.906008678056
2026-09-01 22:00:00+00:00,24423.906008678056
2026-09-02 00:00:00+00:00,24423.906008678056
2026-09-02 02:00:00+00:00,24423.906008678056
2026-09-02 04:00:00+00:00,24423.906008678056
2026-09-02 06:00:00+00:00,24423.906008678056
2026-09-02 08:00:00+00:00,24423.906008678056
2026-09-02 10:00:00+00:00,24423.906008678056
2026-09-02 12:00:00+00:00,24423.906008678056
2026-09-02 14:00:00+00:00,24423.906008678056
2026-09-02 16:00:00+00:00,24423.906008678056
2026-09-02 18:00:00+00:00,24423.906008678056
2026-09-02 20:00:00+00:00,24423.906008678056
2026-09-02 22:00:00+00:00,24423.906008678056
2026-09-03 00:00:00+00:00,24423.906008678056
2026-09-03 02:00:00+00:00,24423.906008678056
2026-09-03 04:00:00+00:00,24423.906008678056
2026-09-03 06:00:00+00:00,24423.906008678056
2026-09-03 08:00:00+00:00,24385.230851195287
2026-09-03 10:00:00+00:00,24438.965005391557
2026-09-03 12:00:00+00:00,24529.641390597768
2026-09-03 14:00:00+00:00,25221.468625874757
2026-09-03 16:00:00+00:00,25208.870989261904
2026-09-03 18:00:00+00:00,25306.264143742646
2026-09-03 20:00:00+00:00,25343.206374752583
2026-09-03 22:00:00+00:00,25242.454835634577
2026-09-04 00:00:00+00:00,25169.404260520136
2026-09-04 02:00:00+00:00,25162.6874912456
2026-09-04 04:00:00+00:00,25031.71049039219
2026-09-04 06:00:00+00:00,25092.161413862992
2026-09-04 08:00:00+00:00,25153.461001131636
2026-09-04 10:00:00+00:00,25150.10261649437
2026-09-04 12:00:00+00:00,24711.951444562572
2026-09-04 14:00:00+00:00,24711.951444562572
2026-09-04 16:00:00+00:00,24711.951444562572
2026-09-04 18:00:00+00:00,24711.951444562572
2026-09-04 20:00:00+00:00,24711.951444562572
2026-09-04 22:00:00+00:00,24711.951444562572
2026-09-05 00:00:00+00:00,24711.951444562572
2026-09-05 02:00:00+00:00,24711.951444562572
2026-09-05 04:00:00+00:00,24711.951444562572
2026-09-05 06:00:00+00:00,24711.951444562572
2026-09-05 08:00:00+00:00,24711.951444562572
2026-09-05 10:00:00+00:00,24711.951444562572
2026-09-05 12:00:00+00:00,24711.951444562572
2026-09-05 14:00:00+00:00,24711.951444562572
2026-09-05 16:00:00+00:00,24711.951444562572
2026-09-05 18:00:00+00:00,24711.951444562572
2026-09-05 20:00:00+00:00,24711.951444562572
2026-09-05 22:00:00+00:00,24711.951444562572
2026-09-06 00:00:00+00:00,24711.951444562572
2026-09-06 02:00:00+00:00,24711.951444562572
2026-09-06 04:00:00+00:00,24711.951444562572
2026-09-06 06:00:00+00:00,24711.951444562572
2026-09-06 08:00:00+00:00,24711.951444562572
2026-09-06 10:00:00+00:00,24711.951444562572
2026-09-06 12:00:00+00:00,24711.951444562572
2026-09-06 14:00:00+00:00,24711.951444562572
2026-09-06 16:00:00+00:00,24711.951444562572
2026-09-06 18:00:00+00:00,24711.951444562572
2026-09-06 20:00:00+00:00,24711.951444562572
2026-09-06 22:00:00+00:00,24711.951444562572
2026-09-07 00:00:00+00:00,24711.951444562572
2026-09-07 02:00:00+00:00,24711.951444562572
2026-09-07 04:00:00+00:00,24711.951444562572
2026-09-07 06:00:00+00:00,24711.951444562572
2026-09-07 08:00:00+00:00,24711.951444562572
2026-09-07 10:00:00+00:00,24711.951444562572
2026-09-07 12:00:00+00:00,24711.951444562572
2026-09-07 14:00:00+00:00,24711.951444562572
2026-09-07 16:00:00+00:00,24711.951444562572
2026-09-07 18:00:00+00:00,24711.951444562572
2026-09-07 20:00:00+00:00,24711.951444562572
2026-09-07 22:00:00+00:00,24711.951444562572
2026-09-08 00:00:00+00:00,24711.951444562572
2026-09-08 02:00:00+00:00,24711.951444562572
2026-09-08 04:00:00+00:00,24711.951444562572
2026-09-08 06:00:00+00:00,24711.951444562572
2026-09-08 08:00:00+00:00,24711.951444562572
2026-09-08 10:00:00+00:00,24711.951444562572
2026-09-08 12:00:00+00:00,24711.951444562572
2026-09-08 14:00:00+00:00,24711.951444562572
2026-09-08 16:00:00+00:00,24711.951444562572
2026-09-08 18:00:00+00:00,24711.951444562572
2026-09-08 20:00:00+00:00,24711.951444562572
2026-09-08 22:00:00+00:00,24711.951444562572
2026-09-09 00:00:00+00:00,24711.951444562572
2026-09-09 02:00:00+00:00,24711.951444562572
2026-09-09 04:00:00+00:00,24711.951444562572
2026-09-09 06:00:00+00:00,24711.951444562572
2026-09-09 08:00:00+00:00,24711.951444562572
2026-09-09 10:00:00+00:00,24711.951444562572
2026-09-09 12:00:00+00:00,24711.951444562572
2026-09-09 14:00:00+00:00,24711.951444562572
2026-09-09 16:00:00+00:00,24711.951444562572
2026-09-09 18:00:00+00:00,24711.951444562572
2026-09-09 20:00:00+00:00,24711.951444562572
2026-09-09 22:00:00+00:00,24711.951444562572
2026-09-10 00:00:00+00:00,24711.951444562572
2026-09-10 02:00:00+00:00,24711.951444562572
2026-09-10 04:00:00+00:00,24711.951444562572
2026-09-10 06:00:00+00:00,24711.951444562572
2026-09-10 08:00:00+00:00,24711.951444562572
2026-09-10 10:00:00+00:00,24711.951444562572
2026-09-10 12:00:00+00:00,24711.951444562572
2026-09-10 14:00:00+00:00,24711.951444562572
2026-09-10 16:00:00+00:00,24711.951444562572
2026-09-10 18:00:00+00:00,24711.951444562572
2026-09-10 20:00:00+00:00,24711.951444562572
2026-09-10 22:00:00+00:00,24711.951444562572
2026-09-11 00:00:00+00:00,24711.951444562572
2026-09-11 02:00:00+00:00,24711.951444562572
2026-09-11 04:00:00+00:00,24711.951444562572
2026-09-11 06:00:00+00:00,24711.951444562572
2026-09-11 08:00:00+00:00,24711.951444562572
2026-09-11 10:00:00+00:00,24711.951444562572
2026-09-11 12:00:00+00:00,24711.951444562572
2026-09-11 14:00:00+00:00,24711.951444562572
2026-09-11 16:00:00+00:00,24711.951444562572
2026-09-11 18:00:00+00:00,24711.951444562572
2026-09-11 20:00:00+00:00,24711.951444562572
2026-09-11 22:00:00+00:00,24711.951444562572
2026-09-12 00:00:00+00:00,24711.951444562572
2026-09-12 02:00:00+00:00,24711.951444562572
2026-09-12 04:00:00+00:00,24711.951444562572
2026-09-12 06:00:00+00:00,24711.951444562572
2026-09-12 08:00:00+00:00,24711.951444562572
2026-09-12 10:00:00+00:00,24711.951444562572
2026-09-12 12:00:00+00:00,24711.951444562572
2026-09-12 14:00:00+00:00,24711.951444562572
2026-09-12 16:00:00+00:00,24711.951444562572
2026-09-12 18:00:00+00:00,24711.951444562572
2026-09-12 20:00:00+00:00,24711.951444562572
2026-09-12 22:00:00+00:00,24711.951444562572
2026-09-13 00:00:00+00:00,24711.951444562572
2026-09-13 02:00:00+00:00,24711.951444562572
2026-09-13 04:00:00+00:00,24711.951444562572
2026-09-13 06:00:00+00:00,24711.951444562572
2026-09-13 08:00:00+00:00,24711.951444562572
2026-09-13 10:00:00+00:00,24711.951444562572
2026-09-13 12:00:00+00:00,24711.951444562572
2026-09-13 14:00:00+00:00,24711.951444562572
2026-09-13 16:00:00+00:00,24711.951444562572
2026-09-13 18:00:00+00:00,24711.951444562572
2026-09-13 20:00:00+00:00,24711.951444562572
2026-09-13 22:00:00+00:00,24711.951444562572
2026-09-14 00:00:00+00:00,24711.951444562572
2026-09-14 02:00:00+00:00,24711.951444562572
2026-09-14 04:00:00+00:00,24711.951444562572
2026-09-14 06:00:00+00:00,24711.951444562572
2026-09-14 08:00:00+00:00,24711.951444562572
2026-09-14 10:00:00+00:00,24711.951444562572
2026-09-14 12:00:00+00:00,24711.951444562572
2026-09-14 14:00:00+00:00,24711.951444562572
2026-09-14 16:00:00+00:00,24711.951444562572
2026-09-14 18:00:00+00:00,24620.495556107475
2026-09-14 20:00:00+00:00,24714.479282726814
2026-09-14 22:00:00+00:00,24494.10364789526
2026-09-15 00:00:00+00:00,24449.5229532961
2026-09-15 02:00:00+00:00,24426.837226181087
2026-09-15 04:00:00+00:00,24201.610281014175
2026-09-15 06:00:00+00:00,24201.610281014175
2026-09-15 08:00:00+00:00,24201.610281014175
2026-09-15 10:00:00+00:00,24201.610281014175
2026-09-15 12:00:00+00:00,24201.610281014175
2026-09-15 14:00:00+00:00,24201.610281014175
2026-09-15 16:00:00+00:00,24201.610281014175
2026-09-15 18:00:00+00:00,24201.610281014175
2026-09-15 20:00:00+00:00,24201.610281014175
2026-09-15 22:00:00+00:00,24201.610281014175
2026-09-16 00:00:00+00:00,24201.610281014175
2026-09-16 02:00:00+00:00,24201.610281014175
2026-09-16 04:00:00+00:00,24201.610281014175
2026-09-16 06:00:00+00:00,24201.610281014175
2026-09-16 08:00:00+00:00,24201.610281014175
2026-09-16 10:00:00+00:00,24201.610281014175
2026-09-16 12:00:00+00:00,24201.610281014175
2026-09-16 14:00:00+00:00,24201.610281014175
2026-09-16 16:00:00+00:00,24201.610281014175
2026-09-16 18:00:00+00:00,24201.610281014175
2026-09-16 20:00:00+00:00,24201.610281014175
2026-09-16 22:00:00+00:00,24201.610281014175
2026-09-17 00:00:00+00:00,24201.610281014175
2026-09-17 02:00:00+00:00,24201.610281014175
2026-09-17 04:00:00+00:00,24002.925441760315
2026-09-17 06:00:00+00:00,24111.709694628866
2026-09-17 08:00:00+00:00,24059.17769957013
2026-09-17 10:00:00+00:00,24183.959636684052
2026-09-17 12:00:00+00:00,24299.14296325075
2026-09-17 14:00:00+00:00,24315.140647496126
2026-09-17 16:00:00+00:00,24338.30497432974
2026-09-17 18:00:00+00:00,24264.71562680102
2026-09-17 20:00:00+00:00,24261.516089951943
2026-09-17 22:00:00+00:00,24338.30497432974
2026-09-18 00:00:00+00:00,24646.22584105524
2026-09-18 02:00:00+00:00,25420.51375853138
2026-09-18 04:00:00+00:00,25186.947568548905
2026-09-18 06:00:00+00:00,25353.323484700806
2026-09-18 08:00:00+00:00,25408.379195077574
2026-09-18 10:00:00+00:00,25405.1796582285
2026-09-18 12:00:00+00:00,25833.917596004543
2026-09-18 14:00:00+00:00,25942.701848873094
2026-09-18 16:00:00+00:00,26016.895268958924
2026-09-18 18:00:00+00:00,26468.02996467849
2026-09-18 20:00:00+00:00,26391.241080300697
2026-09-18 22:00:00+00:00,26234.463774696018
2026-09-19 00:00:00+00:00,27812.410078108067
2026-09-19 02:00:00+00:00,27153.305487198628
2026-09-19 04:00:00+00:00,26729.023133023264
2026-09-19 06:00:00+00:00,26729.023133023264
2026-09-19 08:00:00+00:00,26729.023133023264
2026-09-19 10:00:00+00:00,26729.023133023264
2026-09-19 12:00:00+00:00,26729.023133023264
2026-09-19 14:00:00+00:00,26729.023133023264
2026-09-19 16:00:00+00:00,26729.023133023264
2026-09-19 18:00:00+00:00,26729.023133023264
2026-09-19 20:00:00+00:00,26729.023133023264
2026-09-19 22:00:00+00:00,26729.023133023264
2026-09-20 00:00:00+00:00,26729.023133023264
2026-09-20 02:00:00+00:00,26729.023133023264
2026-09-20 04:00:00+00:00,26729.023133023264
2026-09-20 06:00:00+00:00,26729.023133023264
2026-09-20 08:00:00+00:00,26729.023133023264
2026-09-20 10:00:00+00:00,26729.023133023264
2026-09-20 12:00:00+00:00,26729.023133023264
2026-09-20 14:00:00+00:00,26729.023133023264
2026-09-20 16:00:00+00:00,26729.023133023264
2026-09-20 18:00:00+00:00,26729.023133023264
2026-09-20 20:00:00+00:00,26729.023133023264
2026-09-20 22:00:00+00:00,26729.023133023264
2026-09-21 00:00:00+00:00,26729.023133023264
2026-09-21 02:00:00+00:00,26729.023133023264
2026-09-21 04:00:00+00:00,26729.023133023264
2026-09-21 06:00:00+00:00,26729.023133023264
2026-09-21 08:00:00+00:00,26729.023133023264
2026-09-21 10:00:00+00:00,26729.023133023264
2026-09-21 12:00:00+00:00,26729.023133023264
2026-09-21 14:00:00+00:00,26729.023133023264
2026-09-21 16:00:00+00:00,26729.023133023264
2026-09-21 18:00:00+00:00,26729.023133023264
2026-09-21 20:00:00+00:00,26729.023133023264
2026-09-21 22:00:00+00:00,26729.023133023264
2026-09-22 00:00:00+00:00,26729.023133023264
2026-09-22 02:00:00+00:00,26729.023133023264
2026-09-22 04:00:00+00:00,26729.023133023264
2026-09-22 06:00:00+00:00,26729.023133023264
2026-09-22 08:00:00+00:00,26729.023133023264
2026-09-22 10:00:00+00:00,26729.023133023264
2026-09-22 12:00:00+00:00,26729.023133023264
2026-09-22 14:00:00+00:00,26729.023133023264
2026-09-22 16:00:00+00:00,26729.023133023264
2026-09-22 18:00:00+00:00,26729.023133023264
2026-09-22 20:00:00+00:00,26729.023133023264
2026-09-22 22:00:00+00:00,26729.023133023264
2026-09-23 00:00:00+00:00,26729.023133023264
2026-09-23 02:00:00+00:00,26729.023133023264
2026-09-23 04:00:00+00:00,26729.023133023264
2026-09-23 06:00:00+00:00,26729.023133023264
2026-09-23 08:00:00+00:00,26729.023133023264
2026-09-23 10:00:00+00:00,26729.023133023264
2026-09-23 12:00:00+00:00,26729.023133023264
2026-09-23 14:00:00+00:00,26729.023133023264
2026-09-23 16:00:00+00:00,26729.023133023264
2026-09-23 18:00:00+00:00,26729.023133023264
2026-09-23 20:00:00+00:00,26729.023133023264
2026-09-23 22:00:00+00:00,26729.023133023264
2026-09-24 00:00:00+00:00,26729.023133023264
2026-09-24 02:00:00+00:00,26729.023133023264
2026-09-24 04:00:00+00:00,26729.023133023264
2026-09-24 06:00:00+00:00,26729.023133023264
2026-09-24 08:00:00+00:00,26729.023133023264
2026-09-24 10:00:00+00:00,26729.023133023264
2026-09-24 12:00:00+00:00,26729.023133023264
2026-09-24 14:00:00+00:00,26729.023133023264
2026-09-24 16:00:00+00:00,26729.023133023264
2026-09-24 18:00:00+00:00,26729.023133023264
2026-09-24 20:00:00+00:00,26729.023133023264
2026-09-24 22:00:00+00:00,26729.023133023264
