ts,equity
2023-09-24 00:00:00+00:00,10000.0
2023-09-24 04:00:00+00:00,10000.0
2023-09-24 08:00:00+00:00,10000.0
2023-09-24 12:00:00+00:00,10000.0
2023-09-24 16:00:00+00:00,10000.0
2023-09-24 20:00:00+00:00,10000.0
2023-09-25 00:00:00+00:00,10000.0
2023-09-25 04:00:00+00:00,10000.0
2023-09-25 08:00:00+00:00,10000.0
2023-09-25 12:00:00+00:00,10000.0
2023-09-25 16:00:00+00:00,10000.0
2023-09-25 20:00:00+00:00,10000.0
2023-09-26 00:00:00+00:00,10000.0
2023-09-26 04:00:00+00:00,10000.0
2023-09-26 08:00:00+00:00,10000.0
2023-09-26 12:00:00+00:00,10000.0
2023-09-26 16:00:00+00:00,10000.0
2023-09-26 20:00:00+00:00,10000.0
2023-09-27 00:00:00+00:00,10000.0
2023-09-27 04:00:00+00:00,10000.0
2023-09-27 08:00:00+00:00,10000.0
2023-09-27 12:00:00+00:00,10000.0
2023-09-27 16:00:00+00:00,10000.0
2023-09-27 20:00:00+00:00,10000.0
2023-09-28 00:00:00+00:00,10000.0
2023-09-28 04:00:00+00:00,10000.0
2023-09-28 08:00:00+00:00,10000.0
2023-09-28 12:00:00+00:00,10000.0
2023-09-28 16:00:00+00:00,10000.0
2023-09-28 20:00:00+00:00,10000.0
2023-09-29 00:00:00+00:00,10000.0
2023-09-29 04:00:00+00:00,10000.0
2023-09-29 08:00:00+00:00,10000.0
2023-09-29 12:00:00+00:00,10000.0
2023-09-29 16:00:00+00:00,10000.0
2023-09-29 20:00:00+00:00,10000.0
2023-09-30 00:00:00+00:00,10000.0
2023-09-30 04:00:00+00:00,10000.0
2023-09-30 08:00:00+00:00,10000.0
2023-09-30 12:00:00+00:00,10000.0
2023-09-30 16:00:00+00:00,10000.0
2023-09-30 20:00:00+00:00,10000.0
2023-10-01 00:00:00+00:00,10000.0
2023-10-01 04:00:00+00:00,10000.0
2023-10-01 08:00:00+00:00,10000.0
2023-10-01 12:00:00+00:00,10000.0
2023-10-01 16:00:00+00:00,10000.0
2023-10-01 20:00:00+00:00,10000.0
2023-10-02 00:00:00+00:00,10000.0
2023-10-02 04:00:00+00:00,10000.0
2023-10-02 08:00:00+00:00,10000.0
2023-10-02 12:00:00+00:00,10000.0
2023-10-02 16:00:00+00:00,10000.0
2023-10-02 20:00:00+00:00,10000.0
2023-10-03 00:00:00+00:00,10000.0
2023-10-03 04:00:00+00:00,10000.0
2023-10-03 08:00:00+00:00,10000.0
2023-10-03 12:00:00+00:00,10000.0
2023-10-03 16:00:00+00:00,10000.0
2023-10-03 20:00:00+00:00,10000.0
2023-10-04 00:00:00+00:00,10266.752977720276
2023-10-04 04:00:00+00:00,10200.31443149311
2023-10-04 08:00:00+00:00,10227.526045571083
2023-10-04 12:00:00+00:00,10391.407792931424
2023-10-04 16:00:00+00:00,10257.522366425856
2023-10-04 20:00:00+00:00,10222.088475104702
2023-10-05 00:00:00+00:00,10274.56270359262
2023-10-05 04:00:00+00:00,10292.279649253198
2023-10-05 08:00:00+00:00,10267.287566557583
2023-10-05 12:00:00+00:00,10428.95469571035
2023-10-05 16:00:00+00:00,10473.843342547621
2023-10-05 20:00:00+00:00,10515.921088491492
2023-10-06 00:00:00+00:00,10332.696213512228
2023-10-06 04:00:00+00:00,10276.223449219136
2023-10-06 08:00:00+00:00,10297.12756267314
2023-10-06 12:00:00+00:00,10152.070070077163
2023-10-06 16:00:00+00:00,10181.223734096551
2023-10-06 20:00:00+00:00,10157.970242917043
2023-10-07 00:00:00+00:00,10181.209852526361
2023-10-07 04:00:00+00:00,10188.961016252862
2023-10-07 08:00:00+00:00,10266.060750476534
2023-10-07 12:00:00+00:00,10301.494641797688
2023-10-07 16:00:00+00:00,10412.339178401011
2023-10-07 20:00:00+00:00,10391.300305429075
2023-10-08 00:00:00+00:00,10372.322031852415
2023-10-08 04:00:00+00:00,10477.516396712093
2023-10-08 08:00:00+00:00,10703.570598961216
2023-10-08 12:00:00+00:00,10619.415107073473
2023-10-08 16:00:00+00:00,10594.975918939223
2023-10-08 20:00:00+00:00,10634.83904667552
2023-10-09 00:00:00+00:00,10578.32861033151
2023-10-09 04:00:00+00:00,10662.484102219254
2023-10-09 08:00:00+00:00,11050.71866264301
2023-10-09 12:00:00+00:00,11070.650226511158
2023-10-09 16:00:00+00:00,10948.264743289219
2023-10-09 20:00:00+00:00,10932.762415836212
2023-10-10 00:00:00+00:00,10892.981764313252
2023-10-10 04:00:00+00:00,10871.942891341316
2023-10-10 08:00:00+00:00,10934.684323481759
2023-10-10 12:00:00+00:00,10950.186650934764
2023-10-10 16:00:00+00:00,10902.29370433873
2023-10-10 20:00:00+00:00,10896.7571588198
2023-10-11 00:00:00+00:00,11061.339087867418
2023-10-11 04:00:00+00:00,11076.841415320423
2023-10-11 08:00:00+00:00,10968.095389641037
2023-10-11 12:00:00+00:00,11108.723645821872
2023-10-11 16:00:00+00:00,11016.852587980695
2023-10-11 20:00:00+00:00,10975.88215114061
2023-10-12 00:00:00+00:00,11041.870318701283
2023-10-12 04:00:00+00:00,11052.943409739144
2023-10-12 08:00:00+00:00,11105.354802565684
2023-10-12 12:00:00+00:00,11168.471421481492
2023-10-12 16:00:00+00:00,11179.837885540122
2023-10-12 20:00:00+00:00,11110.0774120016
2023-10-13 00:00:00+00:00,11168.36436712524
2023-10-13 04:00:00+00:00,11096.389275379144
2023-10-13 08:00:00+00:00,11120.113091372277
2023-10-13 12:00:00+00:00,11168.834691938864
2023-10-13 16:00:00+00:00,11103.364725981975
2023-10-13 20:00:00+00:00,11080.111234802467
2023-10-14 00:00:00+00:00,11029.980081303072
2023-10-14 04:00:00+00:00,11012.01952763966
2023-10-14 08:00:00+00:00,11012.01952763966
2023-10-14 12:00:00+00:00,11012.01952763966
2023-10-14 16:00:00+00:00,11012.01952763966
2023-10-14 20:00:00+00:00,11012.01952763966
2023-10-15 00:00:00+00:00,11012.01952763966
2023-10-15 04:00:00+00:00,11012.01952763966
2023-10-15 08:00:00+00:00,11012.01952763966
2023-10-15 12:00:00+00:00,11012.01952763966
2023-10-15 16:00:00+00:00,11012.01952763966
2023-10-15 20:00:00+00:00,11012.01952763966
2023-10-16 00:00:00+00:00,11012.01952763966
2023-10-16 04:00:00+00:00,11012.01952763966
2023-10-16 08:00:00+00:00,11012.01952763966
2023-10-16 12:00:00+00:00,11012.01952763966
2023-10-16 16:00:00+00:00,11012.01952763966
2023-10-16 20:00:00+00:00,11012.01952763966
2023-10-17 00:00:00+00:00,11012.01952763966
2023-10-17 04:00:00+00:00,11012.01952763966
2023-10-17 08:00:00+00:00,11012.01952763966
2023-10-17 12:00:00+00:00,11012.01952763966
2023-10-17 16:00:00+00:00,11069.413512571358
2023-10-17 20:00:00+00:00,11104.265337280916
2023-10-18 00:00:00+00:00,11052.998798600638
2023-10-18 04:00:00+00:00,11025.117338832992
2023-10-18 08:00:00+00:00,11038.170904756591
2023-10-18 12:00:00+00:00,11131.573794978203
2023-10-18 16:00:00+00:00,11177.410991649636
2023-10-18 20:00:00+00:00,11121.648072114345
2023-10-19 00:00:00+00:00,11257.540200270867
2023-10-19 04:00:00+00:00,11231.052813491604
2023-10-19 08:00:00+00:00,11263.45592934064
2023-10-19 12:00:00+00:00,11213.269301758879
2023-10-19 16:00:00+00:00,11266.754638266624
2023-10-19 20:00:00+00:00,11307.18275492971
2023-10-20 00:00:00+00:00,11059.235850620464
2023-10-20 04:00:00+00:00,10957.468522468556
2023-10-20 08:00:00+00:00,10937.208695368552
2023-10-20 12:00:00+00:00,10962.302009159434
2023-10-20 16:00:00+00:00,10910.433571924488
2023-10-20 20:00:00+00:00,10881.15803916846
2023-10-21 00:00:00+00:00,10859.97872469976
2023-10-21 04:00:00+00:00,10859.97872469976
2023-10-21 08:00:00+00:00,10859.97872469976
2023-10-21 12:00:00+00:00,10859.97872469976
2023-10-21 16:00:00+00:00,10859.97872469976
2023-10-21 20:00:00+00:00,10859.97872469976
2023-10-22 00:00:00+00:00,10859.97872469976
2023-10-22 04:00:00+00:00,10859.97872469976
2023-10-22 08:00:00+00:00,10859.97872469976
2023-10-22 12:00:00+00:00,10859.97872469976
2023-10-22 16:00:00+00:00,10859.97872469976
2023-10-22 20:00:00+00:00,10859.97872469976
2023-10-23 00:00:00+00:00,10859.97872469976
2023-10-23 04:00:00+00:00,10859.97872469976
2023-10-23 08:00:00+00:00,10859.97872469976
2023-10-23 12:00:00+00:00,10859.97872469976
2023-10-23 16:00:00+00:00,10859.97872469976
2023-10-23 20:00:00+00:00,10859.97872469976
2023-10-24 00:00:00+00:00,10859.97872469976
2023-10-24 04:00:00+00:00,10859.97872469976
2023-10-24 08:00:00+00:00,10859.97872469976
2023-10-24 12:00:00+00:00,10859.97872469976
2023-10-24 16:00:00+00:00,10859.97872469976
2023-10-24 20:00:00+00:00,10859.97872469976
2023-10-25 00:00:00+00:00,10859.97872469976
2023-10-25 04:00:00+00:00,10859.97872469976
2023-10-25 08:00:00+00:00,10859.97872469976
2023-10-25 12:00:00+00:00,10859.97872469976
2023-10-25 16:00:00+00:00,10859.97872469976
2023-10-25 20:00:00+00:00,10859.97872469976
2023-10-26 00:00:00+00:00,10859.97872469976
2023-10-26 04:00:00+00:00,10859.97872469976
2023-10-26 08:00:00+00:00,10859.97872469976
2023-10-26 12:00:00+00:00,10859.97872469976
2023-10-26 16:00:00+00:00,10859.97872469976
2023-10-26 20:00:00+00:00,10859.97872469976
2023-10-27 00:00:00+00:00,10859.97872469976
2023-10-27 04:00:00+00:00,10859.97872469976
2023-10-27 08:00:00+00:00,10859.97872469976
2023-10-27 12:00:00+00:00,10859.97872469976
2023-10-27 16:00:00+00:00,10859.97872469976
2023-10-27 20:00:00+00:00,10859.97872469976
2023-10-28 00:00:00+00:00,10859.97872469976
2023-10-28 04:00:00+00:00,10859.97872469976
2023-10-28 08:00:00+00:00,10859.97872469976
2023-10-28 12:00:00+00:00,10859.97872469976
2023-10-28 16:00:00+00:00,10859.97872469976
2023-10-28 20:00:00+00:00,10859.97872469976
2023-10-29 00:00:00+00:00,10859.97872469976
2023-10-29 04:00:00+00:00,10859.97872469976
2023-10-29 08:00:00+00:00,10859.97872469976
2023-10-29 12:00:00+00:00,10859.97872469976
2023-10-29 16:00:00+00:00,10859.97872469976
2023-10-29 20:00:00+00:00,10859.97872469976
2023-10-30 00:00:00+00:00,10859.97872469976
2023-10-30 04:00:00+00:00,10859.97872469976
2023-10-30 08:00:00+00:00,10859.97872469976
2023-10-30 12:00:00+00:00,10859.97872469976
2023-10-30 16:00:00+00:00,10859.97872469976
2023-10-30 20:00:00+00:00,10859.97872469976
2023-10-31 00:00:00+00:00,10859.97872469976
2023-10-31 04:00:00+00:00,10859.97872469976
2023-10-31 08:00:00+00:00,10859.97872469976
2023-10-31 12:00:00+00:00,10859.97872469976
2023-10-31 16:00:00+00:00,10859.97872469976
2023-10-31 20:00:00+00:00,10859.97872469976
2023-11-01 00:00:00+00:00,10859.97872469976
2023-11-01 04:00:00+00:00,10859.97872469976
2023-11-01 08:00:00+00:00,10859.97872469976
2023-11-01 12:00:00+00:00,10859.97872469976
2023-11-01 16:00:00+00:00,10859.97872469976
2023-11-01 20:00:00+00:00,10859.97872469976
2023-11-02 00:00:00+00:00,10859.97872469976
2023-11-02 04:00:00+00:00,10859.97872469976
2023-11-02 08:00:00+00:00,10859.97872469976
2023-11-02 12:00:00+00:00,10859.97872469976
2023-11-02 16:00:00+00:00,10859.97872469976
2023-11-02 20:00:00+00:00,10859.97872469976
2023-11-03 00:00:00+00:00,10859.97872469976
2023-11-03 04:00:00+00:00,10859.97872469976
2023-11-03 08:00:00+00:00,10859.97872469976
2023-11-03 12:00:00+00:00,10859.97872469976
2023-11-03 16:00:00+00:00,10859.97872469976
2023-11-03 20:00:00+00:00,10859.97872469976
2023-11-04 00:00:00+00:00,10859.97872469976
2023-11-04 04:00:00+00:00,10859.97872469976
2023-11-04 08:00:00+00:00,10859.97872469976
2023-11-04 12:00:00+00:00,10859.97872469976
2023-11-04 16:00:00+00:00,10859.97872469976
2023-11-04 20:00:00+00:00,10859.97872469976
2023-11-05 00:00:00+00:00,10859.97872469976
2023-11-05 04:00:00+00:00,10859.97872469976
2023-11-05 08:00:00+00:00,10859.97872469976
2023-11-05 12:00:00+00:00,10859.97872469976
2023-11-05 16:00:00+00:00,10859.97872469976
2023-11-05 20:00:00+00:00,10859.97872469976
2023-11-06 00:00:00+00:00,10859.97872469976
2023-11-06 04:00:00+00:00,10859.97872469976
2023-11-06 08:00:00+00:00,10859.97872469976
2023-11-06 12:00:00+00:00,10859.97872469976
2023-11-06 16:00:00+00:00,10859.97872469976
2023-11-06 20:00:00+00:00,10859.97872469976
2023-11-07 00:00:00+00:00,10859.97872469976
2023-11-07 04:00:00+00:00,10859.97872469976
2023-11-07 08:00:00+00:00,10859.97872469976
2023-11-07 12:00:00+00:00,10859.97872469976
2023-11-07 16:00:00+00:00,10859.97872469976
2023-11-07 20:00:00+00:00,10859.97872469976
2023-11-08 00:00:00+00:00,10859.97872469976
2023-11-08 04:00:00+00:00,10859.97872469976
2023-11-08 08:00:00+00:00,10859.97872469976
2023-11-08 12:00:00+00:00,10859.97872469976
2023-11-08 16:00:00+00:00,10859.97872469976
2023-11-08 20:00:00+00:00,10859.97872469976
2023-11-09 00:00:00+00:00,10859.97872469976
2023-11-09 04:00:00+00:00,10859.97872469976
2023-11-09 08:00:00+00:00,10859.97872469976
2023-11-09 12:00:00+00:00,10859.97872469976
2023-11-09 16:00:00+00:00,10859.97872469976
2023-11-09 20:00:00+00:00,10859.97872469976
2023-11-10 00:00:00+00:00,10859.97872469976
2023-11-10 04:00:00+00:00,10859.97872469976
2023-11-10 08:00:00+00:00,10859.97872469976
2023-11-10 12:00:00+00:00,10859.97872469976
2023-11-10 16:00:00+00:00,10859.97872469976
2023-11-10 20:00:00+00:00,10859.97872469976
2023-11-11 00:00:00+00:00,10859.97872469976
2023-11-11 04:00:00+00:00,10859.97872469976
2023-11-11 08:00:00+00:00,10859.97872469976
2023-11-11 12:00:00+00:00,10859.97872469976
2023-11-11 16:00:00+00:00,10859.97872469976
2023-11-11 20:00:00+00:00,10859.97872469976
2023-11-12 00:00:00+00:00,10859.97872469976
2023-11-12 04:00:00+00:00,10859.97872469976
2023-11-12 08:00:00+00:00,10859.97872469976
2023-11-12 12:00:00+00:00,10859.97872469976
2023-11-12 16:00:00+00:00,10859.97872469976
2023-11-12 20:00:00+00:00,10859.97872469976
2023-11-13 00:00:00+00:00,10859.97872469976
2023-11-13 04:00:00+00:00,10859.97872469976
2023-11-13 08:00:00+00:00,10859.97872469976
2023-11-13 12:00:00+00:00,10859.97872469976
2023-11-13 16:00:00+00:00,10859.97872469976
2023-11-13 20:00:00+00:00,10859.97872469976
2023-11-14 00:00:00+00:00,10859.97872469976
2023-11-14 04:00:00+00:00,10728.488370258621
2023-11-14 08:00:00+00:00,11039.985951531438
2023-11-14 12:00:00+00:00,10899.61464033097
2023-11-14 16:00:00+00:00,11186.38215757349
2023-11-14 20:00:00+00:00,11072.701166108322
2023-11-15 00:00:00+00:00,11101.444959961627
2023-11-15 04:00:00+00:00,10911.647130732827
2023-11-15 08:00:00+00:00,10607.272503826109
2023-11-15 12:00:00+00:00,10488.648860558107
2023-11-15 16:00:00+00:00,10357.309355849993
2023-11-15 20:00:00+00:00,10426.50648108966
2023-11-16 00:00:00+00:00,10405.038567249232
2023-11-16 04:00:00+00:00,10405.038567249232
2023-11-16 08:00:00+00:00,10405.038567249232
2023-11-16 12:00:00+00:00,10405.038567249232
2023-11-16 16:00:00+00:00,10405.038567249232
2023-11-16 20:00:00+00:00,10405.038567249232
2023-11-17 00:00:00+00:00,10244.092810049584
2023-11-17 04:00:00+00:00,10393.848440105323
2023-11-17 08:00:00+00:00,10663.044615049776
2023-11-17 12:00:00+00:00,11117.142331992989
2023-11-17 16:00:00+00:00,10881.401463519876
2023-11-17 20:00:00+00:00,10735.510494884931
2023-11-18 00:00:00+00:00,11008.976738899793
2023-11-18 04:00:00+00:00,11054.386510594113
2023-11-18 08:00:00+00:00,10967.441290279816
2023-11-18 12:00:00+00:00,10797.396187764913
2023-11-18 16:00:00+00:00,10762.649789862844
2023-11-18 20:00:00+00:00,10835.11219150272
2023-11-19 00:00:00+00:00,10921.132694955555
2023-11-19 04:00:00+00:00,10819.68533265973
2023-11-19 08:00:00+00:00,10957.880504390914
2023-11-19 12:00:00+00:00,10883.485772040643
2023-11-19 16:00:00+00:00,10723.12956894074
2023-11-19 20:00:00+00:00,10704.772427191972
2023-11-20 00:00:00+00:00,10729.629031815268
2023-11-20 04:00:00+00:00,10565.380921431553
2023-11-20 08:00:00+00:00,10600.746264521627
2023-11-20 12:00:00+00:00,10561.133484958496
2023-11-20 16:00:00+00:00,10686.484683052398
2023-11-20 20:00:00+00:00,10898.07489584083
2023-11-21 00:00:00+00:00,10884.574957182253
2023-11-21 04:00:00+00:00,11005.345626582042
2023-11-21 08:00:00+00:00,10990.868894749354
2023-11-21 12:00:00+00:00,11025.650847536495
2023-11-21 16:00:00+00:00,11180.251120532805
2023-11-21 20:00:00+00:00,11645.942821738397
2023-11-22 00:00:00+00:00,11277.785609756613
2023-11-22 04:00:00+00:00,11287.447263308595
2023-11-22 08:00:00+00:00,11172.461412356519
2023-11-22 12:00:00+00:00,11166.664420225328
2023-11-22 16:00:00+00:00,10919.325992678023
2023-11-22 20:00:00+00:00,10981.160575410715
2023-11-23 00:00:00+00:00,10958.957515849042
2023-11-23 04:00:00+00:00,10849.780830711634
2023-11-23 08:00:00+00:00,10922.275019191691
2023-11-23 12:00:00+00:00,11097.150948482587
2023-11-23 16:00:00+00:00,11023.729627727678
2023-11-23 20:00:00+00:00,11007.304816689308
2023-11-24 00:00:00+00:00,10930.99417843968
2023-11-24 04:00:00+00:00,10765.779902700764
2023-11-24 08:00:00+00:00,10746.65176099855
2023-11-24 12:00:00+00:00,10746.65176099855
2023-11-24 16:00:00+00:00,10746.65176099855
2023-11-24 20:00:00+00:00,10746.65176099855
2023-11-25 00:00:00+00:00,10746.65176099855
2023-11-25 04:00:00+00:00,10746.65176099855
2023-11-25 08:00:00+00:00,10746.65176099855
2023-11-25 12:00:00+00:00,10746.65176099855
2023-11-25 16:00:00+00:00,10746.65176099855
2023-11-25 20:00:00+00:00,10746.65176099855
2023-11-26 00:00:00+00:00,10746.65176099855
2023-11-26 04:00:00+00:00,10746.65176099855
2023-11-26 08:00:00+00:00,10746.65176099855
2023-11-26 12:00:00+00:00,10746.65176099855
2023-11-26 16:00:00+00:00,10746.65176099855
2023-11-26 20:00:00+00:00,10746.65176099855
2023-11-27 00:00:00+00:00,10746.65176099855
2023-11-27 04:00:00+00:00,10811.666200961643
2023-11-27 08:00:00+00:00,10920.395136111296
2023-11-27 12:00:00+00:00,11001.668463553959
2023-11-27 16:00:00+00:00,10946.776352649411
2023-11-27 20:00:00+00:00,10754.675760512211
2023-11-28 00:00:00+00:00,10827.52378819324
2023-11-28 04:00:00+00:00,10956.294514790703
2023-11-28 08:00:00+00:00,10819.078328424412
2023-11-28 12:00:00+00:00,10823.300319460393
2023-11-28 16:00:00+00:00,10697.708013264595
2023-11-28 20:00:00+00:00,10757.871385527345
2023-11-29 00:00:00+00:00,10737.835504866987
2023-11-29 04:00:00+00:00,10709.337065374108
2023-11-29 08:00:00+00:00,10802.244405765743
2023-11-29 12:00:00+00:00,10900.405697352335
2023-11-29 16:00:00+00:00,10856.079224565108
2023-11-29 20:00:00+00:00,10863.467708878077
2023-11-30 00:00:00+00:00,10799.090578461864
2023-11-30 04:00:00+00:00,10863.475941760596
2023-11-30 08:00:00+00:00,10800.154520202932
2023-11-30 12:00:00+00:00,10863.48438574267
2023-11-30 16:00:00+00:00,10861.381939756524
2023-11-30 20:00:00+00:00,10879.32540165945
2023-12-01 00:00:00+00:00,10688.287379116233
2023-12-01 04:00:00+00:00,10651.344957551386
2023-12-01 08:00:00+00:00,10557.435633137131
2023-12-01 12:00:00+00:00,10535.53616563349
2023-12-01 16:00:00+00:00,10535.53616563349
2023-12-01 20:00:00+00:00,10535.53616563349
2023-12-02 00:00:00+00:00,10535.53616563349
2023-12-02 04:00:00+00:00,10535.53616563349
2023-12-02 08:00:00+00:00,10535.53616563349
2023-12-02 12:00:00+00:00,10535.53616563349
2023-12-02 16:00:00+00:00,10535.53616563349
2023-12-02 20:00:00+00:00,10535.53616563349
2023-12-03 00:00:00+00:00,10535.53616563349
2023-12-03 04:00:00+00:00,10535.53616563349
2023-12-03 08:00:00+00:00,10535.53616563349
2023-12-03 12:00:00+00:00,10535.53616563349
2023-12-03 16:00:00+00:00,10535.53616563349
2023-12-03 20:00:00+00:00,10535.53616563349
2023-12-04 00:00:00+00:00,10535.53616563349
2023-12-04 04:00:00+00:00,10535.53616563349
2023-12-04 08:00:00+00:00,10535.53616563349
2023-12-04 12:00:00+00:00,10535.53616563349
2023-12-04 16:00:00+00:00,10535.53616563349
2023-12-04 20:00:00+00:00,10535.53616563349
2023-12-05 00:00:00+00:00,10535.53616563349
2023-12-05 04:00:00+00:00,10535.53616563349
2023-12-05 08:00:00+00:00,10535.53616563349
2023-12-05 12:00:00+00:00,10535.53616563349
2023-12-05 16:00:00+00:00,10535.53616563349
2023-12-05 20:00:00+00:00,10535.53616563349
2023-12-06 00:00:00+00:00,10535.53616563349
2023-12-06 04:00:00+00:00,10535.53616563349
2023-12-06 08:00:00+00:00,10535.53616563349
2023-12-06 12:00:00+00:00,10535.53616563349
2023-12-06 16:00:00+00:00,10393.013994881903
2023-12-06 20:00:00+00:00,10372.646916335689
2023-12-07 00:00:00+00:00,10227.276179909388
2023-12-07 04:00:00+00:00,10141.931324864594
2023-12-07 08:00:00+00:00,10451.525652536717
2023-12-07 12:00:00+00:00,9783.219754572581
2023-12-07 16:00:00+00:00,9783.219754572581
2023-12-07 20:00:00+00:00,9783.219754572581
2023-12-08 00:00:00+00:00,9783.219754572581
2023-12-08 04:00:00+00:00,9783.219754572581
2023-12-08 08:00:00+00:00,9783.219754572581
2023-12-08 12:00:00+00:00,9783.219754572581
2023-12-08 16:00:00+00:00,9783.219754572581
2023-12-08 20:00:00+00:00,9783.219754572581
2023-12-09 00:00:00+00:00,9783.219754572581
2023-12-09 04:00:00+00:00,9783.219754572581
2023-12-09 08:00:00+00:00,9783.219754572581
2023-12-09 12:00:00+00:00,9783.219754572581
2023-12-09 16:00:00+00:00,9783.219754572581
2023-12-09 20:00:00+00:00,9783.219754572581
2023-12-10 00:00:00+00:00,9783.219754572581
2023-12-10 04:00:00+00:00,9783.219754572581
2023-12-10 08:00:00+00:00,9783.219754572581
2023-12-10 12:00:00+00:00,9783.219754572581
2023-12-10 16:00:00+00:00,9783.219754572581
2023-12-10 20:00:00+00:00,9783.219754572581
2023-12-11 00:00:00+00:00,9783.219754572581
2023-12-11 04:00:00+00:00,9845.281630049374
2023-12-11 08:00:00+00:00,9433.379029605734
2023-12-11 12:00:00+00:00,9566.76932254208
2023-12-11 16:00:00+00:00,9774.660362625775
2023-12-11 20:00:00+00:00,9622.214313555662
2023-12-12 00:00:00+00:00,8960.87752355839
2023-12-12 04:00:00+00:00,8960.87752355839
2023-12-12 08:00:00+00:00,8960.87752355839
2023-12-12 12:00:00+00:00,8960.87752355839
2023-12-12 16:00:00+00:00,8960.87752355839
2023-12-12 20:00:00+00:00,8960.87752355839
2023-12-13 00:00:00+00:00,8960.87752355839
2023-12-13 04:00:00+00:00,8960.87752355839
2023-12-13 08:00:00+00:00,8960.87752355839
2023-12-13 12:00:00+00:00,8960.87752355839
2023-12-13 16:00:00+00:00,8960.87752355839
2023-12-13 20:00:00+00:00,8960.87752355839
2023-12-14 00:00:00+00:00,8960.87752355839
2023-12-14 04:00:00+00:00,8960.87752355839
2023-12-14 08:00:00+00:00,8960.87752355839
2023-12-14 12:00:00+00:00,8960.87752355839
2023-12-14 16:00:00+00:00,8960.87752355839
2023-12-14 20:00:00+00:00,8960.87752355839
2023-12-15 00:00:00+00:00,8960.87752355839
2023-12-15 04:00:00+00:00,8960.87752355839
2023-12-15 08:00:00+00:00,8960.87752355839
2023-12-15 12:00:00+00:00,8960.87752355839
2023-12-15 16:00:00+00:00,8915.052580687736
2023-12-15 20:00:00+00:00,9157.895955180385
2023-12-16 00:00:00+00:00,9025.606240789757
2023-12-16 04:00:00+00:00,9073.378707903064
2023-12-16 08:00:00+00:00,8978.846549374131
2023-12-16 12:00:00+00:00,8900.021978637173
2023-12-16 16:00:00+00:00,8903.018054828746
2023-12-16 20:00:00+00:00,8965.918469861268
2023-12-17 00:00:00+00:00,9056.507305580055
2023-12-17 04:00:00+00:00,9177.53088893377
2023-12-17 08:00:00+00:00,9070.19104493772
2023-12-17 12:00:00+00:00,9125.925589903245
2023-12-17 16:00:00+00:00,8938.415171959761
2023-12-17 20:00:00+00:00,9117.561923634667
2023-12-18 00:00:00+00:00,9279.998454878096
2023-12-18 04:00:00+00:00,9390.671337023927
2023-12-18 08:00:00+00:00,9470.552839709164
2023-12-18 12:00:00+00:00,9460.20213850128
2023-12-18 16:00:00+00:00,9362.362651228636
2023-12-18 20:00:00+00:00,9164.106912708405
2023-12-19 00:00:00+00:00,9161.045147742325
2023-12-19 04:00:00+00:00,9123.623381836902
2023-12-19 08:00:00+00:00,9153.964710770684
2023-12-19 12:00:00+00:00,9254.28689170863
2023-12-19 16:00:00+00:00,9310.093811961831
2023-12-19 20:00:00+00:00,9386.529759343126
2023-12-20 00:00:00+00:00,9295.261392048345
2023-12-20 04:00:00+00:00,9031.716615139929
2023-12-20 08:00:00+00:00,9093.363881844502
2023-12-20 12:00:00+00:00,8989.856869765666
2023-12-20 16:00:00+00:00,9111.14972318761
2023-12-20 20:00:00+00:00,9094.276487803189
2023-12-21 00:00:00+00:00,9094.276487803189
2023-12-21 04:00:00+00:00,9094.276487803189
2023-12-21 08:00:00+00:00,9094.276487803189
2023-12-21 12:00:00+00:00,9094.276487803189
2023-12-21 16:00:00+00:00,9094.276487803189
2023-12-21 20:00:00+00:00,9094.276487803189
2023-12-22 00:00:00+00:00,9094.276487803189
2023-12-22 04:00:00+00:00,9094.276487803189
2023-12-22 08:00:00+00:00,9094.276487803189
2023-12-22 12:00:00+00:00,9094.276487803189
2023-12-22 16:00:00+00:00,9094.276487803189
2023-12-22 20:00:00+00:00,9094.276487803189
2023-12-23 00:00:00+00:00,9094.276487803189
2023-12-23 04:00:00+00:00,9094.276487803189
2023-12-23 08:00:00+00:00,9094.276487803189
2023-12-23 12:00:00+00:00,9094.276487803189
2023-12-23 16:00:00+00:00,9094.276487803189
2023-12-23 20:00:00+00:00,9094.276487803189
2023-12-24 00:00:00+00:00,9094.276487803189
2023-12-24 04:00:00+00:00,9094.276487803189
2023-12-24 08:00:00+00:00,9094.276487803189
2023-12-24 12:00:00+00:00,9094.276487803189
2023-12-24 16:00:00+00:00,9094.276487803189
2023-12-24 20:00:00+00:00,9094.276487803189
2023-12-25 00:00:00+00:00,9094.276487803189
2023-12-25 04:00:00+00:00,9094.276487803189
2023-12-25 08:00:00+00:00,9094.276487803189
2023-12-25 12:00:00+00:00,9094.276487803189
2023-12-25 16:00:00+00:00,9094.276487803189
2023-12-25 20:00:00+00:00,9094.276487803189
2023-12-26 00:00:00+00:00,9094.276487803189
2023-12-26 04:00:00+00:00,9094.276487803189
2023-12-26 08:00:00+00:00,9094.276487803189
2023-12-26 12:00:00+00:00,9094.276487803189
2023-12-26 16:00:00+00:00,9094.276487803189
2023-12-26 20:00:00+00:00,9094.276487803189
2023-12-27 00:00:00+00:00,9352.645451891458
2023-12-27 04:00:00+00:00,9297.738460909852
2023-12-27 08:00:00+00:00,8622.722379246647
2023-12-27 12:00:00+00:00,8604.273630276826
2023-12-27 16:00:00+00:00,8604.273630276826
2023-12-27 20:00:00+00:00,8604.273630276826
2023-12-28 00:00:00+00:00,8604.273630276826
2023-12-28 04:00:00+00:00,8604.273630276826
2023-12-28 08:00:00+00:00,8604.273630276826
2023-12-28 12:00:00+00:00,8604.273630276826
2023-12-28 16:00:00+00:00,8604.273630276826
2023-12-28 20:00:00+00:00,8604.273630276826
2023-12-29 00:00:00+00:00,8604.273630276826
2023-12-29 04:00:00+00:00,8604.273630276826
2023-12-29 08:00:00+00:00,8604.273630276826
2023-12-29 12:00:00+00:00,8604.273630276826
2023-12-29 16:00:00+00:00,8604.273630276826
2023-12-29 20:00:00+00:00,8604.273630276826
2023-12-30 00:00:00+00:00,8604.273630276826
2023-12-30 04:00:00+00:00,8604.273630276826
2023-12-30 08:00:00+00:00,8604.273630276826
2023-12-30 12:00:00+00:00,8604.273630276826
2023-12-30 16:00:00+00:00,8604.273630276826
2023-12-30 20:00:00+00:00,8604.273630276826
2023-12-31 00:00:00+00:00,8604.273630276826
2023-12-31 04:00:00+00:00,8604.273630276826
2023-12-31 08:00:00+00:00,8604.273630276826
2023-12-31 12:00:00+00:00,8604.273630276826
2023-12-31 16:00:00+00:00,8604.273630276826
2023-12-31 20:00:00+00:00,8604.273630276826
2024-01-01 00:00:00+00:00,8604.273630276826
2024-01-01 04:00:00+00:00,8604.273630276826
2024-01-01 08:00:00+00:00,8604.273630276826
2024-01-01 12:00:00+00:00,8604.273630276826
2024-01-01 16:00:00+00:00,8604.273630276826
2024-01-01 20:00:00+00:00,8604.273630276826
2024-01-02 00:00:00+00:00,8604.273630276826
2024-01-02 04:00:00+00:00,8604.273630276826
2024-01-02 08:00:00+00:00,8604.273630276826
2024-01-02 12:00:00+00:00,8604.273630276826
2024-01-02 16:00:00+00:00,8604.273630276826
2024-01-02 20:00:00+00:00,8604.273630276826
2024-01-03 00:00:00+00:00,8604.273630276826
2024-01-03 04:00:00+00:00,8604.273630276826
2024-01-03 08:00:00+00:00,8604.273630276826
2024-01-03 12:00:00+00:00,8604.273630276826
2024-01-03 16:00:00+00:00,8604.273630276826
2024-01-03 20:00:00+00:00,8604.273630276826
2024-01-04 00:00:00+00:00,8604.273630276826
2024-01-04 04:00:00+00:00,8604.273630276826
2024-01-04 08:00:00+00:00,8604.273630276826
2024-01-04 12:00:00+00:00,8604.273630276826
2024-01-04 16:00:00+00:00,8604.273630276826
2024-01-04 20:00:00+00:00,8604.273630276826
2024-01-05 00:00:00+00:00,8604.273630276826
2024-01-05 04:00:00+00:00,8604.273630276826
2024-01-05 08:00:00+00:00,8604.273630276826
2024-01-05 12:00:00+00:00,8604.273630276826
2024-01-05 16:00:00+00:00,8604.273630276826
2024-01-05 20:00:00+00:00,8604.273630276826
2024-01-06 00:00:00+00:00,8604.273630276826
2024-01-06 04:00:00+00:00,8604.273630276826
2024-01-06 08:00:00+00:00,8604.273630276826
2024-01-06 12:00:00+00:00,8604.273630276826
2024-01-06 16:00:00+00:00,8584.09960369325
2024-01-06 20:00:00+00:00,8652.000947465758
2024-01-07 00:00:00+00:00,8349.010301187001
2024-01-07 04:00:00+00:00,8407.141667438285
2024-01-07 08:00:00+00:00,8338.166554286307
2024-01-07 12:00:00+00:00,8293.713156564738
2024-01-07 16:00:00+00:00,8135.354179967264
2024-01-07 20:00:00+00:00,8804.597640171101
2024-01-08 00:00:00+00:00,9270.000826720887
2024-01-08 04:00:00+00:00,9022.820395433922
2024-01-08 08:00:00+00:00,8914.215615561932
2024-01-08 12:00:00+00:00,8565.9159169303
2024-01-08 16:00:00+00:00,8195.521511834197
2024-01-08 20:00:00+00:00,8316.669233097373
2024-01-09 00:00:00+00:00,8448.965133760803
2024-01-09 04:00:00+00:00,8325.37491811732
2024-01-09 08:00:00+00:00,8581.748702852208
2024-01-09 12:00:00+00:00,8926.140410475351
2024-01-09 16:00:00+00:00,9094.524605256789
2024-01-09 20:00:00+00:00,8210.341639586028
2024-01-10 00:00:00+00:00,7934.263324537347
2024-01-10 04:00:00+00:00,7916.676388001393
2024-01-10 08:00:00+00:00,7916.676388001393
2024-01-10 12:00:00+00:00,7916.676388001393
2024-01-10 16:00:00+00:00,7916.676388001393
2024-01-10 20:00:00+00:00,7916.676388001393
2024-01-11 00:00:00+00:00,7916.676388001393
2024-01-11 04:00:00+00:00,7916.676388001393
2024-01-11 08:00:00+00:00,7916.676388001393
2024-01-11 12:00:00+00:00,7916.676388001393
2024-01-11 16:00:00+00:00,7916.676388001393
2024-01-11 20:00:00+00:00,7916.676388001393
2024-01-12 00:00:00+00:00,7916.676388001393
2024-01-12 04:00:00+00:00,7916.676388001393
2024-01-12 08:00:00+00:00,7916.676388001393
2024-01-12 12:00:00+00:00,7916.676388001393
2024-01-12 16:00:00+00:00,7916.676388001393
2024-01-12 20:00:00+00:00,7916.676388001393
2024-01-13 00:00:00+00:00,7916.676388001393
2024-01-13 04:00:00+00:00,7916.676388001393
2024-01-13 08:00:00+00:00,7916.676388001393
2024-01-13 12:00:00+00:00,7916.676388001393
2024-01-13 16:00:00+00:00,7916.676388001393
2024-01-13 20:00:00+00:00,7916.676388001393
2024-01-14 00:00:00+00:00,7916.676388001393
2024-01-14 04:00:00+00:00,7916.676388001393
2024-01-14 08:00:00+00:00,7916.676388001393
2024-01-14 12:00:00+00:00,7916.676388001393
2024-01-14 16:00:00+00:00,7916.676388001393
2024-01-14 20:00:00+00:00,7982.745472749641
2024-01-15 00:00:00+00:00,7821.207971199197
2024-01-15 04:00:00+00:00,7799.95146543053
2024-01-15 08:00:00+00:00,7532.536429443939
2024-01-15 12:00:00+00:00,7746.260932899802
2024-01-15 16:00:00+00:00,7629.1928143812565
2024-01-15 20:00:00+00:00,7680.208428226057
2024-01-16 00:00:00+00:00,7428.264804694512
2024-01-16 04:00:00+00:00,7509.426008538512
2024-01-16 08:00:00+00:00,7492.830010983722
2024-01-16 12:00:00+00:00,7492.830010983722
2024-01-16 16:00:00+00:00,7492.830010983722
2024-01-16 20:00:00+00:00,7492.830010983722
2024-01-17 00:00:00+00:00,7492.830010983722
2024-01-17 04:00:00+00:00,7492.830010983722
2024-01-17 08:00:00+00:00,7450.5975170423735
2024-01-17 12:00:00+00:00,7624.422162575946
2024-01-17 16:00:00+00:00,7658.907121507234
2024-01-17 20:00:00+00:00,7587.780544211659
2024-01-18 00:00:00+00:00,7877.7442940604515
2024-01-18 04:00:00+00:00,7804.803263262439
2024-01-18 08:00:00+00:00,7875.196547319538
2024-01-18 12:00:00+00:00,7831.649663261022
2024-01-18 16:00:00+00:00,8249.689625572224
2024-01-18 20:00:00+00:00,8121.226317599605
2024-01-19 00:00:00+00:00,8269.97245776016
2024-01-19 04:00:00+00:00,8221.707994595305
2024-01-19 08:00:00+00:00,8128.396094325419
2024-01-19 12:00:00+00:00,8380.968021864806
2024-01-19 16:00:00+00:00,8328.646985004552
2024-01-19 20:00:00+00:00,8253.528610003614
2024-01-20 00:00:00+00:00,8335.489833498297
2024-01-20 04:00:00+00:00,8383.028515262176
2024-01-20 08:00:00+00:00,8525.21674870701
2024-01-20 12:00:00+00:00,8579.287463079667
2024-01-20 16:00:00+00:00,8494.286485632347
2024-01-20 20:00:00+00:00,8399.934903505564
2024-01-21 00:00:00+00:00,8301.887860219436
2024-01-21 04:00:00+00:00,8258.70386686141
2024-01-21 08:00:00+00:00,8203.855005959696
2024-01-21 12:00:00+00:00,8289.860101975264
2024-01-21 16:00:00+00:00,8285.812818281796
2024-01-21 20:00:00+00:00,8403.389405239788
2024-01-22 00:00:00+00:00,8533.963430682723
2024-01-22 04:00:00+00:00,8528.157179474922
2024-01-22 08:00:00+00:00,8714.96681634241
2024-01-22 12:00:00+00:00,8781.738705232136
2024-01-22 16:00:00+00:00,8864.736308278341
2024-01-22 20:00:00+00:00,8865.462089679317
2024-01-23 00:00:00+00:00,8735.797432042731
2024-01-23 04:00:00+00:00,8948.088491827992
2024-01-23 08:00:00+00:00,9233.925448630842
2024-01-23 12:00:00+00:00,9092.398075440666
2024-01-23 16:00:00+00:00,9127.463224023895
2024-01-23 20:00:00+00:00,8866.181919672803
2024-01-24 00:00:00+00:00,9014.128793065534
2024-01-24 04:00:00+00:00,8944.816669272397
2024-01-24 08:00:00+00:00,8800.991726190226
2024-01-24 12:00:00+00:00,8766.5171096439
2024-01-24 16:00:00+00:00,8841.170149899604
2024-01-24 20:00:00+00:00,8694.925197603092
2024-01-25 00:00:00+00:00,8802.60847683904
2024-01-25 04:00:00+00:00,8819.664339761957
2024-01-25 08:00:00+00:00,8866.006643464469
2024-01-25 12:00:00+00:00,8990.115263031235
2024-01-25 16:00:00+00:00,8721.451491714775
2024-01-25 20:00:00+00:00,8718.548366110874
2024-01-26 00:00:00+00:00,8647.687243362707
2024-01-26 04:00:00+00:00,8711.55600664853
2024-01-26 08:00:00+00:00,8522.03038691138
2024-01-26 12:00:00+00:00,8508.704314608072
2024-01-26 16:00:00+00:00,8508.704314608072
2024-01-26 20:00:00+00:00,8508.704314608072
2024-01-27 00:00:00+00:00,8508.704314608072
2024-01-27 04:00:00+00:00,8508.704314608072
2024-01-27 08:00:00+00:00,8508.704314608072
2024-01-27 12:00:00+00:00,8508.704314608072
2024-01-27 16:00:00+00:00,8508.704314608072
2024-01-27 20:00:00+00:00,8508.704314608072
2024-01-28 00:00:00+00:00,8508.704314608072
2024-01-28 04:00:00+00:00,8508.704314608072
2024-01-28 08:00:00+00:00,8508.704314608072
2024-01-28 12:00:00+00:00,8508.704314608072
2024-01-28 16:00:00+00:00,8508.704314608072
2024-01-28 20:00:00+00:00,8508.704314608072
2024-01-29 00:00:00+00:00,8508.704314608072
2024-01-29 04:00:00+00:00,8508.704314608072
2024-01-29 08:00:00+00:00,8508.704314608072
2024-01-29 12:00:00+00:00,8508.704314608072
2024-01-29 16:00:00+00:00,8508.704314608072
2024-01-29 20:00:00+00:00,8508.704314608072
2024-01-30 00:00:00+00:00,8508.704314608072
2024-01-30 04:00:00+00:00,8508.704314608072
2024-01-30 08:00:00+00:00,8508.704314608072
2024-01-30 12:00:00+00:00,8508.704314608072
2024-01-30 16:00:00+00:00,8508.704314608072
2024-01-30 20:00:00+00:00,8508.704314608072
2024-01-31 00:00:00+00:00,8508.704314608072
2024-01-31 04:00:00+00:00,8508.704314608072
2024-01-31 08:00:00+00:00,8508.704314608072
2024-01-31 12:00:00+00:00,8508.704314608072
2024-01-31 16:00:00+00:00,8508.704314608072
2024-01-31 20:00:00+00:00,8508.704314608072
2024-02-01 00:00:00+00:00,8789.1810236416
2024-02-01 04:00:00+00:00,8665.331878120254
2024-02-01 08:00:00+00:00,8735.832230151122
2024-02-01 12:00:00+00:00,8628.915584994022
2024-02-01 16:00:00+00:00,8510.2594438201
2024-02-01 20:00:00+00:00,8388.345441197522
2024-02-02 00:00:00+00:00,8362.600300072272
2024-02-02 04:00:00+00:00,8298.740584412828
2024-02-02 08:00:00+00:00,8333.477657288655
2024-02-02 12:00:00+00:00,8276.874727499602
2024-02-02 16:00:00+00:00,8359.99269501618
2024-02-02 20:00:00+00:00,8353.703480595173
2024-02-03 00:00:00+00:00,8302.19738229114
2024-02-03 04:00:00+00:00,8219.953809093371
2024-02-03 08:00:00+00:00,8351.45625126507
2024-02-03 12:00:00+00:00,8382.9023233701
2024-02-03 16:00:00+00:00,8399.247556243141
2024-02-03 20:00:00+00:00,8483.910058064374
2024-02-04 00:00:00+00:00,8451.382870000374
2024-02-04 04:00:00+00:00,8571.361729724178
2024-02-04 08:00:00+00:00,8478.836500412375
2024-02-04 12:00:00+00:00,8535.43943020143
2024-02-04 16:00:00+00:00,8623.853593560509
2024-02-04 20:00:00+00:00,8651.429379867997
2024-02-05 00:00:00+00:00,8602.920765795921
2024-02-05 04:00:00+00:00,8555.993550500723
2024-02-05 08:00:00+00:00,8478.9512060077
2024-02-05 12:00:00+00:00,8593.608422759884
2024-02-05 16:00:00+00:00,8580.905902879487
2024-02-05 20:00:00+00:00,8638.476404117926
2024-02-06 00:00:00+00:00,8439.028240434602
2024-02-06 04:00:00+00:00,8257.124807950124
2024-02-06 08:00:00+00:00,8258.485890707976
2024-02-06 12:00:00+00:00,8241.42567091241
2024-02-06 16:00:00+00:00,8241.42567091241
2024-02-06 20:00:00+00:00,8241.42567091241
2024-02-07 00:00:00+00:00,8241.42567091241
2024-02-07 04:00:00+00:00,8241.42567091241
2024-02-07 08:00:00+00:00,8241.42567091241
2024-02-07 12:00:00+00:00,8241.42567091241
2024-02-07 16:00:00+00:00,8241.42567091241
2024-02-07 20:00:00+00:00,8241.42567091241
2024-02-08 00:00:00+00:00,8241.42567091241
2024-02-08 04:00:00+00:00,8241.42567091241
2024-02-08 08:00:00+00:00,8241.42567091241
2024-02-08 12:00:00+00:00,8241.42567091241
2024-02-08 16:00:00+00:00,8241.42567091241
2024-02-08 20:00:00+00:00,8241.42567091241
2024-02-09 00:00:00+00:00,8241.42567091241
2024-02-09 04:00:00+00:00,8241.42567091241
2024-02-09 08:00:00+00:00,8241.42567091241
2024-02-09 12:00:00+00:00,8241.42567091241
2024-02-09 16:00:00+00:00,8241.42567091241
2024-02-09 20:00:00+00:00,8241.42567091241
2024-02-10 00:00:00+00:00,8241.42567091241
2024-02-10 04:00:00+00:00,8241.42567091241
2024-02-10 08:00:00+00:00,8241.42567091241
2024-02-10 12:00:00+00:00,8241.42567091241
2024-02-10 16:00:00+00:00,8241.42567091241
2024-02-10 20:00:00+00:00,8241.42567091241
2024-02-11 00:00:00+00:00,8241.42567091241
2024-02-11 04:00:00+00:00,8241.42567091241
2024-02-11 08:00:00+00:00,8241.42567091241
2024-02-11 12:00:00+00:00,8241.42567091241
2024-02-11 16:00:00+00:00,8241.42567091241
2024-02-11 20:00:00+00:00,8241.42567091241
2024-02-12 00:00:00+00:00,8241.42567091241
2024-02-12 04:00:00+00:00,8241.42567091241
2024-02-12 08:00:00+00:00,8241.42567091241
2024-02-12 12:00:00+00:00,8241.42567091241
2024-02-12 16:00:00+00:00,8241.42567091241
2024-02-12 20:00:00+00:00,8241.42567091241
2024-02-13 00:00:00+00:00,8241.42567091241
2024-02-13 04:00:00+00:00,8241.42567091241
2024-02-13 08:00:00+00:00,8241.42567091241
2024-02-13 12:00:00+00:00,8241.42567091241
2024-02-13 16:00:00+00:00,8241.42567091241
2024-02-13 20:00:00+00:00,8241.42567091241
2024-02-14 00:00:00+00:00,8241.42567091241
2024-02-14 04:00:00+00:00,8241.42567091241
2024-02-14 08:00:00+00:00,8241.42567091241
2024-02-14 12:00:00+00:00,8241.42567091241
2024-02-14 16:00:00+00:00,8241.42567091241
2024-02-14 20:00:00+00:00,8241.42567091241
2024-02-15 00:00:00+00:00,8241.42567091241
2024-02-15 04:00:00+00:00,8241.42567091241
2024-02-15 08:00:00+00:00,8241.42567091241
2024-02-15 12:00:00+00:00,8241.42567091241
2024-02-15 16:00:00+00:00,8241.42567091241
2024-02-15 20:00:00+00:00,8241.42567091241
2024-02-16 00:00:00+00:00,8241.42567091241
2024-02-16 04:00:00+00:00,8241.42567091241
2024-02-16 08:00:00+00:00,8241.42567091241
2024-02-16 12:00:00+00:00,8241.42567091241
2024-02-16 16:00:00+00:00,8241.42567091241
2024-02-16 20:00:00+00:00,8115.94072776139
2024-02-17 00:00:00+00:00,8178.3912953146955
2024-02-17 04:00:00+00:00,8258.662396796737
2024-02-17 08:00:00+00:00,8339.68134801345
2024-02-17 12:00:00+00:00,8407.89098865104
2024-02-17 16:00:00+00:00,8335.401158875437
2024-02-17 20:00:00+00:00,8292.146264812574
2024-02-18 00:00:00+00:00,8337.995809418753
2024-02-18 04:00:00+00:00,8141.269223921314
2024-02-18 08:00:00+00:00,8136.441541547403
2024-02-18 12:00:00+00:00,8106.49584565773
2024-02-18 16:00:00+00:00,8124.473457371874
2024-02-18 20:00:00+00:00,8009.265710685211
2024-02-19 00:00:00+00:00,8023.75664173091
2024-02-19 04:00:00+00:00,7793.368000853221
2024-02-19 08:00:00+00:00,7793.368000853221
2024-02-19 12:00:00+00:00,7793.368000853221
2024-02-19 16:00:00+00:00,7793.368000853221
2024-02-19 20:00:00+00:00,7793.368000853221
2024-02-20 00:00:00+00:00,7793.368000853221
2024-02-20 04:00:00+00:00,7793.368000853221
2024-02-20 08:00:00+00:00,7793.368000853221
2024-02-20 12:00:00+00:00,7954.979109994189
2024-02-20 16:00:00+00:00,7922.124025874453
2024-02-20 20:00:00+00:00,7753.074748530344
2024-02-21 00:00:00+00:00,7979.551562370234
2024-02-21 04:00:00+00:00,8211.31266840651
2024-02-21 08:00:00+00:00,8402.133700906006
2024-02-21 12:00:00+00:00,8405.639331081346
2024-02-21 16:00:00+00:00,8437.129627917486
2024-02-21 20:00:00+00:00,8277.039183243687
2024-02-22 00:00:00+00:00,8486.160968559074
2024-02-22 04:00:00+00:00,8300.75208373005
2024-02-22 08:00:00+00:00,8349.893196399134
2024-02-22 12:00:00+00:00,8359.241543533371
2024-02-22 16:00:00+00:00,8409.894101119342
2024-02-22 20:00:00+00:00,8547.003192421475
2024-02-23 00:00:00+00:00,8687.336643323266
2024-02-23 04:00:00+00:00,8688.894701178971
2024-02-23 08:00:00+00:00,8651.010810048436
2024-02-23 12:00:00+00:00,8724.629043730547
2024-02-23 16:00:00+00:00,8602.66291869127
2024-02-23 20:00:00+00:00,8589.029912453843
2024-02-24 00:00:00+00:00,8584.77284548411
2024-02-24 04:00:00+00:00,8498.300634492425
2024-02-24 08:00:00+00:00,8435.545895519714
2024-02-24 12:00:00+00:00,8507.60607134612
2024-02-24 16:00:00+00:00,8409.592883636502
2024-02-24 20:00:00+00:00,8417.383172915033
2024-02-25 00:00:00+00:00,8322.361455357433
2024-02-25 04:00:00+00:00,8350.796011224069
2024-02-25 08:00:00+00:00,8313.210153759152
2024-02-25 12:00:00+00:00,8326.84315999658
2024-02-25 16:00:00+00:00,8314.13819976521
2024-02-25 20:00:00+00:00,8314.13819976521
2024-02-26 00:00:00+00:00,8314.13819976521
2024-02-26 04:00:00+00:00,8314.13819976521
2024-02-26 08:00:00+00:00,8314.13819976521
2024-02-26 12:00:00+00:00,8314.13819976521
2024-02-26 16:00:00+00:00,8314.13819976521
2024-02-26 20:00:00+00:00,8314.13819976521
2024-02-27 00:00:00+00:00,8314.13819976521
2024-02-27 04:00:00+00:00,8314.13819976521
2024-02-27 08:00:00+00:00,8314.13819976521
2024-02-27 12:00:00+00:00,8314.13819976521
2024-02-27 16:00:00+00:00,8314.13819976521
2024-02-27 20:00:00+00:00,8314.13819976521
2024-02-28 00:00:00+00:00,8314.13819976521
2024-02-28 04:00:00+00:00,8314.13819976521
2024-02-28 08:00:00+00:00,8314.13819976521
2024-02-28 12:00:00+00:00,8314.13819976521
2024-02-28 16:00:00+00:00,8314.13819976521
2024-02-28 20:00:00+00:00,8314.13819976521
2024-02-29 00:00:00+00:00,8314.13819976521
2024-02-29 04:00:00+00:00,8314.13819976521
2024-02-29 08:00:00+00:00,8314.13819976521
2024-02-29 12:00:00+00:00,8314.13819976521
2024-02-29 16:00:00+00:00,8314.13819976521
2024-02-29 20:00:00+00:00,8314.13819976521
2024-03-01 00:00:00+00:00,8314.13819976521
2024-03-01 04:00:00+00:00,8314.13819976521
2024-03-01 08:00:00+00:00,8314.13819976521
2024-03-01 12:00:00+00:00,8314.13819976521
2024-03-01 16:00:00+00:00,8314.13819976521
2024-03-01 20:00:00+00:00,8314.13819976521
2024-03-02 00:00:00+00:00,8314.13819976521
2024-03-02 04:00:00+00:00,8314.13819976521
2024-03-02 08:00:00+00:00,8314.13819976521
2024-03-02 12:00:00+00:00,8314.13819976521
2024-03-02 16:00:00+00:00,8314.13819976521
2024-03-02 20:00:00+00:00,8314.13819976521
2024-03-03 00:00:00+00:00,8314.13819976521
2024-03-03 04:00:00+00:00,8314.13819976521
2024-03-03 08:00:00+00:00,8314.13819976521
2024-03-03 12:00:00+00:00,8314.13819976521
2024-03-03 16:00:00+00:00,8314.13819976521
2024-03-03 20:00:00+00:00,8314.13819976521
2024-03-04 00:00:00+00:00,8314.13819976521
2024-03-04 04:00:00+00:00,8314.13819976521
2024-03-04 08:00:00+00:00,8314.13819976521
2024-03-04 12:00:00+00:00,8314.13819976521
2024-03-04 16:00:00+00:00,8314.13819976521
2024-03-04 20:00:00+00:00,8314.13819976521
2024-03-05 00:00:00+00:00,8314.13819976521
2024-03-05 04:00:00+00:00,8314.13819976521
2024-03-05 08:00:00+00:00,8314.13819976521
2024-03-05 12:00:00+00:00,8314.13819976521
2024-03-05 16:00:00+00:00,8314.13819976521
2024-03-05 20:00:00+00:00,8314.13819976521
2024-03-06 00:00:00+00:00,8385.138025464792
2024-03-06 04:00:00+00:00,7799.03458289059
2024-03-06 08:00:00+00:00,7784.990437687369
2024-03-06 12:00:00+00:00,7784.990437687369
2024-03-06 16:00:00+00:00,7784.990437687369
2024-03-06 20:00:00+00:00,7784.990437687369
2024-03-07 00:00:00+00:00,7784.990437687369
2024-03-07 04:00:00+00:00,7784.990437687369
2024-03-07 08:00:00+00:00,7784.990437687369
2024-03-07 12:00:00+00:00,7784.990437687369
2024-03-07 16:00:00+00:00,7784.990437687369
2024-03-07 20:00:00+00:00,7784.990437687369
2024-03-08 00:00:00+00:00,7784.990437687369
2024-03-08 04:00:00+00:00,7784.990437687369
2024-03-08 08:00:00+00:00,7784.990437687369
2024-03-08 12:00:00+00:00,7784.990437687369
2024-03-08 16:00:00+00:00,7784.990437687369
2024-03-08 20:00:00+00:00,7784.990437687369
2024-03-09 00:00:00+00:00,7784.990437687369
2024-03-09 04:00:00+00:00,7784.990437687369
2024-03-09 08:00:00+00:00,7784.990437687369
2024-03-09 12:00:00+00:00,7784.990437687369
2024-03-09 16:00:00+00:00,7784.990437687369
2024-03-09 20:00:00+00:00,7784.990437687369
2024-03-10 00:00:00+00:00,7784.990437687369
2024-03-10 04:00:00+00:00,7784.990437687369
2024-03-10 08:00:00+00:00,7784.990437687369
2024-03-10 12:00:00+00:00,7784.990437687369
2024-03-10 16:00:00+00:00,7728.703741238616
2024-03-10 20:00:00+00:00,7700.185858149671
2024-03-11 00:00:00+00:00,7843.074037508261
2024-03-11 04:00:00+00:00,7656.757201327159
2024-03-11 08:00:00+00:00,7700.155216273662
2024-03-11 12:00:00+00:00,7756.810744010364
2024-03-11 16:00:00+00:00,7708.506720983803
2024-03-11 20:00:00+00:00,7651.470954805915
2024-03-12 00:00:00+00:00,7865.425940429462
2024-03-12 04:00:00+00:00,7923.222183489723
2024-03-12 08:00:00+00:00,7996.318583573319
2024-03-12 12:00:00+00:00,7963.998316072515
2024-03-12 16:00:00+00:00,7901.161710952856
2024-03-12 20:00:00+00:00,7921.314348335711
2024-03-13 00:00:00+00:00,7675.295628650001
2024-03-13 04:00:00+00:00,7271.75522084652
2024-03-13 08:00:00+00:00,7271.75522084652
2024-03-13 12:00:00+00:00,7271.75522084652
2024-03-13 16:00:00+00:00,7271.75522084652
2024-03-13 20:00:00+00:00,7271.75522084652
2024-03-14 00:00:00+00:00,7271.75522084652
2024-03-14 04:00:00+00:00,7271.75522084652
2024-03-14 08:00:00+00:00,7271.75522084652
2024-03-14 12:00:00+00:00,7271.75522084652
2024-03-14 16:00:00+00:00,7302.33437771974
2024-03-14 20:00:00+00:00,7137.144819330407
2024-03-15 00:00:00+00:00,7460.283897720271
2024-03-15 04:00:00+00:00,7435.321920008106
2024-03-15 08:00:00+00:00,7660.301345279171
2024-03-15 12:00:00+00:00,7622.858378710922
2024-03-15 16:00:00+00:00,7678.035634559363
2024-03-15 20:00:00+00:00,7614.162338648821
2024-03-16 00:00:00+00:00,7454.784437087631
2024-03-16 04:00:00+00:00,7482.683118060052
2024-03-16 08:00:00+00:00,7613.111821408183
2024-03-16 12:00:00+00:00,7747.833083472372
2024-03-16 16:00:00+00:00,8174.377853679501
2024-03-16 20:00:00+00:00,8104.99823915598
2024-03-17 00:00:00+00:00,8144.091673251732
2024-03-17 04:00:00+00:00,8453.17969139355
2024-03-17 08:00:00+00:00,8278.326351007165
2024-03-17 12:00:00+00:00,8177.010088528374
2024-03-17 16:00:00+00:00,8187.891110826848
2024-03-17 20:00:00+00:00,8181.650616398806
2024-03-18 00:00:00+00:00,8332.635681188523
2024-03-18 04:00:00+00:00,8327.863538390611
2024-03-18 08:00:00+00:00,8229.88686783804
2024-03-18 12:00:00+00:00,8466.658568196084
2024-03-18 16:00:00+00:00,8667.553539350218
2024-03-18 20:00:00+00:00,8599.642276456827
2024-03-19 00:00:00+00:00,8795.471717963315
2024-03-19 04:00:00+00:00,8925.42083722959
2024-03-19 08:00:00+00:00,8850.692432996726
2024-03-19 12:00:00+00:00,8561.427161861626
2024-03-19 16:00:00+00:00,8490.14392943338
2024-03-19 20:00:00+00:00,8600.270301692935
2024-03-20 00:00:00+00:00,8737.934813292364
2024-03-20 04:00:00+00:00,8478.036574759813
2024-03-20 08:00:00+00:00,8295.055916330783
2024-03-20 12:00:00+00:00,8525.954210168316
2024-03-20 16:00:00+00:00,8304.264065638026
2024-03-20 20:00:00+00:00,8157.795990532817
2024-03-21 00:00:00+00:00,8168.084975517057
2024-03-21 04:00:00+00:00,8175.059645760162
2024-03-21 08:00:00+00:00,8163.419597799584
2024-03-21 12:00:00+00:00,8163.419597799584
2024-03-21 16:00:00+00:00,8163.419597799584
2024-03-21 20:00:00+00:00,8163.419597799584
2024-03-22 00:00:00+00:00,8163.419597799584
2024-03-22 04:00:00+00:00,8098.595251860626
2024-03-22 08:00:00+00:00,8378.512061128904
2024-03-22 12:00:00+00:00,8492.086108900641
2024-03-22 16:00:00+00:00,8485.817515126928
2024-03-22 20:00:00+00:00,8470.15212922738
2024-03-23 00:00:00+00:00,8514.916990270216
2024-03-23 04:00:00+00:00,8450.786816743934
2024-03-23 08:00:00+00:00,8423.271530263406
2024-03-23 12:00:00+00:00,8383.12897889581
2024-03-23 16:00:00+00:00,8376.924324491221
2024-03-23 20:00:00+00:00,8519.870970824613
2024-03-24 00:00:00+00:00,8547.975425639695
2024-03-24 04:00:00+00:00,8491.677945063188
2024-03-24 08:00:00+00:00,8227.257268199854
2024-03-24 12:00:00+00:00,8267.889362876811
2024-03-24 16:00:00+00:00,8240.17412515833
2024-03-24 20:00:00+00:00,8154.504046020168
2024-03-25 00:00:00+00:00,8218.947001964889
2024-03-25 04:00:00+00:00,8178.804450597292
2024-03-25 08:00:00+00:00,8164.722294859177
2024-03-25 12:00:00+00:00,8164.722294859177
2024-03-25 16:00:00+00:00,8164.722294859177
2024-03-25 20:00:00+00:00,8164.722294859177
2024-03-26 00:00:00+00:00,8164.722294859177
2024-03-26 04:00:00+00:00,8164.722294859177
2024-03-26 08:00:00+00:00,8164.722294859177
2024-03-26 12:00:00+00:00,8164.722294859177
2024-03-26 16:00:00+00:00,8164.722294859177
2024-03-26 20:00:00+00:00,8164.722294859177
2024-03-27 00:00:00+00:00,8164.722294859177
2024-03-27 04:00:00+00:00,8164.722294859177
2024-03-27 08:00:00+00:00,8164.722294859177
2024-03-27 12:00:00+00:00,8164.722294859177
2024-03-27 16:00:00+00:00,8164.722294859177
2024-03-27 20:00:00+00:00,8080.62437242649
2024-03-28 00:00:00+00:00,8146.266973362793
2024-03-28 04:00:00+00:00,7893.752068751817
2024-03-28 08:00:00+00:00,7970.761023074547
2024-03-28 12:00:00+00:00,7988.193018461892
2024-03-28 16:00:00+00:00,7989.960693438576
2024-03-28 20:00:00+00:00,8033.291653401406
2024-03-29 00:00:00+00:00,8096.921285854747
2024-03-29 04:00:00+00:00,8233.388906887109
2024-03-29 08:00:00+00:00,8110.638557769507
2024-03-29 12:00:00+00:00,8254.577033967875
2024-03-29 16:00:00+00:00,8191.843752431269
2024-03-29 20:00:00+00:00,8161.960331767248
2024-03-30 00:00:00+00:00,8149.0068186543085
2024-03-30 04:00:00+00:00,8144.524305554707
2024-03-30 08:00:00+00:00,8009.948108596769
2024-03-30 12:00:00+00:00,8087.146945312155
2024-03-30 16:00:00+00:00,8126.9819466157605
2024-03-30 20:00:00+00:00,8190.235187021271
2024-03-31 00:00:00+00:00,8215.541161975862
2024-03-31 04:00:00+00:00,8000.878590205979
2024-03-31 08:00:00+00:00,8148.365686523968
2024-03-31 12:00:00+00:00,8178.249107187989
2024-03-31 16:00:00+00:00,8141.462012087892
2024-03-31 20:00:00+00:00,8100.621337180397
2024-04-01 00:00:00+00:00,8191.378418717115
2024-04-01 04:00:00+00:00,8374.16534177871
2024-04-01 08:00:00+00:00,8447.043434212075
2024-04-01 12:00:00+00:00,8674.157431258634
2024-04-01 16:00:00+00:00,8580.84195845329
2024-04-01 20:00:00+00:00,8585.82252856396
2024-04-02 00:00:00+00:00,8942.526096353478
2024-04-02 04:00:00+00:00,9044.129726611149
2024-04-02 08:00:00+00:00,9147.693022782441
2024-04-02 12:00:00+00:00,9206.463750088347
2024-04-02 16:00:00+00:00,9116.400663412185
2024-04-02 20:00:00+00:00,9186.626701972633
2024-04-03 00:00:00+00:00,9062.456801271092
2024-04-03 04:00:00+00:00,9040.044235773075
2024-04-03 08:00:00+00:00,9053.24832186634
2024-04-03 12:00:00+00:00,9142.400526847334
2024-04-03 16:00:00+00:00,9121.806024848443
2024-04-03 20:00:00+00:00,9035.64216193385
2024-04-04 00:00:00+00:00,9117.839398822382
2024-04-04 04:00:00+00:00,9073.01426782635
2024-04-04 08:00:00+00:00,9043.88822937012
2024-04-04 12:00:00+00:00,9026.456233982775
2024-04-04 16:00:00+00:00,9023.569580116713
2024-04-04 20:00:00+00:00,9140.612977717461
2024-04-05 00:00:00+00:00,9203.792295027142
2024-04-05 04:00:00+00:00,9285.473644842132
2024-04-05 08:00:00+00:00,9454.168191463335
2024-04-05 12:00:00+00:00,9250.462873936925
2024-04-05 16:00:00+00:00,9274.284283739453
2024-04-05 20:00:00+00:00,9275.280397761588
2024-04-06 00:00:00+00:00,9225.172924888073
2024-04-06 04:00:00+00:00,9168.394425626433
2024-04-06 08:00:00+00:00,9023.883413648924
2024-04-06 12:00:00+00:00,9065.222145567484
2024-04-06 16:00:00+00:00,9053.35102247215
2024-04-06 20:00:00+00:00,9010.518119520388
2024-04-07 00:00:00+00:00,8996.803952393424
2024-04-07 04:00:00+00:00,8996.803952393424
2024-04-07 08:00:00+00:00,8996.803952393424
2024-04-07 12:00:00+00:00,8996.803952393424
2024-04-07 16:00:00+00:00,8996.803952393424
2024-04-07 20:00:00+00:00,8996.803952393424
2024-04-08 00:00:00+00:00,8996.803952393424
2024-04-08 04:00:00+00:00,8996.803952393424
2024-04-08 08:00:00+00:00,8996.803952393424
2024-04-08 12:00:00+00:00,8996.803952393424
2024-04-08 16:00:00+00:00,8996.803952393424
2024-04-08 20:00:00+00:00,8996.803952393424
2024-04-09 00:00:00+00:00,8996.803952393424
2024-04-09 04:00:00+00:00,8996.803952393424
2024-04-09 08:00:00+00:00,8996.803952393424
2024-04-09 12:00:00+00:00,8996.803952393424
2024-04-09 16:00:00+00:00,8996.803952393424
2024-04-09 20:00:00+00:00,8996.803952393424
2024-04-10 00:00:00+00:00,8996.803952393424
2024-04-10 04:00:00+00:00,8996.803952393424
2024-04-10 08:00:00+00:00,9067.638352973103
2024-04-10 12:00:00+00:00,9143.11194481933
2024-04-10 16:00:00+00:00,9072.638589732116
2024-04-10 20:00:00+00:00,9062.900061751958
2024-04-11 00:00:00+00:00,9053.534034445178
2024-04-11 04:00:00+00:00,9019.449186514623
2024-04-11 08:00:00+00:00,9273.886241458536
2024-04-11 12:00:00+00:00,9283.624769438695
2024-04-11 16:00:00+00:00,9306.954761587402
2024-04-11 20:00:00+00:00,9361.12532347703
2024-04-12 00:00:00+00:00,9241.254474260384
2024-04-12 04:00:00+00:00,9395.244947946638
2024-04-12 08:00:00+00:00,9374.461034119433
2024-04-12 12:00:00+00:00,9641.053237576265
2024-04-12 16:00:00+00:00,11247.010074178139
2024-04-12 20:00:00+00:00,10865.381508955692
2024-04-13 00:00:00+00:00,10918.52548988314
2024-04-13 04:00:00+00:00,10954.436311809974
2024-04-13 08:00:00+00:00,10905.231425337426
2024-04-13 12:00:00+00:00,10998.964757146448
2024-04-13 16:00:00+00:00,11896.218493810533
2024-04-13 20:00:00+00:00,11730.663518147845
2024-04-14 00:00:00+00:00,11714.248559713487
2024-04-14 04:00:00+00:00,11176.194888809747
2024-04-14 08:00:00+00:00,11342.432778747047
2024-04-14 12:00:00+00:00,11109.31676522201
2024-04-14 16:00:00+00:00,11006.534514945426
2024-04-14 20:00:00+00:00,10830.632353303816
2024-04-15 00:00:00+00:00,11004.22689952754
2024-04-15 04:00:00+00:00,10492.345522570478
2024-04-15 08:00:00+00:00,10386.250992951886
2024-04-15 12:00:00+00:00,10654.060512406237
2024-04-15 16:00:00+00:00,10957.2988575182
2024-04-15 20:00:00+00:00,10996.252969438836
2024-04-16 00:00:00+00:00,11174.682339957093
2024-04-16 04:00:00+00:00,10994.519572324167
2024-04-16 08:00:00+00:00,11059.738737670488
2024-04-16 12:00:00+00:00,11294.680725191804
2024-04-16 16:00:00+00:00,11004.150322164849
2024-04-16 20:00:00+00:00,10988.325214197092
2024-04-17 00:00:00+00:00,11013.172351582809
2024-04-17 04:00:00+00:00,11041.779277524522
2024-04-17 08:00:00+00:00,11207.095870285599
2024-04-17 12:00:00+00:00,11359.260369975571
2024-04-17 16:00:00+00:00,11175.779857349195
2024-04-17 20:00:00+00:00,11283.512323129695
2024-04-18 00:00:00+00:00,11229.113374231381
2024-04-18 04:00:00+00:00,11225.461426238824
2024-04-18 08:00:00+00:00,11033.337219585175
2024-04-18 12:00:00+00:00,11008.38224163602
2024-04-18 16:00:00+00:00,11040.679139744094
2024-04-18 20:00:00+00:00,11084.502515654805
2024-04-19 00:00:00+00:00,11351.658954084625
2024-04-19 04:00:00+00:00,11047.32995470468
2024-04-19 08:00:00+00:00,11040.722424335945
2024-04-19 12:00:00+00:00,11080.8938522541
2024-04-19 16:00:00+00:00,11065.15322601657
2024-04-19 20:00:00+00:00,11202.101275737543
2024-04-20 00:00:00+00:00,11163.031297269983
2024-04-20 04:00:00+00:00,11089.383679420036
2024-04-20 08:00:00+00:00,11136.12212315415
2024-04-20 12:00:00+00:00,11122.976327696933
2024-04-20 16:00:00+00:00,11122.976327696933
2024-04-20 20:00:00+00:00,11122.976327696933
2024-04-21 00:00:00+00:00,11122.976327696933
2024-04-21 04:00:00+00:00,11122.976327696933
2024-04-21 08:00:00+00:00,11122.976327696933
2024-04-21 12:00:00+00:00,11122.976327696933
2024-04-21 16:00:00+00:00,11122.976327696933
2024-04-21 20:00:00+00:00,11122.976327696933
2024-04-22 00:00:00+00:00,11122.976327696933
2024-04-22 04:00:00+00:00,11122.976327696933
2024-04-22 08:00:00+00:00,11122.976327696933
2024-04-22 12:00:00+00:00,11122.976327696933
2024-04-22 16:00:00+00:00,11122.976327696933
2024-04-22 20:00:00+00:00,11122.976327696933
2024-04-23 00:00:00+00:00,11122.976327696933
2024-04-23 04:00:00+00:00,11122.976327696933
2024-04-23 08:00:00+00:00,11122.976327696933
2024-04-23 12:00:00+00:00,11122.976327696933
2024-04-23 16:00:00+00:00,11122.976327696933
2024-04-23 20:00:00+00:00,11122.976327696933
2024-04-24 00:00:00+00:00,11122.976327696933
2024-04-24 04:00:00+00:00,11122.976327696933
2024-04-24 08:00:00+00:00,11122.976327696933
2024-04-24 12:00:00+00:00,11122.976327696933
2024-04-24 16:00:00+00:00,11143.115760777197
2024-04-24 20:00:00+00:00,11242.776845593788
2024-04-25 00:00:00+00:00,11400.620254767207
2024-04-25 04:00:00+00:00,11413.44791914954
2024-04-25 08:00:00+00:00,11570.036427962772
2024-04-25 12:00:00+00:00,11373.674488571667
2024-04-25 16:00:00+00:00,11372.537250209714
2024-04-25 20:00:00+00:00,11501.800637447075
2024-04-26 00:00:00+00:00,11602.888141807814
2024-04-26 04:00:00+00:00,11607.821858877942
2024-04-26 08:00:00+00:00,11690.84543051692
2024-04-26 12:00:00+00:00,11706.63332514133
2024-04-26 16:00:00+00:00,11698.062943589397
2024-04-26 20:00:00+00:00,11741.479653806526
2024-04-27 00:00:00+00:00,11860.463741041347
2024-04-27 04:00:00+00:00,11911.774398570678
2024-04-27 08:00:00+00:00,11973.875419181573
2024-04-27 12:00:00+00:00,11938.35265627665
2024-04-27 16:00:00+00:00,11357.20509019483
2024-04-27 20:00:00+00:00,11149.002229835414
2024-04-28 00:00:00+00:00,10708.153876127368
2024-04-28 04:00:00+00:00,10708.153876127368
2024-04-28 08:00:00+00:00,10708.153876127368
2024-04-28 12:00:00+00:00,10708.153876127368
2024-04-28 16:00:00+00:00,10708.153876127368
2024-04-28 20:00:00+00:00,10708.153876127368
2024-04-29 00:00:00+00:00,10708.153876127368
2024-04-29 04:00:00+00:00,10708.153876127368
2024-04-29 08:00:00+00:00,10744.451562457687
2024-04-29 12:00:00+00:00,10645.150204064208
2024-04-29 16:00:00+00:00,10780.23426797132
2024-04-29 20:00:00+00:00,10705.251609592573
2024-04-30 00:00:00+00:00,10883.503480496265
2024-04-30 04:00:00+00:00,10910.862018012838
2024-04-30 08:00:00+00:00,11291.892374911535
2024-04-30 12:00:00+00:00,11366.875033290284
2024-04-30 16:00:00+00:00,11492.826317949328
2024-04-30 20:00:00+00:00,11064.209230189723
2024-05-01 00:00:00+00:00,11058.876915549661
2024-05-01 04:00:00+00:00,11352.727874060975
2024-05-01 08:00:00+00:00,11089.211787430442
2024-05-01 12:00:00+00:00,11135.822629125343
2024-05-01 16:00:00+00:00,11097.332713316611
2024-05-01 20:00:00+00:00,10990.938400752171
2024-05-02 00:00:00+00:00,11150.05271643896
2024-05-02 04:00:00+00:00,11204.769791472101
2024-05-02 08:00:00+00:00,10946.002970765467
2024-05-02 12:00:00+00:00,10933.843620758103
2024-05-02 16:00:00+00:00,11010.594686607712
2024-05-02 20:00:00+00:00,11000.461894934906
2024-05-03 00:00:00+00:00,10874.683321480708
2024-05-03 04:00:00+00:00,11081.392271605908
2024-05-03 08:00:00+00:00,11090.424626640406
2024-05-03 12:00:00+00:00,10662.820818048081
2024-05-03 16:00:00+00:00,10656.803561041104
2024-05-03 20:00:00+00:00,10636.288711020346
2024-05-04 00:00:00+00:00,10636.288711020346
2024-05-04 04:00:00+00:00,10636.288711020346
2024-05-04 08:00:00+00:00,10636.288711020346
2024-05-04 12:00:00+00:00,10636.288711020346
2024-05-04 16:00:00+00:00,10636.288711020346
2024-05-04 20:00:00+00:00,10636.288711020346
2024-05-05 00:00:00+00:00,10636.288711020346
2024-05-05 04:00:00+00:00,10636.288711020346
2024-05-05 08:00:00+00:00,10636.288711020346
2024-05-05 12:00:00+00:00,10636.288711020346
2024-05-05 16:00:00+00:00,10636.288711020346
2024-05-05 20:00:00+00:00,10636.288711020346
2024-05-06 00:00:00+00:00,10636.288711020346
2024-05-06 04:00:00+00:00,10636.288711020346
2024-05-06 08:00:00+00:00,10636.288711020346
2024-05-06 12:00:00+00:00,10636.288711020346
2024-05-06 16:00:00+00:00,10636.288711020346
2024-05-06 20:00:00+00:00,10636.288711020346
2024-05-07 00:00:00+00:00,10636.288711020346
2024-05-07 04:00:00+00:00,10636.288711020346
2024-05-07 08:00:00+00:00,10636.288711020346
2024-05-07 12:00:00+00:00,10636.288711020346
2024-05-07 16:00:00+00:00,10636.288711020346
2024-05-07 20:00:00+00:00,10882.604763011273
2024-05-08 00:00:00+00:00,10848.16234325444
2024-05-08 04:00:00+00:00,10988.06050180123
2024-05-08 08:00:00+00:00,10979.642338741409
2024-05-08 12:00:00+00:00,10800.20774408357
2024-05-08 16:00:00+00:00,10803.895261252428
2024-05-08 20:00:00+00:00,10854.582999856337
2024-05-09 00:00:00+00:00,10826.226048620814
2024-05-09 04:00:00+00:00,10944.835356953963
2024-05-09 08:00:00+00:00,11018.858716656341
2024-05-09 12:00:00+00:00,10862.7404817563
2024-05-09 16:00:00+00:00,10825.259027943732
2024-05-09 20:00:00+00:00,10727.938569824224
2024-05-10 00:00:00+00:00,10758.392270054837
2024-05-10 04:00:00+00:00,10644.85173558208
2024-05-10 08:00:00+00:00,10644.901409565913
2024-05-10 12:00:00+00:00,11058.513356573816
2024-05-10 16:00:00+00:00,11189.296034961037
2024-05-10 20:00:00+00:00,11198.41982790974
2024-05-11 00:00:00+00:00,11159.356530260096
2024-05-11 04:00:00+00:00,11113.737565516578
2024-05-11 08:00:00+00:00,11211.060963524924
2024-05-11 12:00:00+00:00,11079.272843154758
2024-05-11 16:00:00+00:00,11063.059153456572
2024-05-11 20:00:00+00:00,11144.159535222827
2024-05-12 00:00:00+00:00,11134.02208887752
2024-05-12 04:00:00+00:00,11183.696072709354
2024-05-12 08:00:00+00:00,11121.830252631475
2024-05-12 12:00:00+00:00,11069.115004483407
2024-05-12 16:00:00+00:00,11188.74597487586
2024-05-12 20:00:00+00:00,11179.622181927154
2024-05-13 00:00:00+00:00,11503.528952544795
2024-05-13 04:00:00+00:00,11223.732635451213
2024-05-13 08:00:00+00:00,11226.560317370446
2024-05-13 12:00:00+00:00,11217.436524421742
2024-05-13 16:00:00+00:00,11269.113603794993
2024-05-13 20:00:00+00:00,11342.103947384623
2024-05-14 00:00:00+00:00,11349.906293642578
2024-05-14 04:00:00+00:00,11382.346446349082
2024-05-14 08:00:00+00:00,11471.533854058638
2024-05-14 12:00:00+00:00,11574.936840810613
2024-05-14 16:00:00+00:00,11753.631638394236
2024-05-14 20:00:00+00:00,11812.429415174773
2024-05-15 00:00:00+00:00,11704.869778147771
2024-05-15 04:00:00+00:00,11754.543761979603
2024-05-15 08:00:00+00:00,11820.60871429393
2024-05-15 12:00:00+00:00,11352.254009593804
2024-05-15 16:00:00+00:00,11210.120709826093
2024-05-15 20:00:00+00:00,11222.285767091033
2024-05-16 00:00:00+00:00,11244.449869209724
2024-05-16 04:00:00+00:00,11194.775885377892
2024-05-16 08:00:00+00:00,11176.605344843163
2024-05-16 12:00:00+00:00,11176.605344843163
2024-05-16 16:00:00+00:00,11088.030353790275
2024-05-16 20:00:00+00:00,11079.90335571223
2024-05-17 00:00:00+00:00,11003.243704841481
2024-05-17 04:00:00+00:00,10668.612417431048
2024-05-17 08:00:00+00:00,10668.612417431048
2024-05-17 12:00:00+00:00,10668.612417431048
2024-05-17 16:00:00+00:00,10668.612417431048
2024-05-17 20:00:00+00:00,10668.612417431048
2024-05-18 00:00:00+00:00,10668.612417431048
2024-05-18 04:00:00+00:00,10668.612417431048
2024-05-18 08:00:00+00:00,10668.612417431048
2024-05-18 12:00:00+00:00,10668.612417431048
2024-05-18 16:00:00+00:00,10668.612417431048
2024-05-18 20:00:00+00:00,10668.612417431048
2024-05-19 00:00:00+00:00,10668.612417431048
2024-05-19 04:00:00+00:00,10668.612417431048
2024-05-19 08:00:00+00:00,10668.612417431048
2024-05-19 12:00:00+00:00,10668.612417431048
2024-05-19 16:00:00+00:00,10668.612417431048
2024-05-19 20:00:00+00:00,10676.871967937766
2024-05-20 00:00:00+00:00,10704.39071118839
2024-05-20 04:00:00+00:00,10620.960908090228
2024-05-20 08:00:00+00:00,10649.90272375636
2024-05-20 12:00:00+00:00,10542.322188182414
2024-05-20 16:00:00+00:00,10202.359014783253
2024-05-20 20:00:00+00:00,10202.359014783253
2024-05-21 00:00:00+00:00,10202.359014783253
2024-05-21 04:00:00+00:00,10202.359014783253
2024-05-21 08:00:00+00:00,10202.359014783253
2024-05-21 12:00:00+00:00,10202.359014783253
2024-05-21 16:00:00+00:00,10202.359014783253
2024-05-21 20:00:00+00:00,10202.359014783253
2024-05-22 00:00:00+00:00,10202.359014783253
2024-05-22 04:00:00+00:00,10202.359014783253
2024-05-22 08:00:00+00:00,10202.359014783253
2024-05-22 12:00:00+00:00,10202.359014783253
2024-05-22 16:00:00+00:00,10202.359014783253
2024-05-22 20:00:00+00:00,10202.359014783253
2024-05-23 00:00:00+00:00,10202.359014783253
2024-05-23 04:00:00+00:00,10202.359014783253
2024-05-23 08:00:00+00:00,10202.359014783253
2024-05-23 12:00:00+00:00,10202.359014783253
2024-05-23 16:00:00+00:00,10202.359014783253
2024-05-23 20:00:00+00:00,10202.359014783253
2024-05-24 00:00:00+00:00,10202.359014783253
2024-05-24 04:00:00+00:00,10202.359014783253
2024-05-24 08:00:00+00:00,10202.359014783253
2024-05-24 12:00:00+00:00,10202.359014783253
2024-05-24 16:00:00+00:00,10202.359014783253
2024-05-24 20:00:00+00:00,10202.359014783253
2024-05-25 00:00:00+00:00,10202.359014783253
2024-05-25 04:00:00+00:00,10202.359014783253
2024-05-25 08:00:00+00:00,10202.359014783253
2024-05-25 12:00:00+00:00,10202.359014783253
2024-05-25 16:00:00+00:00,10202.359014783253
2024-05-25 20:00:00+00:00,10202.359014783253
2024-05-26 00:00:00+00:00,10202.359014783253
2024-05-26 04:00:00+00:00,10202.359014783253
2024-05-26 08:00:00+00:00,10202.359014783253
2024-05-26 12:00:00+00:00,10202.359014783253
2024-05-26 16:00:00+00:00,10202.359014783253
2024-05-26 20:00:00+00:00,10202.359014783253
2024-05-27 00:00:00+00:00,10202.359014783253
2024-05-27 04:00:00+00:00,10202.359014783253
2024-05-27 08:00:00+00:00,10202.359014783253
2024-05-27 12:00:00+00:00,10202.359014783253
2024-05-27 16:00:00+00:00,10202.359014783253
2024-05-27 20:00:00+00:00,10202.359014783253
2024-05-28 00:00:00+00:00,10202.359014783253
2024-05-28 04:00:00+00:00,10202.359014783253
2024-05-28 08:00:00+00:00,10202.359014783253
2024-05-28 12:00:00+00:00,10202.359014783253
2024-05-28 16:00:00+00:00,10202.359014783253
2024-05-28 20:00:00+00:00,10202.359014783253
2024-05-29 00:00:00+00:00,10202.359014783253
2024-05-29 04:00:00+00:00,10202.359014783253
2024-05-29 08:00:00+00:00,10196.667432074673
2024-05-29 12:00:00+00:00,10390.205544916085
2024-05-29 16:00:00+00:00,10399.44937658917
2024-05-29 20:00:00+00:00,10498.388142795095
2024-05-30 00:00:00+00:00,10404.719211804008
2024-05-30 04:00:00+00:00,10714.553769133085
2024-05-30 08:00:00+00:00,10576.102356755959
2024-05-30 12:00:00+00:00,10483.238777948645
2024-05-30 16:00:00+00:00,10519.880371806556
2024-05-30 20:00:00+00:00,10611.876066699782
2024-05-31 00:00:00+00:00,10542.286485443568
2024-05-31 04:00:00+00:00,10640.357367735405
2024-05-31 08:00:00+00:00,10456.943299622693
2024-05-31 12:00:00+00:00,10676.517929886713
2024-05-31 16:00:00+00:00,10615.998040402972
2024-05-31 20:00:00+00:00,10694.975476584892
2024-06-01 00:00:00+00:00,10621.333151944218
2024-06-01 04:00:00+00:00,10669.066767219005
2024-06-01 08:00:00+00:00,10671.843824111362
2024-06-01 12:00:00+00:00,10626.713860578833
2024-06-01 16:00:00+00:00,10620.750022686403
2024-06-01 20:00:00+00:00,10576.487943067963
2024-06-02 00:00:00+00:00,10607.72003848155
2024-06-02 04:00:00+00:00,10696.244197718428
2024-06-02 08:00:00+00:00,10660.951318001951
2024-06-02 12:00:00+00:00,10663.554969744213
2024-06-02 16:00:00+00:00,10796.339051491423
2024-06-02 20:00:00+00:00,10761.623694927941
2024-06-03 00:00:00+00:00,10683.193620667818
2024-06-03 04:00:00+00:00,10596.405229259115
2024-06-03 08:00:00+00:00,10639.896297679943
2024-06-03 12:00:00+00:00,10642.499949422205
2024-06-03 16:00:00+00:00,10749.68277221431
2024-06-03 20:00:00+00:00,10832.13174405258
2024-06-04 00:00:00+00:00,10798.376180309686
2024-06-04 04:00:00+00:00,10906.861669570566
2024-06-04 08:00:00+00:00,11048.793076608184
2024-06-04 12:00:00+00:00,10837.029401570946
2024-06-04 16:00:00+00:00,10844.897822585493
2024-06-04 20:00:00+00:00,10813.65400167836
2024-06-05 00:00:00+00:00,10753.908050591097
2024-06-05 04:00:00+00:00,10670.59119483874
2024-06-05 08:00:00+00:00,10790.745057868053
2024-06-05 12:00:00+00:00,10724.785880397438
2024-06-05 16:00:00+00:00,10604.672110801692
2024-06-05 20:00:00+00:00,10677.574359585002
2024-06-06 00:00:00+00:00,10660.817813927633
2024-06-06 04:00:00+00:00,10696.899979166572
2024-06-06 08:00:00+00:00,10699.033367336177
2024-06-06 12:00:00+00:00,10716.26732621483
2024-06-06 16:00:00+00:00,10922.705318709097
2024-06-06 20:00:00+00:00,10897.811822551046
2024-06-07 00:00:00+00:00,10920.40731381321
2024-06-07 04:00:00+00:00,10855.301246938305
2024-06-07 08:00:00+00:00,10780.876801859302
2024-06-07 12:00:00+00:00,10840.238215774658
2024-06-07 16:00:00+00:00,11984.221106389885
2024-06-07 20:00:00+00:00,11770.711504726589
2024-06-08 00:00:00+00:00,11746.774110309436
2024-06-08 04:00:00+00:00,11750.603878949138
2024-06-08 08:00:00+00:00,12054.113713854902
2024-06-08 12:00:00+00:00,12079.007210012955
2024-06-08 16:00:00+00:00,12117.2728220976
2024-06-08 20:00:00+00:00,12067.485829781497
2024-06-09 00:00:00+00:00,12111.497339500502
2024-06-09 04:00:00+00:00,12001.391491109118
2024-06-09 08:00:00+00:00,11999.452574991054
2024-06-09 12:00:00+00:00,11983.176058272327
2024-06-09 16:00:00+00:00,11919.005220899235
2024-06-09 20:00:00+00:00,11961.13267593594
2024-06-10 00:00:00+00:00,12094.197317112814
2024-06-10 04:00:00+00:00,12256.962484300078
2024-06-10 08:00:00+00:00,12082.65860717826
2024-06-10 12:00:00+00:00,11964.893221507475
2024-06-10 16:00:00+00:00,12152.53187431165
2024-06-10 20:00:00+00:00,12148.70210567195
2024-06-11 00:00:00+00:00,12254.939791993022
2024-06-11 04:00:00+00:00,12315.258648068302
2024-06-11 08:00:00+00:00,12373.607662643753
2024-06-11 12:00:00+00:00,12481.798626715288
2024-06-11 16:00:00+00:00,12379.280890418171
2024-06-11 20:00:00+00:00,12366.834142339145
2024-06-12 00:00:00+00:00,12341.880806046096
2024-06-12 04:00:00+00:00,12328.476615807145
2024-06-12 08:00:00+00:00,12286.293246148301
2024-06-12 12:00:00+00:00,11898.529171378641
2024-06-12 16:00:00+00:00,12178.089452351824
2024-06-12 20:00:00+00:00,12026.813591083659
2024-06-13 00:00:00+00:00,12246.042186256618
2024-06-13 04:00:00+00:00,12291.999409933023
2024-06-13 08:00:00+00:00,12357.053487698644
2024-06-13 12:00:00+00:00,12480.563526328979
2024-06-13 16:00:00+00:00,12272.727726905403
2024-06-13 20:00:00+00:00,12378.046364497162
2024-06-14 00:00:00+00:00,12361.709337433931
2024-06-14 04:00:00+00:00,12265.007679281496
2024-06-14 08:00:00+00:00,12272.61819552231
2024-06-14 12:00:00+00:00,12471.766164786728
2024-06-14 16:00:00+00:00,12799.141777436083
2024-06-14 20:00:00+00:00,12619.142651370166
2024-06-15 00:00:00+00:00,12553.952425329402
2024-06-15 04:00:00+00:00,12462.99542013652
2024-06-15 08:00:00+00:00,12522.288281193223
2024-06-15 12:00:00+00:00,12448.565234878992
2024-06-15 16:00:00+00:00,12516.476607282477
2024-06-15 20:00:00+00:00,12526.051028881728
2024-06-16 00:00:00+00:00,12646.614060543816
2024-06-16 04:00:00+00:00,12594.91218390786
2024-06-16 08:00:00+00:00,12579.228132397697
2024-06-16 12:00:00+00:00,12579.228132397697
2024-06-16 16:00:00+00:00,12579.228132397697
2024-06-16 20:00:00+00:00,12579.228132397697
2024-06-17 00:00:00+00:00,12579.228132397697
2024-06-17 04:00:00+00:00,12579.228132397697
2024-06-17 08:00:00+00:00,12579.228132397697
2024-06-17 12:00:00+00:00,12579.228132397697
2024-06-17 16:00:00+00:00,12579.228132397697
2024-06-17 20:00:00+00:00,12579.228132397697
2024-06-18 00:00:00+00:00,12579.228132397697
2024-06-18 04:00:00+00:00,12579.228132397697
2024-06-18 08:00:00+00:00,12579.228132397697
2024-06-18 12:00:00+00:00,12579.228132397697
2024-06-18 16:00:00+00:00,12579.228132397697
2024-06-18 20:00:00+00:00,12579.228132397697
2024-06-19 00:00:00+00:00,12579.228132397697
2024-06-19 04:00:00+00:00,12579.228132397697
2024-06-19 08:00:00+00:00,12579.228132397697
2024-06-19 12:00:00+00:00,12579.228132397697
2024-06-19 16:00:00+00:00,12579.228132397697
2024-06-19 20:00:00+00:00,12579.228132397697
2024-06-20 00:00:00+00:00,12579.228132397697
2024-06-20 04:00:00+00:00,12579.228132397697
2024-06-20 08:00:00+00:00,12579.228132397697
2024-06-20 12:00:00+00:00,12579.228132397697
2024-06-20 16:00:00+00:00,12579.228132397697
2024-06-20 20:00:00+00:00,12579.228132397697
2024-06-21 00:00:00+00:00,12579.228132397697
2024-06-21 04:00:00+00:00,12579.228132397697
2024-06-21 08:00:00+00:00,12579.228132397697
2024-06-21 12:00:00+00:00,12579.228132397697
2024-06-21 16:00:00+00:00,12579.228132397697
2024-06-21 20:00:00+00:00,12579.228132397697
2024-06-22 00:00:00+00:00,12579.228132397697
2024-06-22 04:00:00+00:00,12579.228132397697
2024-06-22 08:00:00+00:00,12579.228132397697
2024-06-22 12:00:00+00:00,12579.228132397697
2024-06-22 16:00:00+00:00,12579.228132397697
2024-06-22 20:00:00+00:00,12579.228132397697
2024-06-23 00:00:00+00:00,12579.228132397697
2024-06-23 04:00:00+00:00,12579.228132397697
2024-06-23 08:00:00+00:00,12579.228132397697
2024-06-23 12:00:00+00:00,12579.228132397697
2024-06-23 16:00:00+00:00,12579.228132397697
2024-06-23 20:00:00+00:00,12579.228132397697
2024-06-24 00:00:00+00:00,12579.228132397697
2024-06-24 04:00:00+00:00,12579.228132397697
2024-06-24 08:00:00+00:00,12579.228132397697
2024-06-24 12:00:00+00:00,12579.228132397697
2024-06-24 16:00:00+00:00,12579.228132397697
2024-06-24 20:00:00+00:00,12579.228132397697
2024-06-25 00:00:00+00:00,12579.228132397697
2024-06-25 04:00:00+00:00,12579.228132397697
2024-06-25 08:00:00+00:00,12579.228132397697
2024-06-25 12:00:00+00:00,12579.228132397697
2024-06-25 16:00:00+00:00,12579.228132397697
2024-06-25 20:00:00+00:00,12579.228132397697
2024-06-26 00:00:00+00:00,12579.228132397697
2024-06-26 04:00:00+00:00,12579.228132397697
2024-06-26 08:00:00+00:00,12579.228132397697
2024-06-26 12:00:00+00:00,12579.228132397697
2024-06-26 16:00:00+00:00,12579.228132397697
2024-06-26 20:00:00+00:00,12579.228132397697
2024-06-27 00:00:00+00:00,12579.228132397697
2024-06-27 04:00:00+00:00,12579.228132397697
2024-06-27 08:00:00+00:00,12579.228132397697
2024-06-27 12:00:00+00:00,12579.228132397697
2024-06-27 16:00:00+00:00,12579.228132397697
2024-06-27 20:00:00+00:00,12579.228132397697
2024-06-28 00:00:00+00:00,12579.228132397697
2024-06-28 04:00:00+00:00,12579.228132397697
2024-06-28 08:00:00+00:00,12579.228132397697
2024-06-28 12:00:00+00:00,12579.228132397697
2024-06-28 16:00:00+00:00,12579.228132397697
2024-06-28 20:00:00+00:00,12579.228132397697
2024-06-29 00:00:00+00:00,12425.012511162327
2024-06-29 04:00:00+00:00,12418.64180759578
2024-06-29 08:00:00+00:00,12431.064361015366
2024-06-29 12:00:00+00:00,12494.771396680822
2024-06-29 16:00:00+00:00,12617.081260314219
2024-06-29 20:00:00+00:00,12749.27335932004
2024-06-30 00:00:00+00:00,12807.017044175147
2024-06-30 04:00:00+00:00,12642.971427336595
2024-06-30 08:00:00+00:00,12690.180537048825
2024-06-30 12:00:00+00:00,12636.029556733189
2024-06-30 16:00:00+00:00,12558.084903554944
2024-06-30 20:00:00+00:00,12397.224638499667
2024-07-01 00:00:00+00:00,12264.39215477866
2024-07-01 04:00:00+00:00,12315.357783311025
2024-07-01 08:00:00+00:00,12540.56132275677
2024-07-01 12:00:00+00:00,12626.565820905134
2024-07-01 16:00:00+00:00,12509.961559385938
2024-07-01 20:00:00+00:00,12752.048294914672
2024-07-02 00:00:00+00:00,12725.878232018556
2024-07-02 04:00:00+00:00,12834.180192649832
2024-07-02 08:00:00+00:00,12739.85284809454
2024-07-02 12:00:00+00:00,12776.484393602177
2024-07-02 16:00:00+00:00,12729.943218696779
2024-07-02 20:00:00+00:00,12693.311673189142
2024-07-03 00:00:00+00:00,12909.570302318387
2024-07-03 04:00:00+00:00,12837.89988719475
2024-07-03 08:00:00+00:00,12910.80351126128
2024-07-03 12:00:00+00:00,12896.469428236553
2024-07-03 16:00:00+00:00,13135.00561140006
2024-07-03 20:00:00+00:00,13004.406188285875
2024-07-04 00:00:00+00:00,13379.901986469229
2024-07-04 04:00:00+00:00,13588.542528273598
2024-07-04 08:00:00+00:00,13693.224814405952
2024-07-04 12:00:00+00:00,13741.005091155044
2024-07-04 16:00:00+00:00,13866.359584642141
2024-07-04 20:00:00+00:00,14364.867138724336
2024-07-05 00:00:00+00:00,15779.809508985301
2024-07-05 04:00:00+00:00,15606.207836796933
2024-07-05 08:00:00+00:00,15313.401531859865
2024-07-05 12:00:00+00:00,15197.136191770409
2024-07-05 16:00:00+00:00,15252.141168164126
2024-07-05 20:00:00+00:00,15263.289899405581
2024-07-06 00:00:00+00:00,15308.530044928395
2024-07-06 04:00:00+00:00,15157.225835222936
2024-07-06 08:00:00+00:00,15076.90914879201
2024-07-06 12:00:00+00:00,14645.293982158544
2024-07-06 16:00:00+00:00,14180.8185706855
2024-07-06 20:00:00+00:00,14142.594349286226
2024-07-07 00:00:00+00:00,14107.066209636312
2024-07-07 04:00:00+00:00,14306.150696090865
2024-07-07 08:00:00+00:00,14216.455171563628
2024-07-07 12:00:00+00:00,14447.393175850908
2024-07-07 16:00:00+00:00,14434.132237841965
2024-07-07 20:00:00+00:00,14824.337831292883
2024-07-08 00:00:00+00:00,15194.74444061682
2024-07-08 04:00:00+00:00,15103.961914793545
2024-07-08 08:00:00+00:00,14418.565835511243
2024-07-08 12:00:00+00:00,14792.844670045799
2024-07-08 16:00:00+00:00,14667.683915292231
2024-07-08 20:00:00+00:00,14554.603926986047
2024-07-09 00:00:00+00:00,14440.504892547966
2024-07-09 04:00:00+00:00,14419.022880121573
2024-07-09 08:00:00+00:00,14419.022880121573
2024-07-09 12:00:00+00:00,14419.022880121573
2024-07-09 16:00:00+00:00,14419.022880121573
2024-07-09 20:00:00+00:00,14419.022880121573
2024-07-10 00:00:00+00:00,14419.022880121573
2024-07-10 04:00:00+00:00,14419.022880121573
2024-07-10 08:00:00+00:00,14419.022880121573
2024-07-10 12:00:00+00:00,14419.022880121573
2024-07-10 16:00:00+00:00,14419.022880121573
2024-07-10 20:00:00+00:00,14419.022880121573
2024-07-11 00:00:00+00:00,14419.022880121573
2024-07-11 04:00:00+00:00,14419.022880121573
2024-07-11 08:00:00+00:00,14419.022880121573
2024-07-11 12:00:00+00:00,14419.022880121573
2024-07-11 16:00:00+00:00,14419.022880121573
2024-07-11 20:00:00+00:00,14419.022880121573
2024-07-12 00:00:00+00:00,14419.022880121573
2024-07-12 04:00:00+00:00,14419.022880121573
2024-07-12 08:00:00+00:00,14419.022880121573
2024-07-12 12:00:00+00:00,14419.022880121573
2024-07-12 16:00:00+00:00,14419.022880121573
2024-07-12 20:00:00+00:00,14419.022880121573
2024-07-13 00:00:00+00:00,14419.022880121573
2024-07-13 04:00:00+00:00,14419.022880121573
2024-07-13 08:00:00+00:00,14419.022880121573
2024-07-13 12:00:00+00:00,14419.022880121573
2024-07-13 16:00:00+00:00,14419.022880121573
2024-07-13 20:00:00+00:00,14419.022880121573
2024-07-14 00:00:00+00:00,14419.022880121573
2024-07-14 04:00:00+00:00,14419.022880121573
2024-07-14 08:00:00+00:00,14419.022880121573
2024-07-14 12:00:00+00:00,14419.022880121573
2024-07-14 16:00:00+00:00,14419.022880121573
2024-07-14 20:00:00+00:00,14419.022880121573
2024-07-15 00:00:00+00:00,14419.022880121573
2024-07-15 04:00:00+00:00,14419.022880121573
2024-07-15 08:00:00+00:00,14419.022880121573
2024-07-15 12:00:00+00:00,14419.022880121573
2024-07-15 16:00:00+00:00,14419.022880121573
2024-07-15 20:00:00+00:00,14419.022880121573
2024-07-16 00:00:00+00:00,14419.022880121573
2024-07-16 04:00:00+00:00,14419.022880121573
2024-07-16 08:00:00+00:00,14419.022880121573
2024-07-16 12:00:00+00:00,14419.022880121573
2024-07-16 16:00:00+00:00,14419.022880121573
2024-07-16 20:00:00+00:00,14419.022880121573
2024-07-17 00:00:00+00:00,14419.022880121573
2024-07-17 04:00:00+00:00,14419.022880121573
2024-07-17 08:00:00+00:00,14419.022880121573
2024-07-17 12:00:00+00:00,14419.022880121573
2024-07-17 16:00:00+00:00,14419.022880121573
2024-07-17 20:00:00+00:00,14419.022880121573
2024-07-18 00:00:00+00:00,14419.022880121573
2024-07-18 04:00:00+00:00,14419.022880121573
2024-07-18 08:00:00+00:00,14419.022880121573
2024-07-18 12:00:00+00:00,14419.022880121573
2024-07-18 16:00:00+00:00,14419.022880121573
2024-07-18 20:00:00+00:00,14419.022880121573
2024-07-19 00:00:00+00:00,14419.022880121573
2024-07-19 04:00:00+00:00,14419.022880121573
2024-07-19 08:00:00+00:00,14419.022880121573
2024-07-19 12:00:00+00:00,14047.628697065906
2024-07-19 16:00:00+00:00,13635.694405194961
2024-07-19 20:00:00+00:00,13635.694405194961
2024-07-20 00:00:00+00:00,13635.694405194961
2024-07-20 04:00:00+00:00,13635.694405194961
2024-07-20 08:00:00+00:00,13635.694405194961
2024-07-20 12:00:00+00:00,13635.694405194961
2024-07-20 16:00:00+00:00,13635.694405194961
2024-07-20 20:00:00+00:00,13635.694405194961
2024-07-21 00:00:00+00:00,13635.694405194961
2024-07-21 04:00:00+00:00,13635.694405194961
2024-07-21 08:00:00+00:00,13635.694405194961
2024-07-21 12:00:00+00:00,13635.694405194961
2024-07-21 16:00:00+00:00,13635.694405194961
2024-07-21 20:00:00+00:00,13635.694405194961
2024-07-22 00:00:00+00:00,13635.694405194961
2024-07-22 04:00:00+00:00,13635.694405194961
2024-07-22 08:00:00+00:00,13635.694405194961
2024-07-22 12:00:00+00:00,13635.694405194961
2024-07-22 16:00:00+00:00,13635.694405194961
2024-07-22 20:00:00+00:00,13635.694405194961
2024-07-23 00:00:00+00:00,13635.694405194961
2024-07-23 04:00:00+00:00,13635.694405194961
2024-07-23 08:00:00+00:00,13635.694405194961
2024-07-23 12:00:00+00:00,13635.694405194961
2024-07-23 16:00:00+00:00,13635.694405194961
2024-07-23 20:00:00+00:00,13635.694405194961
2024-07-24 00:00:00+00:00,13635.694405194961
2024-07-24 04:00:00+00:00,13635.694405194961
2024-07-24 08:00:00+00:00,13635.694405194961
2024-07-24 12:00:00+00:00,13635.694405194961
2024-07-24 16:00:00+00:00,13635.694405194961
2024-07-24 20:00:00+00:00,13869.514494411167
2024-07-25 00:00:00+00:00,14573.421897630018
2024-07-25 04:00:00+00:00,14513.575909480178
2024-07-25 08:00:00+00:00,14640.373610701437
2024-07-25 12:00:00+00:00,14653.068214248373
2024-07-25 16:00:00+00:00,14897.28370686121
2024-07-25 20:00:00+00:00,14612.56188445138
2024-07-26 00:00:00+00:00,14290.196983662252
2024-07-26 04:00:00+00:00,14141.488770683867
2024-07-26 08:00:00+00:00,14175.44465895417
2024-07-26 12:00:00+00:00,14211.714954802555
2024-07-26 16:00:00+00:00,14115.090705310975
2024-07-26 20:00:00+00:00,14100.582586971623
2024-07-27 00:00:00+00:00,14185.321241865166
2024-07-27 04:00:00+00:00,14031.172484509525
2024-07-27 08:00:00+00:00,14056.07222396092
2024-07-27 12:00:00+00:00,14110.4776677335
2024-07-27 16:00:00+00:00,14186.14820461051
2024-07-27 20:00:00+00:00,14207.91038211954
2024-07-28 00:00:00+00:00,14270.876522469738
2024-07-28 04:00:00+00:00,14312.587362695382
2024-07-28 08:00:00+00:00,14212.326653342043
2024-07-28 12:00:00+00:00,14284.867245038815
2024-07-28 16:00:00+00:00,14320.62322809207
2024-07-28 20:00:00+00:00,14362.334068317714
2024-07-29 00:00:00+00:00,14070.840852140584
2024-07-29 04:00:00+00:00,14050.89218942397
2024-07-29 08:00:00+00:00,14142.890888086005
2024-07-29 12:00:00+00:00,14394.96944423229
2024-07-29 16:00:00+00:00,14437.96860536647
2024-07-29 20:00:00+00:00,14521.390285817759
2024-07-30 00:00:00+00:00,14533.43303496511
2024-07-30 04:00:00+00:00,14453.638384098658
2024-07-30 08:00:00+00:00,14585.494148165526
2024-07-30 12:00:00+00:00,14694.305035710686
2024-07-30 16:00:00+00:00,15018.369610730224
2024-07-30 20:00:00+00:00,14996.607433221192
2024-07-31 00:00:00+00:00,14975.205428019564
2024-07-31 04:00:00+00:00,14915.359439869724
2024-07-31 08:00:00+00:00,14961.934126768638
2024-07-31 12:00:00+00:00,15032.661203672991
2024-07-31 16:00:00+00:00,15207.984015690483
2024-07-31 20:00:00+00:00,15371.200347008222
2024-08-01 00:00:00+00:00,15444.93278062657
2024-08-01 04:00:00+00:00,15586.386934435279
2024-08-01 08:00:00+00:00,15498.398408151626
2024-08-01 12:00:00+00:00,15714.206668449526
2024-08-01 16:00:00+00:00,15821.279746050843
2024-08-01 20:00:00+00:00,15440.441639642784
2024-08-02 00:00:00+00:00,15682.823876248442
2024-08-02 04:00:00+00:00,15905.886195716017
2024-08-02 08:00:00+00:00,15817.456154820573
2024-08-02 12:00:00+00:00,16134.821243493954
2024-08-02 16:00:00+00:00,16310.545667937586
2024-08-02 20:00:00+00:00,16355.88353774807
2024-08-03 00:00:00+00:00,16296.119019030011
2024-08-03 04:00:00+00:00,16209.070308993883
2024-08-03 08:00:00+00:00,16144.065934088088
2024-08-03 12:00:00+00:00,16365.314738763245
2024-08-03 16:00:00+00:00,16645.068426082915
2024-08-03 20:00:00+00:00,16282.365467599051
2024-08-04 00:00:00+00:00,16262.736221854288
2024-08-04 04:00:00+00:00,16262.736221854288
2024-08-04 08:00:00+00:00,16262.736221854288
2024-08-04 12:00:00+00:00,16262.736221854288
2024-08-04 16:00:00+00:00,16262.736221854288
2024-08-04 20:00:00+00:00,16262.736221854288
2024-08-05 00:00:00+00:00,16262.736221854288
2024-08-05 04:00:00+00:00,16262.736221854288
2024-08-05 08:00:00+00:00,16262.736221854288
2024-08-05 12:00:00+00:00,16262.736221854288
2024-08-05 16:00:00+00:00,16262.736221854288
2024-08-05 20:00:00+00:00,16262.736221854288
2024-08-06 00:00:00+00:00,16262.736221854288
2024-08-06 04:00:00+00:00,16262.736221854288
2024-08-06 08:00:00+00:00,16262.736221854288
2024-08-06 12:00:00+00:00,16262.736221854288
2024-08-06 16:00:00+00:00,16262.736221854288
2024-08-06 20:00:00+00:00,16262.736221854288
2024-08-07 00:00:00+00:00,16262.736221854288
2024-08-07 04:00:00+00:00,16262.736221854288
2024-08-07 08:00:00+00:00,16262.736221854288
2024-08-07 12:00:00+00:00,16262.736221854288
2024-08-07 16:00:00+00:00,16262.736221854288
2024-08-07 20:00:00+00:00,16262.736221854288
2024-08-08 00:00:00+00:00,16262.736221854288
2024-08-08 04:00:00+00:00,16262.736221854288
2024-08-08 08:00:00+00:00,16262.736221854288
2024-08-08 12:00:00+00:00,16262.736221854288
2024-08-08 16:00:00+00:00,16262.736221854288
2024-08-08 20:00:00+00:00,16262.736221854288
2024-08-09 00:00:00+00:00,16262.736221854288
2024-08-09 04:00:00+00:00,16262.736221854288
2024-08-09 08:00:00+00:00,16262.736221854288
2024-08-09 12:00:00+00:00,16262.736221854288
2024-08-09 16:00:00+00:00,16262.736221854288
2024-08-09 20:00:00+00:00,16262.736221854288
2024-08-10 00:00:00+00:00,16262.736221854288
2024-08-10 04:00:00+00:00,16262.736221854288
2024-08-10 08:00:00+00:00,16262.736221854288
2024-08-10 12:00:00+00:00,16262.736221854288
2024-08-10 16:00:00+00:00,16262.736221854288
2024-08-10 20:00:00+00:00,16262.736221854288
2024-08-11 00:00:00+00:00,16262.736221854288
2024-08-11 04:00:00+00:00,16262.736221854288
2024-08-11 08:00:00+00:00,16262.736221854288
2024-08-11 12:00:00+00:00,16262.736221854288
2024-08-11 16:00:00+00:00,16262.736221854288
2024-08-11 20:00:00+00:00,16262.736221854288
2024-08-12 00:00:00+00:00,16262.736221854288
2024-08-12 04:00:00+00:00,16262.736221854288
2024-08-12 08:00:00+00:00,16262.736221854288
2024-08-12 12:00:00+00:00,16262.736221854288
2024-08-12 16:00:00+00:00,16262.736221854288
2024-08-12 20:00:00+00:00,16262.736221854288
2024-08-13 00:00:00+00:00,16262.736221854288
2024-08-13 04:00:00+00:00,16262.736221854288
2024-08-13 08:00:00+00:00,16262.736221854288
2024-08-13 12:00:00+00:00,16262.736221854288
2024-08-13 16:00:00+00:00,16262.736221854288
2024-08-13 20:00:00+00:00,16262.736221854288
2024-08-14 00:00:00+00:00,16262.736221854288
2024-08-14 04:00:00+00:00,16262.736221854288
2024-08-14 08:00:00+00:00,16262.736221854288
2024-08-14 12:00:00+00:00,16262.736221854288
2024-08-14 16:00:00+00:00,16262.736221854288
2024-08-14 20:00:00+00:00,16262.736221854288
2024-08-15 00:00:00+00:00,16262.736221854288
2024-08-15 04:00:00+00:00,16372.653334818171
2024-08-15 08:00:00+00:00,16112.51965745644
2024-08-15 12:00:00+00:00,16086.344761529177
2024-08-15 16:00:00+00:00,16933.607298165578
2024-08-15 20:00:00+00:00,16951.057228783753
2024-08-16 00:00:00+00:00,16857.795752701866
2024-08-16 04:00:00+00:00,16665.84651590194
2024-08-16 08:00:00+00:00,16809.731578942334
2024-08-16 12:00:00+00:00,17245.9798443967
2024-08-16 16:00:00+00:00,16944.3344752611
2024-08-16 20:00:00+00:00,17019.95084127319
2024-08-17 00:00:00+00:00,17033.134845519577
2024-08-17 04:00:00+00:00,17009.868271362015
2024-08-17 08:00:00+00:00,17042.753395862477
2024-08-17 12:00:00+00:00,16967.137029850383
2024-08-17 16:00:00+00:00,16883.40445890274
2024-08-17 20:00:00+00:00,16831.054667048214
2024-08-18 00:00:00+00:00,16899.51627067468
2024-08-18 04:00:00+00:00,16896.607948904988
2024-08-18 08:00:00+00:00,16632.878613293113
2024-08-18 12:00:00+00:00,16507.82077719619
2024-08-18 16:00:00+00:00,16587.283089012435
2024-08-18 20:00:00+00:00,16933.373379606233
2024-08-19 00:00:00+00:00,16809.153588642206
2024-08-19 04:00:00+00:00,16928.39478119973
2024-08-19 08:00:00+00:00,17045.447069089372
2024-08-19 12:00:00+00:00,17100.705182713587
2024-08-19 16:00:00+00:00,16970.088661562622
2024-08-19 20:00:00+00:00,16827.58089484753
2024-08-20 00:00:00+00:00,16595.969030663597
2024-08-20 04:00:00+00:00,16526.169308190896
2024-08-20 08:00:00+00:00,16696.414540808066
2024-08-20 12:00:00+00:00,16664.72546680546
2024-08-20 16:00:00+00:00,16348.310211347278
2024-08-20 20:00:00+00:00,16502.398340123375
2024-08-21 00:00:00+00:00,16499.78397401227
2024-08-21 04:00:00+00:00,16392.865680575796
2024-08-21 08:00:00+00:00,16510.91165263445
2024-08-21 12:00:00+00:00,16479.465095741372
2024-08-21 16:00:00+00:00,15933.773094245335
2024-08-21 20:00:00+00:00,15933.773094245335
2024-08-22 00:00:00+00:00,15933.773094245335
2024-08-22 04:00:00+00:00,15933.773094245335
2024-08-22 08:00:00+00:00,15933.773094245335
2024-08-22 12:00:00+00:00,15933.773094245335
2024-08-22 16:00:00+00:00,15933.773094245335
2024-08-22 20:00:00+00:00,15933.773094245335
2024-08-23 00:00:00+00:00,15933.773094245335
2024-08-23 04:00:00+00:00,15933.773094245335
2024-08-23 08:00:00+00:00,15933.773094245335
2024-08-23 12:00:00+00:00,15933.773094245335
2024-08-23 16:00:00+00:00,15933.773094245335
2024-08-23 20:00:00+00:00,15933.773094245335
2024-08-24 00:00:00+00:00,15933.773094245335
2024-08-24 04:00:00+00:00,15933.773094245335
2024-08-24 08:00:00+00:00,15933.773094245335
2024-08-24 12:00:00+00:00,15933.773094245335
2024-08-24 16:00:00+00:00,15933.773094245335
2024-08-24 20:00:00+00:00,15933.773094245335
2024-08-25 00:00:00+00:00,15933.773094245335
2024-08-25 04:00:00+00:00,15933.773094245335
2024-08-25 08:00:00+00:00,15933.773094245335
2024-08-25 12:00:00+00:00,15933.773094245335
2024-08-25 16:00:00+00:00,15933.773094245335
2024-08-25 20:00:00+00:00,15933.773094245335
2024-08-26 00:00:00+00:00,15933.773094245335
2024-08-26 04:00:00+00:00,15933.773094245335
2024-08-26 08:00:00+00:00,15933.773094245335
2024-08-26 12:00:00+00:00,15933.773094245335
2024-08-26 16:00:00+00:00,15933.773094245335
2024-08-26 20:00:00+00:00,15933.773094245335
2024-08-27 00:00:00+00:00,15826.294187589374
2024-08-27 04:00:00+00:00,15854.274742274358
2024-08-27 08:00:00+00:00,16199.00954037072
2024-08-27 12:00:00+00:00,16361.296757543627
2024-08-27 16:00:00+00:00,16253.587591908024
2024-08-27 20:00:00+00:00,17185.34006291799
2024-08-28 00:00:00+00:00,17081.955750946014
2024-08-28 04:00:00+00:00,17406.530185291827
2024-08-28 08:00:00+00:00,16990.497125173002
2024-08-28 12:00:00+00:00,17253.51433921185
2024-08-28 16:00:00+00:00,17346.6533531174
2024-08-28 20:00:00+00:00,17273.903910936446
2024-08-29 00:00:00+00:00,17250.539186082817
2024-08-29 04:00:00+00:00,17141.41502281138
2024-08-29 08:00:00+00:00,17189.647167536456
2024-08-29 12:00:00+00:00,17044.148283174538
2024-08-29 16:00:00+00:00,17515.63676880046
2024-08-29 20:00:00+00:00,17526.828990674454
2024-08-30 00:00:00+00:00,17640.799998091963
2024-08-30 04:00:00+00:00,17542.86805669452
2024-08-30 08:00:00+00:00,17645.030378154785
2024-08-30 12:00:00+00:00,18201.843416385964
2024-08-30 16:00:00+00:00,17661.61327339629
2024-08-30 20:00:00+00:00,17496.52800075489
2024-08-31 00:00:00+00:00,17486.520508695234
2024-08-31 04:00:00+00:00,17531.289396191212
2024-08-31 08:00:00+00:00,17490.6424361281
2024-08-31 12:00:00+00:00,17527.01715721858
2024-08-31 16:00:00+00:00,17615.190880169637
2024-08-31 20:00:00+00:00,17497.6725504927
2024-09-01 00:00:00+00:00,17687.435188277643
2024-09-01 04:00:00+00:00,17625.87796797068
2024-09-01 08:00:00+00:00,17750.41661881807
2024-09-01 12:00:00+00:00,17739.22439694408
2024-09-01 16:00:00+00:00,17723.611786587164
2024-09-01 20:00:00+00:00,18176.896772483906
2024-09-02 00:00:00+00:00,17977.392261877052
2024-09-02 04:00:00+00:00,18027.757260310023
2024-09-02 08:00:00+00:00,17551.58924253119
2024-09-02 12:00:00+00:00,17520.81063237771
2024-09-02 16:00:00+00:00,17501.196402718815
2024-09-02 20:00:00+00:00,17428.446960537854
2024-09-03 00:00:00+00:00,17488.65048160916
2024-09-03 04:00:00+00:00,17418.6990948967
2024-09-03 08:00:00+00:00,17501.28817893818
2024-09-03 12:00:00+00:00,17965.765386708914
2024-09-03 16:00:00+00:00,17868.659230581252
2024-09-03 20:00:00+00:00,18058.927002439144
2024-09-04 00:00:00+00:00,18293.739369750594
2024-09-04 04:00:00+00:00,18103.471597892705
2024-09-04 08:00:00+00:00,18106.12187948986
2024-09-04 12:00:00+00:00,17683.615503746605
2024-09-04 16:00:00+00:00,17863.621138700353
2024-09-04 20:00:00+00:00,17972.74530197179
2024-09-05 00:00:00+00:00,18052.4809290465
2024-09-05 04:00:00+00:00,17996.519819676527
2024-09-05 08:00:00+00:00,18034.011001917213
2024-09-05 12:00:00+00:00,17978.049892547246
2024-09-05 16:00:00+00:00,18026.75169189001
2024-09-05 20:00:00+00:00,17976.38669345704
2024-09-06 00:00:00+00:00,17849.066495668412
2024-09-06 04:00:00+00:00,17821.001999319375
2024-09-06 08:00:00+00:00,17821.001999319375
2024-09-06 12:00:00+00:00,17821.001999319375
2024-09-06 16:00:00+00:00,17821.001999319375
2024-09-06 20:00:00+00:00,17821.001999319375
2024-09-07 00:00:00+00:00,17821.001999319375
2024-09-07 04:00:00+00:00,17821.001999319375
2024-09-07 08:00:00+00:00,17821.001999319375
2024-09-07 12:00:00+00:00,17821.001999319375
2024-09-07 16:00:00+00:00,17821.001999319375
2024-09-07 20:00:00+00:00,17821.001999319375
2024-09-08 00:00:00+00:00,17821.001999319375
2024-09-08 04:00:00+00:00,17821.001999319375
2024-09-08 08:00:00+00:00,17821.001999319375
2024-09-08 12:00:00+00:00,17821.001999319375
2024-09-08 16:00:00+00:00,17821.001999319375
2024-09-08 20:00:00+00:00,17821.001999319375
2024-09-09 00:00:00+00:00,17821.001999319375
2024-09-09 04:00:00+00:00,17821.001999319375
2024-09-09 08:00:00+00:00,17821.001999319375
2024-09-09 12:00:00+00:00,17821.001999319375
2024-09-09 16:00:00+00:00,17821.001999319375
2024-09-09 20:00:00+00:00,17821.001999319375
2024-09-10 00:00:00+00:00,17821.001999319375
2024-09-10 04:00:00+00:00,17821.001999319375
2024-09-10 08:00:00+00:00,17821.001999319375
2024-09-10 12:00:00+00:00,17821.001999319375
2024-09-10 16:00:00+00:00,17821.001999319375
2024-09-10 20:00:00+00:00,17821.001999319375
2024-09-11 00:00:00+00:00,17821.001999319375
2024-09-11 04:00:00+00:00,17821.001999319375
2024-09-11 08:00:00+00:00,17821.001999319375
2024-09-11 12:00:00+00:00,17821.001999319375
2024-09-11 16:00:00+00:00,17821.001999319375
2024-09-11 20:00:00+00:00,17821.001999319375
2024-09-12 00:00:00+00:00,17821.001999319375
2024-09-12 04:00:00+00:00,17821.001999319375
2024-09-12 08:00:00+00:00,17821.001999319375
2024-09-12 12:00:00+00:00,17821.001999319375
2024-09-12 16:00:00+00:00,17821.001999319375
2024-09-12 20:00:00+00:00,17821.001999319375
2024-09-13 00:00:00+00:00,17821.001999319375
2024-09-13 04:00:00+00:00,17821.001999319375
2024-09-13 08:00:00+00:00,17821.001999319375
2024-09-13 12:00:00+00:00,17821.001999319375
2024-09-13 16:00:00+00:00,17821.001999319375
2024-09-13 20:00:00+00:00,17821.001999319375
2024-09-14 00:00:00+00:00,17821.001999319375
2024-09-14 04:00:00+00:00,17821.001999319375
2024-09-14 08:00:00+00:00,17821.001999319375
2024-09-14 12:00:00+00:00,17821.001999319375
2024-09-14 16:00:00+00:00,17821.001999319375
2024-09-14 20:00:00+00:00,17821.001999319375
2024-09-15 00:00:00+00:00,17821.001999319375
2024-09-15 04:00:00+00:00,17821.001999319375
2024-09-15 08:00:00+00:00,17821.001999319375
2024-09-15 12:00:00+00:00,17821.001999319375
2024-09-15 16:00:00+00:00,17821.001999319375
2024-09-15 20:00:00+00:00,17821.001999319375
2024-09-16 00:00:00+00:00,17821.001999319375
2024-09-16 04:00:00+00:00,17569.721649551248
2024-09-16 08:00:00+00:00,17707.140754626213
2024-09-16 12:00:00+00:00,17848.496111287048
2024-09-16 16:00:00+00:00,17950.64832689665
2024-09-16 20:00:00+00:00,17611.395470910655
2024-09-17 00:00:00+00:00,17714.6415199261
2024-09-17 04:00:00+00:00,17527.345672350497
2024-09-17 08:00:00+00:00,17599.321739388037
2024-09-17 12:00:00+00:00,17172.088039237486
2024-09-17 16:00:00+00:00,17172.088039237486
2024-09-17 20:00:00+00:00,17172.088039237486
2024-09-18 00:00:00+00:00,17172.088039237486
2024-09-18 04:00:00+00:00,17172.088039237486
2024-09-18 08:00:00+00:00,17172.088039237486
2024-09-18 12:00:00+00:00,17330.322956886776
2024-09-18 16:00:00+00:00,16999.960033698084
2024-09-18 20:00:00+00:00,16424.522410528534
2024-09-19 00:00:00+00:00,16424.522410528534
2024-09-19 04:00:00+00:00,16424.522410528534
2024-09-19 08:00:00+00:00,16424.522410528534
2024-09-19 12:00:00+00:00,16424.522410528534
2024-09-19 16:00:00+00:00,16424.522410528534
2024-09-19 20:00:00+00:00,16424.522410528534
2024-09-20 00:00:00+00:00,16424.522410528534
2024-09-20 04:00:00+00:00,16424.522410528534
2024-09-20 08:00:00+00:00,16424.522410528534
2024-09-20 12:00:00+00:00,16424.522410528534
2024-09-20 16:00:00+00:00,16424.522410528534
2024-09-20 20:00:00+00:00,16424.522410528534
2024-09-21 00:00:00+00:00,16424.522410528534
2024-09-21 04:00:00+00:00,16424.522410528534
2024-09-21 08:00:00+00:00,16424.522410528534
2024-09-21 12:00:00+00:00,16424.522410528534
2024-09-21 16:00:00+00:00,16424.522410528534
2024-09-21 20:00:00+00:00,16424.522410528534
2024-09-22 00:00:00+00:00,16424.522410528534
2024-09-22 04:00:00+00:00,16424.522410528534
2024-09-22 08:00:00+00:00,16424.522410528534
2024-09-22 12:00:00+00:00,16424.522410528534
2024-09-22 16:00:00+00:00,16424.522410528534
2024-09-22 20:00:00+00:00,16424.522410528534
2024-09-23 00:00:00+00:00,16424.522410528534
2024-09-23 04:00:00+00:00,16424.522410528534
2024-09-23 08:00:00+00:00,16424.522410528534
2024-09-23 12:00:00+00:00,16424.522410528534
2024-09-23 16:00:00+00:00,16424.522410528534
2024-09-23 20:00:00+00:00,16424.522410528534
2024-09-24 00:00:00+00:00,16424.522410528534
2024-09-24 04:00:00+00:00,16424.522410528534
2024-09-24 08:00:00+00:00,16424.522410528534
2024-09-24 12:00:00+00:00,16424.522410528534
2024-09-24 16:00:00+00:00,16424.522410528534
2024-09-24 20:00:00+00:00,16424.522410528534
2024-09-25 00:00:00+00:00,16424.522410528534
2024-09-25 04:00:00+00:00,16424.522410528534
2024-09-25 08:00:00+00:00,16424.522410528534
2024-09-25 12:00:00+00:00,16424.522410528534
2024-09-25 16:00:00+00:00,16424.522410528534
2024-09-25 20:00:00+00:00,16424.522410528534
2024-09-26 00:00:00+00:00,16424.522410528534
2024-09-26 04:00:00+00:00,16424.522410528534
2024-09-26 08:00:00+00:00,16424.522410528534
2024-09-26 12:00:00+00:00,16424.522410528534
2024-09-26 16:00:00+00:00,16424.522410528534
2024-09-26 20:00:00+00:00,16424.522410528534
2024-09-27 00:00:00+00:00,16424.522410528534
2024-09-27 04:00:00+00:00,16424.522410528534
2024-09-27 08:00:00+00:00,16424.522410528534
2024-09-27 12:00:00+00:00,16424.522410528534
2024-09-27 16:00:00+00:00,16424.522410528534
2024-09-27 20:00:00+00:00,16424.522410528534
2024-09-28 00:00:00+00:00,16424.522410528534
2024-09-28 04:00:00+00:00,16424.522410528534
2024-09-28 08:00:00+00:00,16424.522410528534
2024-09-28 12:00:00+00:00,16424.522410528534
2024-09-28 16:00:00+00:00,16424.522410528534
2024-09-28 20:00:00+00:00,16424.522410528534
2024-09-29 00:00:00+00:00,16424.522410528534
2024-09-29 04:00:00+00:00,16424.522410528534
2024-09-29 08:00:00+00:00,16424.522410528534
2024-09-29 12:00:00+00:00,16424.522410528534
2024-09-29 16:00:00+00:00,16424.522410528534
2024-09-29 20:00:00+00:00,16424.522410528534
2024-09-30 00:00:00+00:00,16424.522410528534
2024-09-30 04:00:00+00:00,16424.522410528534
2024-09-30 08:00:00+00:00,16424.522410528534
2024-09-30 12:00:00+00:00,16424.522410528534
2024-09-30 16:00:00+00:00,16311.104826264393
2024-09-30 20:00:00+00:00,16643.84935966603
2024-10-01 00:00:00+00:00,16251.006870054203
2024-10-01 04:00:00+00:00,16020.232435598231
2024-10-01 08:00:00+00:00,16153.402969739978
2024-10-01 12:00:00+00:00,17385.09442805733
2024-10-01 16:00:00+00:00,18018.89793455738
2024-10-01 20:00:00+00:00,18088.66694962546
2024-10-02 00:00:00+00:00,17847.508373184115
2024-10-02 04:00:00+00:00,17834.091254901796
2024-10-02 08:00:00+00:00,18105.918157098928
2024-10-02 12:00:00+00:00,18105.918157098928
2024-10-02 16:00:00+00:00,18640.28366148967
2024-10-02 20:00:00+00:00,18594.665459329768
2024-10-03 00:00:00+00:00,18303.598252106145
2024-10-03 04:00:00+00:00,18668.543869385365
2024-10-03 08:00:00+00:00,18694.972634034297
2024-10-03 12:00:00+00:00,18737.907412537734
2024-10-03 16:00:00+00:00,18584.85045765547
2024-10-03 20:00:00+00:00,18539.232255495568
2024-10-04 00:00:00+00:00,18371.072893980912
2024-10-04 04:00:00+00:00,18124.197917586145
2024-10-04 08:00:00+00:00,18035.88923790556
2024-10-04 12:00:00+00:00,17821.215345388377
2024-10-04 16:00:00+00:00,17687.63569298752
2024-10-04 20:00:00+00:00,17698.369387613377
2024-10-05 00:00:00+00:00,17867.110990530586
2024-10-05 04:00:00+00:00,17837.59333030947
2024-10-05 08:00:00+00:00,17852.512360812318
2024-10-05 12:00:00+00:00,17959.849307070912
2024-10-05 16:00:00+00:00,18210.89754393621
2024-10-05 20:00:00+00:00,18100.877174021152
2024-10-06 00:00:00+00:00,18129.18756193922
2024-10-06 04:00:00+00:00,18094.30305440518
2024-10-06 08:00:00+00:00,18106.513705411555
2024-10-06 12:00:00+00:00,17843.538187078004
2024-10-06 16:00:00+00:00,17987.261821433523
2024-10-06 20:00:00+00:00,17850.40721495382
2024-10-07 00:00:00+00:00,17599.66676678192
2024-10-07 04:00:00+00:00,17569.134772418663
2024-10-07 08:00:00+00:00,17569.134772418663
2024-10-07 12:00:00+00:00,17569.134772418663
2024-10-07 16:00:00+00:00,17569.134772418663
2024-10-07 20:00:00+00:00,17569.134772418663
2024-10-08 00:00:00+00:00,17569.134772418663
2024-10-08 04:00:00+00:00,17616.725095981674
2024-10-08 08:00:00+00:00,17636.604383971957
2024-10-08 12:00:00+00:00,17932.7700753103
2024-10-08 16:00:00+00:00,17899.460351851252
2024-10-08 20:00:00+00:00,17934.490702439656
2024-10-09 00:00:00+00:00,17885.258092349508
2024-10-09 04:00:00+00:00,17917.103865611698
2024-10-09 08:00:00+00:00,17899.718621072407
2024-10-09 12:00:00+00:00,17918.82608502972
2024-10-09 16:00:00+00:00,18425.50925802291
2024-10-09 20:00:00+00:00,18543.338619093007
2024-10-10 00:00:00+00:00,18442.916339336312
2024-10-10 04:00:00+00:00,18442.916339336312
2024-10-10 08:00:00+00:00,18337.49306275146
2024-10-10 12:00:00+00:00,18468.060733126425
2024-10-10 16:00:00+00:00,18702.20264108614
2024-10-10 20:00:00+00:00,18421.95983637889
2024-10-11 00:00:00+00:00,18328.095375061792
2024-10-11 04:00:00+00:00,18308.987911104476
2024-10-11 08:00:00+00:00,18221.504068918195
2024-10-11 12:00:00+00:00,18043.167738649943
2024-10-11 16:00:00+00:00,17971.633533544285
2024-10-11 20:00:00+00:00,18149.969863812534
2024-10-12 00:00:00+00:00,18263.130634522393
2024-10-12 04:00:00+00:00,18078.425149601706
2024-10-12 08:00:00+00:00,18019.626069223596
2024-10-12 12:00:00+00:00,17962.303677351658
2024-10-12 16:00:00+00:00,18072.298341283793
2024-10-12 20:00:00+00:00,18041.318773054336
2024-10-13 00:00:00+00:00,18041.318773054336
2024-10-13 04:00:00+00:00,17848.057498172802
2024-10-13 08:00:00+00:00,17901.110938807495
2024-10-13 12:00:00+00:00,18215.32359368858
2024-10-13 16:00:00+00:00,18243.361377417583
2024-10-13 20:00:00+00:00,18004.286531312413
2024-10-14 00:00:00+00:00,17681.635558970294
2024-10-14 04:00:00+00:00,17620.159169971826
2024-10-14 08:00:00+00:00,17441.87915634222
2024-10-14 12:00:00+00:00,17441.87915634222
2024-10-14 16:00:00+00:00,17441.87915634222
2024-10-14 20:00:00+00:00,17441.87915634222
2024-10-15 00:00:00+00:00,17441.87915634222
2024-10-15 04:00:00+00:00,17441.87915634222
2024-10-15 08:00:00+00:00,17441.87915634222
2024-10-15 12:00:00+00:00,17441.87915634222
2024-10-15 16:00:00+00:00,17441.87915634222
2024-10-15 20:00:00+00:00,17441.87915634222
2024-10-16 00:00:00+00:00,17441.87915634222
2024-10-16 04:00:00+00:00,17441.87915634222
2024-10-16 08:00:00+00:00,17441.87915634222
2024-10-16 12:00:00+00:00,17441.87915634222
2024-10-16 16:00:00+00:00,17441.87915634222
2024-10-16 20:00:00+00:00,17441.87915634222
2024-10-17 00:00:00+00:00,17441.87915634222
2024-10-17 04:00:00+00:00,17441.87915634222
2024-10-17 08:00:00+00:00,17441.87915634222
2024-10-17 12:00:00+00:00,17441.87915634222
2024-10-17 16:00:00+00:00,17441.87915634222
2024-10-17 20:00:00+00:00,17384.51929477263
2024-10-18 00:00:00+00:00,17290.24266470746
2024-10-18 04:00:00+00:00,16928.542644765253
2024-10-18 08:00:00+00:00,17039.16843582032
2024-10-18 12:00:00+00:00,17000.264877923175
2024-10-18 16:00:00+00:00,17000.264877923175
2024-10-18 20:00:00+00:00,17000.264877923175
2024-10-19 00:00:00+00:00,17000.264877923175
2024-10-19 04:00:00+00:00,17000.264877923175
2024-10-19 08:00:00+00:00,17000.264877923175
2024-10-19 12:00:00+00:00,17000.264877923175
2024-10-19 16:00:00+00:00,17000.264877923175
2024-10-19 20:00:00+00:00,17000.264877923175
2024-10-20 00:00:00+00:00,17000.264877923175
2024-10-20 04:00:00+00:00,17000.264877923175
2024-10-20 08:00:00+00:00,17000.264877923175
2024-10-20 12:00:00+00:00,17000.264877923175
2024-10-20 16:00:00+00:00,17000.264877923175
2024-10-20 20:00:00+00:00,17000.264877923175
2024-10-21 00:00:00+00:00,17000.264877923175
2024-10-21 04:00:00+00:00,17000.264877923175
2024-10-21 08:00:00+00:00,17000.264877923175
2024-10-21 12:00:00+00:00,17000.264877923175
2024-10-21 16:00:00+00:00,17000.264877923175
2024-10-21 20:00:00+00:00,17000.264877923175
2024-10-22 00:00:00+00:00,17000.264877923175
2024-10-22 04:00:00+00:00,17000.264877923175
2024-10-22 08:00:00+00:00,17000.264877923175
2024-10-22 12:00:00+00:00,17000.264877923175
2024-10-22 16:00:00+00:00,17000.264877923175
2024-10-22 20:00:00+00:00,17000.264877923175
2024-10-23 00:00:00+00:00,17000.264877923175
2024-10-23 04:00:00+00:00,17000.264877923175
2024-10-23 08:00:00+00:00,17201.542896747113
2024-10-23 12:00:00+00:00,17433.910510687478
2024-10-23 16:00:00+00:00,17447.48375841357
2024-10-23 20:00:00+00:00,17334.27902341698
2024-10-24 00:00:00+00:00,17192.95035945367
2024-10-24 04:00:00+00:00,17315.092310371045
2024-10-24 08:00:00+00:00,17406.13304779129
2024-10-24 12:00:00+00:00,17281.012024900323
2024-10-24 16:00:00+00:00,17169.479740909712
2024-10-24 20:00:00+00:00,17291.621691827084
2024-10-25 00:00:00+00:00,17489.911701461508
2024-10-25 04:00:00+00:00,17781.860754873767
2024-10-25 08:00:00+00:00,17521.325121701473
2024-10-25 12:00:00+00:00,17568.990273278985
2024-10-25 16:00:00+00:00,18023.453363087574
2024-10-25 20:00:00+00:00,18926.1121710867
2024-10-26 00:00:00+00:00,18731.002022876888
2024-10-26 04:00:00+00:00,18748.876454718455
2024-10-26 08:00:00+00:00,18668.43296316312
2024-10-26 12:00:00+00:00,19005.068096179297
2024-10-26 16:00:00+00:00,18680.272391953877
2024-10-26 20:00:00+00:00,18695.167751821853
2024-10-27 00:00:00+00:00,18634.139079185188
2024-10-27 04:00:00+00:00,18717.553094445837
2024-10-27 08:00:00+00:00,18895.92576338479
2024-10-27 12:00:00+00:00,18633.767429708474
2024-10-27 16:00:00+00:00,18703.658988573156
2024-10-27 20:00:00+00:00,18548.747245946244
2024-10-28 00:00:00+00:00,18891.57721881722
2024-10-28 04:00:00+00:00,18602.607237378557
2024-10-28 08:00:00+00:00,18478.719087783735
2024-10-28 12:00:00+00:00,18818.333292773503
2024-10-28 16:00:00+00:00,18715.585696218623
2024-10-28 20:00:00+00:00,18453.427362542312
2024-10-29 00:00:00+00:00,18160.055802262665
2024-10-29 04:00:00+00:00,18222.61631370815
2024-10-29 08:00:00+00:00,18015.661077424134
2024-10-29 12:00:00+00:00,17914.372630321923
2024-10-29 16:00:00+00:00,17886.752462425942
2024-10-29 20:00:00+00:00,17886.752462425942
2024-10-30 00:00:00+00:00,17886.752462425942
2024-10-30 04:00:00+00:00,17886.752462425942
2024-10-30 08:00:00+00:00,17886.752462425942
2024-10-30 12:00:00+00:00,17886.752462425942
2024-10-30 16:00:00+00:00,17886.752462425942
2024-10-30 20:00:00+00:00,17886.752462425942
2024-10-31 00:00:00+00:00,17886.752462425942
2024-10-31 04:00:00+00:00,17886.752462425942
2024-10-31 08:00:00+00:00,17886.752462425942
2024-10-31 12:00:00+00:00,17886.752462425942
2024-10-31 16:00:00+00:00,17886.752462425942
2024-10-31 20:00:00+00:00,17886.752462425942
2024-11-01 00:00:00+00:00,17725.051105915467
2024-11-01 04:00:00+00:00,17946.149767474242
2024-11-01 08:00:00+00:00,17740.44025306353
2024-11-01 12:00:00+00:00,17975.14498610285
2024-11-01 16:00:00+00:00,17915.698018893647
2024-11-01 20:00:00+00:00,18106.18301962121
2024-11-02 00:00:00+00:00,18080.73796519366
2024-11-02 04:00:00+00:00,18097.745554544334
2024-11-02 08:00:00+00:00,18211.763753247684
2024-11-02 12:00:00+00:00,18446.468486286998
2024-11-02 16:00:00+00:00,18617.7619294408
2024-11-02 20:00:00+00:00,18631.368000921342
2024-11-03 00:00:00+00:00,19218.14411989469
2024-11-03 04:00:00+00:00,19214.74260202455
2024-11-03 08:00:00+00:00,19513.347479056305
2024-11-03 12:00:00+00:00,19656.211229601977
2024-11-03 16:00:00+00:00,19445.04592951868
2024-11-03 20:00:00+00:00,19390.621643596518
2024-11-04 00:00:00+00:00,19268.52237698054
2024-11-04 04:00:00+00:00,19435.196752617154
2024-11-04 08:00:00+00:00,19189.893895077046
2024-11-04 12:00:00+00:00,19489.22746764893
2024-11-04 16:00:00+00:00,19545.281420782667
2024-11-04 20:00:00+00:00,19691.546689198472
2024-11-05 00:00:00+00:00,19509.473982315547
2024-11-05 04:00:00+00:00,19421.03451769203
2024-11-05 08:00:00+00:00,19351.23911266652
2024-11-05 12:00:00+00:00,19208.37536212085
2024-11-05 16:00:00+00:00,19352.897012476427
2024-11-05 20:00:00+00:00,19111.38924369684
2024-11-06 00:00:00+00:00,17881.920376752136
2024-11-06 04:00:00+00:00,17881.920376752136
2024-11-06 08:00:00+00:00,17881.920376752136
2024-11-06 12:00:00+00:00,17881.920376752136
2024-11-06 16:00:00+00:00,17881.920376752136
2024-11-06 20:00:00+00:00,17881.920376752136
2024-11-07 00:00:00+00:00,17881.920376752136
2024-11-07 04:00:00+00:00,17881.920376752136
2024-11-07 08:00:00+00:00,17881.920376752136
2024-11-07 12:00:00+00:00,17881.920376752136
2024-11-07 16:00:00+00:00,17881.920376752136
2024-11-07 20:00:00+00:00,17881.920376752136
2024-11-08 00:00:00+00:00,17881.920376752136
2024-11-08 04:00:00+00:00,17881.920376752136
2024-11-08 08:00:00+00:00,17881.920376752136
2024-11-08 12:00:00+00:00,17881.920376752136
2024-11-08 16:00:00+00:00,17881.920376752136
2024-11-08 20:00:00+00:00,17881.920376752136
2024-11-09 00:00:00+00:00,17881.920376752136
2024-11-09 04:00:00+00:00,17881.920376752136
2024-11-09 08:00:00+00:00,17881.920376752136
2024-11-09 12:00:00+00:00,17881.920376752136
2024-11-09 16:00:00+00:00,17881.920376752136
2024-11-09 20:00:00+00:00,17881.920376752136
2024-11-10 00:00:00+00:00,17881.920376752136
2024-11-10 04:00:00+00:00,17881.920376752136
2024-11-10 08:00:00+00:00,17881.920376752136
2024-11-10 12:00:00+00:00,17881.920376752136
2024-11-10 16:00:00+00:00,17881.920376752136
2024-11-10 20:00:00+00:00,17881.920376752136
2024-11-11 00:00:00+00:00,17881.920376752136
2024-11-11 04:00:00+00:00,17881.920376752136
2024-11-11 08:00:00+00:00,17881.920376752136
2024-11-11 12:00:00+00:00,17881.920376752136
2024-11-11 16:00:00+00:00,17881.920376752136
2024-11-11 20:00:00+00:00,17881.920376752136
2024-11-12 00:00:00+00:00,17881.920376752136
2024-11-12 04:00:00+00:00,17881.920376752136
2024-11-12 08:00:00+00:00,17881.920376752136
2024-11-12 12:00:00+00:00,17881.920376752136
2024-11-12 16:00:00+00:00,17881.920376752136
2024-11-12 20:00:00+00:00,17881.920376752136
2024-11-13 00:00:00+00:00,17881.920376752136
2024-11-13 04:00:00+00:00,17881.920376752136
2024-11-13 08:00:00+00:00,17659.568976033053
2024-11-13 12:00:00+00:00,16344.784840867938
2024-11-13 16:00:00+00:00,17139.38631554585
2024-11-13 20:00:00+00:00,17035.426639742094
2024-11-14 00:00:00+00:00,16828.121655420167
2024-11-14 04:00:00+00:00,16589.625928576264
2024-11-14 08:00:00+00:00,17121.250811193557
2024-11-14 12:00:00+00:00,17891.775467150783
2024-11-14 16:00:00+00:00,17413.51478812691
2024-11-14 20:00:00+00:00,18021.98465533123
2024-11-15 00:00:00+00:00,17886.165925349913
2024-11-15 04:00:00+00:00,18078.79708933922
2024-11-15 08:00:00+00:00,17542.422951541048
2024-11-15 12:00:00+00:00,18132.54699360353
2024-11-15 16:00:00+00:00,17651.204827483336
2024-11-15 20:00:00+00:00,17223.135574173764
2024-11-16 00:00:00+00:00,16726.596338033578
2024-11-16 04:00:00+00:00,16787.749088506374
2024-11-16 08:00:00+00:00,15811.54378703927
2024-11-16 12:00:00+00:00,15811.54378703927
2024-11-16 16:00:00+00:00,15811.54378703927
2024-11-16 20:00:00+00:00,15811.54378703927
2024-11-17 00:00:00+00:00,15811.54378703927
2024-11-17 04:00:00+00:00,15811.54378703927
2024-11-17 08:00:00+00:00,15811.54378703927
2024-11-17 12:00:00+00:00,15811.54378703927
2024-11-17 16:00:00+00:00,15811.54378703927
2024-11-17 20:00:00+00:00,15811.54378703927
2024-11-18 00:00:00+00:00,15811.54378703927
2024-11-18 04:00:00+00:00,15811.54378703927
2024-11-18 08:00:00+00:00,15811.54378703927
2024-11-18 12:00:00+00:00,15811.54378703927
2024-11-18 16:00:00+00:00,15811.54378703927
2024-11-18 20:00:00+00:00,15811.54378703927
2024-11-19 00:00:00+00:00,15811.54378703927
2024-11-19 04:00:00+00:00,15811.54378703927
2024-11-19 08:00:00+00:00,15811.54378703927
2024-11-19 12:00:00+00:00,15811.54378703927
2024-11-19 16:00:00+00:00,15811.54378703927
2024-11-19 20:00:00+00:00,15811.54378703927
2024-11-20 00:00:00+00:00,15811.54378703927
2024-11-20 04:00:00+00:00,15811.54378703927
2024-11-20 08:00:00+00:00,15811.54378703927
2024-11-20 12:00:00+00:00,15811.54378703927
2024-11-20 16:00:00+00:00,15811.54378703927
2024-11-20 20:00:00+00:00,15811.54378703927
2024-11-21 00:00:00+00:00,15892.955936282697
2024-11-21 04:00:00+00:00,15021.154152881787
2024-11-21 08:00:00+00:00,14989.610479381514
2024-11-21 12:00:00+00:00,14989.610479381514
2024-11-21 16:00:00+00:00,14989.610479381514
2024-11-21 20:00:00+00:00,14989.610479381514
2024-11-22 00:00:00+00:00,14989.610479381514
2024-11-22 04:00:00+00:00,14989.610479381514
2024-11-22 08:00:00+00:00,14989.610479381514
2024-11-22 12:00:00+00:00,14989.610479381514
2024-11-22 16:00:00+00:00,14989.610479381514
2024-11-22 20:00:00+00:00,14989.610479381514
2024-11-23 00:00:00+00:00,14989.610479381514
2024-11-23 04:00:00+00:00,14989.610479381514
2024-11-23 08:00:00+00:00,14989.610479381514
2024-11-23 12:00:00+00:00,14989.610479381514
2024-11-23 16:00:00+00:00,14989.610479381514
2024-11-23 20:00:00+00:00,14989.610479381514
2024-11-24 00:00:00+00:00,14989.610479381514
2024-11-24 04:00:00+00:00,14989.610479381514
2024-11-24 08:00:00+00:00,14989.610479381514
2024-11-24 12:00:00+00:00,14989.610479381514
2024-11-24 16:00:00+00:00,14989.610479381514
2024-11-24 20:00:00+00:00,14989.610479381514
2024-11-25 00:00:00+00:00,14989.610479381514
2024-11-25 04:00:00+00:00,14989.610479381514
2024-11-25 08:00:00+00:00,14989.610479381514
2024-11-25 12:00:00+00:00,14989.610479381514
2024-11-25 16:00:00+00:00,14989.610479381514
2024-11-25 20:00:00+00:00,14989.610479381514
2024-11-26 00:00:00+00:00,14989.610479381514
2024-11-26 04:00:00+00:00,14989.610479381514
2024-11-26 08:00:00+00:00,14989.610479381514
2024-11-26 12:00:00+00:00,14989.610479381514
2024-11-26 16:00:00+00:00,14989.610479381514
2024-11-26 20:00:00+00:00,14989.610479381514
2024-11-27 00:00:00+00:00,14989.610479381514
2024-11-27 04:00:00+00:00,14989.610479381514
2024-11-27 08:00:00+00:00,14989.610479381514
2024-11-27 12:00:00+00:00,14989.610479381514
2024-11-27 16:00:00+00:00,14989.610479381514
2024-11-27 20:00:00+00:00,14989.610479381514
2024-11-28 00:00:00+00:00,14989.610479381514
2024-11-28 04:00:00+00:00,14989.610479381514
2024-11-28 08:00:00+00:00,14989.610479381514
2024-11-28 12:00:00+00:00,14989.610479381514
2024-11-28 16:00:00+00:00,14989.610479381514
2024-11-28 20:00:00+00:00,14989.610479381514
2024-11-29 00:00:00+00:00,14989.610479381514
2024-11-29 04:00:00+00:00,14989.610479381514
2024-11-29 08:00:00+00:00,14989.610479381514
2024-11-29 12:00:00+00:00,14989.610479381514
2024-11-29 16:00:00+00:00,14989.610479381514
2024-11-29 20:00:00+00:00,14989.610479381514
2024-11-30 00:00:00+00:00,14989.610479381514
2024-11-30 04:00:00+00:00,14989.610479381514
2024-11-30 08:00:00+00:00,14989.610479381514
2024-11-30 12:00:00+00:00,14989.610479381514
2024-11-30 16:00:00+00:00,14989.610479381514
2024-11-30 20:00:00+00:00,14989.610479381514
2024-12-01 00:00:00+00:00,14989.610479381514
2024-12-01 04:00:00+00:00,14989.610479381514
2024-12-01 08:00:00+00:00,14989.610479381514
2024-12-01 12:00:00+00:00,14989.610479381514
2024-12-01 16:00:00+00:00,14989.610479381514
2024-12-01 20:00:00+00:00,14989.610479381514
2024-12-02 00:00:00+00:00,14989.610479381514
2024-12-02 04:00:00+00:00,14989.610479381514
2024-12-02 08:00:00+00:00,14989.610479381514
2024-12-02 12:00:00+00:00,14989.610479381514
2024-12-02 16:00:00+00:00,14989.610479381514
2024-12-02 20:00:00+00:00,14989.610479381514
2024-12-03 00:00:00+00:00,14989.610479381514
2024-12-03 04:00:00+00:00,14989.610479381514
2024-12-03 08:00:00+00:00,14989.610479381514
2024-12-03 12:00:00+00:00,14989.610479381514
2024-12-03 16:00:00+00:00,14989.610479381514
2024-12-03 20:00:00+00:00,14989.610479381514
2024-12-04 00:00:00+00:00,14989.610479381514
2024-12-04 04:00:00+00:00,14989.610479381514
2024-12-04 08:00:00+00:00,14989.610479381514
2024-12-04 12:00:00+00:00,14989.610479381514
2024-12-04 16:00:00+00:00,14989.610479381514
2024-12-04 20:00:00+00:00,14989.610479381514
2024-12-05 00:00:00+00:00,14989.610479381514
2024-12-05 04:00:00+00:00,14989.610479381514
2024-12-05 08:00:00+00:00,14989.610479381514
2024-12-05 12:00:00+00:00,14989.610479381514
2024-12-05 16:00:00+00:00,14989.610479381514
2024-12-05 20:00:00+00:00,14989.610479381514
2024-12-06 00:00:00+00:00,14989.610479381514
2024-12-06 04:00:00+00:00,14989.610479381514
2024-12-06 08:00:00+00:00,14989.610479381514
2024-12-06 12:00:00+00:00,14989.610479381514
2024-12-06 16:00:00+00:00,14989.610479381514
2024-12-06 20:00:00+00:00,14989.610479381514
2024-12-07 00:00:00+00:00,14989.610479381514
2024-12-07 04:00:00+00:00,14989.610479381514
2024-12-07 08:00:00+00:00,14989.610479381514
2024-12-07 12:00:00+00:00,14989.610479381514
2024-12-07 16:00:00+00:00,14989.610479381514
2024-12-07 20:00:00+00:00,14989.610479381514
2024-12-08 00:00:00+00:00,14989.610479381514
2024-12-08 04:00:00+00:00,14989.610479381514
2024-12-08 08:00:00+00:00,14989.610479381514
2024-12-08 12:00:00+00:00,14989.610479381514
2024-12-08 16:00:00+00:00,14989.610479381514
2024-12-08 20:00:00+00:00,14989.610479381514
2024-12-09 00:00:00+00:00,14989.610479381514
2024-12-09 04:00:00+00:00,14989.610479381514
2024-12-09 08:00:00+00:00,15616.969488107834
2024-12-09 12:00:00+00:00,15498.800783932778
2024-12-09 16:00:00+00:00,15562.961675613022
2024-12-09 20:00:00+00:00,16944.313079590356
2024-12-10 00:00:00+00:00,17434.590822603648
2024-12-10 04:00:00+00:00,16963.27426687097
2024-12-10 08:00:00+00:00,16563.88917458719
2024-12-10 12:00:00+00:00,17627.407512162663
2024-12-10 16:00:00+00:00,17405.888730968305
2024-12-10 20:00:00+00:00,17242.897414864783
2024-12-11 00:00:00+00:00,17367.773347523587
2024-12-11 04:00:00+00:00,17498.166400406408
2024-12-11 08:00:00+00:00,17006.366590152902
2024-12-11 12:00:00+00:00,16286.488277362352
2024-12-11 16:00:00+00:00,16359.846322305448
2024-12-11 20:00:00+00:00,16415.535021974152
2024-12-12 00:00:00+00:00,15600.57735484778
2024-12-12 04:00:00+00:00,15671.206925159302
2024-12-12 08:00:00+00:00,15850.570990617616
2024-12-12 12:00:00+00:00,15399.628349397875
2024-12-12 16:00:00+00:00,15370.543092343589
2024-12-12 20:00:00+00:00,15370.543092343589
2024-12-13 00:00:00+00:00,15370.543092343589
2024-12-13 04:00:00+00:00,15370.543092343589
2024-12-13 08:00:00+00:00,15370.543092343589
2024-12-13 12:00:00+00:00,15370.543092343589
2024-12-13 16:00:00+00:00,15370.543092343589
2024-12-13 20:00:00+00:00,15370.543092343589
2024-12-14 00:00:00+00:00,15370.543092343589
2024-12-14 04:00:00+00:00,15370.543092343589
2024-12-14 08:00:00+00:00,15370.543092343589
2024-12-14 12:00:00+00:00,15726.785160300491
2024-12-14 16:00:00+00:00,16024.261994745368
2024-12-14 20:00:00+00:00,15814.802477826104
2024-12-15 00:00:00+00:00,15898.257827786118
2024-12-15 04:00:00+00:00,16087.985651082552
2024-12-15 08:00:00+00:00,15863.295695202603
2024-12-15 12:00:00+00:00,15539.999484305477
2024-12-15 16:00:00+00:00,15494.467387012734
2024-12-15 20:00:00+00:00,15312.328676648156
2024-12-16 00:00:00+00:00,15494.493189996701
2024-12-16 04:00:00+00:00,15426.191173609981
2024-12-16 08:00:00+00:00,15989.317924250628
2024-12-16 12:00:00+00:00,15747.984133017566
2024-12-16 16:00:00+00:00,15230.38887254063
2024-12-16 20:00:00+00:00,15530.917744642184
2024-12-17 00:00:00+00:00,15420.120945740306
2024-12-17 04:00:00+00:00,15863.325140960778
2024-12-17 08:00:00+00:00,15600.712843107112
2024-12-17 12:00:00+00:00,16092.487361091473
2024-12-17 16:00:00+00:00,15952.7959253951
2024-12-17 20:00:00+00:00,16365.64366888814
2024-12-18 00:00:00+00:00,16552.2570720196
2024-12-18 04:00:00+00:00,16650.91554013375
2024-12-18 08:00:00+00:00,16433.75990379029
2024-12-18 12:00:00+00:00,16626.523372259468
2024-12-18 16:00:00+00:00,16945.161537421278
2024-12-18 20:00:00+00:00,17698.00154026153
2024-12-19 00:00:00+00:00,17755.46736585737
2024-12-19 04:00:00+00:00,17776.71688206657
2024-12-19 08:00:00+00:00,17675.97108028934
2024-12-19 12:00:00+00:00,18046.319791363978
2024-12-19 16:00:00+00:00,18968.873491549086
2024-12-19 20:00:00+00:00,18933.963572062545
2024-12-20 00:00:00+00:00,18646.719486620408
2024-12-20 04:00:00+00:00,18894.12456819896
2024-12-20 08:00:00+00:00,20596.790624783935
2024-12-20 12:00:00+00:00,19303.60578119543
2024-12-20 16:00:00+00:00,18734.57772352855
2024-12-20 20:00:00+00:00,18684.48957817829
2024-12-21 00:00:00+00:00,18618.9135711567
2024-12-21 04:00:00+00:00,18111.960827308623
2024-12-21 08:00:00+00:00,18586.786882946784
2024-12-21 12:00:00+00:00,19154.452530249717
2024-12-21 16:00:00+00:00,19486.499291921795
2024-12-21 20:00:00+00:00,19398.46558191225
2024-12-22 00:00:00+00:00,19408.29064719857
2024-12-22 04:00:00+00:00,19493.288712035373
2024-12-22 08:00:00+00:00,19243.975575683493
2024-12-22 12:00:00+00:00,19461.024205534617
2024-12-22 16:00:00+00:00,19692.3722996492
2024-12-22 20:00:00+00:00,19440.413750311534
2024-12-23 00:00:00+00:00,19107.62598765279
2024-12-23 04:00:00+00:00,19323.156794917544
2024-12-23 08:00:00+00:00,19231.71466250804
2024-12-23 12:00:00+00:00,19388.050388904303
2024-12-23 16:00:00+00:00,19094.73132587027
2024-12-23 20:00:00+00:00,18631.795437026965
2024-12-24 00:00:00+00:00,18707.383153610528
2024-12-24 04:00:00+00:00,18705.865331024157
2024-12-24 08:00:00+00:00,18594.753735717866
2024-12-24 12:00:00+00:00,18191.012927743053
2024-12-24 16:00:00+00:00,18167.09705259637
2024-12-24 20:00:00+00:00,18167.09705259637
2024-12-25 00:00:00+00:00,18167.09705259637
2024-12-25 04:00:00+00:00,18167.09705259637
2024-12-25 08:00:00+00:00,18167.09705259637
2024-12-25 12:00:00+00:00,18167.09705259637
2024-12-25 16:00:00+00:00,18167.09705259637
2024-12-25 20:00:00+00:00,18167.09705259637
2024-12-26 00:00:00+00:00,18167.09705259637
2024-12-26 04:00:00+00:00,18167.09705259637
2024-12-26 08:00:00+00:00,18167.09705259637
2024-12-26 12:00:00+00:00,18382.119658573247
2024-12-26 16:00:00+00:00,18352.785724681562
2024-12-26 20:00:00+00:00,18304.894369615216
2024-12-27 00:00:00+00:00,17976.247129175677
2024-12-27 04:00:00+00:00,18203.73106574082
2024-12-27 08:00:00+00:00,17400.96994624258
2024-12-27 12:00:00+00:00,18095.394594704587
2024-12-27 16:00:00+00:00,17874.524454274113
2024-12-27 20:00:00+00:00,18137.92690713901
2024-12-28 00:00:00+00:00,18163.508533582117
2024-12-28 04:00:00+00:00,18405.35987666716
2024-12-28 08:00:00+00:00,18161.124549075954
2024-12-28 12:00:00+00:00,18065.341838943263
2024-12-28 16:00:00+00:00,17882.265164045304
2024-12-28 20:00:00+00:00,17774.50961514603
2024-12-29 00:00:00+00:00,17716.502408605793
2024-12-29 04:00:00+00:00,17639.87624049964
2024-12-29 08:00:00+00:00,17871.625381146994
2024-12-29 12:00:00+00:00,18127.84413075194
2024-12-29 16:00:00+00:00,18335.598984140724
2024-12-29 20:00:00+00:00,18579.844894979084
2024-12-30 00:00:00+00:00,18210.46366248787
2024-12-30 04:00:00+00:00,18021.292809975806
2024-12-30 08:00:00+00:00,18058.980809166205
2024-12-30 12:00:00+00:00,18904.263226087198
2024-12-30 16:00:00+00:00,18453.434842232076
2024-12-30 20:00:00+00:00,18805.436301969716
2024-12-31 00:00:00+00:00,19128.06335962063
2024-12-31 04:00:00+00:00,19077.77743680097
2024-12-31 08:00:00+00:00,18726.88443780158
2024-12-31 12:00:00+00:00,18520.951611016295
2024-12-31 16:00:00+00:00,18908.260972276592
2024-12-31 20:00:00+00:00,19075.8807150088
2025-01-01 00:00:00+00:00,19020.13948793353
2025-01-01 04:00:00+00:00,19118.316765819538
2025-01-01 08:00:00+00:00,19242.164049477884
2025-01-01 12:00:00+00:00,18887.76802198693
2025-01-01 16:00:00+00:00,18585.405472862003
2025-01-01 20:00:00+00:00,18503.990169249217
2025-01-02 00:00:00+00:00,18237.584688964886
2025-01-02 04:00:00+00:00,17981.36593935994
2025-01-02 08:00:00+00:00,17944.03438862895
2025-01-02 12:00:00+00:00,17944.03438862895
2025-01-02 16:00:00+00:00,17944.03438862895
2025-01-02 20:00:00+00:00,17944.03438862895
2025-01-03 00:00:00+00:00,17944.03438862895
2025-01-03 04:00:00+00:00,17944.03438862895
2025-01-03 08:00:00+00:00,17944.03438862895
2025-01-03 12:00:00+00:00,17944.03438862895
2025-01-03 16:00:00+00:00,17944.03438862895
2025-01-03 20:00:00+00:00,17944.03438862895
2025-01-04 00:00:00+00:00,17944.03438862895
2025-01-04 04:00:00+00:00,17944.03438862895
2025-01-04 08:00:00+00:00,17944.03438862895
2025-01-04 12:00:00+00:00,17944.03438862895
2025-01-04 16:00:00+00:00,17944.03438862895
2025-01-04 20:00:00+00:00,17944.03438862895
2025-01-05 00:00:00+00:00,17944.03438862895
2025-01-05 04:00:00+00:00,17944.03438862895
2025-01-05 08:00:00+00:00,17944.03438862895
2025-01-05 12:00:00+00:00,17944.03438862895
2025-01-05 16:00:00+00:00,17944.03438862895
2025-01-05 20:00:00+00:00,17944.03438862895
2025-01-06 00:00:00+00:00,17944.03438862895
2025-01-06 04:00:00+00:00,17944.03438862895
2025-01-06 08:00:00+00:00,17944.03438862895
2025-01-06 12:00:00+00:00,17944.03438862895
2025-01-06 16:00:00+00:00,17944.03438862895
2025-01-06 20:00:00+00:00,17944.03438862895
2025-01-07 00:00:00+00:00,17944.03438862895
2025-01-07 04:00:00+00:00,17944.03438862895
2025-01-07 08:00:00+00:00,17944.03438862895
2025-01-07 12:00:00+00:00,17944.03438862895
2025-01-07 16:00:00+00:00,17944.03438862895
2025-01-07 20:00:00+00:00,17944.03438862895
2025-01-08 00:00:00+00:00,18136.085546715774
2025-01-08 04:00:00+00:00,18331.210470455215
2025-01-08 08:00:00+00:00,18348.312841158746
2025-01-08 12:00:00+00:00,18374.62181964047
2025-01-08 16:00:00+00:00,18761.867558433612
2025-01-08 20:00:00+00:00,18647.861985012816
2025-01-09 00:00:00+00:00,18801.23187693406
2025-01-09 04:00:00+00:00,19248.484511123337
2025-01-09 08:00:00+00:00,19175.60644831409
2025-01-09 12:00:00+00:00,18879.630440394714
2025-01-09 16:00:00+00:00,19661.83166853578
2025-01-09 20:00:00+00:00,19609.213711572334
2025-01-10 00:00:00+00:00,19479.297564173226
2025-01-10 04:00:00+00:00,19102.202205935206
2025-01-10 08:00:00+00:00,19231.04143914846
2025-01-10 12:00:00+00:00,19478.784319851344
2025-01-10 16:00:00+00:00,19241.45299814111
2025-01-10 20:00:00+00:00,19511.120027578767
2025-01-11 00:00:00+00:00,19742.962200170274
2025-01-11 04:00:00+00:00,19789.002912513286
2025-01-11 08:00:00+00:00,19675.473224489528
2025-01-11 12:00:00+00:00,19837.711925126816
2025-01-11 16:00:00+00:00,19902.89855807693
2025-01-11 20:00:00+00:00,19598.15289066365
2025-01-12 00:00:00+00:00,19663.363640177366
2025-01-12 04:00:00+00:00,19797.100947459454
2025-01-12 08:00:00+00:00,19855.7145013774
2025-01-12 12:00:00+00:00,19524.659855482394
2025-01-12 16:00:00+00:00,19728.000415477214
2025-01-12 20:00:00+00:00,19903.393605355363
2025-01-13 00:00:00+00:00,20385.132706262946
2025-01-13 04:00:00+00:00,20518.870013545034
2025-01-13 08:00:00+00:00,21339.58932389137
2025-01-13 12:00:00+00:00,20870.41254096732
2025-01-13 16:00:00+00:00,21140.365931358225
2025-01-13 20:00:00+00:00,20506.75803292341
2025-01-14 00:00:00+00:00,20411.83238842203
2025-01-14 04:00:00+00:00,20229.86195392345
2025-01-14 08:00:00+00:00,20161.272693089697
2025-01-14 12:00:00+00:00,20049.45953454238
2025-01-14 16:00:00+00:00,19903.467210269482
2025-01-14 20:00:00+00:00,19725.881605517854
2025-01-15 00:00:00+00:00,19670.46904378921
2025-01-15 04:00:00+00:00,19672.661458662686
2025-01-15 08:00:00+00:00,19643.824660910483
2025-01-15 12:00:00+00:00,18213.896297252697
2025-01-15 16:00:00+00:00,18213.896297252697
2025-01-15 20:00:00+00:00,18213.896297252697
2025-01-16 00:00:00+00:00,18213.896297252697
2025-01-16 04:00:00+00:00,18213.896297252697
2025-01-16 08:00:00+00:00,18213.896297252697
2025-01-16 12:00:00+00:00,18213.896297252697
2025-01-16 16:00:00+00:00,18213.896297252697
2025-01-16 20:00:00+00:00,18213.896297252697
2025-01-17 00:00:00+00:00,18213.896297252697
2025-01-17 04:00:00+00:00,18213.896297252697
2025-01-17 08:00:00+00:00,18213.896297252697
2025-01-17 12:00:00+00:00,18213.896297252697
2025-01-17 16:00:00+00:00,18213.896297252697
2025-01-17 20:00:00+00:00,18213.896297252697
2025-01-18 00:00:00+00:00,18213.896297252697
2025-01-18 04:00:00+00:00,18213.896297252697
2025-01-18 08:00:00+00:00,18213.896297252697
2025-01-18 12:00:00+00:00,18213.896297252697
2025-01-18 16:00:00+00:00,18213.896297252697
2025-01-18 20:00:00+00:00,18213.896297252697
2025-01-19 00:00:00+00:00,18213.896297252697
2025-01-19 04:00:00+00:00,18213.896297252697
2025-01-19 08:00:00+00:00,18213.896297252697
2025-01-19 12:00:00+00:00,16675.246697038525
2025-01-19 16:00:00+00:00,16675.246697038525
2025-01-19 20:00:00+00:00,16675.246697038525
2025-01-20 00:00:00+00:00,16675.246697038525
2025-01-20 04:00:00+00:00,16675.246697038525
2025-01-20 08:00:00+00:00,16675.246697038525
2025-01-20 12:00:00+00:00,16675.246697038525
2025-01-20 16:00:00+00:00,16675.246697038525
2025-01-20 20:00:00+00:00,16675.246697038525
2025-01-21 00:00:00+00:00,16675.246697038525
2025-01-21 04:00:00+00:00,16675.246697038525
2025-01-21 08:00:00+00:00,16675.246697038525
2025-01-21 12:00:00+00:00,16675.246697038525
2025-01-21 16:00:00+00:00,16675.246697038525
2025-01-21 20:00:00+00:00,16675.246697038525
2025-01-22 00:00:00+00:00,16675.246697038525
2025-01-22 04:00:00+00:00,16675.246697038525
2025-01-22 08:00:00+00:00,16675.246697038525
2025-01-22 12:00:00+00:00,16675.246697038525
2025-01-22 16:00:00+00:00,16675.246697038525
2025-01-22 20:00:00+00:00,16675.246697038525
2025-01-23 00:00:00+00:00,16675.246697038525
2025-01-23 04:00:00+00:00,16675.246697038525
2025-01-23 08:00:00+00:00,16675.246697038525
2025-01-23 12:00:00+00:00,16675.246697038525
2025-01-23 16:00:00+00:00,16675.246697038525
2025-01-23 20:00:00+00:00,16675.246697038525
2025-01-24 00:00:00+00:00,16675.246697038525
2025-01-24 04:00:00+00:00,16675.246697038525
2025-01-24 08:00:00+00:00,16675.246697038525
2025-01-24 12:00:00+00:00,16675.246697038525
2025-01-24 16:00:00+00:00,16675.246697038525
2025-01-24 20:00:00+00:00,16986.02410156795
2025-01-25 00:00:00+00:00,16823.75806074179
2025-01-25 04:00:00+00:00,17118.782117238592
2025-01-25 08:00:00+00:00,17009.98584566894
2025-01-25 12:00:00+00:00,16883.546964313166
2025-01-25 16:00:00+00:00,16844.266111227837
2025-01-25 20:00:00+00:00,16954.314767222673
2025-01-26 00:00:00+00:00,16805.296017400706
2025-01-26 04:00:00+00:00,16650.75960685476
2025-01-26 08:00:00+00:00,16842.088561144854
2025-01-26 12:00:00+00:00,16828.03979654977
2025-01-26 16:00:00+00:00,16618.96139892417
2025-01-26 20:00:00+00:00,17548.52132296568
2025-01-27 00:00:00+00:00,18106.70878445445
2025-01-27 04:00:00+00:00,18813.82993574044
2025-01-27 08:00:00+00:00,18954.3155453697
2025-01-27 12:00:00+00:00,18481.34047066848
2025-01-27 16:00:00+00:00,18777.449702351325
2025-01-27 20:00:00+00:00,18302.133166884258
2025-01-28 00:00:00+00:00,18224.02906011788
2025-01-28 04:00:00+00:00,18336.41917687856
2025-01-28 08:00:00+00:00,18469.04349513948
2025-01-28 12:00:00+00:00,18600.165298026943
2025-01-28 16:00:00+00:00,18913.05587089755
2025-01-28 20:00:00+00:00,19500.762523125304
2025-01-29 00:00:00+00:00,19183.175655376188
2025-01-29 04:00:00+00:00,18888.151598879387
2025-01-29 08:00:00+00:00,19081.59887272434
2025-01-29 12:00:00+00:00,19273.59865552384
2025-01-29 16:00:00+00:00,19019.788991427493
2025-01-29 20:00:00+00:00,19202.422931163608
2025-01-30 00:00:00+00:00,18758.961969415897
2025-01-30 04:00:00+00:00,18782.376577074374
2025-01-30 08:00:00+00:00,18631.640357351404
2025-01-30 12:00:00+00:00,18472.42102527376
2025-01-30 16:00:00+00:00,18427.08168144212
2025-01-30 20:00:00+00:00,18623.76438577332
2025-01-31 00:00:00+00:00,18800.848829348302
2025-01-31 04:00:00+00:00,18620.556350378032
2025-01-31 08:00:00+00:00,18191.202923890633
2025-01-31 12:00:00+00:00,17652.666947745674
2025-01-31 16:00:00+00:00,17625.13933010591
2025-01-31 20:00:00+00:00,17625.13933010591
2025-02-01 00:00:00+00:00,17625.13933010591
2025-02-01 04:00:00+00:00,17625.13933010591
2025-02-01 08:00:00+00:00,17625.13933010591
2025-02-01 12:00:00+00:00,17625.13933010591
2025-02-01 16:00:00+00:00,18137.25276028545
2025-02-01 20:00:00+00:00,18784.479831142376
2025-02-02 00:00:00+00:00,19270.904024415504
2025-02-02 04:00:00+00:00,19042.806378298523
2025-02-02 08:00:00+00:00,19333.66798961113
2025-02-02 12:00:00+00:00,19231.024048858493
2025-02-02 16:00:00+00:00,20468.132454809704
2025-02-02 20:00:00+00:00,21180.937598925266
2025-02-03 00:00:00+00:00,23720.068785286086
2025-02-03 04:00:00+00:00,22705.034260065528
2025-02-03 08:00:00+00:00,22843.1494262633
2025-02-03 12:00:00+00:00,22002.039356206937
2025-02-03 16:00:00+00:00,21048.874485130193
2025-02-03 20:00:00+00:00,20689.62069249595
2025-02-04 00:00:00+00:00,21096.926992348956
2025-02-04 04:00:00+00:00,22237.415222933854
2025-02-04 08:00:00+00:00,21980.816037012235
2025-02-04 12:00:00+00:00,21678.58665590724
2025-02-04 16:00:00+00:00,21555.188216000646
2025-02-04 20:00:00+00:00,21637.873612718053
2025-02-05 00:00:00+00:00,21615.771917914823
2025-02-05 04:00:00+00:00,21359.16206603322
2025-02-05 08:00:00+00:00,21137.050204792027
2025-02-05 12:00:00+00:00,21353.742968603157
2025-02-05 16:00:00+00:00,21504.658876847112
2025-02-05 20:00:00+00:00,21832.54924314027
2025-02-06 00:00:00+00:00,21818.127634430715
2025-02-06 04:00:00+00:00,21627.095855807744
2025-02-06 08:00:00+00:00,21808.010691797805
2025-02-06 12:00:00+00:00,22515.11339476044
2025-02-06 16:00:00+00:00,22548.63651006084
2025-02-06 20:00:00+00:00,22548.63651006084
2025-02-07 00:00:00+00:00,22481.97731999388
2025-02-07 04:00:00+00:00,22587.472481322984
2025-02-07 08:00:00+00:00,22275.103589603976
2025-02-07 12:00:00+00:00,22323.57433940383
2025-02-07 16:00:00+00:00,22755.959466561555
2025-02-07 20:00:00+00:00,22915.627818843437
2025-02-08 00:00:00+00:00,22866.048617412518
2025-02-08 04:00:00+00:00,22846.09007337728
2025-02-08 08:00:00+00:00,22888.347862625924
2025-02-08 12:00:00+00:00,22805.66246590852
2025-02-08 16:00:00+00:00,22549.24434897356
2025-02-08 20:00:00+00:00,22418.088202456296
2025-02-09 00:00:00+00:00,21977.431206997877
2025-02-09 04:00:00+00:00,22174.165426773776
2025-02-09 08:00:00+00:00,22189.728529168337
2025-02-09 12:00:00+00:00,22266.711484732812
2025-02-09 16:00:00+00:00,22501.72703250812
2025-02-09 20:00:00+00:00,22453.256282708262
2025-02-10 00:00:00+00:00,22403.047995239962
2025-02-10 04:00:00+00:00,22194.90889315822
2025-02-10 08:00:00+00:00,22076.294156632423
2025-02-10 12:00:00+00:00,22022.120965679638
2025-02-10 16:00:00+00:00,21996.99543971574
2025-02-10 20:00:00+00:00,21996.99543971574
2025-02-11 00:00:00+00:00,21996.99543971574
2025-02-11 04:00:00+00:00,21996.99543971574
2025-02-11 08:00:00+00:00,21996.99543971574
2025-02-11 12:00:00+00:00,21996.99543971574
2025-02-11 16:00:00+00:00,21996.99543971574
2025-02-11 20:00:00+00:00,21996.99543971574
2025-02-12 00:00:00+00:00,21996.99543971574
2025-02-12 04:00:00+00:00,21996.99543971574
2025-02-12 08:00:00+00:00,21996.99543971574
2025-02-12 12:00:00+00:00,21996.99543971574
2025-02-12 16:00:00+00:00,21996.99543971574
2025-02-12 20:00:00+00:00,21996.99543971574
2025-02-13 00:00:00+00:00,21996.99543971574
2025-02-13 04:00:00+00:00,21996.99543971574
2025-02-13 08:00:00+00:00,21996.99543971574
2025-02-13 12:00:00+00:00,21996.99543971574
2025-02-13 16:00:00+00:00,21996.99543971574
2025-02-13 20:00:00+00:00,21996.99543971574
2025-02-14 00:00:00+00:00,21996.99543971574
2025-02-14 04:00:00+00:00,21996.99543971574
2025-02-14 08:00:00+00:00,21996.99543971574
2025-02-14 12:00:00+00:00,21996.99543971574
2025-02-14 16:00:00+00:00,21996.99543971574
2025-02-14 20:00:00+00:00,21996.99543971574
2025-02-15 00:00:00+00:00,21996.99543971574
2025-02-15 04:00:00+00:00,21996.99543971574
2025-02-15 08:00:00+00:00,21996.99543971574
2025-02-15 12:00:00+00:00,21996.99543971574
2025-02-15 16:00:00+00:00,21996.99543971574
2025-02-15 20:00:00+00:00,21996.99543971574
2025-02-16 00:00:00+00:00,22008.420720231883
2025-02-16 04:00:00+00:00,22036.17443808486
2025-02-16 08:00:00+00:00,21415.965409026965
2025-02-16 12:00:00+00:00,21702.753826841057
2025-02-16 16:00:00+00:00,21881.567104371785
2025-02-16 20:00:00+00:00,22080.468748984782
2025-02-17 00:00:00+00:00,21912.7901688328
2025-02-17 04:00:00+00:00,21954.420745612264
2025-02-17 08:00:00+00:00,20951.71597030195
2025-02-17 12:00:00+00:00,20951.71597030195
2025-02-17 16:00:00+00:00,20951.71597030195
2025-02-17 20:00:00+00:00,20951.71597030195
2025-02-18 00:00:00+00:00,20951.71597030195
2025-02-18 04:00:00+00:00,20951.71597030195
2025-02-18 08:00:00+00:00,20927.787663227027
2025-02-18 12:00:00+00:00,21623.063000875765
2025-02-18 16:00:00+00:00,21583.387847158025
2025-02-18 20:00:00+00:00,21122.88080533873
2025-02-19 00:00:00+00:00,20981.06115322066
2025-02-19 04:00:00+00:00,20800.47015642878
2025-02-19 08:00:00+00:00,20682.77214425109
2025-02-19 12:00:00+00:00,20953.65863943891
2025-02-19 16:00:00+00:00,20752.55699129183
2025-02-19 20:00:00+00:00,20644.2023932167
2025-02-20 00:00:00+00:00,20072.4793744428
2025-02-20 04:00:00+00:00,20383.99884390879
2025-02-20 08:00:00+00:00,20223.618688522874
2025-02-20 12:00:00+00:00,20180.25879019314
2025-02-20 16:00:00+00:00,20180.25879019314
2025-02-20 20:00:00+00:00,20180.25879019314
2025-02-21 00:00:00+00:00,20180.25879019314
2025-02-21 04:00:00+00:00,20180.25879019314
2025-02-21 08:00:00+00:00,20180.25879019314
2025-02-21 12:00:00+00:00,20180.25879019314
2025-02-21 16:00:00+00:00,20180.25879019314
2025-02-21 20:00:00+00:00,20180.25879019314
2025-02-22 00:00:00+00:00,20180.25879019314
2025-02-22 04:00:00+00:00,20071.054116050207
2025-02-22 08:00:00+00:00,19643.3126013855
2025-02-22 12:00:00+00:00,19677.69423826639
2025-02-22 16:00:00+00:00,19638.393018918305
2025-02-22 20:00:00+00:00,19638.393018918305
2025-02-23 00:00:00+00:00,19638.393018918305
2025-02-23 04:00:00+00:00,19002.365425382544
2025-02-23 08:00:00+00:00,18963.844026218885
2025-02-23 12:00:00+00:00,18963.844026218885
2025-02-23 16:00:00+00:00,18963.844026218885
2025-02-23 20:00:00+00:00,18963.844026218885
2025-02-24 00:00:00+00:00,18963.844026218885
2025-02-24 04:00:00+00:00,19136.65047517512
2025-02-24 08:00:00+00:00,19347.982519769048
2025-02-24 12:00:00+00:00,19629.062712301795
2025-02-24 16:00:00+00:00,19946.02605847256
2025-02-24 20:00:00+00:00,20946.34086130968
2025-02-25 00:00:00+00:00,21199.217162889043
2025-02-25 04:00:00+00:00,21720.042225523248
2025-02-25 08:00:00+00:00,20879.27682059018
2025-02-25 12:00:00+00:00,21077.68636826035
2025-02-25 16:00:00+00:00,20677.681961730246
2025-02-25 20:00:00+00:00,20595.011316867673
2025-02-26 00:00:00+00:00,20416.95547483328
2025-02-26 04:00:00+00:00,20454.157265021437
2025-02-26 08:00:00+00:00,20549.600320153444
2025-02-26 12:00:00+00:00,20413.1937561302
2025-02-26 16:00:00+00:00,20944.03726086208
2025-02-26 20:00:00+00:00,20472.814585145414
2025-02-27 00:00:00+00:00,20210.014112251454
2025-02-27 04:00:00+00:00,19933.06745196184
2025-02-27 08:00:00+00:00,20001.003707790554
2025-02-27 12:00:00+00:00,20120.876142841287
2025-02-27 16:00:00+00:00,20536.010506197716
2025-02-27 20:00:00+00:00,20374.802748715698
2025-02-28 00:00:00+00:00,21781.81213821857
2025-02-28 04:00:00+00:00,21835.548057379237
2025-02-28 08:00:00+00:00,21645.877629364437
2025-02-28 12:00:00+00:00,20695.165213444856
2025-02-28 16:00:00+00:00,20584.559886027484
2025-02-28 20:00:00+00:00,20501.88924116491
2025-03-01 00:00:00+00:00,20437.49666252823
2025-03-01 04:00:00+00:00,20656.573871414046
2025-03-01 08:00:00+00:00,21030.320003126468
2025-03-01 12:00:00+00:00,21042.720599855857
2025-03-01 16:00:00+00:00,20828.435256632845
2025-03-01 20:00:00+00:00,20679.628095880213
2025-03-02 00:00:00+00:00,20623.48480754115
2025-03-02 04:00:00+00:00,20702.02192016059
2025-03-02 08:00:00+00:00,20553.931810521197
2025-03-02 12:00:00+00:00,20512.596488089912
2025-03-02 16:00:00+00:00,19210.129138632452
2025-03-02 20:00:00+00:00,19210.129138632452
2025-03-03 00:00:00+00:00,19210.129138632452
2025-03-03 04:00:00+00:00,19210.129138632452
2025-03-03 08:00:00+00:00,19210.129138632452
2025-03-03 12:00:00+00:00,19210.129138632452
2025-03-03 16:00:00+00:00,19210.129138632452
2025-03-03 20:00:00+00:00,19017.960132531596
2025-03-04 00:00:00+00:00,19792.386118111248
2025-03-04 04:00:00+00:00,19797.343271444086
2025-03-04 08:00:00+00:00,19894.63858180068
2025-03-04 12:00:00+00:00,19978.910188458947
2025-03-04 16:00:00+00:00,19541.721672487285
2025-03-04 20:00:00+00:00,19596.25035914852
2025-03-05 00:00:00+00:00,19824.2444214009
2025-03-05 04:00:00+00:00,19452.45792143795
2025-03-05 08:00:00+00:00,19039.6943118409
2025-03-05 12:00:00+00:00,17490.507926245606
2025-03-05 16:00:00+00:00,17490.507926245606
2025-03-05 20:00:00+00:00,17490.507926245606
2025-03-06 00:00:00+00:00,17490.507926245606
2025-03-06 04:00:00+00:00,17490.507926245606
2025-03-06 08:00:00+00:00,17490.507926245606
2025-03-06 12:00:00+00:00,17490.507926245606
2025-03-06 16:00:00+00:00,17490.507926245606
2025-03-06 20:00:00+00:00,17490.507926245606
2025-03-07 00:00:00+00:00,17490.507926245606
2025-03-07 04:00:00+00:00,17490.507926245606
2025-03-07 08:00:00+00:00,17490.507926245606
2025-03-07 12:00:00+00:00,17490.507926245606
2025-03-07 16:00:00+00:00,17490.507926245606
2025-03-07 20:00:00+00:00,17490.507926245606
2025-03-08 00:00:00+00:00,17499.870287742175
2025-03-08 04:00:00+00:00,17757.468469336545
2025-03-08 08:00:00+00:00,17899.064735694847
2025-03-08 12:00:00+00:00,17659.23194593457
2025-03-08 16:00:00+00:00,17103.598429374433
2025-03-08 20:00:00+00:00,17316.783131383567
2025-03-09 00:00:00+00:00,17650.66531650197
2025-03-09 04:00:00+00:00,17757.25766750654
2025-03-09 08:00:00+00:00,18209.48029256422
2025-03-09 12:00:00+00:00,18631.408348623965
2025-03-09 16:00:00+00:00,19219.958766882373
2025-03-09 20:00:00+00:00,19468.674252559696
2025-03-10 00:00:00+00:00,19252.24813302867
2025-03-10 04:00:00+00:00,19003.532647351345
2025-03-10 08:00:00+00:00,18668.849014598283
2025-03-10 12:00:00+00:00,19659.269609349052
2025-03-10 16:00:00+00:00,20498.23045198187
2025-03-10 20:00:00+00:00,20755.828633576246
2025-03-11 00:00:00+00:00,20749.923355684685
2025-03-11 04:00:00+00:00,20288.023167998224
2025-03-11 08:00:00+00:00,20168.468711443136
2025-03-11 12:00:00+00:00,20301.709150198847
2025-03-11 16:00:00+00:00,19623.639766522196
2025-03-11 20:00:00+00:00,19983.38895116261
2025-03-12 00:00:00+00:00,20371.2189497312
2025-03-12 04:00:00+00:00,19953.73224162998
2025-03-12 08:00:00+00:00,19625.95375357737
2025-03-12 12:00:00+00:00,19985.702938217786
2025-03-12 16:00:00+00:00,19685.190676108978
2025-03-12 20:00:00+00:00,19503.095409809506
2025-03-13 00:00:00+00:00,19695.620293519973
2025-03-13 04:00:00+00:00,19775.5645567734
2025-03-13 08:00:00+00:00,19457.3077771659
2025-03-13 12:00:00+00:00,19812.61561384779
2025-03-13 16:00:00+00:00,20044.455567507364
2025-03-13 20:00:00+00:00,19720.23716653514
2025-03-14 00:00:00+00:00,19557.433339228315
2025-03-14 04:00:00+00:00,19557.433339228315
2025-03-14 08:00:00+00:00,19402.87108153975
2025-03-14 12:00:00+00:00,18985.384373438523
2025-03-14 16:00:00+00:00,18950.20556441979
2025-03-14 20:00:00+00:00,18950.20556441979
2025-03-15 00:00:00+00:00,18950.20556441979
2025-03-15 04:00:00+00:00,18950.20556441979
2025-03-15 08:00:00+00:00,18950.20556441979
2025-03-15 12:00:00+00:00,18950.20556441979
2025-03-15 16:00:00+00:00,18950.20556441979
2025-03-15 20:00:00+00:00,18950.20556441979
2025-03-16 00:00:00+00:00,18950.20556441979
2025-03-16 04:00:00+00:00,18950.20556441979
2025-03-16 08:00:00+00:00,18950.20556441979
2025-03-16 12:00:00+00:00,18950.20556441979
2025-03-16 16:00:00+00:00,18950.20556441979
2025-03-16 20:00:00+00:00,18950.20556441979
2025-03-17 00:00:00+00:00,18149.228115055572
2025-03-17 04:00:00+00:00,18149.228115055572
2025-03-17 08:00:00+00:00,18149.228115055572
2025-03-17 12:00:00+00:00,18149.228115055572
2025-03-17 16:00:00+00:00,18149.228115055572
2025-03-17 20:00:00+00:00,18149.228115055572
2025-03-18 00:00:00+00:00,18149.228115055572
2025-03-18 04:00:00+00:00,18149.228115055572
2025-03-18 08:00:00+00:00,18149.228115055572
2025-03-18 12:00:00+00:00,18149.228115055572
2025-03-18 16:00:00+00:00,18149.228115055572
2025-03-18 20:00:00+00:00,18149.228115055572
2025-03-19 00:00:00+00:00,18149.228115055572
2025-03-19 04:00:00+00:00,18149.228115055572
2025-03-19 08:00:00+00:00,18149.228115055572
2025-03-19 12:00:00+00:00,18149.228115055572
2025-03-19 16:00:00+00:00,18149.228115055572
2025-03-19 20:00:00+00:00,18149.228115055572
2025-03-20 00:00:00+00:00,18149.228115055572
2025-03-20 04:00:00+00:00,18149.228115055572
2025-03-20 08:00:00+00:00,18149.228115055572
2025-03-20 12:00:00+00:00,18149.228115055572
2025-03-20 16:00:00+00:00,18149.228115055572
2025-03-20 20:00:00+00:00,18149.228115055572
2025-03-21 00:00:00+00:00,18149.228115055572
2025-03-21 04:00:00+00:00,18149.228115055572
2025-03-21 08:00:00+00:00,18149.228115055572
2025-03-21 12:00:00+00:00,18149.228115055572
2025-03-21 16:00:00+00:00,17951.386556262318
2025-03-21 20:00:00+00:00,18158.27045522486
2025-03-22 00:00:00+00:00,18011.772140026544
2025-03-22 04:00:00+00:00,17820.026087329552
2025-03-22 08:00:00+00:00,17725.38596357659
2025-03-22 12:00:00+00:00,17876.764426232112
2025-03-22 16:00:00+00:00,17599.642250204906
2025-03-22 20:00:00+00:00,17892.307278005574
2025-03-23 00:00:00+00:00,17488.778046114487
2025-03-23 04:00:00+00:00,17503.915892380042
2025-03-23 08:00:00+00:00,17467.993424929522
2025-03-23 12:00:00+00:00,17467.993424929522
2025-03-23 16:00:00+00:00,17467.993424929522
2025-03-23 20:00:00+00:00,17260.26045808417
2025-03-24 00:00:00+00:00,17041.32134939282
2025-03-24 04:00:00+00:00,17005.52848324661
2025-03-24 08:00:00+00:00,17005.52848324661
2025-03-24 12:00:00+00:00,17005.52848324661
2025-03-24 16:00:00+00:00,17005.52848324661
2025-03-24 20:00:00+00:00,17005.52848324661
2025-03-25 00:00:00+00:00,17005.52848324661
2025-03-25 04:00:00+00:00,17005.52848324661
2025-03-25 08:00:00+00:00,17005.52848324661
2025-03-25 12:00:00+00:00,17005.52848324661
2025-03-25 16:00:00+00:00,17005.52848324661
2025-03-25 20:00:00+00:00,17005.52848324661
2025-03-26 00:00:00+00:00,17005.52848324661
2025-03-26 04:00:00+00:00,17005.52848324661
2025-03-26 08:00:00+00:00,17005.52848324661
2025-03-26 12:00:00+00:00,17005.52848324661
2025-03-26 16:00:00+00:00,17005.52848324661
2025-03-26 20:00:00+00:00,17005.52848324661
2025-03-27 00:00:00+00:00,17005.52848324661
2025-03-27 04:00:00+00:00,17005.52848324661
2025-03-27 08:00:00+00:00,17005.52848324661
2025-03-27 12:00:00+00:00,17005.52848324661
2025-03-27 16:00:00+00:00,17005.52848324661
2025-03-27 20:00:00+00:00,17005.52848324661
2025-03-28 00:00:00+00:00,17005.52848324661
2025-03-28 04:00:00+00:00,17910.60486094441
2025-03-28 08:00:00+00:00,18014.323094915926
2025-03-28 12:00:00+00:00,18373.808489402083
2025-03-28 16:00:00+00:00,18573.393441113025
2025-03-28 20:00:00+00:00,18389.157176438872
2025-03-29 00:00:00+00:00,18565.980875285786
2025-03-29 04:00:00+00:00,18934.4534046341
2025-03-29 08:00:00+00:00,19074.24818702861
2025-03-29 12:00:00+00:00,19065.261052166454
2025-03-29 16:00:00+00:00,19134.740081586122
2025-03-29 20:00:00+00:00,19139.233649017202
2025-03-30 00:00:00+00:00,18918.63248405748
2025-03-30 04:00:00+00:00,18968.061725799325
2025-03-30 08:00:00+00:00,18984.914615346133
2025-03-30 12:00:00+00:00,19065.79882910552
2025-03-30 16:00:00+00:00,19006.62695835595
2025-03-30 20:00:00+00:00,19092.004739546413
2025-03-31 00:00:00+00:00,19237.837446490452
2025-03-31 04:00:00+00:00,19399.605874009223
2025-03-31 08:00:00+00:00,19398.67952256691
2025-03-31 12:00:00+00:00,19070.649100098293
2025-03-31 16:00:00+00:00,19205.852153081192
2025-03-31 20:00:00+00:00,19273.25566454735
2025-04-01 00:00:00+00:00,19048.30016058022
2025-04-01 04:00:00+00:00,18980.896649114067
2025-04-01 08:00:00+00:00,19021.089014929603
2025-04-01 12:00:00+00:00,18733.50069934067
2025-04-01 16:00:00+00:00,18999.98639177213
2025-04-01 20:00:00+00:00,19026.947796358596
2025-04-02 00:00:00+00:00,19289.071964029095
2025-04-02 04:00:00+00:00,19599.128116773405
2025-04-02 08:00:00+00:00,19473.43457263116
2025-04-02 12:00:00+00:00,19046.545666678845
2025-04-02 16:00:00+00:00,19154.14774791454
2025-04-02 20:00:00+00:00,20210.13609421763
2025-04-03 00:00:00+00:00,19878.788486300014
2025-04-03 04:00:00+00:00,20206.818908768637
2025-04-03 08:00:00+00:00,20471.601375712668
2025-04-03 12:00:00+00:00,20453.62710598836
2025-04-03 16:00:00+00:00,20336.322472255182
2025-04-03 20:00:00+00:00,20053.227724097334
2025-04-04 00:00:00+00:00,20024.262405565787
2025-04-04 04:00:00+00:00,19813.064736305172
2025-04-04 08:00:00+00:00,20280.704680370247
2025-04-04 12:00:00+00:00,20033.55847166101
2025-04-04 16:00:00+00:00,19984.99386423492
2025-04-04 20:00:00+00:00,19962.526027079533
2025-04-05 00:00:00+00:00,20013.35905928685
2025-04-05 04:00:00+00:00,19918.99414323423
2025-04-05 08:00:00+00:00,19929.389562129287
2025-04-05 12:00:00+00:00,20216.977877718215
2025-04-05 16:00:00+00:00,20245.183768435258
2025-04-05 20:00:00+00:00,20128.351015227257
2025-04-06 00:00:00+00:00,20317.57148733337
2025-04-06 04:00:00+00:00,20407.442835954906
2025-04-06 08:00:00+00:00,20390.04754927288
2025-04-06 12:00:00+00:00,20718.0779717415
2025-04-06 16:00:00+00:00,21683.763139570096
2025-04-06 20:00:00+00:00,21966.857887727943
2025-04-07 00:00:00+00:00,22150.253520207167
2025-04-07 04:00:00+00:00,22716.443016522862
2025-04-07 08:00:00+00:00,22698.81873989133
2025-04-07 12:00:00+00:00,22698.81873989133
2025-04-07 16:00:00+00:00,22698.81873989133
2025-04-07 20:00:00+00:00,22698.81873989133
2025-04-08 00:00:00+00:00,22698.81873989133
2025-04-08 04:00:00+00:00,22698.81873989133
2025-04-08 08:00:00+00:00,22698.81873989133
2025-04-08 12:00:00+00:00,22698.81873989133
2025-04-08 16:00:00+00:00,22698.81873989133
2025-04-08 20:00:00+00:00,22698.81873989133
2025-04-09 00:00:00+00:00,22698.81873989133
2025-04-09 04:00:00+00:00,22698.81873989133
2025-04-09 08:00:00+00:00,22698.81873989133
2025-04-09 12:00:00+00:00,22698.81873989133
2025-04-09 16:00:00+00:00,22698.81873989133
2025-04-09 20:00:00+00:00,22698.81873989133
2025-04-10 00:00:00+00:00,22698.81873989133
2025-04-10 04:00:00+00:00,22698.81873989133
2025-04-10 08:00:00+00:00,22698.81873989133
2025-04-10 12:00:00+00:00,22698.81873989133
2025-04-10 16:00:00+00:00,22300.004541277565
2025-04-10 20:00:00+00:00,22253.809275400556
2025-04-11 00:00:00+00:00,22253.809275400556
2025-04-11 04:00:00+00:00,22253.809275400556
2025-04-11 08:00:00+00:00,22253.809275400556
2025-04-11 12:00:00+00:00,22253.809275400556
2025-04-11 16:00:00+00:00,22253.809275400556
2025-04-11 20:00:00+00:00,22253.809275400556
2025-04-12 00:00:00+00:00,22253.809275400556
2025-04-12 04:00:00+00:00,22253.809275400556
2025-04-12 08:00:00+00:00,22253.809275400556
2025-04-12 12:00:00+00:00,22253.809275400556
2025-04-12 16:00:00+00:00,22253.809275400556
2025-04-12 20:00:00+00:00,22253.809275400556
2025-04-13 00:00:00+00:00,22253.809275400556
2025-04-13 04:00:00+00:00,22253.809275400556
2025-04-13 08:00:00+00:00,22253.809275400556
2025-04-13 12:00:00+00:00,22253.809275400556
2025-04-13 16:00:00+00:00,22253.809275400556
2025-04-13 20:00:00+00:00,22253.809275400556
2025-04-14 00:00:00+00:00,22253.809275400556
2025-04-14 04:00:00+00:00,22253.809275400556
2025-04-14 08:00:00+00:00,22253.809275400556
2025-04-14 12:00:00+00:00,22253.809275400556
2025-04-14 16:00:00+00:00,22253.809275400556
2025-04-14 20:00:00+00:00,22253.809275400556
2025-04-15 00:00:00+00:00,22253.809275400556
2025-04-15 04:00:00+00:00,22253.809275400556
2025-04-15 08:00:00+00:00,22368.59521606376
2025-04-15 12:00:00+00:00,22558.336588490372
2025-04-15 16:00:00+00:00,22999.627671326467
2025-04-15 20:00:00+00:00,23295.624212311985
2025-04-16 00:00:00+00:00,23151.79547037823
2025-04-16 04:00:00+00:00,23538.867870128524
2025-04-16 08:00:00+00:00,23309.520108199467
2025-04-16 12:00:00+00:00,23248.80286902295
2025-04-16 16:00:00+00:00,23088.499076498632
2025-04-16 20:00:00+00:00,23361.726652792957
2025-04-17 00:00:00+00:00,23407.967605077767
2025-04-17 04:00:00+00:00,23028.48486022454
2025-04-17 08:00:00+00:00,23190.015485398762
2025-04-17 12:00:00+00:00,23243.14306967821
2025-04-17 16:00:00+00:00,23097.243891822643
2025-04-17 20:00:00+00:00,23082.064582028517
2025-04-18 00:00:00+00:00,22915.574079430786
2025-04-18 04:00:00+00:00,22551.270644371685
2025-04-18 08:00:00+00:00,22553.466331533407
2025-04-18 12:00:00+00:00,22621.77322560699
2025-04-18 16:00:00+00:00,22403.86284902992
2025-04-18 20:00:00+00:00,22359.645519599624
2025-04-19 00:00:00+00:00,22359.645519599624
2025-04-19 04:00:00+00:00,22359.645519599624
2025-04-19 08:00:00+00:00,22359.645519599624
2025-04-19 12:00:00+00:00,22359.645519599624
2025-04-19 16:00:00+00:00,22359.645519599624
2025-04-19 20:00:00+00:00,22359.645519599624
2025-04-20 00:00:00+00:00,22359.645519599624
2025-04-20 04:00:00+00:00,22359.645519599624
2025-04-20 08:00:00+00:00,22359.645519599624
2025-04-20 12:00:00+00:00,22359.645519599624
2025-04-20 16:00:00+00:00,22359.645519599624
2025-04-20 20:00:00+00:00,22359.645519599624
2025-04-21 00:00:00+00:00,22359.645519599624
2025-04-21 04:00:00+00:00,22359.645519599624
2025-04-21 08:00:00+00:00,22359.645519599624
2025-04-21 12:00:00+00:00,22359.645519599624
2025-04-21 16:00:00+00:00,22359.645519599624
2025-04-21 20:00:00+00:00,22359.645519599624
2025-04-22 00:00:00+00:00,22359.645519599624
2025-04-22 04:00:00+00:00,22359.645519599624
2025-04-22 08:00:00+00:00,22359.645519599624
2025-04-22 12:00:00+00:00,22359.645519599624
2025-04-22 16:00:00+00:00,22359.645519599624
2025-04-22 20:00:00+00:00,22359.645519599624
2025-04-23 00:00:00+00:00,22359.645519599624
2025-04-23 04:00:00+00:00,22359.645519599624
2025-04-23 08:00:00+00:00,22359.645519599624
2025-04-23 12:00:00+00:00,22359.645519599624
2025-04-23 16:00:00+00:00,22359.645519599624
2025-04-23 20:00:00+00:00,22359.645519599624
2025-04-24 00:00:00+00:00,22359.645519599624
2025-04-24 04:00:00+00:00,22359.645519599624
2025-04-24 08:00:00+00:00,22359.645519599624
2025-04-24 12:00:00+00:00,22359.645519599624
2025-04-24 16:00:00+00:00,22359.645519599624
2025-04-24 20:00:00+00:00,22359.645519599624
2025-04-25 00:00:00+00:00,22359.645519599624
2025-04-25 04:00:00+00:00,22359.645519599624
2025-04-25 08:00:00+00:00,22359.645519599624
2025-04-25 12:00:00+00:00,22359.645519599624
2025-04-25 16:00:00+00:00,22359.645519599624
2025-04-25 20:00:00+00:00,22359.645519599624
2025-04-26 00:00:00+00:00,22359.645519599624
2025-04-26 04:00:00+00:00,22359.645519599624
2025-04-26 08:00:00+00:00,22359.645519599624
2025-04-26 12:00:00+00:00,22359.645519599624
2025-04-26 16:00:00+00:00,22359.645519599624
2025-04-26 20:00:00+00:00,22359.645519599624
2025-04-27 00:00:00+00:00,22359.645519599624
2025-04-27 04:00:00+00:00,22359.645519599624
2025-04-27 08:00:00+00:00,22359.645519599624
2025-04-27 12:00:00+00:00,22359.645519599624
2025-04-27 16:00:00+00:00,22359.645519599624
2025-04-27 20:00:00+00:00,22359.645519599624
2025-04-28 00:00:00+00:00,22359.645519599624
2025-04-28 04:00:00+00:00,22359.645519599624
2025-04-28 08:00:00+00:00,22359.645519599624
2025-04-28 12:00:00+00:00,22359.645519599624
2025-04-28 16:00:00+00:00,21760.973100602998
2025-04-28 20:00:00+00:00,22044.65928872334
2025-04-29 00:00:00+00:00,22033.418561240727
2025-04-29 04:00:00+00:00,21695.69690871651
2025-04-29 08:00:00+00:00,21933.401494120804
2025-04-29 12:00:00+00:00,22102.262320382913
2025-04-29 16:00:00+00:00,22075.076743356534
2025-04-29 20:00:00+00:00,22588.41365519334
2025-04-30 00:00:00+00:00,22499.54114546545
2025-04-30 04:00:00+00:00,22722.437436131437
2025-04-30 08:00:00+00:00,22120.721180242344
2025-04-30 12:00:00+00:00,22931.253146300463
2025-04-30 16:00:00+00:00,22795.12184331193
2025-04-30 20:00:00+00:00,22720.823079756603
2025-05-01 00:00:00+00:00,22620.325142393278
2025-05-01 04:00:00+00:00,22383.919985626326
2025-05-01 08:00:00+00:00,21750.500069215017
2025-05-01 12:00:00+00:00,21736.99120311405
2025-05-01 16:00:00+00:00,21765.834430674957
2025-05-01 20:00:00+00:00,21726.68573671435
2025-05-02 00:00:00+00:00,21726.68573671435
2025-05-02 04:00:00+00:00,21726.68573671435
2025-05-02 08:00:00+00:00,21726.68573671435
2025-05-02 12:00:00+00:00,21726.68573671435
2025-05-02 16:00:00+00:00,21726.68573671435
2025-05-02 20:00:00+00:00,21726.68573671435
2025-05-03 00:00:00+00:00,21726.68573671435
2025-05-03 04:00:00+00:00,21726.68573671435
2025-05-03 08:00:00+00:00,21726.68573671435
2025-05-03 12:00:00+00:00,21415.861967097466
2025-05-03 16:00:00+00:00,21780.76310004833
2025-05-03 20:00:00+00:00,22101.503080734772
2025-05-04 00:00:00+00:00,22240.474560475643
2025-05-04 04:00:00+00:00,22106.83290185629
2025-05-04 08:00:00+00:00,22230.607669125176
2025-05-04 12:00:00+00:00,22417.70599119227
2025-05-04 16:00:00+00:00,22570.962814047358
2025-05-04 20:00:00+00:00,22711.286555597675
2025-05-05 00:00:00+00:00,22478.03796269488
2025-05-05 04:00:00+00:00,22103.841318560695
2025-05-05 08:00:00+00:00,22656.421112280746
2025-05-05 12:00:00+00:00,22770.016522107195
2025-05-05 16:00:00+00:00,22663.41413765512
2025-05-05 20:00:00+00:00,22670.09622058609
2025-05-06 00:00:00+00:00,22675.90639372997
2025-05-06 04:00:00+00:00,22856.322632866097
2025-05-06 08:00:00+00:00,23311.406945579616
2025-05-06 12:00:00+00:00,23331.453194372523
2025-05-06 16:00:00+00:00,23164.30538288693
2025-05-06 20:00:00+00:00,22843.565402200486
2025-05-07 00:00:00+00:00,22931.289270140176
2025-05-07 04:00:00+00:00,22837.740109106628
2025-05-07 08:00:00+00:00,22877.562235718317
2025-05-07 12:00:00+00:00,23291.85137743831
2025-05-07 16:00:00+00:00,23304.59543050182
2025-05-07 20:00:00+00:00,22683.161717921834
2025-05-08 00:00:00+00:00,21669.561903789694
2025-05-08 04:00:00+00:00,21447.14400051606
2025-05-08 08:00:00+00:00,21447.14400051606
2025-05-08 12:00:00+00:00,21447.14400051606
2025-05-08 16:00:00+00:00,21447.14400051606
2025-05-08 20:00:00+00:00,21447.14400051606
2025-05-09 00:00:00+00:00,21447.14400051606
2025-05-09 04:00:00+00:00,21447.14400051606
2025-05-09 08:00:00+00:00,21447.14400051606
2025-05-09 12:00:00+00:00,21447.14400051606
2025-05-09 16:00:00+00:00,21447.14400051606
2025-05-09 20:00:00+00:00,21447.14400051606
2025-05-10 00:00:00+00:00,21447.14400051606
2025-05-10 04:00:00+00:00,21447.14400051606
2025-05-10 08:00:00+00:00,21447.14400051606
2025-05-10 12:00:00+00:00,21447.14400051606
2025-05-10 16:00:00+00:00,21447.14400051606
2025-05-10 20:00:00+00:00,21447.14400051606
2025-05-11 00:00:00+00:00,21447.14400051606
2025-05-11 04:00:00+00:00,21447.14400051606
2025-05-11 08:00:00+00:00,21447.14400051606
2025-05-11 12:00:00+00:00,21447.14400051606
2025-05-11 16:00:00+00:00,21447.14400051606
2025-05-11 20:00:00+00:00,21447.14400051606
2025-05-12 00:00:00+00:00,21447.14400051606
2025-05-12 04:00:00+00:00,21447.14400051606
2025-05-12 08:00:00+00:00,21447.14400051606
2025-05-12 12:00:00+00:00,21447.14400051606
2025-05-12 16:00:00+00:00,21447.14400051606
2025-05-12 20:00:00+00:00,21447.14400051606
2025-05-13 00:00:00+00:00,21447.14400051606
2025-05-13 04:00:00+00:00,21447.14400051606
2025-05-13 08:00:00+00:00,21447.14400051606
2025-05-13 12:00:00+00:00,21447.14400051606
2025-05-13 16:00:00+00:00,21447.14400051606
2025-05-13 20:00:00+00:00,21447.14400051606
2025-05-14 00:00:00+00:00,21447.14400051606
2025-05-14 04:00:00+00:00,21447.14400051606
2025-05-14 08:00:00+00:00,21447.14400051606
2025-05-14 12:00:00+00:00,21447.14400051606
2025-05-14 16:00:00+00:00,21447.14400051606
2025-05-14 20:00:00+00:00,21447.14400051606
2025-05-15 00:00:00+00:00,21447.14400051606
2025-05-15 04:00:00+00:00,21447.14400051606
2025-05-15 08:00:00+00:00,21129.05630225222
2025-05-15 12:00:00+00:00,20975.630993728977
2025-05-15 16:00:00+00:00,21639.13778633811
2025-05-15 20:00:00+00:00,21850.75890154258
2025-05-16 00:00:00+00:00,21406.981879724153
2025-05-16 04:00:00+00:00,21105.421790557783
2025-05-16 08:00:00+00:00,21088.840279446056
2025-05-16 12:00:00+00:00,21215.81294856874
2025-05-16 16:00:00+00:00,21613.498598082962
2025-05-16 20:00:00+00:00,22280.10511097705
2025-05-17 00:00:00+00:00,22763.60433772931
2025-05-17 04:00:00+00:00,22927.610702012775
2025-05-17 08:00:00+00:00,22946.729362799488
2025-05-17 12:00:00+00:00,22994.344113720494
2025-05-17 16:00:00+00:00,23184.67991804569
2025-05-17 20:00:00+00:00,23015.38302588211
2025-05-18 00:00:00+00:00,23051.21029318992
2025-05-18 04:00:00+00:00,22178.273192971476
2025-05-18 08:00:00+00:00,22462.047175177147
2025-05-18 12:00:00+00:00,21478.008989476355
2025-05-18 16:00:00+00:00,23077.017953120696
2025-05-18 20:00:00+00:00,21997.75026557789
2025-05-19 00:00:00+00:00,23067.229952462796
2025-05-19 04:00:00+00:00,23109.55417550369
2025-05-19 08:00:00+00:00,23205.55555160804
2025-05-19 12:00:00+00:00,22586.563789634954
2025-05-19 16:00:00+00:00,22254.87906390613
2025-05-19 20:00:00+00:00,22175.521145704453
2025-05-20 00:00:00+00:00,21949.343034899463
2025-05-20 04:00:00+00:00,22229.741012545386
2025-05-20 08:00:00+00:00,22241.705458179164
2025-05-20 12:00:00+00:00,22416.292878222856
2025-05-20 16:00:00+00:00,22252.43096995147
2025-05-20 20:00:00+00:00,22088.424605668002
2025-05-21 00:00:00+00:00,21783.20363944738
2025-05-21 04:00:00+00:00,21746.265173788437
2025-05-21 08:00:00+00:00,21746.265173788437
2025-05-21 12:00:00+00:00,21746.265173788437
2025-05-21 16:00:00+00:00,21746.265173788437
2025-05-21 20:00:00+00:00,21746.265173788437
2025-05-22 00:00:00+00:00,21746.265173788437
2025-05-22 04:00:00+00:00,21746.265173788437
2025-05-22 08:00:00+00:00,21746.265173788437
2025-05-22 12:00:00+00:00,21746.265173788437
2025-05-22 16:00:00+00:00,21746.265173788437
2025-05-22 20:00:00+00:00,21746.265173788437
2025-05-23 00:00:00+00:00,21746.265173788437
2025-05-23 04:00:00+00:00,21746.265173788437
2025-05-23 08:00:00+00:00,21746.265173788437
2025-05-23 12:00:00+00:00,21746.265173788437
2025-05-23 16:00:00+00:00,21746.265173788437
2025-05-23 20:00:00+00:00,21746.265173788437
2025-05-24 00:00:00+00:00,21746.265173788437
2025-05-24 04:00:00+00:00,21872.277548025497
2025-05-24 08:00:00+00:00,21783.939280357725
2025-05-24 12:00:00+00:00,21756.58572165384
2025-05-24 16:00:00+00:00,21864.540074611436
2025-05-24 20:00:00+00:00,22056.014985538637
2025-05-25 00:00:00+00:00,22198.999402650134
2025-05-25 04:00:00+00:00,22461.593566207437
2025-05-25 08:00:00+00:00,22636.98936120459
2025-05-25 12:00:00+00:00,22576.81153205604
2025-05-25 16:00:00+00:00,22471.171606043685
2025-05-25 20:00:00+00:00,21956.92470241063
2025-05-26 00:00:00+00:00,21722.033142971297
2025-05-26 04:00:00+00:00,21289.8469154499
2025-05-26 08:00:00+00:00,21651.517439064417
2025-05-26 12:00:00+00:00,21755.460962139183
2025-05-26 16:00:00+00:00,22124.17216254586
2025-05-26 20:00:00+00:00,22047.58219817498
2025-05-27 00:00:00+00:00,22271.521958162044
2025-05-27 04:00:00+00:00,21790.099324973653
2025-05-27 08:00:00+00:00,21140.916113573065
2025-05-27 12:00:00+00:00,21305.037465796377
2025-05-27 16:00:00+00:00,21262.70023729062
2025-05-27 20:00:00+00:00,21262.70023729062
2025-05-28 00:00:00+00:00,21262.70023729062
2025-05-28 04:00:00+00:00,21262.70023729062
2025-05-28 08:00:00+00:00,21262.70023729062
2025-05-28 12:00:00+00:00,21262.70023729062
2025-05-28 16:00:00+00:00,21262.70023729062
2025-05-28 20:00:00+00:00,21262.70023729062
2025-05-29 00:00:00+00:00,21262.70023729062
2025-05-29 04:00:00+00:00,21262.70023729062
2025-05-29 08:00:00+00:00,21262.70023729062
2025-05-29 12:00:00+00:00,21262.70023729062
2025-05-29 16:00:00+00:00,21262.70023729062
2025-05-29 20:00:00+00:00,21262.70023729062
2025-05-30 00:00:00+00:00,21262.70023729062
2025-05-30 04:00:00+00:00,21817.800224359686
2025-05-30 08:00:00+00:00,21833.52266977548
2025-05-30 12:00:00+00:00,22336.269910811345
2025-05-30 16:00:00+00:00,22690.08525725244
2025-05-30 20:00:00+00:00,23907.85079665042
2025-05-31 00:00:00+00:00,24165.425097300464
2025-05-31 04:00:00+00:00,23953.15403997421
2025-05-31 08:00:00+00:00,23627.064993839616
2025-05-31 12:00:00+00:00,23520.92946517649
2025-05-31 16:00:00+00:00,23378.891404199523
2025-05-31 20:00:00+00:00,23546.47381787814
2025-06-01 00:00:00+00:00,23663.82699602354
2025-06-01 04:00:00+00:00,23602.38011100805
2025-06-01 08:00:00+00:00,23793.153336117142
2025-06-01 12:00:00+00:00,23564.124037423026
2025-06-01 16:00:00+00:00,23649.80948414495
2025-06-01 20:00:00+00:00,23381.677622259158
2025-06-02 00:00:00+00:00,23632.62459191706
2025-06-02 04:00:00+00:00,23437.11177595867
2025-06-02 08:00:00+00:00,23784.75416587323
2025-06-02 12:00:00+00:00,23181.457476630196
2025-06-02 16:00:00+00:00,23466.872523974187
2025-06-02 20:00:00+00:00,22533.997087829866
2025-06-03 00:00:00+00:00,22440.185925590267
2025-06-03 04:00:00+00:00,22267.017431455693
2025-06-03 08:00:00+00:00,22234.891910907347
2025-06-03 12:00:00+00:00,22194.33696679712
2025-06-03 16:00:00+00:00,22194.33696679712
2025-06-03 20:00:00+00:00,22194.33696679712
2025-06-04 00:00:00+00:00,22194.33696679712
2025-06-04 04:00:00+00:00,22194.33696679712
2025-06-04 08:00:00+00:00,22194.33696679712
2025-06-04 12:00:00+00:00,22194.33696679712
2025-06-04 16:00:00+00:00,22194.33696679712
2025-06-04 20:00:00+00:00,22194.33696679712
2025-06-05 00:00:00+00:00,22194.33696679712
2025-06-05 04:00:00+00:00,22194.33696679712
2025-06-05 08:00:00+00:00,22194.33696679712
2025-06-05 12:00:00+00:00,22194.33696679712
2025-06-05 16:00:00+00:00,23387.805279330183
2025-06-05 20:00:00+00:00,23987.83009802344
2025-06-06 00:00:00+00:00,23404.458132559503
2025-06-06 04:00:00+00:00,23398.142081836417
2025-06-06 08:00:00+00:00,23333.62258628875
2025-06-06 12:00:00+00:00,22878.86693422649
2025-06-06 16:00:00+00:00,23383.5118566265
2025-06-06 20:00:00+00:00,23446.67236385737
2025-06-07 00:00:00+00:00,22867.69009975315
2025-06-07 04:00:00+00:00,22652.94437516819
2025-06-07 08:00:00+00:00,22686.698613442517
2025-06-07 12:00:00+00:00,22440.37263524213
2025-06-07 16:00:00+00:00,22536.748072124225
2025-06-07 20:00:00+00:00,22429.37520983174
2025-06-08 00:00:00+00:00,22696.72530486906
2025-06-08 04:00:00+00:00,22835.678420776974
2025-06-08 08:00:00+00:00,22635.681879290787
2025-06-08 12:00:00+00:00,22610.41767639844
2025-06-08 16:00:00+00:00,22471.77554665904
2025-06-08 20:00:00+00:00,22787.578082813387
2025-06-09 00:00:00+00:00,22871.435413680272
2025-06-09 04:00:00+00:00,22978.808275972748
2025-06-09 08:00:00+00:00,22342.078329790296
2025-06-09 12:00:00+00:00,22354.71043123647
2025-06-09 16:00:00+00:00,22311.911268523167
2025-06-09 20:00:00+00:00,22311.911268523167
2025-06-10 00:00:00+00:00,22311.911268523167
2025-06-10 04:00:00+00:00,22311.911268523167
2025-06-10 08:00:00+00:00,22311.911268523167
2025-06-10 12:00:00+00:00,22311.911268523167
2025-06-10 16:00:00+00:00,22311.911268523167
2025-06-10 20:00:00+00:00,22311.911268523167
2025-06-11 00:00:00+00:00,22311.911268523167
2025-06-11 04:00:00+00:00,22311.911268523167
2025-06-11 08:00:00+00:00,22311.911268523167
2025-06-11 12:00:00+00:00,22311.911268523167
2025-06-11 16:00:00+00:00,22311.911268523167
2025-06-11 20:00:00+00:00,22311.911268523167
2025-06-12 00:00:00+00:00,22311.911268523167
2025-06-12 04:00:00+00:00,22311.911268523167
2025-06-12 08:00:00+00:00,22311.911268523167
2025-06-12 12:00:00+00:00,22311.911268523167
2025-06-12 16:00:00+00:00,22311.911268523167
2025-06-12 20:00:00+00:00,22311.911268523167
2025-06-13 00:00:00+00:00,22311.911268523167
2025-06-13 04:00:00+00:00,22489.912708499767
2025-06-13 08:00:00+00:00,22340.362528716705
2025-06-13 12:00:00+00:00,22104.54697564548
2025-06-13 16:00:00+00:00,22425.147900274264
2025-06-13 20:00:00+00:00,21789.755993387902
2025-06-14 00:00:00+00:00,22046.546119559327
2025-06-14 04:00:00+00:00,22105.500007827137
2025-06-14 08:00:00+00:00,22336.045265520243
2025-06-14 12:00:00+00:00,22735.621619335376
2025-06-14 16:00:00+00:00,22932.85000066269
2025-06-14 20:00:00+00:00,22801.841360067563
2025-06-15 00:00:00+00:00,22880.291626052098
2025-06-15 04:00:00+00:00,23168.510635361374
2025-06-15 08:00:00+00:00,23214.50202925826
2025-06-15 12:00:00+00:00,23031.08993242508
2025-06-15 16:00:00+00:00,23298.83397860063
2025-06-15 20:00:00+00:00,23167.825338005503
2025-06-16 00:00:00+00:00,23050.457904511888
2025-06-16 04:00:00+00:00,22323.359949208938
2025-06-16 08:00:00+00:00,22564.44634114763
2025-06-16 12:00:00+00:00,22649.60195753446
2025-06-16 16:00:00+00:00,22532.53497860214
2025-06-16 20:00:00+00:00,23770.56663222608
2025-06-17 00:00:00+00:00,23457.819317816375
2025-06-17 04:00:00+00:00,23890.14783178029
2025-06-17 08:00:00+00:00,24206.04822042559
2025-06-17 12:00:00+00:00,24605.624574240723
2025-06-17 16:00:00+00:00,24364.715231309186
2025-06-17 20:00:00+00:00,24764.29158512432
2025-06-18 00:00:00+00:00,24484.57001895873
2025-06-18 04:00:00+00:00,24582.826499405077
2025-06-18 08:00:00+00:00,24964.755989332047
2025-06-18 12:00:00+00:00,25135.067222105714
2025-06-18 16:00:00+00:00,25084.080314807783
2025-06-18 20:00:00+00:00,24514.192728218986
2025-06-19 00:00:00+00:00,24371.678854569218
2025-06-19 04:00:00+00:00,24568.191815461905
2025-06-19 08:00:00+00:00,24693.729666430936
2025-06-19 12:00:00+00:00,25001.59997182948
2025-06-19 16:00:00+00:00,25049.042962949577
2025-06-19 20:00:00+00:00,24904.933458294938
2025-06-20 00:00:00+00:00,24991.475560414092
2025-06-20 04:00:00+00:00,24526.394886301394
2025-06-20 08:00:00+00:00,24436.457296012388
2025-06-20 12:00:00+00:00,25078.399634928508
2025-06-20 16:00:00+00:00,25607.97912537987
2025-06-20 20:00:00+00:00,25869.996406570124
2025-06-21 00:00:00+00:00,25694.57385491453
2025-06-21 04:00:00+00:00,25786.279903331124
2025-06-21 08:00:00+00:00,25781.61468563953
2025-06-21 12:00:00+00:00,26017.43023871076
2025-06-21 16:00:00+00:00,26474.93064597557
2025-06-21 20:00:00+00:00,26638.691446719477
2025-06-22 00:00:00+00:00,26941.190538556904
2025-06-22 04:00:00+00:00,26973.942698705683
2025-06-22 08:00:00+00:00,26955.59337736037
2025-06-22 12:00:00+00:00,27499.279235830145
2025-06-22 16:00:00+00:00,27559.024763853067
2025-06-22 20:00:00+00:00,27120.145817859393
2025-06-23 00:00:00+00:00,26819.559531303876
2025-06-23 04:00:00+00:00,27114.32897264291
2025-06-23 08:00:00+00:00,27072.69420054086
2025-06-23 12:00:00+00:00,27072.69420054086
2025-06-23 16:00:00+00:00,27072.69420054086
2025-06-23 20:00:00+00:00,27072.69420054086
2025-06-24 00:00:00+00:00,27072.69420054086
2025-06-24 04:00:00+00:00,27072.69420054086
2025-06-24 08:00:00+00:00,27072.69420054086
2025-06-24 12:00:00+00:00,27072.69420054086
2025-06-24 16:00:00+00:00,27072.69420054086
2025-06-24 20:00:00+00:00,27072.69420054086
2025-06-25 00:00:00+00:00,27072.69420054086
2025-06-25 04:00:00+00:00,27072.69420054086
2025-06-25 08:00:00+00:00,27072.69420054086
2025-06-25 12:00:00+00:00,27072.69420054086
2025-06-25 16:00:00+00:00,27072.69420054086
2025-06-25 20:00:00+00:00,27072.69420054086
2025-06-26 00:00:00+00:00,27072.69420054086
2025-06-26 04:00:00+00:00,27072.69420054086
2025-06-26 08:00:00+00:00,27072.69420054086
2025-06-26 12:00:00+00:00,27072.69420054086
2025-06-26 16:00:00+00:00,27072.69420054086
2025-06-26 20:00:00+00:00,27072.69420054086
2025-06-27 00:00:00+00:00,27072.69420054086
2025-06-27 04:00:00+00:00,27072.69420054086
2025-06-27 08:00:00+00:00,27072.69420054086
2025-06-27 12:00:00+00:00,27072.69420054086
2025-06-27 16:00:00+00:00,27072.69420054086
2025-06-27 20:00:00+00:00,27072.69420054086
2025-06-28 00:00:00+00:00,27072.69420054086
2025-06-28 04:00:00+00:00,27072.69420054086
2025-06-28 08:00:00+00:00,27072.69420054086
2025-06-28 12:00:00+00:00,27072.69420054086
2025-06-28 16:00:00+00:00,27072.69420054086
2025-06-28 20:00:00+00:00,27072.69420054086
2025-06-29 00:00:00+00:00,27072.69420054086
2025-06-29 04:00:00+00:00,27072.69420054086
2025-06-29 08:00:00+00:00,27072.69420054086
2025-06-29 12:00:00+00:00,27072.69420054086
2025-06-29 16:00:00+00:00,27072.69420054086
2025-06-29 20:00:00+00:00,27072.69420054086
2025-06-30 00:00:00+00:00,27072.69420054086
2025-06-30 04:00:00+00:00,27072.69420054086
2025-06-30 08:00:00+00:00,27072.69420054086
2025-06-30 12:00:00+00:00,27072.69420054086
2025-06-30 16:00:00+00:00,27072.69420054086
2025-06-30 20:00:00+00:00,27072.69420054086
2025-07-01 00:00:00+00:00,27072.69420054086
2025-07-01 04:00:00+00:00,27072.69420054086
2025-07-01 08:00:00+00:00,27072.69420054086
2025-07-01 12:00:00+00:00,27072.69420054086
2025-07-01 16:00:00+00:00,27072.69420054086
2025-07-01 20:00:00+00:00,27072.69420054086
2025-07-02 00:00:00+00:00,27072.69420054086
2025-07-02 04:00:00+00:00,27072.69420054086
2025-07-02 08:00:00+00:00,27072.69420054086
2025-07-02 12:00:00+00:00,27072.69420054086
2025-07-02 16:00:00+00:00,27072.69420054086
2025-07-02 20:00:00+00:00,27072.69420054086
2025-07-03 00:00:00+00:00,27072.69420054086
2025-07-03 04:00:00+00:00,27072.69420054086
2025-07-03 08:00:00+00:00,27072.69420054086
2025-07-03 12:00:00+00:00,27072.69420054086
2025-07-03 16:00:00+00:00,27072.69420054086
2025-07-03 20:00:00+00:00,27072.69420054086
2025-07-04 00:00:00+00:00,27072.69420054086
2025-07-04 04:00:00+00:00,27072.69420054086
2025-07-04 08:00:00+00:00,27072.69420054086
2025-07-04 12:00:00+00:00,27694.552688521315
2025-07-04 16:00:00+00:00,27874.752431239907
2025-07-04 20:00:00+00:00,27421.262417464714
2025-07-05 00:00:00+00:00,27498.018620313436
2025-07-05 04:00:00+00:00,27333.113160758818
2025-07-05 08:00:00+00:00,27390.344626126753
2025-07-05 12:00:00+00:00,27340.87298826037
2025-07-05 16:00:00+00:00,27526.080144459396
2025-07-05 20:00:00+00:00,27089.080676639664
2025-07-06 00:00:00+00:00,27437.775256329634
2025-07-06 04:00:00+00:00,27404.79416441871
2025-07-06 08:00:00+00:00,27345.15587492767
2025-07-06 12:00:00+00:00,26702.024582664664
2025-07-06 16:00:00+00:00,26693.952902201192
2025-07-06 20:00:00+00:00,26562.0285345575
2025-07-07 00:00:00+00:00,26612.723736056272
2025-07-07 04:00:00+00:00,26340.629727791154
2025-07-07 08:00:00+00:00,26287.835244914746
2025-07-07 12:00:00+00:00,26287.835244914746
2025-07-07 16:00:00+00:00,26287.835244914746
2025-07-07 20:00:00+00:00,26287.835244914746
2025-07-08 00:00:00+00:00,26483.649648939707
2025-07-08 04:00:00+00:00,26307.29804878623
2025-07-08 08:00:00+00:00,25707.8798999789
2025-07-08 12:00:00+00:00,25988.439263859436
2025-07-08 16:00:00+00:00,25937.03392984231
2025-07-08 20:00:00+00:00,25937.03392984231
2025-07-09 00:00:00+00:00,25937.03392984231
2025-07-09 04:00:00+00:00,25937.03392984231
2025-07-09 08:00:00+00:00,25937.03392984231
2025-07-09 12:00:00+00:00,25937.03392984231
2025-07-09 16:00:00+00:00,25937.03392984231
2025-07-09 20:00:00+00:00,25937.03392984231
2025-07-10 00:00:00+00:00,25937.03392984231
2025-07-10 04:00:00+00:00,25937.03392984231
2025-07-10 08:00:00+00:00,25937.03392984231
2025-07-10 12:00:00+00:00,25937.03392984231
2025-07-10 16:00:00+00:00,25937.03392984231
2025-07-10 20:00:00+00:00,25937.03392984231
2025-07-11 00:00:00+00:00,25937.03392984231
2025-07-11 04:00:00+00:00,25937.03392984231
2025-07-11 08:00:00+00:00,25937.03392984231
2025-07-11 12:00:00+00:00,25937.03392984231
2025-07-11 16:00:00+00:00,25937.03392984231
2025-07-11 20:00:00+00:00,25937.03392984231
2025-07-12 00:00:00+00:00,25937.03392984231
2025-07-12 04:00:00+00:00,25937.03392984231
2025-07-12 08:00:00+00:00,25937.03392984231
2025-07-12 12:00:00+00:00,25937.03392984231
2025-07-12 16:00:00+00:00,25937.03392984231
2025-07-12 20:00:00+00:00,25937.03392984231
2025-07-13 00:00:00+00:00,25937.03392984231
2025-07-13 04:00:00+00:00,25937.03392984231
2025-07-13 08:00:00+00:00,25937.03392984231
2025-07-13 12:00:00+00:00,25937.03392984231
2025-07-13 16:00:00+00:00,25937.03392984231
2025-07-13 20:00:00+00:00,25937.03392984231
2025-07-14 00:00:00+00:00,25937.03392984231
2025-07-14 04:00:00+00:00,25937.03392984231
2025-07-14 08:00:00+00:00,25937.03392984231
2025-07-14 12:00:00+00:00,25937.03392984231
2025-07-14 16:00:00+00:00,25937.03392984231
2025-07-14 20:00:00+00:00,25937.03392984231
2025-07-15 00:00:00+00:00,25937.03392984231
2025-07-15 04:00:00+00:00,25937.03392984231
2025-07-15 08:00:00+00:00,25937.03392984231
2025-07-15 12:00:00+00:00,25937.03392984231
2025-07-15 16:00:00+00:00,25937.03392984231
2025-07-15 20:00:00+00:00,25937.03392984231
2025-07-16 00:00:00+00:00,25937.03392984231
2025-07-16 04:00:00+00:00,25937.03392984231
2025-07-16 08:00:00+00:00,25937.03392984231
2025-07-16 12:00:00+00:00,25937.03392984231
2025-07-16 16:00:00+00:00,25937.03392984231
2025-07-16 20:00:00+00:00,25937.03392984231
2025-07-17 00:00:00+00:00,25937.03392984231
2025-07-17 04:00:00+00:00,25937.03392984231
2025-07-17 08:00:00+00:00,25937.03392984231
2025-07-17 12:00:00+00:00,25937.03392984231
2025-07-17 16:00:00+00:00,25937.03392984231
2025-07-17 20:00:00+00:00,25937.03392984231
2025-07-18 00:00:00+00:00,25937.03392984231
2025-07-18 04:00:00+00:00,25937.03392984231
2025-07-18 08:00:00+00:00,25937.03392984231
2025-07-18 12:00:00+00:00,25937.03392984231
2025-07-18 16:00:00+00:00,25937.03392984231
2025-07-18 20:00:00+00:00,25937.03392984231
2025-07-19 00:00:00+00:00,25937.03392984231
2025-07-19 04:00:00+00:00,25937.03392984231
2025-07-19 08:00:00+00:00,25937.03392984231
2025-07-19 12:00:00+00:00,25937.03392984231
2025-07-19 16:00:00+00:00,25937.03392984231
2025-07-19 20:00:00+00:00,25937.03392984231
2025-07-20 00:00:00+00:00,25937.03392984231
2025-07-20 04:00:00+00:00,25937.03392984231
2025-07-20 08:00:00+00:00,25937.03392984231
2025-07-20 12:00:00+00:00,25937.03392984231
2025-07-20 16:00:00+00:00,25937.03392984231
2025-07-20 20:00:00+00:00,25937.03392984231
2025-07-21 00:00:00+00:00,25937.03392984231
2025-07-21 04:00:00+00:00,25937.03392984231
2025-07-21 08:00:00+00:00,25937.03392984231
2025-07-21 12:00:00+00:00,25937.03392984231
2025-07-21 16:00:00+00:00,25937.03392984231
2025-07-21 20:00:00+00:00,25937.03392984231
2025-07-22 00:00:00+00:00,25937.03392984231
2025-07-22 04:00:00+00:00,25937.03392984231
2025-07-22 08:00:00+00:00,25937.03392984231
2025-07-22 12:00:00+00:00,25937.03392984231
2025-07-22 16:00:00+00:00,25937.03392984231
2025-07-22 20:00:00+00:00,25937.03392984231
2025-07-23 00:00:00+00:00,25937.03392984231
2025-07-23 04:00:00+00:00,25937.03392984231
2025-07-23 08:00:00+00:00,26160.75661728656
2025-07-23 12:00:00+00:00,26931.593300045537
2025-07-23 16:00:00+00:00,27558.63405689017
2025-07-23 20:00:00+00:00,27485.48897020501
2025-07-24 00:00:00+00:00,27285.37245285211
2025-07-24 04:00:00+00:00,28140.6073125555
2025-07-24 08:00:00+00:00,27377.77045166183
2025-07-24 12:00:00+00:00,27045.8042890138
2025-07-24 16:00:00+00:00,27290.229849262516
2025-07-24 20:00:00+00:00,27650.32873755868
2025-07-25 00:00:00+00:00,28226.659693768026
2025-07-25 04:00:00+00:00,28069.116430138452
2025-07-25 08:00:00+00:00,27081.226203877366
2025-07-25 12:00:00+00:00,27778.91779995119
2025-07-25 16:00:00+00:00,27764.449139150354
2025-07-25 20:00:00+00:00,26965.479730743238
2025-07-26 00:00:00+00:00,26534.728315254342
2025-07-26 04:00:00+00:00,26726.03084966168
2025-07-26 08:00:00+00:00,26818.572325372203
2025-07-26 12:00:00+00:00,26576.630884798218
2025-07-26 16:00:00+00:00,26297.835010970655
2025-07-26 20:00:00+00:00,26657.933899266824
2025-07-27 00:00:00+00:00,26609.976604508956
2025-07-27 04:00:00+00:00,26609.976604508956
2025-07-27 08:00:00+00:00,26609.976604508956
2025-07-27 12:00:00+00:00,26609.976604508956
2025-07-27 16:00:00+00:00,26609.976604508956
2025-07-27 20:00:00+00:00,26609.976604508956
2025-07-28 00:00:00+00:00,26609.976604508956
2025-07-28 04:00:00+00:00,26609.976604508956
2025-07-28 08:00:00+00:00,26609.976604508956
2025-07-28 12:00:00+00:00,26609.976604508956
2025-07-28 16:00:00+00:00,26609.976604508956
2025-07-28 20:00:00+00:00,26609.976604508956
2025-07-29 00:00:00+00:00,26759.296015120886
2025-07-29 04:00:00+00:00,25641.67252723756
2025-07-29 08:00:00+00:00,26509.415009416545
2025-07-29 12:00:00+00:00,27258.59119360207
2025-07-29 16:00:00+00:00,27451.551345100488
2025-07-29 20:00:00+00:00,27144.51192535232
2025-07-30 00:00:00+00:00,27230.684608195963
2025-07-30 04:00:00+00:00,27457.89377880961
2025-07-30 08:00:00+00:00,28287.538196812744
2025-07-30 12:00:00+00:00,27802.415913610643
2025-07-30 16:00:00+00:00,27882.27997515423
2025-07-30 20:00:00+00:00,27728.760265280143
2025-07-31 00:00:00+00:00,27171.573808040117
2025-07-31 04:00:00+00:00,26846.112023107064
2025-07-31 08:00:00+00:00,27215.682094799635
2025-07-31 12:00:00+00:00,28063.110893304573
2025-07-31 16:00:00+00:00,28294.774297307707
2025-07-31 20:00:00+00:00,28822.882099274557
2025-08-01 00:00:00+00:00,28901.229951344154
2025-08-01 04:00:00+00:00,29361.789080966406
2025-08-01 08:00:00+00:00,29306.853597196245
2025-08-01 12:00:00+00:00,29392.824634725734
2025-08-01 16:00:00+00:00,29475.038123836344
2025-08-01 20:00:00+00:00,30064.553809752822
2025-08-02 00:00:00+00:00,29851.941907232846
2025-08-02 04:00:00+00:00,30005.46161710693
2025-08-02 08:00:00+00:00,30111.18821580861
2025-08-02 12:00:00+00:00,30485.77630790137
2025-08-02 16:00:00+00:00,30786.444465333814
2025-08-02 20:00:00+00:00,30596.080025089952
2025-08-03 00:00:00+00:00,30259.9799604483
2025-08-03 04:00:00+00:00,30118.74182736414
2025-08-03 08:00:00+00:00,29835.729869213155
2025-08-03 12:00:00+00:00,29780.462773658484
2025-08-03 16:00:00+00:00,29750.003901644366
2025-08-03 20:00:00+00:00,29743.863113249405
2025-08-04 00:00:00+00:00,29310.216602846922
2025-08-04 04:00:00+00:00,29218.10477692247
2025-08-04 08:00:00+00:00,29336.55648006709
2025-08-04 12:00:00+00:00,28734.759217360683
2025-08-04 16:00:00+00:00,28636.97005988612
2025-08-04 20:00:00+00:00,28581.616993293923
2025-08-05 00:00:00+00:00,28581.616993293923
2025-08-05 04:00:00+00:00,28581.616993293923
2025-08-05 08:00:00+00:00,28581.616993293923
2025-08-05 12:00:00+00:00,28581.616993293923
2025-08-05 16:00:00+00:00,28581.616993293923
2025-08-05 20:00:00+00:00,28374.20083003038
2025-08-06 00:00:00+00:00,28999.39771843639
2025-08-06 04:00:00+00:00,27993.47061466098
2025-08-06 08:00:00+00:00,28385.80619811474
2025-08-06 12:00:00+00:00,27912.870320966602
2025-08-06 16:00:00+00:00,27998.3718727119
2025-08-06 20:00:00+00:00,27990.86495402701
2025-08-07 00:00:00+00:00,28164.98488811684
2025-08-07 04:00:00+00:00,27782.132035187395
2025-08-07 08:00:00+00:00,27043.9805297839
2025-08-07 12:00:00+00:00,27043.9805297839
2025-08-07 16:00:00+00:00,27043.9805297839
2025-08-07 20:00:00+00:00,27043.9805297839
2025-08-08 00:00:00+00:00,27043.9805297839
2025-08-08 04:00:00+00:00,27043.9805297839
2025-08-08 08:00:00+00:00,27043.9805297839
2025-08-08 12:00:00+00:00,27043.9805297839
2025-08-08 16:00:00+00:00,27043.9805297839
2025-08-08 20:00:00+00:00,27043.9805297839
2025-08-09 00:00:00+00:00,27043.9805297839
2025-08-09 04:00:00+00:00,27043.9805297839
2025-08-09 08:00:00+00:00,27043.9805297839
2025-08-09 12:00:00+00:00,27043.9805297839
2025-08-09 16:00:00+00:00,27043.9805297839
2025-08-09 20:00:00+00:00,27043.9805297839
2025-08-10 00:00:00+00:00,27043.9805297839
2025-08-10 04:00:00+00:00,27043.9805297839
2025-08-10 08:00:00+00:00,27043.9805297839
2025-08-10 12:00:00+00:00,27043.9805297839
2025-08-10 16:00:00+00:00,27043.9805297839
2025-08-10 20:00:00+00:00,27043.9805297839
2025-08-11 00:00:00+00:00,27043.9805297839
2025-08-11 04:00:00+00:00,27043.9805297839
2025-08-11 08:00:00+00:00,27043.9805297839
2025-08-11 12:00:00+00:00,27043.9805297839
2025-08-11 16:00:00+00:00,27043.9805297839
2025-08-11 20:00:00+00:00,27043.9805297839
2025-08-12 00:00:00+00:00,27043.9805297839
2025-08-12 04:00:00+00:00,27043.9805297839
2025-08-12 08:00:00+00:00,27043.9805297839
2025-08-12 12:00:00+00:00,27043.9805297839
2025-08-12 16:00:00+00:00,27043.9805297839
2025-08-12 20:00:00+00:00,27043.9805297839
2025-08-13 00:00:00+00:00,27043.9805297839
2025-08-13 04:00:00+00:00,27043.9805297839
2025-08-13 08:00:00+00:00,27043.9805297839
2025-08-13 12:00:00+00:00,27043.9805297839
2025-08-13 16:00:00+00:00,27043.9805297839
2025-08-13 20:00:00+00:00,27043.9805297839
2025-08-14 00:00:00+00:00,27043.9805297839
2025-08-14 04:00:00+00:00,27043.9805297839
2025-08-14 08:00:00+00:00,27043.9805297839
2025-08-14 12:00:00+00:00,27043.9805297839
2025-08-14 16:00:00+00:00,27043.9805297839
2025-08-14 20:00:00+00:00,27043.9805297839
2025-08-15 00:00:00+00:00,27043.9805297839
2025-08-15 04:00:00+00:00,27043.9805297839
2025-08-15 08:00:00+00:00,27043.9805297839
2025-08-15 12:00:00+00:00,27043.9805297839
2025-08-15 16:00:00+00:00,27043.9805297839
2025-08-15 20:00:00+00:00,27043.9805297839
2025-08-16 00:00:00+00:00,27040.477086420447
2025-08-16 04:00:00+00:00,26651.831439992467
2025-08-16 08:00:00+00:00,27416.664993093058
2025-08-16 12:00:00+00:00,26695.69915624115
2025-08-16 16:00:00+00:00,26426.730612295814
2025-08-16 20:00:00+00:00,26353.50751949054
2025-08-17 00:00:00+00:00,25922.20369742902
2025-08-17 04:00:00+00:00,24185.114329565764
2025-08-17 08:00:00+00:00,24185.114329565764
2025-08-17 12:00:00+00:00,24185.114329565764
2025-08-17 16:00:00+00:00,24185.114329565764
2025-08-17 20:00:00+00:00,24185.114329565764
2025-08-18 00:00:00+00:00,24185.114329565764
2025-08-18 04:00:00+00:00,24185.114329565764
2025-08-18 08:00:00+00:00,24185.114329565764
2025-08-18 12:00:00+00:00,24185.114329565764
2025-08-18 16:00:00+00:00,24185.114329565764
2025-08-18 20:00:00+00:00,24185.114329565764
2025-08-19 00:00:00+00:00,24185.114329565764
2025-08-19 04:00:00+00:00,24185.114329565764
2025-08-19 08:00:00+00:00,23474.068117406656
2025-08-19 12:00:00+00:00,24126.757927040748
2025-08-19 16:00:00+00:00,24647.58161907284
2025-08-19 20:00:00+00:00,24993.70500296971
2025-08-20 00:00:00+00:00,24534.37552847443
2025-08-20 04:00:00+00:00,24564.04324709416
2025-08-20 08:00:00+00:00,24266.608003217756
2025-08-20 12:00:00+00:00,23633.696672663482
2025-08-20 16:00:00+00:00,22947.993759649547
2025-08-20 20:00:00+00:00,22992.495337579145
2025-08-21 00:00:00+00:00,22999.951127099743
2025-08-21 04:00:00+00:00,22949.199549780926
2025-08-21 08:00:00+00:00,22949.199549780926
2025-08-21 12:00:00+00:00,22949.199549780926
2025-08-21 16:00:00+00:00,22794.91896345528
2025-08-21 20:00:00+00:00,22540.672391751643
2025-08-22 00:00:00+00:00,22354.676899740894
2025-08-22 04:00:00+00:00,22161.637836039983
2025-08-22 08:00:00+00:00,22983.250698963795
2025-08-22 12:00:00+00:00,21280.408558992236
2025-08-22 16:00:00+00:00,21280.408558992236
2025-08-22 20:00:00+00:00,21280.408558992236
2025-08-23 00:00:00+00:00,21280.408558992236
2025-08-23 04:00:00+00:00,21280.408558992236
2025-08-23 08:00:00+00:00,21280.408558992236
2025-08-23 12:00:00+00:00,21280.408558992236
2025-08-23 16:00:00+00:00,21280.408558992236
2025-08-23 20:00:00+00:00,21280.408558992236
2025-08-24 00:00:00+00:00,21280.408558992236
2025-08-24 04:00:00+00:00,21280.408558992236
2025-08-24 08:00:00+00:00,21280.408558992236
2025-08-24 12:00:00+00:00,21280.408558992236
2025-08-24 16:00:00+00:00,21280.408558992236
2025-08-24 20:00:00+00:00,21280.408558992236
2025-08-25 00:00:00+00:00,21280.408558992236
2025-08-25 04:00:00+00:00,21280.408558992236
2025-08-25 08:00:00+00:00,21280.408558992236
2025-08-25 12:00:00+00:00,21280.408558992236
2025-08-25 16:00:00+00:00,21280.408558992236
2025-08-25 20:00:00+00:00,21446.01135583803
2025-08-26 00:00:00+00:00,20899.415129102228
2025-08-26 04:00:00+00:00,20985.16467870677
2025-08-26 08:00:00+00:00,21063.171225893562
2025-08-26 12:00:00+00:00,20810.005888965876
2025-08-26 16:00:00+00:00,20625.62213650449
2025-08-26 20:00:00+00:00,20923.703904177415
2025-08-27 00:00:00+00:00,21033.44700830694
2025-08-27 04:00:00+00:00,21429.528261242198
2025-08-27 08:00:00+00:00,21316.891724964447
2025-08-27 12:00:00+00:00,21239.308799131766
2025-08-27 16:00:00+00:00,21762.62840446192
2025-08-27 20:00:00+00:00,21942.29412744286
2025-08-28 00:00:00+00:00,21633.707556070924
2025-08-28 04:00:00+00:00,21278.459421994972
2025-08-28 08:00:00+00:00,21238.657411743152
2025-08-28 12:00:00+00:00,21561.23905073166
2025-08-28 16:00:00+00:00,21738.145168967294
2025-08-28 20:00:00+00:00,21211.397935682264
2025-08-29 00:00:00+00:00,21527.94893134644
2025-08-29 04:00:00+00:00,22320.11143721695
2025-08-29 08:00:00+00:00,22411.969213071658
2025-08-29 12:00:00+00:00,22362.96947044049
2025-08-29 16:00:00+00:00,22626.321853861198
2025-08-29 20:00:00+00:00,22540.57230425666
2025-08-30 00:00:00+00:00,22497.659146322658
2025-08-30 04:00:00+00:00,22150.57763601857
2025-08-30 08:00:00+00:00,22156.703828841033
2025-08-30 12:00:00+00:00,22242.45337844557
2025-08-30 16:00:00+00:00,22379.23616000047
2025-08-30 20:00:00+00:00,22207.737060791387
2025-08-31 00:00:00+00:00,21642.19387294694
2025-08-31 04:00:00+00:00,21797.3597246123
2025-08-31 08:00:00+00:00,21635.75448062955
2025-08-31 12:00:00+00:00,21872.586570013515
2025-08-31 16:00:00+00:00,21968.006654638193
2025-08-31 20:00:00+00:00,22327.338100600075
2025-09-01 00:00:00+00:00,22687.445198972047
2025-09-01 04:00:00+00:00,21919.782564417117
2025-09-01 08:00:00+00:00,22326.097005269705
2025-09-01 12:00:00+00:00,22685.428451231586
2025-09-01 16:00:00+00:00,22642.50222669955
2025-09-01 20:00:00+00:00,23116.166405467487
2025-09-02 00:00:00+00:00,22552.49157384875
2025-09-02 04:00:00+00:00,22662.740994768876
2025-09-02 08:00:00+00:00,22681.06689851293
2025-09-02 12:00:00+00:00,22811.732878862702
2025-09-02 16:00:00+00:00,22658.544983474887
2025-09-02 20:00:00+00:00,22070.5480719009
2025-09-03 00:00:00+00:00,22056.267096911048
2025-09-03 04:00:00+00:00,22317.599057610598
2025-09-03 08:00:00+00:00,22144.044010866954
2025-09-03 12:00:00+00:00,21560.130411178896
2025-09-03 16:00:00+00:00,21523.771412718655
2025-09-03 20:00:00+00:00,21523.771412718655
2025-09-04 00:00:00+00:00,21523.771412718655
2025-09-04 04:00:00+00:00,21523.771412718655
2025-09-04 08:00:00+00:00,21523.771412718655
2025-09-04 12:00:00+00:00,21523.771412718655
2025-09-04 16:00:00+00:00,21712.10903088008
2025-09-04 20:00:00+00:00,21587.47056932206
2025-09-05 00:00:00+00:00,21371.781155617162
2025-09-05 04:00:00+00:00,20802.005331351917
2025-09-05 08:00:00+00:00,20737.45907834728
2025-09-05 12:00:00+00:00,20355.660730680607
2025-09-05 16:00:00+00:00,20355.660730680607
2025-09-05 20:00:00+00:00,20355.660730680607
2025-09-06 00:00:00+00:00,20355.660730680607
2025-09-06 04:00:00+00:00,20355.660730680607
2025-09-06 08:00:00+00:00,20355.660730680607
2025-09-06 12:00:00+00:00,20355.660730680607
2025-09-06 16:00:00+00:00,20355.660730680607
2025-09-06 20:00:00+00:00,20355.660730680607
2025-09-07 00:00:00+00:00,20355.660730680607
2025-09-07 04:00:00+00:00,20355.660730680607
2025-09-07 08:00:00+00:00,20355.660730680607
2025-09-07 12:00:00+00:00,20355.660730680607
2025-09-07 16:00:00+00:00,20355.660730680607
2025-09-07 20:00:00+00:00,20355.660730680607
2025-09-08 00:00:00+00:00,20355.660730680607
2025-09-08 04:00:00+00:00,20355.660730680607
2025-09-08 08:00:00+00:00,20355.660730680607
2025-09-08 12:00:00+00:00,20355.660730680607
2025-09-08 16:00:00+00:00,20355.660730680607
2025-09-08 20:00:00+00:00,20355.660730680607
2025-09-09 00:00:00+00:00,20355.660730680607
2025-09-09 04:00:00+00:00,20355.660730680607
2025-09-09 08:00:00+00:00,20355.660730680607
2025-09-09 12:00:00+00:00,20355.660730680607
2025-09-09 16:00:00+00:00,20355.660730680607
2025-09-09 20:00:00+00:00,20355.660730680607
2025-09-10 00:00:00+00:00,20355.660730680607
2025-09-10 04:00:00+00:00,20355.660730680607
2025-09-10 08:00:00+00:00,20355.660730680607
2025-09-10 12:00:00+00:00,20355.660730680607
2025-09-10 16:00:00+00:00,20355.660730680607
2025-09-10 20:00:00+00:00,20355.660730680607
2025-09-11 00:00:00+00:00,20355.660730680607
2025-09-11 04:00:00+00:00,20355.660730680607
2025-09-11 08:00:00+00:00,20355.660730680607
2025-09-11 12:00:00+00:00,20355.660730680607
2025-09-11 16:00:00+00:00,20355.660730680607
2025-09-11 20:00:00+00:00,20355.660730680607
2025-09-12 00:00:00+00:00,20355.660730680607
2025-09-12 04:00:00+00:00,20355.660730680607
2025-09-12 08:00:00+00:00,20355.660730680607
2025-09-12 12:00:00+00:00,20355.660730680607
2025-09-12 16:00:00+00:00,20355.660730680607
2025-09-12 20:00:00+00:00,20355.660730680607
2025-09-13 00:00:00+00:00,20355.660730680607
2025-09-13 04:00:00+00:00,20355.660730680607
2025-09-13 08:00:00+00:00,20355.660730680607
2025-09-13 12:00:00+00:00,20355.660730680607
2025-09-13 16:00:00+00:00,20355.660730680607
2025-09-13 20:00:00+00:00,20355.660730680607
2025-09-14 00:00:00+00:00,20355.660730680607
2025-09-14 04:00:00+00:00,20355.660730680607
2025-09-14 08:00:00+00:00,20355.660730680607
2025-09-14 12:00:00+00:00,20355.660730680607
2025-09-14 16:00:00+00:00,20126.752964498897
2025-09-14 20:00:00+00:00,20170.779846370468
2025-09-15 00:00:00+00:00,19916.01848985996
2025-09-15 04:00:00+00:00,20428.331297092773
2025-09-15 08:00:00+00:00,20844.24203832781
2025-09-15 12:00:00+00:00,21088.391110524703
2025-09-15 16:00:00+00:00,21114.66894364707
2025-09-15 20:00:00+00:00,21014.60784848441
2025-09-16 00:00:00+00:00,21170.890466145152
2025-09-16 04:00:00+00:00,21002.787826271884
2025-09-16 08:00:00+00:00,21023.320231719103
2025-09-16 12:00:00+00:00,20899.24447371741
2025-09-16 16:00:00+00:00,20853.139504410137
2025-09-16 20:00:00+00:00,20917.17860531424
2025-09-17 00:00:00+00:00,20997.47334884574
2025-09-17 04:00:00+00:00,20857.387815618014
2025-09-17 08:00:00+00:00,21105.284776115263
2025-09-17 12:00:00+00:00,21185.33365224539
2025-09-17 16:00:00+00:00,20464.23762885029
2025-09-17 20:00:00+00:00,19879.88083310036
2025-09-18 00:00:00+00:00,19598.52590094471
2025-09-18 04:00:00+00:00,19598.52590094471
2025-09-18 08:00:00+00:00,19598.52590094471
2025-09-18 12:00:00+00:00,19598.52590094471
2025-09-18 16:00:00+00:00,19598.52590094471
2025-09-18 20:00:00+00:00,19598.52590094471
2025-09-19 00:00:00+00:00,19598.52590094471
2025-09-19 04:00:00+00:00,19598.52590094471
2025-09-19 08:00:00+00:00,19598.52590094471
2025-09-19 12:00:00+00:00,19598.52590094471
2025-09-19 16:00:00+00:00,19598.52590094471
2025-09-19 20:00:00+00:00,19607.38216436806
2025-09-20 00:00:00+00:00,19508.77981674422
2025-09-20 04:00:00+00:00,19308.230373280654
2025-09-20 08:00:00+00:00,19553.10552507919
2025-09-20 12:00:00+00:00,19296.402237445825
2025-09-20 16:00:00+00:00,19494.46611225985
2025-09-20 20:00:00+00:00,19426.279301482242
2025-09-21 00:00:00+00:00,19377.662571314268
2025-09-21 04:00:00+00:00,19337.552682621554
2025-09-21 08:00:00+00:00,19692.50554370661
2025-09-21 12:00:00+00:00,19752.670376745682
2025-09-21 16:00:00+00:00,19751.895288122516
2025-09-21 20:00:00+00:00,19932.38978723973
2025-09-22 00:00:00+00:00,20711.376035571262
2025-09-22 04:00:00+00:00,21645.93644211149
2025-09-22 08:00:00+00:00,21667.3807955692
2025-09-22 12:00:00+00:00,21839.85331694787
2025-09-22 16:00:00+00:00,22027.786820918176
2025-09-22 20:00:00+00:00,21698.885733637926
2025-09-23 00:00:00+00:00,21879.526882289516
2025-09-23 04:00:00+00:00,21767.219193949917
2025-09-23 08:00:00+00:00,21772.97295748288
2025-09-23 12:00:00+00:00,21628.577358189115
2025-09-23 16:00:00+00:00,21881.746456035267
2025-09-23 20:00:00+00:00,21861.69151168891
2025-09-24 00:00:00+00:00,22015.842638110516
2025-09-24 04:00:00+00:00,21542.545951536496
2025-09-24 08:00:00+00:00,21479.90429187834
2025-09-24 12:00:00+00:00,21744.629557250253
2025-09-24 16:00:00+00:00,21793.224352122295
2025-09-24 20:00:00+00:00,21989.762806716593
2025-09-25 00:00:00+00:00,22175.678733108183
2025-09-25 04:00:00+00:00,22436.393009610823
2025-09-25 08:00:00+00:00,22524.69797230399
2025-09-25 12:00:00+00:00,22255.96171806281
2025-09-25 16:00:00+00:00,22686.07173194733
2025-09-25 20:00:00+00:00,22846.51128671819
2025-09-26 00:00:00+00:00,22627.542580169145
2025-09-26 04:00:00+00:00,22743.861257378016
2025-09-26 08:00:00+00:00,22868.85739811381
2025-09-26 12:00:00+00:00,22604.132132741903
2025-09-26 16:00:00+00:00,22288.769268526717
2025-09-26 20:00:00+00:00,22168.439602448576
2025-09-27 00:00:00+00:00,22217.60401293126
2025-09-27 04:00:00+00:00,22233.647968408346
2025-09-27 08:00:00+00:00,22251.186684988665
2025-09-27 12:00:00+00:00,22235.14272951158
2025-09-27 16:00:00+00:00,22264.691858708746
2025-09-27 20:00:00+00:00,22208.538014538946
2025-09-28 00:00:00+00:00,22414.25829650114
2025-09-28 04:00:00+00:00,22534.58796257928
2025-09-28 08:00:00+00:00,22663.309184044443
2025-09-28 12:00:00+00:00,22478.803696057963
2025-09-28 16:00:00+00:00,22283.938224921036
2025-09-28 20:00:00+00:00,21971.081093117868
2025-09-29 00:00:00+00:00,22172.591036052992
2025-09-29 04:00:00+00:00,22361.107512908748
2025-09-29 08:00:00+00:00,22529.67322900897
2025-09-29 12:00:00+00:00,22493.57432918553
2025-09-29 16:00:00+00:00,22441.615792460907
2025-09-29 20:00:00+00:00,22473.703703415078
2025-09-30 00:00:00+00:00,22445.912764836557
2025-09-30 04:00:00+00:00,22445.912764836557
2025-09-30 08:00:00+00:00,22445.912764836557
2025-09-30 12:00:00+00:00,22445.912764836557
2025-09-30 16:00:00+00:00,22445.912764836557
2025-09-30 20:00:00+00:00,22445.912764836557
2025-10-01 00:00:00+00:00,22445.912764836557
2025-10-01 04:00:00+00:00,22445.912764836557
2025-10-01 08:00:00+00:00,22445.912764836557
2025-10-01 12:00:00+00:00,22445.912764836557
2025-10-01 16:00:00+00:00,22445.912764836557
2025-10-01 20:00:00+00:00,22445.912764836557
2025-10-02 00:00:00+00:00,22445.912764836557
2025-10-02 04:00:00+00:00,22445.912764836557
2025-10-02 08:00:00+00:00,22445.912764836557
2025-10-02 12:00:00+00:00,22445.912764836557
2025-10-02 16:00:00+00:00,22445.912764836557
2025-10-02 20:00:00+00:00,22445.912764836557
2025-10-03 00:00:00+00:00,22445.912764836557
2025-10-03 04:00:00+00:00,22445.912764836557
2025-10-03 08:00:00+00:00,22445.912764836557
2025-10-03 12:00:00+00:00,22445.912764836557
2025-10-03 16:00:00+00:00,22445.912764836557
2025-10-03 20:00:00+00:00,22445.912764836557
2025-10-04 00:00:00+00:00,22445.912764836557
2025-10-04 04:00:00+00:00,22445.912764836557
2025-10-04 08:00:00+00:00,22445.912764836557
2025-10-04 12:00:00+00:00,22445.912764836557
2025-10-04 16:00:00+00:00,22445.912764836557
2025-10-04 20:00:00+00:00,22445.912764836557
2025-10-05 00:00:00+00:00,22053.721313259943
2025-10-05 04:00:00+00:00,22002.852506591385
2025-10-05 08:00:00+00:00,22002.852506591385
2025-10-05 12:00:00+00:00,22002.852506591385
2025-10-05 16:00:00+00:00,22002.852506591385
2025-10-05 20:00:00+00:00,22002.852506591385
2025-10-06 00:00:00+00:00,21764.782238896372
2025-10-06 04:00:00+00:00,21616.74763700188
2025-10-06 08:00:00+00:00,21424.260243289198
2025-10-06 12:00:00+00:00,21373.979525059516
2025-10-06 16:00:00+00:00,21373.979525059516
2025-10-06 20:00:00+00:00,21373.979525059516
2025-10-07 00:00:00+00:00,21373.979525059516
2025-10-07 04:00:00+00:00,21373.979525059516
2025-10-07 08:00:00+00:00,21373.979525059516
2025-10-07 12:00:00+00:00,21373.979525059516
2025-10-07 16:00:00+00:00,21373.979525059516
2025-10-07 20:00:00+00:00,21507.602692612178
2025-10-08 00:00:00+00:00,21598.763228927077
2025-10-08 04:00:00+00:00,21452.556171161184
2025-10-08 08:00:00+00:00,21453.246581457777
2025-10-08 12:00:00+00:00,21327.206014418218
2025-10-08 16:00:00+00:00,20794.93619564788
2025-10-08 20:00:00+00:00,20835.26917710054
2025-10-09 00:00:00+00:00,21155.082999419916
2025-10-09 04:00:00+00:00,21462.621982996447
2025-10-09 08:00:00+00:00,21681.54133972519
2025-10-09 12:00:00+00:00,22044.538172799126
2025-10-09 16:00:00+00:00,21834.56973410366
2025-10-09 20:00:00+00:00,21698.445921700935
2025-10-10 00:00:00+00:00,21397.282326926357
2025-10-10 04:00:00+00:00,21503.15640323959
2025-10-10 08:00:00+00:00,21313.699785299745
2025-10-10 12:00:00+00:00,22427.898397929464
2025-10-10 16:00:00+00:00,22989.55129785033
2025-10-10 20:00:00+00:00,27844.633940214226
2025-10-11 00:00:00+00:00,27435.2185846136
2025-10-11 04:00:00+00:00,27077.26337422125
2025-10-11 08:00:00+00:00,26721.539910456184
2025-10-11 12:00:00+00:00,26630.790702187696
2025-10-11 16:00:00+00:00,27301.2576731613
2025-10-11 20:00:00+00:00,27558.380429922006
2025-10-12 00:00:00+00:00,27481.907620900638
2025-10-12 04:00:00+00:00,27164.285391960944
2025-10-12 08:00:00+00:00,27310.55201780964
2025-10-12 12:00:00+00:00,25828.314949424403
2025-10-12 16:00:00+00:00,25481.26772635859
2025-10-12 20:00:00+00:00,25904.764031611518
2025-10-13 00:00:00+00:00,26056.641540194934
2025-10-13 04:00:00+00:00,25708.769575165745
2025-10-13 08:00:00+00:00,25674.68900831333
2025-10-13 12:00:00+00:00,25397.399760826294
2025-10-13 16:00:00+00:00,24732.42787831181
2025-10-13 20:00:00+00:00,24692.09489685915
2025-10-14 00:00:00+00:00,25324.104145463767
2025-10-14 04:00:00+00:00,26176.1383786512
2025-10-14 08:00:00+00:00,26101.152275642984
2025-10-14 12:00:00+00:00,25551.615403350497
2025-10-14 16:00:00+00:00,25592.084228049254
2025-10-14 20:00:00+00:00,25461.00203832811
2025-10-15 00:00:00+00:00,25568.605895383396
2025-10-15 04:00:00+00:00,25346.77449739377
2025-10-15 08:00:00+00:00,25685.372668991567
2025-10-15 12:00:00+00:00,26214.74305055773
2025-10-15 16:00:00+00:00,26225.73227793675
2025-10-15 20:00:00+00:00,26291.27337279732
2025-10-16 00:00:00+00:00,26353.080546915742
2025-10-16 04:00:00+00:00,26282.497829373588
2025-10-16 08:00:00+00:00,25975.44073468037
2025-10-16 12:00:00+00:00,26736.72575959932
2025-10-16 16:00:00+00:00,26893.660681478636
2025-10-16 20:00:00+00:00,26838.202831981227
2025-10-17 00:00:00+00:00,26832.183332131026
2025-10-17 04:00:00+00:00,27981.673303531825
2025-10-17 08:00:00+00:00,27554.126405653682
2025-10-17 12:00:00+00:00,27513.793424201023
2025-10-17 16:00:00+00:00,27494.454416215405
2025-10-17 20:00:00+00:00,27459.16305744433
2025-10-18 00:00:00+00:00,27427.951211407406
2025-10-18 04:00:00+00:00,27427.951211407406
2025-10-18 08:00:00+00:00,27427.951211407406
2025-10-18 12:00:00+00:00,27427.951211407406
2025-10-18 16:00:00+00:00,27427.951211407406
2025-10-18 20:00:00+00:00,27427.951211407406
2025-10-19 00:00:00+00:00,27427.951211407406
2025-10-19 04:00:00+00:00,27427.951211407406
2025-10-19 08:00:00+00:00,27427.951211407406
2025-10-19 12:00:00+00:00,27427.951211407406
2025-10-19 16:00:00+00:00,27427.951211407406
2025-10-19 20:00:00+00:00,27427.951211407406
2025-10-20 00:00:00+00:00,27427.951211407406
2025-10-20 04:00:00+00:00,27427.951211407406
2025-10-20 08:00:00+00:00,27427.951211407406
2025-10-20 12:00:00+00:00,27427.951211407406
2025-10-20 16:00:00+00:00,27427.951211407406
2025-10-20 20:00:00+00:00,27427.951211407406
2025-10-21 00:00:00+00:00,27427.951211407406
2025-10-21 04:00:00+00:00,27427.951211407406
2025-10-21 08:00:00+00:00,27427.951211407406
2025-10-21 12:00:00+00:00,26023.940790616427
2025-10-21 16:00:00+00:00,26023.940790616427
2025-10-21 20:00:00+00:00,26023.940790616427
2025-10-22 00:00:00+00:00,26023.940790616427
2025-10-22 04:00:00+00:00,26207.31460574198
2025-10-22 08:00:00+00:00,26199.060331899193
2025-10-22 12:00:00+00:00,26014.004188194507
2025-10-22 16:00:00+00:00,26461.53117706806
2025-10-22 20:00:00+00:00,26730.703749729426
2025-10-23 00:00:00+00:00,26604.473404395158
2025-10-23 04:00:00+00:00,26082.95154486377
2025-10-23 08:00:00+00:00,26127.233291426932
2025-10-23 12:00:00+00:00,25715.06278953922
2025-10-23 16:00:00+00:00,25607.913719619184
2025-10-23 20:00:00+00:00,25649.97193409752
2025-10-24 00:00:00+00:00,25718.529571865063
2025-10-24 04:00:00+00:00,25365.24057024702
2025-10-24 08:00:00+00:00,25442.100675271806
2025-10-24 12:00:00+00:00,25380.443332846564
2025-10-24 16:00:00+00:00,25380.443332846564
2025-10-24 20:00:00+00:00,25380.443332846564
2025-10-25 00:00:00+00:00,25380.443332846564
2025-10-25 04:00:00+00:00,25380.443332846564
2025-10-25 08:00:00+00:00,25380.443332846564
2025-10-25 12:00:00+00:00,25380.443332846564
2025-10-25 16:00:00+00:00,25380.443332846564
2025-10-25 20:00:00+00:00,25380.443332846564
2025-10-26 00:00:00+00:00,25380.443332846564
2025-10-26 04:00:00+00:00,25380.443332846564
2025-10-26 08:00:00+00:00,25380.443332846564
2025-10-26 12:00:00+00:00,25380.443332846564
2025-10-26 16:00:00+00:00,25380.443332846564
2025-10-26 20:00:00+00:00,25380.443332846564
2025-10-27 00:00:00+00:00,25380.443332846564
2025-10-27 04:00:00+00:00,25380.443332846564
2025-10-27 08:00:00+00:00,25380.443332846564
2025-10-27 12:00:00+00:00,25380.443332846564
2025-10-27 16:00:00+00:00,25380.443332846564
2025-10-27 20:00:00+00:00,25380.443332846564
2025-10-28 00:00:00+00:00,25380.443332846564
2025-10-28 04:00:00+00:00,25380.443332846564
2025-10-28 08:00:00+00:00,25380.443332846564
2025-10-28 12:00:00+00:00,25380.443332846564
2025-10-28 16:00:00+00:00,25380.443332846564
2025-10-28 20:00:00+00:00,25380.443332846564
2025-10-29 00:00:00+00:00,25216.40898439437
2025-10-29 04:00:00+00:00,25087.069856894122
2025-10-29 08:00:00+00:00,24646.66887276206
2025-10-29 12:00:00+00:00,24897.26343229379
2025-10-29 16:00:00+00:00,24657.338542411286
2025-10-29 20:00:00+00:00,25101.941793193386
2025-10-30 00:00:00+00:00,25047.922498223365
2025-10-30 04:00:00+00:00,25169.177930254846
2025-10-30 08:00:00+00:00,25929.489738782017
2025-10-30 12:00:00+00:00,27214.79731831572
2025-10-30 16:00:00+00:00,28076.018392101647
2025-10-30 20:00:00+00:00,27316.151018037697
2025-10-31 00:00:00+00:00,27231.495389875978
2025-10-31 04:00:00+00:00,27150.658435188325
2025-10-31 08:00:00+00:00,26665.6695284019
2025-10-31 12:00:00+00:00,26778.84126496462
2025-10-31 16:00:00+00:00,26720.13613223558
2025-10-31 20:00:00+00:00,26889.893737079656
2025-11-01 00:00:00+00:00,26534.697227169996
2025-11-01 04:00:00+00:00,26453.860272482343
2025-11-01 08:00:00+00:00,26189.528280870993
2025-11-01 12:00:00+00:00,26141.0261080584
2025-11-01 16:00:00+00:00,25957.56259754703
2025-11-01 20:00:00+00:00,25957.56259754703
2025-11-02 00:00:00+00:00,26186.38614844228
2025-11-02 04:00:00+00:00,25466.937251722156
2025-11-02 08:00:00+00:00,25597.09515086861
2025-11-02 12:00:00+00:00,25538.666200020372
2025-11-02 16:00:00+00:00,25572.899879037177
2025-11-02 20:00:00+00:00,24829.803553073572
2025-11-03 00:00:00+00:00,26634.650429847
2025-11-03 04:00:00+00:00,26839.642519767993
2025-11-03 08:00:00+00:00,27110.87966965828
2025-11-03 12:00:00+00:00,28673.944355305855
2025-11-03 16:00:00+00:00,28664.54696416899
2025-11-03 20:00:00+00:00,28775.58434620953
2025-11-04 00:00:00+00:00,28087.623296452788
2025-11-04 04:00:00+00:00,29249.245139338418
2025-11-04 08:00:00+00:00,28549.584978159764
2025-11-04 12:00:00+00:00,28669.163697280343
2025-11-04 16:00:00+00:00,29863.9371107821
2025-11-04 20:00:00+00:00,29317.291537659454
2025-11-05 00:00:00+00:00,28712.22345815217
2025-11-05 04:00:00+00:00,28857.426188512873
2025-11-05 08:00:00+00:00,28721.229955253806
2025-11-05 12:00:00+00:00,28371.03513497211
2025-11-05 16:00:00+00:00,28063.811588078817
2025-11-05 20:00:00+00:00,28046.72891391873
2025-11-06 00:00:00+00:00,28215.204553408767
2025-11-06 04:00:00+00:00,28667.89541865096
2025-11-06 08:00:00+00:00,28622.07980579069
2025-11-06 12:00:00+00:00,29066.22933395284
2025-11-06 16:00:00+00:00,28580.40679710375
2025-11-06 20:00:00+00:00,28477.910752143252
2025-11-07 00:00:00+00:00,27907.901205571856
2025-11-07 04:00:00+00:00,27258.759587488712
2025-11-07 08:00:00+00:00,28081.1092719506
2025-11-07 12:00:00+00:00,27150.10353022609
2025-11-07 16:00:00+00:00,27103.416962433974
2025-11-07 20:00:00+00:00,27103.416962433974
2025-11-08 00:00:00+00:00,27103.416962433974
2025-11-08 04:00:00+00:00,27103.416962433974
2025-11-08 08:00:00+00:00,27103.416962433974
2025-11-08 12:00:00+00:00,27103.416962433974
2025-11-08 16:00:00+00:00,27103.416962433974
2025-11-08 20:00:00+00:00,27103.416962433974
2025-11-09 00:00:00+00:00,27103.416962433974
2025-11-09 04:00:00+00:00,27103.416962433974
2025-11-09 08:00:00+00:00,27103.416962433974
2025-11-09 12:00:00+00:00,27103.416962433974
2025-11-09 16:00:00+00:00,27103.416962433974
2025-11-09 20:00:00+00:00,27103.416962433974
2025-11-10 00:00:00+00:00,27103.416962433974
2025-11-10 04:00:00+00:00,27103.416962433974
2025-11-10 08:00:00+00:00,27103.416962433974
2025-11-10 12:00:00+00:00,27103.416962433974
2025-11-10 16:00:00+00:00,27103.416962433974
2025-11-10 20:00:00+00:00,27103.416962433974
2025-11-11 00:00:00+00:00,27103.416962433974
2025-11-11 04:00:00+00:00,27103.416962433974
2025-11-11 08:00:00+00:00,27103.416962433974
2025-11-11 12:00:00+00:00,27103.416962433974
2025-11-11 16:00:00+00:00,27103.416962433974
2025-11-11 20:00:00+00:00,27523.683840281647
2025-11-12 00:00:00+00:00,27465.35219407072
2025-11-12 04:00:00+00:00,27746.227458119
2025-11-12 08:00:00+00:00,27408.145280311885
2025-11-12 12:00:00+00:00,28531.646336504993
2025-11-12 16:00:00+00:00,29141.727313420186
2025-11-12 20:00:00+00:00,29102.985897689385
2025-11-13 00:00:00+00:00,28577.32751404549
2025-11-13 04:00:00+00:00,28306.137603929907
2025-11-13 08:00:00+00:00,28460.389508472315
2025-11-13 12:00:00+00:00,28741.264772520586
2025-11-13 16:00:00+00:00,30758.36467007093
2025-11-13 20:00:00+00:00,30525.91617568615
2025-11-14 00:00:00+00:00,30969.1582046067
2025-11-14 04:00:00+00:00,30484.89050797174
2025-11-14 08:00:00+00:00,31068.166417116696
2025-11-14 12:00:00+00:00,30457.989119356644
2025-11-14 16:00:00+00:00,30361.648309882185
2025-11-14 20:00:00+00:00,31213.959455959717
2025-11-15 00:00:00+00:00,30556.577468093223
2025-11-15 04:00:00+00:00,30508.150698429727
2025-11-15 08:00:00+00:00,30876.56757637853
2025-11-15 12:00:00+00:00,30702.231205589942
2025-11-15 16:00:00+00:00,30653.362516471345
2025-11-15 20:00:00+00:00,30866.44030299073
2025-11-16 00:00:00+00:00,30567.143871554188
2025-11-16 04:00:00+00:00,30431.548916496402
2025-11-16 08:00:00+00:00,31029.243006418343
2025-11-16 12:00:00+00:00,31523.196056986002
2025-11-16 16:00:00+00:00,31870.925408479492
2025-11-16 20:00:00+00:00,31376.972357911833
2025-11-17 00:00:00+00:00,31058.05758115606
2025-11-17 04:00:00+00:00,30941.833333963667
2025-11-17 08:00:00+00:00,30924.790016648294
2025-11-17 12:00:00+00:00,31641.506207668033
2025-11-17 16:00:00+00:00,32492.34436928367
2025-11-17 20:00:00+00:00,32230.839813100793
2025-11-18 00:00:00+00:00,31698.73874228734
2025-11-18 04:00:00+00:00,31766.536219816237
2025-11-18 08:00:00+00:00,31565.38885227115
2025-11-18 12:00:00+00:00,31371.681773617165
2025-11-18 16:00:00+00:00,31137.860026409595
2025-11-18 20:00:00+00:00,31225.028211803885
2025-11-19 00:00:00+00:00,31498.515487872304
2025-11-19 04:00:00+00:00,31566.312965401194
2025-11-19 08:00:00+00:00,31507.20293121752
2025-11-19 12:00:00+00:00,32233.60447616996
2025-11-19 16:00:00+00:00,32977.700693986306
2025-11-19 20:00:00+00:00,31980.109238918292
2025-11-20 00:00:00+00:00,31798.054047249087
2025-11-20 04:00:00+00:00,31371.89847421032
2025-11-20 08:00:00+00:00,31432.29440426385
2025-11-20 12:00:00+00:00,31500.091881792745
2025-11-20 16:00:00+00:00,33216.669774842325
2025-11-20 20:00:00+00:00,33391.006145630905
2025-11-21 00:00:00+00:00,33314.073679563866
2025-11-21 04:00:00+00:00,34757.19141553604
2025-11-21 08:00:00+00:00,35143.535973397506
2025-11-21 12:00:00+00:00,34562.41473743555
2025-11-21 16:00:00+00:00,34428.78397215531
2025-11-21 20:00:00+00:00,34661.232466540096
2025-11-22 00:00:00+00:00,34622.58000139038
2025-11-22 04:00:00+00:00,34622.58000139038
2025-11-22 08:00:00+00:00,34622.58000139038
2025-11-22 12:00:00+00:00,34622.58000139038
2025-11-22 16:00:00+00:00,34622.58000139038
2025-11-22 20:00:00+00:00,34622.58000139038
2025-11-23 00:00:00+00:00,34622.58000139038
2025-11-23 04:00:00+00:00,34622.58000139038
2025-11-23 08:00:00+00:00,34622.58000139038
2025-11-23 12:00:00+00:00,34622.58000139038
2025-11-23 16:00:00+00:00,34622.58000139038
2025-11-23 20:00:00+00:00,34622.58000139038
2025-11-24 00:00:00+00:00,34622.58000139038
2025-11-24 04:00:00+00:00,34622.58000139038
2025-11-24 08:00:00+00:00,34622.58000139038
2025-11-24 12:00:00+00:00,34622.58000139038
2025-11-24 16:00:00+00:00,34622.58000139038
2025-11-24 20:00:00+00:00,34622.58000139038
2025-11-25 00:00:00+00:00,34622.58000139038
2025-11-25 04:00:00+00:00,34622.58000139038
2025-11-25 08:00:00+00:00,34622.58000139038
2025-11-25 12:00:00+00:00,34622.58000139038
2025-11-25 16:00:00+00:00,34622.58000139038
2025-11-25 20:00:00+00:00,34622.58000139038
2025-11-26 00:00:00+00:00,34622.58000139038
2025-11-26 04:00:00+00:00,34622.58000139038
2025-11-26 08:00:00+00:00,34622.58000139038
2025-11-26 12:00:00+00:00,34622.58000139038
2025-11-26 16:00:00+00:00,34622.58000139038
2025-11-26 20:00:00+00:00,34622.58000139038
2025-11-27 00:00:00+00:00,34622.58000139038
2025-11-27 04:00:00+00:00,34622.58000139038
2025-11-27 08:00:00+00:00,34622.58000139038
2025-11-27 12:00:00+00:00,34622.58000139038
2025-11-27 16:00:00+00:00,34622.58000139038
2025-11-27 20:00:00+00:00,34622.58000139038
2025-11-28 00:00:00+00:00,34622.58000139038
2025-11-28 04:00:00+00:00,34622.58000139038
2025-11-28 08:00:00+00:00,34622.58000139038
2025-11-28 12:00:00+00:00,34622.58000139038
2025-11-28 16:00:00+00:00,34622.58000139038
2025-11-28 20:00:00+00:00,34622.58000139038
2025-11-29 00:00:00+00:00,34622.58000139038
2025-11-29 04:00:00+00:00,34622.58000139038
2025-11-29 08:00:00+00:00,34622.58000139038
2025-11-29 12:00:00+00:00,34622.58000139038
2025-11-29 16:00:00+00:00,34622.58000139038
2025-11-29 20:00:00+00:00,34357.840105840194
2025-11-30 00:00:00+00:00,33917.36954878141
2025-11-30 04:00:00+00:00,33998.76786865295
2025-11-30 08:00:00+00:00,34099.96877178282
2025-11-30 12:00:00+00:00,34441.84171524328
2025-11-30 16:00:00+00:00,34311.76179979842
2025-11-30 20:00:00+00:00,34995.50768671933
2025-12-01 00:00:00+00:00,37554.2071873935
2025-12-01 04:00:00+00:00,37033.25794021567
2025-12-01 08:00:00+00:00,37675.52896286438
2025-12-01 12:00:00+00:00,38229.03753799083
2025-12-01 16:00:00+00:00,38666.408364979405
2025-12-01 20:00:00+00:00,37738.46751844388
2025-12-02 00:00:00+00:00,37755.7977457637
2025-12-02 04:00:00+00:00,37593.00110602062
2025-12-02 08:00:00+00:00,37594.828134939635
2025-12-02 12:00:00+00:00,35145.28756404895
2025-12-02 16:00:00+00:00,35145.28756404895
2025-12-02 20:00:00+00:00,35145.28756404895
2025-12-03 00:00:00+00:00,35145.28756404895
2025-12-03 04:00:00+00:00,35145.28756404895
2025-12-03 08:00:00+00:00,35145.28756404895
2025-12-03 12:00:00+00:00,35145.28756404895
2025-12-03 16:00:00+00:00,35145.28756404895
2025-12-03 20:00:00+00:00,35145.28756404895
2025-12-04 00:00:00+00:00,35145.28756404895
2025-12-04 04:00:00+00:00,35145.28756404895
2025-12-04 08:00:00+00:00,35145.28756404895
2025-12-04 12:00:00+00:00,35145.28756404895
2025-12-04 16:00:00+00:00,35145.28756404895
2025-12-04 20:00:00+00:00,35145.28756404895
2025-12-05 00:00:00+00:00,35145.28756404895
2025-12-05 04:00:00+00:00,35145.28756404895
2025-12-05 08:00:00+00:00,35145.28756404895
2025-12-05 12:00:00+00:00,35145.28756404895
2025-12-05 16:00:00+00:00,35145.28756404895
2025-12-05 20:00:00+00:00,35005.05291692284
2025-12-06 00:00:00+00:00,34848.89203888314
2025-12-06 04:00:00+00:00,34918.69524800515
2025-12-06 08:00:00+00:00,35021.579778623745
2025-12-06 12:00:00+00:00,34550.40811705019
2025-12-06 16:00:00+00:00,34327.12335679093
2025-12-06 20:00:00+00:00,34117.713729424904
2025-12-07 00:00:00+00:00,33772.31349004739
2025-12-07 04:00:00+00:00,33999.17391969392
2025-12-07 08:00:00+00:00,34315.505761942426
2025-12-07 12:00:00+00:00,34315.505761942426
2025-12-07 16:00:00+00:00,33338.540650519535
2025-12-07 20:00:00+00:00,33030.440513799775
2025-12-08 00:00:00+00:00,33030.440513799775
2025-12-08 04:00:00+00:00,33030.440513799775
2025-12-08 08:00:00+00:00,33030.440513799775
2025-12-08 12:00:00+00:00,33030.440513799775
2025-12-08 16:00:00+00:00,33030.440513799775
2025-12-08 20:00:00+00:00,33030.440513799775
2025-12-09 00:00:00+00:00,33030.440513799775
2025-12-09 04:00:00+00:00,33030.440513799775
2025-12-09 08:00:00+00:00,33030.440513799775
2025-12-09 12:00:00+00:00,33030.440513799775
2025-12-09 16:00:00+00:00,33030.440513799775
2025-12-09 20:00:00+00:00,33030.440513799775
2025-12-10 00:00:00+00:00,33030.440513799775
2025-12-10 04:00:00+00:00,33030.440513799775
2025-12-10 08:00:00+00:00,33030.440513799775
2025-12-10 12:00:00+00:00,33030.440513799775
2025-12-10 16:00:00+00:00,33030.440513799775
2025-12-10 20:00:00+00:00,33030.440513799775
2025-12-11 00:00:00+00:00,33030.440513799775
2025-12-11 04:00:00+00:00,33030.440513799775
2025-12-11 08:00:00+00:00,32996.39550634522
2025-12-11 12:00:00+00:00,33141.06267683199
2025-12-11 16:00:00+00:00,32863.59630072186
2025-12-11 20:00:00+00:00,31899.148497476715
2025-12-12 00:00:00+00:00,32015.0831604918
2025-12-12 04:00:00+00:00,31773.971209680516
2025-12-12 08:00:00+00:00,31632.15935378363
2025-12-12 12:00:00+00:00,33657.49974059843
2025-12-12 16:00:00+00:00,33626.34243903472
2025-12-12 20:00:00+00:00,32999.45136692537
2025-12-13 00:00:00+00:00,32769.69291108505
2025-12-13 04:00:00+00:00,32608.951610544187
2025-12-13 08:00:00+00:00,32290.806342365868
2025-12-13 12:00:00+00:00,32049.694391554585
2025-12-13 16:00:00+00:00,31586.945905905544
2025-12-13 20:00:00+00:00,31490.50112558103
2025-12-14 00:00:00+00:00,31424.807763462988
2025-12-14 04:00:00+00:00,31424.807763462988
2025-12-14 08:00:00+00:00,31424.807763462988
2025-12-14 12:00:00+00:00,31424.807763462988
2025-12-14 16:00:00+00:00,31802.114605951047
2025-12-14 20:00:00+00:00,31786.93245391145
2025-12-15 00:00:00+00:00,31376.081847096488
2025-12-15 04:00:00+00:00,31239.44247874012
2025-12-15 08:00:00+00:00,30725.99842045901
2025-12-15 12:00:00+00:00,32669.31388152737
2025-12-15 16:00:00+00:00,33079.725162408766
2025-12-15 20:00:00+00:00,32943.085794052386
2025-12-16 00:00:00+00:00,33108.842866056846
2025-12-16 04:00:00+00:00,33670.58249152191
2025-12-16 08:00:00+00:00,32544.606007957253
2025-12-16 12:00:00+00:00,32286.50942328411
2025-12-16 16:00:00+00:00,32426.20495884605
2025-12-16 20:00:00+00:00,32441.387110885644
2025-12-17 00:00:00+00:00,32687.34252857272
2025-12-17 04:00:00+00:00,32884.710505087474
2025-12-17 08:00:00+00:00,33115.44126070925
2025-12-17 12:00:00+00:00,33434.266453540775
2025-12-17 16:00:00+00:00,34543.89484482755
2025-12-17 20:00:00+00:00,34817.173581540286
2025-12-18 00:00:00+00:00,35178.21739324915
2025-12-18 04:00:00+00:00,35269.310305486724
2025-12-18 08:00:00+00:00,34993.18423389159
2025-12-18 12:00:00+00:00,34036.708655397
2025-12-18 16:00:00+00:00,36711.648986823115
2025-12-18 20:00:00+00:00,36180.273665437235
2025-12-19 00:00:00+00:00,35421.895507259804
2025-12-19 04:00:00+00:00,34814.60942567594
2025-12-19 08:00:00+00:00,34695.176494273495
2025-12-19 12:00:00+00:00,34027.16180453124
2025-12-19 16:00:00+00:00,33468.30375152329
2025-12-19 20:00:00+00:00,33635.30742395885
2025-12-20 00:00:00+00:00,33911.508724939216
2025-12-20 04:00:00+00:00,33744.50505250365
2025-12-20 08:00:00+00:00,33656.32559524247
2025-12-20 12:00:00+00:00,33929.60433195521
2025-12-20 16:00:00+00:00,34066.7524159674
2025-12-20 20:00:00+00:00,34081.934568007
2025-12-21 00:00:00+00:00,34297.36171437285
2025-12-21 04:00:00+00:00,34024.08297766012
2025-12-21 08:00:00+00:00,34178.79062515881
2025-12-21 12:00:00+00:00,34877.169618980246
2025-12-21 16:00:00+00:00,34708.83782160084
2025-12-21 20:00:00+00:00,34648.109213442454
2025-12-22 00:00:00+00:00,34266.690804304075
2025-12-22 04:00:00+00:00,34008.59421963094
2025-12-22 08:00:00+00:00,33919.751649389626
2025-12-22 12:00:00+00:00,33950.11595346882
2025-12-22 16:00:00+00:00,34621.02436138982
2025-12-22 20:00:00+00:00,34408.47423283546
2025-12-23 00:00:00+00:00,34576.215648852296
2025-12-23 04:00:00+00:00,34819.13008148584
2025-12-23 08:00:00+00:00,34694.77826399636
2025-12-23 12:00:00+00:00,35074.33206498627
2025-12-23 16:00:00+00:00,34620.15429730697
2025-12-23 20:00:00+00:00,33891.41099940635
2025-12-24 00:00:00+00:00,34471.16989617878
2025-12-24 04:00:00+00:00,34789.99508901031
2025-12-24 08:00:00+00:00,34908.31555125848
2025-12-24 12:00:00+00:00,34331.39377375381
2025-12-24 16:00:00+00:00,34421.432909518684
2025-12-24 20:00:00+00:00,34364.53020367428
2025-12-25 00:00:00+00:00,34364.53020367428
2025-12-25 04:00:00+00:00,34364.53020367428
2025-12-25 08:00:00+00:00,34364.53020367428
2025-12-25 12:00:00+00:00,34364.53020367428
2025-12-25 16:00:00+00:00,34364.53020367428
2025-12-25 20:00:00+00:00,34364.53020367428
2025-12-26 00:00:00+00:00,34364.53020367428
2025-12-26 04:00:00+00:00,34364.53020367428
2025-12-26 08:00:00+00:00,34364.53020367428
2025-12-26 12:00:00+00:00,34364.53020367428
2025-12-26 16:00:00+00:00,34364.53020367428
2025-12-26 20:00:00+00:00,34364.53020367428
2025-12-27 00:00:00+00:00,34364.53020367428
2025-12-27 04:00:00+00:00,34364.53020367428
2025-12-27 08:00:00+00:00,34364.53020367428
2025-12-27 12:00:00+00:00,34364.53020367428
2025-12-27 16:00:00+00:00,34364.53020367428
2025-12-27 20:00:00+00:00,34364.53020367428
2025-12-28 00:00:00+00:00,34364.53020367428
2025-12-28 04:00:00+00:00,34364.53020367428
2025-12-28 08:00:00+00:00,34364.53020367428
2025-12-28 12:00:00+00:00,34364.53020367428
2025-12-28 16:00:00+00:00,34364.53020367428
2025-12-28 20:00:00+00:00,34364.53020367428
2025-12-29 00:00:00+00:00,34364.53020367428
2025-12-29 04:00:00+00:00,34364.53020367428
2025-12-29 08:00:00+00:00,34364.53020367428
2025-12-29 12:00:00+00:00,34364.53020367428
2025-12-29 16:00:00+00:00,34364.53020367428
2025-12-29 20:00:00+00:00,34364.53020367428
2025-12-30 00:00:00+00:00,34259.49387501753
2025-12-30 04:00:00+00:00,34223.32434035611
2025-12-30 08:00:00+00:00,33720.40142870296
2025-12-30 12:00:00+00:00,33702.31666137224
2025-12-30 16:00:00+00:00,34013.00177470658
2025-12-30 20:00:00+00:00,34230.01898267509
2025-12-31 00:00:00+00:00,34193.45194193418
2025-12-31 04:00:00+00:00,34175.367174603474
2025-12-31 08:00:00+00:00,34137.90405950254
2025-12-31 12:00:00+00:00,34535.768940778136
2025-12-31 16:00:00+00:00,35224.68257296573
2025-12-31 20:00:00+00:00,34953.4110630051
2026-01-01 00:00:00+00:00,35097.48787590311
2026-01-01 04:00:00+00:00,35025.14880658027
2026-01-01 08:00:00+00:00,34554.96203886182
2026-01-01 12:00:00+00:00,33506.04553368071
2026-01-01 16:00:00+00:00,33062.85741458481
2026-01-01 20:00:00+00:00,33062.85741458481
2026-01-02 00:00:00+00:00,33062.85741458481
2026-01-02 04:00:00+00:00,33062.85741458481
2026-01-02 08:00:00+00:00,33062.85741458481
2026-01-02 12:00:00+00:00,33062.85741458481
2026-01-02 16:00:00+00:00,33062.85741458481
2026-01-02 20:00:00+00:00,33062.85741458481
2026-01-03 00:00:00+00:00,33062.85741458481
2026-01-03 04:00:00+00:00,33062.85741458481
2026-01-03 08:00:00+00:00,33062.85741458481
2026-01-03 12:00:00+00:00,33062.85741458481
2026-01-03 16:00:00+00:00,33062.85741458481
2026-01-03 20:00:00+00:00,33062.85741458481
2026-01-04 00:00:00+00:00,33062.85741458481
2026-01-04 04:00:00+00:00,33062.85741458481
2026-01-04 08:00:00+00:00,33062.85741458481
2026-01-04 12:00:00+00:00,33062.85741458481
2026-01-04 16:00:00+00:00,33062.85741458481
2026-01-04 20:00:00+00:00,33062.85741458481
2026-01-05 00:00:00+00:00,33062.85741458481
2026-01-05 04:00:00+00:00,33062.85741458481
2026-01-05 08:00:00+00:00,33062.85741458481
2026-01-05 12:00:00+00:00,33062.85741458481
2026-01-05 16:00:00+00:00,33062.85741458481
2026-01-05 20:00:00+00:00,33062.85741458481
2026-01-06 00:00:00+00:00,33062.85741458481
2026-01-06 04:00:00+00:00,33062.85741458481
2026-01-06 08:00:00+00:00,33062.85741458481
2026-01-06 12:00:00+00:00,33062.85741458481
2026-01-06 16:00:00+00:00,33062.85741458481
2026-01-06 20:00:00+00:00,33062.85741458481
2026-01-07 00:00:00+00:00,33062.85741458481
2026-01-07 04:00:00+00:00,33062.85741458481
2026-01-07 08:00:00+00:00,33062.85741458481
2026-01-07 12:00:00+00:00,33062.85741458481
2026-01-07 16:00:00+00:00,33062.85741458481
2026-01-07 20:00:00+00:00,33062.85741458481
2026-01-08 00:00:00+00:00,33062.85741458481
2026-01-08 04:00:00+00:00,32822.8174607825
2026-01-08 08:00:00+00:00,33315.52324878038
2026-01-08 12:00:00+00:00,32667.7913739683
2026-01-08 16:00:00+00:00,33176.368846848025
2026-01-08 20:00:00+00:00,33128.97383161788
2026-01-09 00:00:00+00:00,33069.08075087153
2026-01-09 04:00:00+00:00,33227.06413497204
2026-01-09 08:00:00+00:00,33435.73332819351
2026-01-09 12:00:00+00:00,33009.17819112215
2026-01-09 16:00:00+00:00,33612.8295421025
2026-01-09 20:00:00+00:00,33375.85446595174
2026-01-10 00:00:00+00:00,33631.36283798745
2026-01-10 04:00:00+00:00,33299.59773137638
2026-01-10 08:00:00+00:00,32844.7319718742
2026-01-10 12:00:00+00:00,32876.328648694296
2026-01-10 16:00:00+00:00,32925.44645187427
2026-01-10 20:00:00+00:00,33478.38829622604
2026-01-11 00:00:00+00:00,33427.842603990284
2026-01-11 04:00:00+00:00,33238.26254306968
2026-01-11 08:00:00+00:00,33241.038014119564
2026-01-11 12:00:00+00:00,33509.60976709043
2026-01-11 16:00:00+00:00,33632.89456020059
2026-01-11 20:00:00+00:00,33885.66797476141
2026-01-12 00:00:00+00:00,33269.38373461293
2026-01-12 04:00:00+00:00,33774.93056373455
2026-01-12 08:00:00+00:00,34123.48876329839
2026-01-12 12:00:00+00:00,33839.11867191747
2026-01-12 16:00:00+00:00,34077.47360575173
2026-01-12 20:00:00+00:00,34456.63372759295
2026-01-13 00:00:00+00:00,34141.933664636235
2026-01-13 04:00:00+00:00,33841.76523484527
2026-01-13 08:00:00+00:00,33560.62748350305
2026-01-13 12:00:00+00:00,32328.357087519078
2026-01-13 16:00:00+00:00,31905.185954535147
2026-01-13 20:00:00+00:00,31836.684359189167
2026-01-14 00:00:00+00:00,31836.684359189167
2026-01-14 04:00:00+00:00,31836.684359189167
2026-01-14 08:00:00+00:00,31836.684359189167
2026-01-14 12:00:00+00:00,31836.684359189167
2026-01-14 16:00:00+00:00,31836.684359189167
2026-01-14 20:00:00+00:00,31836.684359189167
2026-01-15 00:00:00+00:00,31836.684359189167
2026-01-15 04:00:00+00:00,31836.684359189167
2026-01-15 08:00:00+00:00,31836.684359189167
2026-01-15 12:00:00+00:00,31836.684359189167
2026-01-15 16:00:00+00:00,31836.684359189167
2026-01-15 20:00:00+00:00,31836.684359189167
2026-01-16 00:00:00+00:00,32152.83199893739
2026-01-16 04:00:00+00:00,31742.487499696836
2026-01-16 08:00:00+00:00,31820.760279785558
2026-01-16 12:00:00+00:00,32595.855445017714
2026-01-16 16:00:00+00:00,32247.91545407406
2026-01-16 20:00:00+00:00,31822.373010417192
2026-01-17 00:00:00+00:00,31687.166211789623
2026-01-17 04:00:00+00:00,31307.217601381704
2026-01-17 08:00:00+00:00,31264.860930293427
2026-01-17 12:00:00+00:00,29936.913988279994
2026-01-17 16:00:00+00:00,29936.913988279994
2026-01-17 20:00:00+00:00,29936.913988279994
2026-01-18 00:00:00+00:00,29936.913988279994
2026-01-18 04:00:00+00:00,29936.913988279994
2026-01-18 08:00:00+00:00,29936.913988279994
2026-01-18 12:00:00+00:00,29936.913988279994
2026-01-18 16:00:00+00:00,29936.913988279994
2026-01-18 20:00:00+00:00,29936.913988279994
2026-01-19 00:00:00+00:00,29936.913988279994
2026-01-19 04:00:00+00:00,29970.223151844497
2026-01-19 08:00:00+00:00,30248.214072147875
2026-01-19 12:00:00+00:00,30139.36059644688
2026-01-19 16:00:00+00:00,29455.618586034234
2026-01-19 20:00:00+00:00,29813.280006194636
2026-01-20 00:00:00+00:00,29736.853816069706
2026-01-20 04:00:00+00:00,30343.32318068952
2026-01-20 08:00:00+00:00,30500.739648309587
2026-01-20 12:00:00+00:00,30765.098089297713
2026-01-20 16:00:00+00:00,31308.617218807518
2026-01-20 20:00:00+00:00,31588.526156324355
2026-01-21 00:00:00+00:00,30875.776524464323
2026-01-21 04:00:00+00:00,30891.327020993034
2026-01-21 08:00:00+00:00,31531.264095819766
2026-01-21 12:00:00+00:00,30318.32536658014
2026-01-21 16:00:00+00:00,30318.453367848728
2026-01-21 20:00:00+00:00,31127.07918734181
2026-01-22 00:00:00+00:00,30941.62741795061
2026-01-22 04:00:00+00:00,31921.30869925954
2026-01-22 08:00:00+00:00,31827.7264017576
2026-01-22 12:00:00+00:00,32387.544276791275
2026-01-22 16:00:00+00:00,32321.296654838916
2026-01-22 20:00:00+00:00,32274.645165252776
2026-01-23 00:00:00+00:00,31978.613769016425
2026-01-23 04:00:00+00:00,32056.36625165999
2026-01-23 08:00:00+00:00,32211.67536528556
2026-01-23 12:00:00+00:00,32211.67536528556
2026-01-23 16:00:00+00:00,32274.290335267026
2026-01-23 20:00:00+00:00,32398.69430749673
2026-01-24 00:00:00+00:00,31949.569874014313
2026-01-24 04:00:00+00:00,32260.57980458858
2026-01-24 08:00:00+00:00,32214.069797151973
2026-01-24 12:00:00+00:00,32509.529231197528
2026-01-24 16:00:00+00:00,32586.13495802508
2026-01-24 20:00:00+00:00,32461.73098579537
2026-01-25 00:00:00+00:00,32682.17948973537
2026-01-25 04:00:00+00:00,32697.72998626408
2026-01-25 08:00:00+00:00,32636.90315108392
2026-01-25 12:00:00+00:00,32932.36258512947
2026-01-25 16:00:00+00:00,34315.30610191083
2026-01-25 20:00:00+00:00,33864.34170257814
2026-01-26 00:00:00+00:00,33680.33734230284
2026-01-26 04:00:00+00:00,33291.57492908501
2026-01-26 08:00:00+00:00,33385.428881009895
2026-01-26 12:00:00+00:00,33400.979377538606
2026-01-26 16:00:00+00:00,33495.497903258394
2026-01-26 20:00:00+00:00,33448.846413672254
2026-01-27 00:00:00+00:00,33464.18198678845
2026-01-27 04:00:00+00:00,33557.48496596073
2026-01-27 08:00:00+00:00,33775.30854593117
2026-01-27 12:00:00+00:00,33604.25308411532
2026-01-27 16:00:00+00:00,33404.12757385029
2026-01-27 20:00:00+00:00,33233.072112034446
2026-01-28 00:00:00+00:00,33359.905639415054
2026-01-28 04:00:00+00:00,33282.15315677149
2026-01-28 08:00:00+00:00,33079.75777194017
2026-01-28 12:00:00+00:00,33655.12614350255
2026-01-28 16:00:00+00:00,33483.87722480162
2026-01-28 20:00:00+00:00,33203.96828728478
2026-01-29 00:00:00+00:00,34044.418520752195
2026-01-29 04:00:00+00:00,34028.86802422347
2026-01-29 08:00:00+00:00,33976.72140933851
2026-01-29 12:00:00+00:00,33976.72140933851
2026-01-29 16:00:00+00:00,33976.72140933851
2026-01-29 20:00:00+00:00,33976.72140933851
2026-01-30 00:00:00+00:00,33976.72140933851
2026-01-30 04:00:00+00:00,33976.72140933851
2026-01-30 08:00:00+00:00,33976.72140933851
2026-01-30 12:00:00+00:00,33976.72140933851
2026-01-30 16:00:00+00:00,33976.72140933851
2026-01-30 20:00:00+00:00,33976.72140933851
2026-01-31 00:00:00+00:00,33976.72140933851
2026-01-31 04:00:00+00:00,33976.72140933851
2026-01-31 08:00:00+00:00,33976.72140933851
2026-01-31 12:00:00+00:00,33976.72140933851
2026-01-31 16:00:00+00:00,33976.72140933851
2026-01-31 20:00:00+00:00,33976.72140933851
2026-02-01 00:00:00+00:00,33976.72140933851
2026-02-01 04:00:00+00:00,33976.72140933851
2026-02-01 08:00:00+00:00,33976.72140933851
2026-02-01 12:00:00+00:00,33976.72140933851
2026-02-01 16:00:00+00:00,33976.72140933851
2026-02-01 20:00:00+00:00,33976.72140933851
2026-02-02 00:00:00+00:00,33976.72140933851
2026-02-02 04:00:00+00:00,33976.72140933851
2026-02-02 08:00:00+00:00,33976.72140933851
2026-02-02 12:00:00+00:00,33976.72140933851
2026-02-02 16:00:00+00:00,33976.72140933851
2026-02-02 20:00:00+00:00,33976.72140933851
2026-02-03 00:00:00+00:00,33976.72140933851
2026-02-03 04:00:00+00:00,33976.72140933851
2026-02-03 08:00:00+00:00,33976.72140933851
2026-02-03 12:00:00+00:00,33976.72140933851
2026-02-03 16:00:00+00:00,33976.72140933851
2026-02-03 20:00:00+00:00,33976.72140933851
2026-02-04 00:00:00+00:00,33976.72140933851
2026-02-04 04:00:00+00:00,33976.72140933851
2026-02-04 08:00:00+00:00,33976.72140933851
2026-02-04 12:00:00+00:00,33976.72140933851
2026-02-04 16:00:00+00:00,33976.72140933851
2026-02-04 20:00:00+00:00,33976.72140933851
2026-02-05 00:00:00+00:00,33976.72140933851
2026-02-05 04:00:00+00:00,33976.72140933851
2026-02-05 08:00:00+00:00,33976.72140933851
2026-02-05 12:00:00+00:00,33976.72140933851
2026-02-05 16:00:00+00:00,33976.72140933851
2026-02-05 20:00:00+00:00,33976.72140933851
2026-02-06 00:00:00+00:00,33976.72140933851
2026-02-06 04:00:00+00:00,33976.72140933851
2026-02-06 08:00:00+00:00,33976.72140933851
2026-02-06 12:00:00+00:00,33976.72140933851
2026-02-06 16:00:00+00:00,33976.72140933851
2026-02-06 20:00:00+00:00,33976.72140933851
2026-02-07 00:00:00+00:00,33976.72140933851
2026-02-07 04:00:00+00:00,33976.72140933851
2026-02-07 08:00:00+00:00,33976.72140933851
2026-02-07 12:00:00+00:00,33976.72140933851
2026-02-07 16:00:00+00:00,33976.72140933851
2026-02-07 20:00:00+00:00,33976.72140933851
2026-02-08 00:00:00+00:00,33976.72140933851
2026-02-08 04:00:00+00:00,33976.72140933851
2026-02-08 08:00:00+00:00,33976.72140933851
2026-02-08 12:00:00+00:00,33976.72140933851
2026-02-08 16:00:00+00:00,33976.72140933851
2026-02-08 20:00:00+00:00,33976.72140933851
2026-02-09 00:00:00+00:00,33976.72140933851
2026-02-09 04:00:00+00:00,33976.72140933851
2026-02-09 08:00:00+00:00,33976.72140933851
2026-02-09 12:00:00+00:00,33976.72140933851
2026-02-09 16:00:00+00:00,33976.72140933851
2026-02-09 20:00:00+00:00,33976.72140933851
2026-02-10 00:00:00+00:00,33976.72140933851
2026-02-10 04:00:00+00:00,33976.72140933851
2026-02-10 08:00:00+00:00,33976.72140933851
2026-02-10 12:00:00+00:00,33976.72140933851
2026-02-10 16:00:00+00:00,33976.72140933851
2026-02-10 20:00:00+00:00,33976.72140933851
2026-02-11 00:00:00+00:00,33976.72140933851
2026-02-11 04:00:00+00:00,33976.72140933851
2026-02-11 08:00:00+00:00,33976.72140933851
2026-02-11 12:00:00+00:00,33976.72140933851
2026-02-11 16:00:00+00:00,33976.72140933851
2026-02-11 20:00:00+00:00,33976.72140933851
2026-02-12 00:00:00+00:00,33976.72140933851
2026-02-12 04:00:00+00:00,33976.72140933851
2026-02-12 08:00:00+00:00,33976.72140933851
2026-02-12 12:00:00+00:00,33976.72140933851
2026-02-12 16:00:00+00:00,33976.72140933851
2026-02-12 20:00:00+00:00,33976.72140933851
2026-02-13 00:00:00+00:00,33976.72140933851
2026-02-13 04:00:00+00:00,33976.72140933851
2026-02-13 08:00:00+00:00,33976.72140933851
2026-02-13 12:00:00+00:00,33976.72140933851
2026-02-13 16:00:00+00:00,33976.72140933851
2026-02-13 20:00:00+00:00,33976.72140933851
2026-02-14 00:00:00+00:00,33976.72140933851
2026-02-14 04:00:00+00:00,33976.72140933851
2026-02-14 08:00:00+00:00,33976.72140933851
2026-02-14 12:00:00+00:00,33976.72140933851
2026-02-14 16:00:00+00:00,33976.72140933851
2026-02-14 20:00:00+00:00,33976.72140933851
2026-02-15 00:00:00+00:00,33976.72140933851
2026-02-15 04:00:00+00:00,33976.72140933851
2026-02-15 08:00:00+00:00,33976.72140933851
2026-02-15 12:00:00+00:00,33976.72140933851
2026-02-15 16:00:00+00:00,33976.72140933851
2026-02-15 20:00:00+00:00,33976.72140933851
2026-02-16 00:00:00+00:00,33976.72140933851
2026-02-16 04:00:00+00:00,33976.72140933851
2026-02-16 08:00:00+00:00,33976.72140933851
2026-02-16 12:00:00+00:00,34593.69797600907
2026-02-16 16:00:00+00:00,34149.80029614559
2026-02-16 20:00:00+00:00,33673.23251267891
2026-02-17 00:00:00+00:00,33821.967792881966
2026-02-17 04:00:00+00:00,33970.8952252153
2026-02-17 08:00:00+00:00,34182.79513303647
2026-02-17 12:00:00+00:00,34242.366105969806
2026-02-17 16:00:00+00:00,34153.63004251031
2026-02-17 20:00:00+00:00,34391.913934243654
2026-02-18 00:00:00+00:00,34276.131791250424
2026-02-18 04:00:00+00:00,34067.63338598375
2026-02-18 08:00:00+00:00,34598.47252098306
2026-02-18 12:00:00+00:00,34628.258007449724
2026-02-18 16:00:00+00:00,35727.828700179234
2026-02-18 20:00:00+00:00,35876.75613251257
2026-02-19 00:00:00+00:00,35878.429371531674
2026-02-19 04:00:00+00:00,36295.42618206503
2026-02-19 08:00:00+00:00,37008.82298964641
2026-02-19 12:00:00+00:00,38795.95217764648
2026-02-19 16:00:00+00:00,38701.08001803419
2026-02-19 20:00:00+00:00,38820.22196390087
2026-02-20 00:00:00+00:00,38845.05083505471
2026-02-20 04:00:00+00:00,39202.476672654724
2026-02-20 08:00:00+00:00,39907.667252563464
2026-02-20 12:00:00+00:00,39073.67363149676
2026-02-20 16:00:00+00:00,39224.24043317684
2026-02-20 20:00:00+00:00,39075.3130008435
2026-02-21 00:00:00+00:00,39073.674539954096
2026-02-21 04:00:00+00:00,38150.3244594874
2026-02-21 08:00:00+00:00,37169.21736723299
2026-02-21 12:00:00+00:00,38181.92390709969
2026-02-21 16:00:00+00:00,38482.75434186439
2026-02-21 20:00:00+00:00,38661.467260664394
2026-02-22 00:00:00+00:00,39312.935234206205
2026-02-22 04:00:00+00:00,39432.07718007288
2026-02-22 08:00:00+00:00,39434.92765112774
2026-02-22 12:00:00+00:00,39822.13897519442
2026-02-22 16:00:00+00:00,39940.9971964312
2026-02-22 20:00:00+00:00,39821.855250564535
2026-02-23 00:00:00+00:00,41098.451783546516
2026-02-23 04:00:00+00:00,40264.458162479816
2026-02-23 08:00:00+00:00,39576.59557109377
2026-02-23 12:00:00+00:00,40351.01821922713
2026-02-23 16:00:00+00:00,40532.48927407396
2026-02-23 20:00:00+00:00,40055.921490607274
2026-02-24 00:00:00+00:00,40207.63684447389
2026-02-24 04:00:00+00:00,40743.77560087391
2026-02-24 08:00:00+00:00,40654.6638888162
2026-02-24 12:00:00+00:00,40267.45256474952
2026-02-24 16:00:00+00:00,40293.63532387222
2026-02-24 20:00:00+00:00,40502.13372913889
2026-02-25 00:00:00+00:00,40407.55048874533
2026-02-25 04:00:00+00:00,40228.837569945325
2026-02-25 08:00:00+00:00,39751.060936553295
2026-02-25 12:00:00+00:00,37959.42988502726
2026-02-25 16:00:00+00:00,37959.42988502726
2026-02-25 20:00:00+00:00,37959.42988502726
2026-02-26 00:00:00+00:00,37959.42988502726
2026-02-26 04:00:00+00:00,37959.42988502726
2026-02-26 08:00:00+00:00,37959.42988502726
2026-02-26 12:00:00+00:00,37959.42988502726
2026-02-26 16:00:00+00:00,37959.42988502726
2026-02-26 20:00:00+00:00,37959.42988502726
2026-02-27 00:00:00+00:00,37959.42988502726
2026-02-27 04:00:00+00:00,37959.42988502726
2026-02-27 08:00:00+00:00,37959.42988502726
2026-02-27 12:00:00+00:00,37959.42988502726
2026-02-27 16:00:00+00:00,37959.42988502726
2026-02-27 20:00:00+00:00,37959.42988502726
2026-02-28 00:00:00+00:00,37959.42988502726
2026-02-28 04:00:00+00:00,37959.42988502726
2026-02-28 08:00:00+00:00,37959.42988502726
2026-02-28 12:00:00+00:00,37008.50070294389
2026-02-28 16:00:00+00:00,35710.44803329951
2026-02-28 20:00:00+00:00,34448.007230046474
2026-03-01 00:00:00+00:00,34448.007230046474
2026-03-01 04:00:00+00:00,34448.007230046474
2026-03-01 08:00:00+00:00,34448.007230046474
2026-03-01 12:00:00+00:00,34448.007230046474
2026-03-01 16:00:00+00:00,34448.007230046474
2026-03-01 20:00:00+00:00,34448.007230046474
2026-03-02 00:00:00+00:00,34448.007230046474
2026-03-02 04:00:00+00:00,34448.007230046474
2026-03-02 08:00:00+00:00,34448.007230046474
2026-03-02 12:00:00+00:00,34448.007230046474
2026-03-02 16:00:00+00:00,34448.007230046474
2026-03-02 20:00:00+00:00,34448.007230046474
2026-03-03 00:00:00+00:00,34448.007230046474
2026-03-03 04:00:00+00:00,34448.007230046474
2026-03-03 08:00:00+00:00,34448.007230046474
2026-03-03 12:00:00+00:00,34448.007230046474
2026-03-03 16:00:00+00:00,34448.007230046474
2026-03-03 20:00:00+00:00,34448.007230046474
2026-03-04 00:00:00+00:00,34448.007230046474
2026-03-04 04:00:00+00:00,34448.007230046474
2026-03-04 08:00:00+00:00,34448.007230046474
2026-03-04 12:00:00+00:00,34448.007230046474
2026-03-04 16:00:00+00:00,34448.007230046474
2026-03-04 20:00:00+00:00,34448.007230046474
2026-03-05 00:00:00+00:00,34448.007230046474
2026-03-05 04:00:00+00:00,34448.007230046474
2026-03-05 08:00:00+00:00,34448.007230046474
2026-03-05 12:00:00+00:00,34448.007230046474
2026-03-05 16:00:00+00:00,34448.007230046474
2026-03-05 20:00:00+00:00,34448.007230046474
2026-03-06 00:00:00+00:00,34448.007230046474
2026-03-06 04:00:00+00:00,34448.007230046474
2026-03-06 08:00:00+00:00,34448.007230046474
2026-03-06 12:00:00+00:00,34448.007230046474
2026-03-06 16:00:00+00:00,34274.586933773935
2026-03-06 20:00:00+00:00,34135.40531557768
2026-03-07 00:00:00+00:00,34208.47566513072
2026-03-07 04:00:00+00:00,34486.838901523224
2026-03-07 08:00:00+00:00,34416.19334454631
2026-03-07 12:00:00+00:00,35146.89684007666
2026-03-07 16:00:00+00:00,35422.92953246558
2026-03-07 20:00:00+00:00,35214.157105171194
2026-03-08 00:00:00+00:00,35663.567369947225
2026-03-08 04:00:00+00:00,35628.771965398155
2026-03-08 08:00:00+00:00,35492.91330833633
2026-03-08 12:00:00+00:00,35910.458162925104
2026-03-08 16:00:00+00:00,35391.74554295465
2026-03-08 20:00:00+00:00,36052.858229386875
2026-03-09 00:00:00+00:00,35562.574522456016
2026-03-09 04:00:00+00:00,35145.029667867246
2026-03-09 08:00:00+00:00,35009.2266834527
2026-03-09 12:00:00+00:00,34487.29561521673
2026-03-09 16:00:00+00:00,34349.750662896986
2026-03-09 20:00:00+00:00,34976.06794478014
2026-03-10 00:00:00+00:00,34525.70893736915
2026-03-10 04:00:00+00:00,34177.7548918785
2026-03-10 08:00:00+00:00,34216.02635734203
2026-03-10 12:00:00+00:00,34111.77932531303
2026-03-10 16:00:00+00:00,34111.77932531303
2026-03-10 20:00:00+00:00,34111.77932531303
2026-03-11 00:00:00+00:00,34111.77932531303
2026-03-11 04:00:00+00:00,34111.77932531303
2026-03-11 08:00:00+00:00,34111.77932531303
2026-03-11 12:00:00+00:00,34111.77932531303
2026-03-11 16:00:00+00:00,34111.77932531303
2026-03-11 20:00:00+00:00,34111.77932531303
2026-03-12 00:00:00+00:00,34111.77932531303
2026-03-12 04:00:00+00:00,34111.77932531303
2026-03-12 08:00:00+00:00,34111.77932531303
2026-03-12 12:00:00+00:00,34111.77932531303
2026-03-12 16:00:00+00:00,34111.77932531303
2026-03-12 20:00:00+00:00,34111.77932531303
2026-03-13 00:00:00+00:00,34111.77932531303
2026-03-13 04:00:00+00:00,34111.77932531303
2026-03-13 08:00:00+00:00,34111.77932531303
2026-03-13 12:00:00+00:00,34111.77932531303
2026-03-13 16:00:00+00:00,34111.77932531303
2026-03-13 20:00:00+00:00,34111.77932531303
2026-03-14 00:00:00+00:00,34111.77932531303
2026-03-14 04:00:00+00:00,34111.77932531303
2026-03-14 08:00:00+00:00,34111.77932531303
2026-03-14 12:00:00+00:00,34111.77932531303
2026-03-14 16:00:00+00:00,34111.77932531303
2026-03-14 20:00:00+00:00,34111.77932531303
2026-03-15 00:00:00+00:00,34111.77932531303
2026-03-15 04:00:00+00:00,34111.77932531303
2026-03-15 08:00:00+00:00,34111.77932531303
2026-03-15 12:00:00+00:00,34111.77932531303
2026-03-15 16:00:00+00:00,34111.77932531303
2026-03-15 20:00:00+00:00,34111.77932531303
2026-03-16 00:00:00+00:00,34111.77932531303
2026-03-16 04:00:00+00:00,34111.77932531303
2026-03-16 08:00:00+00:00,34111.77932531303
2026-03-16 12:00:00+00:00,34111.77932531303
2026-03-16 16:00:00+00:00,34111.77932531303
2026-03-16 20:00:00+00:00,34111.77932531303
2026-03-17 00:00:00+00:00,34111.77932531303
2026-03-17 04:00:00+00:00,34111.77932531303
2026-03-17 08:00:00+00:00,34111.77932531303
2026-03-17 12:00:00+00:00,34111.77932531303
2026-03-17 16:00:00+00:00,34111.77932531303
2026-03-17 20:00:00+00:00,34111.77932531303
2026-03-18 00:00:00+00:00,34111.77932531303
2026-03-18 04:00:00+00:00,34111.77932531303
2026-03-18 08:00:00+00:00,34111.77932531303
2026-03-18 12:00:00+00:00,34111.77932531303
2026-03-18 16:00:00+00:00,34111.77932531303
2026-03-18 20:00:00+00:00,33673.72235421633
2026-03-19 00:00:00+00:00,33706.39704553614
2026-03-19 04:00:00+00:00,34378.57284896824
2026-03-19 08:00:00+00:00,34412.54814434102
2026-03-19 12:00:00+00:00,35084.72394777312
2026-03-19 16:00:00+00:00,34987.21140396922
2026-03-19 20:00:00+00:00,34886.385033454404
2026-03-20 00:00:00+00:00,34587.103105953705
2026-03-20 04:00:00+00:00,34419.05915509568
2026-03-20 08:00:00+00:00,34486.48771260267
2026-03-20 12:00:00+00:00,34721.749243803904
2026-03-20 16:00:00+00:00,34790.75413893626
2026-03-20 20:00:00+00:00,34689.92776842145
2026-03-21 00:00:00+00:00,34758.59702802641
2026-03-21 04:00:00+00:00,34724.988237854806
2026-03-21 08:00:00+00:00,34855.66380500273
2026-03-21 12:00:00+00:00,34418.74953277187
2026-03-21 16:00:00+00:00,34685.852582293664
2026-03-21 20:00:00+00:00,35862.16023829984
2026-03-22 00:00:00+00:00,35895.162163285604
2026-03-22 04:00:00+00:00,36332.076435516465
2026-03-22 08:00:00+00:00,36796.745855943016
2026-03-22 12:00:00+00:00,36796.745855943016
2026-03-22 16:00:00+00:00,37191.58313951723
2026-03-22 20:00:00+00:00,37124.36555917402
2026-03-23 00:00:00+00:00,36685.508205494196
2026-03-23 04:00:00+00:00,37156.03126789666
2026-03-23 08:00:00+00:00,36284.6529252301
2026-03-23 12:00:00+00:00,36587.132036774536
2026-03-23 16:00:00+00:00,36319.46507981423
2026-03-23 20:00:00+00:00,35412.0277451809
2026-03-24 00:00:00+00:00,35747.4553390295
2026-03-24 04:00:00+00:00,35713.846548857895
2026-03-24 08:00:00+00:00,35582.511812508325
2026-03-24 12:00:00+00:00,35750.55576336635
2026-03-24 16:00:00+00:00,35888.237533183354
2026-03-24 20:00:00+00:00,35451.32326095249
2026-03-25 00:00:00+00:00,35286.55952801521
2026-03-25 04:00:00+00:00,35220.68629927887
2026-03-25 08:00:00+00:00,35220.68629927887
2026-03-25 12:00:00+00:00,35220.68629927887
2026-03-25 16:00:00+00:00,35220.68629927887
2026-03-25 20:00:00+00:00,35220.68629927887
2026-03-26 00:00:00+00:00,35220.68629927887
2026-03-26 04:00:00+00:00,35220.68629927887
2026-03-26 08:00:00+00:00,35220.68629927887
2026-03-26 12:00:00+00:00,35112.51987572961
2026-03-26 16:00:00+00:00,35603.80280397516
2026-03-26 20:00:00+00:00,35190.380059346324
2026-03-27 00:00:00+00:00,34964.5485300323
2026-03-27 04:00:00+00:00,34926.96464415695
2026-03-27 08:00:00+00:00,36283.536212884734
2026-03-27 12:00:00+00:00,36471.455642261484
2026-03-27 16:00:00+00:00,36541.07960104694
2026-03-27 20:00:00+00:00,36653.831258672995
2026-03-28 00:00:00+00:00,36833.307426369734
2026-03-28 04:00:00+00:00,36758.13965461904
2026-03-28 08:00:00+00:00,36454.026159159956
2026-03-28 12:00:00+00:00,36078.18730040646
2026-03-28 16:00:00+00:00,35960.725685074976
2026-03-28 20:00:00+00:00,36674.81951670661
2026-03-29 00:00:00+00:00,36524.75131527807
2026-03-29 04:00:00+00:00,36750.254630530166
2026-03-29 08:00:00+00:00,36941.54157608134
2026-03-29 12:00:00+00:00,37129.461005458084
2026-03-29 16:00:00+00:00,37163.86014409267
2026-03-29 20:00:00+00:00,37239.02791584336
2026-03-30 00:00:00+00:00,36185.13759510005
2026-03-30 04:00:00+00:00,35621.379306969815
2026-03-30 08:00:00+00:00,35585.907786192045
2026-03-30 12:00:00+00:00,35773.82721556879
2026-03-30 16:00:00+00:00,36341.05073797674
2026-03-30 20:00:00+00:00,36190.71519447534
2026-03-31 00:00:00+00:00,35664.22065831815
2026-03-31 04:00:00+00:00,35551.4690006921
2026-03-31 08:00:00+00:00,35485.20109311668
2026-03-31 12:00:00+00:00,35485.20109311668
2026-03-31 16:00:00+00:00,35485.20109311668
2026-03-31 20:00:00+00:00,35485.20109311668
2026-04-01 00:00:00+00:00,35485.20109311668
2026-04-01 04:00:00+00:00,35485.20109311668
2026-04-01 08:00:00+00:00,35485.20109311668
2026-04-01 12:00:00+00:00,35485.20109311668
2026-04-01 16:00:00+00:00,35485.20109311668
2026-04-01 20:00:00+00:00,35485.20109311668
2026-04-02 00:00:00+00:00,35485.20109311668
2026-04-02 04:00:00+00:00,35485.20109311668
2026-04-02 08:00:00+00:00,35485.20109311668
2026-04-02 12:00:00+00:00,35485.20109311668
2026-04-02 16:00:00+00:00,35530.666543447885
2026-04-02 20:00:00+00:00,35724.963339735084
2026-04-03 00:00:00+00:00,35106.74202143662
2026-04-03 04:00:00+00:00,34679.28906960478
2026-04-03 08:00:00+00:00,34527.4849826656
2026-04-03 12:00:00+00:00,34454.58482469864
2026-04-03 16:00:00+00:00,34454.58482469864
2026-04-03 20:00:00+00:00,34454.58482469864
2026-04-04 00:00:00+00:00,34454.58482469864
2026-04-04 04:00:00+00:00,34310.15845115653
2026-04-04 08:00:00+00:00,34187.90032403323
2026-04-04 12:00:00+00:00,33999.45255062233
2026-04-04 16:00:00+00:00,33850.91226042486
2026-04-04 20:00:00+00:00,33780.809688716006
2026-04-05 00:00:00+00:00,33780.809688716006
2026-04-05 04:00:00+00:00,34265.591021918735
2026-04-05 08:00:00+00:00,34225.11388296057
2026-04-05 12:00:00+00:00,34077.78632386537
2026-04-05 16:00:00+00:00,33926.94568866386
2026-04-05 20:00:00+00:00,32720.184241979943
2026-04-06 00:00:00+00:00,32720.184241979943
2026-04-06 04:00:00+00:00,32720.184241979943
2026-04-06 08:00:00+00:00,32720.184241979943
2026-04-06 12:00:00+00:00,32720.184241979943
2026-04-06 16:00:00+00:00,32720.184241979943
2026-04-06 20:00:00+00:00,32720.184241979943
2026-04-07 00:00:00+00:00,32720.184241979943
2026-04-07 04:00:00+00:00,32720.184241979943
2026-04-07 08:00:00+00:00,32720.184241979943
2026-04-07 12:00:00+00:00,32720.184241979943
2026-04-07 16:00:00+00:00,32720.184241979943
2026-04-07 20:00:00+00:00,32720.184241979943
2026-04-08 00:00:00+00:00,32720.184241979943
2026-04-08 04:00:00+00:00,32720.184241979943
2026-04-08 08:00:00+00:00,32720.184241979943
2026-04-08 12:00:00+00:00,32720.184241979943
2026-04-08 16:00:00+00:00,32720.184241979943
2026-04-08 20:00:00+00:00,32720.184241979943
2026-04-09 00:00:00+00:00,32720.184241979943
2026-04-09 04:00:00+00:00,32720.184241979943
2026-04-09 08:00:00+00:00,32720.184241979943
2026-04-09 12:00:00+00:00,32720.184241979943
2026-04-09 16:00:00+00:00,32720.184241979943
2026-04-09 20:00:00+00:00,32720.184241979943
2026-04-10 00:00:00+00:00,32720.184241979943
2026-04-10 04:00:00+00:00,32720.184241979943
2026-04-10 08:00:00+00:00,32720.184241979943
2026-04-10 12:00:00+00:00,32720.184241979943
2026-04-10 16:00:00+00:00,32720.184241979943
2026-04-10 20:00:00+00:00,32720.184241979943
2026-04-11 00:00:00+00:00,32720.184241979943
2026-04-11 04:00:00+00:00,32720.184241979943
2026-04-11 08:00:00+00:00,32720.184241979943
2026-04-11 12:00:00+00:00,32720.184241979943
2026-04-11 16:00:00+00:00,32720.184241979943
2026-04-11 20:00:00+00:00,32720.184241979943
2026-04-12 00:00:00+00:00,32720.184241979943
2026-04-12 04:00:00+00:00,32720.184241979943
2026-04-12 08:00:00+00:00,32720.184241979943
2026-04-12 12:00:00+00:00,32720.184241979943
2026-04-12 16:00:00+00:00,32720.184241979943
2026-04-12 20:00:00+00:00,32720.184241979943
2026-04-13 00:00:00+00:00,32720.184241979943
2026-04-13 04:00:00+00:00,32720.184241979943
2026-04-13 08:00:00+00:00,32720.184241979943
2026-04-13 12:00:00+00:00,32720.184241979943
2026-04-13 16:00:00+00:00,32720.184241979943
2026-04-13 20:00:00+00:00,32720.184241979943
2026-04-14 00:00:00+00:00,32720.184241979943
2026-04-14 04:00:00+00:00,32720.184241979943
2026-04-14 08:00:00+00:00,32720.184241979943
2026-04-14 12:00:00+00:00,32720.184241979943
2026-04-14 16:00:00+00:00,32720.184241979943
2026-04-14 20:00:00+00:00,32720.184241979943
2026-04-15 00:00:00+00:00,32720.184241979943
2026-04-15 04:00:00+00:00,32720.184241979943
2026-04-15 08:00:00+00:00,32720.184241979943
2026-04-15 12:00:00+00:00,32720.184241979943
2026-04-15 16:00:00+00:00,32720.184241979943
2026-04-15 20:00:00+00:00,32720.184241979943
2026-04-16 00:00:00+00:00,32720.184241979943
2026-04-16 04:00:00+00:00,32720.184241979943
2026-04-16 08:00:00+00:00,32720.184241979943
2026-04-16 12:00:00+00:00,32720.184241979943
2026-04-16 16:00:00+00:00,32720.184241979943
2026-04-16 20:00:00+00:00,32720.184241979943
2026-04-17 00:00:00+00:00,32720.184241979943
2026-04-17 04:00:00+00:00,32720.184241979943
2026-04-17 08:00:00+00:00,32720.184241979943
2026-04-17 12:00:00+00:00,32720.184241979943
2026-04-17 16:00:00+00:00,32720.184241979943
2026-04-17 20:00:00+00:00,32720.184241979943
2026-04-18 00:00:00+00:00,32720.184241979943
2026-04-18 04:00:00+00:00,32720.184241979943
2026-04-18 08:00:00+00:00,32720.184241979943
2026-04-18 12:00:00+00:00,32720.184241979943
2026-04-18 16:00:00+00:00,32720.184241979943
2026-04-18 20:00:00+00:00,32720.184241979943
2026-04-19 00:00:00+00:00,32720.184241979943
2026-04-19 04:00:00+00:00,32720.184241979943
2026-04-19 08:00:00+00:00,32720.184241979943
2026-04-19 12:00:00+00:00,32720.184241979943
2026-04-19 16:00:00+00:00,32720.184241979943
2026-04-19 20:00:00+00:00,32720.184241979943
2026-04-20 00:00:00+00:00,32720.184241979943
2026-04-20 04:00:00+00:00,32720.184241979943
2026-04-20 08:00:00+00:00,32720.184241979943
2026-04-20 12:00:00+00:00,32720.184241979943
2026-04-20 16:00:00+00:00,32720.184241979943
2026-04-20 20:00:00+00:00,32720.184241979943
2026-04-21 00:00:00+00:00,32720.184241979943
2026-04-21 04:00:00+00:00,32720.184241979943
2026-04-21 08:00:00+00:00,32720.184241979943
2026-04-21 12:00:00+00:00,32720.184241979943
2026-04-21 16:00:00+00:00,32720.184241979943
2026-04-21 20:00:00+00:00,32720.184241979943
2026-04-22 00:00:00+00:00,32052.318495384956
2026-04-22 04:00:00+00:00,31959.303316122663
2026-04-22 08:00:00+00:00,31959.303316122663
2026-04-22 12:00:00+00:00,31959.303316122663
2026-04-22 16:00:00+00:00,31959.303316122663
2026-04-22 20:00:00+00:00,31959.303316122663
2026-04-23 00:00:00+00:00,31959.303316122663
2026-04-23 04:00:00+00:00,31959.303316122663
2026-04-23 08:00:00+00:00,31959.303316122663
2026-04-23 12:00:00+00:00,30841.518774467273
2026-04-23 16:00:00+00:00,30804.422062257552
2026-04-23 20:00:00+00:00,30804.422062257552
2026-04-24 00:00:00+00:00,30804.422062257552
2026-04-24 04:00:00+00:00,30804.422062257552
2026-04-24 08:00:00+00:00,30804.422062257552
2026-04-24 12:00:00+00:00,30804.422062257552
2026-04-24 16:00:00+00:00,30804.422062257552
2026-04-24 20:00:00+00:00,30804.422062257552
2026-04-25 00:00:00+00:00,30804.422062257552
2026-04-25 04:00:00+00:00,30804.422062257552
2026-04-25 08:00:00+00:00,30804.422062257552
2026-04-25 12:00:00+00:00,30804.422062257552
2026-04-25 16:00:00+00:00,30804.422062257552
2026-04-25 20:00:00+00:00,30804.422062257552
2026-04-26 00:00:00+00:00,30804.422062257552
2026-04-26 04:00:00+00:00,30804.422062257552
2026-04-26 08:00:00+00:00,30804.422062257552
2026-04-26 12:00:00+00:00,30804.422062257552
2026-04-26 16:00:00+00:00,30804.422062257552
2026-04-26 20:00:00+00:00,30804.422062257552
2026-04-27 00:00:00+00:00,30804.422062257552
2026-04-27 04:00:00+00:00,30804.422062257552
2026-04-27 08:00:00+00:00,30804.422062257552
2026-04-27 12:00:00+00:00,31521.032495731462
2026-04-27 16:00:00+00:00,31322.647923081237
2026-04-27 20:00:00+00:00,30836.183709196295
2026-04-28 00:00:00+00:00,31082.017532317357
2026-04-28 04:00:00+00:00,31227.956796482842
2026-04-28 08:00:00+00:00,31401.254808037207
2026-04-28 12:00:00+00:00,31449.901229425705
2026-04-28 16:00:00+00:00,31136.71313620551
2026-04-28 20:00:00+00:00,31379.94524314798
2026-04-29 00:00:00+00:00,30991.501900761526
2026-04-29 04:00:00+00:00,30529.360897570838
2026-04-29 08:00:00+00:00,29442.384868266272
2026-04-29 12:00:00+00:00,29442.384868266272
2026-04-29 16:00:00+00:00,29442.384868266272
2026-04-29 20:00:00+00:00,29442.384868266272
2026-04-30 00:00:00+00:00,29442.384868266272
2026-04-30 04:00:00+00:00,29442.384868266272
2026-04-30 08:00:00+00:00,29442.384868266272
2026-04-30 12:00:00+00:00,29442.384868266272
2026-04-30 16:00:00+00:00,29442.384868266272
2026-04-30 20:00:00+00:00,29442.384868266272
2026-05-01 00:00:00+00:00,29442.384868266272
2026-05-01 04:00:00+00:00,29442.384868266272
2026-05-01 08:00:00+00:00,29442.384868266272
2026-05-01 12:00:00+00:00,29442.384868266272
2026-05-01 16:00:00+00:00,29442.384868266272
2026-05-01 20:00:00+00:00,29442.384868266272
2026-05-02 00:00:00+00:00,29442.384868266272
2026-05-02 04:00:00+00:00,29442.384868266272
2026-05-02 08:00:00+00:00,29442.384868266272
2026-05-02 12:00:00+00:00,29442.384868266272
2026-05-02 16:00:00+00:00,29442.384868266272
2026-05-02 20:00:00+00:00,29442.384868266272
2026-05-03 00:00:00+00:00,29442.384868266272
2026-05-03 04:00:00+00:00,29442.384868266272
2026-05-03 08:00:00+00:00,29442.384868266272
2026-05-03 12:00:00+00:00,29442.384868266272
2026-05-03 16:00:00+00:00,29442.384868266272
2026-05-03 20:00:00+00:00,29442.384868266272
2026-05-04 00:00:00+00:00,29442.384868266272
2026-05-04 04:00:00+00:00,29442.384868266272
2026-05-04 08:00:00+00:00,29442.384868266272
2026-05-04 12:00:00+00:00,29442.384868266272
2026-05-04 16:00:00+00:00,29442.384868266272
2026-05-04 20:00:00+00:00,29442.384868266272
2026-05-05 00:00:00+00:00,29442.384868266272
2026-05-05 04:00:00+00:00,29442.384868266272
2026-05-05 08:00:00+00:00,29442.384868266272
2026-05-05 12:00:00+00:00,29442.384868266272
2026-05-05 16:00:00+00:00,29442.384868266272
2026-05-05 20:00:00+00:00,29442.384868266272
2026-05-06 00:00:00+00:00,29442.384868266272
2026-05-06 04:00:00+00:00,29442.384868266272
2026-05-06 08:00:00+00:00,29442.384868266272
2026-05-06 12:00:00+00:00,29442.384868266272
2026-05-06 16:00:00+00:00,29442.384868266272
2026-05-06 20:00:00+00:00,29442.384868266272
2026-05-07 00:00:00+00:00,29442.384868266272
2026-05-07 04:00:00+00:00,29442.384868266272
2026-05-07 08:00:00+00:00,29442.384868266272
2026-05-07 12:00:00+00:00,29442.384868266272
2026-05-07 16:00:00+00:00,29442.384868266272
2026-05-07 20:00:00+00:00,29442.384868266272
2026-05-08 00:00:00+00:00,29442.384868266272
2026-05-08 04:00:00+00:00,29442.384868266272
2026-05-08 08:00:00+00:00,29442.384868266272
2026-05-08 12:00:00+00:00,29442.384868266272
2026-05-08 16:00:00+00:00,29442.384868266272
2026-05-08 20:00:00+00:00,29442.384868266272
2026-05-09 00:00:00+00:00,29442.384868266272
2026-05-09 04:00:00+00:00,29442.384868266272
2026-05-09 08:00:00+00:00,29442.384868266272
2026-05-09 12:00:00+00:00,29442.384868266272
2026-05-09 16:00:00+00:00,29442.384868266272
2026-05-09 20:00:00+00:00,29442.384868266272
2026-05-10 00:00:00+00:00,29442.384868266272
2026-05-10 04:00:00+00:00,29442.384868266272
2026-05-10 08:00:00+00:00,29442.384868266272
2026-05-10 12:00:00+00:00,29442.384868266272
2026-05-10 16:00:00+00:00,29442.384868266272
2026-05-10 20:00:00+00:00,29442.384868266272
2026-05-11 00:00:00+00:00,29442.384868266272
2026-05-11 04:00:00+00:00,29442.384868266272
2026-05-11 08:00:00+00:00,29442.384868266272
2026-05-11 12:00:00+00:00,29442.384868266272
2026-05-11 16:00:00+00:00,29442.384868266272
2026-05-11 20:00:00+00:00,29442.384868266272
2026-05-12 00:00:00+00:00,29442.384868266272
2026-05-12 04:00:00+00:00,29442.384868266272
2026-05-12 08:00:00+00:00,29442.384868266272
2026-05-12 12:00:00+00:00,29442.384868266272
2026-05-12 16:00:00+00:00,29442.384868266272
2026-05-12 20:00:00+00:00,29619.736983058618
2026-05-13 00:00:00+00:00,28718.832721044346
2026-05-13 04:00:00+00:00,28761.80633742243
2026-05-13 08:00:00+00:00,28701.757353974095
2026-05-13 12:00:00+00:00,30160.07067300899
2026-05-13 16:00:00+00:00,29951.270073840493
2026-05-13 20:00:00+00:00,30013.564534286244
2026-05-14 00:00:00+00:00,30658.233936254324
2026-05-14 04:00:00+00:00,30471.350554917088
2026-05-14 08:00:00+00:00,30593.047716703823
2026-05-14 12:00:00+00:00,29513.27706897757
2026-05-14 16:00:00+00:00,29721.3106709242
2026-05-14 20:00:00+00:00,30136.60707389583
2026-05-15 00:00:00+00:00,30323.820079518126
2026-05-15 04:00:00+00:00,30697.586842192595
2026-05-15 08:00:00+00:00,30739.84842703403
2026-05-15 12:00:00+00:00,31695.030153868785
2026-05-15 16:00:00+00:00,31337.77363611932
2026-05-15 20:00:00+00:00,31503.892197307974
2026-05-16 00:00:00+00:00,31545.743696678055
2026-05-16 04:00:00+00:00,32438.630963067066
2026-05-16 08:00:00+00:00,32728.002123485367
2026-05-16 12:00:00+00:00,32416.529821256638
2026-05-16 16:00:00+00:00,32476.96101763672
2026-05-16 20:00:00+00:00,32601.54993852821
2026-05-17 00:00:00+00:00,32641.431575136616
2026-05-17 04:00:00+00:00,32122.31107142207
2026-05-17 08:00:00+00:00,32083.30850973699
2026-05-17 12:00:00+00:00,32623.193833600115
2026-05-17 16:00:00+00:00,32664.083313595733
2026-05-17 20:00:00+00:00,33224.733457607435
2026-05-18 00:00:00+00:00,33225.69059953329
2026-05-18 04:00:00+00:00,33350.27952042478
2026-05-18 08:00:00+00:00,33290.39170263427
2026-05-18 12:00:00+00:00,33477.2750839715
2026-05-18 16:00:00+00:00,33188.21169722566
2026-05-18 20:00:00+00:00,32980.56349573985
2026-05-19 00:00:00+00:00,33123.49189914182
2026-05-19 04:00:00+00:00,33040.4326185475
2026-05-19 08:00:00+00:00,33539.304429783646
2026-05-19 12:00:00+00:00,33539.304429783646
2026-05-19 16:00:00+00:00,33645.51648484364
2026-05-19 20:00:00+00:00,33832.39986618087
2026-05-20 00:00:00+00:00,34061.8991402016
2026-05-20 04:00:00+00:00,33771.19165812146
2026-05-20 08:00:00+00:00,34061.12385615531
2026-05-20 12:00:00+00:00,33957.2997554124
2026-05-20 16:00:00+00:00,34145.211105400536
2026-05-20 20:00:00+00:00,34581.27232852076
2026-05-21 00:00:00+00:00,33995.57965463547
2026-05-21 04:00:00+00:00,34307.05195686419
2026-05-21 08:00:00+00:00,34827.264871187785
2026-05-21 12:00:00+00:00,34121.260986136
2026-05-21 16:00:00+00:00,33707.516005521655
2026-05-21 20:00:00+00:00,33977.45866745322
2026-05-22 00:00:00+00:00,33708.14232897765
2026-05-22 04:00:00+00:00,33874.260890166304
2026-05-22 08:00:00+00:00,33729.82058359745
2026-05-22 12:00:00+00:00,34082.822526123346
2026-05-22 16:00:00+00:00,34748.46038363999
2026-05-22 20:00:00+00:00,34852.2844843829
2026-05-23 00:00:00+00:00,34603.983409721135
2026-05-23 04:00:00+00:00,35787.578158190285
2026-05-23 08:00:00+00:00,35640.71841804466
2026-05-23 12:00:00+00:00,35080.06827403295
2026-05-23 16:00:00+00:00,35016.851855572604
2026-05-23 20:00:00+00:00,35016.851855572604
2026-05-24 00:00:00+00:00,35016.851855572604
2026-05-24 04:00:00+00:00,35016.851855572604
2026-05-24 08:00:00+00:00,35016.851855572604
2026-05-24 12:00:00+00:00,35016.851855572604
2026-05-24 16:00:00+00:00,35016.851855572604
2026-05-24 20:00:00+00:00,35016.851855572604
2026-05-25 00:00:00+00:00,35016.851855572604
2026-05-25 04:00:00+00:00,35016.851855572604
2026-05-25 08:00:00+00:00,35016.851855572604
2026-05-25 12:00:00+00:00,35016.851855572604
2026-05-25 16:00:00+00:00,35016.851855572604
2026-05-25 20:00:00+00:00,35016.851855572604
2026-05-26 00:00:00+00:00,35016.851855572604
2026-05-26 04:00:00+00:00,35016.851855572604
2026-05-26 08:00:00+00:00,35016.851855572604
2026-05-26 12:00:00+00:00,35016.851855572604
2026-05-26 16:00:00+00:00,35016.851855572604
2026-05-26 20:00:00+00:00,35016.851855572604
2026-05-27 00:00:00+00:00,35016.851855572604
2026-05-27 04:00:00+00:00,34687.49386353705
2026-05-27 08:00:00+00:00,34815.87800797577
2026-05-27 12:00:00+00:00,34362.30611258942
2026-05-27 16:00:00+00:00,34293.81756471598
2026-05-27 20:00:00+00:00,34293.81756471598
2026-05-28 00:00:00+00:00,35380.13592983666
2026-05-28 04:00:00+00:00,35508.47409099451
2026-05-28 08:00:00+00:00,35828.7185247819
2026-05-28 12:00:00+00:00,35860.80306507136
2026-05-28 16:00:00+00:00,34960.135249873296
2026-05-28 20:00:00+00:00,35088.473411031155
2026-05-29 00:00:00+00:00,35348.49615089907
2026-05-29 04:00:00+00:00,34899.312586846565
2026-05-29 08:00:00+00:00,35319.777278885966
2026-05-29 12:00:00+00:00,34838.50917454401
2026-05-29 16:00:00+00:00,35387.321653103354
2026-05-29 20:00:00+00:00,35547.744354550676
2026-05-30 00:00:00+00:00,34748.93876341792
2026-05-30 04:00:00+00:00,35005.61508573363
2026-05-30 08:00:00+00:00,35038.95565010971
2026-05-30 12:00:00+00:00,34974.78656953078
2026-05-30 16:00:00+00:00,35010.236778096616
2026-05-30 20:00:00+00:00,35491.504882438574
2026-05-31 00:00:00+00:00,35039.05239173643
2026-05-31 04:00:00+00:00,35616.57411694679
2026-05-31 08:00:00+00:00,35613.754408191664
2026-05-31 12:00:00+00:00,36159.191593112555
2026-05-31 16:00:00+00:00,36157.49284279648
2026-05-31 20:00:00+00:00,35387.46387584934
2026-06-01 00:00:00+00:00,35356.89094092345
2026-06-01 04:00:00+00:00,36287.3426093179
2026-06-01 08:00:00+00:00,36283.81186736513
2026-06-01 12:00:00+00:00,36540.488189680844
2026-06-01 16:00:00+00:00,35484.900397249425
2026-06-01 20:00:00+00:00,35741.576719565135
2026-06-02 00:00:00+00:00,36065.707579385424
2026-06-02 04:00:00+00:00,37060.32832835881
2026-06-02 08:00:00+00:00,37187.91333573453
2026-06-02 12:00:00+00:00,38407.12586673416
2026-06-02 16:00:00+00:00,38245.74186625803
2026-06-02 20:00:00+00:00,38823.263591468385
2026-06-03 00:00:00+00:00,39813.74033201914
2026-06-03 04:00:00+00:00,37792.4142937829
2026-06-03 08:00:00+00:00,37690.3950040216
2026-06-03 12:00:00+00:00,38171.66310836356
2026-06-03 16:00:00+00:00,38650.820940621314
2026-06-03 20:00:00+00:00,38811.243642068635
2026-06-04 00:00:00+00:00,38969.51573474769
2026-06-04 04:00:00+00:00,39964.13648372107
2026-06-04 08:00:00+00:00,40282.26161170109
2026-06-04 12:00:00+00:00,39191.38724185931
2026-06-04 16:00:00+00:00,39607.783564138124
2026-06-04 20:00:00+00:00,39928.62896703277
2026-06-05 00:00:00+00:00,41017.23238669595
2026-06-05 04:00:00+00:00,41626.83865219576
2026-06-05 08:00:00+00:00,42296.051461141
2026-06-05 12:00:00+00:00,42552.72778345672
2026-06-05 16:00:00+00:00,42935.29831049354
2026-06-05 20:00:00+00:00,42806.96014933568
2026-06-06 00:00:00+00:00,43285.60644044196
2026-06-06 04:00:00+00:00,43285.60644044196
2026-06-06 08:00:00+00:00,42995.700340705254
2026-06-06 12:00:00+00:00,43091.95396157364
2026-06-06 16:00:00+00:00,43348.13007371413
2026-06-06 20:00:00+00:00,42963.11559024056
2026-06-07 00:00:00+00:00,42224.24341311194
2026-06-07 04:00:00+00:00,42171.56059795663
2026-06-07 08:00:00+00:00,42171.56059795663
2026-06-07 12:00:00+00:00,42171.56059795663
2026-06-07 16:00:00+00:00,42171.56059795663
2026-06-07 20:00:00+00:00,42171.56059795663
2026-06-08 00:00:00+00:00,42171.56059795663
2026-06-08 04:00:00+00:00,42171.56059795663
2026-06-08 08:00:00+00:00,42171.56059795663
2026-06-08 12:00:00+00:00,42171.56059795663
2026-06-08 16:00:00+00:00,42171.56059795663
2026-06-08 20:00:00+00:00,42171.56059795663
2026-06-09 00:00:00+00:00,42171.56059795663
2026-06-09 04:00:00+00:00,42171.56059795663
2026-06-09 08:00:00+00:00,42171.56059795663
2026-06-09 12:00:00+00:00,42171.56059795663
2026-06-09 16:00:00+00:00,42171.56059795663
2026-06-09 20:00:00+00:00,42171.56059795663
2026-06-10 00:00:00+00:00,42171.56059795663
2026-06-10 04:00:00+00:00,42171.56059795663
2026-06-10 08:00:00+00:00,42171.56059795663
2026-06-10 12:00:00+00:00,42171.56059795663
2026-06-10 16:00:00+00:00,42171.56059795663
2026-06-10 20:00:00+00:00,42171.56059795663
2026-06-11 00:00:00+00:00,42171.56059795663
2026-06-11 04:00:00+00:00,42171.56059795663
2026-06-11 08:00:00+00:00,42171.56059795663
2026-06-11 12:00:00+00:00,42171.56059795663
2026-06-11 16:00:00+00:00,42171.56059795663
2026-06-11 20:00:00+00:00,42171.56059795663
2026-06-12 00:00:00+00:00,42171.56059795663
2026-06-12 04:00:00+00:00,42171.56059795663
2026-06-12 08:00:00+00:00,42171.56059795663
2026-06-12 12:00:00+00:00,42171.56059795663
2026-06-12 16:00:00+00:00,42171.56059795663
2026-06-12 20:00:00+00:00,42171.56059795663
2026-06-13 00:00:00+00:00,42171.56059795663
2026-06-13 04:00:00+00:00,42171.56059795663
2026-06-13 08:00:00+00:00,42171.56059795663
2026-06-13 12:00:00+00:00,42171.56059795663
2026-06-13 16:00:00+00:00,42171.56059795663
2026-06-13 20:00:00+00:00,42171.56059795663
2026-06-14 00:00:00+00:00,42171.56059795663
2026-06-14 04:00:00+00:00,42171.56059795663
2026-06-14 08:00:00+00:00,42171.56059795663
2026-06-14 12:00:00+00:00,42171.56059795663
2026-06-14 16:00:00+00:00,42171.56059795663
2026-06-14 20:00:00+00:00,42171.56059795663
2026-06-15 00:00:00+00:00,42171.56059795663
2026-06-15 04:00:00+00:00,42171.56059795663
2026-06-15 08:00:00+00:00,42171.56059795663
2026-06-15 12:00:00+00:00,42171.56059795663
2026-06-15 16:00:00+00:00,42171.56059795663
2026-06-15 20:00:00+00:00,42171.56059795663
2026-06-16 00:00:00+00:00,42171.56059795663
2026-06-16 04:00:00+00:00,42171.56059795663
2026-06-16 08:00:00+00:00,42171.56059795663
2026-06-16 12:00:00+00:00,42171.56059795663
2026-06-16 16:00:00+00:00,42171.56059795663
2026-06-16 20:00:00+00:00,42171.56059795663
2026-06-17 00:00:00+00:00,42171.56059795663
2026-06-17 04:00:00+00:00,42171.56059795663
2026-06-17 08:00:00+00:00,42171.56059795663
2026-06-17 12:00:00+00:00,42171.56059795663
2026-06-17 16:00:00+00:00,42171.56059795663
2026-06-17 20:00:00+00:00,42171.56059795663
2026-06-18 00:00:00+00:00,42171.56059795663
2026-06-18 04:00:00+00:00,42171.56059795663
2026-06-18 08:00:00+00:00,42171.56059795663
2026-06-18 12:00:00+00:00,43427.634410466344
2026-06-18 16:00:00+00:00,42418.49959679242
2026-06-18 20:00:00+00:00,41524.77562479468
2026-06-19 00:00:00+00:00,41805.20712770705
2026-06-19 04:00:00+00:00,42729.05662685078
2026-06-19 08:00:00+00:00,42907.22559790773
2026-06-19 12:00:00+00:00,41918.104123281024
2026-06-19 16:00:00+00:00,42689.85492657663
2026-06-19 20:00:00+00:00,42232.951098195765
2026-06-20 00:00:00+00:00,42655.203276215485
2026-06-20 04:00:00+00:00,42072.77641805966
2026-06-20 08:00:00+00:00,42304.314102999844
2026-06-20 12:00:00+00:00,42193.853836797876
2026-06-20 16:00:00+00:00,42597.97250399481
2026-06-20 20:00:00+00:00,41874.95985249102
2026-06-21 00:00:00+00:00,42277.936009171375
2026-06-21 04:00:00+00:00,42408.47996013733
2026-06-21 08:00:00+00:00,42346.56832729115
2026-06-21 12:00:00+00:00,42005.14568630325
2026-06-21 16:00:00+00:00,42370.568893931486
2026-06-21 20:00:00+00:00,43269.31378712022
2026-06-22 00:00:00+00:00,42616.29860264318
2026-06-22 04:00:00+00:00,41647.26081278047
2026-06-22 08:00:00+00:00,41109.27011134922
2026-06-22 12:00:00+00:00,41017.78892724923
2026-06-22 16:00:00+00:00,41017.78892724923
2026-06-22 20:00:00+00:00,41017.78892724923
2026-06-23 00:00:00+00:00,41172.78979919778
2026-06-23 04:00:00+00:00,42734.362060109015
2026-06-23 08:00:00+00:00,43015.197365687585
2026-06-23 12:00:00+00:00,43227.68979359639
2026-06-23 16:00:00+00:00,43216.42838156427
2026-06-23 20:00:00+00:00,42964.40247869569
2026-06-24 00:00:00+00:00,43473.98725359308
2026-06-24 04:00:00+00:00,43320.795038123935
2026-06-24 08:00:00+00:00,43185.526123290016
2026-06-24 12:00:00+00:00,44761.92343731117
2026-06-24 16:00:00+00:00,45232.355578384035
2026-06-24 20:00:00+00:00,44441.68607918847
2026-06-25 00:00:00+00:00,44665.977165711556
2026-06-25 04:00:00+00:00,43835.774191556215
2026-06-25 08:00:00+00:00,44482.43510522206
2026-06-25 12:00:00+00:00,45831.514938224485
2026-06-25 16:00:00+00:00,46341.732308120285
2026-06-25 20:00:00+00:00,45822.85544927319
2026-06-26 00:00:00+00:00,46016.444441584004
2026-06-26 04:00:00+00:00,45388.850526597525
2026-06-26 08:00:00+00:00,46716.88323169981
2026-06-26 12:00:00+00:00,45723.60467333539
2026-06-26 16:00:00+00:00,45510.71174839582
2026-06-26 20:00:00+00:00,45278.45258300712
2026-06-27 00:00:00+00:00,44797.10084067532
2026-06-27 04:00:00+00:00,44945.351371774486
2026-06-27 08:00:00+00:00,45270.2676132686
2026-06-27 12:00:00+00:00,44613.023592062294
2026-06-27 16:00:00+00:00,45489.17840377242
2026-06-27 20:00:00+00:00,45746.14599101098
2026-06-28 00:00:00+00:00,45506.156267284
2026-06-28 04:00:00+00:00,45649.46511401319
2026-06-28 08:00:00+00:00,45194.609001716824
2026-06-28 12:00:00+00:00,45466.4016420653
2026-06-28 16:00:00+00:00,45914.80711678597
2026-06-28 20:00:00+00:00,45514.530682818215
2026-06-29 00:00:00+00:00,44656.5365575603
2026-06-29 04:00:00+00:00,44602.178029490606
2026-06-29 08:00:00+00:00,44521.60613357716
2026-06-29 12:00:00+00:00,44447.480868027575
2026-06-29 16:00:00+00:00,44376.11355652488
2026-06-29 20:00:00+00:00,44376.11355652488
2026-06-30 00:00:00+00:00,44376.11355652488
2026-06-30 04:00:00+00:00,44376.11355652488
2026-06-30 08:00:00+00:00,44376.11355652488
2026-06-30 12:00:00+00:00,44376.11355652488
2026-06-30 16:00:00+00:00,44376.11355652488
2026-06-30 20:00:00+00:00,44376.11355652488
2026-07-01 00:00:00+00:00,44376.11355652488
2026-07-01 04:00:00+00:00,44376.11355652488
2026-07-01 08:00:00+00:00,44376.11355652488
2026-07-01 12:00:00+00:00,44376.11355652488
2026-07-01 16:00:00+00:00,44376.11355652488
2026-07-01 20:00:00+00:00,44376.11355652488
2026-07-02 00:00:00+00:00,44376.11355652488
2026-07-02 04:00:00+00:00,44376.11355652488
2026-07-02 08:00:00+00:00,44376.11355652488
2026-07-02 12:00:00+00:00,44376.11355652488
2026-07-02 16:00:00+00:00,44376.11355652488
2026-07-02 20:00:00+00:00,44376.11355652488
2026-07-03 00:00:00+00:00,44376.11355652488
2026-07-03 04:00:00+00:00,44376.11355652488
2026-07-03 08:00:00+00:00,44376.11355652488
2026-07-03 12:00:00+00:00,44376.11355652488
2026-07-03 16:00:00+00:00,44376.11355652488
2026-07-03 20:00:00+00:00,44376.11355652488
2026-07-04 00:00:00+00:00,44376.11355652488
2026-07-04 04:00:00+00:00,44376.11355652488
2026-07-04 08:00:00+00:00,44376.11355652488
2026-07-04 12:00:00+00:00,44376.11355652488
2026-07-04 16:00:00+00:00,44376.11355652488
2026-07-04 20:00:00+00:00,44376.11355652488
2026-07-05 00:00:00+00:00,44376.11355652488
2026-07-05 04:00:00+00:00,44376.11355652488
2026-07-05 08:00:00+00:00,44376.11355652488
2026-07-05 12:00:00+00:00,44376.11355652488
2026-07-05 16:00:00+00:00,44376.11355652488
2026-07-05 20:00:00+00:00,44376.11355652488
2026-07-06 00:00:00+00:00,44376.11355652488
2026-07-06 04:00:00+00:00,44376.11355652488
2026-07-06 08:00:00+00:00,44376.11355652488
2026-07-06 12:00:00+00:00,44376.11355652488
2026-07-06 16:00:00+00:00,44376.11355652488
2026-07-06 20:00:00+00:00,44376.11355652488
2026-07-07 00:00:00+00:00,44376.11355652488
2026-07-07 04:00:00+00:00,44376.11355652488
2026-07-07 08:00:00+00:00,44376.11355652488
2026-07-07 12:00:00+00:00,44376.11355652488
2026-07-07 16:00:00+00:00,44376.11355652488
2026-07-07 20:00:00+00:00,44902.30127550493
2026-07-08 00:00:00+00:00,45344.94373219778
2026-07-08 04:00:00+00:00,44530.48219241743
2026-07-08 08:00:00+00:00,45307.31869695131
2026-07-08 12:00:00+00:00,45711.701699219884
2026-07-08 16:00:00+00:00,45171.32130421711
2026-07-08 20:00:00+00:00,44971.97757070443
2026-07-09 00:00:00+00:00,42851.80523778867
2026-07-09 04:00:00+00:00,42068.90558466882
2026-07-09 08:00:00+00:00,42068.90558466882
2026-07-09 12:00:00+00:00,42068.90558466882
2026-07-09 16:00:00+00:00,42068.90558466882
2026-07-09 20:00:00+00:00,42068.90558466882
2026-07-10 00:00:00+00:00,42068.90558466882
2026-07-10 04:00:00+00:00,42068.90558466882
2026-07-10 08:00:00+00:00,42068.90558466882
2026-07-10 12:00:00+00:00,42068.90558466882
2026-07-10 16:00:00+00:00,42068.90558466882
2026-07-10 20:00:00+00:00,42068.90558466882
2026-07-11 00:00:00+00:00,42068.90558466882
2026-07-11 04:00:00+00:00,42068.90558466882
2026-07-11 08:00:00+00:00,42068.90558466882
2026-07-11 12:00:00+00:00,42068.90558466882
2026-07-11 16:00:00+00:00,42068.90558466882
2026-07-11 20:00:00+00:00,42068.90558466882
2026-07-12 00:00:00+00:00,42068.90558466882
2026-07-12 04:00:00+00:00,42068.90558466882
2026-07-12 08:00:00+00:00,42068.90558466882
2026-07-12 12:00:00+00:00,42068.90558466882
2026-07-12 16:00:00+00:00,42068.90558466882
2026-07-12 20:00:00+00:00,42068.90558466882
2026-07-13 00:00:00+00:00,42068.90558466882
2026-07-13 04:00:00+00:00,42068.90558466882
2026-07-13 08:00:00+00:00,42068.90558466882
2026-07-13 12:00:00+00:00,42068.90558466882
2026-07-13 16:00:00+00:00,42068.90558466882
2026-07-13 20:00:00+00:00,42068.90558466882
2026-07-14 00:00:00+00:00,42068.90558466882
2026-07-14 04:00:00+00:00,42068.90558466882
2026-07-14 08:00:00+00:00,42045.97129147381
2026-07-14 12:00:00+00:00,40568.319218596815
2026-07-14 16:00:00+00:00,41111.57522633717
2026-07-14 20:00:00+00:00,40611.15631347787
2026-07-15 00:00:00+00:00,41198.01139614113
2026-07-15 04:00:00+00:00,42576.523873074315
2026-07-15 08:00:00+00:00,42065.08688298781
2026-07-15 12:00:00+00:00,42362.50567081928
2026-07-15 16:00:00+00:00,42683.93715101506
2026-07-15 20:00:00+00:00,42367.634630622866
2026-07-16 00:00:00+00:00,43036.68295892362
2026-07-16 04:00:00+00:00,43159.42722056836
2026-07-16 08:00:00+00:00,42970.679615445646
2026-07-16 12:00:00+00:00,42380.562972922875
2026-07-16 16:00:00+00:00,41752.2572877904
2026-07-16 20:00:00+00:00,42115.76913958443
2026-07-17 00:00:00+00:00,41666.75930024845
2026-07-17 04:00:00+00:00,42436.27140209814
2026-07-17 08:00:00+00:00,41935.2621509013
2026-07-17 12:00:00+00:00,42322.37866839623
2026-07-17 16:00:00+00:00,41786.233342520456
2026-07-17 20:00:00+00:00,41361.34935990407
2026-07-18 00:00:00+00:00,41422.27725091794
2026-07-18 04:00:00+00:00,41336.866128545764
2026-07-18 08:00:00+00:00,41336.866128545764
2026-07-18 12:00:00+00:00,41336.866128545764
2026-07-18 16:00:00+00:00,41441.23442612019
2026-07-18 20:00:00+00:00,41361.67114994237
2026-07-19 00:00:00+00:00,41558.60774761381
2026-07-19 04:00:00+00:00,41399.48119525819
2026-07-19 08:00:00+00:00,41013.61093513866
2026-07-19 12:00:00+00:00,40718.75879400913
2026-07-19 16:00:00+00:00,41190.041133680694
2026-07-19 20:00:00+00:00,41016.874003176046
2026-07-20 00:00:00+00:00,41617.949510332954
2026-07-20 04:00:00+00:00,42095.329167399825
2026-07-20 08:00:00+00:00,41303.218918972285
2026-07-20 12:00:00+00:00,40189.333052482936
2026-07-20 16:00:00+00:00,40783.28648170917
2026-07-20 20:00:00+00:00,40399.51067896914
2026-07-21 00:00:00+00:00,40321.33222276767
2026-07-21 04:00:00+00:00,40321.33222276767
2026-07-21 08:00:00+00:00,40321.33222276767
2026-07-21 12:00:00+00:00,40321.33222276767
2026-07-21 16:00:00+00:00,40321.33222276767
2026-07-21 20:00:00+00:00,40321.33222276767
2026-07-22 00:00:00+00:00,40321.33222276767
2026-07-22 04:00:00+00:00,40321.33222276767
2026-07-22 08:00:00+00:00,40321.33222276767
2026-07-22 12:00:00+00:00,40321.33222276767
2026-07-22 16:00:00+00:00,40321.33222276767
2026-07-22 20:00:00+00:00,40321.33222276767
2026-07-23 00:00:00+00:00,40321.33222276767
2026-07-23 04:00:00+00:00,40321.33222276767
2026-07-23 08:00:00+00:00,40321.33222276767
2026-07-23 12:00:00+00:00,40946.36221186882
2026-07-23 16:00:00+00:00,40993.00938401534
2026-07-23 20:00:00+00:00,41190.09297667758
2026-07-24 00:00:00+00:00,41535.321826540756
2026-07-24 04:00:00+00:00,41058.65453265999
2026-07-24 08:00:00+00:00,41683.26173519649
2026-07-24 12:00:00+00:00,42237.8457982693
2026-07-24 16:00:00+00:00,42202.58492700526
2026-07-24 20:00:00+00:00,42587.585433601256
2026-07-25 00:00:00+00:00,42937.00344643084
2026-07-25 04:00:00+00:00,42785.753247410976
2026-07-25 08:00:00+00:00,42634.1268271794
2026-07-25 12:00:00+00:00,42629.54348781517
2026-07-25 16:00:00+00:00,42499.612929081704
2026-07-25 20:00:00+00:00,42815.86334521414
2026-07-26 00:00:00+00:00,42799.334578860886
2026-07-26 04:00:00+00:00,42689.33443411917
2026-07-26 08:00:00+00:00,42708.02441520788
2026-07-26 12:00:00+00:00,42730.94111202907
2026-07-26 16:00:00+00:00,42827.51155359956
2026-07-26 20:00:00+00:00,42474.594422553215
2026-07-27 00:00:00+00:00,42947.797209946104
2026-07-27 04:00:00+00:00,42989.04726422425
2026-07-27 08:00:00+00:00,43157.80856961912
2026-07-27 12:00:00+00:00,44312.810089407125
2026-07-27 16:00:00+00:00,44174.85736119284
2026-07-27 20:00:00+00:00,45293.19216606694
2026-07-28 00:00:00+00:00,45057.436524043784
2026-07-28 04:00:00+00:00,44929.10302184511
2026-07-28 08:00:00+00:00,45027.839767399426
2026-07-28 12:00:00+00:00,44216.58869992927
2026-07-28 16:00:00+00:00,44749.249434863
2026-07-28 20:00:00+00:00,44396.33230381666
2026-07-29 00:00:00+00:00,45182.94922772242
2026-07-29 04:00:00+00:00,44559.61507418603
2026-07-29 08:00:00+00:00,44730.10548212277
2026-07-29 12:00:00+00:00,44885.93902050688
2026-07-29 16:00:00+00:00,44889.51081687343
2026-07-29 20:00:00+00:00,44325.76007507214
2026-07-30 00:00:00+00:00,44325.38460676559
2026-07-30 04:00:00+00:00,44453.718108964254
2026-07-30 08:00:00+00:00,44731.71741237298
2026-07-30 12:00:00+00:00,44791.30082410808
2026-07-30 16:00:00+00:00,44788.64023777387
2026-07-30 20:00:00+00:00,45127.80735072749
2026-07-31 00:00:00+00:00,45045.14597137151
2026-07-31 04:00:00+00:00,45288.06295767613
2026-07-31 08:00:00+00:00,45790.66175832423
2026-07-31 12:00:00+00:00,45323.16114317194
2026-07-31 16:00:00+00:00,45277.00451942091
2026-07-31 20:00:00+00:00,44754.50383189776
2026-08-01 00:00:00+00:00,44762.035566054095
2026-08-01 04:00:00+00:00,44904.119086345476
2026-08-01 08:00:00+00:00,44708.81140742837
2026-08-01 12:00:00+00:00,44740.89478297804
2026-08-01 16:00:00+00:00,44629.89776192461
2026-08-01 20:00:00+00:00,44437.3975086266
2026-08-02 00:00:00+00:00,43636.55835420261
2026-08-02 04:00:00+00:00,43558.01825085703
2026-08-02 08:00:00+00:00,43558.01825085703
2026-08-02 12:00:00+00:00,43558.01825085703
2026-08-02 16:00:00+00:00,43558.01825085703
2026-08-02 20:00:00+00:00,43558.01825085703
2026-08-03 00:00:00+00:00,43558.01825085703
2026-08-03 04:00:00+00:00,43558.01825085703
2026-08-03 08:00:00+00:00,43558.01825085703
2026-08-03 12:00:00+00:00,43558.01825085703
2026-08-03 16:00:00+00:00,43558.01825085703
2026-08-03 20:00:00+00:00,43558.01825085703
2026-08-04 00:00:00+00:00,43558.01825085703
2026-08-04 04:00:00+00:00,43558.01825085703
2026-08-04 08:00:00+00:00,43558.01825085703
2026-08-04 12:00:00+00:00,43558.01825085703
2026-08-04 16:00:00+00:00,43558.01825085703
2026-08-04 20:00:00+00:00,43558.01825085703
2026-08-05 00:00:00+00:00,43558.01825085703
2026-08-05 04:00:00+00:00,43558.01825085703
2026-08-05 08:00:00+00:00,43558.01825085703
2026-08-05 12:00:00+00:00,43558.01825085703
2026-08-05 16:00:00+00:00,43558.01825085703
2026-08-05 20:00:00+00:00,43558.01825085703
2026-08-06 00:00:00+00:00,43558.01825085703
2026-08-06 04:00:00+00:00,43317.25926085806
2026-08-06 08:00:00+00:00,44443.05129998945
2026-08-06 12:00:00+00:00,43977.165169909014
2026-08-06 16:00:00+00:00,44016.89534713284
2026-08-06 20:00:00+00:00,44186.806759279825
2026-08-07 00:00:00+00:00,44404.5919996181
2026-08-07 04:00:00+00:00,44421.035039503295
2026-08-07 08:00:00+00:00,44236.58932946847
2026-08-07 12:00:00+00:00,44296.88047571418
2026-08-07 16:00:00+00:00,43761.088668680415
2026-08-07 20:00:00+00:00,43750.12664209028
2026-08-08 00:00:00+00:00,43907.46542268229
2026-08-08 04:00:00+00:00,43962.27555563293
2026-08-08 08:00:00+00:00,43479.43509920788
2026-08-08 12:00:00+00:00,43413.66293966712
2026-08-08 16:00:00+00:00,43949.23053505445
2026-08-08 20:00:00+00:00,44239.724239692834
2026-08-09 00:00:00+00:00,44344.57537025215
2026-08-09 04:00:00+00:00,44503.524755809005
2026-08-09 08:00:00+00:00,44624.13899712691
2026-08-09 12:00:00+00:00,44010.26550807974
2026-08-09 16:00:00+00:00,43890.64660046964
2026-08-09 20:00:00+00:00,44499.039076221736
2026-08-10 00:00:00+00:00,44125.10845429392
2026-08-10 04:00:00+00:00,43138.52606118241
2026-08-10 08:00:00+00:00,43290.90919281177
2026-08-10 12:00:00+00:00,43197.797738955225
2026-08-10 16:00:00+00:00,43197.797738955225
2026-08-10 20:00:00+00:00,43197.797738955225
2026-08-11 00:00:00+00:00,43197.797738955225
2026-08-11 04:00:00+00:00,43197.797738955225
2026-08-11 08:00:00+00:00,43197.797738955225
2026-08-11 12:00:00+00:00,43197.797738955225
2026-08-11 16:00:00+00:00,43197.797738955225
2026-08-11 20:00:00+00:00,41976.39141466479
2026-08-12 00:00:00+00:00,41894.58684086677
2026-08-12 04:00:00+00:00,41894.58684086677
2026-08-12 08:00:00+00:00,41894.58684086677
2026-08-12 12:00:00+00:00,41943.658476322555
2026-08-12 16:00:00+00:00,42770.375682039215
2026-08-12 20:00:00+00:00,44409.28955325826
2026-08-13 00:00:00+00:00,43618.28235986069
2026-08-13 04:00:00+00:00,43660.851551320935
2026-08-13 08:00:00+00:00,44121.75694906473
2026-08-13 12:00:00+00:00,44025.9762682792
2026-08-13 16:00:00+00:00,43803.67113657596
2026-08-13 20:00:00+00:00,43739.817349385616
2026-08-14 00:00:00+00:00,43931.25364187398
2026-08-14 04:00:00+00:00,43782.261471763166
2026-08-14 08:00:00+00:00,44244.22676085432
2026-08-14 12:00:00+00:00,43994.13276102544
2026-08-14 16:00:00+00:00,44021.136659326665
2026-08-14 20:00:00+00:00,44122.23848904473
2026-08-15 00:00:00+00:00,43714.053741353135
2026-08-15 04:00:00+00:00,44214.2417410109
2026-08-15 08:00:00+00:00,44268.02418637075
2026-08-15 12:00:00+00:00,44310.593377830985
2026-08-15 16:00:00+00:00,44428.21791859312
2026-08-15 20:00:00+00:00,45045.47119476653
2026-08-16 00:00:00+00:00,44977.86176077354
2026-08-16 04:00:00+00:00,44605.38133549649
2026-08-16 08:00:00+00:00,44496.540394311945
2026-08-16 12:00:00+00:00,43879.287118138534
2026-08-16 16:00:00+00:00,44186.57921207296
2026-08-16 20:00:00+00:00,44633.55572240543
2026-08-17 00:00:00+00:00,44088.45761255144
2026-08-17 04:00:00+00:00,43662.76569794909
2026-08-17 08:00:00+00:00,43974.34147321598
2026-08-17 12:00:00+00:00,43686.999430859396
2026-08-17 16:00:00+00:00,43592.91123301562
2026-08-17 20:00:00+00:00,43773.830296721615
2026-08-18 00:00:00+00:00,43697.2302651364
2026-08-18 04:00:00+00:00,43118.82619906632
2026-08-18 08:00:00+00:00,42827.563479487806
2026-08-18 12:00:00+00:00,42738.43267133501
2026-08-18 16:00:00+00:00,42738.43267133501
2026-08-18 20:00:00+00:00,42738.43267133501
2026-08-19 00:00:00+00:00,42738.43267133501
2026-08-19 04:00:00+00:00,42738.43267133501
2026-08-19 08:00:00+00:00,42738.43267133501
2026-08-19 12:00:00+00:00,42738.43267133501
2026-08-19 16:00:00+00:00,42738.43267133501
2026-08-19 20:00:00+00:00,42738.43267133501
2026-08-20 00:00:00+00:00,42738.43267133501
2026-08-20 04:00:00+00:00,42738.43267133501
2026-08-20 08:00:00+00:00,42738.43267133501
2026-08-20 12:00:00+00:00,42738.43267133501
2026-08-20 16:00:00+00:00,42738.43267133501
2026-08-20 20:00:00+00:00,42738.43267133501
2026-08-21 00:00:00+00:00,42738.43267133501
2026-08-21 04:00:00+00:00,42738.43267133501
2026-08-21 08:00:00+00:00,42738.43267133501
2026-08-21 12:00:00+00:00,42738.43267133501
2026-08-21 16:00:00+00:00,42738.43267133501
2026-08-21 20:00:00+00:00,42738.43267133501
2026-08-22 00:00:00+00:00,42738.43267133501
2026-08-22 04:00:00+00:00,42738.43267133501
2026-08-22 08:00:00+00:00,42738.43267133501
2026-08-22 12:00:00+00:00,42738.43267133501
2026-08-22 16:00:00+00:00,42738.43267133501
2026-08-22 20:00:00+00:00,42738.43267133501
2026-08-23 00:00:00+00:00,42738.43267133501
2026-08-23 04:00:00+00:00,42738.43267133501
2026-08-23 08:00:00+00:00,42738.43267133501
2026-08-23 12:00:00+00:00,42738.43267133501
2026-08-23 16:00:00+00:00,42738.43267133501
2026-08-23 20:00:00+00:00,42738.43267133501
2026-08-24 00:00:00+00:00,42738.43267133501
2026-08-24 04:00:00+00:00,42738.43267133501
2026-08-24 08:00:00+00:00,42738.43267133501
2026-08-24 12:00:00+00:00,42738.43267133501
2026-08-24 16:00:00+00:00,42738.43267133501
2026-08-24 20:00:00+00:00,42738.43267133501
2026-08-25 00:00:00+00:00,42738.43267133501
2026-08-25 04:00:00+00:00,42738.43267133501
2026-08-25 08:00:00+00:00,42738.43267133501
2026-08-25 12:00:00+00:00,42738.43267133501
2026-08-25 16:00:00+00:00,42738.43267133501
2026-08-25 20:00:00+00:00,43531.2972223358
2026-08-26 00:00:00+00:00,42999.77756342171
2026-08-26 04:00:00+00:00,43099.91890890705
2026-08-26 08:00:00+00:00,43608.956203549154
2026-08-26 12:00:00+00:00,45029.1425577048
2026-08-26 16:00:00+00:00,44876.572312752716
2026-08-26 20:00:00+00:00,43246.99950894592
2026-08-27 00:00:00+00:00,44088.76808601447
2026-08-27 04:00:00+00:00,43988.62674052913
2026-08-27 08:00:00+00:00,44415.71262436599
2026-08-27 12:00:00+00:00,43823.96831013447
2026-08-27 16:00:00+00:00,44031.66901237544
2026-08-27 20:00:00+00:00,43653.86302713531
2026-08-28 00:00:00+00:00,44509.44401495756
2026-08-28 04:00:00+00:00,44445.71770419417
2026-08-28 08:00:00+00:00,44492.65779897911
2026-08-28 12:00:00+00:00,45302.89232154226
2026-08-28 16:00:00+00:00,45700.31540120474
2026-08-28 20:00:00+00:00,45531.89586561576
2026-08-29 00:00:00+00:00,45754.380803256405
2026-08-29 04:00:00+00:00,45613.27254370888
2026-08-29 08:00:00+00:00,45909.930138074116
2026-08-29 12:00:00+00:00,45550.331670194966
2026-08-29 16:00:00+00:00,45533.884427572884
2026-08-29 20:00:00+00:00,45588.506979655795
2026-08-30 00:00:00+00:00,46135.67287801726
2026-08-30 04:00:00+00:00,46172.0879127392
2026-08-30 08:00:00+00:00,45510.143711642646
2026-08-30 12:00:00+00:00,45223.37531320737
2026-08-30 16:00:00+00:00,44795.111918907256
2026-08-30 20:00:00+00:00,47166.641055173575
2026-08-31 00:00:00+00:00,46601.48790967188
2026-08-31 04:00:00+00:00,46223.68192443176
2026-08-31 08:00:00+00:00,46359.61242122974
2026-08-31 12:00:00+00:00,45695.03803755435
2026-08-31 16:00:00+00:00,43508.35008422954
2026-08-31 20:00:00+00:00,43508.35008422954
2026-09-01 00:00:00+00:00,43508.35008422954
2026-09-01 04:00:00+00:00,43508.35008422954
2026-09-01 08:00:00+00:00,43508.35008422954
2026-09-01 12:00:00+00:00,43508.35008422954
2026-09-01 16:00:00+00:00,43508.35008422954
2026-09-01 20:00:00+00:00,43508.35008422954
2026-09-02 00:00:00+00:00,43508.35008422954
2026-09-02 04:00:00+00:00,43508.35008422954
2026-09-02 08:00:00+00:00,43508.35008422954
2026-09-02 12:00:00+00:00,43508.35008422954
2026-09-02 16:00:00+00:00,43508.35008422954
2026-09-02 20:00:00+00:00,43508.35008422954
2026-09-03 00:00:00+00:00,43508.35008422954
2026-09-03 04:00:00+00:00,43508.35008422954
2026-09-03 08:00:00+00:00,43508.35008422954
2026-09-03 12:00:00+00:00,43508.35008422954
2026-09-03 16:00:00+00:00,43508.35008422954
2026-09-03 20:00:00+00:00,43508.35008422954
2026-09-04 00:00:00+00:00,43508.35008422954
2026-09-04 04:00:00+00:00,43508.35008422954
2026-09-04 08:00:00+00:00,43508.35008422954
2026-09-04 12:00:00+00:00,43508.35008422954
2026-09-04 16:00:00+00:00,43508.35008422954
2026-09-04 20:00:00+00:00,43508.35008422954
2026-09-05 00:00:00+00:00,43508.35008422954
2026-09-05 04:00:00+00:00,43508.35008422954
2026-09-05 08:00:00+00:00,43508.35008422954
2026-09-05 12:00:00+00:00,43508.35008422954
2026-09-05 16:00:00+00:00,43508.35008422954
2026-09-05 20:00:00+00:00,43508.35008422954
2026-09-06 00:00:00+00:00,43508.35008422954
2026-09-06 04:00:00+00:00,43508.35008422954
2026-09-06 08:00:00+00:00,43508.35008422954
2026-09-06 12:00:00+00:00,43508.35008422954
2026-09-06 16:00:00+00:00,43508.35008422954
2026-09-06 20:00:00+00:00,43508.35008422954
2026-09-07 00:00:00+00:00,43508.35008422954
2026-09-07 04:00:00+00:00,43508.35008422954
2026-09-07 08:00:00+00:00,43508.35008422954
2026-09-07 12:00:00+00:00,43508.35008422954
2026-09-07 16:00:00+00:00,43508.35008422954
2026-09-07 20:00:00+00:00,43508.35008422954
2026-09-08 00:00:00+00:00,43508.35008422954
2026-09-08 04:00:00+00:00,43508.35008422954
2026-09-08 08:00:00+00:00,43508.35008422954
2026-09-08 12:00:00+00:00,43508.35008422954
2026-09-08 16:00:00+00:00,43508.35008422954
2026-09-08 20:00:00+00:00,43508.35008422954
2026-09-09 00:00:00+00:00,43508.35008422954
2026-09-09 04:00:00+00:00,43508.35008422954
2026-09-09 08:00:00+00:00,43508.35008422954
2026-09-09 12:00:00+00:00,43508.35008422954
2026-09-09 16:00:00+00:00,43508.35008422954
2026-09-09 20:00:00+00:00,43931.67245121706
2026-09-10 00:00:00+00:00,43599.63895845582
2026-09-10 04:00:00+00:00,43899.6016631414
2026-09-10 08:00:00+00:00,44292.519005674345
2026-09-10 12:00:00+00:00,43782.0055563537
2026-09-10 16:00:00+00:00,44472.7821699065
2026-09-10 20:00:00+00:00,46687.89137373847
2026-09-11 00:00:00+00:00,44893.67512325842
2026-09-11 04:00:00+00:00,45539.748641042745
2026-09-11 08:00:00+00:00,46616.840876595204
2026-09-11 12:00:00+00:00,45506.4020179034
2026-09-11 16:00:00+00:00,46206.35904344955
2026-09-11 20:00:00+00:00,46812.05296637234
2026-09-12 00:00:00+00:00,46350.07559117691
2026-09-12 04:00:00+00:00,45389.61808482789
2026-09-12 08:00:00+00:00,45655.834718384904
2026-09-12 12:00:00+00:00,45595.26532609263
2026-09-12 16:00:00+00:00,46862.71360561287
2026-09-12 20:00:00+00:00,46539.67684672071
2026-09-13 00:00:00+00:00,46200.54109754399
2026-09-13 04:00:00+00:00,46990.827454119455
2026-09-13 08:00:00+00:00,47162.83389547461
2026-09-13 12:00:00+00:00,47148.41261159549
2026-09-13 16:00:00+00:00,47354.298936172694
2026-09-13 20:00:00+00:00,48692.59408015451
2026-09-14 00:00:00+00:00,47046.158989727985
2026-09-14 04:00:00+00:00,47484.56601965306
2026-09-14 08:00:00+00:00,48137.66619416586
2026-09-14 12:00:00+00:00,47944.42099018573
2026-09-14 16:00:00+00:00,46598.497852308894
2026-09-14 20:00:00+00:00,48502.10732435199
2026-09-15 00:00:00+00:00,48695.39919589519
2026-09-15 04:00:00+00:00,48764.62135851493
2026-09-15 08:00:00+00:00,47481.2813727167
2026-09-15 12:00:00+00:00,44083.62689079736
2026-09-15 16:00:00+00:00,43411.30609437647
2026-09-15 20:00:00+00:00,43411.30609437647
2026-09-16 00:00:00+00:00,43411.30609437647
2026-09-16 04:00:00+00:00,43411.30609437647
2026-09-16 08:00:00+00:00,43411.30609437647
2026-09-16 12:00:00+00:00,43411.30609437647
2026-09-16 16:00:00+00:00,43411.30609437647
2026-09-16 20:00:00+00:00,43411.30609437647
2026-09-17 00:00:00+00:00,43411.30609437647
2026-09-17 04:00:00+00:00,43411.30609437647
2026-09-17 08:00:00+00:00,43411.30609437647
2026-09-17 12:00:00+00:00,43411.30609437647
2026-09-17 16:00:00+00:00,43411.30609437647
2026-09-17 20:00:00+00:00,43411.30609437647
2026-09-18 00:00:00+00:00,43411.30609437647
2026-09-18 04:00:00+00:00,43411.30609437647
2026-09-18 08:00:00+00:00,43411.30609437647
2026-09-18 12:00:00+00:00,43411.30609437647
2026-09-18 16:00:00+00:00,43411.30609437647
2026-09-18 20:00:00+00:00,43411.30609437647
2026-09-19 00:00:00+00:00,43411.30609437647
2026-09-19 04:00:00+00:00,43411.30609437647
2026-09-19 08:00:00+00:00,43411.30609437647
2026-09-19 12:00:00+00:00,43411.30609437647
2026-09-19 16:00:00+00:00,43411.30609437647
2026-09-19 20:00:00+00:00,43411.30609437647
2026-09-20 00:00:00+00:00,43411.30609437647
2026-09-20 04:00:00+00:00,43411.30609437647
2026-09-20 08:00:00+00:00,43411.30609437647
2026-09-20 12:00:00+00:00,43411.30609437647
2026-09-20 16:00:00+00:00,43411.30609437647
2026-09-20 20:00:00+00:00,43411.30609437647
2026-09-21 00:00:00+00:00,43411.30609437647
2026-09-21 04:00:00+00:00,43411.30609437647
2026-09-21 08:00:00+00:00,43411.30609437647
2026-09-21 12:00:00+00:00,43411.30609437647
2026-09-21 16:00:00+00:00,43411.30609437647
2026-09-21 20:00:00+00:00,43411.30609437647
2026-09-22 00:00:00+00:00,43411.30609437647
2026-09-22 04:00:00+00:00,43411.30609437647
2026-09-22 08:00:00+00:00,43411.30609437647
2026-09-22 12:00:00+00:00,43411.30609437647
2026-09-22 16:00:00+00:00,43411.30609437647
2026-09-22 20:00:00+00:00,43411.30609437647
2026-09-23 00:00:00+00:00,43411.30609437647
2026-09-23 04:00:00+00:00,43411.30609437647
2026-09-23 08:00:00+00:00,43411.30609437647
2026-09-23 12:00:00+00:00,43411.30609437647
2026-09-23 16:00:00+00:00,43411.30609437647
2026-09-23 20:00:00+00:00,43411.30609437647
2026-09-24 00:00:00+00:00,43411.30609437647
2026-09-24 04:00:00+00:00,43411.30609437647
2026-09-24 08:00:00+00:00,43411.30609437647
2026-09-24 12:00:00+00:00,43411.30609437647
2026-09-24 16:00:00+00:00,42488.653539817096
2026-09-24 20:00:00+00:00,43273.54339006547
